distance,total_force
2550,-2.30721
2549.98,-2.30219
2549.95,-2.29718
2549.92,-2.29217
2549.87,-2.28717
2549.8,-2.28218
2549.73,-2.2772
2549.65,-2.27223
2549.55,-2.26726
2549.45,-2.2623
2549.33,-2.25735
2549.21,-2.25241
2549.07,-2.24747
2548.92,-2.24254
2548.76,-2.23762
2548.59,-2.2327
2548.4,-2.22779
2548.21,-2.22288
2548.01,-2.21799
2547.79,-2.21309
2547.56,-2.20821
2547.33,-2.20333
2547.08,-2.19845
2546.82,-2.19358
2546.55,-2.18872
2546.27,-2.18386
2545.97,-2.17901
2545.67,-2.17416
2545.36,-2.16931
2545.03,-2.16447
2544.69,-2.15964
2544.35,-2.15481
2543.99,-2.14998
2543.62,-2.14516
2543.24,-2.14034
2542.85,-2.13552
2542.44,-2.13071
2542.03,-2.1259
2541.6,-2.12109
2541.17,-2.11629
2540.72,-2.11148
2540.26,-2.10669
2539.79,-2.10189
2539.31,-2.0971
2538.82,-2.0923
2538.32,-2.08751
2537.81,-2.08273
2537.28,-2.07794
2536.75,-2.07315
2536.2,-2.06837
2535.64,-2.06359
2535.07,-2.05881
2534.49,-2.05402
2533.9,-2.04924
2533.3,-2.04446
2532.69,-2.03968
2532.06,-2.0349
2531.43,-2.03012
2530.78,-2.02534
2530.12,-2.02056
2529.46,-2.01578
2528.78,-2.011
2528.08,-2.00622
2527.38,-2.00143
2526.67,-1.99665
2525.95,-1.99186
2525.21,-1.98707
2524.47,-1.98228
2523.71,-1.97749
2522.94,-1.97269
2522.16,-1.9679
2521.37,-1.9631
2520.57,-1.95829
2519.76,-1.95349
2518.93,-1.94868
2518.1,-1.94387
2517.25,-1.93905
2516.39,-1.93423
2515.52,-1.92941
2514.64,-1.92458
2513.75,-1.91975
2512.85,-1.91491
2511.94,-1.91007
2511.01,-1.90523
2510.08,-1.90038
2509.13,-1.89552
2508.17,-1.89066
2507.21,-1.88579
2506.23,-1.88092
2505.23,-1.87604
2504.23,-1.87115
2503.22,-1.86626
2502.19,-1.86136
2501.16,-1.85645
2500.11,-1.85154
2499.05,-1.84662
2497.98,-1.84169
2496.9,-1.83676
2495.81,-1.83181
2494.71,-1.82686
2493.59,-1.8219
2492.47,-1.81693
2491.33,-1.81195
2490.18,-1.80696
2489.02,-1.80196
2487.85,-1.79696
2486.67,-1.79194
2485.48,-1.78691
2484.27,-1.78188
2483.05,-1.77683
2481.83,-1.77177
2480.59,-1.7667
2479.34,-1.76162
2478.08,-1.75653
2476.81,-1.75142
2475.52,-1.74631
2474.23,-1.74118
2472.92,-1.73604
2471.61,-1.73088
2470.28,-1.72571
2468.94,-1.72053
2467.59,-1.71534
2466.22,-1.71013
2464.85,-1.70491
2463.46,-1.69967
2462.07,-1.69442
2460.66,-1.68915
2459.24,-1.68387
2457.81,-1.67857
2456.37,-1.67326
2454.92,-1.66793
2453.45,-1.66259
2451.97,-1.65722
2450.49,-1.65184
2448.99,-1.64645
2447.48,-1.64103
2445.96,-1.6356
2444.42,-1.63015
2442.88,-1.62468
2441.32,-1.61919
2439.76,-1.61369
2438.18,-1.60816
2436.59,-1.60261
2434.98,-1.59705
2433.37,-1.59146
2431.75,-1.58585
2430.11,-1.58022
2428.46,-1.57457
2426.8,-1.5689
2425.13,-1.56321
2423.45,-1.55749
2421.76,-1.55175
2420.05,-1.54599
2418.34,-1.5402
2416.61,-1.53439
2414.87,-1.52856
2413.12,-1.5227
2411.36,-1.51682
2409.58,-1.51091
2407.8,-1.50497
2406,-1.49901
2404.19,-1.49302
2402.37,-1.48701
2400.54,-1.48096
2398.7,-1.47489
2396.84,-1.4688
2394.98,-1.46267
2393.1,-1.45651
2391.21,-1.45033
2389.31,-1.44411
2387.39,-1.43787
2385.47,-1.43159
2383.53,-1.42528
2381.59,-1.41894
2379.63,-1.41257
2377.66,-1.40617
2375.67,-1.39973
2373.68,-1.39326
2371.67,-1.38676
2369.66,-1.38022
2367.63,-1.37365
2365.59,-1.36704
2363.53,-1.36039
2361.47,-1.35371
2359.39,-1.347
2357.31,-1.34024
2355.21,-1.33345
2353.09,-1.32662
2350.97,-1.31975
2348.84,-1.31284
2346.69,-1.30589
2344.53,-1.2989
2342.36,-1.29186
2340.18,-1.28479
2337.99,-1.27767
2335.78,-1.27052
2333.57,-1.26331
2331.34,-1.25607
2329.1,-1.24878
2326.84,-1.24144
2324.58,-1.23406
2322.3,-1.22663
2320.02,-1.21916
2317.72,-1.21163
2315.4,-1.20406
2313.08,-1.19644
2310.75,-1.18877
2308.4,-1.18105
2306.04,-1.17328
2303.67,-1.16546
2301.29,-1.15758
2298.89,-1.14965
2296.48,-1.14167
2294.06,-1.13364
2291.63,-1.12554
2289.19,-1.1174
2286.74,-1.10919
2284.27,-1.10093
2281.79,-1.09261
2279.3,-1.08423
2276.8,-1.07579
2274.29,-1.06729
2271.76,-1.05873
2269.22,-1.05011
2266.67,-1.04142
2264.11,-1.03267
2261.54,-1.02385
2258.95,-1.01497
2256.35,-1.00603
2253.74,-0.997011
2251.12,-0.987928
2248.48,-0.978776
2245.84,-0.969554
2243.18,-0.960261
2240.51,-0.950896
2237.83,-0.941458
2235.13,-0.931946
2232.42,-0.92236
2229.71,-0.912697
2226.97,-0.902958
2224.23,-0.89314
2221.48,-0.883244
2218.71,-0.873268
2215.93,-0.863211
2213.14,-0.853071
2210.33,-0.842848
2207.52,-0.832541
2204.69,-0.822149
2201.85,-0.81167
2199,-0.801103
2196.13,-0.790447
2193.25,-0.779701
2190.37,-0.768864
2187.46,-0.757934
2184.55,-0.74691
2181.62,-0.735792
2178.69,-0.724577
2175.74,-0.713264
2172.77,-0.701852
2169.8,-0.69034
2166.81,-0.678726
2163.81,-0.66701
2160.8,-0.655189
2157.78,-0.643262
2154.74,-0.631228
2151.69,-0.619085
2148.63,-0.606832
2145.56,-0.594467
2142.47,-0.58199
2139.38,-0.569397
2136.27,-0.556689
2133.14,-0.543862
2130.01,-0.530916
2126.86,-0.517849
2123.7,-0.50466
2120.53,-0.491345
2117.35,-0.477905
2114.15,-0.464337
2110.94,-0.450639
2107.72,-0.43681
2104.49,-0.422848
2101.24,-0.408752
2097.99,-0.394517
2094.72,-0.380145
2091.43,-0.365632
2088.14,-0.350976
2084.83,-0.336175
2081.51,-0.321229
2078.18,-0.306133
2074.83,-0.290887
2071.48,-0.275488
2068.11,-0.259934
2064.72,-0.244224
2061.33,-0.228354
2057.92,-0.212322
2054.5,-0.196127
2051.07,-0.179766
2047.63,-0.163237
2044.17,-0.146537
2040.7,-0.129664
2037.22,-0.112615
2033.73,-0.0953884
2030.22,-0.0779812
2026.7,-0.0603913
2023.17,-0.0426158
2019.63,-0.0246517
2016.07,-0.00649691
2012.5,0.0118516
2008.92,0.0303962
2005.33,0.0491402
2001.72,0.0680861
1998.1,0.0872369
1994.47,0.106596
1990.83,0.126165
1987.17,0.145949
1983.5,0.165949
1979.82,0.186169
1976.13,0.206613
1972.42,0.227283
1968.71,0.248182
1964.98,0.269315
1961.23,0.290684
1957.48,0.312293
1953.71,0.334144
1949.93,0.356243
1946.14,0.378592
1942.33,0.401195
1938.52,0.424056
1934.69,0.447179
1930.84,0.470567
1926.99,0.494224
1923.12,0.518154
1919.24,0.542361
1915.35,0.56685
1911.45,0.591624
1907.53,0.616688
1903.6,0.642046
1899.66,0.667702
1895.71,0.693661
1891.75,0.719927
1887.77,0.746504
1883.78,0.773398
1879.78,0.800614
1875.76,0.828155
1871.73,0.856027
1867.7,0.884235
1863.64,0.912782
1859.58,0.941677
1855.51,0.970921
1851.42,1.00052
1847.32,1.03049
1843.21,1.06082
1839.08,1.09152
1834.95,1.1226
1830.8,1.15407
1826.64,1.18592
1822.46,1.21817
1818.28,1.25082
1814.08,1.28388
1809.88,1.31736
1805.65,1.35125
1801.42,1.38557
1797.18,1.42033
1792.92,1.45552
1788.65,1.49116
1784.38,1.52725
1780.08,1.56381
1775.78,1.60083
1771.47,1.63833
1767.14,1.6763
1762.8,1.71477
1758.45,1.75373
1754.09,1.7932
1749.72,1.83318
1745.33,1.87368
1740.93,1.91471
1736.53,1.95627
1732.11,1.99838
1727.68,2.04104
1723.24,2.08426
1718.78,2.12805
1714.32,2.17242
1709.84,2.21738
1705.36,2.26293
1700.86,2.30909
1696.35,2.35587
1691.83,2.40327
1687.3,2.4513
1682.76,2.49998
1678.21,2.54931
1673.64,2.59931
1669.07,2.64998
1664.48,2.70134
1659.89,2.75339
1655.28,2.80614
1650.67,2.85962
1646.04,2.91382
1641.4,2.96876
1636.76,3.02445
1632.1,3.08091
1627.43,3.13813
1622.75,3.19614
1618.07,3.25495
1613.37,3.31457
1608.66,3.37502
1603.95,3.43629
1599.22,3.49842
1594.48,3.5614
1589.74,3.62526
1584.98,3.69
1580.22,3.75564
1575.44,3.8222
1570.66,3.88968
1565.87,3.95811
1561.07,4.02749
1556.26,4.09783
1551.44,4.16917
1546.62,4.24149
1541.78,4.31484
1536.94,4.3892
1532.09,4.46462
1527.23,4.54109
1522.36,4.61863
1517.49,4.69726
1512.61,4.77699
1507.72,4.85785
1502.82,4.93984
1497.92,5.02298
1493,5.10728
1488.09,5.19278
1483.16,5.27947
1478.23,5.36738
1473.29,5.45652
1468.35,5.54692
1463.4,5.63858
1458.44,5.73152
1453.48,5.82576
1448.51,5.92133
1443.54,6.01822
1438.56,6.11647
1433.58,6.21608
1428.59,6.31708
1423.6,6.41948
1418.6,6.5233
1413.6,6.62856
1408.59,6.73527
1403.59,6.84345
1398.57,6.95311
1393.56,7.06428
1388.54,7.17697
1383.52,7.29119
1378.5,7.40696
1373.47,7.5243
1368.45,7.64322
1363.42,7.76373
1358.39,7.88586
1353.36,8.00962
1348.32,8.13501
1343.29,8.26206
1338.26,8.39078
1333.23,8.52117
1328.19,8.65326
1323.16,8.78705
1318.13,8.92255
1313.1,9.05978
1308.08,9.19874
1303.05,9.33944
1298.03,9.48189
1293.01,9.6261
1288,9.77207
1282.99,9.9198
1277.98,10.0693
1272.97,10.2206
1267.98,10.3736
1262.98,10.5284
1258,10.685
1253.02,10.8434
1248.04,11.0035
1243.08,11.1654
1238.12,11.329
1233.17,11.4943
1228.22,11.6614
1223.29,11.8302
1218.37,12.0006
1213.45,12.1728
1208.55,12.3466
1203.66,12.522
1198.78,12.699
1193.91,12.8776
1189.06,13.0577
1184.22,13.2393
1179.4,13.4224
1174.58,13.6069
1169.79,13.7928
1165.01,13.98
1160.25,14.1685
1155.5,14.3581
1150.78,14.549
1146.07,14.7409
1141.38,14.9338
1136.71,15.1276
1132.06,15.3224
1127.44,15.5179
1122.83,15.7141
1118.25,15.9108
1113.7,16.1081
1109.17,16.3057
1104.66,16.5037
1100.18,16.7018
1095.73,16.8999
1091.31,17.0979
1086.91,17.2957
1082.55,17.4932
1078.22,17.6901
1073.91,17.8864
1069.64,18.0818
1065.41,18.2763
1061.21,18.4695
1057.04,18.6615
1052.91,18.8519
1048.82,19.0406
1044.76,19.2273
1040.74,19.4119
1036.77,19.5942
1032.84,19.774
1028.94,19.9509
1025.09,20.1249
1021.29,20.2955
1017.53,20.4627
1013.82,20.6262
1010.15,20.7856
1006.54,20.9408
1002.97,21.0915
999.451,21.2374
995.985,21.3783
992.573,21.5138
989.214,21.6438
985.91,21.7678
982.662,21.8857
979.471,21.9971
976.338,22.1018
973.264,22.1995
970.25,22.2899
967.298,22.3727
964.407,22.4477
961.581,22.5145
958.818,22.573
956.121,22.6228
953.491,22.6637
950.928,22.6954
948.434,22.7176
946.008,22.7303
943.654,22.733
941.371,22.7256
939.16,22.708
937.022,22.6798
934.958,22.641
932.97,22.5913
931.057,22.5306
929.221,22.4588
927.462,22.3757
925.781,22.2813
924.18,22.1755
922.658,22.0582
921.217,21.9294
919.857,21.789
918.578,21.637
917.381,21.4735
916.268,21.2985
915.238,21.1121
914.291,20.9143
913.429,20.7053
912.652,20.4852
911.959,20.2541
911.352,20.0122
910.831,19.7597
910.395,19.4968
910.046,19.2238
909.783,18.9408
909.606,18.6483
909.516,18.3464
909.513,18.0356
909.596,17.716
909.765,17.3881
910.021,17.0522
910.364,16.7087
910.792,16.358
911.307,16.0004
911.907,15.6365
912.592,15.2665
913.363,14.891
914.218,14.5103
915.158,14.1249
916.181,13.7352
917.288,13.3417
918.478,12.9448
919.75,12.545
921.104,12.1427
922.538,11.7384
924.054,11.3324
925.649,10.9252
927.323,10.5172
929.075,10.109
930.905,9.70073
932.812,9.29297
934.794,8.88606
936.852,8.48039
938.984,8.07633
941.189,7.67422
943.466,7.27443
945.815,6.87727
948.234,6.48307
950.723,6.09213
953.281,5.70475
955.906,5.32119
958.597,4.94171
961.354,4.56657
964.176,4.196
967.061,3.83021
970.008,3.4694
973.017,3.11376
976.086,2.76346
979.215,2.41866
982.401,2.07951
985.645,1.74614
988.944,1.41865
992.299,1.09716
995.707,0.781761
999.168,0.472522
1002.68,0.169512
1006.24,-0.127212
1009.86,-0.417609
1013.52,-0.701646
1017.23,-0.979298
1020.98,-1.25056
1024.78,-1.51541
1028.63,-1.77388
1032.52,-2.02597
1036.45,-2.2717
1040.42,-2.51111
1044.43,-2.74423
1048.49,-2.9711
1052.57,-3.19178
1056.7,-3.40631
1060.87,-3.61477
1065.06,-3.81721
1069.3,-4.0137
1073.57,-4.20433
1077.87,-4.38917
1082.2,-4.56829
1086.56,-4.74179
1090.95,-4.90975
1095.37,-5.07227
1099.82,-5.22943
1104.3,-5.38132
1108.8,-5.52805
1113.33,-5.66971
1117.88,-5.80639
1122.46,-5.9382
1127.06,-6.06524
1131.69,-6.1876
1136.33,-6.30538
1141,-6.4187
1145.69,-6.52763
1150.39,-6.63229
1155.12,-6.73278
1159.86,-6.82919
1164.62,-6.92161
1169.4,-7.01016
1174.2,-7.09492
1179.01,-7.17599
1183.83,-7.25347
1188.67,-7.32745
1193.52,-7.39801
1198.39,-7.46525
1203.27,-7.52927
1208.16,-7.59015
1213.06,-7.64797
1217.97,-7.70282
1222.89,-7.75478
1227.82,-7.80394
1232.77,-7.85038
1237.72,-7.89418
1242.67,-7.93541
1247.64,-7.97415
1252.61,-8.01047
1257.59,-8.04446
1262.58,-8.07617
1267.57,-8.10569
1272.57,-8.13307
1277.57,-8.15838
1282.58,-8.18169
1287.59,-8.20307
1292.61,-8.22256
1297.62,-8.24025
1302.65,-8.25618
1307.67,-8.2704
1312.7,-8.28299
1317.73,-8.29399
1322.76,-8.30345
1327.79,-8.31143
1332.82,-8.31797
1337.85,-8.32313
1342.88,-8.32696
1347.92,-8.32949
1352.95,-8.33078
1357.98,-8.33087
1363.01,-8.32981
1368.04,-8.32762
1373.07,-8.32436
1378.09,-8.32006
1383.11,-8.31476
1388.13,-8.30849
1393.15,-8.30131
1398.17,-8.29322
1403.18,-8.28428
1408.19,-8.27452
1413.19,-8.26396
1418.19,-8.25264
1423.19,-8.24058
1428.18,-8.22782
1433.17,-8.21438
1438.16,-8.20029
1443.13,-8.18558
1448.11,-8.17028
1453.08,-8.1544
1458.04,-8.13797
1463,-8.12102
1467.95,-8.10357
1472.89,-8.08563
1477.83,-8.06724
1482.76,-8.0484
1487.69,-8.02915
1492.61,-8.00949
1497.52,-7.98945
1502.42,-7.96906
1507.32,-7.94831
1512.21,-7.92723
1517.09,-7.90584
1521.97,-7.88416
1526.84,-7.86219
1531.7,-7.83995
1536.55,-7.81746
1541.39,-7.79473
1546.23,-7.77177
1551.05,-7.7486
1555.87,-7.72523
1560.68,-7.70166
1565.48,-7.67792
1570.27,-7.65402
1575.06,-7.62996
1579.83,-7.60575
1584.6,-7.58141
1589.35,-7.55694
1594.1,-7.53235
1598.84,-7.50766
1603.56,-7.48287
1608.28,-7.45799
1612.99,-7.43303
1617.69,-7.408
1622.37,-7.38289
1627.05,-7.35773
1631.72,-7.33252
1636.38,-7.30726
1641.03,-7.28197
1645.67,-7.25664
1650.29,-7.23128
1654.91,-7.20591
1659.52,-7.18052
1664.11,-7.15512
1668.7,-7.12972
1673.27,-7.10431
1677.84,-7.07892
1682.39,-7.05353
1686.93,-7.02816
1691.46,-7.00281
1695.98,-6.97748
1700.49,-6.95218
1704.99,-6.92691
1709.48,-6.90167
1713.96,-6.87648
1718.42,-6.85132
1722.88,-6.82621
1727.32,-6.80115
1731.75,-6.77614
1736.17,-6.75118
1740.58,-6.72628
1744.98,-6.70144
1749.36,-6.67666
1753.74,-6.65195
1758.1,-6.6273
1762.45,-6.60272
1766.79,-6.57822
1771.12,-6.55378
1775.43,-6.52942
1779.74,-6.50514
1784.03,-6.48093
1788.31,-6.4568
1792.58,-6.43276
1796.83,-6.4088
1801.08,-6.38492
1805.31,-6.36113
1809.53,-6.33743
1813.74,-6.31381
1817.94,-6.29029
1822.13,-6.26685
1826.3,-6.24351
1830.46,-6.22026
1834.61,-6.1971
1838.75,-6.17404
1842.87,-6.15107
1846.99,-6.1282
1851.09,-6.10542
1855.17,-6.08274
1859.25,-6.06016
1863.32,-6.03768
1867.37,-6.0153
1871.41,-5.99301
1875.44,-5.97083
1879.45,-5.94875
1883.45,-5.92676
1887.45,-5.90488
1891.42,-5.8831
1895.39,-5.86142
1899.34,-5.83984
1903.29,-5.81837
1907.22,-5.79699
1911.13,-5.77572
1915.04,-5.75455
1918.93,-5.73349
1922.81,-5.71252
1926.68,-5.69166
1930.53,-5.6709
1934.38,-5.65025
1938.21,-5.62969
1942.03,-5.60924
1945.83,-5.58889
1949.62,-5.56864
1953.41,-5.5485
1957.17,-5.52846
1960.93,-5.50852
1964.67,-5.48868
1968.41,-5.46894
1972.12,-5.4493
1975.83,-5.42977
1979.52,-5.41033
1983.21,-5.391
1986.88,-5.37177
1990.53,-5.35263
1994.18,-5.3336
1997.81,-5.31467
2001.43,-5.29583
2005.03,-5.2771
2008.63,-5.25846
2012.21,-5.23992
2015.78,-5.22148
2019.34,-5.20314
2022.88,-5.18489
2026.42,-5.16674
2029.93,-5.14869
2033.44,-5.13073
2036.94,-5.11287
2040.42,-5.09511
2043.89,-5.07744
2047.35,-5.05986
2050.79,-5.04238
2054.23,-5.02499
2057.65,-5.0077
2061.05,-4.9905
2064.45,-4.97339
2067.83,-4.95637
2071.2,-4.93945
2074.56,-4.92261
2077.91,-4.90587
2081.24,-4.88922
2084.56,-4.87265
2087.87,-4.85618
2091.17,-4.83979
2094.45,-4.8235
2097.72,-4.80729
2100.98,-4.79117
2104.23,-4.77513
2107.46,-4.75919
2110.68,-4.74333
2113.89,-4.72755
2117.09,-4.71186
2120.28,-4.69626
2123.45,-4.68074
2126.61,-4.6653
2129.76,-4.64994
2132.89,-4.63467
2136.02,-4.61949
2139.13,-4.60438
2142.22,-4.58936
2145.31,-4.57441
2148.38,-4.55955
2151.45,-4.54477
2154.5,-4.53006
2157.53,-4.51544
2160.56,-4.50089
2163.57,-4.48643
2166.57,-4.47204
2169.56,-4.45772
2172.53,-4.44349
2175.5,-4.42933
2178.45,-4.41524
2181.39,-4.40124
2184.31,-4.3873
2187.23,-4.37345
2190.13,-4.35966
2193.02,-4.34595
2195.9,-4.33231
2198.77,-4.31875
2201.62,-4.30526
2204.46,-4.29183
2207.29,-4.27848
2210.11,-4.26521
2212.91,-4.252
2215.7,-4.23886
2218.48,-4.22579
2221.25,-4.21279
2224.01,-4.19986
2226.75,-4.187
2229.48,-4.1742
2232.2,-4.16147
2234.91,-4.14881
2237.61,-4.13622
2240.29,-4.12369
2242.96,-4.11122
2245.62,-4.09883
2248.27,-4.08649
2250.91,-4.07422
2253.53,-4.06202
2256.14,-4.04988
2258.74,-4.0378
2261.33,-4.02578
2263.9,-4.01383
2266.47,-4.00194
2269.02,-3.99011
2271.56,-3.97834
2274.08,-3.96663
2276.6,-3.95498
2279.1,-3.94339
2281.59,-3.93186
2284.07,-3.92039
2286.54,-3.90898
2288.99,-3.89763
2291.44,-3.88633
2293.87,-3.8751
2296.29,-3.86391
2298.7,-3.85279
2301.09,-3.84172
2303.48,-3.83071
2305.85,-3.81975
2308.21,-3.80885
2310.56,-3.79801
2312.89,-3.78721
2315.22,-3.77648
2317.53,-3.76579
2319.83,-3.75516
2322.12,-3.74458
2324.4,-3.73406
2326.66,-3.72358
2328.92,-3.71316
2331.16,-3.70279
2333.39,-3.69247
2335.6,-3.68221
2337.81,-3.67199
2340.01,-3.66182
2342.19,-3.65171
2344.36,-3.64164
2346.52,-3.63162
2348.67,-3.62165
2350.8,-3.61173
2352.92,-3.60186
2355.04,-3.59203
2357.14,-3.58225
2359.23,-3.57252
2361.3,-3.56284
2363.37,-3.5532
2365.42,-3.54361
2367.46,-3.53407
2369.49,-3.52457
2371.51,-3.51511
2373.52,-3.5057
2375.51,-3.49634
2377.5,-3.48702
2379.47,-3.47774
2381.43,-3.46851
2383.38,-3.45932
2385.32,-3.45017
2387.24,-3.44107
2389.16,-3.43201
2391.06,-3.42299
2392.95,-3.41401
2394.83,-3.40508
2396.69,-3.39618
2398.55,-3.38733
2400.39,-3.37852
2402.23,-3.36975
2404.05,-3.36102
2405.86,-3.35232
2407.66,-3.34367
2409.44,-3.33506
2411.22,-3.32649
2412.98,-3.31795
2414.73,-3.30946
2416.47,-3.301
2418.2,-3.29258
2419.92,-3.2842
2421.62,-3.27585
2423.32,-3.26754
2425,-3.25927
2426.67,-3.25104
2428.33,-3.24284
2429.98,-3.23468
2431.62,-3.22656
2433.24,-3.21847
2434.86,-3.21041
2436.46,-3.20239
2438.05,-3.19441
2439.63,-3.18646
2441.2,-3.17854
2442.75,-3.17066
2444.3,-3.16282
2445.83,-3.155
2447.36,-3.14722
2448.87,-3.13947
2450.37,-3.13176
2451.86,-3.12408
2453.33,-3.11643
2454.8,-3.10881
2456.25,-3.10123
2457.7,-3.09368
2459.13,-3.08615
2460.55,-3.07866
2461.96,-3.07121
2463.35,-3.06378
2464.74,-3.05638
2466.12,-3.04901
2467.48,-3.04168
2468.83,-3.03437
2470.17,-3.02709
2471.5,-3.01984
2472.82,-3.01263
2474.13,-3.00544
2475.42,-2.99828
2476.71,-2.99114
2477.98,-2.98404
2479.24,-2.97697
2480.49,-2.96992
2481.73,-2.9629
2482.96,-2.95591
2484.18,-2.94894
2485.38,-2.94201
2486.57,-2.9351
2487.76,-2.92821
2488.93,-2.92136
2490.09,-2.91452
2491.24,-2.90772
2492.38,-2.90094
2493.5,-2.89419
2494.62,-2.88746
2495.72,-2.88076
2496.82,-2.87408
2497.9,-2.86743
2498.97,-2.86081
2500.03,-2.8542
2501.08,-2.84763
2502.11,-2.84107
2503.14,-2.83455
2504.15,-2.82804
2505.16,-2.82156
2506.15,-2.8151
2507.13,-2.80866
2508.1,-2.80225
2509.06,-2.79586
2510.01,-2.7895
2510.94,-2.78315
2511.87,-2.77683
2512.78,-2.77053
2513.68,-2.76425
2514.58,-2.758
2515.46,-2.75177
2516.33,-2.74555
2517.18,-2.73936
2518.03,-2.73319
2518.87,-2.72704
2519.69,-2.72091
2520.51,-2.71481
2521.31,-2.70872
2522.1,-2.70265
2522.88,-2.69661
2523.65,-2.69058
2524.41,-2.68457
2525.15,-2.67858
2525.89,-2.67261
2526.62,-2.66667
2527.33,-2.66073
2528.03,-2.65482
2528.72,-2.64893
2529.4,-2.64306
2530.07,-2.6372
2530.73,-2.63136
2531.38,-2.62554
2532.01,-2.61974
2532.64,-2.61396
2533.25,-2.60819
2533.86,-2.60244
2534.45,-2.59671
2535.03,-2.591
2535.6,-2.5853
2536.16,-2.57962
2536.7,-2.57395
2537.24,-2.56831
2537.77,-2.56267
2538.28,-2.55706
2538.78,-2.55146
2539.28,-2.54587
2539.76,-2.5403
2540.23,-2.53475
2540.69,-2.52921
2541.13,-2.52369
2541.57,-2.51818
2542,-2.51269
2542.41,-2.50721
2542.81,-2.50175
2543.21,-2.4963
2543.59,-2.49086
2543.96,-2.48544
2544.32,-2.48004
2544.67,-2.47464
2545.01,-2.46926
2545.33,-2.4639
2545.65,-2.45855
2545.95,-2.45321
2546.25,-2.44788
2546.53,-2.44256
2546.8,-2.43726
2547.06,-2.43197
2547.31,-2.4267
2547.55,-2.42143
2547.78,-2.41618
2547.99,-2.41094
2548.2,-2.40571
2548.39,-2.4005
2548.57,-2.39529
2548.75,-2.3901
2548.91,-2.38491
2549.06,-2.37974
2549.2,-2.37458
2549.33,-2.36943
2549.44,-2.36429
2549.55,-2.35916
2549.64,-2.35404
2549.73,-2.34893
2549.8,-2.34384
2549.86,-2.33875
2549.91,-2.33367
2549.95,-2.3286
2549.98,-2.32354
2550,-2.31849
2550.01,-2.31344
2550,-2.30841
2549.99,-2.30339
2549.96,-2.29837
2549.93,-2.29336
2549.88,-2.28836
2549.82,-2.28337
2549.75,-2.27839
2549.67,-2.27342
2549.57,-2.26845
2549.47,-2.26349
2549.36,-2.25854
2549.23,-2.25359
2549.1,-2.24865
2548.95,-2.24372
2548.79,-2.2388
2548.62,-2.23388
2548.44,-2.22897
2548.25,-2.22407
2548.05,-2.21917
2547.83,-2.21427
2547.61,-2.20939
2547.37,-2.20451
2547.13,-2.19963
2546.87,-2.19476
2546.6,-2.1899
2546.32,-2.18504
2546.03,-2.18018
2545.73,-2.17534
2545.42,-2.17049
2545.1,-2.16565
2544.76,-2.16081
2544.42,-2.15598
2544.06,-2.15115
2543.69,-2.14633
2543.31,-2.14151
2542.92,-2.13669
2542.52,-2.13188
2542.11,-2.12707
2541.69,-2.12226
2541.25,-2.11746
2540.81,-2.11266
2540.35,-2.10786
2539.88,-2.10307
2539.41,-2.09827
2538.92,-2.09348
2538.42,-2.08869
2537.91,-2.0839
2537.38,-2.07912
2536.85,-2.07433
2536.31,-2.06955
2535.75,-2.06477
2535.18,-2.05998
2534.61,-2.0552
2534.02,-2.05042
2533.42,-2.04564
2532.81,-2.04086
2532.18,-2.03608
2531.55,-2.03131
2530.91,-2.02653
2530.25,-2.02175
2529.59,-2.01697
2528.91,-2.01218
2528.22,-2.0074
2527.52,-2.00262
2526.81,-1.99783
2526.09,-1.99305
2525.35,-1.98826
2524.61,-1.98347
2523.86,-1.97868
2523.09,-1.97389
2522.31,-1.96909
2521.52,-1.96429
2520.72,-1.95949
2519.91,-1.95469
2519.09,-1.94988
2518.26,-1.94507
2517.41,-1.94025
2516.56,-1.93544
2515.69,-1.93061
2514.82,-1.92579
2513.93,-1.92096
2513.03,-1.91612
2512.12,-1.91128
2511.19,-1.90644
2510.26,-1.90159
2509.32,-1.89673
2508.36,-1.89187
2507.39,-1.88701
2506.42,-1.88214
2505.43,-1.87726
2504.43,-1.87238
2503.41,-1.86749
2502.39,-1.86259
2501.36,-1.85769
2500.31,-1.85277
2499.26,-1.84786
2498.19,-1.84293
2497.11,-1.838
2496.02,-1.83305
2494.92,-1.8281
2493.81,-1.82314
2492.68,-1.81818
2491.55,-1.8132
2490.4,-1.80822
2489.24,-1.80322
2488.08,-1.79822
2486.9,-1.7932
2485.71,-1.78818
2484.5,-1.78314
2483.29,-1.7781
2482.06,-1.77304
2480.83,-1.76798
2479.58,-1.7629
2478.32,-1.75781
2477.05,-1.75271
2475.77,-1.74759
2474.48,-1.74247
2473.17,-1.73733
2471.86,-1.73218
2470.53,-1.72701
2469.2,-1.72184
2467.85,-1.71665
2466.49,-1.71144
2465.11,-1.70622
2463.73,-1.70099
2462.34,-1.69574
2460.93,-1.69048
2459.51,-1.6852
2458.08,-1.67991
2456.65,-1.6746
2455.19,-1.66927
2453.73,-1.66393
2452.26,-1.65857
2450.77,-1.6532
2449.28,-1.64781
2447.77,-1.6424
2446.25,-1.63697
2444.72,-1.63152
2443.17,-1.62606
2441.62,-1.62057
2440.06,-1.61507
2438.48,-1.60955
2436.89,-1.60401
2435.29,-1.59845
2433.68,-1.59286
2432.06,-1.58726
2430.42,-1.58164
2428.78,-1.57599
2427.12,-1.57033
2425.45,-1.56464
2423.77,-1.55892
2422.08,-1.55319
2420.38,-1.54743
2418.67,-1.54165
2416.94,-1.53585
2415.2,-1.53002
2413.46,-1.52417
2411.7,-1.51829
2409.92,-1.51238
2408.14,-1.50646
2406.35,-1.5005
2404.54,-1.49452
2402.72,-1.48851
2400.89,-1.48247
2399.05,-1.47641
2397.2,-1.47032
2395.33,-1.4642
2393.46,-1.45805
2391.57,-1.45187
2389.67,-1.44566
2387.76,-1.43942
2385.84,-1.43315
2383.91,-1.42685
2381.96,-1.42052
2380,-1.41416
2378.03,-1.40776
2376.05,-1.40133
2374.06,-1.39487
2372.06,-1.38837
2370.04,-1.38184
2368.02,-1.37527
2365.98,-1.36867
2363.93,-1.36204
2361.86,-1.35536
2359.79,-1.34865
2357.7,-1.34191
2355.61,-1.33512
2353.5,-1.3283
2351.38,-1.32144
2349.25,-1.31454
2347.1,-1.30759
2344.95,-1.30061
2342.78,-1.29359
2340.6,-1.28653
2338.41,-1.27942
2336.2,-1.27227
2333.99,-1.26508
2331.76,-1.25784
2329.52,-1.25056
2327.27,-1.24323
2325.01,-1.23586
2322.74,-1.22844
2320.45,-1.22098
2318.16,-1.21347
2315.85,-1.20591
2313.52,-1.1983
2311.19,-1.19064
2308.85,-1.18293
2306.49,-1.17517
2304.12,-1.16736
2301.74,-1.15949
2299.35,-1.15157
2296.94,-1.1436
2294.53,-1.13558
2292.1,-1.1275
2289.66,-1.11936
2287.21,-1.11117
2284.74,-1.10292
2282.27,-1.09461
2279.78,-1.08625
2277.28,-1.07782
2274.77,-1.06933
2272.24,-1.06078
2269.71,-1.05217
2267.16,-1.0435
2264.6,-1.03476
2262.03,-1.02596
2259.44,-1.0171
2256.85,-1.00816
2254.24,-0.999162
2251.62,-0.990094
2248.99,-0.980957
2246.34,-0.971749
2243.69,-0.962471
2241.02,-0.953121
2238.34,-0.943698
2235.65,-0.934202
2232.94,-0.924631
2230.22,-0.914984
2227.5,-0.905261
2224.75,-0.89546
2222,-0.885581
2219.24,-0.875621
2216.46,-0.865581
2213.67,-0.855458
2210.87,-0.845253
2208.05,-0.834963
2205.23,-0.824589
2202.39,-0.814128
2199.54,-0.803579
2196.68,-0.792942
2193.8,-0.782214
2190.92,-0.771396
2188.02,-0.760485
2185.11,-0.749481
2182.18,-0.738382
2179.25,-0.727187
2176.3,-0.715894
2173.34,-0.704503
2170.37,-0.693011
2167.38,-0.681419
2164.39,-0.669723
2161.38,-0.657924
2158.35,-0.646019
2155.32,-0.634007
2152.28,-0.621887
2149.22,-0.609656
2146.15,-0.597315
2143.06,-0.58486
2139.97,-0.572291
2136.86,-0.559607
2133.74,-0.546804
2130.61,-0.533883
2127.46,-0.520841
2124.31,-0.507677
2121.14,-0.494388
2117.96,-0.480974
2114.76,-0.467432
2111.56,-0.453761
2108.34,-0.439959
2105.11,-0.426024
2101.86,-0.411954
2098.61,-0.397748
2095.34,-0.383404
2092.06,-0.368919
2088.77,-0.354293
2085.46,-0.339522
2082.14,-0.324605
2078.81,-0.309539
2075.47,-0.294324
2072.12,-0.278956
2068.75,-0.263433
2065.37,-0.247755
2061.98,-0.231917
2058.57,-0.215918
2055.15,-0.199756
2051.73,-0.183429
2048.28,-0.166934
2044.83,-0.150268
2041.36,-0.13343
2037.88,-0.116417
2034.39,-0.0992261
2030.89,-0.0818555
2027.37,-0.0643024
2023.84,-0.046564
2020.3,-0.0286383
2016.75,-0.0105221
2013.18,0.00778725
2009.6,0.0262926
2006.01,0.0449961
2002.41,0.0639013
1998.79,0.0830111
1995.16,0.102328
1991.52,0.121855
1987.87,0.141596
1984.2,0.161552
1980.53,0.181728
1976.83,0.202127
1973.13,0.222751
1969.42,0.243605
1965.69,0.26469
1961.95,0.286012
1958.19,0.307573
1954.43,0.329376
1950.65,0.351425
1946.86,0.373724
1943.06,0.396276
1939.24,0.419086
1935.42,0.442156
1931.58,0.465491
1927.73,0.489094
1923.86,0.512969
1919.98,0.537121
1916.1,0.561554
1912.19,0.586271
1908.28,0.611277
1904.35,0.636577
1900.42,0.662173
1896.46,0.688071
1892.5,0.714276
1888.53,0.740791
1884.54,0.767623
1880.54,0.794774
1876.53,0.82225
1872.5,0.850057
1868.47,0.878197
1864.42,0.906678
1860.36,0.935503
1856.28,0.964678
1852.2,0.994209
1848.1,1.0241
1843.99,1.05436
1839.87,1.08499
1835.73,1.11599
1831.59,1.14738
1827.43,1.17916
1823.26,1.21133
1819.08,1.2439
1814.88,1.27688
1810.68,1.31028
1806.46,1.34409
1802.23,1.37832
1797.99,1.41299
1793.73,1.4481
1789.47,1.48365
1785.19,1.51966
1780.9,1.55612
1776.6,1.59305
1772.29,1.63045
1767.96,1.66833
1763.63,1.7067
1759.28,1.74557
1754.92,1.78494
1750.55,1.82482
1746.17,1.86521
1741.77,1.90614
1737.37,1.9476
1732.95,1.9896
1728.52,2.03215
1724.08,2.07526
1719.63,2.11894
1715.17,2.16319
1710.7,2.20804
1706.21,2.25347
1701.72,2.29952
1697.21,2.34617
1692.69,2.39345
1688.16,2.44136
1683.62,2.48991
1679.07,2.53911
1674.51,2.58898
1669.94,2.63952
1665.36,2.69074
1660.76,2.74266
1656.16,2.79528
1651.55,2.84861
1646.92,2.90267
1642.29,2.95747
1637.64,3.01301
1632.99,3.06931
1628.32,3.12639
1623.65,3.18425
1618.96,3.24291
1614.26,3.30237
1609.56,3.36265
1604.84,3.42376
1600.12,3.48572
1595.38,3.54854
1590.64,3.61223
1585.89,3.6768
1581.13,3.74227
1576.35,3.80864
1571.57,3.87595
1566.78,3.94419
1561.98,4.01338
1557.18,4.08354
1552.36,4.15468
1547.54,4.22682
1542.7,4.29996
1537.86,4.37413
1533.01,4.44934
1528.16,4.52561
1523.29,4.60294
1518.42,4.68136
1513.54,4.76088
1508.65,4.84152
1503.75,4.92329
1498.85,5.00621
1493.94,5.09029
1489.02,5.17555
1484.1,5.26202
1479.17,5.34969
1474.23,5.4386
1469.29,5.52875
1464.34,5.62016
1459.38,5.71286
1454.42,5.80685
1449.46,5.90216
1444.48,5.9988
1439.51,6.09679
1434.53,6.19614
1429.54,6.29687
1424.55,6.399
1419.55,6.50255
1414.55,6.60753
1409.55,6.71396
1404.54,6.82186
1399.53,6.93124
1394.51,7.04212
1389.5,7.15451
1384.48,7.26844
1379.45,7.38392
1374.43,7.50095
1369.4,7.61957
1364.37,7.73978
1359.34,7.8616
1354.31,7.98505
1349.28,8.11013
1344.25,8.23687
1339.22,8.36526
1334.18,8.49534
1329.15,8.6271
1324.12,8.76057
1319.09,8.89575
1314.06,9.03265
1309.03,9.17128
1304.01,9.31165
1298.99,9.45377
1293.97,9.59764
1288.95,9.74328
1283.94,9.89068
1278.93,10.0398
1273.93,10.1908
1268.93,10.3435
1263.93,10.498
1258.94,10.6542
1253.96,10.8123
1248.99,10.972
1244.02,11.1336
1239.06,11.2969
1234.11,11.4619
1229.16,11.6286
1224.23,11.7971
1219.3,11.9673
1214.39,12.1391
1209.48,12.3126
1204.59,12.4877
1199.71,12.6644
1194.84,12.8427
1189.98,13.0226
1185.14,13.2039
1180.31,13.3867
1175.5,13.571
1170.7,13.7566
1165.92,13.9435
1161.15,14.1318
1156.4,14.3212
1151.67,14.5119
1146.96,14.7036
1142.27,14.8963
1137.6,15.09
1132.94,15.2846
1128.31,15.48
1123.71,15.6761
1119.12,15.8728
1114.56,16.0699
1110.03,16.2676
1105.52,16.4655
1101.03,16.6635
1096.58,16.8617
1092.15,17.0598
1087.75,17.2577
1083.38,17.4552
1079.04,17.6523
1074.73,17.8487
1070.45,18.0443
1066.21,18.239
1062,18.4325
1057.83,18.6247
1053.69,18.8155
1049.59,19.0045
1045.53,19.1917
1041.5,19.3768
1037.52,19.5596
1033.58,19.7398
1029.68,19.9173
1025.82,20.0919
1022.01,20.2633
1018.24,20.4312
1014.52,20.5954
1010.84,20.7556
1007.22,20.9117
1003.64,21.0633
1000.11,21.2102
996.639,21.3521
993.216,21.4887
989.847,21.6197
986.532,21.7449
983.273,21.864
980.071,21.9767
976.927,22.0828
973.842,22.1819
970.817,22.2737
967.852,22.358
964.95,22.4346
962.111,22.503
959.337,22.5631
956.627,22.6146
953.984,22.6573
951.408,22.6908
948.901,22.7149
946.462,22.7294
944.094,22.7341
941.797,22.7287
939.572,22.7131
937.42,22.687
935.343,22.6502
933.34,22.6026
931.412,22.5441
929.562,22.4745
927.788,22.3936
926.093,22.3014
924.476,22.1978
922.939,22.0827
921.482,21.9561
920.107,21.818
918.812,21.6683
917.6,21.507
916.471,21.3342
915.425,21.15
914.462,20.9544
913.584,20.7476
912.79,20.5296
912.082,20.3006
911.458,20.0608
910.921,19.8103
910.469,19.5494
910.103,19.2783
909.824,18.9973
909.631,18.7066
909.524,18.4065
909.504,18.0974
909.571,17.7795
909.724,17.4531
909.963,17.1188
910.289,16.7767
910.701,16.4274
911.2,16.0711
911.783,15.7083
912.453,15.3395
913.207,14.965
914.046,14.5853
914.97,14.2008
915.978,13.8119
917.069,13.4191
918.243,13.0229
919.499,12.6236
920.837,12.2217
922.257,11.8177
923.757,11.412
925.337,11.005
926.996,10.5972
928.733,10.189
930.549,9.78071
932.441,9.37283
934.409,8.96573
936.452,8.5598
938.57,8.1554
940.761,7.7529
943.025,7.35263
945.36,6.95495
947.766,6.56016
950.242,6.16857
952.787,5.78048
955.399,5.39616
958.078,5.01588
960.823,4.63989
963.632,4.26843
966.505,3.9017
969.441,3.53991
972.438,3.18326
975.496,2.83193
978.613,2.48606
981.788,2.14581
985.021,1.81131
988.31,1.48269
991.654,1.16003
995.053,0.843449
998.504,0.533016
1002.01,0.228801
1005.56,-0.0691395
1009.16,-0.360758
1012.82,-0.646024
1016.52,-0.92491
1020.26,-1.1974
1024.06,-1.4635
1027.89,-1.7232
1031.77,-1.97651
1035.7,-2.22347
1039.66,-2.4641
1043.67,-2.69843
1047.71,-2.92651
1051.79,-3.14838
1055.91,-3.3641
1060.07,-3.57372
1064.26,-3.77732
1068.49,-3.97496
1072.75,-4.16672
1077.04,-4.35268
1081.37,-4.5329
1085.73,-4.70748
1090.11,-4.87651
1094.53,-5.04008
1098.97,-5.19827
1103.44,-5.35117
1107.94,-5.4989
1112.47,-5.64153
1117.01,-5.77918
1121.59,-5.91193
1126.19,-6.03988
1130.8,-6.16314
1135.45,-6.28181
1140.11,-6.39599
1144.79,-6.50577
1149.5,-6.61125
1154.22,-6.71254
1158.96,-6.80974
1163.72,-6.90294
1168.49,-6.99223
1173.28,-7.07773
1178.09,-7.15951
1182.91,-7.23768
1187.75,-7.31233
1192.6,-7.38356
1197.46,-7.45145
1202.34,-7.51609
1207.22,-7.57757
1212.12,-7.63598
1217.03,-7.69141
1221.95,-7.74393
1226.88,-7.79364
1231.82,-7.84061
1236.77,-7.88492
1241.73,-7.92664
1246.69,-7.96587
1251.67,-8.00266
1256.64,-8.0371
1261.63,-8.06926
1266.62,-8.0992
1271.62,-8.127
1276.62,-8.15271
1281.63,-8.17641
1286.64,-8.19817
1291.65,-8.21803
1296.67,-8.23607
1301.69,-8.25234
1306.71,-8.2669
1311.74,-8.27981
1316.77,-8.29112
1321.8,-8.30088
1326.83,-8.30915
1331.86,-8.31598
1336.89,-8.32141
1341.93,-8.3255
1346.96,-8.32829
1351.99,-8.32983
1357.02,-8.33015
1362.05,-8.32931
1367.08,-8.32735
1372.11,-8.3243
1377.13,-8.32021
1382.16,-8.31511
1387.18,-8.30904
1392.2,-8.30203
1397.21,-8.29413
1402.23,-8.28536
1407.24,-8.27576
1412.24,-8.26536
1417.24,-8.25419
1422.24,-8.24228
1427.24,-8.22966
1432.22,-8.21636
1437.21,-8.2024
1442.19,-8.18782
1447.16,-8.17264
1452.13,-8.15688
1457.09,-8.14056
1462.05,-8.12371
1467,-8.10636
1471.95,-8.08853
1476.89,-8.07023
1481.82,-8.05148
1486.75,-8.03231
1491.67,-8.01274
1496.58,-7.99279
1501.49,-7.97246
1506.39,-7.95179
1511.28,-7.93078
1516.17,-7.90946
1521.04,-7.88783
1525.91,-7.86593
1530.77,-7.84375
1535.63,-7.82131
1540.47,-7.79863
1545.31,-7.77572
1550.14,-7.7526
1554.96,-7.72927
1559.77,-7.70575
1564.57,-7.68205
1569.36,-7.65818
1574.15,-7.63415
1578.92,-7.60998
1583.69,-7.58567
1588.45,-7.56123
1593.2,-7.53667
1597.94,-7.51201
1602.66,-7.48724
1607.38,-7.46238
1612.09,-7.43744
1616.79,-7.41243
1621.48,-7.38735
1626.16,-7.3622
1630.83,-7.337
1635.49,-7.31176
1640.14,-7.28648
1644.78,-7.26116
1649.41,-7.23581
1654.03,-7.21045
1658.64,-7.18507
1663.24,-7.15967
1667.83,-7.13427
1672.4,-7.10888
1676.97,-7.08348
1681.53,-7.0581
1686.07,-7.03273
1690.6,-7.00738
1695.13,-6.98205
1699.64,-6.95675
1704.14,-6.93148
1708.63,-6.90624
1713.11,-6.88104
1717.57,-6.85588
1722.03,-6.83077
1726.47,-6.8057
1730.91,-6.78069
1735.33,-6.75572
1739.74,-6.73082
1744.14,-6.70597
1748.53,-6.68118
1752.9,-6.65646
1757.27,-6.6318
1761.62,-6.60721
1765.96,-6.5827
1770.29,-6.55825
1774.61,-6.53388
1778.92,-6.50958
1783.21,-6.48537
1787.5,-6.46123
1791.77,-6.43717
1796.03,-6.4132
1800.27,-6.38931
1804.51,-6.36551
1808.73,-6.34179
1812.94,-6.31816
1817.14,-6.29462
1821.33,-6.27117
1825.51,-6.24782
1829.67,-6.22455
1833.82,-6.20138
1837.96,-6.1783
1842.09,-6.15532
1846.2,-6.13243
1850.31,-6.10964
1854.4,-6.08695
1858.48,-6.06435
1862.54,-6.04185
1866.6,-6.01945
1870.64,-5.99715
1874.67,-5.97495
1878.69,-5.95285
1882.69,-5.93085
1886.69,-5.90896
1890.67,-5.88716
1894.64,-5.86546
1898.59,-5.84387
1902.54,-5.82238
1906.47,-5.80098
1910.39,-5.7797
1914.3,-5.75851
1918.19,-5.73743
1922.07,-5.71645
1925.94,-5.69557
1929.8,-5.67479
1933.65,-5.65412
1937.48,-5.63355
1941.3,-5.61308
1945.11,-5.59271
1948.9,-5.57245
1952.69,-5.55229
1956.46,-5.53223
1960.22,-5.51227
1963.96,-5.49241
1967.7,-5.47266
1971.42,-5.453
1975.13,-5.43345
1978.82,-5.414
1982.51,-5.39465
1986.18,-5.3754
1989.84,-5.35625
1993.48,-5.3372
1997.12,-5.31825
2000.74,-5.2994
2004.35,-5.28064
2007.95,-5.26199
2011.53,-5.24344
2015.1,-5.22498
2018.66,-5.20662
2022.21,-5.18836
2025.74,-5.17019
2029.27,-5.15212
2032.78,-5.13415
2036.27,-5.11627
2039.76,-5.09849
2043.23,-5.0808
2046.69,-5.06321
2050.14,-5.04571
2053.57,-5.02831
2057,-5.011
2060.41,-4.99378
2063.8,-4.97666
2067.19,-4.95962
2070.56,-4.94268
2073.92,-4.92583
2077.27,-4.90908
2080.61,-4.89241
2083.93,-4.87583
2087.24,-4.85934
2090.54,-4.84294
2093.83,-4.82663
2097.1,-4.8104
2100.36,-4.79427
2103.61,-4.77822
2106.85,-4.76226
2110.07,-4.74638
2113.28,-4.73059
2116.48,-4.71489
2119.67,-4.69927
2122.85,-4.68373
2126.01,-4.66828
2129.16,-4.65291
2132.3,-4.63763
2135.42,-4.62242
2138.54,-4.6073
2141.64,-4.59226
2144.72,-4.57731
2147.8,-4.56243
2150.86,-4.54763
2153.92,-4.53291
2156.96,-4.51828
2159.98,-4.50372
2163,-4.48924
2166,-4.47483
2168.99,-4.46051
2171.97,-4.44626
2174.93,-4.43209
2177.89,-4.41799
2180.83,-4.40397
2183.76,-4.39002
2186.68,-4.37615
2189.58,-4.36235
2192.47,-4.34863
2195.35,-4.33498
2198.22,-4.3214
2201.08,-4.3079
2203.92,-4.29446
2206.75,-4.2811
2209.57,-4.26781
2212.38,-4.25459
2215.17,-4.24144
2217.96,-4.22836
2220.73,-4.21534
2223.49,-4.2024
2226.23,-4.18953
2228.97,-4.17672
2231.69,-4.16398
2234.4,-4.15131
2237.1,-4.1387
2239.78,-4.12616
2242.46,-4.11369
2245.12,-4.10128
2247.77,-4.08893
2250.41,-4.07665
2253.03,-4.06444
2255.64,-4.05228
2258.25,-4.04019
2260.84,-4.02817
2263.41,-4.0162
2265.98,-4.0043
2268.53,-3.99246
2271.07,-3.98068
2273.6,-3.96896
2276.12,-3.9573
2278.63,-3.9457
2281.12,-3.93416
2283.6,-3.92268
2286.07,-3.91126
2288.53,-3.8999
2290.97,-3.88859
2293.41,-3.87734
2295.83,-3.86615
2298.24,-3.85502
2300.64,-3.84394
2303.02,-3.83292
2305.4,-3.82195
2307.76,-3.81104
2310.11,-3.80018
2312.45,-3.78938
2314.78,-3.77864
2317.09,-3.76794
2319.39,-3.7573
2321.68,-3.74671
2323.96,-3.73618
2326.23,-3.7257
2328.49,-3.71527
2330.73,-3.70489
2332.96,-3.69456
2335.18,-3.68429
2337.39,-3.67406
2339.59,-3.66388
2341.77,-3.65376
2343.95,-3.64368
2346.11,-3.63365
2348.26,-3.62368
2350.39,-3.61375
2352.52,-3.60387
2354.64,-3.59403
2356.74,-3.58425
2358.83,-3.57451
2360.91,-3.56482
2362.98,-3.55517
2365.03,-3.54557
2367.08,-3.53602
2369.11,-3.52651
2371.13,-3.51705
2373.14,-3.50763
2375.14,-3.49826
2377.12,-3.48893
2379.1,-3.47964
2381.06,-3.4704
2383.01,-3.46121
2384.95,-3.45205
2386.88,-3.44294
2388.79,-3.43387
2390.7,-3.42485
2392.59,-3.41586
2394.47,-3.40692
2396.34,-3.39802
2398.2,-3.38916
2400.04,-3.38034
2401.88,-3.37156
2403.7,-3.36282
2405.51,-3.35413
2407.31,-3.34547
2409.1,-3.33685
2410.88,-3.32827
2412.65,-3.31973
2414.4,-3.31122
2416.14,-3.30276
2417.87,-3.29433
2419.59,-3.28594
2421.3,-3.27759
2423,-3.26928
2424.68,-3.261
2426.36,-3.25276
2428.02,-3.24456
2429.67,-3.23639
2431.31,-3.22826
2432.93,-3.22016
2434.55,-3.2121
2436.16,-3.20408
2437.75,-3.19609
2439.33,-3.18813
2440.9,-3.18021
2442.46,-3.17232
2444.01,-3.16447
2445.54,-3.15665
2447.07,-3.14887
2448.58,-3.14111
2450.08,-3.13339
2451.57,-3.12571
2453.05,-3.11805
2454.52,-3.11043
2455.98,-3.10284
2457.42,-3.09528
2458.86,-3.08775
2460.28,-3.08026
2461.69,-3.07279
2463.09,-3.06536
2464.48,-3.05796
2465.85,-3.05058
2467.22,-3.04324
2468.57,-3.03593
2469.92,-3.02865
2471.25,-3.0214
2472.57,-3.01417
2473.88,-3.00698
2475.18,-2.99981
2476.46,-2.99267
2477.74,-2.98557
2479,-2.97849
2480.25,-2.97143
2481.5,-2.96441
2482.73,-2.95741
2483.94,-2.95045
2485.15,-2.9435
2486.35,-2.93659
2487.53,-2.9297
2488.71,-2.92284
2489.87,-2.91601
2491.02,-2.9092
2492.16,-2.90241
2493.29,-2.89566
2494.41,-2.88893
2495.51,-2.88222
2496.61,-2.87554
2497.69,-2.86888
2498.77,-2.86225
2499.83,-2.85565
2500.88,-2.84906
2501.92,-2.84251
2502.94,-2.83597
2503.96,-2.82946
2504.97,-2.82298
2505.96,-2.81652
2506.94,-2.81008
2507.92,-2.80366
2508.88,-2.79727
2509.83,-2.7909
2510.76,-2.78455
2511.69,-2.77823
2512.61,-2.77192
2513.51,-2.76564
2514.41,-2.75938
2515.29,-2.75314
2516.16,-2.74693
2517.02,-2.74073
2517.87,-2.73456
2518.71,-2.72841
2519.54,-2.72228
2520.35,-2.71617
2521.16,-2.71007
2521.95,-2.704
2522.73,-2.69795
2523.5,-2.69192
2524.26,-2.68591
2525.01,-2.67992
2525.75,-2.67395
2526.48,-2.668
2527.19,-2.66206
2527.9,-2.65615
2528.59,-2.65025
2529.27,-2.64438
2529.95,-2.63852
2530.61,-2.63268
2531.26,-2.62686
2531.89,-2.62105
2532.52,-2.61526
2533.14,-2.60949
2533.74,-2.60374
2534.34,-2.59801
2534.92,-2.59229
2535.49,-2.58659
2536.05,-2.58091
2536.6,-2.57524
2537.14,-2.56959
2537.67,-2.56395
2538.18,-2.55834
2538.69,-2.55273
2539.18,-2.54715
2539.67,-2.54158
2540.14,-2.53602
2540.6,-2.53048
2541.05,-2.52495
2541.49,-2.51944
2541.92,-2.51395
2542.33,-2.50847
2542.74,-2.503
2543.13,-2.49755
2543.52,-2.49211
2543.89,-2.48669
2544.25,-2.48128
2544.6,-2.47589
2544.94,-2.47051
2545.27,-2.46514
2545.59,-2.45978
2545.89,-2.45444
2546.19,-2.44911
2546.47,-2.4438
2546.75,-2.43849
2547.01,-2.4332
2547.26,-2.42792
2547.5,-2.42266
2547.73,-2.4174
2547.95,-2.41216
2548.16,-2.40693
2548.35,-2.40171
2548.54,-2.39651
2548.71,-2.39131
2548.88,-2.38613
2549.03,-2.38095
2549.17,-2.37579
2549.3,-2.37064
2549.42,-2.3655
2549.53,-2.36037
2549.63,-2.35525
2549.71,-2.35014
2549.79,-2.34504
2549.85,-2.33995
2549.9,-2.33486
2549.95,-2.32979
2549.98,-2.32473
2550,-2.31968
2550.01,-2.31464
2550.01,-2.3096
2549.99,-2.30458
2549.97,-2.29956
2549.93,-2.29455
2549.89,-2.28955
2549.83,-2.28456
2549.76,-2.27957
2549.68,-2.2746
2549.59,-2.26963
2549.49,-2.26467
2549.38,-2.25972
2549.26,-2.25477
2549.12,-2.24983
2548.98,-2.2449
2548.82,-2.23998
2548.65,-2.23506
2548.48,-2.23015
2548.29,-2.22524
2548.09,-2.22034
2547.88,-2.21545
2547.65,-2.21056
2547.42,-2.20568
2547.18,-2.2008
2546.92,-2.19593
2546.65,-2.19107
2546.38,-2.18621
2546.09,-2.18136
2545.79,-2.1765
2545.48,-2.17166
2545.16,-2.16682
2544.83,-2.16198
2544.48,-2.15715
2544.13,-2.15232
2543.76,-2.1475
2543.39,-2.14268
2543,-2.13786
2542.6,-2.13305
2542.19,-2.12824
2541.77,-2.12343
2541.34,-2.11863
2540.89,-2.11383
2540.44,-2.10903
2539.97,-2.10423
2539.5,-2.09944
2539.01,-2.09465
2538.51,-2.08986
2538,-2.08507
2537.48,-2.08029
2536.95,-2.0755
2536.41,-2.07072
2535.86,-2.06594
2535.29,-2.06115
2534.72,-2.05637
2534.13,-2.05159
2533.53,-2.04682
2532.92,-2.04204
2532.3,-2.03726
2531.67,-2.03248
2531.03,-2.0277
2530.38,-2.02292
2529.71,-2.01814
2529.04,-2.01336
2528.35,-2.00858
2527.65,-2.0038
2526.95,-1.99901
2526.23,-1.99423
2525.5,-1.98944
2524.75,-1.98465
2524,-1.97986
2523.24,-1.97507
2522.46,-1.97028
2521.67,-1.96548
2520.88,-1.96068
2520.07,-1.95587
2519.25,-1.95107
2518.42,-1.94626
2517.58,-1.94145
2516.72,-1.93663
2515.86,-1.93181
2514.98,-1.92698
2514.1,-1.92215
2513.2,-1.91732
2512.29,-1.91248
2511.37,-1.90764
2510.44,-1.90279
2509.5,-1.89794
2508.54,-1.89308
2507.58,-1.88822
2506.6,-1.88335
2505.62,-1.87847
2504.62,-1.87359
2503.61,-1.8687
2502.59,-1.86381
2501.56,-1.8589
2500.51,-1.854
2499.46,-1.84908
2498.39,-1.84416
2497.32,-1.83922
2496.23,-1.83428
2495.13,-1.82934
2494.02,-1.82438
2492.9,-1.81941
2491.77,-1.81444
2490.62,-1.80946
2489.47,-1.80447
2488.3,-1.79946
2487.12,-1.79445
2485.93,-1.78943
2484.73,-1.7844
2483.52,-1.77936
2482.3,-1.7743
2481.06,-1.76924
2479.82,-1.76416
2478.56,-1.75908
2477.3,-1.75398
2476.02,-1.74887
2474.73,-1.74375
2473.42,-1.73861
2472.11,-1.73346
2470.79,-1.7283
2469.45,-1.72313
2468.1,-1.71794
2466.75,-1.71274
2465.38,-1.70753
2464,-1.7023
2462.6,-1.69705
2461.2,-1.69179
2459.78,-1.68652
2458.36,-1.68123
2456.92,-1.67592
2455.47,-1.6706
2454.01,-1.66526
2452.54,-1.65991
2451.06,-1.65454
2449.56,-1.64915
2448.06,-1.64374
2446.54,-1.63832
2445.01,-1.63288
2443.47,-1.62742
2441.92,-1.62194
2440.35,-1.61644
2438.78,-1.61092
2437.19,-1.60539
2435.6,-1.59983
2433.99,-1.59425
2432.37,-1.58865
2430.74,-1.58304
2429.09,-1.5774
2427.44,-1.57173
2425.77,-1.56605
2424.1,-1.56034
2422.41,-1.55461
2420.71,-1.54886
2418.99,-1.54309
2417.27,-1.53729
2415.54,-1.53146
2413.79,-1.52562
2412.03,-1.51974
2410.26,-1.51385
2408.48,-1.50792
2406.69,-1.50197
2404.88,-1.496
2403.07,-1.48999
2401.24,-1.48396
2399.4,-1.47791
2397.55,-1.47182
2395.69,-1.46571
2393.82,-1.45956
2391.93,-1.45339
2390.03,-1.44719
2388.12,-1.44096
2386.21,-1.4347
2384.27,-1.4284
2382.33,-1.42208
2380.38,-1.41572
2378.41,-1.40933
2376.43,-1.40291
2374.44,-1.39645
2372.44,-1.38996
2370.43,-1.38344
2368.4,-1.37688
2366.36,-1.37029
2364.32,-1.36366
2362.26,-1.357
2360.19,-1.35029
2358.1,-1.34355
2356.01,-1.33678
2353.9,-1.32996
2351.78,-1.32311
2349.65,-1.31622
2347.51,-1.30928
2345.36,-1.30231
2343.19,-1.2953
2341.01,-1.28824
2338.82,-1.28115
2336.62,-1.27401
2334.41,-1.26682
2332.19,-1.2596
2329.95,-1.25232
2327.7,-1.24501
2325.44,-1.23765
2323.17,-1.23024
2320.89,-1.22278
2318.59,-1.21528
2316.29,-1.20773
2313.97,-1.20013
2311.64,-1.19248
2309.29,-1.18478
2306.94,-1.17703
2304.57,-1.16923
2302.19,-1.16138
2299.8,-1.15347
2297.4,-1.14551
2294.99,-1.1375
2292.56,-1.12943
2290.12,-1.12131
2287.67,-1.11313
2285.21,-1.10489
2282.74,-1.09659
2280.25,-1.08824
2277.75,-1.07983
2275.24,-1.07135
2272.72,-1.06282
2270.19,-1.05422
2267.64,-1.04556
2265.09,-1.03684
2262.52,-1.02805
2259.93,-1.01919
2257.34,-1.01028
2254.74,-1.00129
2252.12,-0.992235
2249.49,-0.983112
2246.85,-0.973919
2244.19,-0.964656
2241.53,-0.955321
2238.85,-0.945914
2236.16,-0.936433
2233.46,-0.926877
2230.74,-0.917246
2228.02,-0.907539
2225.28,-0.897754
2222.53,-0.88789
2219.76,-0.877947
2216.99,-0.867924
2214.2,-0.857818
2211.4,-0.84763
2208.59,-0.837358
2205.77,-0.827001
2202.93,-0.816558
2200.08,-0.806027
2197.22,-0.795408
2194.35,-0.784699
2191.47,-0.7739
2188.57,-0.763008
2185.66,-0.752023
2182.74,-0.740943
2179.81,-0.729768
2176.86,-0.718495
2173.9,-0.707124
2170.93,-0.695654
2167.95,-0.684082
2164.96,-0.672408
2161.95,-0.660629
2158.93,-0.648746
2155.9,-0.636756
2152.86,-0.624658
2149.8,-0.61245
2146.73,-0.600131
2143.65,-0.5877
2140.56,-0.575155
2137.45,-0.562493
2134.34,-0.549715
2131.21,-0.536818
2128.06,-0.523801
2124.91,-0.510661
2121.74,-0.497398
2118.56,-0.484009
2115.37,-0.470493
2112.17,-0.456848
2108.95,-0.443073
2105.72,-0.429165
2102.48,-0.415123
2099.23,-0.400945
2095.96,-0.386628
2092.68,-0.372172
2089.39,-0.357574
2086.09,-0.342833
2082.78,-0.327945
2079.45,-0.31291
2076.11,-0.297725
2072.75,-0.282388
2069.39,-0.266897
2066.01,-0.251249
2062.62,-0.235444
2059.22,-0.219478
2055.81,-0.203349
2052.38,-0.187055
2048.94,-0.170594
2045.49,-0.153962
2042.02,-0.137159
2038.55,-0.120181
2035.06,-0.103026
2031.56,-0.0856923
2028.04,-0.0681761
2024.51,-0.050475
2020.98,-0.0325869
2017.42,-0.0145089
2013.86,0.00376165
2010.28,0.0222276
2006.7,0.0408917
2003.09,0.0597567
1999.48,0.0788254
1995.85,0.0981007
1992.22,0.117586
1988.56,0.137283
1984.9,0.157196
1981.23,0.177328
1977.54,0.197683
1973.84,0.218262
1970.12,0.239069
1966.4,0.260108
1962.66,0.281383
1958.91,0.302896
1955.15,0.324651
1951.37,0.346651
1947.58,0.3689
1943.78,0.391401
1939.97,0.41416
1936.15,0.437178
1932.31,0.46046
1928.46,0.48401
1924.6,0.507831
1920.72,0.531928
1916.84,0.556305
1912.94,0.580966
1909.03,0.605915
1905.1,0.631156
1901.17,0.656693
1897.22,0.682532
1893.26,0.708676
1889.28,0.735129
1885.3,0.761898
1881.3,0.788986
1877.29,0.816398
1873.27,0.844138
1869.23,0.872213
1865.19,0.900626
1861.13,0.929383
1857.06,0.958489
1852.98,0.98795
1848.88,1.01777
1844.77,1.04795
1840.65,1.07851
1836.52,1.10944
1832.38,1.14075
1828.22,1.17246
1824.05,1.20455
1819.87,1.23704
1815.68,1.26994
1811.48,1.30325
1807.26,1.33698
1803.04,1.37113
1798.8,1.40572
1794.54,1.44074
1790.28,1.4762
1786.01,1.51212
1781.72,1.54849
1777.42,1.58533
1773.11,1.62264
1768.79,1.66043
1764.45,1.6987
1760.11,1.73747
1755.75,1.77674
1751.38,1.81652
1747,1.85681
1742.61,1.89763
1738.21,1.93899
1733.79,1.98088
1729.37,2.02332
1724.93,2.06633
1720.48,2.10989
1716.02,2.15404
1711.55,2.19877
1707.07,2.24409
1702.57,2.29001
1698.07,2.33654
1693.55,2.3837
1689.03,2.43149
1684.49,2.47991
1679.94,2.52899
1675.38,2.57873
1670.81,2.62913
1666.23,2.68022
1661.64,2.732
1657.04,2.78448
1652.43,2.83768
1647.8,2.8916
1643.17,2.94625
1638.53,3.00165
1633.87,3.05781
1629.21,3.11473
1624.54,3.17244
1619.85,3.23094
1615.16,3.29024
1610.45,3.35037
1605.74,3.41132
1601.02,3.47311
1596.29,3.53576
1591.54,3.59928
1586.79,3.66368
1582.03,3.72897
1577.26,3.79518
1572.48,3.8623
1567.7,3.93036
1562.9,3.99937
1558.09,4.06934
1553.28,4.14029
1548.46,4.21223
1543.62,4.28518
1538.78,4.35915
1533.94,4.43416
1529.08,4.51022
1524.22,4.58735
1519.35,4.66556
1514.47,4.74487
1509.58,4.82529
1504.68,4.90684
1499.78,4.98954
1494.87,5.0734
1489.96,5.15843
1485.04,5.24466
1480.11,5.3321
1475.17,5.42077
1470.23,5.51068
1465.28,5.60185
1460.33,5.6943
1455.37,5.78805
1450.4,5.8831
1445.43,5.97949
1440.45,6.07721
1435.47,6.1763
1430.49,6.27677
1425.5,6.37863
1420.5,6.48191
1415.5,6.58662
1410.5,6.69277
1405.49,6.80038
1400.48,6.90948
1395.47,7.02007
1390.45,7.13218
1385.43,7.24581
1380.41,7.36099
1375.38,7.47773
1370.36,7.59604
1365.33,7.71595
1360.3,7.83746
1355.27,7.9606
1350.24,8.08537
1345.21,8.21178
1340.17,8.33987
1335.14,8.46962
1330.11,8.60106
1325.08,8.73421
1320.05,8.86906
1315.02,9.00563
1309.99,9.14393
1304.96,9.28397
1299.94,9.42576
1294.92,9.5693
1289.91,9.7146
1284.89,9.86166
1279.88,10.0105
1274.88,10.1611
1269.88,10.3135
1264.88,10.4676
1259.89,10.6235
1254.91,10.7812
1249.93,10.9407
1244.96,11.1019
1240,11.2649
1235.05,11.4296
1230.1,11.596
1225.17,11.7641
1220.24,11.934
1215.32,12.1055
1210.42,12.2787
1205.52,12.4535
1200.64,12.6299
1195.76,12.8079
1190.91,12.9875
1186.06,13.1685
1181.23,13.3511
1176.41,13.5351
1171.61,13.7204
1166.83,13.9072
1162.06,14.0952
1157.31,14.2844
1152.57,14.4748
1147.86,14.6663
1143.16,14.8589
1138.48,15.0525
1133.83,15.2469
1129.19,15.4421
1124.58,15.6381
1119.99,15.8347
1115.43,16.0318
1110.89,16.2293
1106.37,16.4272
1101.88,16.6253
1097.42,16.8234
1092.99,17.0216
1088.58,17.2195
1084.21,17.4171
1079.86,17.6143
1075.55,17.8109
1071.26,18.0067
1067.01,18.2016
1062.8,18.3954
1058.62,18.5879
1054.47,18.7789
1050.37,18.9683
1046.3,19.1559
1042.27,19.3414
1038.28,19.5247
1034.33,19.7055
1030.42,19.8835
1026.55,20.0587
1022.73,20.2307
1018.96,20.3993
1015.22,20.5643
1011.54,20.7254
1007.91,20.8823
1004.32,21.0348
1000.78,21.1826
997.297,21.3255
993.864,21.4631
990.485,21.5953
987.16,21.7216
983.89,21.842
980.677,21.956
977.522,22.0633
974.425,22.1638
971.389,22.2571
968.413,22.3429
965.499,22.421
962.648,22.491
959.861,22.5528
957.139,22.606
954.483,22.6503
951.894,22.6856
949.374,22.7116
946.922,22.728
944.541,22.7346
942.23,22.7312
939.991,22.7176
937.826,22.6935
935.734,22.6588
933.717,22.6134
931.775,22.557
929.909,22.4895
928.121,22.4108
926.411,22.3208
924.779,22.2195
923.227,22.1066
921.755,21.9822
920.364,21.8463
919.054,21.6988
917.826,21.5398
916.681,21.3693
915.619,21.1873
914.641,20.9939
913.746,20.7892
912.937,20.5734
912.212,20.3465
911.572,20.1087
911.018,19.8603
910.55,19.6015
910.168,19.3323
909.872,19.0532
909.663,18.7644
909.54,18.4661
909.503,18.1587
909.553,17.8424
909.69,17.5177
909.913,17.1849
910.223,16.8443
910.618,16.4963
911.1,16.1414
911.668,15.7798
912.321,15.4122
913.059,15.0387
913.882,14.66
914.79,14.2764
915.781,13.8883
916.857,13.4963
918.015,13.1007
919.256,12.7019
920.579,12.3006
921.983,11.897
923.467,11.4916
925.032,11.0848
926.676,10.6771
928.399,10.2689
930.199,9.86065
932.077,9.45268
934.031,9.04542
936.06,8.63924
938.164,8.23453
940.341,7.83164
942.591,7.43093
944.913,7.03273
947.305,6.63737
949.768,6.24515
952.3,5.85637
954.899,5.47132
957.565,5.09025
960.298,4.71342
963.095,4.34107
965.956,3.97342
968.88,3.61068
971.865,3.25303
974.912,2.90066
978.017,2.55374
981.182,2.2124
984.404,1.87679
987.682,1.54703
991.016,1.22322
994.404,0.905461
997.845,0.59384
1001.34,0.288424
1004.88,-0.0107269
1008.48,-0.303568
1012.12,-0.590058
1015.81,-0.870174
1019.55,-1.1439
1023.33,-1.41123
1027.16,-1.67216
1031.03,-1.92671
1034.95,-2.17489
1038.91,-2.41674
1042.9,-2.65228
1046.94,-2.88156
1051.01,-3.10463
1055.13,-3.32153
1059.28,-3.53233
1063.46,-3.73709
1067.68,-3.93588
1071.94,-4.12877
1076.23,-4.31584
1080.55,-4.49717
1084.9,-4.67284
1089.28,-4.84294
1093.69,-5.00756
1098.13,-5.16678
1102.59,-5.32071
1107.09,-5.46943
1111.6,-5.61304
1116.15,-5.75165
1120.72,-5.88534
1125.31,-6.01422
1129.93,-6.13839
1134.56,-6.25795
1139.22,-6.37299
1143.9,-6.48362
1148.6,-6.58993
1153.32,-6.69203
1158.06,-6.79002
1162.81,-6.88399
1167.58,-6.97404
1172.37,-7.06027
1177.17,-7.14277
1181.99,-7.22164
1186.83,-7.29698
1191.67,-7.36887
1196.53,-7.4374
1201.41,-7.50267
1206.29,-7.56476
1211.19,-7.62377
1216.1,-7.67978
1221.02,-7.73287
1225.95,-7.78312
1230.88,-7.83062
1235.83,-7.87545
1240.79,-7.91768
1245.75,-7.95739
1250.72,-7.99466
1255.7,-8.02956
1260.68,-8.06216
1265.67,-8.09253
1270.67,-8.12075
1275.67,-8.14687
1280.68,-8.17097
1285.69,-8.1931
1290.7,-8.21334
1295.72,-8.23173
1300.74,-8.24835
1305.76,-8.26325
1310.79,-8.27648
1315.81,-8.2881
1320.84,-8.29817
1325.87,-8.30673
1330.9,-8.31385
1335.94,-8.31956
1340.97,-8.32391
1346,-8.32696
1351.03,-8.32874
1356.07,-8.32931
1361.1,-8.3287
1366.13,-8.32696
1371.15,-8.32413
1376.18,-8.32024
1381.2,-8.31534
1386.23,-8.30947
1391.25,-8.30265
1396.26,-8.29493
1401.27,-8.28633
1406.29,-8.2769
1411.29,-8.26666
1416.29,-8.25564
1421.29,-8.24388
1426.29,-8.23141
1431.28,-8.21825
1436.26,-8.20442
1441.24,-8.18997
1446.22,-8.17491
1451.19,-8.15926
1456.15,-8.14306
1461.11,-8.12633
1466.07,-8.10908
1471.01,-8.09134
1475.95,-8.07314
1480.89,-8.05449
1485.82,-8.03541
1490.74,-8.01592
1495.65,-7.99605
1500.56,-7.9758
1505.46,-7.9552
1510.35,-7.93427
1515.24,-7.91301
1520.12,-7.89145
1524.99,-7.8696
1529.85,-7.84748
1534.71,-7.8251
1539.55,-7.80248
1544.39,-7.77962
1549.22,-7.75654
1554.04,-7.73326
1558.85,-7.70978
1563.66,-7.68612
1568.45,-7.66229
1573.24,-7.63831
1578.02,-7.61417
1582.79,-7.58989
1587.55,-7.56548
1592.3,-7.54095
1597.04,-7.51631
1601.77,-7.49157
1606.49,-7.46674
1611.2,-7.44182
1615.9,-7.41682
1620.59,-7.39176
1625.28,-7.36663
1629.95,-7.34145
1634.61,-7.31622
1639.26,-7.29095
1643.9,-7.26565
1648.54,-7.24031
1653.16,-7.21495
1657.77,-7.18958
1662.37,-7.1642
1666.96,-7.1388
1671.54,-7.11341
1676.1,-7.08802
1680.66,-7.06264
1685.21,-7.03728
1689.74,-7.01193
1694.27,-6.9866
1698.78,-6.9613
1703.28,-6.93602
1707.78,-6.91078
1712.26,-6.88558
1716.73,-6.86042
1721.18,-6.8353
1725.63,-6.81023
1730.07,-6.78521
1734.49,-6.76024
1738.9,-6.73533
1743.31,-6.71047
1747.7,-6.68568
1752.07,-6.66095
1756.44,-6.63628
1760.8,-6.61168
1765.14,-6.58716
1769.47,-6.5627
1773.79,-6.53832
1778.1,-6.51401
1782.4,-6.48979
1786.68,-6.46564
1790.96,-6.44157
1795.22,-6.41758
1799.47,-6.39368
1803.71,-6.36987
1807.93,-6.34614
1812.15,-6.32249
1816.35,-6.29894
1820.54,-6.27548
1824.72,-6.25211
1828.88,-6.22883
1833.03,-6.20564
1837.18,-6.18255
1841.31,-6.15955
1845.42,-6.13665
1849.53,-6.11384
1853.62,-6.09113
1857.7,-6.06852
1861.77,-6.04601
1865.83,-6.02359
1869.87,-6.00128
1873.91,-5.97906
1877.93,-5.95695
1881.93,-5.93493
1885.93,-5.91302
1889.91,-5.8912
1893.88,-5.86949
1897.84,-5.84788
1901.79,-5.82637
1905.72,-5.80496
1909.65,-5.78366
1913.56,-5.76246
1917.45,-5.74135
1921.34,-5.72036
1925.21,-5.69946
1929.07,-5.67867
1932.92,-5.65798
1936.75,-5.63739
1940.58,-5.6169
1944.39,-5.59652
1948.18,-5.57624
1951.97,-5.55606
1955.74,-5.53598
1959.5,-5.51601
1963.25,-5.49614
1966.99,-5.47636
1970.71,-5.45669
1974.42,-5.43712
1978.12,-5.41766
1981.81,-5.39829
1985.48,-5.37902
1989.14,-5.35985
1992.79,-5.34079
1996.43,-5.32182
2000.05,-5.30295
2003.67,-5.28418
2007.27,-5.26551
2010.85,-5.24694
2014.43,-5.22846
2017.99,-5.21009
2021.54,-5.19181
2025.08,-5.17363
2028.6,-5.15554
2032.11,-5.13755
2035.61,-5.11966
2039.1,-5.10186
2042.57,-5.08416
2046.04,-5.06655
2049.49,-5.04904
2052.92,-5.03162
2056.35,-5.01429
2059.76,-4.99706
2063.16,-4.97992
2066.55,-4.96287
2069.93,-4.94591
2073.29,-4.92904
2076.64,-4.91227
2079.98,-4.89559
2083.3,-4.87899
2086.62,-4.86249
2089.92,-4.84607
2093.21,-4.82974
2096.48,-4.81351
2099.75,-4.79735
2103,-4.78129
2106.24,-4.76531
2109.46,-4.74942
2112.68,-4.73362
2115.88,-4.7179
2119.07,-4.70226
2122.25,-4.68671
2125.41,-4.67125
2128.56,-4.65587
2131.7,-4.64057
2134.83,-4.62535
2137.95,-4.61022
2141.05,-4.59516
2144.14,-4.58019
2147.22,-4.5653
2150.29,-4.55049
2153.34,-4.53576
2156.38,-4.52111
2159.41,-4.50653
2162.43,-4.49204
2165.43,-4.47762
2168.43,-4.46328
2171.41,-4.44902
2174.38,-4.43484
2177.33,-4.42073
2180.27,-4.40669
2183.21,-4.39273
2186.13,-4.37885
2189.03,-4.36504
2191.93,-4.3513
2194.81,-4.33764
2197.68,-4.32405
2200.54,-4.31053
2203.38,-4.29708
2206.22,-4.28371
2209.04,-4.2704
2211.85,-4.25717
2214.65,-4.24401
2217.43,-4.23092
2220.2,-4.21789
2222.97,-4.20494
2225.71,-4.19205
2228.45,-4.17923
2231.18,-4.16648
2233.89,-4.15379
2236.59,-4.14118
2239.28,-4.12862
2241.95,-4.11614
2244.62,-4.10372
2247.27,-4.09136
2249.91,-4.07907
2252.54,-4.06684
2255.15,-4.05468
2257.76,-4.04258
2260.35,-4.03054
2262.93,-4.01857
2265.5,-4.00665
2268.05,-3.9948
2270.6,-3.98301
2273.13,-3.97128
2275.65,-3.95961
2278.15,-3.948
2280.65,-3.93645
2283.13,-3.92496
2285.61,-3.91353
2288.07,-3.90216
2290.51,-3.89084
2292.95,-3.87958
2295.37,-3.86838
2297.79,-3.85724
2300.19,-3.84615
2302.58,-3.83512
2304.95,-3.82414
2307.32,-3.81322
2309.67,-3.80236
2312.01,-3.79154
2314.34,-3.78079
2316.66,-3.77008
2318.96,-3.75944
2321.25,-3.74884
2323.54,-3.73829
2325.81,-3.7278
2328.06,-3.71736
2330.31,-3.70698
2332.54,-3.69664
2334.77,-3.68636
2336.98,-3.67612
2339.18,-3.66594
2341.36,-3.6558
2343.54,-3.64572
2345.7,-3.63568
2347.85,-3.62569
2349.99,-3.61576
2352.12,-3.60587
2354.24,-3.59602
2356.34,-3.58623
2358.44,-3.57648
2360.52,-3.56678
2362.59,-3.55713
2364.65,-3.54752
2366.69,-3.53796
2368.73,-3.52845
2370.75,-3.51898
2372.76,-3.50955
2374.76,-3.50017
2376.75,-3.49083
2378.73,-3.48154
2380.69,-3.4723
2382.64,-3.46309
2384.59,-3.45393
2386.52,-3.44481
2388.43,-3.43574
2390.34,-3.4267
2392.23,-3.41771
2394.12,-3.40876
2395.99,-3.39985
2397.85,-3.39099
2399.7,-3.38216
2401.54,-3.37337
2403.36,-3.36463
2405.18,-3.35592
2406.98,-3.34726
2408.77,-3.33863
2410.55,-3.33004
2412.32,-3.3215
2414.07,-3.31299
2415.82,-3.30451
2417.55,-3.29608
2419.27,-3.28769
2420.98,-3.27933
2422.68,-3.27101
2424.37,-3.26273
2426.04,-3.25448
2427.71,-3.24627
2429.36,-3.2381
2431,-3.22996
2432.63,-3.22186
2434.25,-3.21379
2435.86,-3.20576
2437.45,-3.19776
2439.04,-3.1898
2440.61,-3.18187
2442.17,-3.17398
2443.72,-3.16612
2445.26,-3.1583
2446.78,-3.1505
2448.3,-3.14275
2449.8,-3.13502
2451.3,-3.12733
2452.78,-3.11967
2454.25,-3.11204
2455.71,-3.10444
2457.15,-3.09688
2458.59,-3.08935
2460.02,-3.08185
2461.43,-3.07438
2462.83,-3.06694
2464.22,-3.05953
2465.6,-3.05215
2466.97,-3.0448
2468.32,-3.03749
2469.67,-3.0302
2471,-3.02294
2472.33,-3.01571
2473.64,-3.00851
2474.94,-3.00134
2476.23,-2.9942
2477.5,-2.98709
2478.77,-2.98
2480.02,-2.97295
2481.27,-2.96592
2482.5,-2.95892
2483.72,-2.95194
2484.93,-2.945
2486.13,-2.93808
2487.32,-2.93119
2488.49,-2.92432
2489.66,-2.91748
2490.81,-2.91067
2491.95,-2.90388
2493.08,-2.89712
2494.2,-2.89038
2495.31,-2.88367
2496.41,-2.87699
2497.49,-2.87033
2498.57,-2.86369
2499.63,-2.85708
2500.69,-2.8505
2501.73,-2.84394
2502.76,-2.8374
2503.78,-2.83089
2504.78,-2.8244
2505.78,-2.81793
2506.76,-2.81149
2507.74,-2.80507
2508.7,-2.79867
2509.65,-2.7923
2510.59,-2.78595
2511.52,-2.77962
2512.44,-2.77331
2513.35,-2.76703
2514.24,-2.76076
2515.13,-2.75452
2516,-2.7483
2516.87,-2.74211
2517.72,-2.73593
2518.56,-2.72977
2519.39,-2.72364
2520.2,-2.71752
2521.01,-2.71143
2521.81,-2.70535
2522.59,-2.6993
2523.37,-2.69327
2524.13,-2.68725
2524.88,-2.68126
2525.62,-2.67529
2526.35,-2.66933
2527.07,-2.66339
2527.77,-2.65748
2528.47,-2.65158
2529.15,-2.6457
2529.83,-2.63983
2530.49,-2.63399
2531.14,-2.62817
2531.78,-2.62236
2532.41,-2.61657
2533.03,-2.6108
2533.64,-2.60504
2534.23,-2.5993
2534.82,-2.59358
2535.39,-2.58788
2535.95,-2.5822
2536.5,-2.57653
2537.04,-2.57087
2537.57,-2.56524
2538.09,-2.55961
2538.6,-2.55401
2539.1,-2.54842
2539.58,-2.54285
2540.06,-2.53729
2540.52,-2.53175
2540.97,-2.52622
2541.41,-2.52071
2541.84,-2.51521
2542.26,-2.50973
2542.67,-2.50426
2543.07,-2.49881
2543.45,-2.49337
2543.83,-2.48794
2544.19,-2.48253
2544.55,-2.47713
2544.89,-2.47175
2545.22,-2.46638
2545.54,-2.46102
2545.85,-2.45568
2546.14,-2.45035
2546.43,-2.44503
2546.71,-2.43972
2546.97,-2.43443
2547.22,-2.42915
2547.47,-2.42388
2547.7,-2.41863
2547.92,-2.41338
2548.13,-2.40815
2548.33,-2.40293
2548.51,-2.39772
2548.69,-2.39253
2548.86,-2.38734
2549.01,-2.38217
2549.15,-2.377
2549.29,-2.37185
2549.41,-2.36671
2549.52,-2.36157
2549.62,-2.35645
2549.71,-2.35134
2549.78,-2.34624
2549.85,-2.34115
2549.9,-2.33607
2549.95,-2.33099
2549.98,-2.32593
2550,-2.32088
2550.02,-2.31583
2550.02,-2.3108
2550,-2.30577
2549.98,-2.30075
2549.95,-2.29574
2549.91,-2.29074
2549.85,-2.28575
2549.79,-2.28076
2549.71,-2.27579
2549.62,-2.27082
2549.52,-2.26586
2549.41,-2.2609
2549.29,-2.25595
2549.16,-2.25102
2549.02,-2.24608
2548.86,-2.24116
2548.7,-2.23624
2548.52,-2.23133
2548.33,-2.22642
2548.14,-2.22152
2547.93,-2.21663
2547.71,-2.21174
2547.48,-2.20686
2547.23,-2.20198
2546.98,-2.19711
2546.72,-2.19225
2546.44,-2.18739
2546.15,-2.18253
2545.86,-2.17768
2545.55,-2.17284
2545.23,-2.16799
2544.9,-2.16316
2544.56,-2.15833
2544.21,-2.1535
2543.84,-2.14867
2543.47,-2.14385
2543.08,-2.13904
2542.69,-2.13422
2542.28,-2.12941
2541.86,-2.12461
2541.43,-2.1198
2540.99,-2.115
2540.54,-2.1102
2540.07,-2.10541
2539.6,-2.10062
2539.12,-2.09582
2538.62,-2.09104
2538.11,-2.08625
2537.59,-2.08146
2537.06,-2.07668
2536.52,-2.0719
2535.97,-2.06711
2535.41,-2.06233
2534.84,-2.05755
2534.25,-2.05277
2533.66,-2.048
2533.05,-2.04322
2532.43,-2.03844
2531.8,-2.03366
2531.16,-2.02888
2530.51,-2.02411
2529.85,-2.01933
2529.18,-2.01455
2528.49,-2.00977
2527.8,-2.00498
2527.09,-2.0002
2526.37,-1.99542
2525.65,-1.99063
2524.91,-1.98584
2524.16,-1.98106
2523.39,-1.97626
2522.62,-1.97147
2521.84,-1.96667
2521.04,-1.96187
2520.23,-1.95707
2519.42,-1.95227
2518.59,-1.94746
2517.75,-1.94265
2516.9,-1.93783
2516.04,-1.93301
2515.16,-1.92819
2514.28,-1.92336
2513.38,-1.91853
2512.48,-1.9137
2511.56,-1.90885
2510.63,-1.90401
2509.69,-1.89916
2508.74,-1.8943
2507.77,-1.88944
2506.8,-1.88457
2505.82,-1.8797
2504.82,-1.87482
2503.81,-1.86993
2502.79,-1.86504
2501.77,-1.86014
2500.72,-1.85523
2499.67,-1.85032
2498.61,-1.84539
2497.53,-1.84046
2496.45,-1.83553
2495.35,-1.83058
2494.24,-1.82563
2493.12,-1.82067
2491.99,-1.81569
2490.85,-1.81071
2489.7,-1.80572
2488.54,-1.80072
2487.36,-1.79572
2486.17,-1.7907
2484.97,-1.78567
2483.77,-1.78063
2482.54,-1.77558
2481.31,-1.77052
2480.07,-1.76545
2478.82,-1.76036
2477.55,-1.75527
2476.27,-1.75016
2474.98,-1.74504
2473.69,-1.73991
2472.37,-1.73476
2471.05,-1.72961
2469.72,-1.72444
2468.37,-1.71925
2467.02,-1.71405
2465.65,-1.70884
2464.27,-1.70362
2462.88,-1.69838
2461.48,-1.69312
2460.07,-1.68785
2458.64,-1.68256
2457.21,-1.67726
2455.76,-1.67194
2454.3,-1.66661
2452.83,-1.66126
2451.35,-1.65589
2449.86,-1.65051
2448.36,-1.64511
2446.84,-1.63969
2445.31,-1.63425
2443.78,-1.6288
2442.23,-1.62332
2440.67,-1.61783
2439.09,-1.61232
2437.51,-1.60678
2435.92,-1.60123
2434.31,-1.59566
2432.69,-1.59007
2431.06,-1.58445
2429.42,-1.57882
2427.77,-1.57316
2426.11,-1.56748
2424.43,-1.56178
2422.74,-1.55606
2421.05,-1.55031
2419.34,-1.54454
2417.61,-1.53875
2415.88,-1.53293
2414.14,-1.52709
2412.38,-1.52122
2410.61,-1.51533
2408.83,-1.50941
2407.04,-1.50347
2405.24,-1.4975
2403.43,-1.4915
2401.6,-1.48548
2399.77,-1.47943
2397.92,-1.47335
2396.06,-1.46724
2394.19,-1.4611
2392.3,-1.45494
2390.41,-1.44874
2388.5,-1.44252
2386.59,-1.43626
2384.66,-1.42998
2382.72,-1.42366
2380.76,-1.41731
2378.8,-1.41093
2376.82,-1.40451
2374.84,-1.39806
2372.84,-1.39158
2370.83,-1.38507
2368.8,-1.37852
2366.77,-1.37193
2364.72,-1.36531
2362.67,-1.35865
2360.6,-1.35196
2358.52,-1.34523
2356.42,-1.33846
2354.32,-1.33166
2352.2,-1.32481
2350.07,-1.31793
2347.93,-1.311
2345.78,-1.30404
2343.62,-1.29703
2341.45,-1.28999
2339.26,-1.2829
2337.06,-1.27577
2334.85,-1.2686
2332.63,-1.26138
2330.39,-1.25412
2328.15,-1.24681
2325.89,-1.23946
2323.62,-1.23206
2321.34,-1.22462
2319.05,-1.21712
2316.74,-1.20958
2314.43,-1.202
2312.1,-1.19436
2309.76,-1.18667
2307.4,-1.17893
2305.04,-1.17114
2302.66,-1.1633
2300.28,-1.15541
2297.88,-1.14746
2295.46,-1.13946
2293.04,-1.1314
2290.61,-1.12329
2288.16,-1.11512
2285.7,-1.1069
2283.23,-1.09861
2280.74,-1.09027
2278.25,-1.08187
2275.74,-1.07341
2273.22,-1.06489
2270.69,-1.0563
2268.15,-1.04766
2265.59,-1.03895
2263.02,-1.03017
2260.44,-1.02133
2257.85,-1.01243
2255.25,-1.00346
2252.63,-0.994418
2250.01,-0.98531
2247.37,-0.976132
2244.72,-0.966884
2242.05,-0.957565
2239.38,-0.948173
2236.69,-0.938708
2233.99,-0.929168
2231.28,-0.919553
2228.55,-0.909862
2225.82,-0.900094
2223.07,-0.890247
2220.31,-0.880321
2217.54,-0.870315
2214.75,-0.860227
2211.95,-0.850057
2209.14,-0.839803
2206.32,-0.829464
2203.49,-0.819039
2200.64,-0.808527
2197.79,-0.797927
2194.92,-0.787237
2192.03,-0.776457
2189.14,-0.765585
2186.23,-0.754619
2183.32,-0.74356
2180.38,-0.732405
2177.44,-0.721153
2174.49,-0.709803
2171.52,-0.698353
2168.54,-0.686803
2165.55,-0.675151
2162.54,-0.663395
2159.52,-0.651533
2156.5,-0.639566
2153.45,-0.62749
2150.4,-0.615306
2147.33,-0.603011
2144.26,-0.590603
2141.17,-0.578081
2138.06,-0.565445
2134.95,-0.552691
2131.82,-0.539819
2128.68,-0.526827
2125.53,-0.513713
2122.36,-0.500476
2119.19,-0.487113
2116,-0.473624
2112.8,-0.460006
2109.58,-0.446258
2106.36,-0.432378
2103.12,-0.418364
2099.87,-0.404214
2096.6,-0.389927
2093.33,-0.3755
2090.04,-0.360931
2086.74,-0.346219
2083.43,-0.331362
2080.1,-0.316358
2076.76,-0.301204
2073.41,-0.285899
2070.05,-0.27044
2066.68,-0.254825
2063.29,-0.239052
2059.89,-0.22312
2056.48,-0.207024
2053.05,-0.190765
2049.62,-0.174338
2046.17,-0.157742
2042.7,-0.140975
2039.23,-0.124033
2035.74,-0.106915
2032.24,-0.0896179
2028.73,-0.0721391
2025.21,-0.0544767
2021.67,-0.0366274
2018.12,-0.0185884
2014.56,-0.000357271
2010.99,0.018068
2007.4,0.0366911
2003.8,0.0555145
2000.19,0.074541
1996.57,0.0937735
1992.93,0.113215
1989.28,0.132869
1985.62,0.152738
1981.95,0.172825
1978.26,0.193134
1974.56,0.213667
1970.85,0.234427
1967.13,0.255419
1963.39,0.276645
1959.65,0.298109
1955.88,0.319814
1952.11,0.341764
1948.33,0.363962
1944.53,0.386412
1940.72,0.409117
1936.9,0.432082
1933.06,0.45531
1929.21,0.478805
1925.35,0.502571
1921.48,0.526611
1917.6,0.550931
1913.7,0.575534
1909.79,0.600423
1905.87,0.625605
1901.94,0.651081
1897.99,0.676858
1894.03,0.70294
1890.06,0.729331
1886.08,0.756035
1882.08,0.783058
1878.08,0.810404
1874.06,0.838077
1870.03,0.866084
1865.98,0.894428
1861.92,0.923116
1857.86,0.952151
1853.78,0.981539
1849.68,1.01129
1845.58,1.0414
1841.46,1.07188
1837.33,1.10273
1833.19,1.13397
1829.04,1.16559
1824.87,1.19761
1820.69,1.23002
1816.5,1.26283
1812.3,1.29606
1808.09,1.32971
1803.86,1.36377
1799.63,1.39827
1795.38,1.4332
1791.12,1.46858
1786.84,1.5044
1782.56,1.54068
1778.26,1.57742
1773.95,1.61464
1769.63,1.65233
1765.3,1.69051
1760.96,1.72917
1756.6,1.76834
1752.24,1.80802
1747.86,1.84821
1743.47,1.88892
1739.07,1.93017
1734.66,1.97196
1730.23,2.01429
1725.8,2.05718
1721.35,2.10063
1716.89,2.14466
1712.42,2.18927
1707.94,2.23447
1703.45,2.28027
1698.95,2.32668
1694.44,2.37372
1689.91,2.42137
1685.38,2.46967
1680.83,2.51862
1676.27,2.56822
1671.71,2.6185
1667.13,2.66945
1662.54,2.72109
1657.94,2.77343
1653.33,2.82648
1648.71,2.88026
1644.08,2.93476
1639.44,2.99001
1634.78,3.04602
1630.12,3.10279
1625.45,3.16034
1620.77,3.21868
1616.08,3.27782
1611.38,3.33778
1606.66,3.39857
1601.94,3.4602
1597.21,3.52268
1592.47,3.58602
1587.72,3.65024
1582.96,3.71536
1578.2,3.78138
1573.42,3.84832
1568.63,3.91619
1563.84,3.98501
1559.03,4.05479
1554.22,4.12555
1549.4,4.19729
1544.57,4.27004
1539.73,4.34381
1534.89,4.41861
1530.03,4.49446
1525.17,4.57138
1520.3,4.64937
1515.42,4.72846
1510.54,4.80866
1505.64,4.88999
1500.74,4.97246
1495.83,5.05609
1490.92,5.14089
1486,5.22688
1481.07,5.31408
1476.14,5.40251
1471.2,5.49218
1466.25,5.5831
1461.3,5.67529
1456.34,5.76878
1451.37,5.86358
1446.4,5.9597
1441.43,6.05716
1436.45,6.15598
1431.46,6.25617
1426.47,6.35776
1421.48,6.46076
1416.48,6.56518
1411.48,6.67105
1406.47,6.77838
1401.46,6.88718
1396.45,6.99748
1391.43,7.10929
1386.41,7.22262
1381.39,7.33749
1376.37,7.45393
1371.34,7.57193
1366.31,7.69153
1361.28,7.81272
1356.25,7.93554
1351.22,8.05999
1346.19,8.18608
1341.16,8.31384
1336.12,8.44326
1331.09,8.57438
1326.06,8.70719
1321.03,8.84171
1316,8.97794
1310.97,9.11591
1305.95,9.25561
1300.92,9.39705
1295.9,9.54025
1290.89,9.68521
1285.87,9.83193
1280.86,9.98042
1275.86,10.1307
1270.85,10.2827
1265.86,10.4365
1260.87,10.5921
1255.88,10.7494
1250.91,10.9086
1245.94,11.0694
1240.97,11.232
1236.02,11.3964
1231.07,11.5625
1226.13,11.7303
1221.2,11.8998
1216.28,12.071
1211.37,12.2439
1206.48,12.4184
1201.59,12.5945
1196.72,12.7722
1191.86,12.9515
1187.01,13.1323
1182.17,13.3145
1177.35,13.4983
1172.55,13.6834
1167.76,13.8698
1162.99,14.0576
1158.23,14.2466
1153.5,14.4368
1148.78,14.6281
1144.08,14.8205
1139.4,15.0139
1134.74,15.2082
1130.1,15.4033
1125.48,15.5991
1120.89,15.7956
1116.32,15.9926
1111.77,16.1901
1107.25,16.3879
1102.76,16.586
1098.29,16.7842
1093.85,16.9823
1089.44,17.1803
1085.06,17.378
1080.71,17.5753
1076.39,17.7721
1072.1,17.9681
1067.84,18.1632
1063.62,18.3572
1059.43,18.55
1055.28,18.7414
1051.17,18.9311
1047.09,19.1191
1043.05,19.305
1039.05,19.4888
1035.1,19.6701
1031.18,19.8487
1027.31,20.0245
1023.48,20.1972
1019.69,20.3665
1015.95,20.5322
1012.26,20.6941
1008.61,20.8519
1005.02,21.0053
1001.47,21.1541
997.975,21.298
994.531,21.4367
991.141,21.57
987.806,21.6975
984.525,21.8191
981.301,21.9344
978.135,22.0431
975.026,22.145
971.978,22.2397
968.99,22.327
966.064,22.4067
963.201,22.4784
960.401,22.5418
957.666,22.5967
954.997,22.6429
952.396,22.68
949.862,22.7079
947.396,22.7262
945.001,22.7348
942.677,22.7334
940.424,22.7218
938.244,22.6998
936.137,22.6673
934.106,22.624
932.149,22.5698
930.269,22.5045
928.465,22.4281
926.74,22.3404
925.093,22.2413
923.525,22.1307
922.037,22.0086
920.63,21.875
919.304,21.7298
918.06,21.5731
916.899,21.4048
915.821,21.2251
914.826,21.034
913.915,20.8315
913.089,20.6179
912.347,20.3932
911.691,20.1576
911.12,19.9113
910.635,19.6545
910.236,19.3874
909.924,19.1103
909.697,18.8233
909.557,18.5269
909.504,18.2213
909.537,17.9068
909.657,17.5837
909.863,17.2525
910.156,16.9134
910.535,16.5669
911,16.2133
911.551,15.853
912.187,15.4865
912.909,15.1142
913.715,14.7365
914.606,14.3538
915.582,13.9666
916.641,13.5754
917.783,13.1804
919.007,12.7823
920.314,12.3814
921.702,11.9782
923.171,11.5732
924.721,11.1667
926.349,10.7591
928.057,10.351
929.842,9.94274
931.705,9.53468
933.644,9.12725
935.658,8.72084
937.747,8.31582
939.91,7.91255
942.146,7.51139
944.454,7.11268
946.833,6.71673
949.282,6.32388
951.8,5.9344
954.386,5.5486
957.04,5.16673
959.759,4.78905
962.544,4.4158
965.392,4.04721
968.304,3.68348
971.278,3.32481
974.312,2.97139
977.406,2.62338
980.56,2.28093
983.77,1.94418
987.038,1.61325
990.361,1.28826
993.738,0.969302
997.169,0.656462
1000.65,0.349815
1004.19,0.0494209
1007.77,-0.24467
1011.41,-0.53242
1015.09,-0.813799
1018.82,-1.08879
1022.59,-1.35738
1026.41,-1.61958
1030.27,-1.8754
1034.18,-2.12484
1038.13,-2.36794
1042.12,-2.60473
1046.15,-2.83525
1050.22,-3.05954
1054.32,-3.27767
1058.46,-3.48967
1062.64,-3.69563
1066.86,-3.8956
1071.11,-4.08965
1075.39,-4.27787
1079.7,-4.46034
1084.04,-4.63713
1088.42,-4.80833
1092.82,-4.97403
1097.26,-5.13432
1101.72,-5.28929
1106.21,-5.43905
1110.72,-5.58367
1115.26,-5.72327
1119.82,-5.85794
1124.41,-5.98777
1129.02,-6.11287
1133.66,-6.23334
1138.31,-6.34927
1142.99,-6.46078
1147.68,-6.56795
1152.4,-6.67088
1157.13,-6.76969
1161.88,-6.86445
1166.65,-6.95528
1171.43,-7.04227
1176.23,-7.12551
1181.05,-7.2051
1185.88,-7.28114
1190.73,-7.35371
1195.58,-7.42291
1200.46,-7.48883
1205.34,-7.55156
1210.23,-7.61118
1215.14,-7.66779
1220.06,-7.72145
1224.98,-7.77227
1229.92,-7.82032
1234.87,-7.86568
1239.82,-7.90843
1244.78,-7.94865
1249.75,-7.9864
1254.73,-8.02178
1259.71,-8.05484
1264.7,-8.08566
1269.69,-8.11431
1274.69,-8.14085
1279.7,-8.16535
1284.71,-8.18788
1289.72,-8.2085
1294.74,-8.22727
1299.76,-8.24424
1304.78,-8.25948
1309.8,-8.27305
1314.83,-8.285
1319.86,-8.29538
1324.89,-8.30425
1329.92,-8.31166
1334.95,-8.31765
1339.99,-8.32228
1345.02,-8.32559
1350.05,-8.32763
1355.08,-8.32845
1360.11,-8.32808
1365.14,-8.32657
1370.17,-8.32396
1375.2,-8.32029
1380.22,-8.3156
1385.25,-8.30992
1390.27,-8.3033
1395.28,-8.29576
1400.3,-8.28734
1405.31,-8.27808
1410.31,-8.26801
1415.32,-8.25716
1420.32,-8.24555
1425.31,-8.23322
1430.3,-8.2202
1435.29,-8.20652
1440.27,-8.1922
1445.25,-8.17726
1450.22,-8.16174
1455.18,-8.14566
1460.14,-8.12903
1465.1,-8.11189
1470.05,-8.09426
1474.99,-8.07616
1479.92,-8.0576
1484.85,-8.03861
1489.78,-8.01921
1494.69,-7.99942
1499.6,-7.97925
1504.5,-7.95873
1509.4,-7.93787
1514.29,-7.91668
1519.17,-7.89519
1524.04,-7.8734
1528.9,-7.85134
1533.76,-7.82902
1538.61,-7.80645
1543.45,-7.78364
1548.28,-7.76062
1553.1,-7.73738
1557.92,-7.71395
1562.72,-7.69033
1567.52,-7.66654
1572.31,-7.64259
1577.09,-7.61848
1581.86,-7.59424
1586.62,-7.56986
1591.37,-7.54536
1596.11,-7.52075
1600.84,-7.49604
1605.57,-7.47123
1610.28,-7.44633
1614.98,-7.42136
1619.68,-7.39631
1624.36,-7.3712
1629.04,-7.34604
1633.7,-7.32082
1638.35,-7.29557
1643,-7.27027
1647.63,-7.24495
1652.26,-7.2196
1656.87,-7.19423
1661.47,-7.16886
1666.06,-7.14347
1670.64,-7.11808
1675.21,-7.0927
1679.77,-7.06732
1684.32,-7.04196
1688.86,-7.01661
1693.39,-6.99128
1697.9,-6.96598
1702.41,-6.9407
1706.9,-6.91546
1711.38,-6.89026
1715.86,-6.86509
1720.32,-6.83997
1724.76,-6.81489
1729.2,-6.78987
1733.63,-6.76489
1738.04,-6.73997
1742.45,-6.71511
1746.84,-6.69031
1751.22,-6.66557
1755.59,-6.6409
1759.95,-6.61629
1764.29,-6.59175
1768.63,-6.56729
1772.95,-6.5429
1777.26,-6.51858
1781.56,-6.49434
1785.85,-6.47018
1790.12,-6.4461
1794.39,-6.4221
1798.64,-6.39819
1802.88,-6.37436
1807.11,-6.35061
1811.32,-6.32696
1815.53,-6.30339
1819.72,-6.27991
1823.9,-6.25653
1828.07,-6.23323
1832.23,-6.21003
1836.37,-6.18692
1840.5,-6.16391
1844.62,-6.14099
1848.73,-6.11817
1852.83,-6.09545
1856.91,-6.07282
1860.98,-6.05029
1865.04,-6.02786
1869.09,-6.00553
1873.12,-5.98329
1877.14,-5.96116
1881.15,-5.93913
1885.15,-5.9172
1889.14,-5.89537
1893.11,-5.87364
1897.07,-5.85201
1901.02,-5.83048
1904.96,-5.80906
1908.88,-5.78774
1912.79,-5.76652
1916.69,-5.7454
1920.58,-5.72439
1924.46,-5.70347
1928.32,-5.68266
1932.17,-5.66195
1936.01,-5.64135
1939.83,-5.62085
1943.64,-5.60044
1947.44,-5.58015
1951.23,-5.55995
1955.01,-5.53986
1958.77,-5.51986
1962.52,-5.49997
1966.26,-5.48018
1969.99,-5.46049
1973.7,-5.44091
1977.4,-5.42142
1981.09,-5.40203
1984.77,-5.38275
1988.43,-5.36357
1992.08,-5.34448
1995.72,-5.3255
1999.35,-5.30661
2002.96,-5.28782
2006.56,-5.26914
2010.15,-5.25055
2013.73,-5.23206
2017.29,-5.21366
2020.85,-5.19537
2024.39,-5.17717
2027.91,-5.15907
2031.43,-5.14106
2034.93,-5.12315
2038.42,-5.10534
2041.9,-5.08762
2045.36,-5.06999
2048.81,-5.05246
2052.25,-5.03503
2055.68,-5.01768
2059.1,-5.00043
2062.5,-4.98328
2065.89,-4.96621
2069.27,-4.94924
2072.63,-4.93236
2075.99,-4.91557
2079.33,-4.89887
2082.65,-4.88226
2085.97,-4.86573
2089.27,-4.8493
2092.57,-4.83296
2095.84,-4.81671
2099.11,-4.80054
2102.36,-4.78446
2105.61,-4.76847
2108.83,-4.75256
2112.05,-4.73674
2115.26,-4.72101
2118.45,-4.70536
2121.63,-4.68979
2124.79,-4.67431
2127.95,-4.65891
2131.09,-4.6436
2134.22,-4.62837
2137.34,-4.61322
2140.45,-4.59815
2143.54,-4.58317
2146.62,-4.56826
2149.69,-4.55343
2152.75,-4.53869
2155.79,-4.52402
2158.82,-4.50944
2161.84,-4.49493
2164.85,-4.4805
2167.84,-4.46614
2170.83,-4.45187
2173.8,-4.43767
2176.76,-4.42355
2179.7,-4.4095
2182.64,-4.39553
2185.56,-4.38163
2188.47,-4.3678
2191.36,-4.35405
2194.25,-4.34038
2197.12,-4.32677
2199.98,-4.31324
2202.83,-4.29978
2205.67,-4.2864
2208.49,-4.27308
2211.3,-4.25983
2214.1,-4.24666
2216.89,-4.23355
2219.66,-4.22052
2222.43,-4.20755
2225.18,-4.19465
2227.92,-4.18182
2230.65,-4.16906
2233.36,-4.15636
2236.06,-4.14373
2238.75,-4.13117
2241.43,-4.11867
2244.1,-4.10624
2246.75,-4.09387
2249.39,-4.08157
2252.03,-4.06933
2254.64,-4.05715
2257.25,-4.04504
2259.84,-4.03299
2262.43,-4.021
2265,-4.00908
2267.55,-3.99722
2270.1,-3.98542
2272.63,-3.97368
2275.16,-3.962
2277.67,-3.95037
2280.16,-3.93881
2282.65,-3.92731
2285.12,-3.91587
2287.59,-3.90449
2290.04,-3.89316
2292.48,-3.88189
2294.9,-3.87068
2297.32,-3.85953
2299.72,-3.84843
2302.11,-3.83739
2304.49,-3.8264
2306.86,-3.81547
2309.21,-3.80459
2311.55,-3.79377
2313.89,-3.78301
2316.2,-3.77229
2318.51,-3.76163
2320.81,-3.75103
2323.09,-3.74048
2325.36,-3.72998
2327.62,-3.71953
2329.87,-3.70913
2332.11,-3.69878
2334.33,-3.68849
2336.55,-3.67825
2338.75,-3.66805
2340.94,-3.65791
2343.12,-3.64782
2345.28,-3.63777
2347.44,-3.62778
2349.58,-3.61783
2351.71,-3.60793
2353.83,-3.59808
2355.93,-3.58828
2358.03,-3.57852
2360.11,-3.56881
2362.19,-3.55915
2364.25,-3.54954
2366.3,-3.53997
2368.33,-3.53044
2370.36,-3.52097
2372.37,-3.51153
2374.37,-3.50214
2376.36,-3.4928
2378.34,-3.4835
2380.31,-3.47425
2382.26,-3.46503
2384.21,-3.45586
2386.14,-3.44674
2388.06,-3.43765
2389.97,-3.42861
2391.87,-3.41961
2393.75,-3.41066
2395.63,-3.40174
2397.49,-3.39287
2399.34,-3.38403
2401.18,-3.37524
2403.01,-3.36649
2404.82,-3.35778
2406.63,-3.3491
2408.42,-3.34047
2410.2,-3.33188
2411.97,-3.32332
2413.73,-3.31481
2415.48,-3.30633
2417.21,-3.29789
2418.94,-3.28949
2420.65,-3.28112
2422.35,-3.27279
2424.04,-3.2645
2425.72,-3.25625
2427.38,-3.24803
2429.04,-3.23985
2430.68,-3.23171
2432.31,-3.2236
2433.93,-3.21553
2435.54,-3.20749
2437.14,-3.19949
2438.73,-3.19152
2440.3,-3.18359
2441.87,-3.17569
2443.42,-3.16782
2444.96,-3.15999
2446.49,-3.1522
2448.01,-3.14443
2449.51,-3.1367
2451.01,-3.129
2452.49,-3.12134
2453.96,-3.1137
2455.42,-3.1061
2456.87,-3.09853
2458.31,-3.09099
2459.74,-3.08349
2461.15,-3.07601
2462.56,-3.06857
2463.95,-3.06115
2465.33,-3.05377
2466.7,-3.04642
2468.06,-3.0391
2469.41,-3.0318
2470.74,-3.02454
2472.07,-3.01731
2473.38,-3.0101
2474.68,-3.00293
2475.97,-2.99578
2477.25,-2.98866
2478.52,-2.98157
2479.78,-2.97451
2481.03,-2.96748
2482.26,-2.96047
2483.48,-2.95349
2484.69,-2.94654
2485.9,-2.93962
2487.08,-2.93272
2488.26,-2.92585
2489.43,-2.91901
2490.59,-2.91219
2491.73,-2.9054
2492.86,-2.89863
2493.98,-2.89189
2495.1,-2.88518
2496.19,-2.87849
2497.28,-2.87182
2498.36,-2.86518
2499.43,-2.85857
2500.48,-2.85198
2501.52,-2.84541
2502.56,-2.83887
2503.58,-2.83235
2504.59,-2.82586
2505.59,-2.81939
2506.57,-2.81294
2507.55,-2.80652
2508.51,-2.80012
2509.47,-2.79374
2510.41,-2.78739
2511.34,-2.78105
2512.26,-2.77474
2513.17,-2.76845
2514.07,-2.76219
2514.96,-2.75594
2515.83,-2.74972
2516.7,-2.74352
2517.55,-2.73734
2518.39,-2.73118
2519.23,-2.72504
2520.05,-2.71892
2520.85,-2.71282
2521.65,-2.70675
2522.44,-2.70069
2523.21,-2.69465
2523.98,-2.68864
2524.73,-2.68264
2525.48,-2.67666
2526.21,-2.6707
2526.93,-2.66476
2527.64,-2.65884
2528.33,-2.65294
2529.02,-2.64706
2529.7,-2.64119
2530.36,-2.63534
2531.01,-2.62952
2531.66,-2.62371
2532.29,-2.61791
2532.91,-2.61214
2533.52,-2.60638
2534.12,-2.60064
2534.7,-2.59492
2535.28,-2.58921
2535.84,-2.58352
2536.4,-2.57785
2536.94,-2.57219
2537.47,-2.56655
2537.99,-2.56093
2538.5,-2.55532
2539,-2.54973
2539.49,-2.54415
2539.97,-2.53859
2540.43,-2.53305
2540.88,-2.52752
2541.33,-2.52201
2541.76,-2.51651
2542.18,-2.51102
2542.59,-2.50555
2542.99,-2.50009
2543.38,-2.49465
2543.76,-2.48923
2544.12,-2.48381
2544.48,-2.47841
2544.82,-2.47303
2545.15,-2.46765
2545.48,-2.46229
2545.79,-2.45695
2546.09,-2.45162
2546.38,-2.4463
2546.65,-2.44099
2546.92,-2.4357
2547.18,-2.43041
2547.42,-2.42514
2547.65,-2.41989
2547.88,-2.41464
2548.09,-2.40941
2548.29,-2.40419
2548.48,-2.39897
2548.66,-2.39378
2548.82,-2.38859
2548.98,-2.38341
2549.13,-2.37825
2549.26,-2.37309
2549.38,-2.36795
2549.5,-2.36281
2549.6,-2.35769
2549.69,-2.35258
2549.77,-2.34747
2549.84,-2.34238
2549.89,-2.3373
2549.94,-2.33222
2549.98,-2.32716
2550,-2.3221
2550.01,-2.31706
2550.02,-2.31202
2550.01,-2.30699
2549.99,-2.30198
2549.96,-2.29696
2549.92,-2.29196
2549.86,-2.28697
2549.8,-2.28198
2549.73,-2.277
2549.64,-2.27203
2549.54,-2.26707
2549.44,-2.26212
2549.32,-2.25717
2549.19,-2.25223
2549.05,-2.2473
2548.89,-2.24237
2548.73,-2.23745
2548.56,-2.23254
2548.37,-2.22763
2548.18,-2.22273
2547.97,-2.21784
2547.75,-2.21295
2547.52,-2.20807
2547.28,-2.20319
2547.03,-2.19832
2546.77,-2.19345
2546.5,-2.18859
2546.21,-2.18374
2545.92,-2.17889
2545.61,-2.17404
2545.29,-2.1692
2544.97,-2.16436
2544.63,-2.15953
2544.28,-2.1547
2543.91,-2.14988
2543.54,-2.14506
2543.16,-2.14024
2542.76,-2.13543
2542.36,-2.13062
2541.94,-2.12581
2541.52,-2.12101
2541.08,-2.11621
2540.63,-2.11141
2540.17,-2.10661
2539.69,-2.10182
2539.21,-2.09703
2538.72,-2.09224
2538.21,-2.08745
2537.7,-2.08267
2537.17,-2.07788
2536.63,-2.0731
2536.08,-2.06832
2535.52,-2.06354
2534.95,-2.05876
2534.37,-2.05398
2533.78,-2.0492
2533.17,-2.04443
2532.56,-2.03965
2531.93,-2.03487
2531.29,-2.03009
2530.64,-2.02532
2529.98,-2.02054
2529.31,-2.01576
2528.63,-2.01098
2527.94,-2.0062
2527.23,-2.00142
2526.52,-1.99663
2525.79,-1.99185
2525.05,-1.98706
2524.3,-1.98227
2523.54,-1.97748
2522.77,-1.97269
2521.99,-1.96789
2521.2,-1.9631
2520.39,-1.9583
2519.58,-1.95349
2518.75,-1.94869
2517.91,-1.94387
2517.07,-1.93906
2516.21,-1.93424
2515.34,-1.92942
2514.45,-1.9246
2513.56,-1.91977
2512.66,-1.91493
2511.74,-1.91009
2510.81,-1.90525
2509.87,-1.9004
2508.93,-1.89554
2507.97,-1.89068
2506.99,-1.88582
2506.01,-1.88095
2505.02,-1.87607
2504.01,-1.87118
2503,-1.86629
2501.97,-1.86139
2500.93,-1.85649
2499.88,-1.85158
2498.82,-1.84666
2497.75,-1.84173
2496.66,-1.83679
2495.57,-1.83185
2494.46,-1.8269
2493.35,-1.82194
2492.22,-1.81697
2491.08,-1.81199
2489.93,-1.80701
2488.76,-1.80201
2487.59,-1.797
2486.41,-1.79199
2485.21,-1.78696
2484,-1.78192
2482.79,-1.77688
2481.56,-1.77182
2480.32,-1.76675
2479.06,-1.76167
2477.8,-1.75658
2476.53,-1.75147
2475.24,-1.74636
2473.94,-1.74123
2472.63,-1.73609
2471.31,-1.73093
2469.98,-1.72577
2468.64,-1.72059
2467.29,-1.71539
2465.92,-1.71018
2464.54,-1.70496
2463.16,-1.69972
2461.76,-1.69447
2460.35,-1.68921
2458.92,-1.68392
2457.49,-1.67863
2456.05,-1.67331
2454.59,-1.66798
2453.12,-1.66264
2451.64,-1.65727
2450.15,-1.65189
2448.65,-1.6465
2447.14,-1.64108
2445.62,-1.63565
2444.08,-1.6302
2442.53,-1.62473
2440.97,-1.61924
2439.4,-1.61373
2437.82,-1.6082
2436.23,-1.60266
2434.63,-1.59709
2433.01,-1.5915
2431.38,-1.58589
2429.74,-1.58026
2428.09,-1.57461
2426.43,-1.56894
2424.76,-1.56324
2423.08,-1.55752
2421.38,-1.55178
2419.67,-1.54602
2417.95,-1.54023
2416.22,-1.53442
2414.48,-1.52858
2412.73,-1.52272
2410.96,-1.51683
2409.19,-1.51092
2407.4,-1.50498
2405.6,-1.49902
2403.79,-1.49303
2401.96,-1.48701
2400.13,-1.48097
2398.28,-1.47489
2396.43,-1.46879
2394.56,-1.46266
2392.68,-1.45651
2390.78,-1.45032
2388.88,-1.4441
2386.96,-1.43785
2385.04,-1.43157
2383.1,-1.42526
2381.15,-1.41892
2379.19,-1.41254
2377.21,-1.40614
2375.23,-1.3997
2373.23,-1.39322
2371.22,-1.38671
2369.2,-1.38017
2367.17,-1.37359
2365.13,-1.36698
2363.07,-1.36033
2361,-1.35365
2358.92,-1.34693
2356.83,-1.34017
2354.73,-1.33337
2352.62,-1.32653
2350.49,-1.31966
2348.35,-1.31274
2346.21,-1.30579
2344.04,-1.29879
2341.87,-1.29176
2339.69,-1.28468
2337.49,-1.27756
2335.28,-1.27039
2333.06,-1.26318
2330.83,-1.25593
2328.59,-1.24864
2326.33,-1.24129
2324.07,-1.23391
2321.79,-1.22647
2319.5,-1.21899
2317.19,-1.21146
2314.88,-1.20388
2312.55,-1.19626
2310.22,-1.18858
2307.87,-1.18085
2305.5,-1.17307
2303.13,-1.16524
2300.75,-1.15736
2298.35,-1.14943
2295.94,-1.14144
2293.52,-1.13339
2291.08,-1.12529
2288.64,-1.11714
2286.18,-1.10892
2283.71,-1.10065
2281.23,-1.09232
2278.74,-1.08394
2276.23,-1.07549
2273.72,-1.06698
2271.19,-1.05841
2268.65,-1.04978
2266.09,-1.04108
2263.53,-1.03232
2260.95,-1.02349
2258.36,-1.0146
2255.76,-1.00565
2253.15,-0.996622
2250.52,-0.987528
2247.89,-0.978365
2245.24,-0.969133
2242.58,-0.959828
2239.9,-0.950452
2237.22,-0.941003
2234.52,-0.931479
2231.81,-0.921881
2229.09,-0.912206
2226.35,-0.902454
2223.61,-0.892625
2220.85,-0.882716
2218.08,-0.872726
2215.3,-0.862656
2212.5,-0.852503
2209.7,-0.842267
2206.88,-0.831946
2204.05,-0.82154
2201.2,-0.811046
2198.35,-0.800465
2195.48,-0.789794
2192.6,-0.779033
2189.71,-0.768181
2186.8,-0.757235
2183.89,-0.746196
2180.96,-0.735061
2178.02,-0.723829
2175.07,-0.7125
2172.1,-0.701072
2169.12,-0.689543
2166.13,-0.677912
2163.13,-0.666178
2160.12,-0.654339
2157.09,-0.642394
2154.05,-0.630341
2151,-0.61818
2147.94,-0.605908
2144.86,-0.593524
2141.77,-0.581026
2138.67,-0.568414
2135.56,-0.555685
2132.43,-0.542838
2129.3,-0.529871
2126.15,-0.516782
2122.99,-0.503571
2119.81,-0.490235
2116.62,-0.476772
2113.43,-0.463182
2110.21,-0.449461
2106.99,-0.435608
2103.75,-0.421622
2100.51,-0.407501
2097.24,-0.393242
2093.97,-0.378845
2090.69,-0.364306
2087.39,-0.349624
2084.08,-0.334797
2080.75,-0.319824
2077.42,-0.304701
2074.07,-0.289427
2070.71,-0.274001
2067.34,-0.258418
2063.95,-0.242678
2060.56,-0.226779
2057.15,-0.210718
2053.72,-0.194492
2050.29,-0.1781
2046.84,-0.16154
2043.38,-0.144808
2039.91,-0.127902
2036.43,-0.110821
2032.93,-0.0935609
2029.42,-0.0761199
2025.9,-0.0584952
2022.36,-0.0406846
2018.82,-0.0226852
2015.26,-0.00449403
2011.69,0.0138912
2008.1,0.0324735
2004.51,0.0512552
2000.9,0.0702397
1997.28,0.08943
1993.64,0.108828
1990,0.128438
1986.34,0.148263
1982.67,0.168305
1978.98,0.188568
1975.29,0.209054
1971.58,0.229768
1967.86,0.250712
1964.13,0.27189
1960.38,0.293305
1956.62,0.31496
1952.85,0.33686
1949.07,0.359007
1945.27,0.381405
1941.47,0.404058
1937.65,0.42697
1933.81,0.450144
1929.97,0.473584
1926.11,0.497294
1922.24,0.521279
1918.36,0.545541
1914.47,0.570086
1910.56,0.594917
1906.64,0.620038
1902.71,0.645454
1898.77,0.67117
1894.81,0.697189
1890.84,0.723517
1886.86,0.750157
1882.87,0.777115
1878.86,0.804394
1874.85,0.832001
1870.82,0.85994
1866.77,0.888215
1862.72,0.916833
1858.65,0.945797
1854.58,0.975113
1850.49,1.00479
1846.38,1.03482
1842.27,1.06523
1838.14,1.09601
1834,1.12717
1829.85,1.15871
1825.69,1.19064
1821.51,1.22298
1817.33,1.25571
1813.13,1.28886
1808.92,1.32241
1804.69,1.3564
1800.46,1.39081
1796.21,1.42565
1791.95,1.46093
1787.68,1.49667
1783.4,1.53286
1779.1,1.5695
1774.8,1.60662
1770.48,1.64422
1766.15,1.6823
1761.81,1.72087
1757.46,1.75993
1753.09,1.79951
1748.72,1.83959
1744.33,1.8802
1739.93,1.92134
1735.52,1.96302
1731.1,2.00524
1726.67,2.04802
1722.22,2.09136
1717.77,2.13527
1713.3,2.17976
1708.82,2.22484
1704.33,2.27052
1699.83,2.31681
1695.32,2.36372
1690.8,2.41125
1686.27,2.45942
1681.72,2.50824
1677.17,2.55771
1672.6,2.60785
1668.02,2.65866
1663.44,2.71017
1658.84,2.76237
1654.23,2.81528
1649.61,2.8689
1644.98,2.92326
1640.35,2.97836
1635.7,3.03422
1631.04,3.09084
1626.37,3.14823
1621.69,3.20641
1617,3.2654
1612.3,3.32519
1607.59,3.38581
1602.87,3.44727
1598.14,3.50958
1593.4,3.57275
1588.65,3.6368
1583.9,3.70174
1579.13,3.76758
1574.35,3.83433
1569.57,3.90202
1564.78,3.97065
1559.97,4.04024
1555.16,4.1108
1550.34,4.18235
1545.52,4.2549
1540.68,4.32846
1535.84,4.40306
1530.98,4.4787
1526.12,4.5554
1521.25,4.63318
1516.38,4.71205
1511.49,4.79203
1506.6,4.87314
1501.7,4.95538
1496.8,5.03878
1491.88,5.12335
1486.96,5.2091
1482.04,5.29606
1477.1,5.38425
1472.16,5.47366
1467.22,5.56434
1462.27,5.65628
1457.31,5.74951
1452.35,5.84405
1447.38,5.93991
1442.4,6.0371
1437.42,6.13565
1432.44,6.23558
1427.45,6.33689
1422.46,6.43961
1417.46,6.54375
1412.46,6.64933
1407.45,6.75637
1402.44,6.86488
1397.43,6.97489
1392.41,7.0864
1387.4,7.19943
1382.37,7.314
1377.35,7.43012
1372.33,7.54782
1367.3,7.6671
1362.27,7.78799
1357.24,7.91048
1352.21,8.03461
1347.17,8.16038
1342.14,8.28781
1337.11,8.41691
1332.08,8.5477
1327.05,8.68017
1322.01,8.81436
1316.98,8.95026
1311.96,9.08788
1306.93,9.22724
1301.91,9.36835
1296.89,9.51121
1291.87,9.65582
1286.85,9.8022
1281.84,9.95035
1276.84,10.1003
1271.83,10.252
1266.84,10.4054
1261.84,10.5606
1256.86,10.7177
1251.88,10.8764
1246.91,11.037
1241.94,11.1992
1236.99,11.3633
1232.04,11.529
1227.1,11.6965
1222.17,11.8657
1217.24,12.0366
1212.33,12.2091
1207.43,12.3833
1202.55,12.5591
1197.67,12.7365
1192.81,12.9155
1187.95,13.096
1183.12,13.278
1178.3,13.4614
1173.49,13.6463
1168.7,13.8325
1163.92,14.02
1159.16,14.2088
1154.42,14.3988
1149.7,14.5899
1144.99,14.7821
1140.31,14.9753
1135.65,15.1694
1131,15.3644
1126.38,15.5601
1121.79,15.7564
1117.21,15.9534
1112.66,16.1508
1108.14,16.3486
1103.64,16.5467
1099.16,16.7448
1094.72,16.943
1090.3,17.1411
1085.91,17.3389
1081.56,17.5363
1077.23,17.7332
1072.93,17.9293
1068.67,18.1246
1064.44,18.3189
1060.25,18.512
1056.09,18.7037
1051.97,18.8938
1047.89,19.0821
1043.84,19.2685
1039.83,19.4527
1035.87,19.6346
1031.94,19.8138
1028.06,19.9902
1024.22,20.1635
1020.43,20.3335
1016.68,20.5
1012.98,20.6627
1009.32,20.8213
1005.72,20.9756
1002.16,21.1254
998.654,21.2703
995.201,21.4101
991.8,21.5445
988.454,21.6732
985.162,21.796
981.927,21.9126
978.749,22.0226
975.629,22.1259
972.569,22.2221
969.569,22.3109
966.631,22.3922
963.755,22.4654
960.943,22.5306
958.196,22.5872
955.514,22.6351
952.899,22.6741
950.351,22.7038
947.873,22.7241
945.463,22.7346
943.125,22.7353
940.858,22.7257
938.664,22.7059
936.543,22.6754
934.496,22.6343
932.525,22.5823
930.63,22.5192
928.811,22.4451
927.07,22.3596
925.408,22.2628
923.824,22.1545
922.321,22.0347
920.898,21.9034
919.556,21.7605
918.296,21.6061
917.119,21.4401
916.024,21.2627
915.013,21.0738
914.086,20.8736
913.243,20.6622
912.485,20.4397
911.812,20.2063
911.224,19.9621
910.723,19.7074
910.307,19.4423
909.977,19.1671
909.734,18.8821
909.577,18.5876
909.507,18.2837
909.523,17.971
909.626,17.6496
909.815,17.3199
910.091,16.9824
910.453,16.6373
910.901,16.2851
911.435,15.9262
912.055,15.5609
912.76,15.1897
913.55,14.813
914.424,14.4313
915.383,14.045
916.426,13.6545
917.552,13.2603
918.76,12.8627
920.051,12.4624
921.423,12.0596
922.877,11.6549
924.41,11.2486
926.024,10.8413
927.716,10.4333
929.486,10.025
931.333,9.61688
933.257,9.2093
935.257,8.80266
937.332,8.39734
939.48,7.9937
941.702,7.5921
943.996,7.19289
946.361,6.79637
948.796,6.40289
951.301,6.01273
953.874,5.62617
956.514,5.24351
959.221,4.86498
961.993,4.49084
964.829,4.12131
967.728,3.75661
970.69,3.39693
973.713,3.04246
976.795,2.69336
979.937,2.3498
983.137,2.01191
986.393,1.67982
989.705,1.35365
993.072,1.03349
996.493,0.719427
999.966,0.411547
1003.49,0.109908
1007.07,-0.185437
1010.69,-0.474446
1014.36,-0.75709
1018.08,-1.03335
1021.85,-1.30322
1025.66,-1.56668
1029.51,-1.82376
1033.41,-2.07447
1037.35,-2.31883
1041.33,-2.55687
1045.36,-2.78864
1049.42,-3.01416
1053.51,-3.23351
1057.65,-3.44673
1061.82,-3.65388
1066.03,-3.85504
1070.27,-4.05027
1074.55,-4.23965
1078.85,-4.42325
1083.19,-4.60117
1087.56,-4.77347
1091.96,-4.94026
1096.39,-5.10163
1100.84,-5.25766
1105.33,-5.40844
1109.83,-5.55409
1114.37,-5.69468
1118.93,-5.83032
1123.51,-5.96111
1128.12,-6.08715
1132.75,-6.20854
1137.4,-6.32538
1142.07,-6.43776
1146.76,-6.54579
1151.47,-6.64957
1156.2,-6.74919
1160.95,-6.84476
1165.71,-6.93637
1170.5,-7.02412
1175.29,-7.10811
1180.11,-7.18842
1184.93,-7.26517
1189.78,-7.33843
1194.63,-7.4083
1199.5,-7.47488
1204.38,-7.53824
1209.27,-7.59848
1214.18,-7.65569
1219.09,-7.70994
1224.02,-7.76133
1228.95,-7.80993
1233.9,-7.85583
1238.85,-7.8991
1243.81,-7.93982
1248.78,-7.97807
1253.75,-8.01392
1258.73,-8.04745
1263.72,-8.07871
1268.71,-8.1078
1273.71,-8.13476
1278.72,-8.15967
1283.73,-8.1826
1288.74,-8.2036
1293.75,-8.22274
1298.77,-8.24007
1303.8,-8.25567
1308.82,-8.26957
1313.85,-8.28185
1318.88,-8.29255
1323.91,-8.30172
1328.94,-8.30942
1333.97,-8.3157
1339,-8.3206
1344.03,-8.32419
1349.07,-8.32648
1354.1,-8.32755
1359.13,-8.32742
1364.16,-8.32614
1369.19,-8.32376
1374.22,-8.3203
1379.24,-8.31582
1384.26,-8.31034
1389.28,-8.30391
1394.3,-8.29657
1399.32,-8.28833
1404.33,-8.27924
1409.33,-8.26934
1414.34,-8.25865
1419.34,-8.2472
1424.34,-8.23502
1429.33,-8.22214
1434.31,-8.2086
1439.3,-8.19441
1444.27,-8.1796
1449.25,-8.1642
1454.21,-8.14824
1459.17,-8.13172
1464.13,-8.11469
1469.08,-8.09717
1474.02,-8.07916
1478.96,-8.0607
1483.89,-8.0418
1488.81,-8.02249
1493.73,-8.00278
1498.64,-7.9827
1503.55,-7.96225
1508.44,-7.94146
1513.33,-7.92035
1518.21,-7.89892
1523.08,-7.8772
1527.95,-7.8552
1532.81,-7.83294
1537.66,-7.81042
1542.5,-7.78767
1547.33,-7.76469
1552.16,-7.7415
1556.97,-7.71812
1561.78,-7.69454
1566.58,-7.67079
1571.37,-7.64688
1576.15,-7.62281
1580.92,-7.5986
1585.69,-7.57425
1590.44,-7.54978
1595.18,-7.5252
1599.92,-7.50051
1604.64,-7.47573
1609.36,-7.45085
1614.07,-7.4259
1618.76,-7.40087
1623.45,-7.37578
1628.12,-7.35063
1632.79,-7.32543
1637.45,-7.30019
1642.09,-7.27491
1646.73,-7.24959
1651.35,-7.22426
1655.97,-7.1989
1660.57,-7.17353
1665.16,-7.14815
1669.75,-7.12277
1674.32,-7.09739
1678.88,-7.07202
1683.43,-7.04665
1687.97,-7.02131
1692.5,-6.99598
1697.02,-6.97068
1701.53,-6.9454
1706.02,-6.92016
1710.51,-6.89495
1714.98,-6.86978
1719.44,-6.84465
1723.9,-6.81957
1728.34,-6.79454
1732.76,-6.76956
1737.18,-6.74463
1741.59,-6.71976
1745.98,-6.69495
1750.37,-6.67021
1754.74,-6.64552
1759.1,-6.62091
1763.44,-6.59636
1767.78,-6.57189
1772.11,-6.54748
1776.42,-6.52316
1780.72,-6.4989
1785.01,-6.47473
1789.29,-6.45064
1793.55,-6.42663
1797.81,-6.4027
1802.05,-6.37886
1806.28,-6.3551
1810.5,-6.33143
1814.71,-6.30785
1818.9,-6.28436
1823.08,-6.26096
1827.26,-6.23765
1831.41,-6.21444
1835.56,-6.19131
1839.69,-6.16829
1843.82,-6.14535
1847.93,-6.12251
1852.03,-6.09977
1856.11,-6.07713
1860.19,-6.05458
1864.25,-6.03214
1868.3,-6.00979
1872.33,-5.98754
1876.36,-5.96539
1880.37,-5.94334
1884.37,-5.92139
1888.36,-5.89955
1892.34,-5.8778
1896.3,-5.85615
1900.25,-5.83461
1904.19,-5.81317
1908.12,-5.79183
1912.03,-5.77059
1915.93,-5.74946
1919.82,-5.72842
1923.7,-5.70749
1927.56,-5.68666
1931.42,-5.66594
1935.26,-5.64532
1939.09,-5.62479
1942.9,-5.60438
1946.7,-5.58406
1950.49,-5.56385
1954.27,-5.54373
1958.04,-5.52372
1961.79,-5.50382
1965.53,-5.48401
1969.26,-5.4643
1972.98,-5.4447
1976.68,-5.4252
1980.37,-5.40579
1984.05,-5.38649
1987.72,-5.36729
1991.37,-5.34819
1995.01,-5.32918
1998.64,-5.31028
2002.26,-5.29148
2005.86,-5.27277
2009.45,-5.25417
2013.03,-5.23566
2016.6,-5.21725
2020.15,-5.19893
2023.7,-5.18072
2027.23,-5.1626
2030.74,-5.14458
2034.25,-5.12665
2037.74,-5.10882
2041.22,-5.09108
2044.69,-5.07344
2048.14,-5.05589
2051.58,-5.03844
2055.01,-5.02108
2058.43,-5.00381
2061.84,-4.98664
2065.23,-4.96956
2068.61,-4.95257
2071.98,-4.93567
2075.33,-4.91887
2078.68,-4.90215
2082.01,-4.88552
2085.32,-4.86899
2088.63,-4.85254
2091.92,-4.83618
2095.2,-4.81991
2098.47,-4.80373
2101.73,-4.78763
2104.97,-4.77163
2108.21,-4.7557
2111.42,-4.73987
2114.63,-4.72412
2117.83,-4.70845
2121.01,-4.69287
2124.18,-4.67738
2127.33,-4.66197
2130.48,-4.64664
2133.61,-4.63139
2136.73,-4.61623
2139.84,-4.60114
2142.94,-4.58614
2146.02,-4.57122
2149.09,-4.55638
2152.15,-4.54162
2155.2,-4.52694
2158.23,-4.51234
2161.25,-4.49782
2164.26,-4.48338
2167.26,-4.46901
2170.25,-4.45472
2173.22,-4.44051
2176.18,-4.42637
2179.13,-4.41231
2182.06,-4.39832
2184.99,-4.38441
2187.9,-4.37057
2190.8,-4.35681
2193.69,-4.34312
2196.56,-4.3295
2199.42,-4.31596
2202.28,-4.30249
2205.11,-4.28909
2207.94,-4.27576
2210.75,-4.2625
2213.56,-4.24931
2216.35,-4.23619
2219.12,-4.22314
2221.89,-4.21016
2224.64,-4.19725
2227.39,-4.18441
2230.11,-4.17163
2232.83,-4.15893
2235.54,-4.14628
2238.23,-4.13371
2240.91,-4.1212
2243.58,-4.10875
2246.24,-4.09638
2248.88,-4.08406
2251.51,-4.07181
2254.13,-4.05962
2256.74,-4.0475
2259.34,-4.03544
2261.92,-4.02344
2264.5,-4.01151
2267.06,-3.99963
2269.6,-3.98782
2272.14,-3.97607
2274.67,-3.96438
2277.18,-3.95275
2279.68,-3.94118
2282.17,-3.92966
2284.64,-3.91821
2287.11,-3.90682
2289.56,-3.89548
2292,-3.8842
2294.43,-3.87298
2296.85,-3.86181
2299.25,-3.85071
2301.65,-3.83965
2304.03,-3.82866
2306.4,-3.81772
2308.75,-3.80683
2311.1,-3.796
2313.43,-3.78523
2315.75,-3.7745
2318.06,-3.76383
2320.36,-3.75322
2322.65,-3.74266
2324.92,-3.73215
2327.19,-3.72169
2329.44,-3.71128
2331.68,-3.70093
2333.9,-3.69062
2336.12,-3.68037
2338.32,-3.67017
2340.51,-3.66002
2342.69,-3.64991
2344.86,-3.63986
2347.02,-3.62986
2349.16,-3.6199
2351.29,-3.60999
2353.42,-3.60013
2355.53,-3.59032
2357.62,-3.58056
2359.71,-3.57084
2361.78,-3.56117
2363.85,-3.55155
2365.9,-3.54197
2367.94,-3.53244
2369.96,-3.52295
2371.98,-3.51351
2373.98,-3.50411
2375.98,-3.49476
2377.96,-3.48545
2379.93,-3.47619
2381.88,-3.46697
2383.83,-3.45779
2385.77,-3.44866
2387.69,-3.43957
2389.6,-3.43052
2391.5,-3.42152
2393.39,-3.41255
2395.26,-3.40363
2397.13,-3.39475
2398.98,-3.3859
2400.82,-3.3771
2402.65,-3.36834
2404.47,-3.35962
2406.28,-3.35094
2408.07,-3.3423
2409.86,-3.3337
2411.63,-3.32514
2413.39,-3.31662
2415.14,-3.30813
2416.88,-3.29969
2418.6,-3.29128
2420.32,-3.28291
2422.02,-3.27457
2423.71,-3.26628
2425.39,-3.25802
2427.06,-3.24979
2428.72,-3.24161
2430.36,-3.23346
2432,-3.22534
2433.62,-3.21726
2435.23,-3.20922
2436.83,-3.20121
2438.42,-3.19323
2440,-3.1853
2441.56,-3.17739
2443.12,-3.16952
2444.66,-3.16168
2446.19,-3.15388
2447.71,-3.14611
2449.22,-3.13837
2450.72,-3.13067
2452.21,-3.12299
2453.68,-3.11535
2455.14,-3.10775
2456.59,-3.10017
2458.04,-3.09263
2459.46,-3.08512
2460.88,-3.07764
2462.29,-3.07019
2463.68,-3.06277
2465.07,-3.05538
2466.44,-3.04802
2467.8,-3.04069
2469.15,-3.0334
2470.49,-3.02613
2471.81,-3.01889
2473.13,-3.01168
2474.43,-3.0045
2475.73,-2.99735
2477.01,-2.99022
2478.28,-2.98313
2479.54,-2.97606
2480.79,-2.96902
2482.02,-2.96201
2483.25,-2.95503
2484.46,-2.94807
2485.67,-2.94115
2486.86,-2.93424
2488.04,-2.92737
2489.21,-2.92052
2490.36,-2.9137
2491.51,-2.9069
2492.65,-2.90013
2493.77,-2.89339
2494.88,-2.88667
2495.99,-2.87997
2497.08,-2.87331
2498.16,-2.86666
2499.22,-2.86004
2500.28,-2.85345
2501.33,-2.84688
2502.36,-2.84033
2503.38,-2.83381
2504.39,-2.82731
2505.4,-2.82084
2506.39,-2.81439
2507.36,-2.80796
2508.33,-2.80156
2509.29,-2.79517
2510.23,-2.78882
2511.17,-2.78248
2512.09,-2.77616
2513,-2.76987
2513.9,-2.7636
2514.79,-2.75735
2515.67,-2.75113
2516.54,-2.74492
2517.39,-2.73874
2518.24,-2.73257
2519.07,-2.72643
2519.89,-2.72031
2520.7,-2.71421
2521.5,-2.70813
2522.29,-2.70207
2523.07,-2.69603
2523.84,-2.69001
2524.59,-2.68401
2525.34,-2.67803
2526.07,-2.67206
2526.79,-2.66612
2527.5,-2.6602
2528.2,-2.65429
2528.89,-2.6484
2529.57,-2.64254
2530.24,-2.63669
2530.89,-2.63086
2531.54,-2.62504
2532.17,-2.61925
2532.79,-2.61347
2533.4,-2.60771
2534.01,-2.60197
2534.59,-2.59624
2535.17,-2.59053
2535.74,-2.58484
2536.3,-2.57916
2536.84,-2.57351
2537.37,-2.56786
2537.9,-2.56224
2538.41,-2.55663
2538.91,-2.55103
2539.4,-2.54545
2539.88,-2.53989
2540.35,-2.53434
2540.8,-2.52881
2541.25,-2.52329
2541.68,-2.51779
2542.11,-2.51231
2542.52,-2.50683
2542.92,-2.50137
2543.31,-2.49593
2543.69,-2.4905
2544.06,-2.48508
2544.41,-2.47968
2544.76,-2.4743
2545.1,-2.46892
2545.42,-2.46356
2545.73,-2.45821
2546.03,-2.45288
2546.33,-2.44755
2546.61,-2.44225
2546.87,-2.43695
2547.13,-2.43167
2547.38,-2.42639
2547.62,-2.42114
2547.84,-2.41589
2548.05,-2.41065
2548.26,-2.40543
2548.45,-2.40022
2548.63,-2.39502
2548.8,-2.38983
2548.96,-2.38465
2549.11,-2.37948
2549.24,-2.37433
2549.37,-2.36918
2549.48,-2.36404
2549.59,-2.35892
2549.68,-2.35381
2549.76,-2.3487
2549.83,-2.34361
2549.89,-2.33852
2549.94,-2.33345
2549.98,-2.32838
2550,-2.32333
2550.02,-2.31828
2550.02,-2.31324
2550.02,-2.30821
2550,-2.30319
2549.97,-2.29818
2549.93,-2.29318
2549.88,-2.28818
2549.82,-2.28319
2549.75,-2.27821
2549.66,-2.27324
2549.57,-2.26828
2549.46,-2.26332
2549.35,-2.25838
2549.22,-2.25343
2549.08,-2.2485
2548.93,-2.24357
2548.77,-2.23865
2548.6,-2.23374
2548.42,-2.22883
2548.22,-2.22393
2548.02,-2.21904
2547.8,-2.21415
2547.57,-2.20927
2547.34,-2.20439
2547.09,-2.19952
2546.83,-2.19465
2546.56,-2.18979
2546.28,-2.18493
2545.98,-2.18008
2545.68,-2.17524
2545.36,-2.1704
2545.04,-2.16556
2544.7,-2.16073
2544.35,-2.1559
2543.99,-2.15107
2543.62,-2.14625
2543.24,-2.14144
2542.85,-2.13662
2542.45,-2.13181
2542.03,-2.12701
2541.61,-2.1222
2541.17,-2.1174
2540.72,-2.1126
2540.26,-2.10781
2539.79,-2.10301
2539.31,-2.09822
2538.82,-2.09343
2538.32,-2.08865
2537.81,-2.08386
2537.28,-2.07908
2536.75,-2.0743
2536.2,-2.06952
2535.64,-2.06474
2535.07,-2.05996
2534.49,-2.05518
2533.9,-2.0504
2533.3,-2.04563
2532.68,-2.04085
2532.06,-2.03607
2531.42,-2.0313
2530.78,-2.02652
2530.12,-2.02174
2529.45,-2.01696
2528.77,-2.01218
2528.08,-2.0074
2527.38,-2.00262
2526.67,-1.99784
2525.94,-1.99306
2525.21,-1.98827
2524.46,-1.98348
2523.7,-1.97869
2522.93,-1.9739
2522.15,-1.96911
2521.36,-1.96431
2520.56,-1.95951
2519.75,-1.95471
2518.92,-1.94991
2518.09,-1.9451
2517.24,-1.94028
2516.38,-1.93547
2515.51,-1.93065
2514.63,-1.92582
2513.74,-1.92099
2512.84,-1.91616
2511.93,-1.91132
2511,-1.90648
2510.07,-1.90163
2509.12,-1.89678
2508.16,-1.89192
2507.19,-1.88706
2506.21,-1.88219
2505.22,-1.87731
2504.22,-1.87243
2503.2,-1.86754
2502.18,-1.86264
2501.14,-1.85774
2500.09,-1.85283
2499.03,-1.84791
2497.96,-1.84299
2496.88,-1.83806
2495.79,-1.83312
2494.69,-1.82817
2493.57,-1.82321
2492.45,-1.81824
2491.31,-1.81327
2490.16,-1.80828
2489,-1.80329
2487.83,-1.79829
2486.65,-1.79327
2485.45,-1.78825
2484.25,-1.78321
2483.03,-1.77817
2481.81,-1.77311
2480.57,-1.76805
2479.32,-1.76297
2478.06,-1.75788
2476.78,-1.75278
2475.5,-1.74767
2474.2,-1.74254
2472.9,-1.7374
2471.58,-1.73225
2470.25,-1.72709
2468.91,-1.72191
2467.56,-1.71672
2466.2,-1.71152
2464.82,-1.7063
2463.44,-1.70107
2462.04,-1.69582
2460.63,-1.69055
2459.21,-1.68528
2457.78,-1.67998
2456.34,-1.67467
2454.89,-1.66935
2453.42,-1.66401
2451.94,-1.65865
2450.46,-1.65327
2448.96,-1.64788
2447.45,-1.64247
2445.92,-1.63704
2444.39,-1.63159
2442.84,-1.62613
2441.29,-1.62064
2439.72,-1.61514
2438.14,-1.60962
2436.55,-1.60407
2434.95,-1.59851
2433.34,-1.59293
2431.71,-1.58732
2430.07,-1.5817
2428.43,-1.57605
2426.77,-1.57038
2425.1,-1.56469
2423.41,-1.55898
2421.72,-1.55325
2420.02,-1.54749
2418.3,-1.5417
2416.57,-1.5359
2414.83,-1.53007
2413.08,-1.52421
2411.32,-1.51833
2409.54,-1.51243
2407.76,-1.5065
2405.96,-1.50054
2404.15,-1.49455
2402.33,-1.48854
2400.5,-1.4825
2398.65,-1.47644
2396.8,-1.47034
2394.93,-1.46422
2393.05,-1.45807
2391.16,-1.45189
2389.26,-1.44568
2387.35,-1.43943
2385.42,-1.43316
2383.49,-1.42686
2381.54,-1.42052
2379.58,-1.41416
2377.61,-1.40776
2375.63,-1.40132
2373.63,-1.39486
2371.63,-1.38836
2369.61,-1.38182
2367.58,-1.37525
2365.54,-1.36865
2363.48,-1.36201
2361.42,-1.35533
2359.34,-1.34862
2357.25,-1.34187
2355.15,-1.33508
2353.04,-1.32825
2350.92,-1.32138
2348.78,-1.31448
2346.64,-1.30753
2344.48,-1.30055
2342.31,-1.29352
2340.13,-1.28645
2337.93,-1.27934
2335.73,-1.27218
2333.51,-1.26499
2331.28,-1.25774
2329.04,-1.25046
2326.79,-1.24313
2324.52,-1.23575
2322.25,-1.22832
2319.96,-1.22085
2317.66,-1.21333
2315.35,-1.20577
2313.02,-1.19815
2310.69,-1.19049
2308.34,-1.18277
2305.98,-1.175
2303.61,-1.16718
2301.22,-1.15931
2298.83,-1.15139
2296.42,-1.14341
2294,-1.13538
2291.57,-1.12729
2289.13,-1.11915
2286.67,-1.11095
2284.21,-1.10269
2281.73,-1.09437
2279.24,-1.086
2276.74,-1.07756
2274.22,-1.06907
2271.69,-1.06051
2269.16,-1.05189
2266.61,-1.04321
2264.04,-1.03446
2261.47,-1.02565
2258.88,-1.01678
2256.28,-1.00783
2253.67,-0.998824
2251.05,-0.989746
2248.41,-0.980598
2245.77,-0.971381
2243.11,-0.962092
2240.44,-0.952732
2237.76,-0.943298
2235.06,-0.933791
2232.35,-0.924208
2229.63,-0.914551
2226.9,-0.904815
2224.16,-0.895003
2221.4,-0.885111
2218.64,-0.875139
2215.86,-0.865086
2213.06,-0.854951
2210.26,-0.844733
2207.44,-0.83443
2204.61,-0.824042
2201.77,-0.813567
2198.92,-0.803005
2196.06,-0.792354
2193.18,-0.781612
2190.29,-0.77078
2187.39,-0.759854
2184.47,-0.748835
2181.55,-0.737721
2178.61,-0.72651
2175.66,-0.715202
2172.69,-0.703795
2169.72,-0.692287
2166.73,-0.680678
2163.73,-0.668966
2160.72,-0.65715
2157.7,-0.645228
2154.66,-0.633198
2151.61,-0.62106
2148.55,-0.608811
2145.48,-0.596451
2142.39,-0.583978
2139.29,-0.571391
2136.18,-0.558687
2133.06,-0.545865
2129.93,-0.532923
2126.78,-0.519861
2123.62,-0.506676
2120.45,-0.493366
2117.26,-0.47993
2114.07,-0.466366
2110.86,-0.452673
2107.64,-0.438849
2104.4,-0.424891
2101.16,-0.410798
2097.9,-0.396569
2094.63,-0.382201
2091.34,-0.367692
2088.05,-0.353041
2084.74,-0.338244
2081.42,-0.323302
2078.09,-0.308211
2074.74,-0.292969
2071.38,-0.277574
2068.01,-0.262025
2064.63,-0.246319
2061.24,-0.230453
2057.83,-0.214426
2054.41,-0.198235
2050.98,-0.181878
2047.53,-0.165353
2044.08,-0.148658
2040.61,-0.131789
2037.12,-0.114744
2033.63,-0.0975225
2030.12,-0.0801193
2026.6,-0.0625337
2023.07,-0.044762
2019.53,-0.0268022
2015.97,-0.00865129
2012.4,0.00969289
2008.82,0.0282337
2005.23,0.0469739
2001.62,0.065916
1998,0.0850631
1994.37,0.104418
1990.73,0.123984
1987.07,0.143763
1983.4,0.16376
1979.72,0.183976
1976.03,0.204416
1972.32,0.225082
1968.6,0.245978
1964.87,0.267107
1961.13,0.288473
1957.37,0.310078
1953.61,0.331926
1949.83,0.354021
1946.03,0.376368
1942.23,0.398967
1938.41,0.421825
1934.58,0.444945
1930.74,0.468329
1926.88,0.491983
1923.02,0.51591
1919.14,0.540115
1915.25,0.564601
1911.34,0.589372
1907.42,0.614433
1903.5,0.639788
1899.55,0.665442
1895.6,0.691398
1891.64,0.717662
1887.66,0.744237
1883.67,0.771129
1879.66,0.798342
1875.65,0.82588
1871.62,0.85375
1867.58,0.881956
1863.53,0.910502
1859.47,0.939394
1855.39,0.968637
1851.3,0.998237
1847.2,1.0282
1843.09,1.05853
1838.97,1.08923
1834.83,1.12031
1830.68,1.15177
1826.52,1.18363
1822.35,1.21588
1818.16,1.24853
1813.97,1.28159
1809.76,1.31506
1805.54,1.34896
1801.3,1.38328
1797.06,1.41803
1792.8,1.45322
1788.54,1.48887
1784.26,1.52496
1779.96,1.56151
1775.66,1.59854
1771.34,1.63603
1767.02,1.67401
1762.68,1.71248
1758.33,1.75144
1753.97,1.79091
1749.59,1.8309
1745.21,1.8714
1740.81,1.91243
1736.4,1.95399
1731.98,1.9961
1727.55,2.03877
1723.11,2.08199
1718.66,2.12579
1714.19,2.17016
1709.72,2.21512
1705.23,2.26068
1700.73,2.30684
1696.22,2.35362
1691.7,2.40103
1687.17,2.44907
1682.63,2.49775
1678.08,2.54709
1673.51,2.59709
1668.94,2.64777
1664.36,2.69913
1659.76,2.75119
1655.15,2.80395
1650.54,2.85743
1645.91,2.91164
1641.27,2.96659
1636.63,3.02229
1631.97,3.07875
1627.3,3.13599
1622.62,3.19401
1617.93,3.25283
1613.24,3.31246
1608.53,3.37291
1603.81,3.4342
1599.09,3.49633
1594.35,3.55933
1589.6,3.6232
1584.85,3.68796
1580.08,3.75361
1575.31,3.82018
1570.53,3.88768
1565.74,3.95612
1560.94,4.02551
1556.13,4.09587
1551.31,4.16722
1546.48,4.23957
1541.65,4.31293
1536.8,4.38731
1531.95,4.46274
1527.09,4.53923
1522.23,4.61679
1517.35,4.69544
1512.47,4.7752
1507.58,4.85607
1502.68,4.93808
1497.78,5.02125
1492.87,5.10558
1487.95,5.19109
1483.02,5.27781
1478.09,5.36575
1473.15,5.45492
1468.21,5.54533
1463.26,5.63702
1458.3,5.72999
1453.34,5.82427
1448.37,5.91986
1443.4,6.01678
1438.42,6.11506
1433.44,6.2147
1428.45,6.31574
1423.46,6.41817
1418.46,6.52203
1413.46,6.62732
1408.45,6.73406
1403.44,6.84228
1398.43,6.95198
1393.42,7.06319
1388.4,7.17591
1383.38,7.29017
1378.36,7.40599
1373.33,7.52337
1368.3,7.64233
1363.27,7.76289
1358.24,7.88507
1353.21,8.00887
1348.18,8.13431
1343.15,8.26141
1338.12,8.39017
1333.08,8.52062
1328.05,8.65276
1323.02,8.7866
1317.99,8.92216
1312.96,9.05944
1307.94,9.19845
1302.91,9.33921
1297.89,9.48172
1292.87,9.62598
1287.85,9.77201
1282.84,9.9198
1277.84,10.0694
1272.83,10.2207
1267.83,10.3738
1262.84,10.5287
1257.86,10.6854
1252.87,10.8438
1247.9,11.004
1242.93,11.1659
1237.98,11.3296
1233.03,11.495
1228.08,11.6621
1223.15,11.831
1218.23,12.0015
1213.31,12.1738
1208.41,12.3476
1203.52,12.5231
1198.64,12.7002
1193.78,12.8789
1188.92,13.0591
1184.08,13.2408
1179.26,13.4239
1174.45,13.6085
1169.65,13.7945
1164.87,13.9817
1160.11,14.1703
1155.37,14.3601
1150.64,14.551
1145.93,14.743
1141.25,14.936
1136.58,15.1299
1131.93,15.3247
1127.31,15.5203
1122.7,15.7166
1118.12,15.9134
1113.57,16.1108
1109.04,16.3085
1104.53,16.5065
1100.06,16.7047
1095.61,16.9029
1091.18,17.101
1086.79,17.2989
1082.43,17.4964
1078.09,17.6934
1073.79,17.8897
1069.52,18.0852
1065.29,18.2798
1061.09,18.4731
1056.92,18.6651
1052.79,18.8556
1048.7,19.0443
1044.65,19.2311
1040.63,19.4158
1036.66,19.5982
1032.72,19.7779
1028.83,19.9549
1024.99,20.1289
1021.18,20.2996
1017.43,20.4669
1013.71,20.6303
1010.05,20.7898
1006.43,20.945
1002.87,21.0958
999.352,21.2417
995.888,21.3825
992.477,21.5181
989.12,21.648
985.817,21.772
982.571,21.8899
979.382,22.0013
976.25,22.106
973.178,22.2036
970.166,22.294
967.216,22.3768
964.327,22.4517
961.502,22.5185
958.742,22.5769
956.047,22.6267
953.418,22.6675
950.857,22.6991
948.365,22.7213
945.942,22.7339
943.589,22.7365
941.308,22.7291
939.099,22.7113
936.963,22.683
934.902,22.6441
932.916,22.5943
931.005,22.5335
929.171,22.4616
927.415,22.3784
925.736,22.2839
924.137,22.178
922.618,22.0606
921.179,21.9316
919.821,21.7911
918.544,21.639
917.35,21.4754
916.239,21.3002
915.211,21.1137
914.267,20.9158
913.408,20.7067
912.633,20.4864
911.943,20.2552
911.338,20.0132
910.819,19.7606
910.386,19.4976
910.039,19.2244
909.779,18.9414
909.605,18.6488
909.517,18.3468
909.516,18.0358
909.602,17.7162
909.774,17.3882
910.032,17.0522
910.377,16.7087
910.808,16.3579
911.325,16.0003
911.928,15.6363
912.616,15.2663
913.389,14.8907
914.246,14.51
915.189,14.1245
916.214,13.7349
917.324,13.3414
918.516,12.9445
919.79,12.5447
921.146,12.1424
922.583,11.738
924.101,11.3321
925.698,10.9249
927.375,10.517
929.129,10.1088
930.961,9.70061
932.87,9.2929
934.855,8.88605
936.915,8.48045
939.049,8.07646
941.256,7.67443
943.535,7.27471
945.886,6.87764
948.308,6.48353
950.798,6.09268
953.358,5.70539
955.985,5.32193
958.678,4.94255
961.437,4.56752
964.261,4.19705
967.147,3.83136
970.097,3.47066
973.107,3.11513
976.178,2.76494
979.308,2.42025
982.496,2.08121
985.741,1.74795
989.042,1.42057
992.398,1.09919
995.808,0.783901
999.271,0.474771
1002.79,0.17187
1006.35,-0.124748
1009.96,-0.415039
1013.63,-0.698971
1017.34,-0.976522
1021.09,-1.24768
1024.9,-1.51244
1028.74,-1.77081
1032.63,-2.02281
1036.57,-2.26845
1040.54,-2.50776
1044.55,-2.7408
1048.6,-2.96758
1052.7,-3.18818
1056.82,-3.40263
1060.99,-3.61101
1065.19,-3.81338
1069.42,-4.00981
1073.69,-4.20036
1077.99,-4.38514
1082.32,-4.5642
1086.69,-4.73764
1091.08,-4.90554
1095.5,-5.068
1099.95,-5.22511
1104.43,-5.37696
1108.93,-5.52364
1113.46,-5.66525
1118.02,-5.8019
1122.6,-5.93367
1127.2,-6.06067
1131.82,-6.183
1136.47,-6.30076
1141.14,-6.41404
1145.82,-6.52295
1150.53,-6.62759
1155.26,-6.72806
1160,-6.82445
1164.76,-6.91686
1169.54,-7.00539
1174.34,-7.09014
1179.15,-7.17121
1183.97,-7.24867
1188.81,-7.32264
1193.66,-7.39321
1198.53,-7.46045
1203.41,-7.52446
1208.3,-7.58534
1213.2,-7.64317
1218.11,-7.69802
1223.04,-7.74999
1227.97,-7.79916
1232.91,-7.84561
1237.86,-7.88942
1242.82,-7.93066
1247.79,-7.96942
1252.76,-8.00576
1257.74,-8.03976
1262.73,-8.07149
1267.72,-8.10102
1272.72,-8.12842
1277.72,-8.15375
1282.73,-8.17708
1287.74,-8.19848
1292.75,-8.218
1297.77,-8.23571
1302.79,-8.25166
1307.82,-8.26591
1312.84,-8.27853
1317.87,-8.28955
1322.9,-8.29904
1327.93,-8.30705
1332.97,-8.31362
1338,-8.31881
1343.03,-8.32266
1348.06,-8.32523
1353.1,-8.32655
1358.13,-8.32667
1363.16,-8.32563
1368.19,-8.32348
1373.21,-8.32025
1378.24,-8.31598
1383.26,-8.31071
1388.28,-8.30448
1393.3,-8.29733
1398.32,-8.28928
1403.33,-8.28037
1408.34,-8.27064
1413.34,-8.26011
1418.34,-8.24882
1423.34,-8.2368
1428.33,-8.22407
1433.32,-8.21067
1438.3,-8.19662
1443.28,-8.18194
1448.25,-8.16667
1453.22,-8.15083
1458.18,-8.13443
1463.14,-8.11752
1468.09,-8.1001
1473.04,-8.08219
1477.97,-8.06383
1482.91,-8.04503
1487.83,-8.02581
1492.75,-8.00619
1497.66,-7.98619
1502.57,-7.96582
1507.47,-7.94511
1512.36,-7.92406
1517.24,-7.90271
1522.11,-7.88105
1526.98,-7.85911
1531.84,-7.83691
1536.69,-7.81445
1541.53,-7.79175
1546.37,-7.76883
1551.2,-7.74569
1556.01,-7.72235
1560.82,-7.69882
1565.62,-7.67511
1570.42,-7.65123
1575.2,-7.6272
1579.97,-7.60303
1584.74,-7.57871
1589.49,-7.55428
1594.24,-7.52972
1598.98,-7.50506
1603.7,-7.4803
1608.42,-7.45545
1613.13,-7.43052
1617.83,-7.40551
1622.51,-7.38044
1627.19,-7.35531
1631.86,-7.33013
1636.52,-7.3049
1641.17,-7.27963
1645.8,-7.25433
1650.43,-7.229
1655.05,-7.20365
1659.65,-7.17829
1664.25,-7.15292
1668.83,-7.12754
1673.41,-7.10217
1677.97,-7.0768
1682.53,-7.05144
1687.07,-7.02609
1691.6,-7.00077
1696.12,-6.97546
1700.63,-6.95019
1705.13,-6.92494
1709.61,-6.89973
1714.09,-6.87456
1718.55,-6.84943
1723.01,-6.82434
1727.45,-6.79931
1731.88,-6.77432
1736.3,-6.74939
1740.71,-6.72451
1745.11,-6.69969
1749.49,-6.67494
1753.87,-6.65025
1758.23,-6.62562
1762.58,-6.60106
1766.92,-6.57658
1771.24,-6.55216
1775.56,-6.52783
1779.86,-6.50356
1784.16,-6.47938
1788.44,-6.45528
1792.7,-6.43125
1796.96,-6.40731
1801.21,-6.38346
1805.44,-6.35969
1809.66,-6.336
1813.87,-6.31241
1818.07,-6.2889
1822.25,-6.26549
1826.42,-6.24217
1830.59,-6.21893
1834.73,-6.1958
1838.87,-6.17275
1843,-6.1498
1847.11,-6.12695
1851.21,-6.10419
1855.3,-6.08153
1859.37,-6.05897
1863.44,-6.03651
1867.49,-6.01414
1871.53,-5.99188
1875.56,-5.96971
1879.57,-5.94764
1883.57,-5.92568
1887.56,-5.90381
1891.54,-5.88205
1895.51,-5.86039
1899.46,-5.83883
1903.4,-5.81737
1907.33,-5.79601
1911.25,-5.77476
1915.15,-5.7536
1919.05,-5.73255
1922.93,-5.7116
1926.79,-5.69076
1930.65,-5.67001
1934.49,-5.64937
1938.32,-5.62883
1942.14,-5.6084
1945.95,-5.58806
1949.74,-5.56783
1953.52,-5.5477
1957.29,-5.52767
1961.04,-5.50775
1964.79,-5.48792
1968.52,-5.4682
1972.24,-5.44857
1975.94,-5.42905
1979.64,-5.40963
1983.32,-5.39031
1986.99,-5.37109
1990.64,-5.35197
1994.29,-5.33295
1997.92,-5.31403
2001.54,-5.29521
2005.14,-5.27649
2008.74,-5.25786
2012.32,-5.23934
2015.89,-5.22091
2019.45,-5.20258
2022.99,-5.18434
2026.52,-5.16621
2030.04,-5.14817
2033.55,-5.13022
2037.04,-5.11238
2040.53,-5.09462
2044,-5.07696
2047.45,-5.0594
2050.9,-5.04193
2054.33,-5.02455
2057.75,-5.00727
2061.16,-4.99008
2064.55,-4.97298
2067.94,-4.95598
2071.31,-4.93906
2074.66,-4.92224
2078.01,-4.90551
2081.34,-4.88886
2084.66,-4.87231
2087.97,-4.85585
2091.27,-4.83947
2094.55,-4.82319
2097.82,-4.80699
2101.08,-4.79088
2104.33,-4.77485
2107.56,-4.75892
2110.78,-4.74307
2113.99,-4.7273
2117.19,-4.71162
2120.37,-4.69602
2123.55,-4.68051
2126.71,-4.66509
2129.85,-4.64974
2132.99,-4.63448
2136.11,-4.6193
2139.22,-4.6042
2142.32,-4.58919
2145.41,-4.57425
2148.48,-4.5594
2151.54,-4.54462
2154.59,-4.52993
2157.63,-4.51531
2160.65,-4.50078
2163.66,-4.48632
2166.66,-4.47194
2169.65,-4.45763
2172.63,-4.44341
2175.59,-4.42925
2178.54,-4.41518
2181.48,-4.40118
2184.41,-4.38726
2187.32,-4.3734
2190.22,-4.35963
2193.11,-4.34592
2195.99,-4.33229
2198.86,-4.31874
2201.71,-4.30525
2204.55,-4.29184
2207.38,-4.2785
2210.19,-4.26523
2213,-4.25202
2215.79,-4.23889
2218.57,-4.22583
2221.34,-4.21284
2224.1,-4.19992
2226.84,-4.18706
2229.57,-4.17427
2232.29,-4.16155
2235,-4.1489
2237.69,-4.13631
2240.38,-4.12379
2243.05,-4.11133
2245.71,-4.09894
2248.36,-4.08661
2250.99,-4.07435
2253.61,-4.06215
2256.22,-4.05002
2258.82,-4.03795
2261.41,-4.02594
2263.98,-4.01399
2266.55,-4.0021
2269.1,-3.99028
2271.64,-3.97852
2274.16,-3.96682
2276.68,-3.95517
2279.18,-3.94359
2281.67,-3.93207
2284.15,-3.9206
2286.62,-3.9092
2289.07,-3.89785
2291.52,-3.88656
2293.95,-3.87533
2296.37,-3.86415
2298.77,-3.85303
2301.17,-3.84197
2303.55,-3.83097
2305.93,-3.82002
2308.29,-3.80912
2310.63,-3.79828
2312.97,-3.78749
2315.29,-3.77676
2317.61,-3.76608
2319.91,-3.75546
2322.19,-3.74488
2324.47,-3.73436
2326.74,-3.7239
2328.99,-3.71348
2331.23,-3.70312
2333.46,-3.6928
2335.68,-3.68254
2337.88,-3.67233
2340.08,-3.66217
2342.26,-3.65206
2344.43,-3.64199
2346.59,-3.63198
2348.74,-3.62202
2350.87,-3.6121
2353,-3.60223
2355.11,-3.59241
2357.21,-3.58264
2359.3,-3.57291
2361.37,-3.56324
2363.44,-3.5536
2365.49,-3.54402
2367.53,-3.53448
2369.56,-3.52498
2371.58,-3.51553
2373.59,-3.50613
2375.58,-3.49677
2377.57,-3.48745
2379.54,-3.47818
2381.5,-3.46895
2383.44,-3.45977
2385.38,-3.45063
2387.31,-3.44153
2389.22,-3.43247
2391.12,-3.42346
2393.01,-3.41449
2394.89,-3.40555
2396.76,-3.39667
2398.61,-3.38782
2400.46,-3.37901
2402.29,-3.37024
2404.11,-3.36151
2405.92,-3.35283
2407.72,-3.34418
2409.5,-3.33557
2411.28,-3.327
2413.04,-3.31847
2414.79,-3.30998
2416.53,-3.30153
2418.26,-3.29311
2419.98,-3.28473
2421.68,-3.27639
2423.38,-3.26809
2425.06,-3.25982
2426.73,-3.25159
2428.39,-3.2434
2430.04,-3.23524
2431.68,-3.22712
2433.3,-3.21904
2434.91,-3.21099
2436.52,-3.20297
2438.11,-3.19499
2439.69,-3.18704
2441.25,-3.17913
2442.81,-3.17126
2444.36,-3.16341
2445.89,-3.1556
2447.41,-3.14783
2448.92,-3.14008
2450.42,-3.13237
2451.91,-3.1247
2453.39,-3.11705
2454.85,-3.10944
2456.31,-3.10186
2457.75,-3.09431
2459.18,-3.08679
2460.6,-3.0793
2462.01,-3.07185
2463.41,-3.06442
2464.79,-3.05703
2466.17,-3.04967
2467.53,-3.04233
2468.88,-3.03503
2470.22,-3.02775
2471.55,-3.02051
2472.87,-3.0133
2474.18,-3.00611
2475.47,-2.99895
2476.76,-2.99182
2478.03,-2.98472
2479.29,-2.97765
2480.54,-2.97061
2481.78,-2.96359
2483.01,-2.95661
2484.22,-2.94964
2485.43,-2.94271
2486.62,-2.9358
2487.81,-2.92892
2488.98,-2.92207
2490.14,-2.91524
2491.29,-2.90844
2492.42,-2.90167
2493.55,-2.89492
2494.66,-2.8882
2495.77,-2.8815
2496.86,-2.87482
2497.94,-2.86818
2499.01,-2.86155
2500.07,-2.85495
2501.12,-2.84838
2502.16,-2.84183
2503.18,-2.8353
2504.2,-2.8288
2505.2,-2.82232
2506.19,-2.81587
2507.17,-2.80944
2508.14,-2.80303
2509.1,-2.79664
2510.05,-2.79028
2510.98,-2.78394
2511.91,-2.77762
2512.82,-2.77132
2513.72,-2.76505
2514.62,-2.7588
2515.5,-2.75257
2516.37,-2.74636
2517.22,-2.74017
2518.07,-2.734
2518.91,-2.72786
2519.73,-2.72173
2520.54,-2.71563
2521.35,-2.70954
2522.14,-2.70348
2522.92,-2.69744
2523.69,-2.69141
2524.44,-2.68541
2525.19,-2.67942
2525.93,-2.67346
2526.65,-2.66751
2527.37,-2.66158
2528.07,-2.65568
2528.76,-2.64979
2529.44,-2.64391
2530.11,-2.63806
2530.77,-2.63223
2531.41,-2.62641
2532.05,-2.62061
2532.67,-2.61483
2533.29,-2.60907
2533.89,-2.60332
2534.48,-2.59759
2535.06,-2.59188
2535.63,-2.58619
2536.19,-2.58051
2536.74,-2.57485
2537.27,-2.5692
2537.8,-2.56357
2538.31,-2.55796
2538.82,-2.55236
2539.31,-2.54678
2539.79,-2.54122
2540.26,-2.53567
2540.72,-2.53013
2541.16,-2.52461
2541.6,-2.51911
2542.03,-2.51362
2542.44,-2.50814
2542.85,-2.50268
2543.24,-2.49723
2543.62,-2.4918
2543.99,-2.48638
2544.35,-2.48098
2544.7,-2.47559
2545.03,-2.47021
2545.36,-2.46485
2545.68,-2.4595
2545.98,-2.45416
2546.27,-2.44884
2546.56,-2.44353
2546.83,-2.43823
2547.09,-2.43294
2547.34,-2.42767
2547.57,-2.42241
2547.8,-2.41716
2548.02,-2.41192
2548.22,-2.4067
2548.42,-2.40148
2548.6,-2.39628
2548.77,-2.39109
2548.93,-2.38591
2549.08,-2.38074
2549.22,-2.37558
2549.35,-2.37044
2549.47,-2.3653
2549.57,-2.36017
2549.67,-2.35506
2549.75,-2.34995
2549.82,-2.34486
2549.89,-2.33977
2549.94,-2.33469
2549.98,-2.32963
2550,-2.32457
2550.02,-2.31952
2550.03,-2.31448
2550.02,-2.30945
2550.01,-2.30443
2549.98,-2.29942
2549.95,-2.29441
2549.9,-2.28942
2549.84,-2.28443
2549.77,-2.27945
2549.69,-2.27448
2549.59,-2.26951
2549.49,-2.26456
2549.38,-2.25961
2549.25,-2.25467
2549.11,-2.24973
2548.97,-2.2448
2548.81,-2.23988
2548.64,-2.23497
2548.46,-2.23006
2548.27,-2.22516
2548.06,-2.22026
2547.85,-2.21537
2547.63,-2.21049
2547.39,-2.20561
2547.14,-2.20074
2546.89,-2.19587
2546.62,-2.19101
2546.34,-2.18616
2546.05,-2.1813
2545.75,-2.17646
2545.43,-2.17162
2545.11,-2.16678
2544.77,-2.16195
2544.43,-2.15712
2544.07,-2.15229
2543.7,-2.14747
2543.32,-2.14266
2542.93,-2.13784
2542.53,-2.13303
2542.12,-2.12822
2541.7,-2.12342
2541.26,-2.11862
2540.82,-2.11382
2540.36,-2.10903
2539.89,-2.10423
2539.42,-2.09944
2538.93,-2.09465
2538.43,-2.08987
2537.92,-2.08508
2537.39,-2.0803
2536.86,-2.07552
2536.31,-2.07074
2535.76,-2.06596
2535.19,-2.06118
2534.61,-2.0564
2534.02,-2.05163
2533.42,-2.04685
2532.81,-2.04207
2532.19,-2.0373
2531.56,-2.03252
2530.91,-2.02775
2530.26,-2.02297
2529.59,-2.01819
2528.91,-2.01341
2528.22,-2.00864
2527.52,-2.00386
2526.81,-1.99907
2526.09,-1.99429
2525.36,-1.98951
2524.61,-1.98472
2523.86,-1.97993
2523.09,-1.97514
2522.31,-1.97035
2521.53,-1.96555
2520.73,-1.96075
2519.91,-1.95595
2519.09,-1.95115
2518.26,-1.94634
2517.42,-1.94153
2516.56,-1.93672
2515.69,-1.9319
2514.82,-1.92708
2513.93,-1.92225
2513.03,-1.91742
2512.12,-1.91258
2511.19,-1.90774
2510.26,-1.90289
2509.31,-1.89804
2508.36,-1.89319
2507.39,-1.88832
2506.41,-1.88346
2505.42,-1.87858
2504.42,-1.8737
2503.41,-1.86881
2502.39,-1.86392
2501.35,-1.85902
2500.31,-1.85411
2499.25,-1.8492
2498.18,-1.84427
2497.11,-1.83934
2496.02,-1.8344
2494.91,-1.82946
2493.8,-1.8245
2492.68,-1.81954
2491.54,-1.81457
2490.4,-1.80958
2489.24,-1.80459
2488.07,-1.79959
2486.89,-1.79458
2485.7,-1.78956
2484.5,-1.78453
2483.28,-1.77949
2482.06,-1.77444
2480.82,-1.76937
2479.57,-1.7643
2478.31,-1.75921
2477.04,-1.75412
2475.76,-1.74901
2474.47,-1.74388
2473.17,-1.73875
2471.85,-1.7336
2470.52,-1.72844
2469.19,-1.72327
2467.84,-1.71808
2466.48,-1.71288
2465.1,-1.70766
2463.72,-1.70243
2462.33,-1.69719
2460.92,-1.69193
2459.5,-1.68666
2458.07,-1.68137
2456.63,-1.67606
2455.18,-1.67074
2453.72,-1.6654
2452.25,-1.66005
2450.76,-1.65468
2449.26,-1.64929
2447.75,-1.64388
2446.23,-1.63846
2444.7,-1.63301
2443.16,-1.62755
2441.61,-1.62207
2440.04,-1.61658
2438.46,-1.61106
2436.88,-1.60552
2435.28,-1.59996
2433.67,-1.59438
2432.04,-1.58879
2430.41,-1.58317
2428.76,-1.57752
2427.11,-1.57186
2425.44,-1.56618
2423.76,-1.56047
2422.07,-1.55474
2420.36,-1.54899
2418.65,-1.54321
2416.92,-1.53741
2415.19,-1.53158
2413.44,-1.52573
2411.68,-1.51986
2409.9,-1.51396
2408.12,-1.50804
2406.33,-1.50208
2404.52,-1.49611
2402.7,-1.4901
2400.87,-1.48407
2399.03,-1.47801
2397.18,-1.47192
2395.31,-1.46581
2393.44,-1.45966
2391.55,-1.45349
2389.65,-1.44728
2387.74,-1.44105
2385.82,-1.43478
2383.88,-1.42849
2381.94,-1.42216
2379.98,-1.4158
2378.01,-1.40941
2376.03,-1.40298
2374.04,-1.39652
2372.03,-1.39003
2370.02,-1.3835
2367.99,-1.37694
2365.95,-1.37035
2363.9,-1.36372
2361.84,-1.35705
2359.77,-1.35034
2357.68,-1.3436
2355.58,-1.33682
2353.47,-1.33
2351.35,-1.32314
2349.22,-1.31625
2347.07,-1.30931
2344.92,-1.30233
2342.75,-1.29531
2340.57,-1.28825
2338.38,-1.28115
2336.18,-1.27401
2333.96,-1.26682
2331.73,-1.25959
2329.5,-1.25231
2327.25,-1.24499
2324.98,-1.23762
2322.71,-1.23021
2320.42,-1.22275
2318.13,-1.21524
2315.82,-1.20769
2313.49,-1.20008
2311.16,-1.19243
2308.82,-1.18472
2306.46,-1.17697
2304.09,-1.16916
2301.71,-1.1613
2299.32,-1.15339
2296.91,-1.14542
2294.49,-1.1374
2292.07,-1.12933
2289.63,-1.1212
2287.17,-1.11301
2284.71,-1.10477
2282.23,-1.09646
2279.74,-1.0881
2277.24,-1.07968
2274.73,-1.0712
2272.21,-1.06265
2269.67,-1.05405
2267.12,-1.04538
2264.56,-1.03665
2261.99,-1.02785
2259.41,-1.01899
2256.81,-1.01006
2254.2,-1.00107
2251.58,-0.992005
2248.95,-0.982873
2246.31,-0.973671
2243.65,-0.964398
2240.98,-0.955053
2238.3,-0.945636
2235.61,-0.936145
2232.9,-0.926579
2230.19,-0.916938
2227.46,-0.90722
2224.72,-0.897424
2221.96,-0.88755
2219.2,-0.877596
2216.42,-0.86756
2213.63,-0.857444
2210.83,-0.847244
2208.01,-0.83696
2205.19,-0.826591
2202.35,-0.816135
2199.5,-0.805592
2196.64,-0.79496
2193.76,-0.784238
2190.87,-0.773426
2187.98,-0.762521
2185.06,-0.751522
2182.14,-0.740428
2179.2,-0.729239
2176.26,-0.717952
2173.3,-0.706567
2170.32,-0.695081
2167.34,-0.683494
2164.34,-0.671804
2161.33,-0.660011
2158.31,-0.648111
2155.28,-0.636105
2152.23,-0.623991
2149.17,-0.611766
2146.1,-0.59943
2143.02,-0.586982
2139.92,-0.574419
2136.81,-0.56174
2133.69,-0.548944
2130.56,-0.536028
2127.42,-0.522992
2124.26,-0.509833
2121.09,-0.496551
2117.91,-0.483142
2114.71,-0.469606
2111.51,-0.455941
2108.29,-0.442145
2105.06,-0.428217
2101.81,-0.414153
2098.56,-0.399953
2095.29,-0.385615
2092.01,-0.371136
2088.72,-0.356516
2085.41,-0.341751
2082.09,-0.32684
2078.76,-0.311781
2075.42,-0.296571
2072.06,-0.281209
2068.7,-0.265693
2065.32,-0.250021
2061.92,-0.234189
2058.52,-0.218197
2055.1,-0.202041
2051.67,-0.18572
2048.23,-0.169231
2044.78,-0.152572
2041.31,-0.13574
2037.83,-0.118733
2034.34,-0.101548
2030.83,-0.0841842
2027.32,-0.0666374
2023.79,-0.0489054
2020.25,-0.0309859
2016.69,-0.0128757
2013.13,0.00542733
2009.55,0.0239265
2005.96,0.0426239
2002.35,0.0615227
1998.74,0.0806264
1995.11,0.0999369
1991.47,0.119458
1987.81,0.139192
1984.15,0.159142
1980.47,0.179312
1976.78,0.199704
1973.07,0.220322
1969.36,0.24117
1965.63,0.262249
1961.89,0.283565
1958.14,0.305119
1954.37,0.326916
1950.59,0.348959
1946.8,0.371251
1943,0.393798
1939.18,0.416601
1935.36,0.439665
1931.52,0.462993
1927.66,0.48659
1923.8,0.51046
1919.92,0.534606
1916.03,0.559032
1912.13,0.583743
1908.22,0.608743
1904.29,0.634036
1900.35,0.659627
1896.4,0.685519
1892.44,0.711718
1888.46,0.738228
1884.47,0.765053
1880.47,0.792198
1876.46,0.819668
1872.44,0.847468
1868.4,0.875603
1864.35,0.904078
1860.29,0.932898
1856.22,0.962068
1852.13,0.991593
1848.03,1.02148
1843.92,1.05173
1839.8,1.08235
1835.67,1.11335
1831.52,1.14474
1827.36,1.17651
1823.19,1.20868
1819.01,1.24124
1814.82,1.27422
1810.61,1.30761
1806.39,1.34141
1802.16,1.37564
1797.92,1.41031
1793.67,1.44541
1789.4,1.48096
1785.12,1.51696
1780.83,1.55341
1776.53,1.59034
1772.22,1.62774
1767.89,1.66561
1763.56,1.70398
1759.21,1.74284
1754.85,1.78221
1750.48,1.82208
1746.1,1.86247
1741.7,1.90339
1737.3,1.94485
1732.88,1.98684
1728.45,2.02939
1724.01,2.0725
1719.56,2.11618
1715.1,2.16043
1710.62,2.20527
1706.14,2.2507
1701.64,2.29674
1697.14,2.34339
1692.62,2.39067
1688.09,2.43857
1683.55,2.48712
1679,2.53633
1674.44,2.58619
1669.87,2.63673
1665.28,2.68795
1660.69,2.73986
1656.09,2.79248
1651.47,2.84581
1646.85,2.89987
1642.21,2.95467
1637.57,3.01021
1632.91,3.06652
1628.24,3.12359
1623.57,3.18145
1618.88,3.24011
1614.19,3.29957
1609.48,3.35985
1604.77,3.42097
1600.04,3.48293
1595.31,3.54575
1590.56,3.60944
1585.81,3.67401
1581.05,3.73948
1576.28,3.80586
1571.49,3.87317
1566.7,3.94141
1561.91,4.01061
1557.1,4.08077
1552.28,4.15192
1547.46,4.22406
1542.62,4.29721
1537.78,4.37138
1532.93,4.4466
1528.08,4.52287
1523.21,4.60021
1518.34,4.67863
1513.46,4.75816
1508.57,4.83881
1503.67,4.92059
1498.77,5.00351
1493.86,5.08761
1488.94,5.17288
1484.02,5.25935
1479.09,5.34704
1474.15,5.43595
1469.21,5.52612
1464.26,5.61754
1459.3,5.71025
1454.34,5.80426
1449.37,5.89958
1444.4,5.99623
1439.43,6.09423
1434.44,6.1936
1429.46,6.29435
1424.46,6.3965
1419.47,6.50006
1414.47,6.60506
1409.46,6.71151
1404.46,6.81943
1399.45,6.92883
1394.43,7.03973
1389.41,7.15214
1384.39,7.26609
1379.37,7.38159
1374.35,7.49865
1369.32,7.61729
1364.29,7.73753
1359.26,7.85938
1354.23,7.98285
1349.2,8.10796
1344.16,8.23472
1339.13,8.36315
1334.1,8.49325
1329.07,8.62505
1324.04,8.75855
1319.01,8.89376
1313.98,9.03069
1308.95,9.16936
1303.93,9.30976
1298.9,9.45192
1293.88,9.59583
1288.87,9.7415
1283.86,9.88894
1278.85,10.0382
1273.84,10.1891
1268.84,10.3419
1263.85,10.4964
1258.86,10.6527
1253.88,10.8108
1248.91,10.9706
1243.94,11.1322
1238.98,11.2955
1234.02,11.4606
1229.08,11.6274
1224.15,11.7959
1219.22,11.9661
1214.31,12.138
1209.4,12.3116
1204.51,12.4867
1199.63,12.6635
1194.76,12.8419
1189.9,13.0218
1185.06,13.2032
1180.23,13.3861
1175.42,13.5704
1170.62,13.7561
1165.84,13.9431
1161.07,14.1314
1156.32,14.3209
1151.59,14.5116
1146.88,14.7034
1142.19,14.8962
1137.52,15.09
1132.87,15.2846
1128.24,15.4801
1123.63,15.6762
1119.05,15.873
1114.49,16.0703
1109.95,16.2679
1105.44,16.4659
1100.96,16.6641
1096.5,16.8623
1092.07,17.0605
1087.67,17.2584
1083.3,17.4561
1078.96,17.6532
1074.66,17.8497
1070.38,18.0454
1066.14,18.2402
1061.93,18.4338
1057.76,18.6261
1053.62,18.8169
1049.52,19.006
1045.46,19.1933
1041.44,19.3784
1037.46,19.5613
1033.51,19.7416
1029.62,19.9192
1025.76,20.0939
1021.95,20.2653
1018.18,20.4333
1014.46,20.5976
1010.78,20.7579
1007.16,20.9141
1003.58,21.0657
1000.06,21.2127
996.583,21.3546
993.161,21.4913
989.793,21.6224
986.479,21.7477
983.221,21.8668
980.02,21.9796
976.877,22.0857
973.793,22.1849
970.769,22.2768
967.805,22.3611
964.904,22.4377
962.067,22.5062
959.293,22.5664
956.585,22.6179
953.943,22.6606
951.368,22.6941
948.861,22.7183
946.424,22.7329
944.057,22.7376
941.762,22.7322
939.538,22.7166
937.388,22.6905
935.311,22.6538
933.309,22.6063
931.383,22.5478
929.534,22.4781
927.762,22.3973
926.068,22.3051
924.452,22.2015
922.917,22.0865
921.461,21.9599
920.087,21.8217
918.794,21.672
917.583,21.5108
916.455,21.338
915.411,21.1538
914.45,20.9582
913.573,20.7514
912.781,20.5334
912.073,20.3044
911.452,20.0646
910.915,19.8142
910.465,19.5533
910.101,19.2822
909.823,19.0012
909.631,18.7105
909.526,18.4105
909.508,18.1013
909.576,17.7834
909.73,17.4571
909.971,17.1228
910.299,16.7807
910.712,16.4314
911.212,16.0752
911.797,15.7124
912.468,15.3436
913.224,14.9692
914.064,14.5895
914.989,14.205
915.998,13.8161
917.091,13.4234
918.266,13.0272
919.524,12.6279
920.864,12.2261
922.284,11.8222
923.786,11.4165
925.367,11.0096
927.028,10.6018
928.766,10.1936
930.583,9.78537
932.476,9.37754
934.446,8.97049
936.49,8.56461
938.609,8.16026
940.802,7.7578
943.067,7.35759
945.403,6.95996
947.811,6.56522
950.288,6.17368
952.833,5.78564
955.447,5.40138
958.127,5.02115
960.873,4.64521
963.683,4.27379
966.557,3.90711
969.494,3.54538
972.492,3.18878
975.551,2.83748
978.669,2.49166
981.845,2.15146
985.079,1.817
988.369,1.48841
991.714,1.1658
995.113,0.849254
998.565,0.538857
1002.07,0.234676
1005.62,-0.0632314
1009.23,-0.354821
1012.88,-0.640058
1016.58,-0.918916
1020.33,-1.19139
1024.12,-1.45746
1027.96,-1.71714
1031.84,-1.97044
1035.77,-2.21738
1039.73,-2.45799
1043.74,-2.69231
1047.78,-2.92037
1051.86,-3.14223
1055.99,-3.35794
1060.14,-3.56757
1064.34,-3.77116
1068.56,-3.9688
1072.82,-4.16056
1077.12,-4.34652
1081.44,-4.52675
1085.8,-4.70134
1090.19,-4.87037
1094.61,-5.03395
1099.05,-5.19215
1103.52,-5.34507
1108.02,-5.49281
1112.54,-5.63546
1117.09,-5.77312
1121.67,-5.90589
1126.27,-6.03387
1130.89,-6.15715
1135.53,-6.27584
1140.19,-6.39004
1144.87,-6.49985
1149.58,-6.60536
1154.3,-6.70668
1159.04,-6.8039
1163.8,-6.89713
1168.57,-6.98646
1173.36,-7.07199
1178.17,-7.15381
1182.99,-7.23201
1187.83,-7.3067
1192.68,-7.37796
1197.54,-7.44588
1202.42,-7.51056
1207.31,-7.57208
1212.21,-7.63053
1217.12,-7.686
1222.04,-7.73857
1226.97,-7.78831
1231.91,-7.83532
1236.86,-7.87967
1241.82,-7.92144
1246.78,-7.96071
1251.75,-7.99755
1256.73,-8.03203
1261.72,-8.06423
1266.71,-8.09422
1271.7,-8.12206
1276.71,-8.14782
1281.71,-8.17156
1286.72,-8.19336
1291.74,-8.21327
1296.76,-8.23135
1301.78,-8.24767
1306.8,-8.26228
1311.83,-8.27523
1316.86,-8.28658
1321.89,-8.29639
1326.92,-8.30471
1331.95,-8.31158
1336.98,-8.31706
1342.01,-8.32119
1347.04,-8.32403
1352.08,-8.32561
1357.11,-8.32598
1362.14,-8.32518
1367.17,-8.32326
1372.2,-8.32026
1377.22,-8.31621
1382.24,-8.31115
1387.27,-8.30512
1392.28,-8.29816
1397.3,-8.2903
1402.31,-8.28158
1407.32,-8.27202
1412.33,-8.26166
1417.33,-8.25054
1422.33,-8.23867
1427.32,-8.22609
1432.31,-8.21283
1437.29,-8.19892
1442.27,-8.18438
1447.25,-8.16924
1452.22,-8.15351
1457.18,-8.13724
1462.14,-8.12043
1467.09,-8.10312
1472.04,-8.08532
1476.98,-8.06706
1481.91,-8.04836
1486.84,-8.02923
1491.76,-8.0097
1496.67,-7.98978
1501.58,-7.96949
1506.47,-7.94886
1511.37,-7.92789
1516.25,-7.9066
1521.13,-7.88501
1526,-7.86314
1530.86,-7.84099
1535.71,-7.81859
1540.55,-7.79595
1545.39,-7.77308
1550.22,-7.74999
1555.04,-7.72669
1559.85,-7.7032
1564.65,-7.67954
1569.45,-7.6557
1574.23,-7.63171
1579.01,-7.60757
1583.77,-7.58329
1588.53,-7.55888
1593.28,-7.53436
1598.02,-7.50972
1602.75,-7.48499
1607.47,-7.46016
1612.18,-7.43525
1616.88,-7.41026
1621.57,-7.38521
1626.25,-7.3601
1630.92,-7.33493
1635.58,-7.30971
1640.22,-7.28446
1644.86,-7.25917
1649.49,-7.23385
1654.11,-7.20851
1658.72,-7.18316
1663.32,-7.15779
1667.91,-7.13242
1672.48,-7.10705
1677.05,-7.08168
1681.6,-7.05633
1686.15,-7.03098
1690.68,-7.00566
1695.2,-6.98035
1699.72,-6.95508
1704.22,-6.92983
1708.71,-6.90462
1713.18,-6.87944
1717.65,-6.85431
1722.11,-6.82922
1726.55,-6.80417
1730.99,-6.77918
1735.41,-6.75424
1739.82,-6.72936
1744.22,-6.70453
1748.6,-6.67977
1752.98,-6.65507
1757.35,-6.63043
1761.7,-6.60586
1766.04,-6.58137
1770.37,-6.55694
1774.69,-6.53259
1778.99,-6.50832
1783.29,-6.48412
1787.57,-6.46
1791.84,-6.43597
1796.1,-6.41202
1800.35,-6.38815
1804.58,-6.36436
1808.81,-6.34066
1813.02,-6.31705
1817.22,-6.29353
1821.4,-6.2701
1825.58,-6.24676
1829.74,-6.22352
1833.89,-6.20036
1838.03,-6.1773
1842.16,-6.15434
1846.28,-6.13147
1850.38,-6.10869
1854.47,-6.08602
1858.55,-6.06344
1862.62,-6.04096
1866.67,-6.01858
1870.71,-5.99629
1874.74,-5.97411
1878.76,-5.95203
1882.76,-5.93004
1886.76,-5.90816
1890.74,-5.88638
1894.71,-5.8647
1898.66,-5.84312
1902.61,-5.82164
1906.54,-5.80027
1910.46,-5.77899
1914.36,-5.75782
1918.26,-5.73675
1922.14,-5.71579
1926.01,-5.69492
1929.87,-5.67416
1933.71,-5.6535
1937.55,-5.63295
1941.37,-5.61249
1945.17,-5.59214
1948.97,-5.57189
1952.75,-5.55174
1956.52,-5.53169
1960.28,-5.51175
1964.03,-5.4919
1967.76,-5.47216
1971.48,-5.45252
1975.19,-5.43298
1978.89,-5.41354
1982.57,-5.3942
1986.24,-5.37497
1989.9,-5.35583
1993.55,-5.33679
1997.18,-5.31785
2000.8,-5.29901
2004.41,-5.28027
2008.01,-5.26163
2011.59,-5.24308
2015.17,-5.22464
2018.73,-5.20629
2022.27,-5.18804
2025.81,-5.16988
2029.33,-5.15182
2032.84,-5.13386
2036.34,-5.116
2039.82,-5.09822
2043.29,-5.08055
2046.75,-5.06297
2050.2,-5.04548
2053.63,-5.02809
2057.06,-5.01079
2060.47,-4.99358
2063.87,-4.97646
2067.25,-4.95944
2070.62,-4.94251
2073.98,-4.92567
2077.33,-4.90892
2080.67,-4.89226
2083.99,-4.87569
2087.3,-4.85921
2090.6,-4.84282
2093.89,-4.82652
2097.16,-4.8103
2100.42,-4.79418
2103.67,-4.77814
2106.91,-4.76218
2110.13,-4.74632
2113.34,-4.73053
2116.54,-4.71484
2119.73,-4.69923
2122.9,-4.6837
2126.07,-4.66826
2129.22,-4.6529
2132.35,-4.63762
2135.48,-4.62243
2138.59,-4.60731
2141.69,-4.59228
2144.78,-4.57733
2147.86,-4.56246
2150.92,-4.54768
2153.97,-4.53297
2157.01,-4.51833
2160.04,-4.50378
2163.05,-4.48931
2166.06,-4.47491
2169.05,-4.4606
2172.02,-4.44635
2174.99,-4.43219
2177.94,-4.4181
2180.88,-4.40409
2183.81,-4.39015
2186.73,-4.37628
2189.63,-4.36249
2192.53,-4.34878
2195.41,-4.33513
2198.27,-4.32156
2201.13,-4.30806
2203.97,-4.29464
2206.8,-4.28128
2209.62,-4.26799
2212.43,-4.25478
2215.22,-4.24164
2218.01,-4.22856
2220.78,-4.21556
2223.54,-4.20262
2226.28,-4.18975
2229.02,-4.17695
2231.74,-4.16422
2234.45,-4.15155
2237.15,-4.13895
2239.83,-4.12642
2242.51,-4.11395
2245.17,-4.10154
2247.82,-4.08921
2250.45,-4.07693
2253.08,-4.06472
2255.69,-4.05257
2258.29,-4.04049
2260.88,-4.02847
2263.46,-4.01651
2266.03,-4.00461
2268.58,-3.99278
2271.12,-3.981
2273.65,-3.96929
2276.17,-3.95764
2278.67,-3.94604
2281.17,-3.93451
2283.65,-3.92303
2286.12,-3.91162
2288.57,-3.90026
2291.02,-3.88896
2293.45,-3.87772
2295.88,-3.86653
2298.29,-3.8554
2300.68,-3.84433
2303.07,-3.83331
2305.44,-3.82235
2307.8,-3.81145
2310.16,-3.80059
2312.49,-3.7898
2314.82,-3.77905
2317.13,-3.76837
2319.44,-3.75773
2321.73,-3.74715
2324.01,-3.73662
2326.27,-3.72614
2328.53,-3.71572
2330.77,-3.70534
2333.01,-3.69502
2335.23,-3.68475
2337.43,-3.67453
2339.63,-3.66436
2341.82,-3.65423
2343.99,-3.64416
2346.15,-3.63414
2348.3,-3.62417
2350.44,-3.61424
2352.56,-3.60436
2354.68,-3.59454
2356.78,-3.58475
2358.87,-3.57502
2360.95,-3.56533
2363.02,-3.55569
2365.07,-3.5461
2367.12,-3.53655
2369.15,-3.52705
2371.17,-3.51759
2373.18,-3.50817
2375.17,-3.49881
2377.16,-3.48948
2379.13,-3.4802
2381.1,-3.47097
2383.05,-3.46177
2384.99,-3.45262
2386.91,-3.44352
2388.83,-3.43445
2390.73,-3.42543
2392.63,-3.41645
2394.51,-3.40751
2396.38,-3.39862
2398.23,-3.38976
2400.08,-3.38094
2401.91,-3.37217
2403.74,-3.36343
2405.55,-3.35474
2407.35,-3.34609
2409.14,-3.33747
2410.91,-3.32889
2412.68,-3.32036
2414.43,-3.31186
2416.18,-3.3034
2417.91,-3.29497
2419.63,-3.28659
2421.33,-3.27824
2423.03,-3.26993
2424.71,-3.26166
2426.39,-3.25342
2428.05,-3.24522
2429.7,-3.23706
2431.34,-3.22893
2432.97,-3.22084
2434.58,-3.21278
2436.19,-3.20476
2437.78,-3.19677
2439.36,-3.18882
2440.93,-3.1809
2442.49,-3.17302
2444.04,-3.16517
2445.57,-3.15735
2447.1,-3.14957
2448.61,-3.14182
2450.11,-3.1341
2451.6,-3.12642
2453.08,-3.11877
2454.55,-3.11115
2456.01,-3.10356
2457.45,-3.09601
2458.89,-3.08849
2460.31,-3.08099
2461.72,-3.07353
2463.12,-3.0661
2464.51,-3.0587
2465.88,-3.05133
2467.25,-3.04399
2468.6,-3.03669
2469.95,-3.02941
2471.28,-3.02216
2472.6,-3.01494
2473.91,-3.00775
2475.2,-3.00058
2476.49,-2.99345
2477.76,-2.98634
2479.03,-2.97927
2480.28,-2.97222
2481.52,-2.9652
2482.75,-2.95821
2483.97,-2.95124
2485.18,-2.9443
2486.37,-2.93739
2487.56,-2.9305
2488.73,-2.92365
2489.89,-2.91681
2491.05,-2.91001
2492.19,-2.90323
2493.31,-2.89647
2494.43,-2.88975
2495.54,-2.88304
2496.63,-2.87637
2497.72,-2.86971
2498.79,-2.86309
2499.85,-2.85648
2500.9,-2.8499
2501.94,-2.84335
2502.97,-2.83682
2503.98,-2.83031
2504.99,-2.82383
2505.98,-2.81737
2506.97,-2.81094
2507.94,-2.80452
2508.9,-2.79813
2509.85,-2.79177
2510.79,-2.78542
2511.71,-2.7791
2512.63,-2.7728
2513.53,-2.76652
2514.43,-2.76026
2515.31,-2.75403
2516.18,-2.74782
2517.04,-2.74162
2517.89,-2.73545
2518.73,-2.7293
2519.56,-2.72318
2520.37,-2.71707
2521.18,-2.71098
2521.97,-2.70491
2522.75,-2.69886
2523.52,-2.69284
2524.28,-2.68683
2525.03,-2.68084
2525.77,-2.67487
2526.5,-2.66892
2527.21,-2.66299
2527.92,-2.65708
2528.61,-2.65119
2529.29,-2.64531
2529.96,-2.63946
2530.62,-2.63362
2531.27,-2.6278
2531.91,-2.622
2532.54,-2.61621
2533.15,-2.61045
2533.76,-2.6047
2534.35,-2.59897
2534.94,-2.59325
2535.51,-2.58755
2536.07,-2.58187
2536.62,-2.57621
2537.16,-2.57056
2537.68,-2.56493
2538.2,-2.55931
2538.7,-2.55371
2539.2,-2.54813
2539.68,-2.54256
2540.15,-2.53701
2540.61,-2.53147
2541.06,-2.52595
2541.5,-2.52044
2541.93,-2.51495
2542.35,-2.50947
2542.75,-2.50401
2543.15,-2.49856
2543.53,-2.49313
2543.9,-2.48771
2544.27,-2.4823
2544.62,-2.47691
2544.96,-2.47153
2545.28,-2.46616
2545.6,-2.46081
2545.91,-2.45547
2546.2,-2.45014
2546.49,-2.44483
2546.76,-2.43953
2547.02,-2.43424
2547.27,-2.42897
2547.52,-2.4237
2547.74,-2.41845
2547.96,-2.41321
2548.17,-2.40799
2548.37,-2.40277
2548.55,-2.39757
2548.73,-2.39237
2548.89,-2.38719
2549.04,-2.38202
2549.18,-2.37686
2549.31,-2.37171
2549.43,-2.36657
2549.54,-2.36145
2549.64,-2.35633
2549.72,-2.35122
2549.8,-2.34612
2549.86,-2.34104
2549.91,-2.33596
2549.96,-2.33089
2549.99,-2.32583
2550.01,-2.32078
2550.02,-2.31574
2550.01,-2.31071
2550,-2.30569
2549.98,-2.30067
2549.94,-2.29567
2549.9,-2.29067
2549.84,-2.28568
2549.77,-2.2807
2549.69,-2.27573
2549.6,-2.27076
2549.5,-2.2658
2549.39,-2.26085
2549.26,-2.25591
2549.13,-2.25097
2548.98,-2.24605
2548.83,-2.24112
2548.66,-2.23621
2548.48,-2.2313
2548.29,-2.2264
2548.09,-2.2215
2547.88,-2.21661
2547.66,-2.21173
2547.43,-2.20685
2547.18,-2.20198
2546.93,-2.19711
2546.66,-2.19225
2546.38,-2.18739
2546.09,-2.18254
2545.79,-2.17769
2545.48,-2.17285
2545.16,-2.16801
2544.83,-2.16318
2544.49,-2.15835
2544.13,-2.15352
2543.77,-2.1487
2543.39,-2.14389
2543,-2.13907
2542.6,-2.13426
2542.19,-2.12945
2541.77,-2.12465
2541.34,-2.11985
2540.9,-2.11505
2540.44,-2.11026
2539.98,-2.10546
2539.5,-2.10067
2539.01,-2.09588
2538.51,-2.0911
2538.01,-2.08631
2537.48,-2.08153
2536.95,-2.07675
2536.41,-2.07197
2535.86,-2.06719
2535.29,-2.06241
2534.72,-2.05763
2534.13,-2.05286
2533.53,-2.04808
2532.92,-2.04331
2532.3,-2.03853
2531.67,-2.03376
2531.03,-2.02898
2530.38,-2.0242
2529.71,-2.01943
2529.04,-2.01465
2528.35,-2.00987
2527.65,-2.00509
2526.94,-2.00031
2526.22,-1.99553
2525.49,-1.99075
2524.75,-1.98596
2524,-1.98117
2523.23,-1.97638
2522.46,-1.97159
2521.67,-1.9668
2520.87,-1.962
2520.07,-1.9572
2519.25,-1.9524
2518.41,-1.94759
2517.57,-1.94278
2516.72,-1.93797
2515.85,-1.93315
2514.98,-1.92833
2514.09,-1.9235
2513.19,-1.91867
2512.29,-1.91384
2511.37,-1.909
2510.43,-1.90416
2509.49,-1.89931
2508.54,-1.89445
2507.57,-1.88959
2506.6,-1.88472
2505.61,-1.87985
2504.61,-1.87497
2503.6,-1.87009
2502.58,-1.8652
2501.55,-1.8603
2500.51,-1.85539
2499.45,-1.85048
2498.39,-1.84556
2497.31,-1.84063
2496.22,-1.83569
2495.12,-1.83075
2494.01,-1.8258
2492.89,-1.82083
2491.76,-1.81586
2490.61,-1.81088
2489.46,-1.8059
2488.29,-1.8009
2487.11,-1.79589
2485.92,-1.79087
2484.72,-1.78584
2483.51,-1.7808
2482.29,-1.77576
2481.06,-1.77069
2479.81,-1.76562
2478.55,-1.76054
2477.29,-1.75545
2476.01,-1.75034
2474.72,-1.74522
2473.41,-1.74009
2472.1,-1.73494
2470.78,-1.72979
2469.44,-1.72462
2468.09,-1.71943
2466.74,-1.71423
2465.37,-1.70902
2463.98,-1.7038
2462.59,-1.69856
2461.19,-1.6933
2459.77,-1.68803
2458.35,-1.68274
2456.91,-1.67744
2455.46,-1.67213
2454,-1.66679
2452.53,-1.66144
2451.04,-1.65607
2449.55,-1.65069
2448.04,-1.64529
2446.53,-1.63987
2445,-1.63443
2443.46,-1.62897
2441.91,-1.6235
2440.34,-1.618
2438.77,-1.61249
2437.18,-1.60696
2435.58,-1.6014
2433.98,-1.59583
2432.35,-1.59024
2430.72,-1.58462
2429.08,-1.57899
2427.43,-1.57333
2425.76,-1.56765
2424.08,-1.56195
2422.39,-1.55622
2420.69,-1.55047
2418.98,-1.5447
2417.26,-1.53891
2415.52,-1.53309
2413.77,-1.52724
2412.02,-1.52138
2410.25,-1.51548
2408.46,-1.50956
2406.67,-1.50362
2404.87,-1.49765
2403.05,-1.49165
2401.22,-1.48562
2399.39,-1.47957
2397.53,-1.47349
2395.67,-1.46738
2393.8,-1.46124
2391.91,-1.45507
2390.02,-1.44887
2388.11,-1.44264
2386.19,-1.43639
2384.26,-1.4301
2382.31,-1.42378
2380.36,-1.41742
2378.39,-1.41104
2376.41,-1.40462
2374.42,-1.39817
2372.42,-1.39169
2370.41,-1.38517
2368.38,-1.37861
2366.35,-1.37203
2364.3,-1.3654
2362.24,-1.35874
2360.17,-1.35204
2358.08,-1.34531
2355.99,-1.33854
2353.88,-1.33173
2351.76,-1.32488
2349.63,-1.31799
2347.49,-1.31106
2345.34,-1.3041
2343.17,-1.29709
2340.99,-1.29004
2338.8,-1.28294
2336.6,-1.27581
2334.39,-1.26863
2332.17,-1.26141
2329.93,-1.25414
2327.68,-1.24683
2325.42,-1.23947
2323.15,-1.23207
2320.87,-1.22462
2318.57,-1.21712
2316.26,-1.20958
2313.94,-1.20198
2311.61,-1.19434
2309.27,-1.18665
2306.92,-1.1789
2304.55,-1.17111
2302.17,-1.16326
2299.78,-1.15536
2297.38,-1.1474
2294.96,-1.13939
2292.54,-1.13133
2290.1,-1.12321
2287.65,-1.11504
2285.19,-1.1068
2282.71,-1.09851
2280.23,-1.09017
2277.73,-1.08176
2275.22,-1.07329
2272.7,-1.06476
2270.16,-1.05617
2267.62,-1.04751
2265.06,-1.03879
2262.49,-1.03001
2259.91,-1.02116
2257.31,-1.01225
2254.71,-1.00327
2252.09,-0.994221
2249.46,-0.985103
2246.82,-0.975916
2244.16,-0.966659
2241.5,-0.957329
2238.82,-0.947928
2236.13,-0.938452
2233.43,-0.928903
2230.71,-0.919278
2227.99,-0.909576
2225.25,-0.899797
2222.5,-0.889939
2219.73,-0.880002
2216.96,-0.869984
2214.17,-0.859885
2211.37,-0.849703
2208.56,-0.839436
2205.74,-0.829085
2202.9,-0.818648
2200.05,-0.808124
2197.19,-0.797511
2194.32,-0.786808
2191.44,-0.776015
2188.54,-0.765129
2185.63,-0.75415
2182.71,-0.743077
2179.78,-0.731907
2176.83,-0.720641
2173.87,-0.709276
2170.9,-0.697812
2167.92,-0.686247
2164.92,-0.674578
2161.92,-0.662807
2158.9,-0.65093
2155.87,-0.638946
2152.82,-0.626854
2149.77,-0.614653
2146.7,-0.60234
2143.62,-0.589916
2140.52,-0.577377
2137.42,-0.564722
2134.3,-0.55195
2131.17,-0.53906
2128.03,-0.526049
2124.87,-0.512916
2121.71,-0.499659
2118.53,-0.486277
2115.34,-0.472768
2112.13,-0.45913
2108.92,-0.445361
2105.69,-0.43146
2102.45,-0.417424
2099.19,-0.403253
2095.93,-0.388943
2092.65,-0.374494
2089.36,-0.359902
2086.05,-0.345168
2082.74,-0.330287
2079.41,-0.315259
2076.07,-0.30008
2072.72,-0.284751
2069.35,-0.269266
2065.98,-0.253626
2062.59,-0.237828
2059.18,-0.221868
2055.77,-0.205747
2052.34,-0.18946
2048.9,-0.173005
2045.45,-0.156382
2041.98,-0.139585
2038.51,-0.122615
2035.02,-0.105467
2031.52,-0.0881401
2028,-0.070631
2024.48,-0.0529376
2020.94,-0.0350565
2017.38,-0.0169861
2013.82,0.00127728
2010.24,0.019736
2006.66,0.0383924
2003.05,0.05725
1999.44,0.0763115
1995.81,0.0955795
1992.18,0.115057
1988.52,0.134747
1984.86,0.154653
1981.18,0.174777
1977.5,0.195124
1973.8,0.215696
1970.08,0.236496
1966.36,0.257528
1962.62,0.278795
1958.87,0.3003
1955.1,0.322047
1951.33,0.34404
1947.54,0.366281
1943.74,0.388775
1939.93,0.411526
1936.1,0.434536
1932.27,0.457811
1928.42,0.481353
1924.55,0.505167
1920.68,0.529256
1916.79,0.553625
1912.89,0.578278
1908.98,0.603219
1905.06,0.628452
1901.12,0.653982
1897.17,0.679813
1893.21,0.70595
1889.24,0.732396
1885.25,0.759157
1881.26,0.786237
1877.25,0.813641
1873.22,0.841374
1869.19,0.869441
1865.14,0.897846
1861.08,0.926596
1857.01,0.955695
1852.93,0.985147
1848.83,1.01496
1844.73,1.04514
1840.61,1.07569
1836.47,1.10661
1832.33,1.13791
1828.17,1.16961
1824.01,1.2017
1819.83,1.23418
1815.63,1.26707
1811.43,1.30038
1807.21,1.3341
1802.99,1.36824
1798.75,1.40282
1794.5,1.43783
1790.23,1.47329
1785.96,1.5092
1781.67,1.54556
1777.37,1.58239
1773.06,1.6197
1768.74,1.65748
1764.4,1.69575
1760.06,1.73451
1755.7,1.77377
1751.33,1.81354
1746.95,1.85383
1742.56,1.89464
1738.16,1.93599
1733.74,1.97788
1729.31,2.02031
1724.88,2.06331
1720.43,2.10687
1715.97,2.15101
1711.5,2.19573
1707.01,2.24104
1702.52,2.28696
1698.02,2.33349
1693.5,2.38064
1688.97,2.42842
1684.44,2.47684
1679.89,2.52591
1675.33,2.57564
1670.76,2.62605
1666.18,2.67713
1661.59,2.7289
1656.98,2.78138
1652.37,2.83457
1647.75,2.88848
1643.12,2.94313
1638.47,2.99853
1633.82,3.05468
1629.15,3.1116
1624.48,3.16931
1619.8,3.2278
1615.1,3.2871
1610.4,3.34722
1605.69,3.40817
1600.96,3.46996
1596.23,3.53261
1591.49,3.59613
1586.74,3.66052
1581.98,3.72581
1577.21,3.79201
1572.43,3.85914
1567.64,3.92719
1562.84,3.9962
1558.04,4.06617
1553.22,4.13712
1548.4,4.20906
1543.57,4.28201
1538.73,4.35598
1533.88,4.43099
1529.02,4.50705
1524.16,4.58418
1519.29,4.66239
1514.41,4.7417
1509.52,4.82213
1504.63,4.90368
1499.73,4.98638
1494.82,5.07024
1489.9,5.15528
1484.98,5.24151
1480.05,5.32896
1475.11,5.41763
1470.17,5.50755
1465.22,5.59873
1460.27,5.69118
1455.31,5.78493
1450.34,5.87999
1445.37,5.97638
1440.4,6.07412
1435.42,6.17322
1430.43,6.27369
1425.44,6.37557
1420.44,6.47885
1415.44,6.58357
1410.44,6.68973
1405.43,6.79736
1400.42,6.90647
1395.41,7.01707
1390.39,7.12919
1385.37,7.24284
1380.35,7.35803
1375.33,7.47479
1370.3,7.59312
1365.27,7.71304
1360.24,7.83457
1355.21,7.95773
1350.18,8.08251
1345.15,8.20895
1340.11,8.33706
1335.08,8.46683
1330.05,8.5983
1325.02,8.73146
1319.99,8.86634
1314.96,9.00294
1309.93,9.14126
1304.91,9.28133
1299.88,9.42315
1294.86,9.56672
1289.85,9.71205
1284.83,9.85914
1279.82,10.008
1274.82,10.1586
1269.82,10.3111
1264.82,10.4652
1259.84,10.6212
1254.85,10.7789
1249.88,10.9384
1244.91,11.0997
1239.94,11.2627
1234.99,11.4274
1230.05,11.5939
1225.11,11.7621
1220.18,11.9319
1215.26,12.1035
1210.36,12.2767
1205.46,12.4516
1200.58,12.6281
1195.71,12.8061
1190.85,12.9857
1186,13.1669
1181.17,13.3495
1176.36,13.5335
1171.56,13.7189
1166.77,13.9057
1162,14.0938
1157.25,14.2831
1152.52,14.4736
1147.8,14.6652
1143.11,14.8578
1138.43,15.0514
1133.77,15.2459
1129.14,15.4412
1124.53,15.6372
1119.94,15.8339
1115.38,16.0311
1110.84,16.2287
1106.32,16.4267
1101.83,16.6248
1097.37,16.823
1092.94,17.0213
1088.53,17.2193
1084.15,17.417
1079.81,17.6143
1075.5,17.8109
1071.21,18.0068
1066.97,18.2018
1062.75,18.3957
1058.57,18.5883
1054.43,18.7794
1050.32,18.9689
1046.25,19.1566
1042.22,19.3422
1038.23,19.5255
1034.28,19.7064
1030.37,19.8846
1026.51,20.0598
1022.69,20.2319
1018.91,20.4006
1015.18,20.5657
1011.5,20.7269
1007.86,20.8839
1004.28,21.0365
1000.74,21.1844
997.257,21.3274
993.825,21.4651
990.446,21.5974
987.122,21.7238
983.853,21.8443
980.641,21.9583
977.486,22.0658
974.39,22.1664
971.354,22.2597
968.379,22.3456
965.466,22.4238
962.616,22.494
959.829,22.5558
957.108,22.6091
954.453,22.6536
951.865,22.6889
949.345,22.715
946.895,22.7315
944.514,22.7382
942.204,22.7349
939.966,22.7213
937.802,22.6973
935.71,22.6628
933.694,22.6174
931.753,22.5611
929.889,22.4937
928.101,22.4151
926.392,22.3252
924.761,22.2239
923.21,22.1111
921.739,21.9868
920.349,21.8509
919.04,21.7035
917.813,21.5446
916.669,21.3741
915.608,21.1922
914.63,20.9989
913.737,20.7942
912.928,20.5785
912.205,20.3517
911.566,20.114
911.013,19.8656
910.546,19.6068
910.165,19.3378
909.87,19.0587
909.662,18.7699
909.54,18.4717
909.504,18.1643
909.555,17.8481
909.693,17.5235
909.917,17.1907
910.228,16.8502
910.624,16.5023
911.107,16.1474
911.676,15.7859
912.33,15.4183
913.069,15.0449
913.893,14.6662
914.802,14.2827
915.794,13.8947
916.871,13.5027
918.03,13.1071
919.272,12.7084
920.595,12.3071
922,11.9035
923.486,11.4982
925.052,11.0915
926.697,10.6838
928.42,10.2757
930.222,9.86746
932.1,9.45953
934.055,9.05231
936.085,8.64617
938.189,8.2415
940.368,7.83865
942.619,7.43797
944.941,7.03981
947.335,6.64448
949.798,6.25229
952.331,5.86354
954.931,5.47852
957.598,5.09748
960.331,4.72067
963.129,4.34835
965.991,3.98072
968.915,3.61799
971.902,3.26037
974.949,2.90801
978.055,2.5611
981.22,2.21977
984.443,1.88417
987.722,1.55442
991.056,1.23062
994.445,0.912864
997.887,0.601246
1001.38,0.29583
1004.93,-0.00332224
1008.52,-0.296165
1012.16,-0.58266
1015.86,-0.862785
1019.59,-1.13652
1023.38,-1.40386
1027.21,-1.6648
1031.08,-1.91937
1035,-2.16757
1038.95,-2.40943
1042.95,-2.64499
1046.99,-2.8743
1051.06,-3.09738
1055.18,-3.31431
1059.33,-3.52514
1063.51,-3.72993
1067.73,-3.92875
1071.99,-4.12167
1076.28,-4.30877
1080.6,-4.49013
1084.95,-4.66584
1089.33,-4.83597
1093.74,-5.00063
1098.18,-5.15989
1102.65,-5.31386
1107.14,-5.46262
1111.66,-5.60628
1116.2,-5.74493
1120.77,-5.87866
1125.37,-6.00759
1129.98,-6.1318
1134.62,-6.25141
1139.28,-6.36649
1143.96,-6.47717
1148.66,-6.58354
1153.38,-6.68569
1158.11,-6.78372
1162.87,-6.87774
1167.64,-6.96785
1172.43,-7.05413
1177.23,-7.13668
1182.05,-7.21561
1186.88,-7.29099
1191.73,-7.36293
1196.59,-7.43152
1201.47,-7.49685
1206.35,-7.55899
1211.25,-7.61806
1216.16,-7.67412
1221.08,-7.72726
1226.01,-7.77757
1230.94,-7.82512
1235.89,-7.87001
1240.85,-7.91229
1245.81,-7.95206
1250.78,-7.98938
1255.76,-8.02434
1260.74,-8.05699
1265.73,-8.08742
1270.73,-8.11569
1275.73,-8.14187
1280.73,-8.16602
1285.74,-8.18821
1290.76,-8.2085
1295.78,-8.22695
1300.8,-8.24362
1305.82,-8.25857
1310.85,-8.27186
1315.87,-8.28353
1320.9,-8.29365
1325.93,-8.30227
1330.97,-8.30943
1336,-8.31519
1341.03,-8.3196
1346.06,-8.3227
1351.09,-8.32453
1356.13,-8.32515
1361.16,-8.32459
1366.19,-8.3229
1371.21,-8.32012
1376.24,-8.31628
1381.26,-8.31143
1386.29,-8.3056
1391.31,-8.29883
1396.32,-8.29116
1401.33,-8.28261
1406.34,-8.27322
1411.35,-8.26303
1416.35,-8.25206
1421.35,-8.24035
1426.35,-8.22792
1431.34,-8.2148
1436.32,-8.20103
1441.3,-8.18662
1446.28,-8.1716
1451.25,-8.156
1456.21,-8.13984
1461.17,-8.12315
1466.12,-8.10594
1471.07,-8.08825
1476.01,-8.07008
1480.95,-8.05147
1485.87,-8.03243
1490.8,-8.01299
1495.71,-7.99315
1500.62,-7.97294
1505.52,-7.95238
1510.41,-7.93148
1515.3,-7.91027
1520.18,-7.88875
1525.05,-7.86693
1529.91,-7.84485
1534.76,-7.82251
1539.61,-7.79992
1544.45,-7.77709
1549.28,-7.75405
1554.1,-7.73081
1558.91,-7.70736
1563.72,-7.68374
1568.51,-7.65994
1573.3,-7.63599
1578.08,-7.61188
1582.84,-7.58763
1587.6,-7.56326
1592.35,-7.53876
1597.09,-7.51416
1601.82,-7.48945
1606.55,-7.46464
1611.26,-7.43976
1615.96,-7.41479
1620.65,-7.38976
1625.33,-7.36466
1630,-7.33951
1634.67,-7.31431
1639.32,-7.28907
1643.96,-7.26379
1648.59,-7.23848
1653.21,-7.21315
1657.82,-7.18781
1662.42,-7.16245
1667.01,-7.13708
1671.59,-7.11172
1676.16,-7.08635
1680.72,-7.061
1685.26,-7.03566
1689.8,-7.01033
1694.32,-6.98503
1698.84,-6.95976
1703.34,-6.93451
1707.83,-6.90929
1712.31,-6.88411
1716.78,-6.85898
1721.24,-6.83388
1725.69,-6.80883
1730.12,-6.78383
1734.55,-6.75889
1738.96,-6.734
1743.36,-6.70916
1747.75,-6.68439
1752.13,-6.65968
1756.49,-6.63504
1760.85,-6.61046
1765.19,-6.58596
1769.52,-6.56152
1773.85,-6.53716
1778.15,-6.51288
1782.45,-6.48867
1786.74,-6.46454
1791.01,-6.44049
1795.27,-6.41652
1799.52,-6.39264
1803.76,-6.36885
1807.98,-6.34513
1812.2,-6.32151
1816.4,-6.29798
1820.59,-6.27453
1824.77,-6.25118
1828.93,-6.22792
1833.09,-6.20475
1837.23,-6.18167
1841.36,-6.15869
1845.47,-6.13581
1849.58,-6.11302
1853.67,-6.09033
1857.75,-6.06773
1861.82,-6.04523
1865.88,-6.02283
1869.92,-6.00053
1873.96,-5.97833
1877.98,-5.95623
1881.98,-5.93423
1885.98,-5.91233
1889.96,-5.89054
1893.93,-5.86884
1897.89,-5.84724
1901.84,-5.82575
1905.77,-5.80436
1909.69,-5.78306
1913.6,-5.76188
1917.5,-5.74079
1921.39,-5.71981
1925.26,-5.69892
1929.12,-5.67814
1932.97,-5.65747
1936.8,-5.63689
1940.62,-5.61642
1944.43,-5.59605
1948.23,-5.57578
1952.02,-5.55562
1955.79,-5.53555
1959.55,-5.51559
1963.3,-5.49573
1967.04,-5.47597
1970.76,-5.45631
1974.47,-5.43675
1978.17,-5.4173
1981.86,-5.39794
1985.53,-5.37869
1989.19,-5.35953
1992.84,-5.34047
1996.48,-5.32152
2000.1,-5.30266
2003.71,-5.2839
2007.31,-5.26524
2010.9,-5.24668
2014.47,-5.22822
2018.03,-5.20985
2021.58,-5.19159
2025.12,-5.17341
2028.64,-5.15534
2032.16,-5.13736
2035.66,-5.11948
2039.14,-5.10169
2042.62,-5.084
2046.08,-5.0664
2049.53,-5.0489
2052.97,-5.03148
2056.39,-5.01417
2059.8,-4.99694
2063.2,-4.97981
2066.59,-4.96277
2069.97,-4.94583
2073.33,-4.92897
2076.68,-4.9122
2080.02,-4.89553
2083.34,-4.87894
2086.66,-4.86245
2089.96,-4.84604
2093.25,-4.82972
2096.52,-4.81349
2099.79,-4.79735
2103.04,-4.7813
2106.28,-4.76533
2109.5,-4.74944
2112.72,-4.73365
2115.92,-4.71794
2119.11,-4.70231
2122.29,-4.68677
2125.45,-4.67131
2128.6,-4.65594
2131.74,-4.64065
2134.87,-4.62544
2137.99,-4.61031
2141.09,-4.59526
2144.18,-4.5803
2147.26,-4.56542
2150.32,-4.55061
2153.38,-4.53589
2156.42,-4.52124
2159.45,-4.50668
2162.47,-4.49219
2165.47,-4.47778
2168.46,-4.46345
2171.44,-4.44919
2174.41,-4.43502
2177.37,-4.42091
2180.31,-4.40689
2183.24,-4.39293
2186.16,-4.37906
2189.07,-4.36525
2191.96,-4.35152
2194.85,-4.33787
2197.72,-4.32428
2200.57,-4.31077
2203.42,-4.29733
2206.25,-4.28396
2209.08,-4.27066
2211.88,-4.25744
2214.68,-4.24428
2217.47,-4.23119
2220.24,-4.21818
2223,-4.20523
2225.75,-4.19235
2228.49,-4.17953
2231.21,-4.16679
2233.92,-4.15411
2236.62,-4.1415
2239.31,-4.12895
2241.99,-4.11647
2244.65,-4.10405
2247.3,-4.0917
2249.94,-4.07942
2252.57,-4.0672
2255.19,-4.05504
2257.79,-4.04294
2260.38,-4.03091
2262.96,-4.01894
2265.53,-4.00703
2268.08,-3.99519
2270.63,-3.9834
2273.16,-3.97168
2275.68,-3.96001
2278.19,-3.94841
2280.68,-3.93686
2283.17,-3.92538
2285.64,-3.91395
2288.1,-3.90258
2290.55,-3.89127
2292.98,-3.88002
2295.41,-3.86882
2297.82,-3.85768
2300.22,-3.8466
2302.61,-3.83557
2304.98,-3.8246
2307.35,-3.81369
2309.7,-3.80283
2312.04,-3.79202
2314.37,-3.78127
2316.69,-3.77057
2318.99,-3.75992
2321.28,-3.74933
2323.57,-3.73879
2325.84,-3.72831
2328.09,-3.71787
2330.34,-3.70749
2332.57,-3.69716
2334.8,-3.68688
2337.01,-3.67665
2339.2,-3.66647
2341.39,-3.65634
2343.57,-3.64626
2345.73,-3.63622
2347.88,-3.62624
2350.02,-3.61631
2352.15,-3.60642
2354.27,-3.59658
2356.37,-3.5868
2358.46,-3.57705
2360.55,-3.56736
2362.62,-3.55771
2364.67,-3.5481
2366.72,-3.53855
2368.75,-3.52904
2370.78,-3.51957
2372.79,-3.51015
2374.79,-3.50077
2376.78,-3.49144
2378.75,-3.48215
2380.72,-3.47291
2382.67,-3.46371
2384.61,-3.45455
2386.54,-3.44543
2388.46,-3.43636
2390.37,-3.42733
2392.26,-3.41834
2394.14,-3.4094
2396.01,-3.40049
2397.87,-3.39163
2399.72,-3.38281
2401.56,-3.37403
2403.39,-3.36528
2405.2,-3.35658
2407,-3.34792
2408.79,-3.3393
2410.57,-3.33071
2412.34,-3.32217
2414.1,-3.31366
2415.84,-3.3052
2417.57,-3.29677
2419.29,-3.28838
2421,-3.28002
2422.7,-3.2717
2424.39,-3.26342
2426.07,-3.25518
2427.73,-3.24697
2429.38,-3.2388
2431.02,-3.23067
2432.65,-3.22257
2434.27,-3.21451
2435.88,-3.20648
2437.47,-3.19849
2439.06,-3.19053
2440.63,-3.1826
2442.19,-3.17471
2443.74,-3.16686
2445.28,-3.15904
2446.81,-3.15125
2448.32,-3.14349
2449.83,-3.13577
2451.32,-3.12808
2452.8,-3.12042
2454.27,-3.1128
2455.73,-3.10521
2457.18,-3.09765
2458.61,-3.09012
2460.04,-3.08262
2461.45,-3.07515
2462.85,-3.06772
2464.24,-3.06031
2465.62,-3.05294
2466.99,-3.04559
2468.34,-3.03828
2469.69,-3.03099
2471.02,-3.02374
2472.35,-3.01651
2473.66,-3.00932
2474.96,-3.00215
2476.25,-2.99501
2477.52,-2.9879
2478.79,-2.98082
2480.04,-2.97377
2481.29,-2.96674
2482.52,-2.95974
2483.74,-2.95277
2484.95,-2.94583
2486.15,-2.93891
2487.33,-2.93202
2488.51,-2.92516
2489.67,-2.91832
2490.83,-2.91151
2491.97,-2.90473
2493.1,-2.89797
2494.22,-2.89124
2495.33,-2.88453
2496.43,-2.87785
2497.51,-2.87119
2498.59,-2.86456
2499.65,-2.85795
2500.7,-2.85137
2501.74,-2.84481
2502.77,-2.83828
2503.79,-2.83176
2504.8,-2.82528
2505.8,-2.81881
2506.78,-2.81237
2507.76,-2.80596
2508.72,-2.79956
2509.67,-2.79319
2510.61,-2.78684
2511.54,-2.78052
2512.46,-2.77421
2513.37,-2.76793
2514.26,-2.76167
2515.15,-2.75543
2516.02,-2.74922
2516.88,-2.74302
2517.73,-2.73685
2518.57,-2.73069
2519.4,-2.72456
2520.22,-2.71845
2521.03,-2.71236
2521.82,-2.70629
2522.61,-2.70024
2523.38,-2.69421
2524.14,-2.6882
2524.89,-2.6822
2525.63,-2.67623
2526.36,-2.67028
2527.08,-2.66435
2527.79,-2.65843
2528.48,-2.65253
2529.17,-2.64666
2529.84,-2.6408
2530.5,-2.63496
2531.15,-2.62914
2531.79,-2.62333
2532.42,-2.61754
2533.04,-2.61177
2533.65,-2.60602
2534.24,-2.60029
2534.83,-2.59457
2535.4,-2.58887
2535.97,-2.58318
2536.52,-2.57752
2537.06,-2.57187
2537.59,-2.56623
2538.11,-2.56061
2538.61,-2.55501
2539.11,-2.54943
2539.6,-2.54386
2540.07,-2.5383
2540.53,-2.53276
2540.98,-2.52724
2541.43,-2.52173
2541.86,-2.51623
2542.27,-2.51075
2542.68,-2.50529
2543.08,-2.49984
2543.47,-2.4944
2543.84,-2.48898
2544.2,-2.48357
2544.56,-2.47817
2544.9,-2.47279
2545.23,-2.46742
2545.55,-2.46207
2545.86,-2.45673
2546.15,-2.4514
2546.44,-2.44609
2546.72,-2.44078
2546.98,-2.43549
2547.23,-2.43022
2547.48,-2.42495
2547.71,-2.4197
2547.93,-2.41446
2548.14,-2.40923
2548.34,-2.40401
2548.52,-2.39881
2548.7,-2.39361
2548.87,-2.38843
2549.02,-2.38326
2549.16,-2.37809
2549.3,-2.37294
2549.42,-2.3678
2549.53,-2.36267
2549.63,-2.35756
2549.71,-2.35245
2549.79,-2.34735
2549.86,-2.34226
2549.91,-2.33718
2549.96,-2.33211
2549.99,-2.32705
2550.01,-2.322
2550.02,-2.31696
2550.02,-2.31192
2550.01,-2.3069
2549.99,-2.30188
2549.96,-2.29688
2549.91,-2.29188
2549.86,-2.28689
2549.79,-2.28191
2549.72,-2.27693
2549.63,-2.27197
2549.53,-2.26701
2549.42,-2.26206
2549.3,-2.25711
2549.17,-2.25218
2549.02,-2.24725
2548.87,-2.24232
2548.7,-2.23741
2548.53,-2.2325
2548.34,-2.2276
2548.14,-2.2227
2547.93,-2.21781
2547.71,-2.21292
2547.48,-2.20804
2547.24,-2.20317
2546.99,-2.1983
2546.72,-2.19344
2546.45,-2.18858
2546.16,-2.18373
2545.86,-2.17888
2545.55,-2.17404
2545.23,-2.1692
2544.9,-2.16437
2544.56,-2.15954
2544.21,-2.15472
2543.85,-2.1499
2543.47,-2.14508
2543.09,-2.14026
2542.69,-2.13545
2542.28,-2.13065
2541.86,-2.12584
2541.43,-2.12104
2540.99,-2.11624
2540.54,-2.11145
2540.08,-2.10666
2539.6,-2.10187
2539.12,-2.09708
2538.62,-2.09229
2538.12,-2.08751
2537.6,-2.08272
2537.07,-2.07794
2536.53,-2.07316
2535.98,-2.06838
2535.41,-2.06361
2534.84,-2.05883
2534.26,-2.05405
2533.66,-2.04928
2533.05,-2.0445
2532.44,-2.03973
2531.81,-2.03495
2531.17,-2.03018
2530.52,-2.0254
2529.85,-2.02063
2529.18,-2.01585
2528.5,-2.01107
2527.8,-2.0063
2527.09,-2.00152
2526.38,-1.99673
2525.65,-1.99195
2524.91,-1.98717
2524.16,-1.98238
2523.39,-1.97759
2522.62,-1.9728
2521.84,-1.96801
2521.04,-1.96321
2520.24,-1.95841
2519.42,-1.95361
2518.59,-1.94881
2517.75,-1.944
2516.9,-1.93919
2516.04,-1.93437
2515.16,-1.92955
2514.28,-1.92473
2513.38,-1.9199
2512.48,-1.91507
2511.56,-1.91023
2510.63,-1.90539
2509.69,-1.90054
2508.74,-1.89569
2507.77,-1.89083
2506.8,-1.88596
2505.82,-1.88109
2504.82,-1.87622
2503.81,-1.87133
2502.79,-1.86644
2501.76,-1.86155
2500.72,-1.85664
2499.67,-1.85173
2498.61,-1.84681
2497.53,-1.84189
2496.45,-1.83695
2495.35,-1.83201
2494.24,-1.82706
2493.12,-1.8221
2491.99,-1.81713
2490.85,-1.81216
2489.7,-1.80717
2488.53,-1.80218
2487.36,-1.79717
2486.17,-1.79215
2484.97,-1.78713
2483.76,-1.78209
2482.54,-1.77705
2481.31,-1.77199
2480.07,-1.76692
2478.81,-1.76184
2477.55,-1.75675
2476.27,-1.75165
2474.98,-1.74653
2473.68,-1.7414
2472.37,-1.73626
2471.05,-1.73111
2469.71,-1.72594
2468.37,-1.72076
2467.01,-1.71557
2465.65,-1.71036
2464.27,-1.70514
2462.88,-1.6999
2461.47,-1.69465
2460.06,-1.68938
2458.64,-1.6841
2457.2,-1.6788
2455.76,-1.67349
2454.3,-1.66816
2452.83,-1.66281
2451.35,-1.65745
2449.85,-1.65207
2448.35,-1.64667
2446.84,-1.64125
2445.31,-1.63582
2443.77,-1.63037
2442.22,-1.6249
2440.66,-1.61941
2439.09,-1.6139
2437.5,-1.60837
2435.91,-1.60282
2434.3,-1.59726
2432.68,-1.59167
2431.05,-1.58606
2429.41,-1.58043
2427.76,-1.57477
2426.1,-1.5691
2424.42,-1.5634
2422.73,-1.55768
2421.04,-1.55194
2419.33,-1.54618
2417.61,-1.54039
2415.87,-1.53457
2414.13,-1.52873
2412.37,-1.52287
2410.61,-1.51698
2408.83,-1.51107
2407.04,-1.50513
2405.23,-1.49917
2403.42,-1.49317
2401.59,-1.48715
2399.76,-1.48111
2397.91,-1.47503
2396.05,-1.46893
2394.18,-1.4628
2392.3,-1.45664
2390.4,-1.45045
2388.49,-1.44423
2386.58,-1.43797
2384.65,-1.43169
2382.71,-1.42538
2380.75,-1.41903
2378.79,-1.41266
2376.81,-1.40625
2374.83,-1.3998
2372.83,-1.39333
2370.82,-1.38682
2368.79,-1.38027
2366.76,-1.37369
2364.71,-1.36707
2362.65,-1.36042
2360.59,-1.35373
2358.5,-1.34701
2356.41,-1.34024
2354.31,-1.33344
2352.19,-1.3266
2350.06,-1.31972
2347.92,-1.3128
2345.77,-1.30585
2343.61,-1.29885
2341.43,-1.2918
2339.25,-1.28472
2337.05,-1.2776
2334.84,-1.27043
2332.61,-1.26322
2330.38,-1.25596
2328.14,-1.24866
2325.88,-1.24131
2323.61,-1.23392
2321.33,-1.22648
2319.03,-1.21899
2316.73,-1.21146
2314.41,-1.20387
2312.08,-1.19624
2309.74,-1.18856
2307.39,-1.18083
2305.03,-1.17304
2302.65,-1.16521
2300.26,-1.15732
2297.86,-1.14937
2295.45,-1.14138
2293.03,-1.13333
2290.59,-1.12522
2288.14,-1.11706
2285.68,-1.10884
2283.21,-1.10056
2280.73,-1.09222
2278.23,-1.08383
2275.73,-1.07537
2273.21,-1.06686
2270.67,-1.05828
2268.13,-1.04964
2265.58,-1.04093
2263.01,-1.03217
2260.43,-1.02333
2257.84,-1.01443
2255.23,-1.00547
2252.62,-0.996435
2249.99,-0.987332
2247.35,-0.978161
2244.7,-0.968918
2242.04,-0.959605
2239.36,-0.950219
2236.67,-0.940759
2233.97,-0.931226
2231.26,-0.921617
2228.54,-0.911932
2225.8,-0.90217
2223.05,-0.89233
2220.29,-0.88241
2217.52,-0.87241
2214.73,-0.862328
2211.94,-0.852164
2209.13,-0.841916
2206.31,-0.831583
2203.47,-0.821164
2200.63,-0.810659
2197.77,-0.800065
2194.9,-0.789382
2192.02,-0.778608
2189.12,-0.767742
2186.22,-0.756784
2183.3,-0.745731
2180.37,-0.734582
2177.42,-0.723337
2174.47,-0.711994
2171.5,-0.70055
2168.52,-0.689007
2165.53,-0.677361
2162.52,-0.665611
2159.51,-0.653757
2156.48,-0.641796
2153.43,-0.629728
2150.38,-0.61755
2147.32,-0.605261
2144.24,-0.592861
2141.15,-0.580346
2138.04,-0.567716
2134.93,-0.55497
2131.8,-0.542105
2128.66,-0.52912
2125.51,-0.516013
2122.34,-0.502783
2119.17,-0.489427
2115.98,-0.475945
2112.78,-0.462335
2109.56,-0.448594
2106.34,-0.43472
2103.1,-0.420714
2099.85,-0.406571
2096.58,-0.392291
2093.31,-0.377872
2090.02,-0.363311
2086.72,-0.348607
2083.41,-0.333757
2080.08,-0.31876
2076.74,-0.303614
2073.39,-0.288316
2070.03,-0.272865
2066.65,-0.257258
2063.27,-0.241493
2059.87,-0.225568
2056.45,-0.209481
2053.03,-0.193229
2049.59,-0.17681
2046.14,-0.160222
2042.68,-0.143462
2039.21,-0.126529
2035.72,-0.109418
2032.22,-0.0921291
2028.71,-0.0746584
2025.18,-0.0570037
2021.65,-0.0391626
2018.1,-0.0211319
2014.54,-0.00290935
2010.96,0.0155081
2007.38,0.0341229
2003.78,0.0529382
2000.17,0.0719565
1996.54,0.0911811
1992.91,0.110614
1989.26,0.13026
1985.6,0.15012
1981.92,0.170199
1978.24,0.190499
1974.54,0.211023
1970.83,0.231775
1967.1,0.252758
1963.37,0.273976
1959.62,0.295431
1955.86,0.317127
1952.09,0.339069
1948.3,0.361258
1944.5,0.3837
1940.69,0.406396
1936.87,0.429353
1933.04,0.452572
1929.19,0.476058
1925.33,0.499815
1921.46,0.523847
1917.57,0.548158
1913.68,0.572751
1909.77,0.597632
1905.84,0.622804
1901.91,0.648272
1897.96,0.674041
1894.01,0.700113
1890.04,0.726495
1886.05,0.75319
1882.06,0.780204
1878.05,0.807541
1874.03,0.835205
1870,0.863203
1865.95,0.891538
1861.9,0.920217
1857.83,0.949243
1853.75,0.978622
1849.65,1.00836
1845.55,1.03846
1841.43,1.06893
1837.3,1.09978
1833.16,1.13101
1829.01,1.16262
1824.84,1.19462
1820.66,1.22703
1816.47,1.25983
1812.27,1.29305
1808.06,1.32669
1803.83,1.36075
1799.6,1.39523
1795.35,1.43016
1791.09,1.46552
1786.81,1.50134
1782.53,1.53761
1778.23,1.57434
1773.92,1.61155
1769.6,1.64923
1765.27,1.6874
1760.93,1.72606
1756.57,1.76521
1752.21,1.80488
1747.83,1.84506
1743.44,1.88577
1739.04,1.92701
1734.63,1.96878
1730.2,2.01111
1725.77,2.05399
1721.32,2.09743
1716.86,2.14145
1712.39,2.18605
1707.91,2.23124
1703.42,2.27704
1698.92,2.32344
1694.4,2.37046
1689.88,2.41811
1685.34,2.4664
1680.8,2.51534
1676.24,2.56494
1671.67,2.6152
1667.1,2.66615
1662.51,2.71778
1657.91,2.77011
1653.3,2.82315
1648.68,2.87692
1644.04,2.93142
1639.4,2.98666
1634.75,3.04266
1630.09,3.09942
1625.42,3.15696
1620.74,3.2153
1616.04,3.27444
1611.34,3.33439
1606.63,3.39517
1601.91,3.45679
1597.18,3.51926
1592.44,3.5826
1587.69,3.64681
1582.93,3.71192
1578.16,3.77794
1573.38,3.84487
1568.6,3.91274
1563.8,3.98155
1559,4.05133
1554.19,4.12208
1549.37,4.19382
1544.54,4.26656
1539.7,4.34033
1534.85,4.41512
1530,4.49097
1525.13,4.56788
1520.26,4.64587
1515.39,4.72496
1510.5,4.80516
1505.61,4.88648
1500.71,4.96895
1495.8,5.05257
1490.89,5.13738
1485.96,5.22337
1481.04,5.31057
1476.1,5.39899
1471.16,5.48866
1466.21,5.57958
1461.26,5.67178
1456.3,5.76526
1451.34,5.86006
1446.37,5.95618
1441.39,6.05364
1436.41,6.15247
1431.43,6.25266
1426.44,6.35425
1421.44,6.45726
1416.44,6.56168
1411.44,6.66756
1406.44,6.77489
1401.43,6.8837
1396.41,6.994
1391.4,7.10581
1386.38,7.21915
1381.36,7.33404
1376.33,7.45048
1371.31,7.56849
1366.28,7.6881
1361.25,7.8093
1356.22,7.93213
1351.19,8.05659
1346.15,8.1827
1341.12,8.31047
1336.09,8.43991
1331.06,8.57104
1326.02,8.70386
1320.99,8.8384
1315.96,8.97465
1310.94,9.11263
1305.91,9.25235
1300.89,9.39382
1295.87,9.53704
1290.85,9.68202
1285.84,9.82876
1280.83,9.97728
1275.82,10.1276
1270.82,10.2796
1265.82,10.4335
1260.83,10.5891
1255.85,10.7464
1250.87,10.9056
1245.9,11.0665
1240.94,11.2291
1235.98,11.3935
1231.03,11.5597
1226.09,11.7275
1221.17,11.8971
1216.25,12.0683
1211.34,12.2412
1206.44,12.4158
1201.55,12.5919
1196.68,12.7697
1191.82,12.949
1186.97,13.1298
1182.14,13.3121
1177.32,13.4959
1172.51,13.6811
1167.73,13.8676
1162.95,14.0554
1158.2,14.2445
1153.46,14.4347
1148.74,14.6261
1144.04,14.8186
1139.36,15.012
1134.7,15.2063
1130.06,15.4015
1125.45,15.5974
1120.86,15.7939
1116.29,15.9911
1111.74,16.1886
1107.22,16.3865
1102.73,16.5847
1098.26,16.7829
1093.82,16.9811
1089.41,17.1792
1085.03,17.377
1080.68,17.5744
1076.36,17.7712
1072.07,17.9673
1067.81,18.1625
1063.59,18.3566
1059.4,18.5495
1055.25,18.741
1051.14,18.9308
1047.06,19.1189
1043.02,19.305
1039.02,19.4888
1035.07,19.6702
1031.15,19.849
1027.28,20.0249
1023.45,20.1977
1019.66,20.3671
1015.92,20.5329
1012.23,20.6949
1008.59,20.8528
1004.99,21.0063
1001.44,21.1552
997.949,21.2993
994.506,21.4381
991.117,21.5715
987.781,21.6992
984.501,21.8209
981.278,21.9363
978.111,22.0451
975.004,22.1471
971.956,22.242
968.968,22.3295
966.043,22.4092
963.18,22.481
960.381,22.5446
957.646,22.5997
954.978,22.6459
952.377,22.6832
949.843,22.7112
947.378,22.7297
944.984,22.7384
942.66,22.7371
940.407,22.7256
938.228,22.7038
936.122,22.6714
934.091,22.6282
932.135,22.5742
930.255,22.509
928.452,22.4327
926.727,22.3451
925.08,22.2461
923.513,22.1357
922.026,22.0138
920.62,21.8803
919.294,21.7352
918.051,21.5786
916.89,21.4105
915.813,21.2309
914.819,21.0398
913.908,20.8375
913.083,20.624
912.342,20.3994
911.686,20.1639
911.116,19.9177
910.632,19.661
910.234,19.394
909.921,19.117
909.696,18.8302
909.556,18.5338
909.504,18.2283
909.537,17.9139
909.658,17.5909
909.865,17.2598
910.158,16.9208
910.538,16.5743
911.003,16.2208
911.555,15.8607
912.192,15.4943
912.914,15.122
913.721,14.7444
914.613,14.3618
915.589,13.9747
916.648,13.5834
917.791,13.1886
919.016,12.7905
920.324,12.3897
921.712,11.9866
923.182,11.5815
924.732,11.1751
926.361,10.7676
928.069,10.3595
929.855,9.95129
931.718,9.54327
933.658,9.13588
935.673,8.7295
937.762,8.32451
939.926,7.92127
942.162,7.52013
944.471,7.12144
946.85,6.72552
949.3,6.33268
951.818,5.94322
954.405,5.55742
957.059,5.17556
959.779,4.79788
962.564,4.42463
965.413,4.05604
968.325,3.69231
971.299,3.33364
974.334,2.98021
977.429,2.63219
980.582,2.28972
983.794,1.95296
987.061,1.62201
990.385,1.297
993.763,0.978019
997.194,0.665154
1000.68,0.358479
1004.21,0.058056
1007.8,-0.236066
1011.43,-0.523849
1015.11,-0.805265
1018.84,-1.08029
1022.62,-1.34893
1026.44,-1.61117
1030.3,-1.86702
1034.21,-2.11651
1038.16,-2.35966
1042.15,-2.5965
1046.18,-2.82707
1050.25,-3.05141
1054.35,-3.26958
1058.49,-3.48165
1062.67,-3.68765
1066.89,-3.88768
1071.14,-4.08179
1075.42,-4.27007
1079.73,-4.4526
1084.08,-4.62944
1088.45,-4.80071
1092.86,-4.96647
1097.29,-5.12682
1101.75,-5.28186
1106.24,-5.43167
1110.75,-5.57636
1115.29,-5.71603
1119.86,-5.85076
1124.45,-5.98066
1129.06,-6.10582
1133.69,-6.22636
1138.34,-6.34236
1143.02,-6.45393
1147.72,-6.56117
1152.43,-6.66417
1157.16,-6.76304
1161.92,-6.85788
1166.68,-6.94878
1171.47,-7.03583
1176.27,-7.11914
1181.09,-7.1988
1185.92,-7.2749
1190.76,-7.34754
1195.62,-7.41681
1200.49,-7.4828
1205.37,-7.5456
1210.27,-7.60529
1215.18,-7.66196
1220.09,-7.71569
1225.02,-7.76658
1229.96,-7.81469
1234.9,-7.86012
1239.85,-7.90293
1244.82,-7.94322
1249.79,-7.98104
1254.76,-8.01648
1259.74,-8.0496
1264.73,-8.08049
1269.73,-8.1092
1274.73,-8.1358
1279.73,-8.16037
1284.74,-8.18296
1289.76,-8.20364
1294.77,-8.22246
1299.79,-8.2395
1304.82,-8.25481
1309.84,-8.26843
1314.87,-8.28044
1319.9,-8.29088
1324.93,-8.29981
1329.96,-8.30727
1334.99,-8.31332
1340.02,-8.31801
1345.06,-8.32138
1350.09,-8.32347
1355.12,-8.32434
1360.15,-8.32403
1365.18,-8.32257
1370.21,-8.32002
1375.23,-8.3164
1380.26,-8.31176
1385.28,-8.30614
1390.3,-8.29956
1395.32,-8.29208
1400.33,-8.28371
1405.34,-8.2745
1410.35,-8.26448
1415.35,-8.25367
1420.35,-8.24212
1425.35,-8.22984
1430.34,-8.21687
1435.32,-8.20323
1440.31,-8.18895
1445.28,-8.17406
1450.25,-8.15859
1455.22,-8.14255
1460.18,-8.12597
1465.13,-8.10887
1470.08,-8.09128
1475.02,-8.07322
1479.96,-8.05471
1484.89,-8.03576
1489.81,-8.01641
1494.73,-7.99665
1499.64,-7.97653
1504.54,-7.95604
1509.43,-7.93522
1514.32,-7.91407
1519.2,-7.89262
1524.07,-7.87087
1528.94,-7.84885
1533.79,-7.82657
1538.64,-7.80403
1543.48,-7.78126
1548.31,-7.75827
1553.14,-7.73507
1557.95,-7.71167
1562.76,-7.68809
1567.55,-7.66434
1572.34,-7.64042
1577.12,-7.61635
1581.89,-7.59213
1586.65,-7.56779
1591.4,-7.54332
1596.14,-7.51875
1600.88,-7.49406
1605.6,-7.46928
1610.31,-7.44442
1615.02,-7.41947
1619.71,-7.39446
1624.4,-7.36938
1629.07,-7.34424
1633.73,-7.31905
1638.39,-7.29383
1643.03,-7.26856
1647.67,-7.24327
1652.29,-7.21795
1656.9,-7.19261
1661.5,-7.16726
1666.09,-7.1419
1670.67,-7.11654
1675.25,-7.09118
1679.8,-7.06583
1684.35,-7.04049
1688.89,-7.01517
1693.42,-6.98986
1697.93,-6.96458
1702.44,-6.93933
1706.93,-6.91412
1711.42,-6.88894
1715.89,-6.86379
1720.35,-6.8387
1724.8,-6.81364
1729.23,-6.78864
1733.66,-6.76369
1738.08,-6.73879
1742.48,-6.71395
1746.87,-6.68917
1751.25,-6.66445
1755.62,-6.6398
1759.98,-6.61521
1764.32,-6.59069
1768.66,-6.56625
1772.98,-6.54188
1777.29,-6.51758
1781.59,-6.49336
1785.88,-6.46922
1790.15,-6.44516
1794.42,-6.42118
1798.67,-6.39728
1802.91,-6.37347
1807.14,-6.34974
1811.35,-6.32611
1815.56,-6.30256
1819.75,-6.2791
1823.93,-6.25573
1828.1,-6.23245
1832.25,-6.20927
1836.4,-6.18618
1840.53,-6.16318
1844.65,-6.14028
1848.76,-6.11747
1852.85,-6.09476
1856.94,-6.07215
1861.01,-6.04964
1865.07,-6.02722
1869.11,-6.00491
1873.15,-5.98269
1877.17,-5.96057
1881.18,-5.93856
1885.18,-5.91664
1889.17,-5.89482
1893.14,-5.87311
1897.1,-5.85149
1901.05,-5.82998
1904.99,-5.80857
1908.91,-5.78726
1912.82,-5.76606
1916.72,-5.74495
1920.61,-5.72395
1924.48,-5.70305
1928.34,-5.68225
1932.2,-5.66156
1936.03,-5.64097
1939.86,-5.62048
1943.67,-5.60009
1947.47,-5.5798
1951.26,-5.55962
1955.04,-5.53953
1958.8,-5.51955
1962.55,-5.49967
1966.29,-5.4799
1970.01,-5.46022
1973.73,-5.44064
1977.43,-5.42117
1981.12,-5.4018
1984.79,-5.38252
1988.46,-5.36335
1992.11,-5.34427
1995.75,-5.3253
1999.37,-5.30643
2002.99,-5.28765
2006.59,-5.26897
2010.18,-5.25039
2013.76,-5.23191
2017.32,-5.21353
2020.87,-5.19524
2024.41,-5.17705
2027.94,-5.15896
2031.45,-5.14097
2034.95,-5.12307
2038.44,-5.10526
2041.92,-5.08755
2045.39,-5.06994
2048.84,-5.05242
2052.28,-5.03499
2055.71,-5.01765
2059.12,-5.00041
2062.52,-4.98327
2065.91,-4.96621
2069.29,-4.94924
2072.66,-4.93237
2076.01,-4.91559
2079.35,-4.8989
2082.68,-4.8823
2085.99,-4.86578
2089.3,-4.84936
2092.59,-4.83303
2095.87,-4.81678
2099.13,-4.80062
2102.39,-4.78455
2105.63,-4.76856
2108.86,-4.75267
2112.07,-4.73686
2115.28,-4.72113
2118.47,-4.70549
2121.65,-4.68993
2124.82,-4.67445
2127.97,-4.65907
2131.11,-4.64376
2134.24,-4.62853
2137.36,-4.61339
2140.47,-4.59833
2143.56,-4.58335
2146.64,-4.56845
2149.71,-4.55364
2152.77,-4.5389
2155.81,-4.52424
2158.84,-4.50966
2161.86,-4.49516
2164.87,-4.48073
2167.86,-4.46639
2170.85,-4.45212
2173.82,-4.43792
2176.78,-4.42381
2179.72,-4.40976
2182.65,-4.3958
2185.58,-4.38191
2188.49,-4.36809
2191.38,-4.35435
2194.27,-4.34068
2197.14,-4.32708
2200,-4.31355
2202.85,-4.3001
2205.68,-4.28672
2208.51,-4.27341
2211.32,-4.26017
2214.12,-4.247
2216.91,-4.2339
2219.68,-4.22087
2222.45,-4.20791
2225.2,-4.19501
2227.94,-4.18219
2230.66,-4.16943
2233.38,-4.15674
2236.08,-4.14411
2238.77,-4.13156
2241.45,-4.11906
2244.12,-4.10664
2246.77,-4.09427
2249.41,-4.08198
2252.04,-4.06974
2254.66,-4.05757
2257.27,-4.04547
2259.86,-4.03342
2262.44,-4.02144
2265.01,-4.00952
2267.57,-3.99766
2270.12,-3.98587
2272.65,-3.97413
2275.17,-3.96245
2277.68,-3.95084
2280.18,-3.93928
2282.67,-3.92779
2285.14,-3.91635
2287.6,-3.90497
2290.05,-3.89365
2292.49,-3.88238
2294.92,-3.87118
2297.33,-3.86003
2299.73,-3.84893
2302.13,-3.8379
2304.5,-3.82692
2306.87,-3.81599
2309.23,-3.80512
2311.57,-3.7943
2313.9,-3.78354
2316.22,-3.77283
2318.53,-3.76218
2320.82,-3.75157
2323.11,-3.74103
2325.38,-3.73053
2327.64,-3.72008
2329.89,-3.70969
2332.12,-3.69935
2334.35,-3.68906
2336.56,-3.67882
2338.76,-3.66863
2340.95,-3.65849
2343.13,-3.6484
2345.29,-3.63836
2347.45,-3.62837
2349.59,-3.61843
2351.72,-3.60853
2353.84,-3.59869
2355.95,-3.58889
2358.04,-3.57914
2360.13,-3.56943
2362.2,-3.55977
2364.26,-3.55016
2366.31,-3.5406
2368.34,-3.53108
2370.37,-3.5216
2372.38,-3.51217
2374.38,-3.50279
2376.37,-3.49345
2378.35,-3.48415
2380.32,-3.4749
2382.28,-3.46569
2384.22,-3.45653
2386.15,-3.4474
2388.07,-3.43832
2389.98,-3.42929
2391.88,-3.42029
2393.76,-3.41134
2395.64,-3.40242
2397.5,-3.39355
2399.35,-3.38472
2401.19,-3.37593
2403.02,-3.36718
2404.83,-3.35848
2406.64,-3.34981
2408.43,-3.34118
2410.21,-3.33259
2411.98,-3.32403
2413.74,-3.31552
2415.49,-3.30705
2417.22,-3.29861
2418.95,-3.29021
2420.66,-3.28185
2422.36,-3.27353
2424.05,-3.26524
2425.73,-3.25699
2427.39,-3.24878
2429.05,-3.2406
2430.69,-3.23246
2432.32,-3.22435
2433.94,-3.21628
2435.55,-3.20825
2437.15,-3.20025
2438.74,-3.19229
2440.31,-3.18435
2441.87,-3.17646
2443.43,-3.1686
2444.97,-3.16077
2446.5,-3.15297
2448.01,-3.14521
2449.52,-3.13748
2451.01,-3.12979
2452.5,-3.12213
2453.97,-3.1145
2455.43,-3.1069
2456.88,-3.09933
2458.32,-3.0918
2459.75,-3.08429
2461.16,-3.07682
2462.56,-3.06938
2463.96,-3.06197
2465.34,-3.05459
2466.71,-3.04724
2468.07,-3.03992
2469.41,-3.03263
2470.75,-3.02537
2472.08,-3.01814
2473.39,-3.01094
2474.69,-3.00376
2475.98,-2.99662
2477.26,-2.98951
2478.53,-2.98242
2479.79,-2.97536
2481.03,-2.96833
2482.27,-2.96133
2483.49,-2.95435
2484.7,-2.9474
2485.9,-2.94048
2487.09,-2.93359
2488.27,-2.92672
2489.44,-2.91988
2490.59,-2.91306
2491.73,-2.90627
2492.87,-2.89951
2493.99,-2.89277
2495.1,-2.88606
2496.2,-2.87937
2497.29,-2.87271
2498.37,-2.86608
2499.43,-2.85947
2500.49,-2.85288
2501.53,-2.84631
2502.56,-2.83978
2503.58,-2.83326
2504.59,-2.82677
2505.59,-2.8203
2506.58,-2.81386
2507.55,-2.80744
2508.52,-2.80104
2509.47,-2.79466
2510.42,-2.78831
2511.35,-2.78198
2512.27,-2.77567
2513.18,-2.76939
2514.07,-2.76312
2514.96,-2.75688
2515.84,-2.75066
2516.7,-2.74446
2517.56,-2.73828
2518.4,-2.73213
2519.23,-2.72599
2520.05,-2.71988
2520.86,-2.71378
2521.66,-2.70771
2522.44,-2.70165
2523.22,-2.69562
2523.98,-2.6896
2524.74,-2.68361
2525.48,-2.67763
2526.21,-2.67168
2526.93,-2.66574
2527.64,-2.65982
2528.34,-2.65392
2529.02,-2.64804
2529.7,-2.64218
2530.36,-2.63633
2531.02,-2.63051
2531.66,-2.6247
2532.29,-2.61891
2532.91,-2.61314
2533.52,-2.60738
2534.12,-2.60165
2534.71,-2.59592
2535.28,-2.59022
2535.85,-2.58453
2536.4,-2.57886
2536.94,-2.57321
2537.47,-2.56757
2537.99,-2.56195
2538.5,-2.55635
2539,-2.55076
2539.49,-2.54519
2539.97,-2.53963
2540.43,-2.53409
2540.89,-2.52856
2541.33,-2.52305
2541.76,-2.51755
2542.18,-2.51207
2542.59,-2.5066
2542.99,-2.50115
2543.38,-2.49571
2543.76,-2.49028
2544.12,-2.48487
2544.48,-2.47947
2544.82,-2.47409
2545.15,-2.46872
2545.48,-2.46336
2545.79,-2.45802
2546.09,-2.45269
2546.37,-2.44737
2546.65,-2.44207
2546.92,-2.43678
2547.18,-2.4315
2547.42,-2.42623
2547.65,-2.42098
2547.88,-2.41573
2548.09,-2.4105
2548.29,-2.40528
2548.48,-2.40008
2548.66,-2.39488
2548.82,-2.38969
2548.98,-2.38452
2549.13,-2.37936
2549.26,-2.3742
2549.38,-2.36906
2549.5,-2.36393
2549.6,-2.35881
2549.69,-2.3537
2549.77,-2.3486
2549.84,-2.34351
2549.89,-2.33843
2549.94,-2.33336
2549.97,-2.3283
2550,-2.32324
2550.01,-2.3182
2550.01,-2.31317
2550.01,-2.30814
2549.99,-2.30313
2549.95,-2.29812
2549.91,-2.29312
2549.86,-2.28813
2549.8,-2.28314
2549.72,-2.27817
2549.64,-2.2732
2549.54,-2.26824
2549.43,-2.26329
2549.31,-2.25835
2549.18,-2.25341
2549.04,-2.24848
2548.89,-2.24355
2548.73,-2.23864
2548.55,-2.23373
2548.37,-2.22882
2548.17,-2.22393
2547.96,-2.21903
2547.75,-2.21415
2547.52,-2.20927
2547.28,-2.2044
2547.03,-2.19953
2546.76,-2.19466
2546.49,-2.18981
2546.21,-2.18495
2545.91,-2.18011
2545.6,-2.17526
2545.29,-2.17042
2544.96,-2.16559
2544.62,-2.16076
2544.27,-2.15594
2543.91,-2.15111
2543.54,-2.1463
2543.15,-2.14148
2542.76,-2.13667
2542.35,-2.13187
2541.94,-2.12706
2541.51,-2.12226
2541.07,-2.11746
2540.62,-2.11267
2540.16,-2.10787
2539.69,-2.10308
2539.2,-2.0983
2538.71,-2.09351
2538.21,-2.08873
2537.69,-2.08394
2537.16,-2.07916
2536.62,-2.07438
2536.07,-2.0696
2535.51,-2.06483
2534.94,-2.06005
2534.36,-2.05527
2533.77,-2.0505
2533.16,-2.04573
2532.55,-2.04095
2531.92,-2.03618
2531.28,-2.0314
2530.63,-2.02663
2529.97,-2.02185
2529.3,-2.01708
2528.62,-2.0123
2527.93,-2.00752
2527.22,-2.00274
2526.51,-1.99796
2525.78,-1.99318
2525.04,-1.9884
2524.29,-1.98361
2523.53,-1.97883
2522.76,-1.97404
2521.98,-1.96924
2521.19,-1.96445
2520.38,-1.95965
2519.57,-1.95485
2518.74,-1.95005
2517.9,-1.94524
2517.05,-1.94043
2516.19,-1.93561
2515.32,-1.9308
2514.44,-1.92597
2513.55,-1.92115
2512.64,-1.91632
2511.73,-1.91148
2510.8,-1.90664
2509.86,-1.90179
2508.91,-1.89694
2507.95,-1.89208
2506.98,-1.88722
2506,-1.88235
2505,-1.87748
2504,-1.8726
2502.98,-1.86771
2501.96,-1.86281
2500.92,-1.85791
2499.87,-1.853
2498.81,-1.84809
2497.73,-1.84316
2496.65,-1.83823
2495.55,-1.83329
2494.45,-1.82834
2493.33,-1.82339
2492.2,-1.81842
2491.06,-1.81345
2489.91,-1.80846
2488.75,-1.80347
2487.58,-1.79847
2486.39,-1.79345
2485.2,-1.78843
2483.99,-1.7834
2482.77,-1.77835
2481.54,-1.7733
2480.3,-1.76823
2479.05,-1.76316
2477.78,-1.75807
2476.51,-1.75297
2475.22,-1.74786
2473.93,-1.74273
2472.62,-1.73759
2471.3,-1.73244
2469.97,-1.72728
2468.62,-1.7221
2467.27,-1.71691
2465.9,-1.71171
2464.53,-1.70649
2463.14,-1.70125
2461.74,-1.69601
2460.33,-1.69074
2458.91,-1.68547
2457.47,-1.68017
2456.03,-1.67486
2454.57,-1.66954
2453.11,-1.66419
2451.63,-1.65883
2450.14,-1.65346
2448.63,-1.64806
2447.12,-1.64265
2445.6,-1.63722
2444.06,-1.63178
2442.51,-1.62631
2440.96,-1.62082
2439.39,-1.61532
2437.8,-1.6098
2436.21,-1.60425
2434.61,-1.59869
2432.99,-1.59311
2431.36,-1.5875
2429.73,-1.58187
2428.08,-1.57623
2426.41,-1.57056
2424.74,-1.56487
2423.06,-1.55915
2421.36,-1.55342
2419.65,-1.54766
2417.93,-1.54187
2416.2,-1.53606
2414.46,-1.53023
2412.71,-1.52437
2410.94,-1.51849
2409.16,-1.51258
2407.38,-1.50665
2405.58,-1.50069
2403.77,-1.49471
2401.94,-1.48869
2400.11,-1.48265
2398.26,-1.47658
2396.4,-1.47049
2394.54,-1.46436
2392.65,-1.45821
2390.76,-1.45202
2388.86,-1.44581
2386.94,-1.43957
2385.02,-1.43329
2383.08,-1.42698
2381.13,-1.42065
2379.16,-1.41428
2377.19,-1.40787
2375.2,-1.40144
2373.21,-1.39497
2371.2,-1.38846
2369.18,-1.38193
2367.15,-1.37535
2365.1,-1.36875
2363.05,-1.3621
2360.98,-1.35542
2358.9,-1.3487
2356.81,-1.34195
2354.71,-1.33516
2352.59,-1.32832
2350.47,-1.32145
2348.33,-1.31454
2346.18,-1.30759
2344.02,-1.3006
2341.85,-1.29357
2339.66,-1.2865
2337.47,-1.27938
2335.26,-1.27222
2333.04,-1.26502
2330.81,-1.25777
2328.56,-1.25048
2326.31,-1.24314
2324.04,-1.23576
2321.76,-1.22833
2319.47,-1.22085
2317.17,-1.21333
2314.86,-1.20576
2312.53,-1.19814
2310.19,-1.19046
2307.84,-1.18274
2305.48,-1.17497
2303.11,-1.16714
2300.72,-1.15927
2298.32,-1.15133
2295.91,-1.14335
2293.49,-1.13531
2291.06,-1.12722
2288.61,-1.11907
2286.16,-1.11086
2283.69,-1.10259
2281.2,-1.09427
2278.71,-1.08589
2276.21,-1.07744
2273.69,-1.06894
2271.16,-1.06038
2268.62,-1.05175
2266.07,-1.04306
2263.5,-1.0343
2260.92,-1.02548
2258.34,-1.0166
2255.73,-1.00765
2253.12,-0.998628
2250.5,-0.98954
2247.86,-0.980383
2245.21,-0.971156
2242.55,-0.961857
2239.87,-0.952487
2237.19,-0.943043
2234.49,-0.933525
2231.78,-0.923933
2229.06,-0.914264
2226.33,-0.904518
2223.58,-0.894694
2220.82,-0.884791
2218.05,-0.874808
2215.27,-0.864743
2212.47,-0.854596
2209.67,-0.844366
2206.85,-0.834051
2204.02,-0.82365
2201.17,-0.813163
2198.32,-0.802588
2195.45,-0.791923
2192.57,-0.781168
2189.68,-0.770322
2186.77,-0.759383
2183.86,-0.74835
2180.93,-0.737221
2177.99,-0.725996
2175.04,-0.714673
2172.07,-0.703251
2169.09,-0.691728
2166.1,-0.680104
2163.1,-0.668376
2160.09,-0.656544
2157.06,-0.644605
2154.02,-0.632559
2150.97,-0.620404
2147.91,-0.608138
2144.83,-0.595761
2141.74,-0.58327
2138.64,-0.570665
2135.53,-0.557942
2132.4,-0.545101
2129.27,-0.532141
2126.12,-0.51906
2122.95,-0.505855
2119.78,-0.492525
2116.59,-0.47907
2113.39,-0.465486
2110.18,-0.451772
2106.96,-0.437926
2103.72,-0.423947
2100.47,-0.409833
2097.21,-0.395581
2093.94,-0.38119
2090.65,-0.366659
2087.35,-0.351984
2084.04,-0.337164
2080.72,-0.322198
2077.38,-0.307082
2074.04,-0.291816
2070.68,-0.276396
2067.3,-0.260821
2063.92,-0.245088
2060.52,-0.229196
2057.11,-0.213142
2053.69,-0.196924
2050.25,-0.180539
2046.81,-0.163986
2043.35,-0.147261
2039.88,-0.130363
2036.39,-0.113289
2032.89,-0.0960367
2029.38,-0.0786033
2025.86,-0.0609862
2022.33,-0.0431828
2018.78,-0.0251908
2015.22,-0.00700725
2011.65,0.0113701
2008.07,0.0299448
2004.47,0.0487192
2000.86,0.0676961
1997.24,0.0868787
1993.61,0.106269
1989.96,0.125872
1986.3,0.145688
1982.63,0.165723
1978.95,0.185978
1975.25,0.206456
1971.54,0.227162
1967.82,0.248098
1964.09,0.269268
1960.34,0.290675
1956.58,0.312323
1952.81,0.334214
1949.03,0.356353
1945.24,0.378743
1941.43,0.401389
1937.61,0.424292
1933.78,0.447458
1929.93,0.47089
1926.07,0.494592
1922.2,0.518569
1918.32,0.542823
1914.43,0.56736
1910.52,0.592182
1906.6,0.617296
1902.67,0.642704
1898.73,0.668411
1894.77,0.694423
1890.8,0.720742
1886.82,0.747374
1882.83,0.774324
1878.82,0.801595
1874.81,0.829194
1870.78,0.857124
1866.73,0.885392
1862.68,0.914001
1858.61,0.942957
1854.54,0.972265
1850.44,1.00193
1846.34,1.03196
1842.23,1.06236
1838.1,1.09313
1833.96,1.12428
1829.81,1.15581
1825.65,1.18774
1821.47,1.22006
1817.28,1.25279
1813.08,1.28593
1808.87,1.31948
1804.65,1.35345
1800.41,1.38785
1796.17,1.42269
1791.91,1.45796
1787.64,1.49369
1783.36,1.52987
1779.06,1.56651
1774.76,1.60362
1770.44,1.64121
1766.11,1.67928
1761.77,1.71784
1757.41,1.7569
1753.05,1.79646
1748.67,1.83654
1744.29,1.87714
1739.89,1.91828
1735.48,1.95994
1731.06,2.00216
1726.62,2.04493
1722.18,2.08826
1717.72,2.13217
1713.26,2.17665
1708.78,2.22173
1704.29,2.2674
1699.79,2.31368
1695.28,2.36058
1690.75,2.40811
1686.22,2.45627
1681.68,2.50508
1677.12,2.55454
1672.56,2.60468
1667.98,2.65549
1663.39,2.70698
1658.8,2.75918
1654.19,2.81208
1649.57,2.8657
1644.94,2.92005
1640.3,2.97515
1635.65,3.031
1630.99,3.08761
1626.32,3.145
1621.64,3.20318
1616.95,3.26215
1612.25,3.32194
1607.54,3.38256
1602.82,3.44401
1598.09,3.50632
1593.35,3.56948
1588.61,3.63353
1583.85,3.69846
1579.08,3.7643
1574.31,3.83105
1569.52,3.89873
1564.73,3.96736
1559.93,4.03694
1555.12,4.1075
1550.3,4.17905
1545.47,4.25159
1540.63,4.32516
1535.79,4.39975
1530.94,4.47539
1526.07,4.55209
1521.21,4.62987
1516.33,4.70874
1511.44,4.78872
1506.55,4.86983
1501.65,4.95207
1496.75,5.03547
1491.84,5.12004
1486.92,5.2058
1481.99,5.29276
1477.06,5.38094
1472.12,5.47036
1467.17,5.56104
1462.22,5.65299
1457.26,5.74622
1452.3,5.84076
1447.33,5.93662
1442.35,6.03383
1437.37,6.13238
1432.39,6.23231
1427.4,6.33363
1422.41,6.43636
1417.41,6.5405
1412.41,6.64609
1407.4,6.75314
1402.39,6.86166
1397.38,6.97168
1392.37,7.08319
1387.35,7.19624
1382.33,7.31082
1377.3,7.42696
1372.28,7.54467
1367.25,7.66396
1362.22,7.78486
1357.19,7.90737
1352.16,8.03151
1347.13,8.1573
1342.09,8.28475
1337.06,8.41387
1332.03,8.54467
1327,8.67716
1321.97,8.81137
1316.94,8.94729
1311.91,9.08494
1306.88,9.22432
1301.86,9.36545
1296.84,9.50833
1291.82,9.65297
1286.8,9.79938
1281.79,9.94755
1276.79,10.0975
1271.78,10.2492
1266.79,10.4027
1261.8,10.558
1256.81,10.715
1251.83,10.8738
1246.86,11.0344
1241.89,11.1967
1236.94,11.3608
1231.99,11.5266
1227.05,11.6941
1222.12,11.8633
1217.2,12.0342
1212.29,12.2068
1207.39,12.3811
1202.5,12.5569
1197.62,12.7344
1192.76,12.9134
1187.91,13.0939
1183.07,13.276
1178.25,13.4595
1173.44,13.6444
1168.65,13.8306
1163.87,14.0182
1159.12,14.2071
1154.38,14.3971
1149.65,14.5883
1144.95,14.7806
1140.27,14.9738
1135.6,15.168
1130.96,15.363
1126.34,15.5588
1121.74,15.7553
1117.17,15.9523
1112.62,16.1498
1108.09,16.3476
1103.59,16.5458
1099.12,16.744
1094.68,16.9423
1090.26,17.1404
1085.87,17.3383
1081.51,17.5358
1077.19,17.7327
1072.89,17.929
1068.63,18.1244
1064.4,18.3188
1060.21,18.5119
1056.05,18.7037
1051.93,18.8939
1047.85,19.0824
1043.8,19.2689
1039.79,19.4532
1035.83,19.6351
1031.9,19.8144
1028.02,19.9909
1024.18,20.1643
1020.39,20.3345
1016.64,20.501
1012.94,20.6638
1009.29,20.8226
1005.68,20.977
1002.13,21.1268
998.621,21.2718
995.168,21.4117
991.768,21.5463
988.422,21.6751
985.131,21.798
981.897,21.9147
978.719,22.0249
975.6,22.1282
972.54,22.2245
969.541,22.3135
966.603,22.3948
963.728,22.4682
960.917,22.5334
958.17,22.5902
955.489,22.6383
952.874,22.6773
950.327,22.7072
947.849,22.7275
945.441,22.7382
943.103,22.7389
940.837,22.7295
938.643,22.7097
936.523,22.6794
934.477,22.6384
932.507,22.5865
930.612,22.5235
928.794,22.4494
927.054,22.3641
925.392,22.2673
923.81,22.1592
922.307,22.0395
920.885,21.9083
919.544,21.7655
918.285,21.6112
917.108,21.4453
916.014,21.2679
915.004,21.0792
914.078,20.8791
913.236,20.6677
912.478,20.4453
911.806,20.212
911.219,19.9679
910.719,19.7132
910.304,19.4482
909.975,19.1732
909.732,18.8882
909.576,18.5938
909.507,18.29
909.524,17.9773
909.628,17.656
909.818,17.3264
910.094,16.989
910.457,16.644
910.906,16.2918
911.441,15.933
912.061,15.5677
912.767,15.1966
913.558,14.82
914.434,14.4384
915.393,14.0521
916.437,13.6617
917.563,13.2675
918.773,12.87
920.064,12.4697
921.437,12.067
922.891,11.6623
924.426,11.2561
926.04,10.8488
927.732,10.4408
929.503,10.0326
931.352,9.62453
933.276,9.21699
935.277,8.81039
937.352,8.4051
939.501,8.0015
941.724,7.59993
944.018,7.20074
946.384,6.80426
948.82,6.4108
951.326,6.02066
953.899,5.63413
956.54,5.25148
959.247,4.87297
962.02,4.49884
964.857,4.12932
967.757,3.76463
970.719,3.40496
973.742,3.05049
976.825,2.7014
979.968,2.35783
983.168,2.01994
986.425,1.68785
989.737,1.36167
993.105,1.0415
996.526,0.727433
999.999,0.419541
1003.52,0.117888
1007.1,-0.177472
1010.72,-0.466501
1014.4,-0.749166
1018.12,-1.02545
1021.88,-1.29534
1025.7,-1.55883
1029.55,-1.81594
1033.45,-2.06668
1037.39,-2.31107
1041.37,-2.54914
1045.39,-2.78094
1049.46,-3.00651
1053.55,-3.22589
1057.69,-3.43915
1061.86,-3.64634
1066.07,-3.84754
1070.31,-4.04281
1074.59,-4.23223
1078.89,-4.41588
1083.23,-4.59385
1087.6,-4.7662
1092,-4.93304
1096.43,-5.09445
1100.89,-5.25053
1105.37,-5.40137
1109.88,-5.54707
1114.41,-5.68772
1118.97,-5.82341
1123.56,-5.95426
1128.16,-6.08036
1132.79,-6.2018
1137.44,-6.31869
1142.11,-6.43113
1146.81,-6.53922
1151.52,-6.64306
1156.25,-6.74274
1160.99,-6.83837
1165.76,-6.93004
1170.54,-7.01785
1175.34,-7.10189
1180.15,-7.18227
1184.98,-7.25907
1189.82,-7.3324
1194.68,-7.40233
1199.55,-7.46896
1204.43,-7.53239
1209.32,-7.59269
1214.23,-7.64996
1219.14,-7.70427
1224.07,-7.75572
1229,-7.80438
1233.94,-7.85034
1238.9,-7.89367
1243.86,-7.93445
1248.82,-7.97276
1253.8,-8.00867
1258.78,-8.04226
1263.77,-8.07359
1268.76,-8.10273
1273.76,-8.12975
1278.76,-8.15472
1283.77,-8.17771
1288.79,-8.19876
1293.8,-8.21796
1298.82,-8.23535
1303.84,-8.251
1308.87,-8.26497
1313.89,-8.2773
1318.92,-8.28805
1323.95,-8.29728
1328.98,-8.30504
1334.02,-8.31137
1339.05,-8.31633
1344.08,-8.31997
1349.11,-8.32232
1354.15,-8.32343
1359.18,-8.32336
1364.21,-8.32213
1369.24,-8.3198
1374.26,-8.3164
1379.29,-8.31196
1384.31,-8.30654
1389.33,-8.30016
1394.35,-8.29286
1399.36,-8.28467
1404.37,-8.27563
1409.38,-8.26578
1414.39,-8.25513
1419.39,-8.24373
1424.38,-8.2316
1429.37,-8.21877
1434.36,-8.20527
1439.34,-8.19112
1444.32,-8.17636
1449.29,-8.16101
1454.26,-8.14508
1459.22,-8.12862
1464.18,-8.11163
1469.13,-8.09414
1474.07,-8.07618
1479.01,-8.05776
1483.94,-8.03891
1488.86,-8.01964
1493.78,-7.99997
1498.69,-7.97992
1503.59,-7.95951
1508.49,-7.93876
1513.38,-7.91769
1518.26,-7.8963
1523.13,-7.87462
1528,-7.85265
1532.85,-7.83043
1537.7,-7.80795
1542.54,-7.78523
1547.38,-7.76229
1552.2,-7.73913
1557.02,-7.71578
1561.83,-7.69224
1566.63,-7.66853
1571.42,-7.64465
1576.2,-7.62061
1580.97,-7.59643
1585.73,-7.57212
1590.48,-7.54768
1595.23,-7.52313
1599.96,-7.49848
1604.69,-7.47372
1609.4,-7.44888
1614.11,-7.42395
1618.8,-7.39896
1623.49,-7.3739
1628.17,-7.34878
1632.83,-7.32361
1637.49,-7.29839
1642.13,-7.27314
1646.77,-7.24785
1651.39,-7.22254
1656.01,-7.19722
1660.61,-7.17187
1665.21,-7.14652
1669.79,-7.12116
1674.36,-7.09581
1678.92,-7.07046
1683.47,-7.04512
1688.01,-7.0198
1692.54,-6.9945
1697.06,-6.96922
1701.57,-6.94397
1706.06,-6.91875
1710.55,-6.89357
1715.02,-6.86842
1719.49,-6.84332
1723.94,-6.81826
1728.38,-6.79325
1732.8,-6.76829
1737.22,-6.74339
1741.63,-6.71854
1746.02,-6.69375
1750.41,-6.66903
1754.78,-6.64437
1759.14,-6.61977
1763.48,-6.59525
1767.82,-6.57079
1772.15,-6.54641
1776.46,-6.5221
1780.76,-6.49787
1785.05,-6.47372
1789.33,-6.44964
1793.59,-6.42565
1797.85,-6.40174
1802.09,-6.37792
1806.32,-6.35418
1810.54,-6.33053
1814.75,-6.30697
1818.94,-6.28349
1823.12,-6.26011
1827.29,-6.23682
1831.45,-6.21362
1835.6,-6.19051
1839.73,-6.1675
1843.85,-6.14459
1847.96,-6.12177
1852.06,-6.09904
1856.15,-6.07641
1860.22,-6.05388
1864.28,-6.03145
1868.33,-6.00912
1872.37,-5.98689
1876.39,-5.96475
1880.41,-5.94272
1884.41,-5.92078
1888.4,-5.89895
1892.37,-5.87722
1896.34,-5.85559
1900.29,-5.83406
1904.23,-5.81263
1908.15,-5.79131
1912.07,-5.77008
1915.97,-5.74896
1919.86,-5.72794
1923.73,-5.70703
1927.6,-5.68621
1931.45,-5.6655
1935.29,-5.64489
1939.12,-5.62438
1942.93,-5.60397
1946.74,-5.58367
1950.53,-5.56347
1954.31,-5.54337
1958.07,-5.52337
1961.82,-5.50348
1965.57,-5.48368
1969.29,-5.46399
1973.01,-5.44439
1976.71,-5.4249
1980.4,-5.40551
1984.08,-5.38622
1987.75,-5.36703
1991.4,-5.34794
1995.04,-5.32895
1998.67,-5.31005
2002.29,-5.29126
2005.89,-5.27257
2009.49,-5.25397
2013.06,-5.23547
2016.63,-5.21707
2020.19,-5.19877
2023.73,-5.18056
2027.26,-5.16245
2030.77,-5.14444
2034.28,-5.12652
2037.77,-5.1087
2041.25,-5.09098
2044.72,-5.07334
2048.17,-5.05581
2051.61,-5.03836
2055.04,-5.02101
2058.46,-5.00376
2061.87,-4.98659
2065.26,-4.96952
2068.64,-4.95254
2072.01,-4.93565
2075.36,-4.91885
2078.7,-4.90215
2082.04,-4.88553
2085.35,-4.869
2088.66,-4.85256
2091.95,-4.83621
2095.23,-4.81995
2098.5,-4.80378
2101.76,-4.78769
2105,-4.77169
2108.23,-4.75578
2111.45,-4.73995
2114.66,-4.72421
2117.85,-4.70855
2121.04,-4.69298
2124.2,-4.67749
2127.36,-4.66208
2130.51,-4.64676
2133.64,-4.63152
2136.76,-4.61637
2139.87,-4.60129
2142.96,-4.5863
2146.05,-4.57139
2149.12,-4.55655
2152.18,-4.5418
2155.22,-4.52713
2158.26,-4.51253
2161.28,-4.49802
2164.29,-4.48358
2167.29,-4.46922
2170.27,-4.45494
2173.24,-4.44073
2176.2,-4.4266
2179.15,-4.41255
2182.09,-4.39857
2185.01,-4.38466
2187.92,-4.37083
2190.82,-4.35707
2193.71,-4.34339
2196.59,-4.32978
2199.45,-4.31624
2202.3,-4.30278
2205.14,-4.28938
2207.96,-4.27606
2210.78,-4.26281
2213.58,-4.24963
2216.37,-4.23651
2219.15,-4.22347
2221.91,-4.2105
2224.67,-4.19759
2227.41,-4.18475
2230.14,-4.17198
2232.85,-4.15928
2235.56,-4.14664
2238.25,-4.13407
2240.93,-4.12157
2243.6,-4.10913
2246.26,-4.09676
2248.9,-4.08445
2251.54,-4.0722
2254.16,-4.06002
2256.76,-4.0479
2259.36,-4.03585
2261.94,-4.02385
2264.52,-4.01192
2267.08,-4.00006
2269.63,-3.98825
2272.16,-3.9765
2274.69,-3.96482
2277.2,-3.95319
2279.7,-3.94162
2282.19,-3.93012
2284.66,-3.91867
2287.13,-3.90728
2289.58,-3.89595
2292.02,-3.88467
2294.45,-3.87345
2296.87,-3.86229
2299.27,-3.85119
2301.66,-3.84014
2304.05,-3.82915
2306.42,-3.81822
2308.77,-3.80734
2311.12,-3.79651
2313.45,-3.78574
2315.77,-3.77502
2318.08,-3.76436
2320.38,-3.75374
2322.67,-3.74319
2324.94,-3.73268
2327.2,-3.72223
2329.45,-3.71182
2331.69,-3.70147
2333.92,-3.69117
2336.13,-3.68093
2338.34,-3.67073
2340.53,-3.66058
2342.71,-3.65048
2344.88,-3.64043
2347.03,-3.63043
2349.18,-3.62048
2351.31,-3.61058
2353.43,-3.60072
2355.54,-3.59091
2357.64,-3.58115
2359.73,-3.57144
2361.8,-3.56177
2363.86,-3.55216
2365.91,-3.54258
2367.95,-3.53305
2369.98,-3.52357
2372,-3.51413
2374,-3.50474
2375.99,-3.49539
2377.97,-3.48609
2379.94,-3.47683
2381.9,-3.46761
2383.85,-3.45844
2385.78,-3.44931
2387.7,-3.44022
2389.61,-3.43118
2391.51,-3.42217
2393.4,-3.41321
2395.28,-3.40429
2397.14,-3.39542
2398.99,-3.38658
2400.84,-3.37778
2402.67,-3.36902
2404.48,-3.36031
2406.29,-3.35163
2408.09,-3.34299
2409.87,-3.3344
2411.64,-3.32584
2413.4,-3.31732
2415.15,-3.30884
2416.89,-3.30039
2418.62,-3.29199
2420.33,-3.28362
2422.03,-3.27529
2423.72,-3.267
2425.4,-3.25874
2427.07,-3.25052
2428.73,-3.24234
2430.38,-3.23419
2432.01,-3.22608
2433.63,-3.218
2435.24,-3.20996
2436.84,-3.20196
2438.43,-3.19399
2440.01,-3.18605
2441.57,-3.17815
2443.13,-3.17028
2444.67,-3.16245
2446.2,-3.15465
2447.72,-3.14688
2449.23,-3.13914
2450.73,-3.13144
2452.21,-3.12378
2453.69,-3.11614
2455.15,-3.10853
2456.6,-3.10096
2458.04,-3.09342
2459.47,-3.08591
2460.89,-3.07844
2462.3,-3.07099
2463.69,-3.06357
2465.07,-3.05619
2466.45,-3.04883
2467.81,-3.04151
2469.16,-3.03421
2470.49,-3.02695
2471.82,-3.01971
2473.14,-3.01251
2474.44,-3.00533
2475.73,-2.99818
2477.02,-2.99106
2478.29,-2.98397
2479.54,-2.9769
2480.79,-2.96987
2482.03,-2.96286
2483.25,-2.95588
2484.47,-2.94893
2485.67,-2.942
2486.86,-2.9351
2488.04,-2.92823
2489.21,-2.92138
2490.37,-2.91456
2491.52,-2.90777
2492.65,-2.901
2493.78,-2.89426
2494.89,-2.88754
2495.99,-2.88085
2497.08,-2.87419
2498.16,-2.86755
2499.23,-2.86093
2500.28,-2.85434
2501.33,-2.84777
2502.36,-2.84123
2503.39,-2.83471
2504.4,-2.82821
2505.4,-2.82174
2506.39,-2.81529
2507.37,-2.80887
2508.34,-2.80247
2509.29,-2.79609
2510.24,-2.78973
2511.17,-2.7834
2512.09,-2.77709
2513,-2.7708
2513.9,-2.76453
2514.79,-2.75828
2515.67,-2.75206
2516.54,-2.74586
2517.39,-2.73967
2518.24,-2.73351
2519.07,-2.72737
2519.89,-2.72126
2520.7,-2.71516
2521.5,-2.70908
2522.29,-2.70302
2523.07,-2.69698
2523.84,-2.69097
2524.59,-2.68497
2525.34,-2.67899
2526.07,-2.67303
2526.79,-2.66709
2527.5,-2.66117
2528.2,-2.65527
2528.89,-2.64938
2529.57,-2.64352
2530.24,-2.63767
2530.89,-2.63184
2531.54,-2.62603
2532.17,-2.62024
2532.79,-2.61446
2533.41,-2.6087
2534.01,-2.60296
2534.6,-2.59724
2535.17,-2.59153
2535.74,-2.58584
2536.3,-2.58017
2536.84,-2.57451
2537.38,-2.56887
2537.9,-2.56325
2538.41,-2.55764
2538.91,-2.55205
2539.4,-2.54647
2539.88,-2.54091
2540.35,-2.53537
2540.8,-2.52984
2541.25,-2.52433
2541.68,-2.51883
2542.11,-2.51334
2542.52,-2.50787
2542.92,-2.50242
2543.31,-2.49697
2543.69,-2.49155
2544.06,-2.48613
2544.41,-2.48073
2544.76,-2.47535
2545.09,-2.46998
2545.42,-2.46462
2545.73,-2.45927
2546.03,-2.45394
2546.32,-2.44862
2546.6,-2.44332
2546.87,-2.43802
2547.13,-2.43274
2547.38,-2.42747
2547.61,-2.42222
2547.84,-2.41697
2548.05,-2.41174
2548.25,-2.40652
2548.45,-2.40131
2548.63,-2.39611
2548.8,-2.39092
2548.95,-2.38575
2549.1,-2.38058
2549.24,-2.37543
2549.36,-2.37029
2549.48,-2.36515
2549.58,-2.36003
2549.67,-2.35492
2549.76,-2.34982
2549.83,-2.34473
2549.89,-2.33964
2549.93,-2.33457
2549.97,-2.32951
2550,-2.32446
2550.01,-2.31941
2550.02,-2.31438
2550.01,-2.30935
2549.99,-2.30433
2549.97,-2.29932
2549.93,-2.29432
2549.88,-2.28933
2549.81,-2.28435
2549.74,-2.27937
2549.66,-2.2744
2549.56,-2.26944
2549.46,-2.26449
2549.34,-2.25954
2549.21,-2.2546
2549.07,-2.24967
2548.92,-2.24475
2548.76,-2.23983
2548.59,-2.23492
2548.41,-2.23001
2548.21,-2.22512
2548.01,-2.22022
2547.79,-2.21534
2547.57,-2.21046
2547.33,-2.20558
2547.08,-2.20071
2546.82,-2.19585
2546.55,-2.19099
2546.27,-2.18614
2545.97,-2.18129
2545.67,-2.17645
2545.35,-2.17161
2545.03,-2.16678
2544.69,-2.16195
2544.34,-2.15712
2543.98,-2.1523
2543.61,-2.14748
2543.23,-2.14267
2542.84,-2.13786
2542.44,-2.13305
2542.02,-2.12825
2541.6,-2.12345
2541.16,-2.11865
2540.71,-2.11385
2540.25,-2.10906
2539.78,-2.10427
2539.3,-2.09948
2538.81,-2.09469
2538.31,-2.08991
2537.79,-2.08513
2537.27,-2.08035
2536.73,-2.07557
2536.19,-2.07079
2535.63,-2.06601
2535.06,-2.06124
2534.48,-2.05646
2533.89,-2.05169
2533.28,-2.04692
2532.67,-2.04214
2532.05,-2.03737
2531.41,-2.03259
2530.76,-2.02782
2530.11,-2.02305
2529.44,-2.01827
2528.76,-2.01349
2528.07,-2.00872
2527.36,-2.00394
2526.65,-1.99916
2525.93,-1.99438
2525.19,-1.9896
2524.44,-1.98481
2523.69,-1.98003
2522.92,-1.97524
2522.14,-1.97045
2521.35,-1.96565
2520.54,-1.96086
2519.73,-1.95606
2518.91,-1.95126
2518.07,-1.94645
2517.22,-1.94164
2516.37,-1.93683
2515.5,-1.93201
2514.62,-1.92719
2513.73,-1.92236
2512.82,-1.91753
2511.91,-1.9127
2510.99,-1.90786
2510.05,-1.90302
2509.1,-1.89817
2508.14,-1.89331
2507.17,-1.88845
2506.19,-1.88358
2505.2,-1.87871
2504.2,-1.87383
2503.18,-1.86894
2502.16,-1.86405
2501.12,-1.85915
2500.07,-1.85425
2499.02,-1.84933
2497.95,-1.84441
2496.86,-1.83948
2495.77,-1.83454
2494.67,-1.8296
2493.55,-1.82464
2492.43,-1.81968
2491.29,-1.81471
2490.14,-1.80973
2488.98,-1.80474
2487.81,-1.79974
2486.63,-1.79473
2485.43,-1.78971
2484.23,-1.78468
2483.01,-1.77963
2481.78,-1.77458
2480.55,-1.76952
2479.3,-1.76445
2478.03,-1.75936
2476.76,-1.75426
2475.48,-1.74915
2474.18,-1.74403
2472.88,-1.7389
2471.56,-1.73375
2470.23,-1.72859
2468.89,-1.72342
2467.54,-1.71823
2466.17,-1.71303
2464.8,-1.70781
2463.41,-1.70258
2462.02,-1.69734
2460.61,-1.69208
2459.19,-1.6868
2457.76,-1.68151
2456.32,-1.67621
2454.86,-1.67089
2453.4,-1.66555
2451.92,-1.66019
2450.43,-1.65482
2448.93,-1.64943
2447.42,-1.64402
2445.9,-1.6386
2444.37,-1.63316
2442.82,-1.62769
2441.26,-1.62221
2439.7,-1.61671
2438.12,-1.61119
2436.53,-1.60566
2434.92,-1.6001
2433.31,-1.59452
2431.69,-1.58892
2430.05,-1.5833
2428.4,-1.57765
2426.74,-1.57199
2425.07,-1.5663
2423.39,-1.56059
2421.7,-1.55486
2419.99,-1.54911
2418.27,-1.54333
2416.54,-1.53753
2414.8,-1.5317
2413.05,-1.52585
2411.29,-1.51997
2409.52,-1.51407
2407.73,-1.50814
2405.93,-1.50219
2404.12,-1.49621
2402.3,-1.4902
2400.47,-1.48417
2398.63,-1.47811
2396.77,-1.47202
2394.91,-1.4659
2393.03,-1.45975
2391.14,-1.45357
2389.23,-1.44737
2387.32,-1.44113
2385.4,-1.43486
2383.46,-1.42856
2381.51,-1.42223
2379.55,-1.41587
2377.58,-1.40947
2375.6,-1.40304
2373.6,-1.39658
2371.6,-1.39009
2369.58,-1.38356
2367.55,-1.37699
2365.51,-1.37039
2363.45,-1.36376
2361.39,-1.35708
2359.31,-1.35037
2357.22,-1.34363
2355.12,-1.33684
2353.01,-1.33002
2350.89,-1.32316
2348.75,-1.31626
2346.61,-1.30932
2344.45,-1.30233
2342.28,-1.29531
2340.1,-1.28825
2337.9,-1.28114
2335.7,-1.27399
2333.48,-1.2668
2331.25,-1.25956
2329.01,-1.25228
2326.76,-1.24495
2324.49,-1.23758
2322.21,-1.23016
2319.93,-1.22269
2317.63,-1.21518
2315.31,-1.20762
2312.99,-1.20001
2310.65,-1.19235
2308.31,-1.18463
2305.95,-1.17687
2303.57,-1.16906
2301.19,-1.16119
2298.8,-1.15327
2296.39,-1.1453
2293.97,-1.13727
2291.54,-1.12919
2289.1,-1.12105
2286.64,-1.11286
2284.17,-1.1046
2281.69,-1.09629
2279.2,-1.08792
2276.7,-1.07949
2274.19,-1.071
2271.66,-1.06245
2269.12,-1.05384
2266.57,-1.04516
2264.01,-1.03642
2261.43,-1.02762
2258.85,-1.01874
2256.25,-1.00981
2253.64,-1.0008
2251.01,-0.991729
2248.38,-0.982587
2245.73,-0.973374
2243.07,-0.964091
2240.4,-0.954736
2237.72,-0.945308
2235.02,-0.935806
2232.32,-0.92623
2229.6,-0.916577
2226.87,-0.906848
2224.12,-0.897041
2221.37,-0.887155
2218.6,-0.877189
2215.82,-0.867142
2213.03,-0.857012
2210.22,-0.846799
2207.4,-0.836503
2204.58,-0.826121
2201.74,-0.815652
2198.88,-0.805095
2196.02,-0.79445
2193.14,-0.783714
2190.25,-0.772887
2187.35,-0.761968
2184.43,-0.750954
2181.51,-0.739846
2178.57,-0.728642
2175.62,-0.717339
2172.66,-0.705938
2169.68,-0.694437
2166.69,-0.682834
2163.69,-0.671128
2160.68,-0.659317
2157.66,-0.647401
2154.62,-0.635378
2151.57,-0.623246
2148.51,-0.611003
2145.44,-0.59865
2142.35,-0.586183
2139.25,-0.573601
2136.14,-0.560903
2133.02,-0.548087
2129.88,-0.535152
2126.74,-0.522096
2123.58,-0.508918
2120.4,-0.495614
2117.22,-0.482185
2114.02,-0.468628
2110.81,-0.454941
2107.59,-0.441123
2104.36,-0.427172
2101.11,-0.413086
2097.85,-0.398864
2094.58,-0.384502
2091.3,-0.37
2088,-0.355355
2084.7,-0.340565
2081.38,-0.32563
2078.04,-0.310545
2074.7,-0.29531
2071.34,-0.279922
2067.97,-0.264379
2064.59,-0.248679
2061.19,-0.232821
2057.78,-0.2168
2054.36,-0.200616
2050.93,-0.184266
2047.49,-0.167748
2044.03,-0.151059
2040.56,-0.134197
2037.08,-0.117159
2033.58,-0.0999439
2030.08,-0.0825482
2026.56,-0.0649692
2023.03,-0.0472046
2019.48,-0.0292518
2015.92,-0.0111082
2012.36,0.00722916
2008.77,0.025763
2005.18,0.0444961
2001.57,0.0634311
1997.95,0.082571
1994.32,0.101919
1990.68,0.121477
1987.02,0.14125
1983.35,0.161239
1979.67,0.181448
1975.98,0.201881
1972.27,0.22254
1968.56,0.243429
1964.82,0.26455
1961.08,0.285909
1957.33,0.307506
1953.56,0.329348
1949.78,0.351436
1945.98,0.373775
1942.18,0.396367
1938.36,0.419218
1934.53,0.44233
1930.69,0.465707
1926.83,0.489354
1922.97,0.513274
1919.09,0.537471
1915.19,0.56195
1911.29,0.586714
1907.37,0.611768
1903.44,0.637115
1899.5,0.662762
1895.55,0.688711
1891.58,0.714967
1887.61,0.741535
1883.62,0.768419
1879.61,0.795625
1875.6,0.823157
1871.57,0.851019
1867.53,0.879218
1863.48,0.907757
1859.41,0.936642
1855.34,0.965879
1851.25,0.995471
1847.15,1.02543
1843.04,1.05575
1838.91,1.08644
1834.78,1.11752
1830.63,1.14897
1826.47,1.18082
1822.29,1.21306
1818.11,1.24571
1813.91,1.27876
1809.7,1.31223
1805.48,1.34611
1801.25,1.38043
1797.01,1.41517
1792.75,1.45036
1788.48,1.486
1784.2,1.52208
1779.91,1.55863
1775.6,1.59565
1771.29,1.63314
1766.96,1.67111
1762.62,1.70957
1758.27,1.74853
1753.91,1.78799
1749.54,1.82797
1745.15,1.86846
1740.75,1.90949
1736.35,1.95105
1731.93,1.99315
1727.5,2.03581
1723.05,2.07903
1718.6,2.12282
1714.14,2.16718
1709.66,2.21214
1705.17,2.25769
1700.68,2.30385
1696.17,2.35063
1691.65,2.39802
1687.11,2.44606
1682.57,2.49474
1678.02,2.54407
1673.46,2.59407
1668.88,2.64474
1664.3,2.6961
1659.7,2.74815
1655.09,2.80091
1650.48,2.85439
1645.85,2.90859
1641.21,2.96354
1636.57,3.01924
1631.91,3.07569
1627.24,3.13293
1622.56,3.19095
1617.87,3.24976
1613.18,3.30939
1608.47,3.36984
1603.75,3.43113
1599.02,3.49326
1594.29,3.55625
1589.54,3.62012
1584.79,3.68487
1580.02,3.75053
1575.25,3.8171
1570.47,3.8846
1565.67,3.95303
1560.87,4.02243
1556.06,4.09279
1551.25,4.16414
1546.42,4.23648
1541.59,4.30984
1536.74,4.38423
1531.89,4.45966
1527.03,4.53615
1522.16,4.61371
1517.29,4.69237
1512.41,4.77212
1507.52,4.853
1502.62,4.93502
1497.71,5.01819
1492.8,5.10252
1487.88,5.18804
1482.96,5.27477
1478.03,5.36271
1473.09,5.45188
1468.14,5.54231
1463.19,5.634
1458.24,5.72698
1453.27,5.82126
1448.31,5.91686
1443.33,6.01379
1438.36,6.11208
1433.37,6.21174
1428.38,6.31278
1423.39,6.41523
1418.39,6.51909
1413.39,6.6244
1408.39,6.73115
1403.38,6.83938
1398.37,6.9491
1393.35,7.06032
1388.34,7.17306
1383.31,7.28734
1378.29,7.40317
1373.27,7.52057
1368.24,7.63955
1363.21,7.76013
1358.18,7.88232
1353.15,8.00614
1348.12,8.13161
1343.08,8.25873
1338.05,8.38751
1333.02,8.51798
1327.99,8.65014
1322.96,8.78401
1317.93,8.91959
1312.9,9.0569
1307.87,9.19595
1302.85,9.33673
1297.83,9.47927
1292.81,9.62357
1287.79,9.76962
1282.78,9.91745
1277.77,10.067
1272.77,10.2184
1267.77,10.3716
1262.78,10.5265
1257.79,10.6832
1252.81,10.8416
1247.84,11.0019
1242.87,11.1638
1237.91,11.3276
1232.96,11.493
1228.02,11.6602
1223.09,11.8291
1218.17,11.9997
1213.25,12.172
1208.35,12.3459
1203.46,12.5214
1198.58,12.6986
1193.72,12.8773
1188.86,13.0576
1184.02,13.2393
1179.2,13.4225
1174.39,13.6072
1169.59,13.7932
1164.81,13.9805
1160.05,14.1691
1155.31,14.3589
1150.58,14.5499
1145.87,14.742
1141.19,14.9351
1136.52,15.1291
1131.87,15.3239
1127.25,15.5196
1122.65,15.7159
1118.07,15.9129
1113.51,16.1103
1108.98,16.3081
1104.48,16.5062
1100,16.7044
1095.55,16.9027
1091.13,17.1009
1086.73,17.2989
1082.37,17.4965
1078.04,17.6936
1073.74,17.89
1069.47,18.0856
1065.23,18.2802
1061.03,18.4736
1056.87,18.6657
1052.74,18.8562
1048.65,19.0451
1044.6,19.232
1040.58,19.4168
1036.61,19.5992
1032.68,19.7791
1028.79,19.9562
1024.94,20.1302
1021.14,20.301
1017.38,20.4684
1013.67,20.6319
1010,20.7915
1006.39,20.9468
1002.82,21.0976
999.309,21.2436
995.846,21.3846
992.435,21.5202
989.079,21.6502
985.777,21.7744
982.531,21.8923
979.342,22.0038
976.212,22.1086
973.14,22.2063
970.129,22.2968
967.179,22.3797
964.292,22.4547
961.468,22.5216
958.708,22.5801
956.014,22.6299
953.386,22.6708
950.826,22.7025
948.334,22.7248
945.912,22.7374
943.561,22.7401
941.28,22.7327
939.072,22.7151
936.938,22.6869
934.877,22.648
932.892,22.5983
930.982,22.5376
929.149,22.4657
927.394,22.3826
925.716,22.2882
924.118,22.1823
922.6,22.0649
921.162,21.936
919.805,21.7956
918.529,21.6436
917.337,21.48
916.226,21.3049
915.2,21.1185
914.257,20.9206
913.398,20.7115
912.624,20.4913
911.935,20.2602
911.332,20.0182
910.814,19.7656
910.382,19.5027
910.036,19.2296
909.777,18.9467
909.604,18.6541
909.517,18.3522
909.517,18.0412
909.604,17.7216
909.777,17.3937
910.037,17.0578
910.382,16.7143
910.814,16.3635
911.333,16.006
911.936,15.642
912.625,15.2721
913.399,14.8965
914.258,14.5159
915.201,14.1305
916.228,13.7409
917.338,13.3474
918.532,12.9506
919.807,12.5508
921.164,12.1486
922.602,11.7443
924.121,11.3383
925.719,10.9312
927.396,10.5234
929.152,10.1152
930.985,9.70704
932.895,9.29938
934.881,8.89257
936.941,8.48701
939.076,8.08305
941.284,7.68107
943.565,7.28139
945.916,6.88435
948.339,6.49027
950.83,6.09946
953.391,5.7122
956.019,5.32877
958.713,4.94942
961.473,4.57441
964.297,4.20397
967.184,3.83831
970.134,3.47763
973.146,3.12212
976.217,2.77195
979.348,2.42728
982.537,2.08826
985.783,1.75501
989.084,1.42764
992.441,1.10627
995.852,0.790988
999.315,0.481865
1002.83,0.178968
1006.4,-0.117646
1010.01,-0.407937
1013.67,-0.69187
1017.38,-0.969425
1021.14,-1.24059
1024.95,-1.50536
1028.79,-1.76373
1032.68,-2.01574
1036.61,-2.26139
1040.59,-2.50073
1044.6,-2.73377
1048.66,-2.96058
1052.75,-3.18119
1056.88,-3.39567
1061.04,-3.60407
1065.24,-3.80646
1069.48,-4.00291
1073.75,-4.1935
1078.05,-4.3783
1082.38,-4.55739
1086.74,-4.73086
1091.14,-4.8988
1095.56,-5.06129
1100.01,-5.21844
1104.49,-5.37032
1108.99,-5.51704
1113.52,-5.65869
1118.08,-5.79538
1122.65,-5.92719
1127.26,-6.05423
1131.88,-6.1766
1136.53,-6.2944
1141.2,-6.40773
1145.88,-6.51669
1150.59,-6.62137
1155.32,-6.72188
1160.06,-6.81832
1164.82,-6.91078
1169.6,-6.99936
1174.4,-7.08416
1179.21,-7.16527
1184.03,-7.24279
1188.87,-7.31681
1193.72,-7.38742
1198.59,-7.45472
1203.47,-7.51879
1208.36,-7.57972
1213.26,-7.63759
1218.17,-7.6925
1223.1,-7.74452
1228.03,-7.79375
1232.97,-7.84025
1237.92,-7.88411
1242.88,-7.9254
1247.85,-7.96421
1252.82,-8.0006
1257.8,-8.03466
1262.79,-8.06644
1267.78,-8.09602
1272.78,-8.12348
1277.78,-8.14886
1282.79,-8.17225
1287.8,-8.1937
1292.82,-8.21327
1297.83,-8.23103
1302.86,-8.24703
1307.88,-8.26134
1312.91,-8.274
1317.94,-8.28508
1322.97,-8.29462
1328,-8.30267
1333.03,-8.3093
1338.06,-8.31454
1343.09,-8.31844
1348.13,-8.32106
1353.16,-8.32243
1358.19,-8.3226
1363.22,-8.32161
1368.25,-8.3195
1373.27,-8.31632
1378.3,-8.3121
1383.32,-8.30688
1388.34,-8.3007
1393.36,-8.29359
1398.38,-8.28558
1403.39,-8.27672
1408.4,-8.26704
1413.4,-8.25656
1418.4,-8.24531
1423.4,-8.23333
1428.39,-8.22065
1433.38,-8.20729
1438.36,-8.19328
1443.34,-8.17865
1448.32,-8.16342
1453.28,-8.14762
1458.25,-8.13127
1463.2,-8.11439
1468.15,-8.09701
1473.1,-8.07915
1478.04,-8.06083
1482.97,-8.04207
1487.89,-8.02289
1492.81,-8.00331
1497.72,-7.98334
1502.63,-7.96301
1507.53,-7.94234
1512.42,-7.92133
1517.3,-7.90001
1522.17,-7.8784
1527.04,-7.8565
1531.9,-7.83433
1536.75,-7.8119
1541.59,-7.78924
1546.43,-7.76635
1551.25,-7.74325
1556.07,-7.71994
1560.88,-7.69644
1565.68,-7.67277
1570.47,-7.64893
1575.26,-7.62493
1580.03,-7.60078
1584.8,-7.5765
1589.55,-7.5521
1594.3,-7.52758
1599.03,-7.50294
1603.76,-7.47822
1608.48,-7.4534
1613.18,-7.42849
1617.88,-7.40352
1622.57,-7.37848
1627.25,-7.35337
1631.92,-7.32822
1636.57,-7.30302
1641.22,-7.27778
1645.86,-7.25251
1650.49,-7.22721
1655.1,-7.20189
1659.71,-7.17655
1664.3,-7.15121
1668.89,-7.12586
1673.46,-7.10051
1678.03,-7.07516
1682.58,-7.04983
1687.12,-7.02451
1691.65,-6.99921
1696.17,-6.97393
1700.68,-6.94868
1705.18,-6.92346
1709.67,-6.89827
1714.14,-6.87312
1718.61,-6.84802
1723.06,-6.82295
1727.5,-6.79794
1731.94,-6.77298
1736.35,-6.74807
1740.76,-6.72321
1745.16,-6.69842
1749.54,-6.67368
1753.92,-6.64901
1758.28,-6.62441
1762.63,-6.59987
1766.97,-6.57541
1771.3,-6.55101
1775.61,-6.52669
1779.92,-6.50245
1784.21,-6.47829
1788.49,-6.4542
1792.76,-6.4302
1797.01,-6.40628
1801.26,-6.38244
1805.49,-6.35869
1809.71,-6.33503
1813.92,-6.31145
1818.12,-6.28796
1822.3,-6.26457
1826.47,-6.24126
1830.63,-6.21805
1834.78,-6.19493
1838.92,-6.1719
1843.05,-6.14897
1847.16,-6.12613
1851.26,-6.10339
1855.35,-6.08075
1859.42,-6.0582
1863.49,-6.03575
1867.54,-6.0134
1871.58,-5.99115
1875.6,-5.969
1879.62,-5.94695
1883.62,-5.925
1887.61,-5.90315
1891.59,-5.8814
1895.56,-5.85976
1899.51,-5.83821
1903.45,-5.81677
1907.38,-5.79542
1911.3,-5.77418
1915.2,-5.75304
1919.09,-5.73201
1922.97,-5.71107
1926.84,-5.69024
1930.69,-5.66951
1934.54,-5.64888
1938.37,-5.62836
1942.19,-5.60793
1945.99,-5.58761
1949.78,-5.56739
1953.56,-5.54728
1957.33,-5.52726
1961.09,-5.50735
1964.83,-5.48753
1968.56,-5.46782
1972.28,-5.44821
1975.99,-5.4287
1979.68,-5.40929
1983.36,-5.38998
1987.03,-5.37078
1990.69,-5.35167
1994.33,-5.33266
1997.96,-5.31375
2001.58,-5.29494
2005.19,-5.27623
2008.78,-5.25761
2012.36,-5.2391
2015.93,-5.22068
2019.49,-5.20236
2023.03,-5.18414
2026.56,-5.16601
2030.08,-5.14798
2033.59,-5.13005
2037.08,-5.11221
2040.57,-5.09447
2044.04,-5.07682
2047.49,-5.05926
2050.94,-5.0418
2054.37,-5.02444
2057.79,-5.00716
2061.2,-4.98998
2064.59,-4.97289
2067.98,-4.9559
2071.35,-4.93899
2074.7,-4.92218
2078.05,-4.90545
2081.38,-4.88882
2084.7,-4.87228
2088.01,-4.85582
2091.31,-4.83945
2094.59,-4.82318
2097.86,-4.80699
2101.12,-4.79088
2104.37,-4.77487
2107.6,-4.75894
2110.82,-4.7431
2114.03,-4.72734
2117.23,-4.71167
2120.41,-4.69608
2123.58,-4.68058
2126.74,-4.66516
2129.89,-4.64982
2133.03,-4.63457
2136.15,-4.6194
2139.26,-4.60431
2142.36,-4.5893
2145.44,-4.57437
2148.52,-4.55952
2151.58,-4.54476
2154.63,-4.53007
2157.66,-4.51546
2160.69,-4.50093
2163.7,-4.48648
2166.7,-4.47211
2169.69,-4.45781
2172.66,-4.44359
2175.62,-4.42944
2178.57,-4.41538
2181.51,-4.40138
2184.44,-4.38746
2187.35,-4.37362
2190.26,-4.35985
2193.14,-4.34615
2196.02,-4.33253
2198.89,-4.31898
2201.74,-4.3055
2204.58,-4.29209
2207.41,-4.27876
2210.23,-4.26549
2213.03,-4.2523
2215.82,-4.23917
2218.6,-4.22612
2221.37,-4.21313
2224.13,-4.20021
2226.87,-4.18736
2229.6,-4.17458
2232.32,-4.16187
2235.03,-4.14922
2237.72,-4.13663
2240.41,-4.12412
2243.08,-4.11167
2245.74,-4.09928
2248.38,-4.08696
2251.02,-4.0747
2253.64,-4.06251
2256.25,-4.05038
2258.85,-4.03832
2261.44,-4.02631
2264.01,-4.01437
2266.58,-4.00249
2269.13,-3.99067
2271.67,-3.97891
2274.19,-3.96722
2276.71,-3.95558
2279.21,-3.944
2281.7,-3.93249
2284.18,-3.92103
2286.65,-3.90963
2289.1,-3.89828
2291.54,-3.887
2293.97,-3.87577
2296.39,-3.8646
2298.8,-3.85349
2301.2,-3.84243
2303.58,-3.83143
2305.95,-3.82048
2308.31,-3.80959
2310.66,-3.79876
2312.99,-3.78797
2315.32,-3.77725
2317.63,-3.76657
2319.93,-3.75595
2322.22,-3.74538
2324.5,-3.73487
2326.76,-3.7244
2329.01,-3.71399
2331.25,-3.70363
2333.48,-3.69333
2335.7,-3.68307
2337.91,-3.67286
2340.1,-3.6627
2342.28,-3.65259
2344.45,-3.64254
2346.61,-3.63253
2348.76,-3.62257
2350.89,-3.61265
2353.02,-3.60279
2355.13,-3.59298
2357.23,-3.58321
2359.32,-3.57349
2361.39,-3.56381
2363.46,-3.55418
2365.51,-3.5446
2367.55,-3.53506
2369.58,-3.52557
2371.6,-3.51613
2373.61,-3.50673
2375.6,-3.49737
2377.59,-3.48806
2379.56,-3.47879
2381.52,-3.46957
2383.46,-3.46039
2385.4,-3.45125
2387.33,-3.44215
2389.24,-3.4331
2391.14,-3.42409
2393.03,-3.41512
2394.91,-3.40619
2396.78,-3.39731
2398.63,-3.38846
2400.48,-3.37966
2402.31,-3.3709
2404.13,-3.36217
2405.94,-3.35349
2407.73,-3.34485
2409.52,-3.33624
2411.3,-3.32768
2413.06,-3.31915
2414.81,-3.31066
2416.55,-3.30221
2418.28,-3.2938
2419.99,-3.28542
2421.7,-3.27709
2423.39,-3.26879
2425.08,-3.26052
2426.75,-3.2523
2428.41,-3.24411
2430.05,-3.23595
2431.69,-3.22784
2433.32,-3.21975
2434.93,-3.21171
2436.53,-3.20369
2438.12,-3.19572
2439.7,-3.18777
2441.27,-3.17987
2442.83,-3.17199
2444.37,-3.16415
2445.9,-3.15634
2447.43,-3.14857
2448.94,-3.14083
2450.44,-3.13312
2451.92,-3.12545
2453.4,-3.11781
2454.87,-3.1102
2456.32,-3.10262
2457.76,-3.09507
2459.19,-3.08756
2460.61,-3.08008
2462.02,-3.07262
2463.42,-3.0652
2464.81,-3.05781
2466.18,-3.05045
2467.54,-3.04312
2468.89,-3.03582
2470.23,-3.02855
2471.56,-3.02131
2472.88,-3.0141
2474.19,-3.00692
2475.48,-2.99976
2476.77,-2.99264
2478.04,-2.98554
2479.3,-2.97847
2480.55,-2.97143
2481.79,-2.96442
2483.02,-2.95743
2484.23,-2.95047
2485.44,-2.94354
2486.63,-2.93664
2487.81,-2.92976
2488.98,-2.92291
2490.14,-2.91609
2491.29,-2.90929
2492.43,-2.90252
2493.56,-2.89577
2494.67,-2.88905
2495.78,-2.88236
2496.87,-2.87569
2497.95,-2.86904
2499.02,-2.86242
2500.08,-2.85582
2501.13,-2.84925
2502.16,-2.84271
2503.19,-2.83618
2504.2,-2.82968
2505.21,-2.82321
2506.2,-2.81676
2507.18,-2.81033
2508.15,-2.80392
2509.11,-2.79754
2510.05,-2.79118
2510.99,-2.78484
2511.91,-2.77852
2512.83,-2.77223
2513.73,-2.76596
2514.62,-2.75971
2515.5,-2.75348
2516.37,-2.74727
2517.23,-2.74109
2518.07,-2.73493
2518.91,-2.72878
2519.73,-2.72266
2520.55,-2.71656
2521.35,-2.71048
2522.14,-2.70442
2522.92,-2.69837
2523.69,-2.69235
2524.45,-2.68635
2525.19,-2.68037
2525.93,-2.67441
2526.65,-2.66846
2527.37,-2.66254
2528.07,-2.65663
2528.76,-2.65075
2529.44,-2.64488
2530.11,-2.63903
2530.77,-2.6332
2531.41,-2.62738
2532.05,-2.62159
2532.67,-2.61581
2533.29,-2.61005
2533.89,-2.6043
2534.48,-2.59858
2535.06,-2.59287
2535.63,-2.58718
2536.19,-2.5815
2536.74,-2.57584
2537.27,-2.5702
2537.8,-2.56457
2538.31,-2.55896
2538.81,-2.55337
2539.31,-2.54779
2539.79,-2.54223
2540.26,-2.53668
2540.72,-2.53115
2541.16,-2.52563
2541.6,-2.52013
2542.02,-2.51464
2542.44,-2.50917
2542.84,-2.50371
2543.23,-2.49827
2543.62,-2.49284
2543.99,-2.48742
2544.35,-2.48202
2544.69,-2.47663
2545.03,-2.47126
2545.36,-2.4659
2545.67,-2.46055
2545.98,-2.45522
2546.27,-2.4499
2546.55,-2.44459
2546.82,-2.43929
2547.08,-2.43401
2547.33,-2.42874
2547.57,-2.42348
2547.8,-2.41823
2548.01,-2.413
2548.22,-2.40777
2548.41,-2.40256
2548.59,-2.39736
2548.77,-2.39218
2548.93,-2.387
2549.08,-2.38183
2549.22,-2.37668
2549.34,-2.37153
2549.46,-2.3664
2549.57,-2.36127
2549.66,-2.35616
2549.74,-2.35106
2549.82,-2.34596
2549.88,-2.34088
2549.93,-2.33581
2549.97,-2.33074
2550,-2.32569
2550.01,-2.32064
2550.02,-2.31561
2550.02,-2.31058
2550,-2.30556
2549.97,-2.30055
2549.94,-2.29555
2549.89,-2.29056
2549.83,-2.28557
2549.76,-2.28059
2549.68,-2.27562
2549.58,-2.27066
2549.48,-2.26571
2549.37,-2.26076
2549.24,-2.25582
2549.1,-2.25089
2548.96,-2.24596
2548.8,-2.24105
2548.63,-2.23613
2548.45,-2.23123
2548.26,-2.22633
2548.05,-2.22144
2547.84,-2.21655
2547.62,-2.21167
2547.38,-2.20679
2547.13,-2.20193
2546.87,-2.19706
2546.61,-2.1922
2546.33,-2.18735
2546.04,-2.1825
2545.73,-2.17766
2545.42,-2.17282
2545.1,-2.16798
2544.76,-2.16315
2544.42,-2.15833
2544.06,-2.15351
2543.69,-2.14869
2543.31,-2.14387
2542.92,-2.13906
2542.52,-2.13426
2542.11,-2.12945
2541.68,-2.12465
2541.25,-2.11985
2540.8,-2.11506
2540.35,-2.11027
2539.88,-2.10548
2539.4,-2.10069
2538.91,-2.0959
2538.41,-2.09112
2537.9,-2.08634
2537.38,-2.08156
2536.84,-2.07678
2536.3,-2.072
2535.74,-2.06722
2535.18,-2.06245
2534.6,-2.05767
2534.01,-2.0529
2533.41,-2.04813
2532.8,-2.04335
2532.17,-2.03858
2531.54,-2.03381
2530.9,-2.02903
2530.24,-2.02426
2529.57,-2.01948
2528.9,-2.01471
2528.21,-2.00993
2527.51,-2.00516
2526.8,-2.00038
2526.07,-1.9956
2525.34,-1.99082
2524.6,-1.98603
2523.84,-1.98125
2523.07,-1.97646
2522.3,-1.97167
2521.51,-1.96688
2520.71,-1.96208
2519.9,-1.95728
2519.07,-1.95248
2518.24,-1.94768
2517.4,-1.94287
2516.54,-1.93806
2515.67,-1.93324
2514.8,-1.92842
2513.91,-1.9236
2513.01,-1.91877
2512.1,-1.91394
2511.17,-1.9091
2510.24,-1.90426
2509.29,-1.89941
2508.34,-1.89456
2507.37,-1.8897
2506.39,-1.88483
2505.4,-1.87996
2504.4,-1.87508
2503.39,-1.8702
2502.37,-1.86531
2501.33,-1.86041
2500.29,-1.85551
2499.23,-1.8506
2498.16,-1.84568
2497.08,-1.84075
2495.99,-1.83581
2494.89,-1.83087
2493.78,-1.82592
2492.65,-1.82096
2491.52,-1.81599
2490.37,-1.81101
2489.22,-1.80602
2488.05,-1.80103
2486.87,-1.79602
2485.67,-1.791
2484.47,-1.78597
2483.26,-1.78094
2482.03,-1.77589
2480.8,-1.77083
2479.55,-1.76576
2478.29,-1.76067
2477.02,-1.75558
2475.74,-1.75047
2474.44,-1.74535
2473.14,-1.74022
2471.82,-1.73508
2470.5,-1.72992
2469.16,-1.72475
2467.81,-1.71957
2466.45,-1.71437
2465.08,-1.70916
2463.69,-1.70393
2462.3,-1.69869
2460.89,-1.69344
2459.48,-1.68817
2458.05,-1.68288
2456.61,-1.67758
2455.15,-1.67226
2453.69,-1.66692
2452.22,-1.66157
2450.73,-1.65621
2449.23,-1.65082
2447.73,-1.64542
2446.21,-1.64
2444.67,-1.63456
2443.13,-1.6291
2441.58,-1.62363
2440.01,-1.61813
2438.43,-1.61262
2436.85,-1.60708
2435.25,-1.60153
2433.64,-1.59596
2432.01,-1.59036
2430.38,-1.58474
2428.73,-1.57911
2427.08,-1.57345
2425.41,-1.56777
2423.73,-1.56206
2422.04,-1.55634
2420.33,-1.55059
2418.62,-1.54482
2416.89,-1.53902
2415.15,-1.5332
2413.4,-1.52735
2411.64,-1.52148
2409.87,-1.51559
2408.09,-1.50967
2406.29,-1.50372
2404.49,-1.49774
2402.67,-1.49174
2400.84,-1.48572
2399,-1.47966
2397.14,-1.47358
2395.28,-1.46746
2393.4,-1.46132
2391.51,-1.45515
2389.62,-1.44895
2387.7,-1.44272
2385.78,-1.43646
2383.85,-1.43017
2381.9,-1.42385
2379.94,-1.41749
2377.98,-1.4111
2375.99,-1.40468
2374,-1.39823
2372,-1.39174
2369.98,-1.38522
2367.95,-1.37866
2365.92,-1.37207
2363.86,-1.36544
2361.8,-1.35878
2359.73,-1.35208
2357.64,-1.34534
2355.54,-1.33856
2353.43,-1.33175
2351.31,-1.32489
2349.18,-1.318
2347.04,-1.31107
2344.88,-1.3041
2342.71,-1.29708
2340.53,-1.29003
2338.34,-1.28293
2336.14,-1.27579
2333.92,-1.26861
2331.69,-1.26138
2329.46,-1.25411
2327.21,-1.24679
2324.94,-1.23943
2322.67,-1.23202
2320.38,-1.22457
2318.08,-1.21706
2315.78,-1.20951
2313.45,-1.20191
2311.12,-1.19426
2308.77,-1.18656
2306.42,-1.17881
2304.05,-1.17101
2301.67,-1.16315
2299.27,-1.15525
2296.87,-1.14728
2294.45,-1.13927
2292.02,-1.1312
2289.58,-1.12307
2287.13,-1.11489
2284.67,-1.10665
2282.19,-1.09835
2279.7,-1.09
2277.2,-1.08158
2274.69,-1.0731
2272.16,-1.06456
2269.63,-1.05596
2267.08,-1.0473
2264.52,-1.03857
2261.95,-1.02978
2259.36,-1.02093
2256.77,-1.012
2254.16,-1.00301
2251.54,-0.993956
2248.91,-0.984829
2246.26,-0.975632
2243.6,-0.966365
2240.94,-0.957025
2238.25,-0.947613
2235.56,-0.938128
2232.86,-0.928567
2230.14,-0.918931
2227.41,-0.909218
2224.67,-0.899428
2221.92,-0.889559
2219.15,-0.87961
2216.37,-0.869581
2213.58,-0.859469
2210.78,-0.849275
2207.97,-0.838996
2205.14,-0.828633
2202.3,-0.818182
2199.45,-0.807645
2196.59,-0.797018
2193.71,-0.786302
2190.83,-0.775495
2187.93,-0.764596
2185.02,-0.753602
2182.09,-0.742515
2179.16,-0.731331
2176.21,-0.72005
2173.25,-0.70867
2170.27,-0.69719
2167.29,-0.685609
2164.29,-0.673925
2161.28,-0.662137
2158.26,-0.650243
2155.23,-0.638243
2152.18,-0.626134
2149.12,-0.613916
2146.05,-0.601586
2142.97,-0.589143
2139.87,-0.576586
2136.76,-0.563913
2133.64,-0.551123
2130.51,-0.538213
2127.36,-0.525183
2124.21,-0.51203
2121.04,-0.498754
2117.86,-0.485351
2114.66,-0.471821
2111.45,-0.458162
2108.24,-0.444372
2105,-0.430449
2101.76,-0.416392
2098.5,-0.402198
2095.24,-0.387866
2091.95,-0.373394
2088.66,-0.358779
2085.36,-0.34402
2082.04,-0.329116
2078.71,-0.314063
2075.36,-0.29886
2072.01,-0.283504
2068.64,-0.267994
2065.26,-0.252328
2061.87,-0.236502
2058.46,-0.220516
2055.05,-0.204367
2051.62,-0.188052
2048.17,-0.171569
2044.72,-0.154916
2041.25,-0.13809
2037.77,-0.12109
2034.28,-0.103912
2030.78,-0.0865542
2027.26,-0.0690136
2023.73,-0.0512881
2020.19,-0.0333747
2016.63,-0.0152711
2013.07,0.00302572
2009.49,0.0215182
2005.9,0.0402093
2002.29,0.0591021
1998.68,0.0781988
1995.05,0.0975032
1991.41,0.117017
1987.75,0.136745
1984.09,0.156689
1980.41,0.176852
1976.72,0.197239
1973.01,0.21785
1969.3,0.238691
1965.57,0.259764
1961.83,0.281073
1958.07,0.302621
1954.31,0.324411
1950.53,0.346448
1946.74,0.368734
1942.94,0.391274
1939.12,0.414071
1935.29,0.437128
1931.45,0.460451
1927.6,0.484041
1923.74,0.507904
1919.86,0.532044
1915.97,0.556464
1912.07,0.581169
1908.15,0.606163
1904.23,0.63145
1900.29,0.657034
1896.34,0.68292
1892.37,0.709112
1888.4,0.735616
1884.41,0.762435
1880.41,0.789574
1876.4,0.817038
1872.37,0.844832
1868.34,0.872961
1864.29,0.90143
1860.22,0.930243
1856.15,0.959407
1852.07,0.988926
1847.97,1.01881
1843.86,1.04905
1839.73,1.07967
1835.6,1.11066
1831.45,1.14204
1827.3,1.17381
1823.13,1.20597
1818.94,1.23853
1814.75,1.2715
1810.54,1.30488
1806.32,1.33868
1802.09,1.37291
1797.85,1.40757
1793.6,1.44266
1789.33,1.47821
1785.05,1.5142
1780.76,1.55065
1776.46,1.58757
1772.15,1.62496
1767.82,1.66284
1763.49,1.7012
1759.14,1.74006
1754.78,1.77941
1750.41,1.81928
1746.02,1.85967
1741.63,1.90059
1737.22,1.94204
1732.81,1.98403
1728.38,2.02658
1723.94,2.06968
1719.49,2.11335
1715.03,2.1576
1710.55,2.20244
1706.07,2.24787
1701.57,2.2939
1697.06,2.34055
1692.55,2.38782
1688.02,2.43573
1683.48,2.48427
1678.93,2.53347
1674.36,2.58334
1669.79,2.63387
1665.21,2.68509
1660.62,2.737
1656.01,2.78962
1651.4,2.84295
1646.77,2.897
1642.14,2.9518
1637.49,3.00734
1632.84,3.06364
1628.17,3.12072
1623.49,3.17858
1618.81,3.23723
1614.11,3.2967
1609.41,3.35698
1604.69,3.4181
1599.97,3.48006
1595.23,3.54288
1590.49,3.60657
1585.73,3.67114
1580.97,3.73661
1576.2,3.803
1571.42,3.8703
1566.63,3.93855
1561.83,4.00775
1557.02,4.07792
1552.21,4.14907
1547.38,4.22121
1542.55,4.29436
1537.71,4.36854
1532.86,4.44376
1528,4.52004
1523.13,4.59739
1518.26,4.67582
1513.38,4.75535
1508.49,4.836
1503.59,4.91779
1498.69,5.00073
1493.78,5.08483
1488.86,5.17011
1483.94,5.25659
1479.01,5.34428
1474.07,5.43321
1469.13,5.52338
1464.18,5.61482
1459.22,5.70754
1454.26,5.80156
1449.3,5.89689
1444.32,5.99356
1439.35,6.09157
1434.36,6.19095
1429.38,6.29172
1424.39,6.39388
1419.39,6.49746
1414.39,6.60248
1409.38,6.70895
1404.38,6.81688
1399.37,6.9263
1394.35,7.03722
1389.33,7.14965
1384.31,7.26362
1379.29,7.37914
1374.27,7.49623
1369.24,7.61489
1364.21,7.73515
1359.18,7.85702
1354.15,7.98052
1349.12,8.10566
1344.09,8.23244
1339.05,8.3609
1334.02,8.49103
1328.99,8.62286
1323.96,8.75639
1318.93,8.89163
1313.9,9.02859
1308.87,9.16729
1303.85,9.30773
1298.82,9.44992
1293.81,9.59387
1288.79,9.73958
1283.78,9.88706
1278.77,10.0363
1273.76,10.1873
1268.77,10.3401
1263.77,10.4947
1258.78,10.651
1253.8,10.8091
1248.83,10.969
1243.86,11.1307
1238.9,11.294
1233.95,11.4592
1229,11.626
1224.07,11.7946
1219.14,11.9648
1214.23,12.1368
1209.32,12.3104
1204.43,12.4856
1199.55,12.6624
1194.68,12.8409
1189.83,13.0208
1184.98,13.2023
1180.16,13.3852
1175.34,13.5696
1170.55,13.7553
1165.76,13.9424
1161,14.1308
1156.25,14.3204
1151.52,14.5112
1146.81,14.703
1142.12,14.8959
1137.45,15.0897
1132.8,15.2845
1128.17,15.48
1123.56,15.6762
1118.98,15.873
1114.42,16.0704
1109.88,16.2681
1105.37,16.4662
1100.89,16.6644
1096.43,16.8627
1092.01,17.061
1087.61,17.259
1083.24,17.4567
1078.9,17.6539
1074.59,17.8505
1070.32,18.0463
1066.07,18.2411
1061.87,18.4348
1057.69,18.6272
1053.56,18.8181
1049.46,19.0073
1045.4,19.1947
1041.38,19.3799
1037.4,19.5629
1033.45,19.7433
1029.56,19.921
1025.7,20.0957
1021.89,20.2672
1018.12,20.4353
1014.4,20.5996
1010.73,20.76
1007.1,20.9163
1003.53,21.068
1000,21.215
996.53,21.357
993.109,21.4938
989.742,21.625
986.429,21.7503
983.172,21.8695
979.972,21.9824
976.83,22.0886
973.746,22.1878
970.723,22.2797
967.761,22.3642
964.861,22.4408
962.024,22.5094
959.252,22.5696
956.545,22.6212
953.904,22.6639
951.33,22.6975
948.825,22.7217
946.389,22.7363
944.023,22.7411
941.728,22.7358
939.506,22.7202
937.357,22.6942
935.281,22.6575
933.281,22.61
931.356,22.5515
929.508,22.4819
927.737,22.4011
926.044,22.309
924.43,22.2054
922.896,22.0904
921.442,21.9638
920.069,21.8257
918.777,21.676
917.568,21.5148
916.441,21.3421
915.397,21.1579
914.438,20.9623
913.562,20.7555
912.772,20.5375
912.066,20.3086
911.445,20.0688
910.91,19.8184
910.461,19.5575
910.098,19.2865
909.822,19.0055
909.632,18.7148
909.528,18.4148
909.511,18.1056
909.58,17.7878
909.736,17.4615
909.979,17.1272
910.307,16.7852
910.722,16.4359
911.223,16.0797
911.81,15.717
912.482,15.3482
913.239,14.9737
914.081,14.5941
915.008,14.2096
916.018,13.8208
917.112,13.4281
918.288,13.032
919.547,12.6328
920.888,12.231
922.31,11.8271
923.813,11.4214
925.396,11.0146
927.057,10.6068
928.797,10.1987
930.615,9.7905
932.51,9.38272
934.48,8.97572
936.526,8.56989
938.646,8.16559
940.84,7.76318
943.106,7.36302
945.444,6.96543
947.852,6.57074
950.33,6.17925
952.877,5.79126
955.491,5.40704
958.172,5.02686
960.919,4.65097
963.73,4.27959
966.606,3.91295
969.543,3.55126
972.542,3.1947
975.602,2.84345
978.721,2.49766
981.898,2.1575
985.133,1.82307
988.424,1.49452
991.77,1.17194
995.17,0.855424
998.622,0.545055
1002.13,0.2409
1005.68,-0.0569816
1009.29,-0.348548
1012.94,-0.633763
1016.64,-0.912604
1020.39,-1.18506
1024.19,-1.45111
1028.02,-1.71078
1031.91,-1.96407
1035.83,-2.211
1039.8,-2.4516
1043.8,-2.68591
1047.85,-2.91398
1051.93,-3.13584
1056.05,-3.35155
1060.21,-3.56117
1064.4,-3.76477
1068.63,-3.96242
1072.89,-4.15419
1077.19,-4.34015
1081.52,-4.52039
1085.87,-4.69499
1090.26,-4.86404
1094.68,-5.02763
1099.12,-5.18585
1103.59,-5.33879
1108.09,-5.48655
1112.62,-5.62923
1117.17,-5.76691
1121.74,-5.89971
1126.34,-6.02771
1130.96,-6.15102
1135.6,-6.26974
1140.27,-6.38397
1144.95,-6.49381
1149.65,-6.59936
1154.38,-6.70071
1159.12,-6.79797
1163.87,-6.89123
1168.65,-6.9806
1173.44,-7.06616
1178.25,-7.14802
1183.07,-7.22626
1187.91,-7.30099
1192.76,-7.37229
1197.62,-7.44026
1202.5,-7.50498
1207.39,-7.56654
1212.29,-7.62503
1217.2,-7.68054
1222.12,-7.73315
1227.05,-7.78294
1231.99,-7.82999
1236.94,-7.87439
1241.89,-7.91621
1246.86,-7.95552
1251.83,-7.99241
1256.81,-8.02693
1261.8,-8.05918
1266.79,-8.08921
1271.78,-8.1171
1276.79,-8.1429
1281.79,-8.1667
1286.8,-8.18854
1291.82,-8.2085
1296.84,-8.22663
1301.86,-8.24299
1306.88,-8.25765
1311.91,-8.27065
1316.94,-8.28205
1321.97,-8.2919
1327,-8.30027
1332.03,-8.30718
1337.06,-8.31271
1342.09,-8.31689
1347.13,-8.31977
1352.16,-8.3214
1357.19,-8.32182
1362.22,-8.32107
1367.25,-8.31919
1372.28,-8.31623
1377.3,-8.31223
1382.33,-8.30722
1387.35,-8.30123
1392.36,-8.29432
1397.38,-8.2865
1402.39,-8.27782
1407.4,-8.26831
1412.41,-8.25799
1417.41,-8.24691
1422.41,-8.23508
1427.4,-8.22255
1432.39,-8.20933
1437.37,-8.19546
1442.35,-8.18096
1447.33,-8.16586
1452.3,-8.15018
1457.26,-8.13395
1462.22,-8.11718
1467.17,-8.09991
1472.12,-8.08215
1477.05,-8.06393
1481.99,-8.04526
1486.91,-8.02618
1491.83,-8.00668
1496.75,-7.9868
1501.65,-7.96655
1506.55,-7.94595
1511.44,-7.92502
1516.33,-7.90377
1521.2,-7.88222
1526.07,-7.86038
1530.93,-7.83827
1535.79,-7.81591
1540.63,-7.7933
1545.47,-7.77046
1550.3,-7.74741
1555.12,-7.72415
1559.93,-7.70069
1564.73,-7.67706
1569.52,-7.65326
1574.31,-7.6293
1579.08,-7.60519
1583.85,-7.58094
1588.61,-7.55657
1593.35,-7.53207
1598.09,-7.50747
1602.82,-7.48277
1607.54,-7.45797
1612.25,-7.43309
1616.95,-7.40814
1621.64,-7.38311
1626.32,-7.35803
1630.99,-7.33289
1635.65,-7.3077
1640.3,-7.28248
1644.94,-7.25722
1649.57,-7.23193
1654.19,-7.20662
1658.79,-7.18129
1663.39,-7.15595
1667.98,-7.13061
1672.56,-7.10526
1677.12,-7.07992
1681.68,-7.05459
1686.22,-7.02928
1690.75,-7.00397
1695.28,-6.9787
1699.79,-6.95345
1704.29,-6.92822
1708.78,-6.90303
1713.26,-6.87788
1717.72,-6.85277
1722.18,-6.82771
1726.62,-6.80269
1731.06,-6.77772
1735.48,-6.7528
1739.89,-6.72794
1744.29,-6.70313
1748.67,-6.67839
1753.05,-6.65371
1757.41,-6.6291
1761.77,-6.60456
1766.11,-6.58008
1770.44,-6.55568
1774.76,-6.53135
1779.06,-6.50709
1783.36,-6.48292
1787.64,-6.45882
1791.91,-6.43481
1796.17,-6.41087
1800.41,-6.38702
1804.65,-6.36326
1808.87,-6.33958
1813.08,-6.31599
1817.28,-6.29249
1821.47,-6.26907
1825.65,-6.24575
1829.81,-6.22252
1833.96,-6.19939
1838.1,-6.17635
1842.23,-6.1534
1846.34,-6.13055
1850.44,-6.10779
1854.54,-6.08513
1858.61,-6.06257
1862.68,-6.0401
1866.73,-6.01774
1870.78,-5.99547
1874.81,-5.9733
1878.82,-5.95124
1882.83,-5.92927
1886.82,-5.9074
1890.8,-5.88564
1894.77,-5.86397
1898.73,-5.84241
1902.67,-5.82095
1906.6,-5.79958
1910.52,-5.77833
1914.43,-5.75717
1918.32,-5.73612
1922.2,-5.71516
1926.07,-5.69431
1929.93,-5.67357
1933.78,-5.65292
1937.61,-5.63238
1941.43,-5.61194
1945.24,-5.5916
1949.03,-5.57136
1952.81,-5.55122
1956.58,-5.53119
1960.34,-5.51126
1964.09,-5.49143
1967.82,-5.4717
1971.54,-5.45207
1975.25,-5.43254
1978.95,-5.41312
1982.63,-5.39379
1986.3,-5.37456
1989.96,-5.35544
1993.61,-5.33641
1997.24,-5.31748
2000.86,-5.29865
2004.47,-5.27993
2008.07,-5.26129
2011.65,-5.24276
2015.22,-5.22433
2018.78,-5.20599
2022.33,-5.18775
2025.86,-5.16961
2029.39,-5.15156
2032.89,-5.13361
2036.39,-5.11575
2039.88,-5.09799
2043.35,-5.08032
2046.81,-5.06275
2050.26,-5.04528
2053.69,-5.02789
2057.11,-5.0106
2060.52,-4.99341
2063.92,-4.9763
2067.3,-4.95929
2070.68,-4.94237
2074.04,-4.92553
2077.39,-4.90879
2080.72,-4.89214
2084.04,-4.87558
2087.35,-4.85911
2090.65,-4.84273
2093.94,-4.82644
2097.21,-4.81023
2100.47,-4.79412
2103.72,-4.77808
2106.96,-4.76214
2110.18,-4.74628
2113.39,-4.73051
2116.59,-4.71482
2119.78,-4.69922
2122.95,-4.6837
2126.12,-4.66826
2129.27,-4.65291
2132.4,-4.63764
2135.53,-4.62246
2138.64,-4.60735
2141.74,-4.59233
2144.83,-4.57739
2147.91,-4.56253
2150.97,-4.54775
2154.02,-4.53304
2157.06,-4.51842
2160.09,-4.50388
2163.1,-4.48941
2166.1,-4.47502
2169.09,-4.46071
2172.07,-4.44648
2175.04,-4.43232
2177.99,-4.41824
2180.93,-4.40423
2183.86,-4.3903
2186.78,-4.37644
2189.68,-4.36266
2192.57,-4.34895
2195.45,-4.33531
2198.32,-4.32175
2201.18,-4.30825
2204.02,-4.29483
2206.85,-4.28149
2209.67,-4.26821
2212.48,-4.255
2215.27,-4.24186
2218.05,-4.22879
2220.82,-4.21579
2223.58,-4.20286
2226.33,-4.19
2229.06,-4.17721
2231.78,-4.16448
2234.49,-4.15182
2237.19,-4.13922
2239.88,-4.1267
2242.55,-4.11423
2245.21,-4.10184
2247.86,-4.0895
2250.5,-4.07723
2253.12,-4.06503
2255.74,-4.05289
2258.34,-4.04081
2260.93,-4.0288
2263.5,-4.01684
2266.07,-4.00495
2268.62,-3.99312
2271.16,-3.98135
2273.69,-3.96964
2276.21,-3.958
2278.71,-3.94641
2281.21,-3.93488
2283.69,-3.92341
2286.16,-3.912
2288.61,-3.90064
2291.06,-3.88935
2293.49,-3.87811
2295.91,-3.86693
2298.32,-3.85581
2300.72,-3.84474
2303.11,-3.83373
2305.48,-3.82277
2307.84,-3.81187
2310.19,-3.80102
2312.53,-3.79023
2314.86,-3.7795
2317.17,-3.76881
2319.48,-3.75818
2321.77,-3.7476
2324.05,-3.73708
2326.31,-3.72661
2328.57,-3.71618
2330.81,-3.70582
2333.04,-3.6955
2335.26,-3.68523
2337.47,-3.67501
2339.67,-3.66485
2341.85,-3.65473
2344.02,-3.64466
2346.19,-3.63465
2348.33,-3.62468
2350.47,-3.61476
2352.6,-3.60488
2354.71,-3.59506
2356.81,-3.58528
2358.9,-3.57555
2360.98,-3.56587
2363.05,-3.55623
2365.11,-3.54664
2367.15,-3.5371
2369.18,-3.5276
2371.2,-3.51814
2373.21,-3.50873
2375.21,-3.49937
2377.19,-3.49005
2379.17,-3.48077
2381.13,-3.47154
2383.08,-3.46235
2385.02,-3.45321
2386.95,-3.4441
2388.86,-3.43504
2390.77,-3.42603
2392.66,-3.41705
2394.54,-3.40811
2396.41,-3.39922
2398.27,-3.39037
2400.11,-3.38156
2401.95,-3.37279
2403.77,-3.36406
2405.58,-3.35537
2407.38,-3.34671
2409.17,-3.3381
2410.94,-3.32953
2412.71,-3.321
2414.46,-3.3125
2416.21,-3.30404
2417.94,-3.29563
2419.66,-3.28724
2421.36,-3.2789
2423.06,-3.27059
2424.74,-3.26232
2426.42,-3.25409
2428.08,-3.24589
2429.73,-3.23773
2431.37,-3.22961
2432.99,-3.22152
2434.61,-3.21347
2436.22,-3.20545
2437.81,-3.19746
2439.39,-3.18952
2440.96,-3.1816
2442.52,-3.17372
2444.07,-3.16588
2445.6,-3.15806
2447.13,-3.15028
2448.64,-3.14254
2450.14,-3.13482
2451.63,-3.12714
2453.11,-3.1195
2454.58,-3.11188
2456.03,-3.1043
2457.48,-3.09675
2458.91,-3.08923
2460.33,-3.08174
2461.74,-3.07428
2463.14,-3.06685
2464.53,-3.05946
2465.91,-3.05209
2467.27,-3.04475
2468.63,-3.03745
2469.97,-3.03017
2471.3,-3.02293
2472.62,-3.01571
2473.93,-3.00852
2475.23,-3.00136
2476.51,-2.99423
2477.79,-2.98713
2479.05,-2.98006
2480.3,-2.97301
2481.54,-2.96599
2482.77,-2.959
2483.99,-2.95204
2485.2,-2.9451
2486.4,-2.93819
2487.58,-2.93131
2488.75,-2.92446
2489.92,-2.91763
2491.07,-2.91083
2492.21,-2.90405
2493.34,-2.8973
2494.45,-2.89057
2495.56,-2.88387
2496.65,-2.8772
2497.74,-2.87055
2498.81,-2.86393
2499.87,-2.85732
2500.92,-2.85075
2501.96,-2.8442
2502.99,-2.83767
2504,-2.83117
2505.01,-2.82469
2506,-2.81823
2506.98,-2.8118
2507.96,-2.80539
2508.92,-2.799
2509.87,-2.79264
2510.8,-2.7863
2511.73,-2.77998
2512.65,-2.77368
2513.55,-2.7674
2514.45,-2.76115
2515.33,-2.75492
2516.2,-2.74871
2517.06,-2.74252
2517.91,-2.73635
2518.75,-2.7302
2519.57,-2.72408
2520.39,-2.71797
2521.19,-2.71189
2521.99,-2.70582
2522.77,-2.69978
2523.54,-2.69375
2524.3,-2.68775
2525.05,-2.68176
2525.78,-2.6758
2526.51,-2.66985
2527.23,-2.66392
2527.93,-2.65801
2528.62,-2.65212
2529.31,-2.64625
2529.98,-2.6404
2530.64,-2.63457
2531.29,-2.62875
2531.92,-2.62295
2532.55,-2.61717
2533.17,-2.6114
2533.77,-2.60566
2534.37,-2.59993
2534.95,-2.59422
2535.52,-2.58852
2536.08,-2.58284
2536.63,-2.57718
2537.17,-2.57154
2537.69,-2.56591
2538.21,-2.5603
2538.72,-2.5547
2539.21,-2.54912
2539.69,-2.54355
2540.16,-2.538
2540.62,-2.53247
2541.07,-2.52695
2541.51,-2.52144
2541.94,-2.51595
2542.36,-2.51048
2542.76,-2.50502
2543.16,-2.49957
2543.54,-2.49414
2543.91,-2.48872
2544.28,-2.48332
2544.63,-2.47793
2544.96,-2.47255
2545.29,-2.46719
2545.61,-2.46184
2545.92,-2.45651
2546.21,-2.45118
2546.5,-2.44587
2546.77,-2.44057
2547.03,-2.43529
2547.28,-2.43002
2547.52,-2.42475
2547.75,-2.41951
2547.97,-2.41427
2548.18,-2.40905
2548.37,-2.40383
2548.56,-2.39863
2548.73,-2.39344
2548.9,-2.38826
2549.05,-2.38309
2549.19,-2.37794
2549.32,-2.37279
2549.44,-2.36766
2549.55,-2.36253
2549.64,-2.35742
2549.73,-2.35231
2549.8,-2.34722
2549.87,-2.34213
2549.92,-2.33706
2549.96,-2.33199
2549.99,-2.32693
2550.01,-2.32189
2550.02,-2.31685
2550.02,-2.31182
2550.01,-2.3068
2549.98,-2.30179
2549.95,-2.29679
2549.9,-2.29179
2549.84,-2.28681
2549.77,-2.28183
2549.69,-2.27686
2549.6,-2.27189
2549.5,-2.26694
2549.39,-2.26199
2549.27,-2.25705
2549.13,-2.25212
2548.99,-2.24719
2548.83,-2.24227
2548.66,-2.23736
2548.49,-2.23246
2548.3,-2.22756
2548.1,-2.22266
2547.88,-2.21777
2547.66,-2.21289
2547.43,-2.20802
2547.18,-2.20315
2546.93,-2.19828
2546.66,-2.19342
2546.38,-2.18857
2546.09,-2.18372
2545.79,-2.17888
2545.48,-2.17404
2545.16,-2.1692
2544.83,-2.16437
2544.49,-2.15955
2544.13,-2.15473
2543.76,-2.14991
2543.39,-2.14509
2543,-2.14028
2542.6,-2.13548
2542.19,-2.13067
2541.77,-2.12587
2541.34,-2.12107
2540.89,-2.11628
2540.44,-2.11148
2539.97,-2.10669
2539.5,-2.10191
2539.01,-2.09712
2538.51,-2.09234
2538,-2.08756
2537.48,-2.08278
2536.95,-2.078
2536.41,-2.07322
2535.85,-2.06844
2535.29,-2.06367
2534.71,-2.0589
2534.13,-2.05412
2533.53,-2.04935
2532.92,-2.04458
2532.3,-2.0398
2531.67,-2.03503
2531.03,-2.03026
2530.37,-2.02548
2529.71,-2.02071
2529.03,-2.01594
2528.35,-2.01116
2527.65,-2.00639
2526.94,-2.00161
2526.22,-1.99683
2525.49,-1.99205
2524.75,-1.98727
2523.99,-1.98248
2523.23,-1.9777
2522.45,-1.97291
2521.67,-1.96812
2520.87,-1.96332
2520.06,-1.95853
2519.24,-1.95373
2518.41,-1.94892
2517.57,-1.94412
2516.71,-1.93931
2515.85,-1.93449
2514.97,-1.92967
2514.09,-1.92485
2513.19,-1.92002
2512.28,-1.91519
2511.36,-1.91036
2510.43,-1.90552
2509.48,-1.90067
2508.53,-1.89582
2507.57,-1.89096
2506.59,-1.8861
2505.6,-1.88123
2504.6,-1.87635
2503.59,-1.87147
2502.57,-1.86658
2501.54,-1.86169
2500.5,-1.85678
2499.44,-1.85187
2498.38,-1.84696
2497.3,-1.84203
2496.21,-1.8371
2495.11,-1.83216
2494,-1.82721
2492.88,-1.82225
2491.75,-1.81728
2490.6,-1.81231
2489.45,-1.80732
2488.28,-1.80233
2487.1,-1.79732
2485.91,-1.79231
2484.71,-1.78728
2483.5,-1.78225
2482.28,-1.7772
2481.04,-1.77215
2479.8,-1.76708
2478.54,-1.762
2477.27,-1.75691
2475.99,-1.7518
2474.7,-1.74669
2473.4,-1.74156
2472.09,-1.73642
2470.76,-1.73127
2469.43,-1.7261
2468.08,-1.72092
2466.72,-1.71573
2465.35,-1.71052
2463.97,-1.7053
2462.58,-1.70006
2461.17,-1.69481
2459.76,-1.68954
2458.33,-1.68426
2456.89,-1.67896
2455.45,-1.67364
2453.98,-1.66831
2452.51,-1.66297
2451.03,-1.6576
2449.53,-1.65222
2448.03,-1.64682
2446.51,-1.64141
2444.98,-1.63597
2443.44,-1.63052
2441.89,-1.62505
2440.33,-1.61956
2438.75,-1.61405
2437.16,-1.60852
2435.57,-1.60297
2433.96,-1.5974
2432.34,-1.59181
2430.71,-1.5862
2429.06,-1.58057
2427.41,-1.57492
2425.74,-1.56924
2424.06,-1.56354
2422.37,-1.55782
2420.67,-1.55208
2418.96,-1.54631
2417.24,-1.54052
2415.5,-1.53471
2413.76,-1.52887
2412,-1.523
2410.23,-1.51711
2408.45,-1.5112
2406.65,-1.50526
2404.85,-1.49929
2403.03,-1.49329
2401.2,-1.48727
2399.37,-1.48122
2397.51,-1.47515
2395.65,-1.46904
2393.78,-1.46291
2391.89,-1.45674
2390,-1.45055
2388.09,-1.44433
2386.17,-1.43807
2384.23,-1.43179
2382.29,-1.42547
2380.34,-1.41912
2378.37,-1.41274
2376.39,-1.40633
2374.4,-1.39988
2372.4,-1.3934
2370.39,-1.38689
2368.36,-1.38034
2366.32,-1.37376
2364.28,-1.36714
2362.22,-1.36048
2360.14,-1.35379
2358.06,-1.34706
2355.96,-1.34029
2353.86,-1.33349
2351.74,-1.32664
2349.61,-1.31976
2347.47,-1.31283
2345.31,-1.30587
2343.15,-1.29887
2340.97,-1.29182
2338.78,-1.28473
2336.58,-1.2776
2334.37,-1.27043
2332.14,-1.26321
2329.9,-1.25595
2327.66,-1.24864
2325.4,-1.24129
2323.12,-1.23389
2320.84,-1.22645
2318.55,-1.21896
2316.24,-1.21142
2313.92,-1.20383
2311.59,-1.19619
2309.24,-1.1885
2306.89,-1.18076
2304.52,-1.17297
2302.14,-1.16513
2299.75,-1.15723
2297.35,-1.14928
2294.94,-1.14128
2292.51,-1.13322
2290.07,-1.12511
2287.62,-1.11694
2285.16,-1.10871
2282.69,-1.10042
2280.2,-1.09208
2277.7,-1.08368
2275.19,-1.07521
2272.67,-1.06669
2270.14,-1.0581
2267.59,-1.04945
2265.03,-1.04074
2262.46,-1.03196
2259.88,-1.02312
2257.29,-1.01421
2254.68,-1.00524
2252.06,-0.996194
2249.43,-0.987082
2246.79,-0.9779
2244.14,-0.968648
2241.47,-0.959325
2238.79,-0.949929
2236.1,-0.940459
2233.4,-0.930915
2230.68,-0.921295
2227.96,-0.9116
2225.22,-0.901826
2222.47,-0.891974
2219.7,-0.882043
2216.93,-0.872031
2214.14,-0.861937
2211.34,-0.851761
2208.53,-0.841501
2205.71,-0.831156
2202.87,-0.820724
2200.02,-0.810205
2197.16,-0.799599
2194.29,-0.788902
2191.4,-0.778114
2188.51,-0.767235
2185.6,-0.756262
2182.68,-0.745195
2179.74,-0.734032
2176.8,-0.722772
2173.84,-0.711413
2170.87,-0.699955
2167.89,-0.688395
2164.89,-0.676733
2161.88,-0.664968
2158.86,-0.653097
2155.83,-0.64112
2152.79,-0.629034
2149.73,-0.616839
2146.66,-0.604533
2143.58,-0.592115
2140.49,-0.579582
2137.38,-0.566933
2134.27,-0.554168
2131.14,-0.541284
2127.99,-0.52828
2124.84,-0.515153
2121.67,-0.501903
2118.49,-0.488528
2115.3,-0.475025
2112.1,-0.461393
2108.88,-0.447631
2105.65,-0.433737
2102.41,-0.419708
2099.16,-0.405543
2095.89,-0.391241
2092.61,-0.376798
2089.32,-0.362214
2086.02,-0.347486
2082.7,-0.332612
2079.37,-0.31759
2076.03,-0.302419
2072.68,-0.287096
2069.31,-0.271619
2065.94,-0.255985
2062.55,-0.240194
2059.14,-0.224242
2055.73,-0.208127
2052.3,-0.191847
2048.86,-0.175399
2045.41,-0.158782
2041.95,-0.141993
2038.47,-0.125029
2034.98,-0.107889
2031.48,-0.0905692
2027.96,-0.0730671
2024.44,-0.0553805
2020.9,-0.0375068
2017.34,-0.0194431
2013.78,-0.00118698
2010.2,0.0172644
2006.61,0.0359137
2003.01,0.0547643
1999.4,0.073818
1995.77,0.0930785
1992.13,0.112549
1988.48,0.132232
1984.82,0.15213
1981.14,0.172248
1977.45,0.192587
1973.75,0.213151
1970.04,0.233944
1966.31,0.254969
1962.58,0.276228
1958.82,0.297726
1955.06,0.319466
1951.29,0.341451
1947.5,0.363685
1943.7,0.386172
1939.88,0.408915
1936.06,0.431918
1932.22,0.455185
1928.37,0.478719
1924.51,0.502526
1920.63,0.526608
1916.75,0.550969
1912.85,0.575615
1908.94,0.600548
1905.01,0.625774
1901.08,0.651296
1897.13,0.677119
1893.17,0.703248
1889.19,0.729686
1885.21,0.75644
1881.21,0.783513
1877.2,0.810909
1873.18,0.838635
1869.14,0.866694
1865.1,0.895092
1861.04,0.923834
1856.97,0.952925
1852.88,0.982371
1848.79,1.01218
1844.68,1.04235
1840.56,1.07289
1836.43,1.1038
1832.28,1.1351
1828.13,1.16679
1823.96,1.19887
1819.78,1.23135
1815.59,1.26423
1811.38,1.29753
1807.17,1.33124
1802.94,1.36538
1798.7,1.39995
1794.45,1.43495
1790.18,1.4704
1785.91,1.5063
1781.62,1.54266
1777.32,1.57949
1773.01,1.61678
1768.69,1.65456
1764.35,1.69282
1760.01,1.73157
1755.65,1.77083
1751.28,1.81059
1746.9,1.85087
1742.51,1.89168
1738.11,1.93302
1733.69,1.9749
1729.26,2.01733
1724.83,2.06032
1720.38,2.10388
1715.92,2.14801
1711.45,2.19272
1706.96,2.23803
1702.47,2.28394
1697.96,2.33046
1693.45,2.37761
1688.92,2.42538
1684.38,2.4738
1679.84,2.52286
1675.28,2.57259
1670.71,2.62299
1666.13,2.67406
1661.53,2.72583
1656.93,2.7783
1652.32,2.83149
1647.7,2.8854
1643.06,2.94004
1638.42,2.99543
1633.77,3.05158
1629.1,3.1085
1624.43,3.1662
1619.74,3.22469
1615.05,3.28399
1610.35,3.3441
1605.63,3.40505
1600.91,3.46684
1596.18,3.52948
1591.44,3.59299
1586.68,3.65739
1581.92,3.72268
1577.15,3.78887
1572.37,3.85599
1567.59,3.92405
1562.79,3.99306
1557.98,4.06303
1553.17,4.13398
1548.35,4.20592
1543.51,4.27887
1538.67,4.35284
1533.83,4.42785
1528.97,4.50391
1524.11,4.58104
1519.23,4.65925
1514.35,4.73856
1509.47,4.81898
1504.57,4.90054
1499.67,4.98324
1494.76,5.06711
1489.85,5.15215
1484.92,5.23839
1479.99,5.32584
1475.06,5.41451
1470.12,5.50443
1465.17,5.59562
1460.21,5.68808
1455.25,5.78183
1450.29,5.8769
1445.32,5.9733
1440.34,6.07104
1435.36,6.17015
1430.37,6.27063
1425.38,6.37251
1420.39,6.47581
1415.39,6.58053
1410.38,6.68671
1405.38,6.79435
1400.37,6.90347
1395.35,7.01408
1390.34,7.12621
1385.32,7.23988
1380.29,7.35508
1375.27,7.47185
1370.24,7.5902
1365.21,7.71014
1360.19,7.83169
1355.15,7.95486
1350.12,8.07967
1345.09,8.20613
1340.06,8.33425
1335.03,8.46405
1329.99,8.59553
1324.96,8.72872
1319.93,8.86362
1314.9,9.00024
1309.88,9.13859
1304.85,9.27869
1299.83,9.42053
1294.81,9.56413
1289.79,9.70948
1284.78,9.85661
1279.77,10.0055
1274.76,10.1562
1269.76,10.3086
1264.77,10.4628
1259.78,10.6188
1254.8,10.7766
1249.82,10.9361
1244.85,11.0974
1239.89,11.2604
1234.93,11.4252
1229.99,11.5917
1225.05,11.76
1220.13,11.9299
1215.21,12.1015
1210.3,12.2748
1205.41,12.4497
1200.52,12.6262
1195.65,12.8043
1190.8,12.984
1185.95,13.1652
1181.12,13.3478
1176.3,13.5319
1171.5,13.7174
1166.72,13.9042
1161.95,14.0924
1157.2,14.2817
1152.46,14.4723
1147.75,14.6639
1143.05,14.8566
1138.38,15.0503
1133.72,15.2449
1129.09,15.4402
1124.48,15.6363
1119.89,15.8331
1115.33,16.0303
1110.79,16.228
1106.27,16.426
1101.78,16.6243
1097.32,16.8226
1092.89,17.0209
1088.48,17.219
1084.11,17.4168
1079.76,17.6141
1075.45,17.8109
1071.17,18.0068
1066.92,18.2019
1062.7,18.3959
1058.52,18.5885
1054.38,18.7798
1050.28,18.9694
1046.21,19.1571
1042.18,19.3428
1038.19,19.5262
1034.24,19.7072
1030.33,19.8855
1026.47,20.0608
1022.65,20.233
1018.87,20.4018
1015.14,20.567
1011.46,20.7282
1007.82,20.8854
1004.24,21.038
1000.7,21.1861
997.22,21.3291
993.788,21.467
990.41,21.5993
987.086,21.7259
983.818,21.8464
980.607,21.9606
977.453,22.0682
974.358,22.1688
971.322,22.2623
968.348,22.3483
965.435,22.4265
962.586,22.4968
959.8,22.5587
957.08,22.6121
954.426,22.6567
951.839,22.6921
949.32,22.7183
946.87,22.7349
944.49,22.7417
942.181,22.7384
939.944,22.725
937.78,22.7011
935.69,22.6666
933.674,22.6213
931.734,22.565
929.871,22.4977
928.084,22.4192
926.376,22.3294
924.746,22.2282
923.196,22.1155
921.725,21.9912
920.336,21.8555
919.028,21.7082
917.802,21.5493
916.659,21.3789
915.599,21.197
914.622,21.0038
913.73,20.7992
912.922,20.5835
912.2,20.3568
911.562,20.1192
911.01,19.8709
910.544,19.6121
910.164,19.3431
909.87,19.0642
909.662,18.7754
909.541,18.4773
909.507,18.17
909.559,17.8539
909.698,17.5293
909.923,17.1965
910.234,16.8561
910.632,16.5082
911.116,16.1534
911.685,15.792
912.341,15.4244
913.081,15.0511
913.906,14.6725
914.815,14.289
915.809,13.901
916.886,13.5091
918.046,13.1136
919.289,12.715
920.614,12.3137
922.019,11.9102
923.506,11.5049
925.073,11.0982
926.719,10.6906
928.443,10.2825
930.245,9.87433
932.125,9.46645
934.08,9.05927
936.111,8.65317
938.217,8.24854
940.396,7.84573
942.647,7.44509
944.971,7.04697
947.365,6.65167
949.829,6.25952
952.362,5.8708
954.963,5.48581
957.631,5.1048
960.365,4.72802
963.164,4.35572
966.026,3.98811
968.951,3.62541
971.938,3.2678
974.986,2.91546
978.093,2.56856
981.259,2.22725
984.482,1.89166
987.762,1.56191
991.097,1.23811
994.486,0.920368
997.928,0.608751
1001.42,0.303337
1004.97,0.00418159
1008.56,-0.288667
1012.21,-0.575169
1015.9,-0.8553
1019.64,-1.12904
1023.42,-1.3964
1027.25,-1.65736
1031.13,-1.91194
1035.04,-2.16015
1039,-2.40204
1043,-2.63762
1047.04,-2.86695
1051.11,-3.09006
1055.23,-3.30702
1059.38,-3.51787
1063.56,-3.72269
1067.78,-3.92154
1072.04,-4.1145
1076.33,-4.30163
1080.65,-4.48303
1085,-4.65878
1089.38,-4.82895
1093.79,-4.99364
1098.23,-5.15295
1102.7,-5.30695
1107.19,-5.45576
1111.71,-5.59946
1116.26,-5.73816
1120.83,-5.87194
1125.42,-6.00091
1130.04,-6.12518
1134.67,-6.24483
1139.33,-6.35997
1144.01,-6.47069
1148.71,-6.57711
1153.43,-6.67931
1158.17,-6.7774
1162.92,-6.87147
1167.69,-6.96163
1172.48,-7.04796
1177.29,-7.13057
1182.11,-7.20955
1186.94,-7.28499
1191.79,-7.35699
1196.65,-7.42563
1201.52,-7.49101
1206.41,-7.55322
1211.31,-7.61233
1216.21,-7.66845
1221.13,-7.72165
1226.06,-7.77201
1231,-7.81962
1235.95,-7.86456
1240.9,-7.9069
1245.87,-7.94673
1250.84,-7.98411
1255.82,-8.01912
1260.8,-8.05183
1265.79,-8.08231
1270.79,-8.11064
1275.79,-8.13687
1280.79,-8.16108
1285.8,-8.18333
1290.82,-8.20367
1295.83,-8.22218
1300.85,-8.2389
1305.88,-8.2539
1310.9,-8.26725
1315.93,-8.27897
1320.96,-8.28915
1325.99,-8.29782
1331.02,-8.30504
1336.05,-8.31085
1341.09,-8.31531
1346.12,-8.31846
1351.15,-8.32034
1356.18,-8.32101
1361.21,-8.32051
1366.24,-8.31887
1371.27,-8.31613
1376.3,-8.31235
1381.32,-8.30754
1386.34,-8.30176
1391.36,-8.29504
1396.38,-8.28742
1401.39,-8.27892
1406.4,-8.26958
1411.41,-8.25943
1416.41,-8.24851
1421.41,-8.23684
1426.4,-8.22446
1431.39,-8.21139
1436.38,-8.19765
1441.36,-8.18329
1446.33,-8.16831
1451.3,-8.15276
1456.27,-8.13664
1461.23,-8.11999
1466.18,-8.10283
1471.13,-8.08518
1476.07,-8.06706
1481,-8.04849
1485.93,-8.02949
1490.85,-8.01008
1495.77,-7.99029
1500.67,-7.97012
1505.57,-7.9496
1510.47,-7.92874
1515.35,-7.90756
1520.23,-7.88607
1525.1,-7.8643
1529.96,-7.84225
1534.82,-7.81995
1539.66,-7.79739
1544.5,-7.77461
1549.33,-7.7516
1554.15,-7.72839
1558.97,-7.70498
1563.77,-7.68139
1568.57,-7.65763
1573.35,-7.63371
1578.13,-7.60963
1582.9,-7.58542
1587.66,-7.56108
1592.41,-7.53661
1597.15,-7.51204
1601.88,-7.48736
1606.6,-7.46259
1611.31,-7.43773
1616.01,-7.4128
1620.7,-7.38779
1625.38,-7.36273
1630.06,-7.3376
1634.72,-7.31243
1639.37,-7.28722
1644.01,-7.26197
1648.64,-7.23669
1653.26,-7.21139
1657.87,-7.18607
1662.47,-7.16074
1667.06,-7.1354
1671.64,-7.11006
1676.21,-7.08473
1680.77,-7.0594
1685.31,-7.03408
1689.85,-7.00878
1694.37,-6.98351
1698.89,-6.95825
1703.39,-6.93303
1707.88,-6.90784
1712.36,-6.88269
1716.83,-6.85757
1721.29,-6.8325
1725.73,-6.80747
1730.17,-6.7825
1734.59,-6.75758
1739.01,-6.73271
1743.41,-6.7079
1747.8,-6.68315
1752.18,-6.65846
1756.54,-6.63384
1760.9,-6.60928
1765.24,-6.5848
1769.57,-6.56038
1773.89,-6.53604
1778.2,-6.51178
1782.5,-6.48759
1786.78,-6.46348
1791.06,-6.43945
1795.32,-6.4155
1799.57,-6.39164
1803.8,-6.36786
1808.03,-6.34417
1812.24,-6.32057
1816.44,-6.29705
1820.63,-6.27362
1824.81,-6.25029
1828.98,-6.22704
1833.13,-6.20389
1837.27,-6.18083
1841.4,-6.15787
1845.52,-6.135
1849.62,-6.11223
1853.72,-6.08955
1857.8,-6.06697
1861.87,-6.04449
1865.92,-6.02211
1869.97,-5.99983
1874,-5.97764
1878.02,-5.95556
1882.03,-5.93357
1886.02,-5.91169
1890.01,-5.88991
1893.98,-5.86822
1897.94,-5.84664
1901.88,-5.82516
1905.82,-5.80378
1909.74,-5.78251
1913.65,-5.76133
1917.54,-5.74026
1921.43,-5.71929
1925.3,-5.69842
1929.16,-5.67766
1933.01,-5.65699
1936.84,-5.63643
1940.66,-5.61597
1944.48,-5.59561
1948.27,-5.57536
1952.06,-5.55521
1955.83,-5.53515
1959.59,-5.5152
1963.34,-5.49536
1967.08,-5.47561
1970.8,-5.45596
1974.51,-5.43642
1978.21,-5.41697
1981.89,-5.39763
1985.57,-5.37838
1989.23,-5.35924
1992.88,-5.3402
1996.51,-5.32125
2000.14,-5.3024
2003.75,-5.28366
2007.35,-5.26501
2010.94,-5.24646
2014.51,-5.22801
2018.07,-5.20965
2021.62,-5.19139
2025.16,-5.17323
2028.68,-5.15517
2032.19,-5.1372
2035.69,-5.11933
2039.18,-5.10155
2042.65,-5.08387
2046.12,-5.06628
2049.57,-5.04878
2053,-5.03138
2056.43,-5.01408
2059.84,-4.99686
2063.24,-4.97974
2066.63,-4.96271
2070,-4.94577
2073.37,-4.92892
2076.72,-4.91217
2080.05,-4.8955
2083.38,-4.87892
2086.69,-4.86244
2089.99,-4.84604
2093.28,-4.82973
2096.56,-4.81351
2099.82,-4.79737
2103.07,-4.78133
2106.31,-4.76537
2109.54,-4.74949
2112.75,-4.7337
2115.95,-4.718
2119.14,-4.70238
2122.32,-4.68685
2125.48,-4.6714
2128.64,-4.65603
2131.78,-4.64075
2134.9,-4.62555
2138.02,-4.61043
2141.12,-4.59539
2144.21,-4.58043
2147.29,-4.56556
2150.36,-4.55076
2153.41,-4.53604
2156.45,-4.52141
2159.48,-4.50685
2162.5,-4.49237
2165.5,-4.47796
2168.5,-4.46364
2171.48,-4.44939
2174.44,-4.43522
2177.4,-4.42112
2180.34,-4.4071
2183.27,-4.39316
2186.19,-4.37928
2189.1,-4.36549
2191.99,-4.35176
2194.88,-4.33811
2197.75,-4.32454
2200.6,-4.31103
2203.45,-4.2976
2206.28,-4.28423
2209.1,-4.27094
2211.91,-4.25772
2214.71,-4.24457
2217.5,-4.23149
2220.27,-4.21848
2223.03,-4.20554
2225.78,-4.19266
2228.51,-4.17985
2231.24,-4.16711
2233.95,-4.15444
2236.65,-4.14183
2239.34,-4.12929
2242.01,-4.11682
2244.68,-4.10441
2247.33,-4.09207
2249.97,-4.07978
2252.6,-4.06757
2255.21,-4.05542
2257.82,-4.04333
2260.41,-4.0313
2262.99,-4.01933
2265.55,-4.00743
2268.11,-3.99559
2270.65,-3.98381
2273.19,-3.97209
2275.7,-3.96043
2278.21,-3.94883
2280.71,-3.93729
2283.19,-3.92581
2285.66,-3.91439
2288.12,-3.90303
2290.57,-3.89172
2293.01,-3.88047
2295.43,-3.86928
2297.84,-3.85815
2300.24,-3.84707
2302.63,-3.83605
2305.01,-3.82508
2307.37,-3.81417
2309.72,-3.80331
2312.06,-3.79251
2314.39,-3.78176
2316.71,-3.77107
2319.01,-3.76043
2321.31,-3.74984
2323.59,-3.73931
2325.86,-3.72883
2328.12,-3.7184
2330.36,-3.70802
2332.6,-3.69769
2334.82,-3.68741
2337.03,-3.67719
2339.23,-3.66701
2341.41,-3.65689
2343.59,-3.64681
2345.75,-3.63678
2347.9,-3.6268
2350.04,-3.61687
2352.17,-3.60699
2354.29,-3.59716
2356.39,-3.58737
2358.49,-3.57763
2360.57,-3.56794
2362.64,-3.5583
2364.69,-3.5487
2366.74,-3.53914
2368.77,-3.52964
2370.8,-3.52017
2372.81,-3.51076
2374.81,-3.50139
2376.79,-3.49206
2378.77,-3.48277
2380.74,-3.47353
2382.69,-3.46434
2384.63,-3.45518
2386.56,-3.44607
2388.48,-3.437
2390.38,-3.42798
2392.28,-3.41899
2394.16,-3.41005
2396.03,-3.40115
2397.89,-3.39229
2399.74,-3.38347
2401.58,-3.37469
2403.4,-3.36595
2405.22,-3.35726
2407.02,-3.3486
2408.81,-3.33998
2410.59,-3.3314
2412.36,-3.32286
2414.11,-3.31436
2415.86,-3.30589
2417.59,-3.29747
2419.31,-3.28908
2421.02,-3.28073
2422.72,-3.27241
2424.41,-3.26414
2426.08,-3.2559
2427.74,-3.24769
2429.4,-3.23953
2431.04,-3.2314
2432.67,-3.2233
2434.29,-3.21524
2435.89,-3.20722
2437.49,-3.19923
2439.07,-3.19127
2440.64,-3.18335
2442.2,-3.17546
2443.75,-3.16761
2445.29,-3.15979
2446.82,-3.15201
2448.33,-3.14426
2449.84,-3.13654
2451.33,-3.12885
2452.81,-3.1212
2454.28,-3.11357
2455.74,-3.10599
2457.19,-3.09843
2458.62,-3.0909
2460.05,-3.08341
2461.46,-3.07594
2462.86,-3.06851
2464.25,-3.06111
2465.63,-3.05374
2467,-3.0464
2468.35,-3.03909
2469.7,-3.0318
2471.03,-3.02455
2472.35,-3.01733
2473.67,-3.01014
2474.97,-3.00297
2476.25,-2.99584
2477.53,-2.98873
2478.8,-2.98165
2480.05,-2.9746
2481.29,-2.96758
2482.53,-2.96058
2483.75,-2.95361
2484.96,-2.94667
2486.15,-2.93976
2487.34,-2.93287
2488.52,-2.92601
2489.68,-2.91918
2490.83,-2.91237
2491.98,-2.90559
2493.11,-2.89884
2494.23,-2.89211
2495.34,-2.8854
2496.43,-2.87872
2497.52,-2.87207
2498.59,-2.86544
2499.66,-2.85883
2500.71,-2.85225
2501.75,-2.8457
2502.78,-2.83917
2503.8,-2.83266
2504.81,-2.82617
2505.8,-2.81971
2506.79,-2.81328
2507.76,-2.80686
2508.72,-2.80047
2509.68,-2.7941
2510.62,-2.78776
2511.54,-2.78143
2512.46,-2.77513
2513.37,-2.76885
2514.27,-2.7626
2515.15,-2.75636
2516.02,-2.75015
2516.89,-2.74395
2517.74,-2.73778
2518.58,-2.73163
2519.41,-2.7255
2520.22,-2.71939
2521.03,-2.7133
2521.83,-2.70724
2522.61,-2.70119
2523.38,-2.69516
2524.15,-2.68915
2524.9,-2.68316
2525.64,-2.67719
2526.37,-2.67124
2527.08,-2.66531
2527.79,-2.6594
2528.48,-2.65351
2529.17,-2.64763
2529.84,-2.64177
2530.5,-2.63594
2531.16,-2.63012
2531.8,-2.62431
2532.42,-2.61853
2533.04,-2.61276
2533.65,-2.60701
2534.25,-2.60128
2534.83,-2.59557
2535.4,-2.58987
2535.97,-2.58419
2536.52,-2.57852
2537.06,-2.57288
2537.59,-2.56724
2538.11,-2.56163
2538.61,-2.55603
2539.11,-2.55045
2539.59,-2.54488
2540.07,-2.53932
2540.53,-2.53379
2540.98,-2.52827
2541.42,-2.52276
2541.85,-2.51727
2542.27,-2.51179
2542.68,-2.50633
2543.08,-2.50088
2543.46,-2.49544
2543.84,-2.49002
2544.2,-2.48462
2544.55,-2.47923
2544.9,-2.47385
2545.23,-2.46848
2545.55,-2.46313
2545.85,-2.45779
2546.15,-2.45247
2546.44,-2.44716
2546.71,-2.44186
2546.98,-2.43657
2547.23,-2.43129
2547.47,-2.42603
2547.7,-2.42078
2547.92,-2.41554
2548.13,-2.41032
2548.33,-2.4051
2548.52,-2.3999
2548.7,-2.39471
2548.86,-2.38953
2549.01,-2.38436
2549.16,-2.3792
2549.29,-2.37405
2549.41,-2.36891
2549.52,-2.36379
2549.62,-2.35867
2549.71,-2.35356
2549.79,-2.34847
2549.85,-2.34338
2549.91,-2.3383
2549.95,-2.33324
2549.98,-2.32818
2550.01,-2.32313
2550.02,-2.31809
2550.02,-2.31306
2550.01,-2.30804
2549.98,-2.30303
2549.95,-2.29802
2549.91,-2.29303
2549.85,-2.28804
2549.79,-2.28306
2549.71,-2.27809
2549.62,-2.27313
2549.52,-2.26817
2549.41,-2.26322
2549.29,-2.25828
2549.16,-2.25335
2549.01,-2.24842
2548.86,-2.2435
2548.69,-2.23859
2548.52,-2.23368
2548.33,-2.22878
2548.13,-2.22389
2547.92,-2.219
2547.7,-2.21412
2547.47,-2.20924
2547.23,-2.20437
2546.98,-2.1995
2546.71,-2.19464
2546.44,-2.18979
2546.15,-2.18494
2545.85,-2.1801
2545.54,-2.17526
2545.22,-2.17042
2544.89,-2.16559
2544.55,-2.16076
2544.2,-2.15594
2543.84,-2.15112
2543.46,-2.14631
2543.08,-2.1415
2542.68,-2.13669
2542.27,-2.13189
2541.85,-2.12708
2541.42,-2.12229
2540.98,-2.11749
2540.53,-2.1127
2540.07,-2.10791
2539.59,-2.10312
2539.11,-2.09834
2538.61,-2.09355
2538.1,-2.08877
2537.58,-2.08399
2537.05,-2.07921
2536.51,-2.07444
2535.96,-2.06966
2535.4,-2.06489
2534.83,-2.06011
2534.24,-2.05534
2533.65,-2.05057
2533.04,-2.04579
2532.42,-2.04102
2531.79,-2.03625
2531.15,-2.03148
2530.5,-2.02671
2529.84,-2.02193
2529.16,-2.01716
2528.48,-2.01239
2527.78,-2.00761
2527.08,-2.00283
2526.36,-1.99806
2525.63,-1.99328
2524.89,-1.98849
2524.14,-1.98371
2523.38,-1.97893
2522.6,-1.97414
2521.82,-1.96935
2521.02,-1.96456
2520.22,-1.95976
2519.4,-1.95496
2518.57,-1.95016
2517.73,-1.94535
2516.88,-1.94055
2516.02,-1.93573
2515.14,-1.93092
2514.26,-1.9261
2513.36,-1.92127
2512.46,-1.91644
2511.54,-1.91161
2510.61,-1.90677
2509.67,-1.90192
2508.72,-1.89707
2507.75,-1.89222
2506.78,-1.88736
2505.8,-1.88249
2504.8,-1.87761
2503.79,-1.87273
2502.77,-1.86785
2501.74,-1.86295
2500.7,-1.85805
2499.65,-1.85315
2498.59,-1.84823
2497.51,-1.84331
2496.43,-1.83838
2495.33,-1.83344
2494.22,-1.82849
2493.1,-1.82354
2491.97,-1.81857
2490.83,-1.8136
2489.67,-1.80862
2488.51,-1.80362
2487.33,-1.79862
2486.15,-1.79361
2484.95,-1.78859
2483.74,-1.78356
2482.52,-1.77851
2481.29,-1.77346
2480.04,-1.76839
2478.79,-1.76332
2477.52,-1.75823
2476.25,-1.75313
2474.96,-1.74802
2473.66,-1.74289
2472.35,-1.73775
2471.02,-1.7326
2469.69,-1.72744
2468.35,-1.72226
2466.99,-1.71707
2465.62,-1.71187
2464.24,-1.70665
2462.85,-1.70142
2461.45,-1.69617
2460.04,-1.69091
2458.61,-1.68563
2457.18,-1.68033
2455.73,-1.67502
2454.27,-1.6697
2452.8,-1.66435
2451.32,-1.65899
2449.83,-1.65362
2448.32,-1.64822
2446.81,-1.64281
2445.28,-1.63738
2443.74,-1.63193
2442.19,-1.62647
2440.63,-1.62098
2439.06,-1.61548
2437.48,-1.60995
2435.88,-1.60441
2434.28,-1.59884
2432.66,-1.59326
2431.03,-1.58765
2429.39,-1.58203
2427.73,-1.57638
2426.07,-1.57071
2424.39,-1.56501
2422.71,-1.5593
2421.01,-1.55356
2419.3,-1.5478
2417.58,-1.54201
2415.84,-1.5362
2414.1,-1.53037
2412.34,-1.52451
2410.58,-1.51863
2408.8,-1.51272
2407.01,-1.50678
2405.2,-1.50082
2403.39,-1.49483
2401.56,-1.48882
2399.73,-1.48278
2397.88,-1.4767
2396.02,-1.47061
2394.15,-1.46448
2392.26,-1.45832
2390.37,-1.45213
2388.46,-1.44592
2386.55,-1.43967
2384.62,-1.43339
2382.67,-1.42709
2380.72,-1.42074
2378.76,-1.41437
2376.78,-1.40797
2374.79,-1.40153
2372.79,-1.39505
2370.78,-1.38855
2368.76,-1.38201
2366.72,-1.37543
2364.68,-1.36882
2362.62,-1.36217
2360.55,-1.35549
2358.47,-1.34877
2356.38,-1.34201
2354.27,-1.33521
2352.16,-1.32838
2350.03,-1.3215
2347.89,-1.31459
2345.74,-1.30763
2343.57,-1.30064
2341.4,-1.2936
2339.21,-1.28652
2337.01,-1.2794
2334.8,-1.27224
2332.58,-1.26503
2330.35,-1.25778
2328.1,-1.25048
2325.84,-1.24314
2323.57,-1.23575
2321.29,-1.22832
2319,-1.22083
2316.69,-1.2133
2314.38,-1.20573
2312.05,-1.1981
2309.71,-1.19042
2307.35,-1.18269
2304.99,-1.17491
2302.61,-1.16708
2300.22,-1.1592
2297.82,-1.15126
2295.41,-1.14327
2292.99,-1.13522
2290.55,-1.12712
2288.1,-1.11896
2285.65,-1.11075
2283.17,-1.10248
2280.69,-1.09414
2278.19,-1.08575
2275.69,-1.0773
2273.17,-1.06879
2270.64,-1.06022
2268.09,-1.05158
2265.54,-1.04289
2262.97,-1.03412
2260.39,-1.02529
2257.8,-1.0164
2255.19,-1.00744
2252.58,-0.998411
2249.95,-0.989315
2247.31,-0.980148
2244.66,-0.970911
2242,-0.961603
2239.32,-0.952223
2236.63,-0.942769
2233.93,-0.933241
2231.22,-0.923638
2228.49,-0.913958
2225.76,-0.904201
2223.01,-0.894366
2220.25,-0.884452
2217.48,-0.874457
2214.69,-0.864381
2211.89,-0.854222
2209.08,-0.84398
2206.26,-0.833653
2203.43,-0.82324
2200.58,-0.812741
2197.73,-0.802152
2194.86,-0.791475
2191.97,-0.780707
2189.08,-0.769847
2186.17,-0.758894
2183.25,-0.747847
2180.32,-0.736704
2177.38,-0.725464
2174.42,-0.714127
2171.45,-0.70269
2168.47,-0.691152
2165.48,-0.679512
2162.48,-0.667768
2159.46,-0.65592
2156.43,-0.643965
2153.39,-0.631903
2150.34,-0.619731
2147.27,-0.607449
2144.19,-0.595054
2141.1,-0.582546
2138,-0.569922
2134.88,-0.557181
2131.75,-0.544322
2128.61,-0.531344
2125.46,-0.518243
2122.3,-0.505019
2119.12,-0.49167
2115.93,-0.478194
2112.73,-0.46459
2109.51,-0.450855
2106.29,-0.436988
2103.05,-0.422988
2099.8,-0.408852
2096.53,-0.394578
2093.26,-0.380165
2089.97,-0.36561
2086.67,-0.350913
2083.36,-0.33607
2080.03,-0.321079
2076.69,-0.305939
2073.34,-0.290648
2069.98,-0.275203
2066.6,-0.259603
2063.22,-0.243844
2059.82,-0.227926
2056.4,-0.211845
2052.98,-0.1956
2049.54,-0.179187
2046.09,-0.162606
2042.63,-0.145853
2039.16,-0.128926
2035.67,-0.111822
2032.17,-0.0945398
2028.66,-0.0770761
2025.13,-0.059428
2021.6,-0.0415933
2018.05,-0.0235693
2014.48,-0.00535363
2010.91,0.0130569
2007.32,0.031665
2003.72,0.0504732
2000.11,0.0694849
1996.49,0.0887026
1992.85,0.108129
1989.2,0.127768
1985.54,0.147621
1981.87,0.167693
1978.18,0.187987
1974.48,0.208504
1970.77,0.229249
1967.05,0.250225
1963.31,0.271436
1959.57,0.292885
1955.81,0.314574
1952.03,0.336509
1948.25,0.358691
1944.45,0.381125
1940.64,0.403816
1936.82,0.426765
1932.98,0.449977
1929.13,0.473457
1925.27,0.497207
1921.4,0.521232
1917.52,0.545535
1913.62,0.570122
1909.71,0.594996
1905.79,0.620162
1901.85,0.645623
1897.91,0.671384
1893.95,0.697449
1889.98,0.723825
1886,0.750513
1882,0.77752
1877.99,0.80485
1873.97,0.832508
1869.94,0.860499
1865.9,0.888827
1861.84,0.917499
1857.77,0.946518
1853.69,0.97589
1849.6,1.00562
1845.49,1.03572
1841.37,1.06618
1837.24,1.09702
1833.1,1.12824
1828.95,1.15985
1824.78,1.19185
1820.61,1.22424
1816.42,1.25704
1812.21,1.29026
1808,1.32388
1803.77,1.35794
1799.54,1.39242
1795.29,1.42733
1791.03,1.46269
1786.75,1.4985
1782.47,1.53477
1778.17,1.57149
1773.86,1.60869
1769.54,1.64637
1765.21,1.68453
1760.87,1.72318
1756.51,1.76234
1752.15,1.802
1747.77,1.84218
1743.38,1.88288
1738.98,1.92411
1734.56,1.96588
1730.14,2.0082
1725.7,2.05107
1721.26,2.09451
1716.8,2.13853
1712.33,2.18312
1707.85,2.22831
1703.36,2.2741
1698.86,2.3205
1694.34,2.36751
1689.82,2.41516
1685.28,2.46345
1680.74,2.51238
1676.18,2.56197
1671.61,2.61223
1667.03,2.66317
1662.44,2.7148
1657.84,2.76713
1653.23,2.82017
1648.61,2.87393
1643.98,2.92843
1639.34,2.98367
1634.69,3.03966
1630.02,3.09642
1625.35,3.15396
1620.67,3.2123
1615.98,3.27143
1611.28,3.33138
1606.57,3.39216
1601.84,3.45378
1597.11,3.51625
1592.37,3.57959
1587.62,3.6438
1582.86,3.70891
1578.1,3.77493
1573.32,3.84186
1568.53,3.90973
1563.74,3.97854
1558.93,4.04832
1554.12,4.11907
1549.3,4.19081
1544.47,4.26356
1539.63,4.33732
1534.78,4.41212
1529.93,4.48797
1525.07,4.56489
1520.2,4.64288
1515.32,4.72197
1510.43,4.80217
1505.54,4.8835
1500.64,4.96597
1495.73,5.0496
1490.82,5.13441
1485.9,5.22041
1480.97,5.30761
1476.03,5.39604
1471.09,5.48572
1466.15,5.57665
1461.19,5.66885
1456.23,5.76235
1451.27,5.85715
1446.3,5.95328
1441.33,6.05076
1436.34,6.14959
1431.36,6.2498
1426.37,6.3514
1421.38,6.45441
1416.38,6.55885
1411.37,6.66474
1406.37,6.77208
1401.36,6.88091
1396.34,6.99123
1391.33,7.10306
1386.31,7.21641
1381.29,7.33131
1376.26,7.44777
1371.24,7.5658
1366.21,7.68543
1361.18,7.80665
1356.15,7.9295
1351.12,8.05399
1346.09,8.18011
1341.05,8.30791
1336.02,8.43737
1330.99,8.56852
1325.96,8.70137
1320.93,8.83593
1315.9,8.97222
1310.87,9.11023
1305.84,9.24998
1300.82,9.39147
1295.8,9.53472
1290.78,9.67973
1285.77,9.82651
1280.76,9.97506
1275.75,10.1254
1270.75,10.2775
1265.76,10.4313
1260.77,10.587
1255.78,10.7444
1250.8,10.9036
1245.83,11.0645
1240.87,11.2272
1235.91,11.3917
1230.97,11.5578
1226.03,11.7257
1221.1,11.8953
1216.18,12.0666
1211.27,12.2396
1206.38,12.4142
1201.49,12.5904
1196.62,12.7682
1191.76,12.9476
1186.91,13.1284
1182.07,13.3108
1177.26,13.4946
1172.45,13.6799
1167.66,13.8664
1162.89,14.0543
1158.14,14.2435
1153.4,14.4338
1148.68,14.6252
1143.98,14.8177
1139.3,15.0112
1134.64,15.2056
1130,15.4009
1125.39,15.5968
1120.8,15.7935
1116.23,15.9906
1111.68,16.1883
1107.16,16.3863
1102.67,16.5845
1098.2,16.7828
1093.76,16.9811
1089.35,17.1793
1084.97,17.3772
1080.62,17.5746
1076.3,17.7715
1072.01,17.9677
1067.76,18.1629
1063.54,18.3571
1059.35,18.5501
1055.2,18.7417
1051.09,18.9316
1047.01,19.1198
1042.97,19.3059
1038.97,19.4898
1035.02,19.6713
1031.1,19.8502
1027.23,20.0262
1023.4,20.199
1019.62,20.3686
1015.88,20.5345
1012.18,20.6966
1008.54,20.8545
1004.95,21.0081
1001.4,21.1571
997.906,21.3012
994.464,21.4402
991.075,21.5737
987.741,21.7014
984.462,21.8232
981.239,21.9387
978.073,22.0476
974.967,22.1497
971.919,22.2446
968.933,22.3322
966.008,22.412
963.146,22.4839
960.348,22.5475
957.614,22.6027
954.947,22.649
952.346,22.6864
949.814,22.7144
947.35,22.733
944.956,22.7417
942.633,22.7406
940.382,22.7292
938.204,22.7074
936.099,22.675
934.068,22.6319
932.113,22.5779
930.235,22.5129
928.433,22.4366
926.709,22.3491
925.064,22.2502
923.498,22.1398
922.012,22.0179
920.606,21.8844
919.282,21.7394
918.04,21.5829
916.88,21.4148
915.804,21.2352
914.811,21.0443
913.902,20.842
913.077,20.6285
912.338,20.404
911.683,20.1686
911.114,19.9224
910.631,19.6658
910.234,19.3988
909.923,19.1218
909.699,18.835
909.56,18.5388
909.509,18.2333
909.544,17.9189
909.666,17.596
909.874,17.2649
910.168,16.926
910.549,16.5796
911.016,16.2261
911.568,15.866
912.206,15.4996
912.93,15.1275
913.738,14.7499
914.631,14.3673
915.608,13.9802
916.669,13.5891
917.812,13.1943
919.039,12.7963
920.347,12.3955
921.737,11.9924
923.208,11.5874
924.759,11.181
926.389,10.7736
928.098,10.3656
929.885,9.9574
931.749,9.54943
933.69,9.14209
935.706,8.73576
937.796,8.33082
939.961,7.92763
942.198,7.52654
944.507,7.12789
946.888,6.73201
949.338,6.33922
951.858,5.9498
954.445,5.56405
957.1,5.18222
959.821,4.80459
962.607,4.43138
965.457,4.06282
968.37,3.69912
971.344,3.34049
974.38,2.98708
977.476,2.63909
980.63,2.29665
983.842,1.95991
987.11,1.62899
990.435,1.304
993.813,0.985032
997.245,0.672184
1000.73,0.365524
1004.26,0.0651123
1007.85,-0.229
1011.49,-0.516776
1015.17,-0.798183
1018.9,-1.07321
1022.67,-1.34184
1026.49,-1.60408
1030.36,-1.85994
1034.27,-2.10943
1038.22,-2.35258
1042.21,-2.58943
1046.24,-2.82001
1050.3,-3.04436
1054.41,-3.26255
1058.55,-3.47463
1062.73,-3.68066
1066.95,-3.8807
1071.2,-4.07484
1075.48,-4.26314
1079.79,-4.44569
1084.14,-4.62256
1088.51,-4.79385
1092.92,-4.95964
1097.35,-5.12002
1101.81,-5.27509
1106.3,-5.42494
1110.82,-5.56967
1115.36,-5.70936
1119.92,-5.84413
1124.51,-5.97407
1129.12,-6.09928
1133.76,-6.21985
1138.41,-6.3359
1143.09,-6.44751
1147.78,-6.55479
1152.5,-6.65784
1157.23,-6.75675
1161.98,-6.85163
1166.75,-6.94257
1171.54,-7.02968
1176.34,-7.11303
1181.15,-7.19274
1185.98,-7.2689
1190.83,-7.34159
1195.69,-7.4109
1200.56,-7.47694
1205.44,-7.53979
1210.34,-7.59953
1215.24,-7.65625
1220.16,-7.71004
1225.09,-7.76098
1230.02,-7.80914
1234.97,-7.85462
1239.92,-7.89749
1244.89,-7.93782
1249.85,-7.9757
1254.83,-8.01119
1259.81,-8.04437
1264.8,-8.0753
1269.8,-8.10407
1274.8,-8.13073
1279.8,-8.15535
1284.81,-8.17799
1289.83,-8.19872
1294.84,-8.2176
1299.86,-8.23469
1304.88,-8.25004
1309.91,-8.26373
1314.94,-8.27578
1319.97,-8.28628
1325,-8.29525
1330.03,-8.30277
1335.06,-8.30887
1340.09,-8.31361
1345.13,-8.31703
1350.16,-8.31917
1355.19,-8.32009
1360.22,-8.31983
1365.25,-8.31842
1370.28,-8.31592
1375.3,-8.31235
1380.33,-8.30776
1385.35,-8.30218
1390.37,-8.29566
1395.39,-8.28822
1400.4,-8.2799
1405.41,-8.27074
1410.42,-8.26076
1415.42,-8.25
1420.42,-8.23849
1425.42,-8.22626
1430.41,-8.21333
1435.39,-8.19974
1440.37,-8.18551
1445.35,-8.17066
1450.32,-8.15523
1455.29,-8.13923
1460.25,-8.1227
1465.2,-8.10564
1470.15,-8.08809
1475.09,-8.07007
1480.03,-8.0516
1484.96,-8.0327
1489.88,-8.01338
1494.8,-7.99367
1499.7,-7.97358
1504.61,-7.95314
1509.5,-7.93235
1514.39,-7.91125
1519.27,-7.88983
1524.14,-7.86812
1529,-7.84614
1533.86,-7.82389
1538.71,-7.80139
1543.55,-7.77866
1548.38,-7.7557
1553.2,-7.73254
1558.02,-7.70918
1562.82,-7.68563
1567.62,-7.66191
1572.41,-7.63802
1577.19,-7.61399
1581.95,-7.58981
1586.72,-7.5655
1591.47,-7.54106
1596.21,-7.51652
1600.94,-7.49187
1605.66,-7.46712
1610.38,-7.44228
1615.08,-7.41737
1619.78,-7.39238
1624.46,-7.36734
1629.13,-7.34223
1633.8,-7.31707
1638.45,-7.29188
1643.09,-7.26664
1647.73,-7.24137
1652.35,-7.21608
1656.96,-7.19077
1661.56,-7.16545
1666.16,-7.14012
1670.74,-7.11478
1675.31,-7.08945
1679.87,-7.06413
1684.41,-7.03881
1688.95,-7.01352
1693.48,-6.98824
1697.99,-6.96299
1702.5,-6.93776
1706.99,-6.91257
1711.48,-6.88741
1715.95,-6.86229
1720.41,-6.83722
1724.86,-6.81219
1729.29,-6.78721
1733.72,-6.76228
1738.14,-6.7374
1742.54,-6.71259
1746.93,-6.68783
1751.31,-6.66313
1755.68,-6.6385
1760.04,-6.61394
1764.38,-6.58944
1768.72,-6.56502
1773.04,-6.54067
1777.35,-6.51639
1781.65,-6.49219
1785.94,-6.46807
1790.21,-6.44403
1794.48,-6.42007
1798.73,-6.39619
1802.97,-6.3724
1807.19,-6.3487
1811.41,-6.32508
1815.61,-6.30155
1819.81,-6.27811
1823.99,-6.25476
1828.15,-6.2315
1832.31,-6.20833
1836.45,-6.18526
1840.59,-6.16228
1844.71,-6.1394
1848.81,-6.11661
1852.91,-6.09392
1856.99,-6.07132
1861.06,-6.04882
1865.12,-6.02643
1869.17,-6.00413
1873.2,-5.98192
1877.23,-5.95982
1881.24,-5.93782
1885.23,-5.91592
1889.22,-5.89412
1893.19,-5.87242
1897.15,-5.85082
1901.1,-5.82932
1905.04,-5.80793
1908.96,-5.78664
1912.87,-5.76544
1916.77,-5.74435
1920.66,-5.72337
1924.54,-5.70248
1928.4,-5.6817
1932.25,-5.66102
1936.08,-5.64044
1939.91,-5.61996
1943.72,-5.59959
1947.52,-5.57931
1951.31,-5.55914
1955.09,-5.53907
1958.85,-5.5191
1962.6,-5.49924
1966.34,-5.47947
1970.06,-5.45981
1973.78,-5.44025
1977.48,-5.42078
1981.17,-5.40142
1984.84,-5.38216
1988.51,-5.363
1992.16,-5.34394
1995.8,-5.32497
1999.42,-5.30611
2003.04,-5.28735
2006.64,-5.26868
2010.23,-5.25011
2013.8,-5.23164
2017.37,-5.21327
2020.92,-5.195
2024.46,-5.17682
2027.99,-5.15874
2031.5,-5.14075
2035,-5.12286
2038.49,-5.10507
2041.97,-5.08737
2045.43,-5.06976
2048.88,-5.05225
2052.32,-5.03483
2055.75,-5.01751
2059.17,-5.00028
2062.57,-4.98314
2065.96,-4.96609
2069.34,-4.94914
2072.7,-4.93227
2076.05,-4.9155
2079.4,-4.89882
2082.72,-4.88223
2086.04,-4.86572
2089.34,-4.84931
2092.63,-4.83298
2095.91,-4.81675
2099.18,-4.8006
2102.43,-4.78453
2105.67,-4.76856
2108.9,-4.75267
2112.12,-4.73686
2115.32,-4.72115
2118.51,-4.70551
2121.69,-4.68996
2124.86,-4.6745
2128.01,-4.65912
2131.16,-4.64382
2134.29,-4.6286
2137.4,-4.61347
2140.51,-4.59841
2143.6,-4.58344
2146.68,-4.56855
2149.75,-4.55374
2152.81,-4.53901
2155.85,-4.52436
2158.88,-4.50978
2161.9,-4.49529
2164.91,-4.48087
2167.91,-4.46653
2170.89,-4.45227
2173.86,-4.43809
2176.82,-4.42398
2179.76,-4.40994
2182.7,-4.39598
2185.62,-4.3821
2188.53,-4.36829
2191.42,-4.35455
2194.31,-4.34089
2197.18,-4.3273
2200.04,-4.31378
2202.89,-4.30033
2205.72,-4.28696
2208.55,-4.27365
2211.36,-4.26042
2214.16,-4.24726
2216.95,-4.23416
2219.72,-4.22114
2222.48,-4.20818
2225.24,-4.19529
2227.97,-4.18247
2230.7,-4.16972
2233.42,-4.15704
2236.12,-4.14442
2238.81,-4.13187
2241.49,-4.11938
2244.15,-4.10696
2246.81,-4.0946
2249.45,-4.08231
2252.08,-4.07008
2254.7,-4.05792
2257.3,-4.04582
2259.9,-4.03378
2262.48,-4.0218
2265.05,-4.00989
2267.61,-3.99804
2270.15,-3.98625
2272.69,-3.97451
2275.21,-3.96284
2277.72,-3.95123
2280.22,-3.93968
2282.7,-3.92819
2285.18,-3.91676
2287.64,-3.90539
2290.09,-3.89407
2292.53,-3.88281
2294.95,-3.87161
2297.37,-3.86046
2299.77,-3.84938
2302.16,-3.83834
2304.54,-3.82737
2306.9,-3.81645
2309.26,-3.80558
2311.6,-3.79477
2313.93,-3.78401
2316.25,-3.77331
2318.56,-3.76266
2320.86,-3.75206
2323.14,-3.74152
2325.41,-3.73102
2327.67,-3.72058
2329.92,-3.71019
2332.16,-3.69986
2334.38,-3.68957
2336.59,-3.67934
2338.79,-3.66915
2340.98,-3.65902
2343.16,-3.64893
2345.33,-3.6389
2347.48,-3.62891
2349.62,-3.61897
2351.75,-3.60908
2353.87,-3.59924
2355.98,-3.58944
2358.07,-3.5797
2360.16,-3.57
2362.23,-3.56034
2364.29,-3.55074
2366.34,-3.54117
2368.37,-3.53166
2370.4,-3.52219
2372.41,-3.51276
2374.41,-3.50338
2376.4,-3.49405
2378.38,-3.48475
2380.35,-3.47551
2382.3,-3.4663
2384.25,-3.45714
2386.18,-3.44802
2388.1,-3.43894
2390.01,-3.42991
2391.9,-3.42092
2393.79,-3.41197
2395.66,-3.40306
2397.53,-3.39419
2399.38,-3.38537
2401.22,-3.37658
2403.04,-3.36784
2404.86,-3.35913
2406.66,-3.35046
2408.46,-3.34184
2410.24,-3.33325
2412.01,-3.3247
2413.77,-3.31619
2415.51,-3.30772
2417.25,-3.29929
2418.97,-3.29089
2420.68,-3.28254
2422.38,-3.27422
2424.07,-3.26593
2425.75,-3.25769
2427.42,-3.24948
2429.07,-3.2413
2430.72,-3.23317
2432.35,-3.22506
2433.97,-3.217
2435.58,-3.20897
2437.18,-3.20097
2438.76,-3.19301
2440.34,-3.18508
2441.9,-3.17719
2443.45,-3.16933
2444.99,-3.1615
2446.52,-3.15371
2448.04,-3.14596
2449.54,-3.13823
2451.04,-3.13054
2452.52,-3.12288
2453.99,-3.11525
2455.45,-3.10766
2456.9,-3.10009
2458.34,-3.09256
2459.77,-3.08506
2461.18,-3.07759
2462.59,-3.07015
2463.98,-3.06275
2465.36,-3.05537
2466.73,-3.04802
2468.09,-3.04071
2469.44,-3.03342
2470.77,-3.02616
2472.1,-3.01894
2473.41,-3.01174
2474.71,-3.00457
2476,-2.99743
2477.28,-2.99031
2478.55,-2.98323
2479.81,-2.97617
2481.05,-2.96915
2482.29,-2.96215
2483.51,-2.95517
2484.72,-2.94823
2485.92,-2.94131
2487.11,-2.93442
2488.29,-2.92755
2489.46,-2.92072
2490.61,-2.9139
2491.75,-2.90712
2492.89,-2.90036
2494.01,-2.89362
2495.12,-2.88691
2496.22,-2.88023
2497.31,-2.87357
2498.38,-2.86694
2499.45,-2.86033
2500.5,-2.85375
2501.55,-2.84719
2502.58,-2.84065
2503.6,-2.83414
2504.61,-2.82765
2505.61,-2.82119
2506.6,-2.81474
2507.57,-2.80833
2508.54,-2.80193
2509.49,-2.79556
2510.43,-2.78921
2511.36,-2.78288
2512.28,-2.77658
2513.19,-2.77029
2514.09,-2.76403
2514.98,-2.75779
2515.85,-2.75158
2516.72,-2.74538
2517.57,-2.7392
2518.41,-2.73305
2519.24,-2.72692
2520.06,-2.7208
2520.87,-2.71471
2521.67,-2.70864
2522.46,-2.70259
2523.23,-2.69656
2524,-2.69054
2524.75,-2.68455
2525.49,-2.67858
2526.22,-2.67263
2526.94,-2.66669
2527.65,-2.66078
2528.35,-2.65488
2529.04,-2.649
2529.71,-2.64314
2530.38,-2.6373
2531.03,-2.63148
2531.67,-2.62567
2532.3,-2.61989
2532.92,-2.61412
2533.53,-2.60836
2534.13,-2.60263
2534.72,-2.59691
2535.29,-2.59121
2535.86,-2.58553
2536.41,-2.57986
2536.95,-2.57421
2537.49,-2.56858
2538.01,-2.56296
2538.52,-2.55735
2539.01,-2.55177
2539.5,-2.5462
2539.98,-2.54064
2540.44,-2.5351
2540.9,-2.52958
2541.34,-2.52407
2541.77,-2.51857
2542.19,-2.5131
2542.6,-2.50763
2543,-2.50218
2543.39,-2.49674
2543.77,-2.49132
2544.13,-2.48591
2544.49,-2.48052
2544.83,-2.47514
2545.16,-2.46977
2545.49,-2.46442
2545.8,-2.45908
2546.1,-2.45375
2546.38,-2.44843
2546.66,-2.44313
2546.93,-2.43784
2547.18,-2.43257
2547.43,-2.4273
2547.66,-2.42205
2547.88,-2.41681
2548.1,-2.41158
2548.3,-2.40637
2548.49,-2.40116
2548.66,-2.39597
2548.83,-2.39079
2548.99,-2.38561
2549.13,-2.38045
2549.27,-2.3753
2549.39,-2.37017
2549.5,-2.36504
2549.6,-2.35992
2549.7,-2.35481
2549.77,-2.34971
2549.84,-2.34463
2549.9,-2.33955
2549.95,-2.33448
2549.98,-2.32942
2550,-2.32437
2550.02,-2.31933
2550.02,-2.3143
2550.01,-2.30928
2549.99,-2.30426
2549.96,-2.29926
2549.92,-2.29426
2549.87,-2.28927
2549.8,-2.28429
2549.73,-2.27932
2549.64,-2.27436
2549.54,-2.2694
2549.44,-2.26445
2549.32,-2.25951
2549.19,-2.25457
2549.05,-2.24965
2548.89,-2.24473
2548.73,-2.23981
2548.56,-2.2349
2548.37,-2.23
2548.18,-2.22511
2547.97,-2.22022
2547.75,-2.21534
2547.52,-2.21046
2547.28,-2.20559
2547.03,-2.20072
2546.77,-2.19586
2546.49,-2.19101
2546.21,-2.18616
2545.91,-2.18131
2545.61,-2.17647
2545.29,-2.17164
2544.96,-2.16681
2544.62,-2.16198
2544.27,-2.15716
2543.91,-2.15234
2543.54,-2.14753
2543.16,-2.14271
2542.76,-2.13791
2542.35,-2.1331
2541.94,-2.1283
2541.51,-2.1235
2541.07,-2.11871
2540.62,-2.11392
2540.16,-2.10913
2539.69,-2.10434
2539.21,-2.09955
2538.71,-2.09477
2538.21,-2.08999
2537.69,-2.08521
2537.16,-2.08043
2536.62,-2.07566
2536.08,-2.07088
2535.51,-2.06611
2534.94,-2.06133
2534.36,-2.05656
2533.77,-2.05179
2533.16,-2.04702
2532.55,-2.04225
2531.92,-2.03748
2531.28,-2.0327
2530.63,-2.02793
2529.97,-2.02316
2529.3,-2.01839
2528.62,-2.01361
2527.93,-2.00884
2527.22,-2.00406
2526.51,-1.99929
2525.78,-1.99451
2525.04,-1.98973
2524.29,-1.98495
2523.53,-1.98016
2522.76,-1.97537
2521.98,-1.97059
2521.19,-1.96579
2520.38,-1.961
2519.57,-1.9562
2518.74,-1.9514
2517.9,-1.9466
2517.05,-1.94179
2516.19,-1.93698
2515.32,-1.93216
2514.44,-1.92734
2513.54,-1.92252
2512.64,-1.91769
2511.72,-1.91286
2510.8,-1.90802
2509.86,-1.90318
2508.91,-1.89833
2507.95,-1.89348
2506.98,-1.88862
2505.99,-1.88375
2505,-1.87888
2503.99,-1.874
2502.98,-1.86912
2501.95,-1.86423
2500.91,-1.85933
2499.86,-1.85442
2498.8,-1.84951
2497.73,-1.84459
2496.64,-1.83966
2495.55,-1.83473
2494.44,-1.82978
2493.33,-1.82483
2492.2,-1.81987
2491.06,-1.81489
2489.91,-1.80991
2488.74,-1.80492
2487.57,-1.79993
2486.39,-1.79492
2485.19,-1.7899
2483.98,-1.78487
2482.76,-1.77983
2481.53,-1.77478
2480.29,-1.76971
2479.04,-1.76464
2477.78,-1.75956
2476.5,-1.75446
2475.22,-1.74935
2473.92,-1.74423
2472.61,-1.73909
2471.29,-1.73395
2469.96,-1.72879
2468.62,-1.72361
2467.26,-1.71843
2465.9,-1.71323
2464.52,-1.70801
2463.13,-1.70278
2461.73,-1.69754
2460.32,-1.69228
2458.9,-1.687
2457.47,-1.68171
2456.02,-1.67641
2454.56,-1.67109
2453.1,-1.66575
2451.62,-1.66039
2450.13,-1.65502
2448.63,-1.64963
2447.11,-1.64422
2445.59,-1.6388
2444.05,-1.63335
2442.5,-1.62789
2440.95,-1.62241
2439.38,-1.61691
2437.79,-1.61139
2436.2,-1.60585
2434.6,-1.60029
2432.98,-1.59471
2431.35,-1.58911
2429.71,-1.58349
2428.06,-1.57785
2426.4,-1.57218
2424.73,-1.56649
2423.04,-1.56078
2421.35,-1.55505
2419.64,-1.54929
2417.92,-1.54351
2416.19,-1.53771
2414.45,-1.53188
2412.69,-1.52603
2410.93,-1.52015
2409.15,-1.51425
2407.36,-1.50832
2405.56,-1.50236
2403.75,-1.49638
2401.93,-1.49037
2400.1,-1.48434
2398.25,-1.47827
2396.39,-1.47218
2394.52,-1.46606
2392.64,-1.45991
2390.75,-1.45373
2388.85,-1.44752
2386.93,-1.44128
2385,-1.43501
2383.06,-1.42871
2381.11,-1.42237
2379.15,-1.41601
2377.18,-1.40961
2375.19,-1.40318
2373.19,-1.39671
2371.19,-1.39022
2369.16,-1.38368
2367.13,-1.37711
2365.09,-1.37051
2363.03,-1.36387
2360.97,-1.3572
2358.89,-1.35048
2356.8,-1.34373
2354.69,-1.33695
2352.58,-1.33012
2350.45,-1.32325
2348.32,-1.31635
2346.17,-1.3094
2344.01,-1.30242
2341.83,-1.29539
2339.65,-1.28832
2337.45,-1.28121
2335.24,-1.27405
2333.02,-1.26686
2330.79,-1.25961
2328.55,-1.25233
2326.29,-1.245
2324.03,-1.23762
2321.75,-1.23019
2319.46,-1.22272
2317.15,-1.2152
2314.84,-1.20764
2312.51,-1.20002
2310.17,-1.19235
2307.82,-1.18464
2305.46,-1.17687
2303.09,-1.16905
2300.7,-1.16118
2298.3,-1.15325
2295.9,-1.14527
2293.47,-1.13724
2291.04,-1.12915
2288.59,-1.121
2286.14,-1.1128
2283.67,-1.10454
2281.19,-1.09622
2278.69,-1.08785
2276.19,-1.07941
2273.67,-1.07091
2271.14,-1.06235
2268.6,-1.05373
2266.05,-1.04505
2263.48,-1.0363
2260.91,-1.02748
2258.32,-1.0186
2255.71,-1.00966
2253.1,-1.00064
2250.48,-0.991562
2247.84,-0.982411
2245.19,-0.973189
2242.53,-0.963897
2239.85,-0.954532
2237.17,-0.945094
2234.47,-0.935582
2231.76,-0.925996
2229.04,-0.916333
2226.31,-0.906593
2223.56,-0.896775
2220.8,-0.886878
2218.03,-0.876901
2215.25,-0.866843
2212.45,-0.856702
2209.65,-0.846478
2206.83,-0.836169
2204,-0.825775
2201.15,-0.815294
2198.3,-0.804725
2195.43,-0.794067
2192.55,-0.783319
2189.66,-0.772479
2186.75,-0.761546
2183.84,-0.750519
2180.91,-0.739397
2177.97,-0.728179
2175.01,-0.716862
2172.05,-0.705446
2169.07,-0.69393
2166.08,-0.682312
2163.08,-0.670591
2160.06,-0.658765
2157.04,-0.646834
2154,-0.634794
2150.95,-0.622646
2147.88,-0.610387
2144.81,-0.598017
2141.72,-0.585533
2138.62,-0.572934
2135.5,-0.560218
2132.38,-0.547385
2129.24,-0.534432
2126.09,-0.521357
2122.93,-0.508159
2119.75,-0.494837
2116.57,-0.481388
2113.37,-0.467812
2110.16,-0.454105
2106.93,-0.440266
2103.7,-0.426294
2100.45,-0.412187
2097.19,-0.397943
2093.91,-0.383559
2090.63,-0.369035
2087.33,-0.354368
2084.02,-0.339556
2080.7,-0.324596
2077.36,-0.309488
2074.01,-0.294229
2070.65,-0.278817
2067.28,-0.263249
2063.89,-0.247525
2060.5,-0.23164
2057.09,-0.215593
2053.66,-0.199383
2050.23,-0.183006
2046.78,-0.16646
2043.32,-0.149743
2039.85,-0.132853
2036.36,-0.115787
2032.87,-0.0985423
2029.36,-0.0811167
2025.84,-0.0635079
2022.3,-0.0457124
2018.76,-0.0277288
2015.2,-0.00955328
2011.62,0.00881616
2008.04,0.0273827
2004.44,0.046149
2000.83,0.0651178
1997.21,0.0842922
1993.58,0.103675
1989.93,0.123269
1986.27,0.143077
1982.6,0.163103
1978.92,0.18335
1975.22,0.20382
1971.51,0.224518
1967.79,0.245446
1964.06,0.266607
1960.31,0.288006
1956.56,0.309645
1952.79,0.331528
1949,0.353659
1945.21,0.37604
1941.4,0.398677
1937.58,0.421572
1933.75,0.444729
1929.9,0.468152
1926.04,0.491846
1922.17,0.515813
1918.29,0.540059
1914.4,0.564587
1910.49,0.589401
1906.57,0.614506
1902.64,0.639905
1898.7,0.665604
1894.74,0.691606
1890.77,0.717916
1886.79,0.74454
1882.8,0.771481
1878.79,0.798743
1874.77,0.826333
1870.74,0.854254
1866.7,0.882513
1862.65,0.911113
1858.58,0.94006
1854.5,0.969359
1850.41,0.999016
1846.31,1.02904
1842.2,1.05942
1838.07,1.09018
1833.93,1.12133
1829.78,1.15285
1825.61,1.18477
1821.44,1.21708
1817.25,1.2498
1813.05,1.28293
1808.84,1.31647
1804.62,1.35043
1800.38,1.38483
1796.14,1.41965
1791.88,1.45492
1787.61,1.49064
1783.32,1.52681
1779.03,1.56344
1774.72,1.60054
1770.4,1.63812
1766.08,1.67618
1761.73,1.71473
1757.38,1.75379
1753.02,1.79334
1748.64,1.83341
1744.25,1.874
1739.85,1.91513
1735.44,1.95679
1731.02,1.99899
1726.59,2.04175
1722.14,2.08508
1717.69,2.12897
1713.22,2.17345
1708.74,2.21852
1704.25,2.26418
1699.75,2.31046
1695.24,2.35735
1690.72,2.40486
1686.19,2.45302
1681.64,2.50182
1677.09,2.55128
1672.52,2.6014
1667.95,2.6522
1663.36,2.70369
1658.76,2.75588
1654.15,2.80877
1649.53,2.86239
1644.9,2.91673
1640.26,2.97182
1635.61,3.02766
1630.96,3.08426
1626.29,3.14165
1621.61,3.19982
1616.92,3.25879
1612.22,3.31857
1607.51,3.37918
1602.79,3.44063
1598.06,3.50292
1593.32,3.56609
1588.57,3.63012
1583.81,3.69505
1579.05,3.76088
1574.27,3.82763
1569.49,3.8953
1564.69,3.96393
1559.89,4.03351
1555.08,4.10406
1550.26,4.1756
1545.43,4.24814
1540.6,4.3217
1535.75,4.39629
1530.9,4.47193
1526.04,4.54863
1521.17,4.6264
1516.29,4.70527
1511.41,4.78525
1506.52,4.86635
1501.62,4.94859
1496.71,5.03199
1491.8,5.11655
1486.88,5.20231
1481.95,5.28927
1477.02,5.37746
1472.08,5.46688
1467.13,5.55756
1462.18,5.6495
1457.22,5.74274
1452.26,5.83728
1447.29,5.93314
1442.32,6.03035
1437.34,6.1289
1432.35,6.22884
1427.36,6.33016
1422.37,6.43289
1417.37,6.53704
1412.37,6.64264
1407.37,6.74969
1402.36,6.85822
1397.34,6.96824
1392.33,7.07976
1387.31,7.19281
1382.29,7.3074
1377.26,7.42355
1372.24,7.54127
1367.21,7.66057
1362.18,7.78148
1357.15,7.90401
1352.12,8.02816
1347.09,8.15396
1342.06,8.28142
1337.02,8.41055
1331.99,8.54137
1326.96,8.67388
1321.93,8.8081
1316.9,8.94404
1311.87,9.08171
1306.84,9.22111
1301.82,9.36226
1296.8,9.50516
1291.78,9.64983
1286.77,9.79626
1281.76,9.94445
1276.75,10.0944
1271.75,10.2462
1266.75,10.3997
1261.76,10.555
1256.77,10.712
1251.79,10.8709
1246.82,11.0315
1241.86,11.1938
1236.9,11.3579
1231.95,11.5238
1227.01,11.6913
1222.08,11.8606
1217.16,12.0315
1212.25,12.2042
1207.35,12.3785
1202.46,12.5544
1197.59,12.7318
1192.72,12.9109
1187.87,13.0915
1183.04,13.2736
1178.21,13.4571
1173.41,13.6421
1168.61,13.8284
1163.84,14.0161
1159.08,14.205
1154.34,14.3951
1149.62,14.5863
1144.91,14.7786
1140.23,14.9719
1135.57,15.1662
1130.93,15.3613
1126.31,15.5571
1121.71,15.7536
1117.13,15.9507
1112.58,16.1483
1108.06,16.3462
1103.56,16.5444
1099.09,16.7428
1094.64,16.9411
1090.23,17.1393
1085.84,17.3373
1081.48,17.5349
1077.16,17.7319
1072.86,17.9282
1068.6,18.1237
1064.37,18.3182
1060.18,18.5114
1056.02,18.7033
1051.9,18.8936
1047.82,19.0822
1043.77,19.2688
1039.77,19.4532
1035.8,19.6352
1031.88,19.8146
1028,19.9912
1024.16,20.1648
1020.36,20.335
1016.62,20.5017
1012.91,20.6646
1009.26,20.8234
1005.66,20.9779
1002.1,21.1279
998.596,21.273
995.144,21.4131
991.744,21.5477
988.399,21.6767
985.109,21.7997
981.874,21.9165
978.697,22.0268
975.579,22.1303
972.52,22.2267
969.521,22.3158
966.584,22.3972
963.709,22.4707
960.898,22.5361
958.152,22.593
955.471,22.6412
952.857,22.6804
950.311,22.7103
947.834,22.7308
945.426,22.7416
943.089,22.7424
940.823,22.7331
938.63,22.7135
936.51,22.6833
934.465,22.6424
932.495,22.5906
930.601,22.5278
928.784,22.4538
927.044,22.3686
925.383,22.272
923.801,22.164
922.299,22.0444
920.878,21.9133
919.537,21.7706
918.279,21.6164
917.103,21.4507
916.01,21.2734
915,21.0848
914.074,20.8848
913.233,20.6736
912.476,20.4513
911.805,20.2181
911.219,19.9741
910.718,19.7195
910.304,19.4546
909.976,19.1797
909.734,18.8948
909.579,18.6005
909.51,18.2968
909.528,17.9842
909.632,17.663
909.823,17.3335
910.1,16.9962
910.464,16.6513
910.913,16.2992
911.449,15.9404
912.07,15.5753
912.777,15.2042
913.568,14.8277
914.444,14.4461
915.404,14.0599
916.448,13.6696
917.576,13.2755
918.786,12.8781
920.078,12.4778
921.451,12.0752
922.906,11.6706
924.441,11.2644
926.056,10.8572
927.749,10.4493
929.52,10.0411
931.369,9.63303
933.295,9.22554
935.296,8.81898
937.372,8.41373
939.522,8.01016
941.744,7.60862
944.04,7.20946
946.406,6.813
948.842,6.41957
951.348,6.02945
953.922,5.64293
956.564,5.2603
959.272,4.8818
962.045,4.50768
964.882,4.13817
967.782,3.77348
970.745,3.41381
973.769,3.05934
976.852,2.71024
979.995,2.36668
983.195,2.02877
986.453,1.69667
989.766,1.37047
993.134,1.05029
996.555,0.736196
1000.03,0.428283
1003.55,0.126605
1007.13,-0.168783
1010.76,-0.457839
1014.43,-0.740536
1018.15,-1.01685
1021.92,-1.28678
1025.73,-1.55031
1029.58,-1.80745
1033.48,-2.05823
1037.42,-2.30266
1041.41,-2.54078
1045.43,-2.77263
1049.49,-2.99824
1053.59,-3.21767
1057.72,-3.43098
1061.9,-3.63823
1066.1,-3.83948
1070.35,-4.03481
1074.62,-4.22429
1078.93,-4.40799
1083.27,-4.58601
1087.64,-4.75843
1092.04,-4.92533
1096.47,-5.0868
1100.92,-5.24294
1105.4,-5.39385
1109.91,-5.5396
1114.45,-5.68031
1119.01,-5.81608
1123.59,-5.94699
1128.2,-6.07315
1132.83,-6.19466
1137.48,-6.31162
1142.15,-6.42413
1146.84,-6.53228
1151.55,-6.63619
1156.28,-6.73594
1161.03,-6.83163
1165.8,-6.92337
1170.58,-7.01125
1175.38,-7.09536
1180.19,-7.17581
1185.02,-7.25268
1189.86,-7.32607
1194.72,-7.39608
1199.59,-7.46278
1204.47,-7.52627
1209.36,-7.58664
1214.26,-7.64397
1219.18,-7.69836
1224.1,-7.74987
1229.04,-7.7986
1233.98,-7.84463
1238.93,-7.88803
1243.9,-7.92887
1248.86,-7.96725
1253.84,-8.00323
1258.82,-8.03687
1263.81,-8.06827
1268.8,-8.09747
1273.8,-8.12456
1278.8,-8.1496
1283.81,-8.17264
1288.83,-8.19377
1293.84,-8.21302
1298.86,-8.23048
1303.88,-8.24619
1308.91,-8.26021
1313.93,-8.2726
1318.96,-8.28342
1323.99,-8.29271
1329.02,-8.30052
1334.06,-8.30692
1339.09,-8.31193
1344.12,-8.31563
1349.15,-8.31804
1354.19,-8.31921
1359.22,-8.31919
1364.25,-8.31802
1369.28,-8.31574
1374.3,-8.31239
1379.33,-8.30801
1384.35,-8.30264
1389.37,-8.29631
1394.39,-8.28906
1399.4,-8.28093
1404.41,-8.27194
1409.42,-8.26214
1414.43,-8.25154
1419.43,-8.24019
1424.42,-8.22811
1429.41,-8.21533
1434.4,-8.20187
1439.38,-8.18778
1444.36,-8.17306
1449.33,-8.15775
1454.3,-8.14188
1459.26,-8.12546
1464.21,-8.10851
1469.16,-8.09107
1474.11,-8.07315
1479.04,-8.05478
1483.98,-8.03596
1488.9,-8.01674
1493.82,-7.99711
1498.73,-7.97711
1503.63,-7.95674
1508.53,-7.93603
1513.41,-7.915
1518.3,-7.89365
1523.17,-7.872
1528.03,-7.85008
1532.89,-7.82789
1537.74,-7.80545
1542.58,-7.78277
1547.42,-7.75986
1552.24,-7.73675
1557.06,-7.71343
1561.86,-7.68993
1566.66,-7.66625
1571.45,-7.6424
1576.23,-7.6184
1581.01,-7.59425
1585.77,-7.56998
1590.52,-7.54557
1595.27,-7.52105
1600,-7.49643
1604.72,-7.47171
1609.44,-7.44689
1614.15,-7.422
1618.84,-7.39704
1623.53,-7.37201
1628.2,-7.34692
1632.87,-7.32178
1637.52,-7.29659
1642.17,-7.27137
1646.81,-7.24611
1651.43,-7.22083
1656.05,-7.19553
1660.65,-7.17021
1665.24,-7.14489
1669.83,-7.11956
1674.4,-7.09423
1678.96,-7.06891
1683.51,-7.0436
1688.05,-7.0183
1692.58,-6.99303
1697.1,-6.96777
1701.6,-6.94255
1706.1,-6.91735
1710.58,-6.89219
1715.06,-6.86707
1719.52,-6.84199
1723.97,-6.81696
1728.41,-6.79197
1732.84,-6.76703
1737.26,-6.74215
1741.66,-6.71733
1746.06,-6.69256
1750.44,-6.66786
1754.81,-6.64322
1759.17,-6.61864
1763.52,-6.59414
1767.85,-6.5697
1772.18,-6.54534
1776.49,-6.52105
1780.79,-6.49684
1785.08,-6.47271
1789.36,-6.44866
1793.63,-6.42469
1797.88,-6.4008
1802.12,-6.37699
1806.35,-6.35327
1810.57,-6.32964
1814.78,-6.3061
1818.97,-6.28264
1823.16,-6.25928
1827.33,-6.236
1831.48,-6.21282
1835.63,-6.18973
1839.76,-6.16674
1843.89,-6.14384
1848,-6.12103
1852.09,-6.09833
1856.18,-6.07571
1860.25,-6.0532
1864.32,-6.03078
1868.36,-6.00847
1872.4,-5.98625
1876.43,-5.96413
1880.44,-5.94211
1884.44,-5.92019
1888.43,-5.89838
1892.4,-5.87666
1896.37,-5.85504
1900.32,-5.83353
1904.26,-5.81212
1908.18,-5.79081
1912.1,-5.7696
1916,-5.74849
1919.89,-5.72748
1923.76,-5.70658
1927.63,-5.68578
1931.48,-5.66508
1935.32,-5.64448
1939.15,-5.62399
1942.96,-5.60359
1946.77,-5.5833
1950.56,-5.56311
1954.34,-5.54303
1958.1,-5.52304
1961.85,-5.50316
1965.59,-5.48337
1969.32,-5.46369
1973.04,-5.44411
1976.74,-5.42463
1980.43,-5.40525
1984.11,-5.38597
1987.78,-5.36679
1991.43,-5.34771
1995.07,-5.32873
1998.7,-5.30985
2002.32,-5.29107
2005.92,-5.27238
2009.51,-5.2538
2013.09,-5.23531
2016.66,-5.21692
2020.21,-5.19863
2023.75,-5.18043
2027.28,-5.16233
2030.8,-5.14433
2034.3,-5.12642
2037.8,-5.10861
2041.28,-5.09089
2044.74,-5.07327
2048.2,-5.05575
2051.64,-5.03831
2055.07,-5.02097
2058.49,-5.00372
2061.89,-4.98657
2065.28,-4.9695
2068.66,-4.95253
2072.03,-4.93565
2075.39,-4.91886
2078.73,-4.90216
2082.06,-4.88555
2085.38,-4.86904
2088.68,-4.85261
2091.98,-4.83626
2095.26,-4.82001
2098.53,-4.80385
2101.78,-4.78777
2105.03,-4.77177
2108.26,-4.75587
2111.48,-4.74005
2114.68,-4.72432
2117.88,-4.70867
2121.06,-4.6931
2124.23,-4.67762
2127.39,-4.66222
2130.53,-4.64691
2133.66,-4.63168
2136.78,-4.61653
2139.89,-4.60146
2142.99,-4.58648
2146.07,-4.57157
2149.14,-4.55675
2152.2,-4.542
2155.25,-4.52733
2158.28,-4.51275
2161.3,-4.49824
2164.31,-4.48381
2167.31,-4.46945
2170.29,-4.45518
2173.27,-4.44098
2176.23,-4.42685
2179.18,-4.4128
2182.11,-4.39883
2185.04,-4.38493
2187.95,-4.37111
2190.85,-4.35736
2193.73,-4.34368
2196.61,-4.33008
2199.47,-4.31655
2202.32,-4.30309
2205.16,-4.2897
2207.99,-4.27638
2210.8,-4.26313
2213.6,-4.24996
2216.39,-4.23685
2219.17,-4.22381
2221.93,-4.21085
2224.69,-4.19795
2227.43,-4.18511
2230.16,-4.17235
2232.88,-4.15965
2235.58,-4.14702
2238.27,-4.13446
2240.95,-4.12196
2243.62,-4.10952
2246.28,-4.09715
2248.92,-4.08485
2251.56,-4.07261
2254.18,-4.06044
2256.78,-4.04832
2259.38,-4.03627
2261.97,-4.02428
2264.54,-4.01236
2267.1,-4.0005
2269.65,-3.98869
2272.18,-3.97695
2274.71,-3.96527
2277.22,-3.95365
2279.72,-3.94209
2282.21,-3.93058
2284.68,-3.91914
2287.15,-3.90776
2289.6,-3.89643
2292.04,-3.88516
2294.47,-3.87395
2296.89,-3.86279
2299.29,-3.85169
2301.68,-3.84065
2304.07,-3.82966
2306.43,-3.81873
2308.79,-3.80786
2311.14,-3.79703
2313.47,-3.78627
2315.79,-3.77555
2318.1,-3.76489
2320.4,-3.75429
2322.69,-3.74373
2324.96,-3.73323
2327.22,-3.72278
2329.47,-3.71238
2331.71,-3.70204
2333.94,-3.69174
2336.15,-3.6815
2338.36,-3.6713
2340.55,-3.66116
2342.73,-3.65107
2344.9,-3.64102
2347.05,-3.63102
2349.2,-3.62108
2351.33,-3.61118
2353.45,-3.60133
2355.56,-3.59152
2357.66,-3.58177
2359.74,-3.57206
2361.82,-3.5624
2363.88,-3.55278
2365.93,-3.54321
2367.97,-3.53369
2370,-3.52421
2372.01,-3.51477
2374.02,-3.50538
2376.01,-3.49604
2377.99,-3.48674
2379.96,-3.47748
2381.92,-3.46827
2383.86,-3.4591
2385.8,-3.44998
2387.72,-3.44089
2389.63,-3.43185
2391.53,-3.42285
2393.42,-3.41389
2395.29,-3.40498
2397.16,-3.3961
2399.01,-3.38727
2400.85,-3.37848
2402.68,-3.36972
2404.5,-3.36101
2406.31,-3.35234
2408.1,-3.3437
2409.88,-3.33511
2411.66,-3.32656
2413.42,-3.31804
2415.17,-3.30956
2416.9,-3.30112
2418.63,-3.29272
2420.34,-3.28436
2422.05,-3.27603
2423.74,-3.26774
2425.42,-3.25948
2427.09,-3.25127
2428.74,-3.24309
2430.39,-3.23494
2432.02,-3.22684
2433.65,-3.21876
2435.26,-3.21072
2436.86,-3.20272
2438.45,-3.19475
2440.02,-3.18682
2441.59,-3.17892
2443.14,-3.17106
2444.68,-3.16323
2446.22,-3.15543
2447.73,-3.14767
2449.24,-3.13994
2450.74,-3.13224
2452.23,-3.12457
2453.7,-3.11694
2455.16,-3.10934
2456.61,-3.10177
2458.05,-3.09423
2459.48,-3.08673
2460.9,-3.07925
2462.31,-3.07181
2463.7,-3.06439
2465.09,-3.05701
2466.46,-3.04966
2467.82,-3.04234
2469.17,-3.03505
2470.51,-3.02778
2471.83,-3.02055
2473.15,-3.01335
2474.45,-3.00617
2475.74,-2.99903
2477.03,-2.99191
2478.3,-2.98482
2479.56,-2.97776
2480.8,-2.97073
2482.04,-2.96372
2483.26,-2.95674
2484.48,-2.94979
2485.68,-2.94287
2486.87,-2.93597
2488.05,-2.92911
2489.22,-2.92226
2490.38,-2.91545
2491.53,-2.90865
2492.66,-2.90189
2493.78,-2.89515
2494.9,-2.88844
2496,-2.88175
2497.09,-2.87509
2498.17,-2.86845
2499.24,-2.86184
2500.29,-2.85525
2501.34,-2.84868
2502.37,-2.84214
2503.4,-2.83563
2504.41,-2.82913
2505.41,-2.82266
2506.4,-2.81622
2507.38,-2.8098
2508.34,-2.8034
2509.3,-2.79702
2510.24,-2.79067
2511.18,-2.78434
2512.1,-2.77803
2513.01,-2.77174
2513.91,-2.76548
2514.8,-2.75923
2515.68,-2.75301
2516.54,-2.74681
2517.4,-2.74063
2518.24,-2.73448
2519.08,-2.72834
2519.9,-2.72222
2520.71,-2.71613
2521.51,-2.71005
2522.3,-2.704
2523.08,-2.69796
2523.84,-2.69195
2524.6,-2.68595
2525.34,-2.67997
2526.08,-2.67402
2526.8,-2.66808
2527.51,-2.66216
2528.21,-2.65626
2528.9,-2.65038
2529.58,-2.64452
2530.24,-2.63867
2530.9,-2.63285
2531.54,-2.62704
2532.18,-2.62125
2532.8,-2.61548
2533.41,-2.60972
2534.01,-2.60398
2534.6,-2.59826
2535.18,-2.59256
2535.74,-2.58687
2536.3,-2.5812
2536.85,-2.57555
2537.38,-2.56991
2537.9,-2.56429
2538.41,-2.55868
2538.91,-2.55309
2539.4,-2.54752
2539.88,-2.54196
2540.35,-2.53642
2540.81,-2.53089
2541.25,-2.52538
2541.69,-2.51989
2542.11,-2.5144
2542.52,-2.50894
2542.92,-2.50348
2543.31,-2.49804
2543.69,-2.49262
2544.06,-2.48721
2544.42,-2.48181
2544.76,-2.47643
2545.1,-2.47106
2545.42,-2.4657
2545.73,-2.46036
2546.04,-2.45503
2546.33,-2.44972
2546.61,-2.44441
2546.87,-2.43912
2547.13,-2.43384
2547.38,-2.42858
2547.61,-2.42332
2547.84,-2.41808
2548.05,-2.41285
2548.26,-2.40763
2548.45,-2.40242
2548.63,-2.39723
2548.8,-2.39205
2548.96,-2.38687
2549.1,-2.38171
2549.24,-2.37656
2549.37,-2.37142
2549.48,-2.36629
2549.58,-2.36117
2549.68,-2.35606
2549.76,-2.35096
2549.83,-2.34587
2549.89,-2.34079
2549.93,-2.33572
2549.97,-2.33066
2550,-2.32561
2550.01,-2.32057
2550.02,-2.31554
2550.01,-2.31052
2549.99,-2.3055
2549.97,-2.30049
2549.93,-2.2955
2549.87,-2.29051
2549.81,-2.28553
2549.74,-2.28055
2549.66,-2.27559
2549.56,-2.27063
2549.46,-2.26568
2549.34,-2.26074
2549.21,-2.2558
2549.07,-2.25087
2548.92,-2.24595
2548.76,-2.24103
2548.59,-2.23613
2548.41,-2.23122
2548.21,-2.22633
2548.01,-2.22144
2547.79,-2.21656
2547.56,-2.21168
2547.33,-2.20681
2547.08,-2.20194
2546.82,-2.19708
2546.55,-2.19223
2546.26,-2.18738
2545.97,-2.18253
2545.67,-2.17769
2545.35,-2.17285
2545.03,-2.16802
2544.69,-2.1632
2544.34,-2.15837
2543.98,-2.15355
2543.61,-2.14874
2543.23,-2.14393
2542.84,-2.13912
2542.43,-2.13432
2542.02,-2.12951
2541.59,-2.12472
2541.16,-2.11992
2540.71,-2.11513
2540.25,-2.11034
2539.78,-2.10555
2539.3,-2.10077
2538.81,-2.09598
2538.31,-2.0912
2537.79,-2.08642
2537.27,-2.08165
2536.73,-2.07687
2536.18,-2.0721
2535.62,-2.06732
2535.05,-2.06255
2534.47,-2.05778
2533.88,-2.05301
2533.28,-2.04824
2532.67,-2.04347
2532.04,-2.03869
2531.41,-2.03392
2530.76,-2.02915
2530.1,-2.02438
2529.43,-2.01961
2528.75,-2.01484
2528.06,-2.01006
2527.36,-2.00529
2526.65,-2.00051
2525.92,-1.99573
2525.19,-1.99095
2524.44,-1.98617
2523.68,-1.98139
2522.91,-1.9766
2522.13,-1.97182
2521.34,-1.96703
2520.54,-1.96223
2519.73,-1.95744
2518.9,-1.95264
2518.06,-1.94783
2517.22,-1.94303
2516.36,-1.93822
2515.49,-1.93341
2514.61,-1.92859
2513.72,-1.92377
2512.82,-1.91894
2511.9,-1.91411
2510.98,-1.90927
2510.04,-1.90443
2509.1,-1.89958
2508.14,-1.89473
2507.17,-1.88987
2506.19,-1.88501
2505.2,-1.88014
2504.19,-1.87526
2503.18,-1.87038
2502.15,-1.86549
2501.12,-1.8606
2500.07,-1.85569
2499.01,-1.85078
2497.94,-1.84586
2496.86,-1.84094
2495.76,-1.836
2494.66,-1.83106
2493.55,-1.82611
2492.42,-1.82115
2491.28,-1.81618
2490.13,-1.81121
2488.97,-1.80622
2487.8,-1.80122
2486.62,-1.79622
2485.43,-1.7912
2484.22,-1.78617
2483,-1.78113
2481.78,-1.77609
2480.54,-1.77103
2479.29,-1.76596
2478.03,-1.76087
2476.75,-1.75578
2475.47,-1.75067
2474.17,-1.74556
2472.87,-1.74043
2471.55,-1.73528
2470.22,-1.73013
2468.88,-1.72496
2467.53,-1.71977
2466.17,-1.71457
2464.79,-1.70936
2463.41,-1.70414
2462.01,-1.6989
2460.6,-1.69364
2459.18,-1.68837
2457.75,-1.68308
2456.31,-1.67778
2454.85,-1.67246
2453.39,-1.66713
2451.91,-1.66178
2450.42,-1.65641
2448.92,-1.65102
2447.41,-1.64562
2445.89,-1.6402
2444.36,-1.63476
2442.81,-1.6293
2441.25,-1.62383
2439.69,-1.61833
2438.11,-1.61282
2436.52,-1.60728
2434.91,-1.60173
2433.3,-1.59615
2431.68,-1.59056
2430.04,-1.58494
2428.39,-1.5793
2426.73,-1.57364
2425.06,-1.56796
2423.38,-1.56225
2421.68,-1.55653
2419.98,-1.55078
2418.26,-1.545
2416.53,-1.5392
2414.79,-1.53338
2413.04,-1.52753
2411.28,-1.52166
2409.5,-1.51577
2407.72,-1.50984
2405.92,-1.50389
2404.11,-1.49792
2402.29,-1.49192
2400.46,-1.48589
2398.61,-1.47983
2396.76,-1.47374
2394.89,-1.46763
2393.01,-1.46148
2391.12,-1.45531
2389.22,-1.44911
2387.31,-1.44288
2385.38,-1.43661
2383.45,-1.43032
2381.5,-1.42399
2379.54,-1.41763
2377.57,-1.41124
2375.58,-1.40482
2373.59,-1.39836
2371.58,-1.39187
2369.56,-1.38535
2367.53,-1.37879
2365.49,-1.37219
2363.44,-1.36556
2361.37,-1.35889
2359.3,-1.35219
2357.21,-1.34545
2355.11,-1.33867
2353,-1.33185
2350.87,-1.32499
2348.74,-1.31809
2346.59,-1.31116
2344.43,-1.30418
2342.26,-1.29716
2340.08,-1.2901
2337.89,-1.283
2335.68,-1.27586
2333.46,-1.26867
2331.23,-1.26144
2328.99,-1.25416
2326.74,-1.24684
2324.47,-1.23947
2322.2,-1.23206
2319.91,-1.2246
2317.61,-1.21709
2315.3,-1.20953
2312.97,-1.20193
2310.64,-1.19427
2308.29,-1.18656
2305.93,-1.17881
2303.56,-1.171
2301.17,-1.16314
2298.78,-1.15523
2296.37,-1.14726
2293.95,-1.13924
2291.52,-1.13116
2289.08,-1.12303
2286.62,-1.11484
2284.16,-1.10659
2281.68,-1.09828
2279.19,-1.08992
2276.68,-1.0815
2274.17,-1.07301
2271.64,-1.06446
2269.1,-1.05586
2266.55,-1.04719
2263.99,-1.03845
2261.41,-1.02965
2258.83,-1.02079
2256.23,-1.01185
2253.62,-1.00286
2250.99,-0.993788
2248.36,-0.984653
2245.71,-0.975446
2243.05,-0.966169
2240.38,-0.95682
2237.7,-0.947398
2235,-0.937902
2232.3,-0.928332
2229.58,-0.918685
2226.85,-0.908962
2224.1,-0.899161
2221.35,-0.889281
2218.58,-0.879321
2215.8,-0.86928
2213,-0.859157
2210.2,-0.848951
2207.38,-0.838661
2204.55,-0.828285
2201.71,-0.817822
2198.86,-0.807272
2196,-0.796633
2193.12,-0.785904
2190.23,-0.775084
2187.33,-0.764171
2184.41,-0.753164
2181.49,-0.742063
2178.55,-0.730864
2175.6,-0.719569
2172.63,-0.708175
2169.66,-0.69668
2166.67,-0.685084
2163.67,-0.673384
2160.66,-0.661581
2157.63,-0.649671
2154.6,-0.637655
2151.55,-0.62553
2148.49,-0.613294
2145.41,-0.600948
2142.33,-0.588488
2139.23,-0.575913
2136.12,-0.563222
2133,-0.550414
2129.86,-0.537486
2126.71,-0.524437
2123.55,-0.511266
2120.38,-0.49797
2117.2,-0.484548
2114,-0.470998
2110.79,-0.457318
2107.57,-0.443508
2104.34,-0.429564
2101.09,-0.415485
2097.83,-0.40127
2094.56,-0.386916
2091.28,-0.372421
2087.98,-0.357784
2084.67,-0.343002
2081.35,-0.328074
2078.02,-0.312997
2074.67,-0.297769
2071.31,-0.282389
2067.94,-0.266854
2064.56,-0.251162
2061.17,-0.235312
2057.76,-0.219299
2054.34,-0.203123
2050.91,-0.186781
2047.46,-0.170271
2044,-0.15359
2040.53,-0.136736
2037.05,-0.119707
2033.56,-0.102499
2030.05,-0.0851112
2026.53,-0.0675408
2023,-0.0497844
2019.46,-0.0318396
2015.9,-0.013704
2012.33,0.00462493
2008.75,0.0231507
2005.15,0.0418755
2001.55,0.0608021
1997.93,0.0799333
1994.3,0.099273
1990.65,0.118823
1987,0.138587
1983.33,0.158567
1979.65,0.178768
1975.95,0.199192
1972.25,0.219843
1968.53,0.240723
1964.8,0.261836
1961.05,0.283186
1957.3,0.304774
1953.53,0.326607
1949.75,0.348687
1945.96,0.371016
1942.15,0.3936
1938.33,0.416441
1934.5,0.439544
1930.66,0.462913
1926.81,0.486551
1922.94,0.510462
1919.06,0.53465
1915.17,0.559119
1911.26,0.583874
1907.34,0.608919
1903.42,0.634258
1899.47,0.659895
1895.52,0.685835
1891.55,0.712082
1887.58,0.738641
1883.59,0.765516
1879.58,0.792713
1875.57,0.820235
1871.54,0.848089
1867.5,0.876278
1863.45,0.904808
1859.39,0.933684
1855.31,0.962911
1851.22,0.992494
1847.12,1.02244
1843.01,1.05275
1838.88,1.08344
1834.75,1.1145
1830.6,1.14595
1826.44,1.17778
1822.26,1.21002
1818.08,1.24265
1813.88,1.2757
1809.67,1.30915
1805.45,1.34303
1801.22,1.37734
1796.97,1.41207
1792.72,1.44725
1788.45,1.48288
1784.17,1.51896
1779.88,1.55549
1775.57,1.5925
1771.26,1.62998
1766.93,1.66794
1762.59,1.7064
1758.24,1.74535
1753.88,1.7848
1749.5,1.82476
1745.12,1.86525
1740.72,1.90626
1736.31,1.94782
1731.89,1.98991
1727.46,2.03256
1723.02,2.07577
1718.57,2.11955
1714.1,2.16391
1709.63,2.20885
1705.14,2.2544
1700.64,2.30055
1696.13,2.34731
1691.61,2.3947
1687.08,2.44273
1682.54,2.4914
1677.99,2.54072
1673.42,2.59071
1668.85,2.64138
1664.26,2.69273
1659.67,2.74477
1655.06,2.79752
1650.44,2.85099
1645.82,2.90519
1641.18,2.96013
1636.53,3.01581
1631.87,3.07227
1627.21,3.12949
1622.53,3.1875
1617.84,3.24631
1613.14,3.30593
1608.43,3.36638
1603.72,3.42765
1598.99,3.48978
1594.25,3.55277
1589.51,3.61663
1584.75,3.68138
1579.99,3.74702
1575.21,3.81359
1570.43,3.88108
1565.64,3.94951
1560.84,4.0189
1556.03,4.08926
1551.21,4.1606
1546.38,4.23294
1541.55,4.30629
1536.71,4.38068
1531.85,4.4561
1527,4.53259
1522.13,4.61015
1517.25,4.6888
1512.37,4.76855
1507.48,4.84943
1502.58,4.93144
1497.68,5.01461
1492.77,5.09894
1487.85,5.18446
1482.92,5.27118
1477.99,5.35912
1473.05,5.44829
1468.11,5.53872
1463.16,5.63041
1458.2,5.72339
1453.24,5.81767
1448.27,5.91327
1443.3,6.01021
1438.32,6.1085
1433.34,6.20816
1428.35,6.3092
1423.35,6.41165
1418.36,6.51552
1413.36,6.62083
1408.35,6.72759
1403.34,6.83583
1398.33,6.94555
1393.32,7.05678
1388.3,7.16953
1383.28,7.28381
1378.25,7.39965
1373.23,7.51706
1368.2,7.63605
1363.17,7.75664
1358.14,7.87884
1353.11,8.00267
1348.08,8.12815
1343.05,8.25528
1338.01,8.38408
1332.98,8.51457
1327.95,8.64675
1322.92,8.78063
1317.89,8.91623
1312.86,9.05356
1307.83,9.19262
1302.81,9.33342
1297.79,9.47598
1292.77,9.6203
1287.75,9.76638
1282.74,9.91423
1277.74,10.0639
1272.73,10.2153
1267.73,10.3684
1262.74,10.5234
1257.76,10.6801
1252.78,10.8386
1247.8,10.9988
1242.84,11.1608
1237.88,11.3246
1232.93,11.4901
1227.98,11.6573
1223.05,11.8263
1218.13,11.9969
1213.22,12.1692
1208.31,12.3432
1203.42,12.5188
1198.55,12.6959
1193.68,12.8747
1188.83,13.055
1183.99,13.2368
1179.16,13.4201
1174.35,13.6048
1169.56,13.7909
1164.78,13.9782
1160.02,14.1669
1155.27,14.3568
1150.55,14.5478
1145.84,14.7399
1141.15,14.9331
1136.48,15.1272
1131.84,15.3221
1127.21,15.5178
1122.61,15.7142
1118.03,15.9112
1113.48,16.1087
1108.95,16.3066
1104.44,16.5048
1099.97,16.7031
1095.52,16.9015
1091.09,17.0998
1086.7,17.2978
1082.34,17.4955
1078.01,17.6927
1073.71,17.8892
1069.44,18.0849
1065.2,18.2796
1061,18.4731
1056.84,18.6653
1052.71,18.8559
1048.62,19.0449
1044.57,19.2319
1040.55,19.4168
1036.58,19.5993
1032.65,19.7793
1028.76,19.9565
1024.91,20.1307
1021.11,20.3016
1017.35,20.469
1013.64,20.6327
1009.98,20.7924
1006.36,20.9479
1002.8,21.0988
999.282,21.2449
995.819,21.386
992.409,21.5217
989.053,21.6519
985.751,21.7761
982.506,21.8942
979.318,22.0059
976.188,22.1108
973.117,22.2086
970.106,22.2992
967.156,22.3822
964.269,22.4574
961.446,22.5244
958.687,22.583
955.993,22.633
953.366,22.674
950.806,22.7059
948.315,22.7283
945.893,22.741
943.542,22.7439
941.262,22.7367
939.055,22.7191
936.92,22.6911
934.86,22.6523
932.876,22.6028
930.966,22.5422
929.134,22.4705
927.379,22.3875
925.702,22.2932
924.105,22.1874
922.587,22.0702
921.149,21.9414
919.793,21.8011
918.518,21.6492
917.326,21.4857
916.216,21.3108
915.19,21.1244
914.248,20.9267
913.39,20.7177
912.617,20.4977
911.928,20.2666
911.325,20.0248
910.808,19.7723
910.377,19.5095
910.032,19.2365
909.773,18.9536
909.601,18.6611
909.515,18.3593
909.515,18.0485
909.603,17.729
909.776,17.4012
910.037,17.0653
910.383,16.7219
910.816,16.3713
911.334,16.0138
911.939,15.6499
912.628,15.28
913.403,14.9045
914.263,14.524
915.206,14.1386
916.234,13.7491
917.345,13.3557
918.538,12.9589
919.814,12.5592
921.172,12.157
922.611,11.7528
924.13,11.3469
925.729,10.9399
927.407,10.532
929.163,10.1239
930.997,9.71578
932.907,9.30815
934.893,8.90138
936.954,8.49584
939.09,8.09191
941.298,7.68995
943.579,7.29029
945.932,6.89327
948.354,6.49921
950.847,6.1084
953.407,5.72115
956.036,5.33772
958.73,4.95838
961.491,4.58338
964.315,4.21293
967.203,3.84726
970.154,3.48657
973.165,3.13105
976.237,2.78087
979.369,2.43619
982.558,2.09715
985.804,1.76387
989.106,1.43649
992.463,1.1151
995.874,0.799783
999.338,0.49063
1002.85,0.187702
1006.42,-0.108947
1010.03,-0.399271
1013.7,-0.683241
1017.41,-0.960834
1021.17,-1.23204
1024.97,-1.49685
1028.82,-1.75527
1032.71,-2.00732
1036.64,-2.25302
1040.62,-2.4924
1044.63,-2.7255
1048.68,-2.95236
1052.78,-3.17302
1056.9,-3.38756
1061.07,-3.59601
1065.27,-3.79846
1069.51,-3.99497
1073.77,-4.18562
1078.08,-4.37048
1082.41,-4.54963
1086.77,-4.72316
1091.17,-4.89116
1095.59,-5.05372
1100.04,-5.21093
1104.52,-5.36287
1109.02,-5.50966
1113.55,-5.65138
1118.11,-5.78813
1122.69,-5.92001
1127.29,-6.04712
1131.91,-6.16956
1136.56,-6.28743
1141.23,-6.40082
1145.92,-6.50985
1150.62,-6.6146
1155.35,-6.71518
1160.09,-6.81169
1164.86,-6.90422
1169.63,-6.99287
1174.43,-7.07773
1179.24,-7.15891
1184.07,-7.2365
1188.9,-7.31059
1193.76,-7.38127
1198.62,-7.44863
1203.5,-7.51277
1208.39,-7.57377
1213.3,-7.63171
1218.21,-7.68668
1223.13,-7.73877
1228.06,-7.78806
1233.01,-7.83463
1237.96,-7.87856
1242.92,-7.91992
1247.88,-7.9588
1252.86,-7.99525
1257.84,-8.02937
1262.82,-8.06122
1267.82,-8.09087
1272.81,-8.11838
1277.82,-8.14383
1282.82,-8.16728
1287.84,-8.18879
1292.85,-8.20843
1297.87,-8.22625
1302.89,-8.24231
1307.92,-8.25668
1312.94,-8.2694
1317.97,-8.28053
1323,-8.29013
1328.03,-8.29825
1333.06,-8.30493
1338.1,-8.31023
1343.13,-8.31419
1348.16,-8.31686
1353.19,-8.31829
1358.22,-8.31851
1363.25,-8.31758
1368.28,-8.31553
1373.31,-8.3124
1378.34,-8.30823
1383.36,-8.30306
1388.38,-8.29693
1393.4,-8.28987
1398.41,-8.28192
1403.42,-8.27311
1408.43,-8.26348
1413.44,-8.25305
1418.44,-8.24185
1423.44,-8.22992
1428.43,-8.21728
1433.42,-8.20397
1438.4,-8.19001
1443.38,-8.17542
1448.35,-8.16024
1453.32,-8.14448
1458.28,-8.12818
1463.24,-8.11135
1468.19,-8.09401
1473.13,-8.07619
1478.07,-8.05791
1483,-8.03919
1487.93,-8.02005
1492.85,-8.00051
1497.76,-7.98059
1502.66,-7.9603
1507.56,-7.93967
1512.45,-7.9187
1517.33,-7.89742
1522.21,-7.87584
1527.07,-7.85398
1531.93,-7.83185
1536.78,-7.80946
1541.63,-7.78684
1546.46,-7.76398
1551.29,-7.74092
1556.11,-7.71764
1560.92,-7.69418
1565.72,-7.67054
1570.51,-7.64673
1575.29,-7.62277
1580.06,-7.59866
1584.83,-7.57441
1589.58,-7.55004
1594.33,-7.52555
1599.07,-7.50095
1603.79,-7.47625
1608.51,-7.45146
1613.22,-7.42659
1617.92,-7.40165
1622.6,-7.37663
1627.28,-7.35156
1631.95,-7.32644
1636.61,-7.30126
1641.25,-7.27605
1645.89,-7.25081
1650.52,-7.22554
1655.13,-7.20024
1659.74,-7.17494
1664.34,-7.14962
1668.92,-7.12429
1673.5,-7.09897
1678.06,-7.07365
1682.61,-7.04835
1687.15,-7.02305
1691.68,-6.99777
1696.2,-6.97252
1700.71,-6.94729
1705.21,-6.9221
1709.7,-6.89694
1714.17,-6.87181
1718.64,-6.84673
1723.09,-6.82169
1727.53,-6.7967
1731.97,-6.77176
1736.39,-6.74687
1740.79,-6.72203
1745.19,-6.69726
1749.57,-6.67255
1753.95,-6.6479
1758.31,-6.62332
1762.66,-6.5988
1767,-6.57436
1771.33,-6.54998
1775.64,-6.52569
1779.95,-6.50146
1784.24,-6.47732
1788.52,-6.45325
1792.79,-6.42927
1797.04,-6.40537
1801.29,-6.38155
1805.52,-6.35782
1809.74,-6.33417
1813.95,-6.31061
1818.15,-6.28714
1822.33,-6.26376
1826.5,-6.24047
1830.66,-6.21727
1834.81,-6.19417
1838.95,-6.17116
1843.07,-6.14825
1847.19,-6.12543
1851.29,-6.1027
1855.37,-6.08007
1859.45,-6.05754
1863.51,-6.03511
1867.57,-6.01278
1871.6,-5.99054
1875.63,-5.96841
1879.65,-5.94637
1883.65,-5.92444
1887.64,-5.9026
1891.62,-5.88087
1895.58,-5.85923
1899.54,-5.8377
1903.48,-5.81627
1907.41,-5.79494
1911.32,-5.77371
1915.23,-5.75259
1919.12,-5.73157
1923,-5.71065
1926.87,-5.68983
1930.72,-5.66911
1934.56,-5.64849
1938.39,-5.62798
1942.21,-5.60757
1946.02,-5.58726
1949.81,-5.56706
1953.59,-5.54695
1957.36,-5.52695
1961.11,-5.50704
1964.86,-5.48724
1968.59,-5.46754
1972.31,-5.44794
1976.01,-5.42845
1979.7,-5.40905
1983.39,-5.38975
1987.05,-5.37055
1990.71,-5.35146
1994.35,-5.33246
1997.99,-5.31356
2001.6,-5.29476
2005.21,-5.27606
2008.8,-5.25746
2012.39,-5.23895
2015.96,-5.22054
2019.51,-5.20223
2023.06,-5.18402
2026.59,-5.16591
2030.11,-5.14789
2033.61,-5.12996
2037.11,-5.11213
2040.59,-5.0944
2044.06,-5.07676
2047.52,-5.05921
2050.96,-5.04176
2054.39,-5.02441
2057.81,-5.00714
2061.22,-4.98997
2064.62,-4.97289
2068,-4.9559
2071.37,-4.93901
2074.73,-4.9222
2078.07,-4.90548
2081.4,-4.88886
2084.72,-4.87232
2088.03,-4.85588
2091.33,-4.83952
2094.61,-4.82325
2097.88,-4.80707
2101.14,-4.79098
2104.39,-4.77497
2107.62,-4.75905
2110.84,-4.74321
2114.05,-4.72746
2117.25,-4.7118
2120.43,-4.69622
2123.6,-4.68072
2126.76,-4.66531
2129.91,-4.64998
2133.05,-4.63473
2136.17,-4.61957
2139.28,-4.60449
2142.38,-4.58949
2145.46,-4.57457
2148.53,-4.55973
2151.6,-4.54497
2154.64,-4.53029
2157.68,-4.51569
2160.71,-4.50116
2163.72,-4.48672
2166.72,-4.47235
2169.7,-4.45806
2172.68,-4.44385
2175.64,-4.42971
2178.59,-4.41565
2181.53,-4.40166
2184.46,-4.38775
2187.37,-4.37391
2190.27,-4.36015
2193.16,-4.34646
2196.04,-4.33284
2198.91,-4.31929
2201.76,-4.30582
2204.6,-4.29242
2207.43,-4.27909
2210.24,-4.26583
2213.05,-4.25264
2215.84,-4.23952
2218.62,-4.22647
2221.39,-4.21349
2224.14,-4.20058
2226.89,-4.18774
2229.62,-4.17496
2232.34,-4.16225
2235.05,-4.14961
2237.74,-4.13703
2240.42,-4.12452
2243.09,-4.11207
2245.75,-4.09969
2248.4,-4.08738
2251.03,-4.07513
2253.66,-4.06294
2256.27,-4.05081
2258.87,-4.03875
2261.45,-4.02675
2264.03,-4.01482
2266.59,-4.00294
2269.14,-3.99113
2271.68,-3.97938
2274.21,-3.96768
2276.72,-3.95605
2279.22,-3.94448
2281.71,-3.93297
2284.19,-3.92151
2286.66,-3.91012
2289.11,-3.89878
2291.56,-3.8875
2293.99,-3.87628
2296.41,-3.86511
2298.81,-3.854
2301.21,-3.84295
2303.59,-3.83195
2305.96,-3.82101
2308.32,-3.81012
2310.67,-3.79929
2313.01,-3.78852
2315.33,-3.77779
2317.64,-3.76712
2319.94,-3.7565
2322.23,-3.74594
2324.51,-3.73543
2326.77,-3.72497
2329.03,-3.71456
2331.27,-3.70421
2333.5,-3.6939
2335.71,-3.68365
2337.92,-3.67345
2340.11,-3.66329
2342.29,-3.65319
2344.46,-3.64314
2346.62,-3.63313
2348.77,-3.62317
2350.91,-3.61327
2353.03,-3.60341
2355.14,-3.5936
2357.24,-3.58383
2359.33,-3.57411
2361.4,-3.56444
2363.47,-3.55482
2365.52,-3.54524
2367.56,-3.53571
2369.59,-3.52622
2371.61,-3.51678
2373.62,-3.50738
2375.61,-3.49803
2377.59,-3.48872
2379.57,-3.47946
2381.53,-3.47024
2383.47,-3.46106
2385.41,-3.45192
2387.34,-3.44283
2389.25,-3.43378
2391.15,-3.42478
2393.04,-3.41581
2394.92,-3.40689
2396.79,-3.39801
2398.64,-3.38916
2400.48,-3.38036
2402.32,-3.3716
2404.14,-3.36288
2405.95,-3.3542
2407.74,-3.34556
2409.53,-3.33696
2411.3,-3.3284
2413.07,-3.31988
2414.82,-3.31139
2416.56,-3.30294
2418.29,-3.29453
2420,-3.28616
2421.71,-3.27783
2423.4,-3.26953
2425.08,-3.26127
2426.75,-3.25305
2428.41,-3.24486
2430.06,-3.23671
2431.7,-3.2286
2433.32,-3.22052
2434.94,-3.21248
2436.54,-3.20447
2438.13,-3.19649
2439.71,-3.18855
2441.27,-3.18065
2442.83,-3.17278
2444.38,-3.16494
2445.91,-3.15714
2447.43,-3.14937
2448.94,-3.14163
2450.44,-3.13393
2451.93,-3.12626
2453.41,-3.11862
2454.87,-3.11101
2456.32,-3.10343
2457.77,-3.09589
2459.2,-3.08838
2460.62,-3.0809
2462.03,-3.07345
2463.42,-3.06603
2464.81,-3.05864
2466.18,-3.05129
2467.55,-3.04396
2468.9,-3.03666
2470.24,-3.02939
2471.57,-3.02216
2472.88,-3.01495
2474.19,-3.00777
2475.49,-3.00062
2476.77,-2.99349
2478.04,-2.9864
2479.3,-2.97933
2480.55,-2.9723
2481.79,-2.96529
2483.02,-2.9583
2484.24,-2.95135
2485.44,-2.94442
2486.63,-2.93752
2487.82,-2.93064
2488.99,-2.9238
2490.15,-2.91698
2491.3,-2.91018
2492.43,-2.90341
2493.56,-2.89667
2494.67,-2.88995
2495.78,-2.88326
2496.87,-2.87659
2497.95,-2.86995
2499.02,-2.86333
2500.08,-2.85674
2501.13,-2.85017
2502.16,-2.84362
2503.19,-2.8371
2504.2,-2.83061
2505.21,-2.82413
2506.2,-2.81768
2507.18,-2.81126
2508.15,-2.80485
2509.11,-2.79847
2510.05,-2.79212
2510.99,-2.78578
2511.91,-2.77947
2512.83,-2.77318
2513.73,-2.76691
2514.62,-2.76066
2515.5,-2.75444
2516.37,-2.74823
2517.23,-2.74205
2518.07,-2.73589
2518.91,-2.72975
2519.73,-2.72363
2520.55,-2.71753
2521.35,-2.71145
2522.14,-2.70539
2522.92,-2.69935
2523.69,-2.69333
2524.45,-2.68734
2525.19,-2.68136
2525.93,-2.6754
2526.65,-2.66946
2527.36,-2.66353
2528.07,-2.65763
2528.76,-2.65175
2529.44,-2.64588
2530.11,-2.64003
2530.76,-2.6342
2531.41,-2.62839
2532.05,-2.6226
2532.67,-2.61682
2533.28,-2.61107
2533.89,-2.60533
2534.48,-2.5996
2535.06,-2.5939
2535.63,-2.58821
2536.18,-2.58253
2536.73,-2.57688
2537.27,-2.57124
2537.79,-2.56561
2538.31,-2.56001
2538.81,-2.55441
2539.3,-2.54884
2539.78,-2.54328
2540.25,-2.53773
2540.71,-2.5322
2541.16,-2.52669
2541.59,-2.52119
2542.02,-2.5157
2542.43,-2.51023
2542.84,-2.50478
2543.23,-2.49934
2543.61,-2.49391
2543.98,-2.4885
2544.34,-2.4831
2544.69,-2.47772
2545.02,-2.47234
2545.35,-2.46699
2545.66,-2.46164
2545.97,-2.45631
2546.26,-2.45099
2546.54,-2.44568
2546.81,-2.44039
2547.07,-2.43511
2547.32,-2.42984
2547.56,-2.42459
2547.79,-2.41934
2548,-2.41411
2548.21,-2.40889
2548.4,-2.40368
2548.58,-2.39849
2548.76,-2.3933
2548.92,-2.38813
2549.07,-2.38296
2549.21,-2.37781
2549.33,-2.37267
2549.45,-2.36754
2549.56,-2.36241
2549.65,-2.3573
2549.73,-2.3522
2549.81,-2.34711
2549.87,-2.34203
2549.92,-2.33696
2549.96,-2.3319
2549.99,-2.32685
2550,-2.3218
2550.01,-2.31677
2550.01,-2.31175
2549.99,-2.30673
2549.96,-2.30172
2549.93,-2.29672
2549.88,-2.29173
2549.82,-2.28675
2549.75,-2.28177
2549.67,-2.27681
2549.57,-2.27185
2549.47,-2.2669
2549.36,-2.26195
2549.23,-2.25702
2549.09,-2.25209
2548.94,-2.24716
2548.79,-2.24225
2548.62,-2.23734
2548.44,-2.23244
2548.24,-2.22754
2548.04,-2.22265
2547.83,-2.21777
2547.6,-2.21289
2547.37,-2.20802
2547.12,-2.20315
2546.86,-2.19829
2546.59,-2.19343
2546.31,-2.18858
2546.02,-2.18374
2545.72,-2.1789
2545.41,-2.17406
2545.08,-2.16923
2544.75,-2.1644
2544.4,-2.15958
2544.04,-2.15476
2543.68,-2.14994
2543.3,-2.14513
2542.91,-2.14032
2542.51,-2.13552
2542.09,-2.13072
2541.67,-2.12592
2541.24,-2.12113
2540.79,-2.11633
2540.33,-2.11154
2539.87,-2.10676
2539.39,-2.10197
2538.9,-2.09719
2538.4,-2.09241
2537.88,-2.08763
2537.36,-2.08285
2536.83,-2.07808
2536.28,-2.0733
2535.73,-2.06853
2535.16,-2.06375
2534.58,-2.05898
2533.99,-2.05421
2533.39,-2.04944
2532.78,-2.04467
2532.16,-2.0399
2531.52,-2.03513
2530.88,-2.03036
2530.22,-2.02559
2529.56,-2.02082
2528.88,-2.01605
2528.19,-2.01127
2527.49,-2.0065
2526.78,-2.00172
2526.06,-1.99695
2525.32,-1.99217
2524.58,-1.98739
2523.82,-1.98261
2523.06,-1.97782
2522.28,-1.97303
2521.49,-1.96825
2520.69,-1.96345
2519.88,-1.95866
2519.06,-1.95386
2518.22,-1.94906
2517.38,-1.94425
2516.52,-1.93945
2515.65,-1.93463
2514.78,-1.92982
2513.89,-1.925
2512.99,-1.92017
2512.08,-1.91534
2511.15,-1.91051
2510.22,-1.90567
2509.27,-1.90082
2508.32,-1.89597
2507.35,-1.89112
2506.37,-1.88625
2505.38,-1.88139
2504.38,-1.87651
2503.37,-1.87163
2502.35,-1.86674
2501.31,-1.86185
2500.27,-1.85695
2499.21,-1.85204
2498.14,-1.84712
2497.06,-1.8422
2495.97,-1.83727
2494.87,-1.83233
2493.76,-1.82738
2492.63,-1.82242
2491.5,-1.81746
2490.35,-1.81248
2489.19,-1.8075
2488.02,-1.8025
2486.84,-1.7975
2485.65,-1.79248
2484.45,-1.78746
2483.23,-1.78243
2482.01,-1.77738
2480.77,-1.77232
2479.53,-1.76726
2478.27,-1.76218
2477,-1.75709
2475.71,-1.75198
2474.42,-1.74687
2473.12,-1.74174
2471.8,-1.7366
2470.47,-1.73145
2469.14,-1.72628
2467.79,-1.7211
2466.42,-1.71591
2465.05,-1.7107
2463.67,-1.70548
2462.27,-1.70024
2460.87,-1.69499
2459.45,-1.68972
2458.02,-1.68444
2456.58,-1.67914
2455.13,-1.67382
2453.67,-1.66849
2452.19,-1.66315
2450.71,-1.65778
2449.21,-1.6524
2447.7,-1.647
2446.18,-1.64159
2444.65,-1.63615
2443.11,-1.6307
2441.55,-1.62523
2439.99,-1.61973
2438.41,-1.61422
2436.82,-1.60869
2435.22,-1.60314
2433.61,-1.59757
2431.99,-1.59198
2430.35,-1.58637
2428.71,-1.58074
2427.05,-1.57508
2425.38,-1.5694
2423.7,-1.56371
2422.01,-1.55798
2420.3,-1.55224
2418.59,-1.54647
2416.86,-1.54068
2415.13,-1.53486
2413.38,-1.52902
2411.62,-1.52315
2409.84,-1.51726
2408.06,-1.51134
2406.26,-1.5054
2404.46,-1.49943
2402.64,-1.49343
2400.81,-1.48741
2398.97,-1.48136
2397.11,-1.47528
2395.25,-1.46917
2393.37,-1.46303
2391.48,-1.45687
2389.59,-1.45067
2387.67,-1.44445
2385.75,-1.43819
2383.82,-1.4319
2381.87,-1.42558
2379.91,-1.41923
2377.94,-1.41285
2375.96,-1.40643
2373.97,-1.39998
2371.97,-1.3935
2369.95,-1.38698
2367.92,-1.38043
2365.88,-1.37384
2363.83,-1.36722
2361.77,-1.36056
2359.7,-1.35386
2357.61,-1.34713
2355.51,-1.34036
2353.4,-1.33355
2351.28,-1.3267
2349.15,-1.31981
2347,-1.31288
2344.85,-1.30592
2342.68,-1.29891
2340.5,-1.29186
2338.31,-1.28476
2336.1,-1.27763
2333.89,-1.27045
2331.66,-1.26323
2329.42,-1.25596
2327.17,-1.24865
2324.91,-1.24129
2322.63,-1.23389
2320.35,-1.22644
2318.05,-1.21894
2315.74,-1.21139
2313.42,-1.2038
2311.08,-1.19615
2308.74,-1.18846
2306.38,-1.18071
2304.01,-1.17291
2301.63,-1.16506
2299.24,-1.15716
2296.83,-1.14921
2294.42,-1.1412
2291.99,-1.13313
2289.55,-1.12501
2287.09,-1.11683
2284.63,-1.1086
2282.15,-1.1003
2279.66,-1.09195
2277.16,-1.08354
2274.65,-1.07507
2272.13,-1.06654
2269.59,-1.05794
2267.04,-1.04929
2264.48,-1.04056
2261.91,-1.03178
2259.32,-1.02293
2256.73,-1.01401
2254.12,-1.00502
2251.5,-0.995972
2248.87,-0.98685
2246.22,-0.977659
2243.56,-0.968397
2240.9,-0.959063
2238.22,-0.949657
2235.52,-0.940177
2232.82,-0.930622
2230.1,-0.920991
2227.37,-0.911284
2224.63,-0.901499
2221.88,-0.891636
2219.11,-0.881693
2216.33,-0.871669
2213.54,-0.861563
2210.74,-0.851375
2207.93,-0.841102
2205.1,-0.830744
2202.26,-0.8203
2199.41,-0.809768
2196.55,-0.799148
2193.67,-0.788437
2190.78,-0.777636
2187.88,-0.766742
2184.97,-0.755756
2182.05,-0.744674
2179.11,-0.733496
2176.16,-0.722221
2173.2,-0.710847
2170.23,-0.699373
2167.25,-0.687798
2164.25,-0.67612
2161.24,-0.664339
2158.22,-0.652451
2155.18,-0.640457
2152.14,-0.628354
2149.08,-0.616142
2146.01,-0.603819
2142.92,-0.591382
2139.83,-0.578831
2136.72,-0.566165
2133.6,-0.55338
2130.46,-0.540477
2127.32,-0.527453
2124.16,-0.514307
2120.99,-0.501037
2117.81,-0.487641
2114.62,-0.474118
2111.41,-0.460465
2108.19,-0.446682
2104.96,-0.432765
2101.71,-0.418714
2098.46,-0.404527
2095.19,-0.390202
2091.91,-0.375736
2088.61,-0.361128
2085.31,-0.346376
2081.99,-0.331478
2078.66,-0.316432
2075.32,-0.301235
2071.96,-0.285886
2068.59,-0.270383
2065.21,-0.254724
2061.82,-0.238905
2058.42,-0.222926
2055,-0.206783
2051.57,-0.190475
2048.13,-0.174
2044.67,-0.157353
2041.2,-0.140535
2037.72,-0.123542
2034.23,-0.106371
2030.73,-0.0890196
2027.21,-0.0714858
2023.68,-0.0537673
2020.14,-0.0358612
2016.58,-0.0177645
2013.02,0.000524905
2009.44,0.0190104
2005.85,0.0376948
2002.24,0.0565802
1998.63,0.0756703
1995,0.0949673
1991.35,0.114474
1987.7,0.134195
1984.03,0.154132
1980.36,0.174288
1976.66,0.194667
1972.96,0.215272
1969.24,0.236105
1965.52,0.257171
1961.78,0.278473
1958.02,0.300013
1954.26,0.321796
1950.48,0.343825
1946.69,0.366104
1942.88,0.388637
1939.07,0.411426
1935.24,0.434477
1931.4,0.457791
1927.55,0.481375
1923.68,0.505231
1919.81,0.529363
1915.92,0.553776
1912.01,0.578473
1908.1,0.60346
1904.17,0.628739
1900.23,0.654316
1896.28,0.680195
1892.32,0.706381
1888.34,0.732877
1884.36,0.759689
1880.35,0.786822
1876.34,0.814279
1872.32,0.842065
1868.28,0.870187
1864.23,0.898649
1860.17,0.927455
1856.1,0.956611
1852.01,0.986124
1847.91,1.016
1843.8,1.04624
1839.68,1.07685
1835.54,1.10783
1831.4,1.1392
1827.24,1.17096
1823.07,1.20312
1818.89,1.23567
1814.69,1.26863
1810.48,1.30201
1806.27,1.3358
1802.03,1.37002
1797.79,1.40467
1793.54,1.43976
1789.27,1.4753
1784.99,1.51129
1780.7,1.54773
1776.4,1.58465
1772.09,1.62203
1767.76,1.6599
1763.43,1.69825
1759.08,1.7371
1754.72,1.77646
1750.35,1.81632
1745.96,1.8567
1741.57,1.89761
1737.16,1.93906
1732.75,1.98104
1728.32,2.02358
1723.88,2.06668
1719.43,2.11035
1714.96,2.15459
1710.49,2.19942
1706.01,2.24485
1701.51,2.29088
1697,2.33752
1692.48,2.38479
1687.95,2.43269
1683.41,2.48123
1678.86,2.53042
1674.3,2.58028
1669.73,2.63081
1665.15,2.68202
1660.55,2.73393
1655.95,2.78654
1651.33,2.83987
1646.71,2.89392
1642.07,2.94872
1637.43,3.00426
1632.77,3.06056
1628.11,3.11763
1623.43,3.17549
1618.74,3.23414
1614.05,3.2936
1609.34,3.35388
1604.63,3.41499
1599.9,3.47695
1595.17,3.53977
1590.42,3.60346
1585.67,3.66803
1580.91,3.7335
1576.13,3.79989
1571.35,3.86719
1566.56,3.93544
1561.76,4.00464
1556.96,4.07481
1552.14,4.14596
1547.32,4.2181
1542.48,4.29126
1537.64,4.36544
1532.79,4.44066
1527.93,4.51694
1523.07,4.59429
1518.19,4.67272
1513.31,4.75226
1508.42,4.83292
1503.53,4.91471
1498.62,4.99765
1493.71,5.08175
1488.8,5.16704
1483.87,5.25352
1478.94,5.34122
1474,5.43016
1469.06,5.52034
1464.11,5.61178
1459.16,5.70451
1454.19,5.79854
1449.23,5.89388
1444.26,5.99056
1439.28,6.08858
1434.3,6.18798
1429.31,6.28875
1424.32,6.39093
1419.32,6.49452
1414.32,6.59955
1409.32,6.70603
1404.31,6.81398
1399.3,6.92341
1394.28,7.03434
1389.27,7.1468
1384.25,7.26078
1379.22,7.37632
1374.2,7.49342
1369.17,7.6121
1364.14,7.73238
1359.11,7.85428
1354.08,7.97779
1349.05,8.10295
1344.02,8.22976
1338.99,8.35824
1333.95,8.4884
1328.92,8.62025
1323.89,8.75381
1318.86,8.88908
1313.83,9.02607
1308.8,9.1648
1303.78,9.30527
1298.76,9.44749
1293.74,9.59147
1288.72,9.73721
1283.71,9.88472
1278.7,10.034
1273.7,10.1851
1268.7,10.3379
1263.7,10.4925
1258.72,10.6489
1253.74,10.807
1248.76,10.9669
1243.79,11.1286
1238.83,11.2921
1233.88,11.4572
1228.94,11.6241
1224,11.7927
1219.08,11.963
1214.16,12.135
1209.26,12.3087
1204.37,12.484
1199.49,12.6609
1194.62,12.8393
1189.76,13.0193
1184.92,13.2009
1180.09,13.3839
1175.28,13.5683
1170.48,13.7541
1165.7,13.9412
1160.94,14.1297
1156.19,14.3193
1151.46,14.5102
1146.75,14.7021
1142.06,14.895
1137.38,15.089
1132.73,15.2837
1128.11,15.4793
1123.5,15.6756
1118.92,15.8725
1114.36,16.07
1109.82,16.2678
1105.31,16.4659
1100.83,16.6643
1096.37,16.8626
1091.95,17.061
1087.55,17.2591
1083.18,17.4569
1078.84,17.6542
1074.53,17.8508
1070.26,18.0467
1066.02,18.2416
1061.81,18.4354
1057.64,18.6279
1053.5,18.8189
1049.41,19.0082
1045.35,19.1956
1041.32,19.3809
1037.34,19.564
1033.4,19.7445
1029.5,19.9223
1025.65,20.0971
1021.84,20.2687
1018.07,20.4368
1014.35,20.6013
1010.68,20.7618
1007.06,20.9181
1003.48,21.07
999.957,21.2171
996.484,21.3592
993.064,21.496
989.697,21.6273
986.385,21.7527
983.129,21.8721
979.93,21.985
976.788,22.0913
973.706,22.1906
970.683,22.2826
967.722,22.3671
964.823,22.4439
961.987,22.5125
959.215,22.5728
956.509,22.6245
953.869,22.6673
951.296,22.701
948.792,22.7253
946.356,22.74
943.992,22.7448
941.698,22.7396
939.477,22.7241
937.328,22.6981
935.254,22.6615
933.254,22.614
931.33,22.5556
929.483,22.4861
927.713,22.4054
926.022,22.3133
924.409,22.2098
922.875,22.0948
921.422,21.9683
920.05,21.8303
918.76,21.6806
917.551,21.5195
916.426,21.3468
915.384,21.1627
914.425,20.9672
913.551,20.7604
912.761,20.5425
912.056,20.3136
911.437,20.0738
910.903,19.8235
910.455,19.5626
910.093,19.2917
909.818,19.0107
909.629,18.7201
909.526,18.4201
909.51,18.111
909.581,17.7932
909.738,17.467
909.982,17.1327
910.312,16.7907
910.728,16.4415
911.23,16.0853
911.817,15.7226
912.491,15.3539
913.249,14.9795
914.092,14.5999
915.02,14.2155
916.031,13.8268
917.126,13.4341
918.304,13.038
919.564,12.6388
920.906,12.2371
922.329,11.8332
923.833,11.4276
925.416,11.0208
927.079,10.6131
928.82,10.205
930.639,9.79685
932.534,9.38911
934.506,8.98215
936.553,8.57636
938.674,8.1721
940.868,7.76973
943.135,7.36961
945.474,6.97205
947.883,6.5774
950.362,6.18595
952.91,5.79799
955.525,5.4138
958.207,5.03365
960.955,4.65778
963.767,4.28644
966.643,3.91982
969.582,3.55816
972.582,3.20162
975.642,2.85039
978.762,2.50462
981.94,2.16447
985.175,1.83007
988.467,1.50153
991.813,1.17896
995.214,0.862456
998.668,0.552096
1002.17,0.24795
1005.73,-0.0499293
1009.34,-0.341493
1012.99,-0.626706
1016.69,-0.905547
1020.44,-1.178
1024.24,-1.44406
1028.07,-1.70373
1031.96,-1.95703
1035.88,-2.20397
1039.85,-2.44459
1043.85,-2.67891
1047.9,-2.90699
1051.98,-3.12886
1056.11,-3.34459
1060.26,-3.55424
1064.46,-3.75786
1068.69,-3.95553
1072.95,-4.14732
1077.24,-4.33331
1081.57,-4.51358
1085.93,-4.68821
1090.32,-4.85729
1094.73,-5.02091
1099.18,-5.17917
1103.65,-5.33214
1108.15,-5.47994
1112.68,-5.62265
1117.23,-5.76037
1121.8,-5.8932
1126.4,-6.02125
1131.02,-6.1446
1135.66,-6.26336
1140.33,-6.37763
1145.01,-6.48751
1149.71,-6.5931
1154.44,-6.6945
1159.18,-6.79181
1163.94,-6.88512
1168.71,-6.97453
1173.5,-7.06014
1178.31,-7.14204
1183.13,-7.22034
1187.97,-7.29511
1192.82,-7.36646
1197.69,-7.43448
1202.56,-7.49925
1207.45,-7.56087
1212.35,-7.61941
1217.26,-7.67497
1222.18,-7.72763
1227.11,-7.77747
1232.05,-7.82458
1237,-7.86903
1241.96,-7.9109
1246.92,-7.95026
1251.9,-7.9872
1256.88,-8.02178
1261.86,-8.05408
1266.85,-8.08416
1271.85,-8.1121
1276.85,-8.13796
1281.86,-8.1618
1286.87,-8.1837
1291.88,-8.20371
1296.9,-8.22189
1301.92,-8.23831
1306.95,-8.25301
1311.97,-8.26606
1317,-8.27751
1322.03,-8.28742
1327.06,-8.29583
1332.09,-8.3028
1337.13,-8.30838
1342.16,-8.31261
1347.19,-8.31554
1352.22,-8.31722
1357.25,-8.31768
1362.28,-8.31698
1367.31,-8.31516
1372.34,-8.31225
1377.37,-8.30829
1382.39,-8.30332
1387.41,-8.29739
1392.43,-8.29052
1397.45,-8.28275
1402.46,-8.27412
1407.47,-8.26465
1412.47,-8.25438
1417.47,-8.24334
1422.47,-8.23156
1427.47,-8.21907
1432.45,-8.2059
1437.44,-8.19207
1442.42,-8.17762
1447.39,-8.16256
1452.36,-8.14692
1457.32,-8.13073
1462.28,-8.114
1467.23,-8.09677
1472.18,-8.07906
1477.12,-8.06088
1482.05,-8.04225
1486.98,-8.0232
1491.9,-8.00375
1496.81,-7.98391
1501.72,-7.9637
1506.62,-7.94314
1511.51,-7.92224
1516.39,-7.90103
1521.27,-7.87952
1526.14,-7.85771
1531,-7.83564
1535.85,-7.81331
1540.69,-7.79074
1545.53,-7.76794
1550.36,-7.74492
1555.18,-7.72169
1559.99,-7.69827
1564.79,-7.67468
1569.58,-7.65091
1574.37,-7.62698
1579.14,-7.6029
1583.91,-7.57869
1588.67,-7.55435
1593.41,-7.52989
1598.15,-7.50531
1602.88,-7.48064
1607.6,-7.45588
1612.31,-7.43103
1617.01,-7.4061
1621.7,-7.38111
1626.38,-7.35605
1631.05,-7.33094
1635.71,-7.30579
1640.36,-7.28059
1645,-7.25536
1649.63,-7.2301
1654.24,-7.20481
1658.85,-7.17951
1663.45,-7.1542
1668.04,-7.12888
1672.61,-7.10357
1677.18,-7.07825
1681.73,-7.05295
1686.28,-7.02766
1690.81,-7.00238
1695.33,-6.97713
1699.84,-6.9519
1704.35,-6.9267
1708.83,-6.90154
1713.31,-6.87641
1717.78,-6.85133
1722.23,-6.82628
1726.68,-6.80129
1731.11,-6.77634
1735.53,-6.75145
1739.94,-6.72661
1744.34,-6.70183
1748.73,-6.67711
1753.11,-6.65245
1757.47,-6.62786
1761.82,-6.60333
1766.16,-6.57888
1770.49,-6.5545
1774.81,-6.53019
1779.12,-6.50596
1783.41,-6.4818
1787.69,-6.45772
1791.96,-6.43373
1796.22,-6.40981
1800.47,-6.38598
1804.7,-6.36223
1808.93,-6.33858
1813.14,-6.315
1817.34,-6.29152
1821.52,-6.26813
1825.7,-6.24482
1829.86,-6.22161
1834.01,-6.19849
1838.15,-6.17547
1842.28,-6.15254
1846.39,-6.1297
1850.5,-6.10696
1854.59,-6.08432
1858.66,-6.06178
1862.73,-6.03933
1866.78,-6.01698
1870.83,-5.99473
1874.86,-5.97258
1878.87,-5.95052
1882.88,-5.92857
1886.87,-5.90672
1890.85,-5.88497
1894.82,-5.86332
1898.78,-5.84177
1902.72,-5.82032
1906.65,-5.79898
1910.57,-5.77773
1914.48,-5.75659
1918.37,-5.73555
1922.25,-5.71461
1926.12,-5.69378
1929.98,-5.67304
1933.82,-5.65241
1937.66,-5.63188
1941.48,-5.61145
1945.28,-5.59113
1949.08,-5.5709
1952.86,-5.55078
1956.63,-5.53076
1960.39,-5.51084
1964.14,-5.49102
1967.87,-5.47131
1971.59,-5.45169
1975.3,-5.43217
1978.99,-5.41276
1982.68,-5.39345
1986.35,-5.37423
1990.01,-5.35512
1993.65,-5.3361
1997.29,-5.31719
2000.91,-5.29837
2004.52,-5.27965
2008.11,-5.26103
2011.7,-5.24251
2015.27,-5.22409
2018.83,-5.20576
2022.37,-5.18753
2025.91,-5.1694
2029.43,-5.15136
2032.94,-5.13342
2036.43,-5.11557
2039.92,-5.09782
2043.39,-5.08017
2046.85,-5.06261
2050.3,-5.04514
2053.73,-5.02777
2057.15,-5.01048
2060.56,-4.9933
2063.96,-4.9762
2067.35,-4.9592
2070.72,-4.94228
2074.08,-4.92546
2077.43,-4.90873
2080.76,-4.89209
2084.08,-4.87554
2087.39,-4.85908
2090.69,-4.84271
2093.98,-4.82642
2097.25,-4.81022
2100.51,-4.79411
2103.76,-4.77809
2107,-4.76216
2110.22,-4.74631
2113.43,-4.73054
2116.63,-4.71486
2119.82,-4.69927
2122.99,-4.68376
2126.15,-4.66833
2129.3,-4.65299
2132.44,-4.63773
2135.57,-4.62255
2138.68,-4.60745
2141.78,-4.59243
2144.87,-4.5775
2147.94,-4.56265
2151.01,-4.54787
2154.06,-4.53318
2157.1,-4.51856
2160.12,-4.50403
2163.14,-4.48957
2166.14,-4.47519
2169.13,-4.46088
2172.11,-4.44665
2175.07,-4.4325
2178.02,-4.41843
2180.97,-4.40443
2183.89,-4.3905
2186.81,-4.37665
2189.71,-4.36287
2192.61,-4.34917
2195.49,-4.33554
2198.35,-4.32198
2201.21,-4.3085
2204.05,-4.29508
2206.88,-4.28174
2209.7,-4.26847
2212.51,-4.25527
2215.3,-4.24214
2218.09,-4.22907
2220.86,-4.21608
2223.61,-4.20316
2226.36,-4.1903
2229.09,-4.17751
2231.81,-4.16479
2234.52,-4.15214
2237.22,-4.13955
2239.91,-4.12703
2242.58,-4.11457
2245.24,-4.10218
2247.89,-4.08985
2250.53,-4.07759
2253.15,-4.06539
2255.77,-4.05325
2258.37,-4.04118
2260.96,-4.02917
2263.53,-4.01722
2266.1,-4.00534
2268.65,-3.99351
2271.19,-3.98175
2273.72,-3.97005
2276.24,-3.9584
2278.74,-3.94682
2281.24,-3.9353
2283.72,-3.92383
2286.19,-3.91242
2288.64,-3.90108
2291.09,-3.88979
2293.52,-3.87855
2295.94,-3.86738
2298.35,-3.85626
2300.75,-3.8452
2303.13,-3.83419
2305.51,-3.82324
2307.87,-3.81234
2310.22,-3.8015
2312.56,-3.79071
2314.88,-3.77998
2317.2,-3.7693
2319.5,-3.75868
2321.79,-3.7481
2324.07,-3.73758
2326.34,-3.72711
2328.59,-3.7167
2330.84,-3.70633
2333.07,-3.69602
2335.29,-3.68576
2337.49,-3.67554
2339.69,-3.66538
2341.88,-3.65527
2344.05,-3.64521
2346.21,-3.63519
2348.36,-3.62523
2350.5,-3.61531
2352.62,-3.60544
2354.73,-3.59562
2356.84,-3.58585
2358.93,-3.57612
2361.01,-3.56644
2363.07,-3.55681
2365.13,-3.54723
2367.17,-3.53768
2369.2,-3.52819
2371.22,-3.51874
2373.23,-3.50933
2375.23,-3.49997
2377.21,-3.49066
2379.19,-3.48139
2381.15,-3.47216
2383.1,-3.46297
2385.04,-3.45383
2386.97,-3.44473
2388.88,-3.43568
2390.79,-3.42666
2392.68,-3.41769
2394.56,-3.40876
2396.43,-3.39987
2398.28,-3.39102
2400.13,-3.38221
2401.96,-3.37344
2403.79,-3.36472
2405.6,-3.35603
2407.4,-3.34738
2409.19,-3.33878
2410.96,-3.33021
2412.73,-3.32168
2414.48,-3.31318
2416.22,-3.30473
2417.95,-3.29631
2419.67,-3.28794
2421.38,-3.2796
2423.08,-3.27129
2424.76,-3.26303
2426.43,-3.2548
2428.1,-3.2466
2429.75,-3.23845
2431.38,-3.23033
2433.01,-3.22224
2434.63,-3.21419
2436.23,-3.20617
2437.82,-3.19819
2439.41,-3.19025
2440.98,-3.18234
2442.53,-3.17446
2444.08,-3.16662
2445.62,-3.15881
2447.14,-3.15103
2448.65,-3.14329
2450.16,-3.13558
2451.65,-3.1279
2453.12,-3.12026
2454.59,-3.11265
2456.05,-3.10506
2457.49,-3.09752
2458.93,-3.09
2460.35,-3.08251
2461.76,-3.07506
2463.16,-3.06764
2464.54,-3.06024
2465.92,-3.05288
2467.29,-3.04555
2468.64,-3.03824
2469.98,-3.03097
2471.31,-3.02373
2472.63,-3.01651
2473.94,-3.00933
2475.24,-3.00217
2476.53,-2.99505
2477.8,-2.98795
2479.06,-2.98088
2480.32,-2.97383
2481.56,-2.96682
2482.79,-2.95983
2484,-2.95287
2485.21,-2.94594
2486.41,-2.93903
2487.59,-2.93215
2488.76,-2.9253
2489.93,-2.91848
2491.08,-2.91168
2492.22,-2.9049
2493.35,-2.89815
2494.46,-2.89143
2495.57,-2.88474
2496.66,-2.87806
2497.75,-2.87142
2498.82,-2.8648
2499.88,-2.8582
2500.93,-2.85163
2501.97,-2.84508
2503,-2.83855
2504.01,-2.83205
2505.02,-2.82557
2506.01,-2.81912
2506.99,-2.81269
2507.96,-2.80628
2508.92,-2.7999
2509.87,-2.79354
2510.81,-2.7872
2511.74,-2.78088
2512.65,-2.77459
2513.56,-2.76832
2514.45,-2.76207
2515.33,-2.75584
2516.21,-2.74963
2517.07,-2.74344
2517.91,-2.73728
2518.75,-2.73113
2519.58,-2.72501
2520.39,-2.71891
2521.2,-2.71283
2521.99,-2.70676
2522.77,-2.70072
2523.54,-2.6947
2524.3,-2.6887
2525.05,-2.68272
2525.79,-2.67675
2526.52,-2.67081
2527.23,-2.66488
2527.94,-2.65898
2528.63,-2.65309
2529.31,-2.64722
2529.98,-2.64137
2530.64,-2.63554
2531.29,-2.62972
2531.93,-2.62393
2532.55,-2.61815
2533.17,-2.61239
2533.77,-2.60664
2534.37,-2.60092
2534.95,-2.59521
2535.52,-2.58952
2536.08,-2.58384
2536.63,-2.57818
2537.17,-2.57254
2537.7,-2.56691
2538.21,-2.5613
2538.72,-2.55571
2539.21,-2.55013
2539.69,-2.54457
2540.16,-2.53902
2540.62,-2.53349
2541.07,-2.52797
2541.51,-2.52247
2541.94,-2.51698
2542.36,-2.51151
2542.76,-2.50605
2543.16,-2.50061
2543.54,-2.49518
2543.91,-2.48977
2544.27,-2.48437
2544.62,-2.47898
2544.96,-2.47361
2545.29,-2.46825
2545.61,-2.4629
2545.91,-2.45757
2546.21,-2.45224
2546.49,-2.44694
2546.77,-2.44164
2547.03,-2.43636
2547.28,-2.43109
2547.52,-2.42583
2547.75,-2.42059
2547.97,-2.41535
2548.17,-2.41013
2548.37,-2.40492
2548.55,-2.39972
2548.73,-2.39453
2548.89,-2.38936
2549.04,-2.38419
2549.18,-2.37904
2549.31,-2.3739
2549.43,-2.36876
2549.54,-2.36364
2549.64,-2.35853
2549.72,-2.35343
2549.8,-2.34833
2549.86,-2.34325
2549.91,-2.33818
2549.95,-2.33312
2549.98,-2.32806
2550,-2.32302
2550.01,-2.31798
2550.01,-2.31296
2550,-2.30794
2549.97,-2.30293
2549.94,-2.29793
2549.89,-2.29294
2549.83,-2.28796
2549.76,-2.28298
2549.69,-2.27801
2549.59,-2.27305
2549.49,-2.2681
2549.38,-2.26316
2549.26,-2.25822
2549.12,-2.25329
2548.98,-2.24837
2548.82,-2.24345
2548.65,-2.23854
2548.47,-2.23364
2548.28,-2.22874
2548.08,-2.22385
2547.87,-2.21897
2547.65,-2.21409
2547.42,-2.20921
2547.17,-2.20435
2546.91,-2.19949
2546.65,-2.19463
2546.37,-2.18978
2546.08,-2.18493
2545.78,-2.18009
2545.47,-2.17525
2545.15,-2.17042
2544.82,-2.16559
2544.47,-2.16077
2544.12,-2.15595
2543.75,-2.15114
2543.37,-2.14633
2542.99,-2.14152
2542.59,-2.13671
2542.18,-2.13191
2541.75,-2.12711
2541.32,-2.12232
2540.88,-2.11753
2540.42,-2.11274
2539.96,-2.10795
2539.48,-2.10317
2539,-2.09838
2538.5,-2.0936
2537.99,-2.08882
2537.47,-2.08405
2536.93,-2.07927
2536.39,-2.0745
2535.84,-2.06972
2535.27,-2.06495
2534.7,-2.06018
2534.11,-2.05541
2533.51,-2.05064
2532.9,-2.04587
2532.28,-2.0411
2531.65,-2.03633
2531.01,-2.03156
2530.35,-2.02679
2529.69,-2.02202
2529.01,-2.01725
2528.33,-2.01248
2527.63,-2.0077
2526.92,-2.00293
2526.2,-1.99815
2525.47,-1.99338
2524.73,-1.9886
2523.97,-1.98381
2523.21,-1.97903
2522.43,-1.97425
2521.65,-1.96946
2520.85,-1.96467
2520.04,-1.95987
2519.22,-1.95508
2518.39,-1.95028
2517.54,-1.94547
2516.69,-1.94067
2515.83,-1.93585
2514.95,-1.93104
2514.06,-1.92622
2513.16,-1.9214
2512.26,-1.91657
2511.33,-1.91174
2510.4,-1.9069
2509.46,-1.90205
2508.51,-1.89721
2507.54,-1.89235
2506.57,-1.88749
2505.58,-1.88263
2504.58,-1.87775
2503.57,-1.87287
2502.55,-1.86799
2501.52,-1.8631
2500.47,-1.8582
2499.42,-1.85329
2498.35,-1.84838
2497.28,-1.84346
2496.19,-1.83853
2495.09,-1.83359
2493.98,-1.82864
2492.85,-1.82369
2491.72,-1.81872
2490.58,-1.81375
2489.42,-1.80877
2488.25,-1.80378
2487.08,-1.79878
2485.89,-1.79377
2484.69,-1.78874
2483.47,-1.78371
2482.25,-1.77867
2481.02,-1.77362
2479.77,-1.76855
2478.51,-1.76348
2477.25,-1.75839
2475.97,-1.75329
2474.68,-1.74818
2473.37,-1.74305
2472.06,-1.73792
2470.73,-1.73277
2469.4,-1.7276
2468.05,-1.72243
2466.69,-1.71724
2465.32,-1.71203
2463.94,-1.70681
2462.55,-1.70158
2461.14,-1.69633
2459.73,-1.69107
2458.3,-1.68579
2456.86,-1.68049
2455.41,-1.67518
2453.95,-1.66986
2452.48,-1.66451
2451,-1.65915
2449.5,-1.65378
2448,-1.64838
2446.48,-1.64297
2444.95,-1.63754
2443.41,-1.63209
2441.86,-1.62662
2440.29,-1.62114
2438.72,-1.61563
2437.13,-1.61011
2435.53,-1.60456
2433.92,-1.599
2432.3,-1.59341
2430.67,-1.5878
2429.03,-1.58217
2427.37,-1.57652
2425.71,-1.57085
2424.03,-1.56516
2422.34,-1.55944
2420.64,-1.5537
2418.93,-1.54794
2417.2,-1.54215
2415.47,-1.53634
2413.72,-1.5305
2411.96,-1.52464
2410.19,-1.51876
2408.41,-1.51285
2406.62,-1.50691
2404.81,-1.50095
2402.99,-1.49496
2401.17,-1.48894
2399.33,-1.48289
2397.48,-1.47682
2395.61,-1.47072
2393.74,-1.46459
2391.85,-1.45843
2389.96,-1.45224
2388.05,-1.44602
2386.13,-1.43977
2384.2,-1.43349
2382.25,-1.42718
2380.3,-1.42083
2378.33,-1.41446
2376.35,-1.40805
2374.36,-1.40161
2372.36,-1.39513
2370.34,-1.38862
2368.32,-1.38208
2366.28,-1.3755
2364.23,-1.36888
2362.17,-1.36223
2360.1,-1.35554
2358.02,-1.34882
2355.92,-1.34205
2353.81,-1.33525
2351.7,-1.32841
2349.57,-1.32153
2347.42,-1.31462
2345.27,-1.30766
2343.1,-1.30066
2340.93,-1.29361
2338.74,-1.28653
2336.53,-1.27941
2334.32,-1.27224
2332.1,-1.26502
2329.86,-1.25777
2327.61,-1.25047
2325.35,-1.24312
2323.08,-1.23572
2320.8,-1.22828
2318.5,-1.2208
2316.19,-1.21326
2313.87,-1.20568
2311.54,-1.19804
2309.2,-1.19036
2306.84,-1.18262
2304.48,-1.17484
2302.1,-1.167
2299.71,-1.15911
2297.3,-1.15116
2294.89,-1.14317
2292.46,-1.13511
2290.02,-1.127
2287.57,-1.11884
2285.11,-1.11062
2282.64,-1.10234
2280.15,-1.094
2277.65,-1.0856
2275.14,-1.07714
2272.62,-1.06862
2270.09,-1.06004
2267.54,-1.05139
2264.98,-1.04269
2262.41,-1.03391
2259.83,-1.02508
2257.24,-1.01617
2254.63,-1.0072
2252.01,-0.998166
2249.38,-0.989059
2246.74,-0.979883
2244.08,-0.970636
2241.42,-0.961318
2238.74,-0.951927
2236.05,-0.942462
2233.35,-0.932923
2230.63,-0.923309
2227.9,-0.913618
2225.16,-0.90385
2222.41,-0.894004
2219.65,-0.884078
2216.87,-0.874071
2214.09,-0.863983
2211.29,-0.853812
2208.48,-0.843557
2205.65,-0.833217
2202.82,-0.822791
2199.97,-0.812278
2197.11,-0.801677
2194.23,-0.790985
2191.35,-0.780203
2188.45,-0.769329
2185.54,-0.758361
2182.62,-0.7473
2179.69,-0.736142
2176.74,-0.724888
2173.78,-0.713534
2170.81,-0.702082
2167.83,-0.690528
2164.83,-0.678872
2161.83,-0.667112
2158.81,-0.655247
2155.77,-0.643275
2152.73,-0.631195
2149.67,-0.619006
2146.6,-0.606706
2143.52,-0.594293
2140.43,-0.581766
2137.32,-0.569124
2134.21,-0.556364
2131.08,-0.543486
2127.93,-0.530487
2124.78,-0.517367
2121.61,-0.504122
2118.43,-0.490752
2115.24,-0.477256
2112.03,-0.46363
2108.82,-0.449874
2105.59,-0.435985
2102.35,-0.421962
2099.09,-0.407804
2095.83,-0.393507
2092.55,-0.37907
2089.26,-0.364492
2085.95,-0.34977
2082.64,-0.334902
2079.31,-0.319887
2075.97,-0.304722
2072.62,-0.289404
2069.25,-0.273933
2065.87,-0.258306
2062.48,-0.242521
2059.08,-0.226574
2055.66,-0.210466
2052.24,-0.194192
2048.8,-0.177751
2045.34,-0.16114
2041.88,-0.144357
2038.4,-0.1274
2034.91,-0.110265
2031.41,-0.0929514
2027.9,-0.0754557
2024.37,-0.0577752
2020.83,-0.0399077
2017.28,-0.0218506
2013.71,-0.00360055
2010.14,0.0148445
2006.55,0.0334874
2002.95,0.0523318
1999.33,0.0713796
1995.7,0.0906337
1992.07,0.110098
1988.41,0.129775
1984.75,0.149667
1981.07,0.169778
1977.38,0.190111
1973.68,0.210669
1969.97,0.231456
1966.24,0.252474
1962.51,0.273728
1958.75,0.295219
1954.99,0.316953
1951.21,0.338932
1947.43,0.36116
1943.63,0.383641
1939.81,0.406378
1935.99,0.429375
1932.15,0.452635
1928.3,0.476164
1924.44,0.499965
1920.56,0.52404
1916.67,0.548396
1912.78,0.573035
1908.86,0.597963
1904.94,0.623183
1901,0.648699
1897.05,0.674516
1893.09,0.70064
1889.12,0.727072
1885.13,0.75382
1881.13,0.780887
1877.12,0.808278
1873.1,0.835998
1869.07,0.864052
1865.02,0.892444
1860.96,0.921181
1856.89,0.950266
1852.81,0.979706
1848.71,1.00951
1844.6,1.03967
1840.48,1.07021
1836.35,1.10112
1832.21,1.13241
1828.05,1.16409
1823.88,1.19616
1819.7,1.22864
1815.51,1.26152
1811.3,1.29481
1807.09,1.32852
1802.86,1.36265
1798.62,1.39722
1794.37,1.43222
1790.1,1.46766
1785.83,1.50356
1781.54,1.53991
1777.24,1.57673
1772.93,1.61402
1768.61,1.65179
1764.27,1.69005
1759.93,1.7288
1755.57,1.76805
1751.2,1.80781
1746.82,1.84809
1742.43,1.8889
1738.02,1.93023
1733.61,1.97211
1729.18,2.01454
1724.74,2.05752
1720.29,2.10108
1715.83,2.1452
1711.36,2.18992
1706.88,2.23522
1702.39,2.28113
1697.88,2.32765
1693.36,2.37479
1688.84,2.42257
1684.3,2.47098
1679.75,2.52004
1675.19,2.56977
1670.62,2.62016
1666.04,2.67124
1661.45,2.72301
1656.85,2.77548
1652.23,2.82867
1647.61,2.88257
1642.98,2.93722
1638.33,2.99261
1633.68,3.04876
1629.02,3.10568
1624.34,3.16338
1619.66,3.22187
1614.96,3.28117
1610.26,3.34129
1605.55,3.40223
1600.82,3.46402
1596.09,3.52667
1591.35,3.59019
1586.6,3.65458
1581.84,3.71988
1577.06,3.78608
1572.29,3.8532
1567.5,3.92126
1562.7,3.99027
1557.89,4.06025
1553.08,4.1312
1548.26,4.20315
1543.42,4.2761
1538.58,4.35008
1533.74,4.4251
1528.88,4.50117
1524.02,4.5783
1519.14,4.65652
1514.26,4.73584
1509.38,4.81628
1504.48,4.89784
1499.58,4.98055
1494.67,5.06443
1489.76,5.14948
1484.83,5.23573
1479.9,5.32319
1474.97,5.41188
1470.03,5.50181
1465.08,5.59301
1460.12,5.68548
1455.16,5.77925
1450.2,5.87434
1445.23,5.97075
1440.25,6.06851
1435.27,6.16763
1430.28,6.26813
1425.29,6.37003
1420.3,6.47335
1415.3,6.5781
1410.29,6.68429
1405.29,6.79195
1400.28,6.90109
1395.26,7.01173
1390.24,7.12388
1385.22,7.23757
1380.2,7.3528
1375.18,7.4696
1370.15,7.58797
1365.12,7.70794
1360.09,7.82952
1355.06,7.95272
1350.03,8.07755
1345,8.20404
1339.97,8.33219
1334.93,8.46202
1329.9,8.59354
1324.87,8.72677
1319.84,8.8617
1314.81,8.99836
1309.78,9.13675
1304.76,9.27688
1299.74,9.41876
1294.72,9.5624
1289.7,9.7078
1284.69,9.85497
1279.68,10.0039
1274.67,10.1546
1269.67,10.3071
1264.68,10.4614
1259.69,10.6174
1254.71,10.7752
1249.73,10.9348
1244.76,11.0961
1239.8,11.2592
1234.85,11.4241
1229.9,11.5906
1224.96,11.7589
1220.04,11.9289
1215.12,12.1006
1210.21,12.2739
1205.32,12.4489
1200.44,12.6255
1195.57,12.8036
1190.71,12.9833
1185.86,13.1646
1181.03,13.3473
1176.22,13.5315
1171.42,13.717
1166.63,13.9039
1161.86,14.0921
1157.11,14.2816
1152.38,14.4722
1147.66,14.6639
1142.97,14.8567
1138.29,15.0504
1133.64,15.2451
1129.01,15.4405
1124.39,15.6367
1119.81,15.8335
1115.24,16.0308
1110.7,16.2286
1106.19,16.4267
1101.7,16.625
1097.24,16.8234
1092.81,17.0218
1088.4,17.22
1084.03,17.4179
1079.68,17.6153
1075.37,17.8121
1071.09,18.0082
1066.84,18.2033
1062.63,18.3974
1058.45,18.5901
1054.31,18.7814
1050.2,18.9711
1046.13,19.1589
1042.1,19.3447
1038.12,19.5282
1034.17,19.7093
1030.26,19.8876
1026.4,20.0631
1022.58,20.2353
1018.8,20.4042
1015.07,20.5694
1011.39,20.7308
1007.76,20.888
1004.17,21.0407
1000.64,21.1888
997.157,21.3319
993.727,21.4699
990.349,21.6023
987.027,21.7289
983.76,21.8495
980.549,21.9637
977.396,22.0713
974.302,22.172
971.268,22.2656
968.295,22.3516
965.383,22.4299
962.535,22.5002
959.751,22.5622
957.031,22.6156
954.378,22.6602
951.792,22.6957
949.275,22.7219
946.826,22.7385
944.447,22.7453
942.14,22.7421
939.904,22.7287
937.742,22.7048
935.653,22.6703
933.638,22.6251
931.7,22.5688
929.838,22.5015
928.053,22.423
926.346,22.3332
924.717,22.232
923.168,22.1193
921.7,21.9951
920.312,21.8593
919.005,21.712
917.781,21.5531
916.639,21.3827
915.581,21.2009
914.606,21.0076
913.715,20.8031
912.909,20.5874
912.187,20.3606
911.551,20.123
911.001,19.8747
910.536,19.616
910.158,19.347
909.866,19.068
909.66,18.7793
909.54,18.4811
909.507,18.1738
909.561,17.8577
909.701,17.5331
909.928,17.2004
910.241,16.8599
910.64,16.5121
911.126,16.1573
911.697,15.7959
912.353,15.4283
913.095,15.055
913.922,14.6764
914.833,14.293
915.828,13.905
916.907,13.5131
918.068,13.1176
919.312,12.7191
920.638,12.3178
922.046,11.9143
923.534,11.5091
925.102,11.1025
926.749,10.6949
928.475,10.2869
930.279,9.87872
932.16,9.47088
934.116,9.06375
936.149,8.6577
938.255,8.25312
940.436,7.85036
942.689,7.44977
945.013,7.05169
947.409,6.65645
949.875,6.26435
952.409,5.87568
955.011,5.49074
957.68,5.10977
960.415,4.73305
963.215,4.3608
966.078,3.99324
969.005,3.63059
971.993,3.27303
975.042,2.92074
978.15,2.57389
981.317,2.23262
984.541,1.89708
987.822,1.56737
991.158,1.24362
994.548,0.925916
997.991,0.61434
1001.49,0.308964
1005.03,0.00984445
1008.63,-0.282966
1012.27,-0.569436
1015.97,-0.849536
1019.71,-1.12325
1023.49,-1.39057
1027.32,-1.65151
1031.2,-1.90606
1035.11,-2.15426
1039.07,-2.39612
1043.07,-2.63169
1047.11,-2.861
1051.19,-3.0841
1055.3,-3.30104
1059.45,-3.51189
1063.64,-3.7167
1067.86,-3.91554
1072.12,-4.10849
1076.41,-4.29563
1080.73,-4.47702
1085.08,-4.65277
1089.46,-4.82295
1093.87,-4.98764
1098.31,-5.14695
1102.78,-5.30097
1107.27,-5.44979
1111.79,-5.5935
1116.34,-5.73221
1120.91,-5.86601
1125.5,-5.995
1130.12,-6.11928
1134.76,-6.23895
1139.42,-6.35411
1144.1,-6.46486
1148.8,-6.57129
1153.52,-6.67352
1158.25,-6.77164
1163.01,-6.86574
1167.78,-6.95592
1172.57,-7.04228
1177.37,-7.12492
1182.19,-7.20393
1187.03,-7.2794
1191.88,-7.35143
1196.74,-7.42011
1201.61,-7.48553
1206.5,-7.54777
1211.4,-7.60692
1216.3,-7.66308
1221.22,-7.71631
1226.15,-7.76671
1231.09,-7.81436
1236.04,-7.85934
1240.99,-7.90173
1245.96,-7.94159
1250.93,-7.97901
1255.91,-8.01406
1260.89,-8.04681
1265.88,-8.07734
1270.88,-8.10571
1275.88,-8.13199
1280.88,-8.15623
1285.89,-8.17852
1290.91,-8.19891
1295.92,-8.21746
1300.95,-8.23422
1305.97,-8.24927
1310.99,-8.26266
1316.02,-8.27443
1321.05,-8.28465
1326.08,-8.29336
1331.11,-8.30063
1336.15,-8.30648
1341.18,-8.31098
1346.21,-8.31418
1351.24,-8.31611
1356.27,-8.31682
1361.31,-8.31636
1366.33,-8.31476
1371.36,-8.31207
1376.39,-8.30833
1381.41,-8.30357
1386.43,-8.29783
1391.45,-8.29116
1396.47,-8.28357
1401.48,-8.27511
1406.49,-8.26582
1411.5,-8.25571
1416.5,-8.24483
1421.5,-8.23321
1426.49,-8.22086
1431.48,-8.20783
1436.47,-8.19414
1441.45,-8.17982
1446.42,-8.16488
1451.39,-8.14937
1456.36,-8.13329
1461.32,-8.11668
1466.27,-8.09956
1471.22,-8.08194
1476.16,-8.06386
1481.09,-8.04533
1486.02,-8.02637
1490.94,-8.007
1495.85,-7.98724
1500.76,-7.96711
1505.66,-7.94663
1510.56,-7.92581
1515.44,-7.90466
1520.32,-7.88322
1525.19,-7.86148
1530.05,-7.83947
1534.91,-7.81719
1539.75,-7.79468
1544.59,-7.77192
1549.42,-7.74895
1554.24,-7.72578
1559.05,-7.7024
1563.86,-7.67885
1568.65,-7.65512
1573.44,-7.63123
1578.22,-7.60719
1582.98,-7.58301
1587.74,-7.55869
1592.49,-7.53426
1597.23,-7.50972
1601.96,-7.48507
1606.68,-7.46033
1611.39,-7.4355
1616.1,-7.4106
1620.79,-7.38562
1625.47,-7.36059
1630.14,-7.33549
1634.8,-7.31035
1639.45,-7.28517
1644.1,-7.25994
1648.73,-7.23469
1653.35,-7.20942
1657.96,-7.18413
1662.56,-7.15883
1667.15,-7.13352
1671.72,-7.1082
1676.29,-7.08289
1680.85,-7.05759
1685.4,-7.0323
1689.93,-7.00703
1694.45,-6.98178
1698.97,-6.95655
1703.47,-6.93135
1707.96,-6.90618
1712.44,-6.88106
1716.91,-6.85596
1721.37,-6.83092
1725.82,-6.80592
1730.25,-6.78096
1734.67,-6.75606
1739.09,-6.73122
1743.49,-6.70643
1747.88,-6.6817
1752.26,-6.65704
1756.62,-6.63244
1760.98,-6.6079
1765.32,-6.58344
1769.65,-6.55905
1773.97,-6.53473
1778.28,-6.51048
1782.58,-6.48632
1786.86,-6.46223
1791.13,-6.43822
1795.39,-6.41429
1799.64,-6.39045
1803.88,-6.36669
1808.11,-6.34302
1812.32,-6.31943
1816.52,-6.29594
1820.71,-6.27253
1824.89,-6.24921
1829.05,-6.22599
1833.21,-6.20285
1837.35,-6.17981
1841.48,-6.15687
1845.59,-6.13402
1849.7,-6.11126
1853.79,-6.0886
1857.87,-6.06604
1861.94,-6.04358
1866,-6.02121
1870.04,-5.99895
1874.07,-5.97678
1878.09,-5.95471
1882.1,-5.93274
1886.1,-5.91087
1890.08,-5.88911
1894.05,-5.86744
1898.01,-5.84587
1901.95,-5.82441
1905.89,-5.80305
1909.81,-5.78179
1913.72,-5.76063
1917.61,-5.73957
1921.5,-5.71861
1925.37,-5.69776
1929.23,-5.67701
1933.08,-5.65636
1936.91,-5.63581
1940.73,-5.61537
1944.54,-5.59502
1948.34,-5.57478
1952.13,-5.55464
1955.9,-5.5346
1959.66,-5.51467
1963.41,-5.49483
1967.14,-5.4751
1970.87,-5.45546
1974.58,-5.43593
1978.28,-5.4165
1981.96,-5.39717
1985.64,-5.37793
1989.3,-5.3588
1992.94,-5.33977
1996.58,-5.32084
2000.2,-5.302
2003.82,-5.28327
2007.41,-5.26463
2011,-5.24609
2014.57,-5.22765
2018.14,-5.20931
2021.69,-5.19106
2025.22,-5.17291
2028.75,-5.15486
2032.26,-5.1369
2035.76,-5.11904
2039.24,-5.10127
2042.72,-5.0836
2046.18,-5.06602
2049.63,-5.04854
2053.07,-5.03115
2056.49,-5.01385
2059.9,-4.99665
2063.3,-4.97953
2066.69,-4.96251
2070.06,-4.94559
2073.43,-4.92875
2076.78,-4.912
2080.12,-4.89535
2083.44,-4.87878
2086.75,-4.8623
2090.05,-4.84591
2093.34,-4.82961
2096.62,-4.8134
2099.88,-4.79727
2103.13,-4.78124
2106.37,-4.76529
2109.6,-4.74942
2112.81,-4.73364
2116.01,-4.71795
2119.2,-4.70234
2122.38,-4.68681
2125.54,-4.67137
2128.69,-4.65601
2131.83,-4.64073
2134.96,-4.62554
2138.08,-4.61043
2141.18,-4.5954
2144.27,-4.58045
2147.35,-4.56558
2150.41,-4.5508
2153.47,-4.53609
2156.51,-4.52146
2159.54,-4.50691
2162.55,-4.49243
2165.56,-4.47804
2168.55,-4.46372
2171.53,-4.44948
2174.5,-4.43532
2177.45,-4.42123
2180.4,-4.40721
2183.33,-4.39327
2186.25,-4.37941
2189.15,-4.36562
2192.05,-4.3519
2194.93,-4.33826
2197.8,-4.32469
2200.66,-4.31119
2203.5,-4.29777
2206.34,-4.28441
2209.16,-4.27113
2211.97,-4.25791
2214.76,-4.24477
2217.55,-4.23169
2220.32,-4.21869
2223.08,-4.20575
2225.83,-4.19288
2228.56,-4.18008
2231.29,-4.16735
2234,-4.15468
2236.7,-4.14208
2239.39,-4.12955
2242.06,-4.11708
2244.73,-4.10467
2247.38,-4.09234
2250.02,-4.08006
2252.65,-4.06785
2255.26,-4.0557
2257.86,-4.04362
2260.46,-4.0316
2263.04,-4.01964
2265.6,-4.00774
2268.16,-3.99591
2270.7,-3.98413
2273.23,-3.97242
2275.75,-3.96077
2278.26,-3.94917
2280.75,-3.93764
2283.24,-3.92616
2285.71,-3.91475
2288.17,-3.90339
2290.62,-3.89209
2293.05,-3.88084
2295.48,-3.86966
2297.89,-3.85853
2300.29,-3.84746
2302.67,-3.83644
2305.05,-3.82548
2307.41,-3.81457
2309.77,-3.80372
2312.11,-3.79293
2314.44,-3.78218
2316.75,-3.77149
2319.06,-3.76086
2321.35,-3.75028
2323.63,-3.73975
2325.9,-3.72927
2328.16,-3.71884
2330.4,-3.70847
2332.64,-3.69815
2334.86,-3.68787
2337.07,-3.67765
2339.27,-3.66748
2341.45,-3.65736
2343.63,-3.64729
2345.79,-3.63727
2347.94,-3.62729
2350.08,-3.61737
2352.21,-3.60749
2354.33,-3.59766
2356.43,-3.58788
2358.52,-3.57815
2360.61,-3.56846
2362.67,-3.55882
2364.73,-3.54922
2366.78,-3.53967
2368.81,-3.53017
2370.83,-3.52071
2372.85,-3.5113
2374.84,-3.50193
2376.83,-3.49261
2378.81,-3.48333
2380.77,-3.47409
2382.72,-3.4649
2384.67,-3.45575
2386.6,-3.44664
2388.51,-3.43758
2390.42,-3.42856
2392.31,-3.41958
2394.2,-3.41064
2396.07,-3.40174
2397.93,-3.39289
2399.78,-3.38407
2401.61,-3.3753
2403.44,-3.36656
2405.25,-3.35787
2407.05,-3.34921
2408.84,-3.3406
2410.62,-3.33202
2412.39,-3.32349
2414.15,-3.31499
2415.89,-3.30653
2417.62,-3.2981
2419.34,-3.28972
2421.05,-3.28137
2422.75,-3.27306
2424.44,-3.26479
2426.11,-3.25655
2427.78,-3.24835
2429.43,-3.24019
2431.07,-3.23206
2432.7,-3.22397
2434.32,-3.21592
2435.92,-3.20789
2437.52,-3.19991
2439.1,-3.19196
2440.67,-3.18404
2442.24,-3.17616
2443.78,-3.16831
2445.32,-3.16049
2446.85,-3.15271
2448.36,-3.14496
2449.87,-3.13725
2451.36,-3.12956
2452.84,-3.12191
2454.31,-3.11429
2455.77,-3.10671
2457.22,-3.09915
2458.65,-3.09163
2460.08,-3.08414
2461.49,-3.07668
2462.89,-3.06925
2464.28,-3.06185
2465.66,-3.05448
2467.03,-3.04715
2468.38,-3.03984
2469.73,-3.03256
2471.06,-3.02531
2472.38,-3.01809
2473.69,-3.0109
2474.99,-3.00374
2476.28,-2.99661
2477.56,-2.98951
2478.82,-2.98243
2480.08,-2.97538
2481.32,-2.96836
2482.55,-2.96137
2483.77,-2.9544
2484.98,-2.94747
2486.18,-2.94056
2487.37,-2.93367
2488.54,-2.92682
2489.71,-2.91999
2490.86,-2.91318
2492,-2.9064
2493.13,-2.89965
2494.25,-2.89293
2495.36,-2.88622
2496.46,-2.87955
2497.54,-2.8729
2498.62,-2.86627
2499.68,-2.85967
2500.73,-2.85309
2501.77,-2.84654
2502.8,-2.84001
2503.82,-2.83351
2504.83,-2.82703
2505.82,-2.82057
2506.81,-2.81413
2507.78,-2.80772
2508.74,-2.80133
2509.69,-2.79497
2510.63,-2.78863
2511.56,-2.78231
2512.48,-2.77601
2513.39,-2.76973
2514.28,-2.76348
2515.17,-2.75724
2516.04,-2.75103
2516.9,-2.74484
2517.75,-2.73868
2518.59,-2.73253
2519.42,-2.7264
2520.24,-2.7203
2521.05,-2.71421
2521.84,-2.70814
2522.63,-2.7021
2523.4,-2.69607
2524.16,-2.69007
2524.91,-2.68408
2525.65,-2.67811
2526.38,-2.67217
2527.1,-2.66624
2527.8,-2.66033
2528.5,-2.65444
2529.18,-2.64857
2529.86,-2.64271
2530.52,-2.63688
2531.17,-2.63106
2531.81,-2.62526
2532.44,-2.61948
2533.06,-2.61372
2533.66,-2.60797
2534.26,-2.60224
2534.84,-2.59653
2535.42,-2.59084
2535.98,-2.58516
2536.53,-2.5795
2537.07,-2.57385
2537.6,-2.56822
2538.12,-2.56261
2538.62,-2.55701
2539.12,-2.55143
2539.61,-2.54587
2540.08,-2.54032
2540.54,-2.53478
2540.99,-2.52926
2541.43,-2.52376
2541.86,-2.51827
2542.28,-2.51279
2542.69,-2.50733
2543.09,-2.50189
2543.47,-2.49646
2543.85,-2.49104
2544.21,-2.48564
2544.56,-2.48025
2544.9,-2.47487
2545.23,-2.46951
2545.55,-2.46416
2545.86,-2.45883
2546.16,-2.4535
2546.45,-2.44819
2546.72,-2.4429
2546.98,-2.43761
2547.24,-2.43234
2547.48,-2.42708
2547.71,-2.42183
2547.93,-2.4166
2548.14,-2.41138
2548.34,-2.40616
2548.53,-2.40096
2548.7,-2.39577
2548.87,-2.3906
2549.02,-2.38543
2549.16,-2.38027
2549.3,-2.37513
2549.42,-2.36999
2549.53,-2.36487
2549.63,-2.35976
2549.71,-2.35465
2549.79,-2.34956
2549.86,-2.34448
2549.91,-2.3394
2549.95,-2.33434
2549.99,-2.32928
2550.01,-2.32424
2550.02,-2.3192
2550.02,-2.31418
2550.01,-2.30916
2549.99,-2.30415
2549.95,-2.29915
2549.91,-2.29415
2549.85,-2.28917
2549.79,-2.28419
2549.71,-2.27922
2549.62,-2.27426
2549.52,-2.26931
2549.41,-2.26436
2549.29,-2.25943
2549.16,-2.25449
2549.01,-2.24957
2548.86,-2.24465
2548.69,-2.23974
2548.52,-2.23484
2548.33,-2.22994
2548.13,-2.22505
2547.92,-2.22017
2547.7,-2.21529
2547.47,-2.21041
2547.23,-2.20555
2546.97,-2.20068
2546.71,-2.19583
2546.43,-2.19098
2546.15,-2.18613
2545.85,-2.18129
2545.54,-2.17645
2545.22,-2.17162
2544.89,-2.16679
2544.55,-2.16197
2544.19,-2.15715
2543.83,-2.15233
2543.46,-2.14752
2543.07,-2.14271
2542.67,-2.13791
2542.26,-2.13311
2541.85,-2.12831
2541.42,-2.12351
2540.97,-2.11872
2540.52,-2.11393
2540.06,-2.10915
2539.58,-2.10436
2539.1,-2.09958
2538.6,-2.0948
2538.1,-2.09002
2537.58,-2.08524
2537.05,-2.08047
2536.51,-2.07569
2535.95,-2.07092
2535.39,-2.06615
2534.82,-2.06138
2534.23,-2.05661
2533.64,-2.05184
2533.03,-2.04707
2532.41,-2.0423
2531.78,-2.03753
2531.14,-2.03276
2530.49,-2.02799
2529.83,-2.02322
2529.15,-2.01845
2528.47,-2.01368
2527.77,-2.00891
2527.07,-2.00414
2526.35,-1.99936
2525.62,-1.99459
2524.88,-1.98981
2524.13,-1.98503
2523.37,-1.98025
2522.59,-1.97546
2521.81,-1.97067
2521.01,-1.96588
2520.21,-1.96109
2519.39,-1.9563
2518.56,-1.9515
2517.72,-1.9467
2516.87,-1.94189
2516,-1.93708
2515.13,-1.93227
2514.25,-1.92745
2513.35,-1.92263
2512.44,-1.9178
2511.52,-1.91297
2510.59,-1.90813
2509.65,-1.90329
2508.7,-1.89844
2507.74,-1.89359
2506.77,-1.88873
2505.78,-1.88387
2504.78,-1.879
2503.78,-1.87412
2502.76,-1.86924
2501.73,-1.86435
2500.69,-1.85945
2499.63,-1.85455
2498.57,-1.84964
2497.49,-1.84472
2496.41,-1.83979
2495.31,-1.83486
2494.2,-1.82991
2493.08,-1.82496
2491.95,-1.82
2490.81,-1.81503
2489.66,-1.81005
2488.49,-1.80506
2487.32,-1.80006
2486.13,-1.79505
2484.93,-1.79004
2483.72,-1.78501
2482.5,-1.77997
2481.27,-1.77492
2480.02,-1.76985
2478.77,-1.76478
2477.5,-1.7597
2476.23,-1.7546
2474.94,-1.74949
2473.64,-1.74437
2472.33,-1.73924
2471,-1.73409
2469.67,-1.72893
2468.32,-1.72376
2466.97,-1.71857
2465.6,-1.71337
2464.22,-1.70815
2462.83,-1.70292
2461.43,-1.69768
2460.01,-1.69242
2458.59,-1.68715
2457.15,-1.68186
2455.71,-1.67655
2454.25,-1.67123
2452.78,-1.66589
2451.3,-1.66053
2449.8,-1.65516
2448.3,-1.64977
2446.78,-1.64436
2445.26,-1.63893
2443.72,-1.63349
2442.17,-1.62803
2440.61,-1.62255
2439.04,-1.61704
2437.45,-1.61152
2435.86,-1.60598
2434.25,-1.60042
2432.63,-1.59484
2431,-1.58924
2429.36,-1.58362
2427.71,-1.57797
2426.04,-1.57231
2424.37,-1.56662
2422.68,-1.56091
2420.98,-1.55517
2419.27,-1.54941
2417.55,-1.54363
2415.82,-1.53783
2414.07,-1.532
2412.32,-1.52614
2410.55,-1.52026
2408.77,-1.51436
2406.98,-1.50843
2405.18,-1.50247
2403.36,-1.49648
2401.54,-1.49047
2399.7,-1.48443
2397.85,-1.47837
2395.99,-1.47227
2394.12,-1.46615
2392.23,-1.46
2390.34,-1.45381
2388.43,-1.4476
2386.52,-1.44136
2384.59,-1.43509
2382.64,-1.42878
2380.69,-1.42245
2378.73,-1.41608
2376.75,-1.40967
2374.76,-1.40324
2372.76,-1.39677
2370.75,-1.39027
2368.73,-1.38373
2366.69,-1.37716
2364.65,-1.37055
2362.59,-1.36391
2360.52,-1.35723
2358.44,-1.35052
2356.34,-1.34376
2354.24,-1.33697
2352.12,-1.33014
2349.99,-1.32327
2347.85,-1.31636
2345.7,-1.30941
2343.54,-1.30242
2341.36,-1.29539
2339.18,-1.28831
2336.98,-1.2812
2334.77,-1.27404
2332.54,-1.26683
2330.31,-1.25959
2328.06,-1.25229
2325.81,-1.24496
2323.54,-1.23757
2321.25,-1.23014
2318.96,-1.22267
2316.66,-1.21514
2314.34,-1.20757
2312.01,-1.19995
2309.67,-1.19227
2307.32,-1.18455
2304.95,-1.17677
2302.58,-1.16895
2300.19,-1.16107
2297.79,-1.15314
2295.37,-1.14515
2292.95,-1.13711
2290.51,-1.12901
2288.07,-1.12086
2285.61,-1.11265
2283.13,-1.10438
2280.65,-1.09606
2278.16,-1.08767
2275.65,-1.07923
2273.13,-1.07072
2270.6,-1.06215
2268.05,-1.05352
2265.5,-1.04483
2262.93,-1.03607
2260.35,-1.02725
2257.76,-1.01836
2255.15,-1.0094
2252.54,-1.00038
2249.91,-0.99129
2247.27,-0.982129
2244.62,-0.972897
2241.95,-0.963595
2239.28,-0.954219
2236.59,-0.944771
2233.89,-0.935248
2231.18,-0.925651
2228.45,-0.915977
2225.71,-0.906226
2222.97,-0.896396
2220.2,-0.886487
2217.43,-0.876498
2214.65,-0.866428
2211.85,-0.856275
2209.04,-0.846038
2206.22,-0.835717
2203.38,-0.825309
2200.54,-0.814815
2197.68,-0.804233
2194.81,-0.793561
2191.93,-0.782799
2189.03,-0.771945
2186.12,-0.760998
2183.21,-0.749957
2180.27,-0.73882
2177.33,-0.727586
2174.37,-0.716255
2171.41,-0.704823
2168.43,-0.693291
2165.43,-0.681657
2162.43,-0.66992
2159.41,-0.658078
2156.38,-0.646129
2153.34,-0.634072
2150.29,-0.621906
2147.22,-0.60963
2144.14,-0.597241
2141.05,-0.584739
2137.95,-0.572121
2134.83,-0.559387
2131.7,-0.546534
2128.56,-0.533561
2125.41,-0.520467
2122.25,-0.507249
2119.07,-0.493906
2115.88,-0.480437
2112.68,-0.466838
2109.46,-0.45311
2106.24,-0.43925
2103,-0.425255
2099.74,-0.411125
2096.48,-0.396858
2093.21,-0.382451
2089.92,-0.367903
2086.62,-0.353211
2083.3,-0.338374
2079.98,-0.32339
2076.64,-0.308256
2073.29,-0.292971
2069.92,-0.277533
2066.55,-0.261938
2063.16,-0.246187
2059.76,-0.230275
2056.35,-0.2142
2052.92,-0.197961
2049.49,-0.181556
2046.04,-0.164981
2042.57,-0.148234
2039.1,-0.131314
2035.61,-0.114217
2032.11,-0.0969408
2028.6,-0.0794833
2025.07,-0.0618417
2021.54,-0.0440134
2017.99,-0.025996
2014.43,-0.00778694
2010.85,0.0106176
2007.26,0.029219
2003.67,0.0480207
2000.05,0.0670256
1996.43,0.0862366
1992.79,0.105657
1989.14,0.125289
1985.48,0.145136
1981.81,0.165201
1978.12,0.185487
1974.42,0.205999
1970.71,0.226737
1966.99,0.247707
1963.25,0.268911
1959.5,0.290353
1955.74,0.312036
1951.97,0.333964
1948.18,0.35614
1944.39,0.378567
1940.58,0.401251
1936.75,0.424193
1932.92,0.447399
1929.07,0.470872
1925.21,0.494616
1921.34,0.518634
1917.45,0.542931
1913.55,0.567512
1909.64,0.592379
1905.72,0.617538
1901.79,0.642993
1897.84,0.668748
1893.88,0.694807
1889.91,0.721176
1885.93,0.747858
1881.93,0.774859
1877.93,0.802182
1873.91,0.829833
1869.87,0.857818
1865.83,0.886141
1861.77,0.914806
1857.7,0.943819
1853.62,0.973186
1849.53,1.00291
1845.42,1.033
1841.31,1.06346
1837.18,1.09429
1833.03,1.12551
1828.88,1.15711
1824.71,1.1891
1820.54,1.22149
1816.35,1.25429
1812.14,1.28749
1807.93,1.32112
1803.7,1.35516
1799.47,1.38964
1795.22,1.42455
1790.96,1.4599
1786.68,1.49571
1782.4,1.53197
1778.1,1.56869
1773.79,1.60588
1769.47,1.64356
1765.14,1.68171
1760.79,1.72036
1756.44,1.75951
1752.07,1.79917
1747.69,1.83934
1743.3,1.88003
1738.9,1.92126
1734.49,1.96303
1730.07,2.00534
1725.63,2.04821
1721.18,2.09165
1716.72,2.13566
1712.26,2.18025
1707.77,2.22544
1703.28,2.27122
1698.78,2.31762
1694.27,2.36463
1689.74,2.41228
1685.21,2.46056
1680.66,2.50949
1676.1,2.55908
1671.53,2.60934
1666.95,2.66028
1662.37,2.7119
1657.77,2.76423
1653.15,2.81727
1648.53,2.87103
1643.9,2.92552
1639.26,2.98076
1634.61,3.03676
1629.95,3.09352
1625.27,3.15106
1620.59,3.20939
1615.9,3.26853
1611.2,3.32848
1606.49,3.38926
1601.76,3.45088
1597.03,3.51335
1592.29,3.57669
1587.54,3.64091
1582.78,3.70602
1578.02,3.77203
1573.24,3.83897
1568.45,3.90684
1563.66,3.97566
1558.85,4.04544
1554.04,4.11619
1549.22,4.18794
1544.39,4.26069
1539.55,4.33446
1534.7,4.40927
1529.85,4.48512
1524.99,4.56204
1520.12,4.64004
1515.24,4.71914
1510.35,4.79935
1505.46,4.88069
1500.56,4.96317
1495.65,5.04681
1490.73,5.13162
1485.81,5.21763
1480.89,5.30485
1475.95,5.39329
1471.01,5.48297
1466.06,5.57391
1461.11,5.66613
1456.15,5.75964
1451.19,5.85446
1446.22,5.9506
1441.24,6.04809
1436.26,6.14694
1431.27,6.24717
1426.28,6.34878
1421.29,6.45181
1416.29,6.55627
1411.29,6.66218
1406.28,6.76954
1401.27,6.87839
1396.26,6.98873
1391.24,7.10058
1386.22,7.21396
1381.2,7.32888
1376.18,7.44536
1371.15,7.56342
1366.12,7.68307
1361.09,7.80432
1356.06,7.9272
1351.03,8.05171
1346,8.17787
1340.97,8.30569
1335.93,8.43519
1330.9,8.56637
1325.87,8.69925
1320.84,8.83385
1315.81,8.97016
1310.78,9.10821
1305.76,9.24799
1300.73,9.38953
1295.71,9.53282
1290.7,9.67787
1285.68,9.82469
1280.67,9.97328
1275.67,10.1236
1270.67,10.2758
1265.67,10.4297
1260.68,10.5854
1255.7,10.7428
1250.72,10.9021
1245.75,11.0631
1240.79,11.2258
1235.83,11.3903
1230.88,11.5565
1225.95,11.7245
1221.02,11.8941
1216.1,12.0655
1211.19,12.2385
1206.29,12.4131
1201.41,12.5894
1196.53,12.7673
1191.67,12.9467
1186.83,13.1277
1181.99,13.3101
1177.17,13.494
1172.37,13.6793
1167.58,13.8659
1162.81,14.0539
1158.05,14.2431
1153.32,14.4335
1148.6,14.625
1143.9,14.8176
1139.22,15.0111
1134.56,15.2056
1129.92,15.4009
1125.31,15.597
1120.72,15.7937
1116.15,15.991
1111.6,16.1887
1107.08,16.3867
1102.59,16.585
1098.12,16.7834
1093.69,16.9818
1089.28,17.1801
1084.9,17.3781
1080.54,17.5756
1076.23,17.7726
1071.94,17.9688
1067.68,18.1642
1063.46,18.3585
1059.28,18.5515
1055.13,18.7432
1051.01,18.9332
1046.94,19.1214
1042.9,19.3077
1038.9,19.4917
1034.95,19.6733
1031.03,19.8522
1027.16,20.0283
1023.33,20.2012
1019.55,20.3708
1015.81,20.5368
1012.12,20.699
1008.48,20.857
1004.88,21.0107
1001.34,21.1598
997.845,21.304
994.404,21.443
991.016,21.5765
987.682,21.7044
984.404,21.8262
981.182,21.9418
978.018,22.0508
974.912,22.1529
971.866,22.2479
968.88,22.3355
965.956,22.4154
963.095,22.4874
960.298,22.5511
957.566,22.6063
954.9,22.6527
952.3,22.6901
949.769,22.7182
947.306,22.7367
944.914,22.7456
942.592,22.7444
940.342,22.7331
938.164,22.7113
936.061,22.679
934.032,22.6359
932.078,22.5819
930.201,22.5169
928.4,22.4407
926.677,22.3531
925.033,22.2542
923.469,22.1439
921.984,22.022
920.58,21.8886
919.257,21.7436
918.017,21.587
916.858,21.419
915.783,21.2394
914.792,21.0485
913.884,20.8462
913.061,20.6327
912.323,20.4082
911.67,20.1728
911.102,19.9267
910.62,19.67
910.225,19.4031
909.915,19.1261
909.692,18.8393
909.556,18.543
909.505,18.2376
909.542,17.9232
909.665,17.6003
909.874,17.2692
910.17,16.9303
910.553,16.5839
911.021,16.2305
911.575,15.8704
912.214,15.504
912.939,15.1319
913.749,14.7543
914.643,14.3718
915.622,13.9847
916.684,13.5936
917.829,13.1988
919.057,12.8008
920.367,12.4001
921.758,11.997
923.23,11.5921
924.782,11.1857
926.414,10.7783
928.124,10.3704
929.912,9.96221
931.778,9.55428
933.72,9.14698
935.737,8.74069
937.829,8.33579
939.995,7.93264
942.233,7.53159
944.544,7.13299
946.925,6.73715
949.377,6.3444
951.898,5.95502
954.487,5.56931
957.142,5.18753
959.864,4.80993
962.651,4.43676
965.502,4.06825
968.416,3.70459
971.392,3.346
974.429,2.99264
977.525,2.64468
980.681,2.30228
983.894,1.96557
987.163,1.63468
990.488,1.30973
993.868,0.990794
997.301,0.677977
1000.79,0.371346
1004.32,0.0709621
1007.91,-0.223123
1011.54,-0.510874
1015.23,-0.79226
1018.96,-1.06726
1022.74,-1.33588
1026.56,-1.5981
1030.42,-1.85394
1034.33,-2.10342
1038.28,-2.34656
1042.27,-2.58339
1046.3,-2.81396
1050.37,-3.03831
1054.48,-3.2565
1058.62,-3.46857
1062.8,-3.67459
1067.02,-3.87464
1071.27,-4.06878
1075.55,-4.25708
1079.86,-4.43963
1084.21,-4.61652
1088.59,-4.78781
1092.99,-4.95362
1097.43,-5.11401
1101.89,-5.26909
1106.38,-5.41896
1110.89,-5.5637
1115.43,-5.70341
1120,-5.8382
1124.59,-5.96816
1129.2,-6.09339
1133.83,-6.21399
1138.49,-6.33006
1143.16,-6.44169
1147.86,-6.549
1152.57,-6.65208
1157.31,-6.75102
1162.06,-6.84593
1166.83,-6.93691
1171.62,-7.02404
1176.42,-7.10743
1181.23,-7.18717
1186.06,-7.26336
1190.91,-7.33609
1195.77,-7.40544
1200.64,-7.47151
1205.52,-7.5344
1210.42,-7.59418
1215.33,-7.65094
1220.24,-7.70477
1225.17,-7.75574
1230.11,-7.80395
1235.05,-7.84947
1240.01,-7.89238
1244.97,-7.93275
1249.94,-7.97067
1254.91,-8.0062
1259.9,-8.03942
1264.89,-8.0704
1269.88,-8.09921
1274.88,-8.12591
1279.89,-8.15057
1284.9,-8.17326
1289.91,-8.19403
1294.93,-8.21296
1299.95,-8.23009
1304.97,-8.24549
1309.99,-8.25922
1315.02,-8.27132
1320.05,-8.28186
1325.08,-8.29088
1330.11,-8.29844
1335.14,-8.30458
1340.18,-8.30936
1345.21,-8.31283
1350.24,-8.31502
1355.27,-8.31598
1360.3,-8.31576
1365.33,-8.3144
1370.36,-8.31194
1375.39,-8.30841
1380.41,-8.30386
1385.43,-8.29833
1390.45,-8.29185
1395.47,-8.28445
1400.49,-8.27617
1405.5,-8.26705
1410.5,-8.25712
1415.51,-8.2464
1420.51,-8.23493
1425.5,-8.22274
1430.49,-8.20985
1435.48,-8.1963
1440.46,-8.18211
1445.43,-8.1673
1450.41,-8.15191
1455.37,-8.13595
1460.33,-8.11945
1465.28,-8.10244
1470.23,-8.08493
1475.17,-8.06695
1480.11,-8.04851
1485.04,-8.02965
1489.96,-8.01037
1494.88,-7.99069
1499.79,-7.97065
1504.69,-7.95024
1509.58,-7.92949
1514.47,-7.90842
1519.35,-7.88704
1524.22,-7.86537
1529.08,-7.84341
1533.94,-7.8212
1538.79,-7.79874
1543.63,-7.77604
1548.46,-7.75312
1553.28,-7.72999
1558.1,-7.70666
1562.9,-7.68314
1567.7,-7.65945
1572.49,-7.6356
1577.27,-7.6116
1582.04,-7.58745
1586.8,-7.56317
1591.55,-7.53877
1596.29,-7.51425
1601.02,-7.48963
1605.74,-7.46491
1610.46,-7.44011
1615.16,-7.41523
1619.86,-7.39027
1624.54,-7.36525
1629.21,-7.34017
1633.88,-7.31505
1638.53,-7.28987
1643.17,-7.26467
1647.81,-7.23943
1652.43,-7.21416
1657.04,-7.18888
1661.64,-7.16358
1666.23,-7.13828
1670.81,-7.11297
1675.38,-7.08767
1679.94,-7.06237
1684.49,-7.03708
1689.03,-7.01181
1693.56,-6.98656
1698.07,-6.96133
1702.58,-6.93613
1707.07,-6.91096
1711.55,-6.88583
1716.02,-6.86074
1720.48,-6.83568
1724.93,-6.81068
1729.37,-6.78572
1733.79,-6.76081
1738.21,-6.73596
1742.61,-6.71117
1747,-6.68643
1751.38,-6.66176
1755.75,-6.63715
1760.11,-6.6126
1764.46,-6.58813
1768.79,-6.56373
1773.11,-6.5394
1777.42,-6.51514
1781.72,-6.49096
1786.01,-6.46686
1790.28,-6.44284
1794.55,-6.4189
1798.8,-6.39504
1803.04,-6.37127
1807.27,-6.34759
1811.48,-6.32399
1815.69,-6.30047
1819.88,-6.27705
1824.06,-6.25372
1828.23,-6.23048
1832.38,-6.20733
1836.52,-6.18428
1840.66,-6.16131
1844.78,-6.13845
1848.88,-6.11568
1852.98,-6.093
1857.06,-6.07042
1861.13,-6.04794
1865.19,-6.02556
1869.24,-6.00328
1873.27,-5.98109
1877.29,-5.95901
1881.3,-5.93702
1885.3,-5.91514
1889.29,-5.89335
1893.26,-5.87167
1897.22,-5.85009
1901.17,-5.8286
1905.11,-5.80722
1909.03,-5.78594
1912.94,-5.76477
1916.84,-5.74369
1920.73,-5.72272
1924.6,-5.70185
1928.46,-5.68108
1932.31,-5.66041
1936.15,-5.63985
1939.97,-5.61938
1943.79,-5.59902
1947.59,-5.57876
1951.37,-5.5586
1955.15,-5.53855
1958.91,-5.51859
1962.66,-5.49874
1966.4,-5.47899
1970.13,-5.45934
1973.84,-5.43978
1977.54,-5.42033
1981.23,-5.40098
1984.91,-5.38174
1988.57,-5.36259
1992.22,-5.34353
1995.86,-5.32458
1999.48,-5.30573
2003.1,-5.28698
2006.7,-5.26833
2010.29,-5.24977
2013.86,-5.23131
2017.43,-5.21295
2020.98,-5.19469
2024.52,-5.17652
2028.05,-5.15845
2031.56,-5.14047
2035.06,-5.12259
2038.55,-5.10481
2042.03,-5.08712
2045.49,-5.06952
2048.94,-5.05202
2052.38,-5.03462
2055.81,-5.0173
2059.22,-5.00008
2062.63,-4.98295
2066.02,-4.96592
2069.39,-4.94897
2072.76,-4.93212
2076.11,-4.91535
2079.45,-4.89868
2082.78,-4.8821
2086.09,-4.8656
2089.4,-4.8492
2092.69,-4.83288
2095.97,-4.81666
2099.23,-4.80051
2102.49,-4.78446
2105.73,-4.76849
2108.96,-4.75261
2112.17,-4.73682
2115.38,-4.72111
2118.57,-4.70548
2121.75,-4.68994
2124.91,-4.67449
2128.07,-4.65911
2131.21,-4.64382
2134.34,-4.62861
2137.46,-4.61349
2140.56,-4.59844
2143.65,-4.58348
2146.74,-4.5686
2149.8,-4.55379
2152.86,-4.53907
2155.9,-4.52443
2158.93,-4.50986
2161.95,-4.49537
2164.96,-4.48096
2167.96,-4.46663
2170.94,-4.45238
2173.91,-4.4382
2176.87,-4.4241
2179.81,-4.41007
2182.74,-4.39612
2185.67,-4.38224
2188.57,-4.36843
2191.47,-4.3547
2194.36,-4.34105
2197.23,-4.32746
2200.09,-4.31395
2202.94,-4.30051
2205.77,-4.28714
2208.6,-4.27385
2211.41,-4.26062
2214.21,-4.24746
2216.99,-4.23438
2219.77,-4.22136
2222.53,-4.20841
2225.28,-4.19553
2228.02,-4.18271
2230.75,-4.16997
2233.46,-4.15729
2236.16,-4.14468
2238.85,-4.13213
2241.53,-4.11965
2244.2,-4.10723
2246.85,-4.09488
2249.49,-4.0826
2252.12,-4.07038
2254.74,-4.05822
2257.35,-4.04612
2259.94,-4.03409
2262.52,-4.02212
2265.09,-4.01021
2267.65,-3.99836
2270.19,-3.98658
2272.73,-3.97485
2275.25,-3.96319
2277.76,-3.95158
2280.26,-3.94004
2282.74,-3.92855
2285.22,-3.91713
2287.68,-3.90576
2290.13,-3.89445
2292.57,-3.88319
2294.99,-3.872
2297.41,-3.86086
2299.81,-3.84977
2302.2,-3.83875
2304.58,-3.82777
2306.94,-3.81686
2309.3,-3.806
2311.64,-3.79519
2313.97,-3.78444
2316.29,-3.77374
2318.6,-3.76309
2320.89,-3.7525
2323.18,-3.74196
2325.45,-3.73147
2327.71,-3.72104
2329.96,-3.71066
2332.19,-3.70032
2334.42,-3.69004
2336.63,-3.67981
2338.83,-3.66963
2341.02,-3.6595
2343.2,-3.64942
2345.36,-3.63939
2347.52,-3.62941
2349.66,-3.61947
2351.79,-3.60959
2353.91,-3.59975
2356.01,-3.58996
2358.11,-3.58022
2360.19,-3.57052
2362.26,-3.56087
2364.32,-3.55127
2366.37,-3.54171
2368.41,-3.5322
2370.43,-3.52273
2372.45,-3.51331
2374.45,-3.50393
2376.44,-3.4946
2378.41,-3.48531
2380.38,-3.47607
2382.34,-3.46687
2384.28,-3.45771
2386.21,-3.4486
2388.13,-3.43953
2390.04,-3.4305
2391.94,-3.42151
2393.82,-3.41256
2395.69,-3.40366
2397.56,-3.3948
2399.41,-3.38597
2401.25,-3.37719
2403.07,-3.36845
2404.89,-3.35975
2406.69,-3.35109
2408.49,-3.34246
2410.27,-3.33388
2412.04,-3.32534
2413.79,-3.31683
2415.54,-3.30836
2417.28,-3.29993
2419,-3.29154
2420.71,-3.28319
2422.41,-3.27487
2424.1,-3.26659
2425.78,-3.25835
2427.44,-3.25014
2429.1,-3.24197
2430.74,-3.23384
2432.37,-3.22574
2433.99,-3.21768
2435.6,-3.20965
2437.2,-3.20166
2438.79,-3.1937
2440.36,-3.18578
2441.92,-3.17789
2443.47,-3.17003
2445.01,-3.16221
2446.54,-3.15442
2448.06,-3.14667
2449.57,-3.13895
2451.06,-3.13126
2452.54,-3.1236
2454.02,-3.11598
2455.48,-3.10839
2456.93,-3.10083
2458.36,-3.0933
2459.79,-3.0858
2461.21,-3.07834
2462.61,-3.0709
2464,-3.0635
2465.38,-3.05612
2466.75,-3.04878
2468.11,-3.04147
2469.46,-3.03418
2470.79,-3.02693
2472.12,-3.01971
2473.43,-3.01251
2474.73,-3.00534
2476.02,-2.99821
2477.3,-2.9911
2478.57,-2.98402
2479.83,-2.97696
2481.07,-2.96994
2482.3,-2.96294
2483.53,-2.95597
2484.74,-2.94903
2485.94,-2.94212
2487.13,-2.93523
2488.31,-2.92837
2489.47,-2.92153
2490.63,-2.91472
2491.77,-2.90794
2492.9,-2.90118
2494.03,-2.89445
2495.14,-2.88774
2496.23,-2.88106
2497.32,-2.87441
2498.4,-2.86778
2499.46,-2.86117
2500.52,-2.85459
2501.56,-2.84803
2502.59,-2.8415
2503.61,-2.83499
2504.62,-2.82851
2505.62,-2.82204
2506.61,-2.8156
2507.59,-2.80919
2508.55,-2.8028
2509.5,-2.79643
2510.45,-2.79008
2511.38,-2.78376
2512.3,-2.77746
2513.21,-2.77117
2514.1,-2.76492
2514.99,-2.75868
2515.87,-2.75247
2516.73,-2.74627
2517.58,-2.7401
2518.43,-2.73395
2519.26,-2.72782
2520.08,-2.72171
2520.88,-2.71562
2521.68,-2.70955
2522.47,-2.7035
2523.24,-2.69747
2524.01,-2.69146
2524.76,-2.68547
2525.5,-2.6795
2526.23,-2.67355
2526.95,-2.66762
2527.66,-2.66171
2528.36,-2.65582
2529.05,-2.64994
2529.72,-2.64408
2530.39,-2.63824
2531.04,-2.63243
2531.68,-2.62662
2532.31,-2.62084
2532.93,-2.61507
2533.54,-2.60932
2534.14,-2.60359
2534.72,-2.59788
2535.3,-2.59218
2535.86,-2.5865
2536.42,-2.58083
2536.96,-2.57518
2537.49,-2.56955
2538.01,-2.56394
2538.52,-2.55834
2539.02,-2.55275
2539.51,-2.54719
2539.98,-2.54163
2540.45,-2.5361
2540.9,-2.53058
2541.34,-2.52507
2541.78,-2.51958
2542.2,-2.5141
2542.61,-2.50864
2543.01,-2.50319
2543.39,-2.49776
2543.77,-2.49234
2544.14,-2.48693
2544.49,-2.48154
2544.83,-2.47616
2545.17,-2.4708
2545.49,-2.46545
2545.8,-2.46011
2546.1,-2.45479
2546.39,-2.44947
2546.66,-2.44417
2546.93,-2.43889
2547.19,-2.43361
2547.43,-2.42835
2547.66,-2.4231
2547.88,-2.41787
2548.1,-2.41264
2548.3,-2.40743
2548.49,-2.40222
2548.66,-2.39703
2548.83,-2.39185
2548.99,-2.38669
2549.13,-2.38153
2549.27,-2.37638
2549.39,-2.37125
2549.5,-2.36612
2549.6,-2.361
2549.69,-2.3559
2549.77,-2.35081
2549.84,-2.34572
2549.9,-2.34065
2549.94,-2.33558
2549.98,-2.33052
2550,-2.32548
2550.01,-2.32044
2550.02,-2.31541
2550.01,-2.31039
2549.99,-2.30538
2549.96,-2.30038
2549.91,-2.29538
2549.86,-2.2904
2549.8,-2.28542
2549.72,-2.28045
2549.64,-2.27549
2549.54,-2.27054
2549.43,-2.26559
2549.31,-2.26065
2549.18,-2.25572
2549.04,-2.25079
2548.89,-2.24587
2548.72,-2.24096
2548.55,-2.23606
2548.36,-2.23116
2548.17,-2.22627
2547.96,-2.22138
2547.74,-2.2165
2547.51,-2.21163
2547.27,-2.20676
2547.02,-2.2019
2546.76,-2.19704
2546.49,-2.19219
2546.2,-2.18734
2545.91,-2.1825
2545.6,-2.17766
2545.28,-2.17283
2544.95,-2.168
2544.61,-2.16318
2544.26,-2.15836
2543.9,-2.15354
2543.53,-2.14873
2543.14,-2.14392
2542.75,-2.13912
2542.34,-2.13432
2541.93,-2.12952
2541.5,-2.12472
2541.06,-2.11993
2540.61,-2.11514
2540.15,-2.11036
2539.68,-2.10557
2539.19,-2.10079
2538.7,-2.09601
2538.19,-2.09123
2537.68,-2.08645
2537.15,-2.08168
2536.61,-2.07691
2536.06,-2.07213
2535.5,-2.06736
2534.93,-2.06259
2534.35,-2.05782
2533.75,-2.05305
2533.15,-2.04829
2532.53,-2.04352
2531.9,-2.03875
2531.27,-2.03398
2530.62,-2.02921
2529.96,-2.02444
2529.29,-2.01967
2528.6,-2.0149
2527.91,-2.01013
2527.2,-2.00536
2526.49,-2.00058
2525.76,-1.99581
2525.02,-1.99103
2524.27,-1.98625
2523.51,-1.98147
2522.74,-1.97669
2521.96,-1.9719
2521.17,-1.96711
2520.36,-1.96232
2519.55,-1.95753
2518.72,-1.95273
2517.88,-1.94793
2517.03,-1.94312
2516.17,-1.93832
2515.3,-1.9335
2514.42,-1.92869
2513.52,-1.92387
2512.62,-1.91904
2511.7,-1.91421
2510.78,-1.90938
2509.84,-1.90454
2508.89,-1.89969
2507.93,-1.89484
2506.96,-1.88999
2505.97,-1.88512
2504.98,-1.88026
2503.97,-1.87538
2502.96,-1.8705
2501.93,-1.86561
2500.89,-1.86072
2499.84,-1.85582
2498.78,-1.85091
2497.7,-1.84599
2496.62,-1.84106
2495.53,-1.83613
2494.42,-1.83119
2493.3,-1.82624
2492.17,-1.82128
2491.03,-1.81631
2489.88,-1.81134
2488.72,-1.80635
2487.55,-1.80135
2486.36,-1.79635
2485.16,-1.79133
2483.96,-1.78631
2482.74,-1.78127
2481.51,-1.77622
2480.27,-1.77116
2479.01,-1.76609
2477.75,-1.76101
2476.48,-1.75592
2475.19,-1.75081
2473.89,-1.7457
2472.58,-1.74056
2471.26,-1.73542
2469.93,-1.73027
2468.59,-1.7251
2467.23,-1.71991
2465.87,-1.71471
2464.49,-1.7095
2463.1,-1.70428
2461.7,-1.69904
2460.29,-1.69378
2458.87,-1.68851
2457.44,-1.68322
2455.99,-1.67792
2454.53,-1.6726
2453.07,-1.66727
2451.59,-1.66192
2450.1,-1.65655
2448.59,-1.65116
2447.08,-1.64576
2445.56,-1.64034
2444.02,-1.6349
2442.47,-1.62944
2440.91,-1.62396
2439.34,-1.61847
2437.76,-1.61295
2436.17,-1.60741
2434.56,-1.60186
2432.95,-1.59628
2431.32,-1.59068
2429.68,-1.58507
2428.03,-1.57943
2426.37,-1.57377
2424.69,-1.56808
2423.01,-1.56238
2421.31,-1.55665
2419.61,-1.55089
2417.89,-1.54512
2416.15,-1.53932
2414.41,-1.53349
2412.66,-1.52765
2410.89,-1.52177
2409.12,-1.51587
2407.33,-1.50995
2405.53,-1.504
2403.72,-1.49802
2401.89,-1.49201
2400.06,-1.48598
2398.21,-1.47992
2396.35,-1.47383
2394.48,-1.46772
2392.6,-1.46157
2390.71,-1.45539
2388.81,-1.44919
2386.89,-1.44295
2384.96,-1.43669
2383.02,-1.43039
2381.07,-1.42406
2379.11,-1.4177
2377.14,-1.4113
2375.15,-1.40488
2373.15,-1.39842
2371.14,-1.39192
2369.12,-1.38539
2367.09,-1.37883
2365.05,-1.37223
2362.99,-1.3656
2360.92,-1.35892
2358.84,-1.35222
2356.75,-1.34547
2354.65,-1.33869
2352.54,-1.33186
2350.41,-1.325
2348.27,-1.3181
2346.12,-1.31116
2343.96,-1.30418
2341.79,-1.29716
2339.6,-1.29009
2337.41,-1.28298
2335.2,-1.27584
2332.98,-1.26864
2330.75,-1.2614
2328.5,-1.25412
2326.25,-1.2468
2323.98,-1.23942
2321.7,-1.232
2319.41,-1.22454
2317.11,-1.21702
2314.79,-1.20946
2312.47,-1.20185
2310.13,-1.19418
2307.78,-1.18647
2305.41,-1.17871
2303.04,-1.17089
2300.65,-1.16303
2298.26,-1.15511
2295.85,-1.14713
2293.42,-1.1391
2290.99,-1.13102
2288.54,-1.12288
2286.09,-1.11468
2283.62,-1.10643
2281.14,-1.09811
2278.64,-1.08974
2276.14,-1.08131
2273.62,-1.07281
2271.09,-1.06426
2268.55,-1.05564
2266,-1.04696
2263.43,-1.03822
2260.85,-1.02941
2258.26,-1.02054
2255.66,-1.0116
2253.05,-1.00259
2250.42,-0.99351
2247.79,-0.984364
2245.14,-0.975147
2242.47,-0.96586
2239.8,-0.9565
2237.11,-0.947068
2234.42,-0.937561
2231.71,-0.927979
2228.98,-0.918322
2226.25,-0.908587
2223.5,-0.898775
2220.74,-0.888883
2217.97,-0.878911
2215.19,-0.868858
2212.4,-0.858723
2209.59,-0.848504
2206.77,-0.8382
2203.94,-0.827812
2201.09,-0.817336
2198.24,-0.806772
2195.37,-0.796119
2192.49,-0.785377
2189.6,-0.774542
2186.69,-0.763615
2183.78,-0.752593
2180.85,-0.741476
2177.91,-0.730264
2174.95,-0.718952
2171.99,-0.707542
2169.01,-0.696031
2166.02,-0.684419
2163.02,-0.672703
2160,-0.660883
2156.98,-0.648956
2153.94,-0.636923
2150.88,-0.62478
2147.82,-0.612527
2144.74,-0.600162
2141.66,-0.587683
2138.55,-0.57509
2135.44,-0.56238
2132.32,-0.549552
2129.18,-0.536604
2126.03,-0.523535
2122.87,-0.510343
2119.69,-0.497027
2116.5,-0.483584
2113.3,-0.470012
2110.09,-0.456312
2106.87,-0.442479
2103.63,-0.428513
2100.38,-0.414411
2097.12,-0.400172
2093.85,-0.385795
2090.56,-0.371276
2087.26,-0.356615
2083.95,-0.341808
2080.63,-0.326855
2077.29,-0.311753
2073.94,-0.296499
2070.58,-0.281093
2067.21,-0.265531
2063.82,-0.249812
2060.43,-0.233933
2057.02,-0.217893
2053.59,-0.201688
2050.16,-0.185317
2046.71,-0.168777
2043.25,-0.152066
2039.78,-0.135182
2036.29,-0.118121
2032.8,-0.100883
2029.29,-0.0834629
2025.77,-0.0658597
2022.23,-0.04807
2018.68,-0.0300918
2015.12,-0.011922
2011.55,0.006442
2007.97,0.0250028
2004.37,0.0437633
2000.76,0.0627263
1997.14,0.0818948
1993.51,0.101271
1989.86,0.12086
1986.2,0.140662
1982.53,0.160683
1978.84,0.180924
1975.15,0.201388
1971.44,0.22208
1967.72,0.243002
1963.98,0.264158
1960.24,0.285551
1956.48,0.307185
1952.71,0.329062
1948.93,0.351187
1945.13,0.373564
1941.32,0.396194
1937.5,0.419084
1933.67,0.442236
1929.82,0.465654
1925.97,0.489341
1922.1,0.513304
1918.21,0.537544
1914.32,0.562066
1910.41,0.586875
1906.49,0.611974
1902.56,0.637369
1898.62,0.663062
1894.66,0.689059
1890.69,0.715365
1886.71,0.741983
1882.72,0.768918
1878.71,0.796176
1874.69,0.823761
1870.66,0.851677
1866.62,0.879931
1862.57,0.908526
1858.5,0.937468
1854.42,0.966762
1850.33,0.996415
1846.23,1.02643
1842.11,1.05681
1837.98,1.08757
1833.85,1.11871
1829.69,1.15023
1825.53,1.18214
1821.35,1.21445
1817.17,1.24717
1812.97,1.28029
1808.76,1.31383
1804.53,1.34779
1800.3,1.38217
1796.05,1.417
1791.79,1.45226
1787.52,1.48797
1783.24,1.52414
1778.94,1.56077
1774.64,1.59787
1770.32,1.63544
1765.99,1.6735
1761.65,1.71205
1757.29,1.7511
1752.93,1.79065
1748.55,1.83072
1744.16,1.87131
1739.77,1.91243
1735.35,1.95409
1730.93,1.99629
1726.5,2.03905
1722.05,2.08237
1717.6,2.12627
1713.13,2.17074
1708.65,2.21581
1704.16,2.26147
1699.66,2.30774
1695.15,2.35463
1690.63,2.40215
1686.09,2.45031
1681.55,2.49911
1676.99,2.54856
1672.43,2.59869
1667.85,2.64949
1663.26,2.70098
1658.67,2.75316
1654.06,2.80606
1649.44,2.85968
1644.81,2.91402
1640.17,2.96911
1635.52,3.02495
1630.86,3.08156
1626.19,3.13895
1621.51,3.19712
1616.82,3.25609
1612.12,3.31588
1607.41,3.37649
1602.69,3.43795
1597.96,3.50025
1593.22,3.56341
1588.47,3.62746
1583.72,3.69239
1578.95,3.75822
1574.17,3.82498
1569.39,3.89266
1564.6,3.96129
1559.79,4.03088
1554.98,4.10144
1550.16,4.17299
1545.33,4.24554
1540.5,4.3191
1535.65,4.3937
1530.8,4.46935
1525.94,4.54606
1521.07,4.62384
1516.19,4.70272
1511.31,4.78271
1506.42,4.86382
1501.52,4.94608
1496.61,5.02948
1491.7,5.11407
1486.78,5.19984
1481.85,5.28681
1476.92,5.37501
1471.98,5.46445
1467.03,5.55514
1462.08,5.64711
1457.12,5.74036
1452.16,5.83492
1447.19,5.9308
1442.21,6.02802
1437.23,6.1266
1432.25,6.22656
1427.26,6.3279
1422.27,6.43065
1417.27,6.53483
1412.27,6.64045
1407.26,6.74753
1402.25,6.85608
1397.24,6.96612
1392.22,7.07768
1387.21,7.19075
1382.18,7.30538
1377.16,7.42155
1372.13,7.5393
1367.11,7.65863
1362.08,7.77957
1357.05,7.90213
1352.02,8.02632
1346.98,8.15216
1341.95,8.27965
1336.92,8.40882
1331.89,8.53968
1326.85,8.67223
1321.82,8.80649
1316.79,8.94247
1311.77,9.08018
1306.74,9.21962
1301.72,9.36082
1296.7,9.50376
1291.68,9.64847
1286.66,9.79495
1281.65,9.94319
1276.65,10.0932
1271.64,10.245
1266.65,10.3986
1261.66,10.5539
1256.67,10.711
1251.69,10.8699
1246.72,11.0306
1241.75,11.193
1236.8,11.3571
1231.85,11.523
1226.91,11.6907
1221.98,11.86
1217.06,12.031
1212.15,12.2037
1207.25,12.378
1202.36,12.554
1197.48,12.7316
1192.62,12.9107
1187.77,13.0914
1182.93,13.2735
1178.11,13.4571
1173.31,13.6422
1168.51,13.8286
1163.74,14.0163
1158.98,14.2053
1154.24,14.3954
1149.52,14.5867
1144.82,14.7791
1140.13,14.9725
1135.47,15.1669
1130.83,15.362
1126.21,15.558
1121.61,15.7546
1117.04,15.9517
1112.49,16.1494
1107.97,16.3474
1103.47,16.5457
1098.99,16.7441
1094.55,16.9425
1090.13,17.1408
1085.75,17.3389
1081.39,17.5365
1077.07,17.7337
1072.77,17.9301
1068.51,18.1257
1064.28,18.3202
1060.09,18.5135
1055.93,18.7055
1051.81,18.8959
1047.73,19.0845
1043.69,19.2712
1039.68,19.4557
1035.72,19.6378
1031.79,19.8173
1027.91,19.9939
1024.08,20.1675
1020.28,20.3379
1016.54,20.5046
1012.84,20.6676
1009.18,20.8265
1005.58,20.9811
1002.03,21.1311
998.522,21.2763
995.07,21.4164
991.672,21.5511
988.328,21.6801
985.038,21.8032
981.805,21.92
978.63,22.0303
975.512,22.1339
972.454,22.2304
969.457,22.3195
966.521,22.401
963.647,22.4745
960.837,22.5399
958.092,22.5968
955.413,22.645
952.8,22.6842
950.256,22.7142
947.779,22.7347
945.373,22.7455
943.037,22.7463
940.773,22.737
938.582,22.7174
936.463,22.6872
934.42,22.6463
932.451,22.5945
930.559,22.5317
928.743,22.4577
927.005,22.3724
925.346,22.2758
923.765,22.1677
922.265,22.0481
920.845,21.917
919.506,21.7743
918.249,21.6201
917.075,21.4543
915.983,21.2771
914.976,21.0884
914.051,20.8883
913.212,20.6771
912.457,20.4548
911.787,20.2215
911.203,19.9775
910.704,19.7229
910.292,19.458
909.965,19.183
909.725,18.8981
909.572,18.6037
909.505,18.3001
909.524,17.9875
909.63,17.6662
909.823,17.3367
910.102,16.9993
910.467,16.6544
910.919,16.3023
911.456,15.9435
912.079,15.5784
912.787,15.2074
913.58,14.8308
914.458,14.4493
915.42,14.0631
916.466,13.6727
917.595,13.2786
918.806,12.8812
920.1,12.481
921.475,12.0784
922.932,11.6738
924.468,11.2677
926.084,10.8605
927.779,10.4526
929.552,10.0444
931.403,9.63642
933.33,9.22896
935.332,8.82244
937.41,8.41724
939.561,8.01371
941.786,7.61222
944.082,7.21311
946.45,6.8167
948.888,6.42331
951.395,6.03325
953.971,5.64679
956.614,5.26421
959.323,4.88577
962.097,4.5117
964.936,4.14225
967.837,3.77761
970.801,3.418
973.826,3.06359
976.911,2.71455
980.055,2.37103
983.257,2.03319
986.515,1.70113
989.83,1.37499
993.198,1.05485
996.621,0.740818
1000.1,0.432953
1003.62,0.131325
1007.2,-0.164015
1010.83,-0.453026
1014.5,-0.735679
1018.22,-1.01195
1021.99,-1.28183
1025.8,-1.54533
1029.66,-1.80244
1033.56,-2.05318
1037.5,-2.29758
1041.48,-2.53566
1045.51,-2.76748
1049.57,-2.99306
1053.67,-3.21247
1057.81,-3.42575
1061.98,-3.63298
1066.19,-3.83421
1070.43,-4.02952
1074.71,-4.21898
1079.01,-4.40267
1083.35,-4.58067
1087.72,-4.75308
1092.12,-4.91997
1096.55,-5.08144
1101.01,-5.23757
1105.49,-5.38847
1110,-5.53423
1114.54,-5.67494
1119.1,-5.8107
1123.68,-5.94162
1128.29,-6.06778
1132.92,-6.1893
1137.57,-6.30626
1142.24,-6.41878
1146.94,-6.52695
1151.65,-6.63086
1156.38,-6.73063
1161.13,-6.82634
1165.89,-6.91809
1170.67,-7.00599
1175.47,-7.09012
1180.29,-7.17059
1185.12,-7.24748
1189.96,-7.3209
1194.81,-7.39092
1199.68,-7.45765
1204.56,-7.52117
1209.46,-7.58156
1214.36,-7.63892
1219.28,-7.69334
1224.2,-7.74488
1229.14,-7.79364
1234.08,-7.8397
1239.03,-7.88312
1243.99,-7.92401
1248.96,-7.96241
1253.94,-7.99842
1258.92,-8.03211
1263.91,-8.06353
1268.9,-8.09277
1273.9,-8.1199
1278.9,-8.14497
1283.91,-8.16805
1288.92,-8.18921
1293.94,-8.2085
1298.96,-8.226
1303.98,-8.24175
1309.01,-8.25581
1314.03,-8.26824
1319.06,-8.27909
1324.09,-8.28842
1329.12,-8.29627
1334.16,-8.3027
1339.19,-8.30776
1344.22,-8.31149
1349.25,-8.31393
1354.29,-8.31515
1359.32,-8.31517
1364.35,-8.31403
1369.38,-8.31179
1374.4,-8.30849
1379.43,-8.30415
1384.45,-8.29881
1389.47,-8.29252
1394.49,-8.28531
1399.5,-8.27722
1404.51,-8.26827
1409.52,-8.2585
1414.52,-8.24794
1419.52,-8.23663
1424.52,-8.22459
1429.51,-8.21184
1434.5,-8.19843
1439.48,-8.18437
1444.46,-8.16969
1449.43,-8.15442
1454.4,-8.13858
1459.36,-8.1222
1464.31,-8.10529
1469.26,-8.08789
1474.21,-8.07
1479.14,-8.05167
1484.07,-8.03289
1489,-8.0137
1493.91,-7.99411
1498.82,-7.97414
1503.73,-7.95381
1508.62,-7.93313
1513.51,-7.91213
1518.39,-7.89081
1523.27,-7.86921
1528.13,-7.84731
1532.99,-7.82516
1537.84,-7.80275
1542.68,-7.7801
1547.51,-7.75723
1552.34,-7.73415
1557.15,-7.71086
1561.96,-7.68739
1566.76,-7.66374
1571.55,-7.63993
1576.33,-7.61596
1581.1,-7.59184
1585.86,-7.5676
1590.62,-7.54322
1595.36,-7.51874
1600.09,-7.49414
1604.82,-7.46945
1609.53,-7.44467
1614.24,-7.4198
1618.94,-7.39487
1623.62,-7.36986
1628.3,-7.3448
1632.96,-7.31969
1637.62,-7.29453
1642.26,-7.26933
1646.9,-7.24411
1651.52,-7.21885
1656.14,-7.19358
1660.74,-7.16829
1665.33,-7.14299
1669.92,-7.11769
1674.49,-7.09238
1679.05,-7.06709
1683.6,-7.0418
1688.14,-7.01653
1692.67,-6.99128
1697.19,-6.96605
1701.69,-6.94085
1706.19,-6.91568
1710.67,-6.89055
1715.15,-6.86545
1719.61,-6.84039
1724.06,-6.81538
1728.5,-6.79042
1732.93,-6.7655
1737.34,-6.74065
1741.75,-6.71584
1746.14,-6.6911
1750.53,-6.66642
1754.9,-6.6418
1759.26,-6.61725
1763.6,-6.59276
1767.94,-6.56835
1772.27,-6.54401
1776.58,-6.51974
1780.88,-6.49555
1785.17,-6.47144
1789.45,-6.4474
1793.71,-6.42345
1797.97,-6.39958
1802.21,-6.3758
1806.44,-6.3521
1810.66,-6.32848
1814.86,-6.30496
1819.06,-6.28152
1823.24,-6.25817
1827.41,-6.23492
1831.57,-6.21176
1835.71,-6.18869
1839.85,-6.16571
1843.97,-6.14283
1848.08,-6.12004
1852.18,-6.09735
1856.26,-6.07475
1860.33,-6.05226
1864.4,-6.02986
1868.44,-6.00756
1872.48,-5.98536
1876.51,-5.96325
1880.52,-5.94125
1884.52,-5.91935
1888.51,-5.89755
1892.48,-5.87585
1896.44,-5.85425
1900.4,-5.83275
1904.33,-5.81135
1908.26,-5.79005
1912.17,-5.76886
1916.08,-5.74776
1919.96,-5.72677
1923.84,-5.70589
1927.71,-5.6851
1931.56,-5.66441
1935.4,-5.64383
1939.22,-5.62335
1943.04,-5.60297
1946.84,-5.58269
1950.63,-5.56252
1954.41,-5.54244
1958.18,-5.52247
1961.93,-5.5026
1965.67,-5.48283
1969.4,-5.46316
1973.11,-5.44359
1976.82,-5.42412
1980.51,-5.40476
1984.18,-5.38549
1987.85,-5.36632
1991.5,-5.34726
1995.14,-5.32829
1998.77,-5.30942
2002.39,-5.29065
2005.99,-5.27198
2009.58,-5.2534
2013.16,-5.23493
2016.73,-5.21655
2020.28,-5.19827
2023.82,-5.18008
2027.35,-5.16199
2030.87,-5.144
2034.37,-5.1261
2037.87,-5.1083
2041.34,-5.0906
2044.81,-5.07299
2048.27,-5.05547
2051.71,-5.03804
2055.14,-5.02071
2058.55,-5.00348
2061.96,-4.98633
2065.35,-4.96928
2068.73,-4.95232
2072.1,-4.93545
2075.45,-4.91867
2078.8,-4.90198
2082.13,-4.88538
2085.44,-4.86887
2088.75,-4.85245
2092.04,-4.83612
2095.32,-4.81987
2098.59,-4.80371
2101.85,-4.78765
2105.09,-4.77166
2108.32,-4.75577
2111.54,-4.73996
2114.75,-4.72423
2117.94,-4.70859
2121.12,-4.69303
2124.29,-4.67756
2127.45,-4.66217
2130.59,-4.64687
2133.72,-4.63164
2136.84,-4.6165
2139.95,-4.60144
2143.05,-4.58647
2146.13,-4.57157
2149.2,-4.55675
2152.26,-4.54201
2155.31,-4.52736
2158.34,-4.51278
2161.36,-4.49827
2164.37,-4.48385
2167.37,-4.46951
2170.35,-4.45524
2173.32,-4.44104
2176.28,-4.42693
2179.23,-4.41289
2182.17,-4.39892
2185.09,-4.38503
2188,-4.37121
2190.9,-4.35747
2193.79,-4.3438
2196.66,-4.3302
2199.53,-4.31668
2202.38,-4.30323
2205.21,-4.28984
2208.04,-4.27653
2210.85,-4.26329
2213.66,-4.25012
2216.45,-4.23702
2219.22,-4.22399
2221.99,-4.21103
2224.74,-4.19814
2227.48,-4.18531
2230.21,-4.17255
2232.93,-4.15986
2235.63,-4.14724
2238.32,-4.13468
2241,-4.12219
2243.67,-4.10976
2246.33,-4.0974
2248.97,-4.0851
2251.61,-4.07287
2254.23,-4.0607
2256.83,-4.04859
2259.43,-4.03655
2262.01,-4.02457
2264.59,-4.01265
2267.15,-4.00079
2269.69,-3.98899
2272.23,-3.97726
2274.75,-3.96558
2277.27,-3.95396
2279.77,-3.94241
2282.25,-3.93091
2284.73,-3.91947
2287.19,-3.90809
2289.65,-3.89677
2292.09,-3.88551
2294.51,-3.8743
2296.93,-3.86315
2299.34,-3.85206
2301.73,-3.84102
2304.11,-3.83004
2306.48,-3.81911
2308.83,-3.80824
2311.18,-3.79742
2313.51,-3.78666
2315.83,-3.77595
2318.14,-3.7653
2320.44,-3.7547
2322.73,-3.74415
2325,-3.73365
2327.26,-3.72321
2329.51,-3.71281
2331.75,-3.70247
2333.98,-3.69218
2336.19,-3.68194
2338.4,-3.67175
2340.59,-3.66161
2342.77,-3.65152
2344.93,-3.64148
2347.09,-3.63149
2349.24,-3.62155
2351.37,-3.61165
2353.49,-3.60181
2355.6,-3.59201
2357.69,-3.58225
2359.78,-3.57255
2361.85,-3.56289
2363.92,-3.55328
2365.97,-3.54372
2368.01,-3.53419
2370.03,-3.52472
2372.05,-3.51529
2374.05,-3.50591
2376.04,-3.49657
2378.02,-3.48727
2379.99,-3.47802
2381.95,-3.46881
2383.9,-3.45964
2385.83,-3.45052
2387.75,-3.44144
2389.66,-3.43241
2391.56,-3.42341
2393.45,-3.41446
2395.33,-3.40554
2397.19,-3.39667
2399.04,-3.38784
2400.88,-3.37905
2402.71,-3.37031
2404.53,-3.3616
2406.34,-3.35293
2408.13,-3.3443
2409.92,-3.33571
2411.69,-3.32716
2413.45,-3.31865
2415.2,-3.31017
2416.93,-3.30173
2418.66,-3.29334
2420.37,-3.28498
2422.08,-3.27665
2423.77,-3.26837
2425.45,-3.26012
2427.12,-3.2519
2428.77,-3.24373
2430.42,-3.23559
2432.05,-3.22748
2433.67,-3.21941
2435.28,-3.21138
2436.88,-3.20338
2438.47,-3.19542
2440.05,-3.18749
2441.61,-3.17959
2443.17,-3.17173
2444.71,-3.1639
2446.24,-3.15611
2447.76,-3.14835
2449.27,-3.14062
2450.77,-3.13293
2452.25,-3.12527
2453.72,-3.11763
2455.19,-3.11004
2456.64,-3.10247
2458.08,-3.09494
2459.51,-3.08744
2460.92,-3.07996
2462.33,-3.07252
2463.72,-3.06511
2465.11,-3.05774
2466.48,-3.05039
2467.84,-3.04307
2469.19,-3.03578
2470.53,-3.02852
2471.85,-3.02129
2473.17,-3.01409
2474.47,-3.00692
2475.76,-2.99978
2477.05,-2.99266
2478.32,-2.98558
2479.58,-2.97852
2480.82,-2.97149
2482.06,-2.96449
2483.28,-2.95751
2484.5,-2.95057
2485.7,-2.94365
2486.89,-2.93675
2488.07,-2.92989
2489.24,-2.92305
2490.4,-2.91623
2491.54,-2.90945
2492.68,-2.90268
2493.8,-2.89595
2494.91,-2.88924
2496.01,-2.88255
2497.11,-2.87589
2498.18,-2.86926
2499.25,-2.86265
2500.31,-2.85606
2501.35,-2.8495
2502.39,-2.84296
2503.41,-2.83645
2504.42,-2.82996
2505.42,-2.8235
2506.41,-2.81705
2507.39,-2.81063
2508.36,-2.80424
2509.31,-2.79786
2510.26,-2.79151
2511.19,-2.78519
2512.11,-2.77888
2513.02,-2.7726
2513.92,-2.76633
2514.81,-2.76009
2515.69,-2.75388
2516.55,-2.74768
2517.41,-2.7415
2518.25,-2.73535
2519.09,-2.72921
2519.91,-2.7231
2520.72,-2.71701
2521.52,-2.71094
2522.31,-2.70488
2523.09,-2.69885
2523.85,-2.69284
2524.61,-2.68685
2525.35,-2.68087
2526.08,-2.67492
2526.81,-2.66898
2527.52,-2.66307
2528.22,-2.65717
2528.9,-2.65129
2529.58,-2.64543
2530.25,-2.63959
2530.9,-2.63377
2531.55,-2.62796
2532.18,-2.62218
2532.8,-2.61641
2533.41,-2.61065
2534.01,-2.60492
2534.6,-2.5992
2535.18,-2.5935
2535.75,-2.58782
2536.3,-2.58215
2536.85,-2.5765
2537.38,-2.57086
2537.9,-2.56525
2538.41,-2.55964
2538.92,-2.55406
2539.4,-2.54849
2539.88,-2.54293
2540.35,-2.53739
2540.81,-2.53187
2541.25,-2.52636
2541.68,-2.52086
2542.11,-2.51538
2542.52,-2.50992
2542.92,-2.50447
2543.31,-2.49903
2543.69,-2.49361
2544.06,-2.4882
2544.41,-2.48281
2544.76,-2.47743
2545.09,-2.47206
2545.42,-2.46671
2545.73,-2.46137
2546.03,-2.45605
2546.32,-2.45073
2546.6,-2.44543
2546.87,-2.44014
2547.13,-2.43487
2547.37,-2.4296
2547.61,-2.42435
2547.83,-2.41911
2548.05,-2.41388
2548.25,-2.40867
2548.44,-2.40347
2548.62,-2.39827
2548.79,-2.39309
2548.95,-2.38792
2549.1,-2.38276
2549.23,-2.37761
2549.36,-2.37248
2549.47,-2.36735
2549.57,-2.36223
2549.67,-2.35713
2549.75,-2.35203
2549.82,-2.34694
2549.88,-2.34187
2549.93,-2.3368
2549.96,-2.33174
2549.99,-2.3267
2550,-2.32166
2550.01,-2.31663
2550,-2.31161
2549.98,-2.30659
2549.95,-2.30159
2549.91,-2.2966
2549.86,-2.29161
2549.8,-2.28663
2549.73,-2.28166
2549.64,-2.2767
2549.55,-2.27174
2549.44,-2.26679
2549.33,-2.26185
2549.2,-2.25692
2549.06,-2.25199
2548.91,-2.24708
2548.75,-2.24216
2548.57,-2.23726
2548.39,-2.23236
2548.2,-2.22747
2547.99,-2.22258
2547.78,-2.2177
2547.55,-2.21282
2547.31,-2.20796
2547.06,-2.20309
2546.8,-2.19824
2546.53,-2.19338
2546.25,-2.18854
2545.95,-2.18369
2545.65,-2.17886
2545.33,-2.17402
2545.01,-2.16919
2544.67,-2.16437
2544.32,-2.15955
2543.96,-2.15473
2543.59,-2.14992
2543.21,-2.14511
2542.82,-2.14031
2542.41,-2.13551
2542,-2.13071
2541.57,-2.12591
2541.13,-2.12112
2540.69,-2.11633
2540.23,-2.11155
2539.76,-2.10676
2539.28,-2.10198
2538.78,-2.0972
2538.28,-2.09242
2537.77,-2.08764
2537.24,-2.08287
2536.71,-2.0781
2536.16,-2.07332
2535.6,-2.06855
2535.03,-2.06378
2534.45,-2.05901
2533.86,-2.05425
2533.26,-2.04948
2532.64,-2.04471
2532.02,-2.03994
2531.38,-2.03517
2530.73,-2.03041
2530.08,-2.02564
2529.41,-2.02087
2528.73,-2.0161
2528.03,-2.01133
2527.33,-2.00656
2526.62,-2.00178
2525.89,-1.99701
2525.16,-1.99223
2524.41,-1.98745
2523.65,-1.98267
2522.88,-1.97789
2522.1,-1.97311
2521.31,-1.96832
2520.51,-1.96353
2519.7,-1.95873
2518.87,-1.95394
2518.03,-1.94914
2517.19,-1.94434
2516.33,-1.93953
2515.46,-1.93472
2514.58,-1.9299
2513.69,-1.92508
2512.78,-1.92026
2511.87,-1.91543
2510.95,-1.9106
2510.01,-1.90576
2509.06,-1.90092
2508.1,-1.89607
2507.13,-1.89121
2506.15,-1.88635
2505.16,-1.88149
2504.16,-1.87661
2503.14,-1.87174
2502.12,-1.86685
2501.08,-1.86196
2500.03,-1.85706
2498.97,-1.85215
2497.9,-1.84723
2496.82,-1.84231
2495.73,-1.83738
2494.62,-1.83244
2493.51,-1.82749
2492.38,-1.82254
2491.24,-1.81757
2490.09,-1.8126
2488.93,-1.80761
2487.76,-1.80262
2486.58,-1.79762
2485.39,-1.7926
2484.18,-1.78758
2482.96,-1.78255
2481.74,-1.7775
2480.5,-1.77245
2479.25,-1.76738
2477.98,-1.7623
2476.71,-1.75721
2475.43,-1.75211
2474.13,-1.74699
2472.83,-1.74186
2471.51,-1.73672
2470.18,-1.73157
2468.84,-1.7264
2467.48,-1.72122
2466.12,-1.71603
2464.75,-1.71082
2463.36,-1.7056
2461.96,-1.70036
2460.55,-1.69511
2459.13,-1.68984
2457.7,-1.68456
2456.26,-1.67926
2454.81,-1.67395
2453.34,-1.66862
2451.86,-1.66327
2450.37,-1.6579
2448.87,-1.65252
2447.36,-1.64712
2445.84,-1.6417
2444.31,-1.63627
2442.76,-1.63082
2441.2,-1.62534
2439.64,-1.61985
2438.06,-1.61434
2436.47,-1.60881
2434.86,-1.60326
2433.25,-1.59769
2431.62,-1.59209
2429.99,-1.58648
2428.34,-1.58085
2426.68,-1.57519
2425.01,-1.56951
2423.33,-1.56381
2421.63,-1.55808
2419.93,-1.55234
2418.21,-1.54657
2416.48,-1.54077
2414.74,-1.53495
2412.99,-1.52911
2411.22,-1.52324
2409.45,-1.51735
2407.66,-1.51143
2405.86,-1.50549
2404.06,-1.49951
2402.23,-1.49351
2400.4,-1.48749
2398.56,-1.48143
2396.7,-1.47535
2394.83,-1.46924
2392.96,-1.4631
2391.07,-1.45693
2389.16,-1.45073
2387.25,-1.44451
2385.32,-1.43825
2383.39,-1.43196
2381.44,-1.42563
2379.48,-1.41928
2377.51,-1.41289
2375.52,-1.40647
2373.53,-1.40002
2371.52,-1.39353
2369.5,-1.38701
2367.47,-1.38045
2365.43,-1.37386
2363.38,-1.36724
2361.31,-1.36057
2359.24,-1.35387
2357.15,-1.34713
2355.05,-1.34036
2352.93,-1.33354
2350.81,-1.32669
2348.68,-1.3198
2346.53,-1.31287
2344.37,-1.30589
2342.2,-1.29888
2340.02,-1.29182
2337.82,-1.28473
2335.62,-1.27759
2333.4,-1.2704
2331.17,-1.26317
2328.93,-1.2559
2326.67,-1.24859
2324.41,-1.24122
2322.13,-1.23381
2319.84,-1.22636
2317.54,-1.21885
2315.23,-1.2113
2312.9,-1.2037
2310.57,-1.19605
2308.22,-1.18834
2305.86,-1.18059
2303.49,-1.17279
2301.1,-1.16493
2298.71,-1.15702
2296.3,-1.14906
2293.88,-1.14104
2291.45,-1.13297
2289.01,-1.12484
2286.55,-1.11665
2284.08,-1.10841
2281.6,-1.10011
2279.11,-1.09175
2276.61,-1.08333
2274.09,-1.07485
2271.57,-1.06631
2269.03,-1.05771
2266.48,-1.04904
2263.91,-1.04031
2261.34,-1.03151
2258.75,-1.02265
2256.15,-1.01373
2253.54,-1.00473
2250.92,-0.99567
2248.28,-0.986538
2245.64,-0.977336
2242.98,-0.968063
2240.3,-0.958719
2237.62,-0.949302
2234.93,-0.93981
2232.22,-0.930244
2229.5,-0.920602
2226.77,-0.910884
2224.02,-0.901087
2221.27,-0.891212
2218.5,-0.881257
2215.72,-0.871221
2212.92,-0.861102
2210.12,-0.850901
2207.3,-0.840615
2204.47,-0.830244
2201.63,-0.819786
2198.78,-0.80924
2195.91,-0.798606
2193.03,-0.787882
2190.14,-0.777066
2187.24,-0.766157
2184.33,-0.755156
2181.4,-0.744059
2178.46,-0.732865
2175.51,-0.721574
2172.55,-0.710184
2169.57,-0.698695
2166.58,-0.687103
2163.58,-0.675408
2160.57,-0.66361
2157.55,-0.651705
2154.51,-0.639693
2151.46,-0.627573
2148.4,-0.615342
2145.32,-0.603
2142.24,-0.590545
2139.14,-0.577975
2136.03,-0.565289
2132.91,-0.552485
2129.77,-0.539562
2126.62,-0.526518
2123.46,-0.513351
2120.29,-0.500059
2117.11,-0.486642
2113.91,-0.473097
2110.7,-0.459422
2107.48,-0.445617
2104.24,-0.431677
2101,-0.417604
2097.74,-0.403392
2094.47,-0.389043
2091.18,-0.374553
2087.89,-0.35992
2084.58,-0.345143
2081.26,-0.330219
2077.92,-0.315147
2074.58,-0.299925
2071.22,-0.284549
2067.85,-0.269019
2064.46,-0.253331
2061.07,-0.237484
2057.66,-0.221477
2054.24,-0.205305
2050.81,-0.188968
2047.36,-0.172462
2043.91,-0.155786
2040.44,-0.138936
2036.95,-0.121911
2033.46,-0.104709
2029.95,-0.0873251
2026.43,-0.0697585
2022.9,-0.0520064
2019.35,-0.0340659
2015.8,-0.0159347
2012.23,0.0023898
2008.65,0.0209112
2005.05,0.0396318
2001.44,0.0585544
1997.82,0.0776816
1994.19,0.0970168
1990.55,0.116563
1986.89,0.136323
1983.22,0.1563
1979.54,0.176497
1975.85,0.196917
1972.14,0.217563
1968.42,0.238439
1964.69,0.259548
1960.95,0.280894
1957.19,0.302479
1953.42,0.324308
1949.64,0.346384
1945.85,0.36871
1942.04,0.39129
1938.22,0.414128
1934.39,0.437228
1930.55,0.460593
1926.7,0.484228
1922.83,0.508135
1918.95,0.53232
1915.06,0.556787
1911.15,0.581539
1907.23,0.60658
1903.3,0.631916
1899.36,0.65755
1895.41,0.683487
1891.44,0.709731
1887.46,0.736288
1883.47,0.76316
1879.47,0.790354
1875.45,0.817874
1871.43,0.845725
1867.39,0.873912
1863.33,0.90244
1859.27,0.931313
1855.19,0.960538
1851.1,0.99012
1847,1.02006
1842.89,1.05037
1838.77,1.08106
1834.63,1.11212
1830.48,1.14357
1826.32,1.1754
1822.14,1.20763
1817.96,1.24027
1813.76,1.27331
1809.55,1.30677
1805.33,1.34064
1801.1,1.37495
1796.85,1.40969
1792.6,1.44486
1788.33,1.48049
1784.05,1.51657
1779.75,1.5531
1775.45,1.59011
1771.13,1.62759
1766.81,1.66556
1762.47,1.70401
1758.12,1.74296
1753.75,1.78241
1749.38,1.82238
1745,1.86287
1740.6,1.90389
1736.19,1.94544
1731.77,1.98754
1727.34,2.03019
1722.9,2.0734
1718.44,2.11718
1713.98,2.16154
1709.5,2.20649
1705.01,2.25204
1700.51,2.29819
1696,2.34496
1691.48,2.39236
1686.95,2.44039
1682.41,2.48906
1677.86,2.53839
1673.29,2.58839
1668.72,2.63906
1664.13,2.69041
1659.54,2.74246
1654.93,2.79522
1650.31,2.8487
1645.69,2.9029
1641.05,2.95785
1636.4,3.01354
1631.74,3.07
1627.07,3.12724
1622.4,3.18526
1617.71,3.24408
1613.01,3.30371
1608.3,3.36416
1603.58,3.42545
1598.86,3.48758
1594.12,3.55058
1589.37,3.61446
1584.62,3.67922
1579.85,3.74488
1575.08,3.81145
1570.3,3.87896
1565.5,3.9474
1560.7,4.0168
1555.89,4.08718
1551.07,4.15854
1546.25,4.23089
1541.41,4.30426
1536.57,4.37867
1531.72,4.45411
1526.86,4.53061
1521.99,4.60819
1517.12,4.68686
1512.23,4.76663
1507.34,4.84753
1502.44,4.92956
1497.54,5.01275
1492.63,5.09711
1487.71,5.18265
1482.78,5.26939
1477.85,5.35736
1472.91,5.44656
1467.97,5.53701
1463.02,5.62873
1458.06,5.72174
1453.1,5.81604
1448.13,5.91167
1443.16,6.00864
1438.18,6.10696
1433.19,6.20665
1428.21,6.30773
1423.21,6.41021
1418.22,6.51411
1413.21,6.61946
1408.21,6.72626
1403.2,6.83453
1398.19,6.94429
1393.17,7.05555
1388.16,7.16834
1383.13,7.28266
1378.11,7.39854
1373.09,7.51599
1368.06,7.63502
1363.03,7.75566
1358,7.87791
1352.97,8.00179
1347.94,8.12731
1342.9,8.2545
1337.87,8.38334
1332.84,8.51388
1327.81,8.64611
1322.78,8.78004
1317.75,8.9157
1312.72,9.05308
1307.69,9.1922
1302.67,9.33306
1297.65,9.47568
1292.63,9.62006
1287.61,9.7662
1282.6,9.91411
1277.59,10.0638
1272.59,10.2153
1267.59,10.3685
1262.6,10.5235
1257.61,10.6803
1252.63,10.8389
1247.66,10.9992
1242.69,11.1613
1237.73,11.3251
1232.78,11.4907
1227.84,11.658
1222.91,11.827
1217.99,11.9977
1213.08,12.1701
1208.17,12.3441
1203.28,12.5198
1198.41,12.697
1193.54,12.8759
1188.69,13.0563
1183.85,13.2382
1179.02,13.4215
1174.21,13.6063
1169.42,13.7924
1164.64,13.9799
1159.88,14.1687
1155.14,14.3586
1150.41,14.5497
1145.7,14.7419
1141.02,14.9352
1136.35,15.1293
1131.71,15.3244
1127.08,15.5202
1122.48,15.7167
1117.9,15.9138
1113.35,16.1113
1108.82,16.3093
1104.32,16.5076
1099.84,16.706
1095.39,16.9044
1090.97,17.1028
1086.58,17.3009
1082.21,17.4987
1077.88,17.6959
1073.58,17.8925
1069.31,18.0883
1065.08,18.2831
1060.88,18.4767
1056.72,18.6689
1052.59,18.8597
1048.5,19.0487
1044.45,19.2357
1040.44,19.4207
1036.46,19.6033
1032.53,19.7833
1028.64,19.9606
1024.8,20.1348
1021,20.3058
1017.24,20.4732
1013.53,20.637
1009.87,20.7967
1006.26,20.9522
1002.69,21.1031
999.18,21.2493
995.719,21.3904
992.31,21.5261
988.955,21.6563
985.656,21.7806
982.412,21.8986
979.225,22.0103
976.096,22.1152
973.027,22.213
970.018,22.3036
967.07,22.3866
964.185,22.4617
961.363,22.5287
958.606,22.5873
955.914,22.6372
953.289,22.6781
950.731,22.7099
948.242,22.7323
945.822,22.745
943.473,22.7478
941.195,22.7404
938.989,22.7228
936.857,22.6947
934.799,22.6559
932.816,22.6062
930.91,22.5455
929.079,22.4737
927.327,22.3906
925.652,22.2962
924.057,22.1903
922.541,22.073
921.106,21.9441
919.752,21.8036
918.479,21.6516
917.289,21.488
916.182,21.313
915.158,21.1265
914.218,20.9287
913.363,20.7196
912.592,20.4994
911.906,20.2682
911.305,20.0262
910.791,19.7737
910.362,19.5107
910.019,19.2376
909.763,18.9547
909.593,18.6621
909.509,18.3602
909.512,18.0493
909.602,17.7297
909.778,17.4017
910.041,17.0658
910.39,16.7223
910.825,16.3716
911.346,16.0141
911.953,15.6501
912.645,15.2802
913.422,14.9047
914.284,14.5241
915.23,14.1387
916.26,13.7492
917.373,13.3557
918.569,12.959
919.848,12.5593
921.207,12.1571
922.649,11.7528
924.17,11.347
925.771,10.9399
927.451,10.5322
929.21,10.124
931.045,9.71597
932.958,9.30839
934.946,8.90167
937.01,8.49619
939.147,8.09232
941.358,7.69042
943.641,7.29083
945.995,6.89388
948.42,6.49989
950.914,6.10917
953.477,5.722
956.107,5.33866
958.804,4.95941
961.566,4.5845
964.392,4.21414
967.282,3.84857
970.235,3.48798
973.248,3.13256
976.322,2.78248
979.454,2.43789
982.645,2.09895
985.893,1.76578
989.197,1.4385
992.556,1.11721
995.968,0.801994
999.433,0.492941
1002.95,0.190113
1006.52,-0.106439
1010.13,-0.396667
1013.8,-0.680542
1017.51,-0.95804
1021.27,-1.22915
1025.08,-1.49387
1028.92,-1.75221
1032.82,-2.00417
1036.75,-2.24979
1040.73,-2.48908
1044.74,-2.7221
1048.8,-2.94888
1052.89,-3.16947
1057.02,-3.38393
1061.19,-3.59231
1065.39,-3.79469
1069.62,-3.99114
1073.89,-4.18172
1078.2,-4.36652
1082.53,-4.54562
1086.89,-4.71909
1091.29,-4.88704
1095.71,-5.04955
1100.16,-5.20671
1104.64,-5.35861
1109.15,-5.50535
1113.68,-5.64703
1118.23,-5.78374
1122.81,-5.91559
1127.42,-6.04267
1132.04,-6.16508
1136.69,-6.28292
1141.36,-6.39629
1146.05,-6.50529
1150.75,-6.61002
1155.48,-6.71058
1160.23,-6.80707
1164.99,-6.89959
1169.77,-6.98823
1174.56,-7.07308
1179.37,-7.15426
1184.2,-7.23184
1189.04,-7.30592
1193.89,-7.3766
1198.76,-7.44396
1203.64,-7.5081
1208.53,-7.5691
1213.43,-7.62704
1218.35,-7.68203
1223.27,-7.73412
1228.2,-7.78342
1233.14,-7.83
1238.09,-7.87394
1243.05,-7.91531
1248.02,-7.9542
1252.99,-7.99067
1257.98,-8.0248
1262.96,-8.05667
1267.95,-8.08634
1272.95,-8.11387
1277.96,-8.13934
1282.96,-8.16281
1287.98,-8.18434
1292.99,-8.204
1298.01,-8.22184
1303.03,-8.23793
1308.06,-8.25232
1313.08,-8.26507
1318.11,-8.27623
1323.14,-8.28585
1328.17,-8.294
1333.2,-8.30071
1338.24,-8.30603
1343.27,-8.31002
1348.3,-8.31272
1353.33,-8.31418
1358.37,-8.31443
1363.4,-8.31353
1368.42,-8.31151
1373.45,-8.30841
1378.48,-8.30427
1383.5,-8.29914
1388.52,-8.29304
1393.54,-8.28601
1398.55,-8.27809
1403.57,-8.26931
1408.57,-8.25971
1413.58,-8.24931
1418.58,-8.23815
1423.58,-8.22625
1428.57,-8.21365
1433.56,-8.20037
1438.54,-8.18644
1443.52,-8.17189
1448.49,-8.15674
1453.46,-8.14101
1458.42,-8.12474
1463.38,-8.10794
1468.33,-8.09064
1473.27,-8.07285
1478.21,-8.05461
1483.14,-8.03592
1488.07,-8.01682
1492.98,-7.99731
1497.9,-7.97742
1502.8,-7.95716
1507.7,-7.93656
1512.59,-7.91563
1517.47,-7.89438
1522.34,-7.87283
1527.21,-7.851
1532.07,-7.8289
1536.92,-7.80655
1541.76,-7.78395
1546.6,-7.76113
1551.42,-7.73809
1556.24,-7.71485
1561.05,-7.69142
1565.85,-7.66781
1570.64,-7.64404
1575.43,-7.6201
1580.2,-7.59602
1584.96,-7.57181
1589.72,-7.54746
1594.46,-7.523
1599.2,-7.49843
1603.93,-7.47376
1608.64,-7.449
1613.35,-7.42416
1618.05,-7.39925
1622.74,-7.37426
1627.41,-7.34922
1632.08,-7.32412
1636.74,-7.29897
1641.39,-7.27379
1646.02,-7.24857
1650.65,-7.22333
1655.26,-7.19806
1659.87,-7.17278
1664.47,-7.14749
1669.05,-7.12219
1673.62,-7.0969
1678.19,-7.0716
1682.74,-7.04632
1687.28,-7.02105
1691.81,-6.9958
1696.33,-6.97057
1700.84,-6.94537
1705.34,-6.9202
1709.83,-6.89506
1714.3,-6.86996
1718.77,-6.8449
1723.22,-6.81989
1727.66,-6.79492
1732.09,-6.77
1736.51,-6.74513
1740.92,-6.72032
1745.31,-6.69557
1749.7,-6.67088
1754.07,-6.64626
1758.43,-6.6217
1762.78,-6.5972
1767.12,-6.57278
1771.45,-6.54843
1775.76,-6.52415
1780.07,-6.49995
1784.36,-6.47583
1788.64,-6.45178
1792.91,-6.42782
1797.16,-6.40394
1801.41,-6.38014
1805.64,-6.35643
1809.86,-6.3328
1814.07,-6.30926
1818.26,-6.28581
1822.45,-6.26245
1826.62,-6.23918
1830.78,-6.216
1834.93,-6.19292
1839.07,-6.16993
1843.19,-6.14703
1847.3,-6.12423
1851.4,-6.10152
1855.49,-6.07891
1859.57,-6.0564
1863.63,-6.03399
1867.68,-6.01167
1871.72,-5.98945
1875.75,-5.96734
1879.76,-5.94532
1883.76,-5.9234
1887.75,-5.90158
1891.73,-5.87986
1895.7,-5.85825
1899.65,-5.83673
1903.59,-5.81532
1907.52,-5.794
1911.43,-5.77279
1915.34,-5.75168
1919.23,-5.73068
1923.11,-5.70977
1926.98,-5.68897
1930.83,-5.66826
1934.67,-5.64766
1938.5,-5.62717
1942.32,-5.60677
1946.12,-5.58648
1949.92,-5.56628
1953.7,-5.54619
1957.46,-5.5262
1961.22,-5.50632
1964.96,-5.48653
1968.69,-5.46684
1972.41,-5.44726
1976.12,-5.42777
1979.81,-5.40839
1983.49,-5.38911
1987.16,-5.36992
1990.81,-5.35084
1994.46,-5.33185
1998.09,-5.31297
2001.71,-5.29418
2005.31,-5.27549
2008.91,-5.2569
2012.49,-5.23841
2016.06,-5.22001
2019.61,-5.20171
2023.16,-5.18351
2026.69,-5.16541
2030.21,-5.1474
2033.71,-5.12949
2037.21,-5.11167
2040.69,-5.09395
2044.16,-5.07632
2047.61,-5.05879
2051.06,-5.04135
2054.49,-5.024
2057.91,-5.00675
2061.32,-4.98959
2064.71,-4.97252
2068.09,-4.95554
2071.46,-4.93865
2074.82,-4.92186
2078.17,-4.90515
2081.5,-4.88854
2084.82,-4.87201
2088.13,-4.85558
2091.42,-4.83923
2094.7,-4.82297
2097.97,-4.8068
2101.23,-4.79072
2104.48,-4.77472
2107.71,-4.75881
2110.93,-4.74298
2114.14,-4.72724
2117.34,-4.71159
2120.52,-4.69602
2123.69,-4.68053
2126.85,-4.66513
2130,-4.64981
2133.13,-4.63457
2136.26,-4.61941
2139.37,-4.60434
2142.46,-4.58935
2145.55,-4.57444
2148.62,-4.55961
2151.68,-4.54485
2154.73,-4.53018
2157.77,-4.51559
2160.79,-4.50107
2163.8,-4.48664
2166.8,-4.47228
2169.79,-4.458
2172.76,-4.44379
2175.73,-4.42966
2178.68,-4.41561
2181.61,-4.40163
2184.54,-4.38773
2187.45,-4.3739
2190.36,-4.36014
2193.24,-4.34646
2196.12,-4.33285
2198.99,-4.31931
2201.84,-4.30584
2204.68,-4.29245
2207.51,-4.27913
2210.32,-4.26588
2213.13,-4.25269
2215.92,-4.23958
2218.7,-4.22654
2221.47,-4.21357
2224.22,-4.20066
2226.96,-4.18782
2229.7,-4.17505
2232.41,-4.16235
2235.12,-4.14971
2237.82,-4.13715
2240.5,-4.12464
2243.17,-4.1122
2245.83,-4.09983
2248.47,-4.08752
2251.11,-4.07528
2253.73,-4.06309
2256.34,-4.05098
2258.94,-4.03892
2261.53,-4.02693
2264.1,-4.015
2266.66,-4.00313
2269.21,-3.99132
2271.75,-3.97958
2274.28,-3.96789
2276.79,-3.95626
2279.29,-3.9447
2281.78,-3.93319
2284.26,-3.92174
2286.73,-3.91035
2289.18,-3.89902
2291.63,-3.88775
2294.06,-3.87653
2296.48,-3.86537
2298.88,-3.85427
2301.28,-3.84322
2303.66,-3.83223
2306.03,-3.82129
2308.39,-3.81041
2310.74,-3.79959
2313.07,-3.78881
2315.4,-3.7781
2317.71,-3.76743
2320.01,-3.75682
2322.3,-3.74626
2324.57,-3.73576
2326.84,-3.7253
2329.09,-3.7149
2331.33,-3.70455
2333.56,-3.69425
2335.78,-3.684
2337.98,-3.67381
2340.17,-3.66366
2342.36,-3.65356
2344.53,-3.64351
2346.68,-3.63351
2348.83,-3.62356
2350.97,-3.61365
2353.09,-3.6038
2355.2,-3.59399
2357.3,-3.58423
2359.39,-3.57452
2361.46,-3.56485
2363.53,-3.55523
2365.58,-3.54566
2367.62,-3.53613
2369.65,-3.52665
2371.67,-3.51721
2373.67,-3.50782
2375.67,-3.49847
2377.65,-3.48917
2379.62,-3.47991
2381.58,-3.47069
2383.53,-3.46152
2385.47,-3.45239
2387.39,-3.44331
2389.3,-3.43426
2391.2,-3.42526
2393.09,-3.4163
2394.97,-3.40738
2396.84,-3.3985
2398.69,-3.38966
2400.54,-3.38087
2402.37,-3.37211
2404.19,-3.3634
2406,-3.35472
2407.79,-3.34608
2409.58,-3.33749
2411.35,-3.32893
2413.12,-3.32041
2414.87,-3.31193
2416.61,-3.30349
2418.33,-3.29508
2420.05,-3.28671
2421.75,-3.27838
2423.45,-3.27009
2425.13,-3.26184
2426.8,-3.25362
2428.46,-3.24543
2430.11,-3.23729
2431.74,-3.22918
2433.37,-3.2211
2434.98,-3.21306
2436.58,-3.20506
2438.17,-3.19709
2439.75,-3.18915
2441.32,-3.18125
2442.87,-3.17338
2444.42,-3.16555
2445.95,-3.15775
2447.47,-3.14998
2448.98,-3.14225
2450.48,-3.13455
2451.97,-3.12688
2453.45,-3.11925
2454.91,-3.11164
2456.37,-3.10407
2457.81,-3.09653
2459.24,-3.08903
2460.66,-3.08155
2462.07,-3.0741
2463.46,-3.06669
2464.85,-3.0593
2466.22,-3.05195
2467.58,-3.04463
2468.94,-3.03733
2470.28,-3.03007
2471.6,-3.02283
2472.92,-3.01563
2474.23,-3.00845
2475.52,-3.0013
2476.81,-2.99419
2478.08,-2.98709
2479.34,-2.98003
2480.59,-2.973
2481.83,-2.96599
2483.05,-2.95901
2484.27,-2.95206
2485.47,-2.94514
2486.67,-2.93824
2487.85,-2.93137
2489.02,-2.92452
2490.18,-2.91771
2491.33,-2.91091
2492.46,-2.90415
2493.59,-2.89741
2494.7,-2.89069
2495.81,-2.884
2496.9,-2.87734
2497.98,-2.8707
2499.05,-2.86409
2500.11,-2.8575
2501.16,-2.85093
2502.19,-2.84439
2503.22,-2.83787
2504.23,-2.83138
2505.23,-2.82491
2506.23,-2.81846
2507.21,-2.81204
2508.17,-2.80564
2509.13,-2.79926
2510.08,-2.79291
2511.01,-2.78658
2511.94,-2.78027
2512.85,-2.77398
2513.75,-2.76771
2514.65,-2.76147
2515.52,-2.75525
2516.39,-2.74905
2517.25,-2.74287
2518.1,-2.73671
2518.93,-2.73057
2519.76,-2.72445
2520.57,-2.71836
2521.37,-2.71228
2522.16,-2.70623
2522.94,-2.70019
2523.71,-2.69418
2524.47,-2.68818
2525.21,-2.6822
2525.95,-2.67625
2526.67,-2.67031
2527.38,-2.66439
2528.09,-2.65849
2528.78,-2.65261
2529.46,-2.64675
2530.13,-2.6409
2530.78,-2.63507
2531.43,-2.62927
2532.06,-2.62348
2532.69,-2.6177
2533.3,-2.61195
2533.9,-2.60621
2534.49,-2.60049
2535.07,-2.59479
2535.64,-2.5891
2536.2,-2.58343
2536.75,-2.57778
2537.28,-2.57214
2537.81,-2.56652
2538.32,-2.56092
2538.82,-2.55533
2539.31,-2.54975
2539.79,-2.5442
2540.26,-2.53865
2540.72,-2.53313
2541.17,-2.52762
2541.6,-2.52212
2542.03,-2.51664
2542.44,-2.51117
2542.85,-2.50572
2543.24,-2.50028
2543.62,-2.49486
2543.99,-2.48945
2544.35,-2.48405
2544.7,-2.47867
2545.03,-2.4733
2545.36,-2.46795
2545.67,-2.4626
2545.98,-2.45728
2546.27,-2.45196
2546.55,-2.44666
2546.82,-2.44137
2547.08,-2.43609
2547.33,-2.43082
2547.57,-2.42557
2547.79,-2.42033
2548.01,-2.4151
2548.21,-2.40988
2548.41,-2.40468
2548.59,-2.39948
2548.76,-2.3943
2548.92,-2.38913
2549.07,-2.38397
2549.21,-2.37882
2549.34,-2.37368
2549.45,-2.36855
2549.56,-2.36343
2549.65,-2.35833
2549.73,-2.35323
2549.81,-2.34814
2549.87,-2.34306
2549.92,-2.33799
2549.96,-2.33293
2549.99,-2.32789
2550,-2.32285
2550.01,-2.31781
2550,-2.31279
2549.99,-2.30778
2549.96,-2.30277
2549.92,-2.29778
2549.88,-2.29279
2549.82,-2.28781
2549.74,-2.28284
2549.66,-2.27787
2549.57,-2.27292
2549.47,-2.26797
2549.35,-2.26303
2549.22,-2.2581
2549.09,-2.25317
2548.94,-2.24825
2548.78,-2.24334
2548.61,-2.23843
2548.43,-2.23353
2548.24,-2.22864
2548.03,-2.22375
2547.82,-2.21887
2547.59,-2.214
2547.36,-2.20913
2547.11,-2.20426
2546.85,-2.1994
2546.58,-2.19455
2546.3,-2.1897
2546.01,-2.18486
2545.71,-2.18002
2545.4,-2.17519
2545.07,-2.17036
2544.74,-2.16554
2544.39,-2.16072
2544.03,-2.1559
2543.66,-2.15109
2543.28,-2.14628
2542.89,-2.14147
2542.49,-2.13667
2542.08,-2.13187
2541.66,-2.12708
2541.22,-2.12229
2540.77,-2.1175
2540.32,-2.11271
2539.85,-2.10793
2539.37,-2.10315
2538.88,-2.09837
2538.38,-2.09359
2537.87,-2.08881
2537.34,-2.08404
2536.81,-2.07926
2536.27,-2.07449
2535.71,-2.06972
2535.14,-2.06495
2534.56,-2.06018
2533.97,-2.05542
2533.37,-2.05065
2532.76,-2.04588
2532.14,-2.04111
2531.5,-2.03635
2530.86,-2.03158
2530.2,-2.02681
2529.54,-2.02204
2528.86,-2.01727
2528.17,-2.0125
2527.47,-2.00773
2526.76,-2.00296
2526.03,-1.99819
2525.3,-1.99341
2524.55,-1.98863
2523.8,-1.98385
2523.03,-1.97907
2522.25,-1.97429
2521.46,-1.9695
2520.66,-1.96471
2519.85,-1.95992
2519.03,-1.95513
2518.2,-1.95033
2517.35,-1.94553
2516.49,-1.94072
2515.63,-1.93591
2514.75,-1.9311
2513.86,-1.92628
2512.96,-1.92146
2512.05,-1.91663
2511.12,-1.9118
2510.19,-1.90697
2509.24,-1.90212
2508.29,-1.89728
2507.32,-1.89242
2506.34,-1.88757
2505.35,-1.8827
2504.35,-1.87783
2503.34,-1.87295
2502.31,-1.86807
2501.28,-1.86318
2500.23,-1.85828
2499.18,-1.85337
2498.11,-1.84846
2497.03,-1.84354
2495.94,-1.83861
2494.83,-1.83368
2493.72,-1.82873
2492.6,-1.82378
2491.46,-1.81881
2490.31,-1.81384
2489.16,-1.80886
2487.99,-1.80387
2486.81,-1.79887
2485.61,-1.79386
2484.41,-1.78884
2483.2,-1.78381
2481.97,-1.77876
2480.73,-1.77371
2479.49,-1.76865
2478.23,-1.76357
2476.96,-1.75848
2475.67,-1.75338
2474.38,-1.74827
2473.07,-1.74315
2471.76,-1.73801
2470.43,-1.73286
2469.09,-1.7277
2467.74,-1.72252
2466.38,-1.71733
2465.01,-1.71213
2463.62,-1.70691
2462.23,-1.70167
2460.82,-1.69643
2459.41,-1.69116
2457.98,-1.68588
2456.53,-1.68059
2455.08,-1.67528
2453.62,-1.66995
2452.14,-1.66461
2450.66,-1.65925
2449.16,-1.65387
2447.65,-1.64847
2446.13,-1.64306
2444.6,-1.63763
2443.06,-1.63218
2441.5,-1.62671
2439.94,-1.62122
2438.36,-1.61572
2436.77,-1.61019
2435.17,-1.60464
2433.56,-1.59908
2431.93,-1.59349
2430.3,-1.58788
2428.65,-1.58225
2427,-1.5766
2425.33,-1.57092
2423.65,-1.56523
2421.95,-1.55951
2420.25,-1.55377
2418.54,-1.548
2416.81,-1.54221
2415.07,-1.5364
2413.32,-1.53056
2411.56,-1.5247
2409.79,-1.51881
2408,-1.5129
2406.21,-1.50696
2404.4,-1.50099
2402.58,-1.495
2400.75,-1.48898
2398.91,-1.48293
2397.06,-1.47686
2395.19,-1.47075
2393.31,-1.46462
2391.43,-1.45846
2389.53,-1.45227
2387.61,-1.44604
2385.69,-1.43979
2383.76,-1.43351
2381.81,-1.42719
2379.85,-1.42085
2377.88,-1.41447
2375.9,-1.40805
2373.91,-1.40161
2371.9,-1.39513
2369.89,-1.38861
2367.86,-1.38207
2365.82,-1.37548
2363.77,-1.36886
2361.71,-1.36221
2359.63,-1.35551
2357.55,-1.34878
2355.45,-1.34202
2353.34,-1.33521
2351.22,-1.32837
2349.08,-1.32148
2346.94,-1.31456
2344.78,-1.3076
2342.61,-1.30059
2340.43,-1.29354
2338.24,-1.28646
2336.04,-1.27932
2333.82,-1.27215
2331.59,-1.26493
2329.35,-1.25767
2327.1,-1.25036
2324.84,-1.24301
2322.56,-1.23561
2320.28,-1.22816
2317.98,-1.22067
2315.67,-1.21312
2313.35,-1.20553
2311.01,-1.19789
2308.67,-1.1902
2306.31,-1.18246
2303.94,-1.17467
2301.56,-1.16682
2299.16,-1.15892
2296.76,-1.15097
2294.34,-1.14297
2291.91,-1.13491
2289.47,-1.12679
2287.02,-1.11862
2284.55,-1.11039
2282.08,-1.1021
2279.59,-1.09375
2277.09,-1.08534
2274.57,-1.07687
2272.05,-1.06835
2269.51,-1.05976
2266.96,-1.0511
2264.4,-1.04239
2261.83,-1.0336
2259.25,-1.02476
2256.65,-1.01584
2254.04,-1.00686
2251.42,-0.997815
2248.79,-0.988698
2246.14,-0.979511
2243.48,-0.970253
2240.81,-0.960923
2238.13,-0.951521
2235.44,-0.942045
2232.73,-0.932495
2230.02,-0.922869
2227.29,-0.913166
2224.54,-0.903386
2221.79,-0.893527
2219.02,-0.883588
2216.25,-0.873569
2213.46,-0.863467
2210.65,-0.853283
2207.84,-0.843015
2205.01,-0.832661
2202.17,-0.822221
2199.32,-0.811694
2196.46,-0.801078
2193.58,-0.790372
2190.7,-0.779575
2187.8,-0.768686
2184.88,-0.757703
2181.96,-0.746626
2179.02,-0.735452
2176.07,-0.724181
2173.11,-0.712812
2170.14,-0.701342
2167.15,-0.689771
2164.16,-0.678098
2161.15,-0.66632
2158.12,-0.654437
2155.09,-0.642448
2152.04,-0.630349
2148.98,-0.618142
2145.91,-0.605823
2142.83,-0.593391
2139.73,-0.580844
2136.62,-0.568182
2133.5,-0.555402
2130.37,-0.542503
2127.22,-0.529484
2124.07,-0.516342
2120.9,-0.503077
2117.71,-0.489684
2114.52,-0.476166
2111.31,-0.462518
2108.09,-0.448738
2104.86,-0.434826
2101.61,-0.420779
2098.36,-0.406597
2095.09,-0.392275
2091.81,-0.377814
2088.51,-0.36321
2085.21,-0.348462
2081.89,-0.333568
2078.56,-0.318526
2075.21,-0.303334
2071.86,-0.287989
2068.49,-0.27249
2065.11,-0.256834
2061.72,-0.24102
2058.31,-0.225044
2054.89,-0.208906
2051.46,-0.192602
2048.02,-0.17613
2044.56,-0.159488
2041.1,-0.142673
2037.62,-0.125684
2034.12,-0.108517
2030.62,-0.0911697
2027.1,-0.0736402
2023.57,-0.0559255
2020.03,-0.038023
2016.47,-0.0199304
2012.91,-0.00164413
2009.33,0.0168377
2005.74,0.035518
2002.13,0.0544003
1998.51,0.0734861
1994.89,0.0927798
1991.24,0.112283
1987.59,0.132001
1983.92,0.151934
1980.24,0.172086
1976.55,0.192462
1972.85,0.213063
1969.13,0.233894
1965.4,0.254957
1961.66,0.276255
1957.91,0.297792
1954.14,0.319573
1950.36,0.341599
1946.57,0.363875
1942.77,0.386404
1938.95,0.409191
1935.12,0.432238
1931.28,0.455551
1927.43,0.479131
1923.57,0.502985
1919.69,0.527115
1915.8,0.551525
1911.89,0.57622
1907.98,0.601204
1904.05,0.626481
1900.11,0.652056
1896.16,0.677932
1892.2,0.704116
1888.22,0.73061
1884.23,0.75742
1880.23,0.78455
1876.22,0.812006
1872.19,0.839791
1868.16,0.867912
1864.11,0.896372
1860.04,0.925177
1855.97,0.954333
1851.88,0.983843
1847.78,1.01372
1843.67,1.04395
1839.55,1.07456
1835.42,1.10555
1831.27,1.13692
1827.11,1.16868
1822.94,1.20083
1818.76,1.23339
1814.56,1.26635
1810.35,1.29973
1806.13,1.33352
1801.9,1.36774
1797.66,1.40239
1793.41,1.43748
1789.14,1.47302
1784.86,1.50901
1780.57,1.54546
1776.27,1.58237
1771.96,1.61976
1767.63,1.65763
1763.29,1.69598
1758.95,1.73484
1754.58,1.77419
1750.21,1.81406
1745.83,1.85445
1741.43,1.89536
1737.03,1.93681
1732.61,1.9788
1728.18,2.02134
1723.74,2.06444
1719.29,2.10811
1714.83,2.15236
1710.35,2.19719
1705.87,2.24262
1701.37,2.28866
1696.86,2.33531
1692.34,2.38258
1687.81,2.43049
1683.27,2.47904
1678.72,2.52824
1674.16,2.5781
1669.59,2.62864
1665.01,2.67986
1660.41,2.73178
1655.81,2.7844
1651.19,2.83773
1646.57,2.8918
1641.93,2.9466
1637.28,3.00215
1632.63,3.05846
1627.96,3.11554
1623.29,3.17341
1618.6,3.23207
1613.9,3.29154
1609.2,3.35184
1604.48,3.41296
1599.76,3.47494
1595.02,3.53777
1590.28,3.60147
1585.52,3.66606
1580.76,3.73154
1575.99,3.79794
1571.21,3.86527
1566.41,3.93353
1561.62,4.00275
1556.81,4.07293
1551.99,4.1441
1547.17,4.21626
1542.33,4.28944
1537.49,4.36364
1532.64,4.43888
1527.78,4.51518
1522.92,4.59255
1518.04,4.67101
1513.16,4.75057
1508.27,4.83125
1503.38,4.91306
1498.47,4.99602
1493.56,5.08015
1488.64,5.16547
1483.72,5.25198
1478.79,5.33971
1473.85,5.42867
1468.91,5.51888
1463.96,5.61036
1459,5.70312
1454.04,5.79717
1449.07,5.89255
1444.1,5.98926
1439.12,6.08732
1434.14,6.18674
1429.15,6.28755
1424.16,6.38977
1419.17,6.4934
1414.17,6.59846
1409.16,6.70498
1404.15,6.81297
1399.14,6.92245
1394.13,7.03342
1389.11,7.14592
1384.09,7.25995
1379.07,7.37553
1374.04,7.49268
1369.02,7.61141
1363.99,7.73174
1358.96,7.85368
1353.93,7.97725
1348.89,8.10245
1343.86,8.22932
1338.83,8.35785
1333.8,8.48807
1328.76,8.61997
1323.73,8.75358
1318.7,8.88891
1313.67,9.02596
1308.65,9.16475
1303.62,9.30528
1298.6,9.44757
1293.58,9.59161
1288.57,9.73742
1283.55,9.88499
1278.55,10.0343
1273.54,10.1855
1268.54,10.3384
1263.55,10.493
1258.56,10.6495
1253.58,10.8077
1248.61,10.9677
1243.64,11.1295
1238.68,11.293
1233.73,11.4582
1228.78,11.6252
1223.85,11.7939
1218.92,11.9643
1214.01,12.1364
1209.11,12.3101
1204.21,12.4854
1199.33,12.6624
1194.47,12.841
1189.61,13.0211
1184.77,13.2027
1179.94,13.3858
1175.13,13.5703
1170.33,13.7562
1165.55,13.9434
1160.79,14.1319
1156.04,14.3217
1151.31,14.5126
1146.6,14.7046
1141.91,14.8977
1137.24,15.0917
1132.59,15.2865
1127.96,15.4822
1123.35,15.6786
1118.77,15.8756
1114.21,16.0731
1109.68,16.271
1105.17,16.4693
1100.69,16.6677
1096.23,16.8661
1091.81,17.0645
1087.41,17.2627
1083.04,17.4606
1078.7,17.658
1074.4,17.8547
1070.12,18.0507
1065.88,18.2457
1061.68,18.4395
1057.51,18.6321
1053.37,18.8231
1049.28,19.0125
1045.22,19.2
1041.2,19.3854
1037.22,19.5685
1033.28,19.749
1029.38,19.9268
1025.53,20.1017
1021.72,20.2733
1017.95,20.4415
1014.23,20.606
1010.56,20.7666
1006.94,20.9229
1003.37,21.0747
999.845,21.2219
996.374,21.364
992.955,21.5008
989.59,21.6321
986.28,21.7575
983.025,21.8768
979.828,21.9897
976.688,22.096
973.607,22.1952
970.587,22.2872
967.627,22.3717
964.73,22.4484
961.896,22.517
959.126,22.5772
956.422,22.6288
953.784,22.6715
951.213,22.7051
948.711,22.7293
946.278,22.7439
943.915,22.7487
941.624,22.7433
939.405,22.7277
937.258,22.7016
935.186,22.6649
933.189,22.6173
931.268,22.5588
929.423,22.4892
927.655,22.4083
925.966,22.316
924.355,22.2124
922.825,22.0973
921.374,21.9706
920.005,21.8324
918.717,21.6826
917.511,21.5213
916.388,21.3485
915.348,21.1642
914.392,20.9686
913.52,20.7616
912.733,20.5436
912.031,20.3145
911.414,20.0746
910.883,19.8241
910.438,19.5632
910.079,19.292
909.806,19.011
909.62,18.7202
909.52,18.4201
909.507,18.1109
909.58,17.793
909.74,17.4666
909.986,17.1322
910.319,16.7902
910.737,16.4408
911.242,16.0846
911.832,15.7219
912.508,15.3531
913.269,14.9786
914.115,14.599
915.045,14.2145
916.059,13.8257
917.157,13.433
918.337,13.0369
919.6,12.6377
920.944,12.236
922.37,11.8321
923.876,11.4265
925.462,11.0197
927.127,10.612
928.871,10.204
930.692,9.79587
932.59,9.38818
934.564,8.98127
936.613,8.57553
938.737,8.17134
940.933,7.76904
943.203,7.36899
945.543,6.97152
947.955,6.57694
950.436,6.18558
952.986,5.79771
955.603,5.41362
958.287,5.03357
961.037,4.65781
963.851,4.28657
966.729,3.92006
969.67,3.5585
972.672,3.20208
975.734,2.85096
978.856,2.50531
982.036,2.16528
985.273,1.83099
988.566,1.50257
991.914,1.18012
995.316,0.863727
998.772,0.553485
1002.28,0.249454
1005.84,-0.048308
1009.44,-0.339757
1013.1,-0.624857
1016.8,-0.903585
1020.55,-1.17593
1024.35,-1.44188
1028.19,-1.70145
1032.07,-1.95464
1036,-2.20148
1039.97,-2.44199
1043.98,-2.67622
1048.02,-2.9042
1052.11,-3.12598
1056.23,-3.34162
1060.39,-3.55118
1064.59,-3.75471
1068.82,-3.9523
1073.08,-4.14401
1077.38,-4.32992
1081.7,-4.51012
1086.06,-4.68468
1090.45,-4.85369
1094.87,-5.01725
1099.32,-5.17544
1103.79,-5.32835
1108.29,-5.47609
1112.82,-5.61874
1117.37,-5.75641
1121.94,-5.8892
1126.54,-6.01719
1131.16,-6.1405
1135.8,-6.25923
1140.47,-6.37346
1145.15,-6.4833
1149.86,-6.58886
1154.58,-6.69023
1159.32,-6.7875
1164.08,-6.88079
1168.86,-6.97018
1173.65,-7.05577
1178.46,-7.13765
1183.28,-7.21593
1188.12,-7.29069
1192.97,-7.36203
1197.83,-7.43003
1202.71,-7.49479
1207.6,-7.5564
1212.5,-7.61494
1217.41,-7.6705
1222.33,-7.72315
1227.26,-7.773
1232.2,-7.8201
1237.15,-7.86455
1242.11,-7.90643
1247.08,-7.9458
1252.05,-7.98274
1257.03,-8.01733
1262.01,-8.04964
1267.01,-8.07974
1272,-8.10769
1277.01,-8.13356
1282.01,-8.15742
1287.02,-8.17933
1292.04,-8.19936
1297.06,-8.21756
1302.08,-8.23399
1307.1,-8.24871
1312.13,-8.26179
1317.16,-8.27326
1322.19,-8.28319
1327.22,-8.29162
1332.25,-8.29861
1337.28,-8.30421
1342.31,-8.30847
1347.35,-8.31142
1352.38,-8.31313
1357.41,-8.31362
1362.44,-8.31295
1367.47,-8.31114
1372.5,-8.30826
1377.52,-8.30433
1382.55,-8.2994
1387.57,-8.29349
1392.58,-8.28665
1397.6,-8.27891
1402.61,-8.2703
1407.62,-8.26087
1412.63,-8.25063
1417.63,-8.23962
1422.63,-8.22787
1427.62,-8.21541
1432.61,-8.20227
1437.59,-8.18847
1442.57,-8.17404
1447.55,-8.15902
1452.51,-8.14341
1457.48,-8.12725
1462.43,-8.11056
1467.39,-8.09336
1472.33,-8.07567
1477.27,-8.05752
1482.2,-8.03893
1487.13,-8.01991
1492.05,-8.00049
1496.96,-7.98068
1501.87,-7.9605
1506.77,-7.93997
1511.66,-7.91911
1516.54,-7.89793
1521.42,-7.87644
1526.29,-7.85467
1531.15,-7.83263
1536,-7.81033
1540.84,-7.78779
1545.68,-7.76502
1550.51,-7.74203
1555.33,-7.71883
1560.14,-7.69545
1564.94,-7.67188
1569.73,-7.64814
1574.52,-7.62424
1579.29,-7.60019
1584.06,-7.57601
1588.82,-7.5517
1593.56,-7.52726
1598.3,-7.50272
1603.03,-7.47808
1607.75,-7.45334
1612.46,-7.42852
1617.16,-7.40362
1621.85,-7.37866
1626.53,-7.35363
1631.19,-7.32855
1635.85,-7.30342
1640.5,-7.27825
1645.14,-7.25304
1649.77,-7.22781
1654.39,-7.20255
1659,-7.17728
1663.59,-7.152
1668.18,-7.1267
1672.76,-7.10141
1677.32,-7.07612
1681.88,-7.05085
1686.42,-7.02558
1690.95,-7.00033
1695.48,-6.9751
1699.99,-6.9499
1704.49,-6.92473
1708.97,-6.89959
1713.45,-6.87448
1717.92,-6.84942
1722.37,-6.8244
1726.82,-6.79943
1731.25,-6.77451
1735.67,-6.74964
1740.08,-6.72482
1744.48,-6.70006
1748.87,-6.67536
1753.24,-6.65073
1757.61,-6.62616
1761.96,-6.60166
1766.3,-6.57723
1770.63,-6.55287
1774.94,-6.52858
1779.25,-6.50437
1783.54,-6.48023
1787.83,-6.45618
1792.1,-6.4322
1796.35,-6.40831
1800.6,-6.3845
1804.84,-6.36077
1809.06,-6.33713
1813.27,-6.31358
1817.47,-6.29012
1821.65,-6.26674
1825.83,-6.24346
1829.99,-6.22027
1834.14,-6.19717
1838.28,-6.17416
1842.41,-6.15125
1846.52,-6.12844
1850.62,-6.10571
1854.71,-6.08309
1858.79,-6.06056
1862.86,-6.03813
1866.91,-6.0158
1870.95,-5.99357
1874.98,-5.97143
1879,-5.9494
1883,-5.92746
1887,-5.90563
1890.98,-5.8839
1894.94,-5.86226
1898.9,-5.84073
1902.84,-5.8193
1906.77,-5.79797
1910.69,-5.77674
1914.6,-5.75562
1918.49,-5.73459
1922.37,-5.71367
1926.24,-5.69285
1930.1,-5.67213
1933.94,-5.65151
1937.78,-5.631
1941.6,-5.61059
1945.4,-5.59027
1949.2,-5.57007
1952.98,-5.54996
1956.75,-5.52995
1960.51,-5.51005
1964.25,-5.49024
1967.99,-5.47054
1971.71,-5.45094
1975.41,-5.43144
1979.11,-5.41204
1982.79,-5.39273
1986.46,-5.37353
1990.12,-5.35443
1993.77,-5.33543
1997.4,-5.31653
2001.02,-5.29772
2004.63,-5.27902
2008.22,-5.26041
2011.81,-5.2419
2015.38,-5.22349
2018.94,-5.20518
2022.48,-5.18696
2026.02,-5.16884
2029.54,-5.15081
2033.05,-5.13288
2036.54,-5.11505
2040.03,-5.09731
2043.5,-5.07967
2046.96,-5.06212
2050.41,-5.04466
2053.84,-5.0273
2057.26,-5.01003
2060.67,-4.99286
2064.07,-4.97577
2067.45,-4.95878
2070.82,-4.94188
2074.18,-4.92507
2077.53,-4.90835
2080.87,-4.89172
2084.19,-4.87518
2087.5,-4.85872
2090.8,-4.84236
2094.08,-4.82609
2097.35,-4.8099
2100.62,-4.7938
2103.86,-4.77779
2107.1,-4.76186
2110.32,-4.74602
2113.53,-4.73027
2116.73,-4.7146
2119.92,-4.69901
2123.09,-4.68351
2126.25,-4.66809
2129.4,-4.65276
2132.54,-4.63751
2135.66,-4.62234
2138.78,-4.60725
2141.88,-4.59224
2144.96,-4.57732
2148.04,-4.56247
2151.1,-4.54771
2154.15,-4.53302
2157.19,-4.51842
2160.22,-4.50389
2163.23,-4.48944
2166.23,-4.47506
2169.22,-4.46077
2172.2,-4.44655
2175.17,-4.43241
2178.12,-4.41834
2181.06,-4.40435
2183.99,-4.39043
2186.9,-4.37659
2189.81,-4.36282
2192.7,-4.34912
2195.58,-4.3355
2198.44,-4.32195
2201.3,-4.30847
2204.14,-4.29507
2206.97,-4.28173
2209.79,-4.26847
2212.6,-4.25528
2215.39,-4.24215
2218.17,-4.2291
2220.94,-4.21611
2223.7,-4.20319
2226.45,-4.19034
2229.18,-4.17756
2231.9,-4.16485
2234.61,-4.1522
2237.31,-4.13962
2239.99,-4.1271
2242.67,-4.11465
2245.33,-4.10227
2247.97,-4.08995
2250.61,-4.07769
2253.24,-4.0655
2255.85,-4.05337
2258.45,-4.04131
2261.04,-4.0293
2263.61,-4.01736
2266.18,-4.00548
2268.73,-3.99366
2271.27,-3.98191
2273.8,-3.97021
2276.32,-3.95857
2278.82,-3.947
2281.31,-3.93548
2283.8,-3.92402
2286.26,-3.91262
2288.72,-3.90128
2291.17,-3.89
2293.6,-3.87877
2296.02,-3.8676
2298.43,-3.85649
2300.83,-3.84543
2303.21,-3.83443
2305.58,-3.82348
2307.95,-3.81259
2310.29,-3.80176
2312.63,-3.79098
2314.96,-3.78025
2317.27,-3.76957
2319.57,-3.75895
2321.86,-3.74839
2324.14,-3.73787
2326.41,-3.72741
2328.66,-3.717
2330.91,-3.70664
2333.14,-3.69633
2335.36,-3.68607
2337.57,-3.67586
2339.76,-3.66571
2341.95,-3.6556
2344.12,-3.64554
2346.28,-3.63553
2348.43,-3.62557
2350.56,-3.61566
2352.69,-3.6058
2354.8,-3.59598
2356.9,-3.58622
2358.99,-3.5765
2361.07,-3.56682
2363.14,-3.55719
2365.19,-3.54761
2367.24,-3.53808
2369.27,-3.52859
2371.29,-3.51914
2373.3,-3.50974
2375.29,-3.50039
2377.28,-3.49107
2379.25,-3.48181
2381.21,-3.47258
2383.16,-3.4634
2385.1,-3.45427
2387.03,-3.44517
2388.94,-3.43612
2390.85,-3.42711
2392.74,-3.41814
2394.62,-3.40922
2396.49,-3.40033
2398.34,-3.39149
2400.19,-3.38268
2402.02,-3.37392
2403.85,-3.3652
2405.66,-3.35651
2407.46,-3.34787
2409.24,-3.33927
2411.02,-3.3307
2412.79,-3.32218
2414.54,-3.31369
2416.28,-3.30524
2418.01,-3.29683
2419.73,-3.28845
2421.44,-3.28012
2423.13,-3.27182
2424.82,-3.26356
2426.49,-3.25533
2428.15,-3.24714
2429.8,-3.23899
2431.44,-3.23087
2433.06,-3.22279
2434.68,-3.21475
2436.28,-3.20673
2437.88,-3.19876
2439.46,-3.19082
2441.03,-3.18291
2442.58,-3.17504
2444.13,-3.1672
2445.67,-3.15939
2447.19,-3.15162
2448.7,-3.14388
2450.2,-3.13618
2451.69,-3.1285
2453.17,-3.12086
2454.64,-3.11325
2456.09,-3.10568
2457.54,-3.09813
2458.97,-3.09062
2460.39,-3.08314
2461.8,-3.07569
2463.2,-3.06827
2464.59,-3.06088
2465.97,-3.05352
2467.33,-3.04619
2468.68,-3.03889
2470.03,-3.03162
2471.36,-3.02438
2472.68,-3.01717
2473.98,-3.00999
2475.28,-3.00284
2476.57,-2.99571
2477.84,-2.98862
2479.1,-2.98155
2480.36,-2.97451
2481.6,-2.9675
2482.83,-2.96052
2484.04,-2.95356
2485.25,-2.94663
2486.45,-2.93973
2487.63,-2.93285
2488.8,-2.926
2489.96,-2.91918
2491.11,-2.91239
2492.25,-2.90562
2493.38,-2.89887
2494.5,-2.89215
2495.6,-2.88546
2496.7,-2.87879
2497.78,-2.87215
2498.85,-2.86553
2499.91,-2.85893
2500.96,-2.85237
2502,-2.84582
2503.03,-2.8393
2504.04,-2.8328
2505.05,-2.82633
2506.04,-2.81988
2507.02,-2.81345
2508,-2.80705
2508.96,-2.80067
2509.9,-2.79431
2510.84,-2.78797
2511.77,-2.78166
2512.68,-2.77537
2513.59,-2.7691
2514.48,-2.76285
2515.36,-2.75662
2516.23,-2.75042
2517.09,-2.74424
2517.94,-2.73808
2518.78,-2.73194
2519.6,-2.72582
2520.42,-2.71972
2521.22,-2.71364
2522.02,-2.70758
2522.8,-2.70154
2523.57,-2.69552
2524.33,-2.68952
2525.08,-2.68354
2525.81,-2.67758
2526.54,-2.67164
2527.25,-2.66572
2527.96,-2.65982
2528.65,-2.65393
2529.33,-2.64807
2530,-2.64222
2530.66,-2.63639
2531.31,-2.63058
2531.95,-2.62478
2532.57,-2.61901
2533.19,-2.61325
2533.79,-2.60751
2534.39,-2.60179
2534.97,-2.59608
2535.54,-2.59039
2536.1,-2.58472
2536.65,-2.57906
2537.19,-2.57342
2537.71,-2.5678
2538.23,-2.56219
2538.73,-2.5566
2539.23,-2.55103
2539.71,-2.54547
2540.18,-2.53992
2540.64,-2.53439
2541.09,-2.52888
2541.53,-2.52338
2541.96,-2.5179
2542.37,-2.51243
2542.78,-2.50697
2543.17,-2.50153
2543.55,-2.49611
2543.93,-2.49069
2544.29,-2.4853
2544.64,-2.47991
2544.97,-2.47454
2545.3,-2.46919
2545.62,-2.46384
2545.93,-2.45851
2546.22,-2.45319
2546.5,-2.44789
2546.78,-2.4426
2547.04,-2.43732
2547.29,-2.43205
2547.53,-2.42679
2547.76,-2.42155
2547.97,-2.41632
2548.18,-2.4111
2548.38,-2.4059
2548.56,-2.4007
2548.73,-2.39552
2548.9,-2.39034
2549.05,-2.38518
2549.19,-2.38003
2549.32,-2.37489
2549.44,-2.36976
2549.54,-2.36464
2549.64,-2.35953
2549.73,-2.35443
2549.8,-2.34934
2549.86,-2.34426
2549.92,-2.33919
2549.96,-2.33413
2549.99,-2.32908
2550.01,-2.32404
2550.02,-2.31901
2550.01,-2.31398
2550,-2.30897
2549.97,-2.30396
2549.94,-2.29897
2549.89,-2.29398
2549.83,-2.289
2549.76,-2.28403
2549.69,-2.27906
2549.59,-2.2741
2549.49,-2.26915
2549.38,-2.26421
2549.26,-2.25928
2549.12,-2.25435
2548.97,-2.24943
2548.82,-2.24452
2548.65,-2.23961
2548.47,-2.23471
2548.28,-2.22982
2548.08,-2.22493
2547.87,-2.22005
2547.64,-2.21517
2547.41,-2.2103
2547.17,-2.20544
2546.91,-2.20058
2546.64,-2.19573
2546.36,-2.19088
2546.07,-2.18603
2545.77,-2.1812
2545.46,-2.17636
2545.14,-2.17153
2544.81,-2.16671
2544.46,-2.16189
2544.11,-2.15707
2543.74,-2.15226
2543.36,-2.14745
2542.98,-2.14265
2542.58,-2.13785
2542.17,-2.13305
2541.74,-2.12825
2541.31,-2.12346
2540.87,-2.11867
2540.41,-2.11388
2539.95,-2.1091
2539.47,-2.10432
2538.98,-2.09954
2538.48,-2.09476
2537.97,-2.08999
2537.45,-2.08521
2536.92,-2.08044
2536.38,-2.07567
2535.82,-2.0709
2535.26,-2.06613
2534.68,-2.06136
2534.09,-2.05659
2533.49,-2.05182
2532.88,-2.04706
2532.26,-2.04229
2531.63,-2.03753
2530.99,-2.03276
2530.34,-2.02799
2529.67,-2.02322
2528.99,-2.01846
2528.31,-2.01369
2527.61,-2.00892
2526.9,-2.00414
2526.18,-1.99937
2525.45,-1.9946
2524.7,-1.98982
2523.95,-1.98504
2523.19,-1.98026
2522.41,-1.97548
2521.62,-1.9707
2520.82,-1.96591
2520.02,-1.96112
2519.19,-1.95632
2518.36,-1.95153
2517.52,-1.94673
2516.67,-1.94192
2515.8,-1.93711
2514.92,-1.9323
2514.04,-1.92749
2513.14,-1.92267
2512.23,-1.91784
2511.31,-1.91301
2510.38,-1.90818
2509.43,-1.90334
2508.48,-1.89849
2507.51,-1.89364
2506.54,-1.88878
2505.55,-1.88392
2504.55,-1.87905
2503.54,-1.87418
2502.52,-1.86929
2501.49,-1.86441
2500.44,-1.85951
2499.39,-1.85461
2498.32,-1.8497
2497.24,-1.84478
2496.15,-1.83985
2495.05,-1.83492
2493.94,-1.82997
2492.82,-1.82502
2491.69,-1.82006
2490.54,-1.81509
2489.39,-1.81011
2488.22,-1.80513
2487.04,-1.80013
2485.85,-1.79512
2484.65,-1.7901
2483.44,-1.78507
2482.21,-1.78003
2480.98,-1.77498
2479.73,-1.76992
2478.48,-1.76485
2477.21,-1.75977
2475.93,-1.75467
2474.64,-1.74956
2473.33,-1.74444
2472.02,-1.73931
2470.69,-1.73416
2469.36,-1.729
2468.01,-1.72383
2466.65,-1.71864
2465.28,-1.71344
2463.9,-1.70822
2462.51,-1.70299
2461.1,-1.69775
2459.69,-1.69249
2458.26,-1.68721
2456.82,-1.68192
2455.37,-1.67661
2453.91,-1.67129
2452.44,-1.66595
2450.95,-1.6606
2449.46,-1.65522
2447.95,-1.64983
2446.43,-1.64442
2444.9,-1.63899
2443.36,-1.63355
2441.81,-1.62809
2440.25,-1.6226
2438.67,-1.6171
2437.08,-1.61158
2435.49,-1.60604
2433.88,-1.60048
2432.25,-1.59489
2430.62,-1.58929
2428.98,-1.58366
2427.32,-1.57802
2425.66,-1.57235
2423.98,-1.56666
2422.29,-1.56095
2420.59,-1.55521
2418.87,-1.54945
2417.15,-1.54367
2415.41,-1.53786
2413.67,-1.53203
2411.91,-1.52617
2410.14,-1.52029
2408.35,-1.51438
2406.56,-1.50845
2404.76,-1.50249
2402.94,-1.4965
2401.11,-1.49049
2399.27,-1.48445
2397.42,-1.47838
2395.56,-1.47228
2393.68,-1.46615
2391.8,-1.46
2389.9,-1.45381
2387.99,-1.4476
2386.07,-1.44135
2384.14,-1.43507
2382.19,-1.42877
2380.24,-1.42243
2378.27,-1.41605
2376.29,-1.40965
2374.3,-1.40321
2372.3,-1.39674
2370.28,-1.39023
2368.26,-1.38369
2366.22,-1.37712
2364.17,-1.3705
2362.11,-1.36386
2360.04,-1.35717
2357.95,-1.35045
2355.86,-1.34369
2353.75,-1.33689
2351.63,-1.33006
2349.5,-1.32318
2347.36,-1.31627
2345.2,-1.30931
2343.04,-1.30232
2340.86,-1.29528
2338.67,-1.2882
2336.47,-1.28108
2334.25,-1.27391
2332.03,-1.26671
2329.79,-1.25945
2327.54,-1.25215
2325.28,-1.24481
2323.01,-1.23742
2320.72,-1.22999
2318.43,-1.2225
2316.12,-1.21497
2313.8,-1.20739
2311.47,-1.19976
2309.13,-1.19208
2306.77,-1.18435
2304.4,-1.17657
2302.02,-1.16873
2299.63,-1.16085
2297.23,-1.15291
2294.81,-1.14491
2292.39,-1.13686
2289.95,-1.12876
2287.5,-1.1206
2285.04,-1.11238
2282.56,-1.1041
2280.07,-1.09577
2277.58,-1.08737
2275.06,-1.07892
2272.54,-1.0704
2270.01,-1.06183
2267.46,-1.05319
2264.9,-1.04448
2262.33,-1.03572
2259.75,-1.02688
2257.15,-1.01798
2254.55,-1.00902
2251.93,-0.999984
2249.3,-0.990882
2246.66,-0.98171
2244,-0.972467
2241.33,-0.963153
2238.66,-0.953766
2235.96,-0.944306
2233.26,-0.934771
2230.55,-0.925161
2227.82,-0.915475
2225.08,-0.905711
2222.33,-0.895869
2219.56,-0.885947
2216.79,-0.875945
2214,-0.865861
2211.2,-0.855694
2208.39,-0.845443
2205.56,-0.835108
2202.73,-0.824686
2199.88,-0.814177
2197.02,-0.80358
2194.14,-0.792893
2191.26,-0.782115
2188.36,-0.771245
2185.45,-0.760282
2182.53,-0.749225
2179.59,-0.738071
2176.65,-0.726821
2173.69,-0.715472
2170.72,-0.704024
2167.74,-0.692475
2164.74,-0.680823
2161.73,-0.669068
2158.71,-0.657207
2155.68,-0.64524
2152.63,-0.633164
2149.58,-0.620979
2146.51,-0.608683
2143.43,-0.596274
2140.33,-0.583752
2137.23,-0.571114
2134.11,-0.558358
2130.98,-0.545484
2127.84,-0.53249
2124.68,-0.519373
2121.51,-0.506133
2118.33,-0.492768
2115.14,-0.479275
2111.93,-0.465653
2108.72,-0.451901
2105.49,-0.438016
2102.25,-0.423998
2098.99,-0.409843
2095.73,-0.39555
2092.45,-0.381118
2089.15,-0.366544
2085.85,-0.351826
2082.53,-0.336962
2079.21,-0.32195
2075.87,-0.306789
2072.51,-0.291476
2069.15,-0.276009
2065.77,-0.260385
2062.38,-0.244604
2058.97,-0.228662
2055.56,-0.212557
2052.13,-0.196287
2048.69,-0.179849
2045.24,-0.163242
2041.77,-0.146463
2038.29,-0.12951
2034.8,-0.112379
2031.3,-0.0950689
2027.79,-0.0775767
2024.26,-0.0599
2020.72,-0.0420363
2017.17,-0.0239824
2013.6,-0.00573617
2010.02,0.0127055
2006.43,0.0313452
2002.83,0.050186
1999.22,0.0692306
1995.59,0.0884818
1991.95,0.107943
1988.3,0.127616
1984.64,0.147505
1980.96,0.167613
1977.27,0.187943
1973.57,0.208498
1969.85,0.229281
1966.13,0.250297
1962.39,0.271547
1958.64,0.293035
1954.87,0.314766
1951.1,0.336743
1947.31,0.358968
1943.51,0.381446
1939.69,0.40418
1935.87,0.427175
1932.03,0.450433
1928.18,0.47396
1924.32,0.497758
1920.44,0.521831
1916.55,0.546185
1912.65,0.570822
1908.74,0.595748
1904.82,0.620966
1900.88,0.646481
1896.93,0.672296
1892.97,0.698418
1888.99,0.724849
1885.01,0.751595
1881.01,0.77866
1877,0.806049
1872.98,0.833768
1868.94,0.861821
1864.89,0.890212
1860.83,0.918948
1856.76,0.948033
1852.68,0.977472
1848.58,1.00727
1844.47,1.03744
1840.35,1.06797
1836.22,1.09888
1832.08,1.13017
1827.92,1.16185
1823.75,1.19393
1819.57,1.2264
1815.38,1.25928
1811.17,1.29258
1806.96,1.32629
1802.73,1.36042
1798.49,1.39498
1794.23,1.42999
1789.97,1.46544
1785.69,1.50133
1781.41,1.53769
1777.11,1.57451
1772.8,1.6118
1768.47,1.64958
1764.14,1.68784
1759.79,1.72659
1755.43,1.76584
1751.06,1.80561
1746.68,1.84589
1742.29,1.8867
1737.89,1.92804
1733.47,1.96992
1729.04,2.01235
1724.61,2.05534
1720.16,2.0989
1715.69,2.14303
1711.22,2.18775
1706.74,2.23306
1702.25,2.27897
1697.74,2.3255
1693.22,2.37265
1688.7,2.42043
1684.16,2.46885
1679.61,2.51792
1675.05,2.56765
1670.48,2.61806
1665.9,2.66914
1661.3,2.72092
1656.7,2.7734
1652.09,2.82659
1647.47,2.88051
1642.83,2.93517
1638.19,2.99057
1633.53,3.04673
1628.87,3.10365
1624.2,3.16137
1619.51,3.21987
1614.82,3.27918
1610.11,3.33931
1605.4,3.40027
1600.67,3.46208
1595.94,3.52474
1591.2,3.58827
1586.45,3.65268
1581.69,3.71799
1576.91,3.78421
1572.14,3.85135
1567.35,3.91943
1562.55,3.98845
1557.74,4.05845
1552.93,4.12942
1548.1,4.20139
1543.27,4.27436
1538.43,4.34836
1533.58,4.4234
1528.73,4.49949
1523.86,4.57664
1518.99,4.65489
1514.11,4.73423
1509.22,4.81469
1504.33,4.89628
1499.43,4.97902
1494.52,5.06292
1489.6,5.148
1484.68,5.23428
1479.75,5.32177
1474.81,5.41048
1469.87,5.50045
1464.92,5.59167
1459.97,5.68418
1455.01,5.77798
1450.04,5.8731
1445.07,5.96955
1440.09,6.06734
1435.11,6.1665
1430.12,6.26704
1425.13,6.36898
1420.14,6.47233
1415.14,6.57712
1410.13,6.68335
1405.13,6.79105
1400.12,6.90024
1395.1,7.01092
1390.08,7.12312
1385.07,7.23685
1380.04,7.35213
1375.02,7.46897
1369.99,7.58739
1364.96,7.70741
1359.93,7.82904
1354.9,7.95229
1349.87,8.07718
1344.84,8.20372
1339.81,8.33193
1334.77,8.46181
1329.74,8.59339
1324.71,8.72667
1319.68,8.86167
1314.65,8.99839
1309.62,9.13684
1304.6,9.27703
1299.58,9.41898
1294.56,9.56268
1289.54,9.70815
1284.53,9.85538
1279.52,10.0044
1274.51,10.1552
1269.51,10.3077
1264.52,10.4621
1259.53,10.6182
1254.55,10.7761
1249.57,10.9357
1244.6,11.0971
1239.64,11.2603
1234.69,11.4252
1229.74,11.5919
1224.81,11.7602
1219.88,11.9303
1214.96,12.102
1210.06,12.2755
1205.16,12.4505
1200.28,12.6272
1195.41,12.8054
1190.55,12.9853
1185.71,13.1666
1180.88,13.3494
1176.06,13.5336
1171.26,13.7193
1166.48,13.9063
1161.71,14.0946
1156.96,14.2841
1152.23,14.4748
1147.51,14.6666
1142.82,14.8595
1138.14,15.0533
1133.49,15.248
1128.86,15.4436
1124.25,15.6398
1119.66,15.8367
1115.1,16.0342
1110.56,16.232
1106.04,16.4302
1101.56,16.6286
1097.1,16.8271
1092.66,17.0255
1088.26,17.2238
1083.89,17.4218
1079.54,17.6193
1075.23,17.8162
1070.95,18.0123
1066.7,18.2075
1062.49,18.4016
1058.31,18.5945
1054.17,18.7858
1050.07,18.9756
1046,19.1635
1041.97,19.3493
1037.99,19.5329
1034.04,19.714
1030.13,19.8924
1026.27,20.0678
1022.45,20.2401
1018.68,20.409
1014.95,20.5743
1011.27,20.7356
1007.64,20.8928
1004.06,21.0456
1000.52,21.1937
997.044,21.3368
993.615,21.4748
990.239,21.6072
986.918,21.7338
983.653,21.8543
980.444,21.9685
977.293,22.0761
974.201,22.1768
971.168,22.2703
968.197,22.3563
965.288,22.4345
962.441,22.5047
959.659,22.5666
956.942,22.62
954.291,22.6645
951.707,22.6999
949.191,22.726
946.745,22.7425
944.368,22.7492
942.063,22.7459
939.83,22.7323
937.669,22.7083
935.583,22.6737
933.571,22.6283
931.635,22.572
929.775,22.5045
927.992,22.4259
926.288,22.3359
924.662,22.2345
923.116,22.1217
921.649,21.9973
920.264,21.8614
918.96,21.7139
917.739,21.5548
916.599,21.3843
915.544,21.2023
914.571,21.0088
913.683,20.8041
912.88,20.5883
912.161,20.3614
911.528,20.1236
910.98,19.8752
910.518,19.6163
910.142,19.3471
909.853,19.068
909.649,18.7791
909.533,18.4808
909.503,18.1734
909.559,17.8572
909.702,17.5325
909.931,17.1997
910.247,16.8591
910.649,16.5112
911.137,16.1563
911.711,15.7948
912.37,15.4272
913.115,15.0538
913.944,14.6751
914.858,14.2916
915.856,13.9036
916.937,13.5117
918.101,13.1162
919.348,12.7176
920.677,12.3163
922.087,11.9129
923.577,11.5076
925.148,11.101
926.798,10.6935
928.526,10.2854
930.332,9.87733
932.216,9.46954
934.175,9.06245
936.209,8.65646
938.319,8.25194
940.501,7.84925
942.756,7.44874
945.083,7.05074
947.481,6.65558
949.949,6.26357
952.485,5.875
955.09,5.49015
957.761,5.10929
960.498,4.73267
963.3,4.36052
966.166,3.99308
969.094,3.63054
972.084,3.27309
975.135,2.92092
978.245,2.57419
981.414,2.23304
984.64,1.89762
987.922,1.56804
991.26,1.24441
994.652,0.926822
998.097,0.615367
1001.59,0.310111
1005.14,0.0111145
1008.74,-0.281579
1012.39,-0.56793
1016.08,-0.847911
1019.82,-1.12151
1023.61,-1.38872
1027.44,-1.64954
1031.32,-1.90399
1035.23,-2.15208
1039.19,-2.39383
1043.19,-2.6293
1047.23,-2.8585
1051.31,-3.08151
1055.43,-3.29835
1059.58,-3.5091
1063.77,-3.71382
1067.99,-3.91258
1072.25,-4.10544
1076.54,-4.29249
1080.86,-4.47381
1085.21,-4.64948
1089.6,-4.81958
1094.01,-4.98421
1098.45,-5.14345
1102.92,-5.29741
1107.41,-5.44616
1111.93,-5.58981
1116.48,-5.72846
1121.05,-5.86221
1125.65,-5.99115
1130.26,-6.11538
1134.9,-6.235
1139.56,-6.35012
1144.24,-6.46083
1148.94,-6.56723
1153.66,-6.66942
1158.4,-6.76751
1163.16,-6.86158
1167.93,-6.95173
1172.72,-7.03807
1177.52,-7.12069
1182.34,-7.19968
1187.18,-7.27513
1192.03,-7.34714
1196.89,-7.41581
1201.76,-7.48121
1206.65,-7.54344
1211.55,-7.60259
1216.46,-7.65873
1221.38,-7.71196
1226.3,-7.76237
1231.24,-7.81001
1236.19,-7.85499
1241.15,-7.89737
1246.11,-7.93724
1251.08,-7.97467
1256.06,-8.00973
1261.04,-8.04249
1266.04,-8.07302
1271.03,-8.1014
1276.03,-8.12769
1281.04,-8.15195
1286.05,-8.17425
1291.06,-8.19465
1296.08,-8.21321
1301.1,-8.23
1306.12,-8.24507
1311.15,-8.25847
1316.18,-8.27026
1321.21,-8.2805
1326.24,-8.28923
1331.27,-8.29652
1336.3,-8.3024
1341.33,-8.30692
1346.37,-8.31014
1351.4,-8.31209
1356.43,-8.31283
1361.46,-8.31239
1366.49,-8.31082
1371.52,-8.30816
1376.54,-8.30444
1381.57,-8.29971
1386.59,-8.294
1391.61,-8.28735
1396.63,-8.27979
1401.64,-8.27136
1406.65,-8.26209
1411.65,-8.25202
1416.66,-8.24117
1421.66,-8.22957
1426.65,-8.21726
1431.64,-8.20426
1436.62,-8.1906
1441.6,-8.1763
1446.58,-8.1614
1451.55,-8.14591
1456.51,-8.12987
1461.47,-8.11329
1466.42,-8.09619
1471.37,-8.07861
1476.31,-8.06056
1481.25,-8.04206
1486.17,-8.02313
1491.09,-8.00379
1496.01,-7.98406
1500.92,-7.96396
1505.82,-7.94351
1510.71,-7.92272
1515.59,-7.90161
1520.47,-7.88019
1525.34,-7.85848
1530.2,-7.8365
1535.06,-7.81426
1539.9,-7.79177
1544.74,-7.76905
1549.57,-7.74611
1554.39,-7.72296
1559.2,-7.69961
1564.01,-7.67609
1568.8,-7.65239
1573.59,-7.62853
1578.36,-7.60452
1583.13,-7.58036
1587.89,-7.55608
1592.64,-7.53168
1597.38,-7.50716
1602.11,-7.48254
1606.83,-7.45783
1611.54,-7.43303
1616.24,-7.40816
1620.93,-7.38321
1625.62,-7.3582
1630.29,-7.33313
1634.95,-7.30802
1639.6,-7.28286
1644.24,-7.25767
1648.87,-7.23244
1653.49,-7.2072
1658.1,-7.18193
1662.7,-7.15665
1667.29,-7.13137
1671.87,-7.10608
1676.43,-7.0808
1680.99,-7.05552
1685.54,-7.03025
1690.07,-7.00501
1694.6,-6.97978
1699.11,-6.95458
1703.61,-6.9294
1708.1,-6.90426
1712.58,-6.87916
1717.05,-6.85409
1721.51,-6.82907
1725.95,-6.80409
1730.39,-6.77916
1734.81,-6.75428
1739.22,-6.72946
1743.62,-6.70469
1748.01,-6.67999
1752.39,-6.65535
1756.76,-6.63077
1761.11,-6.60626
1765.45,-6.58181
1769.79,-6.55744
1774.1,-6.53315
1778.41,-6.50892
1782.71,-6.48478
1786.99,-6.46071
1791.27,-6.43672
1795.53,-6.41282
1799.77,-6.38899
1804.01,-6.36525
1808.24,-6.3416
1812.45,-6.31804
1816.65,-6.29456
1820.84,-6.27117
1825.02,-6.24787
1829.18,-6.22467
1833.33,-6.20155
1837.48,-6.17853
1841.6,-6.1556
1845.72,-6.13277
1849.83,-6.11003
1853.92,-6.08739
1858,-6.06485
1862.07,-6.0424
1866.12,-6.02006
1870.17,-5.99781
1874.2,-5.97566
1878.22,-5.95361
1882.22,-5.93166
1886.22,-5.9098
1890.2,-5.88805
1894.17,-5.8664
1898.13,-5.84485
1902.07,-5.82341
1906.01,-5.80206
1909.93,-5.78081
1913.84,-5.75967
1917.73,-5.73863
1921.62,-5.71769
1925.49,-5.69685
1929.35,-5.67611
1933.19,-5.65548
1937.03,-5.63495
1940.85,-5.61452
1944.66,-5.59419
1948.46,-5.57396
1952.24,-5.55384
1956.02,-5.53381
1959.78,-5.51389
1963.52,-5.49407
1967.26,-5.47435
1970.98,-5.45473
1974.69,-5.43521
1978.39,-5.41579
1982.07,-5.39647
1985.75,-5.37726
1989.41,-5.35814
1993.06,-5.33912
1996.69,-5.3202
2000.31,-5.30138
2003.93,-5.28266
2007.52,-5.26403
2011.11,-5.2455
2014.68,-5.22708
2018.24,-5.20874
2021.79,-5.19051
2025.33,-5.17237
2028.85,-5.15433
2032.36,-5.13638
2035.86,-5.11853
2039.35,-5.10078
2042.82,-5.08312
2046.28,-5.06555
2049.73,-5.04808
2053.17,-5.0307
2056.59,-5.01342
2060.01,-4.99622
2063.4,-4.97912
2066.79,-4.96211
2070.17,-4.94519
2073.53,-4.92837
2076.88,-4.91163
2080.22,-4.89499
2083.54,-4.87843
2086.85,-4.86196
2090.15,-4.84558
2093.44,-4.82929
2096.72,-4.81309
2099.98,-4.79698
2103.23,-4.78095
2106.47,-4.76501
2109.69,-4.74915
2112.91,-4.73338
2116.11,-4.7177
2119.3,-4.7021
2122.47,-4.68658
2125.64,-4.67115
2128.79,-4.6558
2131.93,-4.64053
2135.05,-4.62535
2138.17,-4.61025
2141.27,-4.59523
2144.36,-4.58029
2147.44,-4.56543
2150.5,-4.55065
2153.56,-4.53595
2156.6,-4.52133
2159.63,-4.50678
2162.64,-4.49232
2165.65,-4.47793
2168.64,-4.46363
2171.62,-4.44939
2174.59,-4.43524
2177.54,-4.42116
2180.48,-4.40715
2183.41,-4.39322
2186.33,-4.37936
2189.24,-4.36558
2192.13,-4.35187
2195.01,-4.33824
2197.88,-4.32468
2200.74,-4.31119
2203.59,-4.29777
2206.42,-4.28442
2209.24,-4.27114
2212.05,-4.25794
2214.84,-4.2448
2217.63,-4.23173
2220.4,-4.21873
2223.16,-4.2058
2225.91,-4.19294
2228.64,-4.18015
2231.37,-4.16742
2234.08,-4.15476
2236.78,-4.14217
2239.47,-4.12964
2242.14,-4.11718
2244.8,-4.10478
2247.46,-4.09245
2250.09,-4.08018
2252.72,-4.06798
2255.34,-4.05584
2257.94,-4.04376
2260.53,-4.03175
2263.11,-4.0198
2265.68,-4.00791
2268.23,-3.99608
2270.77,-3.98431
2273.3,-3.9726
2275.82,-3.96095
2278.33,-3.94937
2280.82,-3.93784
2283.31,-3.92637
2285.78,-3.91496
2288.24,-3.90361
2290.68,-3.89231
2293.12,-3.88107
2295.54,-3.86989
2297.95,-3.85877
2300.35,-3.8477
2302.74,-3.83669
2305.12,-3.82574
2307.48,-3.81484
2309.83,-3.80399
2312.17,-3.7932
2314.5,-3.78246
2316.82,-3.77178
2319.12,-3.76115
2321.41,-3.75057
2323.69,-3.74005
2325.96,-3.72958
2328.22,-3.71916
2330.47,-3.70879
2332.7,-3.69847
2334.92,-3.6882
2337.13,-3.67799
2339.33,-3.66782
2341.51,-3.65771
2343.69,-3.64764
2345.85,-3.63762
2348,-3.62765
2350.14,-3.61773
2352.27,-3.60786
2354.38,-3.59804
2356.49,-3.58826
2358.58,-3.57853
2360.66,-3.56885
2362.73,-3.55921
2364.79,-3.54962
2366.83,-3.54008
2368.87,-3.53058
2370.89,-3.52113
2372.9,-3.51172
2374.9,-3.50236
2376.89,-3.49304
2378.86,-3.48376
2380.82,-3.47453
2382.78,-3.46534
2384.72,-3.4562
2386.65,-3.44709
2388.56,-3.43803
2390.47,-3.42902
2392.36,-3.42004
2394.25,-3.41111
2396.12,-3.40222
2397.98,-3.39336
2399.82,-3.38455
2401.66,-3.37578
2403.48,-3.36705
2405.3,-3.35836
2407.1,-3.34971
2408.89,-3.3411
2410.67,-3.33253
2412.43,-3.324
2414.19,-3.3155
2415.93,-3.30705
2417.67,-3.29863
2419.39,-3.29025
2421.1,-3.28191
2422.79,-3.2736
2424.48,-3.26533
2426.15,-3.2571
2427.82,-3.2489
2429.47,-3.24075
2431.11,-3.23262
2432.74,-3.22453
2434.36,-3.21648
2435.96,-3.20846
2437.56,-3.20048
2439.14,-3.19253
2440.71,-3.18462
2442.27,-3.17674
2443.82,-3.1689
2445.36,-3.16109
2446.89,-3.15331
2448.4,-3.14556
2449.9,-3.13785
2451.39,-3.13017
2452.88,-3.12253
2454.34,-3.11491
2455.8,-3.10733
2457.25,-3.09978
2458.68,-3.09226
2460.11,-3.08477
2461.52,-3.07732
2462.92,-3.06989
2464.31,-3.0625
2465.69,-3.05513
2467.06,-3.0478
2468.41,-3.04049
2469.76,-3.03322
2471.09,-3.02597
2472.41,-3.01876
2473.72,-3.01157
2475.02,-3.00441
2476.31,-2.99729
2477.58,-2.99019
2478.85,-2.98311
2480.1,-2.97607
2481.35,-2.96905
2482.58,-2.96206
2483.8,-2.9551
2485.01,-2.94817
2486.2,-2.94126
2487.39,-2.93438
2488.56,-2.92753
2489.73,-2.9207
2490.88,-2.9139
2492.02,-2.90713
2493.15,-2.90038
2494.27,-2.89365
2495.38,-2.88696
2496.48,-2.88028
2497.56,-2.87363
2498.63,-2.86701
2499.7,-2.86041
2500.75,-2.85384
2501.79,-2.84729
2502.82,-2.84076
2503.84,-2.83426
2504.84,-2.82778
2505.84,-2.82133
2506.82,-2.8149
2507.8,-2.80849
2508.76,-2.80211
2509.71,-2.79574
2510.65,-2.78941
2511.58,-2.78309
2512.49,-2.77679
2513.4,-2.77052
2514.3,-2.76427
2515.18,-2.75804
2516.05,-2.75183
2516.91,-2.74565
2517.77,-2.73948
2518.6,-2.73334
2519.43,-2.72721
2520.25,-2.72111
2521.06,-2.71503
2521.85,-2.70896
2522.63,-2.70292
2523.41,-2.6969
2524.17,-2.6909
2524.92,-2.68491
2525.66,-2.67895
2526.39,-2.67301
2527.1,-2.66708
2527.81,-2.66118
2528.5,-2.65529
2529.19,-2.64942
2529.86,-2.64357
2530.52,-2.63774
2531.17,-2.63192
2531.81,-2.62613
2532.44,-2.62035
2533.06,-2.61459
2533.66,-2.60884
2534.26,-2.60312
2534.84,-2.59741
2535.42,-2.59172
2535.98,-2.58604
2536.53,-2.58038
2537.07,-2.57474
2537.6,-2.56911
2538.12,-2.5635
2538.62,-2.55791
2539.12,-2.55233
2539.6,-2.54677
2540.08,-2.54122
2540.54,-2.53569
2540.99,-2.53018
2541.43,-2.52467
2541.86,-2.51919
2542.28,-2.51372
2542.68,-2.50826
2543.08,-2.50282
2543.47,-2.49739
2543.84,-2.49197
2544.2,-2.48657
2544.55,-2.48119
2544.9,-2.47581
2545.23,-2.47046
2545.54,-2.46511
2545.85,-2.45978
2546.15,-2.45446
2546.43,-2.44915
2546.71,-2.44386
2546.97,-2.43857
2547.23,-2.43331
2547.47,-2.42805
2547.7,-2.4228
2547.92,-2.41757
2548.13,-2.41235
2548.32,-2.40714
2548.51,-2.40194
2548.69,-2.39676
2548.85,-2.39158
2549,-2.38642
2549.15,-2.38127
2549.28,-2.37612
2549.4,-2.37099
2549.51,-2.36587
2549.61,-2.36076
2549.69,-2.35566
2549.77,-2.35057
2549.84,-2.34549
2549.89,-2.34042
2549.93,-2.33536
2549.97,-2.3303
2549.99,-2.32526
2550,-2.32023
2550,-2.3152
2549.99,-2.31019
2549.96,-2.30518
2549.93,-2.30018
2549.88,-2.29519
2549.83,-2.29021
2549.76,-2.28524
2549.68,-2.28027
2549.6,-2.27531
2549.5,-2.27036
2549.38,-2.26542
2549.26,-2.26049
2549.13,-2.25556
2548.99,-2.25064
2548.83,-2.24572
2548.67,-2.24081
2548.49,-2.23591
2548.3,-2.23102
2548.1,-2.22613
2547.89,-2.22125
2547.67,-2.21637
2547.44,-2.2115
2547.2,-2.20664
2546.94,-2.20178
2546.68,-2.19692
2546.4,-2.19207
2546.11,-2.18723
2545.82,-2.18239
2545.51,-2.17756
2545.19,-2.17273
2544.86,-2.1679
2544.51,-2.16308
2544.16,-2.15827
2543.8,-2.15345
2543.42,-2.14865
2543.03,-2.14384
2542.64,-2.13904
2542.23,-2.13424
2541.81,-2.12944
2541.38,-2.12465
2540.94,-2.11986
2540.48,-2.11508
2540.02,-2.11029
2539.54,-2.10551
2539.06,-2.10073
2538.56,-2.09595
2538.05,-2.09118
2537.54,-2.0864
2537.01,-2.08163
2536.46,-2.07686
2535.91,-2.07209
2535.35,-2.06732
2534.77,-2.06255
2534.19,-2.05779
2533.59,-2.05302
2532.99,-2.04825
2532.37,-2.04349
2531.74,-2.03872
2531.1,-2.03396
2530.44,-2.02919
2529.78,-2.02442
2529.11,-2.01965
2528.42,-2.01489
2527.73,-2.01012
2527.02,-2.00535
2526.3,-2.00057
2525.57,-1.9958
2524.83,-1.99102
2524.08,-1.98625
2523.32,-1.98147
2522.54,-1.97669
2521.76,-1.9719
2520.96,-1.96712
2520.15,-1.96233
2519.33,-1.95753
2518.51,-1.95274
2517.66,-1.94794
2516.81,-1.94314
2515.95,-1.93833
2515.08,-1.93352
2514.19,-1.9287
2513.29,-1.92388
2512.39,-1.91906
2511.47,-1.91423
2510.54,-1.9094
2509.6,-1.90456
2508.64,-1.89972
2507.68,-1.89487
2506.71,-1.89001
2505.72,-1.88515
2504.72,-1.88028
2503.72,-1.87541
2502.7,-1.87053
2501.67,-1.86564
2500.62,-1.86075
2499.57,-1.85585
2498.51,-1.85094
2497.43,-1.84602
2496.35,-1.8411
2495.25,-1.83617
2494.14,-1.83123
2493.02,-1.82628
2491.89,-1.82132
2490.74,-1.81635
2489.59,-1.81138
2488.43,-1.80639
2487.25,-1.80139
2486.06,-1.79639
2484.86,-1.79137
2483.65,-1.78635
2482.43,-1.78131
2481.2,-1.77626
2479.95,-1.7712
2478.7,-1.76613
2477.43,-1.76105
2476.15,-1.75596
2474.87,-1.75085
2473.57,-1.74574
2472.25,-1.7406
2470.93,-1.73546
2469.6,-1.7303
2468.25,-1.72513
2466.89,-1.71995
2465.53,-1.71475
2464.15,-1.70954
2462.75,-1.70431
2461.35,-1.69907
2459.94,-1.69382
2458.51,-1.68855
2457.08,-1.68326
2455.63,-1.67795
2454.17,-1.67264
2452.7,-1.6673
2451.22,-1.66195
2449.72,-1.65658
2448.22,-1.65119
2446.7,-1.64579
2445.18,-1.64036
2443.64,-1.63492
2442.09,-1.62946
2440.53,-1.62398
2438.95,-1.61849
2437.37,-1.61297
2435.77,-1.60743
2434.17,-1.60187
2432.55,-1.5963
2430.92,-1.5907
2429.27,-1.58508
2427.62,-1.57943
2425.96,-1.57377
2424.28,-1.56809
2422.59,-1.56238
2420.89,-1.55665
2419.18,-1.55089
2417.46,-1.54511
2415.73,-1.53931
2413.98,-1.53349
2412.23,-1.52763
2410.46,-1.52176
2408.68,-1.51586
2406.89,-1.50993
2405.08,-1.50397
2403.27,-1.49799
2401.44,-1.49198
2399.61,-1.48595
2397.76,-1.47989
2395.9,-1.47379
2394.02,-1.46767
2392.14,-1.46152
2390.24,-1.45535
2388.34,-1.44914
2386.42,-1.4429
2384.49,-1.43663
2382.55,-1.43033
2380.59,-1.42399
2378.63,-1.41763
2376.65,-1.41123
2374.66,-1.4048
2372.66,-1.39833
2370.65,-1.39183
2368.63,-1.3853
2366.59,-1.37873
2364.54,-1.37213
2362.49,-1.36549
2360.42,-1.35881
2358.33,-1.3521
2356.24,-1.34535
2354.13,-1.33856
2352.02,-1.33173
2349.89,-1.32487
2347.75,-1.31796
2345.6,-1.31101
2343.43,-1.30402
2341.26,-1.297
2339.07,-1.28993
2336.87,-1.28281
2334.66,-1.27566
2332.43,-1.26846
2330.2,-1.26121
2327.95,-1.25392
2325.69,-1.24659
2323.42,-1.23921
2321.14,-1.23178
2318.85,-1.22431
2316.54,-1.21679
2314.22,-1.20922
2311.9,-1.2016
2309.55,-1.19393
2307.2,-1.18621
2304.84,-1.17844
2302.46,-1.17061
2300.07,-1.16274
2297.67,-1.15481
2295.26,-1.14683
2292.83,-1.13879
2290.4,-1.1307
2287.95,-1.12255
2285.49,-1.11434
2283.01,-1.10608
2280.53,-1.09775
2278.03,-1.08937
2275.53,-1.08093
2273,-1.07243
2270.47,-1.06386
2267.93,-1.05524
2265.37,-1.04654
2262.8,-1.03779
2260.22,-1.02897
2257.63,-1.02009
2255.03,-1.01113
2252.41,-1.00211
2249.78,-0.993025
2247.14,-0.983867
2244.49,-0.974638
2241.82,-0.965338
2239.15,-0.955967
2236.46,-0.946522
2233.76,-0.937002
2231.05,-0.927408
2228.32,-0.917737
2225.58,-0.907989
2222.83,-0.898162
2220.07,-0.888257
2217.3,-0.878271
2214.51,-0.868203
2211.71,-0.858053
2208.9,-0.84782
2206.08,-0.837501
2203.25,-0.827097
2200.4,-0.816606
2197.54,-0.806026
2194.67,-0.795357
2191.79,-0.784598
2188.89,-0.773747
2185.99,-0.762803
2183.07,-0.751765
2180.13,-0.74063
2177.19,-0.7294
2174.23,-0.718071
2171.27,-0.706642
2168.28,-0.695113
2165.29,-0.683482
2162.29,-0.671747
2159.27,-0.659907
2156.24,-0.647961
2153.2,-0.635907
2150.14,-0.623744
2147.07,-0.61147
2144,-0.599084
2140.9,-0.586584
2137.8,-0.573969
2134.68,-0.561237
2131.56,-0.548387
2128.42,-0.535416
2125.26,-0.522325
2122.1,-0.509109
2118.92,-0.495768
2115.73,-0.482301
2112.53,-0.468705
2109.31,-0.454979
2106.08,-0.441121
2102.84,-0.427129
2099.59,-0.413002
2096.33,-0.398736
2093.05,-0.384332
2089.76,-0.369785
2086.46,-0.355096
2083.15,-0.340261
2079.82,-0.325279
2076.48,-0.310148
2073.13,-0.294864
2069.77,-0.279427
2066.39,-0.263835
2063,-0.248085
2059.6,-0.232174
2056.19,-0.216102
2052.76,-0.199864
2049.32,-0.18346
2045.87,-0.166886
2042.41,-0.150141
2038.94,-0.133222
2035.45,-0.116126
2031.95,-0.0988516
2028.44,-0.0813949
2024.91,-0.0637548
2021.37,-0.0459276
2017.82,-0.027911
2014.26,-0.00970241
2010.69,0.00870101
2007.1,0.0273017
2003.5,0.0461032
1999.89,0.065108
1996.26,0.0843189
1992.62,0.103739
1988.97,0.12337
1985.31,0.143217
1981.64,0.163282
1977.95,0.183569
1974.25,0.20408
1970.54,0.224818
1966.82,0.245788
1963.08,0.266993
1959.33,0.288435
1955.57,0.310119
1951.8,0.332047
1948.01,0.354224
1944.21,0.376653
1940.4,0.399337
1936.58,0.422281
1932.74,0.445488
1928.89,0.468962
1925.03,0.492707
1921.16,0.516727
1917.27,0.541026
1913.37,0.565608
1909.46,0.590478
1905.54,0.615639
1901.61,0.641096
1897.66,0.666853
1893.7,0.692915
1889.73,0.719286
1885.75,0.745971
1881.75,0.772975
1877.74,0.800302
1873.72,0.827957
1869.69,0.855944
1865.64,0.88427
1861.59,0.912939
1857.52,0.941957
1853.43,0.971327
1849.34,1.00106
1845.23,1.03115
1841.12,1.06161
1836.99,1.09245
1832.84,1.12367
1828.69,1.15528
1824.52,1.18728
1820.34,1.21967
1816.15,1.25248
1811.95,1.28569
1807.74,1.31932
1803.51,1.35337
1799.27,1.38785
1795.02,1.42277
1790.76,1.45813
1786.49,1.49394
1782.2,1.53021
1777.9,1.56694
1773.59,1.60415
1769.27,1.64183
1764.94,1.67999
1760.6,1.71865
1756.24,1.75781
1751.87,1.79748
1747.49,1.83766
1743.1,1.87836
1738.7,1.9196
1734.29,1.96138
1729.86,2.00371
1725.43,2.04659
1720.98,2.09004
1716.52,2.13406
1712.05,2.17867
1707.57,2.22387
1703.08,2.26967
1698.57,2.31608
1694.06,2.3631
1689.53,2.41076
1685,2.45906
1680.45,2.50801
1675.89,2.55762
1671.32,2.60789
1666.75,2.65885
1662.16,2.71049
1657.55,2.76284
1652.94,2.8159
1648.32,2.86968
1643.69,2.92419
1639.05,2.97945
1634.4,3.03546
1629.73,3.09225
1625.06,3.14981
1620.38,3.20817
1615.69,3.26732
1610.98,3.3273
1606.27,3.3881
1601.55,3.44975
1596.82,3.51224
1592.08,3.57561
1587.33,3.63985
1582.57,3.70499
1577.8,3.77104
1573.02,3.838
1568.23,3.9059
1563.44,3.97475
1558.63,4.04456
1553.82,4.11535
1549,4.18713
1544.17,4.25991
1539.33,4.33372
1534.48,4.40856
1529.63,4.48445
1524.76,4.56141
1519.89,4.63945
1515.01,4.71858
1510.13,4.79883
1505.24,4.88021
1500.33,4.96273
1495.43,5.04641
1490.51,5.13127
1485.59,5.21732
1480.66,5.30458
1475.73,5.39307
1470.78,5.4828
1465.84,5.57379
1460.88,5.66605
1455.92,5.75961
1450.96,5.85448
1445.99,5.95068
1441.01,6.04822
1436.03,6.14712
1431.05,6.2474
1426.06,6.34908
1421.06,6.45217
1416.06,6.55668
1411.06,6.66265
1406.06,6.77007
1401.04,6.87898
1396.03,6.98938
1391.01,7.1013
1386,7.21474
1380.97,7.32973
1375.95,7.44629
1370.92,7.56441
1365.89,7.68413
1360.87,7.80546
1355.83,7.92841
1350.8,8.05299
1345.77,8.17923
1340.74,8.30712
1335.71,8.4367
1330.67,8.56796
1325.64,8.70093
1320.61,8.8356
1315.58,8.972
1310.56,9.11013
1305.53,9.25
1300.51,9.39162
1295.49,9.535
1290.47,9.68014
1285.45,9.82705
1280.45,9.97573
1275.44,10.1262
1270.44,10.2784
1265.44,10.4324
1260.45,10.5882
1255.47,10.7458
1250.49,10.9051
1245.52,11.0662
1240.56,11.229
1235.6,11.3936
1230.66,11.56
1225.72,11.728
1220.79,11.8978
1215.87,12.0692
1210.97,12.2423
1206.07,12.4171
1201.18,12.5935
1196.31,12.7715
1191.45,12.951
1186.6,13.132
1181.77,13.3146
1176.95,13.4986
1172.15,13.684
1167.36,13.8707
1162.59,14.0588
1157.84,14.2481
1153.1,14.4386
1148.38,14.6302
1143.69,14.8229
1139.01,15.0166
1134.35,15.2111
1129.71,15.4066
1125.1,15.6027
1120.51,15.7995
1115.94,15.9969
1111.4,16.1947
1106.88,16.3928
1102.39,16.5912
1097.92,16.7897
1093.48,16.9882
1089.08,17.1865
1084.7,17.3845
1080.35,17.5822
1076.03,17.7792
1071.74,17.9755
1067.49,18.1709
1063.27,18.3653
1059.09,18.5584
1054.94,18.7501
1050.83,18.9402
1046.75,19.1284
1042.72,19.3147
1038.72,19.4987
1034.77,19.6803
1030.85,19.8593
1026.98,20.0353
1023.16,20.2083
1019.38,20.3778
1015.64,20.5438
1011.95,20.7059
1008.31,20.864
1004.72,21.0176
1001.18,21.1666
997.685,21.3107
994.247,21.4497
990.861,21.5831
987.53,21.7109
984.254,21.8326
981.035,21.9481
977.873,22.0569
974.77,22.159
971.726,22.2538
968.743,22.3413
965.822,22.421
962.964,22.4928
960.17,22.5563
957.441,22.6113
954.777,22.6575
952.181,22.6947
949.653,22.7226
947.193,22.7409
944.804,22.7495
942.485,22.7481
940.238,22.7365
938.064,22.7145
935.964,22.6819
933.938,22.6385
931.988,22.5843
930.114,22.5189
928.317,22.4424
926.598,22.3546
924.957,22.2554
923.396,22.1447
921.915,22.0225
920.514,21.8888
919.195,21.7435
917.958,21.5867
916.804,21.4183
915.732,21.2384
914.745,21.0471
913.841,20.8446
913.021,20.6308
912.287,20.406
911.638,20.1703
911.074,19.9238
910.596,19.6669
910.205,19.3997
909.899,19.1224
909.68,18.8354
909.547,18.5388
909.501,18.2331
909.541,17.9185
909.668,17.5954
909.882,17.2641
910.181,16.9249
910.567,16.5784
911.039,16.2248
911.597,15.8645
912.241,15.498
912.97,15.1257
913.783,14.748
914.681,14.3654
915.663,13.9782
916.729,13.587
917.878,13.1921
919.11,12.7941
920.423,12.3933
921.818,11.9902
923.294,11.5853
924.85,11.1789
926.485,10.7715
928.199,10.3636
929.991,9.95545
931.859,9.54758
933.805,9.14034
935.825,8.73412
937.921,8.3293
940.09,7.92624
942.332,7.5253
944.645,7.12681
947.03,6.7311
949.485,6.33848
952.009,5.94925
954.601,5.56368
957.259,5.18206
959.984,4.80463
962.774,4.43163
965.628,4.06329
968.545,3.69981
971.524,3.3414
974.563,2.98822
977.662,2.64046
980.82,2.29825
984.036,1.96175
987.308,1.63106
990.635,1.3063
994.017,0.987572
997.453,0.674958
1000.94,0.368531
1004.48,0.0683522
1008.07,-0.22553
1011.71,-0.513078
1015.39,-0.794262
1019.12,-1.06906
1022.9,-1.33748
1026.73,-1.5995
1030.59,-1.85515
1034.5,-2.10443
1038.46,-2.34739
1042.45,-2.58403
1046.48,-2.81442
1050.55,-3.03859
1054.66,-3.25659
1058.81,-3.46849
1062.99,-3.67435
1067.2,-3.87422
1071.46,-4.0682
1075.74,-4.25634
1080.06,-4.43874
1084.4,-4.61547
1088.78,-4.78662
1093.19,-4.95228
1097.62,-5.11254
1102.09,-5.26748
1106.58,-5.41722
1111.09,-5.56183
1115.63,-5.70142
1120.2,-5.83609
1124.79,-5.96594
1129.4,-6.09106
1134.04,-6.21155
1138.69,-6.32752
1143.37,-6.43906
1148.07,-6.54627
1152.78,-6.64926
1157.52,-6.74811
1162.27,-6.84294
1167.04,-6.93384
1171.83,-7.02089
1176.63,-7.10421
1181.45,-7.18389
1186.28,-7.26001
1191.12,-7.33268
1195.98,-7.40197
1200.86,-7.46799
1205.74,-7.53082
1210.64,-7.59055
1215.54,-7.64727
1220.46,-7.70105
1225.39,-7.75199
1230.33,-7.80016
1235.27,-7.84565
1240.23,-7.88853
1245.19,-7.92887
1250.16,-7.96676
1255.13,-8.00227
1260.12,-8.03547
1265.11,-8.06643
1270.1,-8.09522
1275.1,-8.1219
1280.11,-8.14655
1285.12,-8.16923
1290.13,-8.18999
1295.15,-8.20891
1300.17,-8.22604
1305.19,-8.24143
1310.22,-8.25515
1315.24,-8.26725
1320.27,-8.27779
1325.3,-8.28681
1330.34,-8.29438
1335.37,-8.30053
1340.4,-8.30531
1345.43,-8.30878
1350.46,-8.31098
1355.5,-8.31196
1360.53,-8.31175
1365.56,-8.31039
1370.58,-8.30794
1375.61,-8.30443
1380.64,-8.2999
1385.66,-8.29438
1390.68,-8.28791
1395.69,-8.28053
1400.71,-8.27227
1405.72,-8.26317
1410.72,-8.25325
1415.73,-8.24256
1420.73,-8.23111
1425.72,-8.21893
1430.71,-8.20607
1435.7,-8.19254
1440.68,-8.17837
1445.65,-8.16359
1450.63,-8.14822
1455.59,-8.13228
1460.55,-8.11581
1465.5,-8.09882
1470.45,-8.08134
1475.39,-8.06338
1480.33,-8.04497
1485.26,-8.02613
1490.18,-8.00687
1495.1,-7.98723
1500,-7.9672
1504.91,-7.94682
1509.8,-7.9261
1514.69,-7.90506
1519.56,-7.8837
1524.44,-7.86206
1529.3,-7.84013
1534.16,-7.81795
1539,-7.79551
1543.84,-7.77284
1548.67,-7.74994
1553.5,-7.72684
1558.31,-7.70354
1563.11,-7.68005
1567.91,-7.65639
1572.7,-7.63257
1577.48,-7.60859
1582.25,-7.58447
1587.01,-7.56022
1591.76,-7.53584
1596.5,-7.51136
1601.23,-7.48676
1605.95,-7.46207
1610.67,-7.4373
1615.37,-7.41244
1620.06,-7.38751
1624.75,-7.36252
1629.42,-7.33747
1634.08,-7.31237
1638.74,-7.28722
1643.38,-7.26204
1648.01,-7.23683
1652.63,-7.21159
1657.24,-7.18633
1661.85,-7.16106
1666.44,-7.13579
1671.02,-7.1105
1675.59,-7.08522
1680.14,-7.05995
1684.69,-7.03469
1689.23,-7.00944
1693.76,-6.98422
1698.27,-6.95901
1702.77,-6.93384
1707.27,-6.90869
1711.75,-6.88359
1716.22,-6.85852
1720.68,-6.83349
1725.13,-6.80851
1729.56,-6.78357
1733.99,-6.75869
1738.4,-6.73386
1742.81,-6.70909
1747.2,-6.68438
1751.58,-6.65973
1755.95,-6.63514
1760.3,-6.61062
1764.65,-6.58617
1768.98,-6.56179
1773.3,-6.53748
1777.61,-6.51325
1781.91,-6.48909
1786.2,-6.46502
1790.47,-6.44102
1794.73,-6.4171
1798.99,-6.39326
1803.23,-6.36951
1807.45,-6.34585
1811.67,-6.32227
1815.87,-6.29878
1820.06,-6.27538
1824.24,-6.25207
1828.41,-6.22885
1832.56,-6.20572
1836.71,-6.18268
1840.84,-6.15974
1844.96,-6.1369
1849.06,-6.11414
1853.16,-6.09149
1857.24,-6.06893
1861.31,-6.04647
1865.37,-6.02411
1869.42,-6.00184
1873.45,-5.97968
1877.47,-5.95761
1881.48,-5.93564
1885.48,-5.91377
1889.46,-5.89201
1893.43,-5.87034
1897.39,-5.84878
1901.34,-5.82731
1905.28,-5.80595
1909.2,-5.78469
1913.11,-5.76353
1917.01,-5.74247
1920.9,-5.72151
1924.77,-5.70066
1928.63,-5.67991
1932.48,-5.65926
1936.32,-5.63871
1940.14,-5.61826
1943.95,-5.59792
1947.75,-5.57767
1951.54,-5.55753
1955.31,-5.53749
1959.08,-5.51755
1962.83,-5.49771
1966.56,-5.47798
1970.29,-5.45834
1974,-5.4388
1977.7,-5.41937
1981.39,-5.40004
1985.07,-5.3808
1988.73,-5.36167
1992.38,-5.34263
1996.02,-5.32369
1999.64,-5.30486
2003.26,-5.28612
2006.86,-5.26748
2010.44,-5.24893
2014.02,-5.23049
2017.58,-5.21214
2021.13,-5.19389
2024.67,-5.17574
2028.2,-5.15768
2031.71,-5.13972
2035.21,-5.12185
2038.7,-5.10408
2042.18,-5.0864
2045.64,-5.06882
2049.09,-5.05133
2052.53,-5.03394
2055.96,-5.01664
2059.37,-4.99943
2062.77,-4.98231
2066.16,-4.96529
2069.54,-4.94836
2072.9,-4.93152
2076.26,-4.91476
2079.6,-4.8981
2082.92,-4.88153
2086.24,-4.86505
2089.54,-4.84865
2092.83,-4.83235
2096.11,-4.81613
2099.37,-4.8
2102.63,-4.78396
2105.87,-4.768
2109.09,-4.75213
2112.31,-4.73635
2115.51,-4.72065
2118.7,-4.70504
2121.88,-4.68951
2125.05,-4.67406
2128.2,-4.6587
2131.34,-4.64342
2134.47,-4.62822
2137.59,-4.6131
2140.7,-4.59807
2143.79,-4.58311
2146.87,-4.56824
2149.94,-4.55345
2152.99,-4.53873
2156.03,-4.5241
2159.06,-4.50955
2162.08,-4.49507
2165.09,-4.48067
2168.08,-4.46635
2171.07,-4.4521
2174.03,-4.43793
2176.99,-4.42384
2179.94,-4.40982
2182.87,-4.39588
2185.79,-4.38201
2188.7,-4.36821
2191.6,-4.35449
2194.48,-4.34084
2197.35,-4.32727
2200.21,-4.31377
2203.06,-4.30033
2205.89,-4.28697
2208.72,-4.27369
2211.53,-4.26047
2214.33,-4.24732
2217.11,-4.23424
2219.89,-4.22123
2222.65,-4.20829
2225.4,-4.19542
2228.14,-4.18261
2230.86,-4.16987
2233.58,-4.1572
2236.28,-4.1446
2238.97,-4.13206
2241.64,-4.11959
2244.31,-4.10718
2246.96,-4.09483
2249.6,-4.08256
2252.23,-4.07034
2254.85,-4.05819
2257.46,-4.0461
2260.05,-4.03408
2262.63,-4.02211
2265.2,-4.01021
2267.76,-3.99837
2270.3,-3.9866
2272.83,-3.97488
2275.36,-3.96322
2277.86,-3.95162
2280.36,-3.94008
2282.85,-3.92861
2285.32,-3.91718
2287.78,-3.90582
2290.23,-3.89452
2292.67,-3.88327
2295.09,-3.87208
2297.51,-3.86095
2299.91,-3.84987
2302.3,-3.83885
2304.68,-3.82789
2307.04,-3.81698
2309.4,-3.80612
2311.74,-3.79532
2314.07,-3.78458
2316.39,-3.77388
2318.69,-3.76324
2320.99,-3.75266
2323.27,-3.74212
2325.54,-3.73164
2327.8,-3.72121
2330.05,-3.71084
2332.28,-3.70051
2334.51,-3.69023
2336.72,-3.68001
2338.92,-3.66984
2341.11,-3.65971
2343.29,-3.64963
2345.45,-3.63961
2347.6,-3.62963
2349.75,-3.6197
2351.88,-3.60982
2353.99,-3.59999
2356.1,-3.59021
2358.19,-3.58047
2360.28,-3.57078
2362.35,-3.56113
2364.41,-3.55154
2366.45,-3.54199
2368.49,-3.53248
2370.51,-3.52302
2372.53,-3.5136
2374.53,-3.50423
2376.52,-3.49491
2378.49,-3.48562
2380.46,-3.47638
2382.42,-3.46719
2384.36,-3.45804
2386.29,-3.44893
2388.21,-3.43986
2390.12,-3.43083
2392.01,-3.42185
2393.9,-3.41291
2395.77,-3.40401
2397.63,-3.39515
2399.48,-3.38634
2401.32,-3.37756
2403.15,-3.36882
2404.96,-3.36013
2406.77,-3.35147
2408.56,-3.34285
2410.34,-3.33427
2412.11,-3.32573
2413.86,-3.31723
2415.61,-3.30877
2417.35,-3.30035
2419.07,-3.29196
2420.78,-3.28361
2422.48,-3.2753
2424.17,-3.26702
2425.84,-3.25878
2427.51,-3.25058
2429.16,-3.24242
2430.81,-3.23429
2432.44,-3.22619
2434.06,-3.21814
2435.67,-3.21011
2437.26,-3.20213
2438.85,-3.19417
2440.42,-3.18625
2441.98,-3.17837
2443.53,-3.17052
2445.07,-3.1627
2446.6,-3.15492
2448.12,-3.14717
2449.62,-3.13945
2451.12,-3.13176
2452.6,-3.12411
2454.07,-3.11649
2455.53,-3.10891
2456.98,-3.10135
2458.42,-3.09382
2459.84,-3.08633
2461.26,-3.07887
2462.66,-3.07144
2464.05,-3.06404
2465.43,-3.05667
2466.8,-3.04933
2468.16,-3.04202
2469.51,-3.03474
2470.84,-3.02749
2472.17,-3.02027
2473.48,-3.01308
2474.78,-3.00592
2476.07,-2.99878
2477.35,-2.99168
2478.61,-2.9846
2479.87,-2.97755
2481.12,-2.97053
2482.35,-2.96354
2483.57,-2.95657
2484.78,-2.94964
2485.98,-2.94273
2487.17,-2.93584
2488.35,-2.92898
2489.51,-2.92215
2490.67,-2.91535
2491.81,-2.90857
2492.94,-2.90181
2494.06,-2.89509
2495.17,-2.88838
2496.27,-2.88171
2497.36,-2.87506
2498.44,-2.86843
2499.5,-2.86183
2500.55,-2.85525
2501.6,-2.8487
2502.63,-2.84217
2503.65,-2.83566
2504.66,-2.82918
2505.65,-2.82272
2506.64,-2.81629
2507.62,-2.80987
2508.58,-2.80349
2509.53,-2.79712
2510.47,-2.79078
2511.41,-2.78446
2512.32,-2.77816
2513.23,-2.77188
2514.13,-2.76563
2515.02,-2.75939
2515.89,-2.75318
2516.75,-2.74699
2517.61,-2.74082
2518.45,-2.73468
2519.28,-2.72855
2520.1,-2.72244
2520.91,-2.71636
2521.7,-2.71029
2522.49,-2.70425
2523.26,-2.69822
2524.03,-2.69221
2524.78,-2.68623
2525.52,-2.68026
2526.25,-2.67431
2526.97,-2.66839
2527.68,-2.66248
2528.38,-2.65659
2529.06,-2.65071
2529.74,-2.64486
2530.4,-2.63903
2531.05,-2.63321
2531.69,-2.62741
2532.32,-2.62163
2532.94,-2.61587
2533.55,-2.61012
2534.15,-2.60439
2534.74,-2.59868
2535.31,-2.59298
2535.87,-2.58731
2536.43,-2.58164
2536.97,-2.576
2537.5,-2.57037
2538.02,-2.56476
2538.53,-2.55916
2539.03,-2.55358
2539.51,-2.54802
2539.99,-2.54247
2540.45,-2.53693
2540.91,-2.53142
2541.35,-2.52591
2541.78,-2.52042
2542.2,-2.51495
2542.61,-2.50949
2543.01,-2.50405
2543.39,-2.49862
2543.77,-2.4932
2544.14,-2.4878
2544.49,-2.48241
2544.83,-2.47703
2545.16,-2.47167
2545.49,-2.46632
2545.8,-2.46099
2546.09,-2.45567
2546.38,-2.45036
2546.66,-2.44506
2546.92,-2.43978
2547.18,-2.43451
2547.42,-2.42925
2547.66,-2.424
2547.88,-2.41877
2548.09,-2.41355
2548.29,-2.40834
2548.48,-2.40314
2548.65,-2.39795
2548.82,-2.39277
2548.98,-2.38761
2549.12,-2.38245
2549.25,-2.37731
2549.38,-2.37218
2549.49,-2.36705
2549.59,-2.36194
2549.68,-2.35684
2549.76,-2.35175
2549.82,-2.34667
2549.88,-2.34159
2549.93,-2.33653
2549.96,-2.33148
2549.98,-2.32643
2550,-2.3214
2550,-2.31637
2549.99,-2.31136
2549.97,-2.30635
2549.94,-2.30135
2549.89,-2.29636
2549.84,-2.29138
2549.77,-2.2864
2549.7,-2.28144
2549.61,-2.27648
2549.51,-2.27153
2549.41,-2.26658
2549.29,-2.26165
2549.16,-2.25672
2549.01,-2.25179
2548.86,-2.24688
2548.7,-2.24197
2548.52,-2.23707
2548.34,-2.23217
2548.14,-2.22728
2547.93,-2.2224
2547.71,-2.21752
2547.48,-2.21265
2547.24,-2.20779
2546.99,-2.20293
2546.73,-2.19807
2546.45,-2.19323
2546.17,-2.18838
2545.87,-2.18354
2545.56,-2.17871
2545.25,-2.17388
2544.92,-2.16905
2544.58,-2.16423
2544.23,-2.15942
2543.86,-2.1546
2543.49,-2.14979
2543.11,-2.14499
2542.71,-2.14019
2542.3,-2.13539
2541.89,-2.13059
2541.46,-2.1258
2541.02,-2.12101
2540.57,-2.11623
2540.11,-2.11144
2539.63,-2.10666
2539.15,-2.10188
2538.65,-2.0971
2538.15,-2.09233
2537.63,-2.08755
2537.1,-2.08278
2536.56,-2.07801
2536.01,-2.07324
2535.45,-2.06847
2534.88,-2.06371
2534.3,-2.05894
2533.7,-2.05417
2533.1,-2.04941
2532.48,-2.04464
2531.85,-2.03988
2531.22,-2.03511
2530.57,-2.03034
2529.9,-2.02558
2529.23,-2.02081
2528.55,-2.01604
2527.86,-2.01127
2527.15,-2.00651
2526.43,-2.00173
2525.71,-1.99696
2524.97,-1.99219
2524.22,-1.98741
2523.46,-1.98263
2522.69,-1.97785
2521.9,-1.97307
2521.11,-1.96828
2520.3,-1.96349
2519.49,-1.9587
2518.66,-1.95391
2517.82,-1.94911
2516.97,-1.94431
2516.11,-1.9395
2515.24,-1.9347
2514.35,-1.92988
2513.46,-1.92506
2512.55,-1.92024
2511.64,-1.91542
2510.71,-1.91058
2509.77,-1.90575
2508.82,-1.90091
2507.86,-1.89606
2506.89,-1.8912
2505.9,-1.88634
2504.91,-1.88148
2503.9,-1.87661
2502.89,-1.87173
2501.86,-1.86684
2500.82,-1.86195
2499.77,-1.85705
2498.7,-1.85215
2497.63,-1.84723
2496.55,-1.84231
2495.45,-1.83738
2494.34,-1.83244
2493.23,-1.82749
2492.1,-1.82254
2490.96,-1.81757
2489.8,-1.8126
2488.64,-1.80762
2487.47,-1.80262
2486.28,-1.79762
2485.08,-1.79261
2483.88,-1.78758
2482.66,-1.78255
2481.43,-1.77751
2480.19,-1.77245
2478.93,-1.76738
2477.67,-1.7623
2476.39,-1.75721
2475.1,-1.75211
2473.81,-1.747
2472.5,-1.74187
2471.18,-1.73673
2469.84,-1.73158
2468.5,-1.72641
2467.15,-1.72123
2465.78,-1.71603
2464.4,-1.71082
2463.01,-1.7056
2461.61,-1.70036
2460.2,-1.69511
2458.78,-1.68984
2457.34,-1.68456
2455.9,-1.67926
2454.44,-1.67394
2452.97,-1.66861
2451.49,-1.66326
2450,-1.6579
2448.5,-1.65251
2446.99,-1.64711
2445.46,-1.6417
2443.92,-1.63626
2442.38,-1.6308
2440.82,-1.62533
2439.25,-1.61984
2437.66,-1.61432
2436.07,-1.60879
2434.46,-1.60324
2432.85,-1.59766
2431.22,-1.59207
2429.58,-1.58645
2427.93,-1.58082
2426.27,-1.57516
2424.59,-1.56948
2422.91,-1.56378
2421.21,-1.55805
2419.5,-1.5523
2417.78,-1.54653
2416.05,-1.54073
2414.31,-1.53491
2412.55,-1.52906
2410.78,-1.52319
2409.01,-1.5173
2407.22,-1.51137
2405.42,-1.50543
2403.6,-1.49945
2401.78,-1.49345
2399.95,-1.48742
2398.1,-1.48136
2396.24,-1.47528
2394.37,-1.46916
2392.49,-1.46302
2390.59,-1.45685
2388.69,-1.45065
2386.77,-1.44441
2384.85,-1.43815
2382.91,-1.43186
2380.95,-1.42553
2378.99,-1.41917
2377.02,-1.41278
2375.03,-1.40636
2373.03,-1.3999
2371.02,-1.39341
2369,-1.38688
2366.97,-1.38032
2364.92,-1.37372
2362.87,-1.36709
2360.8,-1.36042
2358.72,-1.35372
2356.63,-1.34697
2354.52,-1.34019
2352.41,-1.33337
2350.28,-1.32652
2348.14,-1.31962
2345.99,-1.31268
2343.83,-1.3057
2341.66,-1.29868
2339.47,-1.29162
2337.28,-1.28451
2335.07,-1.27737
2332.85,-1.27018
2330.61,-1.26294
2328.37,-1.25566
2326.11,-1.24834
2323.85,-1.24097
2321.56,-1.23355
2319.27,-1.22609
2316.97,-1.21858
2314.65,-1.21102
2312.33,-1.20341
2309.99,-1.19575
2307.64,-1.18804
2305.27,-1.18028
2302.9,-1.17247
2300.51,-1.1646
2298.11,-1.15668
2295.7,-1.14871
2293.28,-1.14069
2290.85,-1.1326
2288.4,-1.12447
2285.94,-1.11627
2283.47,-1.10802
2280.99,-1.09971
2278.5,-1.09134
2275.99,-1.08291
2273.47,-1.07442
2270.94,-1.06587
2268.4,-1.05725
2265.85,-1.04858
2263.28,-1.03983
2260.7,-1.03103
2258.11,-1.02216
2255.51,-1.01322
2252.89,-1.00421
2250.27,-0.995136
2247.63,-0.985992
2244.98,-0.976778
2242.32,-0.967493
2239.64,-0.958136
2236.96,-0.948705
2234.26,-0.939201
2231.55,-0.929622
2228.82,-0.919966
2226.09,-0.910234
2223.34,-0.900424
2220.58,-0.890534
2217.81,-0.880564
2215.03,-0.870514
2212.23,-0.860381
2209.43,-0.850164
2206.61,-0.839863
2203.77,-0.829476
2200.93,-0.819002
2198.07,-0.80844
2195.2,-0.797789
2192.32,-0.787048
2189.43,-0.776215
2186.52,-0.76529
2183.61,-0.754271
2180.68,-0.743156
2177.74,-0.731945
2174.78,-0.720635
2171.82,-0.709227
2168.84,-0.697718
2165.85,-0.686108
2162.84,-0.674393
2159.83,-0.662575
2156.8,-0.65065
2153.76,-0.638618
2150.71,-0.626477
2147.64,-0.614225
2144.57,-0.601862
2141.48,-0.589385
2138.37,-0.576793
2135.26,-0.564084
2132.13,-0.551257
2129,-0.538311
2125.85,-0.525243
2122.68,-0.512052
2119.51,-0.498736
2116.32,-0.485294
2113.12,-0.471724
2109.91,-0.458024
2106.68,-0.444192
2103.44,-0.430226
2100.19,-0.416125
2096.93,-0.401887
2093.66,-0.38751
2090.37,-0.372992
2087.07,-0.358331
2083.76,-0.343525
2080.44,-0.328572
2077.1,-0.31347
2073.75,-0.298216
2070.39,-0.28281
2067.02,-0.267248
2063.63,-0.251529
2060.23,-0.23565
2056.82,-0.219609
2053.4,-0.203404
2049.96,-0.187033
2046.51,-0.170492
2043.05,-0.153781
2039.58,-0.136896
2036.09,-0.119835
2032.6,-0.102596
2029.09,-0.0851749
2025.56,-0.067571
2022.03,-0.0497802
2018.48,-0.0318007
2014.92,-0.0136295
2011.35,0.00473547
2007.76,0.0232978
2004.16,0.0420597
2000.55,0.0610241
1996.93,0.0801944
1993.3,0.0995736
1989.65,0.119164
1985.99,0.138969
1982.32,0.158991
1978.63,0.179234
1974.94,0.199702
1971.23,0.220396
1967.51,0.241321
1963.77,0.26248
1960.02,0.283876
1956.26,0.305512
1952.49,0.327393
1948.71,0.349521
1944.91,0.371901
1941.1,0.394536
1937.28,0.417429
1933.45,0.440585
1929.6,0.464007
1925.75,0.4877
1921.87,0.511666
1917.99,0.535911
1914.1,0.560439
1910.19,0.585253
1906.27,0.610358
1902.34,0.635757
1898.39,0.661456
1894.43,0.68746
1890.46,0.713771
1886.48,0.740395
1882.49,0.767337
1878.48,0.794601
1874.46,0.822193
1870.43,0.850117
1866.39,0.878378
1862.34,0.906981
1858.27,0.935931
1854.19,0.965233
1850.1,0.994894
1845.99,1.02492
1841.88,1.05531
1837.75,1.08608
1833.61,1.11722
1829.46,1.14875
1825.29,1.18068
1821.12,1.213
1816.93,1.24572
1812.73,1.27886
1808.52,1.3124
1804.29,1.34638
1800.06,1.38078
1795.81,1.41561
1791.55,1.45089
1787.28,1.48661
1782.99,1.52279
1778.7,1.55944
1774.39,1.59655
1770.07,1.63414
1765.74,1.67221
1761.4,1.71077
1757.05,1.74984
1752.68,1.78941
1748.3,1.82949
1743.92,1.8701
1739.52,1.91123
1735.1,1.95291
1730.68,1.99513
1726.25,2.03791
1721.8,2.08125
1717.35,2.12516
1712.88,2.16966
1708.4,2.21474
1703.91,2.26043
1699.41,2.30672
1694.9,2.35363
1690.37,2.40117
1685.84,2.44935
1681.29,2.49817
1676.74,2.54765
1672.17,2.5978
1667.59,2.64863
1663,2.70014
1658.41,2.75235
1653.8,2.80528
1649.18,2.85892
1644.55,2.91329
1639.91,2.96841
1635.26,3.02428
1630.6,3.08092
1625.93,3.13834
1621.24,3.19654
1616.55,3.25555
1611.85,3.31537
1607.14,3.37601
1602.42,3.4375
1597.69,3.49984
1592.95,3.56304
1588.21,3.62712
1583.45,3.69209
1578.68,3.75796
1573.9,3.82475
1569.12,3.89248
1564.33,3.96115
1559.52,4.03077
1554.71,4.10138
1549.89,4.17297
1545.06,4.24556
1540.22,4.31918
1535.38,4.39382
1530.53,4.46952
1525.66,4.54627
1520.79,4.62411
1515.92,4.70304
1511.03,4.78307
1506.14,4.86424
1501.24,4.94655
1496.33,5.03001
1491.42,5.11465
1486.5,5.20047
1481.57,5.28751
1476.64,5.37576
1471.7,5.46526
1466.75,5.55602
1461.8,5.64804
1456.84,5.74136
1451.88,5.83598
1446.91,5.93193
1441.93,6.02922
1436.95,6.12787
1431.97,6.22789
1426.98,6.32931
1421.99,6.43213
1416.99,6.53638
1411.99,6.64207
1406.98,6.74923
1401.97,6.85786
1396.96,6.96798
1391.94,7.07961
1386.92,7.19277
1381.9,7.30747
1376.88,7.42373
1371.85,7.54157
1366.83,7.66099
1361.8,7.78202
1356.77,7.90466
1351.73,8.02895
1346.7,8.15487
1341.67,8.28246
1336.64,8.41173
1331.61,8.54268
1326.57,8.67532
1321.54,8.80968
1316.51,8.94576
1311.49,9.08357
1306.46,9.22312
1301.44,9.36442
1296.41,9.50748
1291.4,9.6523
1286.38,9.79888
1281.37,9.94723
1276.37,10.0974
1271.36,10.2493
1266.37,10.403
1261.38,10.5584
1256.39,10.7156
1251.41,10.8747
1246.44,11.0354
1241.48,11.1979
1236.52,11.3622
1231.57,11.5282
1226.63,11.696
1221.7,11.8654
1216.78,12.0366
1211.87,12.2094
1206.97,12.3838
1202.09,12.5599
1197.21,12.7376
1192.35,12.9169
1187.5,13.0976
1182.67,13.2799
1177.84,13.4637
1173.04,13.6488
1168.25,13.8353
1163.47,14.0231
1158.72,14.2122
1153.98,14.4025
1149.26,14.594
1144.56,14.7865
1139.87,14.98
1135.21,15.1744
1130.57,15.3697
1125.95,15.5657
1121.36,15.7624
1116.78,15.9597
1112.24,16.1574
1107.71,16.3555
1103.22,16.5539
1098.75,16.7524
1094.3,16.9509
1089.89,17.1493
1085.5,17.3474
1081.15,17.5451
1076.83,17.7423
1072.53,17.9388
1068.27,18.1344
1064.05,18.329
1059.86,18.5224
1055.7,18.7143
1051.59,18.9047
1047.5,19.0934
1043.46,19.28
1039.46,19.4645
1035.5,19.6466
1031.58,19.8261
1027.7,20.0027
1023.86,20.1763
1020.07,20.3466
1016.33,20.5132
1012.63,20.6761
1008.98,20.835
1005.38,20.9895
1001.83,21.1394
998.328,21.2845
994.88,21.4244
991.484,21.5589
988.143,21.6878
984.857,21.8107
981.627,21.9274
978.454,22.0375
975.34,22.1408
972.286,22.2371
969.292,22.326
966.359,22.4072
963.489,22.4805
960.683,22.5456
957.942,22.6022
955.266,22.6501
952.657,22.689
950.116,22.7187
947.644,22.7389
945.241,22.7493
942.91,22.7498
940.649,22.7402
938.462,22.7201
936.348,22.6896
934.308,22.6483
932.344,22.5961
930.456,22.5328
928.644,22.4584
926.911,22.3728
925.256,22.2757
923.68,22.1672
922.184,22.0472
920.768,21.9157
919.434,21.7725
918.182,21.6179
917.012,21.4516
915.925,21.2739
914.922,21.0848
914.003,20.8844
913.168,20.6727
912.418,20.45
911.753,20.2163
911.173,19.9719
910.679,19.7169
910.271,19.4516
909.95,19.1762
909.715,18.891
909.566,18.5962
909.504,18.2922
909.528,17.9793
909.639,17.6577
909.836,17.3279
910.12,16.9903
910.49,16.6451
910.946,16.2928
911.489,15.9337
912.116,15.5684
912.829,15.1971
913.627,14.8204
914.51,14.4387
915.476,14.0524
916.527,13.6619
917.66,13.2677
918.876,12.8702
920.175,12.4699
921.555,12.0673
923.016,11.6626
924.557,11.2565
926.177,10.8493
927.876,10.4414
929.654,10.0333
931.508,9.62538
933.44,9.218
935.446,8.81157
937.528,8.40647
939.683,8.00307
941.912,7.60172
944.212,7.20275
946.584,6.8065
949.026,6.41329
951.537,6.0234
954.116,5.63713
956.763,5.25476
959.476,4.87653
962.254,4.50268
965.096,4.13346
968.001,3.76906
970.968,3.40968
973.997,3.05552
977.085,2.70673
980.232,2.36348
983.437,2.02589
986.699,1.69411
990.016,1.36823
993.388,1.04837
996.813,0.734604
1000.29,0.427012
1003.82,0.125658
1007.4,-0.169409
1011.03,-0.458147
1014.71,-0.740525
1018.43,-1.01653
1022.2,-1.28614
1026.02,-1.54937
1029.87,-1.80621
1033.78,-2.05669
1037.72,-2.30083
1041.71,-2.53866
1045.73,-2.77022
1049.8,-2.99555
1053.9,-3.21472
1058.04,-3.42776
1062.21,-3.63475
1066.42,-3.83575
1070.67,-4.03083
1074.94,-4.22007
1079.25,-4.40354
1083.6,-4.58133
1087.97,-4.75353
1092.37,-4.92022
1096.8,-5.08149
1101.26,-5.23743
1105.74,-5.38815
1110.25,-5.53372
1114.79,-5.67426
1119.35,-5.80985
1123.94,-5.9406
1128.55,-6.06661
1133.18,-6.18797
1137.83,-6.30479
1142.5,-6.41716
1147.2,-6.52518
1151.91,-6.62897
1156.64,-6.7286
1161.39,-6.82419
1166.16,-6.91582
1170.94,-7.0036
1175.74,-7.08763
1180.55,-7.16799
1185.38,-7.24478
1190.23,-7.3181
1195.08,-7.38803
1199.95,-7.45467
1204.84,-7.5181
1209.73,-7.57842
1214.64,-7.6357
1219.55,-7.69004
1224.48,-7.74152
1229.41,-7.79021
1234.36,-7.8362
1239.31,-7.87958
1244.27,-7.9204
1249.24,-7.95876
1254.21,-7.99472
1259.2,-8.02836
1264.18,-8.05974
1269.18,-8.08894
1274.18,-8.11603
1279.18,-8.14107
1284.19,-8.16412
1289.2,-8.18525
1294.22,-8.20452
1299.24,-8.22199
1304.26,-8.23771
1309.29,-8.25175
1314.31,-8.26417
1319.34,-8.275
1324.37,-8.28432
1329.4,-8.29216
1334.44,-8.29858
1339.47,-8.30363
1344.5,-8.30736
1349.53,-8.3098
1354.57,-8.31101
1359.6,-8.31103
1364.63,-8.3099
1369.65,-8.30766
1374.68,-8.30435
1379.71,-8.30002
1384.73,-8.29469
1389.75,-8.28841
1394.77,-8.28121
1399.78,-8.27312
1404.79,-8.26418
1409.8,-8.25443
1414.8,-8.24388
1419.8,-8.23258
1424.8,-8.22055
1429.79,-8.20783
1434.78,-8.19443
1439.76,-8.18038
1444.73,-8.16572
1449.71,-8.15047
1454.67,-8.13465
1459.63,-8.11829
1464.59,-8.1014
1469.54,-8.08401
1474.48,-8.06615
1479.42,-8.04783
1484.35,-8.02908
1489.27,-8.00991
1494.19,-7.99034
1499.1,-7.9704
1504,-7.95009
1508.89,-7.92944
1513.78,-7.90846
1518.66,-7.88717
1523.54,-7.86559
1528.4,-7.84372
1533.26,-7.82159
1538.11,-7.79921
1542.95,-7.77659
1547.78,-7.75374
1552.6,-7.73068
1557.42,-7.70742
1562.23,-7.68398
1567.02,-7.66035
1571.81,-7.63657
1576.59,-7.61262
1581.37,-7.58854
1586.13,-7.56431
1590.88,-7.53997
1595.62,-7.51551
1600.36,-7.49094
1605.08,-7.46627
1609.8,-7.44152
1614.5,-7.41668
1619.2,-7.39177
1623.88,-7.36679
1628.56,-7.34176
1633.22,-7.31668
1637.88,-7.29155
1642.52,-7.26638
1647.16,-7.24117
1651.78,-7.21595
1656.39,-7.1907
1661,-7.16544
1665.59,-7.14017
1670.17,-7.11489
1674.74,-7.08961
1679.3,-7.06434
1683.85,-7.03909
1688.39,-7.01384
1692.92,-6.98862
1697.44,-6.96341
1701.94,-6.93824
1706.44,-6.91309
1710.92,-6.88798
1715.39,-6.86291
1719.86,-6.83788
1724.31,-6.81289
1728.75,-6.78796
1733.17,-6.76307
1737.59,-6.73824
1741.99,-6.71346
1746.39,-6.68874
1750.77,-6.66408
1755.14,-6.63949
1759.5,-6.61496
1763.85,-6.5905
1768.18,-6.56611
1772.5,-6.54179
1776.82,-6.51755
1781.12,-6.49338
1785.41,-6.46929
1789.68,-6.44528
1793.95,-6.42135
1798.2,-6.39751
1802.44,-6.37375
1806.67,-6.35007
1810.89,-6.32648
1815.09,-6.30297
1819.29,-6.27956
1823.47,-6.25623
1827.64,-6.233
1831.8,-6.20986
1835.94,-6.18681
1840.08,-6.16385
1844.2,-6.14099
1848.31,-6.11823
1852.4,-6.09556
1856.49,-6.07298
1860.56,-6.05051
1864.62,-6.02813
1868.67,-6.00585
1872.7,-5.98367
1876.73,-5.96159
1880.74,-5.9396
1884.74,-5.91772
1888.73,-5.89594
1892.7,-5.87426
1896.66,-5.85268
1900.61,-5.8312
1904.55,-5.80982
1908.48,-5.78854
1912.39,-5.76736
1916.29,-5.74629
1920.18,-5.72532
1924.06,-5.70444
1927.92,-5.68368
1931.77,-5.66301
1935.61,-5.64244
1939.44,-5.62198
1943.25,-5.60162
1947.05,-5.58136
1950.84,-5.5612
1954.62,-5.54114
1958.38,-5.52119
1962.14,-5.50134
1965.88,-5.48158
1969.6,-5.46193
1973.32,-5.44238
1977.02,-5.42293
1980.71,-5.40358
1984.39,-5.38432
1988.05,-5.36517
1991.71,-5.34612
1995.35,-5.32717
1998.97,-5.30832
2002.59,-5.28956
2006.19,-5.2709
2009.78,-5.25235
2013.36,-5.23388
2016.93,-5.21552
2020.48,-5.19725
2024.02,-5.17908
2027.55,-5.16101
2031.06,-5.14303
2034.57,-5.12515
2038.06,-5.10736
2041.54,-5.08967
2045,-5.07208
2048.46,-5.05457
2051.9,-5.03716
2055.33,-5.01984
2058.74,-5.00262
2062.15,-4.98549
2065.54,-4.96845
2068.92,-4.9515
2072.28,-4.93464
2075.64,-4.91788
2078.98,-4.9012
2082.31,-4.88462
2085.63,-4.86812
2088.93,-4.85171
2092.22,-4.83539
2095.5,-4.81916
2098.77,-4.80301
2102.03,-4.78696
2105.27,-4.77099
2108.5,-4.7551
2111.72,-4.7393
2114.92,-4.72359
2118.12,-4.70796
2121.3,-4.69242
2124.47,-4.67696
2127.62,-4.66158
2130.77,-4.64628
2133.9,-4.63107
2137.02,-4.61594
2140.12,-4.6009
2143.22,-4.58593
2146.3,-4.57104
2149.37,-4.55623
2152.43,-4.54151
2155.47,-4.52686
2158.51,-4.51229
2161.53,-4.4978
2164.54,-4.48339
2167.53,-4.46905
2170.52,-4.45479
2173.49,-4.44061
2176.45,-4.42651
2179.39,-4.41247
2182.33,-4.39852
2185.25,-4.38464
2188.16,-4.37083
2191.06,-4.3571
2193.95,-4.34344
2196.82,-4.32985
2199.68,-4.31633
2202.53,-4.30289
2205.37,-4.28952
2208.2,-4.27622
2211.01,-4.26299
2213.81,-4.24983
2216.6,-4.23674
2219.38,-4.22372
2222.14,-4.21076
2224.89,-4.19788
2227.63,-4.18506
2230.36,-4.17231
2233.08,-4.15963
2235.78,-4.14701
2238.47,-4.13446
2241.15,-4.12198
2243.82,-4.10956
2246.48,-4.09721
2249.12,-4.08492
2251.75,-4.07269
2254.37,-4.06053
2256.98,-4.04843
2259.57,-4.0364
2262.16,-4.02442
2264.73,-4.01251
2267.29,-4.00066
2269.83,-3.98887
2272.37,-3.97714
2274.89,-3.96548
2277.4,-3.95387
2279.9,-3.94232
2282.39,-3.93083
2284.87,-3.9194
2287.33,-3.90803
2289.78,-3.89671
2292.22,-3.88546
2294.65,-3.87426
2297.06,-3.86312
2299.47,-3.85203
2301.86,-3.841
2304.24,-3.83002
2306.61,-3.81911
2308.96,-3.80824
2311.31,-3.79743
2313.64,-3.78668
2315.96,-3.77598
2318.27,-3.76533
2320.57,-3.75473
2322.85,-3.74419
2325.13,-3.7337
2327.39,-3.72326
2329.64,-3.71288
2331.87,-3.70254
2334.1,-3.69226
2336.31,-3.68202
2338.52,-3.67184
2340.71,-3.66171
2342.89,-3.65163
2345.05,-3.64159
2347.21,-3.63161
2349.35,-3.62167
2351.48,-3.61178
2353.6,-3.60194
2355.71,-3.59215
2357.81,-3.5824
2359.89,-3.5727
2361.97,-3.56305
2364.03,-3.55345
2366.08,-3.54389
2368.12,-3.53437
2370.14,-3.5249
2372.16,-3.51548
2374.16,-3.5061
2376.15,-3.49677
2378.13,-3.48748
2380.1,-3.47823
2382.06,-3.46903
2384,-3.45987
2385.94,-3.45075
2387.86,-3.44168
2389.77,-3.43265
2391.67,-3.42366
2393.55,-3.41471
2395.43,-3.4058
2397.29,-3.39694
2399.14,-3.38811
2400.98,-3.37933
2402.81,-3.37059
2404.63,-3.36188
2406.44,-3.35322
2408.23,-3.34459
2410.01,-3.33601
2411.78,-3.32746
2413.54,-3.31896
2415.29,-3.31049
2417.03,-3.30206
2418.75,-3.29366
2420.47,-3.28531
2422.17,-3.27699
2423.86,-3.26871
2425.54,-3.26046
2427.21,-3.25226
2428.86,-3.24408
2430.51,-3.23595
2432.14,-3.22785
2433.76,-3.21978
2435.37,-3.21175
2436.97,-3.20376
2438.56,-3.1958
2440.13,-3.18788
2441.7,-3.17999
2443.25,-3.17213
2444.79,-3.16431
2446.32,-3.15652
2447.84,-3.14876
2449.35,-3.14104
2450.85,-3.13335
2452.33,-3.12569
2453.81,-3.11807
2455.27,-3.11047
2456.72,-3.10291
2458.16,-3.09538
2459.59,-3.08788
2461,-3.08042
2462.41,-3.07298
2463.8,-3.06558
2465.18,-3.0582
2466.55,-3.05086
2467.91,-3.04354
2469.26,-3.03626
2470.6,-3.029
2471.93,-3.02178
2473.24,-3.01458
2474.54,-3.00742
2475.84,-3.00028
2477.12,-2.99317
2478.39,-2.98609
2479.64,-2.97903
2480.89,-2.97201
2482.13,-2.96501
2483.35,-2.95804
2484.56,-2.9511
2485.77,-2.94418
2486.96,-2.93729
2488.13,-2.93043
2489.3,-2.92359
2490.46,-2.91678
2491.61,-2.91
2492.74,-2.90324
2493.86,-2.89651
2494.97,-2.8898
2496.08,-2.88312
2497.16,-2.87647
2498.24,-2.86984
2499.31,-2.86323
2500.36,-2.85665
2501.41,-2.85009
2502.44,-2.84356
2503.46,-2.83705
2504.48,-2.83056
2505.48,-2.8241
2506.46,-2.81766
2507.44,-2.81125
2508.41,-2.80486
2509.36,-2.79849
2510.31,-2.79214
2511.24,-2.78581
2512.16,-2.77951
2513.07,-2.77323
2513.97,-2.76697
2514.86,-2.76074
2515.74,-2.75452
2516.6,-2.74833
2517.46,-2.74216
2518.3,-2.73601
2519.13,-2.72988
2519.95,-2.72377
2520.76,-2.71768
2521.56,-2.71161
2522.35,-2.70556
2523.13,-2.69953
2523.89,-2.69352
2524.65,-2.68753
2525.39,-2.68156
2526.12,-2.67561
2526.84,-2.66968
2527.55,-2.66377
2528.25,-2.65788
2528.94,-2.652
2529.62,-2.64614
2530.28,-2.64031
2530.94,-2.63449
2531.58,-2.62869
2532.21,-2.6229
2532.84,-2.61714
2533.45,-2.61139
2534.05,-2.60566
2534.63,-2.59994
2535.21,-2.59424
2535.78,-2.58856
2536.33,-2.5829
2536.88,-2.57725
2537.41,-2.57162
2537.93,-2.56601
2538.44,-2.56041
2538.94,-2.55482
2539.43,-2.54926
2539.91,-2.54371
2540.37,-2.53817
2540.83,-2.53265
2541.27,-2.52714
2541.71,-2.52165
2542.13,-2.51618
2542.54,-2.51072
2542.94,-2.50527
2543.33,-2.49984
2543.71,-2.49442
2544.08,-2.48901
2544.43,-2.48362
2544.78,-2.47825
2545.11,-2.47288
2545.43,-2.46753
2545.74,-2.4622
2546.05,-2.45687
2546.34,-2.45156
2546.61,-2.44626
2546.88,-2.44098
2547.14,-2.43571
2547.39,-2.43045
2547.62,-2.4252
2547.84,-2.41996
2548.06,-2.41474
2548.26,-2.40953
2548.45,-2.40433
2548.63,-2.39914
2548.8,-2.39396
2548.96,-2.38879
2549.1,-2.38363
2549.24,-2.37849
2549.36,-2.37336
2549.48,-2.36823
2549.58,-2.36312
2549.67,-2.35801
2549.75,-2.35292
2549.82,-2.34784
2549.88,-2.34277
2549.93,-2.3377
2549.96,-2.33265
2549.99,-2.3276
2550,-2.32257
2550.01,-2.31754
2550,-2.31252
2549.98,-2.30751
2549.95,-2.30251
2549.91,-2.29752
2549.86,-2.29254
2549.79,-2.28756
2549.72,-2.28259
2549.64,-2.27763
2549.54,-2.27268
2549.43,-2.26774
2549.32,-2.2628
2549.19,-2.25787
2549.05,-2.25295
2548.9,-2.24803
2548.74,-2.24312
2548.56,-2.23822
2548.38,-2.23332
2548.18,-2.22843
2547.98,-2.22355
2547.76,-2.21867
2547.53,-2.2138
2547.29,-2.20894
2547.04,-2.20408
2546.78,-2.19922
2546.51,-2.19437
2546.23,-2.18953
2545.93,-2.18469
2545.63,-2.17985
2545.31,-2.17502
2544.99,-2.1702
2544.65,-2.16538
2544.3,-2.16056
2543.94,-2.15575
2543.57,-2.15094
2543.19,-2.14613
2542.79,-2.14133
2542.39,-2.13653
2541.97,-2.13174
2541.55,-2.12695
2541.11,-2.12216
2540.66,-2.11737
2540.2,-2.11259
2539.73,-2.10781
2539.25,-2.10303
2538.75,-2.09825
2538.25,-2.09347
2537.74,-2.0887
2537.21,-2.08393
2536.67,-2.07916
2536.13,-2.07439
2535.57,-2.06962
2535,-2.06485
2534.41,-2.06009
2533.82,-2.05532
2533.22,-2.05056
2532.6,-2.04579
2531.98,-2.04103
2531.34,-2.03626
2530.69,-2.0315
2530.04,-2.02673
2529.37,-2.02197
2528.69,-2.0172
2527.99,-2.01243
2527.29,-2.00766
2526.58,-2.00289
2525.85,-1.99812
2525.11,-1.99335
2524.37,-1.98857
2523.61,-1.98379
2522.84,-1.97902
2522.06,-1.97423
2521.26,-1.96945
2520.46,-1.96466
2519.65,-1.95987
2518.82,-1.95508
2517.99,-1.95028
2517.14,-1.94548
2516.28,-1.94068
2515.41,-1.93587
2514.53,-1.93106
2513.64,-1.92624
2512.73,-1.92142
2511.82,-1.9166
2510.89,-1.91177
2509.95,-1.90693
2509.01,-1.90209
2508.05,-1.89725
2507.08,-1.89239
2506.1,-1.88754
2505.1,-1.88267
2504.1,-1.8778
2503.08,-1.87293
2502.06,-1.86804
2501.02,-1.86315
2499.97,-1.85826
2498.91,-1.85335
2497.84,-1.84844
2496.76,-1.84352
2495.66,-1.83859
2494.56,-1.83366
2493.44,-1.82871
2492.32,-1.82376
2491.18,-1.8188
2490.03,-1.81382
2488.87,-1.80884
2487.7,-1.80385
2486.51,-1.79885
2485.32,-1.79384
2484.11,-1.78882
2482.89,-1.78379
2481.67,-1.77875
2480.43,-1.7737
2479.17,-1.76863
2477.91,-1.76356
2476.64,-1.75847
2475.35,-1.75337
2474.06,-1.74826
2472.75,-1.74313
2471.43,-1.738
2470.1,-1.73285
2468.76,-1.72768
2467.41,-1.72251
2466.04,-1.71731
2464.67,-1.71211
2463.28,-1.70689
2461.88,-1.70166
2460.47,-1.69641
2459.05,-1.69114
2457.62,-1.68586
2456.18,-1.68057
2454.72,-1.67525
2453.26,-1.66993
2451.78,-1.66458
2450.29,-1.65922
2448.79,-1.65384
2447.28,-1.64844
2445.75,-1.64303
2444.22,-1.6376
2442.67,-1.63215
2441.12,-1.62668
2439.55,-1.62119
2437.97,-1.61568
2436.37,-1.61015
2434.77,-1.6046
2433.16,-1.59904
2431.53,-1.59345
2429.89,-1.58784
2428.24,-1.5822
2426.58,-1.57655
2424.91,-1.57087
2423.23,-1.56518
2421.53,-1.55946
2419.83,-1.55371
2418.11,-1.54794
2416.38,-1.54215
2414.64,-1.53634
2412.89,-1.5305
2411.12,-1.52463
2409.35,-1.51874
2407.56,-1.51283
2405.76,-1.50688
2403.95,-1.50091
2402.13,-1.49492
2400.3,-1.48889
2398.45,-1.48284
2396.6,-1.47677
2394.73,-1.47066
2392.85,-1.46452
2390.96,-1.45835
2389.05,-1.45216
2387.14,-1.44593
2385.21,-1.43968
2383.28,-1.43339
2381.33,-1.42707
2379.37,-1.42072
2377.39,-1.41433
2375.41,-1.40792
2373.41,-1.40147
2371.41,-1.39498
2369.39,-1.38846
2367.36,-1.38191
2365.31,-1.37532
2363.26,-1.3687
2361.19,-1.36204
2359.12,-1.35534
2357.03,-1.34861
2354.93,-1.34183
2352.81,-1.33502
2350.69,-1.32817
2348.55,-1.32128
2346.41,-1.31435
2344.25,-1.30738
2342.07,-1.30037
2339.89,-1.29332
2337.7,-1.28622
2335.49,-1.27909
2333.27,-1.2719
2331.04,-1.26468
2328.8,-1.25741
2326.54,-1.2501
2324.28,-1.24274
2322,-1.23533
2319.71,-1.22787
2317.41,-1.22037
2315.1,-1.21282
2312.77,-1.20522
2310.43,-1.19758
2308.08,-1.18988
2305.72,-1.18213
2303.35,-1.17433
2300.97,-1.16647
2298.57,-1.15857
2296.16,-1.15061
2293.74,-1.14259
2291.31,-1.13452
2288.87,-1.12639
2286.41,-1.11821
2283.94,-1.10997
2281.46,-1.10167
2278.97,-1.09332
2276.47,-1.0849
2273.95,-1.07642
2271.42,-1.06788
2268.88,-1.05928
2266.33,-1.05062
2263.77,-1.04189
2261.19,-1.0331
2258.6,-1.02424
2256,-1.01531
2253.39,-1.00632
2250.77,-0.997261
2248.13,-0.988132
2245.49,-0.978933
2242.82,-0.969663
2240.15,-0.960321
2237.47,-0.950906
2234.77,-0.941417
2232.06,-0.931853
2229.34,-0.922213
2226.61,-0.912497
2223.87,-0.902703
2221.11,-0.89283
2218.34,-0.882877
2215.56,-0.872843
2212.77,-0.862726
2209.96,-0.852526
2207.14,-0.842243
2204.31,-0.831873
2201.47,-0.821417
2198.62,-0.810873
2195.75,-0.800241
2192.87,-0.789518
2189.98,-0.778704
2187.08,-0.767798
2184.16,-0.756798
2181.24,-0.745702
2178.3,-0.734511
2175.34,-0.723221
2172.38,-0.711833
2169.4,-0.700345
2166.42,-0.688755
2163.41,-0.677062
2160.4,-0.665265
2157.38,-0.653362
2154.34,-0.641351
2151.29,-0.629233
2148.23,-0.617004
2145.15,-0.604663
2142.06,-0.592209
2138.97,-0.579641
2135.85,-0.566956
2132.73,-0.554153
2129.59,-0.541231
2126.45,-0.528188
2123.28,-0.515022
2120.11,-0.501731
2116.93,-0.488315
2113.73,-0.474771
2110.52,-0.461097
2107.29,-0.447291
2104.06,-0.433353
2100.81,-0.41928
2097.55,-0.40507
2094.28,-0.390721
2091,-0.376231
2087.7,-0.361599
2084.39,-0.346822
2081.07,-0.331898
2077.73,-0.316826
2074.39,-0.301603
2071.03,-0.286228
2067.66,-0.270698
2064.27,-0.25501
2060.88,-0.239164
2057.47,-0.223155
2054.05,-0.206984
2050.61,-0.190646
2047.17,-0.17414
2043.71,-0.157463
2040.24,-0.140613
2036.76,-0.123587
2033.26,-0.106383
2029.75,-0.0889985
2026.23,-0.0714309
2022.7,-0.0536777
2019.15,-0.0357361
2015.6,-0.0176032
2012.03,0.000722866
2008.44,0.0192457
2004.85,0.0379679
2001.24,0.056892
1997.62,0.0760213
1993.99,0.0953587
1990.34,0.114907
1986.69,0.134668
1983.02,0.154648
1979.33,0.174847
1975.64,0.19527
1971.93,0.215919
1968.21,0.236798
1964.48,0.25791
1960.74,0.279259
1956.98,0.300847
1953.21,0.32268
1949.43,0.344759
1945.64,0.367089
1941.83,0.389673
1938.01,0.412515
1934.18,0.435618
1930.34,0.458988
1926.48,0.482627
1922.61,0.506539
1918.73,0.530729
1914.84,0.5552
1910.93,0.579957
1907.01,0.605005
1903.08,0.630346
1899.14,0.655986
1895.19,0.681929
1891.22,0.708179
1887.24,0.734742
1883.25,0.761621
1879.24,0.788822
1875.23,0.816349
1871.2,0.844206
1867.16,0.872401
1863.11,0.900936
1859.04,0.929818
1854.96,0.959051
1850.88,0.98864
1846.77,1.01859
1842.66,1.04891
1838.53,1.0796
1834.4,1.11068
1830.25,1.14213
1826.08,1.17398
1821.91,1.20622
1817.73,1.23887
1813.53,1.27192
1809.32,1.30539
1805.1,1.33927
1800.86,1.37359
1796.62,1.40834
1792.36,1.44353
1788.09,1.47917
1783.81,1.51526
1779.51,1.55181
1775.21,1.58883
1770.89,1.62633
1766.57,1.6643
1762.23,1.70277
1757.87,1.74174
1753.51,1.78121
1749.14,1.82119
1744.75,1.8617
1740.35,1.90273
1735.94,1.9443
1731.52,1.98641
1727.09,2.02908
1722.65,2.07231
1718.19,2.11611
1713.73,2.1605
1709.25,2.20547
1704.76,2.25103
1700.26,2.29721
1695.75,2.344
1691.23,2.39142
1686.7,2.43947
1682.16,2.48817
1677.6,2.53752
1673.04,2.58754
1668.46,2.63823
1663.88,2.68961
1659.28,2.74169
1654.67,2.79447
1650.06,2.84798
1645.43,2.90221
1640.79,2.95718
1636.14,3.01291
1631.48,3.0694
1626.81,3.12666
1622.13,3.18471
1617.45,3.24356
1612.75,3.30323
1608.04,3.36371
1603.32,3.42503
1598.59,3.48721
1593.86,3.55024
1589.11,3.61415
1584.35,3.67895
1579.59,3.74464
1574.81,3.81126
1570.03,3.8788
1565.24,3.94729
1560.43,4.01673
1555.62,4.08715
1550.81,4.15855
1545.98,4.23095
1541.14,4.30437
1536.3,4.37881
1531.45,4.4543
1526.59,4.53086
1521.72,4.60848
1516.84,4.6872
1511.96,4.76703
1507.07,4.84797
1502.17,4.93006
1497.27,5.0133
1492.35,5.09771
1487.43,5.18331
1482.51,5.27011
1477.58,5.35813
1472.64,5.44739
1467.69,5.5379
1462.74,5.62969
1457.78,5.72276
1452.82,5.81713
1447.85,5.91282
1442.88,6.00985
1437.9,6.10824
1432.92,6.208
1427.93,6.30915
1422.94,6.4117
1417.94,6.51568
1412.94,6.6211
1407.93,6.72797
1402.92,6.83632
1397.91,6.94615
1392.9,7.0575
1387.88,7.17037
1382.86,7.28477
1377.83,7.40074
1372.81,7.51827
1367.78,7.63739
1362.75,7.75811
1357.72,7.88045
1352.69,8.00442
1347.66,8.13003
1342.63,8.25731
1337.59,8.38625
1332.56,8.51688
1327.53,8.64921
1322.5,8.78324
1317.47,8.919
1312.44,9.05648
1307.41,9.1957
1302.39,9.33667
1297.37,9.47939
1292.35,9.62387
1287.33,9.77012
1282.32,9.91814
1277.32,10.0679
1272.31,10.2195
1267.32,10.3729
1262.32,10.528
1257.34,10.6849
1252.36,10.8436
1247.38,11.004
1242.42,11.1662
1237.46,11.3301
1232.51,11.4958
1227.57,11.6632
1222.64,11.8324
1217.72,12.0032
1212.8,12.1757
1207.9,12.3499
1203.01,12.5257
1198.14,12.703
1193.27,12.882
1188.42,13.0625
1183.58,13.2445
1178.76,13.428
1173.95,13.6129
1169.16,13.7991
1164.38,13.9867
1159.62,14.1756
1154.88,14.3657
1150.15,14.5569
1145.45,14.7492
1140.76,14.9425
1136.09,15.1368
1131.45,15.332
1126.83,15.5279
1122.23,15.7244
1117.65,15.9216
1113.1,16.1193
1108.57,16.3174
1104.07,16.5157
1099.59,16.7142
1095.14,16.9127
1090.73,17.1112
1086.33,17.3094
1081.97,17.5072
1077.64,17.7045
1073.35,17.9011
1069.08,18.0969
1064.85,18.2918
1060.65,18.4854
1056.49,18.6777
1052.36,18.8684
1048.28,19.0574
1044.23,19.2445
1040.22,19.4294
1036.25,19.612
1032.32,19.792
1028.43,19.9692
1024.59,20.1434
1020.79,20.3144
1017.04,20.4818
1013.33,20.6454
1009.67,20.8051
1006.06,20.9604
1002.5,21.1113
998.989,21.2573
995.531,21.3983
992.125,21.5339
988.774,21.6639
985.477,21.788
982.236,21.9059
979.053,22.0173
975.928,22.122
972.862,22.2196
969.856,22.31
966.912,22.3927
964.03,22.4676
961.212,22.5343
958.458,22.5926
955.77,22.6422
953.148,22.6828
950.594,22.7143
948.109,22.7363
945.693,22.7487
943.348,22.7511
941.074,22.7434
938.873,22.7254
936.745,22.6969
934.691,22.6577
932.712,22.6076
930.81,22.5465
928.984,22.4743
927.235,22.3908
925.565,22.296
923.974,22.1897
922.463,22.0719
921.032,21.9426
919.683,21.8017
918.415,21.6493
917.229,21.4853
916.127,21.3098
915.108,21.1229
914.172,20.9246
913.321,20.7151
912.555,20.4945
911.874,20.2629
911.278,20.0205
910.768,19.7676
910.344,19.5043
910.006,19.2308
909.755,18.9475
909.59,18.6545
909.511,18.3523
909.519,18.041
909.613,17.7211
909.794,17.3929
910.062,17.0567
910.416,16.713
910.855,16.362
911.381,16.0042
911.993,15.6401
912.689,15.27
913.471,14.8943
914.338,14.5135
915.289,14.128
916.323,13.7383
917.441,13.3448
918.642,12.9479
919.924,12.5482
921.289,12.1459
922.734,11.7417
924.26,11.3358
925.866,10.9288
927.55,10.521
929.313,10.1129
931.153,9.70494
933.07,9.29743
935.062,8.8908
937.13,8.48543
939.271,8.08168
941.486,7.67991
943.773,7.28047
946.131,6.88369
948.56,6.48987
951.058,6.09934
953.624,5.71236
956.258,5.32923
958.958,4.95019
961.724,4.5755
964.554,4.20538
967.447,3.84005
970.403,3.4797
973.42,3.12453
976.497,2.7747
979.633,2.43038
982.827,2.0917
986.078,1.7588
989.385,1.43178
992.746,1.11076
996.162,0.795823
999.63,0.487043
1003.15,0.18449
1006.72,-0.111787
1010.34,-0.401741
1014.01,-0.685343
1017.72,-0.962571
1021.48,-1.23341
1025.29,-1.49786
1029.14,-1.75593
1033.04,-2.00763
1036.97,-2.25299
1040.95,-2.49203
1044.97,-2.7248
1049.02,-2.95132
1053.12,-3.17167
1057.25,-3.38589
1061.42,-3.59404
1065.62,-3.79619
1069.86,-3.9924
1074.13,-4.18276
1078.44,-4.36734
1082.77,-4.54623
1087.14,-4.7195
1091.53,-4.88724
1095.96,-5.04955
1100.41,-5.20652
1104.89,-5.35824
1109.4,-5.5048
1113.93,-5.6463
1118.49,-5.78284
1123.07,-5.91453
1127.67,-6.04144
1132.3,-6.1637
1136.95,-6.28139
1141.62,-6.39462
1146.31,-6.50348
1151.02,-6.60808
1155.74,-6.70851
1160.49,-6.80488
1165.25,-6.89727
1170.03,-6.9858
1174.83,-7.07054
1179.64,-7.15161
1184.47,-7.22909
1189.31,-7.30308
1194.16,-7.37367
1199.03,-7.44094
1203.91,-7.50499
1208.8,-7.56591
1213.71,-7.62378
1218.62,-7.67869
1223.54,-7.73072
1228.48,-7.77996
1233.42,-7.82647
1238.37,-7.87035
1243.33,-7.91167
1248.3,-7.95051
1253.27,-7.98693
1258.25,-8.02102
1263.24,-8.05285
1268.23,-8.08247
1273.23,-8.10997
1278.23,-8.13541
1283.24,-8.15885
1288.25,-8.18035
1293.27,-8.19998
1298.29,-8.21781
1303.31,-8.23387
1308.33,-8.24824
1313.36,-8.26098
1318.39,-8.27212
1323.42,-8.28174
1328.45,-8.28987
1333.48,-8.29657
1338.52,-8.30189
1343.55,-8.30587
1348.58,-8.30857
1353.61,-8.31002
1358.64,-8.31028
1363.67,-8.30938
1368.7,-8.30736
1373.73,-8.30426
1378.75,-8.30013
1383.78,-8.295
1388.8,-8.28891
1393.82,-8.2819
1398.83,-8.27399
1403.84,-8.26522
1408.85,-8.25563
1413.85,-8.24524
1418.85,-8.23409
1423.85,-8.22221
1428.84,-8.20962
1433.83,-8.19636
1438.81,-8.18245
1443.79,-8.16791
1448.76,-8.15278
1453.73,-8.13708
1458.69,-8.12082
1463.65,-8.10405
1468.6,-8.08676
1473.54,-8.069
1478.48,-8.05078
1483.41,-8.03211
1488.34,-8.01303
1493.26,-7.99355
1498.17,-7.97368
1503.07,-7.95345
1507.97,-7.93287
1512.86,-7.91196
1517.74,-7.89074
1522.61,-7.86922
1527.48,-7.84741
1532.34,-7.82533
1537.19,-7.80301
1542.03,-7.78044
1546.86,-7.75764
1551.69,-7.73463
1556.51,-7.71142
1561.32,-7.68801
1566.12,-7.66443
1570.91,-7.64068
1575.69,-7.61677
1580.46,-7.59272
1585.22,-7.56853
1589.98,-7.54422
1594.72,-7.51978
1599.46,-7.49524
1604.19,-7.4706
1608.9,-7.44587
1613.61,-7.42105
1618.31,-7.39616
1622.99,-7.37121
1627.67,-7.34619
1632.34,-7.32112
1636.99,-7.296
1641.64,-7.27085
1646.28,-7.24566
1650.9,-7.22044
1655.52,-7.1952
1660.12,-7.16995
1664.72,-7.14468
1669.3,-7.11941
1673.88,-7.09414
1678.44,-7.06887
1682.99,-7.04362
1687.53,-7.01838
1692.06,-6.99315
1696.58,-6.96795
1701.09,-6.94277
1705.59,-6.91763
1710.07,-6.89252
1714.55,-6.86744
1719.01,-6.84241
1723.46,-6.81742
1727.9,-6.79247
1732.33,-6.76758
1736.75,-6.74274
1741.16,-6.71796
1745.55,-6.69323
1749.94,-6.66857
1754.31,-6.64396
1758.67,-6.61943
1763.02,-6.59496
1767.36,-6.57056
1771.68,-6.54623
1776,-6.52198
1780.3,-6.4978
1784.59,-6.4737
1788.87,-6.44968
1793.14,-6.42574
1797.39,-6.40188
1801.64,-6.3781
1805.87,-6.35441
1810.09,-6.33081
1814.3,-6.30729
1818.49,-6.28387
1822.68,-6.26053
1826.85,-6.23728
1831.01,-6.21413
1835.16,-6.19106
1839.29,-6.16809
1843.41,-6.14522
1847.53,-6.12244
1851.62,-6.09975
1855.71,-6.07716
1859.79,-6.05467
1863.85,-6.03228
1867.9,-6.00998
1871.94,-5.98778
1875.96,-5.96569
1879.98,-5.94369
1883.98,-5.92179
1887.97,-5.89999
1891.95,-5.87829
1895.91,-5.85669
1899.86,-5.8352
1903.8,-5.8138
1907.73,-5.79251
1911.65,-5.77131
1915.55,-5.75022
1919.44,-5.72924
1923.32,-5.70835
1927.19,-5.68756
1931.04,-5.66688
1934.88,-5.6463
1938.71,-5.62582
1942.53,-5.60544
1946.33,-5.58516
1950.12,-5.56499
1953.9,-5.54491
1957.67,-5.52494
1961.42,-5.50507
1965.17,-5.4853
1968.89,-5.46563
1972.61,-5.44606
1976.32,-5.42659
1980.01,-5.40722
1983.69,-5.38796
1987.36,-5.36879
1991.01,-5.34972
1994.65,-5.33075
1998.28,-5.31188
2001.9,-5.29311
2005.51,-5.27443
2009.1,-5.25586
2012.68,-5.23738
2016.25,-5.219
2019.8,-5.20072
2023.35,-5.18253
2026.88,-5.16444
2030.4,-5.14645
2033.9,-5.12855
2037.4,-5.11075
2040.88,-5.09304
2044.34,-5.07543
2047.8,-5.05791
2051.24,-5.04048
