distance,total_force
2535.94,1.80576
2535.64,1.80878
2535.35,1.81181
2535.05,1.81482
2534.75,1.81784
2534.44,1.82086
2534.14,1.82387
2533.83,1.82688
2533.51,1.82988
2533.2,1.83289
2532.88,1.83589
2532.55,1.83889
2532.23,1.84188
2531.9,1.84488
2531.57,1.84787
2531.23,1.85085
2530.9,1.85384
2530.56,1.85682
2530.21,1.8598
2529.87,1.86278
2529.52,1.86576
2529.17,1.86873
2528.81,1.8717
2528.45,1.87467
2528.09,1.87763
2527.73,1.88059
2527.36,1.88355
2526.99,1.88651
2526.62,1.88946
2526.24,1.89242
2525.86,1.89537
2525.48,1.89831
2525.1,1.90126
2524.71,1.9042
2524.32,1.90714
2523.92,1.91008
2523.53,1.91301
2523.13,1.91594
2522.72,1.91887
2522.32,1.9218
2521.91,1.92472
2521.5,1.92764
2521.08,1.93056
2520.67,1.93348
2520.25,1.93639
2519.82,1.9393
2519.4,1.94221
2518.97,1.94511
2518.53,1.94802
2518.1,1.95092
2517.66,1.95382
2517.22,1.95671
2516.78,1.9596
2516.33,1.96249
2515.88,1.96538
2515.43,1.96827
2514.97,1.97115
2514.51,1.97403
2514.05,1.9769
2513.59,1.97978
2513.12,1.98265
2512.65,1.98552
2512.18,1.98839
2511.7,1.99125
2511.22,1.99411
2510.74,1.99697
2510.25,1.99983
2509.77,2.00268
2509.27,2.00553
2508.78,2.00838
2508.28,2.01122
2507.78,2.01406
2507.28,2.0169
2506.78,2.01974
2506.27,2.02258
2505.76,2.02541
2505.24,2.02824
2504.73,2.03106
2504.2,2.03389
2503.68,2.03671
2503.16,2.03952
2502.63,2.04234
2502.1,2.04515
2501.56,2.04796
2501.02,2.05077
2500.48,2.05357
2499.94,2.05637
2499.39,2.05917
2498.84,2.06197
2498.29,2.06476
2497.74,2.06755
2497.18,2.07034
2496.62,2.07312
2496.06,2.0759
2495.49,2.07868
2494.92,2.08146
2494.35,2.08423
2493.77,2.087
2493.2,2.08976
2492.61,2.09253
2492.03,2.09529
2491.44,2.09805
2490.85,2.1008
2490.26,2.10355
2489.67,2.1063
2489.07,2.10905
2488.47,2.11179
2487.87,2.11453
2487.26,2.11727
2486.65,2.12
2486.04,2.12273
2485.42,2.12546
2484.8,2.12818
2484.18,2.1309
2483.56,2.13362
2482.93,2.13633
2482.3,2.13905
2481.67,2.14175
2481.04,2.14446
2480.4,2.14716
2479.76,2.14986
2479.11,2.15255
2478.47,2.15525
2477.82,2.15794
2477.17,2.16062
2476.51,2.1633
2475.85,2.16598
2475.19,2.16866
2474.53,2.17133
2473.86,2.174
2473.19,2.17666
2472.52,2.17932
2471.85,2.18198
2471.17,2.18464
2470.49,2.18729
2469.81,2.18993
2469.12,2.19258
2468.43,2.19522
2467.74,2.19786
2467.05,2.20049
2466.35,2.20312
2465.65,2.20574
2464.95,2.20837
2464.24,2.21099
2463.53,2.2136
2462.82,2.21621
2462.11,2.21882
2461.39,2.22142
2460.67,2.22402
2459.95,2.22662
2459.23,2.22921
2458.5,2.2318
2457.77,2.23438
2457.04,2.23696
2456.3,2.23954
2455.56,2.24211
2454.82,2.24468
2454.07,2.24724
2453.33,2.2498
2452.58,2.25236
2451.83,2.25491
2451.07,2.25746
2450.31,2.26
2449.55,2.26254
2448.79,2.26508
2448.02,2.26761
2447.25,2.27013
2446.48,2.27266
2445.71,2.27517
2444.93,2.27769
2444.15,2.2802
2443.37,2.2827
2442.58,2.2852
2441.79,2.2877
2441,2.29019
2440.21,2.29267
2439.41,2.29516
2438.62,2.29763
2437.81,2.3001
2437.01,2.30257
2436.2,2.30504
2435.39,2.30749
2434.58,2.30995
2433.77,2.3124
2432.95,2.31484
2432.13,2.31728
2431.3,2.31971
2430.48,2.32214
2429.65,2.32456
2428.82,2.32698
2427.99,2.3294
2427.15,2.33181
2426.31,2.33421
2425.47,2.33661
2424.63,2.339
2423.78,2.34139
2422.93,2.34377
2422.08,2.34615
2421.22,2.34852
2420.36,2.35088
2419.5,2.35324
2418.64,2.3556
2417.78,2.35795
2416.91,2.36029
2416.04,2.36263
2415.16,2.36496
2414.29,2.36729
2413.41,2.36961
2412.53,2.37192
2411.64,2.37423
2410.76,2.37654
2409.87,2.37883
2408.98,2.38112
2408.08,2.38341
2407.19,2.38569
2406.29,2.38796
2405.39,2.39023
2404.48,2.39249
2403.57,2.39474
2402.66,2.39699
2401.75,2.39923
2400.84,2.40147
2399.92,2.40369
2399,2.40592
2398.08,2.40813
2397.15,2.41034
2396.23,2.41254
2395.3,2.41474
2394.36,2.41692
2393.43,2.41911
2392.49,2.42128
2391.55,2.42345
2390.61,2.42561
2389.66,2.42776
2388.72,2.42991
2387.77,2.43205
2386.81,2.43418
2385.86,2.4363
2384.9,2.43842
2383.94,2.44053
2382.98,2.44263
2382.01,2.44472
2381.04,2.44681
2380.07,2.44889
2379.1,2.45096
2378.13,2.45303
2377.15,2.45508
2376.17,2.45713
2375.19,2.45917
2374.2,2.4612
2373.21,2.46323
2372.22,2.46524
2371.23,2.46725
2370.24,2.46925
2369.24,2.47124
2368.24,2.47322
2367.24,2.4752
2366.23,2.47716
2365.23,2.47912
2364.22,2.48107
2363.21,2.48301
2362.19,2.48494
2361.18,2.48686
2360.16,2.48877
2359.14,2.49067
2358.11,2.49257
2357.09,2.49445
2356.06,2.49633
2355.03,2.4982
2354,2.50005
2352.96,2.5019
2351.92,2.50374
2350.88,2.50557
2349.84,2.50739
2348.79,2.50919
2347.75,2.51099
2346.7,2.51278
2345.65,2.51456
2344.59,2.51633
2343.54,2.51809
2342.48,2.51984
2341.42,2.52158
2340.35,2.52331
2339.29,2.52502
2338.22,2.52673
2337.15,2.52843
2336.08,2.53011
2335,2.53178
2333.92,2.53345
2332.85,2.5351
2331.76,2.53674
2330.68,2.53837
2329.59,2.53999
2328.51,2.5416
2327.42,2.5432
2326.32,2.54478
2325.23,2.54635
2324.13,2.54791
2323.03,2.54946
2321.93,2.551
2320.83,2.55253
2319.72,2.55404
2318.61,2.55554
2317.5,2.55703
2316.39,2.55851
2315.27,2.55997
2314.16,2.56142
2313.04,2.56286
2311.92,2.56429
2310.79,2.5657
2309.67,2.5671
2308.54,2.56848
2307.41,2.56986
2306.28,2.57122
2305.14,2.57257
2304.01,2.5739
2302.87,2.57522
2301.73,2.57653
2300.59,2.57782
2299.44,2.5791
2298.29,2.58036
2297.15,2.58161
2296,2.58285
2294.84,2.58407
2293.69,2.58527
2292.53,2.58647
2291.37,2.58765
2290.21,2.58881
2289.05,2.58996
2287.88,2.59109
2286.71,2.59221
2285.55,2.59331
2284.37,2.5944
2283.2,2.59547
2282.03,2.59652
2280.85,2.59756
2279.67,2.59859
2278.49,2.5996
2277.3,2.60059
2276.12,2.60157
2274.93,2.60252
2273.74,2.60347
2272.55,2.60439
2271.36,2.6053
2270.16,2.6062
2268.97,2.60707
2267.77,2.60793
2266.57,2.60877
2265.37,2.6096
2264.16,2.6104
2262.96,2.61119
2261.75,2.61196
2260.54,2.61272
2259.33,2.61345
2258.11,2.61417
2256.9,2.61487
2255.68,2.61555
2254.46,2.61621
2253.24,2.61685
2252.02,2.61748
2250.79,2.61808
2249.56,2.61867
2248.34,2.61923
2247.11,2.61978
2245.87,2.62031
2244.64,2.62082
2243.41,2.6213
2242.17,2.62177
2240.93,2.62222
2239.69,2.62265
2238.45,2.62305
2237.2,2.62344
2235.96,2.6238
2234.71,2.62415
2233.46,2.62447
2232.21,2.62477
2230.96,2.62505
2229.7,2.62531
2228.45,2.62555
2227.19,2.62576
2225.93,2.62596
2224.67,2.62613
2223.41,2.62628
2222.14,2.6264
2220.88,2.62651
2219.61,2.62659
2218.34,2.62664
2217.07,2.62668
2215.8,2.62669
2214.52,2.62667
2213.25,2.62664
2211.97,2.62658
2210.69,2.62649
2209.41,2.62638
2208.13,2.62625
2206.85,2.62609
2205.57,2.62591
2204.28,2.6257
2202.99,2.62547
2201.7,2.62521
2200.41,2.62493
2199.12,2.62462
2197.83,2.62429
2196.53,2.62393
2195.24,2.62354
2193.94,2.62313
2192.64,2.62269
2191.34,2.62222
2190.04,2.62173
2188.74,2.62121
2187.43,2.62066
2186.13,2.62008
2184.82,2.61948
2183.51,2.61885
2182.2,2.61819
2180.89,2.6175
2179.58,2.61678
2178.26,2.61604
2176.95,2.61527
2175.63,2.61446
2174.31,2.61363
2172.99,2.61277
2171.67,2.61188
2170.35,2.61096
2169.03,2.61001
2167.71,2.60902
2166.38,2.60801
2165.06,2.60697
2163.73,2.6059
2162.4,2.60479
2161.07,2.60366
2159.74,2.60249
2158.41,2.60129
2157.07,2.60006
2155.74,2.59879
2154.4,2.5975
2153.07,2.59617
2151.73,2.59481
2150.39,2.59341
2149.05,2.59198
2147.71,2.59052
2146.37,2.58903
2145.03,2.5875
2143.68,2.58593
2142.34,2.58434
2140.99,2.5827
2139.64,2.58104
2138.3,2.57934
2136.95,2.5776
2135.6,2.57582
2134.25,2.57402
2132.89,2.57217
2131.54,2.57029
2130.19,2.56837
2128.83,2.56642
2127.48,2.56443
2126.12,2.5624
2124.77,2.56033
2123.41,2.55823
2122.05,2.55609
2120.69,2.55391
2119.33,2.55169
2117.97,2.54943
2116.61,2.54714
2115.24,2.5448
2113.88,2.54243
2112.52,2.54001
2111.15,2.53756
2109.79,2.53507
2108.42,2.53253
2107.05,2.52996
2105.69,2.52734
2104.32,2.52469
2102.95,2.52199
2101.58,2.51925
2100.21,2.51647
2098.84,2.51364
2097.47,2.51078
2096.09,2.50787
2094.72,2.50491
2093.35,2.50192
2091.98,2.49888
2090.6,2.4958
2089.23,2.49267
2087.85,2.4895
2086.48,2.48629
2085.1,2.48303
2083.72,2.47973
2082.35,2.47638
2080.97,2.47298
2079.59,2.46954
2078.21,2.46605
2076.83,2.46252
2075.46,2.45894
2074.08,2.45531
2072.7,2.45164
2071.32,2.44792
2069.94,2.44415
2068.56,2.44033
2067.17,2.43647
2065.79,2.43255
2064.41,2.42859
2063.03,2.42458
2061.65,2.42052
2060.27,2.41641
2058.88,2.41225
2057.5,2.40804
2056.12,2.40378
2054.74,2.39946
2053.35,2.3951
2051.97,2.39069
2050.59,2.38622
2049.21,2.3817
2047.82,2.37713
2046.44,2.37251
2045.06,2.36784
2043.67,2.36311
2042.29,2.35833
2040.91,2.35685
2039.52,2.36809
2038.14,2.37935
2036.76,2.39061
2035.37,2.40188
2033.99,2.41317
2032.61,2.42446
2031.22,2.43577
2029.84,2.44708
2028.46,2.45841
2027.08,2.46975
2025.69,2.48109
2024.31,2.49244
2022.93,2.50381
2021.55,2.51518
2020.17,2.52656
2018.79,2.53795
2017.41,2.54934
2016.03,2.56075
2014.65,2.57216
2013.27,2.58358
2011.89,2.595
2010.51,2.60643
2009.13,2.61787
2007.75,2.62932
2006.38,2.64077
2005,2.65222
2003.62,2.66368
2002.25,2.67515
2000.87,2.68662
1999.49,2.69809
1998.12,2.70957
1996.75,2.72106
1995.37,2.73254
1994,2.74403
1992.63,2.75552
1991.26,2.76702
1989.89,2.77851
1988.51,2.79001
1987.15,2.80151
1985.78,2.81301
1984.41,2.82452
1983.04,2.83602
1981.67,2.84752
1980.31,2.85902
1978.94,2.87053
1977.58,2.88203
1976.22,2.89353
1974.85,2.90503
1973.49,2.91652
1972.13,2.92802
1970.77,2.93951
1969.41,2.95099
1968.06,2.96248
1966.7,2.97396
1965.34,2.98544
1963.99,2.99691
1962.63,3.00837
1961.28,3.01984
1959.93,3.03129
1958.58,3.04274
1957.23,3.05418
1955.88,3.06562
1954.53,3.07705
1953.19,3.08847
1951.84,3.09988
1950.5,3.11128
1949.16,3.12267
1947.82,3.13406
1946.48,3.14543
1945.14,3.1568
1943.8,3.16815
1942.46,3.17949
1941.13,3.19082
1939.8,3.20213
1938.47,3.21344
1937.14,3.22473
1935.81,3.236
1934.48,3.24727
1933.15,3.25851
1931.83,3.26975
1930.51,3.28096
1929.18,3.29216
1927.87,3.30334
1926.55,3.31451
1925.23,3.32566
1923.92,3.33679
1922.6,3.3479
1921.29,3.35899
1919.98,3.37006
1918.67,3.38111
1917.37,3.39214
1916.06,3.40315
1914.76,3.41413
1913.46,3.4251
1912.16,3.43604
1910.86,3.44696
1909.57,3.45785
1908.27,3.46872
1906.98,3.47956
1905.69,3.49038
1904.41,3.50117
1903.12,3.51193
1901.84,3.52266
1900.56,3.53337
1899.28,3.54405
1898,3.5547
1896.72,3.56531
1895.45,3.5759
1894.18,3.58646
1892.91,3.59698
1891.64,3.60747
1890.38,3.61793
1889.12,3.62836
1887.86,3.63875
1886.6,3.6491
1885.35,3.65942
1884.09,3.66971
1882.84,3.67995
1881.59,3.69016
1880.35,3.70033
1879.1,3.71046
1877.86,3.72056
1876.63,3.73061
1875.39,3.74062
1874.16,3.75059
1872.93,3.76051
1871.7,3.7704
1870.47,3.78024
1869.25,3.79004
1868.03,3.79979
1866.81,3.80949
1865.6,3.81915
1864.38,3.82877
1863.17,3.83833
1861.97,3.84785
1860.76,3.85731
1859.56,3.86673
1858.36,3.8761
1857.17,3.88541
1855.98,3.89468
1854.79,3.90389
1853.6,3.91304
1852.41,3.92215
1851.23,3.9312
1850.06,3.94019
1848.88,3.94913
1847.71,3.958
1846.54,3.96683
1845.37,3.97559
1844.21,3.98429
1843.05,3.99294
1841.9,4.00152
1840.74,4.01004
1839.59,4.0185
1838.45,4.0269
1837.3,4.03523
1836.16,4.0435
1835.03,4.0517
1833.89,4.05983
1832.76,4.0679
1831.64,4.07591
1830.51,4.08384
1829.39,4.0917
1828.28,4.0995
1827.17,4.10722
1826.06,4.11487
1824.95,4.12245
1823.85,4.12996
1822.75,4.13739
1821.66,4.14475
1820.56,4.15203
1819.48,4.15924
1818.39,4.16637
1817.31,4.17342
1816.24,4.1804
1815.16,4.18729
1814.09,4.19411
1813.03,4.20084
1811.97,4.20749
1810.91,4.21406
1809.86,4.22055
1808.81,4.22695
1807.76,4.23327
1806.72,4.2395
1805.68,4.24565
1804.65,4.25171
1803.62,4.25768
1802.59,4.26356
1801.57,4.26936
1800.55,4.27506
1799.54,4.28067
1798.53,4.28619
1797.52,4.29162
1796.52,4.29696
1795.53,4.3022
1794.53,4.30734
1793.55,4.31239
1792.56,4.31735
1791.58,4.32221
1790.61,4.32697
1789.64,4.33163
1788.67,4.33619
1787.71,4.34065
1786.75,4.34501
1785.8,4.34927
1784.85,4.35342
1783.9,4.35748
1782.96,4.36143
1782.03,4.36527
1781.1,4.36901
1780.17,4.37264
1779.25,4.37617
1778.33,4.37959
1777.42,4.3829
1776.51,4.3861
1775.61,4.38919
1774.71,4.39218
1773.82,4.39505
1772.93,4.39781
1772.05,4.40045
1771.17,4.40299
1770.3,4.40541
1769.43,4.40771
1768.56,4.4099
1767.7,4.41198
1766.85,4.41393
1766,4.41577
1765.16,4.4175
1764.32,4.4191
1763.48,4.42058
1762.65,4.42195
1761.83,4.42319
1761.01,4.42432
1760.2,4.42532
1759.39,4.4262
1758.58,4.42696
1757.79,4.42759
1756.99,4.4281
1756.21,4.42848
1755.42,4.42874
1754.65,4.42888
1753.87,4.42889
1753.11,4.42877
1752.35,4.42852
1751.59,4.42814
1750.84,4.42764
1750.09,4.42701
1749.35,4.42625
1748.62,4.42536
1747.89,4.42433
1747.17,4.42318
1746.45,4.4219
1745.74,4.42048
1745.03,4.41893
1744.33,4.41725
1743.63,4.41543
1742.94,4.41348
1742.26,4.4114
1741.58,4.40918
1740.91,4.40683
1740.24,4.40434
1739.58,4.40171
1738.92,4.39895
1738.27,4.39606
1737.62,4.39302
1736.99,4.38985
1736.35,4.38654
1735.73,4.3831
1735.1,4.37951
1734.49,4.37579
1733.88,4.37193
1733.28,4.36793
1732.68,4.36378
1732.09,4.3595
1731.5,4.35508
1730.92,4.35052
1730.35,4.34582
1729.78,4.34098
1729.21,4.336
1728.66,4.33088
1728.11,4.32561
1727.56,4.32021
1727.03,4.31466
1726.49,4.30898
1725.97,4.30315
1725.45,4.29717
1724.94,4.29106
1724.43,4.28481
1723.93,4.27841
1723.43,4.27187
1722.94,4.26519
1722.46,4.25837
1721.98,4.2514
1721.51,4.24429
1721.05,4.23704
1720.59,4.22965
1720.14,4.22211
1719.7,4.21444
1719.26,4.20662
1718.83,4.19866
1718.4,4.19056
1717.98,4.18231
1717.57,4.17392
1717.16,4.1654
1716.76,4.15673
1716.36,4.14792
1715.98,4.13896
1715.6,4.12987
1715.22,4.12064
1714.85,4.11126
1714.49,4.10175
1714.13,4.09209
1713.78,4.0823
1713.44,4.07236
1713.11,4.06229
1712.78,4.05208
1712.45,4.04173
1712.14,4.03124
1711.83,4.02061
1711.52,4.00984
1711.23,3.99894
1710.94,3.9879
1710.65,3.97672
1710.37,3.9654
1710.1,3.95395
1709.84,3.94237
1709.58,3.93065
1709.33,3.91879
1709.09,3.9068
1708.85,3.89468
1708.62,3.88242
1708.39,3.87003
1708.18,3.85751
1707.97,3.84486
1707.76,3.83208
1707.56,3.81916
1707.37,3.80612
1707.19,3.79294
1707.01,3.77964
1706.84,3.76621
1706.68,3.75265
1706.52,3.73896
1706.37,3.72515
1706.23,3.71121
1706.09,3.69715
1705.96,3.68296
1705.83,3.66865
1705.72,3.65422
1705.61,3.63967
1705.5,3.62499
1705.41,3.61019
1705.32,3.59527
1705.23,3.58023
1705.16,3.56508
1705.09,3.54981
1705.02,3.53442
1704.97,3.51891
1704.92,3.50329
1704.88,3.48756
1704.84,3.47171
1704.81,3.45575
1704.79,3.43967
1704.77,3.42349
1704.76,3.40719
1704.76,3.39079
1704.77,3.37673
1704.78,3.39317
1704.8,3.40949
1704.82,3.42571
1704.85,3.44181
1704.89,3.4578
1704.94,3.47368
1704.99,3.48945
1705.05,3.5051
1705.11,3.52064
1705.19,3.53606
1705.27,3.55136
1705.35,3.56655
1705.44,3.58161
1705.54,3.59656
1705.65,3.61139
1705.76,3.6261
1705.88,3.64068
1706.01,3.65515
1706.14,3.66949
1706.28,3.6837
1706.43,3.6978
1706.58,3.71177
1706.74,3.72561
1706.91,3.73932
1707.08,3.75291
1707.26,3.76637
1707.45,3.77971
1707.64,3.79291
1707.84,3.80599
1708.05,3.81893
1708.26,3.83175
1708.48,3.84443
1708.71,3.85698
1708.94,3.8694
1709.18,3.88169
1709.43,3.89384
1709.68,3.90586
1709.94,3.91775
1710.21,3.9295
1710.48,3.94112
1710.76,3.9526
1711.05,3.96395
1711.34,3.97515
1711.64,3.98623
1711.95,3.99716
1712.26,4.00796
1712.58,4.01862
1712.91,4.02914
1713.24,4.03953
1713.58,4.04977
1713.92,4.05988
1714.28,4.06985
1714.63,4.07968
1715,4.08936
1715.37,4.09891
1715.75,4.10832
1716.13,4.11759
1716.52,4.12672
1716.92,4.1357
1717.32,4.14455
1717.73,4.15325
1718.15,4.16181
1718.57,4.17024
1719,4.17851
1719.43,4.18665
1719.87,4.19465
1720.32,4.2025
1720.78,4.21022
1721.24,4.21779
1721.7,4.22522
1722.17,4.2325
1722.65,4.23965
1723.14,4.24665
1723.63,4.25352
1724.13,4.26024
1724.63,4.26681
1725.14,4.27325
1725.66,4.27954
1726.18,4.2857
1726.71,4.29171
1727.24,4.29758
1727.78,4.3033
1728.33,4.30889
1728.88,4.31434
1729.44,4.31964
1730,4.32481
1730.57,4.32983
1731.15,4.33471
1731.73,4.33946
1732.32,4.34406
1732.92,4.34852
1733.52,4.35285
1734.12,4.35703
1734.73,4.36108
1735.35,4.36499
1735.98,4.36876
1736.61,4.37239
1737.24,4.37588
1737.88,4.37923
1738.53,4.38245
1739.18,4.38553
1739.84,4.38848
1740.5,4.39129
1741.17,4.39396
1741.85,4.3965
1742.53,4.3989
1743.22,4.40117
1743.91,4.4033
1744.61,4.4053
1745.31,4.40717
1746.02,4.4089
1746.73,4.4105
1747.45,4.41197
1748.18,4.41331
1748.91,4.41452
1749.65,4.41559
1750.39,4.41654
1751.14,4.41735
1751.89,4.41804
1752.65,4.4186
1753.41,4.41903
1754.18,4.41933
1754.96,4.41951
1755.73,4.41956
1756.52,4.41948
1757.31,4.41928
1758.1,4.41895
1758.9,4.4185
1759.71,4.41793
1760.52,4.41723
1761.34,4.41641
1762.16,4.41547
1762.98,4.4144
1763.82,4.41322
1764.65,4.41192
1765.49,4.41049
1766.34,4.40895
1767.19,4.40729
1768.05,4.40551
1768.91,4.40362
1769.77,4.40161
1770.64,4.39948
1771.52,4.39724
1772.4,4.39489
1773.29,4.39242
1774.18,4.38984
1775.07,4.38715
1775.97,4.38434
1776.88,4.38143
1777.79,4.3784
1778.7,4.37527
1779.62,4.37203
1780.54,4.36868
1781.47,4.36522
1782.4,4.36166
1783.34,4.35799
1784.28,4.35421
1785.23,4.35033
1786.18,4.34635
1787.13,4.34227
1788.09,4.33808
1789.05,4.33379
1790.02,4.3294
1791,4.32492
1791.97,4.32033
1792.95,4.31564
1793.94,4.31086
1794.93,4.30598
1795.92,4.301
1796.92,4.29593
1797.93,4.29077
1798.93,4.28551
1799.94,4.28016
1800.96,4.27471
1801.98,4.26918
1803,4.26355
1804.03,4.25784
1805.06,4.25203
1806.09,4.24614
1807.13,4.24016
1808.18,4.23409
1809.23,4.22794
1810.28,4.2217
1811.33,4.21538
1812.39,4.20897
1813.45,4.20248
1814.52,4.19591
1815.59,4.18926
1816.66,4.18252
1817.74,4.17571
1818.82,4.16882
1819.91,4.16185
1821,4.1548
1822.09,4.14768
1823.19,4.14048
1824.29,4.1332
1825.39,4.12585
1826.5,4.11843
1827.61,4.11093
1828.72,4.10337
1829.84,4.09573
1830.96,4.08802
1832.09,4.08024
1833.22,4.07239
1834.35,4.06447
1835.48,4.05649
1836.62,4.04844
1837.76,4.04032
1838.9,4.03214
1840.05,4.0239
1841.2,4.01559
1842.36,4.00722
1843.52,3.99878
1844.68,3.99029
1845.84,3.98173
1847.01,3.97311
1848.18,3.96444
1849.35,3.9557
1850.53,3.94691
1851.7,3.93807
1852.89,3.92916
1854.07,3.9202
1855.26,3.91119
1856.45,3.90212
1857.64,3.893
1858.84,3.88382
1860.04,3.8746
1861.24,3.86532
1862.45,3.85599
1863.66,3.84661
1864.87,3.83719
1866.08,3.82771
1867.3,3.81819
1868.52,3.80862
1869.74,3.799
1870.96,3.78934
1872.19,3.77964
1873.42,3.76989
1874.65,3.76009
1875.88,3.75026
1877.12,3.74038
1878.36,3.73046
1879.6,3.72049
1880.85,3.71049
1882.09,3.70045
1883.34,3.69037
1884.59,3.68025
1885.85,3.6701
1887.1,3.65991
1888.36,3.64968
1889.62,3.63941
1890.88,3.62911
1892.15,3.61878
1893.42,3.60841
1894.69,3.59801
1895.96,3.58758
1897.23,3.57711
1898.51,3.56661
1899.79,3.55609
1901.07,3.54553
1902.35,3.53494
1903.63,3.52433
1904.92,3.51368
1906.21,3.50301
1907.5,3.49231
1908.79,3.48158
1910.09,3.47083
1911.38,3.46005
1912.68,3.44925
1913.98,3.43842
1915.28,3.42757
1916.58,3.4167
1917.89,3.4058
1919.2,3.39489
1920.5,3.38395
1921.82,3.37298
1923.13,3.362
1924.44,3.351
1925.76,3.33998
1927.07,3.32894
1928.39,3.31788
1929.71,3.3068
1931.03,3.29571
1932.36,3.2846
1933.68,3.27347
1935.01,3.26233
1936.34,3.25117
1937.67,3.24
1939,3.22881
1940.33,3.21761
1941.66,3.20639
1943,3.19516
1944.33,3.18392
1945.67,3.17267
1947.01,3.1614
1948.35,3.15013
1949.69,3.13884
1951.04,3.12754
1952.38,3.11623
1953.73,3.10492
1955.07,3.09359
1956.42,3.08226
1957.77,3.07092
1959.12,3.05957
1960.47,3.04821
1961.82,3.03685
1963.17,3.02547
1964.53,3.0141
1965.88,3.00272
1967.24,2.99133
1968.6,2.97994
1969.96,2.96854
1971.31,2.95714
1972.68,2.94573
1974.04,2.93433
1975.4,2.92292
1976.76,2.9115
1978.12,2.90009
1979.49,2.88867
1980.85,2.87725
1982.22,2.86583
1983.59,2.85441
1984.96,2.84299
1986.32,2.83157
1987.69,2.82015
1989.06,2.80873
1990.43,2.79731
1991.8,2.78589
1993.18,2.77447
1994.55,2.76306
1995.92,2.75165
1997.3,2.74024
1998.67,2.72883
2000.04,2.71742
2001.42,2.70602
2002.8,2.69463
2004.17,2.68324
2005.55,2.67185
2006.93,2.66046
2008.3,2.64909
2009.68,2.63771
2011.06,2.62634
2012.44,2.61498
2013.82,2.60363
2015.2,2.59228
2016.58,2.58094
2017.96,2.5696
2019.34,2.55827
2020.72,2.54695
2022.1,2.53564
2023.48,2.52433
2024.86,2.51303
2026.25,2.50174
2027.63,2.49046
2029.01,2.47919
2030.39,2.46793
2031.78,2.45667
2033.16,2.44543
2034.54,2.4342
2035.93,2.42297
2037.31,2.41176
2038.69,2.40056
2040.07,2.38936
2041.46,2.37818
2042.84,2.36701
2044.22,2.35585
2045.61,2.34471
2046.99,2.34879
2048.37,2.35351
2049.76,2.35818
2051.14,2.3628
2052.52,2.36737
2053.91,2.37189
2055.29,2.37635
2056.67,2.38076
2058.05,2.38513
2059.44,2.38944
2060.82,2.3937
2062.2,2.39791
2063.58,2.40207
2064.96,2.40619
2066.35,2.41025
2067.73,2.41427
2069.11,2.41823
2070.49,2.42215
2071.87,2.42602
2073.25,2.42984
2074.63,2.43362
2076.01,2.43735
2077.39,2.44103
2078.76,2.44466
2080.14,2.44825
2081.52,2.45179
2082.9,2.45529
2084.27,2.45874
2085.65,2.46214
2087.03,2.4655
2088.4,2.46882
2089.78,2.47209
2091.15,2.47531
2092.52,2.4785
2093.9,2.48163
2095.27,2.48473
2096.64,2.48778
2098.02,2.49079
2099.39,2.49375
2100.76,2.49668
2102.13,2.49956
2103.5,2.5024
2104.86,2.5052
2106.23,2.50795
2107.6,2.51067
2108.97,2.51334
2110.33,2.51597
2111.7,2.51857
2113.06,2.52112
2114.43,2.52363
2115.79,2.5261
2117.15,2.52854
2118.51,2.53093
2119.87,2.53329
2121.23,2.5356
2122.59,2.53788
2123.95,2.54012
2125.31,2.54232
2126.66,2.54448
2128.02,2.54661
2129.38,2.5487
2130.73,2.55075
2132.08,2.55277
2133.43,2.55474
2134.79,2.55669
2136.14,2.55859
2137.49,2.56046
2138.83,2.56229
2140.18,2.56409
2141.53,2.56586
2142.87,2.56759
2144.22,2.56928
2145.56,2.57094
2146.9,2.57256
2148.25,2.57415
2149.59,2.57571
2150.93,2.57723
2152.26,2.57872
2153.6,2.58018
2154.94,2.5816
2156.27,2.58299
2157.61,2.58435
2158.94,2.58568
2160.27,2.58697
2161.6,2.58823
2162.93,2.58947
2164.26,2.59066
2165.59,2.59183
2166.91,2.59297
2168.24,2.59407
2169.56,2.59515
2170.88,2.59619
2172.2,2.59721
2173.52,2.59819
2174.84,2.59914
2176.16,2.60007
2177.47,2.60096
2178.79,2.60183
2180.1,2.60267
2181.41,2.60347
2182.72,2.60425
2184.03,2.60501
2185.34,2.60573
2186.65,2.60642
2187.95,2.60709
2189.26,2.60773
2190.56,2.60834
2191.86,2.60892
2193.16,2.60948
2194.46,2.61001
2195.76,2.61052
2197.05,2.61099
2198.35,2.61144
2199.64,2.61187
2200.93,2.61227
2202.22,2.61264
2203.51,2.61299
2204.79,2.61331
2206.08,2.6136
2207.36,2.61387
2208.65,2.61412
2209.93,2.61434
2211.21,2.61454
2212.48,2.61471
2213.76,2.61486
2215.03,2.61498
2216.31,2.61509
2217.58,2.61516
2218.85,2.61522
2220.12,2.61525
2221.38,2.61525
2222.65,2.61524
2223.91,2.6152
2225.17,2.61513
2226.43,2.61505
2227.69,2.61494
2228.95,2.61481
2230.2,2.61466
2231.46,2.61449
2232.71,2.61429
2233.96,2.61408
2235.21,2.61384
2236.45,2.61358
2237.7,2.6133
2238.94,2.613
2240.18,2.61268
2241.42,2.61234
2242.66,2.61197
2243.9,2.61159
2245.13,2.61118
2246.37,2.61076
2247.6,2.61032
2248.83,2.60985
2250.06,2.60937
2251.28,2.60887
2252.5,2.60835
2253.73,2.6078
2254.95,2.60724
2256.17,2.60667
2257.38,2.60607
2258.6,2.60545
2259.81,2.60482
2261.02,2.60416
2262.23,2.60349
2263.44,2.6028
2264.64,2.60209
2265.85,2.60137
2267.05,2.60062
2268.25,2.59986
2269.45,2.59909
2270.64,2.59829
2271.84,2.59748
2273.03,2.59665
2274.22,2.5958
2275.41,2.59494
2276.59,2.59406
2277.78,2.59316
2278.96,2.59225
2280.14,2.59132
2281.32,2.59037
2282.5,2.58941
2283.67,2.58843
2284.84,2.58744
2286.01,2.58643
2287.18,2.58541
2288.35,2.58437
2289.51,2.58331
2290.67,2.58224
2291.83,2.58116
2292.99,2.58006
2294.15,2.57894
2295.3,2.57781
2296.45,2.57667
2297.61,2.57551
2298.75,2.57433
2299.9,2.57314
2301.04,2.57194
2302.18,2.57073
2303.32,2.5695
2304.46,2.56825
2305.6,2.56699
2306.73,2.56572
2307.86,2.56444
2308.99,2.56314
2310.12,2.56183
2311.24,2.5605
2312.36,2.55916
2313.48,2.55781
2314.6,2.55645
2315.72,2.55507
2316.83,2.55368
2317.94,2.55228
2319.05,2.55086
2320.16,2.54943
2321.27,2.54799
2322.37,2.54654
2323.47,2.54508
2324.57,2.5436
2325.66,2.54211
2326.76,2.54061
2327.85,2.5391
2328.94,2.53758
2330.03,2.53604
2331.11,2.53449
2332.2,2.53293
2333.28,2.53136
2334.35,2.52978
2335.43,2.52819
2336.5,2.52659
2337.58,2.52497
2338.65,2.52335
2339.71,2.52171
2340.78,2.52006
2341.84,2.51841
2342.9,2.51674
2343.96,2.51506
2345.01,2.51337
2346.07,2.51167
2347.12,2.50996
2348.17,2.50824
2349.21,2.50651
2350.26,2.50477
2351.3,2.50302
2352.34,2.50126
2353.37,2.49949
2354.41,2.49771
2355.44,2.49592
2356.47,2.49412
2357.5,2.49232
2358.52,2.4905
2359.54,2.48867
2360.56,2.48684
2361.58,2.48499
2362.6,2.48314
2363.61,2.48127
2364.62,2.4794
2365.63,2.47752
2366.64,2.47563
2367.64,2.47373
2368.64,2.47182
2369.64,2.46991
2370.63,2.46798
2371.63,2.46605
2372.62,2.46411
2373.61,2.46216
2374.59,2.4602
2375.58,2.45823
2376.56,2.45626
2377.54,2.45427
2378.52,2.45228
2379.49,2.45028
2380.46,2.44828
2381.43,2.44626
2382.4,2.44424
2383.36,2.44221
2384.32,2.44017
2385.28,2.43813
2386.24,2.43607
2387.19,2.43401
2388.14,2.43194
2389.09,2.42987
2390.04,2.42778
2390.98,2.42569
2391.93,2.4236
2392.87,2.42149
2393.8,2.41938
2394.74,2.41726
2395.67,2.41514
2396.6,2.413
2397.52,2.41086
2398.45,2.40872
2399.37,2.40656
2400.29,2.4044
2401.2,2.40224
2402.12,2.40006
2403.03,2.39788
2403.94,2.3957
2404.84,2.3935
2405.75,2.3913
2406.65,2.3891
2407.54,2.38689
2408.44,2.38467
2409.33,2.38244
2410.22,2.38021
2411.11,2.37798
2412,2.37573
2412.88,2.37348
2413.76,2.37123
2414.64,2.36897
2415.51,2.3667
2416.38,2.36443
2417.25,2.36215
2418.12,2.35986
2418.98,2.35757
2419.85,2.35528
2420.71,2.35298
2421.56,2.35067
2422.42,2.34836
2423.27,2.34604
2424.12,2.34371
2424.96,2.34138
2425.8,2.33905
2426.65,2.33671
2427.48,2.33436
2428.32,2.33201
2429.15,2.32966
2429.98,2.32729
2430.81,2.32493
2431.63,2.32256
2432.45,2.32018
2433.27,2.3178
2434.09,2.31541
2434.9,2.31302
2435.72,2.31062
2436.52,2.30822
2437.33,2.30581
2438.13,2.3034
2438.93,2.30098
2439.73,2.29856
2440.53,2.29614
2441.32,2.29371
2442.11,2.29127
2442.89,2.28883
2443.68,2.28639
2444.46,2.28394
2445.24,2.28148
2446.02,2.27902
2446.79,2.27656
2447.56,2.27409
2448.33,2.27162
2449.09,2.26915
2449.85,2.26666
2450.61,2.26418
2451.37,2.26169
2452.12,2.2592
2452.88,2.2567
2453.62,2.2542
2454.37,2.25169
2455.11,2.24918
2455.85,2.24667
2456.59,2.24415
2457.33,2.24162
2458.06,2.2391
2458.79,2.23657
2459.51,2.23403
2460.24,2.23149
2460.96,2.22895
2461.68,2.2264
2462.39,2.22385
2463.11,2.22129
2463.81,2.21874
2464.52,2.21617
2465.23,2.21361
2465.93,2.21104
2466.63,2.20846
2467.32,2.20588
2468.02,2.2033
2468.71,2.20072
2469.39,2.19813
2470.08,2.19554
2470.76,2.19294
2471.44,2.19034
2472.11,2.18774
2472.79,2.18513
2473.46,2.18252
2474.13,2.17991
2474.79,2.17729
2475.45,2.17467
2476.11,2.17204
2476.77,2.16941
2477.42,2.16678
2478.08,2.16414
2478.72,2.16151
2479.37,2.15886
2480.01,2.15622
2480.65,2.15357
2481.29,2.15092
2481.92,2.14826
2482.55,2.1456
2483.18,2.14294
2483.81,2.14028
2484.43,2.13761
2485.05,2.13493
2485.67,2.13226
2486.28,2.12958
2486.89,2.1269
2487.5,2.12421
2488.1,2.12153
2488.71,2.11884
2489.31,2.11614
2489.9,2.11344
2490.5,2.11074
2491.09,2.10804
2491.68,2.10533
2492.26,2.10262
2492.84,2.09991
2493.42,2.09719
2494,2.09447
2494.57,2.09175
2495.15,2.08903
2495.71,2.0863
2496.28,2.08357
2496.84,2.08084
2497.4,2.0781
2497.96,2.07536
2498.51,2.07262
2499.06,2.06987
2499.61,2.06712
2500.15,2.06437
2500.7,2.06161
2501.24,2.05886
2501.77,2.0561
2502.31,2.05333
2502.84,2.05057
2503.36,2.0478
2503.89,2.04503
2504.41,2.04225
2504.93,2.03947
2505.45,2.03669
2505.96,2.03391
2506.47,2.03112
2506.98,2.02833
2507.48,2.02554
2507.98,2.02275
2508.48,2.01995
2508.98,2.01715
2509.47,2.01435
2509.96,2.01154
2510.44,2.00874
2510.93,2.00592
2511.41,2.00311
2511.89,2.00029
2512.36,1.99747
2512.83,1.99465
2513.3,1.99183
2513.77,1.989
2514.23,1.98617
2514.69,1.98334
2515.15,1.9805
2515.61,1.97766
2516.06,1.97482
2516.51,1.97198
2516.95,1.96913
2517.39,1.96628
2517.83,1.96343
2518.27,1.96058
2518.71,1.95772
2519.14,1.95486
2519.56,1.952
2519.99,1.94913
2520.41,1.94627
2520.83,1.9434
2521.25,1.94052
2521.66,1.93765
2522.07,1.93477
2522.48,1.93189
2522.88,1.92901
2523.28,1.92612
2523.68,1.92323
2524.08,1.92034
2524.47,1.91744
2524.86,1.91455
2525.25,1.91165
2525.63,1.90875
2526.01,1.90584
2526.39,1.90293
2526.76,1.90002
2527.14,1.89711
2527.5,1.8942
2527.87,1.89128
2528.23,1.88836
2528.59,1.88543
2528.95,1.88251
2529.3,1.87958
2529.66,1.87665
2530,1.87372
2530.35,1.87078
2530.69,1.86784
2531.03,1.8649
2531.37,1.86195
2531.7,1.85901
2532.03,1.85606
2532.36,1.8531
2532.68,1.85015
2533,1.84719
2533.32,1.84423
2533.64,1.84127
2533.95,1.8383
2534.26,1.83533
2534.56,1.83236
2534.87,1.82939
2535.17,1.82641
2535.46,1.82343
2535.76,1.82045
2536.05,1.81747
2536.34,1.81448
2536.62,1.81149
2536.91,1.8085
2537.19,1.8055
2537.46,1.8025
2537.74,1.7995
2538.01,1.7965
2538.27,1.79349
2538.54,1.79048
2538.8,1.78747
2539.06,1.78446
2539.31,1.78144
2539.57,1.77842
2539.81,1.7754
2540.06,1.77237
2540.3,1.76934
2540.55,1.76631
2540.78,1.76328
2541.02,1.76024
2541.25,1.7572
2541.48,1.75416
2541.7,1.75112
2541.92,1.74807
2542.14,1.74502
2542.36,1.74196
2542.57,1.73891
2542.78,1.73585
2542.99,1.73279
2543.2,1.72972
2543.4,1.72665
2543.59,1.72358
2543.79,1.72051
2543.98,1.71743
2544.17,1.71435
2544.36,1.71127
2544.54,1.70819
2544.72,1.7051
2544.9,1.70201
2545.07,1.69891
2545.24,1.69581
2545.41,1.69271
2545.58,1.68961
2545.74,1.68651
2545.9,1.6834
2546.05,1.68028
2546.21,1.67717
2546.36,1.67405
2546.5,1.67093
2546.65,1.66781
2546.79,1.66468
2546.93,1.66155
2547.06,1.65841
2547.19,1.65528
2547.32,1.65214
2547.45,1.649
2547.57,1.64585
2547.69,1.6427
2547.81,1.63955
2547.92,1.63639
2548.03,1.63324
2548.14,1.63007
2548.25,1.62691
2548.35,1.62374
2548.45,1.62057
2548.54,1.6174
2548.63,1.61422
2548.72,1.61104
2548.81,1.60785
2548.89,1.60467
2548.97,1.60148
2549.05,1.59828
2549.13,1.59508
2549.2,1.59188
2549.27,1.58868
2549.33,1.58547
2549.39,1.58226
2549.45,1.57905
2549.51,1.57583
2549.56,1.57261
2549.61,1.56939
2549.66,1.56616
2549.71,1.56293
2549.75,1.55969
2549.78,1.55646
2549.82,1.55321
2549.85,1.54997
2549.88,1.54672
2549.91,1.54347
2549.93,1.54021
2549.95,1.53695
2549.97,1.53369
2549.98,1.53042
2549.99,1.52715
2550,1.52388
2550,1.5206
2550.01,1.51732
2550.01,1.51404
2550,1.51075
2549.99,1.50986
2549.98,1.51316
2549.97,1.51647
2549.95,1.51977
2549.93,1.52306
2549.91,1.52636
2549.89,1.52965
2549.86,1.53293
2549.83,1.53621
2549.79,1.53949
2549.76,1.54277
2549.72,1.54604
2549.67,1.54931
2549.62,1.55258
2549.58,1.55584
2549.52,1.5591
2549.47,1.56235
2549.41,1.5656
2549.35,1.56885
2549.28,1.5721
2549.21,1.57534
2549.14,1.57858
2549.07,1.58181
2548.99,1.58505
2548.91,1.58828
2548.83,1.5915
2548.74,1.59472
2548.66,1.59794
2548.56,1.60116
2548.47,1.60437
2548.37,1.60758
2548.27,1.61079
2548.17,1.61399
2548.06,1.61719
2547.95,1.62039
2547.84,1.62358
2547.72,1.62677
2547.6,1.62996
2547.48,1.63315
2547.35,1.63633
2547.22,1.63951
2547.09,1.64268
2546.96,1.64585
2546.82,1.64902
2546.68,1.65219
2546.54,1.65535
2546.39,1.65851
2546.24,1.66167
2546.09,1.66483
2545.93,1.66798
2545.78,1.67113
2545.61,1.67427
2545.45,1.67741
2545.28,1.68055
2545.11,1.68369
2544.94,1.68682
2544.76,1.68996
2544.58,1.69308
2544.4,1.69621
2544.21,1.69933
2544.03,1.70245
2543.83,1.70557
2543.64,1.70868
2543.44,1.71179
2543.24,1.7149
2543.04,1.71801
2542.83,1.72111
2542.62,1.72421
2542.41,1.7273
2542.19,1.7304
2541.98,1.73349
2541.75,1.73658
2541.53,1.73966
2541.3,1.74275
2541.07,1.74583
2540.84,1.7489
2540.6,1.75198
2540.36,1.75505
2540.12,1.75812
2539.87,1.76119
2539.62,1.76425
2539.37,1.76731
2539.12,1.77037
2538.86,1.77343
2538.6,1.77648
2538.33,1.77953
2538.07,1.78258
2537.8,1.78562
2537.53,1.78866
2537.25,1.7917
2536.97,1.79474
2536.69,1.79778
2536.41,1.80081
2536.12,1.80384
2535.83,1.80686
2535.53,1.80989
2535.24,1.81291
2534.94,1.81593
2534.63,1.81894
2534.33,1.82196
2534.02,1.82497
2533.71,1.82797
2533.39,1.83098
2533.08,1.83398
2532.76,1.83698
2532.43,1.83998
2532.11,1.84298
2531.78,1.84597
2531.44,1.84896
2531.11,1.85195
2530.77,1.85493
2530.43,1.85791
2530.08,1.86089
2529.74,1.86387
2529.39,1.86684
2529.03,1.86981
2528.68,1.87278
2528.32,1.87575
2527.95,1.87871
2527.59,1.88168
2527.22,1.88463
2526.85,1.88759
2526.48,1.89054
2526.1,1.8935
2525.72,1.89644
2525.34,1.89939
2524.95,1.90233
2524.56,1.90527
2524.17,1.90821
2523.77,1.91115
2523.38,1.91408
2522.98,1.91701
2522.57,1.91994
2522.17,1.92287
2521.76,1.92579
2521.34,1.92871
2520.93,1.93163
2520.51,1.93454
2520.09,1.93745
2519.66,1.94036
2519.24,1.94327
2518.81,1.94618
2518.37,1.94908
2517.94,1.95198
2517.5,1.95488
2517.05,1.95777
2516.61,1.96066
2516.16,1.96355
2515.71,1.96644
2515.26,1.96932
2514.8,1.9722
2514.34,1.97508
2513.88,1.97796
2513.41,1.98083
2512.94,1.9837
2512.47,1.98657
2512,1.98944
2511.52,1.9923
2511.04,1.99516
2510.56,1.99802
2510.07,2.00087
2509.58,2.00372
2509.09,2.00657
2508.59,2.00942
2508.1,2.01226
2507.6,2.01511
2507.09,2.01794
2506.59,2.02078
2506.08,2.02361
2505.56,2.02644
2505.05,2.02927
2504.53,2.0321
2504.01,2.03492
2503.49,2.03774
2502.96,2.04056
2502.43,2.04337
2501.9,2.04618
2501.36,2.04899
2500.82,2.0518
2500.28,2.0546
2499.74,2.0574
2499.19,2.0602
2498.64,2.06299
2498.09,2.06578
2497.53,2.06857
2496.97,2.07136
2496.41,2.07414
2495.85,2.07692
2495.28,2.0797
2494.71,2.08247
2494.13,2.08524
2493.56,2.08801
2492.98,2.09078
2492.4,2.09354
2491.81,2.0963
2491.23,2.09906
2490.63,2.10181
2490.04,2.10456
2489.45,2.10731
2488.85,2.11005
2488.24,2.1128
2487.64,2.11553
2487.03,2.11827
2486.42,2.121
2485.81,2.12373
2485.19,2.12646
2484.57,2.12918
2483.95,2.1319
2483.33,2.13462
2482.7,2.13733
2482.07,2.14004
2481.43,2.14275
2480.8,2.14545
2480.16,2.14815
2479.52,2.15085
2478.87,2.15354
2478.23,2.15623
2477.58,2.15892
2476.92,2.16161
2476.27,2.16429
2475.61,2.16696
2474.95,2.16964
2474.28,2.17231
2473.62,2.17498
2472.94,2.17764
2472.27,2.1803
2471.6,2.18296
2470.92,2.18561
2470.24,2.18826
2469.55,2.19091
2468.87,2.19355
2468.18,2.19619
2467.48,2.19882
2466.79,2.20146
2466.09,2.20408
2465.39,2.20671
2464.69,2.20933
2463.98,2.21195
2463.27,2.21456
2462.56,2.21717
2461.84,2.21978
2461.13,2.22238
2460.41,2.22498
2459.68,2.22757
2458.96,2.23016
2458.23,2.23275
2457.5,2.23533
2456.76,2.23791
2456.03,2.24048
2455.29,2.24305
2454.54,2.24562
2453.8,2.24818
2453.05,2.25074
2452.3,2.2533
2451.55,2.25585
2450.79,2.25839
2450.03,2.26094
2449.27,2.26347
2448.5,2.26601
2447.74,2.26854
2446.97,2.27106
2446.19,2.27358
2445.42,2.2761
2444.64,2.27861
2443.86,2.28112
2443.08,2.28362
2442.29,2.28612
2441.5,2.28861
2440.71,2.2911
2439.92,2.29359
2439.12,2.29607
2438.32,2.29854
2437.52,2.30101
2436.71,2.30348
2435.9,2.30594
2435.09,2.3084
2434.28,2.31085
2433.46,2.31329
2432.65,2.31574
2431.82,2.31817
2431,2.32061
2430.17,2.32303
2429.34,2.32545
2428.51,2.32787
2427.68,2.33028
2426.84,2.33269
2426,2.33509
2425.16,2.33749
2424.31,2.33988
2423.46,2.34226
2422.61,2.34464
2421.76,2.34702
2420.9,2.34939
2420.05,2.35175
2419.19,2.35411
2418.32,2.35646
2417.46,2.35881
2416.59,2.36115
2415.71,2.36349
2414.84,2.36582
2413.96,2.36814
2413.08,2.37046
2412.2,2.37277
2411.32,2.37508
2410.43,2.37738
2409.54,2.37968
2408.65,2.38197
2407.75,2.38425
2406.86,2.38653
2405.95,2.3888
2405.05,2.39106
2404.15,2.39332
2403.24,2.39557
2402.33,2.39782
2401.42,2.40005
2400.5,2.40229
2399.58,2.40451
2398.66,2.40673
2397.74,2.40895
2396.81,2.41115
2395.88,2.41335
2394.95,2.41554
2394.02,2.41773
2393.08,2.41991
2392.14,2.42208
2391.2,2.42424
2390.26,2.4264
2389.31,2.42855
2388.36,2.4307
2387.41,2.43283
2386.46,2.43496
2385.5,2.43708
2384.55,2.4392
2383.58,2.44131
2382.62,2.4434
2381.65,2.4455
2380.69,2.44758
2379.72,2.44966
2378.74,2.45173
2377.77,2.45379
2376.79,2.45584
2375.81,2.45788
2374.82,2.45992
2373.84,2.46195
2372.85,2.46397
2371.86,2.46598
2370.87,2.46799
2369.87,2.46999
2368.87,2.47197
2367.87,2.47395
2366.87,2.47592
2365.86,2.47789
2364.86,2.47984
2363.85,2.48178
2362.83,2.48372
2361.82,2.48565
2360.8,2.48757
2359.78,2.48948
2358.76,2.49138
2357.73,2.49327
2356.71,2.49515
2355.68,2.49702
2354.65,2.49888
2353.61,2.50074
2352.58,2.50258
2351.54,2.50442
2350.5,2.50624
2349.45,2.50806
2348.41,2.50986
2347.36,2.51166
2346.31,2.51344
2345.26,2.51522
2344.2,2.51698
2343.15,2.51874
2342.09,2.52048
2341.02,2.52222
2339.96,2.52394
2338.89,2.52566
2337.82,2.52736
2336.75,2.52905
2335.68,2.53073
2334.6,2.5324
2333.53,2.53406
2332.45,2.53571
2331.36,2.53735
2330.28,2.53898
2329.19,2.54059
2328.1,2.54219
2327.01,2.54379
2325.92,2.54537
2324.82,2.54693
2323.72,2.54849
2322.62,2.55004
2321.52,2.55157
2320.42,2.55309
2319.31,2.5546
2318.2,2.5561
2317.09,2.55758
2315.98,2.55905
2314.86,2.56051
2313.74,2.56196
2312.62,2.56339
2311.5,2.56481
2310.38,2.56622
2309.25,2.56762
2308.12,2.569
2306.99,2.57037
2305.86,2.57172
2304.72,2.57306
2303.59,2.57439
2302.45,2.57571
2301.31,2.57701
2300.16,2.5783
2299.02,2.57957
2297.87,2.58083
2296.72,2.58207
2295.57,2.5833
2294.42,2.58452
2293.26,2.58572
2292.1,2.58691
2290.94,2.58808
2289.78,2.58924
2288.62,2.59038
2287.45,2.59151
2286.28,2.59262
2285.11,2.59372
2283.94,2.5948
2282.77,2.59587
2281.59,2.59692
2280.41,2.59795
2279.23,2.59897
2278.05,2.59997
2276.87,2.60096
2275.68,2.60193
2274.49,2.60288
2273.3,2.60382
2272.11,2.60474
2270.92,2.60564
2269.72,2.60653
2268.53,2.6074
2267.33,2.60825
2266.13,2.60909
2264.92,2.60991
2263.72,2.61071
2262.51,2.61149
2261.3,2.61225
2260.09,2.613
2258.88,2.61373
2257.66,2.61444
2256.45,2.61513
2255.23,2.6158
2254.01,2.61646
2252.79,2.61709
2251.56,2.61771
2250.34,2.61831
2249.11,2.61889
2247.88,2.61945
2246.65,2.61999
2245.42,2.62051
2244.19,2.62101
2242.95,2.62149
2241.71,2.62195
2240.47,2.62239
2239.23,2.62281
2237.99,2.62321
2236.74,2.62358
2235.5,2.62394
2234.25,2.62428
2233,2.62459
2231.75,2.62489
2230.5,2.62516
2229.24,2.62541
2227.98,2.62564
2226.73,2.62585
2225.47,2.62603
2224.2,2.62619
2222.94,2.62634
2221.68,2.62645
2220.41,2.62655
2219.14,2.62662
2217.87,2.62667
2216.6,2.62669
2215.33,2.6267
2214.06,2.62667
2212.78,2.62663
2211.5,2.62656
2210.22,2.62647
2208.94,2.62635
2207.66,2.62621
2206.38,2.62604
2205.09,2.62585
2203.81,2.62563
2202.52,2.62539
2201.23,2.62512
2199.94,2.62483
2198.65,2.62451
2197.35,2.62417
2196.06,2.6238
2194.76,2.6234
2193.46,2.62298
2192.16,2.62253
2190.86,2.62205
2189.56,2.62155
2188.26,2.62102
2186.95,2.62046
2185.65,2.61987
2184.34,2.61926
2183.03,2.61862
2181.72,2.61795
2180.41,2.61725
2179.09,2.61653
2177.78,2.61577
2176.46,2.61499
2175.15,2.61417
2173.83,2.61333
2172.51,2.61246
2171.19,2.61156
2169.87,2.61062
2168.54,2.60966
2167.22,2.60867
2165.89,2.60765
2164.57,2.60659
2163.24,2.60551
2161.91,2.60439
2160.58,2.60324
2159.25,2.60206
2157.92,2.60085
2156.58,2.59961
2155.25,2.59833
2153.91,2.59703
2152.58,2.59568
2151.24,2.59431
2149.9,2.5929
2148.56,2.59146
2147.22,2.58999
2145.87,2.58848
2144.53,2.58694
2143.19,2.58536
2141.84,2.58375
2140.5,2.58211
2139.15,2.58043
2137.8,2.57871
2136.45,2.57696
2135.1,2.57518
2133.75,2.57335
2132.4,2.5715
2131.04,2.5696
2129.69,2.56767
2128.34,2.5657
2126.98,2.5637
2125.62,2.56165
2124.27,2.55958
2122.91,2.55746
2121.55,2.5553
2120.19,2.55311
2118.83,2.55088
2117.47,2.54861
2116.11,2.5463
2114.74,2.54395
2113.38,2.54156
2112.02,2.53913
2110.65,2.53666
2109.28,2.53415
2107.92,2.5316
2106.55,2.52901
2105.18,2.52638
2103.81,2.52371
2102.45,2.521
2101.08,2.51824
2099.71,2.51544
2098.33,2.51261
2096.96,2.50972
2095.59,2.5068
2094.22,2.50383
2092.85,2.50082
2091.47,2.49777
2090.1,2.49467
2088.72,2.49153
2087.35,2.48834
2085.97,2.48511
2084.59,2.48183
2083.22,2.47851
2081.84,2.47515
2080.46,2.47174
2079.09,2.46828
2077.71,2.46477
2076.33,2.46122
2074.95,2.45763
2073.57,2.45398
2072.19,2.45029
2070.81,2.44655
2069.43,2.44277
2068.05,2.43893
2066.67,2.43505
2065.29,2.43112
2063.91,2.42714
2062.52,2.42311
2061.14,2.41903
2059.76,2.4149
2058.38,2.41072
2056.99,2.40649
2055.61,2.40221
2054.23,2.39788
2052.85,2.3935
2051.46,2.38907
2050.08,2.38458
2048.7,2.38005
2047.31,2.37546
2045.93,2.37082
2044.55,2.36612
2043.16,2.36138
2041.78,2.35658
2040.4,2.36096
2039.01,2.37221
2037.63,2.38346
2036.25,2.39473
2034.86,2.40601
2033.48,2.4173
2032.1,2.4286
2030.72,2.43991
2029.33,2.45123
2027.95,2.46256
2026.57,2.4739
2025.19,2.48524
2023.81,2.4966
2022.42,2.50797
2021.04,2.51934
2019.66,2.53072
2018.28,2.54212
2016.9,2.55351
2015.52,2.56492
2014.14,2.57634
2012.76,2.58776
2011.38,2.59918
2010,2.61062
2008.62,2.62206
2007.25,2.63351
2005.87,2.64496
2004.49,2.65642
2003.12,2.66788
2001.74,2.67935
2000.36,2.69082
1998.99,2.70229
1997.62,2.71378
1996.24,2.72526
1994.87,2.73675
1993.5,2.74824
1992.12,2.75973
1990.75,2.77123
1989.38,2.78272
1988.01,2.79422
1986.64,2.80572
1985.27,2.81722
1983.91,2.82873
1982.54,2.84023
1981.17,2.85173
1979.81,2.86323
1978.44,2.87474
1977.08,2.88624
1975.72,2.89774
1974.35,2.90923
1972.99,2.92073
1971.63,2.93222
1970.27,2.94371
1968.91,2.9552
1967.56,2.96668
1966.2,2.97816
1964.84,2.98964
1963.49,3.00111
1962.14,3.01257
1960.78,3.02403
1959.43,3.03548
1958.08,3.04693
1956.73,3.05837
1955.39,3.0698
1954.04,3.08123
1952.69,3.09265
1951.35,3.10405
1950.01,3.11545
1948.66,3.12684
1947.32,3.13822
1945.98,3.14959
1944.65,3.16095
1943.31,3.1723
1941.97,3.18364
1940.64,3.19496
1939.31,3.20627
1937.98,3.21757
1936.65,3.22886
1935.32,3.24013
1933.99,3.25138
1932.67,3.26263
1931.34,3.27385
1930.02,3.28506
1928.7,3.29626
1927.38,3.30743
1926.06,3.31859
1924.75,3.32973
1923.43,3.34086
1922.12,3.35196
1920.81,3.36304
1919.5,3.37411
1918.19,3.38515
1916.89,3.39617
1915.59,3.40717
1914.28,3.41815
1912.98,3.42911
1911.68,3.44004
1910.39,3.45095
1909.09,3.46183
1907.8,3.47269
1906.51,3.48352
1905.22,3.49433
1903.93,3.50511
1902.65,3.51586
1901.37,3.52659
1900.09,3.53728
1898.81,3.54795
1897.53,3.55859
1896.26,3.56919
1894.98,3.57977
1893.71,3.59031
1892.45,3.60083
1891.18,3.61131
1889.92,3.62175
1888.66,3.63216
1887.4,3.64254
1886.14,3.65288
1884.89,3.66319
1883.63,3.67346
1882.38,3.68369
1881.14,3.69389
1879.89,3.70404
1878.65,3.71416
1877.41,3.72424
1876.17,3.73428
1874.94,3.74427
1873.71,3.75423
1872.48,3.76414
1871.25,3.77401
1870.02,3.78383
1868.8,3.79361
1867.58,3.80334
1866.37,3.81303
1865.15,3.82268
1863.94,3.83227
1862.73,3.84182
1861.53,3.85132
1860.32,3.86077
1859.12,3.87016
1857.93,3.87951
1856.73,3.88881
1855.54,3.89805
1854.35,3.90724
1853.16,3.91638
1851.98,3.92547
1850.8,3.93449
1849.63,3.94347
1848.45,3.95238
1847.28,3.96124
1846.11,3.97004
1844.95,3.97878
1843.79,3.98746
1842.63,3.99608
1841.47,4.00464
1840.32,4.01314
1839.17,4.02158
1838.03,4.02995
1836.89,4.03826
1835.75,4.0465
1834.61,4.05468
1833.48,4.06279
1832.35,4.07084
1831.23,4.07881
1830.1,4.08672
1828.99,4.09456
1827.87,4.10233
1826.76,4.11003
1825.65,4.11765
1824.55,4.1252
1823.45,4.13268
1822.35,4.14009
1821.26,4.14742
1820.17,4.15468
1819.08,4.16186
1818,4.16896
1816.92,4.17598
1815.84,4.18293
1814.77,4.18979
1813.7,4.19658
1812.64,4.20328
1811.58,4.2099
1810.52,4.21644
1809.47,4.2229
1808.42,4.22927
1807.38,4.23556
1806.34,4.24176
1805.3,4.24787
1804.27,4.2539
1803.24,4.25984
1802.22,4.26569
1801.2,4.27145
1800.18,4.27712
1799.17,4.2827
1798.16,4.28819
1797.16,4.29358
1796.16,4.29888
1795.16,4.30409
1794.17,4.3092
1793.19,4.31421
1792.2,4.31913
1791.23,4.32395
1790.25,4.32868
1789.28,4.3333
1788.32,4.33782
1787.36,4.34225
1786.4,4.34657
1785.45,4.35079
1784.5,4.35491
1783.56,4.35893
1782.62,4.36284
1781.69,4.36664
1780.76,4.37034
1779.84,4.37394
1778.92,4.37743
1778,4.38081
1777.09,4.38408
1776.19,4.38724
1775.28,4.39029
1774.39,4.39323
1773.5,4.39606
1772.61,4.39878
1771.73,4.40139
1770.85,4.40388
1769.98,4.40625
1769.11,4.40852
1768.25,4.41067
1767.39,4.4127
1766.54,4.41461
1765.69,4.41641
1764.85,4.41809
1764.01,4.41965
1763.18,4.42109
1762.35,4.42241
1761.53,4.42361
1760.71,4.42469
1759.9,4.42565
1759.1,4.42648
1758.29,4.42719
1757.5,4.42778
1756.71,4.42824
1755.92,4.42858
1755.14,4.4288
1754.36,4.42888
1753.59,4.42884
1752.83,4.42868
1752.07,4.42838
1751.32,4.42796
1750.57,4.42741
1749.82,4.42673
1749.09,4.42592
1748.35,4.42498
1747.63,4.42391
1746.91,4.42271
1746.19,4.42138
1745.48,4.41991
1744.77,4.41831
1744.08,4.41658
1743.38,4.41472
1742.69,4.41272
1742.01,4.41059
1741.33,4.40832
1740.66,4.40592
1740,4.40338
1739.34,4.40071
1738.68,4.39789
1738.04,4.39495
1737.39,4.39186
1736.76,4.38864
1736.13,4.38528
1735.5,4.38179
1734.88,4.37815
1734.27,4.37438
1733.66,4.37046
1733.06,4.36641
1732.46,4.36222
1731.87,4.35789
1731.29,4.35342
1730.71,4.3488
1730.14,4.34405
1729.57,4.33916
1729.01,4.33413
1728.46,4.32895
1727.91,4.32364
1727.37,4.31818
1726.84,4.31258
1726.31,4.30684
1725.78,4.30096
1725.26,4.29494
1724.75,4.28877
1724.25,4.28247
1723.75,4.27602
1723.26,4.26943
1722.77,4.26269
1722.29,4.25582
1721.82,4.2488
1721.35,4.24164
1720.89,4.23434
1720.43,4.22689
1719.98,4.21931
1719.54,4.21158
1719.1,4.20371
1718.67,4.19569
1718.25,4.18754
1717.83,4.17924
1717.42,4.1708
1717.02,4.16222
1716.62,4.1535
1716.23,4.14464
1715.84,4.13564
1715.46,4.12649
1715.09,4.11721
1714.72,4.10778
1714.36,4.09822
1714.01,4.08851
1713.66,4.07866
1713.32,4.06868
1712.99,4.05855
1712.66,4.04829
1712.34,4.03789
1712.03,4.02735
1711.72,4.01667
1711.42,4.00585
1711.12,3.9949
1710.84,3.98381
1710.55,3.97258
1710.28,3.96121
1710.01,3.94972
1709.75,3.93808
1709.49,3.92631
1709.25,3.91441
1709,3.90237
1708.77,3.89019
1708.54,3.87789
1708.32,3.86545
1708.1,3.85288
1707.9,3.84018
1707.69,3.82735
1707.5,3.81439
1707.31,3.8013
1707.13,3.78807
1706.95,3.77472
1706.79,3.76125
1706.62,3.74764
1706.47,3.73391
1706.32,3.72005
1706.18,3.70607
1706.04,3.69196
1705.92,3.67773
1705.8,3.66337
1705.68,3.64889
1705.57,3.63429
1705.47,3.61957
1705.38,3.60473
1705.29,3.58977
1705.21,3.57469
1705.14,3.55949
1705.07,3.54418
1705.01,3.52874
1704.95,3.5132
1704.91,3.49753
1704.87,3.48176
1704.83,3.46587
1704.81,3.44986
1704.79,3.43375
1704.77,3.41753
1704.77,3.40119
1704.77,3.38475
1704.78,3.38273
1704.79,3.39912
1704.81,3.41541
1704.84,3.43158
1704.87,3.44764
1704.91,3.46359
1704.96,3.47943
1705.02,3.49516
1705.08,3.51076
1705.15,3.52626
1705.22,3.54164
1705.3,3.5569
1705.39,3.57204
1705.49,3.58706
1705.59,3.60197
1705.7,3.61675
1705.81,3.63141
1705.93,3.64595
1706.06,3.66037
1706.2,3.67467
1706.34,3.68884
1706.49,3.70289
1706.65,3.71681
1706.81,3.73061
1706.98,3.74428
1707.15,3.75782
1707.34,3.77123
1707.53,3.78452
1707.72,3.79768
1707.92,3.8107
1708.13,3.8236
1708.35,3.83637
1708.57,3.849
1708.8,3.86151
1709.04,3.87388
1709.28,3.88612
1709.53,3.89822
1709.78,3.91019
1710.05,3.92203
1710.32,3.93373
1710.59,3.9453
1710.87,3.95673
1711.16,3.96803
1711.46,3.97918
1711.76,3.99021
1712.07,4.00109
1712.38,4.01184
1712.71,4.02245
1713.03,4.03292
1713.37,4.04325
1713.71,4.05345
1714.06,4.06351
1714.41,4.07342
1714.77,4.0832
1715.14,4.09284
1715.51,4.10233
1715.89,4.11169
1716.28,4.12091
1716.67,4.12998
1717.07,4.13892
1717.48,4.14771
1717.89,4.15636
1718.31,4.16487
1718.73,4.17324
1719.16,4.18147
1719.6,4.18956
1720.04,4.1975
1720.49,4.2053
1720.95,4.21297
1721.41,4.22048
1721.88,4.22786
1722.35,4.2351
1722.84,4.24219
1723.32,4.24914
1723.82,4.25595
1724.32,4.26262
1724.82,4.26915
1725.33,4.27553
1725.85,4.28177
1726.38,4.28787
1726.91,4.29383
1727.44,4.29965
1727.99,4.30533
1728.54,4.31086
1729.09,4.31626
1729.65,4.32151
1730.22,4.32662
1730.79,4.33159
1731.37,4.33643
1731.95,4.34112
1732.54,4.34567
1733.14,4.35008
1733.74,4.35436
1734.35,4.35849
1734.97,4.36249
1735.59,4.36634
1736.21,4.37006
1736.84,4.37364
1737.48,4.37708
1738.12,4.38039
1738.77,4.38356
1739.43,4.38659
1740.09,4.38948
1740.75,4.39224
1741.43,4.39487
1742.1,4.39735
1742.79,4.39971
1743.48,4.40193
1744.17,4.40401
1744.87,4.40596
1745.58,4.40778
1746.29,4.40946
1747,4.41102
1747.73,4.41244
1748.45,4.41373
1749.19,4.41489
1749.93,4.41591
1750.67,4.41681
1751.42,4.41758
1752.17,4.41822
1752.93,4.41873
1753.7,4.41912
1754.47,4.41937
1755.25,4.4195
1756.03,4.4195
1756.81,4.41938
1757.61,4.41913
1758.4,4.41876
1759.21,4.41827
1760.01,4.41765
1760.83,4.4169
1761.64,4.41604
1762.47,4.41505
1763.29,4.41395
1764.13,4.41272
1764.97,4.41137
1765.81,4.4099
1766.66,4.40832
1767.51,4.40662
1768.37,4.4048
1769.23,4.40286
1770.1,4.40081
1770.97,4.39864
1771.85,4.39636
1772.73,4.39396
1773.62,4.39145
1774.51,4.38883
1775.41,4.3861
1776.31,4.38326
1777.21,4.3803
1778.13,4.37724
1779.04,4.37406
1779.96,4.37078
1780.89,4.36739
1781.82,4.3639
1782.75,4.36029
1783.69,4.35659
1784.63,4.35277
1785.58,4.34886
1786.53,4.34484
1787.49,4.34072
1788.45,4.33649
1789.42,4.33217
1790.39,4.32774
1791.36,4.32322
1792.34,4.31859
1793.32,4.31387
1794.31,4.30906
1795.3,4.30414
1796.3,4.29913
1797.3,4.29402
1798.3,4.28882
1799.31,4.28353
1800.32,4.27815
1801.34,4.27267
1802.36,4.2671
1803.38,4.26144
1804.41,4.25569
1805.44,4.24986
1806.48,4.24393
1807.52,4.23792
1808.57,4.23182
1809.62,4.22564
1810.67,4.21937
1811.73,4.21301
1812.79,4.20658
1813.85,4.20006
1814.92,4.19346
1815.99,4.18678
1817.07,4.18001
1818.14,4.17317
1819.23,4.16625
1820.31,4.15925
1821.41,4.15218
1822.5,4.14503
1823.6,4.1378
1824.7,4.1305
1825.8,4.12312
1826.91,4.11567
1828.02,4.10815
1829.14,4.10055
1830.26,4.09289
1831.38,4.08515
1832.51,4.07735
1833.64,4.06948
1834.77,4.06154
1835.9,4.05353
1837.04,4.04546
1838.19,4.03732
1839.33,4.02911
1840.48,4.02084
1841.63,4.01251
1842.79,4.00412
1843.95,3.99566
1845.11,3.98714
1846.27,3.97856
1847.44,3.96993
1848.61,3.96123
1849.79,3.95248
1850.96,3.94366
1852.14,3.9348
1853.33,3.92587
1854.51,3.91689
1855.7,3.90786
1856.89,3.89877
1858.09,3.88963
1859.29,3.88044
1860.49,3.87119
1861.69,3.86189
1862.9,3.85255
1864.11,3.84315
1865.32,3.83371
1866.53,3.82422
1867.75,3.81468
1868.97,3.80509
1870.19,3.79546
1871.42,3.78578
1872.64,3.77606
1873.87,3.76629
1875.11,3.75648
1876.34,3.74663
1877.58,3.73674
1878.82,3.7268
1880.06,3.71683
1881.31,3.70681
1882.56,3.69676
1883.81,3.68666
1885.06,3.67653
1886.31,3.66636
1887.57,3.65616
1888.83,3.64591
1890.09,3.63564
1891.35,3.62532
1892.62,3.61498
1893.89,3.6046
1895.16,3.59419
1896.43,3.58374
1897.71,3.57326
1898.98,3.56276
1900.26,3.55222
1901.54,3.54165
1902.83,3.53105
1904.11,3.52043
1905.4,3.50977
1906.69,3.49909
1907.98,3.48838
1909.27,3.47765
1910.57,3.46688
1911.86,3.4561
1913.16,3.44529
1914.46,3.43445
1915.76,3.42359
1917.07,3.41271
1918.37,3.40181
1919.68,3.39088
1920.99,3.37993
1922.3,3.36896
1923.61,3.35797
1924.93,3.34697
1926.24,3.33594
1927.56,3.32489
1928.88,3.31383
1930.2,3.30274
1931.52,3.29164
1932.85,3.28053
1934.17,3.26939
1935.5,3.25825
1936.83,3.24708
1938.16,3.2359
1939.49,3.22471
1940.82,3.2135
1942.16,3.20228
1943.49,3.19105
1944.83,3.1798
1946.17,3.16855
1947.51,3.15728
1948.85,3.146
1950.19,3.13471
1951.53,3.12341
1952.88,3.1121
1954.22,3.10078
1955.57,3.08945
1956.92,3.07811
1958.27,3.06677
1959.62,3.05542
1960.97,3.04406
1962.32,3.03269
1963.68,3.02132
1965.03,3.00994
1966.39,2.99856
1967.74,2.98717
1969.1,2.97577
1970.46,2.96437
1971.82,2.95297
1973.18,2.94157
1974.54,2.93016
1975.9,2.91875
1977.27,2.90733
1978.63,2.89592
1979.99,2.8845
1981.36,2.87308
1982.73,2.86166
1984.09,2.85024
1985.46,2.83882
1986.83,2.8274
1988.2,2.81598
1989.57,2.80456
1990.94,2.79314
1992.31,2.78172
1993.68,2.77031
1995.06,2.75889
1996.43,2.74748
1997.8,2.73607
1999.18,2.72467
2000.55,2.71326
2001.93,2.70187
2003.3,2.69047
2004.68,2.67908
2006.06,2.66769
2007.44,2.65631
2008.81,2.64494
2010.19,2.63357
2011.57,2.6222
2012.95,2.61084
2014.33,2.59949
2015.71,2.58814
2017.09,2.5768
2018.47,2.56547
2019.85,2.55414
2021.23,2.54282
2022.61,2.53151
2023.99,2.52021
2025.38,2.50892
2026.76,2.49763
2028.14,2.48635
2029.52,2.47508
2030.9,2.46383
2032.29,2.45258
2033.67,2.44134
2035.05,2.43011
2036.44,2.41889
2037.82,2.40768
2039.2,2.39648
2040.59,2.38529
2041.97,2.37411
2043.35,2.36295
2044.74,2.35179
2046.12,2.34573
2047.5,2.35048
2048.89,2.35519
2050.27,2.35984
2051.65,2.36444
2053.03,2.36899
2054.42,2.37349
2055.8,2.37793
2057.18,2.38233
2058.57,2.38667
2059.95,2.39097
2061.33,2.39521
2062.71,2.3994
2064.09,2.40355
2065.47,2.40764
2066.86,2.41169
2068.24,2.41569
2069.62,2.41964
2071,2.42354
2072.38,2.42739
2073.76,2.43119
2075.14,2.43495
2076.52,2.43866
2077.89,2.44233
2079.27,2.44594
2080.65,2.44951
2082.03,2.45304
2083.41,2.45652
2084.78,2.45995
2086.16,2.46334
2087.53,2.46668
2088.91,2.46998
2090.28,2.47324
2091.66,2.47645
2093.03,2.47961
2094.4,2.48274
2095.78,2.48582
2097.15,2.48885
2098.52,2.49184
2099.89,2.49479
2101.26,2.4977
2102.63,2.50057
2104,2.50339
2105.37,2.50617
2106.74,2.50892
2108.1,2.51162
2109.47,2.51427
2110.84,2.51689
2112.2,2.51947
2113.57,2.52201
2114.93,2.52451
2116.29,2.52697
2117.65,2.52938
2119.01,2.53176
2120.37,2.5341
2121.73,2.53641
2123.09,2.53867
2124.45,2.5409
2125.81,2.54308
2127.16,2.54523
2128.52,2.54735
2129.87,2.54942
2131.23,2.55146
2132.58,2.55346
2133.93,2.55543
2135.28,2.55736
2136.63,2.55925
2137.98,2.56111
2139.33,2.56293
2140.68,2.56471
2142.02,2.56646
2143.37,2.56818
2144.71,2.56986
2146.06,2.57151
2147.4,2.57312
2148.74,2.5747
2150.08,2.57624
2151.42,2.57775
2152.76,2.57923
2154.09,2.58068
2155.43,2.58209
2156.76,2.58347
2158.1,2.58481
2159.43,2.58613
2160.76,2.58741
2162.09,2.58866
2163.42,2.58988
2164.75,2.59107
2166.07,2.59222
2167.4,2.59335
2168.72,2.59444
2170.05,2.59551
2171.37,2.59654
2172.69,2.59754
2174.01,2.59852
2175.33,2.59946
2176.64,2.60037
2177.96,2.60126
2179.27,2.60211
2180.58,2.60294
2181.9,2.60374
2183.21,2.60451
2184.52,2.60525
2185.82,2.60596
2187.13,2.60664
2188.43,2.6073
2189.74,2.60793
2191.04,2.60853
2192.34,2.60911
2193.64,2.60965
2194.94,2.61017
2196.23,2.61067
2197.53,2.61114
2198.82,2.61158
2200.11,2.61199
2201.4,2.61238
2202.69,2.61274
2203.98,2.61308
2205.27,2.61339
2206.55,2.61368
2207.84,2.61394
2209.12,2.61418
2210.4,2.61439
2211.68,2.61458
2212.95,2.61475
2214.23,2.61489
2215.5,2.615
2216.78,2.61509
2218.05,2.61516
2219.32,2.61521
2220.58,2.61523
2221.85,2.61523
2223.11,2.6152
2224.38,2.61515
2225.64,2.61509
2226.9,2.61499
2228.15,2.61488
2229.41,2.61474
2230.67,2.61458
2231.92,2.6144
2233.17,2.6142
2234.42,2.61397
2235.67,2.61373
2236.91,2.61346
2238.16,2.61317
2239.4,2.61287
2240.64,2.61254
2241.88,2.61219
2243.12,2.61182
2244.35,2.61142
2245.59,2.61101
2246.82,2.61058
2248.05,2.61013
2249.28,2.60966
2250.51,2.60917
2251.73,2.60866
2252.95,2.60813
2254.18,2.60758
2255.4,2.60702
2256.61,2.60643
2257.83,2.60583
2259.04,2.6052
2260.26,2.60456
2261.47,2.6039
2262.67,2.60322
2263.88,2.60253
2265.09,2.60181
2266.29,2.60108
2267.49,2.60033
2268.69,2.59957
2269.89,2.59878
2271.08,2.59798
2272.27,2.59716
2273.47,2.59633
2274.66,2.59547
2275.84,2.5946
2277.03,2.59372
2278.21,2.59281
2279.39,2.5919
2280.57,2.59096
2281.75,2.59001
2282.93,2.58904
2284.1,2.58806
2285.27,2.58706
2286.44,2.58605
2287.61,2.58502
2288.78,2.58397
2289.94,2.58291
2291.1,2.58183
2292.26,2.58074
2293.42,2.57964
2294.57,2.57852
2295.73,2.57738
2296.88,2.57623
2298.03,2.57507
2299.17,2.57389
2300.32,2.57269
2301.46,2.57149
2302.6,2.57027
2303.74,2.56903
2304.88,2.56778
2306.01,2.56652
2307.15,2.56524
2308.28,2.56395
2309.4,2.56265
2310.53,2.56133
2311.65,2.56
2312.78,2.55866
2313.9,2.5573
2315.01,2.55593
2316.13,2.55455
2317.24,2.55316
2318.35,2.55175
2319.46,2.55033
2320.57,2.5489
2321.67,2.54745
2322.77,2.546
2323.87,2.54453
2324.97,2.54305
2326.07,2.54156
2327.16,2.54005
2328.25,2.53853
2329.34,2.53701
2330.43,2.53547
2331.51,2.53391
2332.59,2.53235
2333.67,2.53078
2334.75,2.52919
2335.83,2.5276
2336.9,2.52599
2337.97,2.52437
2339.04,2.52274
2340.1,2.5211
2341.17,2.51945
2342.23,2.51779
2343.29,2.51612
2344.35,2.51444
2345.4,2.51274
2346.45,2.51104
2347.5,2.50933
2348.55,2.5076
2349.6,2.50587
2350.64,2.50413
2351.68,2.50237
2352.72,2.50061
2353.75,2.49884
2354.79,2.49705
2355.82,2.49526
2356.85,2.49346
2357.87,2.49165
2358.9,2.48983
2359.92,2.488
2360.94,2.48616
2361.96,2.48431
2362.97,2.48245
2363.98,2.48059
2364.99,2.47871
2366,2.47683
2367,2.47493
2368.01,2.47303
2369.01,2.47112
2370,2.4692
2371,2.46727
2371.99,2.46534
2372.98,2.46339
2373.97,2.46144
2374.96,2.45948
2375.94,2.45751
2376.92,2.45553
2377.9,2.45354
2378.87,2.45155
2379.85,2.44955
2380.82,2.44754
2381.78,2.44552
2382.75,2.4435
2383.71,2.44146
2384.67,2.43942
2385.63,2.43737
2386.59,2.43532
2387.54,2.43326
2388.49,2.43118
2389.44,2.42911
2390.39,2.42702
2391.33,2.42493
2392.27,2.42283
2393.21,2.42072
2394.14,2.41861
2395.08,2.41649
2396.01,2.41436
2396.94,2.41222
2397.86,2.41008
2398.78,2.40793
2399.7,2.40578
2400.62,2.40361
2401.54,2.40144
2402.45,2.39927
2403.36,2.39709
2404.27,2.3949
2405.17,2.3927
2406.08,2.3905
2406.98,2.38829
2407.87,2.38608
2408.77,2.38386
2409.66,2.38163
2410.55,2.3794
2411.44,2.37716
2412.32,2.37491
2413.2,2.37266
2414.08,2.37041
2414.96,2.36814
2415.83,2.36587
2416.7,2.3636
2417.57,2.36132
2418.44,2.35903
2419.3,2.35674
2420.16,2.35444
2421.02,2.35214
2421.87,2.34983
2422.73,2.34751
2423.58,2.34519
2424.43,2.34287
2425.27,2.34053
2426.11,2.3382
2426.95,2.33586
2427.79,2.33351
2428.62,2.33115
2429.45,2.3288
2430.28,2.32643
2431.11,2.32407
2431.93,2.32169
2432.75,2.31931
2433.57,2.31693
2434.39,2.31454
2435.2,2.31215
2436.01,2.30975
2436.82,2.30734
2437.62,2.30494
2438.43,2.30252
2439.23,2.3001
2440.02,2.29768
2440.82,2.29525
2441.61,2.29282
2442.4,2.29038
2443.18,2.28794
2443.96,2.2855
2444.75,2.28305
2445.52,2.28059
2446.3,2.27813
2447.07,2.27567
2447.84,2.2732
2448.61,2.27072
2449.37,2.26825
2450.13,2.26576
2450.89,2.26328
2451.65,2.26079
2452.4,2.25829
2453.15,2.25579
2453.9,2.25329
2454.64,2.25078
2455.38,2.24827
2456.12,2.24575
2456.86,2.24323
2457.59,2.24071
2458.33,2.23818
2459.05,2.23565
2459.78,2.23311
2460.5,2.23057
2461.22,2.22802
2461.94,2.22548
2462.65,2.22292
2463.36,2.22037
2464.07,2.21781
2464.78,2.21524
2465.48,2.21268
2466.18,2.2101
2466.88,2.20753
2467.58,2.20495
2468.27,2.20237
2468.96,2.19978
2469.64,2.19719
2470.33,2.19459
2471.01,2.192
2471.69,2.1894
2472.36,2.18679
2473.03,2.18418
2473.7,2.18157
2474.37,2.17895
2475.04,2.17634
2475.7,2.17371
2476.35,2.17109
2477.01,2.16846
2477.66,2.16582
2478.31,2.16319
2478.96,2.16055
2479.6,2.15791
2480.25,2.15526
2480.88,2.15261
2481.52,2.14996
2482.15,2.1473
2482.78,2.14464
2483.41,2.14198
2484.03,2.13931
2484.66,2.13664
2485.27,2.13397
2485.89,2.13129
2486.5,2.12861
2487.11,2.12593
2487.72,2.12324
2488.32,2.12055
2488.93,2.11786
2489.53,2.11516
2490.12,2.11247
2490.71,2.10976
2491.3,2.10706
2491.89,2.10435
2492.48,2.10164
2493.06,2.09893
2493.64,2.09621
2494.21,2.09349
2494.78,2.09077
2495.35,2.08804
2495.92,2.08531
2496.48,2.08258
2497.05,2.07985
2497.6,2.07711
2498.16,2.07437
2498.71,2.07162
2499.26,2.06888
2499.81,2.06613
2500.35,2.06337
2500.89,2.06062
2501.43,2.05786
2501.97,2.0551
2502.5,2.05233
2503.03,2.04957
2503.55,2.0468
2504.08,2.04402
2504.6,2.04125
2505.12,2.03847
2505.63,2.03569
2506.14,2.0329
2506.65,2.03012
2507.16,2.02733
2507.66,2.02454
2508.16,2.02174
2508.66,2.01894
2509.15,2.01614
2509.65,2.01334
2510.13,2.01053
2510.62,2.00772
2511.1,2.00491
2511.58,2.0021
2512.06,1.99928
2512.53,1.99646
2513.01,1.99364
2513.47,1.99081
2513.94,1.98798
2514.4,1.98515
2514.86,1.98232
2515.32,1.97948
2515.77,1.97664
2516.22,1.9738
2516.67,1.97095
2517.11,1.96811
2517.55,1.96526
2517.99,1.9624
2518.43,1.95955
2518.86,1.95669
2519.29,1.95383
2519.72,1.95097
2520.14,1.9481
2520.56,1.94523
2520.98,1.94236
2521.4,1.93949
2521.81,1.93661
2522.22,1.93373
2522.63,1.93085
2523.03,1.92797
2523.43,1.92508
2523.83,1.92219
2524.22,1.9193
2524.61,1.9164
2525,1.9135
2525.39,1.9106
2525.77,1.9077
2526.15,1.90479
2526.53,1.90189
2526.9,1.89898
2527.27,1.89606
2527.64,1.89315
2528,1.89023
2528.36,1.88731
2528.72,1.88438
2529.08,1.88145
2529.43,1.87853
2529.78,1.87559
2530.13,1.87266
2530.47,1.86972
2530.81,1.86678
2531.15,1.86384
2531.49,1.86089
2531.82,1.85795
2532.15,1.85499
2532.47,1.85204
2532.8,1.84909
2533.12,1.84613
2533.43,1.84317
2533.75,1.8402
2534.06,1.83724
2534.37,1.83427
2534.67,1.83129
2534.98,1.82832
2535.27,1.82534
2535.57,1.82236
2535.86,1.81938
2536.15,1.81639
2536.44,1.8134
2536.73,1.81041
2537.01,1.80742
2537.29,1.80442
2537.56,1.80142
2537.83,1.79842
2538.1,1.79542
2538.37,1.79241
2538.63,1.7894
2538.89,1.78639
2539.15,1.78337
2539.4,1.78036
2539.66,1.77733
2539.9,1.77431
2540.15,1.77128
2540.39,1.76826
2540.63,1.76522
2540.87,1.76219
2541.1,1.75915
2541.33,1.75611
2541.56,1.75307
2541.78,1.75002
2542,1.74697
2542.22,1.74392
2542.44,1.74087
2542.65,1.73781
2542.86,1.73475
2543.06,1.73168
2543.27,1.72862
2543.47,1.72555
2543.66,1.72248
2543.86,1.7194
2544.05,1.71633
2544.24,1.71325
2544.42,1.71016
2544.61,1.70708
2544.78,1.70399
2544.96,1.70089
2545.13,1.6978
2545.3,1.6947
2545.47,1.6916
2545.63,1.6885
2545.8,1.68539
2545.95,1.68228
2546.11,1.67917
2546.26,1.67605
2546.41,1.67293
2546.56,1.66981
2546.7,1.66668
2546.84,1.66355
2546.97,1.66042
2547.11,1.65729
2547.24,1.65415
2547.37,1.65101
2547.49,1.64787
2547.61,1.64472
2547.73,1.64157
2547.85,1.63842
2547.96,1.63526
2548.07,1.6321
2548.18,1.62894
2548.28,1.62577
2548.38,1.6226
2548.48,1.61943
2548.57,1.61626
2548.66,1.61308
2548.75,1.60989
2548.84,1.60671
2548.92,1.60352
2549,1.60033
2549.08,1.59713
2549.15,1.59394
2549.22,1.59073
2549.29,1.58753
2549.35,1.58432
2549.41,1.58111
2549.47,1.57789
2549.53,1.57467
2549.58,1.57145
2549.63,1.56823
2549.67,1.565
2549.72,1.56177
2549.76,1.55853
2549.8,1.55529
2549.83,1.55205
2549.86,1.5488
2549.89,1.54555
2549.91,1.5423
2549.94,1.53904
2549.95,1.53578
2549.97,1.53252
2549.98,1.52925
2549.99,1.52598
2550,1.52271
2550,1.51943
2550,1.51614
2550,1.51286
2550,1.50957
2549.99,1.51105
2549.98,1.51436
2549.96,1.51766
2549.94,1.52096
2549.92,1.52425
2549.9,1.52754
2549.87,1.53083
2549.85,1.53412
2549.81,1.5374
2549.78,1.54068
2549.74,1.54395
2549.7,1.54722
2549.65,1.55049
2549.6,1.55375
2549.55,1.55702
2549.5,1.56027
2549.44,1.56353
2549.38,1.56678
2549.32,1.57002
2549.25,1.57327
2549.19,1.57651
2549.11,1.57975
2549.04,1.58298
2548.96,1.58621
2548.88,1.58944
2548.8,1.59267
2548.71,1.59589
2548.62,1.59911
2548.53,1.60232
2548.43,1.60553
2548.33,1.60874
2548.23,1.61195
2548.12,1.61515
2548.02,1.61835
2547.9,1.62154
2547.79,1.62474
2547.67,1.62793
2547.55,1.63111
2547.43,1.6343
2547.3,1.63748
2547.17,1.64065
2547.04,1.64383
2546.91,1.647
2546.77,1.65017
2546.63,1.65333
2546.48,1.6565
2546.33,1.65966
2546.18,1.66281
2546.03,1.66597
2545.87,1.66912
2545.71,1.67226
2545.55,1.67541
2545.39,1.67855
2545.22,1.68169
2545.05,1.68482
2544.87,1.68796
2544.69,1.69109
2544.51,1.69421
2544.33,1.69734
2544.14,1.70046
2543.95,1.70358
2543.76,1.70669
2543.57,1.70981
2543.37,1.71292
2543.16,1.71602
2542.96,1.71913
2542.75,1.72223
2542.54,1.72533
2542.33,1.72842
2542.11,1.73152
2541.89,1.73461
2541.67,1.7377
2541.44,1.74078
2541.21,1.74386
2540.98,1.74694
2540.75,1.75002
2540.51,1.75309
2540.27,1.75616
2540.03,1.75923
2539.78,1.7623
2539.53,1.76536
2539.28,1.76842
2539.02,1.77148
2538.76,1.77453
2538.5,1.77758
2538.23,1.78063
2537.97,1.78368
2537.7,1.78673
2537.42,1.78977
2537.15,1.79281
2536.87,1.79584
2536.58,1.79887
2536.3,1.80191
2536.01,1.80493
2535.72,1.80796
2535.42,1.81098
2535.12,1.814
2534.82,1.81702
2534.52,1.82003
2534.21,1.82305
2533.9,1.82606
2533.59,1.82906
2533.27,1.83207
2532.96,1.83507
2532.63,1.83807
2532.31,1.84107
2531.98,1.84406
2531.65,1.84705
2531.32,1.85004
2530.98,1.85303
2530.64,1.85601
2530.3,1.85899
2529.95,1.86197
2529.61,1.86495
2529.25,1.86792
2528.9,1.87089
2528.54,1.87386
2528.18,1.87683
2527.82,1.87979
2527.45,1.88275
2527.08,1.88571
2526.71,1.88866
2526.34,1.89162
2525.96,1.89457
2525.58,1.89751
2525.19,1.90046
2524.81,1.9034
2524.41,1.90634
2524.02,1.90928
2523.63,1.91221
2523.23,1.91515
2522.83,1.91808
2522.42,1.921
2522.01,1.92393
2521.6,1.92685
2521.19,1.92977
2520.77,1.93269
2520.35,1.9356
2519.93,1.93851
2519.5,1.94142
2519.08,1.94433
2518.64,1.94723
2518.21,1.95013
2517.77,1.95303
2517.33,1.95593
2516.89,1.95882
2516.44,1.96171
2515.99,1.9646
2515.54,1.96749
2515.09,1.97037
2514.63,1.97325
2514.17,1.97613
2513.7,1.979
2513.24,1.98188
2512.77,1.98475
2512.3,1.98761
2511.82,1.99048
2511.34,1.99334
2510.86,1.9962
2510.38,1.99906
2509.89,2.00191
2509.4,2.00476
2508.91,2.00761
2508.41,2.01046
2507.91,2.0133
2507.41,2.01614
2506.9,2.01898
2506.4,2.02181
2505.89,2.02465
2505.37,2.02747
2504.86,2.0303
2504.34,2.03313
2503.81,2.03595
2503.29,2.03877
2502.76,2.04158
2502.23,2.0444
2501.7,2.04721
2501.16,2.05001
2500.62,2.05282
2500.08,2.05562
2499.53,2.05842
2498.98,2.06122
2498.43,2.06401
2497.88,2.0668
2497.32,2.06959
2496.76,2.07237
2496.2,2.07516
2495.63,2.07794
2495.07,2.08071
2494.49,2.08348
2493.92,2.08626
2493.34,2.08902
2492.76,2.09179
2492.18,2.09455
2491.59,2.09731
2491.01,2.10006
2490.41,2.10282
2489.82,2.10557
2489.22,2.10831
2488.62,2.11106
2488.02,2.1138
2487.41,2.11653
2486.8,2.11927
2486.19,2.122
2485.58,2.12473
2484.96,2.12745
2484.34,2.13017
2483.72,2.13289
2483.09,2.13561
2482.46,2.13832
2481.83,2.14103
2481.2,2.14374
2480.56,2.14644
2479.92,2.14914
2479.28,2.15184
2478.63,2.15453
2477.98,2.15722
2477.33,2.1599
2476.68,2.16259
2476.02,2.16527
2475.36,2.16794
2474.7,2.17062
2474.03,2.17329
2473.37,2.17595
2472.69,2.17861
2472.02,2.18127
2471.34,2.18393
2470.66,2.18658
2469.98,2.18923
2469.3,2.19188
2468.61,2.19452
2467.92,2.19715
2467.22,2.19979
2466.53,2.20242
2465.83,2.20505
2465.13,2.20767
2464.42,2.21029
2463.72,2.21291
2463.01,2.21552
2462.29,2.21813
2461.58,2.22073
2460.86,2.22333
2460.14,2.22593
2459.41,2.22852
2458.69,2.23111
2457.96,2.2337
2457.22,2.23628
2456.49,2.23886
2455.75,2.24143
2455.01,2.244
2454.27,2.24656
2453.52,2.24912
2452.77,2.25168
2452.02,2.25424
2451.26,2.25678
2450.51,2.25933
2449.75,2.26187
2448.98,2.26441
2448.22,2.26694
2447.45,2.26947
2446.68,2.27199
2445.91,2.27451
2445.13,2.27702
2444.35,2.27953
2443.57,2.28204
2442.78,2.28454
2442,2.28704
2441.21,2.28953
2440.41,2.29202
2439.62,2.2945
2438.82,2.29698
2438.02,2.29945
2437.22,2.30192
2436.41,2.30439
2435.6,2.30685
2434.79,2.3093
2433.98,2.31175
2433.16,2.3142
2432.34,2.31664
2431.52,2.31907
2430.69,2.3215
2429.86,2.32393
2429.03,2.32635
2428.2,2.32876
2427.37,2.33117
2426.53,2.33358
2425.69,2.33598
2424.84,2.33837
2424,2.34076
2423.15,2.34314
2422.3,2.34552
2421.44,2.34789
2420.59,2.35026
2419.73,2.35262
2418.86,2.35498
2418,2.35733
2417.13,2.35968
2416.26,2.36202
2415.39,2.36435
2414.51,2.36668
2413.64,2.369
2412.76,2.37132
2411.87,2.37363
2410.99,2.37593
2410.1,2.37823
2409.21,2.38052
2408.31,2.38281
2407.42,2.38509
2406.52,2.38737
2405.62,2.38963
2404.72,2.3919
2403.81,2.39415
2402.9,2.3964
2401.99,2.39864
2401.07,2.40088
2400.16,2.40311
2399.24,2.40533
2398.32,2.40755
2397.39,2.40976
2396.47,2.41197
2395.54,2.41416
2394.61,2.41635
2393.67,2.41854
2392.73,2.42071
2391.79,2.42288
2390.85,2.42504
2389.91,2.4272
2388.96,2.42935
2388.01,2.43149
2387.06,2.43362
2386.11,2.43575
2385.15,2.43787
2384.19,2.43998
2383.23,2.44208
2382.26,2.44418
2381.3,2.44627
2380.33,2.44835
2379.35,2.45043
2378.38,2.45249
2377.4,2.45455
2376.42,2.4566
2375.44,2.45864
2374.46,2.46068
2373.47,2.4627
2372.48,2.46472
2371.49,2.46673
2370.5,2.46873
2369.5,2.47072
2368.5,2.47271
2367.5,2.47469
2366.5,2.47665
2365.49,2.47861
2364.48,2.48056
2363.47,2.4825
2362.46,2.48444
2361.44,2.48636
2360.42,2.48828
2359.4,2.49018
2358.38,2.49208
2357.35,2.49397
2356.33,2.49585
2355.3,2.49772
2354.26,2.49958
2353.23,2.50143
2352.19,2.50327
2351.15,2.5051
2350.11,2.50692
2349.07,2.50873
2348.02,2.51053
2346.97,2.51233
2345.92,2.51411
2344.87,2.51588
2343.81,2.51764
2342.75,2.51939
2341.69,2.52113
2340.63,2.52286
2339.56,2.52458
2338.5,2.52629
2337.43,2.52799
2336.36,2.52968
2335.28,2.53136
2334.21,2.53303
2333.13,2.53468
2332.05,2.53633
2330.96,2.53796
2329.88,2.53958
2328.79,2.54119
2327.7,2.54279
2326.61,2.54438
2325.51,2.54596
2324.42,2.54752
2323.32,2.54907
2322.22,2.55061
2321.11,2.55214
2320.01,2.55366
2318.9,2.55516
2317.79,2.55665
2316.68,2.55813
2315.56,2.5596
2314.45,2.56106
2313.33,2.5625
2312.21,2.56393
2311.09,2.56534
2309.96,2.56675
2308.83,2.56814
2307.7,2.56952
2306.57,2.57088
2305.44,2.57223
2304.3,2.57357
2303.17,2.57489
2302.03,2.5762
2300.88,2.5775
2299.74,2.57878
2298.59,2.58005
2297.45,2.5813
2296.3,2.58254
2295.14,2.58377
2293.99,2.58498
2292.83,2.58617
2291.67,2.58736
2290.51,2.58852
2289.35,2.58968
2288.19,2.59081
2287.02,2.59193
2285.85,2.59304
2284.68,2.59413
2283.51,2.59521
2282.33,2.59627
2281.16,2.59731
2279.98,2.59834
2278.8,2.59935
2277.61,2.60035
2276.43,2.60133
2275.24,2.6023
2274.05,2.60324
2272.86,2.60417
2271.67,2.60509
2270.48,2.60599
2269.28,2.60687
2268.08,2.60773
2266.88,2.60858
2265.68,2.60941
2264.48,2.61022
2263.27,2.61101
2262.06,2.61179
2260.85,2.61254
2259.64,2.61328
2258.43,2.61401
2257.22,2.61471
2256,2.6154
2254.78,2.61606
2253.56,2.61671
2252.34,2.61734
2251.11,2.61795
2249.89,2.61854
2248.66,2.61911
2247.43,2.61966
2246.2,2.6202
2244.96,2.62071
2243.73,2.6212
2242.49,2.62168
2241.25,2.62213
2240.01,2.62256
2238.77,2.62297
2237.53,2.62337
2236.28,2.62374
2235.04,2.62409
2233.79,2.62442
2232.54,2.62472
2231.29,2.62501
2230.03,2.62527
2228.78,2.62552
2227.52,2.62574
2226.26,2.62594
2225,2.62611
2223.74,2.62627
2222.47,2.6264
2221.21,2.62651
2219.94,2.6266
2218.67,2.62666
2217.4,2.6267
2216.13,2.62672
2214.86,2.62671
2213.58,2.62668
2212.31,2.62663
2211.03,2.62655
2209.75,2.62645
2208.47,2.62632
2207.19,2.62617
2205.9,2.626
2204.62,2.6258
2203.33,2.62557
2202.04,2.62532
2200.75,2.62504
2199.46,2.62474
2198.17,2.62441
2196.87,2.62406
2195.58,2.62368
2194.28,2.62327
2192.98,2.62284
2191.68,2.62238
2190.38,2.62189
2189.08,2.62138
2187.77,2.62084
2186.47,2.62027
2185.16,2.61968
2183.85,2.61905
2182.54,2.6184
2181.23,2.61772
2179.92,2.61701
2178.61,2.61628
2177.29,2.61551
2175.98,2.61472
2174.66,2.61389
2173.34,2.61304
2172.02,2.61215
2170.7,2.61124
2169.38,2.6103
2168.05,2.60932
2166.73,2.60832
2165.4,2.60729
2164.08,2.60622
2162.75,2.60513
2161.42,2.604
2160.09,2.60284
2158.76,2.60165
2157.42,2.60042
2156.09,2.59917
2154.75,2.59788
2153.42,2.59656
2152.08,2.59521
2150.74,2.59382
2149.4,2.59241
2148.06,2.59095
2146.72,2.58947
2145.38,2.58795
2144.03,2.58639
2142.69,2.5848
2141.34,2.58318
2140,2.58152
2138.65,2.57983
2137.3,2.5781
2135.95,2.57634
2134.6,2.57454
2133.25,2.5727
2131.9,2.57083
2130.54,2.56893
2129.19,2.56698
2127.83,2.565
2126.48,2.56298
2125.12,2.56092
2123.76,2.55883
2122.41,2.5567
2121.05,2.55453
2119.69,2.55232
2118.33,2.55008
2116.96,2.54779
2115.6,2.54547
2114.24,2.5431
2112.87,2.5407
2111.51,2.53826
2110.14,2.53577
2108.78,2.53325
2107.41,2.53069
2106.04,2.52808
2104.68,2.52544
2103.31,2.52275
2101.94,2.52002
2100.57,2.51725
2099.2,2.51444
2097.83,2.51158
2096.46,2.50869
2095.08,2.50575
2093.71,2.50276
2092.34,2.49974
2090.96,2.49667
2089.59,2.49355
2088.21,2.49039
2086.84,2.48719
2085.46,2.48394
2084.09,2.48065
2082.71,2.47731
2081.33,2.47393
2079.95,2.4705
2078.58,2.46703
2077.2,2.46351
2075.82,2.45994
2074.44,2.45633
2073.06,2.45266
2071.68,2.44896
2070.3,2.4452
2068.92,2.4414
2067.54,2.43754
2066.16,2.43364
2064.78,2.42969
2063.39,2.4257
2062.01,2.42165
2060.63,2.41755
2059.25,2.4134
2057.87,2.40921
2056.48,2.40496
2055.1,2.40066
2053.72,2.39631
2052.34,2.39191
2050.95,2.38746
2049.57,2.38296
2048.19,2.3784
2046.8,2.37379
2045.42,2.36913
2044.04,2.36442
2042.65,2.35966
2041.27,2.35484
2039.89,2.36507
2038.5,2.37632
2037.12,2.38758
2035.74,2.39885
2034.35,2.41013
2032.97,2.42143
2031.59,2.43273
2030.21,2.44404
2028.82,2.45537
2027.44,2.4667
2026.06,2.47804
2024.68,2.48939
2023.3,2.50075
2021.91,2.51212
2020.53,2.5235
2019.15,2.53489
2017.77,2.54628
2016.39,2.55768
2015.01,2.56909
2013.63,2.58051
2012.25,2.59193
2010.87,2.60336
2009.49,2.6148
2008.12,2.62624
2006.74,2.63769
2005.36,2.64915
2003.98,2.66061
2002.61,2.67207
2001.23,2.68354
1999.86,2.69501
1998.48,2.70649
1997.11,2.71797
1995.74,2.72946
1994.36,2.74095
1992.99,2.75244
1991.62,2.76393
1990.25,2.77543
1988.88,2.78693
1987.51,2.79843
1986.14,2.80993
1984.77,2.82143
1983.4,2.83293
1982.03,2.84444
1980.67,2.85594
1979.3,2.86744
1977.94,2.87894
1976.58,2.89044
1975.21,2.90194
1973.85,2.91344
1972.49,2.92494
1971.13,2.93643
1969.77,2.94792
1968.41,2.9594
1967.06,2.97088
1965.7,2.98236
1964.34,2.99383
1962.99,3.0053
1961.64,3.01677
1960.29,3.02822
1958.94,3.03967
1957.59,3.05112
1956.24,3.06256
1954.89,3.07399
1953.54,3.08541
1952.2,3.09682
1950.85,3.10823
1949.51,3.11962
1948.17,3.13101
1946.83,3.14239
1945.49,3.15375
1944.15,3.16511
1942.82,3.17645
1941.48,3.18779
1940.15,3.1991
1938.82,3.21041
1937.49,3.22171
1936.16,3.23299
1934.83,3.24425
1933.5,3.2555
1932.18,3.26674
1930.86,3.27796
1929.53,3.28916
1928.21,3.30035
1926.9,3.31152
1925.58,3.32267
1924.26,3.33381
1922.95,3.34493
1921.64,3.35602
1920.33,3.3671
1919.02,3.37816
1917.71,3.38919
1916.41,3.40021
1915.1,3.4112
1913.8,3.42217
1912.5,3.43311
1911.21,3.44404
1909.91,3.45494
1908.62,3.46581
1907.32,3.47666
1906.03,3.48748
1904.75,3.49828
1903.46,3.50905
1902.18,3.51979
1900.89,3.53051
1899.61,3.54119
1898.34,3.55185
1897.06,3.56248
1895.79,3.57307
1894.52,3.58364
1893.25,3.59417
1891.98,3.60467
1890.71,3.61514
1889.45,3.62557
1888.19,3.63597
1886.93,3.64634
1885.68,3.65667
1884.42,3.66696
1883.17,3.67722
1881.92,3.68744
1880.68,3.69762
1879.43,3.70776
1878.19,3.71786
1876.95,3.72792
1875.72,3.73795
1874.48,3.74793
1873.25,3.75787
1872.02,3.76776
1870.8,3.77761
1869.57,3.78742
1868.35,3.79719
1867.13,3.8069
1865.92,3.81658
1864.7,3.8262
1863.49,3.83578
1862.29,3.84531
1861.08,3.85479
1859.88,3.86422
1858.68,3.8736
1857.48,3.88293
1856.29,3.89221
1855.1,3.90143
1853.91,3.9106
1852.73,3.91972
1851.55,3.92879
1850.37,3.93779
1849.19,3.94674
1848.02,3.95564
1846.85,3.96448
1845.68,3.97326
1844.52,3.98197
1843.36,3.99063
1842.2,3.99923
1841.05,4.00777
1839.9,4.01625
1838.75,4.02466
1837.61,4.03301
1836.47,4.04129
1835.33,4.04951
1834.19,4.05767
1833.06,4.06576
1831.94,4.07377
1830.81,4.08173
1829.69,4.08961
1828.57,4.09742
1827.46,4.10517
1826.35,4.11284
1825.24,4.12044
1824.14,4.12796
1823.04,4.13542
1821.95,4.14279
1820.85,4.1501
1819.77,4.15732
1818.68,4.16447
1817.6,4.17155
1816.52,4.17854
1815.45,4.18546
1814.38,4.1923
1813.31,4.19905
1812.25,4.20573
1811.19,4.21232
1810.14,4.21883
1809.09,4.22525
1808.04,4.23159
1807,4.23785
1805.96,4.24402
1804.92,4.2501
1803.89,4.2561
1802.86,4.262
1801.84,4.26782
1800.82,4.27355
1799.81,4.27919
1798.8,4.28473
1797.79,4.29018
1796.79,4.29554
1795.79,4.30081
1794.8,4.30598
1793.81,4.31106
1792.82,4.31604
1791.84,4.32092
1790.87,4.32571
1789.89,4.33039
1788.93,4.33498
1787.96,4.33947
1787,4.34386
1786.05,4.34814
1785.1,4.35233
1784.15,4.35641
1783.21,4.36038
1782.28,4.36426
1781.35,4.36803
1780.42,4.37169
1779.5,4.37524
1778.58,4.37869
1777.66,4.38203
1776.76,4.38526
1775.85,4.38838
1774.95,4.39139
1774.06,4.39429
1773.17,4.39708
1772.28,4.39976
1771.4,4.40233
1770.53,4.40478
1769.66,4.40711
1768.79,4.40933
1767.93,4.41144
1767.08,4.41343
1766.23,4.4153
1765.38,4.41705
1764.54,4.41869
1763.71,4.4202
1762.88,4.4216
1762.05,4.42288
1761.23,4.42403
1760.41,4.42507
1759.6,4.42598
1758.8,4.42677
1758,4.42744
1757.21,4.42798
1756.42,4.4284
1755.63,4.42869
1754.85,4.42886
1754.08,4.4289
1753.31,4.42881
1752.55,4.4286
1751.79,4.42826
1751.04,4.42779
1750.29,4.42719
1749.55,4.42647
1748.82,4.42561
1748.09,4.42462
1747.36,4.4235
1746.64,4.42226
1745.93,4.42087
1745.22,4.41936
1744.52,4.41771
1743.82,4.41593
1743.13,4.41402
1742.44,4.41197
1741.76,4.40979
1741.09,4.40747
1740.42,4.40502
1739.75,4.40243
1739.1,4.39971
1738.44,4.39685
1737.8,4.39385
1737.16,4.39071
1736.52,4.38744
1735.9,4.38403
1735.27,4.38048
1734.66,4.3768
1734.04,4.37297
1733.44,4.36901
1732.84,4.36491
1732.25,4.36066
1731.66,4.35628
1731.08,4.35176
1730.5,4.34709
1729.93,4.34229
1729.37,4.33735
1728.81,4.33226
1728.26,4.32704
1727.71,4.32167
1727.17,4.31616
1726.64,4.31051
1726.11,4.30472
1725.59,4.29879
1725.08,4.29271
1724.57,4.28649
1724.06,4.28014
1723.57,4.27363
1723.08,4.26699
1722.59,4.26021
1722.11,4.25328
1721.64,4.24621
1721.18,4.239
1720.72,4.23164
1720.27,4.22415
1719.82,4.21651
1719.38,4.20873
1718.94,4.2008
1718.52,4.19274
1718.09,4.18453
1717.68,4.17618
1717.27,4.16769
1716.87,4.15906
1716.47,4.15029
1716.08,4.14137
1715.7,4.13232
1715.32,4.12312
1714.95,4.11379
1714.59,4.10431
1714.23,4.09469
1713.88,4.08493
1713.54,4.07504
1713.2,4.065
1712.87,4.05483
1712.54,4.04451
1712.22,4.03406
1711.91,4.02347
1711.61,4.01274
1711.31,4.00187
1711.02,3.99087
1710.73,3.97972
1710.45,3.96845
1710.18,3.95703
1709.91,3.94548
1709.66,3.9338
1709.4,3.92198
1709.16,3.91003
1708.92,3.89794
1708.69,3.88572
1708.46,3.87336
1708.24,3.86088
1708.03,3.84826
1707.82,3.83551
1707.62,3.82263
1707.43,3.80962
1707.24,3.79648
1707.06,3.78322
1706.89,3.76982
1706.73,3.75629
1706.57,3.74264
1706.41,3.72886
1706.27,3.71496
1706.13,3.70093
1706,3.68678
1705.87,3.6725
1705.75,3.6581
1705.64,3.64358
1705.54,3.62893
1705.44,3.61417
1705.35,3.59928
1705.26,3.58428
1705.18,3.56915
1705.11,3.55391
1705.05,3.53855
1704.99,3.52308
1704.94,3.50749
1704.89,3.49178
1704.85,3.47597
1704.82,3.46003
1704.8,3.44399
1704.78,3.42784
1704.77,3.41157
1704.77,3.3952
1704.77,3.37872
1704.78,3.38873
1704.8,3.40508
1704.82,3.42132
1704.85,3.43746
1704.89,3.45348
1704.93,3.46939
1704.98,3.48519
1705.04,3.50087
1705.1,3.51643
1705.17,3.53189
1705.25,3.54722
1705.33,3.56244
1705.43,3.57754
1705.52,3.59252
1705.63,3.60738
1705.74,3.62212
1705.86,3.63673
1705.98,3.65123
1706.11,3.6656
1706.25,3.67986
1706.4,3.69398
1706.55,3.70798
1706.71,3.72186
1706.87,3.73561
1707.04,3.74923
1707.22,3.76273
1707.41,3.77609
1707.6,3.78933
1707.8,3.80244
1708,3.81542
1708.21,3.82827
1708.43,3.84099
1708.66,3.85358
1708.89,3.86603
1709.13,3.87836
1709.37,3.89054
1709.62,3.9026
1709.88,3.91452
1710.15,3.92631
1710.42,3.93796
1710.7,3.94948
1710.98,3.96086
1711.27,3.97211
1711.57,3.98322
1711.87,3.99419
1712.18,4.00503
1712.5,4.01572
1712.83,4.02628
1713.16,4.0367
1713.49,4.04699
1713.84,4.05713
1714.19,4.06714
1714.54,4.077
1714.91,4.08673
1715.28,4.09631
1715.65,4.10576
1716.03,4.11506
1716.42,4.12423
1716.82,4.13325
1717.22,4.14213
1717.63,4.15088
1718.04,4.15948
1718.46,4.16793
1718.89,4.17625
1719.32,4.18443
1719.76,4.19246
1720.21,4.20036
1720.66,4.20811
1721.12,4.21572
1721.58,4.22318
1722.05,4.23051
1722.53,4.23769
1723.02,4.24473
1723.51,4.25163
1724,4.25839
1724.5,4.26501
1725.01,4.27148
1725.53,4.27781
1726.05,4.284
1726.57,4.29005
1727.11,4.29596
1727.64,4.30173
1728.19,4.30735
1728.74,4.31283
1729.3,4.31818
1729.86,4.32338
1730.43,4.32844
1731,4.33336
1731.58,4.33814
1732.17,4.34278
1732.76,4.34728
1733.36,4.35165
1733.97,4.35587
1734.58,4.35995
1735.19,4.36389
1735.82,4.3677
1736.44,4.37137
1737.08,4.3749
1737.72,4.37829
1738.36,4.38154
1739.01,4.38466
1739.67,4.38764
1740.33,4.39049
1741,4.3932
1741.68,4.39577
1742.36,4.39821
1743.04,4.40051
1743.73,4.40268
1744.43,4.40472
1745.13,4.40662
1745.84,4.40839
1746.55,4.41003
1747.27,4.41153
1747.99,4.4129
1748.72,4.41415
1749.46,4.41526
1750.2,4.41624
1750.95,4.41709
1751.7,4.41781
1752.45,4.4184
1753.22,4.41887
1753.98,4.41921
1754.76,4.41942
1755.53,4.4195
1756.32,4.41946
1757.11,4.41929
1757.9,4.41899
1758.7,4.41858
1759.5,4.41804
1760.31,4.41737
1761.13,4.41658
1761.95,4.41567
1762.77,4.41464
1763.6,4.41349
1764.44,4.41222
1765.28,4.41083
1766.12,4.40932
1766.97,4.40769
1767.83,4.40595
1768.69,4.40408
1769.55,4.40211
1770.42,4.40001
1771.29,4.3978
1772.17,4.39548
1773.06,4.39304
1773.95,4.39049
1774.84,4.38783
1775.74,4.38506
1776.64,4.38217
1777.55,4.37917
1778.46,4.37607
1779.38,4.37286
1780.3,4.36954
1781.23,4.36611
1782.16,4.36257
1783.1,4.35893
1784.04,4.35519
1784.98,4.35134
1785.93,4.34738
1786.88,4.34332
1787.84,4.33917
1788.81,4.3349
1789.77,4.33054
1790.74,4.32608
1791.72,4.32152
1792.7,4.31686
1793.68,4.31211
1794.67,4.30725
1795.67,4.3023
1796.66,4.29726
1797.67,4.29212
1798.67,4.28688
1799.68,4.28156
1800.7,4.27614
1801.71,4.27063
1802.74,4.26503
1803.76,4.25934
1804.79,4.25355
1805.83,4.24769
1806.87,4.24173
1807.91,4.23568
1808.95,4.22955
1810,4.22334
1811.06,4.21704
1812.12,4.21065
1813.18,4.20419
1814.24,4.19764
1815.31,4.19101
1816.39,4.1843
1817.46,4.17751
1818.54,4.17063
1819.63,4.16369
1820.72,4.15666
1821.81,4.14956
1822.9,4.14238
1824,4.13512
1825.11,4.12779
1826.21,4.12039
1827.32,4.11291
1828.43,4.10537
1829.55,4.09775
1830.67,4.09006
1831.8,4.0823
1832.92,4.07447
1834.05,4.06657
1835.19,4.0586
1836.32,4.05057
1837.46,4.04247
1838.61,4.03431
1839.75,4.02608
1840.9,4.01779
1842.06,4.00944
1843.21,4.00102
1844.37,3.99254
1845.54,3.984
1846.7,3.9754
1847.87,3.96674
1849.04,3.95802
1850.22,3.94925
1851.4,3.94042
1852.58,3.93153
1853.76,3.92258
1854.95,3.91358
1856.14,3.90453
1857.33,3.89542
1858.53,3.88626
1859.73,3.87705
1860.93,3.86779
1862.13,3.85847
1863.34,3.84911
1864.55,3.8397
1865.76,3.83023
1866.98,3.82072
1868.2,3.81117
1869.42,3.80156
1870.64,3.79192
1871.87,3.78222
1873.1,3.77248
1874.33,3.7627
1875.56,3.75288
1876.8,3.74301
1878.04,3.7331
1879.28,3.72315
1880.52,3.71316
1881.77,3.70313
1883.02,3.69306
1884.27,3.68295
1885.52,3.67281
1886.78,3.66263
1888.03,3.65241
1889.29,3.64215
1890.56,3.63186
1891.82,3.62154
1893.09,3.61118
1894.36,3.60079
1895.63,3.59036
1896.9,3.57991
1898.18,3.56942
1899.45,3.5589
1900.73,3.54835
1902.02,3.53777
1903.3,3.52716
1904.59,3.51653
1905.87,3.50586
1907.16,3.49517
1908.45,3.48445
1909.75,3.47371
1911.04,3.46294
1912.34,3.45214
1913.64,3.44132
1914.94,3.43048
1916.24,3.41961
1917.55,3.40872
1918.86,3.39781
1920.16,3.38687
1921.47,3.37592
1922.79,3.36494
1924.1,3.35395
1925.41,3.34293
1926.73,3.3319
1928.05,3.32084
1929.37,3.30977
1930.69,3.29868
1932.01,3.28758
1933.34,3.27645
1934.66,3.26532
1935.99,3.25416
1937.32,3.24299
1938.65,3.23181
1939.98,3.22061
1941.32,3.2094
1942.65,3.19817
1943.99,3.18694
1945.32,3.17569
1946.66,3.16443
1948,3.15315
1949.34,3.14187
1950.69,3.13057
1952.03,3.11927
1953.37,3.10796
1954.72,3.09663
1956.07,3.0853
1957.42,3.07396
1958.77,3.06262
1960.12,3.05126
1961.47,3.0399
1962.82,3.02853
1964.17,3.01716
1965.53,3.00578
1966.89,2.99439
1968.24,2.983
1969.6,2.9716
1970.96,2.96021
1972.32,2.9488
1973.68,2.9374
1975.04,2.92599
1976.4,2.91457
1977.77,2.90316
1979.13,2.89174
1980.5,2.88032
1981.86,2.86891
1983.23,2.85749
1984.6,2.84606
1985.97,2.83464
1987.33,2.82322
1988.7,2.8118
1990.07,2.80038
1991.45,2.78897
1992.82,2.77755
1994.19,2.76613
1995.56,2.75472
1996.94,2.74331
1998.31,2.7319
1999.68,2.7205
2001.06,2.7091
2002.44,2.6977
2003.81,2.68631
2005.19,2.67492
2006.57,2.66353
2007.94,2.65216
2009.32,2.64078
2010.7,2.62941
2012.08,2.61805
2013.46,2.60669
2014.84,2.59534
2016.22,2.584
2017.6,2.57266
2018.98,2.56133
2020.36,2.55001
2021.74,2.53869
2023.12,2.52738
2024.5,2.51608
2025.89,2.50479
2027.27,2.49351
2028.65,2.48224
2030.03,2.47097
2031.41,2.45972
2032.8,2.44847
2034.18,2.43723
2035.56,2.42601
2036.95,2.41479
2038.33,2.40359
2039.71,2.39239
2041.1,2.38121
2042.48,2.37003
2043.86,2.35887
2045.25,2.34772
2046.63,2.34745
2048.01,2.35218
2049.4,2.35687
2050.78,2.3615
2052.16,2.36608
2053.54,2.37061
2054.93,2.37509
2056.31,2.37952
2057.69,2.3839
2059.07,2.38822
2060.46,2.3925
2061.84,2.39672
2063.22,2.4009
2064.6,2.40503
2065.98,2.4091
2067.36,2.41313
2068.75,2.41711
2070.13,2.42104
2071.51,2.42493
2072.89,2.42876
2074.27,2.43255
2075.65,2.43629
2077.02,2.43998
2078.4,2.44363
2079.78,2.44723
2081.16,2.45078
2082.54,2.45429
2083.91,2.45776
2085.29,2.46117
2086.67,2.46454
2088.04,2.46787
2089.42,2.47115
2090.79,2.47439
2092.16,2.47759
2093.54,2.48074
2094.91,2.48384
2096.28,2.48691
2097.65,2.48993
2099.03,2.4929
2100.4,2.49584
2101.77,2.49873
2103.14,2.50158
2104.5,2.50439
2105.87,2.50716
2107.24,2.50988
2108.61,2.51257
2109.97,2.51521
2111.34,2.51782
2112.7,2.52038
2114.07,2.5229
2115.43,2.52539
2116.79,2.52783
2118.15,2.53024
2119.52,2.5326
2120.88,2.53493
2122.24,2.53722
2123.59,2.53947
2124.95,2.54168
2126.31,2.54385
2127.66,2.54599
2129.02,2.54809
2130.37,2.55015
2131.73,2.55217
2133.08,2.55416
2134.43,2.55611
2135.78,2.55803
2137.13,2.55991
2138.48,2.56175
2139.83,2.56356
2141.17,2.56534
2142.52,2.56707
2143.87,2.56878
2145.21,2.57045
2146.55,2.57208
2147.89,2.57368
2149.23,2.57525
2150.57,2.57678
2151.91,2.57828
2153.25,2.57974
2154.59,2.58118
2155.92,2.58258
2157.26,2.58394
2158.59,2.58528
2159.92,2.58658
2161.25,2.58785
2162.58,2.58909
2163.91,2.5903
2165.24,2.59147
2166.56,2.59262
2167.89,2.59373
2169.21,2.59481
2170.53,2.59587
2171.86,2.59689
2173.18,2.59788
2174.49,2.59884
2175.81,2.59978
2177.13,2.60068
2178.44,2.60155
2179.76,2.6024
2181.07,2.60321
2182.38,2.604
2183.69,2.60476
2185,2.60549
2186.3,2.60619
2187.61,2.60687
2188.91,2.60751
2190.22,2.60813
2191.52,2.60873
2192.82,2.60929
2194.12,2.60983
2195.42,2.61034
2196.71,2.61082
2198.01,2.61128
2199.3,2.61171
2200.59,2.61212
2201.88,2.6125
2203.17,2.61285
2204.46,2.61318
2205.74,2.61348
2207.03,2.61376
2208.31,2.61402
2209.59,2.61424
2210.87,2.61445
2212.15,2.61463
2213.42,2.61478
2214.7,2.61491
2215.97,2.61502
2217.24,2.6151
2218.51,2.61516
2219.78,2.6152
2221.05,2.61521
2222.32,2.6152
2223.58,2.61517
2224.84,2.61511
2226.1,2.61504
2227.36,2.61494
2228.62,2.61481
2229.87,2.61467
2231.13,2.6145
2232.38,2.61431
2233.63,2.6141
2234.88,2.61387
2236.13,2.61362
2237.37,2.61334
2238.62,2.61305
2239.86,2.61273
2241.1,2.61239
2242.34,2.61204
2243.57,2.61166
2244.81,2.61126
2246.04,2.61084
2247.27,2.6104
2248.5,2.60995
2249.73,2.60947
2250.96,2.60897
2252.18,2.60845
2253.41,2.60792
2254.63,2.60736
2255.85,2.60679
2257.06,2.6062
2258.28,2.60559
2259.49,2.60496
2260.7,2.60431
2261.91,2.60364
2263.12,2.60296
2264.33,2.60225
2265.53,2.60153
2266.73,2.6008
2267.93,2.60004
2269.13,2.59927
2270.33,2.59848
2271.52,2.59767
2272.71,2.59684
2273.91,2.596
2275.09,2.59514
2276.28,2.59427
2277.47,2.59338
2278.65,2.59247
2279.83,2.59154
2281.01,2.5906
2282.19,2.58964
2283.36,2.58867
2284.53,2.58768
2285.7,2.58668
2286.87,2.58566
2288.04,2.58462
2289.2,2.58357
2290.37,2.58251
2291.53,2.58142
2292.69,2.58033
2293.84,2.57922
2295,2.57809
2296.15,2.57695
2297.3,2.5758
2298.45,2.57463
2299.6,2.57344
2300.74,2.57224
2301.88,2.57103
2303.02,2.5698
2304.16,2.56856
2305.3,2.56731
2306.43,2.56604
2307.56,2.56476
2308.69,2.56347
2309.82,2.56216
2310.94,2.56084
2312.07,2.5595
2313.19,2.55815
2314.31,2.55679
2315.42,2.55542
2316.54,2.55403
2317.65,2.55263
2318.76,2.55122
2319.87,2.5498
2320.97,2.54836
2322.08,2.54691
2323.18,2.54545
2324.28,2.54398
2325.38,2.54249
2326.47,2.541
2327.56,2.53949
2328.65,2.53797
2329.74,2.53644
2330.83,2.53489
2331.91,2.53334
2332.99,2.53177
2334.07,2.53019
2335.15,2.5286
2336.22,2.527
2337.29,2.52539
2338.36,2.52377
2339.43,2.52214
2340.5,2.52049
2341.56,2.51884
2342.62,2.51717
2343.68,2.5155
2344.73,2.51381
2345.79,2.51211
2346.84,2.51041
2347.89,2.50869
2348.94,2.50696
2349.98,2.50523
2351.02,2.50348
2352.06,2.50172
2353.1,2.49996
2354.13,2.49818
2355.17,2.49639
2356.2,2.4946
2357.22,2.49279
2358.25,2.49098
2359.27,2.48915
2360.29,2.48732
2361.31,2.48548
2362.33,2.48363
2363.34,2.48176
2364.35,2.47989
2365.36,2.47802
2366.37,2.47613
2367.37,2.47423
2368.37,2.47233
2369.37,2.47041
2370.37,2.46849
2371.37,2.46656
2372.36,2.46462
2373.35,2.46267
2374.33,2.46072
2375.32,2.45875
2376.3,2.45678
2377.28,2.4548
2378.26,2.45281
2379.23,2.45081
2380.2,2.44881
2381.17,2.4468
2382.14,2.44478
2383.11,2.44275
2384.07,2.44071
2385.03,2.43867
2385.99,2.43662
2386.94,2.43456
2387.89,2.43249
2388.84,2.43042
2389.79,2.42834
2390.73,2.42625
2391.68,2.42416
2392.62,2.42205
2393.55,2.41994
2394.49,2.41783
2395.42,2.4157
2396.35,2.41357
2397.28,2.41143
2398.2,2.40929
2399.12,2.40714
2400.04,2.40498
2400.96,2.40282
2401.87,2.40064
2402.79,2.39847
2403.7,2.39628
2404.6,2.39409
2405.51,2.39189
2406.41,2.38969
2407.31,2.38748
2408.2,2.38526
2409.1,2.38304
2409.99,2.38081
2410.88,2.37858
2411.76,2.37633
2412.65,2.37409
2413.53,2.37183
2414.4,2.36957
2415.28,2.36731
2416.15,2.36504
2417.02,2.36276
2417.89,2.36048
2418.76,2.35819
2419.62,2.35589
2420.48,2.35359
2421.34,2.35129
2422.19,2.34898
2423.04,2.34666
2423.89,2.34434
2424.74,2.34201
2425.58,2.33968
2426.42,2.33734
2427.26,2.33499
2428.1,2.33265
2428.93,2.33029
2429.76,2.32793
2430.59,2.32557
2431.41,2.3232
2432.24,2.32082
2433.06,2.31844
2433.87,2.31605
2434.69,2.31366
2435.5,2.31127
2436.31,2.30887
2437.12,2.30646
2437.92,2.30405
2438.72,2.30164
2439.52,2.29922
2440.32,2.29679
2441.11,2.29436
2441.9,2.29193
2442.69,2.28949
2443.47,2.28705
2444.25,2.2846
2445.03,2.28215
2445.81,2.27969
2446.58,2.27723
2447.35,2.27476
2448.12,2.27229
2448.89,2.26982
2449.65,2.26734
2450.41,2.26485
2451.17,2.26237
2451.92,2.25987
2452.68,2.25738
2453.43,2.25488
2454.17,2.25237
2454.92,2.24986
2455.66,2.24735
2456.4,2.24483
2457.13,2.24231
2457.86,2.23978
2458.59,2.23725
2459.32,2.23472
2460.05,2.23218
2460.77,2.22964
2461.49,2.22709
2462.2,2.22454
2462.92,2.22199
2463.63,2.21943
2464.34,2.21687
2465.04,2.2143
2465.74,2.21174
2466.44,2.20916
2467.14,2.20659
2467.83,2.20401
2468.52,2.20142
2469.21,2.19883
2469.9,2.19624
2470.58,2.19365
2471.26,2.19105
2471.94,2.18845
2472.61,2.18584
2473.28,2.18323
2473.95,2.18062
2474.62,2.178
2475.28,2.17538
2475.94,2.17276
2476.6,2.17013
2477.25,2.1675
2477.9,2.16486
2478.55,2.16223
2479.2,2.15959
2479.84,2.15694
2480.48,2.15429
2481.12,2.15164
2481.75,2.14899
2482.39,2.14633
2483.01,2.14367
2483.64,2.141
2484.26,2.13834
2484.88,2.13566
2485.5,2.13299
2486.12,2.13031
2486.73,2.12763
2487.34,2.12495
2487.94,2.12226
2488.55,2.11957
2489.15,2.11688
2489.75,2.11418
2490.34,2.11148
2490.93,2.10878
2491.52,2.10607
2492.11,2.10337
2492.69,2.10065
2493.27,2.09794
2493.85,2.09522
2494.42,2.0925
2494.99,2.08978
2495.56,2.08705
2496.13,2.08432
2496.69,2.08159
2497.25,2.07885
2497.81,2.07611
2498.36,2.07337
2498.92,2.07062
2499.46,2.06788
2500.01,2.06512
2500.55,2.06237
2501.09,2.05961
2501.63,2.05685
2502.16,2.05409
2502.7,2.05133
2503.22,2.04856
2503.75,2.04579
2504.27,2.04301
2504.79,2.04024
2505.31,2.03746
2505.82,2.03468
2506.33,2.03189
2506.84,2.0291
2507.35,2.02631
2507.85,2.02352
2508.35,2.02072
2508.84,2.01792
2509.34,2.01512
2509.83,2.01232
2510.32,2.00951
2510.8,2.0067
2511.28,2.00389
2511.76,2.00107
2512.24,1.99825
2512.71,1.99543
2513.18,1.99261
2513.65,1.98978
2514.11,1.98695
2514.57,1.98412
2515.03,1.98128
2515.49,1.97845
2515.94,1.97561
2516.39,1.97276
2516.83,1.96992
2517.28,1.96707
2517.72,1.96422
2518.16,1.96137
2518.59,1.95851
2519.02,1.95565
2519.45,1.95279
2519.88,1.94993
2520.3,1.94706
2520.72,1.94419
2521.14,1.94132
2521.55,1.93844
2521.96,1.93557
2522.37,1.93269
2522.78,1.9298
2523.18,1.92692
2523.58,1.92403
2523.97,1.92114
2524.37,1.91825
2524.76,1.91535
2525.14,1.91245
2525.53,1.90955
2525.91,1.90665
2526.29,1.90374
2526.66,1.90083
2527.04,1.89792
2527.41,1.895
2527.77,1.89209
2528.14,1.88917
2528.5,1.88624
2528.86,1.88332
2529.21,1.88039
2529.56,1.87746
2529.91,1.87453
2530.26,1.87159
2530.6,1.86865
2530.94,1.86571
2531.28,1.86277
2531.61,1.85982
2531.94,1.85688
2532.27,1.85392
2532.59,1.85097
2532.92,1.84801
2533.24,1.84505
2533.55,1.84209
2533.86,1.83913
2534.17,1.83616
2534.48,1.83319
2534.79,1.83022
2535.09,1.82724
2535.39,1.82426
2535.68,1.82128
2535.97,1.8183
2536.26,1.81531
2536.55,1.81232
2536.83,1.80933
2537.11,1.80633
2537.39,1.80334
2537.66,1.80034
2537.93,1.79734
2538.2,1.79433
2538.47,1.79132
2538.73,1.78831
2538.99,1.7853
2539.25,1.78228
2539.5,1.77926
2539.75,1.77624
2540,1.77321
2540.24,1.77019
2540.48,1.76716
2540.72,1.76412
2540.95,1.76109
2541.19,1.75805
2541.42,1.75501
2541.64,1.75196
2541.86,1.74892
2542.08,1.74587
2542.3,1.74281
2542.52,1.73976
2542.73,1.7367
2542.94,1.73364
2543.14,1.73057
2543.34,1.72751
2543.54,1.72444
2543.74,1.72137
2543.93,1.71829
2544.12,1.71521
2544.31,1.71213
2544.49,1.70905
2544.67,1.70596
2544.85,1.70287
2545.03,1.69977
2545.2,1.69668
2545.37,1.69358
2545.53,1.69048
2545.7,1.68737
2545.86,1.68426
2546.01,1.68115
2546.17,1.67804
2546.32,1.67492
2546.46,1.6718
2546.61,1.66868
2546.75,1.66555
2546.89,1.66242
2547.03,1.65929
2547.16,1.65615
2547.29,1.65301
2547.41,1.64987
2547.54,1.64673
2547.66,1.64358
2547.78,1.64043
2547.89,1.63728
2548,1.63412
2548.11,1.63096
2548.22,1.62779
2548.32,1.62463
2548.42,1.62146
2548.52,1.61828
2548.61,1.61511
2548.7,1.61193
2548.79,1.60874
2548.87,1.60556
2548.95,1.60237
2549.03,1.59917
2549.11,1.59598
2549.18,1.59278
2549.25,1.58958
2549.31,1.58637
2549.38,1.58316
2549.44,1.57995
2549.49,1.57673
2549.55,1.57351
2549.6,1.57029
2549.65,1.56706
2549.69,1.56383
2549.73,1.5606
2549.77,1.55736
2549.81,1.55412
2549.84,1.55088
2549.87,1.54763
2549.9,1.54438
2549.92,1.54112
2549.94,1.53787
2549.96,1.5346
2549.98,1.53134
2549.99,1.52807
2550,1.5248
2550,1.52152
2550.01,1.51824
2550,1.51496
2550,1.51167
2549.99,1.50893
2549.99,1.51224
2549.97,1.51555
2549.96,1.51885
2549.94,1.52214
2549.92,1.52544
2549.89,1.52873
2549.87,1.53202
2549.83,1.5353
2549.8,1.53858
2549.76,1.54186
2549.72,1.54513
2549.68,1.5484
2549.64,1.55167
2549.59,1.55493
2549.54,1.55819
2549.48,1.56145
2549.42,1.5647
2549.36,1.56795
2549.3,1.5712
2549.23,1.57444
2549.16,1.57768
2549.09,1.58091
2549.01,1.58415
2548.93,1.58738
2548.85,1.5906
2548.77,1.59383
2548.68,1.59705
2548.59,1.60027
2548.49,1.60348
2548.39,1.60669
2548.29,1.6099
2548.19,1.6131
2548.08,1.6163
2547.98,1.6195
2547.86,1.6227
2547.75,1.62589
2547.63,1.62908
2547.51,1.63226
2547.38,1.63544
2547.26,1.63862
2547.13,1.6418
2546.99,1.64497
2546.86,1.64814
2546.72,1.65131
2546.57,1.65448
2546.43,1.65764
2546.28,1.6608
2546.13,1.66395
2545.97,1.6671
2545.82,1.67025
2545.66,1.6734
2545.49,1.67654
2545.33,1.67968
2545.16,1.68282
2544.98,1.68596
2544.81,1.68909
2544.63,1.69222
2544.45,1.69534
2544.26,1.69847
2544.07,1.70159
2543.88,1.7047
2543.69,1.70782
2543.49,1.71093
2543.29,1.71404
2543.09,1.71715
2542.88,1.72025
2542.68,1.72335
2542.46,1.72645
2542.25,1.72954
2542.03,1.73263
2541.81,1.73572
2541.59,1.73881
2541.36,1.74189
2541.13,1.74498
2540.9,1.74805
2540.66,1.75113
2540.42,1.7542
2540.18,1.75727
2539.94,1.76034
2539.69,1.7634
2539.44,1.76647
2539.18,1.76953
2538.93,1.77258
2538.67,1.77564
2538.4,1.77869
2538.14,1.78174
2537.87,1.78478
2537.6,1.78782
2537.32,1.79086
2537.04,1.7939
2536.76,1.79694
2536.48,1.79997
2536.19,1.803
2535.9,1.80603
2535.61,1.80905
2535.31,1.81207
2535.01,1.81509
2534.71,1.81811
2534.41,1.82112
2534.1,1.82414
2533.79,1.82714
2533.48,1.83015
2533.16,1.83315
2532.84,1.83616
2532.52,1.83915
2532.19,1.84215
2531.86,1.84514
2531.53,1.84813
2531.2,1.85112
2530.86,1.85411
2530.52,1.85709
2530.17,1.86007
2529.83,1.86305
2529.48,1.86602
2529.12,1.869
2528.77,1.87197
2528.41,1.87493
2528.05,1.8779
2527.68,1.88086
2527.32,1.88382
2526.95,1.88678
2526.57,1.88973
2526.2,1.89268
2525.82,1.89563
2525.44,1.89858
2525.05,1.90152
2524.66,1.90447
2524.27,1.90741
2523.88,1.91034
2523.48,1.91328
2523.08,1.91621
2522.68,1.91914
2522.27,1.92206
2521.86,1.92499
2521.45,1.92791
2521.04,1.93083
2520.62,1.93374
2520.2,1.93666
2519.77,1.93957
2519.35,1.94247
2518.92,1.94538
2518.49,1.94828
2518.05,1.95118
2517.61,1.95408
2517.17,1.95698
2516.73,1.95987
2516.28,1.96276
2515.83,1.96565
2515.38,1.96853
2514.92,1.97141
2514.46,1.97429
2514,1.97717
2513.53,1.98004
2513.07,1.98292
2512.59,1.98579
2512.12,1.98865
2511.64,1.99152
2511.16,1.99438
2510.68,1.99724
2510.2,2.00009
2509.71,2.00294
2509.22,2.00579
2508.72,2.00864
2508.23,2.01149
2507.73,2.01433
2507.22,2.01717
2506.72,2.02001
2506.21,2.02284
2505.7,2.02567
2505.18,2.0285
2504.67,2.03133
2504.15,2.03415
2503.62,2.03697
2503.1,2.03979
2502.57,2.0426
2502.03,2.04542
2501.5,2.04823
2500.96,2.05103
2500.42,2.05384
2499.88,2.05664
2499.33,2.05944
2498.78,2.06223
2498.23,2.06502
2497.67,2.06781
2497.12,2.0706
2496.56,2.07338
2495.99,2.07617
2495.43,2.07894
2494.86,2.08172
2494.28,2.08449
2493.71,2.08726
2493.13,2.09003
2492.55,2.09279
2491.96,2.09555
2491.38,2.09831
2490.79,2.10106
2490.2,2.10382
2489.6,2.10656
2489,2.10931
2488.4,2.11205
2487.8,2.11479
2487.19,2.11753
2486.58,2.12026
2485.97,2.12299
2485.35,2.12572
2484.73,2.12844
2484.11,2.13116
2483.49,2.13388
2482.86,2.1366
2482.23,2.13931
2481.6,2.14201
2480.96,2.14472
2480.33,2.14742
2479.69,2.15012
2479.04,2.15281
2478.4,2.15551
2477.75,2.1582
2477.09,2.16088
2476.44,2.16356
2475.78,2.16624
2475.12,2.16892
2474.46,2.17159
2473.79,2.17426
2473.12,2.17692
2472.45,2.17958
2471.77,2.18224
2471.09,2.18489
2470.41,2.18755
2469.73,2.19019
2469.04,2.19284
2468.36,2.19548
2467.66,2.19811
2466.97,2.20075
2466.27,2.20338
2465.57,2.206
2464.87,2.20862
2464.16,2.21124
2463.46,2.21386
2462.74,2.21647
2462.03,2.21908
2461.31,2.22168
2460.59,2.22428
2459.87,2.22687
2459.15,2.22947
2458.42,2.23205
2457.69,2.23464
2456.95,2.23722
2456.22,2.23979
2455.48,2.24237
2454.74,2.24493
2453.99,2.2475
2453.24,2.25006
2452.49,2.25261
2451.74,2.25516
2450.99,2.25771
2450.23,2.26026
2449.47,2.26279
2448.7,2.26533
2447.94,2.26786
2447.17,2.27039
2446.4,2.27291
2445.62,2.27543
2444.84,2.27794
2444.06,2.28045
2443.28,2.28295
2442.5,2.28545
2441.71,2.28795
2440.92,2.29044
2440.12,2.29292
2439.33,2.29541
2438.53,2.29788
2437.73,2.30035
2436.92,2.30282
2436.11,2.30529
2435.3,2.30774
2434.49,2.3102
2433.68,2.31264
2432.86,2.31509
2432.04,2.31753
2431.21,2.31996
2430.39,2.32239
2429.56,2.32481
2428.73,2.32723
2427.89,2.32964
2427.06,2.33205
2426.22,2.33445
2425.38,2.33685
2424.53,2.33924
2423.68,2.34163
2422.84,2.34401
2421.98,2.34639
2421.13,2.34876
2420.27,2.35113
2419.41,2.35349
2418.55,2.35584
2417.68,2.35819
2416.81,2.36053
2415.94,2.36287
2415.07,2.3652
2414.19,2.36753
2413.31,2.36985
2412.43,2.37216
2411.55,2.37447
2410.66,2.37678
2409.77,2.37907
2408.88,2.38136
2407.99,2.38365
2407.09,2.38593
2406.19,2.3882
2405.29,2.39046
2404.38,2.39272
2403.47,2.39498
2402.57,2.39723
2401.65,2.39947
2400.74,2.4017
2399.82,2.40393
2398.9,2.40615
2397.98,2.40836
2397.05,2.41057
2396.12,2.41277
2395.19,2.41497
2394.26,2.41716
2393.33,2.41934
2392.39,2.42151
2391.45,2.42368
2390.51,2.42584
2389.56,2.42799
2388.61,2.43014
2387.66,2.43227
2386.71,2.43441
2385.75,2.43653
2384.8,2.43865
2383.83,2.44075
2382.87,2.44286
2381.91,2.44495
2380.94,2.44704
2379.97,2.44912
2379,2.45119
2378.02,2.45325
2377.04,2.45531
2376.06,2.45735
2375.08,2.45939
2374.09,2.46142
2373.11,2.46345
2372.12,2.46546
2371.12,2.46747
2370.13,2.46947
2369.13,2.47146
2368.13,2.47344
2367.13,2.47541
2366.13,2.47738
2365.12,2.47933
2364.11,2.48128
2363.1,2.48322
2362.08,2.48515
2361.07,2.48707
2360.05,2.48898
2359.03,2.49089
2358,2.49278
2356.98,2.49466
2355.95,2.49654
2354.92,2.4984
2353.88,2.50026
2352.85,2.50211
2351.81,2.50394
2350.77,2.50577
2349.73,2.50759
2348.68,2.5094
2347.63,2.5112
2346.58,2.51299
2345.53,2.51477
2344.48,2.51653
2343.42,2.51829
2342.36,2.52004
2341.3,2.52178
2340.24,2.5235
2339.17,2.52522
2338.1,2.52693
2337.03,2.52862
2335.96,2.53031
2334.89,2.53198
2333.81,2.53364
2332.73,2.53529
2331.65,2.53693
2330.56,2.53856
2329.48,2.54018
2328.39,2.54179
2327.3,2.54338
2326.2,2.54497
2325.11,2.54654
2324.01,2.5481
2322.91,2.54965
2321.81,2.55118
2320.71,2.55271
2319.6,2.55422
2318.49,2.55572
2317.38,2.55721
2316.27,2.55868
2315.15,2.56015
2314.04,2.5616
2312.92,2.56303
2311.8,2.56446
2310.67,2.56587
2309.55,2.56727
2308.42,2.56865
2307.29,2.57003
2306.16,2.57139
2305.02,2.57273
2303.89,2.57406
2302.75,2.57538
2301.61,2.57669
2300.46,2.57798
2299.32,2.57926
2298.17,2.58052
2297.02,2.58177
2295.87,2.583
2294.72,2.58422
2293.56,2.58543
2292.41,2.58662
2291.25,2.5878
2290.09,2.58896
2288.92,2.59011
2287.76,2.59124
2286.59,2.59235
2285.42,2.59345
2284.25,2.59454
2283.08,2.59561
2281.9,2.59667
2280.72,2.5977
2279.54,2.59873
2278.36,2.59973
2277.18,2.60073
2275.99,2.6017
2274.81,2.60266
2273.62,2.6036
2272.42,2.60453
2271.23,2.60543
2270.04,2.60632
2268.84,2.6072
2267.64,2.60806
2266.44,2.6089
2265.24,2.60972
2264.03,2.61052
2262.83,2.61131
2261.62,2.61208
2260.41,2.61283
2259.2,2.61357
2257.98,2.61428
2256.77,2.61498
2255.55,2.61566
2254.33,2.61632
2253.11,2.61696
2251.89,2.61758
2250.66,2.61818
2249.43,2.61877
2248.21,2.61933
2246.98,2.61988
2245.74,2.6204
2244.51,2.62091
2243.27,2.62139
2242.04,2.62186
2240.8,2.6223
2239.56,2.62273
2238.32,2.62313
2237.07,2.62352
2235.83,2.62388
2234.58,2.62422
2233.33,2.62454
2232.08,2.62484
2230.82,2.62512
2229.57,2.62538
2228.31,2.62561
2227.06,2.62583
2225.8,2.62602
2224.54,2.62619
2223.27,2.62633
2222.01,2.62646
2220.74,2.62656
2219.48,2.62664
2218.21,2.62669
2216.94,2.62673
2215.66,2.62673
2214.39,2.62672
2213.11,2.62668
2211.84,2.62662
2210.56,2.62653
2209.28,2.62642
2208,2.62629
2206.71,2.62613
2205.43,2.62594
2204.14,2.62573
2202.86,2.6255
2201.57,2.62524
2200.28,2.62495
2198.99,2.62464
2197.69,2.6243
2196.4,2.62394
2195.1,2.62355
2193.8,2.62314
2192.5,2.62269
2191.2,2.62222
2189.9,2.62173
2188.6,2.6212
2187.29,2.62065
2185.99,2.62008
2184.68,2.61947
2183.37,2.61884
2182.06,2.61817
2180.75,2.61748
2179.44,2.61677
2178.12,2.61602
2176.81,2.61524
2175.49,2.61444
2174.17,2.6136
2172.86,2.61274
2171.54,2.61184
2170.21,2.61092
2168.89,2.60997
2167.57,2.60898
2166.24,2.60797
2164.92,2.60692
2163.59,2.60584
2162.26,2.60474
2160.93,2.6036
2159.6,2.60243
2158.27,2.60123
2156.93,2.59999
2155.6,2.59872
2154.26,2.59743
2152.93,2.59609
2151.59,2.59473
2150.25,2.59333
2148.91,2.5919
2147.57,2.59043
2146.23,2.58894
2144.88,2.5874
2143.54,2.58584
2142.19,2.58424
2140.85,2.5826
2139.5,2.58093
2138.15,2.57923
2136.8,2.57748
2135.45,2.57571
2134.1,2.5739
2132.75,2.57205
2131.4,2.57016
2130.05,2.56824
2128.69,2.56628
2127.34,2.56429
2125.98,2.56226
2124.62,2.56019
2123.26,2.55808
2121.91,2.55593
2120.55,2.55375
2119.19,2.55153
2117.82,2.54927
2116.46,2.54697
2115.1,2.54463
2113.74,2.54225
2112.37,2.53984
2111.01,2.53738
2109.64,2.53488
2108.28,2.53234
2106.91,2.52976
2105.54,2.52715
2104.17,2.52448
2102.8,2.52178
2101.43,2.51904
2100.06,2.51625
2098.69,2.51343
2097.32,2.51056
2095.95,2.50764
2094.58,2.50469
2093.2,2.50169
2091.83,2.49865
2090.46,2.49556
2089.08,2.49243
2087.71,2.48926
2086.33,2.48604
2084.95,2.48277
2083.58,2.47946
2082.2,2.47611
2080.82,2.47271
2079.45,2.46927
2078.07,2.46577
2076.69,2.46224
2075.31,2.45865
2073.93,2.45502
2072.55,2.45134
2071.17,2.44762
2069.79,2.44384
2068.41,2.44002
2067.03,2.43615
2065.65,2.43223
2064.27,2.42827
2062.88,2.42425
2061.5,2.42018
2060.12,2.41607
2058.74,2.4119
2057.36,2.40769
2055.97,2.40342
2054.59,2.39911
2053.21,2.39474
2051.83,2.39032
2050.44,2.38585
2049.06,2.38133
2047.68,2.37675
2046.29,2.37213
2044.91,2.36745
2043.53,2.36271
2042.14,2.35793
2040.76,2.35793
2039.38,2.36918
2037.99,2.38043
2036.61,2.39169
2035.23,2.40297
2033.84,2.41425
2032.46,2.42555
2031.08,2.43686
2029.7,2.44818
2028.31,2.4595
2026.93,2.47084
2025.55,2.48218
2024.17,2.49354
2022.79,2.5049
2021.4,2.51628
2020.02,2.52766
2018.64,2.53905
2017.26,2.55044
2015.88,2.56185
2014.5,2.57326
2013.12,2.58468
2011.74,2.59611
2010.36,2.60754
2008.99,2.61898
2007.61,2.63043
2006.23,2.64188
2004.85,2.65333
2003.48,2.66479
2002.1,2.67626
2000.72,2.68773
1999.35,2.69921
1997.97,2.71069
1996.6,2.72217
1995.23,2.73366
1993.85,2.74515
1992.48,2.75664
1991.11,2.76814
1989.74,2.77963
1988.37,2.79113
1987,2.80263
1985.63,2.81413
1984.26,2.82564
1982.9,2.83714
1981.53,2.84864
1980.16,2.86014
1978.8,2.87165
1977.44,2.88315
1976.07,2.89465
1974.71,2.90615
1973.35,2.91764
1971.99,2.92914
1970.63,2.94063
1969.27,2.95212
1967.91,2.9636
1966.56,2.97508
1965.2,2.98656
1963.84,2.99803
1962.49,3.0095
1961.14,3.02096
1959.79,3.03241
1958.44,3.04386
1957.09,3.0553
1955.74,3.06674
1954.39,3.07817
1953.05,3.08959
1951.7,3.101
1950.36,3.1124
1949.02,3.12379
1947.67,3.13518
1946.34,3.14655
1945,3.15791
1943.66,3.16926
1942.32,3.1806
1940.99,3.19193
1939.66,3.20324
1938.33,3.21455
1937,3.22584
1935.67,3.23711
1934.34,3.24837
1933.01,3.25962
1931.69,3.27085
1930.37,3.28206
1929.05,3.29326
1927.73,3.30444
1926.41,3.31561
1925.09,3.32675
1923.78,3.33788
1922.47,3.34899
1921.15,3.36008
1919.84,3.37115
1918.54,3.3822
1917.23,3.39323
1915.93,3.40423
1914.62,3.41522
1913.32,3.42618
1912.02,3.43712
1910.73,3.44803
1909.43,3.45892
1908.14,3.46979
1906.85,3.48063
1905.56,3.49144
1904.27,3.50223
1902.99,3.51299
1901.7,3.52372
1900.42,3.53443
1899.14,3.5451
1897.86,3.55575
1896.59,3.56637
1895.32,3.57695
1894.05,3.5875
1892.78,3.59802
1891.51,3.60851
1890.25,3.61897
1888.99,3.62939
1887.73,3.63978
1886.47,3.65013
1885.21,3.66045
1883.96,3.67073
1882.71,3.68097
1881.46,3.69117
1880.22,3.70134
1878.97,3.71147
1877.73,3.72156
1876.5,3.73161
1875.26,3.74161
1874.03,3.75158
1872.8,3.7615
1871.57,3.77138
1870.34,3.78122
1869.12,3.79101
1867.9,3.80076
1866.68,3.81046
1865.47,3.82012
1864.26,3.82972
1863.05,3.83928
1861.84,3.8488
1860.64,3.85826
1859.44,3.86767
1858.24,3.87703
1857.04,3.88634
1855.85,3.8956
1854.66,3.90481
1853.47,3.91396
1852.29,3.92306
1851.11,3.9321
1849.93,3.94109
1848.76,3.95002
1847.59,3.95889
1846.42,3.96771
1845.25,3.97647
1844.09,3.98517
1842.93,3.9938
1841.78,4.00238
1840.62,4.0109
1839.47,4.01935
1838.33,4.02774
1837.18,4.03607
1836.04,4.04433
1834.91,4.05252
1833.78,4.06065
1832.65,4.06872
1831.52,4.07671
1830.4,4.08464
1829.28,4.0925
1828.16,4.10028
1827.05,4.108
1825.94,4.11565
1824.84,4.12322
1823.73,4.13072
1822.64,4.13814
1821.54,4.1455
1820.45,4.15277
1819.36,4.15997
1818.28,4.16709
1817.2,4.17414
1816.12,4.1811
1815.05,4.18799
1813.98,4.1948
1812.92,4.20152
1811.86,4.20817
1810.8,4.21473
1809.75,4.22121
1808.7,4.2276
1807.65,4.23391
1806.61,4.24014
1805.57,4.24628
1804.54,4.25233
1803.51,4.25829
1802.48,4.26417
1801.46,4.26995
1800.45,4.27564
1799.43,4.28125
1798.42,4.28676
1797.42,4.29218
1796.42,4.29751
1795.42,4.30274
1794.43,4.30787
1793.44,4.31292
1792.46,4.31786
1791.48,4.32271
1790.51,4.32746
1789.53,4.33211
1788.57,4.33666
1787.61,4.34111
1786.65,4.34546
1785.7,4.34971
1784.75,4.35386
1783.81,4.3579
1782.87,4.36184
1781.93,4.36567
1781,4.3694
1780.08,4.37303
1779.15,4.37654
1778.24,4.37995
1777.33,4.38325
1776.42,4.38644
1775.52,4.38952
1774.62,4.39249
1773.73,4.39535
1772.84,4.3981
1771.96,4.40074
1771.08,4.40326
1770.21,4.40567
1769.34,4.40796
1768.47,4.41014
1767.61,4.4122
1766.76,4.41415
1765.91,4.41598
1765.07,4.41769
1764.23,4.41928
1763.4,4.42076
1762.57,4.42211
1761.74,4.42334
1760.93,4.42445
1760.11,4.42544
1759.3,4.42631
1758.5,4.42706
1757.7,4.42768
1756.91,4.42817
1756.12,4.42855
1755.34,4.42879
1754.57,4.42892
1753.79,4.42891
1753.03,4.42878
1752.27,4.42852
1751.51,4.42813
1750.76,4.42762
1750.02,4.42697
1749.28,4.4262
1748.54,4.42529
1747.81,4.42426
1747.09,4.42309
1746.37,4.42179
1745.66,4.42036
1744.96,4.4188
1744.26,4.4171
1743.56,4.41528
1742.87,4.41331
1742.19,4.41122
1741.51,4.40898
1740.84,4.40662
1740.17,4.40412
1739.51,4.40148
1738.85,4.3987
1738.2,4.39579
1737.56,4.39275
1736.92,4.38956
1736.29,4.38624
1735.66,4.38278
1735.04,4.37918
1734.43,4.37544
1733.82,4.37157
1733.21,4.36755
1732.62,4.3634
1732.03,4.3591
1731.44,4.35467
1730.86,4.3501
1730.29,4.34538
1729.72,4.34053
1729.16,4.33553
1728.6,4.3304
1728.05,4.32512
1727.51,4.3197
1726.97,4.31414
1726.44,4.30844
1725.92,4.30259
1725.4,4.29661
1724.88,4.29048
1724.38,4.28421
1723.88,4.2778
1723.38,4.27125
1722.89,4.26455
1722.41,4.25772
1721.94,4.25074
1721.47,4.24361
1721,4.23635
1720.55,4.22894
1720.1,4.2214
1719.65,4.21371
1719.21,4.20587
1718.78,4.1979
1718.36,4.18978
1717.94,4.18152
1717.52,4.17312
1717.12,4.16458
1716.72,4.1559
1716.33,4.14707
1715.94,4.13811
1715.56,4.129
1715.18,4.11975
1714.81,4.11036
1714.45,4.10084
1714.1,4.09117
1713.75,4.08136
1713.41,4.07141
1713.07,4.06132
1712.74,4.0511
1712.42,4.04073
1712.11,4.03023
1711.8,4.01958
1711.49,4.0088
1711.2,3.99789
1710.91,3.98683
1710.62,3.97564
1710.35,3.96431
1710.08,3.95285
1709.81,3.94125
1709.56,3.92952
1709.31,3.91765
1709.06,3.90565
1708.83,3.89351
1708.6,3.88124
1708.37,3.86884
1708.16,3.8563
1707.95,3.84364
1707.74,3.83084
1707.55,3.81791
1707.36,3.80486
1707.17,3.79167
1707,3.77835
1706.83,3.76491
1706.66,3.75134
1706.51,3.73764
1706.36,3.72381
1706.21,3.70987
1706.08,3.69579
1705.95,3.68159
1705.82,3.66727
1705.71,3.65282
1705.6,3.63826
1705.5,3.62357
1705.4,3.60876
1705.31,3.59383
1705.23,3.57878
1705.15,3.56361
1705.08,3.54833
1705.02,3.53293
1704.96,3.51741
1704.92,3.50178
1704.87,3.48603
1704.84,3.47017
1704.81,3.4542
1704.79,3.43812
1704.77,3.42192
1704.77,3.40562
1704.76,3.3892
1704.77,3.3783
1704.78,3.39473
1704.8,3.41104
1704.83,3.42725
1704.86,3.44334
1704.9,3.45932
1704.95,3.47519
1705,3.49094
1705.06,3.50658
1705.12,3.52211
1705.2,3.53752
1705.28,3.55281
1705.36,3.56798
1705.46,3.58304
1705.56,3.59798
1705.66,3.61279
1705.78,3.62749
1705.9,3.64206
1706.03,3.65651
1706.16,3.67084
1706.3,3.68505
1706.45,3.69913
1706.6,3.71308
1706.76,3.72691
1706.93,3.74062
1707.1,3.75419
1707.28,3.76764
1707.47,3.78096
1707.67,3.79415
1707.87,3.80722
1708.07,3.82015
1708.29,3.83295
1708.51,3.84562
1708.74,3.85816
1708.97,3.87056
1709.21,3.88284
1709.46,3.89498
1709.71,3.90699
1709.97,3.91886
1710.24,3.9306
1710.52,3.9422
1710.8,3.95367
1711.08,3.965
1711.38,3.9762
1711.68,3.98726
1711.98,3.99818
1712.3,4.00896
1712.62,4.01961
1712.94,4.03012
1713.28,4.04049
1713.62,4.05072
1713.96,4.06082
1714.31,4.07077
1714.67,4.08058
1715.04,4.09026
1715.41,4.09979
1715.79,4.10919
1716.17,4.11844
1716.56,4.12755
1716.96,4.13653
1717.37,4.14536
1717.78,4.15405
1718.19,4.1626
1718.62,4.171
1719.04,4.17927
1719.48,4.18739
1719.92,4.19538
1720.37,4.20322
1720.83,4.21092
1721.29,4.21847
1721.75,4.22589
1722.23,4.23316
1722.71,4.24029
1723.19,4.24728
1723.68,4.25413
1724.18,4.26084
1724.69,4.2674
1725.2,4.27382
1725.71,4.2801
1726.24,4.28624
1726.76,4.29224
1727.3,4.29809
1727.84,4.30381
1728.39,4.30938
1728.94,4.31481
1729.5,4.32011
1730.07,4.32526
1730.64,4.33027
1731.21,4.33514
1731.8,4.33987
1732.39,4.34446
1732.98,4.3489
1733.58,4.35321
1734.19,4.35739
1734.8,4.36142
1735.42,4.36531
1736.04,4.36907
1736.67,4.37268
1737.31,4.37616
1737.95,4.37951
1738.6,4.38271
1739.25,4.38578
1739.91,4.38871
1740.58,4.39151
1741.25,4.39417
1741.92,4.39669
1742.6,4.39908
1743.29,4.40133
1743.98,4.40345
1744.68,4.40544
1745.39,4.40729
1746.1,4.40901
1746.81,4.4106
1747.53,4.41206
1748.26,4.41338
1748.99,4.41458
1749.73,4.41564
1750.47,4.41657
1751.22,4.41738
1751.97,4.41805
1752.73,4.4186
1753.49,4.41901
1754.26,4.41931
1755.04,4.41947
1755.82,4.41951
1756.6,4.41942
1757.39,4.4192
1758.19,4.41886
1758.99,4.4184
1759.8,4.41781
1760.61,4.4171
1761.42,4.41627
1762.25,4.41532
1763.07,4.41425
1763.9,4.41305
1764.74,4.41173
1765.58,4.4103
1766.43,4.40875
1767.28,4.40708
1768.14,4.40529
1769,4.40338
1769.87,4.40136
1770.74,4.39922
1771.61,4.39697
1772.5,4.39461
1773.38,4.39213
1774.27,4.38954
1775.17,4.38683
1776.07,4.38402
1776.97,4.38109
1777.88,4.37806
1778.8,4.37491
1779.72,4.37166
1780.64,4.3683
1781.57,4.36483
1782.5,4.36126
1783.44,4.35758
1784.38,4.35379
1785.33,4.34991
1786.28,4.34591
1787.23,4.34182
1788.19,4.33762
1789.16,4.33333
1790.13,4.32893
1791.1,4.32443
1792.08,4.31983
1793.06,4.31514
1794.05,4.31035
1795.04,4.30546
1796.03,4.30047
1797.03,4.29539
1798.03,4.29022
1799.04,4.28495
1800.05,4.27959
1801.07,4.27414
1802.09,4.26859
1803.11,4.26296
1804.14,4.25724
1805.17,4.25142
1806.21,4.24552
1807.25,4.23953
1808.29,4.23346
1809.34,4.2273
1810.39,4.22105
1811.44,4.21472
1812.5,4.2083
1813.57,4.20181
1814.63,4.19523
1815.7,4.18857
1816.78,4.18183
1817.86,4.175
1818.94,4.16811
1820.03,4.16113
1821.12,4.15407
1822.21,4.14694
1823.3,4.13974
1824.41,4.13245
1825.51,4.1251
1826.62,4.11767
1827.73,4.11016
1828.84,4.10259
1829.96,4.09494
1831.08,4.08723
1832.21,4.07944
1833.33,4.07159
1834.47,4.06367
1835.6,4.05568
1836.74,4.04762
1837.88,4.0395
1839.03,4.03131
1840.17,4.02306
1841.33,4.01474
1842.48,4.00637
1843.64,3.99793
1844.8,3.98943
1845.96,3.98086
1847.13,3.97224
1848.3,3.96356
1849.47,3.95482
1850.65,3.94603
1851.83,3.93717
1853.01,3.92826
1854.2,3.9193
1855.39,3.91028
1856.58,3.90121
1857.77,3.89208
1858.97,3.8829
1860.17,3.87367
1861.37,3.86439
1862.58,3.85506
1863.78,3.84567
1864.99,3.83624
1866.21,3.82677
1867.42,3.81724
1868.64,3.80766
1869.87,3.79804
1871.09,3.78838
1872.32,3.77867
1873.55,3.76891
1874.78,3.75912
1876.01,3.74928
1877.25,3.73939
1878.49,3.72947
1879.73,3.7195
1880.98,3.7095
1882.22,3.69946
1883.47,3.68937
1884.72,3.67925
1885.98,3.66909
1887.23,3.6589
1888.49,3.64866
1889.75,3.6384
1891.02,3.62809
1892.28,3.61776
1893.55,3.60739
1894.82,3.59698
1896.09,3.58655
1897.37,3.57608
1898.64,3.56558
1899.92,3.55505
1901.2,3.54449
1902.48,3.5339
1903.77,3.52328
1905.06,3.51263
1906.34,3.50196
1907.63,3.49126
1908.93,3.48053
1910.22,3.46977
1911.52,3.45899
1912.82,3.44819
1914.12,3.43736
1915.42,3.42651
1916.72,3.41563
1918.03,3.40473
1919.33,3.39381
1920.64,3.38287
1921.95,3.37191
1923.26,3.36093
1924.58,3.34992
1925.89,3.3389
1927.21,3.32786
1928.53,3.3168
1929.85,3.30572
1931.17,3.29463
1932.5,3.28351
1933.82,3.27238
1935.15,3.26124
1936.48,3.25008
1937.81,3.23891
1939.14,3.22772
1940.47,3.21651
1941.8,3.2053
1943.14,3.19407
1944.47,3.18283
1945.81,3.17157
1947.15,3.1603
1948.49,3.14903
1949.83,3.13774
1951.18,3.12644
1952.52,3.11514
1953.87,3.10382
1955.21,3.09249
1956.56,3.08116
1957.91,3.06982
1959.26,3.05847
1960.61,3.04711
1961.96,3.03574
1963.32,3.02437
1964.67,3.013
1966.03,3.00161
1967.38,2.99023
1968.74,2.97883
1970.1,2.96744
1971.46,2.95604
1972.82,2.94463
1974.18,2.93322
1975.54,2.92181
1976.9,2.9104
1978.27,2.89898
1979.63,2.88757
1981,2.87615
1982.36,2.86473
1983.73,2.85331
1985.1,2.84189
1986.47,2.83047
1987.84,2.81905
1989.21,2.80763
1990.58,2.79621
1991.95,2.78479
1993.32,2.77337
1994.69,2.76196
1996.07,2.75055
1997.44,2.73914
1998.81,2.72773
2000.19,2.71633
2001.56,2.70493
2002.94,2.69353
2004.32,2.68214
2005.69,2.67075
2007.07,2.65937
2008.45,2.64799
2009.83,2.63662
2011.2,2.62526
2012.58,2.61389
2013.96,2.60254
2015.34,2.59119
2016.72,2.57985
2018.1,2.56852
2019.48,2.55719
2020.86,2.54587
2022.25,2.53455
2023.63,2.52325
2025.01,2.51195
2026.39,2.50067
2027.77,2.48939
2029.16,2.47812
2030.54,2.46685
2031.92,2.4556
2033.3,2.44436
2034.69,2.43313
2036.07,2.4219
2037.45,2.41069
2038.84,2.39949
2040.22,2.3883
2041.6,2.37712
2042.99,2.36595
2044.37,2.35479
2045.75,2.34441
2047.14,2.34918
2048.52,2.3539
2049.9,2.35857
2051.28,2.36318
2052.67,2.36774
2054.05,2.37226
2055.43,2.37671
2056.82,2.38112
2058.2,2.38548
2059.58,2.38979
2060.96,2.39405
2062.34,2.39825
2063.73,2.40241
2065.11,2.40652
2066.49,2.41058
2067.87,2.41459
2069.25,2.41855
2070.63,2.42246
2072.01,2.42633
2073.39,2.43015
2074.77,2.43392
2076.15,2.43764
2077.53,2.44132
2078.91,2.44495
2080.29,2.44853
2081.66,2.45207
2083.04,2.45556
2084.42,2.45901
2085.79,2.46241
2087.17,2.46576
2088.54,2.46907
2089.92,2.47234
2091.29,2.47556
2092.67,2.47874
2094.04,2.48187
2095.41,2.48497
2096.79,2.48801
2098.16,2.49102
2099.53,2.49398
2100.9,2.4969
2102.27,2.49978
2103.64,2.50261
2105.01,2.5054
2106.37,2.50816
2107.74,2.51087
2109.11,2.51354
2110.47,2.51617
2111.84,2.51876
2113.2,2.5213
2114.57,2.52381
2115.93,2.52628
2117.29,2.52871
2118.65,2.5311
2120.01,2.53345
2121.37,2.53577
2122.73,2.53804
2124.09,2.54028
2125.45,2.54248
2126.8,2.54464
2128.16,2.54676
2129.52,2.54884
2130.87,2.55089
2132.22,2.5529
2133.57,2.55488
2134.93,2.55682
2136.28,2.55872
2137.63,2.56059
2138.97,2.56242
2140.32,2.56421
2141.67,2.56597
2143.01,2.5677
2144.36,2.56939
2145.7,2.57104
2147.04,2.57267
2148.38,2.57425
2149.72,2.57581
2151.06,2.57733
2152.4,2.57881
2153.74,2.58027
2155.08,2.58169
2156.41,2.58308
2157.74,2.58443
2159.08,2.58575
2160.41,2.58705
2161.74,2.5883
2163.07,2.58953
2164.4,2.59073
2165.72,2.59189
2167.05,2.59303
2168.37,2.59413
2169.7,2.5952
2171.02,2.59624
2172.34,2.59725
2173.66,2.59823
2174.98,2.59919
2176.29,2.60011
2177.61,2.601
2178.92,2.60186
2180.24,2.6027
2181.55,2.6035
2182.86,2.60428
2184.17,2.60503
2185.48,2.60575
2186.78,2.60644
2188.09,2.6071
2189.39,2.60774
2190.69,2.60835
2192,2.60893
2193.29,2.60949
2194.59,2.61002
2195.89,2.61052
2197.18,2.61099
2198.48,2.61144
2199.77,2.61186
2201.06,2.61226
2202.35,2.61263
2203.64,2.61297
2204.93,2.61329
2206.21,2.61359
2207.5,2.61386
2208.78,2.6141
2210.06,2.61432
2211.34,2.61451
2212.61,2.61468
2213.89,2.61483
2215.17,2.61495
2216.44,2.61505
2217.71,2.61513
2218.98,2.61518
2220.25,2.61521
2221.51,2.61521
2222.78,2.61519
2224.04,2.61515
2225.3,2.61509
2226.56,2.615
2227.82,2.61489
2229.08,2.61476
2230.33,2.61461
2231.59,2.61443
2232.84,2.61424
2234.09,2.61402
2235.34,2.61378
2236.58,2.61352
2237.83,2.61323
2239.07,2.61293
2240.31,2.61261
2241.55,2.61226
2242.79,2.6119
2244.03,2.61151
2245.26,2.61111
2246.49,2.61068
2247.72,2.61024
2248.95,2.60977
2250.18,2.60929
2251.41,2.60878
2252.63,2.60826
2253.85,2.60772
2255.07,2.60715
2256.29,2.60657
2257.51,2.60597
2258.72,2.60536
2259.93,2.60472
2261.15,2.60406
2262.35,2.60339
2263.56,2.6027
2264.77,2.60199
2265.97,2.60126
2267.17,2.60052
2268.37,2.59976
2269.57,2.59898
2270.76,2.59818
2271.96,2.59737
2273.15,2.59654
2274.34,2.59569
2275.53,2.59482
2276.71,2.59394
2277.9,2.59304
2279.08,2.59213
2280.26,2.5912
2281.44,2.59025
2282.62,2.58929
2283.79,2.58831
2284.96,2.58732
2286.13,2.58631
2287.3,2.58528
2288.47,2.58424
2289.63,2.58318
2290.79,2.58211
2291.95,2.58102
2293.11,2.57992
2294.27,2.57881
2295.42,2.57767
2296.57,2.57653
2297.72,2.57537
2298.87,2.57419
2300.02,2.573
2301.16,2.5718
2302.3,2.57058
2303.44,2.56935
2304.58,2.56811
2305.71,2.56685
2306.85,2.56557
2307.98,2.56429
2309.11,2.56299
2310.23,2.56168
2311.36,2.56035
2312.48,2.55901
2313.6,2.55766
2314.72,2.55629
2315.83,2.55491
2316.95,2.55352
2318.06,2.55212
2319.17,2.5507
2320.27,2.54927
2321.38,2.54783
2322.48,2.54638
2323.58,2.54491
2324.68,2.54344
2325.78,2.54195
2326.87,2.54045
2327.96,2.53893
2329.05,2.53741
2330.14,2.53587
2331.22,2.53432
2332.31,2.53276
2333.39,2.53119
2334.46,2.52961
2335.54,2.52802
2336.61,2.52641
2337.68,2.5248
2338.75,2.52317
2339.82,2.52154
2340.89,2.51989
2341.95,2.51823
2343.01,2.51656
2344.06,2.51488
2345.12,2.51319
2346.17,2.51149
2347.22,2.50978
2348.27,2.50806
2349.32,2.50633
2350.36,2.50459
2351.4,2.50284
2352.44,2.50108
2353.48,2.49931
2354.51,2.49753
2355.54,2.49574
2356.57,2.49394
2357.6,2.49213
2358.63,2.49031
2359.65,2.48848
2360.67,2.48665
2361.68,2.4848
2362.7,2.48295
2363.71,2.48108
2364.72,2.47921
2365.73,2.47733
2366.74,2.47544
2367.74,2.47354
2368.74,2.47163
2369.74,2.46971
2370.73,2.46779
2371.73,2.46585
2372.72,2.46391
2373.71,2.46196
2374.69,2.46
2375.68,2.45803
2376.66,2.45606
2377.64,2.45407
2378.61,2.45208
2379.59,2.45008
2380.56,2.44807
2381.53,2.44606
2382.49,2.44404
2383.46,2.44201
2384.42,2.43997
2385.38,2.43792
2386.33,2.43587
2387.29,2.43381
2388.24,2.43174
2389.19,2.42966
2390.14,2.42758
2391.08,2.42549
2392.02,2.42339
2392.96,2.42128
2393.9,2.41917
2394.83,2.41705
2395.76,2.41493
2396.69,2.41279
2397.62,2.41065
2398.54,2.40851
2399.46,2.40635
2400.38,2.40419
2401.29,2.40202
2402.21,2.39985
2403.12,2.39767
2404.03,2.39548
2404.93,2.39329
2405.84,2.39109
2406.74,2.38888
2407.63,2.38667
2408.53,2.38445
2409.42,2.38223
2410.31,2.38
2411.2,2.37776
2412.09,2.37551
2412.97,2.37326
2413.85,2.37101
2414.72,2.36875
2415.6,2.36648
2416.47,2.36421
2417.34,2.36193
2418.21,2.35964
2419.07,2.35735
2419.93,2.35506
2420.79,2.35275
2421.65,2.35045
2422.5,2.34813
2423.35,2.34581
2424.2,2.34349
2425.05,2.34116
2425.89,2.33882
2426.73,2.33648
2427.57,2.33414
2428.4,2.33179
2429.23,2.32943
2430.06,2.32707
2430.89,2.3247
2431.71,2.32233
2432.54,2.31995
2433.36,2.31757
2434.17,2.31518
2434.99,2.31279
2435.8,2.31039
2436.6,2.30799
2437.41,2.30558
2438.21,2.30317
2439.01,2.30075
2439.81,2.29833
2440.6,2.29591
2441.4,2.29348
2442.19,2.29104
2442.97,2.2886
2443.76,2.28616
2444.54,2.28371
2445.32,2.28125
2446.09,2.27879
2446.86,2.27633
2447.64,2.27386
2448.4,2.27139
2449.17,2.26891
2449.93,2.26643
2450.69,2.26395
2451.45,2.26146
2452.2,2.25896
2452.95,2.25647
2453.7,2.25396
2454.44,2.25146
2455.19,2.24895
2455.93,2.24643
2456.66,2.24391
2457.4,2.24139
2458.13,2.23886
2458.86,2.23633
2459.59,2.23379
2460.31,2.23125
2461.03,2.22871
2461.75,2.22616
2462.46,2.22361
2463.18,2.22106
2463.88,2.2185
2464.59,2.21594
2465.3,2.21337
2466,2.2108
2466.7,2.20822
2467.39,2.20565
2468.08,2.20306
2468.77,2.20048
2469.46,2.19789
2470.15,2.1953
2470.83,2.1927
2471.51,2.1901
2472.18,2.1875
2472.85,2.18489
2473.53,2.18228
2474.19,2.17966
2474.86,2.17705
2475.52,2.17442
2476.18,2.1718
2476.83,2.16917
2477.49,2.16654
2478.14,2.1639
2478.79,2.16127
2479.43,2.15862
2480.07,2.15598
2480.71,2.15333
2481.35,2.15068
2481.98,2.14802
2482.61,2.14536
2483.24,2.1427
2483.87,2.14003
2484.49,2.13737
2485.11,2.13469
2485.72,2.13202
2486.34,2.12934
2486.95,2.12666
2487.56,2.12397
2488.16,2.12129
2488.76,2.11859
2489.36,2.1159
2489.96,2.1132
2490.55,2.1105
2491.14,2.1078
2491.73,2.10509
2492.32,2.10238
2492.9,2.09967
2493.48,2.09695
2494.06,2.09423
2494.63,2.09151
2495.2,2.08879
2495.77,2.08606
2496.33,2.08333
2496.89,2.08059
2497.45,2.07785
2498.01,2.07511
2498.56,2.07237
2499.11,2.06963
2499.66,2.06688
2500.21,2.06413
2500.75,2.06137
2501.29,2.05861
2501.82,2.05585
2502.36,2.05309
2502.89,2.05032
2503.41,2.04755
2503.94,2.04478
2504.46,2.04201
2504.98,2.03923
2505.49,2.03645
2506.01,2.03367
2506.52,2.03088
2507.02,2.02809
2507.53,2.0253
2508.03,2.0225
2508.53,2.01971
2509.02,2.01691
2509.51,2.0141
2510,2.0113
2510.49,2.00849
2510.97,2.00568
2511.45,2.00286
2511.93,2.00005
2512.41,1.99723
2512.88,1.99441
2513.35,1.99158
2513.81,1.98875
2514.28,1.98592
2514.74,1.98309
2515.19,1.98026
2515.65,1.97742
2516.1,1.97458
2516.55,1.97173
2516.99,1.96889
2517.43,1.96604
2517.87,1.96319
2518.31,1.96033
2518.74,1.95747
2519.17,1.95462
2519.6,1.95175
2520.03,1.94889
2520.45,1.94602
2520.87,1.94315
2521.28,1.94028
2521.7,1.9374
2522.11,1.93452
2522.51,1.93164
2522.92,1.92876
2523.32,1.92587
2523.72,1.92298
2524.11,1.92009
2524.5,1.9172
2524.89,1.9143
2525.28,1.9114
2525.66,1.9085
2526.04,1.90559
2526.42,1.90269
2526.8,1.89978
2527.17,1.89686
2527.54,1.89395
2527.9,1.89103
2528.26,1.88811
2528.62,1.88518
2528.98,1.88226
2529.33,1.87933
2529.68,1.8764
2530.03,1.87347
2530.38,1.87053
2530.72,1.86759
2531.06,1.86465
2531.39,1.8617
2531.73,1.85876
2532.06,1.85581
2532.38,1.85285
2532.71,1.8499
2533.03,1.84694
2533.35,1.84398
2533.66,1.84102
2533.97,1.83805
2534.28,1.83508
2534.59,1.83211
2534.89,1.82914
2535.19,1.82616
2535.49,1.82318
2535.78,1.8202
2536.07,1.81722
2536.36,1.81423
2536.65,1.81124
2536.93,1.80825
2537.21,1.80525
2537.48,1.80225
2537.76,1.79925
2538.03,1.79625
2538.29,1.79324
2538.56,1.79023
2538.82,1.78722
2539.08,1.78421
2539.33,1.78119
2539.58,1.77817
2539.83,1.77515
2540.08,1.77212
2540.32,1.76909
2540.56,1.76606
2540.8,1.76303
2541.03,1.75999
2541.26,1.75695
2541.49,1.75391
2541.72,1.75086
2541.94,1.74781
2542.16,1.74476
2542.37,1.74171
2542.59,1.73865
2542.8,1.73559
2543,1.73253
2543.21,1.72947
2543.41,1.7264
2543.61,1.72333
2543.8,1.72025
2543.99,1.71718
2544.18,1.7141
2544.37,1.71101
2544.55,1.70793
2544.73,1.70484
2544.91,1.70175
2545.08,1.69865
2545.25,1.69556
2545.42,1.69246
2545.58,1.68935
2545.75,1.68625
2545.91,1.68314
2546.06,1.68003
2546.21,1.67691
2546.36,1.67379
2546.51,1.67067
2546.65,1.66755
2546.79,1.66442
2546.93,1.66129
2547.07,1.65816
2547.2,1.65502
2547.33,1.65188
2547.45,1.64874
2547.58,1.64559
2547.69,1.64244
2547.81,1.63929
2547.92,1.63613
2548.03,1.63297
2548.14,1.62981
2548.25,1.62665
2548.35,1.62348
2548.45,1.62031
2548.54,1.61713
2548.63,1.61396
2548.72,1.61078
2548.81,1.60759
2548.89,1.6044
2548.97,1.60121
2549.05,1.59802
2549.12,1.59482
2549.2,1.59162
2549.26,1.58842
2549.33,1.58521
2549.39,1.582
2549.45,1.57878
2549.51,1.57557
2549.56,1.57234
2549.61,1.56912
2549.66,1.56589
2549.7,1.56266
2549.74,1.55943
2549.78,1.55619
2549.81,1.55295
2549.84,1.5497
2549.87,1.54645
2549.9,1.5432
2549.92,1.53994
2549.94,1.53668
2549.96,1.53342
2549.97,1.53016
2549.98,1.52689
2549.99,1.52361
2549.99,1.52033
2550,1.51705
2549.99,1.51377
2549.99,1.51048
2549.98,1.51015
2549.97,1.51346
2549.96,1.51676
2549.94,1.52006
2549.92,1.52336
2549.9,1.52665
2549.87,1.52994
2549.85,1.53323
2549.81,1.53651
2549.78,1.53979
2549.74,1.54306
2549.7,1.54634
2549.66,1.54961
2549.61,1.55287
2549.56,1.55613
2549.51,1.55939
2549.45,1.56265
2549.39,1.5659
2549.33,1.56915
2549.26,1.57239
2549.2,1.57563
2549.13,1.57887
2549.05,1.58211
2548.97,1.58534
2548.89,1.58857
2548.81,1.59179
2548.72,1.59502
2548.64,1.59824
2548.54,1.60145
2548.45,1.60466
2548.35,1.60787
2548.25,1.61108
2548.14,1.61428
2548.04,1.61748
2547.93,1.62068
2547.81,1.62387
2547.7,1.62707
2547.58,1.63025
2547.45,1.63344
2547.33,1.63662
2547.2,1.6398
2547.07,1.64297
2546.93,1.64615
2546.8,1.64931
2546.66,1.65248
2546.51,1.65564
2546.37,1.6588
2546.22,1.66196
2546.06,1.66512
2545.91,1.66827
2545.75,1.67142
2545.59,1.67456
2545.42,1.6777
2545.25,1.68084
2545.08,1.68398
2544.91,1.68711
2544.73,1.69025
2544.55,1.69337
2544.37,1.6965
2544.18,1.69962
2544,1.70274
2543.8,1.70586
2543.61,1.70897
2543.41,1.71208
2543.21,1.71519
2543.01,1.71829
2542.8,1.7214
2542.59,1.7245
2542.38,1.72759
2542.16,1.73069
2541.94,1.73378
2541.72,1.73687
2541.49,1.73995
2541.27,1.74304
2541.03,1.74612
2540.8,1.74919
2540.56,1.75227
2540.32,1.75534
2540.08,1.75841
2539.83,1.76148
2539.59,1.76454
2539.33,1.7676
2539.08,1.77066
2538.82,1.77371
2538.56,1.77677
2538.3,1.77982
2538.03,1.78286
2537.76,1.78591
2537.49,1.78895
2537.21,1.79199
2536.93,1.79503
2536.65,1.79806
2536.36,1.80109
2536.08,1.80412
2535.78,1.80715
2535.49,1.81017
2535.19,1.81319
2534.89,1.81621
2534.59,1.81923
2534.28,1.82224
2533.98,1.82525
2533.66,1.82826
2533.35,1.83127
2533.03,1.83427
2532.71,1.83727
2532.39,1.84027
2532.06,1.84326
2531.73,1.84625
2531.4,1.84924
2531.06,1.85223
2530.72,1.85521
2530.38,1.8582
2530.04,1.86118
2529.69,1.86415
2529.34,1.86713
2528.98,1.8701
2528.63,1.87307
2528.27,1.87603
2527.91,1.879
2527.54,1.88196
2527.17,1.88492
2526.8,1.88787
2526.43,1.89083
2526.05,1.89378
2525.67,1.89673
2525.28,1.89967
2524.9,1.90262
2524.51,1.90556
2524.12,1.9085
2523.72,1.91143
2523.32,1.91437
2522.92,1.9173
2522.52,1.92022
2522.11,1.92315
2521.7,1.92607
2521.29,1.92899
2520.87,1.93191
2520.45,1.93483
2520.03,1.93774
2519.61,1.94065
2519.18,1.94355
2518.75,1.94646
2518.32,1.94936
2517.88,1.95226
2517.44,1.95516
2517,1.95805
2516.55,1.96094
2516.1,1.96383
2515.65,1.96672
2515.2,1.9696
2514.74,1.97249
2514.28,1.97536
2513.82,1.97824
2513.35,1.98111
2512.88,1.98399
2512.41,1.98685
2511.94,1.98972
2511.46,1.99258
2510.98,1.99544
2510.49,1.9983
2510.01,2.00115
2509.52,2.00401
2509.03,2.00686
2508.53,2.0097
2508.03,2.01255
2507.53,2.01539
2507.03,2.01823
2506.52,2.02106
2506.01,2.0239
2505.5,2.02673
2504.98,2.02956
2504.46,2.03238
2503.94,2.0352
2503.42,2.03802
2502.89,2.04084
2502.36,2.04365
2501.83,2.04646
2501.29,2.04927
2500.75,2.05208
2500.21,2.05488
2499.67,2.05768
2499.12,2.06048
2498.57,2.06327
2498.01,2.06607
2497.46,2.06885
2496.9,2.07164
2496.34,2.07442
2495.77,2.0772
2495.2,2.07998
2494.63,2.08276
2494.06,2.08553
2493.48,2.0883
2492.9,2.09106
2492.32,2.09382
2491.74,2.09658
2491.15,2.09934
2490.56,2.10209
2489.97,2.10484
2489.37,2.10759
2488.77,2.11034
2488.17,2.11308
2487.56,2.11582
2486.95,2.11855
2486.34,2.12128
2485.73,2.12401
2485.11,2.12674
2484.49,2.12946
2483.87,2.13218
2483.25,2.1349
2482.62,2.13761
2481.99,2.14032
2481.35,2.14303
2480.72,2.14573
2480.08,2.14843
2479.44,2.15113
2478.79,2.15382
2478.14,2.15652
2477.49,2.1592
2476.84,2.16189
2476.18,2.16457
2475.52,2.16724
2474.86,2.16992
2474.2,2.17259
2473.53,2.17526
2472.86,2.17792
2472.19,2.18058
2471.51,2.18324
2470.83,2.18589
2470.15,2.18854
2469.47,2.19119
2468.78,2.19383
2468.09,2.19647
2467.4,2.1991
2466.7,2.20174
2466,2.20436
2465.3,2.20699
2464.6,2.20961
2463.89,2.21223
2463.18,2.21484
2462.47,2.21745
2461.75,2.22006
2461.04,2.22266
2460.31,2.22526
2459.59,2.22785
2458.86,2.23044
2458.14,2.23303
2457.4,2.23561
2456.67,2.23819
2455.93,2.24076
2455.19,2.24333
2454.45,2.2459
2453.7,2.24846
2452.96,2.25102
2452.2,2.25358
2451.45,2.25613
2450.69,2.25867
2449.94,2.26121
2449.17,2.26375
2448.41,2.26628
2447.64,2.26881
2446.87,2.27134
2446.1,2.27386
2445.32,2.27637
2444.54,2.27889
2443.76,2.28139
2442.98,2.2839
2442.19,2.28639
2441.4,2.28889
2440.61,2.29138
2439.82,2.29386
2439.02,2.29634
2438.22,2.29882
2437.42,2.30129
2436.61,2.30375
2435.8,2.30621
2434.99,2.30867
2434.18,2.31112
2433.36,2.31357
2432.54,2.31601
2431.72,2.31845
2430.9,2.32088
2430.07,2.32331
2429.24,2.32573
2428.41,2.32814
2427.57,2.33056
2426.74,2.33296
2425.9,2.33536
2425.05,2.33776
2424.21,2.34015
2423.36,2.34253
2422.51,2.34491
2421.65,2.34729
2420.8,2.34966
2419.94,2.35202
2419.08,2.35438
2418.21,2.35673
2417.35,2.35908
2416.48,2.36142
2415.61,2.36376
2414.73,2.36609
2413.85,2.36841
2412.98,2.37073
2412.09,2.37304
2411.21,2.37535
2410.32,2.37765
2409.43,2.37994
2408.54,2.38223
2407.64,2.38451
2406.74,2.38679
2405.84,2.38906
2404.94,2.39132
2404.03,2.39358
2403.13,2.39583
2402.22,2.39808
2401.3,2.40032
2400.39,2.40255
2399.47,2.40477
2398.55,2.40699
2397.62,2.40921
2396.7,2.41141
2395.77,2.41361
2394.84,2.4158
2393.9,2.41799
2392.97,2.42017
2392.03,2.42234
2391.09,2.4245
2390.14,2.42666
2389.2,2.42881
2388.25,2.43095
2387.3,2.43309
2386.34,2.43522
2385.39,2.43734
2384.43,2.43945
2383.47,2.44156
2382.5,2.44366
2381.54,2.44575
2380.57,2.44783
2379.6,2.44991
2378.62,2.45198
2377.65,2.45404
2376.67,2.45609
2375.69,2.45813
2374.7,2.46017
2373.72,2.4622
2372.73,2.46422
2371.74,2.46623
2370.74,2.46824
2369.75,2.47023
2368.75,2.47222
2367.75,2.4742
2366.75,2.47617
2365.74,2.47813
2364.73,2.48008
2363.72,2.48203
2362.71,2.48396
2361.69,2.48589
2360.68,2.48781
2359.66,2.48971
2358.63,2.49161
2357.61,2.4935
2356.58,2.49539
2355.55,2.49726
2354.52,2.49912
2353.49,2.50097
2352.45,2.50282
2351.41,2.50465
2350.37,2.50647
2349.33,2.50829
2348.28,2.51009
2347.23,2.51189
2346.18,2.51367
2345.13,2.51545
2344.07,2.51721
2343.02,2.51897
2341.96,2.52071
2340.89,2.52245
2339.83,2.52417
2338.76,2.52588
2337.69,2.52758
2336.62,2.52927
2335.55,2.53096
2334.47,2.53263
2333.4,2.53428
2332.32,2.53593
2331.23,2.53757
2330.15,2.53919
2329.06,2.54081
2327.97,2.54241
2326.88,2.544
2325.79,2.54558
2324.69,2.54715
2323.59,2.5487
2322.49,2.55025
2321.39,2.55178
2320.28,2.5533
2319.18,2.55481
2318.07,2.5563
2316.96,2.55779
2315.84,2.55926
2314.73,2.56071
2313.61,2.56216
2312.49,2.56359
2311.37,2.56501
2310.24,2.56642
2309.12,2.56782
2307.99,2.5692
2306.86,2.57056
2305.72,2.57192
2304.59,2.57326
2303.45,2.57459
2302.31,2.5759
2301.17,2.5772
2300.03,2.57849
2298.88,2.57976
2297.73,2.58102
2296.58,2.58226
2295.43,2.58349
2294.28,2.58471
2293.12,2.58591
2291.96,2.58709
2290.8,2.58826
2289.64,2.58942
2288.48,2.59056
2287.31,2.59169
2286.14,2.5928
2284.97,2.59389
2283.8,2.59497
2282.63,2.59604
2281.45,2.59709
2280.27,2.59812
2279.09,2.59914
2277.91,2.60014
2276.73,2.60112
2275.54,2.60209
2274.35,2.60304
2273.16,2.60398
2271.97,2.6049
2270.78,2.6058
2269.58,2.60669
2268.38,2.60755
2267.18,2.6084
2265.98,2.60924
2264.78,2.61005
2263.57,2.61085
2262.37,2.61163
2261.16,2.6124
2259.95,2.61314
2258.73,2.61387
2257.52,2.61458
2256.3,2.61527
2255.08,2.61594
2253.86,2.61659
2252.64,2.61723
2251.42,2.61784
2250.19,2.61844
2248.97,2.61902
2247.74,2.61957
2246.51,2.62011
2245.27,2.62063
2244.04,2.62113
2242.8,2.62161
2241.56,2.62206
2240.32,2.6225
2239.08,2.62292
2237.84,2.62332
2236.59,2.62369
2235.35,2.62405
2234.1,2.62438
2232.85,2.6247
2231.6,2.62499
2230.34,2.62526
2229.09,2.62551
2227.83,2.62574
2226.57,2.62594
2225.31,2.62612
2224.05,2.62628
2222.79,2.62642
2221.53,2.62654
2220.26,2.62663
2218.99,2.6267
2217.72,2.62675
2216.45,2.62677
2215.18,2.62677
2213.9,2.62675
2212.63,2.6267
2211.35,2.62663
2210.07,2.62653
2208.79,2.62641
2207.51,2.62627
2206.22,2.6261
2204.94,2.6259
2203.65,2.62569
2202.36,2.62544
2201.07,2.62517
2199.78,2.62488
2198.49,2.62456
2197.2,2.62421
2195.9,2.62384
2194.61,2.62344
2193.31,2.62301
2192.01,2.62256
2190.71,2.62208
2189.4,2.62158
2188.1,2.62104
2186.79,2.62048
2185.49,2.61989
2184.18,2.61928
2182.87,2.61863
2181.56,2.61796
2180.25,2.61726
2178.94,2.61653
2177.62,2.61577
2176.31,2.61499
2174.99,2.61417
2173.67,2.61332
2172.35,2.61245
2171.03,2.61154
2169.71,2.61061
2168.39,2.60964
2167.06,2.60865
2165.74,2.60762
2164.41,2.60657
