distance,acceleration_a,acceleration_b,tick_index,velocity_x,velocity_y,velocity_z
3115.68,0.0299961,0.000101057,11225,4.90683,0.71169,1.80256
3118.33,0.029945,0.000100885,11226,4.90251,0.706075,1.77347
3120.96,0.0298945,0.000100714,11227,4.89815,0.700468,1.74443
3123.57,0.0298446,0.000100546,11228,4.89375,0.694868,1.71544
3126.16,0.0297952,0.00010038,11229,4.88932,0.689275,1.68652
3128.72,0.0297464,0.000100215,11230,4.88485,0.683689,1.65764
3131.27,0.0296981,0.000100053,11231,4.88035,0.678111,1.62882
3133.78,0.0296504,9.98921e-05,11232,4.87581,0.672539,1.60006
3136.28,0.0296033,9.97332e-05,11233,4.87123,0.666974,1.57134
3138.75,0.0295567,9.95762e-05,11234,4.86662,0.661415,1.54268
3141.2,0.0295106,9.9421e-05,11235,4.86198,0.655863,1.51407
3143.63,0.029465,9.92675e-05,11236,4.85729,0.650318,1.48552
3146.03,0.02942,9.91159e-05,11237,4.85257,0.644779,1.45701
3148.41,0.0293756,9.89661e-05,11238,4.84782,0.639247,1.42856
3150.77,0.0293316,9.8818e-05,11239,4.84303,0.633721,1.40015
3153.1,0.0292882,9.86717e-05,11240,4.83821,0.628201,1.37179
3155.42,0.0292452,9.85271e-05,11241,4.83335,0.622687,1.34349
3157.71,0.0292028,9.83842e-05,11242,4.82846,0.61718,1.31523
3159.97,0.029161,9.82431e-05,11243,4.82353,0.611678,1.28702
3162.22,0.0291196,9.81036e-05,11244,4.81857,0.606183,1.25886
3164.44,0.0290787,9.79659e-05,11245,4.81358,0.600693,1.23074
3166.64,0.0290383,9.78298e-05,11246,4.80854,0.595209,1.20267
3168.82,0.0289984,9.76955e-05,11247,4.80348,0.589731,1.17465
3170.97,0.028959,9.75627e-05,11248,4.79838,0.584258,1.14667
3173.11,0.0289201,9.74316e-05,11249,4.79325,0.578791,1.11874
3175.22,0.0288817,9.73022e-05,11250,4.78808,0.57333,1.09086
3177.3,0.0288437,9.71744e-05,11251,4.78288,0.567874,1.06302
3179.37,0.0288063,9.70482e-05,11252,4.77765,0.562423,1.03522
3181.41,0.0287693,9.69236e-05,11253,4.77238,0.556977,1.00746
3183.43,0.0287328,9.68006e-05,11254,4.76708,0.551537,0.979754
3185.43,0.0286968,9.66792e-05,11255,4.76174,0.546102,0.952086
3187.4,0.0286612,9.65594e-05,11256,4.75637,0.540672,0.924461
3189.36,0.0286261,9.64411e-05,11257,4.75097,0.535247,0.896878
3191.29,0.0285915,9.63245e-05,11258,4.74553,0.529826,0.869336
3193.2,0.0285573,9.62093e-05,11259,4.74006,0.524411,0.841835
3195.09,0.0285236,9.60957e-05,11260,4.73456,0.519,0.814376
3196.95,0.0284903,9.59836e-05,11261,4.72903,0.513595,0.786956
3198.79,0.0284575,9.58731e-05,11262,4.72346,0.508193,0.759576
3200.61,0.0284251,9.57641e-05,11263,4.71786,0.502797,0.732236
3202.41,0.0283932,9.56565e-05,11264,4.71222,0.497405,0.704935
3204.19,0.0283617,9.55505e-05,11265,4.70655,0.492017,0.677673
3205.94,0.0283307,9.5446e-05,11266,4.70085,0.486633,0.650448
3207.67,0.0283001,9.53429e-05,11267,4.69512,0.481254,0.623262
3209.38,0.02827,9.52413e-05,11268,4.68935,0.47588,0.596113
3211.07,0.0282402,9.51412e-05,11269,4.68356,0.470509,0.569002
3212.74,0.028211,9.50426e-05,11270,4.67772,0.465142,0.541927
3214.38,0.0281821,9.49454e-05,11271,4.67186,0.45978,0.514888
3216.01,0.0281537,9.48496e-05,11272,4.66596,0.454421,0.487885
3217.61,0.0281257,9.47553e-05,11273,4.66004,0.449066,0.460918
3219.18,0.0280981,9.46624e-05,11274,4.65407,0.443715,0.433986
3220.74,0.028071,9.45709e-05,11275,4.64808,0.438368,0.407089
3222.28,0.0280442,9.44808e-05,11276,4.64205,0.433025,0.380226
3223.79,0.0280179,9.43922e-05,11277,4.63599,0.427685,0.353398
3225.28,0.027992,9.43049e-05,11278,4.6299,0.422349,0.326603
3226.75,0.0279665,9.42191e-05,11279,4.62378,0.417016,0.299841
3228.2,0.0279415,9.41346e-05,11280,4.61762,0.411687,0.273112
3229.62,0.0279168,9.40515e-05,11281,4.61143,0.406361,0.246416
3231.02,0.0278925,9.39698e-05,11282,4.60521,0.401038,0.219752
3232.41,0.0278687,9.38895e-05,11283,4.59896,0.395719,0.19312
3233.77,0.0278453,9.38105e-05,11284,4.59268,0.390403,0.166519
3235.11,0.0278222,9.37329e-05,11285,4.58636,0.38509,0.13995
3236.42,0.0277996,9.36566e-05,11286,4.58001,0.37978,0.113411
3237.72,0.0277773,9.35817e-05,11287,4.57363,0.374473,0.0869029
3238.99,0.0277555,9.35081e-05,11288,4.56721,0.369169,0.0604248
3240.24,0.0277341,9.34359e-05,11289,4.56077,0.363867,0.0339764
3241.47,0.027713,9.3365e-05,11290,4.55429,0.358569,0.00755735
3242.68,0.0276924,9.32954e-05,11291,4.54778,0.353273,-0.0188326
3243.87,0.0276721,9.32271e-05,11292,4.54123,0.34798,-0.0451939
3245.03,0.0276522,9.31602e-05,11293,4.53466,0.34269,-0.0715269
3246.18,0.0276327,9.30945e-05,11294,4.52805,0.337402,-0.0978318
3247.3,0.0276136,9.30302e-05,11295,4.52141,0.332117,-0.124109
3248.4,0.0275949,9.29672e-05,11296,4.51474,0.326834,-0.150359
3249.48,0.0275766,9.29054e-05,11297,4.50804,0.321553,-0.176582
3250.54,0.0275587,9.2845e-05,11298,4.5013,0.316275,-0.202778
3251.57,0.0275411,9.27858e-05,11299,4.49453,0.310999,-0.228948
3252.59,0.0275239,9.2728e-05,11300,4.48773,0.305725,-0.255092
3253.58,0.0275071,9.26714e-05,11301,4.4809,0.300453,-0.28121
3254.55,0.0274907,9.26161e-05,11302,4.47403,0.295184,-0.307303
3255.5,0.0274747,9.2562e-05,11303,4.46713,0.289916,-0.333371
3256.43,0.027459,9.25092e-05,11304,4.4602,0.284651,-0.359414
3257.34,0.0274437,9.24577e-05,11305,4.45324,0.279387,-0.385433
3258.22,0.0274288,9.24074e-05,11306,4.44625,0.274125,-0.411428
3259.09,0.0274142,9.23584e-05,11307,4.43922,0.268865,-0.437399
3259.93,0.0274001,9.23107e-05,11308,4.43216,0.263606,-0.463346
3260.75,0.0273863,9.22642e-05,11309,4.42507,0.258349,-0.489271
3261.55,0.0273728,9.22189e-05,11310,4.41794,0.253094,-0.515172
3262.33,0.0273598,9.21749e-05,11311,4.41079,0.24784,-0.541052
3263.09,0.0273471,9.21322e-05,11312,4.4036,0.242588,-0.566909
3263.82,0.0273348,9.20906e-05,11313,4.39638,0.237337,-0.592744
3264.54,0.0273228,9.20503e-05,11314,4.38912,0.232087,-0.618558
3265.23,0.0273112,9.20113e-05,11315,4.38184,0.226839,-0.64435
3265.9,0.0273,9.19734e-05,11316,4.37452,0.221592,-0.670122
3266.55,0.0272891,9.19368e-05,11317,4.36716,0.216346,-0.695873
3267.18,0.0272786,9.19014e-05,11318,4.35978,0.211102,-0.721604
3267.79,0.0272684,9.18672e-05,11319,4.35236,0.205858,-0.747315
3268.38,0.0272587,9.18343e-05,11320,4.34491,0.200615,-0.773006
3268.94,0.0272492,9.18025e-05,11321,4.33743,0.195373,-0.798678
3269.49,0.0272402,9.1772e-05,11322,4.32991,0.190133,-0.82433
3270.01,0.0272315,9.17426e-05,11323,4.32236,0.184893,-0.849964
3270.51,0.0272231,9.17145e-05,11324,4.31478,0.179653,-0.87558
3270.99,0.0272151,9.16876e-05,11325,4.30716,0.174415,-0.901177
3271.45,0.0272075,9.16619e-05,11326,4.29951,0.169177,-0.926757
3271.89,0.0272002,9.16374e-05,11327,4.29183,0.163939,-0.952318
3272.3,0.0271933,9.16142e-05,11328,4.28412,0.158702,-0.977863
3272.7,0.0271868,9.15921e-05,11329,4.27637,0.153466,-1.00339
3273.07,0.0271806,9.15712e-05,11330,4.26858,0.14823,-1.0289
3273.42,0.0271747,9.15515e-05,11331,4.26077,0.142994,-1.0544
3273.75,0.0271692,9.1533e-05,11332,4.25292,0.137759,-1.07987
3274.06,0.0271641,9.15157e-05,11333,4.24504,0.132524,-1.10534
3274.35,0.0271593,9.14995e-05,11334,4.23712,0.127289,-1.13078
3274.62,0.0271549,9.14846e-05,11335,4.22917,0.122054,-1.15622
3274.86,0.0271508,9.14709e-05,11336,4.22119,0.116819,-1.18163
3275.09,0.0271471,9.14584e-05,11337,4.21317,0.111584,-1.20704
3275.29,0.0271437,9.1447e-05,11338,4.20512,0.10635,-1.23242
3275.47,0.0271407,9.14368e-05,11339,4.19703,0.101115,-1.2578
3275.63,0.027138,9.14279e-05,11340,4.18891,0.0958795,-1.28316
3275.77,0.0271357,9.14201e-05,11341,4.18076,0.0906441,-1.3085
3275.89,0.0271338,9.14135e-05,11342,4.17257,0.0854084,-1.33384
3275.99,0.0271322,9.14081e-05,11343,4.16435,0.0801724,-1.35916
3276.06,0.0271309,9.14038e-05,11344,4.15609,0.074936,-1.38447
3276.12,0.02713,9.14008e-05,11345,4.1478,0.0696991,-1.40976
3276.15,0.0271294,9.13989e-05,11346,4.13947,0.0644616,-1.43504
3276.16,0.0271292,9.13983e-05,11347,4.13111,0.0592236,-1.46032
3276.15,0.0271294,9.13988e-05,11348,4.12272,0.053985,-1.48558
3276.12,0.0271299,9.14005e-05,11349,4.11429,0.0487456,-1.51083
3276.07,0.0271307,9.14033e-05,11350,4.10582,0.0435055,-1.53606
3276,0.027132,9.14074e-05,11351,4.09732,0.0382646,-1.56129
3275.91,0.0271335,9.14127e-05,11352,4.08879,0.0330228,-1.58651
3275.79,0.0271354,9.14191e-05,11353,4.08021,0.02778,-1.61171
3275.65,0.0271377,9.14267e-05,11354,4.07161,0.0225363,-1.63691
3275.5,0.0271403,9.14355e-05,11355,4.06297,0.0172915,-1.6621
3275.32,0.0271433,9.14455e-05,11356,4.05429,0.0120456,-1.68728
3275.12,0.0271466,9.14567e-05,11357,4.04557,0.00679856,-1.71245
3274.89,0.0271503,9.14691e-05,11358,4.03683,0.00155027,-1.73761
3274.65,0.0271543,9.14827e-05,11359,4.02804,-0.00369931,-1.76276
3274.39,0.0271587,9.14974e-05,11360,4.01922,-0.00895024,-1.7879
3274.1,0.0271634,9.15134e-05,11361,4.01036,-0.0142026,-1.81304
3273.8,0.0271685,9.15305e-05,11362,4.00147,-0.0194564,-1.83817
3273.47,0.0271739,9.15489e-05,11363,3.99254,-0.0247117,-1.86329
3273.12,0.0271797,9.15684e-05,11364,3.98357,-0.0299686,-1.8884
3272.75,0.0271859,9.15891e-05,11365,3.97457,-0.0352271,-1.91351
3272.36,0.0271924,9.1611e-05,11366,3.96553,-0.0404874,-1.93861
3271.94,0.0271993,9.16342e-05,11367,3.95645,-0.0457494,-1.9637
3271.51,0.0272065,9.16585e-05,11368,3.94734,-0.0510132,-1.98879
3271.05,0.0272141,9.1684e-05,11369,3.93819,-0.0562789,-2.01387
3270.58,0.027222,9.17108e-05,11370,3.929,-0.0615466,-2.03895
3270.08,0.0272303,9.17387e-05,11371,3.91977,-0.0668162,-2.06402
3269.56,0.027239,9.17679e-05,11372,3.91051,-0.0720879,-2.08909
3269.02,0.027248,9.17982e-05,11373,3.90121,-0.0773618,-2.11415
3268.46,0.0272573,9.18298e-05,11374,3.89187,-0.0826378,-2.13921
3267.87,0.0272671,9.18626e-05,11375,3.88249,-0.087916,-2.16426
3267.27,0.0272772,9.18966e-05,11376,3.87308,-0.0931966,-2.18931
3266.64,0.0272876,9.19319e-05,11377,3.86362,-0.0984795,-2.21436
3265.99,0.0272984,9.19683e-05,11378,3.85413,-0.103765,-2.2394
3265.33,0.0273096,9.2006e-05,11379,3.8446,-0.109053,-2.26445
3264.64,0.0273212,9.20449e-05,11380,3.83503,-0.114343,-2.28948
3263.92,0.0273331,9.2085e-05,11381,3.82542,-0.119636,-2.31452
3263.19,0.0273454,9.21264e-05,11382,3.81578,-0.124932,-2.33955
3262.44,0.027358,9.2169e-05,11383,3.80609,-0.13023,-2.36458
3261.66,0.027371,9.22128e-05,11384,3.79637,-0.135531,-2.38961
3260.86,0.0273844,9.22579e-05,11385,3.7866,-0.140835,-2.41464
3260.05,0.0273982,9.23042e-05,11386,3.7768,-0.146142,-2.43967
3259.21,0.0274123,9.23518e-05,11387,3.76695,-0.151452,-2.46469
3258.34,0.0274268,9.24006e-05,11388,3.75707,-0.156765,-2.48972
3257.46,0.0274416,9.24507e-05,11389,3.74714,-0.162081,-2.51475
3256.56,0.0274569,9.25021e-05,11390,3.73717,-0.1674,-2.53977
3255.63,0.0274725,9.25547e-05,11391,3.72717,-0.172723,-2.5648
3254.68,0.0274885,9.26086e-05,11392,3.71712,-0.178049,-2.58982
3253.72,0.0275049,9.26637e-05,11393,3.70703,-0.183378,-2.61485
3252.73,0.0275216,9.27201e-05,11394,3.69691,-0.18871,-2.63988
3251.71,0.0275387,9.27778e-05,11395,3.68674,-0.194046,-2.66491
3250.68,0.0275562,9.28368e-05,11396,3.67652,-0.199386,-2.68994
3249.63,0.0275741,9.28971e-05,11397,3.66627,-0.204729,-2.71497
3248.55,0.0275924,9.29586e-05,11398,3.65598,-0.210076,-2.74001
3247.45,0.0276111,9.30215e-05,11399,3.64564,-0.215426,-2.76505
3246.33,0.0276301,9.30856e-05,11400,3.63526,-0.220781,-2.79009
3245.19,0.0276495,9.31511e-05,11401,3.62484,-0.226139,-2.81513
3244.03,0.0276693,9.32179e-05,11402,3.61437,-0.231501,-2.84018
3242.85,0.0276896,9.3286e-05,11403,3.60387,-0.236868,-2.86523
3241.64,0.0277102,9.33554e-05,11404,3.59332,-0.242238,-2.89028
3240.41,0.0277312,9.34261e-05,11405,3.58272,-0.247612,-2.91534
3239.16,0.0277525,9.34981e-05,11406,3.57209,-0.252991,-2.9404
3237.89,0.0277743,9.35715e-05,11407,3.56141,-0.258374,-2.96547
3236.6,0.0277965,9.36463e-05,11408,3.55068,-0.263761,-2.99054
3235.29,0.0278191,9.37224e-05,11409,3.53991,-0.269152,-3.01562
3233.95,0.0278421,9.37998e-05,11410,3.5291,-0.274549,-3.0407
3232.59,0.0278655,9.38786e-05,11411,3.51824,-0.279949,-3.06579
3231.22,0.0278893,9.39587e-05,11412,3.50734,-0.285354,-3.09088
3229.81,0.0279135,9.40403e-05,11413,3.49639,-0.290764,-3.11598
3228.39,0.0279381,9.41232e-05,11414,3.4854,-0.296179,-3.14109
3226.95,0.0279631,9.42074e-05,11415,3.47436,-0.301598,-3.1662
3225.48,0.0279885,9.42931e-05,11416,3.46328,-0.307023,-3.19133
3223.99,0.0280143,9.43802e-05,11417,3.45215,-0.312452,-3.21645
3222.48,0.0280406,9.44686e-05,11418,3.44097,-0.317886,-3.24159
3220.95,0.0280673,9.45585e-05,11419,3.42975,-0.323326,-3.26674
3219.4,0.0280944,9.46498e-05,11420,3.41848,-0.32877,-3.29189
3217.82,0.0281219,9.47425e-05,11421,3.40716,-0.33422,-3.31705
3216.23,0.0281498,9.48366e-05,11422,3.3958,-0.339675,-3.34222
3214.61,0.0281782,9.49322e-05,11423,3.38439,-0.345135,-3.3674
3212.96,0.028207,9.50292e-05,11424,3.37293,-0.350601,-3.39259
3211.3,0.0282362,9.51277e-05,11425,3.36142,-0.356073,-3.41778
3209.62,0.0282659,9.52276e-05,11426,3.34987,-0.36155,-3.44299
3207.91,0.028296,9.5329e-05,11427,3.33826,-0.367032,-3.46821
3206.18,0.0283265,9.54318e-05,11428,3.32661,-0.372521,-3.49344
3204.43,0.0283575,9.55361e-05,11429,3.31491,-0.378015,-3.51868
3202.66,0.0283889,9.5642e-05,11430,3.30316,-0.383515,-3.54393
3200.86,0.0284207,9.57493e-05,11431,3.29136,-0.389021,-3.56919
3199.04,0.028453,9.58581e-05,11432,3.27951,-0.394533,-3.59447
3197.2,0.0284858,9.59684e-05,11433,3.26761,-0.400051,-3.61975
3195.34,0.028519,9.60803e-05,11434,3.25566,-0.405576,-3.64505
3193.46,0.0285526,9.61937e-05,11435,3.24365,-0.411106,-3.67036
3191.55,0.0285868,9.63086e-05,11436,3.2316,-0.416643,-3.69568
3189.62,0.0286213,9.64251e-05,11437,3.2195,-0.422187,-3.72102
3187.67,0.0286564,9.65431e-05,11438,3.20734,-0.427737,-3.74637
3185.7,0.0286919,9.66628e-05,11439,3.19513,-0.433293,-3.77173
3183.71,0.0287278,9.67839e-05,11440,3.18287,-0.438856,-3.79711
3181.69,0.0287643,9.69067e-05,11441,3.17056,-0.444426,-3.8225
3179.65,0.0288012,9.70311e-05,11442,3.15819,-0.450003,-3.84791
3177.59,0.0288386,9.71571e-05,11443,3.14577,-0.455586,-3.87333
3175.5,0.0288765,9.72846e-05,11444,3.1333,-0.461176,-3.89877
3173.4,0.0289148,9.74139e-05,11445,3.12077,-0.466774,-3.92422
3171.27,0.0289537,9.75447e-05,11446,3.10819,-0.472379,-3.94969
3169.11,0.028993,9.76772e-05,11447,3.09555,-0.47799,-3.97517
3166.94,0.0290328,9.78114e-05,11448,3.08286,-0.483609,-4.00067
3164.74,0.0290731,9.79472e-05,11449,3.07012,-0.489236,-4.02619
3162.52,0.0291139,9.80847e-05,11450,3.05731,-0.49487,-4.05172
3160.28,0.0291553,9.82239e-05,11451,3.04446,-0.500511,-4.07727
3158.02,0.0291971,9.83648e-05,11452,3.03154,-0.50616,-4.10284
3155.73,0.0292394,9.85075e-05,11453,3.01857,-0.511817,-4.12843
3153.42,0.0292823,9.86518e-05,11454,3.00554,-0.517482,-4.15403
3151.09,0.0293256,9.87979e-05,11455,2.99246,-0.523154,-4.17966
3148.73,0.0293695,9.89458e-05,11456,2.97931,-0.528835,-4.2053
3146.36,0.0294139,9.90953e-05,11457,2.96611,-0.534523,-4.23096
3143.96,0.0294589,9.92467e-05,11458,2.95285,-0.54022,-4.25664
3141.53,0.0295043,9.93999e-05,11459,2.93953,-0.545924,-4.28235
3139.09,0.0295503,9.95549e-05,11460,2.92615,-0.551638,-4.30807
3136.62,0.0295969,9.97117e-05,11461,2.91272,-0.557359,-4.33381
3134.13,0.0296439,9.98703e-05,11462,2.89922,-0.563089,-4.35957
3131.61,0.0296916,0.000100031,11463,2.88566,-0.568828,-4.38536
3129.07,0.0297397,0.000100193,11464,2.87204,-0.574575,-4.41116
3126.51,0.0297885,0.000100357,11465,2.85836,-0.580331,-4.43699
3123.93,0.0298378,0.000100523,11466,2.84461,-0.586096,-4.46284
3121.32,0.0298876,0.000100691,11467,2.83081,-0.59187,-4.48871
3118.69,0.0299381,0.000100861,11468,2.81694,-0.597653,-4.5146
3116.04,0.0299891,0.000101033,11469,2.80301,-0.603445,-4.54052
3113.36,0.0300406,0.000101207,11470,2.78901,-0.609246,-4.56646
3110.66,0.0300928,0.000101382,11471,2.77495,-0.615056,-4.59243
3107.94,0.0301455,0.00010156,11472,2.76083,-0.620876,-4.61841
3105.2,0.0301989,0.00010174,11473,2.74664,-0.626706,-4.64443
3102.43,0.0302528,0.000101921,11474,2.73239,-0.632545,-4.67046
3099.64,0.0303073,0.000102105,11475,2.71807,-0.638394,-4.69653
3096.82,0.0303625,0.000102291,11476,2.70368,-0.644252,-4.72262
3093.98,0.0304182,0.000102479,11477,2.68923,-0.650121,-4.74873
3091.12,0.0304746,0.000102669,11478,2.67471,-0.656,-4.77487
3088.23,0.0305315,0.000102861,11479,2.66012,-0.661888,-4.80104
3085.32,0.0305892,0.000103055,11480,2.64546,-0.667787,-4.82723
3082.39,0.0306474,0.000103251,11481,2.63074,-0.673696,-4.85345
3079.43,0.0307063,0.000103449,11482,2.61594,-0.679616,-4.8797
3076.45,0.0307658,0.00010365,11483,2.60108,-0.685546,-4.90597
3073.45,0.0308259,0.000103852,11484,2.58615,-0.691487,-4.93228
3070.42,0.0308868,0.000104057,11485,2.57114,-0.697439,-4.95861
3067.37,0.0309482,0.000104264,11486,2.55607,-0.703401,-4.98497
3064.3,0.0310104,0.000104474,11487,2.54092,-0.709374,-5.01136
3061.2,0.0310732,0.000104685,11488,2.5257,-0.715359,-5.03779
3058.08,0.0311367,0.000104899,11489,2.5104,-0.721354,-5.06424
3054.93,0.0312008,0.000105115,11490,2.49504,-0.727361,-5.09072
3051.76,0.0312657,0.000105334,11491,2.47959,-0.733379,-5.11723
3048.57,0.0313313,0.000105555,11492,2.46408,-0.739409,-5.14377
3045.35,0.0313975,0.000105778,11493,2.44849,-0.745451,-5.17035
3042.1,0.0314645,0.000106004,11494,2.43282,-0.751504,-5.19695
3038.84,0.0315321,0.000106232,11495,2.41708,-0.757569,-5.22359
3035.55,0.0316005,0.000106462,11496,2.40126,-0.763646,-5.25027
3032.23,0.0316697,0.000106695,11497,2.38536,-0.769735,-5.27697
3028.89,0.0317395,0.00010693,11498,2.36938,-0.775836,-5.30371
3025.53,0.0318101,0.000107168,11499,2.35333,-0.781949,-5.33048
3022.14,0.0318815,0.000107409,11500,2.33719,-0.788075,-5.35729
3018.73,0.0319536,0.000107652,11501,2.32098,-0.794214,-5.38413
3015.29,0.0320265,0.000107897,11502,2.30468,-0.800365,-5.411
3011.83,0.0321001,0.000108145,11503,2.28831,-0.806529,-5.43792
3008.35,0.0321745,0.000108396,11504,2.27185,-0.812706,-5.46486
3004.84,0.0322498,0.000108649,11505,2.2553,-0.818896,-5.49185
3001.3,0.0323258,0.000108905,11506,2.23868,-0.825099,-5.51887
2997.75,0.0324026,0.000109164,11507,2.22197,-0.831316,-5.54592
2994.16,0.0324802,0.000109426,11508,2.20518,-0.837546,-5.57302
2990.55,0.0325586,0.00010969,11509,2.1883,-0.843789,-5.60015
2986.92,0.0326379,0.000109957,11510,2.17133,-0.850047,-5.62732
2983.26,0.032718,0.000110227,11511,2.15428,-0.856318,-5.65453
2979.58,0.0327989,0.000110499,11512,2.13714,-0.862603,-5.68178
2975.87,0.0328807,0.000110775,11513,2.11991,-0.868902,-5.70907
2972.14,0.0329633,0.000111053,11514,2.10259,-0.875215,-5.73639
2968.38,0.0330469,0.000111335,11515,2.08518,-0.881543,-5.76376
2964.6,0.0331313,0.000111619,11516,2.06769,-0.887885,-5.79117
2960.79,0.0332165,0.000111906,11517,2.0501,-0.894242,-5.81862
2956.95,0.0333027,0.000112197,11518,2.03241,-0.900614,-5.84611
2953.09,0.0333898,0.00011249,11519,2.01464,-0.907,-5.87365
2949.21,0.0334778,0.000112787,11520,1.99677,-0.913402,-5.90123
2945.3,0.0335668,0.000113086,11521,1.97881,-0.919819,-5.92885
2941.37,0.0336566,0.000113389,11522,1.96075,-0.926251,-5.95651
2937.4,0.0337475,0.000113695,11523,1.94259,-0.932699,-5.98422
2933.42,0.0338393,0.000114004,11524,1.92434,-0.939163,-6.01197
2929.41,0.033932,0.000114317,11525,1.90599,-0.945642,-6.03977
2925.37,0.0340257,0.000114632,11526,1.88754,-0.952137,-6.06761
2921.31,0.0341205,0.000114952,11527,1.86899,-0.958649,-6.0955
2917.22,0.0342162,0.000115274,11528,1.85034,-0.965177,-6.12343
2913.1,0.0343129,0.0001156,11529,1.83159,-0.971721,-6.15141
2908.96,0.0344107,0.000115929,11530,1.81274,-0.978282,-6.17944
2904.79,0.0345094,0.000116262,11531,1.79378,-0.984859,-6.20751
2900.6,0.0346093,0.000116598,11532,1.77472,-0.991454,-6.23564
2896.38,0.0347102,0.000116938,11533,1.75555,-0.998065,-6.26381
2892.14,0.0348122,0.000117282,11534,1.73628,-1.00469,-6.29203
2887.87,0.0349152,0.000117629,11535,1.7169,-1.01134,-6.32031
2883.57,0.0350194,0.00011798,11536,1.69741,-1.018,-6.34863
2879.24,0.0351246,0.000118335,11537,1.67781,-1.02469,-6.377
2874.89,0.035231,0.000118693,11538,1.6581,-1.03139,-6.40542
2870.52,0.0353385,0.000119055,11539,1.63828,-1.0381,-6.4339
2866.11,0.0354472,0.000119421,11540,1.61835,-1.04484,-6.46243
2861.68,0.035557,0.000119791,11541,1.5983,-1.05159,-6.49101
2857.23,0.035668,0.000120165,11542,1.57814,-1.05837,-6.51964
2852.74,0.0357803,0.000120543,11543,1.55787,-1.06516,-6.54833
2848.23,0.0358937,0.000120926,11544,1.53747,-1.07197,-6.57707
2843.7,0.0360083,0.000121312,11545,1.51696,-1.0788,-6.60587
2839.13,0.0361242,0.000121702,11546,1.49633,-1.08565,-6.63472
2834.54,0.0362413,0.000122097,11547,1.47558,-1.09252,-6.66363
2829.92,0.0363597,0.000122496,11548,1.45471,-1.09941,-6.69259
2825.28,0.0364794,0.000122899,11549,1.43372,-1.10632,-6.72161
2820.6,0.0366003,0.000123306,11550,1.4126,-1.11324,-6.75069
2815.9,0.0367226,0.000123718,11551,1.39135,-1.12019,-6.77983
2811.17,0.0368462,0.000124135,11552,1.36999,-1.12716,-6.80903
2806.42,0.0369712,0.000124556,11553,1.34849,-1.13415,-6.83828
2801.64,0.0370975,0.000124981,11554,1.32686,-1.14117,-6.8676
2796.83,0.0372253,0.000125412,11555,1.30511,-1.1482,-6.89697
2791.99,0.0373544,0.000125847,11556,1.28322,-1.15525,-6.92641
2787.12,0.0374849,0.000126287,11557,1.2612,-1.16233,-6.95591
2782.23,0.0376169,0.000126731,11558,1.23904,-1.16943,-6.98547
2777.31,0.0377504,0.000127181,11559,1.21675,-1.17655,-7.01509
2772.36,0.0378853,0.000127635,11560,1.19433,-1.18369,-7.04478
2767.38,0.0380217,0.000128095,11561,1.17176,-1.19085,-7.07453
2762.37,0.0381597,0.00012856,11562,1.14906,-1.19804,-7.10435
2757.34,0.0382991,0.00012903,11563,1.12621,-1.20525,-7.13423
2752.27,0.0384402,0.000129505,11564,1.10322,-1.21248,-7.16417
2747.18,0.0385828,0.000129985,11565,1.08009,-1.21974,-7.19419
2742.06,0.038727,0.000130471,11566,1.05681,-1.22702,-7.22427
2736.91,0.0388729,0.000130962,11567,1.03338,-1.23432,-7.25442
2731.74,0.0390204,0.000131459,11568,1.0098,-1.24165,-7.28463
2726.53,0.0391695,0.000131962,11569,0.986079,-1.249,-7.31492
2721.29,0.0393204,0.00013247,11570,0.9622,-1.25638,-7.34528
2716.03,0.039473,0.000132984,11571,0.938168,-1.26378,-7.3757
2710.74,0.0396273,0.000133504,11572,0.91398,-1.27121,-7.4062
2705.41,0.0397834,0.00013403,11573,0.889634,-1.27866,-7.43677
2700.06,0.0399412,0.000134562,11574,0.86513,-1.28614,-7.46741
2694.68,0.0401009,0.0001351,11575,0.840465,-1.29364,-7.49813
2689.27,0.0402624,0.000135644,11576,0.815638,-1.30117,-7.52892
2683.83,0.0404258,0.000136194,11577,0.790646,-1.30873,-7.55978
2678.36,0.0405911,0.000136751,11578,0.765488,-1.31631,-7.59072
2672.86,0.0407583,0.000137315,11579,0.740162,-1.32392,-7.62173
2667.33,0.0409275,0.000137884,11580,0.714666,-1.33156,-7.65282
2661.77,0.0410986,0.000138461,11581,0.688998,-1.33922,-7.68399
2656.18,0.0412718,0.000139044,11582,0.663156,-1.34692,-7.71524
2650.56,0.041447,0.000139635,11583,0.637138,-1.35464,-7.74657
2644.91,0.0416243,0.000140232,11584,0.610943,-1.36239,-7.77797
2639.23,0.0418036,0.000140836,11585,0.584567,-1.37016,-7.80946
2633.52,0.0419851,0.000141448,11586,0.558009,-1.37797,-7.84103
2627.78,0.0421688,0.000142067,11587,0.531267,-1.38581,-7.87267
2622.01,0.0423547,0.000142693,11588,0.504338,-1.39367,-7.90441
2616.2,0.0425428,0.000143326,11589,0.477221,-1.40157,-7.93622
2610.37,0.0427332,0.000143968,11590,0.449913,-1.40949,-7.96812
2604.5,0.0429259,0.000144617,11591,0.422412,-1.41745,-8.00011
2598.61,0.0431209,0.000145274,11592,0.394716,-1.42544,-8.03218
2592.68,0.0433183,0.000145939,11593,0.366821,-1.43346,-8.06433
2586.72,0.0435181,0.000146612,11594,0.338727,-1.44151,-8.09658
2580.73,0.0437204,0.000147294,11595,0.310429,-1.44959,-8.12891
2574.71,0.0439251,0.000147984,11596,0.281927,-1.4577,-8.16133
2568.65,0.0441324,0.000148682,11597,0.253216,-1.46585,-8.19384
2562.57,0.0443423,0.000149389,11598,0.224296,-1.47403,-8.22645
2556.45,0.0445548,0.000150105,11599,0.195162,-1.48224,-8.25914
2550.3,0.0447699,0.00015083,11600,0.165813,-1.49049,-8.29193
2544.12,0.0449878,0.000151564,11601,0.136246,-1.49877,-8.32481
2537.9,0.0452084,0.000152307,11602,0.106458,-1.50709,-8.35778
2531.66,0.0454317,0.000153059,11603,0.0764457,-1.51544,-8.39085
2525.38,0.045658,0.000153821,11604,0.0462068,-1.52382,-8.42402
2519.06,0.0458871,0.000154593,11605,0.0157382,-1.53224,-8.45728
2512.72,0.0461191,0.000155375,11606,-0.0149629,-1.5407,-8.49064
2506.34,0.0463542,0.000156167,11607,-0.0458996,-1.54919,-8.5241
2499.93,0.0465922,0.000156969,11608,-0.0770751,-1.55772,-8.55766
2493.48,0.0468334,0.000157781,11609,-0.108492,-1.56629,-8.59132
2487.01,0.0470777,0.000158604,11610,-0.140155,-1.57489,-8.62508
2480.49,0.0473252,0.000159438,11611,-0.172065,-1.58354,-8.65894
2473.95,0.0475759,0.000160283,11612,-0.204227,-1.59222,-8.69291
2467.37,0.04783,0.000161139,11613,-0.236644,-1.60094,-8.72698
2460.76,0.0480874,0.000162006,11614,-0.26932,-1.6097,-8.76115
2454.11,0.0483483,0.000162885,11615,-0.302257,-1.6185,-8.79543
2447.43,0.0486126,0.000163776,11616,-0.33546,-1.62734,-8.82982
2440.71,0.0488805,0.000164678,11617,-0.368932,-1.63622,-8.86432
2433.96,0.049152,0.000165593,11618,-0.402676,-1.64514,-8.89893
2427.18,0.0494272,0.00016652,11619,-0.436697,-1.6541,-8.93364
2420.36,0.0497062,0.00016746,11620,-0.470999,-1.66311,-8.96847
2413.5,0.049989,0.000168412,11621,-0.505585,-1.67215,-9.00341
2406.61,0.0502756,0.000169378,11622,-0.540459,-1.68125,-9.03847
2399.68,0.0505662,0.000170357,11623,-0.575626,-1.69038,-9.07364
2392.72,0.0508609,0.00017135,11624,-0.61109,-1.69956,-9.10892
2385.73,0.0511597,0.000172357,11625,-0.646854,-1.70878,-9.14432
2378.69,0.0514626,0.000173377,11626,-0.682923,-1.71805,-9.17984
2371.62,0.0517699,0.000174412,11627,-0.719302,-1.72737,-9.21547
2364.52,0.0520815,0.000175462,11628,-0.755995,-1.73673,-9.25123
2357.38,0.0523975,0.000176527,11629,-0.793007,-1.74614,-9.2871
2350.2,0.052718,0.000177607,11630,-0.830342,-1.75559,-9.3231
2342.99,0.0530432,0.000178702,11631,-0.868006,-1.76509,-9.35922
2335.73,0.0533731,0.000179814,11632,-0.906002,-1.77465,-9.39547
2328.45,0.0537077,0.000180941,11633,-0.944337,-1.78425,-9.43184
2321.12,0.0540473,0.000182085,11634,-0.983015,-1.7939,-9.46834
2313.76,0.0543918,0.000183246,11635,-1.02204,-1.8036,-9.50496
2306.36,0.0547414,0.000184424,11636,-1.06142,-1.81335,-9.54171
2298.92,0.0550963,0.000185619,11637,-1.10116,-1.82316,-9.57859
2291.44,0.0554564,0.000186832,11638,-1.14126,-1.83301,-9.61561
2283.93,0.0558219,0.000188064,11639,-1.18174,-1.84292,-9.65275
2276.37,0.0561929,0.000189314,11640,-1.22259,-1.85289,-9.69003
2268.78,0.0565696,0.000190583,11641,-1.26382,-1.8629,-9.72744
2261.15,0.0569521,0.000191871,11642,-1.30544,-1.87298,-9.76499
2253.48,0.0573404,0.000193179,11643,-1.34746,-1.8831,-9.80267
2245.77,0.0577347,0.000194508,11644,-1.38987,-1.89329,-9.84049
2238.03,0.0581351,0.000195857,11645,-1.43269,-1.90353,-9.87846
2230.24,0.0585418,0.000197227,11646,-1.47593,-1.91383,-9.91656
2222.41,0.0589549,0.000198619,11647,-1.51959,-1.92419,-9.9548
2214.55,0.0593745,0.000200032,11648,-1.56367,-1.93461,-9.99318
2206.64,0.0598008,0.000201468,11649,-1.60819,-1.94508,-10.0317
2198.69,0.0602339,0.000202928,11650,-1.65315,-1.95562,-10.0704
2190.7,0.0606739,0.00020441,11651,-1.69856,-1.96622,-10.1092
2182.67,0.0611212,0.000205917,11652,-1.74442,-1.97689,-10.1482
2174.6,0.0615757,0.000207448,11653,-1.79075,-1.98761,-10.1873
2166.49,0.0620376,0.000209004,11654,-1.83756,-1.9984,-10.2266
2158.34,0.0625072,0.000210586,11655,-1.88484,-2.00926,-10.266
2150.14,0.0629846,0.000212195,11656,-1.93261,-2.02018,-10.3055
2141.91,0.06347,0.00021383,11657,-1.98088,-2.03117,-10.3453
2133.63,0.0639635,0.000215493,11658,-2.02965,-2.04222,-10.3851
2125.3,0.0644654,0.000217183,11659,-2.07894,-2.05335,-10.4252
2116.94,0.0649758,0.000218903,11660,-2.12876,-2.06454,-10.4654
2108.53,0.065495,0.000220652,11661,-2.1791,-2.07581,-10.5057
2100.08,0.0660232,0.000222432,11662,-2.23,-2.08714,-10.5462
2091.59,0.0665605,0.000224242,11663,-2.28144,-2.09855,-10.5869
2083.05,0.0671073,0.000226084,11664,-2.33344,-2.11003,-10.6277
2074.47,0.0676637,0.000227959,11665,-2.38602,-2.12159,-10.6687
2065.84,0.06823,0.000229866,11666,-2.43919,-2.13322,-10.7098
2057.17,0.0688064,0.000231808,11667,-2.49295,-2.14493,-10.7512
2048.45,0.0693932,0.000233785,11668,-2.54731,-2.15671,-10.7927
2039.69,0.0699906,0.000235798,11669,-2.60229,-2.16858,-10.8343
2030.89,0.0705989,0.000237847,11670,-2.6579,-2.18052,-10.8761
2022.03,0.0712184,0.000239934,11671,-2.71416,-2.19255,-10.9181
2013.13,0.0718494,0.00024206,11672,-2.77106,-2.20466,-10.9603
2004.19,0.0724922,0.000244226,11673,-2.82864,-2.21685,-11.0026
1995.2,0.073147,0.000246432,11674,-2.88689,-2.22912,-11.0451
1986.16,0.0738142,0.00024868,11675,-2.94583,-2.24148,-11.0878
1977.08,0.0744942,0.00025097,11676,-3.00549,-2.25393,-11.1306
1967.94,0.0751872,0.000253305,11677,-3.06586,-2.26647,-11.1737
1958.76,0.0758937,0.000255685,11678,-3.12697,-2.27909,-11.2169
1949.53,0.0766139,0.000258112,11679,-3.18883,-2.29181,-11.2602
1940.26,0.0773483,0.000260586,11680,-3.25145,-2.30462,-11.3038
1930.93,0.0780973,0.000263109,11681,-3.31486,-2.31752,-11.3475
1921.55,0.0788612,0.000265683,11682,-3.37907,-2.33052,-11.3914
1912.13,0.0796406,0.000268309,11683,-3.44409,-2.34361,-11.4355
1902.65,0.0804357,0.000270987,11684,-3.50994,-2.3568,-11.4798
1893.13,0.0812471,0.000273721,11685,-3.57664,-2.37009,-11.5242
1883.55,0.0820753,0.000276511,11686,-3.64422,-2.38348,-11.5688
1873.93,0.0829207,0.000279359,11687,-3.71267,-2.39698,-11.6136
1864.25,0.0837838,0.000282267,11688,-3.78204,-2.41057,-11.6586
1854.52,0.0846652,0.000285236,11689,-3.85233,-2.42427,-11.7038
1844.74,0.0855653,0.000288269,11690,-3.92357,-2.43808,-11.7491
1834.91,0.0864849,0.000291367,11691,-3.99577,-2.452,-11.7946
1825.02,0.0874244,0.000294532,11692,-4.06897,-2.46603,-11.8403
1815.08,0.0883844,0.000297767,11693,-4.14318,-2.48017,-11.8862
1805.09,0.0893657,0.000301073,11694,-4.21842,-2.49442,-11.9323
1795.04,0.0903688,0.000304452,11695,-4.29473,-2.50879,-11.9785
1784.94,0.0913945,0.000307908,11696,-4.37212,-2.52327,-12.0249
1774.79,0.0924434,0.000311441,11697,-4.45061,-2.53788,-12.0715
1764.58,0.0935164,0.000315056,11698,-4.53025,-2.5526,-12.1183
1754.31,0.0946141,0.000318754,11699,-4.61105,-2.56745,-12.1652
1743.99,0.0957374,0.000322539,11700,-4.69304,-2.58242,-12.2123
1733.61,0.0968871,0.000326412,11701,-4.77625,-2.59752,-12.2596
1723.17,0.0980641,0.000330378,11702,-4.86072,-2.61275,-12.307
1712.68,0.0992694,0.000334438,11703,-4.94646,-2.6281,-12.3546
1702.13,0.100504,0.000338597,11704,-5.03352,-2.64359,-12.4024
1691.52,0.101768,0.000342857,11705,-5.12193,-2.65922,-12.4503
1680.86,0.103064,0.000347223,11706,-5.21172,-2.67498,-12.4984
1670.13,0.104392,0.000351697,11707,-5.30292,-2.69087,-12.5466
1659.34,0.105754,0.000356284,11708,-5.39559,-2.70691,-12.595
1648.5,0.10715,0.000360988,11709,-5.48974,-2.7231,-12.6435
1637.59,0.108582,0.000365812,11710,-5.58542,-2.73943,-12.6922
1626.62,0.110051,0.000370762,11711,-5.68268,-2.7559,-12.741
1615.59,0.111559,0.000375841,11712,-5.78155,-2.77253,-12.7899
1604.5,0.113107,0.000381055,11713,-5.88208,-2.7893,-12.839
1593.35,0.114696,0.000386409,11714,-5.98432,-2.80623,-12.8881
1582.13,0.116328,0.000391907,11715,-6.08831,-2.82332,-12.9374
1570.85,0.118004,0.000397556,11716,-6.1941,-2.84057,-12.9867
1559.51,0.119727,0.000403361,11717,-6.30174,-2.85798,-13.0362
1548.1,0.121499,0.000409329,11718,-6.41128,-2.87555,-13.0857
1536.62,0.12332,0.000415464,11719,-6.52279,-2.89329,-13.1353
1525.08,0.125193,0.000421776,11720,-6.63632,-2.91119,-13.185
1513.48,0.127121,0.00042827,11721,-6.75192,-2.92927,-13.2346
1501.8,0.129105,0.000434953,11722,-6.86966,-2.94752,-13.2844
1490.06,0.131147,0.000441834,11723,-6.9896,-2.96595,-13.3341
1478.25,0.133251,0.000448922,11724,-7.11181,-2.98455,-13.3838
1466.38,0.135418,0.000456223,11725,-7.23636,-3.00333,-13.4336
1454.43,0.137652,0.000463749,11726,-7.36332,-3.0223,-13.4833
1442.41,0.139955,0.000471508,11727,-7.49277,-3.04145,-13.5329
1430.33,0.14233,0.00047951,11728,-7.62479,-3.06079,-13.5824
1418.17,0.144781,0.000487767,11729,-7.75945,-3.08032,-13.6319
1405.94,0.147311,0.000496289,11730,-7.89685,-3.10004,-13.6812
1393.64,0.149923,0.000505089,11731,-8.03707,-3.11996,-13.7304
1381.27,0.152621,0.000514178,11732,-8.18021,-3.14007,-13.7794
1368.82,0.155409,0.000523572,11733,-8.32636,-3.16037,-13.8282
1356.3,0.158292,0.000533284,11734,-8.47563,-3.18088,-13.8767
1343.7,0.161273,0.000543328,11735,-8.62812,-3.20158,-13.9249
1331.03,0.164358,0.000553721,11736,-8.78395,-3.22249,-13.9728
1318.29,0.167552,0.000564481,11737,-8.94322,-3.2436,-14.0204
1305.46,0.170859,0.000575624,11738,-9.10607,-3.26492,-14.0675
1292.56,0.174287,0.000587171,11739,-9.27261,-3.28644,-14.1141
1279.59,0.17784,0.00059914,11740,-9.44299,-3.30816,-14.1602
1266.53,0.181525,0.000611555,11741,-9.61734,-3.33009,-14.2058
1253.4,0.185349,0.000624438,11742,-9.79581,-3.35223,-14.2506
1240.19,0.189319,0.000637814,11743,-9.97855,-3.37456,-14.2948
1226.9,0.193443,0.000651709,11744,-10.1657,-3.3971,-14.3381
1213.52,0.19773,0.000666151,11745,-10.3575,-3.41984,-14.3806
1200.07,0.202188,0.000681171,11746,-10.554,-3.44278,-14.4221
1186.54,0.206827,0.000696799,11747,-10.7556,-3.46591,-14.4625
1172.92,0.211657,0.00071307,11748,-10.9622,-3.48923,-14.5017
1159.22,0.216688,0.000730021,11749,-11.1743,-3.51274,-14.5396
1145.44,0.221933,0.000747691,11750,-11.3919,-3.53642,-14.5761
1131.58,0.227404,0.000766123,11751,-11.6154,-3.56027,-14.611
1117.63,0.233115,0.000785362,11752,-11.8449,-3.58429,-14.6442
1103.61,0.239079,0.000805455,11753,-12.0806,-3.60846,-14.6755
1089.49,0.245313,0.000826456,11754,-12.323,-3.63276,-14.7047
1075.3,0.251832,0.000848421,11755,-12.5722,-3.65719,-14.7316
1061.02,0.258656,0.000871411,11756,-12.8285,-3.68173,-14.7561
1046.66,0.265803,0.00089549,11757,-13.0923,-3.70636,-14.7778
1032.21,0.273295,0.00092073,11758,-13.3638,-3.73105,-14.7966
1017.68,0.281154,0.000947207,11759,-13.6434,-3.75579,-14.812
1003.07,0.289404,0.000975002,11760,-13.9315,-3.78054,-14.8239
988.378,0.298073,0.00100421,11761,-14.2285,-3.80527,-14.8319
973.605,0.307188,0.00103491,11762,-14.5346,-3.82995,-14.8355
958.75,0.31678,0.00106723,11763,-14.8505,-3.85452,-14.8344
943.817,0.326883,0.00110127,11764,-15.1764,-3.87894,-14.8281
928.806,0.337535,0.00113715,11765,-15.5128,-3.90316,-14.8161
913.719,0.348773,0.00117501,11766,-15.8603,-3.9271,-14.7979
898.558,0.360642,0.001215,11767,-16.2193,-3.9507,-14.7728
883.326,0.373187,0.00125727,11768,-16.5903,-3.97388,-14.7401
868.024,0.386461,0.00130198,11769,-16.9739,-3.99653,-14.6991
852.656,0.400517,0.00134934,11770,-17.3707,-4.01855,-14.6489
837.226,0.415416,0.00139954,11771,-17.7812,-4.03982,-14.5887
821.737,0.431224,0.00145279,11772,-18.2059,-4.06019,-14.5173
806.196,0.44801,0.00150934,11773,-18.6457,-4.07951,-14.4336
790.606,0.465852,0.00156945,11774,-19.1009,-4.09759,-14.3364
774.975,0.484834,0.0016334,11775,-19.5723,-4.11422,-14.2242
759.31,0.505046,0.0017015,11776,-20.0604,-4.12916,-14.0955
743.619,0.526585,0.00177406,11777,-20.5659,-4.14215,-13.9485
727.911,0.549556,0.00185145,11778,-21.0893,-4.15286,-13.7812
712.198,0.574074,0.00193405,11779,-21.631,-4.16095,-13.5915
696.491,0.600257,0.00202226,11780,-22.1916,-4.16602,-13.3769
680.805,0.628236,0.00211652,11781,-22.7713,-4.1676,-13.1348
665.156,0.658144,0.00221728,11782,-23.3704,-4.16516,-12.8623
649.563,0.690123,0.00232502,11783,-23.9888,-4.15813,-12.556
634.044,0.724318,0.00244022,11784,-24.6262,-4.14581,-12.2123
618.626,0.760875,0.00256338,11785,-25.2822,-4.12744,-11.8273
603.332,0.799936,0.00269498,11786,-25.9558,-4.10217,-11.3965
588.196,0.841638,0.00283547,11787,-26.6456,-4.06903,-10.9154
573.249,0.886099,0.00298526,11788,-27.3494,-4.02693,-10.3788
558.531,0.933414,0.00314467,11789,-28.0647,-3.97469,-9.78127
544.085,0.983638,0.00331387,11790,-28.7875,-3.91099,-9.11726
529.959,1.03677,0.00349288,11791,-29.5134,-3.8344,-8.38092
516.208,1.09274,0.00368145,11792,-30.2362,-3.74342,-7.56647
502.892,1.15138,0.003879,11793,-30.9486,-3.63644,-6.66831
490.076,1.21239,0.00408454,11794,-31.6417,-3.51186,-5.6814
477.832,1.27532,0.00429654,11795,-32.3049,-3.36807,-4.60159
466.239,1.33953,0.00451286,11796,-32.9257,-3.20363,-3.42608
455.379,1.40418,0.00473067,11797,-33.4904,-3.01726,-2.15401
445.34,1.4682,0.00494636,11798,-33.9834,-2.80806,-0.78699
436.212,1.53029,0.00515555,11799,-34.3887,-2.57562,0.670253
428.084,1.58895,0.00535318,11800,-34.6895,-2.32014,2.2094
421.045,1.64252,0.00553365,11801,-34.8701,-2.04259,3.8182
415.178,1.68928,0.00569116,11802,-34.9164,-1.74483,5.48039
410.557,1.72752,0.00582,11803,-34.8169,-1.42959,7.17599
407.243,1.75575,0.0059151,11804,-34.5647,-1.10046,8.88206
405.283,1.77277,0.00597245,11805,-34.1573,-0.761754,10.5738
404.705,1.77783,0.00598951,11806,-33.5978,-0.418299,12.226
405.518,1.77071,0.00596551,11807,-32.8946,-0.0751292,13.8144
407.71,1.75172,0.00590155,11808,-32.0612,0.262805,15.3177
411.249,1.7217,0.00580041,11809,-31.1146,0.590932,16.7179
416.086,1.68191,0.00566633,11810,-30.0746,0.905299,18.0018
422.158,1.63388,0.00550453,11811,-28.9623,1.20273,19.161
429.387,1.57932,0.00532073,11812,-27.7985,1.48091,20.1918
437.691,1.51997,0.00512076,11813,-26.603,1.73834,21.0945
446.98,1.45745,0.00491013,11814,-25.3936,1.97433,21.8728
457.164,1.39324,0.0046938,11815,-24.1858,2.18882,22.5333
468.154,1.32859,0.00447601,11816,-22.9923,2.38229,23.084
479.863,1.26454,0.00426024,11817,-21.8234,2.5556,23.5343
492.209,1.2019,0.0040492,11818,-20.6869,2.70991,23.8937
505.115,1.14127,0.00384493,11819,-19.5885,2.84651,24.172
518.51,1.08307,0.00364884,11820,-18.5322,2.96681,24.3785
532.328,1.02757,0.00346186,11821,-17.5202,3.07221,24.522
546.512,0.974922,0.00328451,11822,-16.5536,3.16409,24.6107
561.007,0.925192,0.00311697,11823,-15.6328,3.24377,24.6518
575.767,0.878366,0.00295921,11824,-14.7571,3.3125,24.6521
590.748,0.83438,0.00281102,11825,-13.9255,3.37141,24.6173
605.914,0.793134,0.00267207,11826,-13.1366,3.42157,24.5527
621.23,0.754507,0.00254193,11827,-12.3887,3.46393,24.4627
636.668,0.718361,0.00242015,11828,-11.6799,3.49934,24.3514
652.201,0.684552,0.00230625,11829,-11.0083,3.52858,24.2222
667.805,0.652934,0.00219973,11830,-10.3719,3.55234,24.078
683.462,0.623362,0.0021001,11831,-9.76886,3.57125,23.9214
699.152,0.595697,0.0020069,11832,-9.19717,3.58585,23.7546
714.86,0.569805,0.00191967,11833,-8.65503,3.59663,23.5796
730.574,0.545558,0.00183798,11834,-8.14068,3.60402,23.3979
746.279,0.522837,0.00176143,11835,-7.65243,3.60842,23.2109
761.967,0.50153,0.00168965,11836,-7.1887,3.61015,23.0199
777.627,0.481533,0.00162228,11837,-6.74799,3.60954,22.8259
793.251,0.462751,0.00155901,11838,-6.3289,3.60683,22.6297
808.833,0.445093,0.00149952,11839,-5.93009,3.60229,22.4321
824.366,0.428478,0.00144354,11840,-5.55033,3.59611,22.2337
839.845,0.412829,0.00139082,11841,-5.18848,3.58848,22.0352
855.265,0.398078,0.00134112,11842,-4.84345,3.57958,21.8368
870.622,0.384158,0.00129423,11843,-4.51423,3.56955,21.6391
885.912,0.371012,0.00124994,11844,-4.19989,3.55853,21.4423
901.133,0.358584,0.00120807,11845,-3.89955,3.54663,21.2468
916.281,0.346826,0.00116845,11846,-3.6124,3.53395,21.0527
931.355,0.33569,0.00113094,11847,-3.33768,3.5206,20.8602
946.353,0.325134,0.00109537,11848,-3.07469,3.50666,20.6696
961.273,0.315119,0.00106164,11849,-2.82275,3.4922,20.4809
976.114,0.30561,0.0010296,11850,-2.58126,3.47729,20.2941
990.874,0.296573,0.000999154,11851,-2.34964,3.46198,20.1096
1005.55,0.287978,0.000970195,11852,-2.12736,3.44634,19.9271
1020.15,0.279796,0.00094263,11853,-1.91391,3.43041,19.7469
1034.66,0.272001,0.000916369,11854,-1.70882,3.41423,19.569
1049.1,0.264569,0.000891331,11855,-1.51167,3.39784,19.3933
1063.44,0.257478,0.000867441,11856,-1.32203,3.38128,19.22
1077.71,0.250707,0.000844629,11857,-1.13952,3.36458,19.0489
1091.89,0.244237,0.000822832,11858,-0.963793,3.34775,18.8801
1105.99,0.23805,0.000801988,11859,-0.7945,3.33084,18.7136
1120,0.232129,0.000782043,11860,-0.631328,3.31386,18.5494
1133.93,0.226461,0.000762945,11861,-0.473979,3.29683,18.3874
1147.78,0.221029,0.000744645,11862,-0.322176,3.27978,18.2277
1161.55,0.215821,0.000727099,11863,-0.175655,3.2627,18.0701
1175.23,0.210824,0.000710266,11864,-0.0341698,3.24563,17.9148
1188.83,0.206028,0.000694106,11865,0.102512,3.22857,17.7615
1202.36,0.20142,0.000678584,11866,0.234609,3.21153,17.6105
1215.79,0.196992,0.000663665,11867,0.362327,3.19453,17.4614
1229.15,0.192733,0.000649317,11868,0.485862,3.17757,17.3145
1242.43,0.188636,0.000635512,11869,0.605396,3.16067,17.1695
1255.63,0.184691,0.000622222,11870,0.721104,3.14382,17.0266
1268.75,0.180891,0.000609419,11871,0.833149,3.12704,16.8856
1281.79,0.177228,0.000597081,11872,0.941686,3.11033,16.7464
1294.76,0.173697,0.000585185,11873,1.04686,3.09369,16.6092
1307.64,0.170291,0.000573708,11874,1.14882,3.07714,16.4738
1320.45,0.167003,0.000562631,11875,1.24768,3.06067,16.3402
1333.19,0.163828,0.000551935,11876,1.34358,3.0443,16.2084
1345.84,0.160761,0.000541602,11877,1.43663,3.02801,16.0784
1358.43,0.157796,0.000531615,11878,1.52695,3.01181,15.95
1370.93,0.15493,0.000521958,11879,1.61463,2.99572,15.8233
1383.37,0.152157,0.000512617,11880,1.69979,2.97972,15.6982
1395.73,0.149474,0.000503577,11881,1.78252,2.96382,15.5747
1408.02,0.146876,0.000494826,11882,1.86292,2.94802,15.4528
1420.24,0.14436,0.000486349,11883,1.94105,2.93232,15.3325
1432.38,0.141923,0.000478137,11884,2.01703,2.91673,15.2136
1444.46,0.13956,0.000470176,11885,2.09091,2.90124,15.0962
1456.46,0.137269,0.000462458,11886,2.16277,2.88586,14.9803
1468.39,0.135047,0.000454971,11887,2.2327,2.87058,14.8658
1480.26,0.13289,0.000447706,11888,2.30075,2.8554,14.7526
1492.06,0.130797,0.000440654,11889,2.36699,2.84033,14.6409
1503.79,0.128765,0.000433807,11890,2.43149,2.82536,14.5304
1515.45,0.12679,0.000427156,11891,2.4943,2.8105,14.4213
1527.04,0.124872,0.000420694,11892,2.55548,2.79575,14.3134
1538.57,0.123008,0.000414413,11893,2.61509,2.78109,14.2068
1550.04,0.121195,0.000408306,11894,2.67318,2.76654,14.1015
1561.43,0.119432,0.000402367,11895,2.7298,2.7521,13.9973
1572.77,0.117717,0.000396588,11896,2.78499,2.73775,13.8943
1584.04,0.116048,0.000390966,11897,2.8388,2.72351,13.7925
1595.24,0.114423,0.000385492,11898,2.89128,2.70937,13.6918
1606.39,0.112842,0.000380162,11899,2.94247,2.69533,13.5922
1617.47,0.111301,0.000374972,11900,2.99241,2.68139,13.4937
1628.49,0.1098,0.000369915,11901,3.04113,2.66754,13.3963
1639.44,0.108337,0.000364986,11902,3.08868,2.6538,13.3
1650.34,0.106911,0.000360183,11903,3.13509,2.64015,13.2046
1661.17,0.105521,0.000355499,11904,3.18039,2.6266,13.1103
1671.95,0.104165,0.000350932,11905,3.22462,2.61315,13.0169
1682.67,0.102843,0.000346476,11906,3.26782,2.59978,12.9246
1693.32,0.101552,0.000342128,11907,3.31,2.58652,12.8331
1703.92,0.100293,0.000337885,11908,3.3512,2.57334,12.7427
1714.46,0.0990632,0.000333744,11909,3.39145,2.56026,12.6531
1724.95,0.0978628,0.000329699,11910,3.43077,2.54727,12.5644
1735.37,0.0966905,0.00032575,11911,3.46919,2.53436,12.4766
1745.74,0.0955453,0.000321892,11912,3.50674,2.52155,12.3897
1756.05,0.0944264,0.000318122,11913,3.54345,2.50882,12.3037
1766.31,0.0933329,0.000314438,11914,3.57932,2.49618,12.2184
1776.51,0.0922641,0.000310837,11915,3.61439,2.48362,12.134
1786.66,0.0912192,0.000307317,11916,3.64868,2.47115,12.0504
1796.75,0.0901974,0.000303874,11917,3.68221,2.45877,11.9676
1806.79,0.089198,0.000300508,11918,3.715,2.44647,11.8856
1816.77,0.0882204,0.000297214,11919,3.74707,2.43424,11.8043
1826.7,0.0872638,0.000293991,11920,3.77843,2.4221,11.7238
1836.58,0.0863278,0.000290838,11921,3.80911,2.41004,11.644
1846.4,0.0854115,0.000287751,11922,3.83913,2.39806,11.5649
1856.17,0.0845146,0.000284729,11923,3.86849,2.38616,11.4866
1865.89,0.0836363,0.00028177,11924,3.89723,2.37433,11.4089
1875.56,0.0827762,0.000278873,11925,3.92534,2.36258,11.332
1885.18,0.0819338,0.000276035,11926,3.95286,2.35091,11.2557
1894.75,0.0811085,0.000273254,11927,3.97979,2.33931,11.18
1904.26,0.0802999,0.00027053,11928,4.00614,2.32778,11.1051
1913.73,0.0795075,0.00026786,11929,4.03194,2.31633,11.0307
1923.15,0.0787308,0.000265244,11930,4.05719,2.30495,10.9571
1932.51,0.0779694,0.000262679,11931,4.08192,2.29364,10.884
1941.83,0.0772229,0.000260164,11932,4.10612,2.28239,10.8115
1951.1,0.076491,0.000257698,11933,4.12981,2.27122,10.7396
1960.32,0.0757731,0.000255279,11934,4.15302,2.26012,10.6684
1969.49,0.0750689,0.000252907,11935,4.17573,2.24908,10.5977
1978.62,0.0743781,0.000250579,11936,4.19798,2.23811,10.5276
1987.69,0.0737003,0.000248296,11937,4.21976,2.22721,10.458
1996.72,0.0730352,0.000246055,11938,4.2411,2.21637,10.389
2005.71,0.0723825,0.000243856,11939,4.26199,2.2056,10.3205
2014.64,0.0717417,0.000241697,11940,4.28245,2.19489,10.2526
2023.54,0.0711127,0.000239578,11941,4.30249,2.18424,10.1852
2032.38,0.0704951,0.000237498,11942,4.32212,2.17365,10.1183
2041.18,0.0698887,0.000235455,11943,4.34134,2.16313,10.052
2049.93,0.0692931,0.000233448,11944,4.36018,2.15266,9.98612
2058.64,0.0687081,0.000231477,11945,4.37862,2.14226,9.92076
2067.3,0.0681334,0.000229541,11946,4.39669,2.13191,9.85589
2075.92,0.0675688,0.000227639,11947,4.41439,2.12162,9.79149
2084.5,0.0670141,0.00022577,11948,4.43173,2.11139,9.72758
2093.03,0.0664689,0.000223933,11949,4.44871,2.10122,9.66412
2101.52,0.0659331,0.000222128,11950,4.46535,2.0911,9.60113
2109.96,0.0654065,0.000220354,11951,4.48165,2.08104,9.53859
2118.36,0.0648888,0.00021861,11952,4.49761,2.07104,9.4765
2126.72,0.0643798,0.000216895,11953,4.51325,2.06108,9.41485
2135.03,0.0638794,0.000215209,11954,4.52857,2.05118,9.35363
2143.3,0.0633872,0.000213551,11955,4.54358,2.04134,9.29283
2151.53,0.0629032,0.000211921,11956,4.55828,2.03154,9.23246
2159.72,0.0624272,0.000210317,11957,4.57269,2.0218,9.1725
2167.87,0.0619589,0.000208739,11958,4.58679,2.01211,9.11296
2175.97,0.0614982,0.000207187,11959,4.60061,2.00247,9.05381
2184.03,0.061045,0.00020566,11960,4.61415,1.99288,8.99506
2192.06,0.060599,0.000204158,11961,4.62741,1.98334,8.93671
2200.04,0.0601601,0.000202679,11962,4.64039,1.97385,8.87874
2207.98,0.0597281,0.000201224,11963,4.65311,1.9644,8.82115
2215.88,0.059303,0.000199791,11964,4.66557,1.95501,8.76394
2223.74,0.0588845,0.000198382,11965,4.67777,1.94566,8.70709
2231.56,0.0584725,0.000196994,11966,4.68972,1.93635,8.65062
2239.34,0.0580669,0.000195627,11967,4.70142,1.9271,8.5945
2247.08,0.0576675,0.000194282,11968,4.71288,1.91788,8.53874
2254.78,0.0572742,0.000192957,11969,4.7241,1.90872,8.48333
2262.45,0.0568869,0.000191652,11970,4.73509,1.89959,8.42826
2270.07,0.0565055,0.000190367,11971,4.74585,1.89052,8.37354
2277.65,0.0561298,0.000189101,11972,4.75638,1.88148,8.31915
2285.2,0.0557597,0.000187854,11973,4.76669,1.87249,8.26509
2292.71,0.0553951,0.000186626,11974,4.77678,1.86354,8.21137
2300.18,0.0550359,0.000185416,11975,4.78666,1.85463,8.15796
2307.61,0.0546819,0.000184223,11976,4.79632,1.84576,8.10488
2315,0.0543332,0.000183048,11977,4.80579,1.83693,8.05211
2322.36,0.0539895,0.00018189,11978,4.81504,1.82815,7.99965
2329.68,0.0536508,0.000180749,11979,4.8241,1.8194,7.9475
2336.96,0.0533169,0.000179624,11980,4.83297,1.8107,7.89565
2344.21,0.0529879,0.000178516,11981,4.84164,1.80203,7.8441
2351.42,0.0526635,0.000177423,11982,4.85012,1.7934,7.79284
2358.59,0.0523437,0.000176346,11983,4.85841,1.78481,7.74188
2365.72,0.0520284,0.000175284,11984,4.86652,1.77626,7.6912
2372.82,0.0517176,0.000174236,11985,4.87445,1.76774,7.64081
2379.88,0.0514111,0.000173204,11986,4.88221,1.75927,7.5907
2386.91,0.0511088,0.000172185,11987,4.88979,1.75083,7.54087
2393.9,0.0508108,0.000171181,11988,4.8972,1.74242,7.49131
2400.86,0.0505168,0.000170191,11989,4.90444,1.73405,7.44202
2407.78,0.0502269,0.000169214,11990,4.91151,1.72572,7.39299
2414.66,0.0499409,0.00016825,11991,4.91842,1.71742,7.34423
2421.51,0.0496587,0.0001673,11992,4.92517,1.70915,7.29574
2428.33,0.0493804,0.000166362,11993,4.93177,1.70092,7.24749
2435.11,0.0491059,0.000165437,11994,4.9382,1.69273,7.19951
2441.85,0.048835,0.000164525,11995,4.94449,1.68456,7.15177
2448.56,0.0485677,0.000163624,11996,4.95062,1.67643,7.10428
2455.24,0.0483039,0.000162736,11997,4.9566,1.66834,7.05704
2461.88,0.0480437,0.000161859,11998,4.96244,1.66027,7.01004
2468.48,0.0477868,0.000160993,11999,4.96813,1.65224,6.96328
2475.06,0.0475333,0.000160139,12000,4.97368,1.64424,6.91675
2481.6,0.0472831,0.000159297,12001,4.9791,1.63627,6.87046
2488.1,0.0470362,0.000158465,12002,4.98437,1.62833,6.8244
2494.58,0.0467924,0.000157643,12003,4.98951,1.62043,6.77857
2501.01,0.0465518,0.000156833,12004,4.99451,1.61255,6.73296
2507.42,0.0463142,0.000156032,12005,4.99939,1.6047,6.68758
2513.79,0.0460797,0.000155242,12006,5.00413,1.59689,6.64241
2520.13,0.0458482,0.000154462,12007,5.00874,1.5891,6.59747
2526.44,0.0456195,0.000153692,12008,5.01323,1.58134,6.55274
2532.71,0.0453938,0.000152931,12009,5.0176,1.57361,6.50822
2538.96,0.0451709,0.00015218,12010,5.02184,1.56591,6.46391
2545.16,0.0449508,0.000151439,12011,5.02596,1.55824,6.41981
2551.34,0.0447334,0.000150707,12012,5.02996,1.55059,6.37592
2557.49,0.0445187,0.000149983,12013,5.03385,1.54297,6.33223
2563.6,0.0443067,0.000149269,12014,5.03762,1.53538,6.28874
2569.68,0.0440972,0.000148563,12015,5.04127,1.52782,6.24545
2575.73,0.0438904,0.000147866,12016,5.04481,1.52029,6.20236
2581.74,0.043686,0.000147178,12017,5.04824,1.51278,6.15946
2587.73,0.0434842,0.000146498,12018,5.05156,1.50529,6.11675
2593.68,0.0432848,0.000145826,12019,5.05478,1.49784,6.07424
2599.6,0.0430878,0.000145163,12020,5.05788,1.4904,6.03191
2605.5,0.0428932,0.000144507,12021,5.06088,1.483,5.98977
2611.36,0.0427009,0.000143859,12022,5.06378,1.47562,5.94781
2617.18,0.0425109,0.000143219,12023,5.06657,1.46826,5.90603
2622.98,0.0423232,0.000142587,12024,5.06927,1.46093,5.86444
2628.75,0.0421377,0.000141962,12025,5.07186,1.45362,5.82302
2634.49,0.0419544,0.000141344,12026,5.07435,1.44634,5.78178
2640.19,0.0417732,0.000140734,12027,5.07675,1.43908,5.74071
2645.87,0.0415942,0.000140131,12028,5.07905,1.43185,5.69981
2651.51,0.0414173,0.000139535,12029,5.08126,1.42464,5.65909
2657.13,0.0412424,0.000138946,12030,5.08337,1.41745,5.61853
2662.71,0.0410696,0.000138363,12031,5.08539,1.41028,5.57814
2668.27,0.0408988,0.000137788,12032,5.08731,1.40314,5.53792
2673.79,0.04073,0.000137219,12033,5.08915,1.39602,5.49786
2679.28,0.0405631,0.000136657,12034,5.0909,1.38892,5.45796
2684.75,0.0403981,0.000136101,12035,5.09256,1.38185,5.41822
2690.18,0.040235,0.000135552,12036,5.09413,1.3748,5.37864
2695.59,0.0400738,0.000135009,12037,5.09561,1.36776,5.33921
2700.97,0.0399145,0.000134472,12038,5.09701,1.36075,5.29994
2706.31,0.0397569,0.000133941,12039,5.09833,1.35376,5.26083
2711.63,0.0396011,0.000133416,12040,5.09956,1.3468,5.22187
2716.92,0.0394471,0.000132897,12041,5.10071,1.33985,5.18305
2722.18,0.0392948,0.000132384,12042,5.10178,1.33292,5.14439
2727.41,0.0391443,0.000131877,12043,5.10277,1.32602,5.10587
2732.61,0.0389954,0.000131375,12044,5.10368,1.31913,5.0675
2737.78,0.0388482,0.000130879,12045,5.10452,1.31226,5.02927
2742.93,0.0387026,0.000130389,12046,5.10527,1.30542,4.99119
2748.04,0.0385587,0.000129904,12047,5.10595,1.29859,4.95324
2753.13,0.0384163,0.000129424,12048,5.10655,1.29178,4.91544
2758.19,0.0382755,0.00012895,12049,5.10707,1.28499,4.87777
2763.22,0.0381363,0.000128481,12050,5.10753,1.27823,4.84025
2768.22,0.0379986,0.000128017,12051,5.10791,1.27147,4.80285
2773.19,0.0378625,0.000127558,12052,5.10821,1.26474,4.7656
2778.14,0.0377278,0.000127105,12053,5.10845,1.25803,4.72847
2783.05,0.0375946,0.000126656,12054,5.10861,1.25134,4.69148
2787.94,0.0374629,0.000126212,12055,5.1087,1.24466,4.65461
2792.8,0.0373326,0.000125773,12056,5.10872,1.238,4.61788
2797.64,0.0372037,0.000125339,12057,5.10868,1.23136,4.58127
2802.44,0.0370762,0.000124909,12058,5.10856,1.22474,4.54479
2807.22,0.0369501,0.000124485,12059,5.10838,1.21813,4.50844
2811.97,0.0368253,0.000124064,12060,5.10813,1.21154,4.47221
2816.7,0.0367019,0.000123649,12061,5.10782,1.20497,4.4361
2821.39,0.0365799,0.000123237,12062,5.10744,1.19841,4.40012
2826.06,0.0364591,0.000122831,12063,5.10699,1.19188,4.36425
2830.7,0.0363397,0.000122428,12064,5.10648,1.18535,4.32851
2835.31,0.0362215,0.00012203,12065,5.10591,1.17885,4.29288
2839.9,0.0361046,0.000121636,12066,5.10527,1.17236,4.25737
2844.46,0.0359889,0.000121246,12067,5.10457,1.16589,4.22197
2848.99,0.0358745,0.000120861,12068,5.10381,1.15943,4.18669
2853.5,0.0357613,0.00012048,12069,5.10299,1.15299,4.15152
2857.98,0.0356493,0.000120102,12070,5.10211,1.14656,4.11647
2862.43,0.0355385,0.000119729,12071,5.10117,1.14016,4.08153
2866.86,0.0354288,0.00011936,12072,5.10017,1.13376,4.04669
2871.26,0.0353204,0.000118994,12073,5.09911,1.12738,4.01197
2875.63,0.035213,0.000118633,12074,5.09799,1.12102,3.97736
2879.97,0.0351068,0.000118275,12075,5.09681,1.11467,3.94285
2884.29,0.0350018,0.000117921,12076,5.09558,1.10833,3.90845
2888.59,0.0348978,0.000117571,12077,5.09428,1.10201,3.87415
2892.85,0.0347949,0.000117224,12078,5.09294,1.09571,3.83996
2897.09,0.0346931,0.000116881,12079,5.09153,1.08942,3.80587
2901.31,0.0345924,0.000116542,12080,5.09007,1.08314,3.77188
2905.5,0.0344928,0.000116206,12081,5.08856,1.07688,3.738
2909.66,0.0343941,0.000115874,12082,5.08699,1.07063,3.70421
2913.8,0.0342966,0.000115545,12083,5.08537,1.06439,3.67052
2917.91,0.0342,0.00011522,12084,5.08369,1.05817,3.63694
2921.99,0.0341045,0.000114898,12085,5.08197,1.05196,3.60345
2926.05,0.0340099,0.000114579,12086,5.08018,1.04577,3.57005
2930.08,0.0339163,0.000114264,12087,5.07835,1.03959,3.53676
2934.09,0.0338238,0.000113952,12088,5.07647,1.03342,3.50355
2938.07,0.0337321,0.000113643,12089,5.07453,1.02726,3.47044
2942.03,0.0336415,0.000113338,12090,5.07254,1.02112,3.43743
2945.96,0.0335518,0.000113036,12091,5.0705,1.01499,3.4045
2949.86,0.033463,0.000112737,12092,5.06841,1.00887,3.37167
2953.74,0.0333751,0.000112441,12093,5.06628,1.00277,3.33893
2957.6,0.0332882,0.000112148,12094,5.06409,0.996678,3.30627
2961.43,0.0332022,0.000111858,12095,5.06185,0.990598,3.27371
2965.23,0.033117,0.000111571,12096,5.05956,0.98453,3.24123
2969.01,0.0330328,0.000111287,12097,5.05723,0.978474,3.20885
2972.77,0.0329494,0.000111006,12098,5.05485,0.97243,3.17654
2976.49,0.0328669,0.000110728,12099,5.05242,0.966398,3.14433
2980.2,0.0327852,0.000110453,12100,5.04994,0.960378,3.11219
2983.88,0.0327045,0.000110181,12101,5.04742,0.954369,3.08015
2987.53,0.0326245,0.000109912,12102,5.04485,0.948371,3.04818
2991.16,0.0325454,0.000109645,12103,5.04223,0.942385,3.0163
2994.76,0.0324671,0.000109381,12104,5.03957,0.93641,2.9845
2998.34,0.0323896,0.00010912,12105,5.03686,0.930446,2.95278
3001.9,0.0323129,0.000108862,12106,5.03411,0.924493,2.92113
3005.43,0.0322371,0.000108607,12107,5.03131,0.918551,2.88957
3008.93,0.032162,0.000108354,12108,5.02847,0.91262,2.85809
3012.42,0.0320877,0.000108103,12109,5.02558,0.906699,2.82669
3015.87,0.0320142,0.000107856,12110,5.02265,0.900789,2.79536
3019.31,0.0319415,0.000107611,12111,5.01967,0.894889,2.76411
3022.71,0.0318695,0.000107368,12112,5.01665,0.889,2.73294
3026.1,0.0317983,0.000107128,12113,5.01359,0.88312,2.70184
3029.46,0.0317278,0.000106891,12114,5.01049,0.877251,2.67081
3032.79,0.031658,0.000106656,12115,5.00734,0.871392,2.63986
3036.1,0.031589,0.000106423,12116,5.00415,0.865543,2.60898
3039.39,0.0315208,0.000106193,12117,5.00092,0.859704,2.57817
3042.65,0.0314532,0.000105966,12118,4.99764,0.853874,2.54744
3045.89,0.0313864,0.00010574,12119,4.99432,0.848054,2.51678
3049.1,0.0313202,0.000105518,12120,4.99097,0.842244,2.48618
3052.29,0.0312548,0.000105297,12121,4.98757,0.836443,2.45566
3055.46,0.0311901,0.000105079,12122,4.98413,0.830651,2.42521
3058.6,0.031126,0.000104863,12123,4.98064,0.824869,2.39482
3061.72,0.0310626,0.00010465,12124,4.97712,0.819095,2.3645
3064.81,0.0309999,0.000104439,12125,4.97356,0.813331,2.33425
3067.88,0.0309379,0.00010423,12126,4.96996,0.807575,2.30407
3070.93,0.0308765,0.000104023,12127,4.96632,0.801829,2.27395
3073.95,0.0308158,0.000103818,12128,4.96263,0.796091,2.2439
3076.95,0.0307558,0.000103616,12129,4.95891,0.790362,2.21391
3079.93,0.0306964,0.000103416,12130,4.95515,0.784641,2.18399
3082.88,0.0306376,0.000103218,12131,4.95135,0.778929,2.15413
3085.81,0.0305795,0.000103022,12132,4.94751,0.773225,2.12433
3088.72,0.030522,0.000102828,12133,4.94364,0.76753,2.0946
3091.6,0.0304651,0.000102637,12134,4.93972,0.761842,2.06493
3094.46,0.0304089,0.000102447,12135,4.93577,0.756163,2.03532
3097.29,0.0303532,0.00010226,12136,4.93177,0.750492,2.00577
3100.1,0.0302982,0.000102074,12137,4.92774,0.744829,1.97628
3102.89,0.0302438,0.000101891,12138,4.92368,0.739173,1.94685
3105.66,0.0301899,0.00010171,12139,4.91957,0.733526,1.91747
3108.4,0.0301367,0.00010153,12140,4.91543,0.727886,1.88816
3111.12,0.0300841,0.000101353,12141,4.91125,0.722253,1.85891
3113.81,0.030032,0.000101178,12142,4.90703,0.716628,1.82971
3116.48,0.0299805,0.000101004,12143,4.90277,0.711011,1.80057
3119.13,0.0299296,0.000100833,12144,4.89848,0.705401,1.77148
3121.76,0.0298793,0.000100663,12145,4.89415,0.699798,1.74246
3124.36,0.0298295,0.000100496,12146,4.88979,0.694202,1.71348
3126.94,0.0297803,0.00010033,12147,4.88539,0.688613,1.68456
3129.5,0.0297317,0.000100166,12148,4.88095,0.683032,1.6557
3132.03,0.0296836,0.000100004,12149,4.87647,0.677457,1.62689
3134.54,0.0296361,9.98438e-05,12150,4.87197,0.671889,1.59813
3137.03,0.0295891,9.96854e-05,12151,4.86742,0.666328,1.56943
3139.49,0.0295426,9.9529e-05,12152,4.86284,0.660773,1.54078
3141.94,0.0294967,9.93743e-05,12153,4.85822,0.655225,1.51218
3144.36,0.0294514,9.92214e-05,12154,4.85357,0.649684,1.48363
3146.75,0.0294065,9.90704e-05,12155,4.84888,0.644149,1.45513
3149.13,0.0293622,9.89211e-05,12156,4.84416,0.638621,1.42668
3151.48,0.0293184,9.87735e-05,12157,4.8394,0.633098,1.39829
3153.81,0.0292751,9.86277e-05,12158,4.83461,0.627582,1.36994
3156.11,0.0292324,9.84837e-05,12159,4.82978,0.622072,1.34164
3158.39,0.0291901,9.83414e-05,12160,4.82492,0.616568,1.31339
3160.66,0.0291484,9.82007e-05,12161,4.82002,0.611071,1.28518
3162.89,0.0291072,9.80618e-05,12162,4.81509,0.605579,1.25703
3165.11,0.0290664,9.79246e-05,12163,4.81012,0.600092,1.22892
3167.3,0.0290262,9.7789e-05,12164,4.80512,0.594612,1.20086
3169.47,0.0289864,9.76552e-05,12165,4.80009,0.589137,1.17284
3171.62,0.0289472,9.75229e-05,12166,4.79502,0.583668,1.14487
3173.75,0.0289084,9.73924e-05,12167,4.78991,0.578204,1.11695
3175.85,0.0288702,9.72634e-05,12168,4.78478,0.572746,1.08907
3177.93,0.0288324,9.71361e-05,12169,4.7796,0.567293,1.06123
3179.99,0.0287951,9.70104e-05,12170,4.7744,0.561846,1.03344
3182.02,0.0287582,9.68863e-05,12171,4.76916,0.556404,1.00569
3184.04,0.0287219,9.67638e-05,12172,4.76389,0.550967,0.977985
3186.03,0.028686,9.66429e-05,12173,4.75858,0.545535,0.950322
3188,0.0286506,9.65236e-05,12174,4.75324,0.540108,0.922702
3189.94,0.0286156,9.64058e-05,12175,4.74787,0.534686,0.895123
3191.87,0.0285811,9.62896e-05,12176,4.74246,0.529269,0.867585
3193.77,0.0285471,9.61749e-05,12177,4.73702,0.523856,0.840089
3195.65,0.0285135,9.60618e-05,12178,4.73155,0.518449,0.812633
3197.51,0.0284804,9.59502e-05,12179,4.72604,0.513046,0.785218
3199.34,0.0284477,9.58401e-05,12180,4.72051,0.507648,0.757842
3201.16,0.0284155,9.57315e-05,12181,4.71493,0.502254,0.730505
3202.95,0.0283837,9.56245e-05,12182,4.70933,0.496865,0.703207
3204.72,0.0283523,9.55189e-05,12183,4.70369,0.49148,0.675948
3206.47,0.0283215,9.54148e-05,12184,4.69802,0.486099,0.648727
3208.19,0.028291,9.53122e-05,12185,4.69231,0.480723,0.621543
3209.89,0.028261,9.52111e-05,12186,4.68658,0.475351,0.594397
3211.58,0.0282314,9.51114e-05,12187,4.68081,0.469983,0.567288
3213.24,0.0282022,9.50132e-05,12188,4.675,0.464619,0.540215
3214.87,0.0281735,9.49164e-05,12189,4.66917,0.459259,0.513179
3216.49,0.0281452,9.48211e-05,12190,4.6633,0.453903,0.486178
3218.08,0.0281174,9.47272e-05,12191,4.6574,0.448551,0.459213
3219.65,0.0280899,9.46348e-05,12192,4.65147,0.443203,0.432283
3221.2,0.0280629,9.45437e-05,12193,4.6455,0.437858,0.405387
3222.73,0.0280363,9.44541e-05,12194,4.63951,0.432517,0.378526
3224.24,0.0280101,9.43659e-05,12195,4.63347,0.42718,0.351698
3225.72,0.0279843,9.42791e-05,12196,4.62741,0.421846,0.324904
3227.18,0.027959,9.41936e-05,12197,4.62132,0.416516,0.298143
3228.62,0.027934,9.41096e-05,12198,4.61519,0.411189,0.271415
3230.04,0.0279095,9.40269e-05,12199,4.60903,0.405865,0.24472
3231.44,0.0278854,9.39456e-05,12200,4.60284,0.400545,0.218056
3232.82,0.0278616,9.38657e-05,12201,4.59661,0.395228,0.191424
3234.17,0.0278383,9.37872e-05,12202,4.59036,0.389914,0.164824
3235.5,0.0278154,9.371e-05,12203,4.58407,0.384603,0.138255
3236.81,0.0277929,9.36341e-05,12204,4.57774,0.379295,0.111716
3238.1,0.0277708,9.35596e-05,12205,4.57139,0.37399,0.0852071
3239.37,0.0277491,9.34864e-05,12206,4.565,0.368688,0.0587285
3240.61,0.0277277,9.34146e-05,12207,4.55859,0.363389,0.0322794
3241.84,0.0277068,9.33441e-05,12208,4.55214,0.358093,0.00585962
3243.04,0.0276863,9.32749e-05,12209,4.54565,0.352799,-0.0205313
3244.22,0.0276661,9.32071e-05,12210,4.53914,0.347508,-0.0468937
3245.38,0.0276464,9.31405e-05,12211,4.53259,0.342219,-0.0732278
3246.51,0.027627,9.30753e-05,12212,4.52601,0.336934,-0.0995341
3247.63,0.027608,9.30113e-05,12213,4.5194,0.33165,-0.125813
3248.72,0.0275895,9.29487e-05,12214,4.51276,0.326369,-0.152065
3249.8,0.0275712,9.28874e-05,12215,4.50608,0.32109,-0.178289
3250.85,0.0275534,9.28273e-05,12216,4.49937,0.315814,-0.204487
3251.88,0.027536,9.27686e-05,12217,4.49263,0.31054,-0.230659
3252.88,0.0275189,9.27111e-05,12218,4.48586,0.305268,-0.256806
3253.87,0.0275022,9.26549e-05,12219,4.47905,0.299998,-0.282926
3254.84,0.0274859,9.26e-05,12220,4.47221,0.29473,-0.309022
3255.78,0.02747,9.25463e-05,12221,4.46534,0.289464,-0.335092
3256.7,0.0274545,9.24939e-05,12222,4.45844,0.2842,-0.361138
3257.6,0.0274393,9.24428e-05,12223,4.45151,0.278938,-0.38716
3258.48,0.0274245,9.23929e-05,12224,4.44454,0.273677,-0.413158
3259.34,0.0274101,9.23443e-05,12225,4.43754,0.268419,-0.439132
3260.17,0.027396,9.22969e-05,12226,4.43051,0.263162,-0.465083
3260.99,0.0273823,9.22508e-05,12227,4.42344,0.257906,-0.491011
3261.78,0.027369,9.22059e-05,12228,4.41635,0.252652,-0.516917
3262.55,0.027356,9.21623e-05,12229,4.40922,0.2474,-0.5428
3263.31,0.0273434,9.21199e-05,12230,4.40205,0.242149,-0.568661
3264.03,0.0273312,9.20788e-05,12231,4.39486,0.2369,-0.5945
3264.74,0.0273194,9.20388e-05,12232,4.38763,0.231652,-0.620318
3265.43,0.0273079,9.20001e-05,12233,4.38037,0.226405,-0.646115
3266.09,0.0272968,9.19627e-05,12234,4.37308,0.221159,-0.671892
3266.74,0.027286,9.19264e-05,12235,4.36575,0.215914,-0.697647
3267.36,0.0272756,9.18914e-05,12236,4.3584,0.210671,-0.723383
3267.96,0.0272656,9.18576e-05,12237,4.35101,0.205428,-0.749099
3268.54,0.0272559,9.1825e-05,12238,4.34358,0.200187,-0.774795
3269.1,0.0272466,9.17937e-05,12239,4.33612,0.194946,-0.800472
3269.64,0.0272377,9.17635e-05,12240,4.32863,0.189706,-0.82613
3270.15,0.0272291,9.17346e-05,12241,4.32111,0.184467,-0.851769
3270.65,0.0272208,9.17068e-05,12242,4.31356,0.179229,-0.877391
3271.12,0.027213,9.16803e-05,12243,4.30597,0.173992,-0.902994
3271.57,0.0272054,9.1655e-05,12244,4.29834,0.168755,-0.928579
3272,0.0271983,9.16309e-05,12245,4.29069,0.163518,-0.954147
3272.41,0.0271915,9.16079e-05,12246,4.283,0.158282,-0.979698
3272.8,0.027185,9.15862e-05,12247,4.27528,0.153047,-1.00523
3273.17,0.0271789,9.15657e-05,12248,4.26752,0.147812,-1.03075
3273.51,0.0271732,9.15463e-05,12249,4.25973,0.142577,-1.05625
3273.84,0.0271678,9.15282e-05,12250,4.25191,0.137342,-1.08174
3274.14,0.0271628,9.15113e-05,12251,4.24405,0.132108,-1.1072
3274.42,0.0271581,9.14955e-05,12252,4.23616,0.126874,-1.13266
3274.68,0.0271538,9.1481e-05,12253,4.22824,0.12164,-1.1581
3274.92,0.0271498,9.14676e-05,12254,4.22028,0.116406,-1.18352
3275.14,0.0271462,9.14554e-05,12255,4.21229,0.111172,-1.20893
3275.34,0.027143,9.14444e-05,12256,4.20427,0.105937,-1.23433
3275.51,0.02714,9.14347e-05,12257,4.19621,0.100703,-1.25971
3275.67,0.0271375,9.14261e-05,12258,4.18811,0.0954686,-1.28508
3275.8,0.0271353,9.14186e-05,12259,4.17998,0.0902338,-1.31043
3275.91,0.0271334,9.14124e-05,12260,4.17182,0.0849986,-1.33577
3276,0.0271319,9.14074e-05,12261,4.16362,0.0797631,-1.3611
3276.07,0.0271308,9.14035e-05,12262,4.15539,0.0745272,-1.38642
3276.12,0.02713,9.14008e-05,12263,4.14713,0.0692908,-1.41172
3276.14,0.0271296,9.13993e-05,12264,4.13883,0.0640538,-1.43701
3276.15,0.0271295,9.1399e-05,12265,4.13049,0.0588162,-1.4623
3276.13,0.0271297,9.13999e-05,12266,4.12212,0.0535779,-1.48756
3276.1,0.0271303,9.1402e-05,12267,4.11372,0.0483389,-1.51282
3276.04,0.0271313,9.14052e-05,12268,4.10528,0.0430991,-1.53807
3275.96,0.0271326,9.14096e-05,12269,4.0968,0.0378585,-1.56331
3275.86,0.0271343,9.14153e-05,12270,4.08829,0.032617,-1.58853
3275.74,0.0271363,9.14221e-05,12271,4.07975,0.0273745,-1.61375
3275.59,0.0271387,9.14301e-05,12272,4.07117,0.022131,-1.63896
3275.43,0.0271414,9.14392e-05,12273,4.06255,0.0168864,-1.66415
3275.24,0.0271445,9.14496e-05,12274,4.0539,0.0116406,-1.68934
3275.04,0.0271479,9.14612e-05,12275,4.04521,0.00639369,-1.71452
3274.81,0.0271517,9.14739e-05,12276,4.03648,0.00114549,-1.73969
3274.56,0.0271558,9.14878e-05,12277,4.02772,-0.00410401,-1.76485
3274.29,0.0271603,9.1503e-05,12278,4.01893,-0.0093549,-1.79001
3274,0.0271652,9.15193e-05,12279,4.0101,-0.0146072,-1.81515
3273.68,0.0271704,9.15368e-05,12280,4.00123,-0.019861,-1.84029
3273.35,0.0271759,9.15555e-05,12281,3.99232,-0.0251164,-1.86542
3272.99,0.0271818,9.15754e-05,12282,3.98338,-0.0303734,-1.89055
3272.62,0.0271881,9.15965e-05,12283,3.9744,-0.035632,-1.91567
3272.22,0.0271947,9.16188e-05,12284,3.96539,-0.0408924,-1.94078
3271.8,0.0272017,9.16423e-05,12285,3.95633,-0.0461545,-1.96589
3271.36,0.027209,9.1667e-05,12286,3.94724,-0.0514185,-1.99099
3270.9,0.0272167,9.16929e-05,12287,3.93812,-0.0566845,-2.01608
3270.41,0.0272247,9.172e-05,12288,3.92895,-0.0619523,-2.04117
3269.91,0.0272332,9.17483e-05,12289,3.91975,-0.0672223,-2.06625
3269.38,0.0272419,9.17779e-05,12290,3.91051,-0.0724943,-2.09133
3268.83,0.027251,9.18086e-05,12291,3.90124,-0.0777684,-2.11641
3268.27,0.0272605,9.18405e-05,12292,3.89192,-0.0830448,-2.14148
3267.68,0.0272704,9.18737e-05,12293,3.88257,-0.0883234,-2.16654
3267.06,0.0272806,9.19081e-05,12294,3.87318,-0.0936044,-2.19161
3266.43,0.0272911,9.19437e-05,12295,3.86375,-0.0988877,-2.21667
3265.78,0.0273021,9.19805e-05,12296,3.85428,-0.104174,-2.24172
3265.1,0.0273134,9.20186e-05,12297,3.84478,-0.109462,-2.26678
3264.41,0.027325,9.20579e-05,12298,3.83523,-0.114753,-2.29183
3263.69,0.0273371,9.20984e-05,12299,3.82565,-0.120046,-2.31688
3262.95,0.0273494,9.21401e-05,12300,3.81602,-0.125343,-2.34192
3262.19,0.0273622,9.21831e-05,12301,3.80636,-0.130642,-2.36697
3261.4,0.0273753,9.22273e-05,12302,3.79666,-0.135943,-2.39201
3260.6,0.0273888,9.22728e-05,12303,3.78692,-0.141248,-2.41705
3259.78,0.0274027,9.23195e-05,12304,3.77714,-0.146556,-2.4421
3258.93,0.0274169,9.23675e-05,12305,3.76732,-0.151866,-2.46714
3258.06,0.0274315,9.24167e-05,12306,3.75746,-0.15718,-2.49218
3257.17,0.0274465,9.24672e-05,12307,3.74755,-0.162497,-2.51722
3256.26,0.0274619,9.25189e-05,12308,3.73761,-0.167817,-2.54226
3255.33,0.0274776,9.25719e-05,12309,3.72763,-0.17314,-2.5673
3254.37,0.0274937,9.26262e-05,12310,3.71761,-0.178467,-2.59234
3253.4,0.0275102,9.26817e-05,12311,3.70754,-0.183797,-2.61738
3252.4,0.0275271,9.27386e-05,12312,3.69744,-0.18913,-2.64242
3251.38,0.0275443,9.27967e-05,12313,3.68729,-0.194467,-2.66747
3250.35,0.0275619,9.2856e-05,12314,3.6771,-0.199808,-2.69252
3249.28,0.02758,9.29167e-05,12315,3.66687,-0.205152,-2.71756
3248.2,0.0275983,9.29787e-05,12316,3.6566,-0.2105,-2.74262
3247.1,0.0276171,9.30419e-05,12317,3.64629,-0.215852,-2.76767
3245.97,0.0276363,9.31065e-05,12318,3.63593,-0.221207,-2.79273
3244.82,0.0276558,9.31723e-05,12319,3.62553,-0.226567,-2.81779
3243.65,0.0276758,9.32395e-05,12320,3.61509,-0.23193,-2.84285
3242.46,0.0276961,9.3308e-05,12321,3.6046,-0.237298,-2.86792
3241.25,0.0277168,9.33778e-05,12322,3.59408,-0.242669,-2.89299
3240.02,0.0277379,9.3449e-05,12323,3.58351,-0.248045,-2.91806
3238.76,0.0277595,9.35214e-05,12324,3.57289,-0.253425,-2.94314
3237.48,0.0277814,9.35952e-05,12325,3.56223,-0.258809,-2.96822
3236.18,0.0278037,9.36704e-05,12326,3.55153,-0.264197,-2.99331
3234.86,0.0278264,9.37469e-05,12327,3.54079,-0.26959,-3.01841
3233.52,0.0278495,9.38247e-05,12328,3.52999,-0.274988,-3.04351
3232.16,0.027873,9.39039e-05,12329,3.51916,-0.28039,-3.06861
3230.77,0.0278969,9.39845e-05,12330,3.50828,-0.285797,-3.09373
3229.36,0.0279212,9.40665e-05,12331,3.49735,-0.291208,-3.11885
3227.94,0.027946,9.41498e-05,12332,3.48638,-0.296624,-3.14397
3226.48,0.0279711,9.42345e-05,12333,3.47537,-0.302045,-3.1691
3225.01,0.0279967,9.43206e-05,12334,3.4643,-0.307471,-3.19424
3223.52,0.0280226,9.44081e-05,12335,3.4532,-0.312902,-3.21939
3222,0.028049,9.4497e-05,12336,3.44204,-0.318338,-3.24455
3220.46,0.0280758,9.45873e-05,12337,3.43084,-0.323779,-3.26971
3218.9,0.0281031,9.4679e-05,12338,3.41959,-0.329226,-3.29488
3217.32,0.0281307,9.47722e-05,12339,3.4083,-0.334677,-3.32006
3215.71,0.0281588,9.48668e-05,12340,3.39696,-0.340134,-3.34525
3214.09,0.0281873,9.49628e-05,12341,3.38557,-0.345596,-3.37045
3212.44,0.0282162,9.50602e-05,12342,3.37413,-0.351064,-3.39566
3210.77,0.0282456,9.51591e-05,12343,3.36264,-0.356538,-3.42087
3209.08,0.0282754,9.52595e-05,12344,3.35111,-0.362016,-3.4461
3207.36,0.0283056,9.53613e-05,12345,3.33953,-0.367501,-3.47134
3205.63,0.0283362,9.54646e-05,12346,3.3279,-0.372992,-3.49659
3203.87,0.0283673,9.55694e-05,12347,3.31622,-0.378488,-3.52185
3202.09,0.0283989,9.56757e-05,12348,3.30449,-0.38399,-3.54712
3200.29,0.0284309,9.57835e-05,12349,3.29271,-0.389498,-3.5724
3198.46,0.0284633,9.58928e-05,12350,3.28088,-0.395012,-3.5977
3196.62,0.0284962,9.60036e-05,12351,3.269,-0.400533,-3.623
3194.75,0.0285296,9.61159e-05,12352,3.25707,-0.406059,-3.64832
3192.86,0.0285634,9.62298e-05,12353,3.24509,-0.411592,-3.67366
3190.95,0.0285976,9.63452e-05,12354,3.23305,-0.417131,-3.699
3189.01,0.0286323,9.64622e-05,12355,3.22097,-0.422677,-3.72436
3187.05,0.0286675,9.65807e-05,12356,3.20884,-0.428229,-3.74973
3185.07,0.0287032,9.67008e-05,12357,3.19665,-0.433788,-3.77512
3183.07,0.0287393,9.68225e-05,12358,3.18441,-0.439354,-3.80052
3181.05,0.0287759,9.69457e-05,12359,3.17211,-0.444926,-3.82593
3179,0.0288129,9.70706e-05,12360,3.15977,-0.450505,-3.85136
3176.93,0.0288505,9.71971e-05,12361,3.14737,-0.456091,-3.8768
3174.84,0.0288885,9.73252e-05,12362,3.13492,-0.461684,-3.90226
3172.73,0.028927,9.74549e-05,12363,3.12241,-0.467284,-3.92774
3170.59,0.028966,9.75862e-05,12364,3.10985,-0.472892,-3.95323
3168.43,0.0290055,9.77193e-05,12365,3.09723,-0.478506,-3.97874
3166.25,0.0290454,9.78539e-05,12366,3.08456,-0.484128,-4.00426
3164.05,0.0290859,9.79903e-05,12367,3.07183,-0.489757,-4.0298
3161.82,0.0291269,9.81283e-05,12368,3.05905,-0.495394,-4.05536
3159.57,0.0291684,9.8268e-05,12369,3.04621,-0.501038,-4.08094
3157.3,0.0292103,9.84095e-05,12370,3.03332,-0.50669,-4.10653
3155.01,0.0292528,9.85526e-05,12371,3.02037,-0.51235,-4.13214
3152.69,0.0292958,9.86975e-05,12372,3.00736,-0.518017,-4.15777
3150.35,0.0293394,9.88442e-05,12373,2.99429,-0.523693,-4.18342
3147.99,0.0293834,9.89925e-05,12374,2.98117,-0.529376,-4.20909
3145.6,0.029428,9.91427e-05,12375,2.96798,-0.535068,-4.23477
3143.2,0.0294731,9.92946e-05,12376,2.95474,-0.540768,-4.26048
3140.77,0.0295187,9.94484e-05,12377,2.94144,-0.546476,-4.28621
3138.31,0.0295649,9.96039e-05,12378,2.92808,-0.552192,-4.31195
3135.84,0.0296116,9.97612e-05,12379,2.91466,-0.557917,-4.33772
3133.34,0.0296588,9.99204e-05,12380,2.90118,-0.56365,-4.36351
3130.82,0.0297066,0.000100081,12381,2.88764,-0.569392,-4.38932
3128.27,0.029755,0.000100244,12382,2.87404,-0.575143,-4.41515
3125.7,0.0298039,0.000100409,12383,2.86037,-0.580902,-4.44101
3123.11,0.0298534,0.000100576,12384,2.84665,-0.58667,-4.46688
3120.5,0.0299034,0.000100744,12385,2.83286,-0.592448,-4.49278
3117.86,0.029954,0.000100915,12386,2.81901,-0.598234,-4.5187
3115.2,0.0300052,0.000101087,12387,2.8051,-0.60403,-4.54465
3112.52,0.0300569,0.000101262,12388,2.79112,-0.609834,-4.57061
3109.81,0.0301093,0.000101438,12389,2.77708,-0.615649,-4.59661
3107.08,0.0301622,0.000101616,12390,2.76297,-0.621472,-4.62262
3104.33,0.0302157,0.000101797,12391,2.7488,-0.627306,-4.64866
3101.55,0.0302698,0.000101979,12392,2.73456,-0.633149,-4.67473
3098.76,0.0303245,0.000102163,12393,2.72026,-0.639001,-4.70082
3095.93,0.0303799,0.00010235,12394,2.70589,-0.644864,-4.72694
3093.09,0.0304358,0.000102538,12395,2.69146,-0.650736,-4.75308
3090.22,0.0304923,0.000102729,12396,2.67695,-0.656619,-4.77925
3087.32,0.0305495,0.000102921,12397,2.66238,-0.662511,-4.80545
3084.41,0.0306073,0.000103116,12398,2.64774,-0.668414,-4.83167
3081.47,0.0306658,0.000103313,12399,2.63303,-0.674328,-4.85792
3078.5,0.0307248,0.000103512,12400,2.61826,-0.680252,-4.8842
3075.52,0.0307845,0.000103713,12401,2.60341,-0.686186,-4.9105
3072.51,0.0308449,0.000103916,12402,2.58849,-0.692131,-4.93684
3069.47,0.0309059,0.000104122,12403,2.5735,-0.698087,-4.9632
3066.41,0.0309676,0.00010433,12404,2.55844,-0.704054,-4.9896
3063.33,0.03103,0.00010454,12405,2.54331,-0.710031,-5.01602
3060.22,0.031093,0.000104752,12406,2.5281,-0.71602,-5.04247
3057.09,0.0311567,0.000104967,12407,2.51282,-0.72202,-5.06895
3053.94,0.0312211,0.000105184,12408,2.49747,-0.728032,-5.09547
3050.76,0.0312861,0.000105403,12409,2.48205,-0.734055,-5.12201
3047.56,0.0313519,0.000105624,12410,2.46655,-0.740089,-5.14858
3044.34,0.0314184,0.000105848,12411,2.45097,-0.746135,-5.17519
3041.09,0.0314856,0.000106075,12412,2.43532,-0.752193,-5.20183
3037.81,0.0315535,0.000106303,12413,2.41959,-0.758263,-5.2285
3034.51,0.0316221,0.000106535,12414,2.40378,-0.764345,-5.25521
3031.19,0.0316914,0.000106768,12415,2.3879,-0.770438,-5.28195
3027.84,0.0317615,0.000107004,12416,2.37194,-0.776545,-5.30872
3024.47,0.0318324,0.000107243,12417,2.3559,-0.782663,-5.33552
3021.08,0.031904,0.000107484,12418,2.33978,-0.788794,-5.36236
3017.66,0.0319763,0.000107728,12419,2.32358,-0.794938,-5.38924
3014.22,0.0320494,0.000107974,12420,2.30729,-0.801094,-5.41615
3010.75,0.0321233,0.000108223,12421,2.29093,-0.807264,-5.4431
3007.25,0.032198,0.000108475,12422,2.27448,-0.813446,-5.47008
3003.74,0.0322734,0.000108729,12423,2.25796,-0.819641,-5.4971
3000.19,0.0323497,0.000108986,12424,2.24134,-0.82585,-5.52415
2996.63,0.0324267,0.000109245,12425,2.22465,-0.832072,-5.55124
2993.04,0.0325046,0.000109508,12426,2.20787,-0.838307,-5.57837
2989.42,0.0325833,0.000109773,12427,2.191,-0.844556,-5.60554
2985.78,0.0326628,0.000110041,12428,2.17405,-0.850819,-5.63275
2982.11,0.0327431,0.000110311,12429,2.15701,-0.857096,-5.66
2978.42,0.0328244,0.000110585,12430,2.13988,-0.863387,-5.68728
2974.71,0.0329064,0.000110861,12431,2.12266,-0.869692,-5.71461
2970.97,0.0329893,0.000111141,12432,2.10536,-0.876011,-5.74197
2967.2,0.0330731,0.000111423,12433,2.08796,-0.882345,-5.76938
2963.41,0.0331578,0.000111708,12434,2.07047,-0.888693,-5.79682
2959.59,0.0332434,0.000111997,12435,2.05289,-0.895056,-5.82431
2955.75,0.0333298,0.000112288,12436,2.03522,-0.901434,-5.85184
2951.88,0.0334172,0.000112582,12437,2.01746,-0.907826,-5.87942
2947.99,0.0335055,0.00011288,12438,1.9996,-0.914234,-5.90703
2944.07,0.0335947,0.00011318,12439,1.98165,-0.920658,-5.93469
2940.13,0.0336849,0.000113484,12440,1.9636,-0.927096,-5.9624
2936.16,0.033776,0.000113791,12441,1.94545,-0.933551,-5.99014
2932.17,0.0338681,0.000114101,12442,1.92721,-0.940021,-6.01793
2928.15,0.0339611,0.000114415,12443,1.90887,-0.946507,-6.04577
2924.1,0.0340552,0.000114732,12444,1.89043,-0.953009,-6.07365
2920.03,0.0341502,0.000115052,12445,1.87189,-0.959527,-6.10158
2915.94,0.0342462,0.000115375,12446,1.85325,-0.966061,-6.12956
2911.81,0.0343433,0.000115702,12447,1.83451,-0.972612,-6.15758
2907.66,0.0344414,0.000116033,12448,1.81566,-0.97918,-6.18565
2903.49,0.0345405,0.000116367,12449,1.79671,-0.985765,-6.21377
2899.29,0.0346406,0.000116704,12450,1.77766,-0.992366,-6.24194
2895.06,0.0347419,0.000117045,12451,1.7585,-0.998985,-6.27015
2890.81,0.0348442,0.00011739,12452,1.73923,-1.00562,-6.29842
2886.53,0.0349476,0.000117738,12453,1.71986,-1.01227,-6.32673
2882.22,0.0350521,0.00011809,12454,1.70038,-1.01895,-6.3551
2877.89,0.0351577,0.000118446,12455,1.68079,-1.02564,-6.38351
2873.53,0.0352644,0.000118806,12456,1.66109,-1.03234,-6.41198
2869.15,0.0353723,0.000119169,12457,1.64127,-1.03907,-6.4405
2864.73,0.0354813,0.000119536,12458,1.62135,-1.04581,-6.46907
2860.3,0.0355915,0.000119908,12459,1.60131,-1.05257,-6.4977
2855.83,0.0357029,0.000120283,12460,1.58115,-1.05935,-6.52638
2851.34,0.0358155,0.000120662,12461,1.56088,-1.06615,-6.55511
2846.82,0.0359293,0.000121046,12462,1.54049,-1.07297,-6.5839
2842.28,0.0360443,0.000121433,12463,1.51999,-1.07981,-6.61274
2837.7,0.0361605,0.000121825,12464,1.49936,-1.08667,-6.64164
2833.1,0.0362781,0.000122221,12465,1.47861,-1.09355,-6.6706
2828.48,0.0363968,0.000122621,12466,1.45775,-1.10044,-6.69961
2823.82,0.0365169,0.000123025,12467,1.43676,-1.10736,-6.72868
2819.14,0.0366383,0.000123434,12468,1.41564,-1.1143,-6.75781
2814.43,0.036761,0.000123848,12469,1.3944,-1.12126,-6.78699
2809.7,0.036885,0.000124265,12470,1.37304,-1.12823,-6.81624
2804.93,0.0370104,0.000124688,12471,1.35154,-1.13523,-6.84554
2800.14,0.0371372,0.000125115,12472,1.32992,-1.14225,-6.87491
2795.32,0.0372654,0.000125547,12473,1.30816,-1.1493,-6.90433
2790.47,0.0373949,0.000125983,12474,1.28628,-1.15636,-6.93382
2785.6,0.0375259,0.000126425,12475,1.26426,-1.16344,-6.96337
2780.7,0.0376584,0.000126871,12476,1.2421,-1.17055,-6.99298
2775.77,0.0377923,0.000127322,12477,1.21982,-1.17768,-7.02266
2770.81,0.0379277,0.000127778,12478,1.19739,-1.18483,-7.0524
2765.82,0.0380645,0.000128239,12479,1.17482,-1.192,-7.0822
2760.81,0.038203,0.000128706,12480,1.15212,-1.1992,-7.11207
2755.76,0.0383429,0.000129177,12481,1.12927,-1.20642,-7.142
2750.69,0.0384844,0.000129654,12482,1.10628,-1.21366,-7.172
2745.59,0.0386276,0.000130136,12483,1.08314,-1.22093,-7.20207
2740.46,0.0387723,0.000130624,12484,1.05986,-1.22822,-7.23221
2735.3,0.0389186,0.000131117,12485,1.03643,-1.23553,-7.26241
2730.12,0.0390666,0.000131615,12486,1.01286,-1.24287,-7.29268
2724.9,0.0392163,0.00013212,12487,0.989125,-1.25024,-7.32302
2719.66,0.0393677,0.00013263,12488,0.965243,-1.25762,-7.35343
2714.38,0.0395208,0.000133145,12489,0.941207,-1.26503,-7.38392
2709.08,0.0396757,0.000133667,12490,0.917015,-1.27247,-7.41447
2703.75,0.0398323,0.000134195,12491,0.892665,-1.27994,-7.4451
2698.39,0.0399907,0.000134729,12492,0.868155,-1.28742,-7.4758
2693,0.040151,0.000135268,12493,0.843485,-1.29494,-7.50657
2687.58,0.0403131,0.000135815,12494,0.818651,-1.30248,-7.53742
2682.13,0.0404771,0.000136367,12495,0.793652,-1.31005,-7.56834
2676.65,0.040643,0.000136926,12496,0.768487,-1.31764,-7.59934
2671.14,0.0408108,0.000137491,12497,0.743154,-1.32526,-7.63041
2665.6,0.0409806,0.000138063,12498,0.71765,-1.33291,-7.66157
2660.03,0.0411523,0.000138642,12499,0.691973,-1.34059,-7.6928
2654.44,0.0413261,0.000139227,12500,0.666122,-1.34829,-7.7241
2648.81,0.041502,0.00013982,12501,0.640095,-1.35603,-7.75549
2643.15,0.0416799,0.000140419,12502,0.613889,-1.36379,-7.78696
2637.46,0.0418599,0.000141026,12503,0.587503,-1.37158,-7.81851
2631.74,0.0420421,0.00014164,12504,0.560934,-1.3794,-7.85014
2625.98,0.0422264,0.000142261,12505,0.53418,-1.38724,-7.88185
2620.2,0.042413,0.000142889,12506,0.507239,-1.39512,-7.91365
2614.39,0.0426018,0.000143525,12507,0.480109,-1.40303,-7.94553
2608.55,0.0427929,0.000144169,12508,0.452788,-1.41097,-7.97749
2602.67,0.0429863,0.000144821,12509,0.425273,-1.41894,-8.00954
2596.77,0.0431821,0.00014548,12510,0.397562,-1.42694,-8.04168
2590.83,0.0433802,0.000146148,12511,0.369652,-1.43497,-8.0739
2584.86,0.0435808,0.000146823,12512,0.341541,-1.44304,-8.10622
2578.86,0.0437838,0.000147507,12513,0.313228,-1.45113,-8.13862
2572.83,0.0439894,0.0001482,12514,0.284708,-1.45926,-8.17111
2566.76,0.0441975,0.000148901,12515,0.25598,-1.46742,-8.20369
2560.67,0.0444081,0.000149611,12516,0.227041,-1.47561,-8.23636
2554.54,0.0446214,0.000150329,12517,0.197888,-1.48384,-8.26913
2548.38,0.0448374,0.000151057,12518,0.168519,-1.4921,-8.30198
2542.19,0.0450561,0.000151794,12519,0.138932,-1.5004,-8.33493
2535.96,0.0452776,0.00015254,12520,0.109122,-1.50873,-8.36798
2529.71,0.0455018,0.000153295,12521,0.0790877,-1.51709,-8.40112
2523.42,0.0457289,0.000154061,12522,0.048826,-1.52549,-8.43436
2517.09,0.0459589,0.000154835,12523,0.0183339,-1.53393,-8.4677
2510.74,0.0461919,0.00015562,12524,-0.0123915,-1.5424,-8.50113
2504.35,0.0464279,0.000156415,12525,-0.0433534,-1.55091,-8.53467
2497.93,0.0466669,0.000157221,12526,-0.0745548,-1.55946,-8.5683
2491.47,0.046909,0.000158036,12527,-0.105999,-1.56804,-8.60203
2484.98,0.0471543,0.000158863,12528,-0.137689,-1.57666,-8.63587
2478.46,0.0474028,0.0001597,12529,-0.169628,-1.58532,-8.66981
2471.91,0.0476546,0.000160548,12530,-0.201819,-1.59402,-8.70386
2465.32,0.0479097,0.000161407,12531,-0.234267,-1.60275,-8.73801
2458.69,0.0481682,0.000162278,12532,-0.266973,-1.61153,-8.77226
2452.03,0.0484301,0.000163161,12533,-0.299943,-1.62035,-8.80662
2445.34,0.0486956,0.000164055,12534,-0.333179,-1.6292,-8.84109
2438.62,0.0489646,0.000164961,12535,-0.366685,-1.6381,-8.87567
2431.85,0.0492372,0.00016588,12536,-0.400465,-1.64704,-8.91036
2425.06,0.0495136,0.000166811,12537,-0.434522,-1.65602,-8.94516
2418.23,0.0497937,0.000167755,12538,-0.468861,-1.66504,-8.98007
2411.36,0.0500777,0.000168711,12539,-0.503485,-1.67411,-9.0151
2404.46,0.0503656,0.000169681,12540,-0.538399,-1.68322,-9.05024
2397.52,0.0506574,0.000170665,12541,-0.573606,-1.69237,-9.08549
2390.55,0.0509534,0.000171662,12542,-0.609111,-1.70157,-9.12086
2383.54,0.0512534,0.000172673,12543,-0.644918,-1.71081,-9.15635
2376.5,0.0515577,0.000173698,12544,-0.681031,-1.7201,-9.19195
2369.42,0.0518663,0.000174737,12545,-0.717456,-1.72944,-9.22768
2362.3,0.0521793,0.000175792,12546,-0.754195,-1.73882,-9.26352
2355.15,0.0524967,0.000176861,12547,-0.791255,-1.74825,-9.29949
2347.96,0.0528186,0.000177946,12548,-0.828639,-1.75772,-9.33558
2340.73,0.0531453,0.000179046,12549,-0.866353,-1.76725,-9.37179
2333.47,0.0534766,0.000180162,12550,-0.904401,-1.77682,-9.40813
2326.17,0.0538128,0.000181295,12551,-0.942788,-1.78644,-9.44459
2318.83,0.0541539,0.000182444,12552,-0.981521,-1.79611,-9.48118
2311.46,0.0545,0.00018361,12553,-1.0206,-1.80584,-9.5179
2304.05,0.0548512,0.000184793,12554,-1.06004,-1.81561,-9.55475
2296.6,0.0552076,0.000185994,12555,-1.09984,-1.82544,-9.59173
2289.11,0.0555694,0.000187213,12556,-1.14,-1.83532,-9.62884
2281.58,0.0559367,0.00018845,12557,-1.18054,-1.84525,-9.66609
2274.02,0.0563094,0.000189706,12558,-1.22145,-1.85524,-9.70346
2266.41,0.0566879,0.000190981,12559,-1.26275,-1.86528,-9.74098
2258.77,0.0570721,0.000192276,12560,-1.30444,-1.87537,-9.77862
2251.09,0.0574623,0.00019359,12561,-1.34652,-1.88553,-9.81641
2243.37,0.0578585,0.000194925,12562,-1.38901,-1.89573,-9.85434
2235.61,0.0582608,0.00019628,12563,-1.4319,-1.906,-9.8924
2227.81,0.0586695,0.000197657,12564,-1.47521,-1.91632,-9.93061
2219.97,0.0590846,0.000199056,12565,-1.51895,-1.92671,-9.96896
2212.09,0.0595063,0.000200476,12566,-1.56311,-1.93715,-10.0074
2204.17,0.0599347,0.00020192,12567,-1.60771,-1.94766,-10.0461
2196.21,0.0603699,0.000203386,12568,-1.65275,-1.95822,-10.0849
2188.21,0.0608122,0.000204876,12569,-1.69824,-1.96885,-10.1238
2180.17,0.0612616,0.00020639,12570,-1.74419,-1.97954,-10.1629
2172.09,0.0617184,0.000207929,12571,-1.79061,-1.99029,-10.2021
2163.96,0.0621827,0.000209493,12572,-1.83751,-2.00111,-10.2415
2155.79,0.0626547,0.000211083,12573,-1.88488,-2.01199,-10.281
2147.59,0.0631346,0.0002127,12574,-1.93275,-2.02294,-10.3207
2139.34,0.0636225,0.000214344,12575,-1.98112,-2.03396,-10.3605
2131.04,0.0641186,0.000216015,12576,-2.02999,-2.04504,-10.4005
2122.71,0.0646231,0.000217715,12577,-2.07939,-2.0562,-10.4407
2114.33,0.0651362,0.000219444,12578,-2.12931,-2.06742,-10.481
2105.91,0.0656582,0.000221202,12579,-2.17976,-2.07872,-10.5215
2097.45,0.0661892,0.000222991,12580,-2.23076,-2.09008,-10.5621
2088.94,0.0667294,0.000224811,12581,-2.28232,-2.10152,-10.6029
2080.39,0.0672792,0.000226663,12582,-2.33444,-2.11304,-10.6438
2071.79,0.0678386,0.000228548,12583,-2.38714,-2.12462,-10.6849
2063.15,0.068408,0.000230466,12584,-2.44043,-2.13629,-10.7262
2054.47,0.0689876,0.000232419,12585,-2.49432,-2.14803,-10.7677
2045.74,0.0695777,0.000234407,12586,-2.54881,-2.15985,-10.8093
2036.96,0.0701784,0.000236431,12587,-2.60392,-2.17175,-10.8511
2028.14,0.0707902,0.000238492,12588,-2.65967,-2.18373,-10.893
2019.27,0.0714132,0.000240591,12589,-2.71607,-2.19579,-10.9351
2010.36,0.0720478,0.000242729,12590,-2.77312,-2.20793,-10.9774
2001.4,0.0726943,0.000244907,12591,-2.83084,-2.22016,-11.0199
1992.4,0.073353,0.000247126,12592,-2.88924,-2.23247,-11.0625
1983.34,0.0740241,0.000249387,12593,-2.94834,-2.24487,-11.1053
1974.24,0.0747081,0.000251691,12594,-3.00815,-2.25735,-11.1483
1965.09,0.0754053,0.00025404,12595,-3.06869,-2.26993,-11.1915
1955.9,0.076116,0.000256434,12596,-3.12997,-2.28259,-11.2348
1946.66,0.0768406,0.000258875,12597,-3.192,-2.29535,-11.2784
1937.36,0.0775795,0.000261365,12598,-3.2548,-2.3082,-11.322
1928.02,0.0783331,0.000263904,12599,-3.31839,-2.32114,-11.3659
1918.63,0.0791017,0.000266493,12600,-3.38279,-2.33418,-11.41
1909.19,0.0798859,0.000269135,12601,-3.448,-2.34731,-11.4542
1899.7,0.0806861,0.000271831,12602,-3.51405,-2.36055,-11.4986
1890.16,0.0815026,0.000274582,12603,-3.58095,-2.37388,-11.5432
1880.57,0.0823361,0.00027739,12604,-3.64873,-2.38731,-11.588
1870.93,0.0831869,0.000280256,12605,-3.71741,-2.40085,-11.6329
1861.23,0.0840557,0.000283183,12606,-3.78699,-2.41449,-11.6781
1851.49,0.0849428,0.000286172,12607,-3.85751,-2.42824,-11.7234
1841.69,0.085849,0.000289225,12608,-3.92898,-2.4421,-11.7689
1831.84,0.0867746,0.000292343,12609,-4.00142,-2.45606,-11.8146
1821.94,0.0877205,0.00029553,12610,-4.07486,-2.47014,-11.8604
1811.98,0.088687,0.000298786,12611,-4.14932,-2.48432,-11.9065
1801.97,0.089675,0.000302115,12612,-4.22483,-2.49863,-11.9527
1791.91,0.0906851,0.000305517,12613,-4.3014,-2.51305,-11.9991
1781.79,0.0917179,0.000308997,12614,-4.37906,-2.52758,-12.0457
1771.62,0.0927742,0.000312556,12615,-4.45784,-2.54224,-12.0924
1761.39,0.0938547,0.000316196,12616,-4.53777,-2.55702,-12.1394
1751.11,0.0949603,0.000319921,12617,-4.61886,-2.57192,-12.1865
1740.77,0.0960917,0.000323733,12618,-4.70116,-2.58694,-12.2337
1730.37,0.0972499,0.000327634,12619,-4.78469,-2.6021,-12.2812
1719.92,0.0984356,0.000331629,12620,-4.86948,-2.61738,-12.3288
1709.41,0.0996498,0.000335719,12621,-4.95556,-2.63279,-12.3766
1698.84,0.100893,0.000339909,12622,-5.04296,-2.64834,-12.4245
1688.21,0.102168,0.000344202,12623,-5.13172,-2.66403,-12.4726
1677.53,0.103473,0.000348601,12624,-5.22188,-2.67985,-12.5209
1666.78,0.104812,0.00035311,12625,-5.31346,-2.69581,-12.5693
1655.98,0.106184,0.000357733,12626,-5.40651,-2.71191,-12.6178
1645.12,0.107591,0.000362474,12627,-5.50106,-2.72816,-12.6665
1634.19,0.109034,0.000367336,12628,-5.59716,-2.74455,-12.7154
1623.2,0.110515,0.000372326,12629,-5.69484,-2.76109,-12.7643
1612.15,0.112035,0.000377447,12630,-5.79415,-2.77778,-12.8134
1601.04,0.113596,0.000382703,12631,-5.89514,-2.79463,-12.8627
1589.87,0.115198,0.000388101,12632,-5.99784,-2.81163,-12.912
1578.63,0.116844,0.000393646,12633,-6.10231,-2.82878,-12.9614
1567.33,0.118535,0.000399343,12634,-6.20859,-2.8461,-13.011
1555.97,0.120273,0.000405197,12635,-6.31675,-2.86358,-13.0606
1544.54,0.122059,0.000411216,12636,-6.42682,-2.88123,-13.1103
1533.05,0.123896,0.000417406,12637,-6.53888,-2.89904,-13.1601
1521.49,0.125786,0.000423773,12638,-6.65297,-2.91702,-13.2099
1509.86,0.127731,0.000430325,12639,-6.76915,-2.93518,-13.2598
1498.16,0.129733,0.000437069,12640,-6.88749,-2.95351,-13.3096
1486.4,0.131794,0.000444014,12641,-7.00806,-2.97201,-13.3596
1474.57,0.133917,0.000451167,12642,-7.13092,-2.9907,-13.4095
1462.67,0.136105,0.000458537,12643,-7.25613,-3.00956,-13.4594
1450.71,0.13836,0.000466134,12644,-7.38379,-3.02862,-13.5092
1438.67,0.140685,0.000473967,12645,-7.51395,-3.04785,-13.559
1426.56,0.143083,0.000482047,12646,-7.64671,-3.06728,-13.6087
1414.38,0.145558,0.000490385,12647,-7.78214,-3.0869,-13.6583
1402.13,0.148113,0.000498992,12648,-7.92033,-3.10671,-13.7078
1389.8,0.150751,0.00050788,12649,-8.06137,-3.12671,-13.7571
1377.41,0.153477,0.000517063,12650,-8.20537,-3.14691,-13.8062
1364.94,0.156294,0.000526554,12651,-8.3524,-3.16731,-13.8552
1352.39,0.159207,0.000536367,12652,-8.50259,-3.18791,-13.9038
1339.78,0.16222,0.000546518,12653,-8.65603,-3.20872,-13.9522
1327.08,0.165338,0.000557024,12654,-8.81284,-3.22972,-14.0002
1314.31,0.168567,0.0005679,12655,-8.97314,-3.25093,-14.0478
1301.47,0.171911,0.000579167,12656,-9.13705,-3.27235,-14.095
1288.54,0.175377,0.000590843,12657,-9.3047,-3.29397,-14.1417
1275.54,0.17897,0.000602948,12658,-9.47623,-3.31579,-14.1879
1262.46,0.182697,0.000615506,12659,-9.65177,-3.33783,-14.2335
1249.3,0.186566,0.00062854,12660,-9.83148,-3.36006,-14.2784
1236.07,0.190583,0.000642074,12661,-10.0155,-3.3825,-14.3226
1222.75,0.194757,0.000656136,12662,-10.204,-3.40515,-14.3659
1209.35,0.199096,0.000670754,12663,-10.3972,-3.42799,-14.4083
1195.87,0.203609,0.000685958,12664,-10.5952,-3.45104,-14.4498
1182.32,0.208306,0.000701782,12665,-10.7983,-3.47427,-14.4901
1168.67,0.213197,0.000718261,12666,-11.0065,-3.4977,-14.5292
1154.95,0.218294,0.000735431,12667,-11.2202,-3.52131,-14.567
1141.15,0.223608,0.000753333,12668,-11.4396,-3.5451,-14.6033
1127.26,0.229152,0.000772011,12669,-11.6648,-3.56906,-14.638
1113.29,0.234939,0.000791509,12670,-11.8962,-3.59318,-14.671
1099.23,0.240986,0.000811879,12671,-12.1339,-3.61744,-14.702
1085.09,0.247306,0.000833173,12672,-12.3783,-3.64185,-14.7308
1070.87,0.253919,0.00085545,12673,-12.6297,-3.66638,-14.7574
1056.57,0.260841,0.000878771,12674,-12.8882,-3.69101,-14.7814
1042.18,0.268093,0.000903203,12675,-13.1543,-3.71572,-14.8026
1027.71,0.275696,0.000928818,12676,-13.4283,-3.7405,-14.8207
1013.15,0.283674,0.000955695,12677,-13.7105,-3.76532,-14.8355
998.516,0.292051,0.000983918,12678,-14.0013,-3.79014,-14.8466
983.798,0.300855,0.00101358,12679,-14.301,-3.81493,-14.8537
968.999,0.310114,0.00104477,12680,-14.6102,-3.83965,-14.8563
954.12,0.319862,0.00107761,12681,-14.9291,-3.86426,-14.8541
939.163,0.330131,0.00111221,12682,-15.2582,-3.88871,-14.8466
924.128,0.340961,0.00114869,12683,-15.598,-3.91294,-14.8332
909.018,0.35239,0.0011872,12684,-15.9491,-3.93688,-14.8134
893.835,0.364464,0.00122788,12685,-16.3118,-3.96045,-14.7865
878.58,0.37723,0.00127089,12686,-16.6867,-3.98357,-14.7519
863.257,0.39074,0.0013164,12687,-17.0744,-4.00614,-14.7086
847.87,0.405052,0.00136462,12688,-17.4754,-4.02805,-14.656
832.421,0.420226,0.00141574,12689,-17.8903,-4.04917,-14.593
816.916,0.436329,0.00146999,12690,-18.3198,-4.06935,-14.5185
801.358,0.453435,0.00152762,12691,-18.7644,-4.08842,-14.4314
785.755,0.471622,0.00158889,12692,-19.2247,-4.1062,-14.3303
770.113,0.490976,0.00165409,12693,-19.7014,-4.12247,-14.2139
754.438,0.511589,0.00172354,12694,-20.195,-4.13697,-14.0803
738.741,0.533561,0.00179756,12695,-20.7062,-4.14943,-13.9279
723.03,0.557,0.00187653,12696,-21.2355,-4.15952,-13.7547
707.318,0.582022,0.00196083,12697,-21.7833,-4.16688,-13.5583
691.616,0.608749,0.00205087,12698,-22.3501,-4.17108,-13.3363
675.94,0.637312,0.0021471,12699,-22.9362,-4.17165,-13.0859
660.306,0.667849,0.00224998,12700,-23.5416,-4.16804,-12.804
644.733,0.7005,0.00235998,12701,-24.1664,-4.15963,-12.4874
629.243,0.735413,0.0024776,12702,-24.8102,-4.14572,-12.1322
613.861,0.772733,0.00260333,12703,-25.4724,-4.12551,-11.7344
598.613,0.8126,0.00273765,12704,-26.1518,-4.09813,-11.2894
583.531,0.855147,0.00288099,12705,-26.8469,-4.06255,-10.7926
568.651,0.900486,0.00303373,12706,-27.5554,-4.01768,-10.2386
554.013,0.948701,0.00319617,12707,-28.2743,-3.96227,-9.62208
539.661,0.999832,0.00336843,12708,-28.9996,-3.89498,-8.93723
525.646,1.05386,0.00355045,12709,-29.7263,-3.81436,-8.17824
512.023,1.11068,0.00374189,12710,-30.4479,-3.71885,-7.33936
498.854,1.1701,0.00394205,12711,-31.1567,-3.60685,-6.41512
486.208,1.23176,0.00414978,12712,-31.8432,-3.47676,-5.40068
474.158,1.29516,0.00436338,12713,-32.4962,-3.32699,-4.29225
462.783,1.35961,0.00458051,12714,-33.1028,-3.15614,-3.08757
452.169,1.42419,0.00479808,12715,-33.6488,-2.96304,-1.78643
442.403,1.48776,0.00501225,12716,-34.1184,-2.74691,-0.391354
433.576,1.54896,0.00521843,12717,-34.495,-2.50751,1.0919
425.777,1.60622,0.00541134,12718,-34.7624,-2.24527,2.65385
419.093,1.65786,0.00558531,12719,-34.905,-1.96142,4.28099
413.606,1.70214,0.00573451,12720,-34.9095,-1.65807,5.95588
409.384,1.73742,0.00585337,12721,-34.7656,-1.33824,7.65754
406.487,1.76228,0.00593712,12722,-34.4676,-1.00576,9.36232
404.954,1.77565,0.00598214,12723,-34.0148,-0.665115,11.0451
404.809,1.77692,0.00598645,12724,-33.4118,-0.321232,12.6809
406.052,1.76606,0.00594984,12725,-32.6689,0.0208484,14.2461
408.667,1.74353,0.00587396,12726,-31.8004,0.356261,15.7203
412.615,1.71033,0.00576208,12727,-30.8246,0.680602,17.087
417.843,1.6678,0.0056188,12728,-29.7617,0.990143,18.3343
424.282,1.61755,0.00544953,12729,-28.6328,1.28197,19.4555
431.855,1.56133,0.0052601,12730,-27.4586,1.55401,20.4479
440.474,1.50082,0.00505625,12731,-26.2582,1.80504,21.3131
450.051,1.43762,0.00484335,12732,-25.0489,2.03455,22.0558
460.495,1.37315,0.00462614,12733,-23.8452,2.24267,22.6829
471.718,1.30859,0.00440864,12734,-22.6591,2.43002,23.2031
483.633,1.24491,0.00419408,12735,-21.5002,2.59754,23.6257
496.161,1.18283,0.00398496,12736,-20.3755,2.74645,23.9605
509.226,1.12292,0.0037831,12737,-19.2902,2.87808,24.217
522.759,1.06553,0.00358977,12738,-18.2477,2.99384,24.4045
536.697,1.01091,0.00340574,12739,-17.25,3.09513,24.5315
550.983,0.959164,0.00323142,12740,-16.2978,3.18332,24.606
565.565,0.91034,0.00306693,12741,-15.3911,3.2597,24.6351
580.398,0.864405,0.00291218,12742,-14.5293,3.32548,24.6251
595.44,0.821282,0.00276689,12743,-13.7111,3.38178,24.5816
610.656,0.780864,0.00263073,12744,-12.935,3.42962,24.5098
626.013,0.743022,0.00250324,12745,-12.1993,3.46992,24.4138
641.483,0.707617,0.00238396,12746,-11.5021,3.50352,24.2976
657.04,0.674504,0.0022724,12747,-10.8415,3.53118,24.1643
672.663,0.643537,0.00216807,12748,-10.2155,3.55354,24.0169
688.332,0.614573,0.00207049,12749,-9.62211,3.57122,23.8577
704.029,0.587472,0.00197919,12750,-9.05956,3.58474,23.689
719.741,0.562104,0.00189373,12751,-8.52599,3.59458,23.5124
735.453,0.538343,0.00181368,12752,-8.01967,3.60115,23.3297
751.154,0.516073,0.00173865,12753,-7.53894,3.60483,23.142
766.834,0.495184,0.00166827,12754,-7.08225,3.60594,22.9506
782.483,0.475575,0.00160221,12755,-6.64813,3.60477,22.7564
798.095,0.45715,0.00154014,12756,-6.2352,3.6016,22.5603
813.663,0.439825,0.00148177,12757,-5.84216,3.59665,22.3629
829.179,0.423518,0.00142683,12758,-5.46781,3.59011,22.165
844.64,0.408155,0.00137507,12759,-5.11102,3.58219,21.9669
860.041,0.393668,0.00132627,12760,-4.77072,3.57303,21.7692
875.378,0.379995,0.0012802,12761,-4.44595,3.56278,21.5722
890.647,0.367078,0.00123668,12762,-4.13577,3.55157,21.3762
905.845,0.354863,0.00119553,12763,-3.83934,3.53951,21.1815
920.971,0.343302,0.00115658,12764,-3.55586,3.52671,20.9883
936.022,0.332351,0.00111969,12765,-3.28459,3.51326,20.7967
950.995,0.321968,0.00108471,12766,-3.02483,3.49923,20.607
965.891,0.312114,0.00105151,12767,-2.77593,3.48471,20.4193
980.706,0.302755,0.00101998,12768,-2.53731,3.46975,20.2335
995.441,0.293858,0.000990006,12769,-2.30839,3.45441,20.0499
1010.09,0.285394,0.00096149,12770,-2.08864,3.43875,19.8685
1024.67,0.277334,0.000934338,12771,-1.87759,3.42281,19.6893
1039.15,0.269655,0.000908465,12772,-1.67476,3.40663,19.5123
1053.56,0.262331,0.000883792,12773,-1.47973,3.39025,19.3376
1067.88,0.255341,0.000860244,12774,-1.29211,3.37371,19.1652
1082.12,0.248666,0.000837754,12775,-1.1115,3.35703,18.9951
1096.28,0.242286,0.000816259,12776,-0.93757,3.34024,18.8273
1110.35,0.236183,0.0007957,12777,-0.769977,3.32336,18.6617
1124.34,0.230343,0.000776023,12778,-0.608413,3.30643,18.4984
1138.24,0.224749,0.000757178,12779,-0.452588,3.28944,18.3374
1152.07,0.219388,0.000739117,12780,-0.302228,3.27243,18.1785
1165.81,0.214247,0.000721797,12781,-0.157075,3.25541,18.0219
1179.47,0.209314,0.000705177,12782,-0.0168868,3.23839,17.8674
1193.04,0.204577,0.000689219,12783,0.118564,3.22139,17.715
1206.54,0.200026,0.000673887,12784,0.249492,3.20441,17.5647
1219.95,0.195652,0.000659149,12785,0.376101,3.18747,17.4165
1233.29,0.191444,0.000644973,12786,0.498581,3.17057,17.2704
1246.54,0.187394,0.000631331,12787,0.617114,3.15373,17.1262
1259.71,0.183495,0.000618195,12788,0.731868,3.13695,16.984
1272.81,0.179739,0.000605539,12789,0.843007,3.12023,16.8437
1285.83,0.176118,0.000593341,12790,0.950681,3.10359,16.7054
1298.77,0.172626,0.000581577,12791,1.05504,3.08702,16.5688
1311.63,0.169257,0.000570226,12792,1.15621,3.07053,16.4342
1324.41,0.166005,0.00055927,12793,1.25433,3.05413,16.3013
1337.12,0.162864,0.000548688,12794,1.34951,3.03782,16.1701
1349.76,0.159829,0.000538464,12795,1.44189,3.0216,16.0407
1362.32,0.156896,0.000528581,12796,1.53156,3.00547,15.913
1374.8,0.154059,0.000519024,12797,1.61863,2.98944,15.7869
1387.22,0.151315,0.000509778,12798,1.7032,2.97351,15.6624
1399.55,0.148658,0.000500829,12799,1.78537,2.95767,15.5396
1411.82,0.146086,0.000492164,12800,1.86522,2.94194,15.4183
1424.01,0.143595,0.000483771,12801,1.94285,2.92631,15.2985
1436.14,0.141181,0.000475638,12802,2.01833,2.91078,15.1802
1448.19,0.138841,0.000467754,12803,2.09175,2.89535,15.0633
1460.17,0.136571,0.000460109,12804,2.16317,2.88003,14.9479
1472.09,0.13437,0.000452692,12805,2.23267,2.86481,14.834
1483.93,0.132234,0.000445494,12806,2.30031,2.8497,14.7213
1495.71,0.130159,0.000438507,12807,2.36616,2.83469,14.6101
1507.42,0.128145,0.000431721,12808,2.43028,2.81978,14.5001
1519.06,0.126189,0.00042513,12809,2.49274,2.80498,14.3915
1530.63,0.124288,0.000418724,12810,2.55358,2.79028,14.2841
1542.14,0.12244,0.000412498,12811,2.61286,2.77569,14.178
1553.58,0.120642,0.000406444,12812,2.67064,2.7612,14.0731
1564.96,0.118895,0.000400555,12813,2.72695,2.74681,13.9694
1576.27,0.117194,0.000394826,12814,2.78186,2.73252,13.8668
1587.52,0.115539,0.00038925,12815,2.8354,2.71833,13.7654
1598.71,0.113928,0.000383822,12816,2.88761,2.70425,13.6651
1609.83,0.112359,0.000378536,12817,2.93855,2.69026,13.566
1620.89,0.11083,0.000373387,12818,2.98824,2.67637,13.4679
1631.89,0.109341,0.000368371,12819,3.03674,2.66259,13.3709
1642.83,0.10789,0.000363482,12820,3.08407,2.64889,13.2749
1653.71,0.106476,0.000358716,12821,3.13026,2.6353,13.1799
1664.53,0.105096,0.000354068,12822,3.17536,2.6218,13.0859
1675.28,0.103751,0.000349536,12823,3.2194,2.60839,12.993
1685.98,0.102438,0.000345114,12824,3.26241,2.59508,12.901
1696.62,0.101158,0.0003408,12825,3.30441,2.58186,12.8099
1707.2,0.0999077,0.000336589,12826,3.34544,2.56874,12.7197
1717.72,0.0986874,0.000332477,12827,3.38553,2.5557,12.6305
1728.19,0.0974958,0.000328463,12828,3.42469,2.54275,12.5422
1738.6,0.096332,0.000324542,12829,3.46297,2.5299,12.4547
1748.95,0.0951951,0.000320712,12830,3.50038,2.51713,12.3681
1759.24,0.0940842,0.000316969,12831,3.53694,2.50445,12.2823
1769.48,0.0929985,0.000313311,12832,3.57268,2.49185,12.1974
1779.67,0.0919371,0.000309736,12833,3.60763,2.47934,12.1133
1789.8,0.0908995,0.00030624,12834,3.6418,2.46692,12.03
1799.87,0.0898847,0.000302821,12835,3.67521,2.45457,11.9475
1809.89,0.0888921,0.000299477,12836,3.70789,2.44231,11.8657
1819.86,0.0879211,0.000296206,12837,3.73986,2.43013,11.7847
1829.77,0.086971,0.000293005,12838,3.77112,2.41804,11.7045
1839.63,0.0860412,0.000289872,12839,3.80171,2.40602,11.625
1849.44,0.085131,0.000286806,12840,3.83163,2.39407,11.5462
1859.2,0.0842399,0.000283804,12841,3.86091,2.38221,11.4681
1868.9,0.0833674,0.000280864,12842,3.88956,2.37042,11.3907
1878.55,0.0825128,0.000277985,12843,3.9176,2.35871,11.314
1888.16,0.0816758,0.000275165,12844,3.94504,2.34708,11.2379
1897.71,0.0808557,0.000272402,12845,3.97189,2.33552,11.1625
1907.21,0.0800522,0.000269695,12846,3.99818,2.32403,11.0878
1916.66,0.0792647,0.000267042,12847,4.02392,2.31261,11.0137
1926.06,0.0784928,0.000264442,12848,4.04911,2.30126,10.9402
1935.41,0.0777361,0.000261892,12849,4.07377,2.28999,10.8674
1944.71,0.0769942,0.000259393,12850,4.09792,2.27878,10.7951
1953.97,0.0762666,0.000256942,12851,4.12156,2.26765,10.7235
1963.17,0.075553,0.000254538,12852,4.14471,2.25658,10.6524
1972.33,0.074853,0.000252179,12853,4.16738,2.24557,10.5819
1981.44,0.0741663,0.000249866,12854,4.18958,2.23464,10.512
1990.5,0.0734925,0.000247596,12855,4.21132,2.22377,10.4427
1999.52,0.0728313,0.000245368,12856,4.23262,2.21296,10.3739
2008.49,0.0721823,0.000243182,12857,4.25347,2.20222,10.3056
2017.41,0.0715452,0.000241035,12858,4.2739,2.19154,10.2379
2026.29,0.0709198,0.000238928,12859,4.29391,2.18092,10.1707
2035.12,0.0703057,0.000236859,12860,4.3135,2.17037,10.104
2043.9,0.0697026,0.000234828,12861,4.3327,2.15988,10.0378
2052.64,0.0691103,0.000232832,12862,4.35151,2.14944,9.97211
2061.34,0.0685285,0.000230872,12863,4.36993,2.13907,9.90692
2069.98,0.067957,0.000228947,12864,4.38797,2.12875,9.84222
2078.59,0.0673955,0.000227055,12865,4.40565,2.11849,9.778
2087.15,0.0668438,0.000225196,12866,4.42297,2.10829,9.71425
2095.67,0.0663016,0.00022337,12867,4.43993,2.09815,9.65096
2104.14,0.0657686,0.000221574,12868,4.45655,2.08806,9.58814
2112.57,0.0652448,0.000219809,12869,4.47284,2.07803,9.52576
2120.96,0.0647298,0.000218074,12870,4.48879,2.06805,9.46382
2129.3,0.0642235,0.000216369,12871,4.50442,2.05812,9.40232
2137.6,0.0637257,0.000214691,12872,4.51973,2.04825,9.34126
2145.86,0.0632361,0.000213042,12873,4.53473,2.03843,9.28062
2154.08,0.0627546,0.00021142,12874,4.54942,2.02866,9.22039
2162.25,0.062281,0.000209824,12875,4.56382,2.01895,9.16058
2170.39,0.0618151,0.000208255,12876,4.57792,2.00928,9.10118
2178.48,0.0613567,0.00020671,12877,4.59173,1.99967,9.04218
2186.53,0.0609057,0.000205191,12878,4.60527,1.9901,8.98357
2194.54,0.060462,0.000203696,12879,4.61852,1.98059,8.92535
2202.51,0.0600252,0.000202225,12880,4.63151,1.97112,8.86752
2210.44,0.0595954,0.000200777,12881,4.64423,1.9617,8.81006
2218.32,0.0591724,0.000199351,12882,4.65669,1.95232,8.75298
2226.17,0.0587559,0.000197948,12883,4.66889,1.943,8.69627
2233.98,0.0583459,0.000196567,12884,4.68085,1.93372,8.63992
2241.75,0.0579423,0.000195207,12885,4.69255,1.92448,8.58393
2249.48,0.0575448,0.000193868,12886,4.70402,1.9153,8.52829
2257.17,0.0571534,0.000192549,12887,4.71524,1.90615,8.473
2264.82,0.0567679,0.000191251,12888,4.72623,1.89705,8.41806
2272.43,0.0563882,0.000189972,12889,4.737,1.88799,8.36345
2280,0.0560143,0.000188712,12890,4.74754,1.87898,8.30918
2287.54,0.0556459,0.000187471,12891,4.75786,1.87001,8.25524
2295.03,0.055283,0.000186248,12892,4.76796,1.86108,8.20163
2302.49,0.0549254,0.000185043,12893,4.77785,1.85219,8.14833
2309.91,0.0545731,0.000183856,12894,4.78753,1.84335,8.09536
2317.29,0.0542259,0.000182687,12895,4.797,1.83454,8.0427
2324.64,0.0538838,0.000181534,12896,4.80627,1.82578,7.99035
2331.95,0.0535466,0.000180398,12897,4.81534,1.81705,7.9383
2339.22,0.0532143,0.000179279,12898,4.82422,1.80836,7.88656
2346.45,0.0528867,0.000178175,12899,4.8329,1.79972,7.83511
2353.65,0.0525637,0.000177087,12900,4.8414,1.79111,7.78396
2360.81,0.0522454,0.000176014,12901,4.84971,1.78254,7.73309
2367.93,0.0519315,0.000174957,12902,4.85784,1.774,7.68252
2375.02,0.051622,0.000173914,12903,4.86579,1.76551,7.63222
2382.07,0.0513168,0.000172886,12904,4.87356,1.75705,7.58221
2389.09,0.0510159,0.000171872,12905,4.88115,1.74863,7.53247
2396.07,0.0507191,0.000170872,12906,4.88858,1.74024,7.483
2403.01,0.0504264,0.000169886,12907,4.89584,1.73189,7.43381
2409.92,0.0501377,0.000168913,12908,4.90293,1.72357,7.38487
2416.79,0.0498529,0.000167954,12909,4.90986,1.71529,7.3362
2423.63,0.0495719,0.000167008,12910,4.91663,1.70704,7.28779
2430.43,0.0492948,0.000166074,12911,4.92325,1.69883,7.23964
2437.2,0.0490214,0.000165153,12912,4.9297,1.69065,7.19174
2443.94,0.0487516,0.000164244,12913,4.93601,1.68251,7.14409
2450.64,0.0484854,0.000163347,12914,4.94216,1.67439,7.09668
2457.3,0.0482228,0.000162462,12915,4.94817,1.66631,7.04952
2463.93,0.0479636,0.000161589,12916,4.95403,1.65827,7.0026
2470.53,0.0477077,0.000160727,12917,4.95974,1.65025,6.95592
2477.09,0.0474553,0.000159877,12918,4.96532,1.64227,6.90948
2483.62,0.0472061,0.000159037,12919,4.97075,1.63431,6.86327
2490.12,0.0469602,0.000158208,12920,4.97605,1.62639,6.81728
2496.58,0.0467174,0.000157391,12921,4.98121,1.6185,6.77153
2503.01,0.0464777,0.000156583,12922,4.98624,1.61064,6.726
2509.4,0.0462411,0.000155786,12923,4.99114,1.60281,6.68069
2515.76,0.0460075,0.000154999,12924,4.9959,1.595,6.6356
2522.09,0.0457769,0.000154222,12925,5.00054,1.58723,6.59072
2528.39,0.0455492,0.000153455,12926,5.00506,1.57949,6.54606
2534.65,0.0453243,0.000152697,12927,5.00945,1.57177,6.50162
2540.89,0.0451023,0.000151949,12928,5.01372,1.56409,6.45738
2547.08,0.044883,0.000151211,12929,5.01786,1.55643,6.41335
2553.25,0.0446665,0.000150481,12930,5.02189,1.5488,6.36953
2559.39,0.0444526,0.000149761,12931,5.0258,1.5412,6.3259
2565.49,0.0442414,0.000149049,12932,5.0296,1.53362,6.28248
2571.56,0.0440328,0.000148346,12933,5.03328,1.52607,6.23926
2577.6,0.0438267,0.000147652,12934,5.03685,1.51855,6.19623
2583.6,0.0436231,0.000146966,12935,5.0403,1.51105,6.15339
2589.58,0.043422,0.000146289,12936,5.04365,1.50358,6.11075
2595.52,0.0432234,0.000145619,12937,5.04689,1.49614,6.0683
2601.44,0.0430271,0.000144958,12938,5.05003,1.48872,6.02603
2607.32,0.0428332,0.000144305,12939,5.05305,1.48133,5.98395
2613.17,0.0426417,0.00014366,12940,5.05598,1.47396,5.94205
2618.99,0.0424524,0.000143022,12941,5.0588,1.46662,5.90033
2624.78,0.0422654,0.000142392,12942,5.06152,1.4593,5.85879
2630.53,0.0420805,0.000141769,12943,5.06414,1.45201,5.81743
2636.26,0.0418979,0.000141154,12944,5.06667,1.44474,5.77625
2641.96,0.0417174,0.000140546,12945,5.06909,1.43749,5.73524
2647.62,0.0415391,0.000139945,12946,5.07142,1.43027,5.6944
2653.26,0.0413628,0.000139351,12947,5.07365,1.42307,5.65373
2658.86,0.0411886,0.000138764,12948,5.07579,1.41589,5.61322
2664.44,0.0410164,0.000138184,12949,5.07784,1.40874,5.57289
2669.98,0.0408462,0.000137611,12950,5.0798,1.40161,5.53272
2675.5,0.040678,0.000137044,12951,5.08167,1.3945,5.49271
2680.98,0.0405117,0.000136484,12952,5.08344,1.38742,5.45286
2686.44,0.0403473,0.00013593,12953,5.08513,1.38035,5.41317
2691.87,0.0401848,0.000135382,12954,5.08673,1.37331,5.37364
2697.26,0.0400242,0.000134841,12955,5.08825,1.36629,5.33427
2702.63,0.0398654,0.000134306,12956,5.08968,1.35929,5.29505
2707.97,0.0397084,0.000133777,12957,5.09102,1.35231,5.25598
2713.28,0.0395532,0.000133254,12958,5.09229,1.34536,5.21706
2718.55,0.0393997,0.000132737,12959,5.09347,1.33842,5.1783
2723.8,0.0392479,0.000132226,12960,5.09457,1.3315,5.13968
2729.03,0.0390979,0.000131721,12961,5.09559,1.32461,5.10121
2734.22,0.0389495,0.000131221,12962,5.09653,1.31773,5.06288
2739.38,0.0388028,0.000130727,12963,5.09739,1.31088,5.0247
2744.52,0.0386578,0.000130238,12964,5.09818,1.30404,4.98666
2749.62,0.0385143,0.000129755,12965,5.09888,1.29722,4.94876
2754.7,0.0383725,0.000129277,12966,5.09952,1.29043,4.911
2759.75,0.0382322,0.000128804,12967,5.10007,1.28365,4.87338
2764.77,0.0380935,0.000128337,12968,5.10056,1.27689,4.83589
2769.76,0.0379562,0.000127874,12969,5.10097,1.27015,4.79854
2774.73,0.0378205,0.000127417,12970,5.1013,1.26343,4.76132
2779.67,0.0376863,0.000126965,12971,5.10157,1.25672,4.72424
2784.57,0.0375536,0.000126518,12972,5.10176,1.25004,4.68728
2789.45,0.0374223,0.000126075,12973,5.10188,1.24337,4.65046
2794.31,0.0372924,0.000125638,12974,5.10194,1.23672,4.61377
2799.13,0.037164,0.000125205,12975,5.10192,1.23009,4.5772
2803.93,0.0370369,0.000124777,12976,5.10184,1.22348,4.54076
2808.7,0.0369112,0.000124354,12977,5.10169,1.21688,4.50444
2813.44,0.0367869,0.000123935,12978,5.10147,1.2103,4.46825
2818.15,0.0366639,0.000123521,12979,5.10119,1.20374,4.43218
2822.84,0.0365423,0.000123111,12980,5.10084,1.19719,4.39623
2827.5,0.0364219,0.000122705,12981,5.10043,1.19066,4.3604
2832.13,0.0363029,0.000122304,12982,5.09995,1.18415,4.32469
2836.74,0.0361851,0.000121907,12983,5.09941,1.17765,4.28909
2841.32,0.0360686,0.000121515,12984,5.0988,1.17117,4.25362
2845.87,0.0359533,0.000121126,12985,5.09813,1.16471,4.21826
2850.39,0.0358393,0.000120742,12986,5.0974,1.15826,4.18301
2854.89,0.0357264,0.000120362,12987,5.09661,1.15183,4.14788
2859.36,0.0356148,0.000119986,12988,5.09576,1.14541,4.11285
2863.81,0.0355043,0.000119614,12989,5.09485,1.13901,4.07794
2868.22,0.0353951,0.000119246,12990,5.09388,1.13262,4.04314
2872.61,0.035287,0.000118882,12991,5.09285,1.12625,4.00845
2876.98,0.03518,0.000118521,12992,5.09177,1.1199,3.97387
2881.32,0.0350741,0.000118165,12993,5.09062,1.11356,3.93939
2885.63,0.0349694,0.000117812,12994,5.08942,1.10723,3.90502
2889.91,0.0348658,0.000117463,12995,5.08816,1.10092,3.87075
2894.17,0.0347632,0.000117117,12996,5.08684,1.09462,3.83659
2898.4,0.0346618,0.000116775,12997,5.08547,1.08834,3.80253
2902.61,0.0345614,0.000116437,12998,5.08404,1.08207,3.76857
2906.79,0.0344621,0.000116103,12999,5.08256,1.07581,3.73471
2910.94,0.0343638,0.000115771,13000,5.08102,1.06957,3.70096
2915.07,0.0342665,0.000115444,13001,5.07943,1.06334,3.6673
2919.17,0.0341703,0.000115119,13002,5.07779,1.05713,3.63374
2923.25,0.034075,0.000114799,13003,5.07609,1.05093,3.60028
2927.3,0.0339808,0.000114481,13004,5.07434,1.04474,3.56691
2931.33,0.0338875,0.000114167,13005,5.07254,1.03857,3.53364
2935.33,0.0337953,0.000113856,13006,5.07069,1.03241,3.50046
2939.3,0.0337039,0.000113548,13007,5.06878,1.02626,3.46738
2943.25,0.0336136,0.000113244,13008,5.06682,1.02012,3.43439
2947.17,0.0335241,0.000112943,13009,5.06482,1.014,3.40149
2951.07,0.0334357,0.000112645,13010,5.06276,1.00789,3.36868
2954.94,0.0333481,0.00011235,13011,5.06065,1.00179,3.33596
2958.79,0.0332614,0.000112058,13012,5.0585,0.995706,3.30333
2962.61,0.0331757,0.000111769,13013,5.05629,0.989633,3.27079
2966.41,0.0330908,0.000111483,13014,5.05404,0.983571,3.23834
2970.18,0.0330068,0.0001112,13015,5.05174,0.977522,3.20597
2973.92,0.0329237,0.00011092,13016,5.04939,0.971485,3.17369
2977.64,0.0328415,0.000110643,13017,5.04699,0.965459,3.1415
2981.34,0.0327601,0.000110369,13018,5.04454,0.959445,3.10939
2985.01,0.0326796,0.000110097,13019,5.04205,0.953443,3.07736
2988.66,0.0325999,0.000109829,13020,5.03951,0.947451,3.04542
2992.28,0.032521,0.000109563,13021,5.03693,0.941471,3.01355
2995.88,0.032443,0.0001093,13022,5.0343,0.935503,2.98177
2999.45,0.0323658,0.00010904,13023,5.03162,0.929545,2.95007
3003,0.0322894,0.000108783,13024,5.0289,0.923598,2.91845
3006.52,0.0322137,0.000108528,13025,5.02613,0.917662,2.88691
3010.02,0.0321389,0.000108276,13026,5.02332,0.911737,2.85545
3013.49,0.0320649,0.000108026,13027,5.02046,0.905822,2.82407
3016.94,0.0319916,0.000107779,13028,5.01756,0.899918,2.79276
3020.36,0.0319191,0.000107535,13029,5.01462,0.894024,2.76153
3023.76,0.0318473,0.000107294,13030,5.01163,0.88814,2.73037
3027.14,0.0317763,0.000107054,13031,5.0086,0.882267,2.69929
3030.49,0.0317061,0.000106818,13032,5.00552,0.876403,2.66828
3033.82,0.0316366,0.000106584,13033,5.00241,0.87055,2.63735
3037.12,0.0315678,0.000106352,13034,4.99925,0.864706,2.60649
3040.4,0.0314998,0.000106123,13035,4.99605,0.858873,2.5757
3043.65,0.0314324,0.000105896,13036,4.9928,0.853049,2.54498
3046.89,0.0313658,0.000105671,13037,4.98952,0.847234,2.51433
3050.09,0.0312999,0.000105449,13038,4.98619,0.841429,2.48376
3053.27,0.0312347,0.000105229,13039,4.98282,0.835633,2.45325
3056.43,0.0311701,0.000105012,13040,4.97941,0.829847,2.42281
3059.57,0.0311063,0.000104797,13041,4.97596,0.82407,2.39244
3062.68,0.0310431,0.000104584,13042,4.97247,0.818301,2.36214
3065.77,0.0309807,0.000104374,13043,4.96894,0.812542,2.33191
3068.83,0.0309188,0.000104165,13044,4.96537,0.806792,2.30174
3071.87,0.0308577,0.000103959,13045,4.96176,0.80105,2.27163
3074.89,0.0307972,0.000103756,13046,4.95811,0.795317,2.2416
3077.88,0.0307373,0.000103554,13047,4.95441,0.789593,2.21162
3080.85,0.0306781,0.000103354,13048,4.95069,0.783878,2.18171
3083.79,0.0306196,0.000103157,13049,4.94692,0.77817,2.15187
3086.71,0.0305616,0.000102962,13050,4.94311,0.772471,2.12208
3089.61,0.0305043,0.000102769,13051,4.93926,0.766781,2.09236
3092.49,0.0304476,0.000102578,13052,4.93538,0.761098,2.0627
3095.34,0.0303916,0.000102389,13053,4.93145,0.755424,2.03311
3098.16,0.0303361,0.000102202,13054,4.92749,0.749757,2.00357
3100.97,0.0302813,0.000102017,13055,4.92349,0.744098,1.97409
3103.75,0.030227,0.000101835,13056,4.91945,0.738448,1.94467
3106.51,0.0301734,0.000101654,13057,4.91538,0.732804,1.91531
3109.24,0.0301203,0.000101475,13058,4.91126,0.727169,1.88601
3111.95,0.0300679,0.000101299,13059,4.90711,0.721541,1.85677
3114.64,0.030016,0.000101124,13060,4.90293,0.715921,1.82758
3117.31,0.0299647,0.000100951,13061,4.8987,0.710307,1.79845
3119.95,0.029914,0.00010078,13062,4.89444,0.704702,1.76938
3122.57,0.0298638,0.000100611,13063,4.89014,0.699103,1.74036
3125.16,0.0298143,0.000100444,13064,4.88581,0.693511,1.7114
3127.73,0.0297652,0.000100279,13065,4.88144,0.687927,1.68249
3130.28,0.0297168,0.000100116,13066,4.87703,0.68235,1.65364
3132.81,0.0296689,9.99542e-05,13067,4.87259,0.676779,1.62484
3135.31,0.0296215,9.97946e-05,13068,4.86811,0.671215,1.59609
3137.79,0.0295747,9.96369e-05,13069,4.86359,0.665658,1.56739
3140.25,0.0295284,9.9481e-05,13070,4.85904,0.660107,1.53875
3142.69,0.0294826,9.93269e-05,13071,4.85445,0.654564,1.51016
3145.1,0.0294374,9.91745e-05,13072,4.84983,0.649026,1.48162
3147.49,0.0293928,9.9024e-05,13073,4.84517,0.643495,1.45313
3149.86,0.0293486,9.88753e-05,13074,4.84048,0.63797,1.42469
3152.2,0.029305,9.87283e-05,13075,4.83575,0.632452,1.3963
3154.52,0.0292619,9.8583e-05,13076,4.83099,0.62694,1.36796
3156.82,0.0292193,9.84395e-05,13077,4.82619,0.621433,1.33967
3159.1,0.0291772,9.82977e-05,13078,4.82136,0.615933,1.31143
3161.35,0.0291356,9.81576e-05,13079,4.81649,0.610439,1.28323
3163.58,0.0290945,9.80192e-05,13080,4.81159,0.604951,1.25508
3165.79,0.0290539,9.78825e-05,13081,4.80665,0.599468,1.22698
3167.97,0.0290138,9.77475e-05,13082,4.80168,0.593991,1.19892
3170.14,0.0289743,9.76141e-05,13083,4.79667,0.58852,1.17092
3172.28,0.0289352,9.74824e-05,13084,4.79163,0.583054,1.14295
3174.4,0.0288966,9.73524e-05,13085,4.78656,0.577594,1.11503
3176.49,0.0288584,9.72239e-05,13086,4.78145,0.572139,1.08716
3178.57,0.0288208,9.70971e-05,13087,4.77631,0.56669,1.05933
3180.62,0.0287836,9.69719e-05,13088,4.77114,0.561246,1.03154
3182.65,0.0287469,9.68483e-05,13089,4.76593,0.555807,1.0038
3184.65,0.0287107,9.67263e-05,13090,4.76068,0.550373,0.9761
3186.64,0.028675,9.66059e-05,13091,4.75541,0.544944,0.948442
3188.6,0.0286397,9.6487e-05,13092,4.7501,0.539521,0.920827
3190.54,0.0286049,9.63697e-05,13093,4.74475,0.534102,0.893253
3192.46,0.0285705,9.6254e-05,13094,4.73937,0.528688,0.86572
3194.35,0.0285366,9.61398e-05,13095,4.73396,0.523279,0.838228
3196.23,0.0285032,9.60272e-05,13096,4.72852,0.517874,0.810777
3198.08,0.0284702,9.5916e-05,13097,4.72304,0.512474,0.783365
3199.91,0.0284377,9.58064e-05,13098,4.71753,0.507079,0.755993
3201.71,0.0284056,9.56983e-05,13099,4.71199,0.501688,0.72866
3203.5,0.028374,9.55917e-05,13100,4.70641,0.496302,0.701366
3205.26,0.0283428,9.54866e-05,13101,4.7008,0.49092,0.67411
3207,0.028312,9.5383e-05,13102,4.69516,0.485542,0.646892
3208.72,0.0282817,9.52808e-05,13103,4.68949,0.480169,0.619712
3210.42,0.0282518,9.51802e-05,13104,4.68378,0.474799,0.592569
3212.09,0.0282224,9.5081e-05,13105,4.67804,0.469434,0.565462
3213.74,0.0281933,9.49832e-05,13106,4.67226,0.464073,0.538392
3215.37,0.0281648,9.48869e-05,13107,4.66646,0.458716,0.511358
3216.98,0.0281366,9.4792e-05,13108,4.66062,0.453362,0.48436
3218.57,0.0281089,9.46986e-05,13109,4.65475,0.448013,0.457396
3220.13,0.0280815,9.46066e-05,13110,4.64884,0.442667,0.430468
3221.68,0.0280547,9.4516e-05,13111,4.6429,0.437325,0.403574
3223.2,0.0280282,9.44268e-05,13112,4.63694,0.431987,0.376714
3224.7,0.0280021,9.4339e-05,13113,4.63093,0.426652,0.349888
3226.17,0.0279765,9.42526e-05,13114,4.6249,0.42132,0.323096
3227.63,0.0279513,9.41676e-05,13115,4.61883,0.415992,0.296336
3229.06,0.0279264,9.4084e-05,13116,4.61273,0.410668,0.269609
3230.48,0.027902,9.40018e-05,13117,4.6066,0.405347,0.242914
3231.87,0.027878,9.39209e-05,13118,4.60044,0.400029,0.216252
3233.23,0.0278544,9.38414e-05,13119,4.59424,0.394714,0.18962
3234.58,0.0278312,9.37633e-05,13120,4.58801,0.389402,0.16302
3235.91,0.0278084,9.36865e-05,13121,4.58175,0.384094,0.136451
3237.21,0.0277861,9.36111e-05,13122,4.57546,0.378788,0.109912
3238.49,0.0277641,9.3537e-05,13123,4.56913,0.373485,0.0834033
3239.75,0.0277425,9.34642e-05,13124,4.56277,0.368185,0.0569245
3240.99,0.0277213,9.33928e-05,13125,4.55638,0.362888,0.030475
3242.21,0.0277005,9.33227e-05,13126,4.54996,0.357594,0.00405461
3243.4,0.0276801,9.3254e-05,13127,4.54351,0.352302,-0.022337
3244.58,0.02766,9.31865e-05,13128,4.53702,0.347014,-0.0487003
3245.73,0.0276404,9.31203e-05,13129,4.5305,0.341727,-0.0750355
3246.86,0.0276212,9.30555e-05,13130,4.52395,0.336443,-0.101343
3247.97,0.0276023,9.2992e-05,13131,4.51736,0.331162,-0.127623
3249.06,0.0275838,9.29298e-05,13132,4.51075,0.325882,-0.153876
3250.12,0.0275657,9.28688e-05,13133,4.5041,0.320606,-0.180102
3251.17,0.027548,9.28092e-05,13134,4.49742,0.315331,-0.206302
3252.19,0.0275307,9.27508e-05,13135,4.4907,0.310059,-0.232476
3253.19,0.0275138,9.26937e-05,13136,4.48396,0.304788,-0.258624
3254.17,0.0274972,9.26379e-05,13137,4.47718,0.29952,-0.284747
3255.13,0.027481,9.25834e-05,13138,4.47037,0.294254,-0.310845
3256.06,0.0274652,9.25301e-05,13139,4.46353,0.28899,-0.336918
3256.98,0.0274498,9.24781e-05,13140,4.45665,0.283727,-0.362967
3257.87,0.0274347,9.24274e-05,13141,4.44975,0.278467,-0.388991
3258.75,0.02742,9.23779e-05,13142,4.44281,0.273208,-0.414992
3259.6,0.0274057,9.23297e-05,13143,4.43583,0.267951,-0.440969
3260.43,0.0273918,9.22827e-05,13144,4.42883,0.262696,-0.466924
3261.23,0.0273782,9.2237e-05,13145,4.42179,0.257442,-0.492855
3262.02,0.027365,9.21925e-05,13146,4.41472,0.252189,-0.518764
3262.79,0.0273522,9.21493e-05,13147,4.40762,0.246939,-0.544651
3263.53,0.0273397,9.21072e-05,13148,4.40048,0.241689,-0.570516
3264.25,0.0273276,9.20665e-05,13149,4.39332,0.236441,-0.596359
3264.95,0.0273158,9.20269e-05,13150,4.38612,0.231194,-0.622181
3265.63,0.0273045,9.19886e-05,13151,4.37888,0.225949,-0.647982
3266.29,0.0272935,9.19515e-05,13152,4.37162,0.220704,-0.673763
3266.93,0.0272828,9.19157e-05,13153,4.36432,0.215461,-0.699523
3267.55,0.0272725,9.1881e-05,13154,4.35699,0.210219,-0.725263
3268.14,0.0272626,9.18476e-05,13155,4.34962,0.204977,-0.750984
3268.71,0.0272531,9.18154e-05,13156,4.34222,0.199737,-0.776685
3269.26,0.0272439,9.17844e-05,13157,4.33479,0.194498,-0.802367
3269.79,0.027235,9.17546e-05,13158,4.32733,0.189259,-0.82803
3270.3,0.0272265,9.17261e-05,13159,4.31984,0.184021,-0.853675
3270.79,0.0272184,9.16987e-05,13160,4.31231,0.178784,-0.879302
3271.26,0.0272107,9.16726e-05,13161,4.30474,0.173547,-0.904911
3271.7,0.0272033,9.16476e-05,13162,4.29715,0.168311,-0.930502
3272.13,0.0271962,9.16239e-05,13163,4.28952,0.163076,-0.956075
3272.53,0.0271895,9.16013e-05,13164,4.28186,0.157841,-0.981632
3272.91,0.0271832,9.158e-05,13165,4.27416,0.152607,-1.00717
3273.27,0.0271772,9.15598e-05,13166,4.26643,0.147372,-1.0327
3273.61,0.0271716,9.15408e-05,13167,4.25867,0.142138,-1.0582
3273.93,0.0271663,9.15231e-05,13168,4.25087,0.136905,-1.0837
3274.22,0.0271614,9.15065e-05,13169,4.24304,0.131671,-1.10917
3274.5,0.0271568,9.14912e-05,13170,4.23518,0.126438,-1.13463
3274.75,0.0271526,9.1477e-05,13171,4.22728,0.121205,-1.16008
3274.99,0.0271487,9.1464e-05,13172,4.21935,0.115971,-1.18551
3275.2,0.0271452,9.14522e-05,13173,4.21138,0.110738,-1.21093
3275.39,0.0271421,9.14416e-05,13174,4.20338,0.105504,-1.23633
3275.56,0.0271393,9.14321e-05,13175,4.19535,0.100271,-1.26172
3275.7,0.0271369,9.14239e-05,13176,4.18728,0.0950368,-1.2871
3275.83,0.0271348,9.14168e-05,13177,4.17918,0.0898026,-1.31246
3275.94,0.027133,9.1411e-05,13178,4.17104,0.0845681,-1.33781
3276.02,0.0271316,9.14063e-05,13179,4.16287,0.0793331,-1.36314
3276.08,0.0271306,9.14028e-05,13180,4.15467,0.0740977,-1.38847
3276.12,0.0271299,9.14005e-05,13181,4.14643,0.0688618,-1.41378
3276.14,0.0271296,9.13994e-05,13182,4.13815,0.0636253,-1.43908
3276.14,0.0271296,9.13994e-05,13183,4.12984,0.0583881,-1.46437
3276.12,0.02713,9.14007e-05,13184,4.1215,0.0531503,-1.48965
3276.08,0.0271307,9.14031e-05,13185,4.11312,0.0479116,-1.51491
3276.01,0.0271318,9.14067e-05,13186,4.1047,0.0426722,-1.54017
3275.93,0.0271332,9.14115e-05,13187,4.09625,0.0374319,-1.56542
3275.82,0.027135,9.14175e-05,13188,4.08777,0.0321907,-1.59065
3275.69,0.0271371,9.14247e-05,13189,4.07925,0.0269484,-1.61588
3275.54,0.0271396,9.14331e-05,13190,4.07069,0.0217052,-1.64109
3275.37,0.0271424,9.14426e-05,13191,4.0621,0.0164608,-1.6663
3275.18,0.0271456,9.14533e-05,13192,4.05347,0.0112152,-1.6915
3274.96,0.0271491,9.14653e-05,13193,4.04481,0.00596843,-1.71669
3274.73,0.027153,9.14784e-05,13194,4.03611,0.000720363,-1.74187
3274.47,0.0271573,9.14927e-05,13195,4.02738,-0.00452905,-1.76704
3274.19,0.0271619,9.15082e-05,13196,4.0186,-0.00977986,-1.79221
3273.9,0.0271668,9.15249e-05,13197,4.0098,-0.0150321,-1.81736
3273.58,0.0271721,9.15428e-05,13198,4.00095,-0.0202859,-1.84251
3273.24,0.0271778,9.15618e-05,13199,3.99207,-0.0255413,-1.86766
3272.87,0.0271838,9.15821e-05,13200,3.98316,-0.0307983,-1.89279
3272.49,0.0271902,9.16036e-05,13201,3.9742,-0.036057,-1.91792
3272.08,0.0271969,9.16263e-05,13202,3.96521,-0.0413175,-1.94304
3271.66,0.027204,9.16502e-05,13203,3.95618,-0.0465798,-1.96816
3271.21,0.0272115,9.16752e-05,13204,3.94712,-0.051844,-1.99327
3270.74,0.0272193,9.17015e-05,13205,3.93802,-0.0571101,-2.01838
3270.25,0.0272274,9.1729e-05,13206,3.92888,-0.0623782,-2.04348
3269.74,0.0272359,9.17577e-05,13207,3.9197,-0.0676483,-2.06858
3269.21,0.0272448,9.17876e-05,13208,3.91049,-0.0729206,-2.09367
3268.65,0.027254,9.18187e-05,13209,3.90123,-0.0781951,-2.11875
3268.08,0.0272636,9.1851e-05,13210,3.89194,-0.0834718,-2.14384
3267.48,0.0272736,9.18846e-05,13211,3.88261,-0.0887508,-2.16892
3266.86,0.0272839,9.19193e-05,13212,3.87325,-0.0940321,-2.19399
3266.22,0.0272946,9.19553e-05,13213,3.86384,-0.0993159,-2.21906
3265.56,0.0273056,9.19925e-05,13214,3.8544,-0.104602,-2.24413
3264.88,0.0273171,9.2031e-05,13215,3.84492,-0.109891,-2.2692
3264.18,0.0273288,9.20707e-05,13216,3.8354,-0.115182,-2.29426
3263.45,0.027341,9.21116e-05,13217,3.82584,-0.120476,-2.31933
3262.71,0.0273535,9.21537e-05,13218,3.81624,-0.125773,-2.34439
3261.94,0.0273663,9.21971e-05,13219,3.8066,-0.131073,-2.36945
3261.15,0.0273796,9.22417e-05,13220,3.79692,-0.136375,-2.3945
3260.34,0.0273932,9.22875e-05,13221,3.7872,-0.141681,-2.41956
3259.51,0.0274072,9.23346e-05,13222,3.77745,-0.146989,-2.44461
3258.66,0.0274215,9.2383e-05,13223,3.76765,-0.1523,-2.46967
3257.78,0.0274363,9.24326e-05,13224,3.75781,-0.157615,-2.49472
3256.88,0.0274514,9.24835e-05,13225,3.74793,-0.162932,-2.51978
3255.97,0.0274668,9.25356e-05,13226,3.73801,-0.168253,-2.54483
3255.03,0.0274827,9.2589e-05,13227,3.72805,-0.173577,-2.56989
3254.07,0.0274989,9.26437e-05,13228,3.71805,-0.178905,-2.59494
3253.09,0.0275155,9.26996e-05,13229,3.70801,-0.184236,-2.62
3252.08,0.0275325,9.27568e-05,13230,3.69793,-0.18957,-2.64506
3251.06,0.0275499,9.28153e-05,13231,3.68781,-0.194908,-2.67012
3250.01,0.0275676,9.28751e-05,13232,3.67764,-0.20025,-2.69518
3248.94,0.0275857,9.29362e-05,13233,3.66744,-0.205595,-2.72025
3247.85,0.0276042,9.29985e-05,13234,3.65719,-0.210944,-2.74531
3246.74,0.0276231,9.30622e-05,13235,3.6469,-0.216297,-2.77038
3245.61,0.0276424,9.31272e-05,13236,3.63656,-0.221653,-2.79545
3244.46,0.0276621,9.31934e-05,13237,3.62619,-0.227014,-2.82053
3243.28,0.0276822,9.3261e-05,13238,3.61577,-0.232378,-2.84561
3242.08,0.0277026,9.33299e-05,13239,3.60531,-0.237747,-2.87069
3240.86,0.0277235,9.34001e-05,13240,3.5948,-0.24312,-2.89578
3239.62,0.0277447,9.34717e-05,13241,3.58425,-0.248497,-2.92087
3238.36,0.0277663,9.35446e-05,13242,3.57366,-0.253878,-2.94597
3237.08,0.0277884,9.36188e-05,13243,3.56302,-0.259263,-2.97107
3235.77,0.0278108,9.36944e-05,13244,3.55235,-0.264653,-2.99618
3234.44,0.0278336,9.37713e-05,13245,3.54162,-0.270048,-3.02129
3233.09,0.0278569,9.38496e-05,13246,3.53085,-0.275447,-3.04641
3231.72,0.0278805,9.39292e-05,13247,3.52004,-0.28085,-3.07153
3230.33,0.0279045,9.40102e-05,13248,3.50918,-0.286258,-3.09666
3228.92,0.027929,9.40926e-05,13249,3.49828,-0.291671,-3.1218
3227.48,0.0279538,9.41764e-05,13250,3.48733,-0.297089,-3.14694
3226.02,0.0279791,9.42615e-05,13251,3.47634,-0.302512,-3.17209
3224.54,0.0280048,9.4348e-05,13252,3.4653,-0.307939,-3.19725
3223.04,0.0280309,9.4436e-05,13253,3.45421,-0.313372,-3.22241
3221.52,0.0280574,9.45253e-05,13254,3.44308,-0.318809,-3.24759
3219.97,0.0280844,9.4616e-05,13255,3.4319,-0.324252,-3.27277
3218.41,0.0281117,9.47082e-05,13256,3.42067,-0.3297,-3.29796
3216.82,0.0281395,9.48018e-05,13257,3.4094,-0.335154,-3.32316
3215.21,0.0281677,9.48968e-05,13258,3.39808,-0.340612,-3.34837
3213.57,0.0281963,9.49933e-05,13259,3.38671,-0.346076,-3.37359
3211.92,0.0282254,9.50912e-05,13260,3.37529,-0.351546,-3.39881
3210.24,0.0282549,9.51905e-05,13261,3.36383,-0.357021,-3.42405
3208.54,0.0282848,9.52914e-05,13262,3.35232,-0.362502,-3.4493
3206.82,0.0283152,9.53937e-05,13263,3.34076,-0.367989,-3.47456
3205.08,0.028346,9.54974e-05,13264,3.32915,-0.373481,-3.49983
3203.31,0.0283772,9.56027e-05,13265,3.31749,-0.37898,-3.52511
3201.53,0.0284089,9.57094e-05,13266,3.30578,-0.384484,-3.5504
3199.72,0.028441,9.58177e-05,13267,3.29402,-0.389994,-3.5757
3197.89,0.0284736,9.59275e-05,13268,3.28221,-0.39551,-3.60102
3196.03,0.0285066,9.60387e-05,13269,3.27035,-0.401033,-3.62635
3194.16,0.0285401,9.61516e-05,13270,3.25844,-0.406562,-3.65169
3192.26,0.0285741,9.62659e-05,13271,3.24648,-0.412097,-3.67704
3190.34,0.0286085,9.63818e-05,13272,3.23447,-0.417639,-3.7024
3188.4,0.0286433,9.64992e-05,13273,3.22241,-0.423187,-3.72778
3186.43,0.0286787,9.66183e-05,13274,3.21029,-0.428741,-3.75318
3184.45,0.0287145,9.67388e-05,13275,3.19812,-0.434302,-3.77859
3182.44,0.0287507,9.6861e-05,13276,3.1859,-0.43987,-3.80401
3180.41,0.0287875,9.69848e-05,13277,3.17363,-0.445445,-3.82944
3178.35,0.0288247,9.71101e-05,13278,3.1613,-0.451027,-3.8549
3176.28,0.0288624,9.72371e-05,13279,3.14893,-0.456615,-3.88036
3174.18,0.0289005,9.73657e-05,13280,3.13649,-0.462211,-3.90584
3172.06,0.0289392,9.74959e-05,13281,3.12401,-0.467814,-3.93134
3169.92,0.0289783,9.76278e-05,13282,3.11146,-0.473424,-3.95686
3167.75,0.029018,9.77614e-05,13283,3.09887,-0.479041,-3.98239
3165.56,0.0290581,9.78966e-05,13284,3.08622,-0.484665,-4.00794
3163.35,0.0290987,9.80334e-05,13285,3.07351,-0.490297,-4.0335
3161.12,0.0291399,9.8172e-05,13286,3.06075,-0.495937,-4.05908
3158.86,0.0291815,9.83123e-05,13287,3.04793,-0.501584,-4.08468
3156.58,0.0292236,9.84543e-05,13288,3.03505,-0.507239,-4.1103
3154.28,0.0292663,9.85979e-05,13289,3.02212,-0.512901,-4.13593
3151.96,0.0293095,9.87434e-05,13290,3.00913,-0.518572,-4.16159
3149.61,0.0293531,9.88906e-05,13291,2.99608,-0.52425,-4.18726
3147.24,0.0293974,9.90395e-05,13292,2.98297,-0.529937,-4.21295
3144.85,0.0294421,9.91902e-05,13293,2.96981,-0.535632,-4.23867
3142.44,0.0294873,9.93427e-05,13294,2.95659,-0.541334,-4.2644
3140,0.0295331,9.9497e-05,13295,2.94331,-0.547045,-4.29015
3137.54,0.0295795,9.96531e-05,13296,2.92996,-0.552765,-4.31592
3135.06,0.0296264,9.9811e-05,13297,2.91656,-0.558493,-4.34172
3132.55,0.0296738,9.99708e-05,13298,2.9031,-0.56423,-4.36753
3130.02,0.0297217,0.000100132,13299,2.88958,-0.569975,-4.39337
3127.47,0.0297703,0.000100296,13300,2.87599,-0.575729,-4.41923
3124.89,0.0298194,0.000100461,13301,2.86235,-0.581492,-4.44511
3122.3,0.029869,0.000100628,13302,2.84864,-0.587263,-4.47101
3119.67,0.0299192,0.000100798,13303,2.83487,-0.593044,-4.49694
3117.03,0.02997,0.000100969,13304,2.82104,-0.598834,-4.52288
3114.36,0.0300213,0.000101142,13305,2.80714,-0.604633,-4.54886
3111.67,0.0300733,0.000101317,13306,2.79318,-0.610442,-4.57485
3108.96,0.0301258,0.000101494,13307,2.77916,-0.61626,-4.60087
3106.22,0.0301789,0.000101673,13308,2.76507,-0.622087,-4.62692
3103.46,0.0302326,0.000101854,13309,2.75092,-0.627924,-4.65299
3100.68,0.0302869,0.000102036,13310,2.7367,-0.633771,-4.67908
3097.87,0.0303418,0.000102221,13311,2.72241,-0.639627,-4.7052
3095.04,0.0303973,0.000102408,13312,2.70806,-0.645494,-4.73135
3092.19,0.0304535,0.000102598,13313,2.69364,-0.65137,-4.75752
3089.31,0.0305102,0.000102789,13314,2.67915,-0.657257,-4.78372
3086.41,0.0305676,0.000102982,13315,2.6646,-0.663153,-4.80994
3083.49,0.0306256,0.000103177,13316,2.64998,-0.66906,-4.83619
3080.54,0.0306842,0.000103375,13317,2.63528,-0.674978,-4.86247
3077.57,0.0307435,0.000103575,13318,2.62052,-0.680906,-4.88878
3074.57,0.0308034,0.000103776,13319,2.60569,-0.686844,-4.91512
3071.56,0.030864,0.000103981,13320,2.59079,-0.692794,-4.94148
3068.51,0.0309252,0.000104187,13321,2.57581,-0.698754,-4.96788
3065.45,0.0309871,0.000104395,13322,2.56077,-0.704725,-4.9943
3062.36,0.0310496,0.000104606,13323,2.54565,-0.710707,-5.02075
3059.25,0.0311129,0.000104819,13324,2.53046,-0.7167,-5.04724
3056.11,0.0311768,0.000105034,13325,2.5152,-0.722705,-5.07375
3052.95,0.0312414,0.000105252,13326,2.49986,-0.728721,-5.1003
3049.76,0.0313067,0.000105472,13327,2.48445,-0.734748,-5.12687
3046.55,0.0313727,0.000105694,13328,2.46897,-0.740788,-5.15348
3043.32,0.0314394,0.000105919,13329,2.45341,-0.746838,-5.18012
3040.06,0.0315068,0.000106146,13330,2.43777,-0.752901,-5.20679
3036.78,0.0315749,0.000106376,13331,2.42205,-0.758976,-5.2335
3033.48,0.0316437,0.000106608,13332,2.40626,-0.765062,-5.26023
3030.15,0.0317133,0.000106842,13333,2.39039,-0.771161,-5.287
3026.79,0.0317837,0.000107079,13334,2.37445,-0.777272,-5.31381
3023.41,0.0318547,0.000107318,13335,2.35842,-0.783396,-5.34065
3020.01,0.0319265,0.00010756,13336,2.34231,-0.789532,-5.36752
3016.58,0.0319991,0.000107805,13337,2.32612,-0.795681,-5.39443
3013.13,0.0320725,0.000108052,13338,2.30986,-0.801842,-5.42138
3009.66,0.0321466,0.000108302,13339,2.29351,-0.808017,-5.44836
3006.15,0.0322215,0.000108554,13340,2.27707,-0.814204,-5.47538
3002.63,0.0322972,0.000108809,13341,2.26056,-0.820405,-5.50243
2999.08,0.0323737,0.000109067,13342,2.24396,-0.826619,-5.52952
2995.51,0.032451,0.000109327,13343,2.22728,-0.832847,-5.55665
2991.91,0.0325292,0.000109591,13344,2.21051,-0.839087,-5.58382
2988.28,0.0326081,0.000109857,13345,2.19365,-0.845342,-5.61102
2984.63,0.0326879,0.000110125,13346,2.17671,-0.851611,-5.63826
2980.96,0.0327685,0.000110397,13347,2.15968,-0.857893,-5.66555
2977.26,0.03285,0.000110671,13348,2.14257,-0.86419,-5.69287
2973.54,0.0329323,0.000110949,13349,2.12536,-0.8705,-5.72023
2969.79,0.0330155,0.000111229,13350,2.10807,-0.876826,-5.74763
2966.01,0.0330996,0.000111512,13351,2.09068,-0.883165,-5.77508
2962.22,0.0331845,0.000111798,13352,2.07321,-0.889519,-5.80256
2958.39,0.0332704,0.000112088,13353,2.05564,-0.895889,-5.83009
2954.54,0.0333571,0.00011238,13354,2.03798,-0.902272,-5.85766
2950.67,0.0334448,0.000112675,13355,2.02023,-0.908671,-5.88527
2946.77,0.0335334,0.000112974,13356,2.00238,-0.915086,-5.91293
2942.84,0.0336229,0.000113275,13357,1.98443,-0.921515,-5.94062
2938.89,0.0337133,0.00011358,13358,1.9664,-0.92796,-5.96837
2934.91,0.0338048,0.000113888,13359,1.94826,-0.934421,-5.99615
2930.91,0.0338971,0.000114199,13360,1.93003,-0.940898,-6.02399
2926.88,0.0339905,0.000114514,13361,1.9117,-0.94739,-6.05186
2922.83,0.0340848,0.000114832,13362,1.89327,-0.953899,-6.07979
2918.75,0.0341802,0.000115153,13363,1.87473,-0.960424,-6.10776
2914.65,0.0342765,0.000115477,13364,1.8561,-0.966965,-6.13577
2910.52,0.0343739,0.000115805,13365,1.83737,-0.973523,-6.16384
2906.36,0.0344723,0.000116137,13366,1.81853,-0.980098,-6.19195
2902.18,0.0345717,0.000116472,13367,1.79959,-0.98669,-6.22011
2897.97,0.0346722,0.000116811,13368,1.78055,-0.993298,-6.24832
2893.73,0.0347738,0.000117153,13369,1.76139,-0.999924,-6.27658
2889.47,0.0348765,0.000117499,13370,1.74214,-1.00657,-6.30489
2885.18,0.0349802,0.000117848,13371,1.72277,-1.01323,-6.33324
2880.87,0.035085,0.000118201,13372,1.70329,-1.01991,-6.36165
2876.53,0.035191,0.000118558,13373,1.68371,-1.0266,-6.39011
2872.16,0.0352981,0.000118919,13374,1.66401,-1.03332,-6.41863
2867.77,0.0354063,0.000119284,13375,1.64421,-1.04005,-6.44719
2863.35,0.0355157,0.000119652,13376,1.62429,-1.0468,-6.47581
2858.9,0.0356263,0.000120025,13377,1.60425,-1.05357,-6.50448
2854.43,0.035738,0.000120401,13378,1.5841,-1.06036,-6.5332
2849.93,0.035851,0.000120782,13379,1.56384,-1.06717,-6.56198
2845.4,0.0359652,0.000121166,13380,1.54345,-1.074,-6.59082
2840.85,0.0360806,0.000121555,13381,1.52295,-1.08084,-6.61971
2836.26,0.0361972,0.000121948,13382,1.50233,-1.08771,-6.64865
2831.66,0.0363151,0.000122345,13383,1.48159,-1.09459,-6.67766
2827.02,0.0364343,0.000122747,13384,1.46073,-1.1015,-6.70672
2822.36,0.0365548,0.000123153,13385,1.43974,-1.10842,-6.73583
2817.67,0.0366766,0.000123563,13386,1.41863,-1.11537,-6.76501
2812.95,0.0367997,0.000123978,13387,1.39739,-1.12234,-6.79425
2808.21,0.0369242,0.000124397,13388,1.37603,-1.12932,-6.82354
2803.43,0.03705,0.000124821,13389,1.35453,-1.13633,-6.85289
2798.63,0.0371772,0.00012525,13390,1.33291,-1.14336,-6.88231
2793.81,0.0373058,0.000125683,13391,1.31116,-1.15041,-6.91178
2788.95,0.0374358,0.000126121,13392,1.28928,-1.15748,-6.94132
2784.07,0.0375673,0.000126564,13393,1.26726,-1.16458,-6.97092
2779.16,0.0377001,0.000127012,13394,1.2451,-1.17169,-7.00059
2774.22,0.0378345,0.000127464,13395,1.22281,-1.17883,-7.03031
2769.25,0.0379704,0.000127922,13396,1.20039,-1.18599,-7.0601
2764.25,0.0381077,0.000128385,13397,1.17782,-1.19318,-7.08996
2759.23,0.0382466,0.000128853,13398,1.15512,-1.20038,-7.11988
2754.18,0.0383871,0.000129326,13399,1.13227,-1.20761,-7.14987
2749.1,0.0385291,0.000129804,13400,1.10927,-1.21487,-7.17992
2743.99,0.0386727,0.000130288,13401,1.08614,-1.22214,-7.21004
2738.85,0.0388179,0.000130777,13402,1.06285,-1.22944,-7.24023
2733.68,0.0389648,0.000131272,13403,1.03942,-1.23677,-7.27049
2728.49,0.0391133,0.000131773,13404,1.01584,-1.24411,-7.30082
2723.26,0.0392636,0.000132279,13405,0.992108,-1.25149,-7.33122
2718.01,0.0394155,0.00013279,13406,0.968221,-1.25889,-7.36168
2712.73,0.0395691,0.000133308,13407,0.944181,-1.26631,-7.39222
2707.42,0.0397245,0.000133832,13408,0.919984,-1.27376,-7.42284
2702.08,0.0398817,0.000134361,13409,0.895628,-1.28123,-7.45352
2696.7,0.0400407,0.000134897,13410,0.871113,-1.28873,-7.48428
2691.31,0.0402015,0.000135439,13411,0.846437,-1.29626,-7.51511
2685.88,0.0403642,0.000135987,13412,0.821596,-1.30381,-7.54602
2680.42,0.0405288,0.000136541,13413,0.796591,-1.31139,-7.577
2674.93,0.0406953,0.000137102,13414,0.771418,-1.31899,-7.60806
2669.41,0.0408637,0.00013767,13415,0.746077,-1.32663,-7.63919
2663.86,0.0410341,0.000138244,13416,0.720564,-1.33429,-7.6704
2658.28,0.0412065,0.000138825,13417,0.694878,-1.34197,-7.70169
2652.68,0.0413809,0.000139412,13418,0.669018,-1.34969,-7.73306
2647.04,0.0415574,0.000140007,13419,0.642981,-1.35744,-7.76451
2641.37,0.041736,0.000140608,13420,0.616764,-1.36521,-7.79604
2635.67,0.0419167,0.000141217,13421,0.590367,-1.37301,-7.82766
2629.94,0.0420996,0.000141833,13422,0.563786,-1.38084,-7.85935
2624.18,0.0422846,0.000142457,13423,0.53702,-1.3887,-7.89113
2618.39,0.0424719,0.000143087,13424,0.510067,-1.3966,-7.92299
2612.56,0.0426614,0.000143726,13425,0.482924,-1.40452,-7.95493
2606.71,0.0428532,0.000144372,13426,0.455588,-1.41247,-7.98696
2600.83,0.0430473,0.000145026,13427,0.428059,-1.42045,-8.01908
2594.91,0.0432438,0.000145688,13428,0.400332,-1.42846,-8.05128
2588.96,0.0434427,0.000146358,13429,0.372407,-1.43651,-8.08357
2582.98,0.0436441,0.000147037,13430,0.34428,-1.44459,-8.11595
2576.97,0.0438479,0.000147723,13431,0.315949,-1.4527,-8.14842
2570.93,0.0440542,0.000148418,13432,0.287412,-1.46084,-8.18098
2564.86,0.0442631,0.000149122,13433,0.258666,-1.46901,-8.21363
2558.75,0.0444746,0.000149835,13434,0.229708,-1.47722,-8.24638
2552.61,0.0446888,0.000150556,13435,0.200535,-1.48546,-8.27921
2546.44,0.0449056,0.000151287,13436,0.171146,-1.49374,-8.31214
2540.24,0.0451251,0.000152026,13437,0.141537,-1.50205,-8.34516
2534.01,0.0453475,0.000152775,13438,0.111705,-1.51039,-8.37828
2527.74,0.0455726,0.000153534,13439,0.0816486,-1.51877,-8.4115
2521.44,0.0458006,0.000154302,13440,0.0513635,-1.52719,-8.44481
2515.11,0.0460316,0.00015508,13441,0.0208472,-1.53564,-8.47822
2508.74,0.0462655,0.000155868,13442,-0.00990325,-1.54413,-8.51173
2502.34,0.0465024,0.000156666,13443,-0.040891,-1.55265,-8.54533
2495.91,0.0467424,0.000157475,13444,-0.072119,-1.56121,-8.57905
2489.45,0.0469855,0.000158294,13445,-0.103591,-1.56981,-8.61286
2482.95,0.0472318,0.000159124,13446,-0.135309,-1.57845,-8.64677
2476.41,0.0474813,0.000159964,13447,-0.167277,-1.58712,-8.68079
2469.85,0.0477341,0.000160816,13448,-0.199499,-1.59584,-8.71491
2463.25,0.0479902,0.000161679,13449,-0.231977,-1.60459,-8.74914
2456.61,0.0482498,0.000162553,13450,-0.264716,-1.61339,-8.78348
2449.94,0.0485128,0.000163439,13451,-0.297718,-1.62222,-8.81792
2443.24,0.0487794,0.000164337,13452,-0.330988,-1.63109,-8.85247
2436.5,0.0490495,0.000165248,13453,-0.364529,-1.64001,-8.88713
2429.73,0.0493233,0.00016617,13454,-0.398345,-1.64897,-8.9219
2422.92,0.0496009,0.000167105,13455,-0.432439,-1.65797,-8.95679
2416.08,0.0498822,0.000168053,13456,-0.466816,-1.66701,-8.99178
2409.2,0.0501674,0.000169014,13457,-0.501479,-1.67609,-9.02689
2402.29,0.0504565,0.000169988,13458,-0.536433,-1.68522,-9.06212
2395.34,0.0507496,0.000170975,13459,-0.571682,-1.69439,-9.09746
2388.36,0.0510468,0.000171976,13460,-0.607229,-1.70361,-9.13291
2381.34,0.0513482,0.000172992,13461,-0.64308,-1.71287,-9.16849
2374.29,0.0516538,0.000174021,13462,-0.679238,-1.72218,-9.20418
2367.2,0.0519638,0.000175066,13463,-0.715708,-1.73153,-9.24
2360.07,0.0522781,0.000176125,13464,-0.752495,-1.74094,-9.27593
2352.9,0.0525969,0.000177199,13465,-0.789604,-1.75038,-9.31199
2345.7,0.0529204,0.000178288,13466,-0.827038,-1.75988,-9.34817
2338.47,0.0532484,0.000179394,13467,-0.864803,-1.76943,-9.38447
2331.19,0.0535813,0.000180515,13468,-0.902904,-1.77902,-9.42091
2323.88,0.053919,0.000181653,13469,-0.941345,-1.78866,-9.45746
2316.53,0.0542616,0.000182807,13470,-0.980133,-1.79836,-9.49415
2309.14,0.0546093,0.000183978,13471,-1.01927,-1.8081,-9.53096
2301.72,0.0549622,0.000185167,13472,-1.05877,-1.8179,-9.56791
2294.26,0.0553203,0.000186374,13473,-1.09863,-1.82775,-9.60499
2286.76,0.0556838,0.000187598,13474,-1.13885,-1.83765,-9.6422
2279.22,0.0560527,0.000188841,13475,-1.17945,-1.8476,-9.67954
2271.64,0.0564273,0.000190103,13476,-1.22043,-1.85761,-9.71702
2264.03,0.0568075,0.000191384,13477,-1.26179,-1.86768,-9.75463
2256.37,0.0571936,0.000192685,13478,-1.30355,-1.8778,-9.79238
2248.68,0.0575856,0.000194006,13479,-1.3457,-1.88797,-9.83027
2240.95,0.0579837,0.000195347,13480,-1.38826,-1.89821,-9.8683
2233.17,0.058388,0.000196709,13481,-1.43123,-1.9085,-9.90647
2225.36,0.0587987,0.000198093,13482,-1.47462,-1.91885,-9.94478
2217.51,0.0592158,0.000199498,13483,-1.51843,-1.92926,-9.98324
2209.62,0.0596396,0.000200925,13484,-1.56267,-1.93973,-10.0218
2201.68,0.0600701,0.000202376,13485,-1.60735,-1.95026,-10.0606
2193.71,0.0605075,0.00020385,13486,-1.65247,-1.96085,-10.0995
2185.7,0.0609521,0.000205347,13487,-1.69805,-1.9715,-10.1385
2177.64,0.0614038,0.000206869,13488,-1.74409,-1.98222,-10.1777
2169.55,0.0618629,0.000208416,13489,-1.7906,-1.993,-10.217
2161.41,0.0623296,0.000209988,13490,-1.83759,-2.00385,-10.2565
2153.23,0.062804,0.000211586,13491,-1.88506,-2.01476,-10.2962
2145.01,0.0632864,0.000213211,13492,-1.93303,-2.02574,-10.336
2136.75,0.0637768,0.000214864,13493,-1.98149,-2.03678,-10.3759
2128.44,0.0642755,0.000216544,13494,-2.03047,-2.0479,-10.4161
2120.09,0.0647827,0.000218253,13495,-2.07997,-2.05908,-10.4563
2111.7,0.0652986,0.000219991,13496,-2.13,-2.07033,-10.4968
2103.27,0.0658234,0.000221759,13497,-2.18056,-2.08166,-10.5373
2094.79,0.0663572,0.000223557,13498,-2.23168,-2.09306,-10.5781
2086.27,0.0669004,0.000225387,13499,-2.28335,-2.10453,-10.619
2077.7,0.0674532,0.000227249,13500,-2.33559,-2.11608,-10.6601
2069.09,0.0680157,0.000229145,13501,-2.38842,-2.1277,-10.7013
2060.44,0.0685883,0.000231074,13502,-2.44183,-2.13939,-10.7427
2051.74,0.0691711,0.000233037,13503,-2.49584,-2.15117,-10.7843
2042.99,0.0697645,0.000235036,13504,-2.55047,-2.16302,-10.8261
2034.2,0.0703687,0.000237072,13505,-2.60572,-2.17495,-10.868
2025.37,0.0709839,0.000239144,13506,-2.66161,-2.18697,-10.91
2016.49,0.0716106,0.000241256,13507,-2.71814,-2.19906,-10.9523
2007.56,0.0722489,0.000243406,13508,-2.77534,-2.21124,-10.9947
1998.59,0.0728991,0.000245597,13509,-2.83321,-2.22351,-11.0373
1989.57,0.0735616,0.000247829,13510,-2.89177,-2.23586,-11.0801
1980.5,0.0742368,0.000250103,13511,-2.95103,-2.24829,-11.1231
1971.39,0.0749248,0.000252421,13512,-3.011,-2.26081,-11.1662
1962.22,0.0756262,0.000254784,13513,-3.07171,-2.27343,-11.2095
1953.01,0.0763412,0.000257193,13514,-3.13315,-2.28613,-11.253
1943.75,0.0770702,0.000259649,13515,-3.19536,-2.29893,-11.2966
1934.45,0.0778137,0.000262154,13516,-3.25835,-2.31182,-11.3405
1925.09,0.0785719,0.000264708,13517,-3.32212,-2.3248,-11.3845
1915.68,0.0793454,0.000267314,13518,-3.3867,-2.33788,-11.4287
1906.23,0.0801345,0.000269973,13519,-3.45211,-2.35106,-11.4731
1896.72,0.0809398,0.000272686,13520,-3.51836,-2.36433,-11.5176
1887.16,0.0817616,0.000275454,13521,-3.58547,-2.37771,-11.5624
1877.56,0.0826004,0.00027828,13522,-3.65346,-2.39119,-11.6073
1867.9,0.0834568,0.000281165,13523,-3.72235,-2.40477,-11.6524
1858.19,0.0843312,0.000284111,13524,-3.79216,-2.41846,-11.6977
1848.43,0.0852243,0.00028712,13525,-3.86291,-2.43225,-11.7432
1838.62,0.0861365,0.000290193,13526,-3.93461,-2.44615,-11.7888
1828.75,0.0870684,0.000293333,13527,-4.0073,-2.46017,-11.8347
1818.83,0.0880206,0.000296541,13528,-4.08099,-2.47429,-11.8807
1808.86,0.0889938,0.00029982,13529,-4.1557,-2.48853,-11.9269
1798.83,0.0899887,0.000303171,13530,-4.23147,-2.50288,-11.9733
1788.75,0.0910058,0.000306598,13531,-4.30831,-2.51735,-12.0198
1778.62,0.0920458,0.000310102,13532,-4.38625,-2.53194,-12.0666
1768.43,0.0931096,0.000313686,13533,-4.46532,-2.54665,-12.1135
1758.18,0.094198,0.000317352,13534,-4.54554,-2.56148,-12.1606
1747.88,0.0953115,0.000321104,13535,-4.62694,-2.57643,-12.2079
1737.52,0.0964512,0.000324944,13536,-4.70955,-2.59152,-12.2553
1727.11,0.0976178,0.000328874,13537,-4.7934,-2.60673,-12.3029
1716.64,0.0988123,0.000332898,13538,-4.87852,-2.62207,-12.3507
1706.11,0.100036,0.00033702,13539,-4.96494,-2.63754,-12.3987
1695.52,0.101289,0.000341241,13540,-5.0527,-2.65315,-12.4468
1684.88,0.102573,0.000345567,13541,-5.14182,-2.66889,-12.4951
1674.17,0.103889,0.00035,13542,-5.23235,-2.68477,-12.5435
1663.41,0.105237,0.000354544,13543,-5.32431,-2.70079,-12.5921
1652.59,0.10662,0.000359203,13544,-5.41776,-2.71696,-12.6408
1641.7,0.108039,0.000363982,13545,-5.51271,-2.73327,-12.6897
1630.76,0.109494,0.000368884,13546,-5.60923,-2.74973,-12.7387
1619.75,0.110987,0.000373914,13547,-5.70735,-2.76633,-12.7879
1608.69,0.112519,0.000379076,13548,-5.8071,-2.78309,-12.8371
1597.56,0.114092,0.000384377,13549,-5.90855,-2.80001,-12.8865
1586.36,0.115708,0.00038982,13550,-6.01172,-2.81708,-12.936
1575.11,0.117368,0.000395412,13551,-6.11668,-2.8343,-12.9857
1563.79,0.119073,0.000401157,13552,-6.22347,-2.85169,-13.0354
1552.4,0.120826,0.000407063,13553,-6.33215,-2.86925,-13.0852
1540.95,0.122628,0.000413134,13554,-6.44276,-2.88697,-13.1351
1529.44,0.124482,0.000419379,13555,-6.55538,-2.90486,-13.185
1517.85,0.126389,0.000425803,13556,-6.67004,-2.92292,-13.235
1506.21,0.128351,0.000432414,13557,-6.78682,-2.94115,-13.285
1494.49,0.130371,0.00043922,13558,-6.90577,-2.95956,-13.3351
1482.71,0.132452,0.000446229,13559,-7.02698,-2.97815,-13.3852
1470.86,0.134595,0.000453449,13560,-7.15049,-2.99691,-13.4353
1458.94,0.136803,0.000460889,13561,-7.27639,-3.01586,-13.4853
1446.95,0.13908,0.000468559,13562,-7.40474,-3.035,-13.5354
1434.89,0.141427,0.000476468,13563,-7.53564,-3.05432,-13.5853
1422.76,0.143849,0.000484628,13564,-7.66915,-3.07384,-13.6352
1410.55,0.146349,0.000493048,13565,-7.80536,-3.09354,-13.6849
1398.28,0.148929,0.000501742,13566,-7.94436,-3.11344,-13.7346
1385.93,0.151595,0.000510721,13567,-8.08624,-3.13354,-13.784
1373.51,0.154348,0.000519999,13568,-8.2311,-3.15383,-13.8333
1361.02,0.157195,0.000529589,13569,-8.37904,-3.17433,-13.8823
1348.45,0.160139,0.000539506,13570,-8.53016,-3.19503,-13.9311
1335.81,0.163184,0.000549766,13571,-8.68457,-3.21592,-13.9796
1323.09,0.166336,0.000560386,13572,-8.84239,-3.23703,-14.0277
1310.3,0.1696,0.000571382,13573,-9.00373,-3.25834,-14.0754
1297.43,0.172982,0.000582775,13574,-9.16872,-3.27985,-14.1227
1284.48,0.176487,0.000594582,13575,-9.3375,-3.30158,-14.1695
1271.46,0.180121,0.000606827,13576,-9.5102,-3.32351,-14.2158
1258.35,0.183892,0.000619531,13577,-9.68696,-3.34564,-14.2614
1245.17,0.187806,0.000632719,13578,-9.86794,-3.36798,-14.3063
1231.91,0.191872,0.000646415,13579,-10.0533,-3.39053,-14.3505
1218.57,0.196096,0.000660648,13580,-10.2432,-3.41328,-14.3938
1205.15,0.200489,0.000675446,13581,-10.4378,-3.43623,-14.4362
1191.64,0.205058,0.000690841,13582,-10.6373,-3.45938,-14.4776
1178.06,0.209815,0.000706865,13583,-10.8419,-3.48273,-14.5179
1164.39,0.214769,0.000723556,13584,-11.0518,-3.50626,-14.5569
1150.64,0.219932,0.000740951,13585,-11.2671,-3.52998,-14.5945
1136.81,0.225317,0.000759091,13586,-11.4883,-3.55387,-14.6306
1122.9,0.230935,0.00077802,13587,-11.7153,-3.57794,-14.6651
1108.9,0.236802,0.000797785,13588,-11.9486,-3.60216,-14.6978
1094.82,0.242933,0.000818438,13589,-12.1884,-3.62653,-14.7285
1080.65,0.249343,0.000840034,13590,-12.4349,-3.65103,-14.757
1066.41,0.25605,0.00086263,13591,-12.6884,-3.67565,-14.7831
1052.07,0.263073,0.000886291,13592,-12.9492,-3.70037,-14.8067
1037.66,0.270432,0.000911085,13593,-13.2177,-3.72518,-14.8273
1023.16,0.27815,0.000937087,13594,-13.4942,-3.75004,-14.8448
1008.58,0.28625,0.000964375,13595,-13.779,-3.77493,-14.8589
993.921,0.294758,0.000993037,13596,-14.0726,-3.79982,-14.8692
979.177,0.303701,0.00102317,13597,-14.3752,-3.82467,-14.8753
964.353,0.31311,0.00105486,13598,-14.6873,-3.84944,-14.877
949.45,0.323017,0.00108824,13599,-15.0094,-3.87409,-14.8736
934.468,0.333457,0.00112342,13600,-15.3418,-3.89856,-14.8647
919.409,0.34447,0.00116052,13601,-15.6851,-3.92279,-14.8499
904.276,0.356096,0.00119968,13602,-16.0397,-3.94671,-14.8284
889.07,0.368381,0.00124107,13603,-16.4062,-3.97025,-14.7997
873.794,0.381374,0.00128485,13604,-16.7851,-3.99331,-14.763
858.451,0.395128,0.00133118,13605,-17.177,-4.01579,-14.7175
843.043,0.409703,0.00138029,13606,-17.5824,-4.03757,-14.6623
827.577,0.42516,0.00143236,13607,-18.0019,-4.05853,-14.5964
812.054,0.441569,0.00148764,13608,-18.4361,-4.0785,-14.5187
796.482,0.459004,0.00154638,13609,-18.8857,-4.09731,-14.428
780.866,0.477547,0.00160885,13610,-19.3512,-4.11477,-14.3229
765.213,0.497284,0.00167535,13611,-19.8333,-4.13065,-14.2019
749.53,0.518311,0.00174619,13612,-20.3325,-4.14469,-14.0634
733.827,0.540731,0.00182172,13613,-20.8495,-4.15659,-13.9054
718.115,0.564652,0.00190231,13614,-21.3848,-4.16602,-13.7259
702.404,0.590194,0.00198836,13615,-21.9388,-4.1726,-13.5226
686.709,0.617481,0.00208029,13616,-22.5119,-4.17589,-13.2928
671.044,0.646646,0.00217855,13617,-23.1044,-4.17539,-13.0337
655.427,0.677828,0.0022836,13618,-23.7164,-4.17053,-12.7422
639.878,0.711172,0.00239593,13619,-24.3476,-4.16067,-12.4148
624.419,0.746822,0.00251604,13620,-24.9977,-4.14509,-12.0477
609.075,0.784924,0.0026444,13621,-25.666,-4.12295,-11.6365
593.875,0.825616,0.0027815,13622,-26.3512,-4.09334,-11.1768
578.853,0.869026,0.00292774,13623,-27.0514,-4.05521,-10.6636
564.044,0.915257,0.0030835,13624,-27.7644,-4.00742,-10.0917
549.49,0.964382,0.003249,13625,-28.4867,-3.9487,-9.45539
535.238,1.01642,0.00342433,13626,-29.214,-3.87766,-8.74898
521.339,1.07134,0.00360935,13627,-29.941,-3.79282,-7.96661
507.851,1.129,0.00380361,13628,-30.6608,-3.6926,-7.10257
494.839,1.18916,0.00400628,13629,-31.365,-3.5754,-6.15156
482.371,1.25143,0.00421606,13630,-32.0437,-3.43959,-5.109
470.523,1.31525,0.00443106,13631,-32.6853,-3.28366,-3.97149
459.377,1.37984,0.00464869,13632,-33.2764,-3.10624,-2.73734
449.019,1.44424,0.00486565,13633,-33.8021,-2.90628,-1.40711
439.536,1.50723,0.00507784,13634,-34.2464,-2.68313,0.015748
431.021,1.56737,0.00528046,13635,-34.5928,-2.43675,1.52437
423.562,1.62306,0.00546808,13636,-34.825,-2.16781,3.10806
417.245,1.67258,0.00563492,13637,-34.9281,-1.8778,4.75208
412.146,1.71422,0.00577519,13638,-34.8894,-1.56911,6.43784
408.334,1.74638,0.00588354,13639,-34.7002,-1.24501,8.14341
405.86,1.76774,0.00595549,13640,-34.356,-0.90956,9.84456
404.759,1.77736,0.00598791,13641,-33.8579,-0.567419,11.516
405.049,1.77482,0.00597935,13642,-33.2122,-0.223573,13.1331
406.724,1.76023,0.0059302,13643,-32.4304,0.116957,14.673
409.761,1.73424,0.00584263,13644,-31.5284,0.449421,16.1164
414.116,1.69795,0.00572039,13645,-30.525,0.769605,17.4482
419.73,1.65283,0.00556837,13646,-29.4409,1.07402,18.6581
426.533,1.60053,0.00539217,13647,-28.2973,1.36001,19.7407
434.443,1.54278,0.00519762,13648,-27.1143,1.62577,20.6947
443.371,1.48127,0.00499039,13649,-25.9106,1.8703,21.5226
453.229,1.41753,0.00477566,13650,-24.7026,2.09331,22.23
463.926,1.35292,0.00455797,13651,-23.5041,2.29508,22.8244
475.374,1.28854,0.00434108,13652,-22.3264,2.47635,23.3147
487.49,1.22529,0.00412799,13653,-21.1781,2.63816,23.7104
500.193,1.16384,0.00392097,13654,-20.0657,2.78176,24.0212
513.412,1.10468,0.00372167,13655,-18.9939,2.90852,24.2567
527.078,1.04814,0.00353118,13656,-17.9655,3.01985,24.4258
541.131,0.994408,0.00335016,13657,-16.9821,3.11713,24.537
555.514,0.943579,0.00317891,13658,-16.0443,3.20172,24.5978
570.18,0.895665,0.00301749,13659,-15.1518,3.27488,24.6153
585.082,0.850619,0.00286573,13660,-14.3038,3.33779,24.5954
600.183,0.808354,0.00272334,13661,-13.4989,3.39155,24.5437
615.446,0.768757,0.00258994,13662,-12.7355,3.43714,24.465
630.841,0.731693,0.00246507,13663,-12.0119,3.47546,24.3633
646.341,0.697021,0.00234826,13664,-11.3262,3.50731,24.2423
661.921,0.664595,0.00223902,13665,-10.6764,3.53341,24.1053
677.56,0.634269,0.00213685,13666,-10.0606,3.55443,23.9548
693.239,0.605902,0.00204128,13667,-9.47691,3.57091,23.7932
708.943,0.579357,0.00195185,13668,-8.92338,3.58339,23.6226
724.656,0.554505,0.00186812,13669,-8.39828,3.59232,23.4447
740.365,0.531223,0.00178969,13670,-7.89988,3.59809,23.2609
756.061,0.509396,0.00171615,13671,-7.42657,3.60107,23.0726
771.732,0.488918,0.00164716,13672,-6.97683,3.60157,22.8809
787.371,0.469689,0.00158238,13673,-6.54921,3.59988,22.6866
802.969,0.451617,0.0015215,13674,-6.14236,3.59625,22.4906
818.521,0.434619,0.00146423,13675,-5.75502,3.5909,22.2935
834.021,0.418615,0.00141031,13676,-5.386,3.58403,22.096
849.464,0.403533,0.0013595,13677,-5.0342,3.57581,21.8985
864.845,0.389307,0.00131157,13678,-4.69859,3.5664,21.7014
880.161,0.375876,0.00126632,13679,-4.3782,3.55594,21.5052
895.408,0.363184,0.00122357,13680,-4.07214,3.54455,21.31
910.584,0.351179,0.00118312,13681,-3.77957,3.53235,21.1161
925.686,0.339814,0.00114483,13682,-3.49971,3.51943,20.9238
940.713,0.329044,0.00110855,13683,-3.23184,3.50587,20.7332
955.662,0.31883,0.00107414,13684,-2.97528,3.49177,20.5444
970.533,0.309135,0.00104147,13685,-2.7294,3.47718,20.3576
985.324,0.299924,0.00101044,13686,-2.49361,3.46218,20.1729
1000.03,0.291166,0.000980935,13687,-2.26735,3.44681,19.9902
1014.66,0.282831,0.000952855,13688,-2.05013,3.43113,19.8098
1029.21,0.274893,0.000926113,13689,-1.84144,3.41518,19.6316
1043.67,0.267327,0.000900623,13690,-1.64085,3.39901,19.4556
1058.05,0.26011,0.000876309,13691,-1.44793,3.38264,19.2819
1072.35,0.253221,0.0008531,13692,-1.2623,3.36612,19.1105
1086.56,0.24664,0.000830927,13693,-1.08358,3.34947,18.9413
1100.69,0.240348,0.000809731,13694,-0.911429,3.33271,18.7744
1114.73,0.234329,0.000789454,13695,-0.745521,3.31587,18.6098
1128.7,0.228568,0.000770043,13696,-0.585553,3.29898,18.4474
1142.58,0.223048,0.000751448,13697,-0.431239,3.28204,18.2873
1156.37,0.217757,0.000733623,13698,-0.282311,3.26508,18.1293
1170.09,0.212682,0.000716526,13699,-0.138516,3.24811,17.9735
1183.72,0.207812,0.000700117,13700,0.000384387,3.23114,17.8199
1197.27,0.203134,0.000684359,13701,0.134613,3.2142,17.6684
1210.74,0.19864,0.000669216,13702,0.264381,3.19728,17.5189
1224.13,0.194318,0.000654657,13703,0.389887,3.1804,17.3715
1237.44,0.190161,0.000640651,13704,0.51132,3.16357,17.2262
1250.67,0.186159,0.00062717,13705,0.628856,3.14679,17.0828
1263.82,0.182306,0.000614187,13706,0.742663,3.13007,16.9414
1276.89,0.178592,0.000601677,13707,0.8529,3.11341,16.8018
1289.88,0.175013,0.000589616,13708,0.959717,3.09684,16.6642
1302.8,0.17156,0.000577984,13709,1.06325,3.08033,16.5284
1315.64,0.168228,0.000566759,13710,1.16365,3.06391,16.3944
1328.4,0.165011,0.000555921,13711,1.26102,3.04758,16.2622
1341.08,0.161904,0.000545453,13712,1.3555,3.03133,16.1317
1353.69,0.158901,0.000535338,13713,1.4472,3.01518,16.003
1366.23,0.155999,0.000525559,13714,1.53623,2.99911,15.8759
1378.69,0.153191,0.0005161,13715,1.62269,2.98315,15.7504
1391.08,0.150475,0.000506949,13716,1.70667,2.96728,15.6266
1403.4,0.147845,0.00049809,13717,1.78828,2.95151,15.5043
1415.64,0.145299,0.000489511,13718,1.8676,2.93584,15.3836
1427.81,0.142832,0.000481201,13719,1.94472,2.92028,15.2644
1439.91,0.140441,0.000473147,13720,2.01972,2.90481,15.1467
1451.95,0.138124,0.000465338,13721,2.09266,2.88945,15.0304
1463.91,0.135876,0.000457765,13722,2.16364,2.87419,14.9155
1475.8,0.133695,0.000450418,13723,2.23271,2.85903,14.8021
1487.62,0.131578,0.000443287,13724,2.29995,2.84398,14.69
1499.37,0.129523,0.000436364,13725,2.36541,2.82903,14.5792
1511.06,0.127528,0.00042964,13726,2.42916,2.81419,14.4698
1522.68,0.125589,0.000423107,13727,2.49126,2.79945,14.3616
1534.24,0.123704,0.000416759,13728,2.55176,2.78481,14.2547
1545.72,0.121872,0.000410587,13729,2.61071,2.77027,14.149
1557.15,0.120091,0.000404585,13730,2.66817,2.75584,14.0446
1568.5,0.118358,0.000398747,13731,2.72419,2.74151,13.9413
1579.8,0.116672,0.000393066,13732,2.77881,2.72727,13.8392
1591.03,0.115031,0.000387537,13733,2.83207,2.71314,13.7382
1602.19,0.113433,0.000382154,13734,2.88403,2.69911,13.6384
1613.3,0.111877,0.000376912,13735,2.93471,2.68518,13.5396
1624.34,0.110361,0.000371805,13736,2.98417,2.67135,13.4419
1635.32,0.108884,0.000366829,13737,3.03243,2.65761,13.3453
1646.24,0.107444,0.000361979,13738,3.07954,2.64397,13.2497
1657.1,0.106041,0.00035725,13739,3.12552,2.63043,13.1551
1667.9,0.104672,0.000352639,13740,3.17042,2.61698,13.0615
1678.64,0.103337,0.000348142,13741,3.21426,2.60363,12.9689
1689.31,0.102035,0.000343754,13742,3.25708,2.59036,12.8772
1699.94,0.100764,0.000339472,13743,3.29891,2.57719,12.7865
1710.5,0.0995231,0.000335293,13744,3.33977,2.56412,12.6967
1721,0.0983119,0.000331212,13745,3.37969,2.55113,12.6078
1731.45,0.0971291,0.000327227,13746,3.4187,2.53823,12.5198
1741.84,0.0959738,0.000323335,13747,3.45683,2.52542,12.4327
1752.17,0.0948451,0.000319532,13748,3.49409,2.5127,12.3464
1762.45,0.0937421,0.000315817,13749,3.53052,2.50006,12.2609
1772.67,0.0926641,0.000312185,13750,3.56613,2.48751,12.1763
1782.84,0.0916103,0.000308634,13751,3.60095,2.47504,12.0925
1792.95,0.0905798,0.000305163,13752,3.635,2.46266,12.0095
1803.01,0.0895721,0.000301768,13753,3.6683,2.45036,11.9272
1813.01,0.0885863,0.000298447,13754,3.70087,2.43814,11.8458
1822.96,0.0876219,0.000295198,13755,3.73273,2.42601,11.765
1832.86,0.0866782,0.000292018,13756,3.76389,2.41395,11.6851
1842.7,0.0857546,0.000288907,13757,3.79438,2.40197,11.6058
1852.5,0.0848504,0.000285861,13758,3.82421,2.39007,11.5273
1862.24,0.0839652,0.000282878,13759,3.85341,2.37825,11.4494
1871.92,0.0830983,0.000279958,13760,3.88197,2.3665,11.3723
1881.56,0.0822493,0.000277098,13761,3.90993,2.35483,11.2958
1891.15,0.0814176,0.000274296,13762,3.9373,2.34323,11.22
1900.68,0.0806028,0.00027155,13763,3.96408,2.33171,11.1449
1910.17,0.0798043,0.00026886,13764,3.9903,2.32025,11.0704
1919.6,0.0790218,0.000266224,13765,4.01597,2.30887,10.9965
1928.99,0.0782547,0.00026364,13766,4.0411,2.29756,10.9233
1938.32,0.0775026,0.000261106,13767,4.0657,2.28633,10.8507
1947.61,0.0767652,0.000258622,13768,4.08979,2.27516,10.7786
1956.85,0.0760421,0.000256185,13769,4.11338,2.26405,10.7072
1966.04,0.0753328,0.000253796,13770,4.13648,2.25302,10.6363
1975.18,0.074637,0.000251452,13771,4.1591,2.24205,10.5661
1984.28,0.0739544,0.000249152,13772,4.18126,2.23115,10.4964
1993.33,0.0732845,0.000246895,13773,4.20296,2.22031,10.4272
2002.33,0.0726271,0.00024468,13774,4.22421,2.20954,10.3586
2011.28,0.0719819,0.000242507,13775,4.24503,2.19883,10.2905
2020.19,0.0713485,0.000240373,13776,4.26542,2.18818,10.223
2029.05,0.0707266,0.000238278,13777,4.28539,2.1776,10.156
2037.87,0.070116,0.00023622,13778,4.30496,2.16707,10.0895
2046.64,0.0695164,0.0002342,13779,4.32413,2.15661,10.0235
2055.36,0.0689274,0.000232216,13780,4.34291,2.14621,9.95797
2064.04,0.0683489,0.000230267,13781,4.3613,2.13586,9.89297
2072.68,0.0677805,0.000228352,13782,4.37932,2.12557,9.82844
2081.27,0.0672221,0.000226471,13783,4.39698,2.11535,9.76439
2089.82,0.0666733,0.000224622,13784,4.41428,2.10517,9.70081
2098.32,0.066134,0.000222805,13785,4.43122,2.09506,9.63769
2106.78,0.065604,0.000221019,13786,4.44783,2.085,9.57502
2115.2,0.0650829,0.000219264,13787,4.46409,2.07499,9.5128
2123.57,0.0645707,0.000217538,13788,4.48003,2.06504,9.45103
2131.9,0.0640671,0.000215842,13789,4.49565,2.05514,9.38969
2140.19,0.0635718,0.000214173,13790,4.51095,2.0453,9.32877
2148.43,0.0630848,0.000212532,13791,4.52594,2.03551,9.26828
2156.64,0.0626058,0.000210918,13792,4.54062,2.02577,9.20821
2164.8,0.0621346,0.000209331,13793,4.55501,2.01608,9.14854
2172.92,0.0616711,0.000207769,13794,4.56911,2.00644,9.08928
2181,0.061215,0.000206233,13795,4.58292,1.99685,9.03042
2189.04,0.0607663,0.000204721,13796,4.59645,1.98731,8.97196
2197.03,0.0603248,0.000203234,13797,4.6097,1.97781,8.91388
2204.99,0.0598902,0.00020177,13798,4.62269,1.96837,8.85618
2212.9,0.0594625,0.000200329,13799,4.63541,1.95898,8.79886
2220.78,0.0590416,0.000198911,13800,4.64787,1.94963,8.74191
2228.61,0.0586272,0.000197515,13801,4.66007,1.94032,8.68532
2236.41,0.0582191,0.00019614,13802,4.67203,1.93107,8.6291
2244.17,0.0578174,0.000194787,13803,4.68374,1.92186,8.57324
2251.88,0.0574219,0.000193454,13804,4.69521,1.91269,8.51772
2259.56,0.0570323,0.000192142,13805,4.70644,1.90357,8.46256
2267.2,0.0566487,0.000190849,13806,4.71744,1.89449,8.40773
2274.8,0.0562708,0.000189576,13807,4.72821,1.88546,8.35325
2282.36,0.0558986,0.000188322,13808,4.73876,1.87646,8.29909
2289.88,0.055532,0.000187087,13809,4.74908,1.86751,8.24527
2297.36,0.0551708,0.00018587,13810,4.75919,1.85861,8.19177
2304.81,0.0548148,0.000184671,13811,4.76909,1.84974,8.13859
2312.22,0.0544641,0.000183489,13812,4.77878,1.84092,8.08573
2319.59,0.0541186,0.000182325,13813,4.78827,1.83213,8.03318
2326.92,0.053778,0.000181178,13814,4.79755,1.82339,7.98093
2334.22,0.0534423,0.000180047,13815,4.80663,1.81468,7.92899
2341.48,0.0531115,0.000178932,13816,4.81552,1.80601,7.87735
2348.7,0.0527854,0.000177834,13817,4.82422,1.79739,7.82601
2355.89,0.0524639,0.00017675,13818,4.83273,1.7888,7.77496
2363.03,0.0521469,0.000175683,13819,4.84106,1.78025,7.72419
2370.15,0.0518344,0.00017463,13820,4.8492,1.77173,7.67372
2377.22,0.0515263,0.000173592,13821,4.85717,1.76326,7.62352
2384.26,0.0512224,0.000172568,13822,4.86496,1.75481,7.5736
2391.27,0.0509228,0.000171559,13823,4.87257,1.74641,7.52396
2398.24,0.0506273,0.000170563,13824,4.88001,1.73804,7.47458
2405.17,0.0503358,0.000169581,13825,4.88729,1.72971,7.42548
2412.07,0.0500483,0.000168613,13826,4.8944,1.72141,7.37664
2418.93,0.0497648,0.000167657,13827,4.90135,1.71315,7.32806
2425.76,0.0494851,0.000166715,13828,4.90814,1.70492,7.27974
2432.55,0.0492091,0.000165785,13829,4.91478,1.69672,7.23167
2439.31,0.0489368,0.000164868,13830,4.92125,1.68856,7.18386
2446.03,0.0486682,0.000163963,13831,4.92758,1.68043,7.13629
2452.72,0.0484031,0.00016307,13832,4.93375,1.67234,7.08897
2459.37,0.0481415,0.000162188,13833,4.93978,1.66427,7.04189
2465.99,0.0478834,0.000161319,13834,4.94566,1.65624,6.99506
2472.58,0.0476286,0.000160461,13835,4.9514,1.64824,6.94846
2479.13,0.0473772,0.000159613,13836,4.957,1.64028,6.90209
2485.65,0.047129,0.000158777,13837,4.96245,1.63234,6.85596
2492.14,0.0468841,0.000157952,13838,4.96777,1.62443,6.81005
2498.59,0.0466423,0.000157138,13839,4.97296,1.61656,6.76437
2505.01,0.0464036,0.000156333,13840,4.97801,1.60871,6.71892
2511.39,0.0461679,0.000155539,13841,4.98293,1.60089,6.67368
2517.74,0.0459352,0.000154756,13842,4.98772,1.59311,6.62867
2524.06,0.0457055,0.000153982,13843,4.99239,1.58535,6.58387
2530.35,0.0454787,0.000153218,13844,4.99693,1.57762,6.53928
2536.6,0.0452547,0.000152463,13845,5.00134,1.56992,6.4949
2542.82,0.0450336,0.000151718,13846,5.00564,1.56225,6.45074
2549.01,0.0448152,0.000150982,13847,5.00981,1.55461,6.40677
2555.17,0.0445995,0.000150255,13848,5.01386,1.54699,6.36302
2561.29,0.0443864,0.000149538,13849,5.0178,1.5394,6.31946
2567.39,0.044176,0.000148829,13850,5.02162,1.53184,6.27611
2573.45,0.0439682,0.000148129,13851,5.02533,1.52431,6.23295
2579.47,0.0437629,0.000147437,13852,5.02892,1.5168,6.18998
2585.47,0.0435602,0.000146754,13853,5.03241,1.50931,6.14721
2591.44,0.0433598,0.000146079,13854,5.03578,1.50186,6.10463
2597.37,0.0431619,0.000145412,13855,5.03905,1.49443,6.06224
2603.27,0.0429664,0.000144754,13856,5.04221,1.48702,6.02003
2609.14,0.0427733,0.000144103,13857,5.04527,1.47964,5.97801
2614.99,0.0425824,0.00014346,13858,5.04822,1.47229,5.93618
2620.79,0.0423938,0.000142825,13859,5.05107,1.46496,5.89452
2626.57,0.0422075,0.000142197,13860,5.05382,1.45765,5.85304
2632.32,0.0420234,0.000141576,13861,5.05647,1.45037,5.81174
2638.04,0.0418414,0.000140963,13862,5.05902,1.44312,5.77061
2643.73,0.0416616,0.000140358,13863,5.06147,1.43588,5.72965
2649.38,0.0414839,0.000139759,13864,5.06383,1.42867,5.68887
2655.01,0.0413083,0.000139167,13865,5.06609,1.42148,5.64825
2660.6,0.0411347,0.000138583,13866,5.06826,1.41432,5.6078
2666.17,0.0409631,0.000138005,13867,5.07034,1.40718,5.56752
2671.71,0.0407936,0.000137433,13868,5.07232,1.40006,5.5274
2677.21,0.0406259,0.000136869,13869,5.07422,1.39296,5.48745
2682.69,0.0404603,0.00013631,13870,5.07602,1.38589,5.44765
2688.13,0.0402965,0.000135759,13871,5.07774,1.37884,5.40801
2693.55,0.0401346,0.000135213,13872,5.07937,1.37181,5.36853
2698.94,0.0399745,0.000134674,13873,5.08092,1.3648,5.32921
2704.3,0.0398163,0.000134141,13874,5.08238,1.35781,5.29004
2709.62,0.0396598,0.000133614,13875,5.08376,1.35084,5.25102
2714.92,0.0395051,0.000133093,13876,5.08505,1.3439,5.21215
2720.19,0.0393522,0.000132577,13877,5.08626,1.33697,5.17343
2725.43,0.039201,0.000132068,13878,5.08739,1.33007,5.13486
2730.65,0.0390515,0.000131564,13879,5.08844,1.32318,5.09643
2735.83,0.0389037,0.000131066,13880,5.08941,1.31632,5.05815
2740.98,0.0387575,0.000130574,13881,5.0903,1.30947,5.02002
2746.11,0.0386129,0.000130087,13882,5.09112,1.30265,4.98202
2751.21,0.03847,0.000129605,13883,5.09186,1.29584,4.94416
2756.28,0.0383286,0.000129129,13884,5.09252,1.28905,4.90645
2761.32,0.0381888,0.000128658,13885,5.09311,1.28229,4.86887
2766.33,0.0380506,0.000128192,13886,5.09362,1.27554,4.83142
2771.31,0.0379138,0.000127731,13887,5.09406,1.26881,4.79411
2776.27,0.0377786,0.000127276,13888,5.09443,1.26209,4.75694
2781.2,0.0376448,0.000126825,13889,5.09472,1.2554,4.71989
2786.1,0.0375125,0.00012638,13890,5.09495,1.24872,4.68298
2790.97,0.0373817,0.000125939,13891,5.0951,1.24207,4.6462
2795.81,0.0372523,0.000125503,13892,5.09519,1.23543,4.60954
2800.63,0.0371243,0.000125071,13893,5.0952,1.22881,4.57301
2805.42,0.0369976,0.000124645,13894,5.09515,1.2222,4.53661
2810.18,0.0368724,0.000124223,13895,5.09503,1.21561,4.50033
2814.91,0.0367485,0.000123805,13896,5.09484,1.20904,4.46417
2819.62,0.0366259,0.000123393,13897,5.09459,1.20249,4.42814
2824.3,0.0365047,0.000122984,13898,5.09427,1.19595,4.39223
2828.95,0.0363847,0.00012258,13899,5.09389,1.18943,4.35643
2833.57,0.0362661,0.00012218,13900,5.09344,1.18293,4.32076
2838.17,0.0361487,0.000121785,13901,5.09293,1.17644,4.2852
2842.74,0.0360326,0.000121394,13902,5.09236,1.16997,4.24976
2847.28,0.0359177,0.000121006,13903,5.09172,1.16351,4.21443
2851.8,0.035804,0.000120624,13904,5.09102,1.15707,4.17922
2856.29,0.0356916,0.000120245,13905,5.09027,1.15065,4.14412
2860.75,0.0355803,0.00011987,13906,5.08945,1.14424,4.10913
2865.18,0.0354702,0.000119499,13907,5.08857,1.13785,4.07425
2869.59,0.0353613,0.000119132,13908,5.08763,1.13147,4.03948
2873.97,0.0352536,0.000118769,13909,5.08663,1.12511,4.00482
2878.33,0.0351469,0.00011841,13910,5.08557,1.11876,3.97027
2882.66,0.0350414,0.000118054,13911,5.08446,1.11243,3.93582
2886.96,0.0349371,0.000117703,13912,5.08329,1.10611,3.90148
2891.24,0.0348338,0.000117355,13913,5.08206,1.0998,3.86724
2895.49,0.0347316,0.000117011,13914,5.08078,1.09351,3.83311
2899.71,0.0346305,0.00011667,13915,5.07943,1.08724,3.79908
2903.91,0.0345304,0.000116333,13916,5.07804,1.08098,3.76515
2908.08,0.0344314,0.000115999,13917,5.07659,1.07473,3.73132
2912.23,0.0343334,0.000115669,13918,5.07508,1.0685,3.69759
2916.35,0.0342365,0.000115343,13919,5.07352,1.06228,3.66396
2920.44,0.0341406,0.000115019,13920,5.07191,1.05607,3.63043
2924.51,0.0340457,0.0001147,13921,5.07024,1.04988,3.59699
2928.56,0.0339517,0.000114383,13922,5.06853,1.0437,3.56365
2932.57,0.0338588,0.00011407,13923,5.06676,1.03753,3.53041
2936.56,0.0337668,0.00011376,13924,5.06493,1.03137,3.49726
2940.53,0.0336758,0.000113453,13925,5.06306,1.02523,3.4642
2944.47,0.0335857,0.00011315,13926,5.06113,1.0191,3.43123
2948.39,0.0334966,0.00011285,13927,5.05916,1.01299,3.39836
2952.27,0.0334084,0.000112553,13928,5.05713,1.00689,3.36558
2956.14,0.0333211,0.000112259,13929,5.05506,1.0008,3.33288
2959.98,0.0332347,0.000111968,13930,5.05293,0.994717,3.30028
2963.79,0.0331492,0.00011168,13931,5.05076,0.98865,3.26776
2967.58,0.0330647,0.000111395,13932,5.04854,0.982596,3.23533
2971.34,0.032981,0.000111113,13933,5.04626,0.976553,3.20299
2975.08,0.0328981,0.000110834,13934,5.04395,0.970522,3.17073
2978.79,0.0328162,0.000110557,13935,5.04158,0.964503,3.13856
2982.48,0.0327351,0.000110284,13936,5.03916,0.958495,3.10647
2986.15,0.0326548,0.000110014,13937,5.0367,0.952499,3.07446
2989.78,0.0325754,0.000109746,13938,5.0342,0.946514,3.04254
2993.4,0.0324968,0.000109481,13939,5.03164,0.940541,3.0107
2996.99,0.032419,0.000109219,13940,5.02904,0.934578,2.97894
3000.55,0.032342,0.00010896,13941,5.0264,0.928626,2.94726
3004.09,0.0322658,0.000108703,13942,5.02371,0.922686,2.91566
3007.61,0.0321905,0.000108449,13943,5.02097,0.916756,2.88414
3011.1,0.0321159,0.000108198,13944,5.01819,0.910836,2.8527
3014.56,0.0320421,0.00010795,13945,5.01536,0.904928,2.82133
3018,0.031969,0.000107704,13946,5.0125,0.899029,2.79004
3021.42,0.0318968,0.00010746,13947,5.00958,0.893141,2.75883
3024.81,0.0318253,0.000107219,13948,5.00662,0.887263,2.72769
3028.18,0.0317545,0.000106981,13949,5.00362,0.881396,2.69663
3031.52,0.0316845,0.000106745,13950,5.00058,0.875538,2.66564
3034.84,0.0316152,0.000106511,13951,4.9975,0.86969,2.63472
3038.14,0.0315467,0.000106281,13952,4.99437,0.863852,2.60388
3041.41,0.0314788,0.000106052,13953,4.9912,0.858024,2.57311
3044.66,0.0314117,0.000105826,13954,4.98798,0.852205,2.54241
3047.88,0.0313453,0.000105602,13955,4.98473,0.846396,2.51178
3051.08,0.0312796,0.000105381,13956,4.98143,0.840597,2.48122
3054.25,0.0312146,0.000105162,13957,4.97809,0.834806,2.45073
3057.41,0.0311503,0.000104945,13958,4.97472,0.829025,2.42031
3060.53,0.0310867,0.000104731,13959,4.9713,0.823253,2.38995
3063.64,0.0310237,0.000104519,13960,4.96784,0.81749,2.35967
3066.72,0.0309615,0.000104309,13961,4.96434,0.811736,2.32945
3069.77,0.0308999,0.000104101,13962,4.9608,0.805991,2.29929
3072.8,0.0308389,0.000103896,13963,4.95721,0.800254,2.2692
3075.81,0.0307786,0.000103693,13964,4.95359,0.794526,2.23918
3078.8,0.030719,0.000103492,13965,4.94993,0.788807,2.20922
3081.76,0.03066,0.000103293,13966,4.94623,0.783096,2.17933
3084.7,0.0306016,0.000103097,13967,4.9425,0.777394,2.14949
3087.61,0.0305439,0.000102902,13968,4.93872,0.7717,2.11972
3090.5,0.0304867,0.00010271,13969,4.9349,0.766014,2.09002
3093.37,0.0304303,0.000102519,13970,4.93105,0.760336,2.06037
3096.21,0.0303744,0.000102331,13971,4.92715,0.754666,2.03078
3099.03,0.0303191,0.000102145,13972,4.92322,0.749004,2.00126
3101.83,0.0302645,0.000101961,13973,4.91925,0.74335,1.97179
3104.6,0.0302104,0.000101779,13974,4.91525,0.737704,1.94239
3107.35,0.030157,0.000101599,13975,4.9112,0.732065,1.91304
3110.08,0.0301041,0.000101421,13976,4.90712,0.726434,1.88375
3112.78,0.0300518,0.000101244,13977,4.903,0.720811,1.85452
3115.46,0.0300001,0.00010107,13978,4.89884,0.715195,1.82534
3118.12,0.029949,0.000100898,13979,4.89465,0.709586,1.79622
3120.76,0.0298985,0.000100728,13980,4.89042,0.703984,1.76716
3123.37,0.0298485,0.000100559,13981,4.88615,0.69839,1.73815
3125.96,0.0297991,0.000100393,13982,4.88184,0.692803,1.7092
3128.52,0.0297502,0.000100228,13983,4.8775,0.687223,1.6803
3131.06,0.0297019,0.000100066,13984,4.87312,0.681649,1.65146
3133.58,0.0296542,9.99049e-05,13985,4.86871,0.676083,1.62267
3136.08,0.029607,9.97459e-05,13986,4.86426,0.670523,1.59393
3138.55,0.0295604,9.95887e-05,13987,4.85978,0.66497,1.56525
3141,0.0295143,9.94334e-05,13988,4.85525,0.659423,1.53661
3143.43,0.0294687,9.92798e-05,13989,4.8507,0.653883,1.50803
3145.84,0.0294236,9.91281e-05,13990,4.8461,0.64835,1.4795
3148.22,0.0293791,9.89781e-05,13991,4.84148,0.642823,1.45102
3150.58,0.0293351,9.88299e-05,13992,4.83681,0.637302,1.42259
3152.92,0.0292917,9.86835e-05,13993,4.83211,0.631787,1.3942
3155.23,0.0292487,9.85387e-05,13994,4.82738,0.626279,1.36587
3157.52,0.0292063,9.83958e-05,13995,4.82261,0.620776,1.33759
3159.79,0.0291643,9.82545e-05,13996,4.81781,0.61528,1.30935
3162.04,0.0291229,9.8115e-05,13997,4.81297,0.609789,1.28116
3164.26,0.029082,9.79771e-05,13998,4.8081,0.604304,1.25302
3166.46,0.0290416,9.78409e-05,13999,4.80319,0.598825,1.22493
3168.64,0.0290017,9.77064e-05,14000,4.79825,0.593352,1.19688
3170.8,0.0289622,9.75736e-05,14001,4.79327,0.587884,1.16888
3172.93,0.0289233,9.74424e-05,14002,4.78826,0.582422,1.14092
3175.04,0.0288848,9.73128e-05,14003,4.78322,0.576965,1.11301
3177.13,0.0288469,9.71849e-05,14004,4.77814,0.571514,1.08514
3179.2,0.0288094,9.70586e-05,14005,4.77303,0.566068,1.05731
3181.24,0.0287724,9.69339e-05,14006,4.76788,0.560627,1.02953
3183.26,0.0287358,9.68108e-05,14007,4.7627,0.555191,1.0018
3185.26,0.0286998,9.66893e-05,14008,4.75749,0.549761,0.974101
3187.24,0.0286642,9.65694e-05,14009,4.75224,0.544335,0.946449
3189.2,0.028629,9.6451e-05,14010,4.74696,0.538914,0.918838
3191.13,0.0285944,9.63342e-05,14011,4.74164,0.533499,0.891269
3193.04,0.0285601,9.6219e-05,14012,4.73629,0.528088,0.863741
3194.93,0.0285264,9.61053e-05,14013,4.73091,0.522682,0.836253
3196.79,0.0284931,9.59931e-05,14014,4.7255,0.51728,0.808806
3198.64,0.0284603,9.58824e-05,14015,4.72005,0.511883,0.781398
3200.46,0.0284279,9.57733e-05,14016,4.71457,0.506491,0.75403
3202.26,0.0283959,9.56657e-05,14017,4.70905,0.501103,0.726701
3204.04,0.0283644,9.55595e-05,14018,4.70351,0.49572,0.69941
3205.79,0.0283333,9.54549e-05,14019,4.69793,0.49034,0.672157
3207.53,0.0283027,9.53517e-05,14020,4.69231,0.484966,0.644943
3209.24,0.0282726,9.52501e-05,14021,4.68667,0.479595,0.617765
3210.93,0.0282428,9.51499e-05,14022,4.68099,0.474228,0.590625
3212.59,0.0282135,9.50511e-05,14023,4.67527,0.468866,0.563521
3214.24,0.0281846,9.49538e-05,14024,4.66953,0.463507,0.536454
3215.86,0.0281562,9.4858e-05,14025,4.66375,0.458153,0.509422
3217.47,0.0281281,9.47635e-05,14026,4.65794,0.452802,0.482426
3219.05,0.0281005,9.46705e-05,14027,4.6521,0.447455,0.455464
3220.6,0.0280734,9.4579e-05,14028,4.64622,0.442112,0.428538
3222.14,0.0280466,9.44888e-05,14029,4.64031,0.436772,0.401646
3223.65,0.0280203,9.44001e-05,14030,4.63437,0.431436,0.374788
3225.15,0.0279943,9.43127e-05,14031,4.6284,0.426104,0.347963
3226.62,0.0279688,9.42268e-05,14032,4.62239,0.420775,0.321171
3228.07,0.0279437,9.41422e-05,14033,4.61635,0.41545,0.294413
3229.49,0.027919,9.4059e-05,14034,4.61028,0.410127,0.267687
3230.9,0.0278947,9.39772e-05,14035,4.60418,0.404808,0.240993
3232.28,0.0278709,9.38968e-05,14036,4.59804,0.399493,0.21433
3233.64,0.0278474,9.38177e-05,14037,4.59187,0.39418,0.187699
3234.98,0.0278243,9.374e-05,14038,4.58567,0.388871,0.161099
3236.3,0.0278017,9.36637e-05,14039,4.57944,0.383564,0.13453
3237.6,0.0277794,9.35887e-05,14040,4.57317,0.378261,0.107991
3238.87,0.0277575,9.3515e-05,14041,4.56687,0.37296,0.0814825
3240.13,0.0277361,9.34427e-05,14042,4.56054,0.367663,0.0550032
3241.36,0.027715,9.33717e-05,14043,4.55418,0.362368,0.0285532
3242.57,0.0276943,9.3302e-05,14044,4.54779,0.357075,0.00213216
3243.76,0.027674,9.32336e-05,14045,4.54136,0.351786,-0.0242603
3244.92,0.0276541,9.31666e-05,14046,4.5349,0.346499,-0.0506246
3246.07,0.0276346,9.31009e-05,14047,4.52841,0.341214,-0.0769609
3247.19,0.0276155,9.30365e-05,14048,4.52188,0.335932,-0.10327
3248.29,0.0275968,9.29733e-05,14049,4.51533,0.330653,-0.129551
3249.37,0.0275784,9.29115e-05,14050,4.50874,0.325375,-0.155806
3250.43,0.0275604,9.2851e-05,14051,4.50212,0.3201,-0.182034
3251.47,0.0275429,9.27917e-05,14052,4.49546,0.314828,-0.208236
3252.49,0.0275257,9.27338e-05,14053,4.48878,0.309557,-0.234412
3253.48,0.0275088,9.26771e-05,14054,4.48206,0.304288,-0.260562
3254.45,0.0274924,9.26217e-05,14055,4.47531,0.299022,-0.286687
3255.41,0.0274763,9.25676e-05,14056,4.46853,0.293757,-0.312788
3256.34,0.0274606,9.25147e-05,14057,4.46171,0.288495,-0.338863
3257.24,0.0274453,9.24631e-05,14058,4.45486,0.283234,-0.364915
3258.13,0.0274304,9.24128e-05,14059,4.44798,0.277975,-0.390942
3259,0.0274158,9.23637e-05,14060,4.44107,0.272718,-0.416946
3259.84,0.0274016,9.23158e-05,14061,4.43413,0.267462,-0.442927
3260.66,0.0273878,9.22693e-05,14062,4.42715,0.262208,-0.468884
3261.46,0.0273743,9.22239e-05,14063,4.42014,0.256956,-0.494819
3262.24,0.0273612,9.21798e-05,14064,4.41309,0.251705,-0.520732
3263,0.0273485,9.2137e-05,14065,4.40602,0.246456,-0.546622
3263.74,0.0273362,9.20954e-05,14066,4.39891,0.241208,-0.572491
3264.46,0.0273242,9.2055e-05,14067,4.39177,0.235961,-0.598339
3265.15,0.0273126,9.20158e-05,14068,4.3846,0.230715,-0.624165
3265.82,0.0273013,9.19779e-05,14069,4.37739,0.225471,-0.64997
3266.48,0.0272904,9.19412e-05,14070,4.37015,0.220228,-0.675756
3267.11,0.0272799,9.19057e-05,14071,4.36288,0.214986,-0.70152
3267.71,0.0272697,9.18715e-05,14072,4.35557,0.209745,-0.727266
3268.3,0.0272599,9.18385e-05,14073,4.34824,0.204505,-0.752991
3268.87,0.0272505,9.18066e-05,14074,4.34087,0.199266,-0.778697
3269.41,0.0272414,9.1776e-05,14075,4.33346,0.194027,-0.804385
3269.94,0.0272326,9.17466e-05,14076,4.32602,0.18879,-0.830053
3270.44,0.0272243,9.17184e-05,14077,4.31855,0.183553,-0.855703
3270.92,0.0272163,9.16915e-05,14078,4.31105,0.178317,-0.881336
3271.38,0.0272086,9.16657e-05,14079,4.30351,0.173081,-0.90695
3271.82,0.0272013,9.16411e-05,14080,4.29595,0.167846,-0.932547
3272.24,0.0271944,9.16178e-05,14081,4.28834,0.162612,-0.958127
3272.63,0.0271878,9.15956e-05,14082,4.28071,0.157378,-0.98369
3273.01,0.0271816,9.15746e-05,14083,4.27304,0.152144,-1.00924
3273.36,0.0271757,9.15548e-05,14084,4.26533,0.146911,-1.03477
3273.69,0.0271702,9.15363e-05,14085,4.2576,0.141678,-1.06028
3274,0.027165,9.15189e-05,14086,4.24983,0.136445,-1.08578
3274.29,0.0271602,9.15027e-05,14087,4.24202,0.131212,-1.11126
3274.56,0.0271558,9.14877e-05,14088,4.23418,0.12598,-1.13673
3274.81,0.0271517,9.14739e-05,14089,4.22631,0.120747,-1.16218
3275.03,0.0271479,9.14613e-05,14090,4.21841,0.115514,-1.18762
3275.24,0.0271445,9.14498e-05,14091,4.21047,0.110282,-1.21305
3275.42,0.0271415,9.14396e-05,14092,4.20249,0.105049,-1.23846
3275.58,0.0271388,9.14306e-05,14093,4.19448,0.0998157,-1.26385
3275.73,0.0271365,9.14227e-05,14094,4.18644,0.0945824,-1.28924
3275.85,0.0271345,9.1416e-05,14095,4.17837,0.0893488,-1.31461
3275.94,0.0271329,9.14105e-05,14096,4.17025,0.0841148,-1.33997
3276.02,0.0271316,9.14062e-05,14097,4.16211,0.0788803,-1.36531
3276.08,0.0271307,9.14031e-05,14098,4.15393,0.0736453,-1.39064
3276.11,0.0271301,9.14012e-05,14099,4.14571,0.0684098,-1.41597
3276.12,0.0271299,9.14004e-05,14100,4.13746,0.0631737,-1.44127
3276.12,0.02713,9.14009e-05,14101,4.12918,0.0579369,-1.46657
3276.09,0.0271305,9.14025e-05,14102,4.12086,0.0526994,-1.49186
3276.04,0.0271313,9.14053e-05,14103,4.11251,0.0474611,-1.51714
3275.97,0.0271325,9.14093e-05,14104,4.10412,0.042222,-1.5424
3275.87,0.0271341,9.14145e-05,14105,4.09569,0.0369819,-1.56766
3275.76,0.0271359,9.14208e-05,14106,4.08723,0.0317409,-1.5929
3275.62,0.0271382,9.14284e-05,14107,4.07874,0.0264989,-1.61814
3275.47,0.0271408,9.14371e-05,14108,4.07021,0.0212558,-1.64336
3275.29,0.0271437,9.14471e-05,14109,4.06164,0.0160116,-1.66858
3275.09,0.027147,9.14582e-05,14110,4.05304,0.0107661,-1.69379
3274.87,0.0271507,9.14705e-05,14111,4.0444,0.00551942,-1.71899
3274.63,0.0271547,9.1484e-05,14112,4.03572,0.000271418,-1.74418
3274.37,0.027159,9.14987e-05,14113,4.02701,-0.00497796,-1.76936
3274.08,0.0271638,9.15145e-05,14114,4.01827,-0.0102288,-1.79454
3273.78,0.0271688,9.15316e-05,14115,4.00948,-0.0154811,-1.8197
3273.45,0.0271742,9.15499e-05,14116,4.00067,-0.0207349,-1.84486
3273.1,0.02718,9.15693e-05,14117,3.99181,-0.0259904,-1.87002
3272.73,0.0271861,9.159e-05,14118,3.98292,-0.0312475,-1.89517
3272.34,0.0271926,9.16118e-05,14119,3.97399,-0.0365064,-1.92031
3271.93,0.0271995,9.16349e-05,14120,3.96502,-0.041767,-1.94544
3271.5,0.0272067,9.16592e-05,14121,3.95602,-0.0470295,-1.97057
3271.04,0.0272142,9.16846e-05,14122,3.94698,-0.0522939,-1.99569
3270.57,0.0272222,9.17113e-05,14123,3.9379,-0.0575603,-2.02081
3270.07,0.0272304,9.17391e-05,14124,3.92879,-0.0628286,-2.04592
3269.55,0.0272391,9.17682e-05,14125,3.91963,-0.0680991,-2.07103
3269.01,0.027248,9.17985e-05,14126,3.91044,-0.0733717,-2.09614
3268.45,0.0272574,9.183e-05,14127,3.90121,-0.0786466,-2.12123
3267.87,0.0272671,9.18627e-05,14128,3.89195,-0.0839237,-2.14633
3267.27,0.0272772,9.18967e-05,14129,3.88264,-0.0892031,-2.17142
3266.64,0.0272876,9.19318e-05,14130,3.8733,-0.0944849,-2.19651
3266,0.0272984,9.19682e-05,14131,3.86392,-0.0997692,-2.2216
3265.33,0.0273096,9.20058e-05,14132,3.8545,-0.105056,-2.24668
3264.64,0.0273211,9.20446e-05,14133,3.84504,-0.110345,-2.27176
3263.93,0.027333,9.20847e-05,14134,3.83554,-0.115637,-2.29684
3263.2,0.0273452,9.2126e-05,14135,3.82601,-0.120932,-2.32191
3262.45,0.0273579,9.21685e-05,14136,3.81643,-0.126229,-2.34698
3261.67,0.0273709,9.22122e-05,14137,3.80682,-0.13153,-2.37206
3260.88,0.0273842,9.22573e-05,14138,3.79716,-0.136833,-2.39713
3260.06,0.0273979,9.23035e-05,14139,3.78747,-0.142139,-2.4222
3259.22,0.027412,9.2351e-05,14140,3.77773,-0.147448,-2.44727
3258.36,0.0274265,9.23998e-05,14141,3.76796,-0.15276,-2.47234
3257.48,0.0274414,9.24498e-05,14142,3.75814,-0.158075,-2.49741
3256.58,0.0274566,9.25011e-05,14143,3.74829,-0.163394,-2.52248
3255.65,0.0274722,9.25536e-05,14144,3.73839,-0.168716,-2.54754
3254.71,0.0274881,9.26074e-05,14145,3.72846,-0.174041,-2.57261
3253.74,0.0275045,9.26625e-05,14146,3.71848,-0.179369,-2.59769
3252.75,0.0275212,9.27188e-05,14147,3.70846,-0.184701,-2.62276
3251.74,0.0275383,9.27764e-05,14148,3.6984,-0.190036,-2.64783
3250.71,0.0275558,9.28353e-05,14149,3.6883,-0.195375,-2.67291
3249.65,0.0275737,9.28955e-05,14150,3.67816,-0.200718,-2.69799
3248.58,0.0275919,9.2957e-05,14151,3.66798,-0.206064,-2.72307
3247.48,0.0276105,9.30198e-05,14152,3.65775,-0.211414,-2.74815
3246.37,0.0276296,9.30838e-05,14153,3.64748,-0.216768,-2.77323
3245.23,0.027649,9.31492e-05,14154,3.63717,-0.222126,-2.79832
3244.06,0.0276688,9.32159e-05,14155,3.62682,-0.227488,-2.82342
3242.88,0.027689,9.32839e-05,14156,3.61642,-0.232854,-2.84851
3241.68,0.0277095,9.33533e-05,14157,3.60598,-0.238224,-2.87361
3240.45,0.0277305,9.34239e-05,14158,3.5955,-0.243598,-2.89872
3239.2,0.0277519,9.34959e-05,14159,3.58497,-0.248976,-2.92382
3237.93,0.0277736,9.35692e-05,14160,3.5744,-0.254358,-2.94894
3236.64,0.0277958,9.36439e-05,14161,3.56379,-0.259745,-2.97406
3235.33,0.0278183,9.37198e-05,14162,3.55313,-0.265137,-2.99918
3234,0.0278413,9.37972e-05,14163,3.54243,-0.270533,-3.02431
3232.64,0.0278647,9.38759e-05,14164,3.53168,-0.275933,-3.04944
3231.26,0.0278884,9.3956e-05,14165,3.52089,-0.281338,-3.07459
3229.86,0.0279126,9.40374e-05,14166,3.51006,-0.286748,-3.09973
3228.44,0.0279372,9.41203e-05,14167,3.49918,-0.292162,-3.12489
3227,0.0279622,9.42045e-05,14168,3.48825,-0.297582,-3.15005
3225.53,0.0279876,9.42901e-05,14169,3.47728,-0.303006,-3.17522
3224.05,0.0280134,9.4377e-05,14170,3.46626,-0.308435,-3.2004
3222.54,0.0280396,9.44654e-05,14171,3.45519,-0.31387,-3.22558
3221.01,0.0280663,9.45552e-05,14172,3.44408,-0.319309,-3.25077
3219.46,0.0280934,9.46464e-05,14173,3.43292,-0.324754,-3.27597
3217.88,0.0281209,9.4739e-05,14174,3.42172,-0.330204,-3.30118
3216.29,0.0281488,9.48331e-05,14175,3.41047,-0.335659,-3.3264
3214.67,0.0281771,9.49285e-05,14176,3.39917,-0.341119,-3.35163
3213.03,0.0282059,9.50254e-05,14177,3.38782,-0.346585,-3.37687
3211.37,0.0282351,9.51238e-05,14178,3.37643,-0.352057,-3.40212
3209.68,0.0282647,9.52237e-05,14179,3.36498,-0.357534,-3.42737
3207.98,0.0282948,9.53249e-05,14180,3.35349,-0.363017,-3.45264
3206.25,0.0283253,9.54277e-05,14181,3.34195,-0.368506,-3.47792
3204.5,0.0283562,9.5532e-05,14182,3.33036,-0.374,-3.50321
3202.73,0.0283876,9.56377e-05,14183,3.31872,-0.379501,-3.52851
3200.93,0.0284194,9.57449e-05,14184,3.30703,-0.385007,-3.55383
3199.12,0.0284517,9.58537e-05,14185,3.2953,-0.39052,-3.57915
3197.28,0.0284844,9.59639e-05,14186,3.28351,-0.396038,-3.60449
3195.42,0.0285176,9.60757e-05,14187,3.27167,-0.401563,-3.62984
3193.54,0.0285512,9.6189e-05,14188,3.25978,-0.407094,-3.6552
3191.63,0.0285853,9.63038e-05,14189,3.24784,-0.412632,-3.68057
3189.7,0.0286199,9.64202e-05,14190,3.23585,-0.418176,-3.70596
3187.76,0.0286549,9.65382e-05,14191,3.2238,-0.423726,-3.73136
3185.78,0.0286904,9.66577e-05,14192,3.21171,-0.429283,-3.75678
3183.79,0.0287263,9.67788e-05,14193,3.19956,-0.434847,-3.78221
3181.77,0.0287627,9.69015e-05,14194,3.18736,-0.440418,-3.80765
3179.74,0.0287996,9.70257e-05,14195,3.17511,-0.445995,-3.83311
3177.68,0.028837,9.71516e-05,14196,3.1628,-0.451579,-3.85859
3175.59,0.0288748,9.72791e-05,14197,3.15044,-0.45717,-3.88408
3173.49,0.0289131,9.74082e-05,14198,3.13803,-0.462769,-3.90958
3171.36,0.028952,9.7539e-05,14199,3.12556,-0.468374,-3.9351
3169.21,0.0289913,9.76714e-05,14200,3.11304,-0.473987,-3.96064
3167.04,0.0290311,9.78055e-05,14201,3.10046,-0.479607,-3.98619
3164.84,0.0290713,9.79412e-05,14202,3.08783,-0.485234,-4.01177
3162.62,0.0291121,9.80786e-05,14203,3.07514,-0.490869,-4.03735
3160.38,0.0291534,9.82177e-05,14204,3.0624,-0.496512,-4.06296
3158.12,0.0291952,9.83585e-05,14205,3.0496,-0.502162,-4.08858
3155.83,0.0292375,9.85011e-05,14206,3.03674,-0.50782,-4.11423
3153.53,0.0292803,9.86453e-05,14207,3.02383,-0.513485,-4.13989
3151.19,0.0293237,9.87913e-05,14208,3.01085,-0.519159,-4.16557
3148.84,0.0293675,9.8939e-05,14209,2.99783,-0.52484,-4.19127
3146.46,0.0294119,9.90885e-05,14210,2.98474,-0.53053,-4.21698
3144.07,0.0294568,9.92398e-05,14211,2.97159,-0.536228,-4.24272
3141.64,0.0295022,9.93929e-05,14212,2.95839,-0.541934,-4.26848
3139.2,0.0295482,9.95477e-05,14213,2.94512,-0.547648,-4.29426
3136.73,0.0295947,9.97044e-05,14214,2.9318,-0.553371,-4.32006
3134.24,0.0296418,9.98629e-05,14215,2.91842,-0.559103,-4.34588
3131.73,0.0296894,0.000100023,14216,2.90497,-0.564843,-4.37172
3129.19,0.0297375,0.000100185,14217,2.89147,-0.570591,-4.39758
3126.63,0.0297862,0.00010035,14218,2.8779,-0.576349,-4.42347
3124.05,0.0298355,0.000100516,14219,2.86427,-0.582115,-4.44937
3121.44,0.0298853,0.000100683,14220,2.85058,-0.58789,-4.4753
3118.82,0.0299357,0.000100853,14221,2.83683,-0.593675,-4.50126
3116.16,0.0299867,0.000101025,14222,2.82302,-0.599468,-4.52723
3113.49,0.0300382,0.000101199,14223,2.80914,-0.605271,-4.55323
3110.79,0.0300903,0.000101374,14224,2.79519,-0.611084,-4.57926
3108.07,0.030143,0.000101552,14225,2.78119,-0.616905,-4.6053
3105.33,0.0301963,0.000101731,14226,2.76711,-0.622736,-4.63138
3102.56,0.0302502,0.000101913,14227,2.75298,-0.628577,-4.65747
3099.77,0.0303047,0.000102096,14228,2.73877,-0.634428,-4.6836
3096.95,0.0303598,0.000102282,14229,2.72451,-0.640288,-4.70975
3094.12,0.0304155,0.00010247,14230,2.71017,-0.646159,-4.73592
3091.26,0.0304718,0.000102659,14231,2.69577,-0.652039,-4.76212
3088.37,0.0305288,0.000102851,14232,2.6813,-0.65793,-4.78835
3085.46,0.0305864,0.000103045,14233,2.66676,-0.663831,-4.81461
3082.53,0.0306446,0.000103241,14234,2.65215,-0.669742,-4.84089
3079.58,0.0307034,0.00010344,14235,2.63747,-0.675664,-4.8672
3076.6,0.0307629,0.00010364,14236,2.62273,-0.681596,-4.89354
3073.6,0.030823,0.000103843,14237,2.60791,-0.687539,-4.9199
3070.57,0.0308838,0.000104047,14238,2.59303,-0.693493,-4.9463
3067.52,0.0309452,0.000104254,14239,2.57807,-0.699457,-4.97273
3064.45,0.0310073,0.000104463,14240,2.56304,-0.705433,-4.99918
3061.35,0.0310701,0.000104675,14241,2.54794,-0.71142,-5.02566
3058.23,0.0311335,0.000104889,14242,2.53276,-0.717418,-5.05218
3055.08,0.0311977,0.000105105,14243,2.51751,-0.723427,-5.07873
3051.92,0.0312625,0.000105323,14244,2.50219,-0.729448,-5.1053
3048.72,0.031328,0.000105544,14245,2.48679,-0.73548,-5.13191
3045.51,0.0313942,0.000105767,14246,2.47132,-0.741524,-5.15855
3042.27,0.0314611,0.000105992,14247,2.45578,-0.747579,-5.18522
3039,0.0315288,0.00010622,14248,2.44015,-0.753647,-5.21193
3035.71,0.0315971,0.000106451,14249,2.42445,-0.759726,-5.23867
3032.4,0.0316662,0.000106683,14250,2.40867,-0.765818,-5.26544
3029.06,0.031736,0.000106919,14251,2.39282,-0.771922,-5.29224
3025.7,0.0318066,0.000107156,14252,2.37688,-0.778038,-5.31908
3022.31,0.0318779,0.000107397,14253,2.36087,-0.784167,-5.34596
3018.9,0.03195,0.000107639,14254,2.34478,-0.790308,-5.37286
3015.47,0.0320228,0.000107885,14255,2.3286,-0.796462,-5.39981
3012.01,0.0320964,0.000108133,14256,2.31235,-0.802629,-5.42679
3008.52,0.0321708,0.000108383,14257,2.29601,-0.808809,-5.4538
3005.02,0.032246,0.000108636,14258,2.27959,-0.815002,-5.48086
3001.48,0.0323219,0.000108892,14259,2.26309,-0.821209,-5.50795
2997.93,0.0323987,0.000109151,14260,2.2465,-0.827428,-5.53507
2994.34,0.0324762,0.000109412,14261,2.22983,-0.833661,-5.56224
2990.74,0.0325546,0.000109676,14262,2.21307,-0.839908,-5.58944
2987.1,0.0326338,0.000109943,14263,2.19623,-0.846168,-5.61668
2983.45,0.0327139,0.000110213,14264,2.1793,-0.852443,-5.64396
2979.77,0.0327948,0.000110485,14265,2.16228,-0.858731,-5.67128
2976.06,0.0328765,0.000110761,14266,2.14518,-0.865034,-5.69864
2972.33,0.0329591,0.000111039,14267,2.12798,-0.87135,-5.72604
2968.57,0.0330426,0.00011132,14268,2.1107,-0.877681,-5.75348
2964.79,0.0331269,0.000111604,14269,2.09333,-0.884027,-5.78097
2960.98,0.0332122,0.000111892,14270,2.07586,-0.890388,-5.80849
2957.15,0.0332983,0.000112182,14271,2.0583,-0.896763,-5.83605
2953.29,0.0333854,0.000112475,14272,2.04065,-0.903153,-5.86366
2949.41,0.0334733,0.000112771,14273,2.02291,-0.909559,-5.89131
2945.5,0.0335622,0.000113071,14274,2.00507,-0.915979,-5.91901
2941.57,0.033652,0.000113373,14275,1.98714,-0.922415,-5.94675
2937.61,0.0337428,0.000113679,14276,1.96911,-0.928867,-5.97453
2933.62,0.0338345,0.000113988,14277,1.95098,-0.935335,-6.00236
2929.61,0.0339272,0.000114301,14278,1.93276,-0.941818,-6.03023
2925.58,0.0340209,0.000114616,14279,1.91443,-0.948317,-6.05815
2921.52,0.0341155,0.000114935,14280,1.89601,-0.954833,-6.08612
2917.43,0.0342112,0.000115257,14281,1.87749,-0.961365,-6.11413
2913.32,0.0343079,0.000115583,14282,1.85887,-0.967913,-6.14219
2909.18,0.0344056,0.000115912,14283,1.84014,-0.974478,-6.17029
2905.01,0.0345043,0.000116245,14284,1.82131,-0.98106,-6.19845
2900.82,0.0346041,0.000116581,14285,1.80238,-0.987659,-6.22665
2896.6,0.0347049,0.000116921,14286,1.78334,-0.994274,-6.2549
2892.36,0.0348068,0.000117264,14287,1.76419,-1.00091,-6.2832
2888.09,0.0349098,0.000117611,14288,1.74494,-1.00756,-6.31156
2883.79,0.0350139,0.000117962,14289,1.72558,-1.01423,-6.33996
2879.47,0.0351191,0.000118316,14290,1.70611,-1.02091,-6.36841
2875.12,0.0352254,0.000118674,14291,1.68653,-1.02762,-6.39692
2870.75,0.0353329,0.000119036,14292,1.66684,-1.03434,-6.42547
2866.34,0.0354415,0.000119402,14293,1.64704,-1.04108,-6.45408
2861.92,0.0355513,0.000119772,14294,1.62713,-1.04784,-6.48275
2857.46,0.0356622,0.000120146,14295,1.6071,-1.05462,-6.51147
2852.98,0.0357744,0.000120524,14296,1.58695,-1.06141,-6.54024
2848.47,0.0358877,0.000120905,14297,1.56669,-1.06823,-6.56906
2843.93,0.0360023,0.000121291,14298,1.54631,-1.07507,-6.59794
2839.37,0.0361181,0.000121682,14299,1.52581,-1.08192,-6.62688
2834.78,0.0362351,0.000122076,14300,1.5052,-1.08879,-6.65588
2830.16,0.0363534,0.000122475,14301,1.48446,-1.09569,-6.68493
2825.52,0.036473,0.000122877,14302,1.4636,-1.1026,-6.71403
2820.85,0.0365939,0.000123285,14303,1.44261,-1.10954,-6.7432
2816.15,0.0367162,0.000123697,14304,1.4215,-1.11649,-6.77243
2811.42,0.0368397,0.000124113,14305,1.40027,-1.12347,-6.80171
2806.67,0.0369646,0.000124534,14306,1.3789,-1.13046,-6.83105
2801.89,0.0370909,0.000124959,14307,1.35741,-1.13748,-6.86046
2797.08,0.0372185,0.000125389,14308,1.33579,-1.14452,-6.88992
2792.24,0.0373476,0.000125824,14309,1.31404,-1.15158,-6.91945
2787.38,0.037478,0.000126263,14310,1.29216,-1.15866,-6.94904
2782.49,0.0376099,0.000126708,14311,1.27014,-1.16576,-6.97869
2777.57,0.0377433,0.000127157,14312,1.24798,-1.17289,-7.00841
2772.62,0.0378781,0.000127611,14313,1.22569,-1.18004,-7.03819
2767.64,0.0380145,0.000128071,14314,1.20327,-1.18721,-7.06803
2762.64,0.0381523,0.000128535,14315,1.1807,-1.1944,-7.09794
2757.6,0.0382917,0.000129005,14316,1.15799,-1.20162,-7.12791
2752.54,0.0384327,0.000129479,14317,1.13514,-1.20886,-7.15796
2747.45,0.0385752,0.00012996,14318,1.11214,-1.21612,-7.18807
2742.33,0.0387193,0.000130445,14319,1.089,-1.22341,-7.21824
2737.19,0.0388651,0.000130936,14320,1.06572,-1.23072,-7.24849
2732.01,0.0390125,0.000131433,14321,1.04228,-1.23805,-7.2788
2726.81,0.0391616,0.000131935,14322,1.01869,-1.24541,-7.30918
2721.57,0.0393123,0.000132443,14323,0.994956,-1.25279,-7.33964
2716.31,0.0394648,0.000132957,14324,0.971065,-1.2602,-7.37016
2711.02,0.039619,0.000133476,14325,0.947018,-1.26764,-7.40076
2705.7,0.039775,0.000134002,14326,0.922815,-1.2751,-7.43143
2700.35,0.0399327,0.000134533,14327,0.898453,-1.28258,-7.46217
2694.97,0.0400923,0.000135071,14328,0.873931,-1.29009,-7.49299
2689.56,0.0402537,0.000135615,14329,0.849247,-1.29763,-7.52388
2684.12,0.040417,0.000136165,14330,0.824398,-1.30519,-7.55485
2678.65,0.0405822,0.000136721,14331,0.799385,-1.31278,-7.58589
2673.16,0.0407493,0.000137284,14332,0.774203,-1.3204,-7.61701
2667.63,0.0409184,0.000137854,14333,0.748852,-1.32805,-7.6482
2662.07,0.0410894,0.00013843,14334,0.723329,-1.33572,-7.67948
2656.48,0.0412625,0.000139013,14335,0.697633,-1.34342,-7.71083
2650.86,0.0414375,0.000139603,14336,0.671762,-1.35115,-7.74226
2645.22,0.0416147,0.0001402,14337,0.645713,-1.3589,-7.77378
2639.54,0.041794,0.000140804,14338,0.619484,-1.36669,-7.80537
2633.83,0.0419753,0.000141415,14339,0.593074,-1.3745,-7.83705
2628.09,0.0421589,0.000142033,14340,0.566481,-1.38235,-7.8688
2622.32,0.0423447,0.000142659,14341,0.539701,-1.39022,-7.90065
2616.52,0.0425326,0.000143292,14342,0.512733,-1.39813,-7.93257
2610.68,0.0427229,0.000143933,14343,0.485575,-1.40606,-7.96458
2604.82,0.0429154,0.000144582,14344,0.458224,-1.41403,-7.99668
2598.92,0.0431103,0.000145238,14345,0.430678,-1.42202,-8.02886
2593,0.0433076,0.000145903,14346,0.402935,-1.43005,-8.06114
2587.04,0.0435073,0.000146576,14347,0.374992,-1.43811,-8.09349
2581.05,0.0437094,0.000147257,14348,0.346847,-1.4462,-8.12594
2575.03,0.043914,0.000147946,14349,0.318497,-1.45432,-8.15848
2568.98,0.0441212,0.000148644,14350,0.289941,-1.46248,-8.19111
2562.9,0.0443309,0.000149351,14351,0.261174,-1.47067,-8.22383
2556.78,0.0445432,0.000150066,14352,0.232195,-1.47889,-8.25665
2550.63,0.0447582,0.00015079,14353,0.203001,-1.48715,-8.28955
2544.45,0.0449759,0.000151524,14354,0.17359,-1.49544,-8.32255
2538.24,0.0451964,0.000152266,14355,0.143957,-1.50376,-8.35565
2531.99,0.0454196,0.000153018,14356,0.114102,-1.51212,-8.38884
2525.72,0.0456456,0.00015378,14357,0.0840206,-1.52052,-8.42213
2519.41,0.0458746,0.000154551,14358,0.0537101,-1.52895,-8.45552
2513.06,0.0461065,0.000155332,14359,0.0231675,-1.53742,-8.489
2506.69,0.0463413,0.000156124,14360,-0.00761,-1.54592,-8.52259
2500.28,0.0465792,0.000156925,14361,-0.0386256,-1.55446,-8.55627
2493.83,0.0468202,0.000157737,14362,-0.0698824,-1.56304,-8.59006
2487.36,0.0470643,0.000158559,14363,-0.101384,-1.57165,-8.62395
2480.85,0.0473117,0.000159393,14364,-0.133132,-1.58031,-8.65794
2474.31,0.0475622,0.000160237,14365,-0.165132,-1.589,-8.69204
2467.73,0.0478161,0.000161092,14366,-0.197386,-1.59773,-8.72624
2461.12,0.0480733,0.000161959,14367,-0.229898,-1.6065,-8.76055
2454.47,0.048334,0.000162837,14368,-0.262671,-1.61531,-8.79497
2447.79,0.0485982,0.000163727,14369,-0.295709,-1.62416,-8.82949
2441.08,0.0488659,0.000164629,14370,-0.329015,-1.63306,-8.86412
2434.33,0.0491372,0.000165543,14371,-0.362593,-1.64199,-8.89887
2427.55,0.0494122,0.000166469,14372,-0.396447,-1.65096,-8.93372
2420.73,0.0496909,0.000167408,14373,-0.430581,-1.65998,-8.96869
2413.87,0.0499735,0.00016836,14374,-0.464998,-1.66904,-9.00377
2406.99,0.0502599,0.000169325,14375,-0.499703,-1.67815,-9.03897
2400.06,0.0505503,0.000170304,14376,-0.5347,-1.68729,-9.07428
2393.1,0.0508447,0.000171296,14377,-0.569993,-1.69649,-9.10971
2386.11,0.0511433,0.000172301,14378,-0.605585,-1.70572,-9.14525
2379.08,0.051446,0.000173321,14379,-0.641482,-1.715,-9.18092
2372.01,0.051753,0.000174356,14380,-0.677688,-1.72433,-9.2167
2364.91,0.0520643,0.000175404,14381,-0.714208,-1.73371,-9.25261
2357.77,0.0523801,0.000176468,14382,-0.751045,-1.74313,-9.28863
2350.59,0.0527004,0.000177547,14383,-0.788204,-1.7526,-9.32478
2343.38,0.0530253,0.000178642,14384,-0.825692,-1.76212,-9.36106
2336.13,0.0533549,0.000179752,14385,-0.863511,-1.77168,-9.39746
2328.84,0.0536893,0.000180879,14386,-0.901668,-1.7813,-9.43398
2321.52,0.0540286,0.000182022,14387,-0.940167,-1.79096,-9.47064
2314.16,0.0543728,0.000183182,14388,-0.979013,-1.80068,-9.50742
2306.76,0.0547222,0.000184359,14389,-1.01821,-1.81045,-9.54433
2299.33,0.0550767,0.000185553,14390,-1.05777,-1.82027,-9.58138
2291.85,0.0554365,0.000186765,14391,-1.09769,-1.83014,-9.61855
2284.34,0.0558017,0.000187996,14392,-1.13798,-1.84006,-9.65586
2276.79,0.0561725,0.000189245,14393,-1.17865,-1.85004,-9.6933
2269.2,0.0565488,0.000190513,14394,-1.2197,-1.86007,-9.73088
2261.57,0.056931,0.0001918,14395,-1.26113,-1.87016,-9.7686
2253.9,0.0573189,0.000193107,14396,-1.30296,-1.88031,-9.80646
2246.2,0.0577129,0.000194434,14397,-1.34519,-1.89051,-9.84445
2238.45,0.058113,0.000195782,14398,-1.38782,-1.90077,-9.88258
2230.67,0.0585193,0.000197151,14399,-1.43087,-1.91108,-9.92086
2222.84,0.058932,0.000198542,14400,-1.47433,-1.92146,-9.95928
2214.98,0.0593513,0.000199954,14401,-1.51822,-1.93189,-9.99784
2207.07,0.0597772,0.000201389,14402,-1.56255,-1.94239,-10.0366
2199.13,0.0602099,0.000202847,14403,-1.60731,-1.95295,-10.0754
2191.14,0.0606496,0.000204328,14404,-1.65253,-1.96356,-10.1144
2183.11,0.0610964,0.000205833,14405,-1.6982,-1.97425,-10.1536
2175.05,0.0615505,0.000207363,14406,-1.74433,-1.98499,-10.1929
2166.94,0.062012,0.000208918,14407,-1.79093,-1.9958,-10.2323
2158.79,0.0624812,0.000210499,14408,-1.83802,-2.00667,-10.2719
2150.59,0.0629581,0.000212106,14409,-1.88559,-2.01761,-10.3117
2142.36,0.0634431,0.000213739,14410,-1.93365,-2.02862,-10.3516
2134.08,0.0639361,0.0002154,14411,-1.98223,-2.0397,-10.3917
2125.76,0.0644375,0.00021709,14412,-2.03131,-2.05084,-10.4319
2117.4,0.0649475,0.000218808,14413,-2.08092,-2.06206,-10.4723
2109,0.0654662,0.000220555,14414,-2.13106,-2.07334,-10.5129
2100.55,0.0659939,0.000222333,14415,-2.18174,-2.0847,-10.5536
2092.06,0.0665307,0.000224142,14416,-2.23298,-2.09613,-10.5945
2083.52,0.067077,0.000225982,14417,-2.28477,-2.10763,-10.6355
2074.94,0.0676328,0.000227855,14418,-2.33714,-2.11921,-10.6767
2066.32,0.0681985,0.00022976,14419,-2.39009,-2.13087,-10.7181
2057.65,0.0687744,0.0002317,14420,-2.44363,-2.1426,-10.7596
2048.93,0.0693606,0.000233675,14421,-2.49778,-2.15441,-10.8013
2040.18,0.0699574,0.000235686,14422,-2.55254,-2.1663,-10.8432
2031.37,0.0705651,0.000237733,14423,-2.60794,-2.17826,-10.8852
2022.52,0.071184,0.000239818,14424,-2.66397,-2.19031,-10.9275
2013.63,0.0718143,0.000241942,14425,-2.72065,-2.20245,-10.9698
2004.68,0.0724564,0.000244105,14426,-2.778,-2.21466,-11.0124
1995.7,0.0731106,0.000246309,14427,-2.83603,-2.22696,-11.0551
1986.66,0.0737771,0.000248555,14428,-2.89475,-2.23935,-11.0981
1977.58,0.0744563,0.000250843,14429,-2.95417,-2.25182,-11.1412
1968.45,0.0751486,0.000253175,14430,-3.01432,-2.26439,-11.1844
1959.27,0.0758543,0.000255553,14431,-3.0752,-2.27704,-11.2279
1950.04,0.0765738,0.000257977,14432,-3.13682,-2.28978,-11.2715
1940.77,0.0773074,0.000260448,14433,-3.19921,-2.30262,-11.3153
1931.45,0.0780556,0.000262969,14434,-3.26239,-2.31555,-11.3593
1922.07,0.0788187,0.00026554,14435,-3.32635,-2.32857,-11.4035
1912.65,0.0795971,0.000268162,14436,-3.39113,-2.3417,-11.4478
1903.18,0.0803914,0.000270838,14437,-3.45675,-2.35492,-11.4923
1893.66,0.0812019,0.000273569,14438,-3.52321,-2.36824,-11.5371
1884.08,0.0820291,0.000276355,14439,-3.59053,-2.38166,-11.582
1874.46,0.0828735,0.0002792,14440,-3.65874,-2.39518,-11.627
1864.79,0.0837356,0.000282105,14441,-3.72786,-2.40881,-11.6723
1855.06,0.084616,0.000285071,14442,-3.7979,-2.42255,-11.7177
1845.28,0.0855151,0.0002881,14443,-3.86888,-2.43639,-11.7634
1835.45,0.0864335,0.000291194,14444,-3.94083,-2.45034,-11.8092
1825.57,0.0873719,0.000294356,14445,-4.01377,-2.4644,-11.8552
1815.63,0.0883308,0.000297586,14446,-4.08772,-2.47857,-11.9014
1805.64,0.0893109,0.000300888,14447,-4.1627,-2.49286,-11.9478
1795.6,0.0903128,0.000304263,14448,-4.23874,-2.50727,-11.9943
1785.5,0.0913372,0.000307715,14449,-4.31587,-2.52179,-12.041
1775.35,0.0923848,0.000311244,14450,-4.3941,-2.53643,-12.0879
1765.14,0.0934564,0.000314854,14451,-4.47346,-2.55119,-12.135
1754.88,0.0945527,0.000318548,14452,-4.55399,-2.56608,-12.1823
1744.56,0.0956746,0.000322327,14453,-4.63571,-2.58109,-12.2297
1734.19,0.0968228,0.000326196,14454,-4.71864,-2.59623,-12.2773
1723.75,0.0979983,0.000330156,14455,-4.80283,-2.6115,-12.3251
1713.26,0.099202,0.000334211,14456,-4.88829,-2.62689,-12.3731
1702.72,0.100435,0.000338364,14457,-4.97506,-2.64243,-12.4212
1692.11,0.101698,0.000342619,14458,-5.06318,-2.65809,-12.4695
1681.45,0.102992,0.000346978,14459,-5.15268,-2.6739,-12.518
1670.72,0.104318,0.000351447,14460,-5.24359,-2.68984,-12.5666
1659.94,0.105678,0.000356027,14461,-5.33596,-2.70593,-12.6153
1649.1,0.107072,0.000360724,14462,-5.42981,-2.72216,-12.6642
1638.2,0.108502,0.000365542,14463,-5.52519,-2.73854,-12.7133
1627.23,0.109969,0.000370484,14464,-5.62215,-2.75506,-12.7625
1616.21,0.111474,0.000375556,14465,-5.72071,-2.77174,-12.8118
1605.12,0.11302,0.000380763,14466,-5.82093,-2.78856,-12.8613
1593.97,0.114606,0.000386109,14467,-5.92285,-2.80555,-12.9109
1582.76,0.116236,0.000391599,14468,-6.02652,-2.82269,-12.9606
1571.48,0.11791,0.000397239,14469,-6.13199,-2.83999,-13.0104
1560.14,0.119631,0.000403035,14470,-6.23931,-2.85745,-13.0603
1548.73,0.121399,0.000408993,14471,-6.34853,-2.87508,-13.1102
1537.26,0.123218,0.00041512,14472,-6.4597,-2.89288,-13.1603
1525.73,0.125088,0.000421421,14473,-6.57289,-2.91085,-13.2104
1514.12,0.127013,0.000427905,14474,-6.68815,-2.92899,-13.2606
1502.45,0.128993,0.000434578,14475,-6.80555,-2.9473,-13.3108
1490.72,0.131032,0.000441448,14476,-6.92514,-2.96579,-13.3611
1478.91,0.133133,0.000448523,14477,-7.04701,-2.98446,-13.4113
1467.04,0.135296,0.000455813,14478,-7.1712,-3.00331,-13.4616
1455.1,0.137526,0.000463326,14479,-7.29781,-3.02235,-13.5118
1443.08,0.139825,0.000471071,14480,-7.42689,-3.04157,-13.562
1431,0.142197,0.00047906,14481,-7.55854,-3.06098,-13.6121
1418.85,0.144643,0.000487302,14482,-7.69284,-3.08059,-13.6621
1406.62,0.147168,0.000495809,14483,-7.82986,-3.10038,-13.712
1394.33,0.149775,0.000504593,14484,-7.9697,-3.12038,-13.7618
1381.96,0.152469,0.000513666,14485,-8.11245,-3.14057,-13.8114
1369.51,0.155252,0.000523042,14486,-8.25821,-3.16096,-13.8608
1357,0.158129,0.000532736,14487,-8.40709,-3.18155,-13.91
1344.4,0.161105,0.000542761,14488,-8.55918,-3.20234,-13.9589
1331.74,0.164184,0.000553135,14489,-8.7146,-3.22334,-14.0075
1319,0.167371,0.000563874,14490,-8.87346,-3.24455,-14.0557
1306.18,0.170673,0.000574995,14491,-9.03589,-3.26596,-14.1035
1293.28,0.174093,0.000586518,14492,-9.20202,-3.28758,-14.1509
1280.31,0.177639,0.000598464,14493,-9.37197,-3.3094,-14.1977
1267.26,0.181316,0.000610854,14494,-9.54588,-3.33144,-14.244
1254.13,0.185132,0.00062371,14495,-9.72391,-3.35368,-14.2897
1240.92,0.189094,0.000637058,14496,-9.90621,-3.37613,-14.3347
1227.64,0.19321,0.000650924,14497,-10.0929,-3.39879,-14.3788
1214.27,0.197488,0.000665335,14498,-10.2842,-3.42164,-14.4222
1200.82,0.201936,0.000680321,14499,-10.4803,-3.44471,-14.4645
1187.29,0.206564,0.000695914,14500,-10.6814,-3.46796,-14.5058
1173.68,0.211383,0.000712149,14501,-10.8876,-3.49142,-14.546
1159.99,0.216403,0.000729061,14502,-11.0992,-3.51506,-14.5849
1146.21,0.221636,0.00074669,14503,-11.3163,-3.53889,-14.6223
1132.35,0.227094,0.000765079,14504,-11.5392,-3.56289,-14.6583
1118.41,0.232791,0.000784271,14505,-11.7682,-3.58706,-14.6925
1104.39,0.238741,0.000804316,14506,-12.0035,-3.61138,-14.7249
1090.28,0.244959,0.000825265,14507,-12.2453,-3.63585,-14.7553
1076.09,0.251462,0.000847175,14508,-12.494,-3.66046,-14.7834
1061.81,0.258269,0.000870106,14509,-12.7498,-3.68518,-14.8091
1047.46,0.265398,0.000894123,14510,-13.013,-3.70999,-14.8321
1033.02,0.27287,0.000919296,14511,-13.284,-3.73488,-14.8521
1018.49,0.280707,0.000945702,14512,-13.5631,-3.75982,-14.8689
1003.89,0.288935,0.000973422,14513,-13.8507,-3.78479,-14.8822
989.197,0.29758,0.00100254,14514,-14.1471,-3.80974,-14.8917
974.427,0.306669,0.00103317,14515,-14.4527,-3.83465,-14.8968
959.578,0.316234,0.00106539,14516,-14.7679,-3.85947,-14.8973
944.649,0.326308,0.00109933,14517,-15.0933,-3.88415,-14.8927
929.642,0.336928,0.00113511,14518,-15.4291,-3.90863,-14.8825
914.56,0.348132,0.00117286,14519,-15.776,-3.93286,-14.8661
899.403,0.359965,0.00121272,14520,-16.1345,-3.95676,-14.8428
884.174,0.372472,0.00125485,14521,-16.5049,-3.98026,-14.8122
868.876,0.385703,0.00129943,14522,-16.888,-4.00324,-14.7732
853.512,0.399714,0.00134664,14523,-17.2842,-4.02562,-14.7253
838.085,0.414565,0.00139667,14524,-17.6941,-4.04726,-14.6673
822.6,0.43032,0.00144975,14525,-18.1183,-4.06803,-14.5983
807.061,0.44705,0.00150611,14526,-18.5575,-4.08777,-14.5172
791.474,0.464832,0.00156602,14527,-19.0123,-4.1063,-14.4227
775.845,0.483748,0.00162974,14528,-19.4832,-4.1234,-14.3134
760.181,0.503888,0.0016976,14529,-19.9709,-4.13886,-14.1876
744.491,0.525351,0.0017699,14530,-20.476,-4.15239,-14.0438
728.784,0.54824,0.00184702,14531,-20.999,-4.16369,-13.8799
713.071,0.572668,0.00192932,14532,-21.5405,-4.17241,-13.6937
697.364,0.598756,0.00201721,14533,-22.1009,-4.17815,-13.483
681.676,0.626632,0.00211112,14534,-22.6806,-4.18045,-13.2449
666.025,0.656429,0.00221151,14535,-23.2797,-4.17879,-12.9766
650.427,0.688289,0.00231884,14536,-23.8983,-4.17259,-12.6749
634.904,0.722357,0.00243362,14537,-24.5361,-4.16118,-12.336
619.479,0.758779,0.00255632,14538,-25.1927,-4.14379,-11.9561
604.178,0.797698,0.00268744,14539,-25.8672,-4.11958,-11.5309
589.032,0.839249,0.00282743,14540,-26.5581,-4.08758,-11.0555
574.074,0.883555,0.00297669,14541,-27.2635,-4.04672,-10.525
559.342,0.930709,0.00313555,14542,-27.9807,-3.99581,-9.93404
544.879,0.980771,0.00330421,14543,-28.706,-3.93354,-9.27688
530.735,1.03375,0.00348268,14544,-29.435,-3.8585,-8.54772
516.961,1.08956,0.00367074,14545,-30.1616,-3.76917,-7.74075
503.619,1.14806,0.00386781,14546,-30.8786,-3.66396,-6.85033
490.773,1.20895,0.00407294,14547,-31.5772,-3.54124,-5.87134
478.495,1.27178,0.00428463,14548,-32.2469,-3.39942,-4.79951
466.864,1.33594,0.00450079,14549,-32.8755,-3.23701,-3.63192
455.961,1.4006,0.0047186,14550,-33.4491,-3.05274,-2.36752
445.874,1.46469,0.00493452,14551,-33.9524,-2.84565,-1.0077
436.692,1.52692,0.0051442,14552,-34.3692,-2.61528,0.443068
428.506,1.58582,0.00534262,14553,-34.6828,-2.3618,1.97675
421.405,1.63972,0.00552421,14554,-34.8774,-2.08611,3.58137
415.47,1.6869,0.00568315,14555,-34.9386,-1.78999,5.24095
410.778,1.72566,0.00581373,14556,-34.8548,-1.47611,6.93575
407.39,1.75448,0.00591083,14557,-34.6185,-1.14802,8.64301
405.354,1.77215,0.00597036,14558,-34.227,-0.809979,10.338
404.699,1.77789,0.0059897,14559,-33.6829,-0.46678,11.9954
405.435,1.77144,0.00596798,14560,-32.9944,-0.123455,13.591
407.55,1.7531,0.00590618,14561,-32.1743,0.215028,15.1031
411.016,1.72366,0.00580701,14562,-31.2396,0.544063,16.5134
415.782,1.68437,0.00567463,14563,-30.2099,0.859648,17.8085
421.787,1.63675,0.00551421,14564,-29.1061,1.15855,18.9795
428.954,1.58252,0.00533148,14565,-27.9492,1.43838,20.0224
437.2,1.52338,0.00513226,14566,-26.7589,1.6976,20.9372
446.437,1.461,0.00492209,14567,-25.5533,1.93545,21.7274
456.574,1.39684,0.00470595,14568,-24.348,2.15182,22.3993
467.521,1.33219,0.00448814,14569,-23.1559,2.34715,22.961
479.193,1.26809,0.00427217,14570,-21.9874,2.52229,23.4215
491.505,1.20535,0.00406081,14571,-20.8506,2.67836,23.7905
504.382,1.14459,0.00385611,14572,-19.7513,2.81665,24.0776
517.751,1.08624,0.00365954,14573,-18.6935,2.93855,24.2923
531.548,1.03058,0.00347203,14574,-17.6796,3.04545,24.4434
545.713,0.977779,0.00329413,14575,-16.711,3.13875,24.539
560.192,0.927887,0.00312604,14576,-15.7879,3.21976,24.5864
574.938,0.880899,0.00296775,14577,-14.9098,3.28973,24.5925
589.908,0.836757,0.00281903,14578,-14.0757,3.3498,24.563
605.065,0.795362,0.00267957,14579,-13.2843,3.40104,24.5033
620.374,0.756593,0.00254896,14580,-12.5338,3.4444,24.4177
635.805,0.720312,0.00242673,14581,-11.8224,3.48075,24.3105
651.333,0.686377,0.0023124,14582,-11.1483,3.51086,24.185
666.934,0.65464,0.00220548,14583,-10.5094,3.53545,24.0442
682.588,0.624959,0.00210548,14584,-9.90394,3.55511,23.8908
698.277,0.597191,0.00201193,14585,-9.32987,3.57042,23.7269
713.985,0.571203,0.00192438,14586,-8.78542,3.58187,23.5545
729.698,0.546868,0.00184239,14587,-8.26882,3.58989,23.3753
745.405,0.524064,0.00176557,14588,-7.7784,3.59487,23.1906
761.093,0.502682,0.00169353,14589,-7.31255,3.59716,23.0018
776.755,0.482615,0.00162593,14590,-6.8698,3.59706,22.8097
792.382,0.463767,0.00156243,14591,-6.44872,3.59485,22.6154
807.966,0.446049,0.00150274,14592,-6.04799,3.59077,22.4195
823.502,0.429378,0.00144657,14593,-5.66638,3.58503,22.2228
838.984,0.413677,0.00139368,14594,-5.30273,3.57782,22.0257
854.407,0.398877,0.00134381,14595,-4.95596,3.56931,21.8288
869.768,0.384913,0.00129677,14596,-4.62506,3.55965,21.6324
885.062,0.371725,0.00125234,14597,-4.30909,3.54898,21.4369
900.286,0.359259,0.00121034,14598,-4.00717,3.53742,21.2425
915.439,0.347464,0.0011706,14599,-3.7185,3.52506,21.0495
930.517,0.336295,0.00113297,14600,-3.4423,3.51202,20.8581
945.519,0.325708,0.00109731,14601,-3.17786,3.49837,20.6684
960.443,0.315664,0.00106347,14602,-2.92453,3.48419,20.4806
975.288,0.306128,0.00103134,14603,-2.68169,3.46954,20.2948
990.053,0.297065,0.00100081,14604,-2.44876,3.45449,20.1111
1004.74,0.288446,0.000971773,14605,-2.2252,3.4391,19.9295
1019.34,0.280241,0.000944131,14606,-2.01051,3.4234,19.75
1033.86,0.272425,0.0009178,14607,-1.80422,3.40745,19.5728
1048.29,0.264974,0.000892696,14608,-1.60589,3.39127,19.3978
1062.65,0.257864,0.000868744,14609,-1.41511,3.37492,19.2251
1076.92,0.251076,0.000845874,14610,-1.2315,3.35842,19.0547
1091.1,0.24459,0.000824022,14611,-1.05468,3.34179,18.8865
1105.2,0.238388,0.000803126,14612,-0.884337,3.32506,18.7206
1119.22,0.232453,0.000783133,14613,-0.720137,3.30826,18.5569
1133.16,0.226771,0.000763989,14614,-0.561786,3.29141,18.3954
1147.01,0.221326,0.000745646,14615,-0.409004,3.27452,18.2362
1160.78,0.216106,0.000728059,14616,-0.261528,3.25761,18.0791
1174.47,0.211098,0.000711187,14617,-0.11911,3.24069,17.9242
1188.08,0.20629,0.000694991,14618,0.0184823,3.22378,17.7715
1201.6,0.201673,0.000679434,14619,0.15147,3.2069,17.6208
1215.05,0.197234,0.000664482,14620,0.280059,3.19004,17.4722
1228.41,0.192967,0.000650103,14621,0.404445,3.17322,17.3256
1241.69,0.18886,0.000636269,14622,0.524813,3.15645,17.1811
1254.9,0.184907,0.00062295,14623,0.641336,3.13973,17.0385
1268.02,0.181099,0.000610121,14624,0.75418,3.12308,16.8978
1281.07,0.177429,0.000597758,14625,0.863499,3.10649,16.7591
1294.03,0.173891,0.000585838,14626,0.969442,3.08997,16.6222
1306.93,0.170478,0.000574338,14627,1.07215,3.07354,16.4871
1319.74,0.167183,0.000563239,14628,1.17175,3.05719,16.3538
1332.48,0.164002,0.000552523,14629,1.26837,3.04092,16.2223
1345.14,0.160929,0.00054217,14630,1.36213,3.02474,16.0925
1357.73,0.157959,0.000532164,14631,1.45314,3.00865,15.9644
1370.24,0.155088,0.000522489,14632,1.54151,2.99265,15.838
1382.68,0.15231,0.000513131,14633,1.62734,2.97675,15.7132
1395.04,0.149622,0.000504075,14634,1.71073,2.96095,15.5899
1407.33,0.147019,0.000495307,14635,1.79177,2.94525,15.4683
1419.55,0.144499,0.000486816,14636,1.87054,2.92964,15.3481
1431.7,0.142057,0.000478589,14637,1.94714,2.91414,15.2295
1443.78,0.13969,0.000470615,14638,2.02163,2.89874,15.1124
1455.79,0.137395,0.000462883,14639,2.0941,2.88344,14.9966
1467.73,0.135169,0.000455383,14640,2.16462,2.86825,14.8823
1479.6,0.133009,0.000448106,14641,2.23326,2.85315,14.7694
1491.4,0.130912,0.000441043,14642,2.30007,2.83816,14.6578
1503.13,0.128877,0.000434185,14643,2.36514,2.82328,14.5476
1514.8,0.126899,0.000427523,14644,2.42851,2.80849,14.4386
1526.4,0.124978,0.00042105,14645,2.49024,2.79381,14.331
1537.93,0.123111,0.000414759,14646,2.55039,2.77923,14.2245
1549.4,0.121295,0.000408643,14647,2.60901,2.76475,14.1193
1560.8,0.11953,0.000402694,14648,2.66615,2.75038,14.0153
1572.14,0.117812,0.000396907,14649,2.72186,2.7361,13.9125
1583.41,0.11614,0.000391276,14650,2.77618,2.72193,13.8108
1594.62,0.114513,0.000385794,14651,2.82916,2.70786,13.7103
1605.76,0.112929,0.000380457,14652,2.88085,2.69388,13.6109
1616.85,0.111386,0.000375258,14653,2.93127,2.68,13.5125
1627.87,0.109883,0.000370194,14654,2.98048,2.66622,13.4153
1638.83,0.108418,0.000365259,14655,3.0285,2.65254,13.319
1649.73,0.10699,0.000360448,14656,3.07538,2.63896,13.2238
1660.57,0.105598,0.000355758,14657,3.12115,2.62546,13.1296
1671.35,0.10424,0.000351184,14658,3.16584,2.61207,13.0364
1682.07,0.102916,0.000346722,14659,3.20948,2.59876,12.9441
1692.73,0.101623,0.000342369,14660,3.25211,2.58555,12.8528
1703.33,0.100362,0.00033812,14661,3.29375,2.57243,12.7625
1713.87,0.0991313,0.000333973,14662,3.33443,2.5594,12.673
1724.36,0.0979293,0.000329923,14663,3.37418,2.54646,12.5845
1734.79,0.0967554,0.000325968,14664,3.41303,2.53361,12.4968
1745.16,0.0956088,0.000322105,14665,3.451,2.52085,12.41
1755.48,0.0944884,0.000318331,14666,3.48812,2.50817,12.324
1765.74,0.0933936,0.000314642,14667,3.5244,2.49558,12.2389
1775.94,0.0923234,0.000311037,14668,3.55988,2.48308,12.1546
1786.09,0.0912771,0.000307512,14669,3.59457,2.47066,12.0711
1796.18,0.0902541,0.000304065,14670,3.62849,2.45832,11.9883
1806.22,0.0892535,0.000300694,14671,3.66167,2.44606,11.9064
1816.21,0.0882746,0.000297397,14672,3.69412,2.43389,11.8252
1826.14,0.0873169,0.00029417,14673,3.72587,2.42179,11.7448
1836.02,0.0863798,0.000291013,14674,3.75693,2.40978,11.6651
1845.85,0.0854624,0.000287922,14675,3.78732,2.39784,11.5861
1855.63,0.0845644,0.000284897,14676,3.81706,2.38598,11.5078
1865.35,0.0836852,0.000281935,14677,3.84616,2.3742,11.4302
1875.02,0.0828241,0.000279034,14678,3.87464,2.36249,11.3534
1884.64,0.0819807,0.000276192,14679,3.90251,2.35086,11.2771
1894.21,0.0811544,0.000273409,14680,3.9298,2.3393,11.2016
1903.73,0.0803449,0.000270681,14681,3.9565,2.32781,11.1267
1913.2,0.0795516,0.000268009,14682,3.98265,2.3164,11.0524
1922.62,0.078774,0.000265389,14683,4.00825,2.30505,10.9788
1931.99,0.0780118,0.000262821,14684,4.03331,2.29378,10.9058
1941.31,0.0772645,0.000260304,14685,4.05785,2.28258,10.8334
1950.58,0.0765317,0.000257835,14686,4.08188,2.27144,10.7616
1959.8,0.0758131,0.000255414,14687,4.10542,2.26038,10.6904
1968.98,0.0751082,0.000253039,14688,4.12846,2.24938,10.6197
1978.11,0.0744166,0.000250709,14689,4.15103,2.23844,10.5497
1987.19,0.0737381,0.000248423,14690,4.17314,2.22758,10.4802
1996.22,0.0730723,0.00024618,14691,4.1948,2.21677,10.4112
2005.2,0.0724189,0.000243979,14692,4.216,2.20603,10.3428
2014.14,0.0717775,0.000241818,14693,4.23678,2.19536,10.2749
2023.04,0.0711478,0.000239697,14694,4.25713,2.18474,10.2076
2031.88,0.0705296,0.000237614,14695,4.27707,2.17419,10.1408
2040.68,0.0699225,0.000235569,14696,4.2966,2.1637,10.0745
2049.44,0.0693263,0.00023356,14697,4.31574,2.15326,10.0087
2058.15,0.0687407,0.000231587,14698,4.33448,2.14289,9.94334
2066.82,0.0681655,0.000229649,14699,4.35285,2.13258,9.87851
2075.44,0.0676004,0.000227745,14700,4.37085,2.12232,9.81416
2084.02,0.0670451,0.000225874,14701,4.38848,2.11212,9.75028
2092.55,0.0664994,0.000224036,14702,4.40575,2.10198,9.68687
2101.04,0.0659631,0.000222229,14703,4.42268,2.09189,9.62392
2109.48,0.0654359,0.000220453,14704,4.43926,2.08186,9.56142
2117.89,0.0649178,0.000218708,14705,4.45551,2.07188,9.49937
2126.25,0.0644083,0.000216991,14706,4.47143,2.06196,9.43775
2134.56,0.0639074,0.000215304,14707,4.48703,2.05209,9.37657
2142.84,0.0634148,0.000213644,14708,4.50232,2.04227,9.31581
2151.07,0.0629303,0.000212012,14709,4.5173,2.03251,9.25547
2159.26,0.0624539,0.000210407,14710,4.53197,2.02279,9.19555
2167.41,0.0619851,0.000208828,14711,4.54635,2.01313,9.13604
2175.51,0.061524,0.000207274,14712,4.56044,2.00351,9.07692
2183.58,0.0610704,0.000205746,14713,4.57424,1.99395,9.01821
2191.6,0.060624,0.000204242,14714,4.58777,1.98444,8.95988
2199.59,0.0601847,0.000202762,14715,4.60102,1.97497,8.90194
2207.53,0.0597524,0.000201305,14716,4.614,1.96555,8.84438
2215.43,0.0593269,0.000199872,14717,4.62672,1.95618,8.7872
2223.3,0.058908,0.000198461,14718,4.63918,1.94685,8.73038
2231.12,0.0584957,0.000197072,14719,4.65138,1.93758,8.67393
2238.9,0.0580897,0.000195704,14720,4.66334,1.92834,8.61784
2246.64,0.05769,0.000194357,14721,4.67505,1.91916,8.5621
2254.35,0.0572964,0.000193031,14722,4.68652,1.91001,8.50672
2262.01,0.0569087,0.000191725,14723,4.69775,1.90091,8.45168
2269.64,0.056527,0.000190439,14724,4.70876,1.89186,8.39697
2277.22,0.0561509,0.000189172,14725,4.71953,1.88285,8.34261
2284.77,0.0557805,0.000187924,14726,4.73009,1.87388,8.28858
2292.28,0.0554156,0.000186695,14727,4.74042,1.86495,8.23487
2299.76,0.0550561,0.000185484,14728,4.75054,1.85606,8.18149
2307.19,0.0547019,0.00018429,14729,4.76045,1.84722,8.12842
2314.59,0.0543528,0.000183114,14730,4.77014,1.83841,8.07567
2321.94,0.0540089,0.000181956,14731,4.77964,1.82965,8.02323
2329.27,0.0536699,0.000180813,14732,4.78893,1.82093,7.97109
2336.55,0.0533358,0.000179688,14733,4.79803,1.81224,7.91926
2343.8,0.0530064,0.000178578,14734,4.80693,1.8036,7.86773
2351.01,0.0526818,0.000177485,14735,4.81564,1.79499,7.81649
2358.18,0.0523618,0.000176407,14736,4.82416,1.78642,7.76554
2365.32,0.0520463,0.000175344,14737,4.8325,1.77789,7.71488
2372.42,0.0517352,0.000174296,14738,4.84066,1.76939,7.66451
2379.48,0.0514284,0.000173262,14739,4.84864,1.76093,7.61441
2386.51,0.051126,0.000172243,14740,4.85644,1.75251,7.56459
2393.51,0.0508276,0.000171238,14741,4.86407,1.74413,7.51504
2400.46,0.0505335,0.000170247,14742,4.87154,1.73578,7.46576
2407.38,0.0502433,0.000169269,14743,4.87883,1.72746,7.41675
2414.27,0.0499571,0.000168305,14744,4.88596,1.71918,7.36801
2421.12,0.0496747,0.000167354,14745,4.89293,1.71094,7.31952
2427.94,0.0493962,0.000166416,14746,4.89973,1.70273,7.27129
2434.72,0.0491214,0.00016549,14747,4.90638,1.69455,7.22331
2441.47,0.0488503,0.000164577,14748,4.91288,1.6864,7.17558
2448.18,0.0485829,0.000163675,14749,4.91922,1.67829,7.1281
2454.85,0.0483189,0.000162786,14750,4.92542,1.67021,7.08087
2461.5,0.0480585,0.000161909,14751,4.93147,1.66217,7.03388
2468.11,0.0478014,0.000161043,14752,4.93737,1.65415,6.98712
2474.68,0.0475477,0.000160188,14753,4.94313,1.64617,6.94061
2481.22,0.0472974,0.000159344,14754,4.94874,1.63822,6.89432
2487.73,0.0470502,0.000158512,14755,4.95422,1.6303,6.84827
2494.21,0.0468063,0.00015769,14756,4.95957,1.62241,6.80244
2500.65,0.0465655,0.000156879,14757,4.96477,1.61455,6.75684
2507.05,0.0463278,0.000156078,14758,4.96985,1.60672,6.71146
2513.43,0.0460931,0.000155287,14759,4.97479,1.59892,6.6663
2519.77,0.0458614,0.000154507,14760,4.97961,1.59115,6.62136
2526.08,0.0456326,0.000153736,14761,4.98429,1.5834,6.57664
2532.35,0.0454067,0.000152975,14762,4.98886,1.57569,6.53212
2538.6,0.0451836,0.000152223,14763,4.9933,1.56801,6.48782
2544.81,0.0449633,0.000151481,14764,4.99761,1.56035,6.44372
2550.99,0.0447458,0.000150748,14765,5.00181,1.55272,6.39983
2557.13,0.044531,0.000150025,14766,5.00589,1.54512,6.35615
2563.25,0.0443188,0.00014931,14767,5.00985,1.53754,6.31266
2569.33,0.0441092,0.000148604,14768,5.0137,1.53,6.26937
2575.38,0.0439022,0.000147906,14769,5.01743,1.52248,6.22628
2581.4,0.0436977,0.000147217,14770,5.02105,1.51498,6.18338
2587.38,0.0434958,0.000146537,14771,5.02456,1.50751,6.14068
2593.34,0.0432962,0.000145865,14772,5.02796,1.50007,6.09816
2599.26,0.0430991,0.000145201,14773,5.03126,1.49265,6.05583
2605.16,0.0429043,0.000144544,14774,5.03444,1.48526,6.01369
2611.02,0.0427119,0.000143896,14775,5.03753,1.4779,5.97173
2616.85,0.0425218,0.000143256,14776,5.0405,1.47056,5.92995
2622.65,0.042334,0.000142623,14777,5.04338,1.46324,5.88836
2628.42,0.0421483,0.000141998,14778,5.04616,1.45595,5.84694
2634.15,0.0419649,0.00014138,14779,5.04883,1.44868,5.80569
2639.86,0.0417836,0.000140769,14780,5.05141,1.44143,5.76462
2645.54,0.0416045,0.000140165,14781,5.05389,1.43421,5.72372
2651.19,0.0414275,0.000139569,14782,5.05628,1.42701,5.683
2656.8,0.0412525,0.00013898,14783,5.05857,1.41984,5.64244
2662.39,0.0410796,0.000138397,14784,5.06077,1.41269,5.60205
2667.94,0.0409087,0.000137821,14785,5.06287,1.40556,5.56182
2673.47,0.0407397,0.000137252,14786,5.06488,1.39845,5.52175
2678.97,0.0405727,0.000136689,14787,5.06681,1.39137,5.48185
2684.43,0.0404077,0.000136133,14788,5.06864,1.38431,5.44211
2689.87,0.0402445,0.000135583,14789,5.07039,1.37727,5.40252
2695.28,0.0400832,0.00013504,14790,5.07205,1.37025,5.36309
2700.65,0.0399237,0.000134503,14791,5.07362,1.36325,5.32382
2706,0.039766,0.000133972,14792,5.07511,1.35627,5.2847
2711.32,0.0396102,0.000133446,14793,5.07652,1.34932,5.24573
2716.61,0.039456,0.000132927,14794,5.07784,1.34238,5.20691
2721.87,0.0393037,0.000132414,14795,5.07908,1.33547,5.16824
2727.1,0.039153,0.000131906,14796,5.08024,1.32857,5.12971
2732.31,0.039004,0.000131404,14797,5.08132,1.3217,5.09134
2737.48,0.0388567,0.000130908,14798,5.08232,1.31484,5.0531
2742.63,0.0387111,0.000130417,14799,5.08324,1.30801,5.01501
2747.74,0.0385671,0.000129932,14800,5.08408,1.30119,4.97706
2752.83,0.0384246,0.000129452,14801,5.08485,1.2944,4.93925
2757.89,0.0382838,0.000128978,14802,5.08554,1.28762,4.90157
2762.92,0.0381444,0.000128508,14803,5.08616,1.28086,4.86404
2767.93,0.0380067,0.000128044,14804,5.0867,1.27413,4.82664
2772.9,0.0378704,0.000127585,14805,5.08717,1.26741,4.78937
2777.85,0.0377357,0.000127131,14806,5.08757,1.2607,4.75224
2782.77,0.0376024,0.000126682,14807,5.0879,1.25402,4.71524
2787.66,0.0374706,0.000126238,14808,5.08815,1.24735,4.67836
2792.52,0.0373402,0.000125799,14809,5.08834,1.24071,4.64162
2797.35,0.0372112,0.000125364,14810,5.08845,1.23408,4.605
2802.16,0.0370837,0.000124935,14811,5.0885,1.22746,4.56852
2806.94,0.0369575,0.00012451,14812,5.08848,1.22087,4.53215
2811.69,0.0368327,0.000124089,14813,5.08839,1.21429,4.49591
2816.42,0.0367092,0.000123673,14814,5.08823,1.20773,4.45979
2821.11,0.0365871,0.000123262,14815,5.08801,1.20118,4.4238
2825.78,0.0364662,0.000122855,14816,5.08772,1.19466,4.38792
2830.43,0.0363467,0.000122452,14817,5.08737,1.18815,4.35216
2835.04,0.0362285,0.000122053,14818,5.08695,1.18165,4.31652
2839.63,0.0361115,0.000121659,14819,5.08647,1.17517,4.281
2844.19,0.0359958,0.00012127,14820,5.08593,1.16871,4.2456
2848.72,0.0358813,0.000120884,14821,5.08532,1.16226,4.2103
2853.23,0.035768,0.000120502,14822,5.08466,1.15583,4.17512
2857.71,0.0356559,0.000120125,14823,5.08393,1.14942,4.14006
2862.17,0.035545,0.000119751,14824,5.08314,1.14302,4.1051
2866.59,0.0354353,0.000119381,14825,5.08229,1.13663,4.07026
2870.99,0.0353268,0.000119016,14826,5.08138,1.13026,4.03552
2875.37,0.0352194,0.000118654,14827,5.08041,1.12391,4.00089
2879.71,0.0351132,0.000118296,14828,5.07939,1.11757,3.96637
2884.04,0.035008,0.000117942,14829,5.07831,1.11124,3.93196
2888.33,0.034904,0.000117591,14830,5.07716,1.10493,3.89765
2892.6,0.0348011,0.000117245,14831,5.07597,1.09864,3.86344
2896.84,0.0346992,0.000116901,14832,5.07471,1.09235,3.82934
2901.06,0.0345984,0.000116562,14833,5.0734,1.08609,3.79534
2905.25,0.0344987,0.000116226,14834,5.07204,1.07983,3.76144
2909.41,0.0344001,0.000115894,14835,5.07062,1.07359,3.72764
2913.55,0.0343024,0.000115565,14836,5.06914,1.06737,3.69394
2917.66,0.0342058,0.000115239,14837,5.06762,1.06115,3.66034
2921.74,0.0341102,0.000114917,14838,5.06603,1.05495,3.62683
2925.8,0.0340156,0.000114598,14839,5.0644,1.04877,3.59342
2929.84,0.033922,0.000114283,14840,5.06271,1.0426,3.56011
2933.85,0.0338293,0.000113971,14841,5.06097,1.03644,3.52689
2937.83,0.0337377,0.000113662,14842,5.05918,1.03029,3.49377
2941.79,0.033647,0.000113356,14843,5.05734,1.02416,3.46074
2945.72,0.0335572,0.000113054,14844,5.05544,1.01803,3.4278
2949.63,0.0334684,0.000112755,14845,5.0535,1.01193,3.39495
2953.51,0.0333805,0.000112459,14846,5.0515,1.00583,3.36219
2957.36,0.0332935,0.000112165,14847,5.04946,0.999746,3.32952
2961.2,0.0332074,0.000111875,14848,5.04736,0.993674,3.29694
2965,0.0331222,0.000111588,14849,5.04522,0.987615,3.26445
2968.78,0.0330379,0.000111304,14850,5.04303,0.981567,3.23204
2972.54,0.0329545,0.000111023,14851,5.04079,0.975531,3.19972
2976.27,0.0328719,0.000110745,14852,5.0385,0.969507,3.16749
2979.97,0.0327902,0.00011047,14853,5.03616,0.963494,3.13534
2983.65,0.0327094,0.000110198,14854,5.03378,0.957493,3.10327
2987.31,0.0326294,0.000109928,14855,5.03135,0.951503,3.07129
2990.94,0.0325502,0.000109662,14856,5.02887,0.945525,3.03939
2994.54,0.0324719,0.000109398,14857,5.02635,0.939558,3.00757
2998.12,0.0323944,0.000109136,14858,5.02378,0.933601,2.97583
3001.68,0.0323177,0.000108878,14859,5.02117,0.927656,2.94417
3005.21,0.0322418,0.000108622,14860,5.01851,0.921721,2.9126
3008.72,0.0321666,0.000108369,14861,5.0158,0.915798,2.8811
3012.2,0.0320923,0.000108119,14862,5.01305,0.909884,2.84967
3015.66,0.0320188,0.000107871,14863,5.01026,0.903981,2.81833
3019.09,0.031946,0.000107626,14864,5.00742,0.898089,2.78706
3022.5,0.031874,0.000107383,14865,5.00453,0.892207,2.75586
3025.89,0.0318027,0.000107143,14866,5.00161,0.886335,2.72475
3029.25,0.0317322,0.000106905,14867,4.99864,0.880473,2.6937
3032.58,0.0316624,0.00010667,14868,4.99563,0.874621,2.66273
3035.89,0.0315933,0.000106438,14869,4.99257,0.868779,2.63183
3039.18,0.031525,0.000106208,14870,4.98947,0.862947,2.60101
3042.44,0.0314574,0.00010598,14871,4.98633,0.857124,2.57025
3045.68,0.0313906,0.000105755,14872,4.98315,0.851311,2.53957
3048.9,0.0313244,0.000105532,14873,4.97993,0.845508,2.50896
3052.09,0.0312589,0.000105311,14874,4.97666,0.839713,2.47841
3055.26,0.0311941,0.000105093,14875,4.97335,0.833928,2.44794
3058.4,0.03113,0.000104877,14876,4.97,0.828153,2.41753
3061.52,0.0310666,0.000104663,14877,4.96661,0.822386,2.3872
3064.62,0.0310039,0.000104452,14878,4.96318,0.816628,2.35693
3067.69,0.0309418,0.000104243,14879,4.95971,0.810879,2.32672
3070.74,0.0308804,0.000104036,14880,4.9562,0.805139,2.29658
3073.76,0.0308197,0.000103831,14881,4.95265,0.799408,2.26651
3076.76,0.0307596,0.000103629,14882,4.94906,0.793685,2.2365
3079.74,0.0307002,0.000103429,14883,4.94543,0.787971,2.20656
3082.69,0.0306414,0.000103231,14884,4.94176,0.782265,2.17668
3085.62,0.0305832,0.000103035,14885,4.93806,0.776568,2.14686
3088.53,0.0305257,0.000102841,14886,4.93431,0.770878,2.1171
3091.41,0.0304687,0.000102649,14887,4.93052,0.765197,2.08741
3094.27,0.0304125,0.000102459,14888,4.9267,0.759524,2.05777
3097.11,0.0303568,0.000102272,14889,4.92283,0.753859,2.0282
3099.92,0.0303017,0.000102086,14890,4.91893,0.748202,1.99869
3102.71,0.0302473,0.000101903,14891,4.91499,0.742553,1.96924
3105.48,0.0301934,0.000101721,14892,4.91102,0.736911,1.93984
3108.22,0.0301401,0.000101542,14893,4.907,0.731277,1.91051
3110.94,0.0300875,0.000101364,14894,4.90295,0.72565,1.88123
3113.64,0.0300354,0.000101189,14895,4.89886,0.720031,1.85201
3116.31,0.0299839,0.000101015,14896,4.89473,0.71442,1.82285
3118.96,0.0299329,0.000100844,14897,4.89057,0.708815,1.79374
3121.59,0.0298826,0.000100674,14898,4.88636,0.703218,1.76469
3124.19,0.0298328,0.000100506,14899,4.88213,0.697628,1.73569
3126.77,0.0297836,0.000100341,14900,4.87785,0.692045,1.70675
3129.33,0.0297349,0.000100177,14901,4.87354,0.686469,1.67786
3131.86,0.0296868,0.000100015,14902,4.86919,0.6809,1.64903
3134.38,0.0296392,9.98543e-05,14903,4.86481,0.675338,1.62025
3136.87,0.0295922,9.96959e-05,14904,4.86039,0.669782,1.59152
3139.33,0.0295457,9.95393e-05,14905,4.85593,0.664233,1.56285
3141.77,0.0294998,9.93846e-05,14906,4.85144,0.658691,1.53422
3144.19,0.0294544,9.92316e-05,14907,4.84691,0.653155,1.50565
3146.59,0.0294095,9.90805e-05,14908,4.84235,0.647625,1.47713
3148.97,0.0293652,9.89311e-05,14909,4.83775,0.642102,1.44865
3151.32,0.0293213,9.87834e-05,14910,4.83312,0.636585,1.42023
3153.65,0.029278,9.86375e-05,14911,4.82845,0.631074,1.39186
3155.96,0.0292352,9.84934e-05,14912,4.82374,0.625569,1.36353
3158.24,0.029193,9.8351e-05,14913,4.819,0.62007,1.33526
3160.5,0.0291512,9.82103e-05,14914,4.81423,0.614578,1.30703
3162.74,0.02911,9.80713e-05,14915,4.80942,0.609091,1.27885
3164.96,0.0290692,9.79339e-05,14916,4.80458,0.60361,1.25072
3167.15,0.0290289,9.77983e-05,14917,4.7997,0.598134,1.22263
3169.32,0.0289892,9.76643e-05,14918,4.79479,0.592664,1.19459
3171.47,0.0289499,9.7532e-05,14919,4.78984,0.5872,1.16659
3173.6,0.0289111,9.74014e-05,14920,4.78486,0.581741,1.13864
3175.7,0.0288728,9.72723e-05,14921,4.77984,0.576288,1.11073
3177.78,0.028835,9.71449e-05,14922,4.77479,0.57084,1.08287
3179.84,0.0287977,9.70192e-05,14923,4.76971,0.565398,1.05505
3181.88,0.0287608,9.6895e-05,14924,4.76459,0.55996,1.02728
3183.9,0.0287244,9.67724e-05,14925,4.75944,0.554528,0.999548
3185.89,0.0286885,9.66514e-05,14926,4.75425,0.5491,0.971859
3187.86,0.0286531,9.6532e-05,14927,4.74904,0.543678,0.944212
3189.81,0.0286181,9.64141e-05,14928,4.74378,0.538261,0.916607
3191.73,0.0285836,9.62978e-05,14929,4.7385,0.532848,0.889042
3193.63,0.0285495,9.61831e-05,14930,4.73318,0.52744,0.861519
3195.52,0.0285159,9.60699e-05,14931,4.72782,0.522037,0.834036
3197.37,0.0284827,9.59582e-05,14932,4.72244,0.516639,0.806593
3199.21,0.02845,9.5848e-05,14933,4.71702,0.511245,0.77919
3201.03,0.0284178,9.57394e-05,14934,4.71157,0.505856,0.751826
3202.82,0.028386,9.56322e-05,14935,4.70608,0.500471,0.724501
3204.59,0.0283546,9.55266e-05,14936,4.70056,0.49509,0.697214
3206.34,0.0283237,9.54224e-05,14937,4.69501,0.489714,0.669965
3208.06,0.0282932,9.53198e-05,14938,4.68942,0.484342,0.642754
3209.77,0.0282632,9.52185e-05,14939,4.6838,0.478974,0.61558
3211.45,0.0282336,9.51188e-05,14940,4.67815,0.47361,0.588443
3213.11,0.0282044,9.50205e-05,14941,4.67247,0.468251,0.561342
3214.75,0.0281757,9.49237e-05,14942,4.66675,0.462895,0.534277
3216.37,0.0281474,9.48283e-05,14943,4.661,0.457543,0.507248
3217.96,0.0281195,9.47344e-05,14944,4.65522,0.452195,0.480254
3219.53,0.028092,9.46418e-05,14945,4.6494,0.446851,0.453295
3221.08,0.028065,9.45507e-05,14946,4.64356,0.44151,0.426371
3222.61,0.0280383,9.4461e-05,14947,4.63768,0.436173,0.399481
3224.12,0.0280121,9.43727e-05,14948,4.63176,0.43084,0.372624
3225.61,0.0279863,9.42858e-05,14949,4.62582,0.42551,0.345801
3227.07,0.027961,9.42003e-05,14950,4.61984,0.420183,0.319011
3228.51,0.027936,9.41162e-05,14951,4.61383,0.41486,0.292254
3229.93,0.0279114,9.40335e-05,14952,4.60778,0.40954,0.265529
3231.33,0.0278873,9.39521e-05,14953,4.60171,0.404224,0.238836
3232.71,0.0278636,9.38721e-05,14954,4.5956,0.39891,0.212174
3234.06,0.0278402,9.37935e-05,14955,4.58946,0.3936,0.185544
3235.39,0.0278173,9.37163e-05,14956,4.58329,0.388293,0.158945
3236.7,0.0277947,9.36403e-05,14957,4.57708,0.382989,0.132376
3237.99,0.0277726,9.35658e-05,14958,4.57084,0.377688,0.105837
3239.26,0.0277509,9.34925e-05,14959,4.56457,0.372389,0.0793282
3240.51,0.0277295,9.34206e-05,14960,4.55827,0.367094,0.0528488
3241.73,0.0277086,9.33501e-05,14961,4.55193,0.361801,0.0263985
3242.94,0.027688,9.32808e-05,14962,4.54557,0.356511,-2.30174e-05
3244.12,0.0276679,9.32129e-05,14963,4.53917,0.351223,-0.0264161
3245.28,0.0276481,9.31463e-05,14964,4.53273,0.345938,-0.0527811
3246.42,0.0276287,9.3081e-05,14965,4.52627,0.340656,-0.0791183
3247.53,0.0276097,9.3017e-05,14966,4.51977,0.335375,-0.105428
3248.63,0.0275911,9.29543e-05,14967,4.51324,0.330098,-0.131711
3249.7,0.0275729,9.28929e-05,14968,4.50668,0.324822,-0.157967
3250.75,0.027555,9.28328e-05,14969,4.50009,0.319549,-0.184197
3251.78,0.0275376,9.27739e-05,14970,4.49346,0.314278,-0.2104
3252.79,0.0275205,9.27164e-05,14971,4.4868,0.309009,-0.236578
3253.78,0.0275038,9.26601e-05,14972,4.48011,0.303743,-0.26273
3254.75,0.0274875,9.26051e-05,14973,4.47339,0.298478,-0.288858
3255.69,0.0274715,9.25514e-05,14974,4.46663,0.293215,-0.31496
3256.61,0.0274559,9.24989e-05,14975,4.45984,0.287954,-0.341038
3257.51,0.0274408,9.24477e-05,14976,4.45302,0.282695,-0.367092
3258.39,0.0274259,9.23978e-05,14977,4.44617,0.277438,-0.393122
3259.25,0.0274115,9.23491e-05,14978,4.43928,0.272182,-0.419129
3260.09,0.0273974,9.23017e-05,14979,4.43236,0.266928,-0.445113
3260.91,0.0273837,9.22555e-05,14980,4.42541,0.261676,-0.471074
3261.7,0.0273704,9.22106e-05,14981,4.41843,0.256425,-0.497012
3262.47,0.0273574,9.21669e-05,14982,4.41141,0.251175,-0.522928
3263.23,0.0273448,9.21245e-05,14983,4.40436,0.245927,-0.548822
3263.96,0.0273326,9.20832e-05,14984,4.39728,0.240681,-0.574695
3264.66,0.0273207,9.20433e-05,14985,4.39017,0.235435,-0.600546
3265.35,0.0273092,9.20045e-05,14986,4.38302,0.230191,-0.626376
3266.02,0.0272981,9.1967e-05,14987,4.37584,0.224948,-0.652186
3266.66,0.0272873,9.19307e-05,14988,4.36863,0.219706,-0.677975
3267.29,0.0272769,9.18956e-05,14989,4.36138,0.214466,-0.703745
3267.89,0.0272668,9.18618e-05,14990,4.3541,0.209226,-0.729495
3268.47,0.0272571,9.18291e-05,14991,4.34679,0.203987,-0.755225
3269.03,0.0272478,9.17977e-05,14992,4.33945,0.198749,-0.780936
3269.57,0.0272388,9.17675e-05,14993,4.33207,0.193512,-0.806628
3270.08,0.0272302,9.17385e-05,14994,4.32466,0.188275,-0.832302
3270.58,0.027222,9.17107e-05,14995,4.31722,0.18304,-0.857958
3271.05,0.0272141,9.16841e-05,14996,4.30974,0.177804,-0.883595
3271.51,0.0272065,9.16587e-05,14997,4.30223,0.17257,-0.909216
3271.94,0.0271994,9.16345e-05,14998,4.29468,0.167336,-0.934818
3272.35,0.0271925,9.16115e-05,14999,4.28711,0.162102,-0.960404
3272.74,0.0271861,9.15898e-05,15000,4.2795,0.156869,-0.985973
3273.1,0.02718,9.15692e-05,15001,4.27185,0.151637,-1.01153
3273.45,0.0271742,9.15498e-05,15002,4.26418,0.146404,-1.03706
3273.78,0.0271688,9.15316e-05,15003,4.25646,0.141172,-1.06258
3274.08,0.0271638,9.15146e-05,15004,4.24872,0.13594,-1.08809
3274.36,0.0271591,9.14988e-05,15005,4.24094,0.130708,-1.11358
3274.62,0.0271547,9.14842e-05,15006,4.23313,0.125476,-1.13905
3274.86,0.0271508,9.14708e-05,15007,4.22528,0.120244,-1.16451
3275.08,0.0271471,9.14585e-05,15008,4.2174,0.115012,-1.18996
3275.28,0.0271439,9.14475e-05,15009,4.20949,0.10978,-1.21539
3275.46,0.0271409,9.14376e-05,15010,4.20154,0.104548,-1.24081
3275.61,0.0271384,9.1429e-05,15011,4.19356,0.0993156,-1.26621
3275.75,0.0271361,9.14215e-05,15012,4.18554,0.0940828,-1.2916
3275.86,0.0271343,9.14152e-05,15013,4.17749,0.0888497,-1.31698
3275.95,0.0271328,9.14101e-05,15014,4.1694,0.0836162,-1.34235
3276.02,0.0271316,9.14062e-05,15015,4.16128,0.0783823,-1.3677
3276.07,0.0271308,9.14034e-05,15016,4.15313,0.0731478,-1.39304
3276.1,0.0271303,9.14019e-05,15017,4.14494,0.0679127,-1.41837
3276.1,0.0271302,9.14015e-05,15018,4.13671,0.062677,-1.44369
3276.09,0.0271305,9.14024e-05,15019,4.12845,0.0574406,-1.469
3276.05,0.0271311,9.14044e-05,15020,4.12016,0.0522035,-1.49429
3276,0.027132,9.14076e-05,15021,4.11183,0.0469655,-1.51958
3275.92,0.0271333,9.14119e-05,15022,4.10346,0.0417267,-1.54485
3275.82,0.027135,9.14175e-05,15023,4.09506,0.0364869,-1.57012
3275.7,0.027137,9.14242e-05,15024,4.08663,0.0312461,-1.59537
3275.56,0.0271393,9.14322e-05,15025,4.07816,0.0260043,-1.62062
3275.39,0.027142,9.14413e-05,15026,4.06965,0.0207614,-1.64585
3275.21,0.0271451,9.14516e-05,15027,4.06111,0.0155173,-1.67108
3275,0.0271485,9.14631e-05,15028,4.05253,0.010272,-1.6963
3274.77,0.0271523,9.14758e-05,15029,4.04392,0.00502538,-1.72151
3274.53,0.0271564,9.14897e-05,15030,4.03527,-0.000222558,-1.74671
3274.26,0.0271609,9.15048e-05,15031,4.02658,-0.0054719,-1.7719
3273.97,0.0271657,9.1521e-05,15032,4.01786,-0.0107227,-1.79709
3273.65,0.0271709,9.15385e-05,15033,4.0091,-0.015975,-1.82227
3273.32,0.0271764,9.15571e-05,15034,4.00031,-0.0212289,-1.84744
3272.96,0.0271823,9.1577e-05,15035,3.99148,-0.0264845,-1.8726
3272.59,0.0271885,9.1598e-05,15036,3.98261,-0.0317417,-1.89776
3272.19,0.0271951,9.16203e-05,15037,3.9737,-0.0370007,-1.92291
3271.77,0.0272021,9.16437e-05,15038,3.96476,-0.0422615,-1.94806
3271.33,0.0272094,9.16683e-05,15039,3.95578,-0.0475242,-1.9732
3270.87,0.0272171,9.16942e-05,15040,3.94676,-0.0527888,-1.99833
3270.39,0.0272251,9.17212e-05,15041,3.93771,-0.0580554,-2.02346
3269.89,0.0272335,9.17495e-05,15042,3.92862,-0.0633241,-2.04859
3269.36,0.0272422,9.1779e-05,15043,3.91949,-0.0685949,-2.07371
3268.81,0.0272514,9.18097e-05,15044,3.91032,-0.0738679,-2.09882
3268.25,0.0272608,9.18416e-05,15045,3.90112,-0.0791431,-2.12393
3267.66,0.0272707,9.18747e-05,15046,3.89188,-0.0844206,-2.14904
3267.05,0.0272808,9.1909e-05,15047,3.8826,-0.0897004,-2.17415
3266.42,0.0272914,9.19446e-05,15048,3.87328,-0.0949827,-2.19925
3265.76,0.0273023,9.19813e-05,15049,3.86392,-0.100267,-2.22435
3265.09,0.0273136,9.20193e-05,15050,3.85452,-0.105555,-2.24944
3264.39,0.0273252,9.20586e-05,15051,3.84509,-0.110845,-2.27454
3263.68,0.0273372,9.2099e-05,15052,3.83561,-0.116137,-2.29963
3262.94,0.0273496,9.21407e-05,15053,3.8261,-0.121433,-2.32472
3262.18,0.0273624,9.21836e-05,15054,3.81655,-0.126731,-2.3498
3261.4,0.0273755,9.22278e-05,15055,3.80696,-0.132032,-2.37489
3260.59,0.027389,9.22732e-05,15056,3.79732,-0.137335,-2.39997
3259.77,0.0274028,9.23199e-05,15057,3.78765,-0.142642,-2.42506
3258.92,0.027417,9.23678e-05,15058,3.77794,-0.147952,-2.45014
3258.06,0.0274316,9.2417e-05,15059,3.76819,-0.153265,-2.47523
3257.17,0.0274466,9.24674e-05,15060,3.7584,-0.158581,-2.50031
3256.26,0.0274619,9.25191e-05,15061,3.74857,-0.1639,-2.52539
3255.33,0.0274776,9.2572e-05,15062,3.73869,-0.169223,-2.55048
3254.37,0.0274937,9.26262e-05,15063,3.72878,-0.174549,-2.57556
3253.4,0.0275102,9.26817e-05,15064,3.71883,-0.179878,-2.60065
3252.4,0.027527,9.27385e-05,15065,3.70883,-0.185211,-2.62574
3251.39,0.0275443,9.27965e-05,15066,3.6988,-0.190548,-2.65083
3250.35,0.0275619,9.28558e-05,15067,3.68872,-0.195888,-2.67592
3249.29,0.0275799,9.29165e-05,15068,3.6786,-0.201231,-2.70101
3248.21,0.0275983,9.29784e-05,15069,3.66844,-0.206579,-2.72611
3247.1,0.027617,9.30416e-05,15070,3.65823,-0.21193,-2.7512
3245.98,0.0276362,9.31061e-05,15071,3.64798,-0.217285,-2.77631
3244.83,0.0276557,9.31719e-05,15072,3.6377,-0.222644,-2.80141
3243.66,0.0276756,9.3239e-05,15073,3.62737,-0.228007,-2.82652
3242.47,0.0276959,9.33074e-05,15074,3.61699,-0.233374,-2.85163
3241.26,0.0277166,9.33772e-05,15075,3.60657,-0.238745,-2.87675
3240.03,0.0277377,9.34483e-05,15076,3.59611,-0.244121,-2.90187
3238.77,0.0277592,9.35207e-05,15077,3.58561,-0.2495,-2.927
3237.5,0.0277811,9.35944e-05,15078,3.57506,-0.254884,-2.95213
3236.2,0.0278034,9.36695e-05,15079,3.56447,-0.260273,-2.97726
3234.88,0.0278261,9.3746e-05,15080,3.55383,-0.265666,-3.0024
3233.54,0.0278492,9.38237e-05,15081,3.54315,-0.271063,-3.02755
3232.18,0.0278727,9.39029e-05,15082,3.53243,-0.276465,-3.0527
3230.79,0.0278966,9.39834e-05,15083,3.52166,-0.281871,-3.07786
3229.38,0.0279209,9.40653e-05,15084,3.51084,-0.287283,-3.10303
3227.96,0.0279456,9.41486e-05,15085,3.49998,-0.292699,-3.1282
3226.51,0.0279707,9.42332e-05,15086,3.48908,-0.29812,-3.15338
3225.03,0.0279963,9.43193e-05,15087,3.47813,-0.303546,-3.17857
3223.54,0.0280222,9.44067e-05,15088,3.46713,-0.308977,-3.20377
3222.03,0.0280486,9.44955e-05,15089,3.45609,-0.314413,-3.22897
3220.49,0.0280754,9.45858e-05,15090,3.445,-0.319854,-3.25418
3218.93,0.0281026,9.46774e-05,15091,3.43386,-0.325301,-3.2794
3217.35,0.0281302,9.47705e-05,15092,3.42267,-0.330752,-3.30463
3215.74,0.0281583,9.4865e-05,15093,3.41144,-0.336209,-3.32987
3214.12,0.0281867,9.4961e-05,15094,3.40017,-0.341672,-3.35512
3212.47,0.0282157,9.50584e-05,15095,3.38884,-0.34714,-3.38037
3210.8,0.028245,9.51572e-05,15096,3.37746,-0.352614,-3.40564
3209.11,0.0282748,9.52575e-05,15097,3.36604,-0.358093,-3.43092
3207.4,0.028305,9.53593e-05,15098,3.35457,-0.363578,-3.45621
3205.66,0.0283356,9.54625e-05,15099,3.34305,-0.369069,-3.48151
3203.91,0.0283667,9.55673e-05,15100,3.33148,-0.374565,-3.50682
3202.13,0.0283982,9.56735e-05,15101,3.31986,-0.380068,-3.53214
3200.33,0.0284302,9.57812e-05,15102,3.3082,-0.385577,-3.55747
3198.5,0.0284626,9.58905e-05,15103,3.29648,-0.391091,-3.58282
3196.66,0.0284955,9.60012e-05,15104,3.28471,-0.396612,-3.60818
3194.79,0.0285288,9.61135e-05,15105,3.27289,-0.402139,-3.63355
3192.9,0.0285626,9.62273e-05,15106,3.26102,-0.407673,-3.65893
3190.99,0.0285968,9.63426e-05,15107,3.2491,-0.413213,-3.68433
3189.05,0.0286315,9.64595e-05,15108,3.23713,-0.418759,-3.70974
3187.1,0.0286667,9.6578e-05,15109,3.2251,-0.424312,-3.73516
3185.12,0.0287023,9.6698e-05,15110,3.21303,-0.429872,-3.7606
3183.12,0.0287384,9.68196e-05,15111,3.2009,-0.435438,-3.78605
3181.1,0.028775,9.69428e-05,15112,3.18872,-0.441011,-3.81152
3179.05,0.028812,9.70676e-05,15113,3.17649,-0.446591,-3.837
3176.98,0.0288496,9.7194e-05,15114,3.1642,-0.452178,-3.8625
3174.89,0.0288876,9.7322e-05,15115,3.15186,-0.457772,-3.88801
3172.78,0.0289261,9.74517e-05,15116,3.13946,-0.463373,-3.91354
3170.64,0.028965,9.7583e-05,15117,3.12702,-0.468981,-3.93908
3168.49,0.0290045,9.77159e-05,15118,3.11451,-0.474596,-3.96464
3166.31,0.0290444,9.78506e-05,15119,3.10195,-0.480219,-3.99022
3164.1,0.0290849,9.79868e-05,15120,3.08934,-0.485849,-4.01582
3161.88,0.0291258,9.81248e-05,15121,3.07667,-0.491487,-4.04143
3159.63,0.0291673,9.82645e-05,15122,3.06394,-0.497133,-4.06706
3157.36,0.0292093,9.84058e-05,15123,3.05116,-0.502786,-4.09271
3155.07,0.0292517,9.85489e-05,15124,3.03832,-0.508447,-4.11838
3152.75,0.0292947,9.86937e-05,15125,3.02543,-0.514115,-4.14406
3150.41,0.0293382,9.88403e-05,15126,3.01248,-0.519792,-4.16977
3148.05,0.0293822,9.89886e-05,15127,2.99946,-0.525477,-4.19549
3145.67,0.0294268,9.91387e-05,15128,2.9864,-0.53117,-4.22123
3143.26,0.0294719,9.92906e-05,15129,2.97327,-0.536871,-4.247
3140.83,0.0295175,9.94442e-05,15130,2.96008,-0.54258,-4.27278
3138.38,0.0295636,9.95997e-05,15131,2.94683,-0.548298,-4.29859
3135.91,0.0296103,9.9757e-05,15132,2.93353,-0.554024,-4.32441
3133.41,0.0296575,9.99161e-05,15133,2.92016,-0.559759,-4.35026
3130.89,0.0297053,0.000100077,15134,2.90674,-0.565502,-4.37612
3128.34,0.0297536,0.00010024,15135,2.89325,-0.571254,-4.40201
3125.78,0.0298025,0.000100405,15136,2.8797,-0.577015,-4.42793
3123.19,0.029852,0.000100571,15137,2.86609,-0.582785,-4.45386
3120.57,0.029902,0.00010074,15138,2.85242,-0.588564,-4.47982
3117.94,0.0299526,0.00010091,15139,2.83868,-0.594352,-4.5058
3115.28,0.0300037,0.000101082,15140,2.82488,-0.60015,-4.5318
3112.6,0.0300554,0.000101257,15141,2.81102,-0.605956,-4.55783
3109.89,0.0301078,0.000101433,15142,2.79709,-0.611772,-4.58388
3107.16,0.0301607,0.000101611,15143,2.7831,-0.617598,-4.60996
3104.41,0.0302142,0.000101791,15144,2.76905,-0.623433,-4.63606
3101.64,0.0302682,0.000101974,15145,2.75492,-0.629278,-4.66219
3098.84,0.0303229,0.000102158,15146,2.74074,-0.635132,-4.68834
3096.02,0.0303782,0.000102344,15147,2.72648,-0.640997,-4.71452
3093.17,0.0304342,0.000102532,15148,2.71216,-0.646872,-4.74072
3090.3,0.0304907,0.000102723,15149,2.69778,-0.652756,-4.76695
3087.41,0.0305478,0.000102915,15150,2.68332,-0.658651,-4.79321
3084.49,0.0306056,0.00010311,15151,2.6688,-0.664556,-4.8195
3081.55,0.030664,0.000103307,15152,2.65421,-0.670472,-4.84581
3078.59,0.0307231,0.000103506,15153,2.63955,-0.676398,-4.87215
3075.61,0.0307828,0.000103707,15154,2.62482,-0.682334,-4.89852
3072.6,0.0308431,0.00010391,15155,2.61001,-0.688282,-4.92492
3069.56,0.0309041,0.000104116,15156,2.59514,-0.69424,-4.95134
3066.5,0.0309657,0.000104323,15157,2.5802,-0.700209,-4.9778
3063.42,0.0310281,0.000104533,15158,2.56518,-0.706189,-5.00429
3060.32,0.0310911,0.000104746,15159,2.5501,-0.71218,-5.0308
3057.19,0.0311547,0.00010496,15160,2.53494,-0.718183,-5.05735
3054.04,0.0312191,0.000105177,15161,2.5197,-0.724197,-5.08393
3050.86,0.0312841,0.000105396,15162,2.50439,-0.730222,-5.11054
3047.66,0.0313499,0.000105618,15163,2.48901,-0.736259,-5.13718
3044.44,0.0314163,0.000105841,15164,2.47355,-0.742308,-5.16385
3041.19,0.0314835,0.000106068,15165,2.45802,-0.748369,-5.19056
3037.91,0.0315513,0.000106296,15166,2.44241,-0.754441,-5.21729
3034.62,0.0316199,0.000106527,15167,2.42672,-0.760526,-5.24407
3031.3,0.0316893,0.000106761,15168,2.41096,-0.766623,-5.27087
3027.95,0.0317593,0.000106997,15169,2.39512,-0.772732,-5.29771
3024.58,0.0318301,0.000107236,15170,2.37919,-0.778853,-5.32458
3021.19,0.0319017,0.000107477,15171,2.36319,-0.784987,-5.35149
3017.77,0.031974,0.00010772,15172,2.34711,-0.791134,-5.37844
3014.33,0.0320471,0.000107966,15173,2.33095,-0.797293,-5.40542
3010.86,0.0321209,0.000108215,15174,2.31471,-0.803466,-5.43243
3007.37,0.0321956,0.000108467,15175,2.29838,-0.809651,-5.45948
3003.85,0.032271,0.000108721,15176,2.28197,-0.81585,-5.48657
3000.31,0.0323472,0.000108978,15177,2.26548,-0.822061,-5.5137
2996.74,0.0324242,0.000109237,15178,2.24891,-0.828287,-5.54086
2993.15,0.0325021,0.000109499,15179,2.23225,-0.834526,-5.56806
2989.54,0.0325807,0.000109764,15180,2.2155,-0.840778,-5.5953
2985.9,0.0326602,0.000110032,15181,2.19867,-0.847044,-5.62258
2982.23,0.0327405,0.000110303,15182,2.18175,-0.853325,-5.6499
2978.54,0.0328217,0.000110576,15183,2.16474,-0.859619,-5.67725
2974.83,0.0329037,0.000110853,15184,2.14765,-0.865927,-5.70465
2971.09,0.0329866,0.000111132,15185,2.13047,-0.87225,-5.73209
2967.32,0.0330704,0.000111414,15186,2.11319,-0.878588,-5.75957
2963.53,0.033155,0.000111699,15187,2.09583,-0.88494,-5.78709
2959.72,0.0332405,0.000111987,15188,2.07837,-0.891306,-5.81465
2955.88,0.033327,0.000112278,15189,2.06082,-0.897688,-5.84226
2952.01,0.0334143,0.000112573,15190,2.04318,-0.904085,-5.8699
2948.12,0.0335026,0.00011287,15191,2.02545,-0.910497,-5.8976
2944.2,0.0335918,0.00011317,15192,2.00762,-0.916924,-5.92533
2940.26,0.0336819,0.000113474,15193,1.98969,-0.923366,-5.95311
2936.29,0.033773,0.000113781,15194,1.97167,-0.929825,-5.98093
2932.3,0.033865,0.000114091,15195,1.95356,-0.936299,-6.0088
2928.28,0.033958,0.000114404,15196,1.93534,-0.942789,-6.03672
2924.24,0.034052,0.000114721,15197,1.91702,-0.949295,-6.06468
2920.17,0.034147,0.000115041,15198,1.89861,-0.955818,-6.09268
2916.07,0.034243,0.000115365,15199,1.88009,-0.962357,-6.12074
2911.95,0.03434,0.000115691,15200,1.86148,-0.968912,-6.14884
2907.8,0.0344381,0.000116022,15201,1.84276,-0.975484,-6.17699
2903.63,0.0345371,0.000116355,15202,1.82394,-0.982073,-6.20518
2899.43,0.0346373,0.000116693,15203,1.80501,-0.98868,-6.23343
2895.2,0.0347385,0.000117034,15204,1.78598,-0.995303,-6.26173
2890.95,0.0348407,0.000117378,15205,1.76684,-1.00194,-6.29007
2886.67,0.0349441,0.000117726,15206,1.74759,-1.0086,-6.31847
2882.37,0.0350485,0.000118078,15207,1.72824,-1.01528,-6.34691
2878.04,0.0351541,0.000118434,15208,1.70877,-1.02197,-6.37541
2873.68,0.0352608,0.000118793,15209,1.6892,-1.02868,-6.40396
2869.3,0.0353686,0.000119157,15210,1.66951,-1.03541,-6.43257
2864.89,0.0354776,0.000119524,15211,1.64972,-1.04216,-6.46122
2860.45,0.0355878,0.000119895,15212,1.6298,-1.04893,-6.48993
2855.98,0.0356991,0.00012027,15213,1.60978,-1.05572,-6.5187
2851.49,0.0358116,0.000120649,15214,1.58964,-1.06252,-6.54751
2846.98,0.0359254,0.000121032,15215,1.56938,-1.06935,-6.57639
2842.43,0.0360403,0.00012142,15216,1.549,-1.07619,-6.60532
2837.86,0.0361566,0.000121811,15217,1.52851,-1.08305,-6.6343
2833.26,0.036274,0.000122207,15218,1.50789,-1.08993,-6.66334
2828.64,0.0363928,0.000122607,15219,1.48716,-1.09684,-6.69244
2823.98,0.0365128,0.000123011,15220,1.4663,-1.10376,-6.7216
2819.3,0.0366341,0.00012342,15221,1.44531,-1.1107,-6.75082
2814.59,0.0367568,0.000123833,15222,1.4242,-1.11767,-6.78009
2809.86,0.0368807,0.000124251,15223,1.40297,-1.12465,-6.80942
2805.1,0.0370061,0.000124673,15224,1.38161,-1.13166,-6.83882
2800.31,0.0371328,0.0001251,15225,1.36012,-1.13868,-6.86827
2795.49,0.0372609,0.000125532,15226,1.3385,-1.14573,-6.89779
2790.64,0.0373904,0.000125968,15227,1.31674,-1.1528,-6.92737
2785.77,0.0375214,0.000126409,15228,1.29486,-1.15989,-6.95701
2780.87,0.0376537,0.000126855,15229,1.27284,-1.167,-6.98671
2775.94,0.0377876,0.000127306,15230,1.25068,-1.17414,-7.01648
2770.98,0.0379229,0.000127762,15231,1.22839,-1.1813,-7.04632
2765.99,0.0380598,0.000128223,15232,1.20596,-1.18848,-7.07621
2760.98,0.0381981,0.000128689,15233,1.18339,-1.19568,-7.10618
2755.94,0.038338,0.000129161,15234,1.16068,-1.20291,-7.13621
2750.87,0.0384795,0.000129637,15235,1.13782,-1.21016,-7.1663
2745.77,0.0386225,0.000130119,15236,1.11482,-1.21743,-7.19647
2740.64,0.0387672,0.000130606,15237,1.09168,-1.22473,-7.2267
2735.48,0.0389135,0.000131099,15238,1.06839,-1.23205,-7.257
2730.3,0.0390614,0.000131598,15239,1.04495,-1.23939,-7.28737
2725.09,0.039211,0.000132102,15240,1.02136,-1.24676,-7.31781
2719.84,0.0393624,0.000132612,15241,0.997611,-1.25416,-7.34832
2714.57,0.0395154,0.000133127,15242,0.973713,-1.26158,-7.3789
2709.27,0.0396702,0.000133649,15243,0.94966,-1.26902,-7.40956
2703.94,0.0398268,0.000134176,15244,0.925449,-1.27649,-7.44029
2698.58,0.0399851,0.00013471,15245,0.90108,-1.28399,-7.47109
2693.19,0.0401453,0.000135249,15246,0.876549,-1.29151,-7.50196
2687.77,0.0403073,0.000135795,15247,0.851856,-1.29906,-7.53291
2682.32,0.0404712,0.000136347,15248,0.826999,-1.30664,-7.56394
2676.85,0.040637,0.000136906,15249,0.801975,-1.31424,-7.59504
2671.34,0.0408048,0.000137471,15250,0.776783,-1.32187,-7.62622
2665.8,0.0409745,0.000138043,15251,0.751421,-1.32952,-7.65748
2660.23,0.0411462,0.000138621,15252,0.725887,-1.33721,-7.68882
2654.63,0.0413199,0.000139207,15253,0.700179,-1.34492,-7.72023
2649.01,0.0414957,0.000139799,15254,0.674295,-1.35266,-7.75173
2643.35,0.0416735,0.000140398,15255,0.648233,-1.36043,-7.78331
2637.66,0.0418535,0.000141004,15256,0.621991,-1.36823,-7.81497
2631.94,0.0420356,0.000141618,15257,0.595567,-1.37606,-7.84671
2626.19,0.0422198,0.000142238,15258,0.568958,-1.38391,-7.87853
2620.41,0.0424063,0.000142867,15259,0.542163,-1.3918,-7.91044
2614.6,0.042595,0.000143502,15260,0.51518,-1.39972,-7.94243
2608.76,0.042786,0.000144146,15261,0.488005,-1.40767,-7.97451
2602.88,0.0429793,0.000144797,15262,0.460637,-1.41565,-8.00667
2596.98,0.043175,0.000145456,15263,0.433073,-1.42366,-8.03892
2591.04,0.0433731,0.000146124,15264,0.405312,-1.4317,-8.07126
2585.07,0.0435736,0.000146799,15265,0.377349,-1.43977,-8.10369
2579.07,0.0437765,0.000147483,15266,0.349185,-1.44787,-8.13621
2573.04,0.0439819,0.000148175,15267,0.320814,-1.45601,-8.16882
2566.98,0.0441899,0.000148876,15268,0.292236,-1.46418,-8.20152
2560.89,0.0444005,0.000149585,15269,0.263448,-1.47239,-8.23431
2554.76,0.0446137,0.000150303,15270,0.234446,-1.48062,-8.2672
2548.6,0.0448296,0.000151031,15271,0.205229,-1.4889,-8.30018
2542.41,0.0450482,0.000151767,15272,0.175793,-1.4972,-8.33325
2536.19,0.0452695,0.000152513,15273,0.146136,-1.50554,-8.36642
2529.93,0.0454937,0.000153268,15274,0.116255,-1.51392,-8.39969
2523.64,0.0457207,0.000154033,15275,0.086147,-1.52233,-8.43305
2517.32,0.0459506,0.000154807,15276,0.0558091,-1.53077,-8.46651
2510.97,0.0461834,0.000155592,15277,0.0252383,-1.53926,-8.50007
2504.58,0.0464193,0.000156386,15278,-0.00556826,-1.54778,-8.53374
2498.16,0.0466582,0.000157191,15279,-0.0366138,-1.55633,-8.5675
2491.71,0.0469002,0.000158007,15280,-0.0679014,-1.56493,-8.60136
2485.22,0.0471454,0.000158833,15281,-0.0994343,-1.57356,-8.63533
2478.7,0.0473938,0.000159669,15282,-0.131216,-1.58223,-8.6694
2472.14,0.0476454,0.000160517,15283,-0.163249,-1.59094,-8.70358
2465.56,0.0479004,0.000161376,15284,-0.195538,-1.59969,-8.73786
2458.93,0.0481587,0.000162246,15285,-0.228085,-1.60848,-8.77225
2452.28,0.0484205,0.000163129,15286,-0.260894,-1.61731,-8.80675
2445.59,0.0486858,0.000164022,15287,-0.29397,-1.62618,-8.84136
2438.86,0.0489547,0.000164928,15288,-0.327314,-1.63509,-8.87608
2432.1,0.0492272,0.000165846,15289,-0.360932,-1.64404,-8.91091
2425.31,0.0495035,0.000166777,15290,-0.394827,-1.65303,-8.94585
2418.48,0.0497834,0.00016772,15291,-0.429003,-1.66207,-8.9809
2411.61,0.0500673,0.000168676,15292,-0.463463,-1.67115,-9.01607
2404.71,0.050355,0.000169646,15293,-0.498213,-1.68027,-9.05135
2397.78,0.0506467,0.000170628,15294,-0.533255,-1.68944,-9.08675
2390.81,0.0509425,0.000171625,15295,-0.568594,-1.69865,-9.12227
2383.8,0.0512424,0.000172635,15296,-0.604234,-1.70791,-9.1579
2376.76,0.0515465,0.00017366,15297,-0.64018,-1.71721,-9.19366
2369.68,0.0518549,0.000174699,15298,-0.676437,-1.72656,-9.22953
2362.56,0.0521677,0.000175753,15299,-0.713008,-1.73595,-9.26553
2355.41,0.052485,0.000176822,15300,-0.749898,-1.74539,-9.30165
2348.22,0.0528068,0.000177906,15301,-0.787112,-1.75489,-9.33789
2341,0.0531332,0.000179005,15302,-0.824655,-1.76442,-9.37426
2333.74,0.0534644,0.000180121,15303,-0.862531,-1.77401,-9.41076
2326.44,0.0538003,0.000181253,15304,-0.900747,-1.78365,-9.44738
2319.1,0.0541412,0.000182402,15305,-0.939306,-1.79334,-9.48413
2311.73,0.0544872,0.000183567,15306,-0.978214,-1.80308,-9.52101
2304.32,0.0548382,0.00018475,15307,-1.01748,-1.81287,-9.55802
2296.87,0.0551944,0.00018595,15308,-1.0571,-1.82271,-9.59516
2289.38,0.055556,0.000187168,15309,-1.09709,-1.8326,-9.63244
2281.86,0.0559231,0.000188404,15310,-1.13745,-1.84255,-9.66985
2274.3,0.0562956,0.00018966,15311,-1.17818,-1.85256,-9.7074
2266.69,0.0566739,0.000190934,15312,-1.2193,-1.86261,-9.74508
2259.05,0.0570579,0.000192228,15313,-1.26081,-1.87273,-9.7829
2251.37,0.0574478,0.000193541,15314,-1.30271,-1.8829,-9.82086
2243.65,0.0578438,0.000194875,15315,-1.34502,-1.89312,-9.85896
2235.9,0.0582459,0.00019623,15316,-1.38773,-1.90341,-9.8972
2228.1,0.0586543,0.000197606,15317,-1.43086,-1.91375,-9.93559
2220.26,0.0590692,0.000199004,15318,-1.47441,-1.92415,-9.97412
2212.38,0.0594906,0.000200423,15319,-1.51838,-1.93461,-10.0128
2204.46,0.0599187,0.000201866,15320,-1.5628,-1.94513,-10.0516
2196.51,0.0603537,0.000203331,15321,-1.60765,-1.95572,-10.0906
2188.51,0.0607957,0.00020482,15322,-1.65296,-1.96636,-10.1297
2180.47,0.0612449,0.000206334,15323,-1.69872,-1.97707,-10.169
2172.38,0.0617014,0.000207872,15324,-1.74495,-1.98785,-10.2084
2164.26,0.0621654,0.000209435,15325,-1.79165,-1.99869,-10.248
2156.1,0.0626371,0.000211024,15326,-1.83884,-2.00959,-10.2877
2147.89,0.0631167,0.00021264,15327,-1.88651,-2.02056,-10.3276
2139.64,0.0636042,0.000214282,15328,-1.93469,-2.0316,-10.3676
2131.35,0.0641,0.000215953,15329,-1.98337,-2.0427,-10.4078
2123.02,0.0646042,0.000217651,15330,-2.03256,-2.05388,-10.4481
2114.64,0.0651171,0.000219379,15331,-2.08229,-2.06513,-10.4887
2106.22,0.0656387,0.000221136,15332,-2.13254,-2.07644,-10.5293
2097.76,0.0661693,0.000222924,15333,-2.18335,-2.08783,-10.5702
2089.25,0.0667092,0.000224743,15334,-2.2347,-2.09929,-10.6112
2080.7,0.0672586,0.000226594,15335,-2.28663,-2.11083,-10.6523
2072.11,0.0678177,0.000228477,15336,-2.33912,-2.12244,-10.6937
2063.47,0.0683867,0.000230394,15337,-2.39221,-2.13413,-10.7352
2054.79,0.0689659,0.000232346,15338,-2.44589,-2.1459,-10.7768
2046.06,0.0695556,0.000234332,15339,-2.50018,-2.15774,-10.8187
2037.29,0.0701559,0.000236355,15340,-2.55508,-2.16966,-10.8607
2028.47,0.0707673,0.000238415,15341,-2.61062,-2.18167,-10.9029
2019.6,0.0713899,0.000240512,15342,-2.66681,-2.19376,-10.9452
2010.69,0.072024,0.000242649,15343,-2.72365,-2.20592,-10.9878
2001.74,0.0726701,0.000244825,15344,-2.78116,-2.21818,-11.0305
1992.73,0.0733282,0.000247042,15345,-2.83935,-2.23052,-11.0733
1983.68,0.0739989,0.000249302,15346,-2.89823,-2.24294,-11.1164
1974.58,0.0746824,0.000251605,15347,-2.95783,-2.25546,-11.1596
1965.44,0.0753791,0.000253952,15348,-3.01815,-2.26806,-11.203
1956.24,0.0760893,0.000256344,15349,-3.07921,-2.28075,-11.2466
1947,0.0768133,0.000258784,15350,-3.14102,-2.29354,-11.2904
1937.71,0.0775517,0.000261271,15351,-3.2036,-2.30641,-11.3344
1928.37,0.0783047,0.000263808,15352,-3.26697,-2.31939,-11.3785
1918.98,0.0790728,0.000266396,15353,-3.33114,-2.33246,-11.4228
1909.54,0.0798564,0.000269036,15354,-3.39612,-2.34562,-11.4673
1900.06,0.0806559,0.000271729,15355,-3.46195,-2.35889,-11.512
1890.52,0.0814719,0.000274478,15356,-3.52862,-2.37225,-11.5569
1880.93,0.0823047,0.000277284,15357,-3.59617,-2.38572,-11.6019
1871.29,0.0831548,0.000280148,15358,-3.66461,-2.39929,-11.6472
1861.6,0.0840229,0.000283073,15359,-3.73396,-2.41297,-11.6926
1851.85,0.0849093,0.000286059,15360,-3.80424,-2.42675,-11.7382
1842.06,0.0858148,0.000289109,15361,-3.87547,-2.44064,-11.784
1832.21,0.0867397,0.000292226,15362,-3.94768,-2.45464,-11.83
1822.31,0.0876848,0.000295409,15363,-4.02088,-2.46875,-11.8761
1812.36,0.0886505,0.000298663,15364,-4.0951,-2.48297,-11.9225
1802.35,0.0896377,0.000301989,15365,-4.17036,-2.49731,-11.969
1792.29,0.0906469,0.000305389,15366,-4.24669,-2.51177,-12.0157
1782.17,0.0916788,0.000308865,15367,-4.3241,-2.52635,-12.0626
1772,0.0927343,0.000312421,15368,-4.40263,-2.54104,-12.1097
1761.78,0.0938139,0.000316058,15369,-4.48231,-2.55586,-12.157
1751.5,0.0949185,0.00031978,15370,-4.56315,-2.5708,-12.2044
1741.16,0.0960489,0.000323588,15371,-4.6452,-2.58587,-12.252
1730.76,0.097206,0.000327486,15372,-4.72847,-2.60107,-12.2998
1720.31,0.0983906,0.000331478,15373,-4.813,-2.61639,-12.3478
1709.8,0.0996038,0.000335565,15374,-4.89882,-2.63185,-12.3959
1699.24,0.100846,0.000339751,15375,-4.98596,-2.64745,-12.4442
1688.61,0.102119,0.000344039,15376,-5.07445,-2.66318,-12.4927
1677.93,0.103424,0.000348434,15377,-5.16434,-2.67904,-12.5413
1667.19,0.104761,0.000352939,15378,-5.25566,-2.69505,-12.5901
1656.39,0.106132,0.000357557,15379,-5.34843,-2.7112,-12.639
1645.52,0.107538,0.000362294,15380,-5.44271,-2.7275,-12.6881
1634.6,0.10898,0.000367152,15381,-5.53853,-2.74394,-12.7374
1623.62,0.110459,0.000372136,15382,-5.63594,-2.76054,-12.7868
1612.57,0.111978,0.000377252,15383,-5.73497,-2.77728,-12.8363
1601.46,0.113536,0.000382504,15384,-5.83567,-2.79418,-12.8859
1590.29,0.115137,0.000387896,15385,-5.93809,-2.81123,-12.9357
1579.06,0.116781,0.000393435,15386,-6.04227,-2.82845,-12.9856
1567.76,0.11847,0.000399126,15387,-6.14827,-2.84583,-13.0355
1556.4,0.120206,0.000404975,15388,-6.25613,-2.86336,-13.0856
1544.97,0.121991,0.000410987,15389,-6.36591,-2.88107,-13.1358
1533.48,0.123826,0.00041717,15390,-6.47766,-2.89895,-13.186
1521.92,0.125714,0.000423531,15391,-6.59145,-2.91699,-13.2363
1510.3,0.127657,0.000430076,15392,-6.70733,-2.93521,-13.2867
1498.6,0.129657,0.000436812,15393,-6.82537,-2.95361,-13.3371
1486.85,0.131716,0.000443749,15394,-6.94563,-2.97218,-13.3875
1475.02,0.133836,0.000450894,15395,-7.06818,-2.99094,-13.4379
1463.12,0.136022,0.000458256,15396,-7.19308,-3.00987,-13.4883
1451.16,0.138274,0.000465844,15397,-7.32042,-3.029,-13.5387
1439.12,0.140596,0.000473668,15398,-7.45026,-3.04831,-13.5891
1427.02,0.142992,0.000481739,15399,-7.5827,-3.06781,-13.6393
1414.84,0.145464,0.000490066,15400,-7.7178,-3.08751,-13.6895
1402.59,0.148015,0.000498663,15401,-7.85567,-3.1074,-13.7396
1390.27,0.150651,0.000507541,15402,-7.99638,-3.12749,-13.7895
1377.88,0.153373,0.000516712,15403,-8.14004,-3.14777,-13.8393
1365.41,0.156186,0.000526191,15404,-8.28674,-3.16826,-13.8888
1352.87,0.159096,0.000535992,15405,-8.43658,-3.18895,-13.9381
1340.25,0.162105,0.00054613,15406,-8.58968,-3.20985,-13.9871
1327.56,0.165219,0.000556621,15407,-8.74614,-3.23095,-14.0358
1314.79,0.168443,0.000567484,15408,-8.90609,-3.25225,-14.0841
1301.95,0.171783,0.000578735,15409,-9.06965,-3.27377,-14.132
1289.03,0.175244,0.000590395,15410,-9.23694,-3.29549,-14.1795
1276.03,0.178832,0.000602484,15411,-9.40811,-3.31743,-14.2264
1262.96,0.182554,0.000615024,15412,-9.58329,-3.33957,-14.2727
1249.8,0.186417,0.000628039,15413,-9.76264,-3.36192,-14.3184
1236.57,0.190429,0.000641554,15414,-9.9463,-3.38448,-14.3634
1223.25,0.194597,0.000655596,15415,-10.1344,-3.40724,-14.4076
1209.86,0.198929,0.000670192,15416,-10.3272,-3.43021,-14.4508
1196.38,0.203436,0.000685374,15417,-10.5249,-3.45338,-14.4931
1182.83,0.208126,0.000701174,15418,-10.7275,-3.47675,-14.5344
1169.19,0.213009,0.000717627,15419,-10.9354,-3.50032,-14.5744
1155.47,0.218098,0.000734771,15420,-11.1487,-3.52407,-14.6131
1141.67,0.223403,0.000752644,15421,-11.3677,-3.54801,-14.6504
1127.78,0.228938,0.000771292,15422,-11.5925,-3.57212,-14.6861
1113.81,0.234716,0.000790758,15423,-11.8235,-3.59639,-14.7201
1099.76,0.240753,0.000811094,15424,-12.0609,-3.62082,-14.7522
1085.63,0.247063,0.000832353,15425,-12.3049,-3.6454,-14.7822
1071.41,0.253664,0.000854591,15426,-12.5558,-3.6701,-14.8099
1057.11,0.260574,0.000877871,15427,-12.814,-3.69492,-14.8351
1042.72,0.267813,0.00090226,15428,-13.0797,-3.71982,-14.8575
1028.25,0.275402,0.000927829,15429,-13.3533,-3.7448,-14.8769
1013.7,0.283366,0.000954657,15430,-13.6351,-3.76982,-14.893
999.07,0.291727,0.000982828,15431,-13.9254,-3.79486,-14.9055
984.355,0.300514,0.00101243,15432,-14.2248,-3.81988,-14.914
969.559,0.309756,0.00104357,15433,-14.5335,-3.84484,-14.9181
954.683,0.319485,0.00107634,15434,-14.852,-3.86969,-14.9174
939.729,0.329734,0.00111087,15435,-15.1808,-3.8944,-14.9115
924.697,0.340541,0.00114728,15436,-15.5202,-3.9189,-14.8997
909.59,0.351947,0.00118571,15437,-15.8709,-3.94312,-14.8816
894.409,0.363996,0.0012263,15438,-16.2332,-3.96699,-14.8566
879.157,0.376735,0.00126922,15439,-16.6078,-3.99042,-14.8238
863.837,0.390216,0.00131464,15440,-16.9952,-4.01332,-14.7825
848.452,0.404496,0.00136275,15441,-17.3959,-4.03558,-14.7319
833.005,0.419637,0.00141375,15442,-17.8105,-4.05706,-14.6711
817.502,0.435704,0.00146788,15443,-18.2397,-4.07763,-14.5988
801.946,0.45277,0.00152538,15444,-18.684,-4.09711,-14.5141
786.345,0.470915,0.00158651,15445,-19.1441,-4.11532,-14.4155
770.704,0.490223,0.00165156,15446,-19.6207,-4.13205,-14.3016
755.031,0.510787,0.00172084,15447,-20.1142,-4.14704,-14.1708
739.334,0.532706,0.00179468,15448,-20.6253,-4.16002,-14.0213
723.623,0.556088,0.00187346,15449,-21.1546,-4.17067,-13.8511
707.911,0.581048,0.00195755,15450,-21.7025,-4.17861,-13.6579
692.208,0.607708,0.00204737,15451,-22.2695,-4.18344,-13.4393
676.531,0.6362,0.00214335,15452,-22.8559,-4.18468,-13.1924
660.895,0.666659,0.00224597,15453,-23.4618,-4.18178,-12.9144
645.32,0.699228,0.0023557,15454,-24.0872,-4.17414,-12.6017
629.826,0.734053,0.00247302,15455,-24.7318,-4.16105,-12.2507
614.439,0.771279,0.00259844,15456,-25.3949,-4.14173,-11.8574
599.185,0.811049,0.00273242,15457,-26.0755,-4.11529,-11.4171
584.096,0.853493,0.00287541,15458,-26.7722,-4.08074,-10.9252
569.208,0.898725,0.0030278,15459,-27.4825,-4.03695,-10.3764
554.56,0.94683,0.00318987,15460,-28.2037,-3.98271,-9.76535
540.196,0.997852,0.00336176,15461,-28.9318,-3.91667,-9.08619
526.167,1.05177,0.00354341,15462,-29.6617,-3.83737,-8.33311
512.528,1.10849,0.00373451,15463,-30.3873,-3.74327,-7.50033
499.341,1.16781,0.00393436,15464,-31.1006,-3.63277,-6.58233
486.674,1.2294,0.00414184,15465,-31.7924,-3.50423,-5.57421
474.6,1.29275,0.00435526,15466,-32.4516,-3.3561,-4.47207
463.198,1.35717,0.00457231,15467,-33.0654,-3.18692,-3.27352
452.553,1.42177,0.00478993,15468,-33.6195,-2.99551,-1.97824
442.754,1.4854,0.00500431,15469,-34.0982,-2.78107,-0.588527
433.889,1.54672,0.00521088,15470,-34.4851,-2.54332,0.890038
426.05,1.60416,0.00540441,15471,-34.7636,-2.28264,2.44818
419.323,1.65604,0.0055792,15472,-34.9181,-2.00022,4.07263
413.789,1.70064,0.00572944,15473,-34.9352,-1.69812,5.74613
409.518,1.73629,0.00584955,15474,-34.8044,-1.37929,7.44788
406.57,1.76156,0.00593469,15475,-34.5196,-1.04755,9.15432
404.985,1.77537,0.00598123,15476,-34.0799,-0.707337,10.8404
404.787,1.77711,0.00598709,15477,-33.4896,-0.363568,12.481
405.978,1.7667,0.005952,15478,-32.7584,-0.0212848,14.0524
408.541,1.7446,0.00587756,15479,-31.9008,0.314633,15.5341
412.44,1.71178,0.00576696,15480,-30.9346,0.63975,16.9092
417.621,1.66957,0.00562476,15481,-29.8801,0.9503,18.1658
424.016,1.61959,0.00545638,15482,-28.7582,1.24332,19.2965
431.547,1.56355,0.00526759,15483,-27.5897,1.5167,20.2988
440.129,1.50317,0.00506419,15484,-26.3938,1.76915,21.1738
449.671,1.44005,0.00485153,15485,-25.1878,2.00015,21.9261
460.084,1.37561,0.00463441,15486,-23.9864,2.20977,22.5626
471.279,1.31103,0.00441686,15487,-22.8018,2.39861,23.0916
483.17,1.2473,0.00420213,15488,-21.6436,2.5676,23.5226
495.676,1.18515,0.00399276,15489,-20.5191,2.71792,23.8652
508.722,1.12514,0.0037906,15490,-19.4335,2.85092,24.1291
522.239,1.06765,0.00359692,15491,-18.3902,2.96798,24.3234
536.162,1.01292,0.00341253,15492,-17.3913,3.0705,24.4568
550.436,0.96107,0.00323784,15493,-16.4378,3.15985,24.5371
565.008,0.912136,0.00307298,15494,-15.5296,3.23733,24.5716
579.832,0.866092,0.00291786,15495,-14.6661,3.30414,24.5666
594.868,0.822864,0.00277222,15496,-13.8462,3.36141,24.5277
610.078,0.782345,0.00263572,15497,-13.0683,3.41016,24.4601
625.43,0.744409,0.00250791,15498,-12.3307,3.45132,24.3681
640.896,0.708915,0.00238833,15499,-11.6317,3.48573,24.2555
656.45,0.675717,0.00227649,15500,-10.9692,3.51413,24.1256
672.071,0.644672,0.0021719,15501,-10.3413,3.53721,23.9812
687.738,0.615634,0.00207407,15502,-9.74609,3.55556,23.825
703.435,0.588465,0.00198254,15503,-9.18172,3.56971,23.6589
719.146,0.563033,0.00189686,15504,-8.64637,3.58014,23.4848
734.859,0.539214,0.00181661,15505,-8.1383,3.58726,23.3044
750.56,0.51689,0.0017414,15506,-7.65586,3.59147,23.1189
766.241,0.49595,0.00167085,15507,-7.1975,3.59308,22.9295
781.892,0.476294,0.00160463,15508,-6.76175,3.59239,22.7372
797.506,0.457827,0.00154242,15509,-6.34722,3.58966,22.5429
813.075,0.440461,0.00148391,15510,-5.95264,3.58513,22.3472
828.594,0.424117,0.00142885,15511,-5.57677,3.579,22.1508
844.057,0.40872,0.00137697,15512,-5.21851,3.57146,21.9542
859.46,0.394201,0.00132806,15513,-4.87678,3.56266,21.7579
874.799,0.380498,0.0012819,15514,-4.55061,3.55276,21.5622
890.071,0.367553,0.00123828,15515,-4.23908,3.54189,21.3675
905.272,0.355313,0.00119705,15516,-3.94133,3.53015,21.174
920.4,0.343728,0.00115802,15517,-3.65656,3.51765,20.9819
935.454,0.332755,0.00112105,15518,-3.38403,3.50449,20.7914
950.431,0.32235,0.001086,15519,-3.12305,3.49074,20.6027
965.329,0.312477,0.00105273,15520,-2.87297,3.47648,20.4159
980.148,0.3031,0.00102114,15521,-2.63318,3.46178,20.2311
994.886,0.294186,0.000991112,15522,-2.40313,3.44669,20.0483
1009.54,0.285706,0.000962542,15523,-2.18228,3.43126,19.8677
1024.12,0.277632,0.000935341,15524,-1.97015,3.41555,19.6893
1038.61,0.269939,0.000909421,15525,-1.76627,3.39959,19.5131
1053.02,0.262602,0.000884704,15526,-1.57022,3.38343,19.3391
1067.34,0.2556,0.000861115,15527,-1.3816,3.36709,19.1674
1081.59,0.248913,0.000838586,15528,-1.20001,3.3506,18.998
1095.74,0.242522,0.000817054,15529,-1.02512,3.334,18.8308
1109.82,0.236409,0.000796461,15530,-0.856597,3.31731,18.6658
1123.81,0.230559,0.000776752,15531,-0.694119,3.30055,18.5031
1137.72,0.224956,0.000757876,15532,-0.5374,3.28374,18.3426
1151.55,0.219587,0.000739786,15533,-0.386165,3.2669,18.1843
1165.29,0.214438,0.000722439,15534,-0.240156,3.25004,18.0282
1178.95,0.209497,0.000705793,15535,-0.0991305,3.23317,17.8741
1192.53,0.204753,0.000689811,15536,0.0371412,3.21632,17.7223
1206.03,0.200195,0.000674456,15537,0.168874,3.19949,17.5725
1219.45,0.195814,0.000659696,15538,0.296271,3.18269,17.4247
1232.78,0.1916,0.0006455,15539,0.419524,3.16593,17.279
1246.04,0.187545,0.000631837,15540,0.538814,3.14923,17.1352
1259.22,0.18364,0.000618683,15541,0.654312,3.13257,16.9934
1272.32,0.179878,0.000606009,15542,0.76618,3.11598,16.8535
1285.34,0.176253,0.000593794,15543,0.87457,3.09946,16.7155
1298.28,0.172756,0.000582014,15544,0.979628,3.08302,16.5794
1311.14,0.169382,0.000570648,15545,1.08149,3.06665,16.4451
1323.93,0.166126,0.000559677,15546,1.18029,3.05036,16.3125
1336.64,0.162981,0.000549082,15547,1.27614,3.03416,16.1817
1349.28,0.159942,0.000538845,15548,1.36917,3.01805,16.0526
1361.84,0.157005,0.000528949,15549,1.45948,3.00202,15.9252
1374.33,0.154165,0.00051938,15550,1.54719,2.9861,15.7994
1386.75,0.151417,0.000510123,15551,1.63238,2.97026,15.6752
1399.09,0.148757,0.000501163,15552,1.71516,2.95453,15.5526
1411.36,0.146182,0.000492487,15553,1.79562,2.93889,15.4316
1423.55,0.143688,0.000484084,15554,1.87384,2.92335,15.312
1435.68,0.141271,0.000475941,15555,1.9499,2.90792,15.194
1447.74,0.138928,0.000468048,15556,2.02389,2.89258,15.0774
1459.72,0.136656,0.000460394,15557,2.09588,2.87735,14.9623
1471.64,0.134452,0.000452968,15558,2.16593,2.86221,14.8485
1483.48,0.132313,0.000445763,15559,2.23412,2.84718,14.7361
1495.26,0.130237,0.000438767,15560,2.30051,2.83226,14.6251
1506.97,0.128221,0.000431975,15561,2.36517,2.81743,14.5153
1518.62,0.126262,0.000425376,15562,2.42815,2.80271,14.4069
1530.19,0.124359,0.000418964,15563,2.48951,2.78809,14.2997
1541.7,0.122509,0.000412731,15564,2.5493,2.77357,14.1938
1553.15,0.12071,0.00040667,15565,2.60758,2.75915,14.0891
1564.53,0.11896,0.000400775,15566,2.66439,2.74484,13.9855
1575.85,0.117258,0.00039504,15567,2.71979,2.73062,13.8832
1587.1,0.115601,0.000389459,15568,2.77381,2.7165,13.782
1598.29,0.113988,0.000384025,15569,2.8265,2.70248,13.6819
1609.41,0.112417,0.000378734,15570,2.87791,2.68857,13.5829
1620.48,0.110888,0.00037358,15571,2.92807,2.67474,13.4849
1631.48,0.109397,0.000368558,15572,2.97702,2.66102,13.3881
1642.42,0.107945,0.000363665,15573,3.0248,2.64739,13.2922
1653.3,0.106529,0.000358894,15574,3.07145,2.63386,13.1974
1664.12,0.105148,0.000354243,15575,3.11699,2.62042,13.1036
1674.88,0.103801,0.000349706,15576,3.16146,2.60707,13.0108
1685.58,0.102488,0.00034528,15577,3.2049,2.59382,12.9189
1696.22,0.101206,0.000340961,15578,3.24733,2.58066,12.828
1706.8,0.0999546,0.000336746,15579,3.28878,2.56759,12.7379
1717.33,0.0987332,0.000332632,15580,3.32928,2.55461,12.6488
1727.79,0.0975405,0.000328613,15581,3.36886,2.54172,12.5606
1738.2,0.0963757,0.000324689,15582,3.40754,2.52892,12.4733
1748.56,0.0952377,0.000320855,15583,3.44535,2.5162,12.3868
1758.85,0.0941259,0.000317109,15584,3.48232,2.50358,12.3012
1769.1,0.0930392,0.000313448,15585,3.51845,2.49103,12.2164
1779.28,0.091977,0.00030987,15586,3.55379,2.47857,12.1324
1789.41,0.0909384,0.000306371,15587,3.58834,2.4662,12.0492
1799.49,0.0899228,0.000302949,15588,3.62214,2.4539,11.9667
1809.51,0.0889294,0.000299603,15589,3.65519,2.44169,11.8851
1819.48,0.0879576,0.000296329,15590,3.68753,2.42956,11.8042
1829.4,0.0870067,0.000293125,15591,3.71916,2.41751,11.724
1839.26,0.0860761,0.00028999,15592,3.75011,2.40553,11.6446
1849.07,0.0851652,0.000286921,15593,3.7804,2.39364,11.5659
1858.83,0.0842734,0.000283917,15594,3.81004,2.38182,11.4879
1868.53,0.0834002,0.000280975,15595,3.83904,2.37008,11.4106
1878.19,0.0825449,0.000278093,15596,3.86743,2.35841,11.334
1887.79,0.0817072,0.000275271,15597,3.89522,2.34682,11.258
1897.34,0.0808865,0.000272506,15598,3.92242,2.3353,11.1827
1906.85,0.0800824,0.000269797,15599,3.94905,2.32385,11.1081
1916.3,0.0792943,0.000267142,15600,3.97512,2.31247,11.0341
1925.7,0.0785218,0.00026454,15601,4.00064,2.30117,10.9607
1935.06,0.0777645,0.000261988,15602,4.02564,2.28993,10.8879
1944.36,0.0770221,0.000259487,15603,4.05011,2.27877,10.8157
1953.62,0.076294,0.000257034,15604,4.07408,2.26767,10.7441
1962.82,0.0755799,0.000254628,15605,4.09755,2.25664,10.6732
1971.98,0.0748794,0.000252268,15606,4.12054,2.24567,10.6027
1981.1,0.0741922,0.000249953,15607,4.14306,2.23477,10.5329
1990.16,0.0735179,0.000247681,15608,4.16512,2.22394,10.4636
1999.18,0.0728562,0.000245452,15609,4.18672,2.21317,10.3949
2008.15,0.0722067,0.000243264,15610,4.20789,2.20246,10.3267
2017.07,0.0715692,0.000241116,15611,4.22862,2.19182,10.259
2025.95,0.0709433,0.000239008,15612,4.24893,2.18124,10.1918
2034.78,0.0703288,0.000236937,15613,4.26883,2.17072,10.1252
2043.57,0.0697253,0.000234904,15614,4.28832,2.16026,10.0591
2052.31,0.0691327,0.000232908,15615,4.30742,2.14986,9.99347
2061.01,0.0685505,0.000230946,15616,4.32614,2.13951,9.92834
2069.66,0.0679786,0.00022902,15617,4.34447,2.12923,9.8637
2078.26,0.0674167,0.000227127,15618,4.36244,2.119,9.79953
2086.83,0.0668646,0.000225267,15619,4.38004,2.10884,9.73583
2095.34,0.066322,0.000223439,15620,4.39729,2.09872,9.67259
2103.82,0.0657888,0.000221642,15621,4.4142,2.08867,9.60981
2112.25,0.0652646,0.000219876,15622,4.43076,2.07866,9.54748
2120.64,0.0647493,0.00021814,15623,4.44699,2.06871,9.4856
2128.99,0.0642426,0.000216433,15624,4.46289,2.05882,9.42414
2137.29,0.0637445,0.000214755,15625,4.47848,2.04898,9.36312
2145.55,0.0632546,0.000213104,15626,4.49375,2.03919,9.30252
2153.77,0.0627728,0.000211481,15627,4.50871,2.02945,9.24234
2161.94,0.0622989,0.000209885,15628,4.52337,2.01976,9.18258
2170.08,0.0618327,0.000208314,15629,4.53774,2.01012,9.12321
2178.17,0.061374,0.000206769,15630,4.55182,2.00054,9.06425
2186.22,0.0609228,0.000205249,15631,4.56561,1.991,9.00568
2194.23,0.0604788,0.000203753,15632,4.57913,1.98151,8.9475
2202.2,0.0600418,0.00020228,15633,4.59237,1.97207,8.8897
2210.13,0.0596117,0.000200831,15634,4.60535,1.96268,8.83228
2218.02,0.0591884,0.000199405,15635,4.61806,1.95333,8.77524
2225.87,0.0587717,0.000198001,15636,4.63052,1.94403,8.71856
2233.68,0.0583614,0.000196619,15637,4.64272,1.93477,8.66224
2241.45,0.0579575,0.000195259,15638,4.65468,1.92557,8.60629
2249.18,0.0575598,0.000193919,15639,4.66639,1.9164,8.55068
2256.87,0.0571682,0.000192599,15640,4.67786,1.90728,8.49542
2264.52,0.0567825,0.0001913,15641,4.6891,1.89821,8.44051
2272.14,0.0564026,0.00019002,15642,4.70011,1.88917,8.38593
2279.71,0.0560285,0.00018876,15643,4.71089,1.88018,8.33169
2287.25,0.0556599,0.000187518,15644,4.72144,1.87124,8.27778
2294.75,0.0552968,0.000186294,15645,4.73178,1.86233,8.22419
2302.21,0.054939,0.000185089,15646,4.74191,1.85347,8.17093
2309.63,0.0545865,0.000183902,15647,4.75182,1.84464,8.11798
2317.01,0.0542391,0.000182731,15648,4.76153,1.83586,8.06534
2324.36,0.0538968,0.000181578,15649,4.77103,1.82712,8.01301
2331.67,0.0535594,0.000180441,15650,4.78033,1.81842,7.96099
2338.94,0.0532269,0.000179321,15651,4.78944,1.80975,7.90927
2346.17,0.0528991,0.000178217,15652,4.79835,1.80113,7.85784
2353.37,0.052576,0.000177128,15653,4.80708,1.79254,7.80671
2360.53,0.0522575,0.000176055,15654,4.81561,1.78399,7.75587
2367.66,0.0519434,0.000174997,15655,4.82396,1.77548,7.70532
2374.75,0.0516338,0.000173954,15656,4.83213,1.767,7.65504
2381.8,0.0513284,0.000172925,15657,4.84013,1.75857,7.60505
2388.82,0.0510273,0.000171911,15658,4.84794,1.75016,7.55533
2395.8,0.0507304,0.00017091,15659,4.85559,1.7418,7.50588
2402.74,0.0504375,0.000169924,15660,4.86307,1.73347,7.4567
2409.65,0.0501487,0.000168951,15661,4.87037,1.72517,7.40778
2416.53,0.0498637,0.000167991,15662,4.87752,1.71691,7.35913
2423.37,0.0495827,0.000167044,15663,4.8845,1.70868,7.31074
2430.17,0.0493054,0.00016611,15664,4.89133,1.70049,7.2626
2436.94,0.0490318,0.000165188,15665,4.898,1.69233,7.21471
2443.68,0.0487619,0.000164279,15666,4.90451,1.6842,7.16708
2450.38,0.0484956,0.000163381,15667,4.91087,1.67611,7.11969
2457.05,0.0482328,0.000162496,15668,4.91709,1.66805,7.07254
2463.68,0.0479735,0.000161622,15669,4.92315,1.66002,7.02563
2470.28,0.0477175,0.00016076,15670,4.92908,1.65202,6.97896
2476.84,0.0474649,0.000159909,15671,4.93485,1.64405,6.93253
2483.37,0.0472156,0.000159069,15672,4.94049,1.63612,6.88633
2489.87,0.0469696,0.00015824,15673,4.94599,1.62822,6.84036
2496.33,0.0467267,0.000157422,15674,4.95136,1.62034,6.79461
2502.76,0.0464869,0.000156614,15675,4.95658,1.6125,6.74909
2509.16,0.0462502,0.000155817,15676,4.96168,1.60468,6.70379
2515.52,0.0460165,0.000155029,15677,4.96665,1.5969,6.65871
2521.85,0.0457857,0.000154252,15678,4.97148,1.58914,6.61385
2528.15,0.0455579,0.000153484,15679,4.97619,1.58142,6.5692
2534.41,0.0453329,0.000152726,15680,4.98078,1.57372,6.52476
2540.65,0.0451108,0.000151978,15681,4.98524,1.56605,6.48053
2546.85,0.0448914,0.000151239,15682,4.98958,1.55841,6.43651
2553.01,0.0446748,0.000150509,15683,4.9938,1.55079,6.39269
2559.15,0.0444608,0.000149788,15684,4.99791,1.54321,6.34907
2565.25,0.0442495,0.000149076,15685,5.00189,1.53565,6.30566
2571.32,0.0440408,0.000148373,15686,5.00576,1.52811,6.26244
2577.36,0.0438346,0.000147679,15687,5.00952,1.52061,6.21941
2583.37,0.0436309,0.000146992,15688,5.01317,1.51313,6.17658
2589.35,0.0434298,0.000146315,15689,5.0167,1.50567,6.13394
2595.29,0.043231,0.000145645,15690,5.02013,1.49825,6.09149
2601.21,0.0430347,0.000144984,15691,5.02345,1.49084,6.04923
2607.09,0.0428407,0.00014433,15692,5.02666,1.48347,6.00715
2612.94,0.042649,0.000143684,15693,5.02977,1.47611,5.96526
2618.76,0.0424597,0.000143046,15694,5.03277,1.46878,5.92354
2624.55,0.0422725,0.000142416,15695,5.03568,1.46148,5.88201
2630.31,0.0420877,0.000141793,15696,5.03848,1.4542,5.84065
2636.04,0.0419049,0.000141178,15697,5.04118,1.44695,5.79947
2641.74,0.0417244,0.000140569,15698,5.04379,1.43971,5.75846
2647.4,0.0415459,0.000139968,15699,5.0463,1.43251,5.71762
2653.04,0.0413696,0.000139374,15700,5.04871,1.42532,5.67695
2658.65,0.0411953,0.000138787,15701,5.05103,1.41816,5.63645
2664.22,0.041023,0.000138206,15702,5.05325,1.41102,5.59611
2669.77,0.0408528,0.000137633,15703,5.05538,1.4039,5.55594
2675.28,0.0406845,0.000137066,15704,5.05742,1.39681,5.51593
2680.77,0.0405181,0.000136505,15705,5.05938,1.38974,5.47608
2686.23,0.0403537,0.000135951,15706,5.06124,1.38269,5.43639
2691.66,0.0401911,0.000135404,15707,5.06301,1.37566,5.39686
2697.05,0.0400304,0.000134862,15708,5.0647,1.36865,5.35748
2702.42,0.0398715,0.000134327,15709,5.0663,1.36166,5.31826
2707.76,0.0397144,0.000133798,15710,5.06782,1.3547,5.27919
2713.07,0.0395592,0.000133275,15711,5.06925,1.34775,5.24027
2718.35,0.0394056,0.000132757,15712,5.0706,1.34083,5.2015
2723.6,0.0392538,0.000132246,15713,5.07187,1.33393,5.16288
2728.82,0.0391037,0.00013174,15714,5.07306,1.32704,5.12441
2734.02,0.0389553,0.00013124,15715,5.07417,1.32018,5.08608
2739.18,0.0388085,0.000130746,15716,5.0752,1.31334,5.04789
2744.32,0.0386634,0.000130257,15717,5.07615,1.30651,5.00985
2749.42,0.0385199,0.000129773,15718,5.07702,1.29971,4.97194
2754.5,0.038378,0.000129295,15719,5.07782,1.29293,4.93418
2759.55,0.0382376,0.000128822,15720,5.07854,1.28616,4.89655
2764.58,0.0380988,0.000128355,15721,5.07919,1.27941,4.85906
2769.57,0.0379616,0.000127892,15722,5.07976,1.27268,4.8217
2774.54,0.0378258,0.000127435,15723,5.08026,1.26597,4.78448
2779.47,0.0376915,0.000126983,15724,5.08069,1.25928,4.74739
2784.38,0.0375587,0.000126535,15725,5.08104,1.25261,4.71043
2789.26,0.0374274,0.000126093,15726,5.08133,1.24595,4.6736
2794.12,0.0372975,0.000125655,15727,5.08154,1.23931,4.6369
2798.94,0.037169,0.000125222,15728,5.08169,1.23269,4.60033
2803.74,0.0370419,0.000124794,15729,5.08176,1.22609,4.56388
2808.51,0.0369161,0.00012437,15730,5.08177,1.21951,4.52755
2813.25,0.0367918,0.000123951,15731,5.08171,1.21294,4.49135
2817.97,0.0366687,0.000123537,15732,5.08159,1.20639,4.45527
2822.66,0.036547,0.000123127,15733,5.08139,1.19985,4.41932
2827.32,0.0364266,0.000122721,15734,5.08114,1.19333,4.38348
2831.95,0.0363075,0.00012232,15735,5.08081,1.18683,4.34776
2836.56,0.0361897,0.000121923,15736,5.08043,1.18034,4.31216
2841.14,0.0360731,0.00012153,15737,5.07998,1.17388,4.27667
2845.69,0.0359578,0.000121142,15738,5.07946,1.16742,4.2413
2850.22,0.0358437,0.000120757,15739,5.07889,1.16098,4.20605
2854.71,0.0357309,0.000120377,15740,5.07825,1.15456,4.1709
2859.19,0.0356192,0.000120001,15741,5.07755,1.14816,4.13587
2863.63,0.0355087,0.000119629,15742,5.0768,1.14176,4.10095
2868.05,0.0353994,0.00011926,15743,5.07598,1.13539,4.06614
2872.44,0.0352912,0.000118896,15744,5.0751,1.12903,4.03144
2876.81,0.0351842,0.000118535,15745,5.07416,1.12268,3.99684
2881.14,0.0350783,0.000118179,15746,5.07317,1.11635,3.96236
2885.46,0.0349735,0.000117826,15747,5.07212,1.11003,3.92797
2889.74,0.0348699,0.000117476,15748,5.07101,1.10373,3.8937
2894,0.0347673,0.000117131,15749,5.06984,1.09744,3.85952
2898.24,0.0346658,0.000116789,15750,5.06862,1.09117,3.82545
2902.44,0.0345654,0.000116451,15751,5.06734,1.08491,3.79148
2906.62,0.034466,0.000116116,15752,5.066,1.07866,3.75761
2910.78,0.0343677,0.000115784,15753,5.06461,1.07243,3.72384
2914.91,0.0342704,0.000115457,15754,5.06317,1.06621,3.69017
2919.01,0.0341741,0.000115132,15755,5.06167,1.06001,3.6566
2923.09,0.0340788,0.000114811,15756,5.06012,1.05382,3.62312
2927.14,0.0339845,0.000114494,15757,5.05852,1.04764,3.58974
2931.17,0.0338912,0.000114179,15758,5.05686,1.04147,3.55646
2935.17,0.0337989,0.000113868,15759,5.05515,1.03532,3.52327
2939.14,0.0337076,0.000113561,15760,5.05339,1.02918,3.49017
2943.09,0.0336172,0.000113256,15761,5.05158,1.02305,3.45717
2947.02,0.0335277,0.000112955,15762,5.04971,1.01694,3.42426
2950.91,0.0334392,0.000112656,15763,5.0478,1.01084,3.39143
2954.79,0.0333516,0.000112361,15764,5.04583,1.00475,3.3587
2958.63,0.0332649,0.000112069,15765,5.04382,0.998674,3.32606
2962.46,0.0331791,0.00011178,15766,5.04176,0.992609,3.2935
2966.25,0.0330942,0.000111494,15767,5.03964,0.986556,3.26104
2970.03,0.0330102,0.000111211,15768,5.03748,0.980515,3.22866
2973.77,0.0329271,0.000110931,15769,5.03527,0.974486,3.19636
2977.5,0.0328448,0.000110654,15770,5.03301,0.968469,3.16415
2981.19,0.0327634,0.00011038,15771,5.03071,0.962463,3.13202
2984.86,0.0326828,0.000110108,15772,5.02836,0.956469,3.09998
2988.51,0.0326031,0.00010984,15773,5.02596,0.950486,3.06802
2992.13,0.0325242,0.000109574,15774,5.02351,0.944514,3.03615
2995.73,0.0324461,0.000109311,15775,5.02102,0.938553,3.00435
2999.3,0.0323689,0.000109051,15776,5.01848,0.932603,2.97263
3002.85,0.0322924,0.000108793,15777,5.0159,0.926664,2.941
3006.38,0.0322168,0.000108538,15778,5.01327,0.920736,2.90944
3009.87,0.0321419,0.000108286,15779,5.01059,0.914818,2.87796
3013.35,0.0320678,0.000108036,15780,5.00787,0.908911,2.84656
3016.8,0.0319945,0.000107789,15781,5.00511,0.903015,2.81523
3020.22,0.031922,0.000107545,15782,5.0023,0.897128,2.78399
3023.63,0.0318502,0.000107303,15783,4.99945,0.891252,2.75281
3027,0.0317792,0.000107064,15784,4.99655,0.885386,2.72171
3030.35,0.0317089,0.000106827,15785,4.99361,0.87953,2.69069
3033.68,0.0316394,0.000106593,15786,4.99063,0.873684,2.65974
3036.99,0.0315706,0.000106361,15787,4.98761,0.867848,2.62886
3040.27,0.0315025,0.000106132,15788,4.98454,0.862022,2.59805
3043.52,0.0314352,0.000105905,15789,4.98143,0.856205,2.56732
3046.75,0.0313685,0.00010568,15790,4.97828,0.850398,2.53665
3049.96,0.0313026,0.000105458,15791,4.97508,0.8446,2.50606
3053.15,0.0312373,0.000105238,15792,4.97185,0.838811,2.47553
3056.3,0.0311728,0.000105021,15793,4.96857,0.833032,2.44508
3059.44,0.0311089,0.000104806,15794,4.96525,0.827261,2.41469
3062.55,0.0310457,0.000104593,15795,4.96189,0.8215,2.38437
3065.64,0.0309832,0.000104382,15796,4.95849,0.815748,2.35411
3068.7,0.0309214,0.000104174,15797,4.95505,0.810004,2.32392
3071.74,0.0308602,0.000103968,15798,4.95157,0.80427,2.2938
3074.76,0.0307997,0.000103764,15799,4.94805,0.798543,2.26375
3077.75,0.0307398,0.000103562,15800,4.94449,0.792826,2.23375
3080.72,0.0306806,0.000103363,15801,4.94089,0.787117,2.20382
3083.67,0.030622,0.000103165,15802,4.93725,0.781416,2.17396
3086.59,0.030564,0.00010297,15803,4.93358,0.775724,2.14415
3089.49,0.0305067,0.000102777,15804,4.92986,0.770039,2.11441
3092.37,0.03045,0.000102586,15805,4.9261,0.764363,2.08473
3095.22,0.0303939,0.000102397,15806,4.92231,0.758695,2.05512
3098.05,0.0303384,0.00010221,15807,4.91847,0.753035,2.02556
3100.85,0.0302835,0.000102025,15808,4.9146,0.747383,1.99606
3103.63,0.0302293,0.000101842,15809,4.91069,0.741738,1.96662
3106.39,0.0301756,0.000101662,15810,4.90675,0.736101,1.93724
3109.13,0.0301226,0.000101483,15811,4.90276,0.730472,1.90792
3111.84,0.0300701,0.000101306,15812,4.89874,0.72485,1.87865
3114.53,0.0300182,0.000101131,15813,4.89468,0.719236,1.84944
3117.19,0.0299669,0.000100958,15814,4.89058,0.713629,1.82029
3119.84,0.0299161,0.000100787,15815,4.88644,0.708029,1.7912
3122.46,0.0298659,0.000100618,15816,4.88227,0.702436,1.76216
3125.05,0.0298163,0.000100451,15817,4.87806,0.696851,1.73317
3127.63,0.0297673,0.000100286,15818,4.87382,0.691272,1.70424
3130.18,0.0297188,0.000100122,15819,4.86954,0.685701,1.67537
3132.7,0.0296709,9.9961e-05,15820,4.86522,0.680136,1.64655
3135.21,0.0296235,9.98014e-05,15821,4.86086,0.674578,1.61778
3137.69,0.0295766,9.96436e-05,15822,4.85647,0.669026,1.58906
3140.15,0.0295303,9.94876e-05,15823,4.85205,0.663482,1.56039
3142.58,0.0294846,9.93334e-05,15824,4.84759,0.657943,1.53178
3145,0.0294394,9.9181e-05,15825,4.84309,0.652411,1.50322
3147.39,0.0293947,9.90305e-05,15826,4.83855,0.646886,1.4747
3149.75,0.0293505,9.88816e-05,15827,4.83398,0.641367,1.44624
3152.1,0.0293068,9.87346e-05,15828,4.82938,0.635854,1.41783
3154.42,0.0292637,9.85893e-05,15829,4.82474,0.630347,1.38946
3156.72,0.0292211,9.84457e-05,15830,4.82007,0.624846,1.36115
3159,0.029179,9.83038e-05,15831,4.81535,0.619351,1.33288
3161.25,0.0291374,9.81637e-05,15832,4.81061,0.613862,1.30466
3163.48,0.0290963,9.80252e-05,15833,4.80583,0.608379,1.27649
3165.69,0.0290557,9.78885e-05,15834,4.80102,0.602902,1.24836
3167.88,0.0290156,9.77534e-05,15835,4.79617,0.59743,1.22028
3170.04,0.028976,9.762e-05,15836,4.79128,0.591964,1.19225
3172.18,0.0289369,9.74882e-05,15837,4.78637,0.586504,1.16426
3174.3,0.0288983,9.73581e-05,15838,4.78141,0.581048,1.13632
3176.4,0.0288601,9.72296e-05,15839,4.77643,0.575599,1.10842
3178.48,0.0288225,9.71027e-05,15840,4.77141,0.570154,1.08057
3180.53,0.0287853,9.69775e-05,15841,4.76635,0.564715,1.05275
3182.56,0.0287486,9.68538e-05,15842,4.76126,0.559281,1.02499
3184.56,0.0287124,9.67318e-05,15843,4.75614,0.553852,0.997262
3186.55,0.0286766,9.66113e-05,15844,4.75098,0.548428,0.969579
3188.51,0.0286413,9.64924e-05,15845,4.74579,0.543009,0.941938
3190.45,0.0286065,9.6375e-05,15846,4.74057,0.537595,0.914339
3192.37,0.0285721,9.62592e-05,15847,4.73531,0.532186,0.88678
3194.27,0.0285382,9.6145e-05,15848,4.73002,0.526782,0.859262
3196.14,0.0285047,9.60323e-05,15849,4.7247,0.521382,0.831785
3197.99,0.0284717,9.59211e-05,15850,4.71934,0.515987,0.804347
3199.82,0.0284392,9.58114e-05,15851,4.71395,0.510596,0.776949
3201.63,0.0284071,9.57033e-05,15852,4.70852,0.50521,0.74959
3203.41,0.0283754,9.55966e-05,15853,4.70307,0.499828,0.722269
3205.18,0.0283442,9.54915e-05,15854,4.69758,0.49445,0.694987
3206.92,0.0283134,9.53878e-05,15855,4.69205,0.489077,0.667742
3208.64,0.0282831,9.52856e-05,15856,4.6865,0.483708,0.640535
3210.34,0.0282532,9.51849e-05,15857,4.68091,0.478343,0.613365
3212.01,0.0282237,9.50856e-05,15858,4.67528,0.472982,0.586232
3213.66,0.0281947,9.49878e-05,15859,4.66963,0.467625,0.559134
3215.3,0.0281661,9.48915e-05,15860,4.66394,0.462272,0.532073
3216.91,0.0281379,9.47965e-05,15861,4.65822,0.456923,0.505047
3218.49,0.0281102,9.4703e-05,15862,4.65246,0.451578,0.478057
3220.06,0.0280829,9.4611e-05,15863,4.64668,0.446237,0.451101
3221.6,0.0280559,9.45203e-05,15864,4.64086,0.440899,0.424179
3223.12,0.0280295,9.44311e-05,15865,4.635,0.435564,0.397291
3224.62,0.0280034,9.43432e-05,15866,4.62912,0.430234,0.370437
3226.1,0.0279777,9.42568e-05,15867,4.6232,0.424906,0.343617
3227.56,0.0279525,9.41718e-05,15868,4.61725,0.419582,0.316829
3228.99,0.0279277,9.40881e-05,15869,4.61127,0.414262,0.290073
3230.41,0.0279032,9.40058e-05,15870,4.60525,0.408945,0.26335
3231.8,0.0278792,9.39249e-05,15871,4.5992,0.403631,0.236659
3233.17,0.0278556,9.38454e-05,15872,4.59312,0.39832,0.209999
3234.51,0.0278324,9.37672e-05,15873,4.58701,0.393012,0.18337
3235.84,0.0278096,9.36904e-05,15874,4.58086,0.387707,0.156771
3237.14,0.0277872,9.36149e-05,15875,4.57469,0.382405,0.130203
3238.43,0.0277652,9.35408e-05,15876,4.56848,0.377106,0.103666
3239.69,0.0277436,9.3468e-05,15877,4.56223,0.37181,0.0771573
3240.93,0.0277224,9.33965e-05,15878,4.55596,0.366517,0.0506784
3242.14,0.0277015,9.33264e-05,15879,4.54965,0.361226,0.0242285
3243.34,0.0276811,9.32575e-05,15880,4.54331,0.355938,-0.00219288
3244.51,0.0276611,9.31901e-05,15881,4.53694,0.350653,-0.0285859
3245.67,0.0276414,9.31239e-05,15882,4.53053,0.34537,-0.0549511
3246.8,0.0276222,9.3059e-05,15883,4.5241,0.340089,-0.0812886
3247.91,0.0276033,9.29954e-05,15884,4.51763,0.334812,-0.107599
3249,0.0275848,9.29331e-05,15885,4.51113,0.329536,-0.133882
3250.06,0.0275667,9.28722e-05,15886,4.50459,0.324262,-0.160139
3251.11,0.027549,9.28125e-05,15887,4.49802,0.318991,-0.18637
3252.13,0.0275317,9.2754e-05,15888,4.49143,0.313722,-0.212574
3253.13,0.0275147,9.26969e-05,15889,4.48479,0.308455,-0.238753
3254.11,0.0274981,9.26411e-05,15890,4.47813,0.30319,-0.264907
3255.07,0.0274819,9.25865e-05,15891,4.47143,0.297928,-0.291036
3256.01,0.0274661,9.25332e-05,15892,4.4647,0.292667,-0.31714
3256.93,0.0274507,9.24811e-05,15893,4.45794,0.287407,-0.34322
3257.82,0.0274356,9.24304e-05,15894,4.45115,0.28215,-0.369276
3258.69,0.0274209,9.23808e-05,15895,4.44432,0.276894,-0.395308
3259.55,0.0274066,9.23326e-05,15896,4.43746,0.271641,-0.421317
3260.38,0.0273926,9.22856e-05,15897,4.43057,0.266388,-0.447303
3261.18,0.027379,9.22398e-05,15898,4.42365,0.261137,-0.473267
3261.97,0.0273658,9.21952e-05,15899,4.41669,0.255888,-0.499208
3262.74,0.027353,9.2152e-05,15900,4.4097,0.25064,-0.525126
3263.48,0.0273405,9.21099e-05,15901,4.40268,0.245394,-0.551024
3264.21,0.0273284,9.20691e-05,15902,4.39562,0.240149,-0.576899
3264.91,0.0273166,9.20295e-05,15903,4.38854,0.234905,-0.602754
3265.59,0.0273052,9.19912e-05,15904,4.38141,0.229662,-0.628588
3266.25,0.0272942,9.1954e-05,15905,4.37426,0.224421,-0.654401
3266.89,0.0272836,9.19181e-05,15906,4.36708,0.21918,-0.680194
3267.5,0.0272733,9.18835e-05,15907,4.35986,0.213941,-0.705968
3268.1,0.0272633,9.185e-05,15908,4.3526,0.208702,-0.731721
3268.67,0.0272538,9.18177e-05,15909,4.34532,0.203465,-0.757456
3269.22,0.0272445,9.17867e-05,15910,4.338,0.198228,-0.783171
3269.75,0.0272357,9.17569e-05,15911,4.33065,0.192992,-0.808868
3270.26,0.0272272,9.17283e-05,15912,4.32326,0.187757,-0.834547
3270.75,0.0272191,9.17009e-05,15913,4.31585,0.182522,-0.860207
3271.22,0.0272113,9.16747e-05,15914,4.3084,0.177288,-0.88585
3271.67,0.0272039,9.16497e-05,15915,4.30091,0.172055,-0.911475
3272.09,0.0271968,9.16259e-05,15916,4.29339,0.166822,-0.937083
3272.49,0.0271901,9.16033e-05,15917,4.28584,0.16159,-0.962674
3272.88,0.0271838,9.15819e-05,15918,4.27826,0.156358,-0.988248
3273.24,0.0271778,9.15617e-05,15919,4.27064,0.151126,-1.01381
3273.58,0.0271721,9.15427e-05,15920,4.26299,0.145895,-1.03935
3273.9,0.0271668,9.15249e-05,15921,4.2553,0.140663,-1.06488
3274.19,0.0271619,9.15083e-05,15922,4.24758,0.135432,-1.09039
3274.47,0.0271573,9.14929e-05,15923,4.23983,0.130201,-1.11588
3274.72,0.0271531,9.14787e-05,15924,4.23205,0.12497,-1.14136
3274.96,0.0271492,9.14656e-05,15925,4.22422,0.119739,-1.16683
3275.17,0.0271457,9.14538e-05,15926,4.21637,0.114508,-1.19228
3275.36,0.0271426,9.14432e-05,15927,4.20848,0.109277,-1.21772
3275.53,0.0271398,9.14337e-05,15928,4.20056,0.104045,-1.24315
3275.68,0.0271373,9.14254e-05,15929,4.1926,0.0988136,-1.26856
3275.8,0.0271352,9.14183e-05,15930,4.18461,0.0935816,-1.29396
3275.91,0.0271334,9.14124e-05,15931,4.17658,0.0883492,-1.31934
3275.99,0.027132,9.14077e-05,15932,4.16852,0.0831163,-1.34472
3276.06,0.027131,9.14042e-05,15933,4.16043,0.077883,-1.37008
3276.1,0.0271303,9.14018e-05,15934,4.1523,0.0726491,-1.39543
3276.12,0.02713,9.14007e-05,15935,4.14413,0.0674146,-1.42076
3276.12,0.02713,9.14007e-05,15936,4.13593,0.0621794,-1.44609
3276.1,0.0271303,9.14019e-05,15937,4.1277,0.0569435,-1.4714
3276.06,0.027131,9.14043e-05,15938,4.11943,0.0517068,-1.49671
3275.99,0.0271321,9.14078e-05,15939,4.11113,0.0464693,-1.522
3275.91,0.0271335,9.14126e-05,15940,4.10279,0.0412308,-1.54728
3275.8,0.0271353,9.14186e-05,15941,4.09441,0.0359914,-1.57256
3275.67,0.0271374,9.14257e-05,15942,4.086,0.030751,-1.59782
3275.52,0.0271399,9.1434e-05,15943,4.07756,0.0255096,-1.62307
3275.35,0.0271427,9.14435e-05,15944,4.06908,0.0202669,-1.64832
3275.16,0.0271459,9.14542e-05,15945,4.06056,0.0150231,-1.67356
3274.95,0.0271494,9.14661e-05,15946,4.05201,0.00977803,-1.69878
3274.71,0.0271533,9.14792e-05,15947,4.04342,0.00453164,-1.724
3274.46,0.0271575,9.14935e-05,15948,4.03479,-0.000716117,-1.74921
3274.18,0.0271621,9.15089e-05,15949,4.02613,-0.00596531,-1.77442
3273.88,0.027167,9.15256e-05,15950,4.01743,-0.011216,-1.79961
3273.56,0.0271723,9.15434e-05,15951,4.0087,-0.0164682,-1.8248
3273.22,0.027178,9.15625e-05,15952,3.99993,-0.0217221,-1.84998
3272.86,0.027184,9.15827e-05,15953,3.99112,-0.0269776,-1.87516
3272.48,0.0271903,9.16041e-05,15954,3.98228,-0.0322348,-1.90033
3272.08,0.0271971,9.16268e-05,15955,3.9734,-0.0374938,-1.92549
3271.65,0.0272041,9.16506e-05,15956,3.96448,-0.0427547,-1.95065
3271.2,0.0272116,9.16756e-05,15957,3.95552,-0.0480174,-1.9758
3270.74,0.0272194,9.17019e-05,15958,3.94653,-0.0532822,-2.00094
3270.25,0.0272275,9.17293e-05,15959,3.9375,-0.0585489,-2.02608
3269.74,0.027236,9.1758e-05,15960,3.92843,-0.0638178,-2.05122
3269.2,0.0272449,9.17879e-05,15961,3.91933,-0.0690888,-2.07635
3268.65,0.0272541,9.18189e-05,15962,3.91019,-0.074362,-2.10148
3268.08,0.0272637,9.18512e-05,15963,3.90101,-0.0796374,-2.1266
3267.48,0.0272736,9.18847e-05,15964,3.89179,-0.0849152,-2.15172
3266.86,0.0272839,9.19195e-05,15965,3.88253,-0.0901954,-2.17684
3266.22,0.0272946,9.19554e-05,15966,3.87323,-0.0954781,-2.20195
3265.56,0.0273056,9.19926e-05,15967,3.8639,-0.100763,-2.22706
3264.88,0.027317,9.2031e-05,15968,3.85453,-0.106051,-2.25217
3264.18,0.0273288,9.20706e-05,15969,3.84512,-0.111341,-2.27728
3263.46,0.0273409,9.21115e-05,15970,3.83567,-0.116634,-2.30238
3262.71,0.0273534,9.21536e-05,15971,3.82618,-0.12193,-2.32748
3261.94,0.0273663,9.21969e-05,15972,3.81665,-0.127229,-2.35258
3261.15,0.0273795,9.22415e-05,15973,3.80708,-0.13253,-2.37768
3260.35,0.0273931,9.22873e-05,15974,3.79747,-0.137835,-2.40278
3259.51,0.0274071,9.23343e-05,15975,3.78782,-0.143142,-2.42788
3258.66,0.0274214,9.23827e-05,15976,3.77814,-0.148453,-2.45298
3257.79,0.0274362,9.24322e-05,15977,3.76841,-0.153766,-2.47807
3256.89,0.0274512,9.24831e-05,15978,3.75864,-0.159083,-2.50317
3255.98,0.0274667,9.25351e-05,15979,3.74883,-0.164403,-2.52827
3255.04,0.0274825,9.25885e-05,15980,3.73898,-0.169726,-2.55337
3254.08,0.0274988,9.26431e-05,15981,3.72909,-0.175053,-2.57847
3253.1,0.0275153,9.2699e-05,15982,3.71916,-0.180383,-2.60357
3252.09,0.0275323,9.27562e-05,15983,3.70919,-0.185717,-2.62867
3251.07,0.0275497,9.28147e-05,15984,3.69917,-0.191054,-2.65377
3250.02,0.0275674,9.28744e-05,15985,3.68912,-0.196395,-2.67888
3248.96,0.0275855,9.29354e-05,15986,3.67902,-0.20174,-2.70399
3247.87,0.027604,9.29978e-05,15987,3.66888,-0.207088,-2.7291
3246.76,0.0276229,9.30614e-05,15988,3.6587,-0.212441,-2.75421
3245.63,0.0276422,9.31263e-05,15989,3.64848,-0.217797,-2.77933
3244.47,0.0276618,9.31925e-05,15990,3.63821,-0.223157,-2.80445
3243.3,0.0276819,9.32601e-05,15991,3.6279,-0.228521,-2.82958
3242.1,0.0277023,9.33289e-05,15992,3.61755,-0.233889,-2.85471
3240.88,0.0277231,9.33991e-05,15993,3.60715,-0.239262,-2.87984
3239.64,0.0277444,9.34706e-05,15994,3.59672,-0.244638,-2.90498
3238.38,0.027766,9.35435e-05,15995,3.58623,-0.250019,-2.93012
3237.1,0.027788,9.36177e-05,15996,3.57571,-0.255404,-2.95526
3235.79,0.0278104,9.36932e-05,15997,3.56514,-0.260794,-2.98042
3234.46,0.0278333,9.37701e-05,15998,3.55452,-0.266188,-3.00558
3233.12,0.0278565,9.38483e-05,15999,3.54387,-0.271587,-3.03074
3231.75,0.0278801,9.39279e-05,16000,3.53316,-0.27699,-3.05591
3230.35,0.0279041,9.40089e-05,16001,3.52242,-0.282398,-3.08109
3228.94,0.0279286,9.40912e-05,16002,3.51162,-0.287811,-3.10627
3227.5,0.0279534,9.41749e-05,16003,3.50078,-0.293229,-3.13146
3226.05,0.0279787,9.426e-05,16004,3.4899,-0.298651,-3.15666
3224.57,0.0280044,9.43465e-05,16005,3.47897,-0.304079,-3.18187
3223.07,0.0280304,9.44344e-05,16006,3.46799,-0.309511,-3.20708
3221.55,0.0280569,9.45237e-05,16007,3.45697,-0.314949,-3.2323
3220,0.0280839,9.46144e-05,16008,3.4459,-0.320392,-3.25753
3218.43,0.0281112,9.47065e-05,16009,3.43479,-0.32584,-3.28277
3216.85,0.028139,9.48e-05,16010,3.42363,-0.331294,-3.30802
3215.24,0.0281672,9.4895e-05,16011,3.41242,-0.336753,-3.33328
3213.6,0.0281958,9.49914e-05,16012,3.40116,-0.342217,-3.35854
3211.95,0.0282248,9.50893e-05,16013,3.38985,-0.347687,-3.38382
3210.27,0.0282543,9.51886e-05,16014,3.3785,-0.353162,-3.40911
3208.58,0.0282842,9.52894e-05,16015,3.3671,-0.358643,-3.4344
3206.86,0.0283146,9.53916e-05,16016,3.35565,-0.36413,-3.45971
3205.11,0.0283454,9.54954e-05,16017,3.34415,-0.369623,-3.48503
3203.35,0.0283766,9.56006e-05,16018,3.3326,-0.375122,-3.51036
3201.56,0.0284083,9.57073e-05,16019,3.321,-0.380626,-3.5357
3199.75,0.0284404,9.58155e-05,16020,3.30936,-0.386137,-3.56106
3197.92,0.0284729,9.59252e-05,16021,3.29766,-0.391654,-3.58642
3196.07,0.028506,9.60364e-05,16022,3.28591,-0.397177,-3.6118
3194.2,0.0285394,9.61492e-05,16023,3.27411,-0.402706,-3.63719
3192.3,0.0285734,9.62635e-05,16024,3.26226,-0.408242,-3.6626
3190.38,0.0286078,9.63793e-05,16025,3.25036,-0.413784,-3.68801
3188.44,0.0286426,9.64968e-05,16026,3.23841,-0.419333,-3.71345
3186.48,0.0286779,9.66157e-05,16027,3.22641,-0.424888,-3.73889
3184.49,0.0287137,9.67363e-05,16028,3.21435,-0.43045,-3.76435
3182.48,0.0287499,9.68584e-05,16029,3.20224,-0.436019,-3.78983
3180.45,0.0287867,9.69821e-05,16030,3.19008,-0.441594,-3.81532
3178.4,0.0288239,9.71074e-05,16031,3.17787,-0.447177,-3.84082
3176.32,0.0288615,9.72343e-05,16032,3.1656,-0.452766,-3.86634
3174.23,0.0288997,9.73629e-05,16033,3.15328,-0.458362,-3.89187
3172.11,0.0289383,9.74931e-05,16034,3.1409,-0.463966,-3.91743
3169.96,0.0289775,9.76249e-05,16035,3.12847,-0.469577,-3.94299
3167.8,0.0290171,9.77584e-05,16036,3.11599,-0.475195,-3.96858
3165.61,0.0290572,9.78935e-05,16037,3.10345,-0.480821,-3.99418
3163.4,0.0290978,9.80304e-05,16038,3.09086,-0.486454,-4.0198
3161.17,0.0291389,9.81689e-05,16039,3.0782,-0.492094,-4.04544
3158.91,0.0291805,9.83091e-05,16040,3.0655,-0.497743,-4.07109
3156.64,0.0292227,9.8451e-05,16041,3.05274,-0.503399,-4.09676
3154.34,0.0292653,9.85946e-05,16042,3.03992,-0.509062,-4.12245
3152.01,0.0293085,9.874e-05,16043,3.02704,-0.514734,-4.14816
3149.67,0.0293521,9.88871e-05,16044,3.0141,-0.520414,-4.17389
3147.3,0.0293963,9.9036e-05,16045,3.00111,-0.526101,-4.19964
3144.91,0.029441,9.91867e-05,16046,2.98806,-0.531797,-4.22541
3142.49,0.0294863,9.93391e-05,16047,2.97495,-0.537502,-4.2512
3140.06,0.0295321,9.94934e-05,16048,2.96178,-0.543214,-4.27701
3137.6,0.0295784,9.96494e-05,16049,2.94855,-0.548935,-4.30284
3135.11,0.0296252,9.98073e-05,16050,2.93527,-0.554664,-4.32869
3132.61,0.0296727,9.9967e-05,16051,2.92192,-0.560402,-4.35456
3130.08,0.0297206,0.000100129,16052,2.90851,-0.566149,-4.38045
3127.53,0.0297691,0.000100292,16053,2.89504,-0.571905,-4.40637
3124.96,0.0298182,0.000100457,16054,2.88151,-0.577669,-4.43231
3122.36,0.0298678,0.000100624,16055,2.86792,-0.583443,-4.45827
3119.74,0.029918,0.000100794,16056,2.85426,-0.589225,-4.48425
3117.09,0.0299688,0.000100965,16057,2.84054,-0.595017,-4.51026
3114.43,0.0300201,0.000101138,16058,2.82676,-0.600818,-4.53629
3111.74,0.030072,0.000101312,16059,2.81291,-0.606628,-4.56235
3109.03,0.0301245,0.000101489,16060,2.799,-0.612448,-4.58843
3106.29,0.0301776,0.000101668,16061,2.78503,-0.618277,-4.61453
3103.53,0.0302313,0.000101849,16062,2.77099,-0.624116,-4.64066
3100.75,0.0302856,0.000102032,16063,2.75689,-0.629964,-4.66681
3097.94,0.0303405,0.000102217,16064,2.74272,-0.635823,-4.693
3095.11,0.030396,0.000102404,16065,2.72848,-0.641691,-4.7192
3092.26,0.0304521,0.000102593,16066,2.71418,-0.64757,-4.74544
3089.38,0.0305088,0.000102784,16067,2.69981,-0.653458,-4.7717
3086.48,0.0305662,0.000102977,16068,2.68537,-0.659357,-4.79798
3083.56,0.0306241,0.000103173,16069,2.67086,-0.665266,-4.8243
3080.61,0.0306828,0.00010337,16070,2.65628,-0.671186,-4.85064
3077.64,0.030742,0.00010357,16071,2.64164,-0.677116,-4.87701
3074.65,0.0308019,0.000103771,16072,2.62692,-0.683057,-4.90341
3071.63,0.0308624,0.000103975,16073,2.61214,-0.689009,-4.92984
3068.59,0.0309237,0.000104182,16074,2.59728,-0.694971,-4.9563
3065.53,0.0309855,0.00010439,16075,2.58235,-0.700945,-4.98278
3062.44,0.0310481,0.000104601,16076,2.56735,-0.706929,-5.0093
3059.32,0.0311113,0.000104814,16077,2.55228,-0.712925,-5.03585
3056.19,0.0311752,0.000105029,16078,2.53713,-0.718932,-5.06243
3053.03,0.0312397,0.000105247,16079,2.52192,-0.724951,-5.08904
3049.84,0.031305,0.000105466,16080,2.50662,-0.730981,-5.11568
3046.63,0.031371,0.000105689,16081,2.49125,-0.737023,-5.14235
3043.4,0.0314377,0.000105913,16082,2.47581,-0.743076,-5.16906
3040.15,0.031505,0.00010614,16083,2.46029,-0.749141,-5.19579
3036.86,0.0315732,0.00010637,16084,2.44469,-0.755219,-5.22256
3033.56,0.031642,0.000106602,16085,2.42902,-0.761308,-5.24937
3030.23,0.0317115,0.000106836,16086,2.41327,-0.76741,-5.27621
3026.88,0.0317818,0.000107073,16087,2.39744,-0.773524,-5.30308
3023.5,0.0318529,0.000107312,16088,2.38153,-0.779651,-5.32999
3020.1,0.0319247,0.000107554,16089,2.36555,-0.78579,-5.35693
3016.67,0.0319973,0.000107799,16090,2.34948,-0.791942,-5.38391
3013.22,0.0320706,0.000108046,16091,2.33333,-0.798106,-5.41092
3009.75,0.0321447,0.000108295,16092,2.3171,-0.804284,-5.43797
3006.25,0.0322196,0.000108548,16093,2.30079,-0.810475,-5.46506
3002.72,0.0322953,0.000108803,16094,2.28439,-0.816679,-5.49218
2999.17,0.0323717,0.00010906,16095,2.26791,-0.822896,-5.51934
2995.6,0.032449,0.000109321,16096,2.25135,-0.829127,-5.54654
2992,0.0325271,0.000109584,16097,2.2347,-0.835371,-5.57378
2988.38,0.032606,0.00010985,16098,2.21797,-0.841629,-5.60105
2984.73,0.0326858,0.000110118,16099,2.20115,-0.847901,-5.62837
