distance,acceleration_a,acceleration_b,tick_index,velocity_x,velocity_y,velocity_z
2109.64,0.022042,0.00022042,6438,-6.81102,0,0.198174
2108.28,0.0220706,0.000220706,6439,-6.81455,0,0.219959
2106.91,0.0220993,0.000220993,6440,-6.81803,0,0.241783
2105.54,0.022128,0.00022128,6441,-6.82143,0,0.263647
2104.17,0.0221568,0.000221568,6442,-6.82478,0,0.285551
2102.8,0.0221856,0.000221856,6443,-6.82805,0,0.307493
2101.43,0.0222146,0.000222145,6444,-6.83126,0,0.329475
2100.06,0.0222435,0.000222435,6445,-6.8344,0,0.351495
2098.69,0.0222726,0.000222726,6446,-6.83748,0,0.373555
2097.32,0.0223018,0.000223018,6447,-6.84048,0,0.395653
2095.95,0.022331,0.00022331,6448,-6.84342,0,0.417789
2094.58,0.0223602,0.000223602,6449,-6.8463,0,0.439964
2093.2,0.0223896,0.000223896,6450,-6.8491,0,0.462178
2091.83,0.022419,0.00022419,6451,-6.85183,0,0.484429
2090.46,0.0224485,0.000224485,6452,-6.8545,0,0.506719
2089.08,0.022478,0.00022478,6453,-6.8571,0,0.529046
2087.71,0.0225077,0.000225077,6454,-6.85962,0,0.551412
2086.33,0.0225374,0.000225374,6455,-6.86208,0,0.573815
2084.95,0.0225671,0.000225671,6456,-6.86447,0,0.596255
2083.58,0.0225969,0.000225969,6457,-6.86679,0,0.618733
2082.2,0.0226268,0.000226268,6458,-6.86903,0,0.641248
2080.82,0.0226568,0.000226568,6459,-6.87121,0,0.6638
2079.45,0.0226868,0.000226868,6460,-6.87331,0,0.68639
2078.07,0.0227169,0.000227169,6461,-6.87534,0,0.709015
2076.69,0.0227471,0.000227471,6462,-6.8773,0,0.731678
2075.31,0.0227773,0.000227773,6463,-6.87919,0,0.754377
2073.93,0.0228077,0.000228077,6464,-6.881,0,0.777112
2072.55,0.022838,0.00022838,6465,-6.88275,0,0.799884
2071.17,0.0228685,0.000228685,6466,-6.88442,0,0.822691
2069.79,0.022899,0.00022899,6467,-6.88601,0,0.845535
2068.41,0.0229296,0.000229296,6468,-6.88753,0,0.868414
2067.03,0.0229602,0.000229602,6469,-6.88898,0,0.891328
2065.65,0.0229909,0.000229909,6470,-6.89035,0,0.914278
2064.27,0.0230217,0.000230217,6471,-6.89165,0,0.937263
2062.88,0.0230526,0.000230526,6472,-6.89287,0,0.960283
2061.5,0.0230835,0.000230835,6473,-6.89402,0,0.983338
2060.12,0.0231145,0.000231145,6474,-6.89509,0,1.00643
2058.74,0.0231455,0.000231455,6475,-6.89608,0,1.02955
2057.36,0.0231766,0.000231766,6476,-6.897,0,1.05271
2055.97,0.0232078,0.000232078,6477,-6.89784,0,1.0759
2054.59,0.023239,0.00023239,6478,-6.89861,0,1.09913
2053.21,0.0232704,0.000232704,6479,-6.8993,0,1.12239
2051.83,0.0233017,0.000233017,6480,-6.89991,0,1.14568
2050.44,0.0233332,0.000233332,6481,-6.90044,0,1.16901
2049.06,0.0233647,0.000233647,6482,-6.90089,0,1.19237
2047.68,0.0233963,0.000233963,6483,-6.90126,0,1.21576
2046.29,0.0234279,0.000234279,6484,-6.90156,0,1.23919
2044.91,0.0234596,0.000234596,6485,-6.90177,0,1.26265
2043.53,0.0234914,0.000234914,6486,-6.90191,0,1.28614
2042.14,0.0235232,0.000235232,6487,-6.90197,0,1.30966
2040.76,0.0235551,0.000235551,6488,-6.90194,0,1.33322
2039.38,0.0235871,0.000235871,6489,-6.90184,0,1.3568
2037.99,0.0236191,0.000236191,6490,-6.90165,0,1.38042
2036.61,0.0236512,0.000236512,6491,-6.90138,0,1.40407
2035.23,0.0236834,0.000236834,6492,-6.90104,0,1.42775
2033.84,0.0237156,0.000237156,6493,-6.9006,0,1.45147
2032.46,0.0237479,0.000237479,6494,-6.90009,0,1.47521
2031.08,0.0237802,0.000237802,6495,-6.8995,0,1.49898
2029.7,0.0238126,0.000238126,6496,-6.89882,0,1.52278
2028.31,0.0238451,0.000238451,6497,-6.89806,0,1.54662
2026.93,0.0238776,0.000238776,6498,-6.89721,0,1.57048
2025.55,0.0239102,0.000239102,6499,-6.89628,0,1.59437
2024.17,0.0239429,0.000239429,6500,-6.89527,0,1.61829
2022.79,0.0239756,0.000239756,6501,-6.89417,0,1.64224
2021.4,0.0240084,0.000240084,6502,-6.89298,0,1.66622
2020.02,0.0240412,0.000240412,6503,-6.89171,0,1.69023
2018.64,0.0240741,0.000240741,6504,-6.89036,0,1.71427
2017.26,0.0241071,0.000241071,6505,-6.88892,0,1.73833
2015.88,0.0241401,0.000241401,6506,-6.88739,0,1.76242
2014.5,0.0241732,0.000241732,6507,-6.88578,0,1.78654
2013.12,0.0242063,0.000242063,6508,-6.88408,0,1.81069
2011.74,0.0242395,0.000242395,6509,-6.88229,0,1.83486
2010.36,0.0242728,0.000242728,6510,-6.88042,0,1.85906
2008.99,0.0243061,0.000243061,6511,-6.87845,0,1.88329
2007.61,0.0243395,0.000243395,6512,-6.8764,0,1.90754
2006.23,0.0243729,0.000243729,6513,-6.87426,0,1.93182
2004.85,0.0244064,0.000244064,6514,-6.87203,0,1.95612
2003.48,0.02444,0.0002444,6515,-6.86971,0,1.98045
2002.1,0.0244736,0.000244736,6516,-6.86731,0,2.00481
2000.72,0.0245072,0.000245072,6517,-6.86481,0,2.02919
1999.35,0.024541,0.00024541,6518,-6.86222,0,2.05359
1997.97,0.0245747,0.000245747,6519,-6.85954,0,2.07802
1996.6,0.0246086,0.000246086,6520,-6.85677,0,2.10247
1995.23,0.0246425,0.000246425,6521,-6.85391,0,2.12695
1993.85,0.0246764,0.000246764,6522,-6.85096,0,2.15145
1992.48,0.0247104,0.000247104,6523,-6.84792,0,2.17597
1991.11,0.0247445,0.000247445,6524,-6.84478,0,2.20052
1989.74,0.0247786,0.000247786,6525,-6.84155,0,2.22508
1988.37,0.0248127,0.000248127,6526,-6.83823,0,2.24967
1987,0.0248469,0.000248469,6527,-6.83481,0,2.27428
1985.63,0.0248812,0.000248812,6528,-6.8313,0,2.29892
1984.26,0.0249155,0.000249155,6529,-6.8277,0,2.32357
1982.9,0.0249499,0.000249499,6530,-6.82401,0,2.34824
1981.53,0.0249843,0.000249843,6531,-6.82021,0,2.37294
1980.16,0.0250188,0.000250188,6532,-6.81633,0,2.39765
1978.8,0.0250533,0.000250533,6533,-6.81235,0,2.42239
1977.44,0.0250879,0.000250879,6534,-6.80827,0,2.44714
1976.07,0.0251225,0.000251225,6535,-6.8041,0,2.47192
1974.71,0.0251572,0.000251572,6536,-6.79983,0,2.49671
1973.35,0.0251919,0.000251919,6537,-6.79546,0,2.52152
1971.99,0.0252267,0.000252267,6538,-6.791,0,2.54635
1970.63,0.0252615,0.000252615,6539,-6.78644,0,2.5712
1969.27,0.0252964,0.000252964,6540,-6.78178,0,2.59606
1967.91,0.0253313,0.000253313,6541,-6.77703,0,2.62094
1966.56,0.0253663,0.000253663,6542,-6.77217,0,2.64584
1965.2,0.0254013,0.000254013,6543,-6.76722,0,2.67075
1963.84,0.0254363,0.000254363,6544,-6.76217,0,2.69568
1962.49,0.0254714,0.000254714,6545,-6.75702,0,2.72063
1961.14,0.0255066,0.000255066,6546,-6.75177,0,2.74559
1959.79,0.0255418,0.000255418,6547,-6.74642,0,2.77056
1958.44,0.025577,0.00025577,6548,-6.74098,0,2.79555
1957.09,0.0256123,0.000256123,6549,-6.73543,0,2.82056
1955.74,0.0256476,0.000256476,6550,-6.72978,0,2.84557
1954.39,0.025683,0.00025683,6551,-6.72403,0,2.87061
1953.05,0.0257184,0.000257184,6552,-6.71817,0,2.89565
1951.7,0.0257539,0.000257539,6553,-6.71222,0,2.92071
1950.36,0.0257894,0.000257893,6554,-6.70616,0,2.94577
1949.02,0.0258249,0.000258249,6555,-6.70001,0,2.97085
1947.67,0.0258605,0.000258605,6556,-6.69375,0,2.99595
1946.34,0.0258961,0.000258961,6557,-6.68738,0,3.02105
1945,0.0259317,0.000259317,6558,-6.68092,0,3.04616
1943.66,0.0259674,0.000259674,6559,-6.67435,0,3.07128
1942.32,0.0260031,0.000260031,6560,-6.66767,0,3.09641
1940.99,0.0260389,0.000260389,6561,-6.66089,0,3.12156
1939.66,0.0260747,0.000260747,6562,-6.65401,0,3.14671
1938.33,0.0261105,0.000261105,6563,-6.64702,0,3.17186
1937,0.0261464,0.000261464,6564,-6.63993,0,3.19703
1935.67,0.0261823,0.000261823,6565,-6.63273,0,3.2222
1934.34,0.0262182,0.000262182,6566,-6.62543,0,3.24738
1933.01,0.0262542,0.000262542,6567,-6.61802,0,3.27257
1931.69,0.0262902,0.000262902,6568,-6.61051,0,3.29776
1930.37,0.0263263,0.000263263,6569,-6.60289,0,3.32296
1929.05,0.0263623,0.000263623,6570,-6.59516,0,3.34817
1927.73,0.0263984,0.000263984,6571,-6.58732,0,3.37338
1926.41,0.0264346,0.000264346,6572,-6.57938,0,3.39859
1925.09,0.0264707,0.000264707,6573,-6.57133,0,3.42381
1923.78,0.0265069,0.000265069,6574,-6.56317,0,3.44903
1922.47,0.0265431,0.000265431,6575,-6.5549,0,3.47425
1921.15,0.0265794,0.000265794,6576,-6.54653,0,3.49947
1919.84,0.0266156,0.000266156,6577,-6.53804,0,3.5247
1918.54,0.0266519,0.000266519,6578,-6.52945,0,3.54993
1917.23,0.0266883,0.000266883,6579,-6.52074,0,3.57516
1915.93,0.0267246,0.000267246,6580,-6.51193,0,3.60039
1914.62,0.026761,0.00026761,6581,-6.50301,0,3.62562
1913.32,0.0267974,0.000267974,6582,-6.49398,0,3.65085
1912.02,0.0268338,0.000268338,6583,-6.48483,0,3.67608
1910.73,0.0268702,0.000268702,6584,-6.47558,0,3.7013
1909.43,0.0269067,0.000269067,6585,-6.46622,0,3.72653
1908.14,0.0269432,0.000269432,6586,-6.45674,0,3.75175
1906.85,0.0269797,0.000269797,6587,-6.44715,0,3.77697
1905.56,0.0270162,0.000270162,6588,-6.43745,0,3.80218
1904.27,0.0270528,0.000270528,6589,-6.42764,0,3.82739
1902.99,0.0270893,0.000270893,6590,-6.41772,0,3.8526
1901.7,0.0271259,0.000271259,6591,-6.40768,0,3.8778
1900.42,0.0271625,0.000271625,6592,-6.39753,0,3.903
1899.14,0.0271991,0.000271991,6593,-6.38727,0,3.92818
1897.86,0.0272357,0.000272357,6594,-6.37689,0,3.95337
1896.59,0.0272723,0.000272723,6595,-6.36641,0,3.97854
1895.32,0.027309,0.00027309,6596,-6.3558,0,4.00371
1894.05,0.0273456,0.000273456,6597,-6.34509,0,4.02887
1892.78,0.0273823,0.000273823,6598,-6.33425,0,4.05401
1891.51,0.027419,0.00027419,6599,-6.32331,0,4.07915
1890.25,0.0274556,0.000274556,6600,-6.31225,0,4.10428
1888.99,0.0274923,0.000274923,6601,-6.30107,0,4.1294
1887.73,0.027529,0.00027529,6602,-6.28978,0,4.15451
1886.47,0.0275657,0.000275657,6603,-6.27838,0,4.1796
1885.21,0.0276025,0.000276025,6604,-6.26685,0,4.20469
1883.96,0.0276392,0.000276392,6605,-6.25522,0,4.22976
1882.71,0.0276759,0.000276759,6606,-6.24346,0,4.25481
1881.46,0.0277126,0.000277126,6607,-6.23159,0,4.27985
1880.22,0.0277494,0.000277494,6608,-6.21961,0,4.30488
1878.97,0.0277861,0.000277861,6609,-6.2075,0,4.32989
1877.73,0.0278228,0.000278228,6610,-6.19528,0,4.35489
1876.5,0.0278595,0.000278595,6611,-6.18295,0,4.37987
1875.26,0.0278963,0.000278963,6612,-6.17049,0,4.40483
1874.03,0.027933,0.00027933,6613,-6.15792,0,4.42977
1872.8,0.0279697,0.000279697,6614,-6.14523,0,4.4547
1871.57,0.0280064,0.000280064,6615,-6.13242,0,4.47961
1870.34,0.0280431,0.000280431,6616,-6.1195,0,4.50449
1869.12,0.0280798,0.000280798,6617,-6.10645,0,4.52936
1867.9,0.0281165,0.000281165,6618,-6.09329,0,4.5542
1866.68,0.0281532,0.000281532,6619,-6.08001,0,4.57903
1865.47,0.0281899,0.000281899,6620,-6.06661,0,4.60383
1864.26,0.0282266,0.000282266,6621,-6.05309,0,4.62861
1863.05,0.0282632,0.000282632,6622,-6.03946,0,4.65336
1861.84,0.0282998,0.000282999,6623,-6.0257,0,4.6781
1860.64,0.0283365,0.000283365,6624,-6.01182,0,4.7028
1859.44,0.0283731,0.000283731,6625,-5.99783,0,4.72748
1858.24,0.0284097,0.000284097,6626,-5.98371,0,4.75214
1857.04,0.0284463,0.000284463,6627,-5.96948,0,4.77677
1855.85,0.0284828,0.000284828,6628,-5.95512,0,4.80137
1854.66,0.0285194,0.000285194,6629,-5.94065,0,4.82594
1853.47,0.0285559,0.000285559,6630,-5.92605,0,4.85048
1852.29,0.0285924,0.000285924,6631,-5.91134,0,4.875
1851.11,0.0286289,0.000286289,6632,-5.8965,0,4.89948
1849.93,0.0286654,0.000286654,6633,-5.88154,0,4.92394
1848.76,0.0287018,0.000287018,6634,-5.86646,0,4.94836
1847.59,0.0287382,0.000287382,6635,-5.85126,0,4.97275
1846.42,0.0287746,0.000287746,6636,-5.83595,0,4.99711
1845.25,0.0288109,0.000288109,6637,-5.8205,0,5.02143
1844.09,0.0288473,0.000288473,6638,-5.80494,0,5.04572
1842.93,0.0288836,0.000288836,6639,-5.78926,0,5.06997
1841.78,0.0289198,0.000289198,6640,-5.77346,0,5.09419
1840.62,0.0289561,0.000289561,6641,-5.75753,0,5.11838
1839.47,0.0289923,0.000289923,6642,-5.74148,0,5.14252
1838.33,0.0290284,0.000290284,6643,-5.72531,0,5.16663
1837.18,0.0290646,0.000290646,6644,-5.70902,0,5.1907
1836.04,0.0291006,0.000291006,6645,-5.69261,0,5.21473
1834.91,0.0291367,0.000291367,6646,-5.67607,0,5.23872
1833.78,0.0291727,0.000291727,6647,-5.65942,0,5.26267
1832.65,0.0292087,0.000292087,6648,-5.64264,0,5.28658
1831.52,0.0292446,0.000292446,6649,-5.62574,0,5.31045
1830.4,0.0292805,0.000292805,6650,-5.60872,0,5.33427
1829.28,0.0293163,0.000293163,6651,-5.59157,0,5.35805
1828.16,0.0293521,0.000293521,6652,-5.57431,0,5.38179
1827.05,0.0293879,0.000293879,6653,-5.55692,0,5.40548
1825.94,0.0294236,0.000294236,6654,-5.53941,0,5.42913
1824.84,0.0294593,0.000294593,6655,-5.52178,0,5.45273
1823.73,0.0294949,0.000294949,6656,-5.50402,0,5.47628
1822.64,0.0295304,0.000295304,6657,-5.48614,0,5.49978
1821.54,0.0295659,0.000295659,6658,-5.46814,0,5.52324
1820.45,0.0296014,0.000296014,6659,-5.45002,0,5.54665
1819.36,0.0296367,0.000296367,6660,-5.43178,0,5.57
1818.28,0.0296721,0.000296721,6661,-5.41341,0,5.59331
1817.2,0.0297074,0.000297074,6662,-5.39493,0,5.61656
1816.12,0.0297426,0.000297426,6663,-5.37632,0,5.63976
1815.05,0.0297777,0.000297777,6664,-5.35758,0,5.66291
1813.98,0.0298128,0.000298128,6665,-5.33873,0,5.686
1812.92,0.0298478,0.000298478,6666,-5.31975,0,5.70904
1811.86,0.0298828,0.000298828,6667,-5.30066,0,5.73203
1810.8,0.0299177,0.000299177,6668,-5.28144,0,5.75495
1809.75,0.0299525,0.000299525,6669,-5.26209,0,5.77782
1808.7,0.0299873,0.000299873,6670,-5.24263,0,5.80064
1807.65,0.030022,0.00030022,6671,-5.22304,0,5.82339
1806.61,0.0300566,0.000300566,6672,-5.20334,0,5.84608
1805.57,0.0300912,0.000300912,6673,-5.18351,0,5.86872
1804.54,0.0301256,0.000301256,6674,-5.16356,0,5.89129
1803.51,0.03016,0.0003016,6675,-5.14349,0,5.9138
1802.48,0.0301944,0.000301944,6676,-5.12329,0,5.93625
1801.46,0.0302286,0.000302286,6677,-5.10298,0,5.95864
1800.45,0.0302628,0.000302628,6678,-5.08254,0,5.98096
1799.43,0.0302969,0.000302969,6679,-5.06199,0,6.00321
1798.42,0.0303309,0.000303309,6680,-5.04131,0,6.02541
1797.42,0.0303648,0.000303648,6681,-5.02051,0,6.04753
1796.42,0.0303986,0.000303986,6682,-4.9996,0,6.06959
1795.42,0.0304324,0.000304324,6683,-4.97856,0,6.09158
1794.43,0.030466,0.00030466,6684,-4.9574,0,6.11349
1793.44,0.0304996,0.000304996,6685,-4.93612,0,6.13534
1792.46,0.0305331,0.000305331,6686,-4.91472,0,6.15712
1791.48,0.0305665,0.000305665,6687,-4.8932,0,6.17883
1790.51,0.0305997,0.000305997,6688,-4.87156,0,6.20047
1789.53,0.0306329,0.000306329,6689,-4.84981,0,6.22203
1788.57,0.030666,0.00030666,6690,-4.82793,0,6.24352
1787.61,0.030699,0.00030699,6691,-4.80593,0,6.26494
1786.65,0.0307319,0.000307319,6692,-4.78382,0,6.28628
1785.7,0.0307648,0.000307647,6693,-4.76158,0,6.30754
1784.75,0.0307974,0.000307975,6694,-4.73923,0,6.32873
1783.81,0.03083,0.0003083,6695,-4.71676,0,6.34983
1782.87,0.0308625,0.000308625,6696,-4.69417,0,6.37086
1781.93,0.0308949,0.000308949,6697,-4.67147,0,6.39181
1781,0.0309272,0.000309272,6698,-4.64864,0,6.41269
1780.08,0.0309594,0.000309594,6699,-4.6257,0,6.43347
1779.15,0.0309914,0.000309914,6700,-4.60264,0,6.45418
1778.24,0.0310234,0.000310234,6701,-4.57947,0,6.47481
1777.33,0.0310552,0.000310552,6702,-4.55618,0,6.49535
1776.42,0.0310869,0.000310869,6703,-4.53277,0,6.5158
1775.52,0.0311185,0.000311185,6704,-4.50925,0,6.53618
1774.62,0.03115,0.0003115,6705,-4.48561,0,6.55646
1773.73,0.0311814,0.000311814,6706,-4.46185,0,6.57666
1772.84,0.0312126,0.000312126,6707,-4.43798,0,6.59677
1771.96,0.0312437,0.000312437,6708,-4.414,0,6.6168
1771.08,0.0312747,0.000312747,6709,-4.3899,0,6.63673
1770.21,0.0313056,0.000313056,6710,-4.36569,0,6.65657
1769.34,0.0313363,0.000313363,6711,-4.34136,0,6.67633
1768.47,0.0313669,0.000313669,6712,-4.31692,0,6.69599
1767.61,0.0313974,0.000313974,6713,-4.29237,0,6.71556
1766.76,0.0314278,0.000314278,6714,-4.2677,0,6.73503
1765.91,0.031458,0.00031458,6715,-4.24292,0,6.75442
1765.07,0.0314881,0.000314881,6716,-4.21803,0,6.7737
1764.23,0.031518,0.00031518,6717,-4.19303,0,6.79289
1763.4,0.0315478,0.000315478,6718,-4.16792,0,6.81199
1762.57,0.0315775,0.000315775,6719,-4.1427,0,6.83099
1761.74,0.031607,0.00031607,6720,-4.11736,0,6.84988
1760.93,0.0316364,0.000316364,6721,-4.09192,0,6.86869
1760.11,0.0316656,0.000316656,6722,-4.06636,0,6.88739
1759.3,0.0316947,0.000316947,6723,-4.0407,0,6.90599
1758.5,0.0317237,0.000317237,6724,-4.01493,0,6.92448
1757.7,0.0317525,0.000317525,6725,-3.98905,0,6.94288
1756.91,0.0317811,0.000317811,6726,-3.96306,0,6.96117
1756.12,0.0318096,0.000318096,6727,-3.93696,0,6.97936
1755.34,0.031838,0.00031838,6728,-3.91076,0,6.99745
1754.57,0.0318662,0.000318662,6729,-3.88445,0,7.01543
1753.79,0.0318942,0.000318942,6730,-3.85804,0,7.0333
1753.03,0.0319221,0.000319221,6731,-3.83152,0,7.05107
1752.27,0.0319498,0.000319498,6732,-3.80489,0,7.06873
1751.51,0.0319774,0.000319774,6733,-3.77816,0,7.08628
1750.76,0.0320048,0.000320048,6734,-3.75132,0,7.10372
1750.02,0.0320321,0.000320321,6735,-3.72439,0,7.12105
1749.28,0.0320591,0.000320591,6736,-3.69734,0,7.13827
1748.54,0.0320861,0.000320861,6737,-3.6702,0,7.15538
1747.81,0.0321128,0.000321128,6738,-3.64295,0,7.17238
1747.09,0.0321394,0.000321394,6739,-3.61561,0,7.18926
1746.37,0.0321658,0.000321658,6740,-3.58816,0,7.20603
1745.66,0.032192,0.00032192,6741,-3.56061,0,7.22268
1744.96,0.0322181,0.000322181,6742,-3.53296,0,7.23922
1744.26,0.032244,0.00032244,6743,-3.50521,0,7.25565
1743.56,0.0322697,0.000322697,6744,-3.47736,0,7.27195
1742.87,0.0322952,0.000322952,6745,-3.44942,0,7.28814
1742.19,0.0323206,0.000323206,6746,-3.42138,0,7.30421
1741.51,0.0323458,0.000323458,6747,-3.39324,0,7.32016
1740.84,0.0323708,0.000323708,6748,-3.365,0,7.33599
1740.17,0.0323956,0.000323956,6749,-3.33667,0,7.3517
1739.51,0.0324202,0.000324202,6750,-3.30824,0,7.36729
1738.85,0.0324447,0.000324447,6751,-3.27972,0,7.38275
1738.2,0.0324689,0.000324689,6752,-3.25111,0,7.3981
1737.56,0.032493,0.00032493,6753,-3.2224,0,7.41331
1736.92,0.0325169,0.000325169,6754,-3.1936,0,7.42841
1736.29,0.0325406,0.000325406,6755,-3.1647,0,7.44338
1735.66,0.0325641,0.000325641,6756,-3.13572,0,7.45822
1735.04,0.0325874,0.000325874,6757,-3.10664,0,7.47294
1734.43,0.0326105,0.000326105,6758,-3.07748,0,7.48753
1733.82,0.0326334,0.000326334,6759,-3.04822,0,7.50199
1733.21,0.0326561,0.000326561,6760,-3.01888,0,7.51632
1732.62,0.0326786,0.000326786,6761,-2.98945,0,7.53053
1732.03,0.032701,0.00032701,6762,-2.95993,0,7.5446
1731.44,0.0327231,0.000327231,6763,-2.93033,0,7.55854
1730.86,0.032745,0.00032745,6764,-2.90064,0,7.57235
1730.29,0.0327667,0.000327667,6765,-2.87086,0,7.58603
1729.72,0.0327882,0.000327882,6766,-2.84101,0,7.59958
1729.16,0.0328095,0.000328095,6767,-2.81106,0,7.61299
1728.6,0.0328306,0.000328306,6768,-2.78104,0,7.62627
1728.05,0.0328515,0.000328515,6769,-2.75093,0,7.63941
1727.51,0.0328721,0.000328722,6770,-2.72074,0,7.65242
1726.97,0.0328926,0.000328926,6771,-2.69047,0,7.66529
1726.44,0.0329129,0.000329129,6772,-2.66012,0,7.67803
1725.92,0.0329329,0.000329329,6773,-2.62969,0,7.69063
1725.4,0.0329527,0.000329527,6774,-2.59919,0,7.70309
1724.88,0.0329723,0.000329723,6775,-2.5686,0,7.71541
1724.38,0.0329917,0.000329917,6776,-2.53794,0,7.72759
1723.88,0.0330108,0.000330108,6777,-2.50721,0,7.73963
1723.38,0.0330298,0.000330298,6778,-2.4764,0,7.75153
1722.89,0.0330485,0.000330485,6779,-2.44551,0,7.76329
1722.41,0.033067,0.00033067,6780,-2.41455,0,7.77491
1721.94,0.0330853,0.000330853,6781,-2.38352,0,7.78639
1721.47,0.0331033,0.000331033,6782,-2.35242,0,7.79772
1721,0.0331211,0.000331211,6783,-2.32125,0,7.80891
1720.55,0.0331387,0.000331387,6784,-2.29,0,7.81996
1720.1,0.0331561,0.000331561,6785,-2.25869,0,7.83086
1719.65,0.0331732,0.000331732,6786,-2.22731,0,7.84161
1719.21,0.0331901,0.000331901,6787,-2.19586,0,7.85222
1718.78,0.0332068,0.000332068,6788,-2.16434,0,7.86269
1718.36,0.0332233,0.000332233,6789,-2.13276,0,7.873
1717.94,0.0332395,0.000332395,6790,-2.10112,0,7.88317
1717.52,0.0332555,0.000332555,6791,-2.06941,0,7.8932
1717.12,0.0332712,0.000332712,6792,-2.03764,0,7.90307
1716.72,0.0332867,0.000332867,6793,-2.0058,0,7.91279
1716.33,0.033302,0.00033302,6794,-1.97391,0,7.92237
1715.94,0.033317,0.00033317,6795,-1.94195,0,7.93179
1715.56,0.0333318,0.000333318,6796,-1.90993,0,7.94107
1715.18,0.0333463,0.000333463,6797,-1.87786,0,7.95019
1714.81,0.0333607,0.000333607,6798,-1.84573,0,7.95916
1714.45,0.0333747,0.000333747,6799,-1.81354,0,7.96798
1714.1,0.0333885,0.000333885,6800,-1.7813,0,7.97665
1713.75,0.0334021,0.000334021,6801,-1.749,0,7.98517
1713.41,0.0334155,0.000334155,6802,-1.71665,0,7.99353
1713.07,0.0334285,0.000334285,6803,-1.68424,0,8.00174
1712.74,0.0334414,0.000334414,6804,-1.65178,0,8.00979
1712.42,0.033454,0.00033454,6805,-1.61928,0,8.01769
1712.11,0.0334663,0.000334663,6806,-1.58672,0,8.02543
1711.8,0.0334784,0.000334784,6807,-1.55411,0,8.03302
1711.49,0.0334903,0.000334903,6808,-1.52146,0,8.04046
1711.2,0.0335019,0.000335019,6809,-1.48875,0,8.04773
1710.91,0.0335132,0.000335132,6810,-1.45601,0,8.05485
1710.62,0.0335243,0.000335243,6811,-1.42321,0,8.06182
1710.35,0.0335351,0.000335351,6812,-1.39038,0,8.06862
1710.08,0.0335457,0.000335457,6813,-1.3575,0,8.07527
1709.81,0.0335561,0.000335561,6814,-1.32457,0,8.08176
1709.56,0.0335661,0.000335661,6815,-1.29161,0,8.08809
1709.31,0.033576,0.00033576,6816,-1.25861,0,8.09426
1709.06,0.0335855,0.000335855,6817,-1.22556,0,8.10028
1708.83,0.0335948,0.000335948,6818,-1.19248,0,8.10613
1708.6,0.0336039,0.000336039,6819,-1.15936,0,8.11183
1708.37,0.0336127,0.000336127,6820,-1.12621,0,8.11736
1708.16,0.0336212,0.000336212,6821,-1.09302,0,8.12274
1707.95,0.0336295,0.000336295,6822,-1.0598,0,8.12795
1707.74,0.0336375,0.000336375,6823,-1.02654,0,8.133
1707.55,0.0336453,0.000336453,6824,-0.993254,0,8.13789
1707.36,0.0336528,0.000336528,6825,-0.959936,0,8.14262
1707.17,0.03366,0.0003366,6826,-0.926587,0,8.14719
1707,0.033667,0.00033667,6827,-0.89321,0,8.1516
1706.83,0.0336737,0.000336737,6828,-0.859805,0,8.15584
1706.66,0.0336801,0.000336801,6829,-0.826373,0,8.15992
1706.51,0.0336863,0.000336863,6830,-0.792915,0,8.16384
1706.36,0.0336922,0.000336922,6831,-0.759433,0,8.1676
1706.21,0.0336979,0.000336979,6832,-0.725927,0,8.17119
1706.08,0.0337033,0.000337033,6833,-0.692399,0,8.17462
1705.95,0.0337084,0.000337084,6834,-0.658849,0,8.17789
1705.82,0.0337133,0.000337133,6835,-0.625279,0,8.18099
1705.71,0.0337179,0.000337179,6836,-0.591689,0,8.18393
1705.6,0.0337222,0.000337222,6837,-0.558081,0,8.1867
1705.5,0.0337263,0.000337263,6838,-0.524456,0,8.18931
1705.4,0.0337301,0.000337301,6839,-0.490815,0,8.19176
1705.31,0.0337336,0.000337336,6840,-0.457159,0,8.19404
1705.23,0.0337368,0.000337368,6841,-0.423488,0,8.19616
1705.15,0.0337398,0.000337398,6842,-0.389805,0,8.19811
1705.08,0.0337426,0.000337426,6843,-0.35611,0,8.1999
1705.02,0.033745,0.00033745,6844,-0.322404,0,8.20152
1704.96,0.0337472,0.000337472,6845,-0.288688,0,8.20298
1704.92,0.0337492,0.000337492,6846,-0.254964,0,8.20427
1704.87,0.0337508,0.000337508,6847,-0.221232,0,8.2054
1704.84,0.0337522,0.000337522,6848,-0.187494,0,8.20637
1704.81,0.0337534,0.000337533,6849,-0.15375,0,8.20716
1704.79,0.0337542,0.000337542,6850,-0.120001,0,8.2078
1704.77,0.0337548,0.000337548,6851,-0.0862498,0,8.20827
1704.77,0.0337551,0.000337551,6852,-0.052496,0,8.20857
1704.76,0.0337552,0.000337552,6853,-0.0187411,0,8.2087
1704.77,0.0337549,0.000337549,6854,0.0150138,0,8.20868
1704.78,0.0337545,0.000337545,6855,0.0487677,0,8.20848
1704.8,0.0337537,0.000337537,6856,0.0825195,0,8.20812
1704.83,0.0337527,0.000337527,6857,0.116268,0,8.2076
1704.86,0.0337514,0.000337514,6858,0.150012,0,8.20691
1704.9,0.0337498,0.000337498,6859,0.183752,0,8.20606
1704.95,0.033748,0.00033748,6860,0.217484,0,8.20504
1705,0.0337459,0.000337459,6861,0.251209,0,8.20385
1705.06,0.0337436,0.000337436,6862,0.284926,0,8.2025
1705.12,0.0337409,0.000337409,6863,0.318633,0,8.20099
1705.2,0.033738,0.00033738,6864,0.352329,0,8.19931
1705.28,0.0337349,0.000337349,6865,0.386014,0,8.19747
1705.36,0.0337315,0.000337315,6866,0.419685,0,8.19546
1705.46,0.0337278,0.000337278,6867,0.453343,0,8.19329
1705.56,0.0337238,0.000337238,6868,0.486986,0,8.19095
1705.66,0.0337196,0.000337196,6869,0.520612,0,8.18845
1705.78,0.0337151,0.000337151,6870,0.554222,0,8.18578
1705.9,0.0337103,0.000337103,6871,0.587813,0,8.18295
1706.03,0.0337053,0.000337053,6872,0.621385,0,8.17996
1706.16,0.0337,0.000337,6873,0.654937,0,8.1768
1706.3,0.0336945,0.000336945,6874,0.688468,0,8.17348
1706.45,0.0336886,0.000336886,6875,0.721976,0,8.17
1706.6,0.0336826,0.000336826,6876,0.75546,0,8.16636
1706.76,0.0336762,0.000336762,6877,0.788921,0,8.16255
1706.93,0.0336696,0.000336696,6878,0.822355,0,8.15857
1707.1,0.0336627,0.000336627,6879,0.855763,0,8.15444
1707.28,0.0336556,0.000336556,6880,0.889143,0,8.15014
1707.47,0.0336482,0.000336482,6881,0.922495,0,8.14569
1707.67,0.0336406,0.000336406,6882,0.955817,0,8.14107
1707.87,0.0336326,0.000336326,6883,0.989108,0,8.13629
1708.07,0.0336245,0.000336245,6884,1.02237,0,8.13134
1708.29,0.033616,0.00033616,6885,1.05559,0,8.12624
1708.51,0.0336073,0.000336073,6886,1.08879,0,8.12098
1708.74,0.0335984,0.000335984,6887,1.12194,0,8.11555
1708.97,0.0335892,0.000335892,6888,1.15507,0,8.10997
1709.21,0.0335797,0.000335797,6889,1.18815,0,8.10423
1709.46,0.03357,0.0003357,6890,1.2212,0,8.09832
1709.71,0.03356,0.0003356,6891,1.25421,0,8.09226
1709.97,0.0335498,0.000335498,6892,1.28717,0,8.08604
1710.24,0.0335393,0.000335393,6893,1.3201,0,8.07966
1710.52,0.0335285,0.000335285,6894,1.35299,0,8.07312
1710.8,0.0335176,0.000335176,6895,1.38583,0,8.06643
1711.08,0.0335063,0.000335063,6896,1.41863,0,8.05958
1711.38,0.0334948,0.000334948,6897,1.45138,0,8.05257
1711.68,0.0334831,0.000334831,6898,1.48409,0,8.0454
1711.98,0.0334711,0.000334711,6899,1.51675,0,8.03808
1712.3,0.0334588,0.000334588,6900,1.54936,0,8.03061
1712.62,0.0334463,0.000334463,6901,1.58192,0,8.02297
1712.94,0.0334336,0.000334336,6902,1.61444,0,8.01519
1713.28,0.0334206,0.000334206,6903,1.6469,0,8.00725
1713.62,0.0334073,0.000334073,6904,1.67931,0,7.99915
1713.96,0.0333938,0.000333938,6905,1.71167,0,7.9909
1714.31,0.0333801,0.000333801,6906,1.74398,0,7.9825
1714.67,0.0333662,0.000333662,6907,1.77623,0,7.97394
1715.04,0.0333519,0.000333519,6908,1.80842,0,7.96524
1715.41,0.0333375,0.000333375,6909,1.84056,0,7.95638
1715.79,0.0333228,0.000333228,6910,1.87264,0,7.94737
1716.17,0.0333079,0.000333079,6911,1.90467,0,7.9382
1716.56,0.0332927,0.000332927,6912,1.93663,0,7.92889
1716.96,0.0332773,0.000332773,6913,1.96853,0,7.91943
1717.37,0.0332616,0.000332616,6914,2.00038,0,7.90982
1717.78,0.0332457,0.000332457,6915,2.03216,0,7.90006
1718.19,0.0332296,0.000332296,6916,2.06388,0,7.89015
1718.62,0.0332133,0.000332133,6917,2.09553,0,7.8801
1719.04,0.0331967,0.000331967,6918,2.12712,0,7.8699
1719.48,0.0331799,0.000331799,6919,2.15865,0,7.85955
1719.92,0.0331628,0.000331628,6920,2.1901,0,7.84905
1720.37,0.0331455,0.000331455,6921,2.22149,0,7.83841
1720.83,0.033128,0.00033128,6922,2.25282,0,7.82762
1721.29,0.0331103,0.000331103,6923,2.28407,0,7.81669
1721.75,0.0330923,0.000330923,6924,2.31526,0,7.80562
1722.23,0.0330741,0.000330741,6925,2.34637,0,7.7944
1722.71,0.0330557,0.000330557,6926,2.37741,0,7.78304
1723.19,0.0330371,0.000330371,6927,2.40838,0,7.77154
1723.68,0.0330182,0.000330182,6928,2.43928,0,7.75989
1724.18,0.0329992,0.000329992,6929,2.4701,0,7.74811
1724.69,0.0329799,0.000329799,6930,2.50085,0,7.73618
1725.2,0.0329604,0.000329604,6931,2.53152,0,7.72411
1725.71,0.0329406,0.000329406,6932,2.56212,0,7.71191
1726.24,0.0329207,0.000329207,6933,2.59264,0,7.69957
1726.76,0.0329005,0.000329005,6934,2.62308,0,7.68708
1727.3,0.0328801,0.000328801,6935,2.65344,0,7.67447
1727.84,0.0328596,0.000328596,6936,2.68372,0,7.66171
1728.39,0.0328388,0.000328388,6937,2.71393,0,7.64882
1728.94,0.0328177,0.000328177,6938,2.74405,0,7.63579
1729.5,0.0327965,0.000327965,6939,2.77409,0,7.62263
1730.07,0.0327751,0.000327751,6940,2.80404,0,7.60934
1730.64,0.0327535,0.000327535,6941,2.83392,0,7.59591
1731.21,0.0327316,0.000327316,6942,2.86371,0,7.58235
1731.8,0.0327096,0.000327096,6943,2.89341,0,7.56865
1732.39,0.0326874,0.000326874,6944,2.92303,0,7.55483
1732.98,0.0326649,0.000326649,6945,2.95257,0,7.54087
1733.58,0.0326423,0.000326423,6946,2.98202,0,7.52679
1734.19,0.0326194,0.000326194,6947,3.01137,0,7.51257
1734.8,0.0325964,0.000325964,6948,3.04065,0,7.49823
1735.42,0.0325732,0.000325732,6949,3.06983,0,7.48376
1736.04,0.0325498,0.000325498,6950,3.09892,0,7.46916
1736.67,0.0325261,0.000325261,6951,3.12792,0,7.45444
1737.31,0.0325023,0.000325023,6952,3.15683,0,7.43959
1737.95,0.0324783,0.000324783,6953,3.18565,0,7.42461
1738.6,0.0324541,0.000324541,6954,3.21438,0,7.40951
1739.25,0.0324298,0.000324298,6955,3.24302,0,7.39429
1739.91,0.0324052,0.000324052,6956,3.27156,0,7.37894
1740.58,0.0323805,0.000323805,6957,3.30001,0,7.36348
1741.25,0.0323555,0.000323555,6958,3.32836,0,7.34789
1741.92,0.0323304,0.000323304,6959,3.35661,0,7.33218
1742.6,0.0323051,0.000323051,6960,3.38478,0,7.31635
1743.29,0.0322797,0.000322797,6961,3.41284,0,7.3004
1743.98,0.032254,0.00032254,6962,3.44081,0,7.28433
1744.68,0.0322282,0.000322282,6963,3.46868,0,7.26815
1745.39,0.0322022,0.000322022,6964,3.49645,0,7.25184
1746.1,0.032176,0.00032176,6965,3.52412,0,7.23543
1746.81,0.0321497,0.000321497,6966,3.55169,0,7.21889
1747.53,0.0321232,0.000321232,6967,3.57916,0,7.20224
1748.26,0.0320965,0.000320965,6968,3.60654,0,7.18548
1748.99,0.0320696,0.000320696,6969,3.63381,0,7.16861
1749.73,0.0320426,0.000320426,6970,3.66098,0,7.15162
1750.47,0.0320154,0.000320155,6971,3.68804,0,7.13452
1751.22,0.0319881,0.000319881,6972,3.71501,0,7.11731
1751.97,0.0319606,0.000319606,6973,3.74187,0,7.09999
1752.73,0.0319329,0.000319329,6974,3.76863,0,7.08256
1753.49,0.0319051,0.000319051,6975,3.79528,0,7.06503
1754.26,0.0318771,0.000318771,6976,3.82183,0,7.04738
1755.04,0.031849,0.00031849,6977,3.84827,0,7.02963
1755.82,0.0318207,0.000318207,6978,3.87461,0,7.01177
1756.6,0.0317923,0.000317923,6979,3.90084,0,6.99381
1757.39,0.0317637,0.000317637,6980,3.92696,0,6.97574
1758.19,0.0317349,0.000317349,6981,3.95298,0,6.95757
1758.99,0.031706,0.00031706,6982,3.97889,0,6.9393
1759.8,0.031677,0.00031677,6983,4.00469,0,6.92092
1760.61,0.0316478,0.000316478,6984,4.03039,0,6.90245
1761.42,0.0316185,0.000316185,6985,4.05597,0,6.88387
1762.25,0.031589,0.00031589,6986,4.08145,0,6.86519
1763.07,0.0315594,0.000315594,6987,4.10682,0,6.84642
1763.9,0.0315296,0.000315296,6988,4.13207,0,6.82754
1764.74,0.0314997,0.000314997,6989,4.15722,0,6.80857
1765.58,0.0314697,0.000314697,6990,4.18225,0,6.7895
1766.43,0.0314395,0.000314395,6991,4.20718,0,6.77034
1767.28,0.0314092,0.000314092,6992,4.23199,0,6.75108
1768.14,0.0313788,0.000313788,6993,4.25669,0,6.73173
1769,0.0313483,0.000313483,6994,4.28128,0,6.71228
1769.87,0.0313176,0.000313176,6995,4.30576,0,6.69274
1770.74,0.0312867,0.000312867,6996,4.33012,0,6.67312
1771.61,0.0312558,0.000312558,6997,4.35437,0,6.6534
1772.5,0.0312247,0.000312247,6998,4.3785,0,6.63358
1773.38,0.0311935,0.000311935,6999,4.40253,0,6.61369
1774.27,0.0311622,0.000311622,7000,4.42643,0,6.5937
1775.17,0.0311308,0.000311308,7001,4.45023,0,6.57362
1776.07,0.0310992,0.000310992,7002,4.4739,0,6.55346
1776.97,0.0310676,0.000310676,7003,4.49747,0,6.53321
1777.88,0.0310358,0.000310358,7004,4.52092,0,6.51288
1778.8,0.0310039,0.000310039,7005,4.54425,0,6.49246
1779.72,0.0309719,0.000309719,7006,4.56746,0,6.47196
1780.64,0.0309397,0.000309397,7007,4.59056,0,6.45138
1781.57,0.0309075,0.000309075,7008,4.61355,0,6.43071
1782.5,0.0308752,0.000308752,7009,4.63641,0,6.40997
1783.44,0.0308427,0.000308427,7010,4.65916,0,6.38914
1784.38,0.0308102,0.000308102,7011,4.68179,0,6.36823
1785.33,0.0307775,0.000307775,7012,4.70431,0,6.34725
1786.28,0.0307447,0.000307447,7013,4.7267,0,6.32619
1787.23,0.0307119,0.000307119,7014,4.74898,0,6.30505
1788.19,0.0306789,0.000306789,7015,4.77114,0,6.28383
1789.16,0.0306459,0.000306459,7016,4.79319,0,6.26254
1790.13,0.0306127,0.000306127,7017,4.81511,0,6.24118
1791.1,0.0305794,0.000305794,7018,4.83692,0,6.21974
1792.08,0.0305461,0.000305461,7019,4.8586,0,6.19823
1793.06,0.0305126,0.000305126,7020,4.88017,0,6.17664
1794.05,0.0304791,0.000304791,7021,4.90162,0,6.15498
1795.04,0.0304455,0.000304455,7022,4.92295,0,6.13326
1796.03,0.0304118,0.000304118,7023,4.94415,0,6.11146
1797.03,0.030378,0.00030378,7024,4.96524,0,6.0896
1798.03,0.0303441,0.000303441,7025,4.98621,0,6.06766
1799.04,0.0303101,0.000303101,7026,5.00706,0,6.04566
1800.05,0.0302761,0.000302761,7027,5.02779,0,6.0236
1801.07,0.0302419,0.000302419,7028,5.0484,0,6.00146
1802.09,0.0302077,0.000302077,7029,5.06889,0,5.97927
1803.11,0.0301734,0.000301734,7030,5.08925,0,5.957
1804.14,0.0301391,0.000301391,7031,5.1095,0,5.93468
1805.17,0.0301046,0.000301046,7032,5.12963,0,5.91229
1806.21,0.0300701,0.000300701,7033,5.14963,0,5.88984
1807.25,0.0300355,0.000300355,7034,5.16952,0,5.86733
1808.29,0.0300008,0.000300008,7035,5.18928,0,5.84476
1809.34,0.0299661,0.000299661,7036,5.20892,0,5.82213
1810.39,0.0299313,0.000299313,7037,5.22844,0,5.79944
1811.44,0.0298964,0.000298964,7038,5.24784,0,5.77669
1812.5,0.0298615,0.000298615,7039,5.26712,0,5.75389
1813.57,0.0298265,0.000298265,7040,5.28628,0,5.73102
1814.63,0.0297914,0.000297914,7041,5.30531,0,5.70811
1815.7,0.0297563,0.000297563,7042,5.32423,0,5.68514
1816.78,0.0297211,0.000297211,7043,5.34302,0,5.66211
1817.86,0.0296858,0.000296858,7044,5.36169,0,5.63903
1818.94,0.0296505,0.000296505,7045,5.38024,0,5.6159
1820.03,0.0296152,0.000296152,7046,5.39867,0,5.59272
1821.12,0.0295797,0.000295797,7047,5.41697,0,5.56948
1822.21,0.0295443,0.000295443,7048,5.43516,0,5.5462
1823.3,0.0295087,0.000295087,7049,5.45322,0,5.52286
1824.41,0.0294731,0.000294731,7050,5.47116,0,5.49948
1825.51,0.0294375,0.000294375,7051,5.48898,0,5.47605
1826.62,0.0294018,0.000294018,7052,5.50668,0,5.45257
1827.73,0.0293661,0.000293661,7053,5.52426,0,5.42904
1828.84,0.0293303,0.000293303,7054,5.54171,0,5.40547
1829.96,0.0292945,0.000292945,7055,5.55904,0,5.38186
1831.08,0.0292586,0.000292586,7056,5.57626,0,5.3582
1832.21,0.0292227,0.000292227,7057,5.59335,0,5.33449
1833.33,0.0291867,0.000291867,7058,5.61031,0,5.31074
1834.47,0.0291507,0.000291507,7059,5.62716,0,5.28695
1835.6,0.0291147,0.000291147,7060,5.64389,0,5.26312
1836.74,0.0290786,0.000290786,7061,5.66049,0,5.23925
1837.88,0.0290425,0.000290425,7062,5.67698,0,5.21534
1839.03,0.0290064,0.000290064,7063,5.69334,0,5.19139
1840.17,0.0289702,0.000289702,7064,5.70958,0,5.1674
1841.33,0.028934,0.00028934,7065,5.7257,0,5.14337
1842.48,0.0288977,0.000288977,7066,5.7417,0,5.11931
1843.64,0.0288614,0.000288614,7067,5.75758,0,5.09521
1844.8,0.0288251,0.000288251,7068,5.77333,0,5.07107
1845.96,0.0287888,0.000287888,7069,5.78897,0,5.0469
1847.13,0.0287524,0.000287524,7070,5.80449,0,5.02269
1848.3,0.028716,0.00028716,7071,5.81988,0,4.99845
1849.47,0.0286796,0.000286796,7072,5.83516,0,4.97418
1850.65,0.0286431,0.000286431,7073,5.85031,0,4.94987
1851.83,0.0286067,0.000286067,7074,5.86534,0,4.92553
1853.01,0.0285702,0.000285702,7075,5.88026,0,4.90117
1854.2,0.0285336,0.000285336,7076,5.89505,0,4.87677
1855.39,0.0284971,0.000284971,7077,5.90973,0,4.85234
1856.58,0.0284606,0.000284606,7078,5.92428,0,4.82788
1857.77,0.028424,0.00028424,7079,5.93872,0,4.8034
1858.97,0.0283874,0.000283874,7080,5.95303,0,4.77888
1860.17,0.0283508,0.000283508,7081,5.96723,0,4.75434
1861.37,0.0283142,0.000283142,7082,5.98131,0,4.72977
1862.58,0.0282775,0.000282775,7083,5.99526,0,4.70518
1863.78,0.0282409,0.000282409,7084,6.0091,0,4.68056
1864.99,0.0282042,0.000282042,7085,6.02282,0,4.65592
1866.21,0.0281675,0.000281675,7086,6.03643,0,4.63126
1867.42,0.0281309,0.000281309,7087,6.04991,0,4.60657
1868.64,0.0280942,0.000280942,7088,6.06327,0,4.58186
1869.87,0.0280575,0.000280575,7089,6.07652,0,4.55712
1871.09,0.0280208,0.000280208,7090,6.08965,0,4.53237
1872.32,0.027984,0.00027984,7091,6.10266,0,4.50759
1873.55,0.0279473,0.000279473,7092,6.11556,0,4.4828
1874.78,0.0279106,0.000279106,7093,6.12833,0,4.45798
1876.01,0.0278739,0.000278739,7094,6.14099,0,4.43315
1877.25,0.0278372,0.000278372,7095,6.15354,0,4.4083
1878.49,0.0278004,0.000278004,7096,6.16596,0,4.38343
1879.73,0.0277637,0.000277637,7097,6.17827,0,4.35855
1880.98,0.027727,0.00027727,7098,6.19046,0,4.33364
1882.22,0.0276902,0.000276903,7099,6.20254,0,4.30872
1883.47,0.0276535,0.000276535,7100,6.2145,0,4.28379
1884.72,0.0276168,0.000276168,7101,6.22635,0,4.25884
1885.98,0.0275801,0.000275801,7102,6.23807,0,4.23388
1887.23,0.0275434,0.000275434,7103,6.24969,0,4.20891
1888.49,0.0275067,0.000275067,7104,6.26119,0,4.18392
1889.75,0.02747,0.0002747,7105,6.27257,0,4.15892
1891.02,0.0274333,0.000274333,7106,6.28384,0,4.13391
1892.28,0.0273966,0.000273966,7107,6.29499,0,4.10888
1893.55,0.0273599,0.000273599,7108,6.30604,0,4.08385
1894.82,0.0273233,0.000273233,7109,6.31696,0,4.05881
1896.09,0.0272866,0.000272866,7110,6.32777,0,4.03375
1897.37,0.02725,0.0002725,7111,6.33847,0,4.00869
1898.64,0.0272134,0.000272134,7112,6.34906,0,3.98362
1899.92,0.0271768,0.000271768,7113,6.35953,0,3.95854
1901.2,0.0271402,0.000271402,7114,6.36989,0,3.93346
1902.48,0.0271036,0.000271036,7115,6.38014,0,3.90837
1903.77,0.027067,0.00027067,7116,6.39027,0,3.88327
1905.06,0.0270305,0.000270305,7117,6.4003,0,3.85817
1906.34,0.026994,0.00026994,7118,6.41021,0,3.83306
1907.63,0.0269575,0.000269574,7119,6.42001,0,3.80794
1908.93,0.026921,0.00026921,7120,6.42969,0,3.78283
1910.22,0.0268845,0.000268845,7121,6.43927,0,3.75771
1911.52,0.026848,0.00026848,7122,6.44874,0,3.73258
1912.82,0.0268116,0.000268116,7123,6.45809,0,3.70745
1914.12,0.0267752,0.000267752,7124,6.46734,0,3.68233
1915.42,0.0267388,0.000267388,7125,6.47647,0,3.6572
1916.72,0.0267025,0.000267025,7126,6.4855,0,3.63207
1918.03,0.0266661,0.000266661,7127,6.49441,0,3.60693
1919.33,0.0266298,0.000266298,7128,6.50322,0,3.5818
1920.64,0.0265935,0.000265935,7129,6.51192,0,3.55667
1921.95,0.0265573,0.000265573,7130,6.52051,0,3.53154
1923.26,0.0265211,0.000265211,7131,6.52899,0,3.50641
1924.58,0.0264849,0.000264849,7132,6.53736,0,3.48129
1925.89,0.0264487,0.000264487,7133,6.54562,0,3.45616
1927.21,0.0264125,0.000264125,7134,6.55378,0,3.43104
1928.53,0.0263764,0.000263764,7135,6.56183,0,3.40592
1929.85,0.0263403,0.000263403,7136,6.56978,0,3.38081
1931.17,0.0263043,0.000263043,7137,6.57761,0,3.3557
1932.5,0.0262683,0.000262683,7138,6.58534,0,3.33059
1933.82,0.0262323,0.000262323,7139,6.59297,0,3.30549
1935.15,0.0261963,0.000261963,7140,6.60048,0,3.2804
1936.48,0.0261604,0.000261604,7141,6.6079,0,3.25531
1937.81,0.0261245,0.000261245,7142,6.6152,0,3.23023
1939.14,0.0260887,0.000260887,7143,6.62241,0,3.20515
1940.47,0.0260529,0.000260529,7144,6.6295,0,3.18009
1941.8,0.0260171,0.000260171,7145,6.6365,0,3.15503
1943.14,0.0259814,0.000259814,7146,6.64339,0,3.12998
1944.47,0.0259456,0.000259456,7147,6.65017,0,3.10493
1945.81,0.02591,0.0002591,7148,6.65685,0,3.0799
1947.15,0.0258744,0.000258744,7149,6.66343,0,3.05488
1948.49,0.0258388,0.000258388,7150,6.66991,0,3.02986
1949.83,0.0258032,0.000258032,7151,6.67628,0,3.00486
1951.18,0.0257677,0.000257677,7152,6.68255,0,2.97987
1952.52,0.0257322,0.000257322,7153,6.68872,0,2.95488
1953.87,0.0256968,0.000256968,7154,6.69479,0,2.92991
1955.21,0.0256614,0.000256614,7155,6.70076,0,2.90496
1956.56,0.0256261,0.000256261,7156,6.70662,0,2.88001
1957.91,0.0255908,0.000255908,7157,6.71239,0,2.85508
1959.26,0.0255555,0.000255555,7158,6.71806,0,2.83016
1960.61,0.0255203,0.000255203,7159,6.72362,0,2.80525
1961.96,0.0254852,0.000254852,7160,6.72908,0,2.78036
1963.32,0.02545,0.0002545,7161,6.73445,0,2.75548
1964.67,0.025415,0.00025415,7162,6.73972,0,2.73062
1966.03,0.0253799,0.000253799,7163,6.74489,0,2.70577
1967.38,0.025345,0.00025345,7164,6.74995,0,2.68094
1968.74,0.02531,0.0002531,7165,6.75493,0,2.65612
1970.1,0.0252751,0.000252751,7166,6.7598,0,2.63132
1971.46,0.0252403,0.000252403,7167,6.76458,0,2.60653
1972.82,0.0252055,0.000252055,7168,6.76925,0,2.58177
1974.18,0.0251707,0.000251707,7169,6.77384,0,2.55702
1975.54,0.0251361,0.000251361,7170,6.77832,0,2.53228
1976.9,0.0251014,0.000251014,7171,6.78271,0,2.50757
1978.27,0.0250668,0.000250668,7172,6.787,0,2.48287
1979.63,0.0250323,0.000250323,7173,6.7912,0,2.4582
1981,0.0249978,0.000249978,7174,6.79531,0,2.43354
1982.36,0.0249633,0.000249633,7175,6.79931,0,2.4089
1983.73,0.0249289,0.000249289,7176,6.80323,0,2.38428
1985.1,0.0248946,0.000248946,7177,6.80705,0,2.35968
1986.47,0.0248603,0.000248603,7178,6.81077,0,2.3351
1987.84,0.0248261,0.000248261,7179,6.8144,0,2.31054
1989.21,0.0247919,0.000247919,7180,6.81794,0,2.286
1990.58,0.0247578,0.000247578,7181,6.82139,0,2.26148
1991.95,0.0247237,0.000247237,7182,6.82474,0,2.23699
1993.32,0.0246897,0.000246897,7183,6.828,0,2.21252
1994.69,0.0246557,0.000246557,7184,6.83117,0,2.18806
1996.07,0.0246218,0.000246218,7185,6.83424,0,2.16364
1997.44,0.0245879,0.000245879,7186,6.83723,0,2.13923
1998.81,0.0245541,0.000245541,7187,6.84012,0,2.11485
2000.19,0.0245204,0.000245204,7188,6.84293,0,2.09049
2001.56,0.0244867,0.000244867,7189,6.84564,0,2.06615
2002.94,0.0244531,0.000244531,7190,6.84826,0,2.04184
2004.32,0.0244195,0.000244195,7191,6.8508,0,2.01755
2005.69,0.024386,0.00024386,7192,6.85324,0,1.99329
2007.07,0.0243525,0.000243525,7193,6.8556,0,1.96905
2008.45,0.0243191,0.000243191,7194,6.85786,0,1.94484
2009.83,0.0242858,0.000242858,7195,6.86004,0,1.92065
2011.2,0.0242525,0.000242525,7196,6.86213,0,1.89649
2012.58,0.0242193,0.000242193,7197,6.86413,0,1.87235
2013.96,0.0241861,0.000241861,7198,6.86605,0,1.84824
2015.34,0.024153,0.00024153,7199,6.86788,0,1.82416
2016.72,0.02412,0.0002412,7200,6.86962,0,1.8001
2018.1,0.024087,0.00024087,7201,6.87127,0,1.77607
2019.48,0.0240541,0.000240541,7202,6.87284,0,1.75207
2020.86,0.0240212,0.000240212,7203,6.87433,0,1.72809
2022.25,0.0239884,0.000239884,7204,6.87573,0,1.70414
2023.63,0.0239557,0.000239557,7205,6.87704,0,1.68022
2025.01,0.023923,0.00023923,7206,6.87827,0,1.65633
2026.39,0.0238904,0.000238904,7207,6.87941,0,1.63247
2027.77,0.0238578,0.000238578,7208,6.88047,0,1.60863
2029.16,0.0238253,0.000238253,7209,6.88145,0,1.58483
2030.54,0.0237929,0.000237929,7210,6.88234,0,1.56105
2031.92,0.0237605,0.000237605,7211,6.88315,0,1.53731
2033.3,0.0237282,0.000237282,7212,6.88387,0,1.51359
2034.69,0.0236959,0.000236959,7213,6.88452,0,1.4899
2036.07,0.0236638,0.000236638,7214,6.88508,0,1.46625
2037.45,0.0236317,0.000236317,7215,6.88556,0,1.44262
2038.84,0.0235996,0.000235996,7216,6.88596,0,1.41902
2040.22,0.0235676,0.000235676,7217,6.88628,0,1.39546
2041.6,0.0235357,0.000235357,7218,6.88651,0,1.37192
2042.99,0.0235038,0.000235038,7219,6.88667,0,1.34842
2044.37,0.023472,0.00023472,7220,6.88674,0,1.32495
2045.75,0.0234403,0.000234403,7221,6.88674,0,1.30151
2047.14,0.0234086,0.000234086,7222,6.88666,0,1.2781
2048.52,0.023377,0.00023377,7223,6.8865,0,1.25472
2049.9,0.0233455,0.000233455,7224,6.88625,0,1.23138
2051.28,0.023314,0.00023314,7225,6.88593,0,1.20807
2052.67,0.0232826,0.000232826,7226,6.88554,0,1.18479
2054.05,0.0232513,0.000232513,7227,6.88506,0,1.16154
2055.43,0.02322,0.0002322,7228,6.88451,0,1.13833
2056.82,0.0231888,0.000231888,7229,6.88387,0,1.11515
2058.2,0.0231577,0.000231577,7230,6.88317,0,1.092
2059.58,0.0231266,0.000231266,7231,6.88238,0,1.06889
2060.96,0.0230956,0.000230956,7232,6.88152,0,1.04581
2062.34,0.0230646,0.000230646,7233,6.88058,0,1.02276
2063.73,0.0230338,0.000230338,7234,6.87957,0,0.99975
2065.11,0.0230029,0.000230029,7235,6.87848,0,0.976772
2066.49,0.0229722,0.000229722,7236,6.87732,0,0.95383
2067.87,0.0229415,0.000229415,7237,6.87608,0,0.930922
2069.25,0.0229109,0.000229109,7238,6.87477,0,0.908048
2070.63,0.0228804,0.000228804,7239,6.87338,0,0.88521
2072.01,0.0228499,0.000228499,7240,6.87192,0,0.862407
2073.39,0.0228195,0.000228195,7241,6.87039,0,0.839639
2074.77,0.0227892,0.000227892,7242,6.86878,0,0.816906
2076.15,0.0227589,0.000227589,7243,6.8671,0,0.794209
2077.53,0.0227287,0.000227287,7244,6.86535,0,0.771548
2078.91,0.0226986,0.000226986,7245,6.86353,0,0.748923
2080.29,0.0226685,0.000226685,7246,6.86163,0,0.726334
2081.66,0.0226385,0.000226385,7247,6.85966,0,0.703781
2083.04,0.0226086,0.000226086,7248,6.85762,0,0.681265
2084.42,0.0225788,0.000225788,7249,6.85551,0,0.658785
2085.79,0.022549,0.00022549,7250,6.85333,0,0.636342
2087.17,0.0225192,0.000225192,7251,6.85108,0,0.613935
2088.54,0.0224896,0.000224896,7252,6.84876,0,0.591566
2089.92,0.02246,0.0002246,7253,6.84637,0,0.569233
2091.29,0.0224305,0.000224305,7254,6.84391,0,0.546938
2092.67,0.0224011,0.000224011,7255,6.84138,0,0.52468
2094.04,0.0223717,0.000223717,7256,6.83878,0,0.50246
2095.41,0.0223424,0.000223424,7257,6.83611,0,0.480278
2096.79,0.0223132,0.000223132,7258,6.83338,0,0.458133
2098.16,0.022284,0.00022284,7259,6.83058,0,0.436026
2099.53,0.0222549,0.000222549,7260,6.8277,0,0.413957
2100.9,0.0222259,0.000222259,7261,6.82477,0,0.391926
2102.27,0.0221969,0.000221969,7262,6.82176,0,0.369933
2103.64,0.022168,0.00022168,7263,6.81869,0,0.347979
2105.01,0.0221392,0.000221392,7264,6.81555,0,0.326064
2106.37,0.0221105,0.000221105,7265,6.81235,0,0.304187
2107.74,0.0220818,0.000220818,7266,6.80908,0,0.282348
2109.11,0.0220532,0.000220532,7267,6.80574,0,0.260549
2110.47,0.0220247,0.000220247,7268,6.80234,0,0.238788
2111.84,0.0219962,0.000219962,7269,6.79887,0,0.217067
2113.2,0.0219678,0.000219678,7270,6.79534,0,0.195385
2114.57,0.0219395,0.000219395,7271,6.79175,0,0.173742
2115.93,0.0219112,0.000219112,7272,6.78809,0,0.152139
2117.29,0.021883,0.00021883,7273,6.78436,0,0.130575
2118.65,0.0218549,0.000218549,7274,6.78058,0,0.10905
2120.01,0.0218269,0.000218269,7275,6.77673,0,0.0875655
2121.37,0.0217989,0.000217989,7276,6.77281,0,0.0661206
2122.73,0.021771,0.00021771,7277,6.76884,0,0.0447157
2124.09,0.0217432,0.000217432,7278,6.7648,0,0.0233507
2125.45,0.0217154,0.000217154,7279,6.7607,0,0.00202584
2126.8,0.0216877,0.000216877,7280,6.75654,0,-0.0192588
2128.16,0.0216601,0.000216601,7281,6.75232,0,-0.0405032
2129.52,0.0216325,0.000216325,7282,6.74803,0,-0.0617072
2130.87,0.0216051,0.000216051,7283,6.74369,0,-0.0828708
2132.22,0.0215776,0.000215776,7284,6.73928,0,-0.103994
2133.57,0.0215503,0.000215503,7285,6.73481,0,-0.125076
2134.93,0.021523,0.00021523,7286,6.73029,0,-0.146118
2136.28,0.0214958,0.000214958,7287,6.7257,0,-0.167119
2137.63,0.0214687,0.000214687,7288,6.72106,0,-0.188079
2138.97,0.0214417,0.000214417,7289,6.71635,0,-0.208998
2140.32,0.0214147,0.000214147,7290,6.71159,0,-0.229876
2141.67,0.0213877,0.000213877,7291,6.70676,0,-0.250713
2143.01,0.0213609,0.000213609,7292,6.70188,0,-0.271508
2144.36,0.0213341,0.000213341,7293,6.69694,0,-0.292263
2145.7,0.0213074,0.000213074,7294,6.69195,0,-0.312976
2147.04,0.0212808,0.000212808,7295,6.68689,0,-0.333648
2148.38,0.0212542,0.000212542,7296,6.68178,0,-0.354278
2149.72,0.0212277,0.000212277,7297,6.67661,0,-0.374867
2151.06,0.0212013,0.000212013,7298,6.67138,0,-0.395414
2152.4,0.0211749,0.000211749,7299,6.6661,0,-0.415919
2153.74,0.0211487,0.000211487,7300,6.66076,0,-0.436383
2155.08,0.0211224,0.000211224,7301,6.65537,0,-0.456804
2156.41,0.0210963,0.000210963,7302,6.64992,0,-0.477184
2157.74,0.0210702,0.000210702,7303,6.64441,0,-0.497522
2159.08,0.0210442,0.000210442,7304,6.63885,0,-0.517818
2160.41,0.0210183,0.000210183,7305,6.63323,0,-0.538072
2161.74,0.0209924,0.000209924,7306,6.62756,0,-0.558284
2163.07,0.0209666,0.000209666,7307,6.62183,0,-0.578454
2164.4,0.0209409,0.000209409,7308,6.61605,0,-0.598581
2165.72,0.0209153,0.000209153,7309,6.61022,0,-0.618667
2167.05,0.0208897,0.000208897,7310,6.60433,0,-0.63871
2168.37,0.0208642,0.000208642,7311,6.59839,0,-0.65871
2169.7,0.0208387,0.000208387,7312,6.5924,0,-0.678668
2171.02,0.0208134,0.000208134,7313,6.58635,0,-0.698584
2172.34,0.0207881,0.000207881,7314,6.58025,0,-0.718457
2173.66,0.0207628,0.000207628,7315,6.5741,0,-0.738288
2174.98,0.0207377,0.000207377,7316,6.5679,0,-0.758076
2176.29,0.0207126,0.000207126,7317,6.56164,0,-0.777821
2177.61,0.0206876,0.000206876,7318,6.55533,0,-0.797523
2178.92,0.0206626,0.000206626,7319,6.54897,0,-0.817183
2180.24,0.0206377,0.000206377,7320,6.54256,0,-0.8368
2181.55,0.0206129,0.000206129,7321,6.5361,0,-0.856374
2182.86,0.0205882,0.000205882,7322,6.52959,0,-0.875906
2184.17,0.0205635,0.000205635,7323,6.52303,0,-0.895394
2185.48,0.0205389,0.000205389,7324,6.51642,0,-0.91484
2186.78,0.0205144,0.000205144,7325,6.50976,0,-0.934242
2188.09,0.0204899,0.000204899,7326,6.50305,0,-0.953602
2189.39,0.0204655,0.000204655,7327,6.49628,0,-0.972918
2190.69,0.0204412,0.000204412,7328,6.48947,0,-0.992192
2192,0.0204169,0.000204169,7329,6.48262,0,-1.01142
2193.29,0.0203927,0.000203927,7330,6.47571,0,-1.03061
2194.59,0.0203686,0.000203686,7331,6.46875,0,-1.04975
2195.89,0.0203445,0.000203445,7332,6.46175,0,-1.06885
2197.18,0.0203206,0.000203206,7333,6.45469,0,-1.08791
2198.48,0.0202967,0.000202967,7334,6.44759,0,-1.10693
2199.77,0.0202728,0.000202728,7335,6.44045,0,-1.1259
2201.06,0.020249,0.00020249,7336,6.43325,0,-1.14482
2202.35,0.0202253,0.000202253,7337,6.42601,0,-1.16371
2203.64,0.0202017,0.000202017,7338,6.41872,0,-1.18255
2204.93,0.0201781,0.000201781,7339,6.41139,0,-1.20135
2206.21,0.0201546,0.000201546,7340,6.404,0,-1.2201
2207.5,0.0201312,0.000201312,7341,6.39658,0,-1.23881
2208.78,0.0201078,0.000201078,7342,6.3891,0,-1.25748
2210.06,0.0200845,0.000200845,7343,6.38158,0,-1.2761
2211.34,0.0200613,0.000200613,7344,6.37402,0,-1.29468
2212.61,0.0200381,0.000200381,7345,6.36641,0,-1.31322
2213.89,0.0200151,0.000200151,7346,6.35875,0,-1.33171
2215.17,0.019992,0.00019992,7347,6.35105,0,-1.35016
2216.44,0.0199691,0.000199691,7348,6.34331,0,-1.36857
2217.71,0.0199462,0.000199462,7349,6.33552,0,-1.38693
2218.98,0.0199234,0.000199234,7350,6.32769,0,-1.40525
2220.25,0.0199006,0.000199006,7351,6.31981,0,-1.42353
2221.51,0.0198779,0.000198779,7352,6.31189,0,-1.44176
2222.78,0.0198553,0.000198553,7353,6.30393,0,-1.45995
2224.04,0.0198328,0.000198328,7354,6.29592,0,-1.47809
2225.3,0.0198103,0.000198103,7355,6.28787,0,-1.49619
2226.56,0.0197879,0.000197879,7356,6.27978,0,-1.51425
2227.82,0.0197655,0.000197655,7357,6.27164,0,-1.53226
2229.08,0.0197432,0.000197432,7358,6.26347,0,-1.55023
2230.33,0.019721,0.00019721,7359,6.25525,0,-1.56816
2231.59,0.0196989,0.000196989,7360,6.24698,0,-1.58604
2232.84,0.0196768,0.000196768,7361,6.23868,0,-1.60388
2234.09,0.0196548,0.000196548,7362,6.23034,0,-1.62168
2235.34,0.0196328,0.000196328,7363,6.22195,0,-1.63943
2236.58,0.019611,0.00019611,7364,6.21352,0,-1.65714
2237.83,0.0195892,0.000195892,7365,6.20506,0,-1.6748
2239.07,0.0195674,0.000195674,7366,6.19655,0,-1.69242
2240.31,0.0195457,0.000195457,7367,6.188,0,-1.71
2241.55,0.0195241,0.000195241,7368,6.17941,0,-1.72753
2242.79,0.0195026,0.000195026,7369,6.17078,0,-1.74502
2244.03,0.0194811,0.000194811,7370,6.16211,0,-1.76247
2245.26,0.0194597,0.000194597,7371,6.1534,0,-1.77987
2246.49,0.0194383,0.000194383,7372,6.14465,0,-1.79723
2247.72,0.019417,0.00019417,7373,6.13586,0,-1.81454
2248.95,0.0193958,0.000193958,7374,6.12704,0,-1.83181
2250.18,0.0193747,0.000193747,7375,6.11817,0,-1.84904
2251.41,0.0193536,0.000193536,7376,6.10927,0,-1.86622
2252.63,0.0193325,0.000193325,7377,6.10032,0,-1.88336
2253.85,0.0193116,0.000193116,7378,6.09134,0,-1.90046
2255.07,0.0192907,0.000192907,7379,6.08232,0,-1.91751
2256.29,0.0192699,0.000192699,7380,6.07327,0,-1.93452
2257.51,0.0192491,0.000192491,7381,6.06417,0,-1.95149
2258.72,0.0192284,0.000192284,7382,6.05504,0,-1.96841
2259.93,0.0192078,0.000192078,7383,6.04587,0,-1.98529
2261.15,0.0191872,0.000191872,7384,6.03667,0,-2.00212
2262.35,0.0191667,0.000191667,7385,6.02742,0,-2.01891
2263.56,0.0191463,0.000191463,7386,6.01814,0,-2.03566
2264.77,0.0191259,0.000191259,7387,6.00883,0,-2.05236
2265.97,0.0191056,0.000191056,7388,5.99947,0,-2.06902
2267.17,0.0190854,0.000190854,7389,5.99008,0,-2.08564
2268.37,0.0190652,0.000190652,7390,5.98066,0,-2.10221
2269.57,0.0190451,0.000190451,7391,5.9712,0,-2.11874
2270.76,0.019025,0.00019025,7392,5.9617,0,-2.13522
2271.96,0.019005,0.00019005,7393,5.95217,0,-2.15167
2273.15,0.0189851,0.000189851,7394,5.9426,0,-2.16806
2274.34,0.0189652,0.000189652,7395,5.933,0,-2.18442
2275.53,0.0189454,0.000189454,7396,5.92336,0,-2.20073
2276.71,0.0189257,0.000189257,7397,5.91369,0,-2.217
2277.9,0.018906,0.00018906,7398,5.90399,0,-2.23322
2279.08,0.0188864,0.000188864,7399,5.89425,0,-2.2494
2280.26,0.0188669,0.000188669,7400,5.88447,0,-2.26554
2281.44,0.0188474,0.000188474,7401,5.87466,0,-2.28164
2282.62,0.018828,0.00018828,7402,5.86482,0,-2.29769
2283.79,0.0188086,0.000188086,7403,5.85494,0,-2.31369
2284.96,0.0187893,0.000187893,7404,5.84504,0,-2.32966
2286.13,0.0187701,0.000187701,7405,5.83509,0,-2.34558
2287.3,0.0187509,0.000187509,7406,5.82512,0,-2.36145
2288.47,0.0187318,0.000187318,7407,5.81511,0,-2.37729
2289.63,0.0187128,0.000187128,7408,5.80507,0,-2.39308
2290.79,0.0186938,0.000186938,7409,5.79499,0,-2.40883
2291.95,0.0186749,0.000186749,7410,5.78489,0,-2.42453
2293.11,0.018656,0.00018656,7411,5.77475,0,-2.44019
2294.27,0.0186372,0.000186372,7412,5.76458,0,-2.45581
2295.42,0.0186185,0.000186185,7413,5.75437,0,-2.47138
2296.57,0.0185998,0.000185998,7414,5.74414,0,-2.48691
2297.72,0.0185812,0.000185812,7415,5.73388,0,-2.5024
2298.87,0.0185627,0.000185627,7416,5.72358,0,-2.51785
2300.02,0.0185442,0.000185442,7417,5.71325,0,-2.53325
2301.16,0.0185257,0.000185257,7418,5.70289,0,-2.54861
2302.3,0.0185074,0.000185074,7419,5.6925,0,-2.56392
2303.44,0.0184891,0.000184891,7420,5.68208,0,-2.57919
2304.58,0.0184708,0.000184708,7421,5.67163,0,-2.59442
2305.71,0.0184526,0.000184526,7422,5.66114,0,-2.60961
2306.85,0.0184345,0.000184345,7423,5.65063,0,-2.62475
2307.98,0.0184165,0.000184165,7424,5.64009,0,-2.63985
2309.11,0.0183985,0.000183985,7425,5.62952,0,-2.65491
2310.23,0.0183805,0.000183805,7426,5.61892,0,-2.66993
2311.36,0.0183626,0.000183626,7427,5.60828,0,-2.6849
2312.48,0.0183448,0.000183448,7428,5.59762,0,-2.69983
2313.6,0.0183271,0.000183271,7429,5.58693,0,-2.71471
2314.72,0.0183094,0.000183094,7430,5.57621,0,-2.72956
2315.83,0.0182917,0.000182917,7431,5.56546,0,-2.74436
2316.95,0.0182742,0.000182742,7432,5.55469,0,-2.75911
2318.06,0.0182566,0.000182566,7433,5.54388,0,-2.77383
2319.17,0.0182392,0.000182392,7434,5.53304,0,-2.7885
2320.27,0.0182218,0.000182218,7435,5.52218,0,-2.80313
2321.38,0.0182044,0.000182044,7436,5.51129,0,-2.81772
2322.48,0.0181871,0.000181871,7437,5.50037,0,-2.83226
2323.58,0.0181699,0.000181699,7438,5.48942,0,-2.84676
2324.68,0.0181528,0.000181528,7439,5.47845,0,-2.86122
2325.78,0.0181357,0.000181357,7440,5.46745,0,-2.87564
2326.87,0.0181186,0.000181186,7441,5.45642,0,-2.89001
2327.96,0.0181016,0.000181016,7442,5.44536,0,-2.90435
2329.05,0.0180847,0.000180847,7443,5.43427,0,-2.91863
2330.14,0.0180678,0.000180678,7444,5.42316,0,-2.93288
2331.22,0.018051,0.00018051,7445,5.41202,0,-2.94709
2332.31,0.0180342,0.000180342,7446,5.40086,0,-2.96125
2333.39,0.0180176,0.000180176,7447,5.38966,0,-2.97537
2334.46,0.0180009,0.000180009,7448,5.37845,0,-2.98945
2335.54,0.0179843,0.000179843,7449,5.3672,0,-3.00348
2336.61,0.0179678,0.000179678,7450,5.35593,0,-3.01747
2337.68,0.0179513,0.000179513,7451,5.34463,0,-3.03142
2338.75,0.0179349,0.000179349,7452,5.33331,0,-3.04533
2339.82,0.0179186,0.000179186,7453,5.32196,0,-3.0592
2340.89,0.0179023,0.000179023,7454,5.31059,0,-3.07302
2341.95,0.0178861,0.000178861,7455,5.29919,0,-3.08681
2343.01,0.0178699,0.000178699,7456,5.28776,0,-3.10055
2344.06,0.0178538,0.000178538,7457,5.27631,0,-3.11424
2345.12,0.0178377,0.000178377,7458,5.26483,0,-3.1279
2346.17,0.0178217,0.000178217,7459,5.25333,0,-3.14151
2347.22,0.0178057,0.000178057,7460,5.24181,0,-3.15509
2348.27,0.0177899,0.000177899,7461,5.23026,0,-3.16862
2349.32,0.017774,0.00017774,7462,5.21868,0,-3.18211
2350.36,0.0177582,0.000177582,7463,5.20708,0,-3.19555
2351.4,0.0177425,0.000177425,7464,5.19546,0,-3.20896
2352.44,0.0177268,0.000177268,7465,5.18381,0,-3.22232
2353.48,0.0177112,0.000177112,7466,5.17214,0,-3.23564
2354.51,0.0176957,0.000176957,7467,5.16045,0,-3.24892
2355.54,0.0176802,0.000176802,7468,5.14873,0,-3.26216
2356.57,0.0176647,0.000176647,7469,5.13698,0,-3.27536
2357.6,0.0176493,0.000176493,7470,5.12522,0,-3.28851
2358.63,0.017634,0.00017634,7471,5.11343,0,-3.30163
2359.65,0.0176187,0.000176187,7472,5.10161,0,-3.3147
2360.67,0.0176035,0.000176035,7473,5.08978,0,-3.32773
2361.68,0.0175884,0.000175884,7474,5.07792,0,-3.34072
2362.7,0.0175732,0.000175732,7475,5.06604,0,-3.35366
2363.71,0.0175582,0.000175582,7476,5.05413,0,-3.36657
2364.72,0.0175432,0.000175432,7477,5.04221,0,-3.37943
2365.73,0.0175282,0.000175282,7478,5.03026,0,-3.39226
2366.74,0.0175133,0.000175133,7479,5.01828,0,-3.40504
2367.74,0.0174985,0.000174985,7480,5.00629,0,-3.41778
2368.74,0.0174837,0.000174837,7481,4.99427,0,-3.43048
2369.74,0.017469,0.00017469,7482,4.98223,0,-3.44314
2370.73,0.0174543,0.000174543,7483,4.97017,0,-3.45576
2371.73,0.0174397,0.000174397,7484,4.95809,0,-3.46833
2372.72,0.0174251,0.000174251,7485,4.94599,0,-3.48087
2373.71,0.0174106,0.000174106,7486,4.93386,0,-3.49336
2374.69,0.0173962,0.000173962,7487,4.92172,0,-3.50582
2375.68,0.0173818,0.000173818,7488,4.90955,0,-3.51823
2376.66,0.0173674,0.000173674,7489,4.89736,0,-3.5306
2377.64,0.0173531,0.000173531,7490,4.88515,0,-3.54293
2378.61,0.0173389,0.000173389,7491,4.87292,0,-3.55522
2379.59,0.0173247,0.000173247,7492,4.86066,0,-3.56747
2380.56,0.0173106,0.000173106,7493,4.84839,0,-3.57968
2381.53,0.0172965,0.000172965,7494,4.8361,0,-3.59184
2382.49,0.0172825,0.000172825,7495,4.82378,0,-3.60397
2383.46,0.0172685,0.000172685,7496,4.81145,0,-3.61606
2384.42,0.0172546,0.000172546,7497,4.7991,0,-3.6281
2385.38,0.0172407,0.000172407,7498,4.78672,0,-3.64011
2386.33,0.0172269,0.000172269,7499,4.77433,0,-3.65207
2387.29,0.0172131,0.000172131,7500,4.76191,0,-3.66399
2388.24,0.0171994,0.000171994,7501,4.74948,0,-3.67588
2389.19,0.0171857,0.000171857,7502,4.73702,0,-3.68772
2390.14,0.0171721,0.000171721,7503,4.72455,0,-3.69952
2391.08,0.0171586,0.000171586,7504,4.71206,0,-3.71128
2392.02,0.0171451,0.000171451,7505,4.69955,0,-3.723
2392.96,0.0171316,0.000171316,7506,4.68701,0,-3.73469
2393.9,0.0171182,0.000171182,7507,4.67446,0,-3.74633
2394.83,0.0171049,0.000171049,7508,4.66189,0,-3.75793
2395.76,0.0170916,0.000170916,7509,4.6493,0,-3.76949
2396.69,0.0170783,0.000170783,7510,4.6367,0,-3.78101
2397.62,0.0170651,0.000170651,7511,4.62407,0,-3.79249
2398.54,0.017052,0.00017052,7512,4.61142,0,-3.80393
2399.46,0.0170389,0.000170389,7513,4.59876,0,-3.81533
2400.38,0.0170259,0.000170259,7514,4.58608,0,-3.82669
2401.29,0.0170129,0.000170129,7515,4.57338,0,-3.83801
2402.21,0.017,0.00017,7516,4.56066,0,-3.84929
2403.12,0.0169871,0.000169871,7517,4.54792,0,-3.86053
2404.03,0.0169742,0.000169742,7518,4.53517,0,-3.87173
2404.93,0.0169615,0.000169615,7519,4.5224,0,-3.88289
2405.84,0.0169487,0.000169487,7520,4.50961,0,-3.89401
2406.74,0.016936,0.00016936,7521,4.4968,0,-3.90509
2407.63,0.0169234,0.000169234,7522,4.48397,0,-3.91613
2408.53,0.0169108,0.000169108,7523,4.47113,0,-3.92713
2409.42,0.0168983,0.000168983,7524,4.45827,0,-3.93809
2410.31,0.0168858,0.000168858,7525,4.44539,0,-3.94902
2411.2,0.0168734,0.000168734,7526,4.4325,0,-3.9599
2412.09,0.016861,0.00016861,7527,4.41958,0,-3.97074
2412.97,0.0168487,0.000168487,7528,4.40666,0,-3.98155
2413.85,0.0168364,0.000168364,7529,4.39371,0,-3.99231
2414.72,0.0168242,0.000168242,7530,4.38075,0,-4.00304
2415.6,0.016812,0.00016812,7531,4.36777,0,-4.01372
2416.47,0.0167999,0.000167999,7532,4.35477,0,-4.02437
2417.34,0.0167878,0.000167878,7533,4.34176,0,-4.03497
2418.21,0.0167758,0.000167758,7534,4.32873,0,-4.04554
2419.07,0.0167638,0.000167638,7535,4.31568,0,-4.05607
2419.93,0.0167518,0.000167518,7536,4.30262,0,-4.06656
2420.79,0.01674,0.0001674,7537,4.28954,0,-4.07701
2421.65,0.0167281,0.000167281,7538,4.27645,0,-4.08742
2422.5,0.0167163,0.000167163,7539,4.26334,0,-4.09779
2423.35,0.0167046,0.000167046,7540,4.25021,0,-4.10812
2424.2,0.0166929,0.000166929,7541,4.23707,0,-4.11841
2425.05,0.0166813,0.000166813,7542,4.22392,0,-4.12867
2425.89,0.0166697,0.000166697,7543,4.21074,0,-4.13888
2426.73,0.0166581,0.000166581,7544,4.19755,0,-4.14906
2427.57,0.0166466,0.000166466,7545,4.18435,0,-4.1592
2428.4,0.0166352,0.000166352,7546,4.17113,0,-4.1693
2429.23,0.0166238,0.000166238,7547,4.1579,0,-4.17936
2430.06,0.0166125,0.000166125,7548,4.14465,0,-4.18938
2430.89,0.0166012,0.000166012,7549,4.13138,0,-4.19936
2431.71,0.0165899,0.000165899,7550,4.1181,0,-4.2093
2432.54,0.0165787,0.000165787,7551,4.10481,0,-4.21921
2433.36,0.0165675,0.000165675,7552,4.0915,0,-4.22907
2434.17,0.0165564,0.000165564,7553,4.07818,0,-4.2389
2434.99,0.0165454,0.000165454,7554,4.06484,0,-4.24869
2435.8,0.0165344,0.000165344,7555,4.05148,0,-4.25844
2436.6,0.0165234,0.000165234,7556,4.03812,0,-4.26816
2437.41,0.0165125,0.000165125,7557,4.02473,0,-4.27783
2438.21,0.0165016,0.000165016,7558,4.01134,0,-4.28746
2439.01,0.0164908,0.000164908,7559,3.99793,0,-4.29706
2439.81,0.01648,0.0001648,7560,3.9845,0,-4.30662
2440.6,0.0164693,0.000164693,7561,3.97106,0,-4.31614
2441.4,0.0164586,0.000164586,7562,3.95761,0,-4.32562
2442.19,0.0164479,0.000164479,7563,3.94414,0,-4.33507
2442.97,0.0164374,0.000164374,7564,3.93066,0,-4.34447
2443.76,0.0164268,0.000164268,7565,3.91717,0,-4.35384
2444.54,0.0164163,0.000164163,7566,3.90366,0,-4.36317
2445.32,0.0164059,0.000164059,7567,3.89014,0,-4.37246
2446.09,0.0163955,0.000163955,7568,3.87661,0,-4.38171
2446.86,0.0163851,0.000163851,7569,3.86306,0,-4.39093
2447.64,0.0163748,0.000163748,7570,3.8495,0,-4.4001
2448.4,0.0163645,0.000163645,7571,3.83592,0,-4.40924
2449.17,0.0163543,0.000163543,7572,3.82233,0,-4.41835
2449.93,0.0163441,0.000163441,7573,3.80873,0,-4.42741
2450.69,0.016334,0.00016334,7574,3.79512,0,-4.43643
2451.45,0.0163239,0.000163239,7575,3.78149,0,-4.44542
2452.2,0.0163139,0.000163139,7576,3.76785,0,-4.45437
2452.95,0.0163039,0.000163039,7577,3.7542,0,-4.46328
2453.7,0.016294,0.00016294,7578,3.74053,0,-4.47216
2454.44,0.0162841,0.000162841,7579,3.72686,0,-4.481
2455.19,0.0162742,0.000162742,7580,3.71317,0,-4.48979
2455.93,0.0162644,0.000162644,7581,3.69946,0,-4.49856
2456.66,0.0162546,0.000162546,7582,3.68575,0,-4.50728
2457.4,0.0162449,0.000162449,7583,3.67202,0,-4.51597
2458.13,0.0162353,0.000162353,7584,3.65828,0,-4.52461
2458.86,0.0162256,0.000162256,7585,3.64453,0,-4.53323
2459.59,0.016216,0.00016216,7586,3.63077,0,-4.5418
2460.31,0.0162065,0.000162065,7587,3.61699,0,-4.55034
2461.03,0.016197,0.00016197,7588,3.6032,0,-4.55884
2461.75,0.0161876,0.000161876,7589,3.5894,0,-4.5673
2462.46,0.0161782,0.000161782,7590,3.57559,0,-4.57572
2463.18,0.0161688,0.000161688,7591,3.56177,0,-4.58411
2463.88,0.0161595,0.000161595,7592,3.54793,0,-4.59246
2464.59,0.0161502,0.000161502,7593,3.53408,0,-4.60077
2465.3,0.016141,0.00016141,7594,3.52023,0,-4.60905
2466,0.0161318,0.000161318,7595,3.50636,0,-4.61729
2466.7,0.0161227,0.000161227,7596,3.49248,0,-4.62549
2467.39,0.0161136,0.000161136,7597,3.47858,0,-4.63365
2468.08,0.0161046,0.000161046,7598,3.46468,0,-4.64178
2468.77,0.0160956,0.000160956,7599,3.45077,0,-4.64987
2469.46,0.0160866,0.000160866,7600,3.43684,0,-4.65792
2470.15,0.0160777,0.000160777,7601,3.4229,0,-4.66594
2470.83,0.0160688,0.000160688,7602,3.40896,0,-4.67392
2471.51,0.01606,0.0001606,7603,3.395,0,-4.68186
2472.18,0.0160512,0.000160512,7604,3.38103,0,-4.68977
2472.85,0.0160425,0.000160425,7605,3.36705,0,-4.69763
2473.53,0.0160338,0.000160338,7606,3.35306,0,-4.70547
2474.19,0.0160251,0.000160251,7607,3.33906,0,-4.71326
2474.86,0.0160165,0.000160165,7608,3.32504,0,-4.72102
2475.52,0.016008,0.00016008,7609,3.31102,0,-4.72874
2476.18,0.0159995,0.000159995,7610,3.29699,0,-4.73643
2476.83,0.015991,0.00015991,7611,3.28294,0,-4.74408
2477.49,0.0159825,0.000159825,7612,3.26889,0,-4.75169
2478.14,0.0159741,0.000159741,7613,3.25483,0,-4.75926
2478.79,0.0159658,0.000159658,7614,3.24075,0,-4.7668
2479.43,0.0159575,0.000159575,7615,3.22667,0,-4.7743
2480.07,0.0159492,0.000159492,7616,3.21258,0,-4.78177
2480.71,0.015941,0.00015941,7617,3.19847,0,-4.7892
2481.35,0.0159328,0.000159328,7618,3.18436,0,-4.79659
2481.98,0.0159247,0.000159247,7619,3.17023,0,-4.80395
2482.61,0.0159166,0.000159166,7620,3.1561,0,-4.81127
2483.24,0.0159086,0.000159086,7621,3.14196,0,-4.81855
2483.87,0.0159006,0.000159006,7622,3.12781,0,-4.8258
2484.49,0.0158926,0.000158926,7623,3.11364,0,-4.83301
2485.11,0.0158847,0.000158847,7624,3.09947,0,-4.84019
2485.72,0.0158768,0.000158768,7625,3.08529,0,-4.84733
2486.34,0.015869,0.00015869,7626,3.0711,0,-4.85443
2486.95,0.0158612,0.000158612,7627,3.0569,0,-4.8615
2487.56,0.0158534,0.000158534,7628,3.04269,0,-4.86853
2488.16,0.0158457,0.000158457,7629,3.02847,0,-4.87552
2488.76,0.015838,0.00015838,7630,3.01424,0,-4.88248
2489.36,0.0158304,0.000158304,7631,3.00001,0,-4.8894
2489.96,0.0158228,0.000158228,7632,2.98576,0,-4.89629
2490.55,0.0158153,0.000158153,7633,2.97151,0,-4.90314
2491.14,0.0158078,0.000158078,7634,2.95724,0,-4.90995
2491.73,0.0158003,0.000158003,7635,2.94297,0,-4.91673
2492.32,0.0157929,0.000157929,7636,2.92869,0,-4.92347
2492.9,0.0157855,0.000157855,7637,2.9144,0,-4.93018
2493.48,0.0157782,0.000157782,7638,2.9001,0,-4.93685
2494.06,0.0157709,0.000157709,7639,2.88579,0,-4.94349
2494.63,0.0157637,0.000157637,7640,2.87148,0,-4.95008
2495.2,0.0157565,0.000157565,7641,2.85715,0,-4.95665
2495.77,0.0157493,0.000157493,7642,2.84282,0,-4.96318
2496.33,0.0157422,0.000157422,7643,2.82848,0,-4.96967
2496.89,0.0157351,0.000157351,7644,2.81413,0,-4.97612
2497.45,0.015728,0.00015728,7645,2.79977,0,-4.98255
2498.01,0.015721,0.00015721,7646,2.78541,0,-4.98893
2498.56,0.0157141,0.000157141,7647,2.77103,0,-4.99528
2499.11,0.0157071,0.000157071,7648,2.75665,0,-5.00159
2499.66,0.0157003,0.000157003,7649,2.74226,0,-5.00787
2500.21,0.0156934,0.000156934,7650,2.72786,0,-5.01412
2500.75,0.0156866,0.000156866,7651,2.71346,0,-5.02032
2501.29,0.0156799,0.000156799,7652,2.69904,0,-5.0265
2501.82,0.0156731,0.000156731,7653,2.68462,0,-5.03263
2502.36,0.0156665,0.000156665,7654,2.67019,0,-5.03873
2502.89,0.0156598,0.000156598,7655,2.65575,0,-5.0448
2503.41,0.0156532,0.000156532,7656,2.64131,0,-5.05083
2503.94,0.0156467,0.000156467,7657,2.62686,0,-5.05683
2504.46,0.0156402,0.000156402,7658,2.6124,0,-5.06279
2504.98,0.0156337,0.000156337,7659,2.59793,0,-5.06871
2505.49,0.0156273,0.000156273,7660,2.58345,0,-5.0746
2506.01,0.0156209,0.000156209,7661,2.56897,0,-5.08045
2506.52,0.0156145,0.000156145,7662,2.55448,0,-5.08627
2507.02,0.0156082,0.000156082,7663,2.53998,0,-5.09206
2507.53,0.0156019,0.000156019,7664,2.52548,0,-5.09781
2508.03,0.0155957,0.000155957,7665,2.51097,0,-5.10352
2508.53,0.0155895,0.000155895,7666,2.49645,0,-5.1092
2509.02,0.0155833,0.000155833,7667,2.48192,0,-5.11484
2509.51,0.0155772,0.000155772,7668,2.46739,0,-5.12045
2510,0.0155712,0.000155712,7669,2.45285,0,-5.12602
2510.49,0.0155651,0.000155651,7670,2.43831,0,-5.13156
2510.97,0.0155591,0.000155591,7671,2.42375,0,-5.13707
2511.45,0.0155532,0.000155532,7672,2.40919,0,-5.14253
2511.93,0.0155473,0.000155473,7673,2.39463,0,-5.14797
2512.41,0.0155414,0.000155414,7674,2.38005,0,-5.15337
2512.88,0.0155355,0.000155355,7675,2.36547,0,-5.15873
2513.35,0.0155297,0.000155297,7676,2.35089,0,-5.16406
2513.81,0.015524,0.00015524,7677,2.33629,0,-5.16935
2514.28,0.0155183,0.000155183,7678,2.32169,0,-5.17461
2514.74,0.0155126,0.000155126,7679,2.30709,0,-5.17984
2515.19,0.015507,0.00015507,7680,2.29247,0,-5.18503
2515.65,0.0155014,0.000155014,7681,2.27785,0,-5.19018
2516.1,0.0154958,0.000154958,7682,2.26323,0,-5.1953
2516.55,0.0154903,0.000154903,7683,2.2486,0,-5.20039
2516.99,0.0154848,0.000154848,7684,2.23396,0,-5.20544
2517.43,0.0154794,0.000154794,7685,2.21932,0,-5.21046
2517.87,0.015474,0.00015474,7686,2.20467,0,-5.21544
2518.31,0.0154686,0.000154686,7687,2.19001,0,-5.22039
2518.74,0.0154633,0.000154633,7688,2.17535,0,-5.2253
2519.17,0.015458,0.00015458,7689,2.16068,0,-5.23018
2519.6,0.0154527,0.000154527,7690,2.146,0,-5.23502
2520.03,0.0154475,0.000154475,7691,2.13133,0,-5.23983
2520.45,0.0154423,0.000154423,7692,2.11664,0,-5.2446
2520.87,0.0154372,0.000154372,7693,2.10195,0,-5.24934
2521.28,0.0154321,0.000154321,7694,2.08725,0,-5.25405
2521.7,0.0154271,0.000154271,7695,2.07255,0,-5.25872
2522.11,0.0154221,0.000154221,7696,2.05784,0,-5.26336
2522.51,0.0154171,0.000154171,7697,2.04313,0,-5.26796
2522.92,0.0154121,0.000154121,7698,2.02841,0,-5.27253
2523.32,0.0154072,0.000154072,7699,2.01368,0,-5.27706
2523.72,0.0154024,0.000154024,7700,1.99895,0,-5.28156
2524.11,0.0153976,0.000153976,7701,1.98421,0,-5.28602
2524.5,0.0153928,0.000153928,7702,1.96947,0,-5.29045
2524.89,0.015388,0.00015388,7703,1.95473,0,-5.29485
2525.28,0.0153833,0.000153833,7704,1.93997,0,-5.29921
2525.66,0.0153786,0.000153786,7705,1.92522,0,-5.30354
2526.04,0.015374,0.00015374,7706,1.91045,0,-5.30784
2526.42,0.0153694,0.000153694,7707,1.89569,0,-5.31209
2526.8,0.0153649,0.000153649,7708,1.88091,0,-5.31632
2527.17,0.0153603,0.000153603,7709,1.86614,0,-5.32051
2527.54,0.0153559,0.000153559,7710,1.85135,0,-5.32467
2527.9,0.0153514,0.000153514,7711,1.83657,0,-5.32879
2528.26,0.015347,0.00015347,7712,1.82177,0,-5.33288
2528.62,0.0153427,0.000153427,7713,1.80698,0,-5.33693
2528.98,0.0153383,0.000153383,7714,1.79218,0,-5.34095
2529.33,0.015334,0.00015334,7715,1.77737,0,-5.34494
2529.68,0.0153298,0.000153298,7716,1.76256,0,-5.34889
2530.03,0.0153256,0.000153256,7717,1.74774,0,-5.35281
2530.38,0.0153214,0.000153214,7718,1.73292,0,-5.3567
2530.72,0.0153173,0.000153173,7719,1.7181,0,-5.36055
2531.06,0.0153132,0.000153132,7720,1.70327,0,-5.36436
2531.39,0.0153091,0.000153091,7721,1.68843,0,-5.36815
2531.73,0.0153051,0.000153051,7722,1.67359,0,-5.37189
2532.06,0.0153011,0.000153011,7723,1.65875,0,-5.37561
2532.38,0.0152971,0.000152971,7724,1.6439,0,-5.37929
2532.71,0.0152932,0.000152932,7725,1.62905,0,-5.38294
2533.03,0.0152894,0.000152894,7726,1.61419,0,-5.38655
2533.35,0.0152855,0.000152855,7727,1.59933,0,-5.39013
2533.66,0.0152817,0.000152817,7728,1.58447,0,-5.39368
2533.97,0.0152779,0.000152779,7729,1.5696,0,-5.39719
2534.28,0.0152742,0.000152742,7730,1.55473,0,-5.40066
2534.59,0.0152705,0.000152705,7731,1.53985,0,-5.40411
2534.89,0.0152669,0.000152669,7732,1.52497,0,-5.40752
2535.19,0.0152633,0.000152633,7733,1.51008,0,-5.4109
2535.49,0.0152597,0.000152597,7734,1.49519,0,-5.41424
2535.78,0.0152562,0.000152562,7735,1.4803,0,-5.41755
2536.07,0.0152527,0.000152527,7736,1.4654,0,-5.42082
2536.36,0.0152492,0.000152492,7737,1.4505,0,-5.42406
2536.65,0.0152458,0.000152458,7738,1.4356,0,-5.42727
2536.93,0.0152424,0.000152424,7739,1.42069,0,-5.43045
2537.21,0.015239,0.00015239,7740,1.40578,0,-5.43359
2537.48,0.0152357,0.000152357,7741,1.39086,0,-5.43669
2537.76,0.0152324,0.000152324,7742,1.37594,0,-5.43977
2538.03,0.0152292,0.000152292,7743,1.36102,0,-5.44281
2538.29,0.015226,0.00015226,7744,1.34609,0,-5.44581
2538.56,0.0152228,0.000152228,7745,1.33116,0,-5.44879
2538.82,0.0152197,0.000152197,7746,1.31623,0,-5.45172
2539.08,0.0152166,0.000152166,7747,1.30129,0,-5.45463
2539.33,0.0152135,0.000152135,7748,1.28635,0,-5.4575
2539.58,0.0152105,0.000152105,7749,1.27141,0,-5.46034
2539.83,0.0152075,0.000152075,7750,1.25646,0,-5.46315
2540.08,0.0152046,0.000152046,7751,1.24151,0,-5.46592
2540.32,0.0152017,0.000152017,7752,1.22656,0,-5.46865
2540.56,0.0151988,0.000151988,7753,1.2116,0,-5.47136
2540.8,0.015196,0.00015196,7754,1.19665,0,-5.47403
2541.03,0.0151932,0.000151932,7755,1.18168,0,-5.47667
2541.26,0.0151904,0.000151904,7756,1.16672,0,-5.47927
2541.49,0.0151877,0.000151877,7757,1.15175,0,-5.48184
2541.72,0.015185,0.00015185,7758,1.13678,0,-5.48438
2541.94,0.0151824,0.000151824,7759,1.1218,0,-5.48688
2542.16,0.0151797,0.000151797,7760,1.10683,0,-5.48935
2542.37,0.0151772,0.000151772,7761,1.09185,0,-5.49179
2542.59,0.0151746,0.000151746,7762,1.07686,0,-5.49419
2542.8,0.0151721,0.000151721,7763,1.06188,0,-5.49656
2543,0.0151696,0.000151696,7764,1.04689,0,-5.4989
2543.21,0.0151672,0.000151672,7765,1.0319,0,-5.5012
2543.41,0.0151648,0.000151648,7766,1.0169,0,-5.50347
2543.61,0.0151624,0.000151624,7767,1.00191,0,-5.50571
2543.8,0.0151601,0.000151601,7768,0.986907,0,-5.50791
2543.99,0.0151578,0.000151578,7769,0.971905,0,-5.51008
2544.18,0.0151556,0.000151556,7770,0.956901,0,-5.51222
2544.37,0.0151534,0.000151534,7771,0.941894,0,-5.51432
2544.55,0.0151512,0.000151512,7772,0.926885,0,-5.51639
2544.73,0.0151491,0.000151491,7773,0.911874,0,-5.51843
2544.91,0.0151469,0.000151469,7774,0.89686,0,-5.52043
2545.08,0.0151449,0.000151449,7775,0.881844,0,-5.5224
2545.25,0.0151428,0.000151428,7776,0.866825,0,-5.52434
2545.42,0.0151408,0.000151408,7777,0.851804,0,-5.52625
2545.58,0.0151389,0.000151389,7778,0.836782,0,-5.52812
2545.75,0.015137,0.00015137,7779,0.821757,0,-5.52995
2545.91,0.0151351,0.000151351,7780,0.806729,0,-5.53176
2546.06,0.0151332,0.000151332,7781,0.7917,0,-5.53353
2546.21,0.0151314,0.000151314,7782,0.776669,0,-5.53527
2546.36,0.0151296,0.000151296,7783,0.761636,0,-5.53697
2546.51,0.0151279,0.000151279,7784,0.7466,0,-5.53864
2546.65,0.0151262,0.000151262,7785,0.731563,0,-5.54028
2546.79,0.0151245,0.000151245,7786,0.716524,0,-5.54189
2546.93,0.0151229,0.000151229,7787,0.701483,0,-5.54346
2547.07,0.0151213,0.000151213,7788,0.68644,0,-5.545
2547.2,0.0151197,0.000151197,7789,0.671396,0,-5.5465
2547.33,0.0151182,0.000151182,7790,0.65635,0,-5.54797
2547.45,0.0151167,0.000151167,7791,0.641302,0,-5.54941
2547.58,0.0151152,0.000151152,7792,0.626252,0,-5.55082
2547.69,0.0151138,0.000151138,7793,0.611201,0,-5.55219
2547.81,0.0151124,0.000151124,7794,0.596148,0,-5.55353
2547.92,0.0151111,0.000151111,7795,0.581093,0,-5.55484
2548.03,0.0151098,0.000151098,7796,0.566037,0,-5.55611
2548.14,0.0151085,0.000151085,7797,0.55098,0,-5.55735
2548.25,0.0151073,0.000151073,7798,0.535921,0,-5.55856
2548.35,0.0151061,0.000151061,7799,0.52086,0,-5.55974
2548.45,0.0151049,0.000151049,7800,0.505799,0,-5.56088
2548.54,0.0151038,0.000151038,7801,0.490736,0,-5.56199
2548.63,0.0151027,0.000151027,7802,0.475671,0,-5.56306
2548.72,0.0151016,0.000151016,7803,0.460606,0,-5.5641
2548.81,0.0151006,0.000151006,7804,0.445539,0,-5.56511
2548.89,0.0150996,0.000150996,7805,0.430471,0,-5.56609
2548.97,0.0150987,0.000150987,7806,0.415401,0,-5.56703
2549.05,0.0150978,0.000150978,7807,0.400331,0,-5.56794
2549.12,0.0150969,0.000150969,7808,0.38526,0,-5.56882
2549.2,0.015096,0.00015096,7809,0.370187,0,-5.56966
2549.26,0.0150952,0.000150952,7810,0.355114,0,-5.57047
2549.33,0.0150945,0.000150945,7811,0.340039,0,-5.57125
2549.39,0.0150937,0.000150937,7812,0.324964,0,-5.57199
2549.45,0.015093,0.00015093,7813,0.309888,0,-5.57271
2549.51,0.0150924,0.000150924,7814,0.294811,0,-5.57338
2549.56,0.0150917,0.000150917,7815,0.279733,0,-5.57403
2549.61,0.0150911,0.000150911,7816,0.264654,0,-5.57464
2549.66,0.0150906,0.000150906,7817,0.249575,0,-5.57522
2549.7,0.0150901,0.000150901,7818,0.234495,0,-5.57577
2549.74,0.0150896,0.000150896,7819,0.219414,0,-5.57628
2549.78,0.0150891,0.000150891,7820,0.204332,0,-5.57676
2549.81,0.0150887,0.000150887,7821,0.18925,0,-5.57721
2549.84,0.0150883,0.000150883,7822,0.174167,0,-5.57762
2549.87,0.015088,0.00015088,7823,0.159084,0,-5.57801
2549.9,0.0150877,0.000150877,7824,0.144001,0,-5.57835
2549.92,0.0150874,0.000150874,7825,0.128917,0,-5.57867
2549.94,0.0150872,0.000150872,7826,0.113832,0,-5.57895
2549.96,0.015087,0.00015087,7827,0.098747,0,-5.5792
2549.97,0.0150868,0.000150868,7828,0.0836617,0,-5.57942
2549.98,0.0150867,0.000150867,7829,0.0685761,0,-5.5796
2549.99,0.0150866,0.000150866,7830,0.0534903,0,-5.57975
2549.99,0.0150866,0.000150866,7831,0.0384041,0,-5.57987
2550,0.0150865,0.000150866,7832,0.0233178,0,-5.57995
2549.99,0.0150866,0.000150866,7833,0.00823135,0,-5.58
2549.99,0.0150866,0.000150866,7834,-0.00685526,0,-5.58002
2549.98,0.0150867,0.000150867,7835,-0.021942,0,-5.58001
2549.97,0.0150868,0.000150868,7836,-0.0370287,0,-5.57996
2549.96,0.015087,0.00015087,7837,-0.0521155,0,-5.57988
2549.94,0.0150872,0.000150872,7838,-0.0672023,0,-5.57976
2549.92,0.0150874,0.000150874,7839,-0.082289,0,-5.57962
2549.9,0.0150877,0.000150877,7840,-0.0973756,0,-5.57944
2549.87,0.015088,0.00015088,7841,-0.112462,0,-5.57922
2549.85,0.0150883,0.000150883,7842,-0.127548,0,-5.57898
2549.81,0.0150887,0.000150887,7843,-0.142635,0,-5.5787
2549.78,0.0150891,0.000150891,7844,-0.15772,0,-5.57839
2549.74,0.0150896,0.000150896,7845,-0.172806,0,-5.57804
2549.7,0.0150901,0.000150901,7846,-0.187891,0,-5.57766
2549.66,0.0150906,0.000150906,7847,-0.202976,0,-5.57725
2549.61,0.0150911,0.000150911,7848,-0.218061,0,-5.57681
2549.56,0.0150917,0.000150917,7849,-0.233145,0,-5.57633
2549.51,0.0150923,0.000150923,7850,-0.248229,0,-5.57582
2549.45,0.015093,0.00015093,7851,-0.263312,0,-5.57528
2549.39,0.0150937,0.000150937,7852,-0.278395,0,-5.5747
2549.33,0.0150944,0.000150944,7853,-0.293477,0,-5.57409
2549.26,0.0150952,0.000150952,7854,-0.308558,0,-5.57345
2549.2,0.015096,0.00015096,7855,-0.323639,0,-5.57278
2549.13,0.0150969,0.000150969,7856,-0.33872,0,-5.57207
2549.05,0.0150977,0.000150977,7857,-0.353799,0,-5.57133
2548.97,0.0150987,0.000150987,7858,-0.368878,0,-5.57055
2548.89,0.0150996,0.000150996,7859,-0.383956,0,-5.56974
2548.81,0.0151006,0.000151006,7860,-0.399033,0,-5.5689
2548.72,0.0151016,0.000151016,7861,-0.414109,0,-5.56803
2548.64,0.0151027,0.000151027,7862,-0.429185,0,-5.56712
2548.54,0.0151038,0.000151038,7863,-0.444259,0,-5.56618
2548.45,0.0151049,0.000151049,7864,-0.459333,0,-5.56521
2548.35,0.0151061,0.000151061,7865,-0.474405,0,-5.5642
2548.25,0.0151073,0.000151073,7866,-0.489477,0,-5.56316
2548.14,0.0151085,0.000151085,7867,-0.504547,0,-5.56209
2548.04,0.0151098,0.000151098,7868,-0.519616,0,-5.56098
2547.93,0.0151111,0.000151111,7869,-0.534684,0,-5.55985
2547.81,0.0151124,0.000151124,7870,-0.549751,0,-5.55867
2547.7,0.0151138,0.000151138,7871,-0.564817,0,-5.55747
2547.58,0.0151152,0.000151152,7872,-0.579882,0,-5.55623
2547.45,0.0151167,0.000151167,7873,-0.594945,0,-5.55496
2547.33,0.0151182,0.000151182,7874,-0.610006,0,-5.55366
2547.2,0.0151197,0.000151197,7875,-0.625067,0,-5.55232
2547.07,0.0151213,0.000151213,7876,-0.640126,0,-5.55095
2546.93,0.0151229,0.000151229,7877,-0.655183,0,-5.54954
2546.8,0.0151245,0.000151245,7878,-0.670239,0,-5.54811
2546.66,0.0151262,0.000151262,7879,-0.685294,0,-5.54664
2546.51,0.0151279,0.000151279,7880,-0.700347,0,-5.54513
2546.37,0.0151296,0.000151296,7881,-0.715398,0,-5.5436
2546.22,0.0151314,0.000151314,7882,-0.730448,0,-5.54203
2546.06,0.0151332,0.000151332,7883,-0.745496,0,-5.54042
2545.91,0.0151351,0.000151351,7884,-0.760542,0,-5.53879
2545.75,0.0151369,0.000151369,7885,-0.775587,0,-5.53712
2545.59,0.0151389,0.000151389,7886,-0.79063,0,-5.53541
2545.42,0.0151408,0.000151408,7887,-0.805671,0,-5.53368
2545.25,0.0151428,0.000151428,7888,-0.82071,0,-5.53191
2545.08,0.0151449,0.000151449,7889,-0.835747,0,-5.53011
2544.91,0.0151469,0.000151469,7890,-0.850782,0,-5.52827
2544.73,0.015149,0.00015149,7891,-0.865816,0,-5.5264
2544.55,0.0151512,0.000151512,7892,-0.880847,0,-5.5245
2544.37,0.0151533,0.000151533,7893,-0.895876,0,-5.52256
2544.18,0.0151556,0.000151556,7894,-0.910903,0,-5.52059
2544,0.0151578,0.000151578,7895,-0.925928,0,-5.51859
2543.8,0.0151601,0.000151601,7896,-0.940951,0,-5.51655
2543.61,0.0151624,0.000151624,7897,-0.955971,0,-5.51449
2543.41,0.0151648,0.000151648,7898,-0.97099,0,-5.51238
2543.21,0.0151672,0.000151672,7899,-0.986006,0,-5.51025
2543.01,0.0151696,0.000151696,7900,-1.00102,0,-5.50808
2542.8,0.0151721,0.000151721,7901,-1.01603,0,-5.50588
2542.59,0.0151746,0.000151746,7902,-1.03104,0,-5.50364
2542.38,0.0151771,0.000151771,7903,-1.04605,0,-5.50137
2542.16,0.0151797,0.000151797,7904,-1.06105,0,-5.49907
2541.94,0.0151823,0.000151823,7905,-1.07605,0,-5.49673
2541.72,0.015185,0.00015185,7906,-1.09105,0,-5.49436
2541.49,0.0151877,0.000151877,7907,-1.10605,0,-5.49196
2541.27,0.0151904,0.000151904,7908,-1.12104,0,-5.48952
2541.03,0.0151931,0.000151931,7909,-1.13603,0,-5.48705
2540.8,0.0151959,0.000151959,7910,-1.15102,0,-5.48455
2540.56,0.0151988,0.000151988,7911,-1.16601,0,-5.48201
2540.32,0.0152017,0.000152017,7912,-1.18099,0,-5.47944
2540.08,0.0152046,0.000152046,7913,-1.19597,0,-5.47684
2539.83,0.0152075,0.000152075,7914,-1.21095,0,-5.4742
2539.59,0.0152105,0.000152105,7915,-1.22592,0,-5.47153
2539.33,0.0152135,0.000152135,7916,-1.24089,0,-5.46882
2539.08,0.0152166,0.000152166,7917,-1.25586,0,-5.46608
2538.82,0.0152197,0.000152197,7918,-1.27082,0,-5.46331
2538.56,0.0152228,0.000152228,7919,-1.28579,0,-5.46051
2538.3,0.015226,0.00015226,7920,-1.30074,0,-5.45767
2538.03,0.0152292,0.000152292,7921,-1.3157,0,-5.45479
2537.76,0.0152324,0.000152324,7922,-1.33065,0,-5.45189
2537.49,0.0152357,0.000152357,7923,-1.3456,0,-5.44895
2537.21,0.015239,0.00015239,7924,-1.36055,0,-5.44597
2536.93,0.0152423,0.000152423,7925,-1.37549,0,-5.44297
2536.65,0.0152457,0.000152457,7926,-1.39043,0,-5.43992
2536.36,0.0152492,0.000152492,7927,-1.40537,0,-5.43685
2536.08,0.0152526,0.000152526,7928,-1.4203,0,-5.43374
2535.78,0.0152561,0.000152561,7929,-1.43523,0,-5.4306
2535.49,0.0152597,0.000152597,7930,-1.45015,0,-5.42742
2535.19,0.0152632,0.000152632,7931,-1.46507,0,-5.42421
2534.89,0.0152669,0.000152669,7932,-1.47999,0,-5.42097
2534.59,0.0152705,0.000152705,7933,-1.49491,0,-5.41769
2534.28,0.0152742,0.000152742,7934,-1.50982,0,-5.41438
2533.98,0.0152779,0.000152779,7935,-1.52473,0,-5.41103
2533.66,0.0152817,0.000152817,7936,-1.53963,0,-5.40765
2533.35,0.0152855,0.000152855,7937,-1.55453,0,-5.40424
2533.03,0.0152893,0.000152893,7938,-1.56942,0,-5.40079
2532.71,0.0152932,0.000152932,7939,-1.58432,0,-5.39731
2532.39,0.0152971,0.000152971,7940,-1.5992,0,-5.3938
2532.06,0.015301,0.00015301,7941,-1.61409,0,-5.39025
2531.73,0.015305,0.00015305,7942,-1.62897,0,-5.38667
2531.4,0.0153091,0.000153091,7943,-1.64384,0,-5.38305
2531.06,0.0153131,0.000153131,7944,-1.65871,0,-5.3794
2530.72,0.0153172,0.000153172,7945,-1.67358,0,-5.37571
2530.38,0.0153214,0.000153214,7946,-1.68845,0,-5.37199
2530.04,0.0153255,0.000153255,7947,-1.7033,0,-5.36824
2529.69,0.0153297,0.000153297,7948,-1.71816,0,-5.36446
2529.34,0.015334,0.00015334,7949,-1.73301,0,-5.36063
2528.98,0.0153383,0.000153383,7950,-1.74785,0,-5.35678
2528.63,0.0153426,0.000153426,7951,-1.7627,0,-5.35289
2528.27,0.015347,0.00015347,7952,-1.77753,0,-5.34897
2527.91,0.0153514,0.000153514,7953,-1.79237,0,-5.34501
2527.54,0.0153558,0.000153558,7954,-1.80719,0,-5.34102
2527.17,0.0153603,0.000153603,7955,-1.82202,0,-5.33699
2526.8,0.0153648,0.000153648,7956,-1.83684,0,-5.33293
2526.43,0.0153694,0.000153694,7957,-1.85165,0,-5.32884
2526.05,0.015374,0.00015374,7958,-1.86646,0,-5.32471
2525.67,0.0153786,0.000153786,7959,-1.88126,0,-5.32055
2525.28,0.0153833,0.000153833,7960,-1.89606,0,-5.31635
2524.9,0.015388,0.00015388,7961,-1.91086,0,-5.31212
2524.51,0.0153927,0.000153927,7962,-1.92565,0,-5.30785
2524.12,0.0153975,0.000153975,7963,-1.94043,0,-5.30355
2523.72,0.0154023,0.000154023,7964,-1.95521,0,-5.29922
2523.32,0.0154072,0.000154072,7965,-1.96999,0,-5.29485
2522.92,0.0154121,0.000154121,7966,-1.98476,0,-5.29044
2522.52,0.015417,0.00015417,7967,-1.99952,0,-5.28601
2522.11,0.015422,0.00015422,7968,-2.01428,0,-5.28154
2521.7,0.015427,0.00015427,7969,-2.02903,0,-5.27703
2521.29,0.0154321,0.000154321,7970,-2.04378,0,-5.27249
2520.87,0.0154372,0.000154372,7971,-2.05853,0,-5.26791
2520.45,0.0154423,0.000154423,7972,-2.07327,0,-5.2633
2520.03,0.0154475,0.000154475,7973,-2.088,0,-5.25866
2519.61,0.0154527,0.000154527,7974,-2.10273,0,-5.25398
2519.18,0.0154579,0.000154579,7975,-2.11745,0,-5.24926
2518.75,0.0154632,0.000154632,7976,-2.13216,0,-5.24451
2518.32,0.0154685,0.000154685,7977,-2.14687,0,-5.23973
2517.88,0.0154739,0.000154739,7978,-2.16158,0,-5.23491
2517.44,0.0154793,0.000154793,7979,-2.17628,0,-5.23006
2517,0.0154847,0.000154847,7980,-2.19097,0,-5.22517
2516.55,0.0154902,0.000154902,7981,-2.20566,0,-5.22025
2516.1,0.0154957,0.000154957,7982,-2.22034,0,-5.21529
2515.65,0.0155013,0.000155013,7983,-2.23501,0,-5.2103
2515.2,0.0155069,0.000155069,7984,-2.24968,0,-5.20528
2514.74,0.0155125,0.000155125,7985,-2.26435,0,-5.20022
2514.28,0.0155182,0.000155182,7986,-2.27901,0,-5.19512
2513.82,0.0155239,0.000155239,7987,-2.29366,0,-5.18999
2513.35,0.0155297,0.000155297,7988,-2.3083,0,-5.18482
2512.88,0.0155355,0.000155355,7989,-2.32294,0,-5.17962
2512.41,0.0155413,0.000155413,7990,-2.33757,0,-5.17439
2511.94,0.0155472,0.000155472,7991,-2.3522,0,-5.16912
2511.46,0.0155531,0.000155531,7992,-2.36682,0,-5.16381
2510.98,0.0155591,0.000155591,7993,-2.38143,0,-5.15847
2510.49,0.0155651,0.000155651,7994,-2.39604,0,-5.15309
2510.01,0.0155711,0.000155711,7995,-2.41064,0,-5.14768
2509.52,0.0155772,0.000155772,7996,-2.42524,0,-5.14224
2509.03,0.0155833,0.000155833,7997,-2.43982,0,-5.13676
2508.53,0.0155894,0.000155894,7998,-2.45441,0,-5.13124
2508.03,0.0155956,0.000155956,7999,-2.46898,0,-5.12569
2507.53,0.0156019,0.000156019,8000,-2.48355,0,-5.1201
2507.03,0.0156081,0.000156081,8001,-2.49811,0,-5.11448
2506.52,0.0156144,0.000156144,8002,-2.51266,0,-5.10882
2506.01,0.0156208,0.000156208,8003,-2.52721,0,-5.10313
2505.5,0.0156272,0.000156272,8004,-2.54175,0,-5.0974
2504.98,0.0156336,0.000156336,8005,-2.55628,0,-5.09164
2504.46,0.0156401,0.000156401,8006,-2.57081,0,-5.08584
2503.94,0.0156466,0.000156466,8007,-2.58532,0,-5.08001
2503.42,0.0156532,0.000156532,8008,-2.59984,0,-5.07414
2502.89,0.0156598,0.000156598,8009,-2.61434,0,-5.06824
2502.36,0.0156664,0.000156664,8010,-2.62884,0,-5.0623
2501.83,0.0156731,0.000156731,8011,-2.64333,0,-5.05632
2501.29,0.0156798,0.000156798,8012,-2.65781,0,-5.05031
2500.75,0.0156866,0.000156866,8013,-2.67228,0,-5.04426
2500.21,0.0156934,0.000156934,8014,-2.68675,0,-5.03818
2499.67,0.0157002,0.000157002,8015,-2.70121,0,-5.03206
2499.12,0.0157071,0.000157071,8016,-2.71566,0,-5.02591
2498.57,0.015714,0.00015714,8017,-2.7301,0,-5.01972
2498.01,0.015721,0.00015721,8018,-2.74454,0,-5.0135
2497.46,0.015728,0.00015728,8019,-2.75897,0,-5.00724
2496.9,0.015735,0.00015735,8020,-2.77339,0,-5.00094
2496.34,0.0157421,0.000157421,8021,-2.7878,0,-4.99461
2495.77,0.0157492,0.000157492,8022,-2.80221,0,-4.98824
2495.2,0.0157564,0.000157564,8023,-2.8166,0,-4.98184
2494.63,0.0157636,0.000157636,8024,-2.83099,0,-4.9754
2494.06,0.0157708,0.000157708,8025,-2.84537,0,-4.96893
2493.48,0.0157781,0.000157781,8026,-2.85974,0,-4.96242
2492.9,0.0157855,0.000157855,8027,-2.87411,0,-4.95587
2492.32,0.0157928,0.000157928,8028,-2.88846,0,-4.94929
2491.74,0.0158003,0.000158003,8029,-2.90281,0,-4.94267
2491.15,0.0158077,0.000158077,8030,-2.91715,0,-4.93601
2490.56,0.0158152,0.000158152,8031,-2.93148,0,-4.92932
2489.97,0.0158228,0.000158228,8032,-2.9458,0,-4.9226
2489.37,0.0158303,0.000158304,8033,-2.96012,0,-4.91583
2488.77,0.015838,0.00015838,8034,-2.97442,0,-4.90903
2488.17,0.0158456,0.000158456,8035,-2.98872,0,-4.9022
2487.56,0.0158534,0.000158534,8036,-3.003,0,-4.89533
2486.95,0.0158611,0.000158611,8037,-3.01728,0,-4.88842
2486.34,0.0158689,0.000158689,8038,-3.03155,0,-4.88148
2485.73,0.0158767,0.000158767,8039,-3.04581,0,-4.8745
2485.11,0.0158846,0.000158846,8040,-3.06006,0,-4.86748
2484.49,0.0158925,0.000158925,8041,-3.0743,0,-4.86043
2483.87,0.0159005,0.000159005,8042,-3.08853,0,-4.85334
2483.25,0.0159085,0.000159085,8043,-3.10276,0,-4.84621
2482.62,0.0159165,0.000159165,8044,-3.11697,0,-4.83905
2481.99,0.0159246,0.000159246,8045,-3.13118,0,-4.83185
2481.35,0.0159328,0.000159328,8046,-3.14537,0,-4.82462
2480.72,0.0159409,0.000159409,8047,-3.15956,0,-4.81735
2480.08,0.0159492,0.000159492,8048,-3.17373,0,-4.81004
2479.44,0.0159574,0.000159574,8049,-3.1879,0,-4.80269
2478.79,0.0159657,0.000159657,8050,-3.20206,0,-4.79531
2478.14,0.0159741,0.000159741,8051,-3.21621,0,-4.78789
2477.49,0.0159825,0.000159825,8052,-3.23034,0,-4.78044
2476.84,0.0159909,0.000159909,8053,-3.24447,0,-4.77295
2476.18,0.0159994,0.000159994,8054,-3.25859,0,-4.76542
2475.52,0.0160079,0.000160079,8055,-3.2727,0,-4.75786
2474.86,0.0160165,0.000160165,8056,-3.28679,0,-4.75025
2474.2,0.0160251,0.000160251,8057,-3.30088,0,-4.74262
2473.53,0.0160337,0.000160337,8058,-3.31496,0,-4.73494
2472.86,0.0160424,0.000160424,8059,-3.32903,0,-4.72723
2472.19,0.0160512,0.000160512,8060,-3.34308,0,-4.71948
2471.51,0.0160599,0.000160599,8061,-3.35713,0,-4.71169
2470.83,0.0160688,0.000160688,8062,-3.37117,0,-4.70387
2470.15,0.0160776,0.000160776,8063,-3.38519,0,-4.69601
2469.47,0.0160865,0.000160865,8064,-3.39921,0,-4.68811
2468.78,0.0160955,0.000160955,8065,-3.41321,0,-4.68018
2468.09,0.0161045,0.000161045,8066,-3.4272,0,-4.67221
2467.4,0.0161135,0.000161135,8067,-3.44118,0,-4.6642
2466.7,0.0161226,0.000161226,8068,-3.45516,0,-4.65615
2466,0.0161318,0.000161318,8069,-3.46912,0,-4.64807
2465.3,0.0161409,0.000161409,8070,-3.48307,0,-4.63995
2464.6,0.0161502,0.000161502,8071,-3.49701,0,-4.63179
2463.89,0.0161594,0.000161594,8072,-3.51093,0,-4.6236
2463.18,0.0161688,0.000161688,8073,-3.52485,0,-4.61536
2462.47,0.0161781,0.000161781,8074,-3.53875,0,-4.6071
2461.75,0.0161875,0.000161875,8075,-3.55265,0,-4.59879
2461.04,0.016197,0.00016197,8076,-3.56653,0,-4.59044
2460.31,0.0162064,0.000162064,8077,-3.5804,0,-4.58206
2459.59,0.016216,0.00016216,8078,-3.59426,0,-4.57364
2458.86,0.0162256,0.000162256,8079,-3.60811,0,-4.56518
2458.14,0.0162352,0.000162352,8080,-3.62194,0,-4.55669
2457.4,0.0162449,0.000162449,8081,-3.63576,0,-4.54816
2456.67,0.0162546,0.000162546,8082,-3.64958,0,-4.53959
2455.93,0.0162643,0.000162643,8083,-3.66338,0,-4.53098
2455.19,0.0162741,0.000162741,8084,-3.67716,0,-4.52233
2454.45,0.016284,0.00016284,8085,-3.69094,0,-4.51365
2453.7,0.0162939,0.000162939,8086,-3.7047,0,-4.50493
2452.96,0.0163038,0.000163038,8087,-3.71845,0,-4.49617
2452.2,0.0163138,0.000163138,8088,-3.73219,0,-4.48737
2451.45,0.0163238,0.000163238,8089,-3.74592,0,-4.47854
2450.69,0.0163339,0.000163339,8090,-3.75963,0,-4.46966
2449.94,0.0163441,0.000163441,8091,-3.77333,0,-4.46075
2449.17,0.0163542,0.000163542,8092,-3.78702,0,-4.4518
2448.41,0.0163644,0.000163644,8093,-3.8007,0,-4.44282
2447.64,0.0163747,0.000163747,8094,-3.81436,0,-4.43379
2446.87,0.016385,0.00016385,8095,-3.82801,0,-4.42473
2446.1,0.0163954,0.000163954,8096,-3.84165,0,-4.41563
2445.32,0.0164058,0.000164058,8097,-3.85527,0,-4.40649
2444.54,0.0164162,0.000164162,8098,-3.86888,0,-4.39731
2443.76,0.0164267,0.000164267,8099,-3.88248,0,-4.38809
2442.98,0.0164373,0.000164373,8100,-3.89607,0,-4.37884
2442.19,0.0164479,0.000164479,8101,-3.90964,0,-4.36955
2441.4,0.0164585,0.000164585,8102,-3.92319,0,-4.36022
2440.61,0.0164692,0.000164692,8103,-3.93674,0,-4.35085
2439.82,0.0164799,0.000164799,8104,-3.95027,0,-4.34144
2439.02,0.0164907,0.000164907,8105,-3.96379,0,-4.33199
2438.22,0.0165015,0.000165015,8106,-3.97729,0,-4.32251
2437.42,0.0165124,0.000165124,8107,-3.99078,0,-4.31298
2436.61,0.0165233,0.000165233,8108,-4.00425,0,-4.30342
2435.8,0.0165343,0.000165343,8109,-4.01771,0,-4.29382
2434.99,0.0165453,0.000165453,8110,-4.03116,0,-4.28418
2434.18,0.0165563,0.000165563,8111,-4.04459,0,-4.2745
2433.36,0.0165674,0.000165674,8112,-4.05801,0,-4.26478
2432.54,0.0165786,0.000165786,8113,-4.07142,0,-4.25503
2431.72,0.0165898,0.000165898,8114,-4.08481,0,-4.24523
2430.9,0.0166011,0.000166011,8115,-4.09818,0,-4.2354
2430.07,0.0166124,0.000166124,8116,-4.11154,0,-4.22553
2429.24,0.0166237,0.000166237,8117,-4.12489,0,-4.21562
2428.41,0.0166351,0.000166351,8118,-4.13822,0,-4.20567
2427.57,0.0166466,0.000166466,8119,-4.15154,0,-4.19568
2426.74,0.016658,0.00016658,8120,-4.16484,0,-4.18565
2425.9,0.0166696,0.000166696,8121,-4.17812,0,-4.17558
2425.05,0.0166812,0.000166812,8122,-4.19139,0,-4.16547
2424.21,0.0166928,0.000166928,8123,-4.20465,0,-4.15533
2423.36,0.0167045,0.000167045,8124,-4.21789,0,-4.14514
2422.51,0.0167162,0.000167162,8125,-4.23111,0,-4.13492
2421.65,0.016728,0.00016728,8126,-4.24432,0,-4.12465
2420.8,0.0167399,0.000167399,8127,-4.25752,0,-4.11435
2419.94,0.0167517,0.000167517,8128,-4.2707,0,-4.10401
2419.08,0.0167637,0.000167637,8129,-4.28386,0,-4.09363
2418.21,0.0167757,0.000167757,8130,-4.297,0,-4.08321
2417.35,0.0167877,0.000167877,8131,-4.31013,0,-4.07275
2416.48,0.0167998,0.000167998,8132,-4.32325,0,-4.06225
2415.61,0.0168119,0.000168119,8133,-4.33635,0,-4.05171
2414.73,0.0168241,0.000168241,8134,-4.34943,0,-4.04113
2413.85,0.0168363,0.000168363,8135,-4.36249,0,-4.03051
2412.98,0.0168486,0.000168486,8136,-4.37554,0,-4.01985
2412.09,0.0168609,0.000168609,8137,-4.38857,0,-4.00915
2411.21,0.0168733,0.000168733,8138,-4.40159,0,-3.99841
2410.32,0.0168857,0.000168857,8139,-4.41459,0,-3.98764
2409.43,0.0168982,0.000168982,8140,-4.42757,0,-3.97682
2408.54,0.0169107,0.000169107,8141,-4.44054,0,-3.96596
2407.64,0.0169233,0.000169233,8142,-4.45348,0,-3.95506
2406.74,0.0169359,0.000169359,8143,-4.46641,0,-3.94413
2405.84,0.0169486,0.000169486,8144,-4.47933,0,-3.93315
2404.94,0.0169613,0.000169613,8145,-4.49222,0,-3.92213
2404.03,0.0169741,0.000169741,8146,-4.5051,0,-3.91108
2403.13,0.016987,0.00016987,8147,-4.51796,0,-3.89998
2402.22,0.0169998,0.000169998,8148,-4.53081,0,-3.88884
2401.3,0.0170128,0.000170128,8149,-4.54363,0,-3.87766
2400.39,0.0170258,0.000170258,8150,-4.55644,0,-3.86645
2399.47,0.0170388,0.000170388,8151,-4.56923,0,-3.85519
2398.55,0.0170519,0.000170519,8152,-4.582,0,-3.84389
2397.62,0.017065,0.00017065,8153,-4.59476,0,-3.83255
2396.7,0.0170782,0.000170782,8154,-4.60749,0,-3.82117
2395.77,0.0170915,0.000170915,8155,-4.62021,0,-3.80976
2394.84,0.0171048,0.000171048,8156,-4.63291,0,-3.7983
2393.9,0.0171181,0.000171181,8157,-4.64559,0,-3.7868
2392.97,0.0171315,0.000171315,8158,-4.65825,0,-3.77526
2392.03,0.0171449,0.000171449,8159,-4.67089,0,-3.76367
2391.09,0.0171585,0.000171585,8160,-4.68352,0,-3.75205
2390.14,0.017172,0.00017172,8161,-4.69612,0,-3.74039
2389.2,0.0171856,0.000171856,8162,-4.70871,0,-3.72869
2388.25,0.0171993,0.000171993,8163,-4.72127,0,-3.71695
2387.3,0.017213,0.00017213,8164,-4.73382,0,-3.70516
2386.34,0.0172267,0.000172267,8165,-4.74635,0,-3.69334
2385.39,0.0172406,0.000172406,8166,-4.75885,0,-3.68147
2384.43,0.0172544,0.000172544,8167,-4.77134,0,-3.66956
2383.47,0.0172684,0.000172684,8168,-4.78381,0,-3.65762
2382.5,0.0172823,0.000172823,8169,-4.79626,0,-3.64563
2381.54,0.0172964,0.000172964,8170,-4.80869,0,-3.6336
2380.57,0.0173104,0.000173104,8171,-4.82109,0,-3.62153
2379.6,0.0173246,0.000173246,8172,-4.83348,0,-3.60942
2378.62,0.0173388,0.000173388,8173,-4.84585,0,-3.59727
2377.65,0.017353,0.00017353,8174,-4.8582,0,-3.58507
2376.67,0.0173673,0.000173673,8175,-4.87052,0,-3.57284
2375.69,0.0173816,0.000173816,8176,-4.88283,0,-3.56056
2374.7,0.017396,0.00017396,8177,-4.89511,0,-3.54825
2373.72,0.0174105,0.000174105,8178,-4.90738,0,-3.53589
2372.73,0.017425,0.00017425,8179,-4.91962,0,-3.52349
2371.74,0.0174396,0.000174396,8180,-4.93184,0,-3.51105
2370.74,0.0174542,0.000174542,8181,-4.94404,0,-3.49857
2369.75,0.0174689,0.000174689,8182,-4.95622,0,-3.48604
2368.75,0.0174836,0.000174836,8183,-4.96838,0,-3.47348
2367.75,0.0174984,0.000174984,8184,-4.98052,0,-3.46087
2366.75,0.0175132,0.000175132,8185,-4.99263,0,-3.44823
2365.74,0.0175281,0.000175281,8186,-5.00472,0,-3.43554
2364.73,0.017543,0.00017543,8187,-5.01679,0,-3.42281
2363.72,0.017558,0.00017558,8188,-5.02884,0,-3.41003
2362.71,0.0175731,0.000175731,8189,-5.04087,0,-3.39722
2361.69,0.0175882,0.000175882,8190,-5.05287,0,-3.38436
2360.68,0.0176034,0.000176034,8191,-5.06485,0,-3.37147
2359.66,0.0176186,0.000176186,8192,-5.07681,0,-3.35853
2358.63,0.0176339,0.000176339,8193,-5.08874,0,-3.34555
2357.61,0.0176492,0.000176492,8194,-5.10066,0,-3.33252
2356.58,0.0176646,0.000176646,8195,-5.11255,0,-3.31946
2355.55,0.01768,0.0001768,8196,-5.12441,0,-3.30635
2354.52,0.0176955,0.000176955,8197,-5.13626,0,-3.2932
2353.49,0.0177111,0.000177111,8198,-5.14807,0,-3.28001
2352.45,0.0177267,0.000177267,8199,-5.15987,0,-3.26678
2351.41,0.0177424,0.000177424,8200,-5.17164,0,-3.25351
2350.37,0.0177581,0.000177581,8201,-5.18339,0,-3.24019
2349.33,0.0177739,0.000177739,8202,-5.19512,0,-3.22683
2348.28,0.0177897,0.000177897,8203,-5.20682,0,-3.21343
2347.23,0.0178056,0.000178056,8204,-5.21849,0,-3.19999
2346.18,0.0178215,0.000178215,8205,-5.23014,0,-3.18651
2345.13,0.0178376,0.000178376,8206,-5.24177,0,-3.17298
2344.07,0.0178536,0.000178536,8207,-5.25337,0,-3.15941
2343.02,0.0178697,0.000178697,8208,-5.26495,0,-3.1458
2341.96,0.0178859,0.000178859,8209,-5.27651,0,-3.13214
2340.89,0.0179021,0.000179022,8210,-5.28803,0,-3.11845
2339.83,0.0179184,0.000179184,8211,-5.29954,0,-3.10471
2338.76,0.0179348,0.000179348,8212,-5.31101,0,-3.09093
2337.69,0.0179512,0.000179512,8213,-5.32247,0,-3.0771
2336.62,0.0179677,0.000179677,8214,-5.33389,0,-3.06324
2335.55,0.0179842,0.000179842,8215,-5.34529,0,-3.04933
2334.47,0.0180008,0.000180008,8216,-5.35667,0,-3.03538
2333.4,0.0180174,0.000180174,8217,-5.36802,0,-3.02138
2332.32,0.0180341,0.000180341,8218,-5.37934,0,-3.00735
2331.23,0.0180509,0.000180509,8219,-5.39064,0,-2.99327
2330.15,0.0180677,0.000180677,8220,-5.40191,0,-2.97915
2329.06,0.0180845,0.000180845,8221,-5.41315,0,-2.96498
2327.97,0.0181015,0.000181015,8222,-5.42437,0,-2.95078
2326.88,0.0181185,0.000181185,8223,-5.43556,0,-2.93653
2325.79,0.0181355,0.000181355,8224,-5.44672,0,-2.92223
2324.69,0.0181526,0.000181526,8225,-5.45786,0,-2.9079
2323.59,0.0181698,0.000181698,8226,-5.46897,0,-2.89352
2322.49,0.018187,0.00018187,8227,-5.48005,0,-2.8791
2321.39,0.0182043,0.000182043,8228,-5.4911,0,-2.86463
2320.28,0.0182216,0.000182216,8229,-5.50213,0,-2.85013
2319.18,0.018239,0.00018239,8230,-5.51312,0,-2.83558
2318.07,0.0182565,0.000182565,8231,-5.5241,0,-2.82098
2316.96,0.018274,0.00018274,8232,-5.53504,0,-2.80635
2315.84,0.0182916,0.000182916,8233,-5.54595,0,-2.79167
2314.73,0.0183092,0.000183092,8234,-5.55683,0,-2.77694
2313.61,0.0183269,0.000183269,8235,-5.56769,0,-2.76218
2312.49,0.0183447,0.000183447,8236,-5.57852,0,-2.74737
2311.37,0.0183625,0.000183625,8237,-5.58932,0,-2.73252
2310.24,0.0183804,0.000183804,8238,-5.60009,0,-2.71762
2309.12,0.0183983,0.000183983,8239,-5.61083,0,-2.70268
2307.99,0.0184163,0.000184163,8240,-5.62154,0,-2.6877
2306.86,0.0184344,0.000184344,8241,-5.63222,0,-2.67268
2305.72,0.0184525,0.000184525,8242,-5.64287,0,-2.65761
2304.59,0.0184707,0.000184707,8243,-5.65349,0,-2.6425
2303.45,0.0184889,0.000184889,8244,-5.66408,0,-2.62734
2302.31,0.0185072,0.000185072,8245,-5.67464,0,-2.61215
2301.17,0.0185256,0.000185256,8246,-5.68517,0,-2.5969
2300.03,0.018544,0.00018544,8247,-5.69567,0,-2.58162
2298.88,0.0185625,0.000185625,8248,-5.70614,0,-2.56629
2297.73,0.018581,0.00018581,8249,-5.71658,0,-2.55092
2296.58,0.0185996,0.000185996,8250,-5.72698,0,-2.5355
2295.43,0.0186183,0.000186183,8251,-5.73736,0,-2.52004
2294.28,0.0186371,0.000186371,8252,-5.7477,0,-2.50454
2293.12,0.0186558,0.000186558,8253,-5.75802,0,-2.48899
2291.96,0.0186747,0.000186747,8254,-5.7683,0,-2.4734
2290.8,0.0186936,0.000186936,8255,-5.77855,0,-2.45777
2289.64,0.0187126,0.000187126,8256,-5.78876,0,-2.44209
2288.48,0.0187316,0.000187316,8257,-5.79895,0,-2.42637
2287.31,0.0187508,0.000187508,8258,-5.8091,0,-2.41061
2286.14,0.0187699,0.000187699,8259,-5.81922,0,-2.3948
2284.97,0.0187892,0.000187892,8260,-5.82931,0,-2.37895
2283.8,0.0188084,0.000188084,8261,-5.83936,0,-2.36305
2282.63,0.0188278,0.000188278,8262,-5.84938,0,-2.34711
2281.45,0.0188472,0.000188472,8263,-5.85937,0,-2.33113
2280.27,0.0188667,0.000188667,8264,-5.86932,0,-2.3151
2279.09,0.0188862,0.000188862,8265,-5.87924,0,-2.29903
2277.91,0.0189058,0.000189058,8266,-5.88913,0,-2.28292
2276.73,0.0189255,0.000189255,8267,-5.89898,0,-2.26676
2275.54,0.0189452,0.000189452,8268,-5.9088,0,-2.25055
2274.35,0.018965,0.00018965,8269,-5.91859,0,-2.23431
2273.16,0.0189849,0.000189849,8270,-5.92833,0,-2.21802
2271.97,0.0190048,0.000190048,8271,-5.93805,0,-2.20168
2270.78,0.0190248,0.000190248,8272,-5.94773,0,-2.18531
2269.58,0.0190449,0.000190449,8273,-5.95737,0,-2.16888
2268.38,0.019065,0.00019065,8274,-5.96698,0,-2.15242
2267.18,0.0190852,0.000190852,8275,-5.97656,0,-2.13591
2265.98,0.0191054,0.000191054,8276,-5.9861,0,-2.11935
2264.78,0.0191257,0.000191257,8277,-5.9956,0,-2.10276
2263.57,0.0191461,0.000191461,8278,-6.00506,0,-2.08611
2262.37,0.0191665,0.000191665,8279,-6.01449,0,-2.06943
2261.16,0.019187,0.00019187,8280,-6.02389,0,-2.0527
2259.95,0.0192076,0.000192076,8281,-6.03325,0,-2.03592
2258.73,0.0192282,0.000192282,8282,-6.04257,0,-2.0191
2257.52,0.0192489,0.000192489,8283,-6.05185,0,-2.00224
2256.3,0.0192697,0.000192697,8284,-6.0611,0,-1.98534
2255.08,0.0192905,0.000192905,8285,-6.0703,0,-1.96838
2253.86,0.0193114,0.000193114,8286,-6.07948,0,-1.95139
2252.64,0.0193324,0.000193324,8287,-6.08861,0,-1.93435
2251.42,0.0193534,0.000193534,8288,-6.09771,0,-1.91727
2250.19,0.0193745,0.000193745,8289,-6.10676,0,-1.90014
2248.97,0.0193956,0.000193956,8290,-6.11578,0,-1.88297
2247.74,0.0194168,0.000194168,8291,-6.12476,0,-1.86576
2246.51,0.0194381,0.000194381,8292,-6.1337,0,-1.8485
2245.27,0.0194595,0.000194595,8293,-6.14261,0,-1.83119
2244.04,0.0194809,0.000194809,8294,-6.15147,0,-1.81384
2242.8,0.0195024,0.000195024,8295,-6.16029,0,-1.79645
2241.56,0.0195239,0.000195239,8296,-6.16908,0,-1.77902
2240.32,0.0195455,0.000195455,8297,-6.17782,0,-1.76154
2239.08,0.0195672,0.000195672,8298,-6.18653,0,-1.74401
2237.84,0.0195889,0.000195889,8299,-6.19519,0,-1.72644
2236.59,0.0196108,0.000196108,8300,-6.20382,0,-1.70883
2235.35,0.0196326,0.000196326,8301,-6.2124,0,-1.69117
2234.1,0.0196546,0.000196546,8302,-6.22094,0,-1.67347
2232.85,0.0196766,0.000196766,8303,-6.22945,0,-1.65573
2231.6,0.0196987,0.000196987,8304,-6.23791,0,-1.63794
2230.34,0.0197208,0.000197208,8305,-6.24633,0,-1.62011
2229.09,0.019743,0.00019743,8306,-6.2547,0,-1.60223
2227.83,0.0197653,0.000197653,8307,-6.26304,0,-1.58431
2226.57,0.0197877,0.000197877,8308,-6.27133,0,-1.56634
2225.31,0.0198101,0.000198101,8309,-6.27959,0,-1.54833
2224.05,0.0198326,0.000198326,8310,-6.28779,0,-1.53028
2222.79,0.0198551,0.000198551,8311,-6.29596,0,-1.51218
2221.53,0.0198777,0.000198777,8312,-6.30408,0,-1.49404
2220.26,0.0199004,0.000199004,8313,-6.31216,0,-1.47585
2218.99,0.0199232,0.000199232,8314,-6.3202,0,-1.45762
2217.72,0.019946,0.00019946,8315,-6.32819,0,-1.43935
2216.45,0.0199689,0.000199689,8316,-6.33614,0,-1.42103
2215.18,0.0199918,0.000199918,8317,-6.34405,0,-1.40267
2213.9,0.0200148,0.000200148,8318,-6.35191,0,-1.38426
2212.63,0.0200379,0.000200379,8319,-6.35973,0,-1.36581
2211.35,0.0200611,0.000200611,8320,-6.3675,0,-1.34732
2210.07,0.0200843,0.000200843,8321,-6.37522,0,-1.32878
2208.79,0.0201076,0.000201076,8322,-6.38291,0,-1.31019
2207.51,0.020131,0.00020131,8323,-6.39054,0,-1.29157
2206.22,0.0201544,0.000201544,8324,-6.39813,0,-1.2729
2204.94,0.0201779,0.000201779,8325,-6.40568,0,-1.25418
2203.65,0.0202015,0.000202015,8326,-6.41318,0,-1.23542
2202.36,0.0202251,0.000202251,8327,-6.42063,0,-1.21662
2201.07,0.0202488,0.000202488,8328,-6.42804,0,-1.19778
2199.78,0.0202726,0.000202726,8329,-6.43539,0,-1.17889
2198.49,0.0202964,0.000202964,8330,-6.44271,0,-1.15995
2197.2,0.0203203,0.000203203,8331,-6.44997,0,-1.14098
2195.9,0.0203443,0.000203443,8332,-6.45719,0,-1.12196
2194.61,0.0203684,0.000203684,8333,-6.46436,0,-1.10289
2193.31,0.0203925,0.000203925,8334,-6.47148,0,-1.08378
2192.01,0.0204167,0.000204167,8335,-6.47855,0,-1.06463
2190.71,0.0204409,0.000204409,8336,-6.48558,0,-1.04543
2189.4,0.0204653,0.000204653,8337,-6.49255,0,-1.02619
2188.1,0.0204897,0.000204897,8338,-6.49948,0,-1.00691
2186.79,0.0205141,0.000205141,8339,-6.50636,0,-0.987585
2185.49,0.0205387,0.000205387,8340,-6.51319,0,-0.968214
2184.18,0.0205633,0.000205633,8341,-6.51997,0,-0.948801
2182.87,0.0205879,0.000205879,8342,-6.5267,0,-0.929344
2181.56,0.0206127,0.000206127,8343,-6.53338,0,-0.909843
2180.25,0.0206375,0.000206375,8344,-6.54,0,-0.890299
2178.94,0.0206624,0.000206624,8345,-6.54658,0,-0.870712
2177.62,0.0206873,0.000206873,8346,-6.55311,0,-0.851081
2176.31,0.0207123,0.000207123,8347,-6.55959,0,-0.831407
2174.99,0.0207374,0.000207374,8348,-6.56601,0,-0.81169
2173.67,0.0207626,0.000207626,8349,-6.57238,0,-0.79193
2172.35,0.0207878,0.000207878,8350,-6.5787,0,-0.772126
2171.03,0.0208131,0.000208131,8351,-6.58497,0,-0.752279
2169.71,0.0208385,0.000208385,8352,-6.59119,0,-0.73239
2168.39,0.0208639,0.000208639,8353,-6.59735,0,-0.712457
2167.06,0.0208894,0.000208894,8354,-6.60346,0,-0.692481
2165.74,0.020915,0.00020915,8355,-6.60952,0,-0.672463
2164.41,0.0209407,0.000209407,8356,-6.61553,0,-0.652401
2163.08,0.0209664,0.000209664,8357,-6.62148,0,-0.632297
2161.75,0.0209922,0.000209922,8358,-6.62737,0,-0.61215
2160.42,0.0210181,0.000210181,8359,-6.63321,0,-0.59196
2159.09,0.021044,0.00021044,8360,-6.639,0,-0.571728
2157.76,0.02107,0.0002107,8361,-6.64474,0,-0.551453
2156.42,0.0210961,0.000210961,8362,-6.65041,0,-0.531135
2155.09,0.0211222,0.000211222,8363,-6.65604,0,-0.510776
2153.75,0.0211484,0.000211484,8364,-6.6616,0,-0.490373
2152.42,0.0211747,0.000211747,8365,-6.66712,0,-0.469928
2151.08,0.021201,0.00021201,8366,-6.67257,0,-0.449441
2149.74,0.0212275,0.000212275,8367,-6.67797,0,-0.428912
2148.4,0.021254,0.00021254,8368,-6.68331,0,-0.40834
2147.06,0.0212805,0.000212805,8369,-6.6886,0,-0.387726
2145.71,0.0213072,0.000213072,8370,-6.69383,0,-0.367071
2144.37,0.0213339,0.000213339,8371,-6.699,0,-0.346373
2143.03,0.0213606,0.000213606,8372,-6.70411,0,-0.325633
2141.68,0.0213875,0.000213875,8373,-6.70917,0,-0.304852
2140.33,0.0214144,0.000214144,8374,-6.71416,0,-0.284029
2138.99,0.0214414,0.000214414,8375,-6.7191,0,-0.263164
2137.64,0.0214684,0.000214684,8376,-6.72398,0,-0.242257
2136.29,0.0214956,0.000214956,8377,-6.7288,0,-0.221309
2134.94,0.0215228,0.000215228,8378,-6.73356,0,-0.20032
2133.59,0.02155,0.0002155,8379,-6.73826,0,-0.179289
2132.24,0.0215774,0.000215774,8380,-6.74291,0,-0.158217
2130.88,0.0216048,0.000216048,8381,-6.74749,0,-0.137103
2129.53,0.0216323,0.000216323,8382,-6.75201,0,-0.115949
2128.17,0.0216598,0.000216598,8383,-6.75647,0,-0.0947531
2126.82,0.0216874,0.000216874,8384,-6.76087,0,-0.0735165
2125.46,0.0217151,0.000217151,8385,-6.76521,0,-0.0522391
2124.1,0.0217429,0.000217429,8386,-6.76948,0,-0.0309209
2122.75,0.0217707,0.000217707,8387,-6.7737,0,-0.00956194
2121.39,0.0217986,0.000217986,8388,-6.77785,0,0.0118376
2120.03,0.0218266,0.000218266,8389,-6.78194,0,0.0332776
2118.67,0.0218546,0.000218546,8390,-6.78597,0,0.0547581
2117.31,0.0218828,0.000218828,8391,-6.78993,0,0.0762788
2115.94,0.0219109,0.000219109,8392,-6.79383,0,0.0978398
2114.58,0.0219392,0.000219392,8393,-6.79767,0,0.119441
2113.22,0.0219675,0.000219675,8394,-6.80144,0,0.141082
2111.85,0.0219959,0.000219959,8395,-6.80515,0,0.162763
2110.49,0.0220244,0.000220244,8396,-6.80879,0,0.184484
2109.12,0.0220529,0.000220529,8397,-6.81237,0,0.206244
2107.75,0.0220815,0.000220815,8398,-6.81589,0,0.228044
2106.39,0.0221102,0.000221102,8399,-6.81933,0,0.249884
2105.02,0.0221389,0.000221389,8400,-6.82272,0,0.271763
2103.65,0.0221678,0.000221678,8401,-6.82603,0,0.293681
2102.28,0.0221966,0.000221966,8402,-6.82929,0,0.315638
2100.91,0.0222256,0.000222256,8403,-6.83247,0,0.337635
2099.54,0.0222546,0.000222546,8404,-6.83559,0,0.35967
2098.17,0.0222837,0.000222837,8405,-6.83864,0,0.381744
2096.8,0.0223129,0.000223129,8406,-6.84162,0,0.403857
2095.43,0.0223421,0.000223421,8407,-6.84453,0,0.426008
2094.05,0.0223714,0.000223714,8408,-6.84738,0,0.448197
2092.68,0.0224008,0.000224008,8409,-6.85016,0,0.470425
2091.31,0.0224302,0.000224302,8410,-6.85287,0,0.492691
2089.93,0.0224597,0.000224597,8411,-6.85551,0,0.514995
2088.56,0.0224893,0.000224893,8412,-6.85808,0,0.537337
2087.18,0.022519,0.00022519,8413,-6.86058,0,0.559717
2085.81,0.0225487,0.000225487,8414,-6.86301,0,0.582134
2084.43,0.0225785,0.000225785,8415,-6.86537,0,0.604588
2083.05,0.0226083,0.000226083,8416,-6.86766,0,0.62708
2081.68,0.0226383,0.000226383,8417,-6.86988,0,0.64961
2080.3,0.0226682,0.000226682,8418,-6.87203,0,0.672176
2078.92,0.0226983,0.000226983,8419,-6.87411,0,0.694779
2077.54,0.0227284,0.000227284,8420,-6.87612,0,0.717419
2076.16,0.0227586,0.000227586,8421,-6.87805,0,0.740095
2074.78,0.0227889,0.000227889,8422,-6.87991,0,0.762808
2073.4,0.0228192,0.000228192,8423,-6.8817,0,0.785557
2072.02,0.0228496,0.000228496,8424,-6.88341,0,0.808342
2070.64,0.0228801,0.000228801,8425,-6.88505,0,0.831163
2069.26,0.0229106,0.000229106,8426,-6.88662,0,0.85402
2067.88,0.0229412,0.000229412,8427,-6.88811,0,0.876913
2066.5,0.0229719,0.000229719,8428,-6.88953,0,0.899841
2065.12,0.0230027,0.000230027,8429,-6.89088,0,0.922804
2063.74,0.0230335,0.000230335,8430,-6.89215,0,0.945803
2062.36,0.0230643,0.000230643,8431,-6.89334,0,0.968836
2060.98,0.0230953,0.000230953,8432,-6.89446,0,0.991904
2059.59,0.0231263,0.000231263,8433,-6.8955,0,1.01501
2058.21,0.0231574,0.000231574,8434,-6.89647,0,1.03814
2056.83,0.0231885,0.000231885,8435,-6.89736,0,1.06132
2055.45,0.0232197,0.000232197,8436,-6.89817,0,1.08452
2054.06,0.023251,0.00023251,8437,-6.89891,0,1.10776
2052.68,0.0232823,0.000232823,8438,-6.89957,0,1.13103
2051.3,0.0233137,0.000233137,8439,-6.90015,0,1.15434
2049.91,0.0233452,0.000233452,8440,-6.90065,0,1.17768
2048.53,0.0233767,0.000233767,8441,-6.90108,0,1.20105
2047.15,0.0234083,0.000234083,8442,-6.90142,0,1.22446
2045.77,0.02344,0.0002344,8443,-6.90169,0,1.2479
2044.38,0.0234717,0.000234717,8444,-6.90187,0,1.27137
2043,0.0235035,0.000235035,8445,-6.90198,0,1.29487
2041.62,0.0235354,0.000235354,8446,-6.90201,0,1.31841
2040.23,0.0235673,0.000235673,8447,-6.90195,0,1.34197
2038.85,0.0235993,0.000235993,8448,-6.90182,0,1.36557
2037.47,0.0236314,0.000236314,8449,-6.9016,0,1.3892
2036.08,0.0236635,0.000236635,8450,-6.9013,0,1.41286
2034.7,0.0236956,0.000236956,8451,-6.90092,0,1.43656
2033.32,0.0237279,0.000237279,8452,-6.90046,0,1.46028
2031.93,0.0237602,0.000237602,8453,-6.89992,0,1.48403
2030.55,0.0237926,0.000237926,8454,-6.89929,0,1.50782
2029.17,0.023825,0.00023825,8455,-6.89858,0,1.53163
2027.79,0.0238575,0.000238575,8456,-6.89779,0,1.55548
2026.4,0.02389,0.0002389,8457,-6.89691,0,1.57935
2025.02,0.0239227,0.000239227,8458,-6.89595,0,1.60325
2023.64,0.0239554,0.000239554,8459,-6.89491,0,1.62719
2022.26,0.0239881,0.000239881,8460,-6.89378,0,1.65115
2020.88,0.0240209,0.000240209,8461,-6.89256,0,1.67514
2019.5,0.0240538,0.000240538,8462,-6.89126,0,1.69916
2018.12,0.0240867,0.000240867,8463,-6.88987,0,1.7232
2016.74,0.0241197,0.000241197,8464,-6.8884,0,1.74728
2015.36,0.0241527,0.000241527,8465,-6.88684,0,1.77138
2013.98,0.0241858,0.000241858,8466,-6.8852,0,1.79551
2012.6,0.024219,0.00024219,8467,-6.88346,0,1.81967
2011.22,0.0242522,0.000242522,8468,-6.88164,0,1.84385
2009.84,0.0242855,0.000242855,8469,-6.87974,0,1.86806
2008.46,0.0243188,0.000243188,8470,-6.87774,0,1.8923
2007.08,0.0243522,0.000243522,8471,-6.87566,0,1.91656
2005.71,0.0243857,0.000243857,8472,-6.87348,0,1.94085
2004.33,0.0244192,0.000244192,8473,-6.87122,0,1.96516
2002.95,0.0244528,0.000244528,8474,-6.86887,0,1.9895
2001.58,0.0244864,0.000244864,8475,-6.86643,0,2.01387
2000.2,0.0245201,0.000245201,8476,-6.8639,0,2.03826
1998.83,0.0245538,0.000245538,8477,-6.86128,0,2.06267
1997.45,0.0245876,0.000245876,8478,-6.85856,0,2.08711
1996.08,0.0246215,0.000246215,8479,-6.85576,0,2.11157
1994.7,0.0246554,0.000246554,8480,-6.85286,0,2.13605
1993.33,0.0246894,0.000246894,8481,-6.84988,0,2.16056
1991.96,0.0247234,0.000247234,8482,-6.8468,0,2.18509
1990.59,0.0247575,0.000247574,8483,-6.84363,0,2.20965
1989.22,0.0247916,0.000247916,8484,-6.84037,0,2.23422
1987.85,0.0248258,0.000248258,8485,-6.83701,0,2.25882
1986.48,0.02486,0.0002486,8486,-6.83356,0,2.28344
1985.11,0.0248943,0.000248943,8487,-6.83002,0,2.30808
1983.74,0.0249286,0.000249286,8488,-6.82638,0,2.33274
1982.38,0.024963,0.00024963,8489,-6.82265,0,2.35743
1981.01,0.0249975,0.000249975,8490,-6.81882,0,2.38213
1979.64,0.025032,0.00025032,8491,-6.8149,0,2.40685
1978.28,0.0250665,0.000250665,8492,-6.81088,0,2.43159
1976.92,0.0251011,0.000251011,8493,-6.80677,0,2.45636
1975.55,0.0251357,0.000251357,8494,-6.80256,0,2.48114
1974.19,0.0251704,0.000251704,8495,-6.79825,0,2.50594
1972.83,0.0252052,0.000252052,8496,-6.79385,0,2.53075
1971.47,0.02524,0.0002524,8497,-6.78935,0,2.55559
1970.11,0.0252748,0.000252748,8498,-6.78476,0,2.58044
1968.75,0.0253097,0.000253097,8499,-6.78006,0,2.60531
1967.39,0.0253446,0.000253446,8500,-6.77527,0,2.6302
1966.04,0.0253796,0.000253796,8501,-6.77038,0,2.65511
1964.68,0.0254146,0.000254146,8502,-6.76539,0,2.68003
1963.33,0.0254497,0.000254497,8503,-6.76031,0,2.70496
1961.98,0.0254848,0.000254848,8504,-6.75512,0,2.72991
1960.62,0.02552,0.0002552,8505,-6.74983,0,2.75488
1959.27,0.0255552,0.000255552,8506,-6.74445,0,2.77986
1957.92,0.0255905,0.000255905,8507,-6.73896,0,2.80486
1956.57,0.0256258,0.000256258,8508,-6.73338,0,2.82987
1955.23,0.0256611,0.000256611,8509,-6.72769,0,2.85489
1953.88,0.0256965,0.000256965,8510,-6.7219,0,2.87993
1952.53,0.0257319,0.000257319,8511,-6.71601,0,2.90497
1951.19,0.0257674,0.000257674,8512,-6.71002,0,2.93003
1949.85,0.0258029,0.000258029,8513,-6.70393,0,2.95511
1948.5,0.0258384,0.000258384,8514,-6.69773,0,2.98019
1947.16,0.025874,0.00025874,8515,-6.69143,0,3.00529
1945.82,0.0259097,0.000259096,8516,-6.68503,0,3.03039
1944.49,0.0259453,0.000259453,8517,-6.67852,0,3.05551
1943.15,0.025981,0.00025981,8518,-6.67191,0,3.08064
1941.82,0.0260168,0.000260168,8519,-6.6652,0,3.10577
1940.48,0.0260525,0.000260525,8520,-6.65838,0,3.13092
1939.15,0.0260883,0.000260883,8521,-6.65146,0,3.15607
1937.82,0.0261242,0.000261242,8522,-6.64444,0,3.18123
1936.49,0.0261601,0.000261601,8523,-6.63731,0,3.2064
1935.16,0.026196,0.00026196,8524,-6.63007,0,3.23158
1933.83,0.0262319,0.000262319,8525,-6.62273,0,3.25676
1932.51,0.0262679,0.000262679,8526,-6.61528,0,3.28195
1931.19,0.0263039,0.000263039,8527,-6.60772,0,3.30715
1929.86,0.02634,0.0002634,8528,-6.60006,0,3.33235
1928.54,0.0263761,0.000263761,8529,-6.59229,0,3.35755
1927.22,0.0264122,0.000264122,8530,-6.58442,0,3.38277
1925.91,0.0264483,0.000264483,8531,-6.57643,0,3.40798
1924.59,0.0264845,0.000264845,8532,-6.56834,0,3.4332
1923.28,0.0265207,0.000265207,8533,-6.56014,0,3.45842
1921.97,0.0265569,0.000265569,8534,-6.55184,0,3.48364
1920.65,0.0265932,0.000265932,8535,-6.54342,0,3.50887
1919.35,0.0266295,0.000266295,8536,-6.53489,0,3.5341
1918.04,0.0266658,0.000266658,8537,-6.52626,0,3.55933
1916.73,0.0267021,0.000267021,8538,-6.51752,0,3.58456
1915.43,0.0267385,0.000267385,8539,-6.50866,0,3.60979
1914.13,0.0267749,0.000267749,8540,-6.4997,0,3.63502
1912.83,0.0268113,0.000268113,8541,-6.49063,0,3.66025
1911.53,0.0268477,0.000268477,8542,-6.48144,0,3.68547
1910.23,0.0268841,0.000268841,8543,-6.47215,0,3.7107
1908.94,0.0269206,0.000269206,8544,-6.46274,0,3.73592
1907.65,0.0269571,0.000269571,8545,-6.45322,0,3.76115
1906.36,0.0269936,0.000269936,8546,-6.44359,0,3.78636
1905.07,0.0270301,0.000270301,8547,-6.43385,0,3.81158
1903.78,0.0270667,0.000270667,8548,-6.424,0,3.83679
1902.5,0.0271032,0.000271032,8549,-6.41403,0,3.86199
1901.21,0.0271398,0.000271398,8550,-6.40395,0,3.88719
1899.93,0.0271764,0.000271764,8551,-6.39376,0,3.91238
1898.65,0.027213,0.00027213,8552,-6.38346,0,3.93757
1897.38,0.0272497,0.000272497,8553,-6.37304,0,3.96275
1896.1,0.0272863,0.000272863,8554,-6.36251,0,3.98792
1894.83,0.0273229,0.000273229,8555,-6.35186,0,4.01309
1893.56,0.0273596,0.000273596,8556,-6.3411,0,4.03824
1892.29,0.0273963,0.000273963,8557,-6.33023,0,4.06339
1891.03,0.027433,0.00027433,8558,-6.31924,0,4.08852
1889.77,0.0274696,0.000274696,8559,-6.30814,0,4.11365
1888.5,0.0275063,0.000275063,8560,-6.29692,0,4.13876
1887.25,0.027543,0.00027543,8561,-6.28559,0,4.16387
1885.99,0.0275798,0.000275798,8562,-6.27414,0,4.18896
1884.74,0.0276165,0.000276165,8563,-6.26257,0,4.21404
1883.48,0.0276532,0.000276532,8564,-6.25089,0,4.2391
1882.23,0.0276899,0.000276899,8565,-6.23909,0,4.26415
1880.99,0.0277266,0.000277266,8566,-6.22718,0,4.28919
1879.74,0.0277634,0.000277634,8567,-6.21515,0,4.31421
1878.5,0.0278001,0.000278001,8568,-6.203,0,4.33922
1877.26,0.0278368,0.000278368,8569,-6.19074,0,4.36421
1876.02,0.0278736,0.000278736,8570,-6.17836,0,4.38918
1874.79,0.0279103,0.000279103,8571,-6.16586,0,4.41413
1873.56,0.027947,0.00027947,8572,-6.15325,0,4.43907
1872.33,0.0279837,0.000279837,8573,-6.14051,0,4.46399
1871.1,0.0280204,0.000280204,8574,-6.12766,0,4.48889
1869.88,0.0280571,0.000280571,8575,-6.11469,0,4.51377
1868.65,0.0280938,0.000280938,8576,-6.1016,0,4.53863
1867.44,0.0281305,0.000281305,8577,-6.0884,0,4.56347
1866.22,0.0281672,0.000281672,8578,-6.07507,0,4.58828
1865.01,0.0282039,0.000282039,8579,-6.06163,0,4.61308
1863.79,0.0282405,0.000282405,8580,-6.04807,0,4.63785
1862.59,0.0282772,0.000282772,8581,-6.03438,0,4.66259
1861.38,0.0283138,0.000283138,8582,-6.02058,0,4.68732
1860.18,0.0283505,0.000283505,8583,-6.00666,0,4.71201
1858.98,0.0283871,0.000283871,8584,-5.99262,0,4.73668
1857.78,0.0284237,0.000284237,8585,-5.97846,0,4.76133
1856.59,0.0284602,0.000284602,8586,-5.96418,0,4.78595
1855.4,0.0284968,0.000284968,8587,-5.94978,0,4.81054
1854.21,0.0285333,0.000285333,8588,-5.93526,0,4.8351
1853.02,0.0285698,0.000285698,8589,-5.92062,0,4.85963
1851.84,0.0286063,0.000286063,8590,-5.90586,0,4.88414
1850.66,0.0286428,0.000286428,8591,-5.89098,0,4.90861
1849.48,0.0286793,0.000286793,8592,-5.87597,0,4.93305
1848.31,0.0287157,0.000287157,8593,-5.86085,0,4.95747
1847.14,0.0287521,0.000287521,8594,-5.84561,0,4.98184
1845.97,0.0287885,0.000287885,8595,-5.83024,0,5.00619
1844.81,0.0288248,0.000288248,8596,-5.81476,0,5.0305
1843.65,0.0288611,0.000288611,8597,-5.79915,0,5.05478
1842.49,0.0288974,0.000288974,8598,-5.78342,0,5.07902
1841.34,0.0289337,0.000289337,8599,-5.76757,0,5.10323
1840.18,0.0289699,0.000289699,8600,-5.7516,0,5.1274
1839.04,0.0290061,0.000290061,8601,-5.73551,0,5.15153
1837.89,0.0290422,0.000290422,8602,-5.71929,0,5.17562
1836.75,0.0290783,0.000290783,8603,-5.70295,0,5.19968
1835.61,0.0291144,0.000291144,8604,-5.6865,0,5.22369
1834.48,0.0291504,0.000291504,8605,-5.66992,0,5.24767
1833.34,0.0291864,0.000291864,8606,-5.65321,0,5.2716
1832.22,0.0292224,0.000292224,8607,-5.63639,0,5.2955
1831.09,0.0292583,0.000292583,8608,-5.61945,0,5.31935
1829.97,0.0292942,0.000292942,8609,-5.60238,0,5.34316
1828.85,0.02933,0.0002933,8610,-5.58519,0,5.36692
1827.74,0.0293658,0.000293658,8611,-5.56788,0,5.39064
1826.63,0.0294015,0.000294015,8612,-5.55044,0,5.41432
1825.52,0.0294372,0.000294372,8613,-5.53289,0,5.43795
1824.41,0.0294729,0.000294729,8614,-5.51521,0,5.46153
1823.31,0.0295084,0.000295084,8615,-5.49741,0,5.48506
1822.22,0.029544,0.00029544,8616,-5.47948,0,5.50855
1821.12,0.0295795,0.000295795,8617,-5.46144,0,5.53199
1820.03,0.0296149,0.000296149,8618,-5.44327,0,5.55538
1818.95,0.0296503,0.000296503,8619,-5.42498,0,5.57871
1817.87,0.0296856,0.000296856,8620,-5.40657,0,5.602
1816.79,0.0297208,0.000297208,8621,-5.38804,0,5.62523
1815.71,0.029756,0.00029756,8622,-5.36938,0,5.64842
1814.64,0.0297911,0.000297911,8623,-5.3506,0,5.67154
1813.57,0.0298262,0.000298262,8624,-5.3317,0,5.69462
1812.51,0.0298612,0.000298612,8625,-5.31268,0,5.71764
1811.45,0.0298962,0.000298962,8626,-5.29354,0,5.7406
1810.4,0.029931,0.00029931,8627,-5.27427,0,5.76351
1809.34,0.0299658,0.000299658,8628,-5.25488,0,5.78635
1808.3,0.0300006,0.000300006,8629,-5.23537,0,5.80914
1807.25,0.0300353,0.000300353,8630,-5.21574,0,5.83188
1806.21,0.0300699,0.000300699,8631,-5.19599,0,5.85455
1805.18,0.0301044,0.000301044,8632,-5.17612,0,5.87716
1804.14,0.0301388,0.000301388,8633,-5.15612,0,5.89971
1803.12,0.0301732,0.000301732,8634,-5.136,0,5.9222
1802.09,0.0302075,0.000302075,8635,-5.11577,0,5.94463
1801.07,0.0302417,0.000302417,8636,-5.09541,0,5.96699
1800.06,0.0302758,0.000302758,8637,-5.07493,0,5.98928
1799.05,0.0303099,0.000303099,8638,-5.05432,0,6.01152
1798.04,0.0303439,0.000303439,8639,-5.0336,0,6.03368
1797.04,0.0303777,0.000303777,8640,-5.01276,0,6.05578
1796.04,0.0304115,0.000304115,8641,-4.9918,0,6.07781
1795.04,0.0304453,0.000304453,8642,-4.97071,0,6.09978
1794.05,0.0304789,0.000304789,8643,-4.94951,0,6.12167
1793.07,0.0305124,0.000305124,8644,-4.92818,0,6.1435
1792.08,0.0305459,0.000305459,8645,-4.90674,0,6.16525
1791.11,0.0305792,0.000305792,8646,-4.88518,0,6.18693
1790.13,0.0306125,0.000306125,8647,-4.86349,0,6.20854
1789.16,0.0306456,0.000306456,8648,-4.84169,0,6.23008
1788.2,0.0306787,0.000306787,8649,-4.81977,0,6.25154
1787.24,0.0307117,0.000307117,8650,-4.79773,0,6.27292
1786.28,0.0307445,0.000307445,8651,-4.77557,0,6.29424
1785.33,0.0307773,0.000307773,8652,-4.75329,0,6.31547
1784.39,0.03081,0.000308099,8653,-4.73089,0,6.33663
1783.44,0.0308425,0.000308425,8654,-4.70838,0,6.35771
1782.51,0.030875,0.00030875,8655,-4.68575,0,6.37871
1781.57,0.0309073,0.000309073,8656,-4.663,0,6.39963
1780.65,0.0309395,0.000309395,8657,-4.64013,0,6.42047
1779.72,0.0309717,0.000309717,8658,-4.61714,0,6.44123
1778.8,0.0310037,0.000310037,8659,-4.59404,0,6.46191
1777.89,0.0310356,0.000310356,8660,-4.57082,0,6.4825
1776.98,0.0310674,0.000310674,8661,-4.54749,0,6.50301
1776.07,0.031099,0.00031099,8662,-4.52404,0,6.52344
1775.17,0.0311306,0.000311306,8663,-4.50047,0,6.54378
1774.28,0.031162,0.00031162,8664,-4.47679,0,6.56403
1773.39,0.0311934,0.000311934,8665,-4.45299,0,6.5842
1772.5,0.0312245,0.000312245,8666,-4.42908,0,6.60428
1771.62,0.0312556,0.000312556,8667,-4.40505,0,6.62427
1770.74,0.0312866,0.000312866,8668,-4.38091,0,6.64417
1769.87,0.0313174,0.000313174,8669,-4.35665,0,6.66398
1769.01,0.0313481,0.000313481,8670,-4.33228,0,6.6837
1768.14,0.0313786,0.000313786,8671,-4.3078,0,6.70332
1767.29,0.0314091,0.000314091,8672,-4.28321,0,6.72286
1766.43,0.0314394,0.000314394,8673,-4.2585,0,6.7423
1765.59,0.0314695,0.000314695,8674,-4.23368,0,6.76164
1764.75,0.0314996,0.000314996,8675,-4.20875,0,6.7809
1763.91,0.0315295,0.000315295,8676,-4.1837,0,6.80005
1763.08,0.0315592,0.000315592,8677,-4.15855,0,6.81911
1762.25,0.0315888,0.000315888,8678,-4.13328,0,6.83807
1761.43,0.0316183,0.000316183,8679,-4.10791,0,6.85693
1760.61,0.0316476,0.000316476,8680,-4.08242,0,6.8757
1759.8,0.0316768,0.000316768,8681,-4.05683,0,6.89436
1759,0.0317059,0.000317059,8682,-4.03112,0,6.91292
1758.19,0.0317348,0.000317348,8683,-4.00531,0,6.93138
1757.4,0.0317635,0.000317635,8684,-3.97939,0,6.94974
1756.61,0.0317921,0.000317921,8685,-3.95336,0,6.968
1755.82,0.0318206,0.000318206,8686,-3.92722,0,6.98615
1755.04,0.0318489,0.000318489,8687,-3.90098,0,7.00419
1754.27,0.031877,0.00031877,8688,-3.87463,0,7.02213
1753.5,0.031905,0.00031905,8689,-3.84818,0,7.03997
1752.73,0.0319328,0.000319328,8690,-3.82162,0,7.05769
1751.98,0.0319605,0.000319605,8691,-3.79495,0,7.07531
1751.22,0.031988,0.00031988,8692,-3.76818,0,7.09282
1750.47,0.0320153,0.000320153,8693,-3.74131,0,7.11022
1749.73,0.0320425,0.000320425,8694,-3.71433,0,7.12751
1748.99,0.0320695,0.000320695,8695,-3.68725,0,7.14469
1748.26,0.0320964,0.000320964,8696,-3.66007,0,7.16176
1747.54,0.0321231,0.000321231,8697,-3.63278,0,7.17871
1746.82,0.0321496,0.000321496,8698,-3.6054,0,7.19556
1746.1,0.0321759,0.000321759,8699,-3.57791,0,7.21228
1745.39,0.0322021,0.000322021,8700,-3.55032,0,7.22889
1744.69,0.0322281,0.000322281,8701,-3.52264,0,7.24539
1743.99,0.0322539,0.000322539,8702,-3.49485,0,7.26177
1743.29,0.0322796,0.000322796,8703,-3.46697,0,7.27803
1742.61,0.032305,0.00032305,8704,-3.43899,0,7.29417
1741.92,0.0323303,0.000323303,8705,-3.41091,0,7.3102
1741.25,0.0323554,0.000323554,8706,-3.38273,0,7.32611
1740.58,0.0323804,0.000323804,8707,-3.35446,0,7.34189
1739.91,0.0324051,0.000324051,8708,-3.32609,0,7.35755
1739.25,0.0324297,0.000324297,8709,-3.29763,0,7.3731
1738.6,0.0324541,0.000324541,8710,-3.26907,0,7.38852
1737.95,0.0324783,0.000324783,8711,-3.24042,0,7.40381
1737.31,0.0325023,0.000325023,8712,-3.21168,0,7.41899
1736.68,0.0325261,0.000325261,8713,-3.18284,0,7.43403
1736.05,0.0325497,0.000325497,8714,-3.15391,0,7.44896
1735.42,0.0325731,0.000325731,8715,-3.1249,0,7.46375
1734.8,0.0325963,0.000325963,8716,-3.09579,0,7.47842
1734.19,0.0326194,0.000326194,8717,-3.06659,0,7.49296
1733.58,0.0326422,0.000326422,8718,-3.0373,0,7.50738
1732.98,0.0326649,0.000326649,8719,-3.00792,0,7.52166
1732.39,0.0326873,0.000326873,8720,-2.97846,0,7.53582
1731.8,0.0327095,0.000327095,8721,-2.94891,0,7.54984
1731.21,0.0327316,0.000327316,8722,-2.91927,0,7.56374
1730.64,0.0327534,0.000327534,8723,-2.88955,0,7.5775
1730.07,0.0327751,0.000327751,8724,-2.85975,0,7.59113
1729.5,0.0327965,0.000327965,8725,-2.82985,0,7.60462
1728.94,0.0328177,0.000328177,8726,-2.79988,0,7.61799
1728.39,0.0328387,0.000328387,8727,-2.76982,0,7.63122
1727.84,0.0328595,0.000328595,8728,-2.73969,0,7.64431
1727.3,0.0328801,0.000328801,8729,-2.70947,0,7.65727
1726.77,0.0329005,0.000329005,8730,-2.67917,0,7.67009
1726.24,0.0329206,0.000329206,8731,-2.64879,0,7.68277
1725.71,0.0329406,0.000329406,8732,-2.61833,0,7.69532
1725.2,0.0329603,0.000329603,8733,-2.58779,0,7.70773
1724.69,0.0329798,0.000329798,8734,-2.55718,0,7.71999
1724.18,0.0329991,0.000329991,8735,-2.52649,0,7.73212
1723.68,0.0330182,0.000330182,8736,-2.49573,0,7.74411
1723.19,0.0330371,0.000330371,8737,-2.46489,0,7.75596
1722.71,0.0330557,0.000330557,8738,-2.43398,0,7.76767
1722.23,0.0330741,0.000330741,8739,-2.40299,0,7.77924
1721.75,0.0330923,0.000330923,8740,-2.37193,0,7.79066
1721.29,0.0331103,0.000331103,8741,-2.3408,0,7.80194
1720.83,0.033128,0.00033128,8742,-2.3096,0,7.81307
1720.37,0.0331455,0.000331455,8743,-2.27833,0,7.82407
1719.92,0.0331628,0.000331628,8744,-2.24699,0,7.83491
1719.48,0.0331799,0.000331799,8745,-2.21559,0,7.84561
1719.04,0.0331967,0.000331967,8746,-2.18411,0,7.85617
1718.62,0.0332133,0.000332133,8747,-2.15257,0,7.86658
1718.19,0.0332296,0.000332296,8748,-2.12097,0,7.87684
1717.78,0.0332458,0.000332458,8749,-2.0893,0,7.88696
1717.37,0.0332616,0.000332616,8750,-2.05756,0,7.89692
1716.96,0.0332773,0.000332773,8751,-2.02577,0,7.90674
1716.56,0.0332927,0.000332927,8752,-1.99391,0,7.91641
1716.17,0.0333079,0.000333079,8753,-1.96199,0,7.92593
1715.79,0.0333228,0.000333228,8754,-1.93001,0,7.9353
1715.41,0.0333375,0.000333375,8755,-1.89798,0,7.94452
1715.04,0.033352,0.00033352,8756,-1.86588,0,7.95358
1714.67,0.0333662,0.000333662,8757,-1.83373,0,7.9625
1714.31,0.0333802,0.000333802,8758,-1.80152,0,7.97126
1713.96,0.0333939,0.000333939,8759,-1.76925,0,7.97987
1713.61,0.0334074,0.000334074,8760,-1.73693,0,7.98833
1713.28,0.0334206,0.000334206,8761,-1.70456,0,7.99663
1712.94,0.0334336,0.000334336,8762,-1.67214,0,8.00478
1712.62,0.0334464,0.000334464,8763,-1.63966,0,8.01278
1712.3,0.0334589,0.000334589,8764,-1.60713,0,8.02062
1711.98,0.0334711,0.000334711,8765,-1.57456,0,8.02831
1711.68,0.0334831,0.000334831,8766,-1.54193,0,8.03584
1711.38,0.0334949,0.000334949,8767,-1.50926,0,8.04321
1711.08,0.0335064,0.000335064,8768,-1.47654,0,8.05043
1710.79,0.0335176,0.000335176,8769,-1.44377,0,8.05749
1710.51,0.0335286,0.000335286,8770,-1.41096,0,8.0644
1710.24,0.0335394,0.000335394,8771,-1.37811,0,8.07115
1709.97,0.0335499,0.000335499,8772,-1.34521,0,8.07773
1709.71,0.0335601,0.000335601,8773,-1.31227,0,8.08416
1709.46,0.0335701,0.000335701,8774,-1.2793,0,8.09044
1709.21,0.0335798,0.000335798,8775,-1.24628,0,8.09655
1708.97,0.0335893,0.000335893,8776,-1.21322,0,8.1025
1708.73,0.0335985,0.000335985,8777,-1.18012,0,8.1083
1708.51,0.0336074,0.000336074,8778,-1.14699,0,8.11393
1708.29,0.0336161,0.000336161,8779,-1.11383,0,8.11941
1708.07,0.0336246,0.000336246,8780,-1.08062,0,8.12472
1707.86,0.0336328,0.000336328,8781,-1.04739,0,8.12988
1707.66,0.0336407,0.000336407,8782,-1.01412,0,8.13487
1707.47,0.0336483,0.000336483,8783,-0.98082,0,8.1397
1707.28,0.0336557,0.000336557,8784,-0.94749,0,8.14437
1707.1,0.0336629,0.000336629,8785,-0.91413,0,8.14888
1706.93,0.0336697,0.000336697,8786,-0.880742,0,8.15322
1706.76,0.0336763,0.000336763,8787,-0.847326,0,8.1574
1706.6,0.0336827,0.000336827,8788,-0.813885,0,8.16142
1706.44,0.0336888,0.000336888,8789,-0.780417,0,8.16528
1706.3,0.0336946,0.000336946,8790,-0.746926,0,8.16898
1706.16,0.0337001,0.000337001,8791,-0.713411,0,8.17251
1706.02,0.0337054,0.000337054,8792,-0.679875,0,8.17588
1705.89,0.0337105,0.000337105,8793,-0.646317,0,8.17908
1705.77,0.0337152,0.000337152,8794,-0.612739,0,8.18212
1705.66,0.0337197,0.000337197,8795,-0.579142,0,8.185
1705.55,0.033724,0.00033724,8796,-0.545528,0,8.18771
1705.45,0.0337279,0.000337279,8797,-0.511896,0,8.19026
1705.36,0.0337316,0.000337316,8798,-0.478249,0,8.19265
1705.27,0.033735,0.00033735,8799,-0.444587,0,8.19487
1705.19,0.0337382,0.000337382,8800,-0.410912,0,8.19693
1705.12,0.0337411,0.000337411,8801,-0.377224,0,8.19882
1705.05,0.0337437,0.000337437,8802,-0.343524,0,8.20054
1704.99,0.0337461,0.000337461,8803,-0.309814,0,8.2021
1704.94,0.0337482,0.000337482,8804,-0.276095,0,8.2035
1704.89,0.03375,0.0003375,8805,-0.242367,0,8.20473
1704.85,0.0337516,0.000337516,8806,-0.208633,0,8.2058
1704.82,0.0337529,0.000337529,8807,-0.174892,0,8.2067
1704.8,0.0337539,0.000337539,8808,-0.141146,0,8.20744
1704.78,0.0337547,0.000337547,8809,-0.107396,0,8.20801
1704.77,0.0337551,0.000337551,8810,-0.0736434,0,8.20841
1704.76,0.0337554,0.000337554,8811,-0.0398889,0,8.20865
1704.76,0.0337553,0.000337553,8812,-0.0061337,0,8.20873
1704.77,0.033755,0.00033755,8813,0.0276212,0,8.20864
1704.78,0.0337544,0.000337544,8814,0.0613746,0,8.20838
1704.81,0.0337536,0.000337536,8815,0.0951256,0,8.20796
1704.83,0.0337524,0.000337524,8816,0.128873,0,8.20738
1704.87,0.033751,0.00033751,8817,0.162616,0,8.20663
1704.91,0.0337494,0.000337494,8818,0.196353,0,8.20571
1704.96,0.0337475,0.000337475,8819,0.230083,0,8.20463
1705.01,0.0337453,0.000337453,8820,0.263805,0,8.20338
1705.08,0.0337428,0.000337428,8821,0.297518,0,8.20197
1705.15,0.0337401,0.000337401,8822,0.331221,0,8.2004
1705.22,0.0337371,0.000337371,8823,0.364914,0,8.19866
1705.3,0.0337338,0.000337338,8824,0.398594,0,8.19675
1705.39,0.0337303,0.000337303,8825,0.43226,0,8.19468
1705.49,0.0337265,0.000337265,8826,0.465913,0,8.19245
1705.59,0.0337224,0.000337224,8827,0.49955,0,8.19005
1705.7,0.0337181,0.000337181,8828,0.53317,0,8.18749
1705.82,0.0337135,0.000337135,8829,0.566773,0,8.18476
1705.94,0.0337086,0.000337087,8830,0.600358,0,8.18187
1706.07,0.0337035,0.000337035,8831,0.633923,0,8.17881
1706.21,0.0336981,0.000336981,8832,0.667467,0,8.1756
1706.35,0.0336925,0.000336925,8833,0.700989,0,8.17222
1706.5,0.0336866,0.000336866,8834,0.734489,0,8.16867
1706.66,0.0336804,0.000336804,8835,0.767965,0,8.16496
1706.82,0.0336739,0.000336739,8836,0.801415,0,8.16109
1706.99,0.0336672,0.000336672,8837,0.83484,0,8.15706
1707.17,0.0336603,0.000336603,8838,0.868238,0,8.15287
1707.35,0.033653,0.00033653,8839,0.901608,0,8.14851
1707.54,0.0336455,0.000336455,8840,0.934949,0,8.14399
1707.74,0.0336378,0.000336378,8841,0.968259,0,8.13931
1707.94,0.0336298,0.000336298,8842,1.00154,0,8.13447
1708.15,0.0336215,0.000336215,8843,1.03479,0,8.12947
1708.37,0.033613,0.00033613,8844,1.068,0,8.1243
1708.59,0.0336042,0.000336042,8845,1.10118,0,8.11898
1708.82,0.0335951,0.000335951,8846,1.13432,0,8.1135
1709.06,0.0335858,0.000335858,8847,1.16743,0,8.10785
1709.3,0.0335763,0.000335763,8848,1.2005,0,8.10205
1709.55,0.0335665,0.000335665,8849,1.23354,0,8.09609
1709.81,0.0335564,0.000335564,8850,1.26653,0,8.08996
1710.07,0.033546,0.00033546,8851,1.29948,0,8.08368
1710.34,0.0335355,0.000335355,8852,1.33239,0,8.07725
1710.62,0.0335246,0.000335246,8853,1.36526,0,8.07065
1710.9,0.0335135,0.000335135,8854,1.39809,0,8.0639
1711.19,0.0335022,0.000335022,8855,1.43087,0,8.05699
1711.48,0.0334906,0.000334906,8856,1.46361,0,8.04992
1711.79,0.0334787,0.000334787,8857,1.4963,0,8.0427
1712.1,0.0334667,0.000334667,8858,1.52894,0,8.03532
1712.41,0.0334543,0.000334543,8859,1.56154,0,8.02778
1712.74,0.0334417,0.000334417,8860,1.59408,0,8.02009
1713.06,0.0334289,0.000334289,8861,1.62658,0,8.01225
1713.4,0.0334158,0.000334158,8862,1.65902,0,8.00425
1713.74,0.0334025,0.000334025,8863,1.69141,0,7.99609
1714.09,0.0333889,0.000333889,8864,1.72375,0,7.98779
1714.44,0.0333751,0.000333751,8865,1.75604,0,7.97933
1714.81,0.033361,0.00033361,8866,1.78827,0,7.97071
1715.17,0.0333467,0.000333467,8867,1.82044,0,7.96195
1715.55,0.0333321,0.000333321,8868,1.85256,0,7.95303
1715.93,0.0333174,0.000333174,8869,1.88462,0,7.94397
1716.32,0.0333023,0.000333023,8870,1.91662,0,7.93475
1716.71,0.0332871,0.000332871,8871,1.94856,0,7.92538
1717.11,0.0332716,0.000332716,8872,1.98044,0,7.91586
1717.52,0.0332558,0.000332558,8873,2.01226,0,7.9062
1717.93,0.0332399,0.000332399,8874,2.04402,0,7.89638
1718.35,0.0332236,0.000332236,8875,2.07572,0,7.88642
1718.77,0.0332072,0.000332072,8876,2.10735,0,7.87631
1719.2,0.0331905,0.000331905,8877,2.13891,0,7.86605
1719.64,0.0331736,0.000331736,8878,2.17041,0,7.85565
1720.09,0.0331565,0.000331565,8879,2.20184,0,7.8451
1720.54,0.0331391,0.000331391,8880,2.23321,0,7.8344
1720.99,0.0331215,0.000331215,8881,2.26451,0,7.82356
1721.46,0.0331037,0.000331037,8882,2.29574,0,7.81257
1721.93,0.0330857,0.000330857,8883,2.32689,0,7.80145
1722.4,0.0330674,0.000330674,8884,2.35798,0,7.79017
1722.88,0.0330489,0.000330489,8885,2.389,0,7.77876
1723.37,0.0330302,0.000330302,8886,2.41994,0,7.7672
1723.87,0.0330112,0.000330112,8887,2.45081,0,7.75551
1724.37,0.0329921,0.000329921,8888,2.4816,0,7.74367
1724.87,0.0329727,0.000329727,8889,2.51232,0,7.73169
1725.39,0.0329531,0.000329531,8890,2.54297,0,7.71957
1725.91,0.0329333,0.000329333,8891,2.57353,0,7.70731
1726.43,0.0329133,0.000329133,8892,2.60402,0,7.69492
1726.96,0.032893,0.00032893,8893,2.63444,0,7.68239
1727.5,0.0328726,0.000328726,8894,2.66477,0,7.66972
1728.04,0.0328519,0.000328519,8895,2.69502,0,7.65691
1728.59,0.032831,0.00032831,8896,2.72519,0,7.64397
1729.15,0.0328099,0.000328099,8897,2.75529,0,7.63089
1729.71,0.0327886,0.000327886,8898,2.78529,0,7.61768
1730.28,0.0327671,0.000327671,8899,2.81522,0,7.60434
1730.85,0.0327454,0.000327454,8900,2.84506,0,7.59086
1731.43,0.0327235,0.000327235,8901,2.87482,0,7.57725
1732.01,0.0327014,0.000327014,8902,2.9045,0,7.5635
1732.61,0.0326791,0.000326791,8903,2.93408,0,7.54963
1733.2,0.0326566,0.000326566,8904,2.96359,0,7.53563
1733.81,0.0326339,0.000326339,8905,2.993,0,7.52149
1734.41,0.0326109,0.000326109,8906,3.02233,0,7.50723
1735.03,0.0325878,0.000325878,8907,3.05156,0,7.49284
1735.65,0.0325645,0.000325645,8908,3.08071,0,7.47832
1736.28,0.032541,0.00032541,8909,3.10977,0,7.46367
1736.91,0.0325173,0.000325173,8910,3.13874,0,7.4489
1737.55,0.0324935,0.000324935,8911,3.16762,0,7.43401
1738.19,0.0324694,0.000324694,8912,3.1964,0,7.41898
1738.84,0.0324451,0.000324451,8913,3.2251,0,7.40384
1739.5,0.0324207,0.000324207,8914,3.2537,0,7.38857
1740.16,0.032396,0.00032396,8915,3.2822,0,7.37318
1740.82,0.0323712,0.000323712,8916,3.31061,0,7.35766
1741.5,0.0323462,0.000323462,8917,3.33893,0,7.34203
1742.17,0.0323211,0.000323211,8918,3.36715,0,7.32627
1742.86,0.0322957,0.000322957,8919,3.39528,0,7.3104
1743.55,0.0322702,0.000322702,8920,3.42331,0,7.29441
1744.24,0.0322445,0.000322445,8921,3.45124,0,7.27829
1744.94,0.0322186,0.000322186,8922,3.47907,0,7.26206
1745.65,0.0321925,0.000321925,8923,3.5068,0,7.24572
1746.36,0.0321663,0.000321663,8924,3.53444,0,7.22926
1747.08,0.0321399,0.000321399,8925,3.56197,0,7.21268
1747.8,0.0321133,0.000321133,8926,3.58941,0,7.19599
1748.53,0.0320865,0.000320865,8927,3.61674,0,7.17919
1749.26,0.0320596,0.000320596,8928,3.64397,0,7.16227
1750,0.0320325,0.000320325,8929,3.67111,0,7.14524
1750.75,0.0320053,0.000320053,8930,3.69813,0,7.1281
1751.5,0.0319779,0.000319779,8931,3.72506,0,7.11085
1752.25,0.0319503,0.000319503,8932,3.75188,0,7.09349
1753.01,0.0319226,0.000319226,8933,3.7786,0,7.07602
1753.78,0.0318947,0.000318947,8934,3.80521,0,7.05844
1754.55,0.0318667,0.000318667,8935,3.83172,0,7.04076
1755.33,0.0318385,0.000318385,8936,3.85813,0,7.02296
1756.11,0.0318101,0.000318101,8937,3.88443,0,7.00507
1756.9,0.0317816,0.000317816,8938,3.91062,0,6.98707
1757.69,0.031753,0.00031753,8939,3.9367,0,6.96896
1758.49,0.0317242,0.000317242,8940,3.96268,0,6.95075
1759.29,0.0316952,0.000316952,8941,3.98855,0,6.93244
1760.1,0.0316661,0.000316661,8942,4.01431,0,6.91402
1760.91,0.0316369,0.000316369,8943,4.03996,0,6.89551
1761.73,0.0316075,0.000316075,8944,4.06551,0,6.87689
1762.55,0.031578,0.00031578,8945,4.09094,0,6.85818
1763.38,0.0315483,0.000315483,8946,4.11627,0,6.83937
1764.22,0.0315185,0.000315185,8947,4.14148,0,6.82046
1765.05,0.0314885,0.000314885,8948,4.16659,0,6.80145
1765.9,0.0314585,0.000314585,8949,4.19158,0,6.78234
1766.75,0.0314282,0.000314282,8950,4.21646,0,6.76315
1767.6,0.0313979,0.000313979,8951,4.24124,0,6.74385
1768.46,0.0313674,0.000313674,8952,4.26589,0,6.72446
1769.32,0.0313368,0.000313368,8953,4.29044,0,6.70498
1770.19,0.0313061,0.000313061,8954,4.31487,0,6.68541
1771.06,0.0312752,0.000312752,8955,4.33919,0,6.66575
1771.94,0.0312442,0.000312442,8956,4.3634,0,6.64599
1772.83,0.0312131,0.000312131,8957,4.38749,0,6.62615
1773.71,0.0311819,0.000311819,8958,4.41147,0,6.60622
1774.61,0.0311505,0.000311505,8959,4.43534,0,6.5862
1775.5,0.031119,0.00031119,8960,4.45909,0,6.56609
1776.41,0.0310874,0.000310874,8961,4.48272,0,6.5459
1777.31,0.0310557,0.000310557,8962,4.50624,0,6.52562
1778.22,0.0310239,0.000310239,8963,4.52965,0,6.50525
1779.14,0.0309919,0.000309919,8964,4.55294,0,6.4848
1780.06,0.0309599,0.000309599,8965,4.57611,0,6.46427
1780.99,0.0309277,0.000309277,8966,4.59916,0,6.44366
1781.92,0.0308954,0.000308954,8967,4.6221,0,6.42296
1782.85,0.030863,0.00030863,8968,4.64493,0,6.40218
1783.79,0.0308306,0.000308306,8969,4.66763,0,6.38133
1784.73,0.030798,0.00030798,8970,4.69022,0,6.36039
1785.68,0.0307653,0.000307653,8971,4.71269,0,6.33938
1786.64,0.0307325,0.000307325,8972,4.73504,0,6.31829
1787.59,0.0306995,0.000306995,8973,4.75728,0,6.29712
1788.55,0.0306665,0.000306665,8974,4.77939,0,6.27588
1789.52,0.0306334,0.000306334,8975,4.80139,0,6.25456
1790.49,0.0306003,0.000306003,8976,4.82327,0,6.23316
1791.47,0.030567,0.00030567,8977,4.84503,0,6.2117
1792.44,0.0305336,0.000305336,8978,4.86667,0,6.19016
1793.43,0.0305001,0.000305001,8979,4.8882,0,6.16855
1794.42,0.0304665,0.000304665,8980,4.9096,0,6.14686
1795.41,0.0304329,0.000304329,8981,4.93088,0,6.12511
1796.4,0.0303991,0.000303991,8982,4.95205,0,6.10329
1797.4,0.0303653,0.000303653,8983,4.97309,0,6.0814
1798.41,0.0303314,0.000303314,8984,4.99401,0,6.05944
1799.42,0.0302974,0.000302974,8985,5.01482,0,6.03741
1800.43,0.0302633,0.000302633,8986,5.0355,0,6.01532
1801.45,0.0302291,0.000302291,8987,5.05606,0,5.99317
1802.47,0.0301949,0.000301949,8988,5.07651,0,5.97094
1803.49,0.0301606,0.000301606,8989,5.09683,0,5.94866
1804.52,0.0301262,0.000301262,8990,5.11703,0,5.92631
1805.56,0.0300917,0.000300917,8991,5.13711,0,5.9039
1806.59,0.0300571,0.000300571,8992,5.15707,0,5.88142
1807.64,0.0300225,0.000300225,8993,5.17691,0,5.85889
1808.68,0.0299878,0.000299878,8994,5.19663,0,5.8363
1809.73,0.0299531,0.000299531,8995,5.21623,0,5.81364
1810.78,0.0299182,0.000299182,8996,5.2357,0,5.79093
1811.84,0.0298833,0.000298833,8997,5.25506,0,5.76816
1812.9,0.0298484,0.000298484,8998,5.27429,0,5.74534
1813.97,0.0298133,0.000298133,8999,5.2934,0,5.72246
1815.04,0.0297782,0.000297782,9000,5.31239,0,5.69952
1816.11,0.0297431,0.000297431,9001,5.33126,0,5.67653
1817.18,0.0297079,0.000297079,9002,5.35001,0,5.65348
1818.26,0.0296726,0.000296726,9003,5.36863,0,5.63038
1819.35,0.0296373,0.000296373,9004,5.38713,0,5.60723
1820.43,0.0296019,0.000296019,9005,5.40552,0,5.58403
1821.53,0.0295664,0.000295664,9006,5.42378,0,5.56077
1822.62,0.0295309,0.000295309,9007,5.44192,0,5.53747
1823.72,0.0294954,0.000294954,9008,5.45993,0,5.51412
1824.82,0.0294598,0.000294598,9009,5.47783,0,5.49072
1825.92,0.0294241,0.000294241,9010,5.4956,0,5.46727
1827.03,0.0293884,0.000293884,9011,5.51326,0,5.44377
1828.15,0.0293526,0.000293526,9012,5.53079,0,5.42023
1829.26,0.0293169,0.000293169,9013,5.5482,0,5.39664
1830.38,0.029281,0.00029281,9014,5.56548,0,5.37301
1831.5,0.0292451,0.000292451,9015,5.58265,0,5.34933
1832.63,0.0292092,0.000292092,9016,5.59969,0,5.32561
1833.76,0.0291732,0.000291732,9017,5.61662,0,5.30185
1834.89,0.0291372,0.000291372,9018,5.63342,0,5.27804
1836.03,0.0291011,0.000291011,9019,5.6501,0,5.2542
1837.17,0.0290651,0.000290651,9020,5.66666,0,5.23031
1838.31,0.0290289,0.000290289,9021,5.6831,0,5.20638
1839.46,0.0289928,0.000289928,9022,5.69941,0,5.18242
1840.61,0.0289566,0.000289566,9023,5.71561,0,5.15841
1841.76,0.0289203,0.000289203,9024,5.73168,0,5.13437
1842.91,0.0288841,0.000288841,9025,5.74764,0,5.11029
1844.07,0.0288478,0.000288478,9026,5.76347,0,5.08618
1845.24,0.0288115,0.000288115,9027,5.77918,0,5.06203
1846.4,0.0287751,0.000287751,9028,5.79477,0,5.03784
1847.57,0.0287387,0.000287387,9029,5.81024,0,5.01362
1848.74,0.0287023,0.000287023,9030,5.82559,0,4.98937
1849.92,0.0286659,0.000286659,9031,5.84082,0,4.96509
1851.09,0.0286294,0.000286294,9032,5.85593,0,4.94077
1852.27,0.0285929,0.000285929,9033,5.87092,0,4.91642
1853.46,0.0285564,0.000285564,9034,5.88579,0,4.89204
1854.64,0.0285199,0.000285199,9035,5.90054,0,4.86763
1855.83,0.0284833,0.000284833,9036,5.91517,0,4.84319
1857.03,0.0284468,0.000284468,9037,5.92968,0,4.81872
1858.22,0.0284102,0.000284102,9038,5.94407,0,4.79423
1859.42,0.0283736,0.000283736,9039,5.95834,0,4.7697
1860.62,0.028337,0.00028337,9040,5.97249,0,4.74515
1861.82,0.0283004,0.000283004,9041,5.98653,0,4.72058
1863.03,0.0282637,0.000282637,9042,6.00044,0,4.69597
1864.24,0.0282271,0.000282271,9043,6.01423,0,4.67135
1865.45,0.0281904,0.000281904,9044,6.02791,0,4.6467
1866.67,0.0281537,0.000281537,9045,6.04147,0,4.62202
1867.88,0.028117,0.00028117,9046,6.05491,0,4.59732
1869.1,0.0280803,0.000280803,9047,6.06823,0,4.57261
1870.33,0.0280436,0.000280436,9048,6.08143,0,4.54786
1871.55,0.0280069,0.000280069,9049,6.09451,0,4.5231
1872.78,0.0279702,0.000279702,9050,6.10748,0,4.49832
1874.01,0.0279335,0.000279335,9051,6.12033,0,4.47352
1875.24,0.0278968,0.000278968,9052,6.13307,0,4.4487
1876.48,0.02786,0.0002786,9053,6.14568,0,4.42386
1877.72,0.0278233,0.000278233,9054,6.15818,0,4.399
1878.96,0.0277866,0.000277866,9055,6.17056,0,4.37412
1880.2,0.0277499,0.000277499,9056,6.18283,0,4.34923
1881.45,0.0277131,0.000277131,9057,6.19498,0,4.32432
1882.69,0.0276764,0.000276764,9058,6.20701,0,4.2994
1883.94,0.0276397,0.000276397,9059,6.21893,0,4.27446
1885.2,0.027603,0.00027603,9060,6.23073,0,4.24951
1886.45,0.0275662,0.000275662,9061,6.24241,0,4.22454
1887.71,0.0275295,0.000275295,9062,6.25398,0,4.19956
1888.97,0.0274928,0.000274928,9063,6.26544,0,4.17457
1890.23,0.0274561,0.000274561,9064,6.27678,0,4.14956
1891.49,0.0274195,0.000274195,9065,6.28801,0,4.12455
1892.76,0.0273828,0.000273828,9066,6.29912,0,4.09952
1894.03,0.0273461,0.000273461,9067,6.31012,0,4.07448
1895.3,0.0273095,0.000273095,9068,6.321,0,4.04944
1896.57,0.0272728,0.000272728,9069,6.33177,0,4.02438
1897.85,0.0272362,0.000272362,9070,6.34243,0,3.99931
1899.12,0.0271996,0.000271996,9071,6.35297,0,3.97424
1900.4,0.027163,0.00027163,9072,6.3634,0,3.94916
1901.69,0.0271264,0.000271264,9073,6.37372,0,3.92407
1902.97,0.0270898,0.000270898,9074,6.38392,0,3.89898
1904.25,0.0270532,0.000270532,9075,6.39401,0,3.87388
1905.54,0.0270167,0.000270167,9076,6.404,0,3.84877
1906.83,0.0269802,0.000269802,9077,6.41386,0,3.82366
1908.12,0.0269437,0.000269437,9078,6.42362,0,3.79855
1909.41,0.0269072,0.000269072,9079,6.43327,0,3.77343
1910.71,0.0268707,0.000268707,9080,6.4428,0,3.74831
1912.01,0.0268343,0.000268343,9081,6.45223,0,3.72318
1913.31,0.0267979,0.000267979,9082,6.46154,0,3.69806
1914.61,0.0267615,0.000267615,9083,6.47075,0,3.67293
1915.91,0.0267251,0.000267251,9084,6.47984,0,3.6478
1917.21,0.0266888,0.000266888,9085,6.48882,0,3.62266
1918.52,0.0266524,0.000266524,9086,6.4977,0,3.59753
1919.83,0.0266161,0.000266161,9087,6.50646,0,3.5724
1921.14,0.0265799,0.000265799,9088,6.51512,0,3.54727
1922.45,0.0265436,0.000265436,9089,6.52367,0,3.52214
1923.76,0.0265074,0.000265074,9090,6.53211,0,3.49701
1925.07,0.0264712,0.000264712,9091,6.54044,0,3.47189
1926.39,0.026435,0.00026435,9092,6.54867,0,3.44677
1927.71,0.0263989,0.000263989,9093,6.55678,0,3.42165
1929.03,0.0263628,0.000263628,9094,6.56479,0,3.39653
1930.35,0.0263267,0.000263267,9095,6.5727,0,3.37142
1931.67,0.0262907,0.000262907,9096,6.58049,0,3.34631
1933,0.0262547,0.000262547,9097,6.58818,0,3.32121
1934.32,0.0262187,0.000262187,9098,6.59577,0,3.29611
1935.65,0.0261828,0.000261828,9099,6.60325,0,3.27102
1936.98,0.0261469,0.000261469,9100,6.61062,0,3.24593
1938.31,0.026111,0.00026111,9101,6.61789,0,3.22085
1939.64,0.0260752,0.000260752,9102,6.62505,0,3.19578
1940.97,0.0260394,0.000260394,9103,6.63211,0,3.17071
1942.31,0.0260036,0.000260036,9104,6.63906,0,3.14566
1943.64,0.0259679,0.000259679,9105,6.64591,0,3.12061
1944.98,0.0259322,0.000259322,9106,6.65266,0,3.09557
1946.32,0.0258965,0.000258965,9107,6.6593,0,3.07054
1947.66,0.0258609,0.000258609,9108,6.66584,0,3.04552
1949,0.0258254,0.000258254,9109,6.67228,0,3.02051
1950.34,0.0257898,0.000257898,9110,6.67862,0,2.99551
1951.68,0.0257543,0.000257543,9111,6.68485,0,2.97052
1953.03,0.0257189,0.000257189,9112,6.69098,0,2.94555
1954.37,0.0256835,0.000256835,9113,6.69701,0,2.92058
1955.72,0.0256481,0.000256481,9114,6.70294,0,2.89563
1957.07,0.0256128,0.000256128,9115,6.70877,0,2.87069
1958.42,0.0255775,0.000255775,9116,6.7145,0,2.84576
1959.77,0.0255423,0.000255423,9117,6.72013,0,2.82084
1961.12,0.0255071,0.000255071,9118,6.72565,0,2.79594
1962.47,0.0254719,0.000254719,9119,6.73108,0,2.77105
1963.83,0.0254368,0.000254368,9120,6.73641,0,2.74618
1965.18,0.0254018,0.000254018,9121,6.74164,0,2.72132
1966.54,0.0253667,0.000253667,9122,6.74677,0,2.69648
1967.89,0.0253318,0.000253318,9123,6.7518,0,2.67166
1969.25,0.0252969,0.000252969,9124,6.75674,0,2.64684
1970.61,0.025262,0.00025262,9125,6.76157,0,2.62205
1971.97,0.0252272,0.000252272,9126,6.76631,0,2.59727
1973.33,0.0251924,0.000251924,9127,6.77096,0,2.57251
1974.69,0.0251577,0.000251577,9128,6.7755,0,2.54777
1976.05,0.025123,0.00025123,9129,6.77995,0,2.52304
1977.42,0.0250884,0.000250884,9130,6.78431,0,2.49833
1978.78,0.0250538,0.000250538,9131,6.78856,0,2.47364
1980.15,0.0250192,0.000250192,9132,6.79273,0,2.44897
1981.51,0.0249848,0.000249848,9133,6.79679,0,2.42432
1982.88,0.0249503,0.000249503,9134,6.80076,0,2.39969
1984.25,0.024916,0.00024916,9135,6.80464,0,2.37508
1985.61,0.0248817,0.000248817,9136,6.80843,0,2.35049
1986.98,0.0248474,0.000248474,9137,6.81212,0,2.32591
1988.35,0.0248132,0.000248132,9138,6.81571,0,2.30136
1989.72,0.024779,0.00024779,9139,6.81922,0,2.27683
1991.09,0.0247449,0.000247449,9140,6.82263,0,2.25232
1992.46,0.0247108,0.000247109,9141,6.82594,0,2.22784
1993.84,0.0246769,0.000246768,9142,6.82917,0,2.20337
1995.21,0.0246429,0.000246429,9143,6.8323,0,2.17893
1996.58,0.024609,0.00024609,9144,6.83535,0,2.15451
1997.96,0.0245752,0.000245752,9145,6.8383,0,2.13011
1999.33,0.0245414,0.000245414,9146,6.84116,0,2.10574
2000.71,0.0245077,0.000245077,9147,6.84393,0,2.08139
2002.08,0.024474,0.00024474,9148,6.84661,0,2.05706
2003.46,0.0244404,0.000244404,9149,6.8492,0,2.03276
2004.83,0.0244069,0.000244069,9150,6.8517,0,2.00848
2006.21,0.0243734,0.000243734,9151,6.85411,0,1.98422
2007.59,0.0243399,0.000243399,9152,6.85643,0,1.96
2008.97,0.0243066,0.000243066,9153,6.85866,0,1.93579
2010.35,0.0242732,0.000242732,9154,6.86081,0,1.91161
2011.72,0.02424,0.0002424,9155,6.86287,0,1.88746
2013.1,0.0242068,0.000242068,9156,6.86484,0,1.86334
2014.48,0.0241736,0.000241736,9157,6.86672,0,1.83923
2015.86,0.0241406,0.000241406,9158,6.86852,0,1.81516
2017.24,0.0241075,0.000241075,9159,6.87022,0,1.79111
2018.62,0.0240746,0.000240746,9160,6.87185,0,1.76709
2020,0.0240417,0.000240417,9161,6.87338,0,1.7431
2021.39,0.0240088,0.000240088,9162,6.87484,0,1.71914
2022.77,0.023976,0.00023976,9163,6.8762,0,1.6952
2024.15,0.0239433,0.000239433,9164,6.87748,0,1.67129
2025.53,0.0239107,0.000239107,9165,6.87868,0,1.64741
2026.91,0.0238781,0.000238781,9166,6.87979,0,1.62356
2028.29,0.0238455,0.000238455,9167,6.88082,0,1.59973
2029.68,0.0238131,0.000238131,9168,6.88176,0,1.57594
2031.06,0.0237807,0.000237807,9169,6.88263,0,1.55218
2032.44,0.0237483,0.000237483,9170,6.8834,0,1.52844
2033.82,0.023716,0.00023716,9171,6.8841,0,1.50473
2035.21,0.0236838,0.000236838,9172,6.88471,0,1.48106
2036.59,0.0236516,0.000236516,9173,6.88524,0,1.45741
2037.97,0.0236196,0.000236196,9174,6.88569,0,1.4338
2039.36,0.0235875,0.000235875,9175,6.88606,0,1.41021
2040.74,0.0235556,0.000235556,9176,6.88635,0,1.38666
2042.12,0.0235237,0.000235237,9177,6.88656,0,1.36314
2043.51,0.0234918,0.000234918,9178,6.88668,0,1.33964
2044.89,0.02346,0.0002346,9179,6.88673,0,1.31618
2046.27,0.0234283,0.000234283,9180,6.88669,0,1.29276
2047.66,0.0233967,0.000233967,9181,6.88658,0,1.26936
2049.04,0.0233651,0.000233651,9182,6.88639,0,1.246
2050.42,0.0233336,0.000233336,9183,6.88612,0,1.22266
2051.81,0.0233022,0.000233022,9184,6.88577,0,1.19936
2053.19,0.0232708,0.000232708,9185,6.88534,0,1.1761
2054.57,0.0232395,0.000232395,9186,6.88484,0,1.15286
2055.96,0.0232082,0.000232082,9187,6.88425,0,1.12966
2057.34,0.023177,0.00023177,9188,6.88359,0,1.10649
2058.72,0.0231459,0.000231459,9189,6.88286,0,1.08336
2060.1,0.0231149,0.000231149,9190,6.88204,0,1.06026
2061.48,0.0230839,0.000230839,9191,6.88115,0,1.03719
2062.87,0.023053,0.00023053,9192,6.88019,0,1.01416
2064.25,0.0230221,0.000230221,9193,6.87915,0,0.991162
2065.63,0.0229913,0.000229913,9194,6.87803,0,0.968197
2067.01,0.0229606,0.000229606,9195,6.87684,0,0.945268
2068.39,0.02293,0.0002293,9196,6.87558,0,0.922373
2069.77,0.0228994,0.000228994,9197,6.87424,0,0.899513
2071.15,0.0228689,0.000228689,9198,6.87282,0,0.876687
2072.53,0.0228384,0.000228384,9199,6.87133,0,0.853897
2073.91,0.0228081,0.000228081,9200,6.86977,0,0.831143
2075.29,0.0227777,0.000227777,9201,6.86814,0,0.808424
2076.67,0.0227475,0.000227475,9202,6.86643,0,0.78574
2078.05,0.0227173,0.000227173,9203,6.86465,0,0.763093
2079.43,0.0226872,0.000226872,9204,6.8628,0,0.740481
2080.81,0.0226572,0.000226572,9205,6.86088,0,0.717906
2082.18,0.0226272,0.000226272,9206,6.85888,0,0.695367
2083.56,0.0225973,0.000225973,9207,6.85682,0,0.672864
2084.94,0.0225675,0.000225675,9208,6.85468,0,0.650398
2086.31,0.0225377,0.000225377,9209,6.85248,0,0.627968
2087.69,0.022508,0.00022508,9210,6.8502,0,0.605576
2089.06,0.0224784,0.000224784,9211,6.84785,0,0.58322
2090.44,0.0224489,0.000224489,9212,6.84543,0,0.560902
2091.81,0.0224194,0.000224194,9213,6.84295,0,0.538621
2093.19,0.02239,0.0002239,9214,6.84039,0,0.516377
2094.56,0.0223606,0.000223606,9215,6.83777,0,0.494171
2095.93,0.0223313,0.000223313,9216,6.83507,0,0.472003
2097.3,0.0223021,0.000223021,9217,6.83231,0,0.449872
2098.67,0.022273,0.00022273,9218,6.82949,0,0.427779
2100.05,0.0222439,0.000222439,9219,6.82659,0,0.405725
2101.42,0.0222149,0.000222149,9220,6.82363,0,0.383708
2102.79,0.022186,0.00022186,9221,6.8206,0,0.36173
2104.15,0.0221571,0.000221571,9222,6.8175,0,0.339791
2105.52,0.0221284,0.000221284,9223,6.81434,0,0.31789
2106.89,0.0220996,0.000220996,9224,6.81111,0,0.296027
2108.26,0.022071,0.00022071,9225,6.80781,0,0.274204
2109.62,0.0220424,0.000220424,9226,6.80445,0,0.252419
2110.99,0.0220139,0.000220139,9227,6.80103,0,0.230673
2112.35,0.0219855,0.000219855,9228,6.79754,0,0.208966
2113.72,0.0219571,0.000219571,9229,6.79398,0,0.187299
2115.08,0.0219288,0.000219288,9230,6.79036,0,0.165671
2116.44,0.0219006,0.000219006,9231,6.78668,0,0.144082
2117.81,0.0218724,0.000218724,9232,6.78293,0,0.122533
2119.17,0.0218443,0.000218443,9233,6.77912,0,0.101024
2120.53,0.0218163,0.000218163,9234,6.77525,0,0.079554
2121.89,0.0217884,0.000217884,9235,6.77131,0,0.0581242
2123.25,0.0217605,0.000217605,9236,6.76731,0,0.0367343
2124.6,0.0217327,0.000217327,9237,6.76325,0,0.0153844
2125.96,0.0217049,0.000217049,9238,6.75913,0,-0.00592532
2127.32,0.0216773,0.000216773,9239,6.75494,0,-0.0271948
2128.67,0.0216497,0.000216497,9240,6.7507,0,-0.048424
2130.03,0.0216221,0.000216221,9241,6.74639,0,-0.0696129
2131.38,0.0215947,0.000215947,9242,6.74202,0,-0.0907612
2132.73,0.0215673,0.000215673,9243,6.73759,0,-0.111869
2134.09,0.02154,0.0002154,9244,6.73311,0,-0.132936
2135.44,0.0215128,0.000215128,9245,6.72856,0,-0.153962
2136.79,0.0214856,0.000214856,9246,6.72395,0,-0.174948
2138.13,0.0214585,0.000214585,9247,6.71928,0,-0.195892
2139.48,0.0214314,0.000214314,9248,6.71455,0,-0.216796
2140.83,0.0214045,0.000214045,9249,6.70977,0,-0.237659
2142.18,0.0213776,0.000213776,9250,6.70492,0,-0.25848
2143.52,0.0213508,0.000213508,9251,6.70002,0,-0.27926
2144.86,0.021324,0.00021324,9252,6.69506,0,-0.299999
2146.21,0.0212973,0.000212973,9253,6.69004,0,-0.320697
2147.55,0.0212707,0.000212707,9254,6.68496,0,-0.341353
2148.89,0.0212442,0.000212442,9255,6.67983,0,-0.361967
2150.23,0.0212177,0.000212177,9256,6.67464,0,-0.38254
2151.57,0.0211913,0.000211913,9257,6.66939,0,-0.403072
2152.91,0.021165,0.00021165,9258,6.66409,0,-0.423561
2154.24,0.0211387,0.000211387,9259,6.65873,0,-0.444009
2155.58,0.0211126,0.000211126,9260,6.65331,0,-0.464415
2156.91,0.0210864,0.000210864,9261,6.64784,0,-0.48478
2158.25,0.0210604,0.000210604,9262,6.64231,0,-0.505102
2159.58,0.0210344,0.000210344,9263,6.63673,0,-0.525382
2160.91,0.0210085,0.000210085,9264,6.63109,0,-0.54562
2162.24,0.0209827,0.000209827,9265,6.6254,0,-0.565816
2163.57,0.0209569,0.000209569,9266,6.61966,0,-0.58597
2164.9,0.0209312,0.000209312,9267,6.61386,0,-0.606082
2166.22,0.0209056,0.000209056,9268,6.608,0,-0.626151
2167.55,0.02088,0.0002088,9269,6.6021,0,-0.646178
2168.87,0.0208545,0.000208546,9270,6.59614,0,-0.666162
2170.2,0.0208291,0.000208291,9271,6.59012,0,-0.686105
2171.52,0.0208038,0.000208038,9272,6.58405,0,-0.706004
2172.84,0.0207785,0.000207785,9273,6.57794,0,-0.725861
2174.16,0.0207533,0.000207533,9274,6.57176,0,-0.745676
2175.47,0.0207282,0.000207282,9275,6.56554,0,-0.765448
2176.79,0.0207031,0.000207031,9276,6.55927,0,-0.785177
2178.11,0.0206781,0.000206781,9277,6.55294,0,-0.804864
2179.42,0.0206532,0.000206532,9278,6.54656,0,-0.824507
2180.73,0.0206283,0.000206283,9279,6.54013,0,-0.844108
2182.04,0.0206035,0.000206035,9280,6.53365,0,-0.863666
2183.35,0.0205788,0.000205788,9281,6.52712,0,-0.883182
2184.66,0.0205542,0.000205542,9282,6.52054,0,-0.902654
2185.97,0.0205296,0.000205296,9283,6.51391,0,-0.922083
2187.28,0.0205051,0.000205051,9284,6.50723,0,-0.94147
2188.58,0.0204807,0.000204807,9285,6.5005,0,-0.960813
2189.88,0.0204563,0.000204563,9286,6.49372,0,-0.980113
2191.19,0.020432,0.00020432,9287,6.48689,0,-0.99937
2192.49,0.0204078,0.000204078,9288,6.48002,0,-1.01858
2193.79,0.0203836,0.000203836,9289,6.47309,0,-1.03776
2195.08,0.0203595,0.000203595,9290,6.46612,0,-1.05688
2196.38,0.0203355,0.000203355,9291,6.45909,0,-1.07597
2197.67,0.0203115,0.000203115,9292,6.45202,0,-1.09501
2198.97,0.0202876,0.000202876,9293,6.44491,0,-1.11401
2200.26,0.0202638,0.000202638,9294,6.43774,0,-1.13296
2201.55,0.0202401,0.000202401,9295,6.43053,0,-1.15187
2202.84,0.0202164,0.000202164,9296,6.42327,0,-1.17074
2204.13,0.0201928,0.000201928,9297,6.41596,0,-1.18957
2205.41,0.0201692,0.000201692,9298,6.40861,0,-1.20835
2206.7,0.0201458,0.000201458,9299,6.40121,0,-1.22708
2207.98,0.0201224,0.000201224,9300,6.39377,0,-1.24578
2209.26,0.020099,0.00020099,9301,6.38628,0,-1.26443
2210.54,0.0200757,0.000200757,9302,6.37874,0,-1.28304
2211.82,0.0200525,0.000200525,9303,6.37116,0,-1.3016
2213.1,0.0200294,0.000200294,9304,6.36353,0,-1.32012
2214.37,0.0200063,0.000200063,9305,6.35586,0,-1.3386
2215.65,0.0199833,0.000199833,9306,6.34814,0,-1.35703
2216.92,0.0199604,0.000199604,9307,6.34038,0,-1.37542
2218.19,0.0199376,0.000199376,9308,6.33258,0,-1.39377
2219.46,0.0199148,0.000199148,9309,6.32473,0,-1.41207
2220.73,0.019892,0.00019892,9310,6.31684,0,-1.43033
2221.99,0.0198694,0.000198694,9311,6.3089,0,-1.44855
2223.26,0.0198468,0.000198468,9312,6.30092,0,-1.46672
2224.52,0.0198243,0.000198243,9313,6.2929,0,-1.48485
2225.78,0.0198018,0.000198018,9314,6.28483,0,-1.50293
2227.04,0.0197794,0.000197794,9315,6.27672,0,-1.52097
2228.3,0.0197571,0.000197571,9316,6.26857,0,-1.53897
2229.55,0.0197348,0.000197348,9317,6.26038,0,-1.55692
2230.81,0.0197126,0.000197126,9318,6.25214,0,-1.57483
2232.06,0.0196905,0.000196905,9319,6.24387,0,-1.5927
2233.31,0.0196685,0.000196685,9320,6.23555,0,-1.61052
2234.56,0.0196465,0.000196465,9321,6.22719,0,-1.6283
2235.81,0.0196246,0.000196246,9322,6.21879,0,-1.64604
2237.05,0.0196027,0.000196027,9323,6.21034,0,-1.66373
2238.3,0.0195809,0.000195809,9324,6.20186,0,-1.68138
2239.54,0.0195592,0.000195592,9325,6.19334,0,-1.69898
2240.78,0.0195375,0.000195375,9326,6.18477,0,-1.71654
2242.02,0.019516,0.00019516,9327,6.17617,0,-1.73406
2243.26,0.0194944,0.000194944,9328,6.16752,0,-1.75153
2244.49,0.019473,0.00019473,9329,6.15884,0,-1.76896
2245.73,0.0194516,0.000194516,9330,6.15012,0,-1.78635
2246.96,0.0194303,0.000194303,9331,6.14135,0,-1.80369
2248.19,0.019409,0.00019409,9332,6.13255,0,-1.82099
2249.42,0.0193878,0.000193878,9333,6.12371,0,-1.83824
2250.64,0.0193667,0.000193667,9334,6.11483,0,-1.85545
2251.87,0.0193456,0.000193456,9335,6.10591,0,-1.87262
2253.09,0.0193246,0.000193246,9336,6.09695,0,-1.88974
2254.31,0.0193037,0.000193037,9337,6.08796,0,-1.90682
2255.53,0.0192828,0.000192828,9338,6.07892,0,-1.92386
2256.75,0.019262,0.00019262,9339,6.06985,0,-1.94085
2257.97,0.0192413,0.000192413,9340,6.06075,0,-1.9578
2259.18,0.0192206,0.000192206,9341,6.0516,0,-1.9747
2260.39,0.0192,0.000192,9342,6.04242,0,-1.99157
2261.6,0.0191795,0.000191795,9343,6.0332,0,-2.00838
2262.81,0.019159,0.00019159,9344,6.02394,0,-2.02516
2264.02,0.0191386,0.000191386,9345,6.01465,0,-2.04189
2265.22,0.0191182,0.000191182,9346,6.00532,0,-2.05858
2266.42,0.0190979,0.000190979,9347,5.99595,0,-2.07522
2267.63,0.0190777,0.000190777,9348,5.98655,0,-2.09182
2268.82,0.0190576,0.000190576,9349,5.97711,0,-2.10837
2270.02,0.0190375,0.000190375,9350,5.96763,0,-2.12489
2271.22,0.0190174,0.000190174,9351,5.95813,0,-2.14136
2272.41,0.0189975,0.000189975,9352,5.94858,0,-2.15778
2273.6,0.0189776,0.000189776,9353,5.939,0,-2.17416
2274.79,0.0189577,0.000189577,9354,5.92939,0,-2.1905
2275.98,0.018938,0.00018938,9355,5.91974,0,-2.2068
2277.16,0.0189182,0.000189182,9356,5.91005,0,-2.22305
2278.35,0.0188986,0.000188986,9357,5.90033,0,-2.23926
2279.53,0.018879,0.00018879,9358,5.89058,0,-2.25542
2280.71,0.0188595,0.000188595,9359,5.88079,0,-2.27154
2281.88,0.01884,0.0001884,9360,5.87097,0,-2.28762
2283.06,0.0188206,0.000188206,9361,5.86112,0,-2.30366
2284.23,0.0188013,0.000188013,9362,5.85123,0,-2.31965
2285.4,0.018782,0.00018782,9363,5.84131,0,-2.33559
2286.57,0.0187628,0.000187628,9364,5.83135,0,-2.3515
2287.74,0.0187437,0.000187437,9365,5.82136,0,-2.36736
2288.91,0.0187246,0.000187246,9366,5.81134,0,-2.38318
2290.07,0.0187056,0.000187056,9367,5.80129,0,-2.39895
2291.23,0.0186866,0.000186866,9368,5.7912,0,-2.41468
2292.39,0.0186677,0.000186677,9369,5.78108,0,-2.43037
2293.55,0.0186489,0.000186489,9370,5.77093,0,-2.44601
2294.7,0.0186301,0.000186301,9371,5.76075,0,-2.46162
2295.86,0.0186114,0.000186114,9372,5.75054,0,-2.47717
2297.01,0.0185928,0.000185928,9373,5.74029,0,-2.49269
2298.16,0.0185742,0.000185742,9374,5.73001,0,-2.50816
2299.3,0.0185557,0.000185557,9375,5.71971,0,-2.52359
2300.45,0.0185372,0.000185372,9376,5.70937,0,-2.53897
2301.59,0.0185188,0.000185188,9377,5.69899,0,-2.55432
2302.73,0.0185004,0.000185004,9378,5.68859,0,-2.56962
2303.87,0.0184822,0.000184822,9379,5.67816,0,-2.58487
2305.01,0.0184639,0.000184639,9380,5.6677,0,-2.60009
2306.14,0.0184458,0.000184458,9381,5.6572,0,-2.61526
2307.27,0.0184277,0.000184277,9382,5.64668,0,-2.63038
2308.4,0.0184096,0.000184096,9383,5.63613,0,-2.64547
2309.53,0.0183917,0.000183917,9384,5.62554,0,-2.66051
2310.66,0.0183738,0.000183738,9385,5.61493,0,-2.67551
2311.78,0.0183559,0.000183559,9386,5.60429,0,-2.69046
2312.9,0.0183381,0.000183381,9387,5.59362,0,-2.70538
2314.02,0.0183204,0.000183204,9388,5.58291,0,-2.72025
2315.14,0.0183027,0.000183027,9389,5.57218,0,-2.73507
2316.25,0.0182851,0.000182851,9390,5.56142,0,-2.74986
2317.37,0.0182675,0.000182675,9391,5.55064,0,-2.7646
2318.48,0.01825,0.0001825,9392,5.53982,0,-2.7793
2319.59,0.0182326,0.000182326,9393,5.52897,0,-2.79395
2320.69,0.0182152,0.000182152,9394,5.5181,0,-2.80857
2321.8,0.0181979,0.000181979,9395,5.5072,0,-2.82314
2322.9,0.0181806,0.000181806,9396,5.49627,0,-2.83767
2324,0.0181634,0.000181634,9397,5.48531,0,-2.85215
2325.1,0.0181463,0.000181463,9398,5.47433,0,-2.8666
2326.19,0.0181292,0.000181292,9399,5.46331,0,-2.881
2327.28,0.0181122,0.000181122,9400,5.45227,0,-2.89536
2328.37,0.0180952,0.000180952,9401,5.4412,0,-2.90967
2329.46,0.0180783,0.000180783,9402,5.43011,0,-2.92394
2330.55,0.0180614,0.000180614,9403,5.41899,0,-2.93818
2331.63,0.0180447,0.000180447,9404,5.40784,0,-2.95236
2332.71,0.0180279,0.000180279,9405,5.39666,0,-2.96651
2333.79,0.0180113,0.000180113,9406,5.38546,0,-2.98061
2334.87,0.0179946,0.000179946,9407,5.37423,0,-2.99468
2335.95,0.0179781,0.000179781,9408,5.36298,0,-3.00869
2337.02,0.0179616,0.000179616,9409,5.3517,0,-3.02267
2338.09,0.0179451,0.000179451,9410,5.34039,0,-3.03661
2339.16,0.0179287,0.000179287,9411,5.32906,0,-3.0505
2340.22,0.0179124,0.000179124,9412,5.3177,0,-3.06435
2341.29,0.0178961,0.000178962,9413,5.30632,0,-3.07816
2342.35,0.0178799,0.000178799,9414,5.29491,0,-3.09193
2343.41,0.0178638,0.000178638,9415,5.28347,0,-3.10565
2344.46,0.0178477,0.000178477,9416,5.27201,0,-3.11933
2345.52,0.0178316,0.000178316,9417,5.26053,0,-3.13297
2346.57,0.0178157,0.000178157,9418,5.24902,0,-3.14657
2347.62,0.0177997,0.000177997,9419,5.23748,0,-3.16013
2348.67,0.0177839,0.000177839,9420,5.22592,0,-3.17364
2349.71,0.017768,0.00017768,9421,5.21434,0,-3.18712
2350.76,0.0177523,0.000177523,9422,5.20273,0,-3.20055
2351.8,0.0177366,0.000177366,9423,5.1911,0,-3.21394
2352.83,0.0177209,0.000177209,9424,5.17944,0,-3.22728
2353.87,0.0177053,0.000177053,9425,5.16776,0,-3.24059
2354.9,0.0176898,0.000176898,9426,5.15606,0,-3.25385
2355.93,0.0176743,0.000176743,9427,5.14433,0,-3.26708
2356.96,0.0176589,0.000176589,9428,5.13258,0,-3.28026
2357.99,0.0176435,0.000176435,9429,5.1208,0,-3.2934
2359.01,0.0176282,0.000176282,9430,5.109,0,-3.30649
2360.03,0.017613,0.00017613,9431,5.09718,0,-3.31955
2361.05,0.0175978,0.000175978,9432,5.08534,0,-3.33257
2362.07,0.0175826,0.000175826,9433,5.07347,0,-3.34554
2363.08,0.0175675,0.000175675,9434,5.06158,0,-3.35847
2364.1,0.0175525,0.000175525,9435,5.04967,0,-3.37136
2365.1,0.0175375,0.000175375,9436,5.03773,0,-3.38421
2366.11,0.0175226,0.000175226,9437,5.02577,0,-3.39702
2367.12,0.0175077,0.000175077,9438,5.01379,0,-3.40979
2368.12,0.0174929,0.000174929,9439,5.00179,0,-3.42251
2369.12,0.0174782,0.000174782,9440,4.98977,0,-3.4352
2370.12,0.0174634,0.000174634,9441,4.97772,0,-3.44784
2371.11,0.0174488,0.000174488,9442,4.96565,0,-3.46044
2372.1,0.0174342,0.000174342,9443,4.95356,0,-3.473
2373.09,0.0174197,0.000174197,9444,4.94145,0,-3.48552
2374.08,0.0174052,0.000174052,9445,4.92932,0,-3.498
2375.07,0.0173907,0.000173907,9446,4.91716,0,-3.51044
2376.05,0.0173763,0.000173763,9447,4.90498,0,-3.52284
2377.03,0.017362,0.00017362,9448,4.89279,0,-3.53519
2378.01,0.0173477,0.000173477,9449,4.88057,0,-3.54751
2378.98,0.0173335,0.000173335,9450,4.86833,0,-3.55978
2379.95,0.0173194,0.000173194,9451,4.85607,0,-3.57202
2380.93,0.0173052,0.000173052,9452,4.84379,0,-3.58421
2381.89,0.0172912,0.000172912,9453,4.83149,0,-3.59636
2382.86,0.0172772,0.000172772,9454,4.81917,0,-3.60847
2383.82,0.0172632,0.000172632,9455,4.80683,0,-3.62054
2384.78,0.0172493,0.000172493,9456,4.79447,0,-3.63257
2385.74,0.0172355,0.000172355,9457,4.78208,0,-3.64456
2386.7,0.0172217,0.000172217,9458,4.76968,0,-3.65651
2387.65,0.0172079,0.000172079,9459,4.75726,0,-3.66842
2388.6,0.0171942,0.000171942,9460,4.74482,0,-3.68029
2389.55,0.0171806,0.000171806,9461,4.73236,0,-3.69211
2390.49,0.017167,0.00017167,9462,4.71988,0,-3.7039
2391.44,0.0171535,0.000171535,9463,4.70738,0,-3.71565
2392.38,0.01714,0.0001714,9464,4.69486,0,-3.72736
2393.31,0.0171265,0.000171265,9465,4.68232,0,-3.73902
2394.25,0.0171132,0.000171132,9466,4.66976,0,-3.75065
2395.18,0.0170998,0.000170998,9467,4.65718,0,-3.76223
2396.11,0.0170866,0.000170866,9468,4.64459,0,-3.77378
2397.04,0.0170733,0.000170733,9469,4.63197,0,-3.78528
2397.96,0.0170602,0.000170602,9470,4.61934,0,-3.79675
2398.89,0.0170471,0.000170471,9471,4.60669,0,-3.80817
2399.81,0.017034,0.00017034,9472,4.59402,0,-3.81956
2400.72,0.017021,0.00017021,9473,4.58133,0,-3.8309
2401.64,0.017008,0.00017008,9474,4.56862,0,-3.84221
2402.55,0.0169951,0.000169951,9475,4.5559,0,-3.85347
2403.46,0.0169822,0.000169822,9476,4.54315,0,-3.8647
2404.37,0.0169694,0.000169694,9477,4.53039,0,-3.87588
2405.27,0.0169566,0.000169566,9478,4.51761,0,-3.88703
2406.18,0.0169439,0.000169439,9479,4.50482,0,-3.89814
2407.08,0.0169313,0.000169313,9480,4.492,0,-3.9092
2407.97,0.0169187,0.000169187,9481,4.47917,0,-3.92023
2408.87,0.0169061,0.000169061,9482,4.46632,0,-3.93121
2409.76,0.0168936,0.000168936,9483,4.45345,0,-3.94216
2410.65,0.0168811,0.000168811,9484,4.44057,0,-3.95307
2411.53,0.0168687,0.000168687,9485,4.42767,0,-3.96394
2412.42,0.0168564,0.000168564,9486,4.41475,0,-3.97477
2413.3,0.016844,0.00016844,9487,4.40181,0,-3.98555
2414.18,0.0168318,0.000168318,9488,4.38886,0,-3.9963
2415.05,0.0168196,0.000168196,9489,4.37589,0,-4.00701
2415.93,0.0168074,0.000168074,9490,4.36291,0,-4.01768
2416.8,0.0167953,0.000167953,9491,4.3499,0,-4.02832
2417.67,0.0167832,0.000167832,9492,4.33689,0,-4.03891
2418.53,0.0167712,0.000167712,9493,4.32385,0,-4.04946
2419.4,0.0167593,0.000167593,9494,4.3108,0,-4.05997
2420.26,0.0167474,0.000167474,9495,4.29773,0,-4.07045
2421.11,0.0167355,0.000167355,9496,4.28465,0,-4.08088
2421.97,0.0167237,0.000167237,9497,4.27155,0,-4.09128
2422.82,0.0167119,0.000167119,9498,4.25843,0,-4.10163
2423.67,0.0167002,0.000167002,9499,4.2453,0,-4.11195
2424.52,0.0166885,0.000166885,9500,4.23215,0,-4.12223
2425.36,0.0166769,0.000166769,9501,4.21899,0,-4.13247
2426.21,0.0166653,0.000166653,9502,4.20581,0,-4.14267
2427.05,0.0166538,0.000166538,9503,4.19262,0,-4.15283
2427.88,0.0166423,0.000166423,9504,4.17941,0,-4.16296
2428.72,0.0166309,0.000166309,9505,4.16618,0,-4.17304
2429.55,0.0166195,0.000166195,9506,4.15294,0,-4.18309
2430.38,0.0166082,0.000166082,9507,4.13969,0,-4.19309
2431.2,0.0165969,0.000165969,9508,4.12642,0,-4.20306
2432.03,0.0165857,0.000165857,9509,4.11313,0,-4.21299
2432.85,0.0165745,0.000165745,9510,4.09983,0,-4.22288
2433.66,0.0165633,0.000165633,9511,4.08652,0,-4.23273
2434.48,0.0165522,0.000165522,9512,4.07319,0,-4.24255
2435.29,0.0165412,0.000165412,9513,4.05984,0,-4.25232
2436.1,0.0165302,0.000165302,9514,4.04649,0,-4.26206
2436.91,0.0165193,0.000165193,9515,4.03311,0,-4.27176
2437.71,0.0165084,0.000165084,9516,4.01973,0,-4.28142
2438.51,0.0164975,0.000164975,9517,4.00632,0,-4.29104
2439.31,0.0164867,0.000164867,9518,3.99291,0,-4.30062
2440.11,0.0164759,0.000164759,9519,3.97948,0,-4.31016
2440.9,0.0164652,0.000164652,9520,3.96603,0,-4.31967
2441.7,0.0164546,0.000164546,9521,3.95258,0,-4.32914
2442.48,0.0164439,0.000164439,9522,3.9391,0,-4.33857
2443.27,0.0164334,0.000164334,9523,3.92562,0,-4.34796
2444.05,0.0164228,0.000164228,9524,3.91212,0,-4.35731
2444.83,0.0164124,0.000164124,9525,3.89861,0,-4.36663
2445.61,0.0164019,0.000164019,9526,3.88508,0,-4.3759
2446.38,0.0163915,0.000163915,9527,3.87154,0,-4.38514
2447.16,0.0163812,0.000163812,9528,3.85799,0,-4.39434
2447.93,0.0163709,0.000163709,9529,3.84442,0,-4.40351
2448.69,0.0163607,0.000163607,9530,3.83084,0,-4.41263
2449.46,0.0163505,0.000163505,9531,3.81725,0,-4.42172
2450.22,0.0163403,0.000163403,9532,3.80364,0,-4.43077
2450.97,0.0163302,0.000163302,9533,3.79002,0,-4.43978
2451.73,0.0163201,0.000163201,9534,3.77639,0,-4.44875
2452.48,0.0163101,0.000163101,9535,3.76275,0,-4.45769
2453.23,0.0163001,0.000163001,9536,3.74909,0,-4.46659
2453.98,0.0162902,0.000162902,9537,3.73542,0,-4.47545
2454.72,0.0162803,0.000162803,9538,3.72174,0,-4.48427
2455.47,0.0162705,0.000162705,9539,3.70804,0,-4.49306
2456.21,0.0162607,0.000162607,9540,3.69434,0,-4.5018
2456.94,0.016251,0.00016251,9541,3.68062,0,-4.51051
2457.68,0.0162413,0.000162413,9542,3.66689,0,-4.51919
2458.41,0.0162316,0.000162316,9543,3.65314,0,-4.52782
2459.13,0.016222,0.00016222,9544,3.63938,0,-4.53642
2459.86,0.0162124,0.000162124,9545,3.62562,0,-4.54498
2460.58,0.0162029,0.000162029,9546,3.61184,0,-4.5535
2461.3,0.0161935,0.000161935,9547,3.59804,0,-4.56199
2462.02,0.016184,0.00016184,9548,3.58424,0,-4.57043
2462.73,0.0161746,0.000161746,9549,3.57042,0,-4.57884
2463.44,0.0161653,0.000161653,9550,3.5566,0,-4.58722
2464.15,0.016156,0.00016156,9551,3.54276,0,-4.59555
2464.86,0.0161468,0.000161468,9552,3.52891,0,-4.60385
2465.56,0.0161376,0.000161376,9553,3.51504,0,-4.61211
2466.26,0.0161284,0.000161284,9554,3.50117,0,-4.62034
2466.96,0.0161193,0.000161193,9555,3.48728,0,-4.62853
2467.65,0.0161102,0.000161102,9556,3.47339,0,-4.63668
2468.34,0.0161012,0.000161012,9557,3.45948,0,-4.64479
2469.03,0.0160922,0.000160922,9558,3.44556,0,-4.65287
2469.72,0.0160832,0.000160832,9559,3.43163,0,-4.66091
2470.4,0.0160743,0.000160743,9560,3.41769,0,-4.66891
2471.08,0.0160655,0.000160655,9561,3.40374,0,-4.67687
2471.76,0.0160567,0.000160567,9562,3.38978,0,-4.6848
2472.44,0.0160479,0.000160479,9563,3.3758,0,-4.69269
2473.11,0.0160392,0.000160392,9564,3.36182,0,-4.70055
2473.78,0.0160305,0.000160305,9565,3.34782,0,-4.70837
2474.44,0.0160219,0.000160219,9566,3.33382,0,-4.71615
2475.11,0.0160133,0.000160133,9567,3.3198,0,-4.72389
2475.77,0.0160047,0.000160047,9568,3.30578,0,-4.7316
2476.43,0.0159962,0.000159962,9569,3.29174,0,-4.73927
2477.08,0.0159878,0.000159878,9570,3.27769,0,-4.74691
2477.73,0.0159794,0.000159794,9571,3.26364,0,-4.75451
2478.38,0.015971,0.00015971,9572,3.24957,0,-4.76207
2479.03,0.0159627,0.000159627,9573,3.23549,0,-4.76959
2479.67,0.0159544,0.000159544,9574,3.2214,0,-4.77708
2480.32,0.0159461,0.000159461,9575,3.20731,0,-4.78453
2480.95,0.0159379,0.000159379,9576,3.1932,0,-4.79195
2481.59,0.0159298,0.000159298,9577,3.17908,0,-4.79933
2482.22,0.0159216,0.000159216,9578,3.16495,0,-4.80667
2482.85,0.0159136,0.000159136,9579,3.15082,0,-4.81398
2483.48,0.0159055,0.000159055,9580,3.13667,0,-4.82125
2484.1,0.0158975,0.000158975,9581,3.12251,0,-4.82848
2484.72,0.0158896,0.000158896,9582,3.10835,0,-4.83568
2485.34,0.0158817,0.000158817,9583,3.09417,0,-4.84284
2485.96,0.0158738,0.000158738,9584,3.07999,0,-4.84997
2486.57,0.015866,0.00015866,9585,3.06579,0,-4.85706
2487.18,0.0158582,0.000158582,9586,3.05159,0,-4.86411
2487.79,0.0158505,0.000158505,9587,3.03738,0,-4.87113
2488.39,0.0158428,0.000158428,9588,3.02316,0,-4.87811
2488.99,0.0158351,0.000158351,9589,3.00893,0,-4.88505
2489.59,0.0158275,0.000158275,9590,2.99469,0,-4.89196
2490.19,0.01582,0.0001582,9591,2.98044,0,-4.89884
2490.78,0.0158124,0.000158124,9592,2.96618,0,-4.90567
2491.37,0.015805,0.00015805,9593,2.95191,0,-4.91247
2491.95,0.0157975,0.000157975,9594,2.93764,0,-4.91924
2492.54,0.0157901,0.000157901,9595,2.92335,0,-4.92597
2493.12,0.0157827,0.000157828,9596,2.90906,0,-4.93266
2493.7,0.0157754,0.000157754,9597,2.89476,0,-4.93932
2494.27,0.0157682,0.000157682,9598,2.88045,0,-4.94594
2494.85,0.0157609,0.000157609,9599,2.86613,0,-4.95253
2495.42,0.0157537,0.000157537,9600,2.8518,0,-4.95908
2495.98,0.0157466,0.000157466,9601,2.83746,0,-4.96559
2496.55,0.0157395,0.000157395,9602,2.82312,0,-4.97207
2497.11,0.0157324,0.000157324,9603,2.80877,0,-4.97851
2497.67,0.0157254,0.000157254,9604,2.79441,0,-4.98492
2498.22,0.0157184,0.000157184,9605,2.78004,0,-4.99129
2498.77,0.0157114,0.000157114,9606,2.76566,0,-4.99763
2499.32,0.0157045,0.000157045,9607,2.75128,0,-5.00393
2499.87,0.0156977,0.000156977,9608,2.73688,0,-5.0102
2500.41,0.0156908,0.000156908,9609,2.72248,0,-5.01643
2500.95,0.015684,0.00015684,9610,2.70807,0,-5.02262
2501.49,0.0156773,0.000156773,9611,2.69366,0,-5.02878
2502.02,0.0156706,0.000156706,9612,2.67923,0,-5.0349
2502.56,0.0156639,0.000156639,9613,2.6648,0,-5.04099
2503.09,0.0156573,0.000156573,9614,2.65036,0,-5.04704
2503.61,0.0156507,0.000156507,9615,2.63591,0,-5.05306
2504.14,0.0156442,0.000156442,9616,2.62146,0,-5.05904
2504.66,0.0156377,0.000156377,9617,2.60699,0,-5.06499
2505.17,0.0156312,0.000156312,9618,2.59252,0,-5.0709
2505.69,0.0156248,0.000156248,9619,2.57804,0,-5.07678
2506.2,0.0156184,0.000156184,9620,2.56356,0,-5.08262
2506.71,0.0156121,0.000156121,9621,2.54907,0,-5.08842
2507.21,0.0156058,0.000156058,9622,2.53457,0,-5.0942
2507.72,0.0155995,0.000155995,9623,2.52006,0,-5.09993
2508.22,0.0155933,0.000155933,9624,2.50555,0,-5.10563
2508.71,0.0155872,0.000155872,9625,2.49103,0,-5.1113
2509.21,0.015581,0.00015581,9626,2.4765,0,-5.11693
2509.7,0.0155749,0.000155749,9627,2.46196,0,-5.12252
2510.19,0.0155689,0.000155689,9628,2.44742,0,-5.12808
2510.67,0.0155628,0.000155628,9629,2.43287,0,-5.13361
2511.16,0.0155569,0.000155569,9630,2.41832,0,-5.1391
2511.63,0.0155509,0.000155509,9631,2.40375,0,-5.14456
2512.11,0.015545,0.00015545,9632,2.38918,0,-5.14998
2512.59,0.0155392,0.000155392,9633,2.37461,0,-5.15536
2513.06,0.0155333,0.000155333,9634,2.36003,0,-5.16071
2513.52,0.0155276,0.000155276,9635,2.34544,0,-5.16603
2513.99,0.0155218,0.000155218,9636,2.33084,0,-5.17131
2514.45,0.0155161,0.000155161,9637,2.31624,0,-5.17656
2514.91,0.0155105,0.000155104,9638,2.30163,0,-5.18177
2515.37,0.0155048,0.000155048,9639,2.28701,0,-5.18694
2515.82,0.0154992,0.000154992,9640,2.27239,0,-5.19209
2516.27,0.0154937,0.000154937,9641,2.25777,0,-5.1972
2516.72,0.0154882,0.000154882,9642,2.24313,0,-5.20227
2517.16,0.0154827,0.000154827,9643,2.22849,0,-5.20731
2517.6,0.0154773,0.000154773,9644,2.21385,0,-5.21231
2518.04,0.0154719,0.000154719,9645,2.19919,0,-5.21728
2518.48,0.0154666,0.000154666,9646,2.18454,0,-5.22221
2518.91,0.0154612,0.000154612,9647,2.16987,0,-5.22711
2519.34,0.015456,0.00015456,9648,2.1552,0,-5.23198
2519.76,0.0154507,0.000154507,9649,2.14052,0,-5.23681
2520.19,0.0154455,0.000154455,9650,2.12584,0,-5.2416
2520.61,0.0154404,0.000154404,9651,2.11115,0,-5.24637
2521.03,0.0154353,0.000154353,9652,2.09646,0,-5.25109
2521.44,0.0154302,0.000154302,9653,2.08176,0,-5.25579
2521.85,0.0154251,0.000154251,9654,2.06706,0,-5.26044
2522.26,0.0154201,0.000154201,9655,2.05235,0,-5.26507
2522.67,0.0154152,0.000154152,9656,2.03763,0,-5.26966
2523.07,0.0154103,0.000154103,9657,2.02291,0,-5.27421
2523.47,0.0154054,0.000154054,9658,2.00818,0,-5.27873
2523.87,0.0154005,0.000154005,9659,1.99345,0,-5.28322
2524.26,0.0153957,0.000153957,9660,1.97871,0,-5.28767
2524.65,0.015391,0.000153909,9661,1.96397,0,-5.29209
2525.04,0.0153862,0.000153862,9662,1.94922,0,-5.29647
2525.43,0.0153815,0.000153815,9663,1.93447,0,-5.30082
2525.81,0.0153769,0.000153769,9664,1.91971,0,-5.30514
2526.19,0.0153723,0.000153723,9665,1.90494,0,-5.30942
2526.56,0.0153677,0.000153677,9666,1.89017,0,-5.31367
2526.94,0.0153631,0.000153631,9667,1.8754,0,-5.31788
2527.31,0.0153586,0.000153586,9668,1.86062,0,-5.32206
2527.68,0.0153542,0.000153542,9669,1.84583,0,-5.3262
2528.04,0.0153497,0.000153497,9670,1.83105,0,-5.33031
2528.4,0.0153453,0.000153453,9671,1.81625,0,-5.33439
2528.76,0.015341,0.00015341,9672,1.80145,0,-5.33843
2529.12,0.0153367,0.000153367,9673,1.78665,0,-5.34244
2529.47,0.0153324,0.000153324,9674,1.77184,0,-5.34641
2529.82,0.0153282,0.000153282,9675,1.75703,0,-5.35035
2530.16,0.015324,0.00015324,9676,1.74221,0,-5.35426
2530.51,0.0153198,0.000153198,9677,1.72739,0,-5.35813
2530.85,0.0153157,0.000153157,9678,1.71256,0,-5.36197
2531.19,0.0153116,0.000153116,9679,1.69773,0,-5.36577
2531.52,0.0153076,0.000153076,9680,1.68289,0,-5.36954
2531.85,0.0153035,0.000153035,9681,1.66805,0,-5.37328
2532.18,0.0152996,0.000152996,9682,1.65321,0,-5.37698
2532.51,0.0152956,0.000152956,9683,1.63836,0,-5.38065
2532.83,0.0152917,0.000152917,9684,1.6235,0,-5.38428
2533.15,0.0152879,0.000152879,9685,1.60865,0,-5.38788
2533.47,0.0152841,0.000152841,9686,1.59378,0,-5.39145
2533.78,0.0152803,0.000152803,9687,1.57892,0,-5.39498
2534.09,0.0152765,0.000152765,9688,1.56405,0,-5.39848
2534.4,0.0152728,0.000152728,9689,1.54917,0,-5.40195
2534.7,0.0152691,0.000152691,9690,1.53429,0,-5.40538
2535.01,0.0152655,0.000152655,9691,1.51941,0,-5.40877
2535.3,0.0152619,0.000152619,9692,1.50453,0,-5.41214
2535.6,0.0152583,0.000152583,9693,1.48963,0,-5.41547
2535.89,0.0152548,0.000152548,9694,1.47474,0,-5.41877
2536.18,0.0152513,0.000152513,9695,1.45984,0,-5.42203
2536.47,0.0152479,0.000152479,9696,1.44494,0,-5.42526
2536.75,0.0152445,0.000152445,9697,1.43003,0,-5.42845
2537.04,0.0152411,0.000152411,9698,1.41512,0,-5.43161
2537.31,0.0152378,0.000152378,9699,1.40021,0,-5.43474
2537.59,0.0152345,0.000152345,9700,1.38529,0,-5.43784
2537.86,0.0152312,0.000152312,9701,1.37037,0,-5.4409
2538.13,0.015228,0.00015228,9702,1.35545,0,-5.44392
2538.39,0.0152248,0.000152248,9703,1.34052,0,-5.44692
2538.66,0.0152216,0.000152216,9704,1.32559,0,-5.44988
2538.92,0.0152185,0.000152185,9705,1.31066,0,-5.45281
2539.17,0.0152154,0.000152154,9706,1.29572,0,-5.4557
2539.43,0.0152124,0.000152124,9707,1.28078,0,-5.45856
2539.68,0.0152094,0.000152094,9708,1.26583,0,-5.46138
2539.93,0.0152064,0.000152064,9709,1.25089,0,-5.46418
2540.17,0.0152035,0.000152035,9710,1.23593,0,-5.46693
2540.41,0.0152006,0.000152006,9711,1.22098,0,-5.46966
2540.65,0.0151977,0.000151977,9712,1.20602,0,-5.47235
2540.89,0.0151949,0.000151949,9713,1.19106,0,-5.47501
2541.12,0.0151921,0.000151921,9714,1.1761,0,-5.47763
2541.35,0.0151894,0.000151894,9715,1.16113,0,-5.48023
2541.58,0.0151866,0.000151866,9716,1.14616,0,-5.48278
2541.8,0.015184,0.00015184,9717,1.13119,0,-5.48531
2542.02,0.0151813,0.000151813,9718,1.11621,0,-5.4878
2542.24,0.0151787,0.000151787,9719,1.10124,0,-5.49026
2542.46,0.0151762,0.000151762,9720,1.08625,0,-5.49268
2542.67,0.0151736,0.000151736,9721,1.07127,0,-5.49507
2542.88,0.0151711,0.000151711,9722,1.05628,0,-5.49743
2543.08,0.0151687,0.000151687,9723,1.04129,0,-5.49976
2543.29,0.0151663,0.000151663,9724,1.0263,0,-5.50205
2543.49,0.0151639,0.000151639,9725,1.01131,0,-5.5043
2543.68,0.0151615,0.000151615,9726,0.996309,0,-5.50653
2543.88,0.0151592,0.000151592,9727,0.981309,0,-5.50872
2544.07,0.015157,0.00015157,9728,0.966307,0,-5.51088
2544.25,0.0151547,0.000151547,9729,0.951302,0,-5.513
2544.44,0.0151525,0.000151525,9730,0.936294,0,-5.51509
2544.62,0.0151504,0.000151504,9731,0.921284,0,-5.51715
2544.8,0.0151482,0.000151482,9732,0.906272,0,-5.51918
2544.98,0.0151461,0.000151461,9733,0.891257,0,-5.52117
2545.15,0.0151441,0.000151441,9734,0.87624,0,-5.52312
2545.32,0.0151421,0.000151421,9735,0.861221,0,-5.52505
2545.48,0.0151401,0.000151401,9736,0.8462,0,-5.52694
2545.65,0.0151381,0.000151381,9737,0.831176,0,-5.5288
2545.81,0.0151362,0.000151362,9738,0.81615,0,-5.53062
2545.97,0.0151343,0.000151343,9739,0.801122,0,-5.53242
2546.12,0.0151325,0.000151325,9740,0.786092,0,-5.53417
2546.27,0.0151307,0.000151307,9741,0.77106,0,-5.5359
2546.42,0.0151289,0.000151289,9742,0.756026,0,-5.53759
2546.57,0.0151272,0.000151272,9743,0.74099,0,-5.53925
2546.71,0.0151255,0.000151255,9744,0.725952,0,-5.54088
2546.85,0.0151239,0.000151239,9745,0.710913,0,-5.54247
2546.99,0.0151222,0.000151222,9746,0.695871,0,-5.54403
2547.12,0.0151207,0.000151207,9747,0.680828,0,-5.54556
2547.25,0.0151191,0.000151191,9748,0.665782,0,-5.54705
2547.38,0.0151176,0.000151176,9749,0.650736,0,-5.54851
2547.5,0.0151161,0.000151161,9750,0.635687,0,-5.54994
2547.62,0.0151147,0.000151147,9751,0.620637,0,-5.55133
2547.74,0.0151133,0.000151133,9752,0.605585,0,-5.55269
2547.86,0.0151119,0.000151119,9753,0.590531,0,-5.55402
2547.97,0.0151106,0.000151106,9754,0.575476,0,-5.55531
2548.08,0.0151093,0.000151093,9755,0.56042,0,-5.55658
2548.18,0.015108,0.00015108,9756,0.545362,0,-5.5578
2548.29,0.0151068,0.000151068,9757,0.530302,0,-5.559
2548.39,0.0151056,0.000151056,9758,0.515242,0,-5.56016
2548.48,0.0151045,0.000151045,9759,0.500179,0,-5.56129
2548.58,0.0151033,0.000151033,9760,0.485116,0,-5.56239
2548.67,0.0151023,0.000151023,9761,0.470051,0,-5.56345
2548.76,0.0151012,0.000151012,9762,0.454985,0,-5.56448
2548.84,0.0151002,0.000151002,9763,0.439918,0,-5.56548
2548.93,0.0150992,0.000150992,9764,0.424849,0,-5.56644
2549,0.0150983,0.000150983,9765,0.40978,0,-5.56737
2549.08,0.0150974,0.000150974,9766,0.394709,0,-5.56827
2549.15,0.0150965,0.000150965,9767,0.379637,0,-5.56913
2549.22,0.0150957,0.000150957,9768,0.364564,0,-5.56996
2549.29,0.0150949,0.000150949,9769,0.349491,0,-5.57076
2549.35,0.0150942,0.000150942,9770,0.334416,0,-5.57153
2549.42,0.0150934,0.000150934,9771,0.31934,0,-5.57226
2549.47,0.0150927,0.000150927,9772,0.304264,0,-5.57296
2549.53,0.0150921,0.000150921,9773,0.289186,0,-5.57363
2549.58,0.0150915,0.000150915,9774,0.274108,0,-5.57426
2549.63,0.0150909,0.000150909,9775,0.259029,0,-5.57486
2549.67,0.0150904,0.000150904,9776,0.24395,0,-5.57543
2549.72,0.0150899,0.000150899,9777,0.228869,0,-5.57596
2549.76,0.0150894,0.000150894,9778,0.213788,0,-5.57646
2549.79,0.0150889,0.000150889,9779,0.198706,0,-5.57693
2549.83,0.0150885,0.000150885,9780,0.183624,0,-5.57736
2549.86,0.0150882,0.000150882,9781,0.168541,0,-5.57777
2549.89,0.0150879,0.000150879,9782,0.153458,0,-5.57814
2549.91,0.0150876,0.000150876,9783,0.138374,0,-5.57847
2549.93,0.0150873,0.000150873,9784,0.12329,0,-5.57877
2549.95,0.0150871,0.000150871,9785,0.108205,0,-5.57904
2549.97,0.0150869,0.000150869,9786,0.0931201,0,-5.57928
2549.98,0.0150868,0.000150868,9787,0.0780347,0,-5.57949
2549.99,0.0150867,0.000150867,9788,0.062949,0,-5.57966
2549.99,0.0150866,0.000150866,9789,0.0478631,0,-5.57979
2550,0.0150865,0.000150865,9790,0.0327769,0,-5.5799
2550,0.0150865,0.000150865,9791,0.0176906,0,-5.57997
2550,0.0150866,0.000150866,9792,0.00260405,0,-5.58001
2549.99,0.0150866,0.000150866,9793,-0.0124826,0,-5.58002
2549.98,0.0150867,0.000150867,9794,-0.0275693,0,-5.57999
2549.97,0.0150869,0.000150869,9795,-0.042656,0,-5.57993
2549.95,0.015087,0.00015087,9796,-0.0577428,0,-5.57984
2549.94,0.0150873,0.000150873,9797,-0.0728295,0,-5.57971
2549.92,0.0150875,0.000150875,9798,-0.0879162,0,-5.57955
2549.89,0.0150878,0.000150878,9799,-0.103003,0,-5.57936
2549.87,0.0150881,0.000150881,9800,-0.118089,0,-5.57913
2549.84,0.0150885,0.000150885,9801,-0.133175,0,-5.57888
2549.8,0.0150888,0.000150888,9802,-0.148261,0,-5.57858
2549.77,0.0150893,0.000150893,9803,-0.163347,0,-5.57826
2549.73,0.0150897,0.000150897,9804,-0.178433,0,-5.5779
2549.69,0.0150902,0.000150902,9805,-0.193518,0,-5.57751
2549.64,0.0150908,0.000150908,9806,-0.208603,0,-5.57709
2549.59,0.0150913,0.000150913,9807,-0.223687,0,-5.57663
2549.54,0.0150919,0.000150919,9808,-0.238771,0,-5.57614
2549.49,0.0150926,0.000150926,9809,-0.253855,0,-5.57562
2549.43,0.0150933,0.000150932,9810,-0.268938,0,-5.57507
2549.37,0.015094,0.00015094,9811,-0.28402,0,-5.57448
2549.31,0.0150947,0.000150947,9812,-0.299102,0,-5.57386
2549.24,0.0150955,0.000150955,9813,-0.314183,0,-5.5732
2549.17,0.0150963,0.000150963,9814,-0.329264,0,-5.57251
2549.1,0.0150972,0.000150972,9815,-0.344344,0,-5.57179
2549.02,0.0150981,0.000150981,9816,-0.359423,0,-5.57104
2548.95,0.015099,0.00015099,9817,-0.374502,0,-5.57025
2548.86,0.0151,0.000151,9818,-0.389579,0,-5.56943
2548.78,0.015101,0.00015101,9819,-0.404656,0,-5.56858
2548.69,0.015102,0.00015102,9820,-0.419732,0,-5.56769
2548.6,0.0151031,0.000151031,9821,-0.434807,0,-5.56677
2548.51,0.0151042,0.000151042,9822,-0.449881,0,-5.56582
2548.41,0.0151053,0.000151053,9823,-0.464954,0,-5.56484
2548.31,0.0151065,0.000151065,9824,-0.480027,0,-5.56382
2548.21,0.0151077,0.000151077,9825,-0.495098,0,-5.56277
2548.11,0.015109,0.00015109,9826,-0.510168,0,-5.56168
2548,0.0151102,0.000151102,9827,-0.525236,0,-5.56056
2547.88,0.0151116,0.000151116,9828,-0.540304,0,-5.55941
2547.77,0.0151129,0.000151129,9829,-0.555371,0,-5.55823
2547.65,0.0151143,0.000151143,9830,-0.570436,0,-5.55701
2547.53,0.0151158,0.000151158,9831,-0.5855,0,-5.55576
2547.41,0.0151172,0.000151172,9832,-0.600562,0,-5.55448
2547.28,0.0151187,0.000151187,9833,-0.615624,0,-5.55316
2547.15,0.0151203,0.000151203,9834,-0.630683,0,-5.55181
2547.02,0.0151218,0.000151218,9835,-0.645742,0,-5.55043
2546.88,0.0151234,0.000151234,9836,-0.660799,0,-5.54901
2546.74,0.0151251,0.000151251,9837,-0.675854,0,-5.54756
2546.6,0.0151268,0.000151268,9838,-0.690908,0,-5.54608
2546.46,0.0151285,0.000151285,9839,-0.705961,0,-5.54456
2546.31,0.0151303,0.000151303,9840,-0.721011,0,-5.54301
2546.16,0.015132,0.00015132,9841,-0.736061,0,-5.54143
2546.01,0.0151339,0.000151339,9842,-0.751108,0,-5.53982
2545.85,0.0151357,0.000151357,9843,-0.766154,0,-5.53817
2545.69,0.0151376,0.000151376,9844,-0.781198,0,-5.53649
2545.53,0.0151396,0.000151396,9845,-0.79624,0,-5.53477
2545.36,0.0151416,0.000151416,9846,-0.81128,0,-5.53302
2545.19,0.0151436,0.000151436,9847,-0.826318,0,-5.53124
2545.02,0.0151456,0.000151456,9848,-0.841355,0,-5.52942
2544.84,0.0151477,0.000151477,9849,-0.856389,0,-5.52758
2544.67,0.0151498,0.000151498,9850,-0.871422,0,-5.52569
2544.49,0.015152,0.00015152,9851,-0.886452,0,-5.52378
2544.3,0.0151542,0.000151542,9852,-0.901481,0,-5.52183
2544.11,0.0151564,0.000151564,9853,-0.916507,0,-5.51985
2543.92,0.0151586,0.000151586,9854,-0.931531,0,-5.51784
2543.73,0.015161,0.00015161,9855,-0.946553,0,-5.51579
2543.54,0.0151633,0.000151633,9856,-0.961573,0,-5.51371
2543.34,0.0151657,0.000151657,9857,-0.97659,0,-5.51159
2543.13,0.0151681,0.000151681,9858,-0.991606,0,-5.50944
2542.93,0.0151705,0.000151705,9859,-1.00662,0,-5.50726
2542.72,0.015173,0.00015173,9860,-1.02163,0,-5.50505
2542.51,0.0151755,0.000151755,9861,-1.03664,0,-5.5028
2542.3,0.0151781,0.000151781,9862,-1.05164,0,-5.50052
2542.08,0.0151807,0.000151807,9863,-1.06665,0,-5.4982
2541.86,0.0151833,0.000151833,9864,-1.08165,0,-5.49585
2541.64,0.015186,0.00015186,9865,-1.09664,0,-5.49347
2541.41,0.0151887,0.000151887,9866,-1.11164,0,-5.49105
2541.18,0.0151914,0.000151914,9867,-1.12663,0,-5.48861
2540.95,0.0151942,0.000151942,9868,-1.14162,0,-5.48612
2540.71,0.015197,0.00015197,9869,-1.15661,0,-5.48361
2540.47,0.0151998,0.000151998,9870,-1.17159,0,-5.48106
2540.23,0.0152027,0.000152027,9871,-1.18658,0,-5.47847
2539.99,0.0152057,0.000152057,9872,-1.20155,0,-5.47586
2539.74,0.0152086,0.000152086,9873,-1.21653,0,-5.47321
2539.49,0.0152116,0.000152116,9874,-1.2315,0,-5.47052
2539.24,0.0152146,0.000152146,9875,-1.24647,0,-5.46781
2538.98,0.0152177,0.000152177,9876,-1.26144,0,-5.46505
2538.72,0.0152208,0.000152208,9877,-1.2764,0,-5.46227
2538.46,0.015224,0.00015224,9878,-1.29137,0,-5.45945
2538.2,0.0152271,0.000152271,9879,-1.30632,0,-5.4566
2537.93,0.0152304,0.000152304,9880,-1.32128,0,-5.45371
2537.66,0.0152336,0.000152336,9881,-1.33623,0,-5.4508
2537.38,0.0152369,0.000152369,9882,-1.35118,0,-5.44784
2537.11,0.0152402,0.000152402,9883,-1.36612,0,-5.44486
2536.83,0.0152436,0.000152436,9884,-1.38106,0,-5.44184
2536.54,0.015247,0.00015247,9885,-1.396,0,-5.43878
2536.26,0.0152505,0.000152505,9886,-1.41094,0,-5.4357
2535.97,0.0152539,0.000152539,9887,-1.42587,0,-5.43257
2535.68,0.0152574,0.000152574,9888,-1.44079,0,-5.42942
2535.38,0.015261,0.00015261,9889,-1.45572,0,-5.42623
2535.08,0.0152646,0.000152646,9890,-1.47064,0,-5.42301
2534.78,0.0152682,0.000152682,9891,-1.48556,0,-5.41975
2534.48,0.0152719,0.000152719,9892,-1.50047,0,-5.41646
2534.17,0.0152756,0.000152756,9893,-1.51538,0,-5.41314
2533.86,0.0152793,0.000152793,9894,-1.53028,0,-5.40978
2533.55,0.0152831,0.000152831,9895,-1.54519,0,-5.40639
2533.23,0.0152869,0.000152869,9896,-1.56008,0,-5.40296
2532.91,0.0152908,0.000152908,9897,-1.57498,0,-5.3995
2532.59,0.0152946,0.000152946,9898,-1.58987,0,-5.39601
2532.26,0.0152986,0.000152986,9899,-1.60476,0,-5.39248
2531.94,0.0153025,0.000153025,9900,-1.61964,0,-5.38892
2531.61,0.0153065,0.000153065,9901,-1.63452,0,-5.38532
2531.27,0.0153106,0.000153106,9902,-1.64939,0,-5.38169
2530.93,0.0153146,0.000153146,9903,-1.66426,0,-5.37803
2530.6,0.0153188,0.000153188,9904,-1.67913,0,-5.37433
2530.25,0.0153229,0.000153229,9905,-1.69399,0,-5.3706
2529.91,0.0153271,0.000153271,9906,-1.70885,0,-5.36684
2529.56,0.0153313,0.000153313,9907,-1.7237,0,-5.36304
2529.21,0.0153356,0.000153356,9908,-1.73855,0,-5.3592
2528.85,0.0153399,0.000153399,9909,-1.75339,0,-5.35534
2528.49,0.0153442,0.000153442,9910,-1.76823,0,-5.35143
2528.13,0.0153486,0.000153486,9911,-1.78307,0,-5.3475
2527.77,0.015353,0.00015353,9912,-1.7979,0,-5.34353
2527.4,0.0153575,0.000153575,9913,-1.81272,0,-5.33952
2527.03,0.015362,0.00015362,9914,-1.82755,0,-5.33548
2526.66,0.0153665,0.000153665,9915,-1.84236,0,-5.33141
2526.28,0.0153711,0.000153711,9916,-1.85717,0,-5.3273
2525.91,0.0153757,0.000153757,9917,-1.87198,0,-5.32316
2525.52,0.0153803,0.000153803,9918,-1.88678,0,-5.31899
2525.14,0.015385,0.00015385,9919,-1.90158,0,-5.31478
2524.75,0.0153897,0.000153897,9920,-1.91638,0,-5.31053
2524.36,0.0153945,0.000153945,9921,-1.93116,0,-5.30626
2523.97,0.0153993,0.000153993,9922,-1.94595,0,-5.30194
2523.57,0.0154041,0.000154041,9923,-1.96072,0,-5.2976
2523.17,0.015409,0.00015409,9924,-1.9755,0,-5.29321
2522.77,0.0154139,0.000154139,9925,-1.99027,0,-5.2888
2522.37,0.0154189,0.000154189,9926,-2.00503,0,-5.28435
2521.96,0.0154239,0.000154239,9927,-2.01978,0,-5.27986
2521.55,0.0154289,0.000154289,9928,-2.03454,0,-5.27534
2521.13,0.015434,0.00015434,9929,-2.04928,0,-5.27079
2520.72,0.0154391,0.000154391,9930,-2.06403,0,-5.2662
2520.3,0.0154442,0.000154442,9931,-2.07876,0,-5.26158
2519.87,0.0154494,0.000154494,9932,-2.09349,0,-5.25692
2519.45,0.0154546,0.000154546,9933,-2.10822,0,-5.25223
2519.02,0.0154599,0.000154599,9934,-2.12294,0,-5.2475
2518.59,0.0154652,0.000154652,9935,-2.13765,0,-5.24274
2518.15,0.0154705,0.000154705,9936,-2.15236,0,-5.23794
2517.71,0.0154759,0.000154759,9937,-2.16706,0,-5.23311
2517.27,0.0154813,0.000154813,9938,-2.18176,0,-5.22825
2516.83,0.0154868,0.000154868,9939,-2.19645,0,-5.22335
2516.38,0.0154923,0.000154923,9940,-2.21114,0,-5.21841
2515.93,0.0154978,0.000154978,9941,-2.22581,0,-5.21344
2515.48,0.0155034,0.000155034,9942,-2.24049,0,-5.20844
2515.03,0.015509,0.00015509,9943,-2.25516,0,-5.2034
2514.57,0.0155147,0.000155147,9944,-2.26982,0,-5.19832
2514.11,0.0155204,0.000155204,9945,-2.28447,0,-5.19321
2513.64,0.0155261,0.000155261,9946,-2.29912,0,-5.18807
2513.18,0.0155319,0.000155319,9947,-2.31376,0,-5.18289
2512.71,0.0155377,0.000155377,9948,-2.3284,0,-5.17768
2512.23,0.0155435,0.000155435,9949,-2.34303,0,-5.17243
2511.76,0.0155494,0.000155494,9950,-2.35766,0,-5.16715
2511.28,0.0155553,0.000155553,9951,-2.37227,0,-5.16183
2510.8,0.0155613,0.000155613,9952,-2.38689,0,-5.15647
2510.31,0.0155673,0.000155673,9953,-2.40149,0,-5.15109
2509.82,0.0155734,0.000155734,9954,-2.41609,0,-5.14566
2509.33,0.0155795,0.000155795,9955,-2.43068,0,-5.1402
2508.84,0.0155856,0.000155856,9956,-2.44527,0,-5.13471
2508.34,0.0155917,0.000155917,9957,-2.45984,0,-5.12918
2507.84,0.015598,0.00015598,9958,-2.47442,0,-5.12361
2507.34,0.0156042,0.000156042,9959,-2.48898,0,-5.11802
2506.84,0.0156105,0.000156105,9960,-2.50354,0,-5.11238
2506.33,0.0156168,0.000156168,9961,-2.51809,0,-5.10671
2505.82,0.0156232,0.000156232,9962,-2.53263,0,-5.10101
2505.3,0.0156296,0.000156296,9963,-2.54717,0,-5.09526
2504.79,0.015636,0.00015636,9964,-2.5617,0,-5.08949
2504.27,0.0156425,0.000156425,9965,-2.57622,0,-5.08368
2503.75,0.0156491,0.000156491,9966,-2.59074,0,-5.07783
2503.22,0.0156556,0.000156556,9967,-2.60525,0,-5.07195
2502.69,0.0156622,0.000156622,9968,-2.61975,0,-5.06603
2502.16,0.0156689,0.000156689,9969,-2.63424,0,-5.06008
2501.63,0.0156756,0.000156756,9970,-2.64873,0,-5.05409
2501.09,0.0156823,0.000156823,9971,-2.66321,0,-5.04807
2500.55,0.0156891,0.000156891,9972,-2.67768,0,-5.04201
2500.01,0.0156959,0.000156959,9973,-2.69215,0,-5.03591
2499.46,0.0157028,0.000157028,9974,-2.7066,0,-5.02978
2498.91,0.0157097,0.000157097,9975,-2.72105,0,-5.02361
2498.36,0.0157166,0.000157166,9976,-2.73549,0,-5.01741
2497.81,0.0157236,0.000157236,9977,-2.74993,0,-5.01117
2497.25,0.0157306,0.000157306,9978,-2.76435,0,-5.0049
2496.69,0.0157377,0.000157377,9979,-2.77877,0,-4.99859
2496.13,0.0157448,0.000157448,9980,-2.79318,0,-4.99225
2495.56,0.0157519,0.000157519,9981,-2.80758,0,-4.98587
2494.99,0.0157591,0.000157591,9982,-2.82197,0,-4.97945
2494.42,0.0157663,0.000157663,9983,-2.83636,0,-4.973
2493.84,0.0157736,0.000157736,9984,-2.85074,0,-4.96651
2493.27,0.0157809,0.000157809,9985,-2.86511,0,-4.95998
2492.69,0.0157882,0.000157882,9986,-2.87947,0,-4.95342
2492.1,0.0157956,0.000157956,9987,-2.89382,0,-4.94683
2491.52,0.0158031,0.000158031,9988,-2.90816,0,-4.9402
2490.93,0.0158105,0.000158105,9989,-2.9225,0,-4.93353
2490.34,0.0158181,0.000158181,9990,-2.93683,0,-4.92682
2489.74,0.0158256,0.000158256,9991,-2.95114,0,-4.92008
2489.14,0.0158332,0.000158332,9992,-2.96545,0,-4.91331
2488.54,0.0158408,0.000158408,9993,-2.97976,0,-4.9065
2487.94,0.0158485,0.000158485,9994,-2.99405,0,-4.89965
2487.33,0.0158563,0.000158563,9995,-3.00833,0,-4.89276
2486.73,0.015864,0.00015864,9996,-3.02261,0,-4.88584
2486.11,0.0158718,0.000158718,9997,-3.03687,0,-4.87888
2485.5,0.0158797,0.000158797,9998,-3.05113,0,-4.87189
2484.88,0.0158876,0.000158876,9999,-3.06538,0,-4.86486
2484.26,0.0158955,0.000158955,10000,-3.07961,0,-4.85779
2483.64,0.0159035,0.000159035,10001,-3.09384,0,-4.85069
2483.01,0.0159115,0.000159115,10002,-3.10806,0,-4.84355
2482.38,0.0159196,0.000159196,10003,-3.12227,0,-4.83638
2481.75,0.0159277,0.000159277,10004,-3.13648,0,-4.82916
2481.12,0.0159358,0.000159358,10005,-3.15067,0,-4.82192
2480.48,0.015944,0.00015944,10006,-3.16485,0,-4.81463
2479.84,0.0159523,0.000159523,10007,-3.17902,0,-4.80731
2479.2,0.0159605,0.000159605,10008,-3.19319,0,-4.79995
2478.55,0.0159689,0.000159689,10009,-3.20734,0,-4.79256
2477.9,0.0159772,0.000159772,10010,-3.22148,0,-4.78513
2477.25,0.0159856,0.000159856,10011,-3.23562,0,-4.77766
2476.59,0.0159941,0.000159941,10012,-3.24974,0,-4.77015
2475.94,0.0160026,0.000160026,10013,-3.26386,0,-4.76261
2475.28,0.0160111,0.000160111,10014,-3.27796,0,-4.75503
2474.61,0.0160197,0.000160197,10015,-3.29205,0,-4.74742
2473.95,0.0160283,0.000160283,10016,-3.30614,0,-4.73976
2473.28,0.016037,0.00016037,10017,-3.32021,0,-4.73208
2472.61,0.0160457,0.000160457,10018,-3.33427,0,-4.72435
2471.93,0.0160544,0.000160544,10019,-3.34833,0,-4.71659
2471.26,0.0160632,0.000160632,10020,-3.36237,0,-4.70879
2470.58,0.0160721,0.000160721,10021,-3.3764,0,-4.70095
2469.89,0.016081,0.00016081,10022,-3.39042,0,-4.69308
2469.21,0.0160899,0.000160899,10023,-3.40443,0,-4.68517
2468.52,0.0160989,0.000160989,10024,-3.41843,0,-4.67722
2467.83,0.0161079,0.000161079,10025,-3.43242,0,-4.66923
2467.14,0.016117,0.00016117,10026,-3.4464,0,-4.66121
2466.44,0.0161261,0.000161261,10027,-3.46037,0,-4.65315
2465.74,0.0161352,0.000161352,10028,-3.47433,0,-4.64505
2465.04,0.0161444,0.000161444,10029,-3.48827,0,-4.63692
2464.33,0.0161536,0.000161536,10030,-3.50221,0,-4.62875
2463.62,0.0161629,0.000161629,10031,-3.51613,0,-4.62054
2462.91,0.0161723,0.000161723,10032,-3.53004,0,-4.61229
2462.2,0.0161816,0.000161816,10033,-3.54394,0,-4.60401
2461.48,0.016191,0.00016191,10034,-3.55783,0,-4.59569
2460.77,0.0162005,0.000162005,10035,-3.57171,0,-4.58733
2460.04,0.01621,0.0001621,10036,-3.58557,0,-4.57893
2459.32,0.0162196,0.000162196,10037,-3.59943,0,-4.5705
2458.59,0.0162292,0.000162292,10038,-3.61327,0,-4.56203
2457.86,0.0162388,0.000162388,10039,-3.6271,0,-4.55352
2457.13,0.0162485,0.000162485,10040,-3.64092,0,-4.54497
2456.39,0.0162582,0.000162582,10041,-3.65473,0,-4.53639
2455.65,0.016268,0.00016268,10042,-3.66852,0,-4.52777
2454.91,0.0162778,0.000162778,10043,-3.68231,0,-4.51911
2454.17,0.0162877,0.000162877,10044,-3.69608,0,-4.51041
2453.42,0.0162976,0.000162976,10045,-3.70984,0,-4.50167
2452.67,0.0163076,0.000163076,10046,-3.72358,0,-4.4929
2451.92,0.0163176,0.000163176,10047,-3.73732,0,-4.48409
2451.17,0.0163276,0.000163276,10048,-3.75104,0,-4.47524
2450.41,0.0163377,0.000163377,10049,-3.76475,0,-4.46635
2449.65,0.0163479,0.000163479,10050,-3.77845,0,-4.45743
2448.89,0.0163581,0.000163581,10051,-3.79213,0,-4.44847
2448.12,0.0163683,0.000163683,10052,-3.8058,0,-4.43946
2447.35,0.0163786,0.000163786,10053,-3.81946,0,-4.43043
2446.58,0.0163889,0.000163889,10054,-3.8331,0,-4.42135
2445.81,0.0163993,0.000163993,10055,-3.84674,0,-4.41223
2445.03,0.0164097,0.000164097,10056,-3.86036,0,-4.40308
2444.25,0.0164202,0.000164202,10057,-3.87396,0,-4.39389
2443.47,0.0164307,0.000164307,10058,-3.88755,0,-4.38466
2442.68,0.0164412,0.000164412,10059,-3.90113,0,-4.37539
2441.9,0.0164518,0.000164518,10060,-3.9147,0,-4.36608
2441.11,0.0164625,0.000164625,10061,-3.92825,0,-4.35673
2440.31,0.0164732,0.000164732,10062,-3.94179,0,-4.34735
2439.52,0.0164839,0.000164839,10063,-3.95532,0,-4.33793
2438.72,0.0164947,0.000164947,10064,-3.96883,0,-4.32847
2437.92,0.0165056,0.000165056,10065,-3.98233,0,-4.31897
2437.11,0.0165165,0.000165165,10066,-3.99581,0,-4.30943
2436.31,0.0165274,0.000165274,10067,-4.00928,0,-4.29985
2435.5,0.0165384,0.000165384,10068,-4.02274,0,-4.29024
2434.69,0.0165494,0.000165494,10069,-4.03618,0,-4.28058
2433.87,0.0165605,0.000165605,10070,-4.04961,0,-4.27089
2433.05,0.0165716,0.000165716,10071,-4.06302,0,-4.26116
2432.23,0.0165828,0.000165828,10072,-4.07642,0,-4.25139
2431.41,0.016594,0.00016594,10073,-4.0898,0,-4.24158
2430.59,0.0166053,0.000166053,10074,-4.10317,0,-4.23173
2429.76,0.0166166,0.000166166,10075,-4.11653,0,-4.22184
2428.93,0.016628,0.00016628,10076,-4.12987,0,-4.21192
2428.1,0.0166394,0.000166394,10077,-4.14319,0,-4.20195
2427.26,0.0166509,0.000166509,10078,-4.1565,0,-4.19195
2426.42,0.0166624,0.000166624,10079,-4.1698,0,-4.18191
2425.58,0.0166739,0.000166739,10080,-4.18308,0,-4.17182
2424.74,0.0166855,0.000166855,10081,-4.19635,0,-4.1617
2423.89,0.0166972,0.000166972,10082,-4.2096,0,-4.15154
2423.04,0.0167089,0.000167089,10083,-4.22283,0,-4.14134
2422.19,0.0167207,0.000167207,10084,-4.23605,0,-4.1311
2421.33,0.0167325,0.000167325,10085,-4.24925,0,-4.12083
2420.48,0.0167443,0.000167443,10086,-4.26244,0,-4.11051
2419.62,0.0167562,0.000167562,10087,-4.27561,0,-4.10015
2418.75,0.0167682,0.000167682,10088,-4.28877,0,-4.08975
2417.89,0.0167802,0.000167802,10089,-4.30191,0,-4.07932
2417.02,0.0167922,0.000167922,10090,-4.31503,0,-4.06884
2416.15,0.0168043,0.000168043,10091,-4.32814,0,-4.05833
2415.28,0.0168165,0.000168165,10092,-4.34123,0,-4.04777
2414.4,0.0168287,0.000168287,10093,-4.35431,0,-4.03718
2413.52,0.0168409,0.000168409,10094,-4.36737,0,-4.02655
2412.64,0.0168532,0.000168532,10095,-4.38041,0,-4.01587
2411.76,0.0168656,0.000168656,10096,-4.39344,0,-4.00516
2410.87,0.016878,0.00016878,10097,-4.40645,0,-3.99441
2409.99,0.0168904,0.000168904,10098,-4.41944,0,-3.98362
2409.09,0.0169029,0.000169029,10099,-4.43242,0,-3.97278
2408.2,0.0169154,0.000169154,10100,-4.44537,0,-3.96191
2407.3,0.016928,0.00016928,10101,-4.45832,0,-3.951
2406.41,0.0169407,0.000169407,10102,-4.47124,0,-3.94005
2405.5,0.0169534,0.000169534,10103,-4.48415,0,-3.92906
2404.6,0.0169661,0.000169661,10104,-4.49704,0,-3.91802
2403.69,0.016979,0.00016979,10105,-4.50991,0,-3.90695
2402.78,0.0169918,0.000169918,10106,-4.52276,0,-3.89584
2401.87,0.0170047,0.000170047,10107,-4.5356,0,-3.88469
2400.96,0.0170177,0.000170177,10108,-4.54842,0,-3.87349
2400.04,0.0170307,0.000170307,10109,-4.56122,0,-3.86226
2399.12,0.0170437,0.000170437,10110,-4.57401,0,-3.85099
2398.2,0.0170568,0.000170568,10111,-4.58677,0,-3.83968
2397.28,0.01707,0.0001707,10112,-4.59952,0,-3.82832
2396.35,0.0170832,0.000170832,10113,-4.61225,0,-3.81693
2395.42,0.0170965,0.000170965,10114,-4.62496,0,-3.8055
2394.49,0.0171098,0.000171098,10115,-4.63765,0,-3.79402
2393.55,0.0171231,0.000171231,10116,-4.65032,0,-3.78251
2392.61,0.0171366,0.000171366,10117,-4.66298,0,-3.77095
2391.67,0.01715,0.0001715,10118,-4.67561,0,-3.75935
2390.73,0.0171635,0.000171635,10119,-4.68823,0,-3.74772
2389.79,0.0171771,0.000171771,10120,-4.70083,0,-3.73604
2388.84,0.0171907,0.000171907,10121,-4.7134,0,-3.72432
2387.89,0.0172044,0.000172044,10122,-4.72596,0,-3.71256
2386.94,0.0172182,0.000172182,10123,-4.7385,0,-3.70076
2385.98,0.0172319,0.000172319,10124,-4.75102,0,-3.68892
2385.03,0.0172458,0.000172458,10125,-4.76352,0,-3.67704
2384.07,0.0172597,0.000172597,10126,-4.776,0,-3.66512
2383.1,0.0172736,0.000172736,10127,-4.78846,0,-3.65316
2382.14,0.0172876,0.000172876,10128,-4.80091,0,-3.64116
2381.17,0.0173017,0.000173017,10129,-4.81333,0,-3.62911
2380.2,0.0173158,0.000173158,10130,-4.82573,0,-3.61703
2379.23,0.0173299,0.000173299,10131,-4.83811,0,-3.6049
2378.26,0.0173441,0.000173441,10132,-4.85047,0,-3.59273
2377.28,0.0173584,0.000173584,10133,-4.86281,0,-3.58052
2376.3,0.0173727,0.000173727,10134,-4.87513,0,-3.56827
2375.32,0.0173871,0.000173871,10135,-4.88742,0,-3.55598
2374.33,0.0174015,0.000174015,10136,-4.8997,0,-3.54365
2373.34,0.017416,0.00017416,10137,-4.91196,0,-3.53128
2372.36,0.0174305,0.000174305,10138,-4.92419,0,-3.51886
2371.36,0.0174451,0.000174451,10139,-4.93641,0,-3.50641
2370.37,0.0174597,0.000174597,10140,-4.9486,0,-3.49391
2369.37,0.0174744,0.000174744,10141,-4.96077,0,-3.48137
2368.37,0.0174892,0.000174892,10142,-4.97292,0,-3.46879
2367.37,0.017504,0.00017504,10143,-4.98505,0,-3.45617
2366.37,0.0175188,0.000175188,10144,-4.99715,0,-3.44351
2365.36,0.0175337,0.000175337,10145,-5.00924,0,-3.4308
2364.35,0.0175487,0.000175487,10146,-5.0213,0,-3.41806
2363.34,0.0175637,0.000175637,10147,-5.03334,0,-3.40527
2362.33,0.0175788,0.000175788,10148,-5.04536,0,-3.39244
2361.31,0.0175939,0.000175939,10149,-5.05735,0,-3.37957
2360.29,0.0176091,0.000176091,10150,-5.06932,0,-3.36665
2359.27,0.0176243,0.000176243,10151,-5.08127,0,-3.3537
2358.25,0.0176396,0.000176396,10152,-5.0932,0,-3.3407
2357.22,0.017655,0.00017655,10153,-5.1051,0,-3.32766
2356.2,0.0176704,0.000176704,10154,-5.11699,0,-3.31458
2355.16,0.0176859,0.000176859,10155,-5.12884,0,-3.30146
2354.13,0.0177014,0.000177014,10156,-5.14068,0,-3.2883
2353.1,0.017717,0.00017717,10157,-5.15249,0,-3.27509
2352.06,0.0177326,0.000177326,10158,-5.16428,0,-3.26185
2351.02,0.0177483,0.000177483,10159,-5.17604,0,-3.24856
2349.98,0.017764,0.00017764,10160,-5.18778,0,-3.23522
2348.93,0.0177798,0.000177798,10161,-5.19949,0,-3.22185
2347.89,0.0177957,0.000177957,10162,-5.21119,0,-3.20843
2346.84,0.0178116,0.000178116,10163,-5.22285,0,-3.19497
2345.79,0.0178276,0.000178276,10164,-5.2345,0,-3.18147
2344.73,0.0178436,0.000178436,10165,-5.24611,0,-3.16793
2343.68,0.0178597,0.000178597,10166,-5.25771,0,-3.15435
2342.62,0.0178758,0.000178758,10167,-5.26928,0,-3.14072
2341.56,0.017892,0.00017892,10168,-5.28082,0,-3.12705
2340.49,0.0179083,0.000179083,10169,-5.29234,0,-3.11334
2339.43,0.0179246,0.000179246,10170,-5.30383,0,-3.09958
2338.36,0.017941,0.00017941,10171,-5.3153,0,-3.08578
2337.29,0.0179574,0.000179574,10172,-5.32674,0,-3.07195
2336.22,0.0179739,0.000179739,10173,-5.33816,0,-3.05806
2335.14,0.0179904,0.000179904,10174,-5.34955,0,-3.04414
2334.07,0.018007,0.00018007,10175,-5.36092,0,-3.03017
2332.99,0.0180237,0.000180237,10176,-5.37226,0,-3.01616
2331.91,0.0180404,0.000180404,10177,-5.38357,0,-3.00211
2330.82,0.0180572,0.000180572,10178,-5.39486,0,-2.98802
2329.74,0.018074,0.00018074,10179,-5.40612,0,-2.97388
2328.65,0.0180909,0.000180909,10180,-5.41735,0,-2.9597
2327.56,0.0181079,0.000181079,10181,-5.42856,0,-2.94547
2326.47,0.0181249,0.000181249,10182,-5.43974,0,-2.93121
2325.37,0.0181419,0.000181419,10183,-5.45089,0,-2.9169
2324.28,0.0181591,0.000181591,10184,-5.46202,0,-2.90255
2323.18,0.0181762,0.000181762,10185,-5.47312,0,-2.88815
2322.08,0.0181935,0.000181935,10186,-5.48419,0,-2.87372
2320.97,0.0182108,0.000182108,10187,-5.49523,0,-2.85924
2319.87,0.0182282,0.000182282,10188,-5.50625,0,-2.84471
2318.76,0.0182456,0.000182456,10189,-5.51723,0,-2.83015
2317.65,0.0182631,0.000182631,10190,-5.52819,0,-2.81554
2316.54,0.0182806,0.000182806,10191,-5.53912,0,-2.80088
2315.42,0.0182982,0.000182982,10192,-5.55003,0,-2.78619
2314.31,0.0183159,0.000183159,10193,-5.5609,0,-2.77145
2313.19,0.0183336,0.000183336,10194,-5.57175,0,-2.75667
2312.07,0.0183514,0.000183514,10195,-5.58256,0,-2.74184
2310.94,0.0183692,0.000183692,10196,-5.59335,0,-2.72698
2309.82,0.0183871,0.000183871,10197,-5.60411,0,-2.71206
2308.69,0.0184051,0.000184051,10198,-5.61484,0,-2.69711
2307.56,0.0184231,0.000184231,10199,-5.62554,0,-2.68211
2306.43,0.0184412,0.000184412,10200,-5.63621,0,-2.66707
2305.3,0.0184593,0.000184593,10201,-5.64685,0,-2.65199
2304.16,0.0184775,0.000184775,10202,-5.65746,0,-2.63686
2303.02,0.0184958,0.000184958,10203,-5.66804,0,-2.62169
2301.88,0.0185141,0.000185141,10204,-5.67859,0,-2.60647
2300.74,0.0185325,0.000185325,10205,-5.6891,0,-2.59122
2299.59,0.018551,0.00018551,10206,-5.69959,0,-2.57591
2298.45,0.0185695,0.000185695,10207,-5.71005,0,-2.56057
2297.3,0.018588,0.00018588,10208,-5.72048,0,-2.54518
2296.15,0.0186067,0.000186067,10209,-5.73087,0,-2.52975
2295,0.0186254,0.000186254,10210,-5.74124,0,-2.51427
2293.84,0.0186441,0.000186441,10211,-5.75157,0,-2.49875
2292.69,0.0186629,0.000186629,10212,-5.76187,0,-2.48319
2291.53,0.0186818,0.000186818,10213,-5.77214,0,-2.46759
2290.37,0.0187008,0.000187008,10214,-5.78238,0,-2.45194
2289.2,0.0187198,0.000187198,10215,-5.79258,0,-2.43624
2288.04,0.0187388,0.000187388,10216,-5.80275,0,-2.4205
2286.87,0.018758,0.00018758,10217,-5.81289,0,-2.40472
2285.7,0.0187772,0.000187772,10218,-5.823,0,-2.3889
2284.53,0.0187964,0.000187964,10219,-5.83308,0,-2.37303
2283.36,0.0188157,0.000188157,10220,-5.84312,0,-2.35712
2282.18,0.0188351,0.000188351,10221,-5.85313,0,-2.34116
2281.01,0.0188545,0.000188546,10222,-5.8631,0,-2.32516
2279.83,0.0188741,0.000188741,10223,-5.87304,0,-2.30912
2278.65,0.0188936,0.000188936,10224,-5.88295,0,-2.29303
2277.46,0.0189133,0.000189133,10225,-5.89282,0,-2.2769
2276.28,0.018933,0.00018933,10226,-5.90266,0,-2.26073
2275.09,0.0189527,0.000189527,10227,-5.91247,0,-2.24451
2273.9,0.0189725,0.000189725,10228,-5.92224,0,-2.22824
2272.71,0.0189924,0.000189924,10229,-5.93198,0,-2.21194
2271.52,0.0190124,0.000190124,10230,-5.94168,0,-2.19559
2270.32,0.0190324,0.000190324,10231,-5.95135,0,-2.17919
2269.13,0.0190525,0.000190525,10232,-5.96098,0,-2.16275
2267.93,0.0190726,0.000190726,10233,-5.97057,0,-2.14627
2266.73,0.0190928,0.000190928,10234,-5.98014,0,-2.12974
2265.53,0.0191131,0.000191131,10235,-5.98966,0,-2.11317
2264.32,0.0191334,0.000191334,10236,-5.99915,0,-2.09656
2263.12,0.0191538,0.000191538,10237,-6.0086,0,-2.0799
2261.91,0.0191743,0.000191743,10238,-6.01802,0,-2.0632
2260.7,0.0191948,0.000191948,10239,-6.0274,0,-2.04645
2259.49,0.0192154,0.000192154,10240,-6.03674,0,-2.02966
2258.27,0.019236,0.00019236,10241,-6.04605,0,-2.01283
2257.06,0.0192567,0.000192567,10242,-6.05532,0,-1.99595
2255.84,0.0192775,0.000192775,10243,-6.06455,0,-1.97902
2254.62,0.0192984,0.000192984,10244,-6.07375,0,-1.96206
2253.4,0.0193193,0.000193193,10245,-6.0829,0,-1.94505
2252.18,0.0193403,0.000193403,10246,-6.09202,0,-1.92799
2250.96,0.0193613,0.000193613,10247,-6.1011,0,-1.91089
2249.73,0.0193824,0.000193824,10248,-6.11015,0,-1.89375
2248.5,0.0194036,0.000194036,10249,-6.11915,0,-1.87656
2247.27,0.0194249,0.000194249,10250,-6.12812,0,-1.85933
2246.04,0.0194462,0.000194462,10251,-6.13705,0,-1.84205
2244.81,0.0194675,0.000194675,10252,-6.14593,0,-1.82473
2243.57,0.019489,0.00019489,10253,-6.15478,0,-1.80737
2242.33,0.0195105,0.000195105,10254,-6.16359,0,-1.78996
2241.1,0.0195321,0.000195321,10255,-6.17236,0,-1.77251
2239.86,0.0195537,0.000195537,10256,-6.18109,0,-1.75501
2238.61,0.0195754,0.000195754,10257,-6.18978,0,-1.73747
2237.37,0.0195972,0.000195972,10258,-6.19843,0,-1.71988
2236.12,0.019619,0.00019619,10259,-6.20704,0,-1.70226
2234.88,0.0196409,0.000196409,10260,-6.21561,0,-1.68458
2233.63,0.0196629,0.000196629,10261,-6.22414,0,-1.66686
2232.38,0.0196849,0.000196849,10262,-6.23263,0,-1.6491
2231.13,0.019707,0.00019707,10263,-6.24107,0,-1.6313
2229.87,0.0197292,0.000197292,10264,-6.24947,0,-1.61345
2228.62,0.0197514,0.000197514,10265,-6.25784,0,-1.59555
2227.36,0.0197737,0.000197737,10266,-6.26616,0,-1.57762
2226.1,0.0197961,0.000197961,10267,-6.27444,0,-1.55963
2224.84,0.0198185,0.000198185,10268,-6.28267,0,-1.54161
2223.58,0.0198411,0.000198411,10269,-6.29086,0,-1.52354
2222.31,0.0198636,0.000198636,10270,-6.29901,0,-1.50542
2221.05,0.0198863,0.000198863,10271,-6.30712,0,-1.48726
2219.78,0.019909,0.00019909,10272,-6.31519,0,-1.46906
2218.51,0.0199318,0.000199318,10273,-6.32321,0,-1.45081
2217.24,0.0199546,0.000199546,10274,-6.33118,0,-1.43252
2215.97,0.0199775,0.000199775,10275,-6.33912,0,-1.41419
2214.7,0.0200005,0.000200005,10276,-6.347,0,-1.39581
2213.42,0.0200235,0.000200235,10277,-6.35485,0,-1.37739
2212.14,0.0200467,0.000200467,10278,-6.36265,0,-1.35892
2210.87,0.0200698,0.000200698,10279,-6.3704,0,-1.34041
2209.59,0.0200931,0.000200931,10280,-6.37811,0,-1.32185
2208.31,0.0201164,0.000201164,10281,-6.38578,0,-1.30325
2207.02,0.0201398,0.000201398,10282,-6.3934,0,-1.28461
2205.74,0.0201633,0.000201633,10283,-6.40097,0,-1.26592
2204.45,0.0201868,0.000201868,10284,-6.4085,0,-1.24719
2203.17,0.0202104,0.000202104,10285,-6.41598,0,-1.22842
2201.88,0.020234,0.00020234,10286,-6.42342,0,-1.2096
2200.59,0.0202578,0.000202578,10287,-6.4308,0,-1.19074
2199.3,0.0202816,0.000202816,10288,-6.43815,0,-1.17183
2198,0.0203054,0.000203054,10289,-6.44544,0,-1.15288
2196.71,0.0203294,0.000203294,10290,-6.45269,0,-1.13389
2195.41,0.0203534,0.000203534,10291,-6.45989,0,-1.11485
2194.11,0.0203775,0.000203775,10292,-6.46704,0,-1.09577
2192.82,0.0204016,0.000204016,10293,-6.47414,0,-1.07665
2191.52,0.0204258,0.000204258,10294,-6.4812,0,-1.05748
2190.21,0.0204501,0.000204501,10295,-6.4882,0,-1.03826
2188.91,0.0204745,0.000204745,10296,-6.49516,0,-1.01901
2187.61,0.0204989,0.000204989,10297,-6.50207,0,-0.999709
2186.3,0.0205234,0.000205234,10298,-6.50893,0,-0.980366
2184.99,0.0205479,0.000205479,10299,-6.51574,0,-0.960979
2183.69,0.0205726,0.000205726,10300,-6.5225,0,-0.941549
2182.38,0.0205973,0.000205973,10301,-6.52921,0,-0.922076
2181.07,0.020622,0.00020622,10302,-6.53587,0,-0.902559
2179.75,0.0206469,0.000206469,10303,-6.54248,0,-0.882999
2178.44,0.0206718,0.000206718,10304,-6.54904,0,-0.863395
2177.13,0.0206968,0.000206968,10305,-6.55555,0,-0.843748
2175.81,0.0207218,0.000207218,10306,-6.56201,0,-0.824058
2174.49,0.0207469,0.000207469,10307,-6.56841,0,-0.804325
2173.17,0.0207721,0.000207721,10308,-6.57477,0,-0.784548
2171.85,0.0207974,0.000207974,10309,-6.58107,0,-0.764728
2170.53,0.0208227,0.000208227,10310,-6.58732,0,-0.744866
2169.21,0.0208481,0.000208481,10311,-6.59351,0,-0.72496
2167.89,0.0208736,0.000208736,10312,-6.59966,0,-0.705011
2166.56,0.0208991,0.000208991,10313,-6.60575,0,-0.685019
2165.23,0.0209247,0.000209247,10314,-6.61179,0,-0.664985
2163.91,0.0209504,0.000209504,10315,-6.61777,0,-0.644907
2162.58,0.0209761,0.000209761,10316,-6.6237,0,-0.624787
2161.25,0.0210019,0.000210019,10317,-6.62958,0,-0.604624
2159.92,0.0210278,0.000210278,10318,-6.6354,0,-0.584418
2158.59,0.0210538,0.000210538,10319,-6.64117,0,-0.564169
2157.25,0.0210798,0.000210798,10320,-6.64688,0,-0.543878
2155.92,0.0211059,0.000211059,10321,-6.65254,0,-0.523545
2154.58,0.0211321,0.000211321,10322,-6.65814,0,-0.503169
2153.25,0.0211583,0.000211583,10323,-6.66369,0,-0.482751
2151.91,0.0211846,0.000211846,10324,-6.66918,0,-0.46229
2150.57,0.021211,0.00021211,10325,-6.67461,0,-0.441787
2149.23,0.0212375,0.000212375,10326,-6.67999,0,-0.421242
2147.89,0.021264,0.00021264,10327,-6.68531,0,-0.400654
2146.55,0.0212906,0.000212906,10328,-6.69058,0,-0.380025
2145.21,0.0213172,0.000213172,10329,-6.69578,0,-0.359353
2143.86,0.021344,0.00021344,10330,-6.70093,0,-0.33864
2142.52,0.0213708,0.000213708,10331,-6.70602,0,-0.317885
2141.17,0.0213976,0.000213976,10332,-6.71106,0,-0.297087
2139.83,0.0214246,0.000214246,10333,-6.71603,0,-0.276248
2138.48,0.0214516,0.000214516,10334,-6.72095,0,-0.255368
2137.13,0.0214787,0.000214787,10335,-6.72581,0,-0.234446
2135.78,0.0215058,0.000215058,10336,-6.73061,0,-0.213482
2134.43,0.0215331,0.000215331,10337,-6.73534,0,-0.192477
2133.08,0.0215604,0.000215604,10338,-6.74002,0,-0.171431
2131.72,0.0215877,0.000215877,10339,-6.74464,0,-0.150343
2130.37,0.0216152,0.000216152,10340,-6.7492,0,-0.129214
2129.02,0.0216427,0.000216427,10341,-6.7537,0,-0.108044
2127.66,0.0216702,0.000216702,10342,-6.75814,0,-0.0868329
2126.31,0.0216979,0.000216979,10343,-6.76252,0,-0.065581
2124.95,0.0217256,0.000217256,10344,-6.76683,0,-0.0442882
2123.59,0.0217534,0.000217534,10345,-6.77108,0,-0.0229546
2122.23,0.0217813,0.000217813,10346,-6.77527,0,-0.00158041
2120.87,0.0218092,0.000218092,10347,-6.7794,0,0.0198344
2119.51,0.0218372,0.000218372,10348,-6.78347,0,0.0412896
2118.15,0.0218653,0.000218653,10349,-6.78747,0,0.0627853
2116.79,0.0218934,0.000218934,10350,-6.79141,0,0.0843212
2115.43,0.0219216,0.000219216,10351,-6.79529,0,0.105897
2114.07,0.0219499,0.000219499,10352,-6.7991,0,0.127513
2112.7,0.0219782,0.000219782,10353,-6.80285,0,0.14917
2111.34,0.0220067,0.000220067,10354,-6.80654,0,0.170866
2109.97,0.0220351,0.000220351,10355,-6.81016,0,0.192601
2108.6,0.0220637,0.000220637,10356,-6.81371,0,0.214377
2107.24,0.0220923,0.000220923,10357,-6.8172,0,0.236192
2105.87,0.022121,0.00022121,10358,-6.82063,0,0.258046
2104.5,0.0221498,0.000221498,10359,-6.82398,0,0.27994
2103.13,0.0221787,0.000221787,10360,-6.82728,0,0.301873
2101.76,0.0222076,0.000222076,10361,-6.8305,0,0.323845
2100.39,0.0222365,0.000222365,10362,-6.83366,0,0.345856
2099.02,0.0222656,0.000222656,10363,-6.83675,0,0.367906
2097.65,0.0222947,0.000222947,10364,-6.83978,0,0.389994
2096.28,0.0223239,0.000223239,10365,-6.84274,0,0.412121
2094.91,0.0223532,0.000223532,10366,-6.84563,0,0.434287
2093.54,0.0223825,0.000223825,10367,-6.84845,0,0.456491
2092.16,0.0224119,0.000224119,10368,-6.8512,0,0.478733
2090.79,0.0224414,0.000224414,10369,-6.85388,0,0.501013
2089.41,0.0224709,0.000224709,10370,-6.8565,0,0.523332
2088.04,0.0225005,0.000225005,10371,-6.85904,0,0.545688
2086.66,0.0225302,0.000225302,10372,-6.86152,0,0.568082
2085.29,0.0225599,0.000225599,10373,-6.86392,0,0.590513
2083.91,0.0225897,0.000225897,10374,-6.86626,0,0.612982
2082.53,0.0226196,0.000226196,10375,-6.86852,0,0.635488
2081.16,0.0226496,0.000226496,10376,-6.87072,0,0.658031
2079.78,0.0226796,0.000226796,10377,-6.87284,0,0.680611
2078.4,0.0227097,0.000227097,10378,-6.87489,0,0.703228
2077.02,0.0227398,0.000227398,10379,-6.87687,0,0.725881
2075.64,0.0227701,0.000227701,10380,-6.87877,0,0.748572
2074.26,0.0228003,0.000228003,10381,-6.88061,0,0.771298
2072.88,0.0228307,0.000228307,10382,-6.88237,0,0.794061
2071.5,0.0228611,0.000228611,10383,-6.88405,0,0.81686
2070.12,0.0228916,0.000228916,10384,-6.88567,0,0.839694
2068.74,0.0229222,0.000229222,10385,-6.88721,0,0.862565
2067.36,0.0229528,0.000229528,10386,-6.88867,0,0.885471
2065.98,0.0229835,0.000229835,10387,-6.89007,0,0.908412
2064.6,0.0230143,0.000230143,10388,-6.89138,0,0.931388
2063.22,0.0230451,0.000230451,10389,-6.89262,0,0.9544
2061.84,0.023076,0.00023076,10390,-6.89379,0,0.977447
2060.45,0.023107,0.00023107,10391,-6.89488,0,1.00053
2059.07,0.023138,0.00023138,10392,-6.8959,0,1.02364
2057.69,0.0231691,0.000231691,10393,-6.89683,0,1.04679
2056.31,0.0232003,0.000232003,10394,-6.89769,0,1.06998
2054.92,0.0232315,0.000232315,10395,-6.89848,0,1.0932
2053.54,0.0232628,0.000232628,10396,-6.89919,0,1.11645
2052.16,0.0232942,0.000232942,10397,-6.89982,0,1.13973
2050.78,0.0233256,0.000233256,10398,-6.90037,0,1.16305
2049.39,0.0233571,0.000233571,10399,-6.90084,0,1.18641
2048.01,0.0233887,0.000233887,10400,-6.90123,0,1.20979
2046.63,0.0234203,0.000234203,10401,-6.90155,0,1.23321
2045.24,0.023452,0.00023452,10402,-6.90179,0,1.25666
2043.86,0.0234837,0.000234837,10403,-6.90194,0,1.28014
2042.48,0.0235156,0.000235155,10404,-6.90202,0,1.30366
2041.09,0.0235474,0.000235474,10405,-6.90202,0,1.32721
2039.71,0.0235794,0.000235794,10406,-6.90193,0,1.35079
2038.33,0.0236114,0.000236114,10407,-6.90177,0,1.3744
2036.94,0.0236435,0.000236435,10408,-6.90152,0,1.39804
2035.56,0.0236756,0.000236756,10409,-6.90119,0,1.42171
2034.18,0.0237078,0.000237078,10410,-6.90078,0,1.44542
2032.79,0.0237401,0.000237401,10411,-6.90029,0,1.46915
2031.41,0.0237724,0.000237724,10412,-6.89971,0,1.49292
2030.03,0.0238048,0.000238048,10413,-6.89906,0,1.51671
2028.65,0.0238373,0.000238373,10414,-6.89832,0,1.54054
2027.26,0.0238698,0.000238698,10415,-6.89749,0,1.56439
2025.88,0.0239024,0.000239024,10416,-6.89658,0,1.58828
2024.5,0.023935,0.00023935,10417,-6.89559,0,1.61219
2023.12,0.0239677,0.000239677,10418,-6.89451,0,1.63614
2021.74,0.0240005,0.000240005,10419,-6.89335,0,1.66011
2020.36,0.0240333,0.000240333,10420,-6.89211,0,1.68411
2018.97,0.0240662,0.000240662,10421,-6.89077,0,1.70814
2017.59,0.0240991,0.000240991,10422,-6.88935,0,1.7322
2016.21,0.0241322,0.000241322,10423,-6.88785,0,1.75628
2014.83,0.0241652,0.000241652,10424,-6.88626,0,1.78039
2013.45,0.0241983,0.000241983,10425,-6.88458,0,1.80453
2012.07,0.0242315,0.000242315,10426,-6.88281,0,1.8287
2010.7,0.0242648,0.000242648,10427,-6.88096,0,1.8529
2009.32,0.0242981,0.000242981,10428,-6.87902,0,1.87712
2007.94,0.0243314,0.000243314,10429,-6.87699,0,1.90136
2006.56,0.0243649,0.000243649,10430,-6.87488,0,1.92563
2005.18,0.0243983,0.000243983,10431,-6.87267,0,1.94993
2003.81,0.0244319,0.000244319,10432,-6.87037,0,1.97426
2002.43,0.0244655,0.000244655,10433,-6.86799,0,1.99861
2001.06,0.0244991,0.000244991,10434,-6.86551,0,2.02298
1999.68,0.0245328,0.000245328,10435,-6.86295,0,2.04738
1998.31,0.0245666,0.000245666,10436,-6.86029,0,2.0718
1996.93,0.0246004,0.000246004,10437,-6.85755,0,2.09625
1995.56,0.0246343,0.000246343,10438,-6.85471,0,2.12072
1994.19,0.0246682,0.000246682,10439,-6.85178,0,2.14521
1992.81,0.0247022,0.000247022,10440,-6.84876,0,2.16973
1991.44,0.0247362,0.000247362,10441,-6.84565,0,2.19427
1990.07,0.0247703,0.000247703,10442,-6.84244,0,2.21883
1988.7,0.0248045,0.000248045,10443,-6.83914,0,2.24341
1987.33,0.0248387,0.000248387,10444,-6.83575,0,2.26802
1985.96,0.0248729,0.000248729,10445,-6.83227,0,2.29265
1984.59,0.0249073,0.000249073,10446,-6.82869,0,2.3173
1983.23,0.0249416,0.000249416,10447,-6.82502,0,2.34197
1981.86,0.024976,0.00024976,10448,-6.82125,0,2.36666
1980.49,0.0250105,0.000250105,10449,-6.81739,0,2.39137
1979.13,0.025045,0.00025045,10450,-6.81343,0,2.4161
1977.76,0.0250796,0.000250796,10451,-6.80938,0,2.44085
1976.4,0.0251142,0.000251142,10452,-6.80523,0,2.46562
1975.04,0.0251488,0.000251489,10453,-6.80098,0,2.4904
1973.68,0.0251836,0.000251836,10454,-6.79664,0,2.51521
1972.32,0.0252183,0.000252183,10455,-6.7922,0,2.54004
1970.96,0.0252531,0.000252531,10456,-6.78767,0,2.56488
1969.6,0.025288,0.00025288,10457,-6.78304,0,2.58974
1968.24,0.0253229,0.000253229,10458,-6.77831,0,2.61462
1966.88,0.0253579,0.000253579,10459,-6.77348,0,2.63951
1965.53,0.0253929,0.000253929,10460,-6.76855,0,2.66442
1964.17,0.0254279,0.000254279,10461,-6.76353,0,2.68935
1962.82,0.025463,0.00025463,10462,-6.7584,0,2.71429
1961.46,0.0254981,0.000254981,10463,-6.75318,0,2.73925
1960.11,0.0255333,0.000255333,10464,-6.74785,0,2.76422
1958.76,0.0255685,0.000255685,10465,-6.74243,0,2.78921
1957.41,0.0256038,0.000256038,10466,-6.73691,0,2.81421
1956.06,0.0256391,0.000256391,10467,-6.73128,0,2.83922
1954.72,0.0256745,0.000256745,10468,-6.72556,0,2.86425
1953.37,0.0257099,0.000257099,10469,-6.71973,0,2.88929
1952.02,0.0257453,0.000257453,10470,-6.7138,0,2.91434
1950.68,0.0257808,0.000257808,10471,-6.70777,0,2.93941
1949.34,0.0258163,0.000258163,10472,-6.70164,0,2.96449
1948,0.0258519,0.000258519,10473,-6.69541,0,2.98958
1946.66,0.0258875,0.000258875,10474,-6.68907,0,3.01468
1945.32,0.0259231,0.000259231,10475,-6.68263,0,3.03979
1943.98,0.0259588,0.000259588,10476,-6.67609,0,3.06491
1942.64,0.0259945,0.000259945,10477,-6.66944,0,3.09004
1941.31,0.0260303,0.000260303,10478,-6.66269,0,3.11518
1939.98,0.0260661,0.000260661,10479,-6.65583,0,3.14032
1938.65,0.0261019,0.000261019,10480,-6.64887,0,3.16548
1937.31,0.0261378,0.000261378,10481,-6.6418,0,3.19065
1935.99,0.0261737,0.000261737,10482,-6.63463,0,3.21582
1934.66,0.0262096,0.000262096,10483,-6.62736,0,3.241
1933.33,0.0262456,0.000262456,10484,-6.61997,0,3.26618
1932.01,0.0262816,0.000262816,10485,-6.61249,0,3.29137
1930.68,0.0263176,0.000263176,10486,-6.60489,0,3.31657
1929.36,0.0263537,0.000263537,10487,-6.59719,0,3.34178
1928.04,0.0263898,0.000263898,10488,-6.58938,0,3.36698
1926.73,0.0264259,0.000264259,10489,-6.58146,0,3.3922
1925.41,0.026462,0.00026462,10490,-6.57344,0,3.41741
1924.09,0.0264982,0.000264982,10491,-6.56531,0,3.44263
1922.78,0.0265344,0.000265344,10492,-6.55707,0,3.46786
1921.47,0.0265707,0.000265707,10493,-6.54872,0,3.49308
1920.16,0.0266069,0.000266069,10494,-6.54026,0,3.51831
1918.85,0.0266432,0.000266432,10495,-6.5317,0,3.54354
1917.54,0.0266795,0.000266795,10496,-6.52302,0,3.56877
1916.24,0.0267159,0.000267159,10497,-6.51424,0,3.594
1914.94,0.0267523,0.000267523,10498,-6.50534,0,3.61923
1913.64,0.0267886,0.000267886,10499,-6.49634,0,3.64446
1912.34,0.0268251,0.000268251,10500,-6.48722,0,3.66969
1911.04,0.0268615,0.000268615,10501,-6.478,0,3.69491
1909.74,0.026898,0.00026898,10502,-6.46866,0,3.72014
1908.45,0.0269344,0.000269344,10503,-6.45921,0,3.74536
1907.16,0.0269709,0.000269709,10504,-6.44965,0,3.77058
1905.87,0.0270074,0.000270074,10505,-6.43998,0,3.7958
1904.58,0.027044,0.00027044,10506,-6.4302,0,3.82101
1903.29,0.0270805,0.000270805,10507,-6.4203,0,3.84622
1902.01,0.0271171,0.000271171,10508,-6.4103,0,3.87142
1900.73,0.0271537,0.000271537,10509,-6.40018,0,3.89662
1899.45,0.0271903,0.000271903,10510,-6.38994,0,3.92181
1898.17,0.0272269,0.000272269,10511,-6.3796,0,3.94699
1896.9,0.0272635,0.000272635,10512,-6.36913,0,3.97217
1895.62,0.0273002,0.000273002,10513,-6.35856,0,3.99734
1894.35,0.0273368,0.000273368,10514,-6.34787,0,4.0225
1893.08,0.0273735,0.000273735,10515,-6.33707,0,4.04765
1891.81,0.0274102,0.000274102,10516,-6.32615,0,4.07279
1890.55,0.0274469,0.000274469,10517,-6.31512,0,4.09793
1889.29,0.0274835,0.000274835,10518,-6.30398,0,4.12305
1888.03,0.0275202,0.000275202,10519,-6.29271,0,4.14816
1886.77,0.027557,0.00027557,10520,-6.28134,0,4.17326
1885.51,0.0275937,0.000275937,10521,-6.26984,0,4.19834
1884.26,0.0276304,0.000276304,10522,-6.25824,0,4.22342
1883.01,0.0276671,0.000276671,10523,-6.24651,0,4.24848
1881.76,0.0277038,0.000277038,10524,-6.23467,0,4.27352
1880.52,0.0277406,0.000277406,10525,-6.22271,0,4.29856
1879.27,0.0277773,0.000277773,10526,-6.21064,0,4.32357
1878.03,0.027814,0.00027814,10527,-6.19845,0,4.34857
1876.79,0.0278507,0.000278507,10528,-6.18614,0,4.37356
1875.56,0.0278875,0.000278875,10529,-6.17372,0,4.39852
1874.32,0.0279242,0.000279242,10530,-6.16118,0,4.42347
1873.09,0.0279609,0.000279609,10531,-6.14852,0,4.4484
1871.86,0.0279976,0.000279976,10532,-6.13574,0,4.47331
1870.64,0.0280343,0.000280343,10533,-6.12284,0,4.49821
1869.41,0.028071,0.00028071,10534,-6.10983,0,4.52308
1868.19,0.0281077,0.000281077,10535,-6.0967,0,4.54793
1866.97,0.0281444,0.000281444,10536,-6.08344,0,4.57276
1865.76,0.0281811,0.000281811,10537,-6.07008,0,4.59757
1864.55,0.0282178,0.000282178,10538,-6.05659,0,4.62235
1863.34,0.0282544,0.000282544,10539,-6.04298,0,4.64711
1862.13,0.0282911,0.000282911,10540,-6.02925,0,4.67185
1860.92,0.0283277,0.000283277,10541,-6.01541,0,4.69656
1859.72,0.0283643,0.000283643,10542,-6.00144,0,4.72125
1858.52,0.0284009,0.000284009,10543,-5.98735,0,4.74591
1857.33,0.0284375,0.000284375,10544,-5.97315,0,4.77055
1856.13,0.0284741,0.000284741,10545,-5.95882,0,4.79516
1854.94,0.0285106,0.000285106,10546,-5.94438,0,4.81974
1853.76,0.0285472,0.000285472,10547,-5.92981,0,4.84429
1852.57,0.0285837,0.000285837,10548,-5.91513,0,4.86881
1851.39,0.0286202,0.000286202,10549,-5.90032,0,4.89331
1850.21,0.0286566,0.000286566,10550,-5.8854,0,4.91777
1849.04,0.0286931,0.000286931,10551,-5.87035,0,4.9422
1847.87,0.0287295,0.000287295,10552,-5.85518,0,4.9666
1846.7,0.0287659,0.000287659,10553,-5.83989,0,4.99096
1845.53,0.0288022,0.000288022,10554,-5.82448,0,5.0153
1844.37,0.0288386,0.000288386,10555,-5.80895,0,5.0396
1843.21,0.0288749,0.000288749,10556,-5.7933,0,5.06386
1842.05,0.0289112,0.000289112,10557,-5.77752,0,5.08809
1840.9,0.0289474,0.000289474,10558,-5.76163,0,5.11228
1839.75,0.0289836,0.000289836,10559,-5.74561,0,5.13644
1838.6,0.0290198,0.000290198,10560,-5.72947,0,5.16056
1837.46,0.0290559,0.000290559,10561,-5.71321,0,5.18464
1836.32,0.029092,0.00029092,10562,-5.69683,0,5.20868
1835.18,0.0291281,0.000291281,10563,-5.68032,0,5.23268
1834.05,0.0291641,0.000291641,10564,-5.6637,0,5.25664
1832.91,0.0292001,0.000292001,10565,-5.64695,0,5.28056
1831.79,0.029236,0.00029236,10566,-5.63008,0,5.30444
1830.66,0.0292719,0.000292719,10567,-5.61309,0,5.32827
1829.54,0.0293078,0.000293078,10568,-5.59598,0,5.35206
1828.43,0.0293436,0.000293436,10569,-5.57874,0,5.37581
1827.31,0.0293794,0.000293794,10570,-5.56138,0,5.39952
1826.2,0.0294151,0.000294151,10571,-5.5439,0,5.42317
1825.1,0.0294508,0.000294508,10572,-5.5263,0,5.44679
1824,0.0294864,0.000294864,10573,-5.50858,0,5.47035
1822.9,0.0295219,0.000295219,10574,-5.49073,0,5.49387
1821.8,0.0295575,0.000295575,10575,-5.47276,0,5.51734
1820.71,0.0295929,0.000295929,10576,-5.45467,0,5.54076
1819.62,0.0296283,0.000296283,10577,-5.43646,0,5.56412
1818.54,0.0296637,0.000296637,10578,-5.41812,0,5.58744
1817.46,0.029699,0.00029699,10579,-5.39966,0,5.61071
1816.38,0.0297342,0.000297342,10580,-5.38108,0,5.63392
1815.31,0.0297694,0.000297694,10581,-5.36238,0,5.65709
1814.24,0.0298045,0.000298045,10582,-5.34356,0,5.68019
1813.17,0.0298395,0.000298395,10583,-5.32461,0,5.70325
1812.11,0.0298745,0.000298745,10584,-5.30555,0,5.72625
1811.05,0.0299094,0.000299094,10585,-5.28636,0,5.74919
1810,0.0299443,0.000299443,10586,-5.26704,0,5.77207
1808.95,0.029979,0.00029979,10587,-5.24761,0,5.7949
1807.9,0.0300138,0.000300138,10588,-5.22806,0,5.81767
1806.86,0.0300484,0.000300484,10589,-5.20838,0,5.84038
1805.82,0.030083,0.00030083,10590,-5.18858,0,5.86303
1804.78,0.0301175,0.000301175,10591,-5.16866,0,5.88562
1803.75,0.0301519,0.000301519,10592,-5.14862,0,5.90814
1802.73,0.0301862,0.000301862,10593,-5.12846,0,5.93061
1801.71,0.0302205,0.000302205,10594,-5.10817,0,5.95301
1800.69,0.0302547,0.000302547,10595,-5.08777,0,5.97535
1799.67,0.0302888,0.000302888,10596,-5.06724,0,5.99762
1798.66,0.0303228,0.000303228,10597,-5.0466,0,6.01983
1797.66,0.0303567,0.000303567,10598,-5.02583,0,6.04197
1796.66,0.0303906,0.000303906,10599,-5.00494,0,6.06405
1795.66,0.0304244,0.000304244,10600,-4.98393,0,6.08605
1794.67,0.030458,0.00030458,10601,-4.9628,0,6.10799
1793.68,0.0304916,0.000304916,10602,-4.94155,0,6.12986
1792.69,0.0305251,0.000305251,10603,-4.92018,0,6.15166
1791.71,0.0305585,0.000305585,10604,-4.8987,0,6.17338
1790.74,0.0305919,0.000305919,10605,-4.87709,0,6.19504
1789.76,0.0306251,0.000306251,10606,-4.85536,0,6.21662
1788.8,0.0306582,0.000306582,10607,-4.83351,0,6.23813
1787.83,0.0306912,0.000306912,10608,-4.81154,0,6.25956
1786.88,0.0307242,0.000307242,10609,-4.78946,0,6.28092
1785.92,0.030757,0.00030757,10610,-4.76725,0,6.3022
1784.97,0.0307897,0.000307897,10611,-4.74493,0,6.32341
1784.03,0.0308223,0.000308223,10612,-4.72249,0,6.34454
1783.09,0.0308549,0.000308549,10613,-4.69993,0,6.36559
1782.15,0.0308873,0.000308873,10614,-4.67726,0,6.38656
1781.22,0.0309196,0.000309196,10615,-4.65446,0,6.40745
1780.29,0.0309518,0.000309518,10616,-4.63155,0,6.42826
1779.37,0.0309839,0.000309839,10617,-4.60852,0,6.44899
1778.45,0.0310158,0.000310158,10618,-4.58537,0,6.46964
1777.54,0.0310477,0.000310477,10619,-4.56211,0,6.4902
1776.63,0.0310794,0.000310794,10620,-4.53873,0,6.51068
1775.73,0.0311111,0.000311111,10621,-4.51524,0,6.53107
1774.83,0.0311426,0.000311426,10622,-4.49163,0,6.55138
1773.94,0.031174,0.00031174,10623,-4.4679,0,6.5716
1773.05,0.0312052,0.000312052,10624,-4.44406,0,6.59173
1772.16,0.0312364,0.000312364,10625,-4.42011,0,6.61178
1771.29,0.0312674,0.000312674,10626,-4.39604,0,6.63174
1770.41,0.0312983,0.000312983,10627,-4.37185,0,6.6516
1769.54,0.0313291,0.000313291,10628,-4.34755,0,6.67138
1768.68,0.0313597,0.000313597,10629,-4.32314,0,6.69107
1767.82,0.0313902,0.000313902,10630,-4.29862,0,6.71066
1766.96,0.0314206,0.000314206,10631,-4.27398,0,6.73016
1766.11,0.0314509,0.000314509,10632,-4.24923,0,6.74956
1765.27,0.031481,0.00031481,10633,-4.22437,0,6.76888
1764.43,0.031511,0.00031511,10634,-4.19939,0,6.78809
1763.59,0.0315408,0.000315408,10635,-4.17431,0,6.80721
1762.76,0.0315705,0.000315705,10636,-4.14911,0,6.82623
1761.94,0.0316001,0.000316001,10637,-4.1238,0,6.84516
1761.12,0.0316295,0.000316295,10638,-4.09839,0,6.86398
1760.3,0.0316588,0.000316588,10639,-4.07286,0,6.88271
1759.49,0.0316879,0.000316879,10640,-4.04722,0,6.90133
1758.69,0.0317169,0.000317169,10641,-4.02148,0,6.91986
1757.89,0.0317457,0.000317457,10642,-3.99563,0,6.93828
1757.1,0.0317744,0.000317744,10643,-3.96966,0,6.9566
1756.31,0.031803,0.00031803,10644,-3.9436,0,6.97482
1755.52,0.0318314,0.000318314,10645,-3.91742,0,6.99293
1754.75,0.0318596,0.000318596,10646,-3.89114,0,7.01093
1753.97,0.0318877,0.000318877,10647,-3.86475,0,7.02884
1753.21,0.0319156,0.000319156,10648,-3.83825,0,7.04663
1752.44,0.0319434,0.000319434,10649,-3.81165,0,7.06432
1751.69,0.031971,0.00031971,10650,-3.78495,0,7.08189
1750.94,0.0319984,0.000319984,10651,-3.75814,0,7.09936
1750.19,0.0320257,0.000320257,10652,-3.73123,0,7.11672
1749.45,0.0320528,0.000320528,10653,-3.70421,0,7.13397
1748.71,0.0320798,0.000320798,10654,-3.67709,0,7.15111
1747.98,0.0321066,0.000321066,10655,-3.64987,0,7.16813
1747.26,0.0321332,0.000321332,10656,-3.62255,0,7.18505
1746.54,0.0321596,0.000321596,10657,-3.59512,0,7.20184
1745.83,0.0321859,0.000321859,10658,-3.5676,0,7.21853
1745.12,0.032212,0.00032212,10659,-3.53997,0,7.2351
1744.42,0.032238,0.00032238,10660,-3.51225,0,7.25155
1743.72,0.0322637,0.000322637,10661,-3.48443,0,7.26788
1743.03,0.0322893,0.000322893,10662,-3.45651,0,7.2841
1742.35,0.0323147,0.000323147,10663,-3.42849,0,7.3002
1741.67,0.0323399,0.000323399,10664,-3.40037,0,7.31618
1740.99,0.032365,0.00032365,10665,-3.37216,0,7.33204
1740.32,0.0323898,0.000323898,10666,-3.34385,0,7.34778
1739.66,0.0324145,0.000324145,10667,-3.31545,0,7.3634
1739,0.032439,0.00032439,10668,-3.28695,0,7.3789
1738.35,0.0324633,0.000324633,10669,-3.25836,0,7.39427
1737.71,0.0324874,0.000324874,10670,-3.22967,0,7.40952
1737.07,0.0325114,0.000325114,10671,-3.20089,0,7.42465
1736.43,0.0325351,0.000325351,10672,-3.17202,0,7.43965
1735.81,0.0325587,0.000325587,10673,-3.14306,0,7.45452
1735.18,0.032582,0.00032582,10674,-3.11401,0,7.46927
1734.57,0.0326052,0.000326052,10675,-3.08487,0,7.4839
1733.96,0.0326281,0.000326281,10676,-3.05563,0,7.49839
1733.35,0.0326509,0.000326509,10677,-3.02631,0,7.51275
1732.75,0.0326735,0.000326735,10678,-2.9969,0,7.52699
1732.16,0.0326958,0.000326958,10679,-2.96741,0,7.5411
1731.57,0.032718,0.00032718,10680,-2.93783,0,7.55507
1730.99,0.03274,0.0003274,10681,-2.90816,0,7.56892
1730.42,0.0327617,0.000327617,10682,-2.8784,0,7.58263
1729.85,0.0327833,0.000327833,10683,-2.84856,0,7.59621
1729.29,0.0328046,0.000328046,10684,-2.81864,0,7.60966
1728.73,0.0328258,0.000328258,10685,-2.78864,0,7.62297
1728.18,0.0328467,0.000328467,10686,-2.75855,0,7.63615
1727.63,0.0328674,0.000328674,10687,-2.72838,0,7.64919
1727.1,0.0328879,0.000328879,10688,-2.69813,0,7.66209
1726.56,0.0329082,0.000329082,10689,-2.6678,0,7.67486
1726.04,0.0329283,0.000329283,10690,-2.63739,0,7.6875
1725.52,0.0329482,0.000329482,10691,-2.60691,0,7.69999
1725,0.0329678,0.000329678,10692,-2.57634,0,7.71235
1724.49,0.0329873,0.000329873,10693,-2.5457,0,7.72457
1723.99,0.0330065,0.000330065,10694,-2.51498,0,7.73664
1723.49,0.0330255,0.000330255,10695,-2.48419,0,7.74858
1723.01,0.0330443,0.000330443,10696,-2.45332,0,7.76038
1722.52,0.0330628,0.000330628,10697,-2.42238,0,7.77203
1722.04,0.0330811,0.000330811,10698,-2.39137,0,7.78354
1721.57,0.0330992,0.000330992,10699,-2.36028,0,7.79491
1721.11,0.0331171,0.000331171,10700,-2.32913,0,7.80614
1720.65,0.0331348,0.000331348,10701,-2.2979,0,7.81722
1720.2,0.0331522,0.000331522,10702,-2.2666,0,7.82816
1719.75,0.0331694,0.000331694,10703,-2.23524,0,7.83895
1719.31,0.0331864,0.000331864,10704,-2.20381,0,7.8496
1718.88,0.0332031,0.000332031,10705,-2.17231,0,7.8601
1718.45,0.0332196,0.000332196,10706,-2.14074,0,7.87045
1718.03,0.0332359,0.000332359,10707,-2.10911,0,7.88066
1717.62,0.0332519,0.000332519,10708,-2.07742,0,7.89072
1717.21,0.0332677,0.000332677,10709,-2.04566,0,7.90063
1716.81,0.0332833,0.000332833,10710,-2.01384,0,7.91039
1716.41,0.0332986,0.000332986,10711,-1.98196,0,7.92
1716.02,0.0333137,0.000333137,10712,-1.95002,0,7.92947
1715.64,0.0333285,0.000333285,10713,-1.91802,0,7.93878
1715.27,0.0333431,0.000333431,10714,-1.88596,0,7.94794
1714.9,0.0333575,0.000333575,10715,-1.85384,0,7.95695
1714.53,0.0333716,0.000333716,10716,-1.82167,0,7.96581
1714.18,0.0333855,0.000333855,10717,-1.78944,0,7.97451
1713.83,0.0333991,0.000333991,10718,-1.75715,0,7.98307
1713.48,0.0334125,0.000334125,10719,-1.72481,0,7.99147
1713.15,0.0334257,0.000334257,10720,-1.69242,0,7.99971
1712.82,0.0334386,0.000334386,10721,-1.65998,0,8.00781
1712.49,0.0334512,0.000334512,10722,-1.62748,0,8.01575
1712.17,0.0334636,0.000334636,10723,-1.59493,0,8.02353
1711.86,0.0334758,0.000334758,10724,-1.56234,0,8.03116
1711.56,0.0334877,0.000334877,10725,-1.5297,0,8.03863
1711.26,0.0334994,0.000334994,10726,-1.49701,0,8.04595
1710.97,0.0335108,0.000335108,10727,-1.46427,0,8.0531
1710.68,0.0335219,0.000335219,10728,-1.43149,0,8.06011
1710.41,0.0335328,0.000335328,10729,-1.39866,0,8.06695
1710.14,0.0335435,0.000335435,10730,-1.36579,0,8.07364
1709.87,0.0335539,0.000335539,10731,-1.33288,0,8.08017
1709.61,0.033564,0.00033564,10732,-1.29992,0,8.08654
1709.36,0.0335739,0.000335739,10733,-1.26693,0,8.09275
1709.12,0.0335835,0.000335835,10734,-1.2339,0,8.09881
1708.88,0.0335929,0.000335929,10735,-1.20082,0,8.1047
1708.65,0.033602,0.00033602,10736,-1.16771,0,8.11044
1708.42,0.0336109,0.000336109,10737,-1.13457,0,8.11601
1708.2,0.0336195,0.000336195,10738,-1.10139,0,8.12143
1707.99,0.0336278,0.000336278,10739,-1.06817,0,8.12668
1707.78,0.0336359,0.000336359,10740,-1.03493,0,8.13177
1707.59,0.0336437,0.000336437,10741,-1.00165,0,8.1367
1707.39,0.0336513,0.000336513,10742,-0.968334,0,8.14147
1707.21,0.0336586,0.000336586,10743,-0.934993,0,8.14608
1707.03,0.0336656,0.000336656,10744,-0.901622,0,8.15053
1706.86,0.0336724,0.000336724,10745,-0.868223,0,8.15481
1706.69,0.0336789,0.000336789,10746,-0.834798,0,8.15894
1706.54,0.0336851,0.000336851,10747,-0.801346,0,8.1629
1706.38,0.0336911,0.000336911,10748,-0.767869,0,8.16669
1706.24,0.0336968,0.000336968,10749,-0.734369,0,8.17033
1706.1,0.0337023,0.000337023,10750,-0.700846,0,8.1738
1705.97,0.0337075,0.000337075,10751,-0.667301,0,8.1771
1705.85,0.0337124,0.000337124,10752,-0.633736,0,8.18025
1705.73,0.0337171,0.000337171,10753,-0.60015,0,8.18323
1705.62,0.0337215,0.000337215,10754,-0.566547,0,8.18604
1705.51,0.0337256,0.000337256,10755,-0.532926,0,8.1887
1705.41,0.0337295,0.000337295,10756,-0.499288,0,8.19118
1705.32,0.0337331,0.000337331,10757,-0.465635,0,8.19351
1705.24,0.0337364,0.000337364,10758,-0.431968,0,8.19567
1705.16,0.0337395,0.000337395,10759,-0.398287,0,8.19766
1705.09,0.0337422,0.000337422,10760,-0.364595,0,8.19949
1705.03,0.0337448,0.000337448,10761,-0.330891,0,8.20115
1704.97,0.033747,0.00033747,10762,-0.297177,0,8.20265
1704.92,0.033749,0.00033749,10763,-0.263455,0,8.20399
1704.88,0.0337508,0.000337508,10764,-0.229724,0,8.20516
1704.84,0.0337522,0.000337522,10765,-0.195987,0,8.20616
1704.81,0.0337534,0.000337534,10766,-0.162244,0,8.207
1704.79,0.0337543,0.000337543,10767,-0.128496,0,8.20768
1704.77,0.033755,0.00033755,10768,-0.0947452,0,8.20818
1704.76,0.0337554,0.000337554,10769,-0.0609916,0,8.20853
1704.76,0.0337555,0.000337555,10770,-0.0272366,0,8.20871
1704.76,0.0337553,0.000337553,10771,0.00651874,0,8.20872
1704.77,0.0337549,0.000337549,10772,0.0402733,0,8.20857
1704.79,0.0337542,0.000337542,10773,0.074026,0,8.20825
1704.81,0.0337533,0.000337533,10774,0.107776,0,8.20777
1704.84,0.033752,0.00033752,10775,0.141522,0,8.20712
1704.88,0.0337506,0.000337506,10776,0.175262,0,8.20631
1704.93,0.0337488,0.000337488,10777,0.208997,0,8.20533
1704.98,0.0337468,0.000337468,10778,0.242724,0,8.20419
1705.03,0.0337445,0.000337445,10779,0.276444,0,8.20288
1705.1,0.0337419,0.000337419,10780,0.310153,0,8.20141
1705.17,0.0337391,0.000337391,10781,0.343853,0,8.19977
1705.25,0.033736,0.00033736,10782,0.37754,0,8.19797
1705.33,0.0337326,0.000337326,10783,0.411216,0,8.196
1705.43,0.033729,0.00033729,10784,0.444877,0,8.19387
1705.52,0.0337251,0.000337251,10785,0.478524,0,8.19157
1705.63,0.0337209,0.000337209,10786,0.512155,0,8.18911
1705.74,0.0337165,0.000337165,10787,0.545769,0,8.18649
1705.86,0.0337118,0.000337118,10788,0.579366,0,8.1837
1705.99,0.0337069,0.000337069,10789,0.612943,0,8.18075
1706.12,0.0337016,0.000337016,10790,0.6465,0,8.17763
1706.26,0.0336961,0.000336961,10791,0.680037,0,8.17435
1706.4,0.0336904,0.000336904,10792,0.713551,0,8.17091
1706.55,0.0336844,0.000336844,10793,0.747041,0,8.1673
1706.71,0.0336781,0.000336781,10794,0.780508,0,8.16354
1706.88,0.0336716,0.000336715,10795,0.813949,0,8.1596
1707.05,0.0336647,0.000336647,10796,0.847364,0,8.15551
1707.23,0.0336577,0.000336577,10797,0.880752,0,8.15126
1707.42,0.0336503,0.000336503,10798,0.914111,0,8.14684
1707.61,0.0336428,0.000336428,10799,0.947441,0,8.14226
1707.81,0.0336349,0.000336349,10800,0.98074,0,8.13752
1708.02,0.0336268,0.000336268,10801,1.01401,0,8.13262
1708.23,0.0336184,0.000336184,10802,1.04724,0,8.12755
1708.45,0.0336098,0.000336098,10803,1.08044,0,8.12233
1708.67,0.0336009,0.000336009,10804,1.11361,0,8.11695
1708.91,0.0335918,0.000335918,10805,1.14674,0,8.1114
1709.15,0.0335824,0.000335824,10806,1.17984,0,8.1057
1709.39,0.0335727,0.000335727,10807,1.21289,0,8.09983
1709.64,0.0335628,0.000335628,10808,1.24591,0,8.09381
1709.9,0.0335526,0.000335526,10809,1.27889,0,8.08763
1710.17,0.0335422,0.000335422,10810,1.31183,0,8.08129
1710.44,0.0335315,0.000335315,10811,1.34472,0,8.07479
1710.72,0.0335206,0.000335206,10812,1.37758,0,8.06814
1711.01,0.0335094,0.000335094,10813,1.41039,0,8.06133
1711.3,0.0334979,0.000334979,10814,1.44315,0,8.05436
1711.6,0.0334863,0.000334863,10815,1.47587,0,8.04723
1711.9,0.0334743,0.000334743,10816,1.50854,0,8.03995
1712.21,0.0334621,0.000334621,10817,1.54117,0,8.03251
1712.53,0.0334497,0.000334497,10818,1.57374,0,8.02492
1712.86,0.033437,0.00033437,10819,1.60627,0,8.01717
1713.19,0.0334241,0.000334241,10820,1.63875,0,8.00927
1713.53,0.0334109,0.000334109,10821,1.67117,0,8.00121
1713.87,0.0333975,0.000333975,10822,1.70354,0,7.993
1714.22,0.0333838,0.000333838,10823,1.73586,0,7.98463
1714.58,0.0333699,0.000333699,10824,1.76813,0,7.97612
1714.94,0.0333557,0.000333557,10825,1.80034,0,7.96745
1715.31,0.0333413,0.000333413,10826,1.83249,0,7.95863
1715.69,0.0333267,0.000333267,10827,1.86459,0,7.94965
1716.07,0.0333118,0.000333118,10828,1.89662,0,7.94053
1716.46,0.0332967,0.000332967,10829,1.9286,0,7.93126
1716.86,0.0332813,0.000332813,10830,1.96052,0,7.92183
1717.26,0.0332658,0.000332658,10831,1.99238,0,7.91226
1717.67,0.0332499,0.000332499,10832,2.02418,0,7.90254
1718.08,0.0332339,0.000332339,10833,2.05591,0,7.89266
1718.5,0.0332176,0.000332176,10834,2.08758,0,7.88265
1718.93,0.033201,0.00033201,10835,2.11919,0,7.87248
1719.37,0.0331843,0.000331843,10836,2.15073,0,7.86217
1719.81,0.0331673,0.000331673,10837,2.18221,0,7.85171
1720.25,0.0331501,0.000331501,10838,2.21361,0,7.8411
1720.71,0.0331326,0.000331326,10839,2.24495,0,7.83035
1721.17,0.0331149,0.000331149,10840,2.27622,0,7.81946
1721.63,0.033097,0.00033097,10841,2.30743,0,7.80842
1722.1,0.0330789,0.000330789,10842,2.33856,0,7.79724
1722.58,0.0330605,0.000330605,10843,2.36962,0,7.78591
1723.07,0.033042,0.000330419,10844,2.40061,0,7.77444
1723.56,0.0330232,0.000330232,10845,2.43152,0,7.76283
1724.05,0.0330041,0.000330041,10846,2.46236,0,7.75108
1724.55,0.0329849,0.000329849,10847,2.49313,0,7.73919
1725.06,0.0329654,0.000329654,10848,2.52382,0,7.72716
1725.58,0.0329458,0.000329457,10849,2.55444,0,7.71499
1726.1,0.0329259,0.000329259,10850,2.58498,0,7.70268
1726.63,0.0329057,0.000329057,10851,2.61544,0,7.69024
1727.16,0.0328854,0.000328854,10852,2.64582,0,7.67765
1727.7,0.0328649,0.000328649,10853,2.67612,0,7.66493
1728.25,0.0328441,0.000328441,10854,2.70634,0,7.65207
1728.8,0.0328232,0.000328232,10855,2.73649,0,7.63908
1729.36,0.032802,0.00032802,10856,2.76655,0,7.62595
1729.92,0.0327806,0.000327806,10857,2.79653,0,7.61269
1730.49,0.0327591,0.000327591,10858,2.82642,0,7.5993
1731.06,0.0327373,0.000327373,10859,2.85623,0,7.58577
1731.65,0.0327153,0.000327153,10860,2.88596,0,7.57211
1732.23,0.0326931,0.000326931,10861,2.9156,0,7.55832
1732.83,0.0326707,0.000326707,10862,2.94516,0,7.54439
1733.43,0.0326481,0.000326481,10863,2.97463,0,7.53034
1734.03,0.0326253,0.000326253,10864,3.00401,0,7.51616
1734.64,0.0326023,0.000326023,10865,3.0333,0,7.50185
1735.26,0.0325792,0.000325792,10866,3.06251,0,7.48741
1735.88,0.0325558,0.000325558,10867,3.09162,0,7.47284
1736.51,0.0325322,0.000325322,10868,3.12065,0,7.45815
1737.15,0.0325084,0.000325084,10869,3.14958,0,7.44333
1737.79,0.0324845,0.000324845,10870,3.17842,0,7.42839
1738.43,0.0324603,0.000324603,10871,3.20717,0,7.41332
1739.08,0.032436,0.00032436,10872,3.23583,0,7.39812
1739.74,0.0324115,0.000324115,10873,3.2644,0,7.38281
1740.41,0.0323868,0.000323868,10874,3.29287,0,7.36737
1741.07,0.0323619,0.000323619,10875,3.32124,0,7.35181
1741.75,0.0323369,0.000323369,10876,3.34952,0,7.33613
1742.43,0.0323116,0.000323116,10877,3.37771,0,7.32033
1743.12,0.0322862,0.000322862,10878,3.4058,0,7.30441
1743.81,0.0322606,0.000322606,10879,3.43379,0,7.28837
1744.5,0.0322348,0.000322348,10880,3.46168,0,7.27222
1745.21,0.0322088,0.000322088,10881,3.48948,0,7.25595
1745.92,0.0321827,0.000321827,10882,3.51718,0,7.23956
1746.63,0.0321564,0.000321564,10883,3.54477,0,7.22305
1747.35,0.0321299,0.000321299,10884,3.57227,0,7.20643
1748.07,0.0321033,0.000321033,10885,3.59967,0,7.1897
1748.8,0.0320765,0.000320765,10886,3.62697,0,7.17285
1749.54,0.0320495,0.000320495,10887,3.65416,0,7.15589
1750.28,0.0320224,0.000320224,10888,3.68125,0,7.13882
1751.03,0.0319951,0.000319951,10889,3.70824,0,7.12164
1751.78,0.0319676,0.000319676,10890,3.73513,0,7.10435
1752.54,0.03194,0.0003194,10891,3.76191,0,7.08695
1753.3,0.0319122,0.000319122,10892,3.78859,0,7.06944
1754.07,0.0318842,0.000318842,10893,3.81517,0,7.05182
1754.84,0.0318561,0.000318561,10894,3.84164,0,7.03409
1755.62,0.0318279,0.000318279,10895,3.868,0,7.01626
1756.4,0.0317995,0.000317995,10896,3.89426,0,6.99833
1757.19,0.0317709,0.000317709,10897,3.92041,0,6.98028
1757.99,0.0317422,0.000317422,10898,3.94646,0,6.96214
1758.79,0.0317134,0.000317134,10899,3.97239,0,6.94389
1759.59,0.0316843,0.000316843,10900,3.99822,0,6.92554
1760.4,0.0316552,0.000316552,10901,4.02394,0,6.90709
1761.22,0.0316259,0.000316259,10902,4.04956,0,6.88854
1762.04,0.0315965,0.000315965,10903,4.07506,0,6.86988
1762.86,0.0315669,0.000315669,10904,4.10045,0,6.85113
1763.69,0.0315372,0.000315372,10905,4.12574,0,6.83228
1764.53,0.0315073,0.000315073,10906,4.15091,0,6.81334
1765.37,0.0314773,0.000314773,10907,4.17597,0,6.79429
1766.22,0.0314472,0.000314472,10908,4.20093,0,6.77515
1767.07,0.0314169,0.000314169,10909,4.22577,0,6.75592
1767.92,0.0313865,0.000313865,10910,4.25049,0,6.73659
1768.78,0.031356,0.00031356,10911,4.27511,0,6.71717
1769.65,0.0313253,0.000313253,10912,4.29961,0,6.69765
1770.52,0.0312945,0.000312945,10913,4.32401,0,6.67804
1771.39,0.0312636,0.000312636,10914,4.34828,0,6.65835
1772.27,0.0312326,0.000312326,10915,4.37245,0,6.63856
1773.16,0.0312014,0.000312014,10916,4.3965,0,6.61868
1774.05,0.0311701,0.000311701,10917,4.42043,0,6.59872
1774.94,0.0311387,0.000311387,10918,4.44426,0,6.57866
1775.84,0.0311072,0.000311072,10919,4.46796,0,6.55852
1776.74,0.0310756,0.000310756,10920,4.49156,0,6.5383
1777.65,0.0310438,0.000310438,10921,4.51503,0,6.51798
1778.57,0.0310119,0.000310119,10922,4.53839,0,6.49759
1779.48,0.0309799,0.000309799,10923,4.56164,0,6.47711
1780.41,0.0309478,0.000309478,10924,4.58477,0,6.45654
1781.33,0.0309156,0.000309156,10925,4.60778,0,6.4359
1782.27,0.0308833,0.000308833,10926,4.63067,0,6.41517
1783.2,0.0308509,0.000308509,10927,4.65345,0,6.39437
1784.14,0.0308184,0.000308184,10928,4.67611,0,6.37348
1785.09,0.0307857,0.000307857,10929,4.69866,0,6.35252
1786.04,0.030753,0.00030753,10930,4.72108,0,6.33147
1786.99,0.0307201,0.000307201,10931,4.74339,0,6.31035
1787.95,0.0306872,0.000306872,10932,4.76558,0,6.28916
1788.92,0.0306542,0.000306542,10933,4.78766,0,6.26788
1789.88,0.030621,0.00030621,10934,4.80961,0,6.24654
1790.86,0.0305878,0.000305878,10935,4.83144,0,6.22512
1791.83,0.0305545,0.000305545,10936,4.85316,0,6.20362
1792.81,0.030521,0.00030521,10937,4.87476,0,6.18205
1793.8,0.0304875,0.000304875,10938,4.89623,0,6.16042
1794.79,0.0304539,0.000304539,10939,4.91759,0,6.13871
1795.78,0.0304202,0.000304202,10940,4.93883,0,6.11693
1796.78,0.0303865,0.000303865,10941,4.95995,0,6.09508
1797.78,0.0303526,0.000303526,10942,4.98095,0,6.07317
1798.79,0.0303186,0.000303186,10943,5.00183,0,6.05118
1799.8,0.0302846,0.000302846,10944,5.02259,0,6.02913
1800.81,0.0302505,0.000302505,10945,5.04322,0,6.00701
1801.83,0.0302163,0.000302163,10946,5.06374,0,5.98483
1802.85,0.030182,0.00030182,10947,5.08414,0,5.96259
1803.88,0.0301477,0.000301477,10948,5.10442,0,5.94028
1804.91,0.0301132,0.000301132,10949,5.12457,0,5.9179
1805.95,0.0300787,0.000300787,10950,5.14461,0,5.89547
1806.98,0.0300442,0.000300442,10951,5.16452,0,5.87297
1808.03,0.0300095,0.000300095,10952,5.18432,0,5.85042
1809.07,0.0299748,0.000299748,10953,5.20399,0,5.8278
1810.12,0.02994,0.0002994,10954,5.22354,0,5.80513
1811.18,0.0299052,0.000299052,10955,5.24297,0,5.78239
1812.24,0.0298702,0.000298702,10956,5.26228,0,5.7596
1813.3,0.0298352,0.000298352,10957,5.28147,0,5.73676
1814.37,0.0298002,0.000298002,10958,5.30053,0,5.71385
1815.44,0.0297651,0.000297651,10959,5.31948,0,5.6909
1816.51,0.0297299,0.000297299,10960,5.3383,0,5.66788
1817.59,0.0296946,0.000296946,10961,5.357,0,5.64482
1818.67,0.0296594,0.000296594,10962,5.37558,0,5.6217
1819.75,0.029624,0.00029624,10963,5.39404,0,5.59853
1820.84,0.0295886,0.000295886,10964,5.41238,0,5.57531
1821.93,0.0295531,0.000295531,10965,5.43059,0,5.55203
1823.03,0.0295176,0.000295176,10966,5.44868,0,5.52871
1824.13,0.029482,0.00029482,10967,5.46666,0,5.50534
1825.23,0.0294464,0.000294464,10968,5.48451,0,5.48192
1826.34,0.0294107,0.000294107,10969,5.50223,0,5.45845
1827.45,0.029375,0.00029375,10970,5.51984,0,5.43494
1828.56,0.0293392,0.000293392,10971,5.53733,0,5.41138
1829.68,0.0293034,0.000293034,10972,5.55469,0,5.38778
1830.8,0.0292676,0.000292676,10973,5.57193,0,5.36413
1831.93,0.0292317,0.000292317,10974,5.58905,0,5.34043
1833.05,0.0291957,0.000291957,10975,5.60605,0,5.3167
1834.18,0.0291597,0.000291597,10976,5.62293,0,5.29292
1835.32,0.0291237,0.000291237,10977,5.63969,0,5.2691
1836.46,0.0290876,0.000290876,10978,5.65632,0,5.24524
1837.6,0.0290515,0.000290515,10979,5.67283,0,5.22133
1838.74,0.0290154,0.000290154,10980,5.68923,0,5.19739
1839.89,0.0289792,0.000289792,10981,5.7055,0,5.17341
1841.04,0.028943,0.00028943,10982,5.72165,0,5.14939
1842.19,0.0289067,0.000289067,10983,5.73768,0,5.12534
1843.35,0.0288705,0.000288705,10984,5.75358,0,5.10125
1844.51,0.0288342,0.000288342,10985,5.76937,0,5.07712
1845.67,0.0287978,0.000287978,10986,5.78504,0,5.05296
1846.84,0.0287615,0.000287615,10987,5.80058,0,5.02876
1848.01,0.0287251,0.000287251,10988,5.81601,0,5.00453
1849.18,0.0286886,0.000286886,10989,5.83132,0,4.98026
1850.36,0.0286522,0.000286522,10990,5.8465,0,4.95596
1851.54,0.0286157,0.000286157,10991,5.86156,0,4.93163
1852.72,0.0285792,0.000285792,10992,5.87651,0,4.90727
1853.9,0.0285427,0.000285427,10993,5.89133,0,4.88288
1855.09,0.0285062,0.000285062,10994,5.90604,0,4.85846
1856.28,0.0284696,0.000284696,10995,5.92062,0,4.83401
1857.47,0.0284331,0.000284331,10996,5.93509,0,4.80953
1858.67,0.0283965,0.000283965,10997,5.94943,0,4.78502
1859.87,0.0283599,0.000283599,10998,5.96366,0,4.76049
1861.07,0.0283233,0.000283233,10999,5.97776,0,4.73593
1862.28,0.0282866,0.000282866,11000,5.99175,0,4.71134
1863.48,0.02825,0.0002825,11001,6.00562,0,4.68673
1864.69,0.0282133,0.000282133,11002,6.01937,0,4.6621
1865.91,0.0281766,0.000281766,11003,6.033,0,4.63744
1867.12,0.02814,0.0002814,11004,6.04652,0,4.61275
1868.34,0.0281033,0.000281033,11005,6.05991,0,4.58805
1869.56,0.0280666,0.000280666,11006,6.07319,0,4.56332
1870.79,0.0280299,0.000280299,11007,6.08635,0,4.53857
1872.01,0.0279932,0.000279932,11008,6.09939,0,4.5138
1873.24,0.0279564,0.000279564,11009,6.11231,0,4.48901
1874.47,0.0279197,0.000279197,11010,6.12512,0,4.4642
1875.71,0.027883,0.00027883,11011,6.13781,0,4.43937
1876.94,0.0278463,0.000278463,11012,6.15038,0,4.41453
1878.18,0.0278095,0.000278095,11013,6.16283,0,4.38966
1879.42,0.0277728,0.000277728,11014,6.17517,0,4.36478
1880.67,0.0277361,0.000277361,11015,6.18739,0,4.33988
1881.91,0.0276994,0.000276994,11016,6.1995,0,4.31497
1883.16,0.0276626,0.000276626,11017,6.21149,0,4.29004
1884.41,0.0276259,0.000276259,11018,6.22336,0,4.26509
1885.67,0.0275892,0.000275892,11019,6.23512,0,4.24014
1886.92,0.0275525,0.000275525,11020,6.24676,0,4.21516
1888.18,0.0275158,0.000275158,11021,6.25829,0,4.19018
1889.44,0.0274791,0.000274791,11022,6.2697,0,4.16518
1890.7,0.0274424,0.000274424,11023,6.281,0,4.14017
1891.97,0.0274057,0.000274057,11024,6.29218,0,4.11515
1893.24,0.027369,0.00027369,11025,6.30325,0,4.09012
1894.51,0.0273324,0.000273324,11026,6.31421,0,4.06508
1895.78,0.0272957,0.000272957,11027,6.32505,0,4.04003
1897.05,0.0272591,0.000272591,11028,6.33577,0,4.01497
1898.33,0.0272225,0.000272225,11029,6.34639,0,3.9899
1899.6,0.0271858,0.000271858,11030,6.35689,0,3.96483
1900.88,0.0271492,0.000271492,11031,6.36728,0,3.93974
1902.17,0.0271127,0.000271127,11032,6.37755,0,3.91465
1903.45,0.0270761,0.000270761,11033,6.38771,0,3.88956
1904.74,0.0270395,0.000270395,11034,6.39776,0,3.86446
1906.02,0.027003,0.00027003,11035,6.4077,0,3.83935
1907.31,0.0269665,0.000269665,11036,6.41753,0,3.81424
1908.61,0.02693,0.0002693,11037,6.42725,0,3.78912
1909.9,0.0268935,0.000268935,11038,6.43685,0,3.764
1911.2,0.0268571,0.000268571,11039,6.44634,0,3.73888
1912.49,0.0268206,0.000268206,11040,6.45573,0,3.71375
1913.79,0.0267842,0.000267842,11041,6.465,0,3.68862
1915.09,0.0267478,0.000267478,11042,6.47416,0,3.66349
1916.4,0.0267115,0.000267115,11043,6.48322,0,3.63836
1917.7,0.0266751,0.000266751,11044,6.49216,0,3.61323
1919.01,0.0266388,0.000266388,11045,6.50099,0,3.5881
1920.32,0.0266025,0.000266025,11046,6.50972,0,3.56297
1921.63,0.0265663,0.000265663,11047,6.51833,0,3.53784
1922.94,0.02653,0.0002653,11048,6.52684,0,3.51271
1924.25,0.0264938,0.000264938,11049,6.53524,0,3.48758
1925.57,0.0264576,0.000264576,11050,6.54353,0,3.46246
1926.89,0.0264215,0.000264215,11051,6.55172,0,3.43734
1928.2,0.0263854,0.000263854,11052,6.55979,0,3.41222
1929.52,0.0263493,0.000263493,11053,6.56776,0,3.3871
1930.85,0.0263132,0.000263132,11054,6.57563,0,3.36199
1932.17,0.0262772,0.000262772,11055,6.58338,0,3.33688
1933.49,0.0262412,0.000262412,11056,6.59103,0,3.31178
1934.82,0.0262052,0.000262052,11057,6.59858,0,3.28669
1936.15,0.0261693,0.000261693,11058,6.60602,0,3.2616
1937.48,0.0261334,0.000261334,11059,6.61335,0,3.23651
1938.81,0.0260976,0.000260976,11060,6.62058,0,3.21144
1940.14,0.0260617,0.000260617,11061,6.6277,0,3.18637
1941.47,0.026026,0.000260259,11062,6.63472,0,3.16131
1942.81,0.0259902,0.000259902,11063,6.64164,0,3.13625
1944.14,0.0259545,0.000259545,11064,6.64845,0,3.11121
1945.48,0.0259188,0.000259188,11065,6.65516,0,3.08617
1946.82,0.0258832,0.000258832,11066,6.66176,0,3.06115
1948.16,0.0258476,0.000258476,11067,6.66826,0,3.03613
1949.5,0.025812,0.00025812,11068,6.67466,0,3.01112
1950.84,0.0257765,0.000257765,11069,6.68096,0,2.98613
1952.19,0.025741,0.00025741,11070,6.68716,0,2.96114
1953.53,0.0257056,0.000257056,11071,6.69325,0,2.93617
1954.88,0.0256702,0.000256702,11072,6.69924,0,2.91121
1956.23,0.0256348,0.000256348,11073,6.70513,0,2.88626
1957.58,0.0255995,0.000255995,11074,6.71092,0,2.86133
1958.92,0.0255643,0.000255643,11075,6.71661,0,2.8364
1960.28,0.0255291,0.000255291,11076,6.7222,0,2.81149
1961.63,0.0254939,0.000254939,11077,6.72769,0,2.7866
1962.98,0.0254587,0.000254587,11078,6.73308,0,2.76172
1964.33,0.0254237,0.000254237,11079,6.73837,0,2.73685
1965.69,0.0253886,0.000253886,11080,6.74357,0,2.712
1967.05,0.0253536,0.000253536,11081,6.74866,0,2.68716
1968.4,0.0253187,0.000253187,11082,6.75366,0,2.66234
1969.76,0.0252838,0.000252838,11083,6.75856,0,2.63754
1971.12,0.0252489,0.000252489,11084,6.76336,0,2.61275
1972.48,0.0252141,0.000252141,11085,6.76806,0,2.58798
1973.84,0.0251793,0.000251793,11086,6.77267,0,2.56322
1975.2,0.0251446,0.000251446,11087,6.77717,0,2.53848
1976.57,0.02511,0.0002511,11088,6.78159,0,2.51376
1977.93,0.0250754,0.000250754,11089,6.78591,0,2.48906
1979.29,0.0250408,0.000250408,11090,6.79013,0,2.46438
1980.66,0.0250063,0.000250063,11091,6.79425,0,2.43972
1982.02,0.0249719,0.000249719,11092,6.79829,0,2.41507
1983.39,0.0249374,0.000249374,11093,6.80222,0,2.39045
1984.76,0.0249031,0.000249031,11094,6.80606,0,2.36584
1986.13,0.0248688,0.000248688,11095,6.80981,0,2.34126
1987.5,0.0248345,0.000248345,11096,6.81347,0,2.3167
1988.87,0.0248003,0.000248003,11097,6.81703,0,2.29215
1990.24,0.0247662,0.000247662,11098,6.8205,0,2.26763
1991.61,0.0247321,0.000247321,11099,6.82387,0,2.24313
1992.98,0.0246981,0.000246981,11100,6.82716,0,2.21865
1994.35,0.0246641,0.000246641,11101,6.83035,0,2.19419
1995.72,0.0246302,0.000246302,11102,6.83345,0,2.16976
1997.1,0.0245963,0.000245963,11103,6.83646,0,2.14535
1998.47,0.0245625,0.000245625,11104,6.83937,0,2.12096
1999.85,0.0245287,0.000245287,11105,6.8422,0,2.09659
2001.22,0.024495,0.00024495,11106,6.84494,0,2.07225
2002.6,0.0244614,0.000244614,11107,6.84758,0,2.04793
2003.97,0.0244278,0.000244278,11108,6.85014,0,2.02364
2005.35,0.0243943,0.000243943,11109,6.8526,0,1.99937
2006.73,0.0243608,0.000243608,11110,6.85498,0,1.97513
2008.11,0.0243274,0.000243274,11111,6.85727,0,1.95091
2009.48,0.024294,0.00024294,11112,6.85947,0,1.92671
2010.86,0.0242607,0.000242607,11113,6.86158,0,1.90254
2012.24,0.0242275,0.000242275,11114,6.86361,0,1.8784
2013.62,0.0241943,0.000241943,11115,6.86555,0,1.85428
2015,0.0241612,0.000241612,11116,6.86739,0,1.83019
2016.38,0.0241281,0.000241281,11117,6.86916,0,1.80613
2017.76,0.0240951,0.000240951,11118,6.87083,0,1.78209
2019.14,0.0240622,0.000240622,11119,6.87243,0,1.75808
2020.52,0.0240293,0.000240293,11120,6.87393,0,1.7341
2021.9,0.0239965,0.000239965,11121,6.87535,0,1.71015
2023.29,0.0239637,0.000239637,11122,6.87668,0,1.68622
2024.67,0.023931,0.00023931,11123,6.87793,0,1.66232
2026.05,0.0238984,0.000238984,11124,6.8791,0,1.63845
2027.43,0.0238658,0.000238658,11125,6.88018,0,1.61461
2028.81,0.0238333,0.000238333,11126,6.88118,0,1.5908
2030.2,0.0238009,0.000238009,11127,6.88209,0,1.56702
2031.58,0.0237685,0.000237685,11128,6.88292,0,1.54326
2032.96,0.0237362,0.000237362,11129,6.88367,0,1.51954
2034.34,0.0237039,0.000237039,11130,6.88433,0,1.49584
2035.73,0.0236717,0.000236717,11131,6.88491,0,1.47218
2037.11,0.0236396,0.000236396,11132,6.88541,0,1.44854
2038.49,0.0236075,0.000236075,11133,6.88583,0,1.42494
2039.88,0.0235755,0.000235755,11134,6.88617,0,1.40137
2041.26,0.0235436,0.000235436,11135,6.88643,0,1.37782
2042.64,0.0235117,0.000235117,11136,6.8866,0,1.35431
2044.03,0.0234799,0.000234799,11137,6.8867,0,1.33083
2045.41,0.0234481,0.000234481,11138,6.88672,0,1.30739
2046.79,0.0234164,0.000234164,11139,6.88665,0,1.28397
2048.18,0.0233848,0.000233848,11140,6.88651,0,1.26059
2049.56,0.0233533,0.000233533,11141,6.88629,0,1.23723
2050.94,0.0233218,0.000233218,11142,6.88599,0,1.21391
2052.33,0.0232904,0.000232904,11143,6.88561,0,1.19063
2053.71,0.023259,0.00023259,11144,6.88515,0,1.16737
2055.09,0.0232277,0.000232277,11145,6.88462,0,1.14415
2056.47,0.0231965,0.000231965,11146,6.88401,0,1.12096
2057.86,0.0231653,0.000231653,11147,6.88332,0,1.09781
2059.24,0.0231342,0.000231342,11148,6.88255,0,1.07468
2060.62,0.0231032,0.000231032,11149,6.88171,0,1.0516
2062,0.0230723,0.000230723,11150,6.88079,0,1.02854
2063.39,0.0230414,0.000230414,11151,6.8798,0,1.00552
2064.77,0.0230105,0.000230105,11152,6.87873,0,0.982537
2066.15,0.0229798,0.000229798,11153,6.87759,0,0.959586
2067.53,0.0229491,0.000229491,11154,6.87637,0,0.936669
2068.91,0.0229185,0.000229185,11155,6.87507,0,0.913787
2070.29,0.0228879,0.000228879,11156,6.87371,0,0.89094
2071.67,0.0228574,0.000228574,11157,6.87226,0,0.868128
2073.05,0.022827,0.00022827,11158,6.87075,0,0.845352
2074.43,0.0227967,0.000227967,11159,6.86916,0,0.82261
2075.81,0.0227664,0.000227664,11160,6.8675,0,0.799905
2077.19,0.0227362,0.000227362,11161,6.86577,0,0.777235
2078.57,0.022706,0.00022706,11162,6.86396,0,0.754601
2079.95,0.0226759,0.000226759,11163,6.86208,0,0.732003
2081.32,0.0226459,0.000226459,11164,6.86013,0,0.709441
2082.7,0.022616,0.00022616,11165,6.85811,0,0.686916
2084.08,0.0225861,0.000225861,11166,6.85602,0,0.664427
2085.45,0.0225563,0.000225563,11167,6.85385,0,0.641974
2086.83,0.0225266,0.000225266,11168,6.85162,0,0.619559
2088.2,0.0224969,0.000224969,11169,6.84932,0,0.59718
2089.58,0.0224673,0.000224673,11170,6.84694,0,0.574838
2090.95,0.0224378,0.000224378,11171,6.8445,0,0.552534
2092.33,0.0224083,0.000224083,11172,6.84199,0,0.530267
2093.7,0.0223789,0.000223789,11173,6.83941,0,0.508037
2095.07,0.0223496,0.000223496,11174,6.83676,0,0.485845
2096.45,0.0223204,0.000223204,11175,6.83404,0,0.463691
2097.82,0.0222912,0.000222912,11176,6.83125,0,0.441575
2099.19,0.0222621,0.000222621,11177,6.8284,0,0.419496
2100.56,0.022233,0.00022233,11178,6.82548,0,0.397456
2101.93,0.0222041,0.000222041,11179,6.82249,0,0.375454
2103.3,0.0221752,0.000221752,11180,6.81943,0,0.35349
2104.67,0.0221463,0.000221463,11181,6.81631,0,0.331565
2106.04,0.0221176,0.000221176,11182,6.81312,0,0.309679
2107.4,0.0220889,0.000220889,11183,6.80987,0,0.287831
2108.77,0.0220602,0.000220602,11184,6.80655,0,0.266022
2110.14,0.0220317,0.000220317,11185,6.80317,0,0.244252
2111.5,0.0220032,0.000220032,11186,6.79972,0,0.22252
2112.87,0.0219748,0.000219748,11187,6.7962,0,0.200829
2114.23,0.0219465,0.000219465,11188,6.79262,0,0.179176
2115.59,0.0219182,0.000219182,11189,6.78898,0,0.157563
2116.96,0.02189,0.0002189,11190,6.78527,0,0.135989
2118.32,0.0218618,0.000218618,11191,6.7815,0,0.114455
2119.68,0.0218338,0.000218338,11192,6.77767,0,0.0929601
2121.04,0.0218058,0.000218058,11193,6.77377,0,0.0715054
2122.4,0.0217779,0.000217779,11194,6.76981,0,0.0500905
2123.76,0.02175,0.0002175,11195,6.76579,0,0.0287157
2125.11,0.0217222,0.000217222,11196,6.7617,0,0.00738085
2126.47,0.0216945,0.000216945,11197,6.75756,0,-0.0139138
2127.83,0.0216669,0.000216669,11198,6.75335,0,-0.0351682
2129.18,0.0216393,0.000216393,11199,6.74908,0,-0.0563822
2130.54,0.0216118,0.000216118,11200,6.74475,0,-0.0775558
2131.89,0.0215844,0.000215844,11201,6.74036,0,-0.0986889
2133.24,0.021557,0.00021557,11202,6.73591,0,-0.119781
2134.59,0.0215297,0.000215297,11203,6.7314,0,-0.140833
2135.94,0.0215025,0.000215025,11204,6.72683,0,-0.161844
2137.29,0.0214754,0.000214754,11205,6.7222,0,-0.182814
2138.64,0.0214483,0.000214483,11206,6.7175,0,-0.203744
2139.99,0.0214213,0.000214213,11207,6.71276,0,-0.224632
2141.34,0.0213944,0.000213944,11208,6.70795,0,-0.245479
2142.68,0.0213675,0.000213675,11209,6.70308,0,-0.266285
2144.03,0.0213407,0.000213407,11210,6.69816,0,-0.287049
2145.37,0.021314,0.00021314,11211,6.69317,0,-0.307773
2146.71,0.0212873,0.000212873,11212,6.68813,0,-0.328455
2148.05,0.0212608,0.000212608,11213,6.68303,0,-0.349095
2149.39,0.0212342,0.000212342,11214,6.67788,0,-0.369694
2150.73,0.0212078,0.000212078,11215,6.67267,0,-0.390252
2152.07,0.0211814,0.000211814,11216,6.6674,0,-0.410767
2153.41,0.0211551,0.000211551,11217,6.66207,0,-0.431241
2154.75,0.0211289,0.000211289,11218,6.65669,0,-0.451674
2156.08,0.0211027,0.000211027,11219,6.65126,0,-0.472064
2157.42,0.0210766,0.000210766,11220,6.64576,0,-0.492412
2158.75,0.0210506,0.000210506,11221,6.64022,0,-0.512719
2160.08,0.0210247,0.000210247,11222,6.63461,0,-0.532983
2161.41,0.0209988,0.000209988,11223,6.62896,0,-0.553206
2162.74,0.020973,0.00020973,11224,6.62324,0,-0.573386
2164.07,0.0209473,0.000209473,11225,6.61748,0,-0.593524
2165.4,0.0209216,0.000209216,11226,6.61166,0,-0.61362
2166.72,0.020896,0.00020896,11227,6.60578,0,-0.633673
2168.05,0.0208705,0.000208705,11228,6.59986,0,-0.653684
2169.37,0.020845,0.00020845,11229,6.59388,0,-0.673653
2170.69,0.0208196,0.000208196,11230,6.58784,0,-0.693579
2172.01,0.0207943,0.000207943,11231,6.58176,0,-0.713463
2173.33,0.020769,0.00020769,11232,6.57562,0,-0.733304
2174.65,0.0207439,0.000207439,11233,6.56943,0,-0.753102
2175.97,0.0207188,0.000207188,11234,6.56319,0,-0.772858
2177.28,0.0206937,0.000206937,11235,6.55689,0,-0.792571
2178.6,0.0206688,0.000206688,11236,6.55054,0,-0.812242
2179.91,0.0206438,0.000206438,11237,6.54415,0,-0.83187
2181.23,0.020619,0.00020619,11238,6.5377,0,-0.851454
2182.54,0.0205943,0.000205943,11239,6.5312,0,-0.870996
2183.85,0.0205696,0.000205696,11240,6.52465,0,-0.890496
2185.15,0.0205449,0.000205449,11241,6.51805,0,-0.909952
2186.46,0.0205204,0.000205204,11242,6.5114,0,-0.929365
2187.77,0.0204959,0.000204959,11243,6.5047,0,-0.948735
2189.07,0.0204715,0.000204715,11244,6.49796,0,-0.968062
2190.37,0.0204472,0.000204472,11245,6.49116,0,-0.987347
2191.67,0.0204229,0.000204229,11246,6.48431,0,-1.00659
2192.97,0.0203987,0.000203987,11247,6.47742,0,-1.02579
2194.27,0.0203745,0.000203745,11248,6.47047,0,-1.04494
2195.57,0.0203505,0.000203505,11249,6.46348,0,-1.06405
2196.87,0.0203265,0.000203265,11250,6.45644,0,-1.08312
2198.16,0.0203025,0.000203025,11251,6.44935,0,-1.10214
2199.45,0.0202787,0.000202787,11252,6.44222,0,-1.12113
2200.74,0.0202549,0.000202549,11253,6.43503,0,-1.14007
2202.03,0.0202312,0.000202312,11254,6.4278,0,-1.15896
2203.32,0.0202075,0.000202075,11255,6.42053,0,-1.17781
2204.61,0.0201839,0.000201839,11256,6.4132,0,-1.19662
2205.89,0.0201604,0.000201604,11257,6.40583,0,-1.21539
2207.18,0.020137,0.00020137,11258,6.39842,0,-1.23411
2208.46,0.0201136,0.000201136,11259,6.39095,0,-1.25279
2209.74,0.0200903,0.000200903,11260,6.38345,0,-1.27142
2211.02,0.020067,0.00020067,11261,6.37589,0,-1.29001
2212.3,0.0200438,0.000200438,11262,6.36829,0,-1.30856
2213.58,0.0200207,0.000200207,11263,6.36065,0,-1.32706
2214.85,0.0199977,0.000199977,11264,6.35296,0,-1.34552
2216.12,0.0199747,0.000199747,11265,6.34523,0,-1.36394
2217.4,0.0199518,0.000199518,11266,6.33745,0,-1.38231
2218.67,0.019929,0.00019929,11267,6.32963,0,-1.40064
2219.93,0.0199062,0.000199062,11268,6.32176,0,-1.41893
2221.2,0.0198835,0.000198835,11269,6.31386,0,-1.43717
2222.47,0.0198609,0.000198609,11270,6.3059,0,-1.45537
2223.73,0.0198383,0.000198383,11271,6.29791,0,-1.47353
2224.99,0.0198158,0.000198158,11272,6.28987,0,-1.49164
2226.25,0.0197934,0.000197934,11273,6.28179,0,-1.50971
2227.51,0.019771,0.00019771,11274,6.27366,0,-1.52773
2228.77,0.0197487,0.000197487,11275,6.26549,0,-1.54571
2230.02,0.0197265,0.000197265,11276,6.25729,0,-1.56365
2231.28,0.0197043,0.000197043,11277,6.24903,0,-1.58154
2232.53,0.0196822,0.000196822,11278,6.24074,0,-1.59939
2233.78,0.0196602,0.000196602,11279,6.23241,0,-1.6172
2235.03,0.0196382,0.000196382,11280,6.22403,0,-1.63496
2236.28,0.0196164,0.000196164,11281,6.21562,0,-1.65268
2237.52,0.0195945,0.000195945,11282,6.20716,0,-1.67036
2238.76,0.0195728,0.000195728,11283,6.19866,0,-1.68799
2240.01,0.0195511,0.000195511,11284,6.19012,0,-1.70558
2241.25,0.0195294,0.000195294,11285,6.18154,0,-1.72312
2242.49,0.0195079,0.000195079,11286,6.17292,0,-1.74062
2243.72,0.0194864,0.000194864,11287,6.16426,0,-1.75808
2244.96,0.0194649,0.000194649,11288,6.15556,0,-1.77549
2246.19,0.0194436,0.000194436,11289,6.14682,0,-1.79286
2247.42,0.0194223,0.000194223,11290,6.13805,0,-1.81019
2248.65,0.019401,0.00019401,11291,6.12923,0,-1.82747
2249.88,0.0193799,0.000193799,11292,6.12037,0,-1.84471
2251.1,0.0193588,0.000193588,11293,6.11148,0,-1.8619
2252.33,0.0193377,0.000193377,11294,6.10255,0,-1.87905
2253.55,0.0193168,0.000193168,11295,6.09358,0,-1.89616
2254.77,0.0192958,0.000192958,11296,6.08457,0,-1.91322
2255.99,0.019275,0.00019275,11297,6.07552,0,-1.93024
2257.21,0.0192542,0.000192542,11298,6.06643,0,-1.94722
2258.42,0.0192335,0.000192335,11299,6.05731,0,-1.96415
2259.64,0.0192129,0.000192129,11300,6.04815,0,-1.98104
2260.85,0.0191923,0.000191923,11301,6.03895,0,-1.99788
2262.06,0.0191718,0.000191718,11302,6.02972,0,-2.01469
2263.26,0.0191513,0.000191513,11303,6.02045,0,-2.03144
2264.47,0.0191309,0.000191309,11304,6.01114,0,-2.04816
2265.67,0.0191106,0.000191106,11305,6.0018,0,-2.06483
2266.88,0.0190903,0.000190903,11306,5.99242,0,-2.08146
2268.08,0.0190701,0.000190701,11307,5.983,0,-2.09804
2269.27,0.01905,0.0001905,11308,5.97355,0,-2.11458
2270.47,0.0190299,0.000190299,11309,5.96406,0,-2.13107
2271.66,0.0190099,0.000190099,11310,5.95454,0,-2.14753
2272.86,0.01899,0.0001899,11311,5.94498,0,-2.16394
2274.05,0.0189701,0.000189701,11312,5.93539,0,-2.1803
2275.24,0.0189503,0.000189503,11313,5.92576,0,-2.19662
2276.42,0.0189306,0.000189306,11314,5.9161,0,-2.2129
2277.61,0.0189109,0.000189109,11315,5.9064,0,-2.22914
2278.79,0.0188913,0.000188913,11316,5.89667,0,-2.24533
2279.97,0.0188717,0.000188717,11317,5.8869,0,-2.26148
2281.15,0.0188522,0.000188522,11318,5.8771,0,-2.27758
2282.33,0.0188328,0.000188328,11319,5.86727,0,-2.29365
2283.5,0.0188134,0.000188134,11320,5.8574,0,-2.30966
2284.67,0.0187941,0.000187941,11321,5.8475,0,-2.32564
2285.84,0.0187748,0.000187748,11322,5.83757,0,-2.34157
2287.01,0.0187557,0.000187557,11323,5.8276,0,-2.35746
2288.18,0.0187365,0.000187365,11324,5.8176,0,-2.3733
2289.34,0.0187175,0.000187175,11325,5.80757,0,-2.3891
2290.51,0.0186985,0.000186985,11326,5.7975,0,-2.40486
2291.67,0.0186795,0.000186795,11327,5.7874,0,-2.42058
2292.82,0.0186607,0.000186607,11328,5.77727,0,-2.43625
2293.98,0.0186419,0.000186419,11329,5.76711,0,-2.45188
2295.14,0.0186231,0.000186231,11330,5.75692,0,-2.46746
2296.29,0.0186044,0.000186044,11331,5.74669,0,-2.483
2297.44,0.0185858,0.000185858,11332,5.73643,0,-2.4985
2298.59,0.0185672,0.000185672,11333,5.72614,0,-2.51396
2299.73,0.0185487,0.000185487,11334,5.71582,0,-2.52937
2300.88,0.0185303,0.000185303,11335,5.70547,0,-2.54474
2302.02,0.0185119,0.000185119,11336,5.69509,0,-2.56007
2303.16,0.0184936,0.000184936,11337,5.68467,0,-2.57535
2304.3,0.0184753,0.000184753,11338,5.67423,0,-2.59059
2305.43,0.0184571,0.000184571,11339,5.66376,0,-2.60579
2306.57,0.018439,0.00018439,11340,5.65325,0,-2.62094
2307.7,0.0184209,0.000184209,11341,5.64272,0,-2.63605
2308.83,0.0184029,0.000184029,11342,5.63215,0,-2.65112
2309.95,0.018385,0.00018385,11343,5.62156,0,-2.66614
2311.08,0.0183671,0.000183671,11344,5.61093,0,-2.68113
2312.2,0.0183492,0.000183492,11345,5.60028,0,-2.69607
2313.32,0.0183315,0.000183315,11346,5.5896,0,-2.71096
2314.44,0.0183137,0.000183137,11347,5.57888,0,-2.72582
2315.56,0.0182961,0.000182961,11348,5.56814,0,-2.74063
2316.67,0.0182785,0.000182785,11349,5.55737,0,-2.7554
2317.78,0.018261,0.00018261,11350,5.54657,0,-2.77012
2318.89,0.0182435,0.000182435,11351,5.53575,0,-2.78481
2320,0.0182261,0.000182261,11352,5.52489,0,-2.79945
2321.11,0.0182087,0.000182087,11353,5.51401,0,-2.81404
2322.21,0.0181914,0.000181914,11354,5.50309,0,-2.8286
2323.31,0.0181742,0.000181742,11355,5.49215,0,-2.84311
2324.41,0.018157,0.00018157,11356,5.48118,0,-2.85758
2325.51,0.0181399,0.000181399,11357,5.47019,0,-2.87201
2326.6,0.0181228,0.000181228,11358,5.45917,0,-2.88639
2327.69,0.0181058,0.000181058,11359,5.44811,0,-2.90073
2328.78,0.0180889,0.000180889,11360,5.43704,0,-2.91503
2329.87,0.018072,0.00018072,11361,5.42593,0,-2.92929
2330.96,0.0180552,0.000180552,11362,5.4148,0,-2.94351
2332.04,0.0180384,0.000180384,11363,5.40364,0,-2.95768
2333.12,0.0180217,0.000180217,11364,5.39246,0,-2.97181
2334.2,0.018005,0.00018005,11365,5.38124,0,-2.9859
2335.27,0.0179884,0.000179884,11366,5.37001,0,-2.99994
2336.35,0.0179719,0.000179719,11367,5.35874,0,-3.01395
2337.42,0.0179554,0.000179554,11368,5.34745,0,-3.02791
2338.49,0.017939,0.00017939,11369,5.33613,0,-3.04183
2339.56,0.0179226,0.000179226,11370,5.32479,0,-3.05571
2340.62,0.0179063,0.000179063,11371,5.31342,0,-3.06954
2341.69,0.0178901,0.000178901,11372,5.30203,0,-3.08333
2342.75,0.0178739,0.000178739,11373,5.29061,0,-3.09708
2343.8,0.0178577,0.000178577,11374,5.27917,0,-3.11079
2344.86,0.0178417,0.000178417,11375,5.2677,0,-3.12446
2345.91,0.0178256,0.000178256,11376,5.2562,0,-3.13808
2346.96,0.0178097,0.000178097,11377,5.24468,0,-3.15167
2348.01,0.0177938,0.000177938,11378,5.23314,0,-3.16521
2349.06,0.0177779,0.000177779,11379,5.22157,0,-3.17871
2350.1,0.0177621,0.000177621,11380,5.20998,0,-3.19216
2351.15,0.0177464,0.000177464,11381,5.19836,0,-3.20558
2352.18,0.0177307,0.000177307,11382,5.18672,0,-3.21895
2353.22,0.0177151,0.000177151,11383,5.17505,0,-3.23229
2354.26,0.0176995,0.000176995,11384,5.16336,0,-3.24558
2355.29,0.017684,0.00017684,11385,5.15165,0,-3.25882
2356.32,0.0176685,0.000176685,11386,5.13991,0,-3.27203
2357.35,0.0176531,0.000176531,11387,5.12815,0,-3.2852
2358.37,0.0176378,0.000176378,11388,5.11637,0,-3.29832
2359.39,0.0176225,0.000176225,11389,5.10456,0,-3.3114
2360.42,0.0176073,0.000176073,11390,5.09273,0,-3.32444
2361.43,0.0175921,0.000175921,11391,5.08088,0,-3.33744
2362.45,0.017577,0.00017577,11392,5.069,0,-3.3504
2363.46,0.0175619,0.000175619,11393,5.05711,0,-3.36332
2364.47,0.0175469,0.000175469,11394,5.04518,0,-3.37619
2365.48,0.0175319,0.000175319,11395,5.03324,0,-3.38903
2366.49,0.017517,0.00017517,11396,5.02127,0,-3.40182
2367.49,0.0175022,0.000175022,11397,5.00928,0,-3.41457
2368.49,0.0174874,0.000174874,11398,4.99727,0,-3.42728
2369.49,0.0174726,0.000174726,11399,4.98524,0,-3.43995
2370.49,0.0174579,0.000174579,11400,4.97319,0,-3.45258
2371.48,0.0174433,0.000174433,11401,4.96111,0,-3.46516
2372.47,0.0174287,0.000174287,11402,4.94901,0,-3.47771
2373.46,0.0174142,0.000174142,11403,4.93689,0,-3.49021
2374.45,0.0173997,0.000173997,11404,4.92475,0,-3.50268
2375.43,0.0173853,0.000173853,11405,4.91259,0,-3.5151
2376.42,0.017371,0.00017371,11406,4.9004,0,-3.52748
2377.4,0.0173567,0.000173567,11407,4.8882,0,-3.53982
2378.37,0.0173424,0.000173424,11408,4.87597,0,-3.55212
2379.35,0.0173282,0.000173282,11409,4.86373,0,-3.56438
2380.32,0.0173141,0.000173141,11410,4.85146,0,-3.5766
2381.29,0.0173,0.000173,11411,4.83917,0,-3.58878
2382.25,0.0172859,0.000172859,11412,4.82686,0,-3.60091
2383.22,0.0172719,0.000172719,11413,4.81453,0,-3.61301
2384.18,0.017258,0.00017258,11414,4.80218,0,-3.62507
2385.14,0.0172441,0.000172441,11415,4.78981,0,-3.63708
2386.1,0.0172303,0.000172303,11416,4.77742,0,-3.64905
2387.05,0.0172165,0.000172165,11417,4.76502,0,-3.66099
2388,0.0172028,0.000172028,11418,4.75259,0,-3.67288
2388.95,0.0171891,0.000171891,11419,4.74014,0,-3.68473
2389.9,0.0171755,0.000171755,11420,4.72767,0,-3.69655
2390.85,0.0171619,0.000171619,11421,4.71518,0,-3.70832
2391.79,0.0171484,0.000171484,11422,4.70267,0,-3.72005
2392.73,0.0171349,0.000171349,11423,4.69015,0,-3.73174
2393.66,0.0171215,0.000171215,11424,4.6776,0,-3.74339
2394.6,0.0171082,0.000171082,11425,4.66503,0,-3.755
2395.53,0.0170949,0.000170949,11426,4.65245,0,-3.76657
2396.46,0.0170816,0.000170816,11427,4.63985,0,-3.7781
2397.39,0.0170684,0.000170684,11428,4.62723,0,-3.78959
2398.31,0.0170553,0.000170553,11429,4.61459,0,-3.80104
2399.23,0.0170422,0.000170422,11430,4.60193,0,-3.81245
2400.15,0.0170291,0.000170291,11431,4.58925,0,-3.82382
2401.07,0.0170161,0.000170161,11432,4.57655,0,-3.83515
2401.98,0.0170032,0.000170032,11433,4.56384,0,-3.84644
2402.89,0.0169903,0.000169903,11434,4.55111,0,-3.85769
2403.8,0.0169774,0.000169774,11435,4.53836,0,-3.8689
2404.71,0.0169646,0.000169646,11436,4.52559,0,-3.88007
2405.61,0.0169519,0.000169519,11437,4.5128,0,-3.89121
2406.51,0.0169392,0.000169392,11438,4.5,0,-3.9023
2407.41,0.0169265,0.000169265,11439,4.48718,0,-3.91335
2408.31,0.0169139,0.000169139,11440,4.47434,0,-3.92436
2409.2,0.0169014,0.000169014,11441,4.46149,0,-3.93533
2410.09,0.0168889,0.000168889,11442,4.44861,0,-3.94626
2410.98,0.0168765,0.000168765,11443,4.43572,0,-3.95716
2411.87,0.0168641,0.000168641,11444,4.42281,0,-3.96801
2412.75,0.0168517,0.000168517,11445,4.40989,0,-3.97882
2413.63,0.0168395,0.000168395,11446,4.39695,0,-3.9896
2414.51,0.0168272,0.000168272,11447,4.38399,0,-4.00033
2415.38,0.016815,0.00016815,11448,4.37101,0,-4.01103
2416.25,0.0168029,0.000168029,11449,4.35802,0,-4.02168
2417.12,0.0167908,0.000167908,11450,4.34501,0,-4.0323
2417.99,0.0167787,0.000167787,11451,4.33199,0,-4.04288
2418.86,0.0167667,0.000167667,11452,4.31895,0,-4.05341
2419.72,0.0167548,0.000167548,11453,4.30589,0,-4.06391
2420.58,0.0167429,0.000167429,11454,4.29282,0,-4.07437
2421.44,0.0167311,0.000167311,11455,4.27973,0,-4.08479
2422.29,0.0167193,0.000167193,11456,4.26662,0,-4.09517
2423.14,0.0167075,0.000167075,11457,4.2535,0,-4.10552
2423.99,0.0166958,0.000166958,11458,4.24036,0,-4.11582
2424.84,0.0166842,0.000166842,11459,4.22721,0,-4.12608
2425.68,0.0166726,0.000166726,11460,4.21404,0,-4.13631
2426.52,0.016661,0.00016661,11461,4.20085,0,-4.14649
2427.36,0.0166495,0.000166495,11462,4.18765,0,-4.15664
2428.19,0.016638,0.00016638,11463,4.17444,0,-4.16675
2429.03,0.0166266,0.000166266,11464,4.16121,0,-4.17682
2429.86,0.0166153,0.000166153,11465,4.14796,0,-4.18685
2430.69,0.016604,0.00016604,11466,4.1347,0,-4.19684
2431.51,0.0165927,0.000165927,11467,4.12143,0,-4.2068
2432.33,0.0165815,0.000165815,11468,4.10814,0,-4.21671
2433.15,0.0165703,0.000165703,11469,4.09483,0,-4.22659
2433.97,0.0165592,0.000165592,11470,4.08151,0,-4.23642
2434.78,0.0165481,0.000165481,11471,4.06817,0,-4.24622
2435.59,0.0165371,0.000165371,11472,4.05483,0,-4.25598
2436.4,0.0165261,0.000165261,11473,4.04146,0,-4.26571
2437.21,0.0165152,0.000165152,11474,4.02808,0,-4.27539
2438.01,0.0165043,0.000165043,11475,4.01469,0,-4.28503
2438.81,0.0164935,0.000164935,11476,4.00128,0,-4.29464
2439.61,0.0164827,0.000164827,11477,3.98786,0,-4.30421
2440.41,0.0164719,0.000164719,11478,3.97443,0,-4.31374
2441.2,0.0164612,0.000164612,11479,3.96098,0,-4.32323
2441.99,0.0164506,0.000164506,11480,3.94752,0,-4.33268
2442.78,0.01644,0.0001644,11481,3.93404,0,-4.3421
2443.56,0.0164294,0.000164294,11482,3.92055,0,-4.35148
2444.34,0.0164189,0.000164189,11483,3.90704,0,-4.36082
2445.12,0.0164085,0.000164085,11484,3.89353,0,-4.37012
2445.9,0.016398,0.00016398,11485,3.87999,0,-4.37938
2446.67,0.0163877,0.000163877,11486,3.86645,0,-4.3886
2447.44,0.0163774,0.000163774,11487,3.85289,0,-4.39779
2448.21,0.0163671,0.000163671,11488,3.83932,0,-4.40694
2448.98,0.0163568,0.000163568,11489,3.82574,0,-4.41605
2449.74,0.0163467,0.000163467,11490,3.81214,0,-4.42512
2450.5,0.0163365,0.000163365,11491,3.79853,0,-4.43416
2451.26,0.0163264,0.000163264,11492,3.7849,0,-4.44316
2452.01,0.0163164,0.000163164,11493,3.77127,0,-4.45212
2452.76,0.0163064,0.000163064,11494,3.75762,0,-4.46104
2453.51,0.0162964,0.000162964,11495,3.74396,0,-4.46992
2454.26,0.0162865,0.000162865,11496,3.73028,0,-4.47877
2455,0.0162767,0.000162767,11497,3.71659,0,-4.48758
2455.74,0.0162668,0.000162668,11498,3.70289,0,-4.49635
2456.48,0.0162571,0.000162571,11499,3.68918,0,-4.50508
2457.22,0.0162473,0.000162473,11500,3.67546,0,-4.51378
2457.95,0.0162377,0.000162377,11501,3.66172,0,-4.52243
2458.68,0.016228,0.00016228,11502,3.64797,0,-4.53105
2459.4,0.0162184,0.000162184,11503,3.63421,0,-4.53964
2460.13,0.0162089,0.000162089,11504,3.62044,0,-4.54818
2460.85,0.0161994,0.000161994,11505,3.60665,0,-4.55669
2461.57,0.0161899,0.000161899,11506,3.59286,0,-4.56516
2462.28,0.0161805,0.000161805,11507,3.57905,0,-4.5736
2463,0.0161712,0.000161712,11508,3.56523,0,-4.582
2463.71,0.0161618,0.000161618,11509,3.5514,0,-4.59035
2464.42,0.0161526,0.000161526,11510,3.53755,0,-4.59868
2465.12,0.0161433,0.000161433,11511,3.5237,0,-4.60696
2465.82,0.0161341,0.000161341,11512,3.50983,0,-4.61521
2466.52,0.016125,0.00016125,11513,3.49595,0,-4.62342
2467.22,0.0161159,0.000161159,11514,3.48206,0,-4.63159
2467.91,0.0161068,0.000161068,11515,3.46816,0,-4.63973
2468.6,0.0160978,0.000160978,11516,3.45425,0,-4.64783
2469.29,0.0160888,0.000160888,11517,3.44033,0,-4.65589
2469.97,0.0160799,0.000160799,11518,3.42639,0,-4.66392
2470.66,0.016071,0.00016071,11519,3.41245,0,-4.67191
2471.34,0.0160622,0.000160622,11520,3.39849,0,-4.67986
2472.01,0.0160534,0.000160534,11521,3.38453,0,-4.68777
2472.69,0.0160447,0.000160447,11522,3.37055,0,-4.69565
2473.36,0.016036,0.00016036,11523,3.35656,0,-4.70349
2474.03,0.0160273,0.000160273,11524,3.34256,0,-4.7113
2474.69,0.0160187,0.000160187,11525,3.32855,0,-4.71906
2475.35,0.0160101,0.000160101,11526,3.31453,0,-4.7268
2476.01,0.0160016,0.000160016,11527,3.3005,0,-4.73449
2476.67,0.0159931,0.000159931,11528,3.28646,0,-4.74215
2477.33,0.0159846,0.000159846,11529,3.27241,0,-4.74977
2477.98,0.0159762,0.000159762,11530,3.25835,0,-4.75735
2478.62,0.0159679,0.000159679,11531,3.24428,0,-4.7649
2479.27,0.0159596,0.000159596,11532,3.2302,0,-4.77241
2479.91,0.0159513,0.000159513,11533,3.21611,0,-4.77989
2480.55,0.0159431,0.000159431,11534,3.20201,0,-4.78733
2481.19,0.0159349,0.000159349,11535,3.18789,0,-4.79473
2481.83,0.0159267,0.000159267,11536,3.17377,0,-4.80209
2482.46,0.0159186,0.000159186,11537,3.15964,0,-4.80942
2483.09,0.0159106,0.000159106,11538,3.1455,0,-4.81672
2483.71,0.0159026,0.000159026,11539,3.13135,0,-4.82397
2484.33,0.0158946,0.000158946,11540,3.11719,0,-4.83119
2484.95,0.0158867,0.000158867,11541,3.10302,0,-4.83838
2485.57,0.0158788,0.000158788,11542,3.08884,0,-4.84553
2486.19,0.0158709,0.000158709,11543,3.07465,0,-4.85264
2486.8,0.0158631,0.000158631,11544,3.06046,0,-4.85971
2487.41,0.0158553,0.000158553,11545,3.04625,0,-4.86675
2488.01,0.0158476,0.000158476,11546,3.03203,0,-4.87376
2488.61,0.0158399,0.000158399,11547,3.01781,0,-4.88072
2489.21,0.0158323,0.000158323,11548,3.00357,0,-4.88766
2489.81,0.0158247,0.000158247,11549,2.98933,0,-4.89455
2490.41,0.0158172,0.000158172,11550,2.97508,0,-4.90141
2491,0.0158097,0.000158097,11551,2.96082,0,-4.90823
2491.59,0.0158022,0.000158022,11552,2.94655,0,-4.91502
2492.17,0.0157948,0.000157948,11553,2.93227,0,-4.92177
2492.76,0.0157874,0.000157874,11554,2.91798,0,-4.92849
2493.33,0.01578,0.0001578,11555,2.90368,0,-4.93517
2493.91,0.0157727,0.000157727,11556,2.88938,0,-4.94181
2494.49,0.0157655,0.000157655,11557,2.87506,0,-4.94842
2495.06,0.0157582,0.000157582,11558,2.86074,0,-4.95499
2495.63,0.0157511,0.000157511,11559,2.84641,0,-4.96153
2496.19,0.0157439,0.000157439,11560,2.83207,0,-4.96803
2496.75,0.0157368,0.000157368,11561,2.81773,0,-4.9745
2497.31,0.0157298,0.000157298,11562,2.80337,0,-4.98093
2497.87,0.0157228,0.000157228,11563,2.78901,0,-4.98732
2498.43,0.0157158,0.000157158,11564,2.77463,0,-4.99368
2498.98,0.0157089,0.000157089,11565,2.76025,0,-5
2499.52,0.015702,0.00015702,11566,2.74587,0,-5.00629
2500.07,0.0156951,0.000156951,11567,2.73147,0,-5.01254
2500.61,0.0156883,0.000156883,11568,2.71707,0,-5.01876
2501.15,0.0156815,0.000156815,11569,2.70265,0,-5.02494
2501.69,0.0156748,0.000156748,11570,2.68823,0,-5.03109
2502.22,0.0156681,0.000156681,11571,2.67381,0,-5.0372
2502.75,0.0156615,0.000156615,11572,2.65937,0,-5.04327
2503.28,0.0156549,0.000156549,11573,2.64493,0,-5.04931
2503.81,0.0156483,0.000156483,11574,2.63048,0,-5.05532
2504.33,0.0156418,0.000156418,11575,2.61602,0,-5.06128
2504.85,0.0156353,0.000156353,11576,2.60155,0,-5.06722
2505.36,0.0156289,0.000156289,11577,2.58708,0,-5.07312
2505.88,0.0156225,0.000156225,11578,2.5726,0,-5.07898
2506.39,0.0156161,0.000156161,11579,2.55811,0,-5.08481
2506.9,0.0156098,0.000156098,11580,2.54362,0,-5.0906
2507.4,0.0156035,0.000156035,11581,2.52912,0,-5.09636
2507.9,0.0155972,0.000155972,11582,2.51461,0,-5.10208
2508.4,0.015591,0.00015591,11583,2.50009,0,-5.10777
2508.9,0.0155849,0.000155849,11584,2.48557,0,-5.11342
2509.39,0.0155788,0.000155788,11585,2.47103,0,-5.11904
2509.88,0.0155727,0.000155727,11586,2.4565,0,-5.12462
2510.37,0.0155666,0.000155666,11587,2.44195,0,-5.13017
2510.85,0.0155606,0.000155606,11588,2.4274,0,-5.13568
2511.33,0.0155547,0.000155547,11589,2.41284,0,-5.14116
2511.81,0.0155487,0.000155487,11590,2.39828,0,-5.1466
2512.29,0.0155428,0.000155428,11591,2.38371,0,-5.15201
2512.76,0.015537,0.00015537,11592,2.36913,0,-5.15738
2513.23,0.0155312,0.000155312,11593,2.35454,0,-5.16272
2513.7,0.0155254,0.000155254,11594,2.33995,0,-5.16802
2514.16,0.0155197,0.000155197,11595,2.32535,0,-5.17329
2514.62,0.015514,0.00015514,11596,2.31075,0,-5.17852
2515.08,0.0155084,0.000155084,11597,2.29614,0,-5.18372
2515.53,0.0155028,0.000155028,11598,2.28152,0,-5.18889
2515.99,0.0154972,0.000154972,11599,2.2669,0,-5.19401
2516.43,0.0154917,0.000154917,11600,2.25227,0,-5.19911
2516.88,0.0154862,0.000154862,11601,2.23763,0,-5.20417
2517.32,0.0154807,0.000154807,11602,2.22299,0,-5.20919
2517.76,0.0154753,0.000154753,11603,2.20834,0,-5.21418
2518.2,0.0154699,0.000154699,11604,2.19368,0,-5.21914
2518.64,0.0154646,0.000154646,11605,2.17902,0,-5.22406
2519.07,0.0154593,0.000154593,11606,2.16436,0,-5.22895
2519.49,0.015454,0.00015454,11607,2.14968,0,-5.2338
2519.92,0.0154488,0.000154488,11608,2.13501,0,-5.23862
2520.34,0.0154436,0.000154436,11609,2.12032,0,-5.2434
2520.76,0.0154385,0.000154385,11610,2.10563,0,-5.24815
2521.18,0.0154334,0.000154334,11611,2.09093,0,-5.25286
2521.59,0.0154283,0.000154283,11612,2.07623,0,-5.25754
2522,0.0154233,0.000154233,11613,2.06153,0,-5.26219
2522.41,0.0154183,0.000154183,11614,2.04681,0,-5.2668
2522.82,0.0154134,0.000154134,11615,2.0321,0,-5.27138
2523.22,0.0154085,0.000154085,11616,2.01737,0,-5.27592
2523.62,0.0154036,0.000154036,11617,2.00264,0,-5.28043
2524.01,0.0153988,0.000153988,11618,1.98791,0,-5.2849
2524.41,0.015394,0.00015394,11619,1.97317,0,-5.28934
2524.8,0.0153892,0.000153892,11620,1.95842,0,-5.29375
2525.18,0.0153845,0.000153845,11621,1.94367,0,-5.29812
2525.57,0.0153798,0.000153798,11622,1.92892,0,-5.30245
2525.95,0.0153752,0.000153752,11623,1.91416,0,-5.30676
2526.33,0.0153706,0.000153706,11624,1.89939,0,-5.31102
2526.7,0.015366,0.00015366,11625,1.88462,0,-5.31526
2527.07,0.0153615,0.000153615,11626,1.86984,0,-5.31946
2527.44,0.015357,0.00015357,11627,1.85506,0,-5.32362
2527.81,0.0153526,0.000153526,11628,1.84027,0,-5.32775
2528.17,0.0153481,0.000153481,11629,1.82548,0,-5.33185
2528.53,0.0153438,0.000153438,11630,1.81069,0,-5.33592
2528.89,0.0153394,0.000153394,11631,1.79589,0,-5.33994
2529.24,0.0153351,0.000153351,11632,1.78108,0,-5.34394
2529.6,0.0153309,0.000153309,11633,1.76627,0,-5.3479
2529.94,0.0153266,0.000153266,11634,1.75146,0,-5.35183
2530.29,0.0153225,0.000153225,11635,1.73664,0,-5.35572
2530.63,0.0153183,0.000153183,11636,1.72181,0,-5.35958
2530.97,0.0153142,0.000153142,11637,1.70698,0,-5.36341
2531.31,0.0153101,0.000153101,11638,1.69215,0,-5.3672
2531.64,0.0153061,0.000153061,11639,1.67731,0,-5.37095
2531.97,0.0153021,0.000153021,11640,1.66247,0,-5.37468
2532.3,0.0152981,0.000152981,11641,1.64762,0,-5.37837
2532.62,0.0152942,0.000152942,11642,1.63277,0,-5.38202
2532.95,0.0152903,0.000152903,11643,1.61792,0,-5.38564
2533.26,0.0152865,0.000152865,11644,1.60306,0,-5.38923
2533.58,0.0152827,0.000152827,11645,1.58819,0,-5.39279
2533.89,0.0152789,0.000152789,11646,1.57333,0,-5.39631
2534.2,0.0152752,0.000152752,11647,1.55845,0,-5.39979
2534.51,0.0152715,0.000152715,11648,1.54358,0,-5.40324
2534.81,0.0152678,0.000152678,11649,1.5287,0,-5.40666
2535.11,0.0152642,0.000152642,11650,1.51381,0,-5.41005
2535.41,0.0152606,0.000152606,11651,1.49893,0,-5.4134
2535.71,0.0152571,0.000152571,11652,1.48403,0,-5.41672
2536,0.0152536,0.000152536,11653,1.46914,0,-5.42
2536.29,0.0152501,0.000152501,11654,1.45424,0,-5.42325
2536.57,0.0152466,0.000152466,11655,1.43933,0,-5.42647
2536.86,0.0152432,0.000152432,11656,1.42443,0,-5.42965
2537.14,0.0152399,0.000152399,11657,1.40952,0,-5.4328
2537.41,0.0152366,0.000152366,11658,1.3946,0,-5.43591
2537.69,0.0152333,0.000152333,11659,1.37968,0,-5.439
2537.96,0.01523,0.0001523,11660,1.36476,0,-5.44205
2538.22,0.0152268,0.000152268,11661,1.34984,0,-5.44506
2538.49,0.0152236,0.000152236,11662,1.33491,0,-5.44804
2538.75,0.0152205,0.000152205,11663,1.31997,0,-5.45099
2539.01,0.0152174,0.000152174,11664,1.30504,0,-5.4539
2539.27,0.0152143,0.000152143,11665,1.2901,0,-5.45678
2539.52,0.0152113,0.000152113,11666,1.27516,0,-5.45963
2539.77,0.0152083,0.000152083,11667,1.26021,0,-5.46244
2540.01,0.0152054,0.000152054,11668,1.24526,0,-5.46522
2540.26,0.0152024,0.000152024,11669,1.23031,0,-5.46797
2540.5,0.0151996,0.000151996,11670,1.21535,0,-5.47068
2540.74,0.0151967,0.000151967,11671,1.2004,0,-5.47336
2540.97,0.0151939,0.000151939,11672,1.18543,0,-5.47601
2541.2,0.0151911,0.000151911,11673,1.17047,0,-5.47862
2541.43,0.0151884,0.000151884,11674,1.1555,0,-5.4812
2541.66,0.0151857,0.000151857,11675,1.14053,0,-5.48374
2541.88,0.015183,0.00015183,11676,1.12556,0,-5.48626
2542.1,0.0151804,0.000151804,11677,1.11058,0,-5.48873
2542.32,0.0151778,0.000151778,11678,1.0956,0,-5.49118
2542.53,0.0151753,0.000151753,11679,1.08062,0,-5.49359
2542.74,0.0151728,0.000151728,11680,1.06563,0,-5.49597
2542.95,0.0151703,0.000151703,11681,1.05064,0,-5.49832
2543.15,0.0151678,0.000151678,11682,1.03565,0,-5.50063
2543.36,0.0151654,0.000151654,11683,1.02066,0,-5.50291
2543.55,0.0151631,0.000151631,11684,1.00567,0,-5.50515
2543.75,0.0151607,0.000151607,11685,0.990667,0,-5.50736
2543.94,0.0151584,0.000151584,11686,0.975666,0,-5.50954
2544.13,0.0151562,0.000151562,11687,0.960662,0,-5.51169
2544.32,0.0151539,0.000151539,11688,0.945656,0,-5.5138
2544.5,0.0151518,0.000151518,11689,0.930647,0,-5.51588
2544.68,0.0151496,0.000151496,11690,0.915637,0,-5.51792
2544.86,0.0151475,0.000151475,11691,0.900623,0,-5.51993
2545.04,0.0151454,0.000151454,11692,0.885608,0,-5.52191
2545.21,0.0151434,0.000151434,11693,0.87059,0,-5.52386
2545.38,0.0151414,0.000151414,11694,0.85557,0,-5.52577
2545.54,0.0151394,0.000151394,11695,0.840547,0,-5.52765
2545.7,0.0151375,0.000151375,11696,0.825523,0,-5.5295
2545.86,0.0151356,0.000151356,11697,0.810496,0,-5.53131
2546.02,0.0151337,0.000151337,11698,0.795467,0,-5.53309
2546.17,0.0151319,0.000151319,11699,0.780437,0,-5.53483
2546.32,0.0151301,0.000151301,11700,0.765404,0,-5.53655
2546.47,0.0151284,0.000151284,11701,0.750369,0,-5.53823
2546.62,0.0151266,0.000151266,11702,0.735332,0,-5.53987
2546.76,0.015125,0.00015125,11703,0.720294,0,-5.54149
2546.89,0.0151233,0.000151233,11704,0.705253,0,-5.54307
2547.03,0.0151217,0.000151217,11705,0.690211,0,-5.54461
2547.16,0.0151201,0.000151201,11706,0.675167,0,-5.54613
2547.29,0.0151186,0.000151186,11707,0.660121,0,-5.54761
2547.42,0.0151171,0.000151171,11708,0.645073,0,-5.54906
2547.54,0.0151156,0.000151156,11709,0.630024,0,-5.55047
2547.66,0.0151142,0.000151142,11710,0.614973,0,-5.55185
2547.78,0.0151128,0.000151128,11711,0.59992,0,-5.5532
2547.89,0.0151115,0.000151115,11712,0.584866,0,-5.55452
2548,0.0151101,0.000151101,11713,0.56981,0,-5.5558
2548.11,0.0151089,0.000151089,11714,0.554753,0,-5.55705
2548.22,0.0151076,0.000151076,11715,0.539695,0,-5.55826
2548.32,0.0151064,0.000151064,11716,0.524635,0,-5.55945
2548.42,0.0151052,0.000151052,11717,0.509573,0,-5.5606
2548.51,0.0151041,0.000151041,11718,0.494511,0,-5.56171
2548.61,0.015103,0.00015103,11719,0.479446,0,-5.5628
2548.7,0.0151019,0.000151019,11720,0.464381,0,-5.56385
2548.78,0.0151009,0.000151009,11721,0.449315,0,-5.56487
2548.87,0.0150999,0.000150999,11722,0.434247,0,-5.56585
2548.95,0.0150989,0.000150989,11723,0.419178,0,-5.5668
2549.03,0.015098,0.00015098,11724,0.404108,0,-5.56772
2549.1,0.0150971,0.000150971,11725,0.389037,0,-5.5686
2549.17,0.0150963,0.000150963,11726,0.373964,0,-5.56946
2549.24,0.0150955,0.000150955,11727,0.358891,0,-5.57028
2549.31,0.0150947,0.000150947,11728,0.343817,0,-5.57106
2549.37,0.0150939,0.000150939,11729,0.328742,0,-5.57181
2549.43,0.0150932,0.000150932,11730,0.313666,0,-5.57253
2549.49,0.0150926,0.000150926,11731,0.298589,0,-5.57322
2549.54,0.0150919,0.000150919,11732,0.283511,0,-5.57387
2549.59,0.0150913,0.000150913,11733,0.268432,0,-5.5745
2549.64,0.0150908,0.000150908,11734,0.253353,0,-5.57508
2549.68,0.0150902,0.000150902,11735,0.238273,0,-5.57564
2549.73,0.0150897,0.000150897,11736,0.223192,0,-5.57616
2549.76,0.0150893,0.000150893,11737,0.208111,0,-5.57665
2549.8,0.0150889,0.000150889,11738,0.193029,0,-5.57711
2549.83,0.0150885,0.000150885,11739,0.177947,0,-5.57753
2549.86,0.0150881,0.000150881,11740,0.162863,0,-5.57792
2549.89,0.0150878,0.000150878,11741,0.14778,0,-5.57827
2549.91,0.0150875,0.000150875,11742,0.132696,0,-5.5786
2549.93,0.0150873,0.000150873,11743,0.117611,0,-5.57889
2549.95,0.0150871,0.000150871,11744,0.102526,0,-5.57915
2549.96,0.0150869,0.000150869,11745,0.0874411,0,-5.57937
2549.98,0.0150868,0.000150868,11746,0.0723555,0,-5.57956
2549.98,0.0150867,0.000150867,11747,0.0572697,0,-5.57972
2549.99,0.0150866,0.000150866,11748,0.0421836,0,-5.57985
2549.99,0.0150866,0.000150866,11749,0.0270972,0,-5.57994
2549.99,0.0150866,0.000150866,11750,0.0120108,0,-5.58
2549.99,0.0150867,0.000150867,11751,-0.00307588,0,-5.58003
2549.98,0.0150867,0.000150867,11752,-0.0181626,0,-5.58002
2549.97,0.0150869,0.000150869,11753,-0.0332494,0,-5.57998
2549.96,0.015087,0.00015087,11754,-0.0483362,0,-5.57991
2549.94,0.0150872,0.000150872,11755,-0.0634231,0,-5.5798
2549.92,0.0150874,0.000150874,11756,-0.0785098,0,-5.57966
2549.9,0.0150877,0.000150877,11757,-0.0935965,0,-5.57949
2549.88,0.015088,0.00015088,11758,-0.108683,0,-5.57929
2549.85,0.0150883,0.000150883,11759,-0.12377,0,-5.57905
2549.82,0.0150887,0.000150887,11760,-0.138856,0,-5.57878
2549.78,0.0150891,0.000150891,11761,-0.153942,0,-5.57847
2549.75,0.0150895,0.000150895,11762,-0.169028,0,-5.57814
2549.71,0.01509,0.0001509,11763,-0.184113,0,-5.57777
2549.66,0.0150905,0.000150905,11764,-0.199198,0,-5.57737
2549.62,0.015091,0.00015091,11765,-0.214283,0,-5.57693
2549.57,0.0150916,0.000150916,11766,-0.229367,0,-5.57646
2549.52,0.0150922,0.000150922,11767,-0.244451,0,-5.57596
2549.46,0.0150929,0.000150929,11768,-0.259535,0,-5.57542
2549.4,0.0150936,0.000150936,11769,-0.274617,0,-5.57486
2549.34,0.0150943,0.000150943,11770,-0.2897,0,-5.57426
2549.28,0.0150951,0.000150951,11771,-0.304782,0,-5.57362
2549.21,0.0150959,0.000150959,11772,-0.319863,0,-5.57295
2549.14,0.0150967,0.000150967,11773,-0.334943,0,-5.57225
2549.06,0.0150976,0.000150976,11774,-0.350023,0,-5.57152
2548.99,0.0150985,0.000150985,11775,-0.365102,0,-5.57076
2548.91,0.0150994,0.000150994,11776,-0.38018,0,-5.56996
2548.83,0.0151004,0.000151004,11777,-0.395258,0,-5.56912
2548.74,0.0151014,0.000151014,11778,-0.410334,0,-5.56826
2548.65,0.0151025,0.000151025,11779,-0.42541,0,-5.56736
2548.56,0.0151035,0.000151035,11780,-0.440485,0,-5.56643
2548.47,0.0151047,0.000151047,11781,-0.455559,0,-5.56546
2548.37,0.0151058,0.000151058,11782,-0.470631,0,-5.56446
2548.27,0.015107,0.00015107,11783,-0.485703,0,-5.56343
2548.16,0.0151082,0.000151082,11784,-0.500774,0,-5.56237
2548.06,0.0151095,0.000151095,11785,-0.515844,0,-5.56127
2547.95,0.0151108,0.000151108,11786,-0.530912,0,-5.56014
2547.84,0.0151121,0.000151121,11787,-0.545979,0,-5.55898
2547.72,0.0151135,0.000151135,11788,-0.561045,0,-5.55778
2547.6,0.0151149,0.000151149,11789,-0.57611,0,-5.55655
2547.48,0.0151164,0.000151164,11790,-0.591174,0,-5.55529
2547.35,0.0151179,0.000151179,11791,-0.606236,0,-5.55399
2547.23,0.0151194,0.000151194,11792,-0.621297,0,-5.55266
2547.1,0.0151209,0.000151209,11793,-0.636356,0,-5.5513
2546.96,0.0151225,0.000151225,11794,-0.651414,0,-5.54991
2546.83,0.0151241,0.000151241,11795,-0.666471,0,-5.54848
2546.69,0.0151258,0.000151258,11796,-0.681526,0,-5.54702
2546.54,0.0151275,0.000151275,11797,-0.696579,0,-5.54552
2546.4,0.0151292,0.000151292,11798,-0.711631,0,-5.54399
2546.25,0.015131,0.00015131,11799,-0.726681,0,-5.54243
2546.1,0.0151328,0.000151328,11800,-0.74173,0,-5.54084
2545.94,0.0151347,0.000151347,11801,-0.756777,0,-5.53921
2545.78,0.0151365,0.000151365,11802,-0.771822,0,-5.53755
2545.62,0.0151384,0.000151384,11803,-0.786865,0,-5.53585
2545.46,0.0151404,0.000151404,11804,-0.801907,0,-5.53413
2545.29,0.0151424,0.000151424,11805,-0.816946,0,-5.53236
2545.12,0.0151444,0.000151444,11806,-0.831984,0,-5.53057
2544.95,0.0151465,0.000151465,11807,-0.84702,0,-5.52874
2544.77,0.0151486,0.000151486,11808,-0.862054,0,-5.52688
2544.59,0.0151507,0.000151507,11809,-0.877085,0,-5.52499
2544.41,0.0151529,0.000151529,11810,-0.892115,0,-5.52306
2544.22,0.0151551,0.000151551,11811,-0.907143,0,-5.5211
2544.04,0.0151573,0.000151573,11812,-0.922168,0,-5.51911
2543.85,0.0151596,0.000151596,11813,-0.937192,0,-5.51708
2543.65,0.0151619,0.000151619,11814,-0.952213,0,-5.51502
2543.45,0.0151643,0.000151643,11815,-0.967232,0,-5.51292
2543.25,0.0151666,0.000151666,11816,-0.982249,0,-5.5108
2543.05,0.0151691,0.000151691,11817,-0.997263,0,-5.50864
2542.84,0.0151715,0.000151715,11818,-1.01228,0,-5.50644
2542.64,0.015174,0.00015174,11819,-1.02728,0,-5.50421
2542.42,0.0151766,0.000151766,11820,-1.04229,0,-5.50195
2542.21,0.0151791,0.000151791,11821,-1.0573,0,-5.49966
2541.99,0.0151817,0.000151817,11822,-1.0723,0,-5.49733
2541.77,0.0151844,0.000151844,11823,-1.0873,0,-5.49497
2541.54,0.0151871,0.000151871,11824,-1.1023,0,-5.49257
2541.32,0.0151898,0.000151898,11825,-1.11729,0,-5.49015
2541.09,0.0151925,0.000151925,11826,-1.13228,0,-5.48768
2540.85,0.0151953,0.000151953,11827,-1.14727,0,-5.48519
2540.62,0.0151981,0.000151981,11828,-1.16226,0,-5.48266
2540.38,0.015201,0.00015201,11829,-1.17724,0,-5.4801
2540.14,0.0152039,0.000152039,11830,-1.19222,0,-5.4775
2539.89,0.0152068,0.000152068,11831,-1.2072,0,-5.47487
2539.64,0.0152098,0.000152098,11832,-1.22217,0,-5.47221
2539.39,0.0152128,0.000152128,11833,-1.23715,0,-5.46951
2539.14,0.0152159,0.000152159,11834,-1.25212,0,-5.46678
2538.88,0.015219,0.00015219,11835,-1.26708,0,-5.46402
2538.62,0.0152221,0.000152221,11836,-1.28204,0,-5.46122
2538.36,0.0152252,0.000152252,11837,-1.297,0,-5.45839
2538.09,0.0152284,0.000152284,11838,-1.31196,0,-5.45553
2537.82,0.0152317,0.000152317,11839,-1.32691,0,-5.45263
2537.55,0.0152349,0.000152349,11840,-1.34186,0,-5.4497
2537.27,0.0152382,0.000152382,11841,-1.35681,0,-5.44673
2536.99,0.0152416,0.000152416,11842,-1.37175,0,-5.44373
2536.71,0.015245,0.00015245,11843,-1.38669,0,-5.4407
2536.43,0.0152484,0.000152484,11844,-1.40163,0,-5.43763
2536.14,0.0152518,0.000152518,11845,-1.41656,0,-5.43453
2535.85,0.0152553,0.000152553,11846,-1.43149,0,-5.4314
2535.56,0.0152589,0.000152589,11847,-1.44642,0,-5.42823
2535.26,0.0152624,0.000152624,11848,-1.46134,0,-5.42503
2534.96,0.015266,0.00015266,11849,-1.47626,0,-5.4218
2534.66,0.0152697,0.000152697,11850,-1.49118,0,-5.41853
2534.35,0.0152734,0.000152734,11851,-1.50609,0,-5.41522
2534.05,0.0152771,0.000152771,11852,-1.521,0,-5.41189
2533.73,0.0152808,0.000152808,11853,-1.5359,0,-5.40852
2533.42,0.0152846,0.000152846,11854,-1.5508,0,-5.40511
2533.1,0.0152884,0.000152884,11855,-1.5657,0,-5.40167
2532.78,0.0152923,0.000152923,11856,-1.58059,0,-5.3982
2532.46,0.0152962,0.000152962,11857,-1.59548,0,-5.39469
2532.13,0.0153001,0.000153001,11858,-1.61037,0,-5.39115
2531.81,0.0153041,0.000153041,11859,-1.62525,0,-5.38758
2531.47,0.0153081,0.000153081,11860,-1.64013,0,-5.38397
2531.14,0.0153122,0.000153122,11861,-1.655,0,-5.38033
2530.8,0.0153163,0.000153163,11862,-1.66987,0,-5.37665
2530.46,0.0153204,0.000153204,11863,-1.68473,0,-5.37294
2530.11,0.0153246,0.000153246,11864,-1.69959,0,-5.3692
2529.77,0.0153288,0.000153288,11865,-1.71445,0,-5.36542
2529.42,0.015333,0.00015333,11866,-1.7293,0,-5.36161
2529.06,0.0153373,0.000153373,11867,-1.74415,0,-5.35776
2528.71,0.0153416,0.000153416,11868,-1.75899,0,-5.35388
2528.35,0.015346,0.00015346,11869,-1.77383,0,-5.34997
2527.99,0.0153504,0.000153504,11870,-1.78866,0,-5.34602
2527.62,0.0153548,0.000153548,11871,-1.80349,0,-5.34203
2527.26,0.0153593,0.000153593,11872,-1.81831,0,-5.33802
2526.89,0.0153638,0.000153638,11873,-1.83313,0,-5.33397
2526.51,0.0153683,0.000153683,11874,-1.84795,0,-5.32988
2526.13,0.0153729,0.000153729,11875,-1.86276,0,-5.32576
2525.75,0.0153775,0.000153775,11876,-1.87757,0,-5.32161
2525.37,0.0153822,0.000153822,11877,-1.89237,0,-5.31742
2524.99,0.0153869,0.000153869,11878,-1.90716,0,-5.31319
2524.6,0.0153916,0.000153916,11879,-1.92195,0,-5.30894
2524.21,0.0153964,0.000153964,11880,-1.93674,0,-5.30465
2523.81,0.0154012,0.000154012,11881,-1.95152,0,-5.30032
2523.41,0.0154061,0.000154061,11882,-1.9663,0,-5.29596
2523.01,0.015411,0.00015411,11883,-1.98107,0,-5.29156
2522.61,0.0154159,0.000154159,11884,-1.99583,0,-5.28714
2522.2,0.0154209,0.000154209,11885,-2.0106,0,-5.28267
2521.8,0.0154259,0.000154259,11886,-2.02535,0,-5.27817
2521.38,0.0154309,0.000154309,11887,-2.0401,0,-5.27364
2520.97,0.015436,0.00015436,11888,-2.05485,0,-5.26908
2520.55,0.0154411,0.000154411,11889,-2.06959,0,-5.26447
2520.13,0.0154463,0.000154463,11890,-2.08432,0,-5.25984
2519.7,0.0154515,0.000154515,11891,-2.09905,0,-5.25517
2519.28,0.0154567,0.000154567,11892,-2.11377,0,-5.25046
2518.85,0.015462,0.00015462,11893,-2.12849,0,-5.24572
2518.42,0.0154673,0.000154673,11894,-2.1432,0,-5.24095
2517.98,0.0154727,0.000154727,11895,-2.15791,0,-5.23614
2517.54,0.015478,0.00015478,11896,-2.17261,0,-5.23129
2517.1,0.0154835,0.000154835,11897,-2.1873,0,-5.22642
2516.65,0.015489,0.00015489,11898,-2.20199,0,-5.2215
2516.21,0.0154945,0.000154945,11899,-2.21668,0,-5.21655
2515.76,0.0155,0.000155,11900,-2.23135,0,-5.21157
2515.3,0.0155056,0.000155056,11901,-2.24602,0,-5.20655
2514.85,0.0155112,0.000155112,11902,-2.26069,0,-5.2015
2514.39,0.0155169,0.000155169,11903,-2.27535,0,-5.19641
2513.92,0.0155226,0.000155226,11904,-2.29,0,-5.19129
2513.46,0.0155284,0.000155284,11905,-2.30465,0,-5.18614
2512.99,0.0155341,0.000155341,11906,-2.31929,0,-5.18094
2512.52,0.01554,0.0001554,11907,-2.33392,0,-5.17572
2512.05,0.0155458,0.000155458,11908,-2.34855,0,-5.17045
2511.57,0.0155517,0.000155517,11909,-2.36317,0,-5.16516
2511.09,0.0155577,0.000155577,11910,-2.37779,0,-5.15983
2510.61,0.0155637,0.000155637,11911,-2.3924,0,-5.15446
2510.12,0.0155697,0.000155697,11912,-2.407,0,-5.14906
2509.63,0.0155758,0.000155758,11913,-2.4216,0,-5.14362
2509.14,0.0155819,0.000155819,11914,-2.43619,0,-5.13815
2508.64,0.015588,0.00015588,11915,-2.45077,0,-5.13264
2508.15,0.0155942,0.000155942,11916,-2.46534,0,-5.1271
2507.65,0.0156004,0.000156004,11917,-2.47991,0,-5.12152
2507.14,0.0156067,0.000156067,11918,-2.49448,0,-5.11591
2506.64,0.015613,0.00015613,11919,-2.50903,0,-5.11026
2506.13,0.0156193,0.000156193,11920,-2.52358,0,-5.10458
2505.62,0.0156257,0.000156257,11921,-2.53812,0,-5.09886
2505.1,0.0156321,0.000156321,11922,-2.55266,0,-5.0931
2504.58,0.0156386,0.000156386,11923,-2.56718,0,-5.08731
2504.06,0.0156451,0.000156451,11924,-2.58171,0,-5.08149
2503.54,0.0156517,0.000156517,11925,-2.59622,0,-5.07563
2503.01,0.0156582,0.000156582,11926,-2.61072,0,-5.06973
2502.48,0.0156649,0.000156649,11927,-2.62522,0,-5.0638
2501.95,0.0156715,0.000156715,11928,-2.63971,0,-5.05784
2501.42,0.0156782,0.000156782,11929,-2.6542,0,-5.05183
2500.88,0.015685,0.00015685,11930,-2.66867,0,-5.0458
2500.34,0.0156918,0.000156918,11931,-2.68314,0,-5.03972
2499.79,0.0156986,0.000156986,11932,-2.69761,0,-5.03362
2499.25,0.0157055,0.000157055,11933,-2.71206,0,-5.02747
2498.7,0.0157124,0.000157124,11934,-2.7265,0,-5.02129
2498.14,0.0157193,0.000157193,11935,-2.74094,0,-5.01508
2497.59,0.0157263,0.000157263,11936,-2.75537,0,-5.00882
2497.03,0.0157334,0.000157334,11937,-2.7698,0,-5.00254
2496.47,0.0157404,0.000157404,11938,-2.78421,0,-4.99622
2495.9,0.0157476,0.000157476,11939,-2.79862,0,-4.98986
2495.34,0.0157547,0.000157547,11940,-2.81302,0,-4.98346
2494.77,0.0157619,0.000157619,11941,-2.82741,0,-4.97703
2494.19,0.0157692,0.000157692,11942,-2.84179,0,-4.97057
2493.62,0.0157764,0.000157764,11943,-2.85616,0,-4.96406
2493.04,0.0157838,0.000157838,11944,-2.87053,0,-4.95753
2492.46,0.0157911,0.000157911,11945,-2.88489,0,-4.95095
2491.87,0.0157985,0.000157985,11946,-2.89924,0,-4.94434
2491.29,0.015806,0.00015806,11947,-2.91358,0,-4.9377
2490.7,0.0158135,0.000158135,11948,-2.92791,0,-4.93102
2490.1,0.015821,0.00015821,11949,-2.94224,0,-4.9243
2489.51,0.0158286,0.000158286,11950,-2.95655,0,-4.91754
2488.91,0.0158362,0.000158362,11951,-2.97086,0,-4.91076
2488.31,0.0158439,0.000158439,11952,-2.98516,0,-4.90393
2487.7,0.0158516,0.000158516,11953,-2.99944,0,-4.89707
2487.1,0.0158593,0.000158593,11954,-3.01373,0,-4.89017
2486.49,0.0158671,0.000158671,11955,-3.028,0,-4.88323
2485.87,0.0158749,0.000158749,11956,-3.04226,0,-4.87626
2485.26,0.0158828,0.000158828,11957,-3.05651,0,-4.86926
2484.64,0.0158907,0.000158907,11958,-3.07076,0,-4.86221
2484.02,0.0158986,0.000158986,11959,-3.08499,0,-4.85513
2483.39,0.0159066,0.000159066,11960,-3.09922,0,-4.84802
2482.77,0.0159147,0.000159147,11961,-3.11343,0,-4.84086
2482.14,0.0159228,0.000159228,11962,-3.12764,0,-4.83367
2481.5,0.0159309,0.000159309,11963,-3.14184,0,-4.82645
2480.87,0.015939,0.00015939,11964,-3.15603,0,-4.81919
2480.23,0.0159473,0.000159473,11965,-3.17021,0,-4.81189
2479.59,0.0159555,0.000159555,11966,-3.18438,0,-4.80455
2478.94,0.0159638,0.000159638,11967,-3.19854,0,-4.79718
2478.3,0.0159721,0.000159721,11968,-3.21269,0,-4.78977
2477.65,0.0159805,0.000159805,11969,-3.22683,0,-4.78232
2476.99,0.0159889,0.000159889,11970,-3.24096,0,-4.77484
2476.34,0.0159974,0.000159974,11971,-3.25508,0,-4.76732
2475.68,0.0160059,0.000160059,11972,-3.26919,0,-4.75977
2475.02,0.0160145,0.000160145,11973,-3.28329,0,-4.75218
2474.35,0.0160231,0.000160231,11974,-3.29738,0,-4.74455
2473.69,0.0160317,0.000160317,11975,-3.31146,0,-4.73688
2473.02,0.0160404,0.000160404,11976,-3.32553,0,-4.72918
2472.34,0.0160491,0.000160491,11977,-3.33959,0,-4.72144
2471.67,0.0160579,0.000160579,11978,-3.35364,0,-4.71366
2470.99,0.0160667,0.000160667,11979,-3.36768,0,-4.70585
2470.31,0.0160756,0.000160756,11980,-3.3817,0,-4.698
2469.63,0.0160845,0.000160845,11981,-3.39572,0,-4.69011
2468.94,0.0160934,0.000160934,11982,-3.40973,0,-4.68218
2468.25,0.0161024,0.000161024,11983,-3.42372,0,-4.67422
2467.56,0.0161114,0.000161114,11984,-3.43771,0,-4.66622
2466.86,0.0161205,0.000161205,11985,-3.45168,0,-4.65819
2466.17,0.0161296,0.000161296,11986,-3.46565,0,-4.65011
2465.47,0.0161388,0.000161388,11987,-3.4796,0,-4.642
2464.76,0.016148,0.00016148,11988,-3.49354,0,-4.63385
2464.06,0.0161573,0.000161573,11989,-3.50747,0,-4.62567
2463.35,0.0161666,0.000161666,11990,-3.52139,0,-4.61744
2462.64,0.0161759,0.000161759,11991,-3.5353,0,-4.60918
2461.92,0.0161853,0.000161853,11992,-3.54919,0,-4.60089
2461.2,0.0161947,0.000161947,11993,-3.56308,0,-4.59255
2460.48,0.0162042,0.000162042,11994,-3.57695,0,-4.58418
2459.76,0.0162137,0.000162137,11995,-3.59081,0,-4.57577
2459.04,0.0162233,0.000162233,11996,-3.60467,0,-4.56732
2458.31,0.0162329,0.000162329,11997,-3.6185,0,-4.55883
2457.58,0.0162426,0.000162426,11998,-3.63233,0,-4.55031
2456.84,0.0162523,0.000162523,11999,-3.64615,0,-4.54175
2456.11,0.016262,0.00016262,12000,-3.65995,0,-4.53315
2455.37,0.0162718,0.000162718,12001,-3.67374,0,-4.52452
2454.62,0.0162817,0.000162817,12002,-3.68752,0,-4.51584
2453.88,0.0162916,0.000162916,12003,-3.70128,0,-4.50713
2453.13,0.0163015,0.000163015,12004,-3.71504,0,-4.49838
2452.38,0.0163115,0.000163115,12005,-3.72878,0,-4.48959
2451.63,0.0163215,0.000163215,12006,-3.74251,0,-4.48077
2450.87,0.0163316,0.000163316,12007,-3.75623,0,-4.4719
2450.11,0.0163417,0.000163417,12008,-3.76993,0,-4.463
2449.35,0.0163518,0.000163518,12009,-3.78362,0,-4.45406
2448.59,0.016362,0.00016362,12010,-3.7973,0,-4.44509
2447.82,0.0163723,0.000163723,12011,-3.81097,0,-4.43607
2447.05,0.0163826,0.000163826,12012,-3.82462,0,-4.42702
2446.28,0.0163929,0.000163929,12013,-3.83826,0,-4.41792
2445.5,0.0164033,0.000164033,12014,-3.85189,0,-4.40879
2444.73,0.0164138,0.000164138,12015,-3.86551,0,-4.39963
2443.95,0.0164243,0.000164243,12016,-3.87911,0,-4.39042
2443.16,0.0164348,0.000164348,12017,-3.89269,0,-4.38117
2442.38,0.0164454,0.000164454,12018,-3.90627,0,-4.37189
2441.59,0.016456,0.00016456,12019,-3.91983,0,-4.36257
2440.8,0.0164667,0.000164667,12020,-3.93338,0,-4.35321
2440,0.0164774,0.000164774,12021,-3.94691,0,-4.34381
2439.21,0.0164882,0.000164882,12022,-3.96043,0,-4.33437
2438.41,0.016499,0.00016499,12023,-3.97394,0,-4.3249
2437.6,0.0165098,0.000165098,12024,-3.98743,0,-4.31538
2436.8,0.0165207,0.000165207,12025,-4.00091,0,-4.30583
2435.99,0.0165317,0.000165317,12026,-4.01438,0,-4.29624
2435.18,0.0165427,0.000165427,12027,-4.02783,0,-4.28661
2434.37,0.0165537,0.000165537,12028,-4.04126,0,-4.27694
2433.55,0.0165648,0.000165648,12029,-4.05469,0,-4.26723
2432.74,0.016576,0.00016576,12030,-4.06809,0,-4.25749
2431.91,0.0165872,0.000165872,12031,-4.08149,0,-4.2477
2431.09,0.0165984,0.000165984,12032,-4.09487,0,-4.23788
2430.26,0.0166097,0.000166097,12033,-4.10823,0,-4.22802
2429.44,0.016621,0.00016621,12034,-4.12158,0,-4.21811
2428.6,0.0166324,0.000166324,12035,-4.13492,0,-4.20817
2427.77,0.0166439,0.000166439,12036,-4.14824,0,-4.19819
2426.93,0.0166553,0.000166553,12037,-4.16154,0,-4.18817
2426.09,0.0166669,0.000166669,12038,-4.17483,0,-4.17812
2425.25,0.0166784,0.000166784,12039,-4.18811,0,-4.16802
2424.41,0.0166901,0.000166901,12040,-4.20136,0,-4.15788
2423.56,0.0167018,0.000167018,12041,-4.21461,0,-4.14771
2422.71,0.0167135,0.000167135,12042,-4.22784,0,-4.13749
2421.86,0.0167252,0.000167252,12043,-4.24105,0,-4.12724
2421,0.0167371,0.000167371,12044,-4.25425,0,-4.11695
2420.14,0.0167489,0.000167489,12045,-4.26743,0,-4.10661
2419.28,0.0167609,0.000167609,12046,-4.2806,0,-4.09624
2418.42,0.0167728,0.000167728,12047,-4.29375,0,-4.08583
2417.55,0.0167849,0.000167849,12048,-4.30688,0,-4.07538
2416.68,0.0167969,0.000167969,12049,-4.32,0,-4.06489
2415.81,0.016809,0.00016809,12050,-4.3331,0,-4.05436
2414.94,0.0168212,0.000168212,12051,-4.34619,0,-4.04379
2414.06,0.0168334,0.000168334,12052,-4.35926,0,-4.03318
2413.18,0.0168457,0.000168457,12053,-4.37231,0,-4.02253
2412.3,0.016858,0.00016858,12054,-4.38535,0,-4.01185
2411.42,0.0168704,0.000168704,12055,-4.39837,0,-4.00112
2410.53,0.0168828,0.000168828,12056,-4.41137,0,-3.99035
2409.64,0.0168953,0.000168953,12057,-4.42436,0,-3.97954
2408.75,0.0169078,0.000169078,12058,-4.43733,0,-3.96869
2407.85,0.0169203,0.000169203,12059,-4.45028,0,-3.95781
2406.96,0.016933,0.00016933,12060,-4.46321,0,-3.94688
2406.06,0.0169456,0.000169456,12061,-4.47613,0,-3.93591
2405.15,0.0169583,0.000169583,12062,-4.48903,0,-3.92491
2404.25,0.0169711,0.000169711,12063,-4.50192,0,-3.91386
2403.34,0.0169839,0.000169839,12064,-4.51478,0,-3.90277
2402.43,0.0169968,0.000169968,12065,-4.52763,0,-3.89164
2401.52,0.0170097,0.000170097,12066,-4.54046,0,-3.88048
2400.6,0.0170227,0.000170227,12067,-4.55327,0,-3.86927
2399.68,0.0170357,0.000170357,12068,-4.56607,0,-3.85802
2398.76,0.0170488,0.000170488,12069,-4.57885,0,-3.84673
2397.84,0.0170619,0.000170619,12070,-4.5916,0,-3.8354
2396.92,0.0170751,0.000170751,12071,-4.60434,0,-3.82404
2395.99,0.0170883,0.000170883,12072,-4.61707,0,-3.81263
2395.06,0.0171016,0.000171016,12073,-4.62977,0,-3.80118
2394.12,0.017115,0.00017115,12074,-4.64245,0,-3.78969
2393.19,0.0171283,0.000171283,12075,-4.65512,0,-3.77816
2392.25,0.0171418,0.000171418,12076,-4.66777,0,-3.76659
2391.31,0.0171553,0.000171553,12077,-4.6804,0,-3.75497
2390.37,0.0171688,0.000171688,12078,-4.69301,0,-3.74332
2389.42,0.0171824,0.000171824,12079,-4.7056,0,-3.73163
2388.47,0.017196,0.00017196,12080,-4.71817,0,-3.7199
2387.52,0.0172097,0.000172097,12081,-4.73072,0,-3.70812
2386.57,0.0172235,0.000172235,12082,-4.74325,0,-3.69631
2385.61,0.0172373,0.000172373,12083,-4.75576,0,-3.68445
2384.65,0.0172512,0.000172512,12084,-4.76826,0,-3.67256
2383.69,0.0172651,0.000172651,12085,-4.78073,0,-3.66062
2382.73,0.017279,0.00017279,12086,-4.79318,0,-3.64864
2381.76,0.017293,0.00017293,12087,-4.80562,0,-3.63662
2380.8,0.0173071,0.000173071,12088,-4.81803,0,-3.62456
2379.83,0.0173212,0.000173212,12089,-4.83042,0,-3.61246
2378.85,0.0173354,0.000173354,12090,-4.8428,0,-3.60032
2377.88,0.0173496,0.000173496,12091,-4.85515,0,-3.58814
2376.9,0.0173639,0.000173639,12092,-4.86748,0,-3.57591
2375.92,0.0173783,0.000173783,12093,-4.87979,0,-3.56365
2374.94,0.0173926,0.000173926,12094,-4.89208,0,-3.55134
2373.95,0.0174071,0.000174071,12095,-4.90435,0,-3.53899
2372.96,0.0174216,0.000174216,12096,-4.9166,0,-3.5266
2371.97,0.0174361,0.000174361,12097,-4.92883,0,-3.51417
2370.98,0.0174507,0.000174507,12098,-4.94103,0,-3.5017
2369.98,0.0174654,0.000174654,12099,-4.95322,0,-3.48919
2368.99,0.0174801,0.000174801,12100,-4.96538,0,-3.47663
2367.99,0.0174949,0.000174949,12101,-4.97752,0,-3.46404
2366.98,0.0175097,0.000175097,12102,-4.98964,0,-3.4514
2365.98,0.0175246,0.000175246,12103,-5.00174,0,-3.43872
2364.97,0.0175395,0.000175395,12104,-5.01382,0,-3.426
2363.96,0.0175545,0.000175545,12105,-5.02587,0,-3.41324
2362.95,0.0175695,0.000175695,12106,-5.0379,0,-3.40044
2361.93,0.0175846,0.000175846,12107,-5.04991,0,-3.38759
2360.92,0.0175998,0.000175998,12108,-5.0619,0,-3.3747
2359.9,0.017615,0.00017615,12109,-5.07386,0,-3.36177
2358.88,0.0176303,0.000176303,12110,-5.0858,0,-3.3488
2357.85,0.0176456,0.000176456,12111,-5.09772,0,-3.33579
2356.83,0.0176609,0.000176609,12112,-5.10961,0,-3.32274
2355.8,0.0176764,0.000176764,12113,-5.12149,0,-3.30964
2354.77,0.0176919,0.000176919,12114,-5.13334,0,-3.2965
2353.73,0.0177074,0.000177074,12115,-5.14516,0,-3.28332
2352.7,0.017723,0.00017723,12116,-5.15696,0,-3.2701
2351.66,0.0177387,0.000177387,12117,-5.16874,0,-3.25684
2350.62,0.0177544,0.000177544,12118,-5.1805,0,-3.24353
2349.57,0.0177701,0.000177701,12119,-5.19223,0,-3.23018
2348.53,0.017786,0.00017786,12120,-5.20393,0,-3.21679
2347.48,0.0178018,0.000178018,12121,-5.21562,0,-3.20336
2346.43,0.0178178,0.000178178,12122,-5.22727,0,-3.18989
2345.38,0.0178338,0.000178338,12123,-5.23891,0,-3.17637
2344.32,0.0178498,0.000178498,12124,-5.25052,0,-3.16281
2343.27,0.0178659,0.000178659,12125,-5.2621,0,-3.14921
2342.21,0.0178821,0.000178821,12126,-5.27366,0,-3.13557
2341.15,0.0178983,0.000178983,12127,-5.2852,0,-3.12188
2340.08,0.0179146,0.000179146,12128,-5.29671,0,-3.10815
2339.02,0.0179309,0.000179309,12129,-5.30819,0,-3.09438
2337.95,0.0179473,0.000179473,12130,-5.31965,0,-3.08057
2336.88,0.0179638,0.000179638,12131,-5.33108,0,-3.06671
2335.8,0.0179803,0.000179803,12132,-5.34249,0,-3.05281
2334.73,0.0179968,0.000179968,12133,-5.35387,0,-3.03887
2333.65,0.0180135,0.000180135,12134,-5.36523,0,-3.02489
2332.57,0.0180301,0.000180301,12135,-5.37656,0,-3.01086
2331.49,0.0180469,0.000180469,12136,-5.38786,0,-2.9968
2330.4,0.0180637,0.000180637,12137,-5.39914,0,-2.98269
2329.32,0.0180805,0.000180805,12138,-5.41039,0,-2.96853
2328.23,0.0180975,0.000180975,12139,-5.42161,0,-2.95433
2327.14,0.0181144,0.000181144,12140,-5.43281,0,-2.9401
2326.05,0.0181315,0.000181315,12141,-5.44398,0,-2.92581
2324.95,0.0181486,0.000181486,12142,-5.45512,0,-2.91149
2323.85,0.0181657,0.000181657,12143,-5.46624,0,-2.89712
2322.75,0.0181829,0.000181829,12144,-5.47732,0,-2.88271
2321.65,0.0182002,0.000182002,12145,-5.48838,0,-2.86826
2320.55,0.0182175,0.000182175,12146,-5.49942,0,-2.85376
2319.44,0.0182349,0.000182349,12147,-5.51042,0,-2.83922
2318.33,0.0182523,0.000182523,12148,-5.5214,0,-2.82464
2317.22,0.0182698,0.000182698,12149,-5.53235,0,-2.81001
2316.11,0.0182874,0.000182874,12150,-5.54327,0,-2.79534
2314.99,0.018305,0.00018305,12151,-5.55416,0,-2.78063
2313.87,0.0183227,0.000183227,12152,-5.56502,0,-2.76588
2312.75,0.0183405,0.000183405,12153,-5.57586,0,-2.75108
2311.63,0.0183583,0.000183583,12154,-5.58666,0,-2.73624
2310.51,0.0183761,0.000183761,12155,-5.59744,0,-2.72135
2309.38,0.0183941,0.000183941,12156,-5.60819,0,-2.70642
2308.25,0.018412,0.00018412,12157,-5.61891,0,-2.69145
2307.12,0.0184301,0.000184301,12158,-5.62959,0,-2.67644
2305.99,0.0184482,0.000184482,12159,-5.64025,0,-2.66138
2304.86,0.0184664,0.000184664,12160,-5.65088,0,-2.64628
2303.72,0.0184846,0.000184846,12161,-5.66148,0,-2.63114
2302.58,0.0185029,0.000185029,12162,-5.67205,0,-2.61595
2301.44,0.0185212,0.000185212,12163,-5.68259,0,-2.60072
2300.3,0.0185396,0.000185396,12164,-5.69309,0,-2.58544
2299.15,0.0185581,0.000185581,12165,-5.70357,0,-2.57012
2298,0.0185766,0.000185766,12166,-5.71402,0,-2.55476
2296.86,0.0185952,0.000185952,12167,-5.72443,0,-2.53936
2295.7,0.0186139,0.000186139,12168,-5.73482,0,-2.52391
2294.55,0.0186326,0.000186326,12169,-5.74517,0,-2.50842
2293.4,0.0186514,0.000186514,12170,-5.75549,0,-2.49288
2292.24,0.0186702,0.000186702,12171,-5.76578,0,-2.4773
2291.08,0.0186891,0.000186891,12172,-5.77603,0,-2.46168
2289.92,0.0187081,0.000187081,12173,-5.78626,0,-2.44601
2288.75,0.0187271,0.000187271,12174,-5.79645,0,-2.4303
2287.59,0.0187462,0.000187462,12175,-5.80661,0,-2.41455
2286.42,0.0187654,0.000187654,12176,-5.81674,0,-2.39875
2285.25,0.0187846,0.000187846,12177,-5.82684,0,-2.38291
2284.08,0.0188039,0.000188039,12178,-5.8369,0,-2.36702
2282.9,0.0188232,0.000188232,12179,-5.84693,0,-2.3511
2281.73,0.0188426,0.000188426,12180,-5.85692,0,-2.33512
2280.55,0.0188621,0.000188621,12181,-5.86689,0,-2.31911
2279.37,0.0188816,0.000188816,12182,-5.87682,0,-2.30305
2278.19,0.0189012,0.000189012,12183,-5.88671,0,-2.28694
2277.01,0.0189209,0.000189209,12184,-5.89657,0,-2.27079
2275.82,0.0189406,0.000189406,12185,-5.9064,0,-2.2546
2274.63,0.0189604,0.000189604,12186,-5.91619,0,-2.23837
2273.44,0.0189802,0.000189802,12187,-5.92595,0,-2.22209
2272.25,0.0190001,0.000190001,12188,-5.93567,0,-2.20576
2271.06,0.0190201,0.000190201,12189,-5.94536,0,-2.1894
2269.86,0.0190401,0.000190401,12190,-5.95502,0,-2.17299
2268.67,0.0190602,0.000190602,12191,-5.96463,0,-2.15653
2267.47,0.0190804,0.000190804,12192,-5.97422,0,-2.14003
2266.27,0.0191006,0.000191006,12193,-5.98376,0,-2.12349
2265.06,0.0191209,0.000191209,12194,-5.99328,0,-2.1069
2263.86,0.0191413,0.000191413,12195,-6.00275,0,-2.09027
2262.65,0.0191617,0.000191617,12196,-6.01219,0,-2.07359
2261.44,0.0191822,0.000191822,12197,-6.02159,0,-2.05687
2260.23,0.0192027,0.000192027,12198,-6.03096,0,-2.04011
2259.02,0.0192233,0.000192233,12199,-6.04029,0,-2.0233
2257.81,0.019244,0.00019244,12200,-6.04958,0,-2.00645
2256.59,0.0192648,0.000192648,12201,-6.05884,0,-1.98956
2255.37,0.0192856,0.000192856,12202,-6.06806,0,-1.97262
2254.15,0.0193065,0.000193065,12203,-6.07724,0,-1.95563
2252.93,0.0193274,0.000193274,12204,-6.08638,0,-1.9386
2251.71,0.0193484,0.000193484,12205,-6.09549,0,-1.92153
2250.48,0.0193695,0.000193695,12206,-6.10455,0,-1.90442
2249.26,0.0193906,0.000193906,12207,-6.11358,0,-1.88726
2248.03,0.0194118,0.000194118,12208,-6.12257,0,-1.87005
2246.8,0.0194331,0.000194331,12209,-6.13152,0,-1.8528
2245.56,0.0194544,0.000194544,12210,-6.14044,0,-1.83551
2244.33,0.0194758,0.000194758,12211,-6.14931,0,-1.81817
2243.09,0.0194973,0.000194973,12212,-6.15814,0,-1.80079
2241.86,0.0195188,0.000195188,12213,-6.16694,0,-1.78337
2240.62,0.0195404,0.000195404,12214,-6.17569,0,-1.7659
2239.38,0.0195621,0.000195621,12215,-6.18441,0,-1.74838
2238.13,0.0195838,0.000195838,12216,-6.19308,0,-1.73083
2236.89,0.0196056,0.000196056,12217,-6.20172,0,-1.71322
2235.64,0.0196275,0.000196275,12218,-6.21031,0,-1.69558
2234.4,0.0196494,0.000196494,12219,-6.21887,0,-1.67789
2233.15,0.0196714,0.000196714,12220,-6.22738,0,-1.66015
2231.89,0.0196934,0.000196934,12221,-6.23585,0,-1.64238
2230.64,0.0197156,0.000197156,12222,-6.24428,0,-1.62455
2229.39,0.0197378,0.000197378,12223,-6.25267,0,-1.60669
2228.13,0.01976,0.0001976,12224,-6.26101,0,-1.58878
2226.87,0.0197824,0.000197824,12225,-6.26932,0,-1.57082
2225.61,0.0198048,0.000198048,12226,-6.27758,0,-1.55282
2224.35,0.0198272,0.000198272,12227,-6.2858,0,-1.53478
2223.09,0.0198498,0.000198498,12228,-6.29398,0,-1.51669
2221.82,0.0198724,0.000198724,12229,-6.30211,0,-1.49856
2220.56,0.019895,0.00019895,12230,-6.3102,0,-1.48038
2219.29,0.0199178,0.000199178,12231,-6.31825,0,-1.46216
2218.02,0.0199406,0.000199406,12232,-6.32625,0,-1.4439
2216.75,0.0199634,0.000199634,12233,-6.33421,0,-1.42559
2215.48,0.0199864,0.000199864,12234,-6.34213,0,-1.40724
2214.2,0.0200094,0.000200094,12235,-6.35,0,-1.38885
2212.93,0.0200325,0.000200325,12236,-6.35783,0,-1.37041
2211.65,0.0200556,0.000200556,12237,-6.36561,0,-1.35192
2210.37,0.0200788,0.000200788,12238,-6.37335,0,-1.33339
2209.09,0.0201021,0.000201021,12239,-6.38104,0,-1.31482
2207.81,0.0201254,0.000201254,12240,-6.38869,0,-1.29621
2206.53,0.0201489,0.000201489,12241,-6.39629,0,-1.27755
2205.24,0.0201723,0.000201723,12242,-6.40385,0,-1.25884
2203.96,0.0201959,0.000201959,12243,-6.41136,0,-1.2401
2202.67,0.0202195,0.000202195,12244,-6.41882,0,-1.2213
2201.38,0.0202432,0.000202432,12245,-6.42624,0,-1.20247
2200.09,0.020267,0.00020267,12246,-6.43361,0,-1.18359
2198.8,0.0202908,0.000202908,12247,-6.44094,0,-1.16467
2197.5,0.0203147,0.000203147,12248,-6.44821,0,-1.1457
2196.21,0.0203387,0.000203387,12249,-6.45544,0,-1.12669
2194.91,0.0203627,0.000203627,12250,-6.46262,0,-1.10764
2193.61,0.0203868,0.000203868,12251,-6.46976,0,-1.08854
2192.31,0.020411,0.00020411,12252,-6.47684,0,-1.0694
2191.01,0.0204352,0.000204352,12253,-6.48388,0,-1.05021
2189.71,0.0204595,0.000204595,12254,-6.49087,0,-1.03098
2188.41,0.0204839,0.000204839,12255,-6.49781,0,-1.01171
2187.1,0.0205083,0.000205083,12256,-6.5047,0,-0.992393
2185.8,0.0205329,0.000205329,12257,-6.51154,0,-0.973033
2184.49,0.0205574,0.000205574,12258,-6.51833,0,-0.95363
2183.18,0.0205821,0.000205821,12259,-6.52507,0,-0.934183
2181.87,0.0206068,0.000206068,12260,-6.53176,0,-0.914693
2180.56,0.0206316,0.000206316,12261,-6.53841,0,-0.89516
2179.25,0.0206565,0.000206565,12262,-6.545,0,-0.875583
2177.93,0.0206814,0.000206814,12263,-6.55154,0,-0.855963
2176.62,0.0207064,0.000207064,12264,-6.55803,0,-0.836299
2175.3,0.0207315,0.000207315,12265,-6.56446,0,-0.816593
2173.98,0.0207566,0.000207566,12266,-6.57085,0,-0.796843
2172.66,0.0207819,0.000207819,12267,-6.57718,0,-0.77705
2171.34,0.0208071,0.000208071,12268,-6.58346,0,-0.757214
2170.02,0.0208325,0.000208325,12269,-6.58969,0,-0.737334
2168.7,0.0208579,0.000208579,12270,-6.59587,0,-0.717412
2167.37,0.0208834,0.000208834,12271,-6.60199,0,-0.697447
2166.05,0.020909,0.00020909,12272,-6.60807,0,-0.677438
2164.72,0.0209346,0.000209346,12273,-6.61408,0,-0.657387
2163.39,0.0209603,0.000209603,12274,-6.62005,0,-0.637293
2162.07,0.0209861,0.000209861,12275,-6.62596,0,-0.617157
2160.74,0.0210119,0.000210119,12276,-6.63181,0,-0.596977
2159.4,0.0210378,0.000210378,12277,-6.63762,0,-0.576755
2158.07,0.0210638,0.000210638,12278,-6.64336,0,-0.55649
2156.74,0.0210899,0.000210899,12279,-6.64905,0,-0.536183
2155.4,0.021116,0.00021116,12280,-6.65469,0,-0.515833
2154.07,0.0211422,0.000211422,12281,-6.66027,0,-0.495441
2152.73,0.0211685,0.000211685,12282,-6.6658,0,-0.475007
2151.39,0.0211948,0.000211948,12283,-6.67127,0,-0.45453
2150.05,0.0212212,0.000212212,12284,-6.67668,0,-0.43401
2148.71,0.0212477,0.000212477,12285,-6.68204,0,-0.413449
2147.37,0.0212742,0.000212742,12286,-6.68734,0,-0.392845
2146.03,0.0213009,0.000213009,12287,-6.69258,0,-0.3722
2144.69,0.0213275,0.000213275,12288,-6.69776,0,-0.351512
2143.34,0.0213543,0.000213543,12289,-6.70289,0,-0.330783
2142,0.0213811,0.000213811,12290,-6.70796,0,-0.310011
2140.65,0.021408,0.00021408,12291,-6.71297,0,-0.289198
2139.31,0.021435,0.00021435,12292,-6.71793,0,-0.268343
2137.96,0.021462,0.00021462,12293,-6.72282,0,-0.247447
2136.61,0.0214892,0.000214892,12294,-6.72766,0,-0.226509
2135.26,0.0215163,0.000215163,12295,-6.73243,0,-0.205529
2133.91,0.0215436,0.000215436,12296,-6.73715,0,-0.184508
2132.56,0.0215709,0.000215709,12297,-6.74181,0,-0.163446
2131.2,0.0215983,0.000215983,12298,-6.7464,0,-0.142342
2129.85,0.0216258,0.000216258,12299,-6.75094,0,-0.121198
2128.49,0.0216533,0.000216533,12300,-6.75541,0,-0.100012
2127.14,0.0216809,0.000216809,12301,-6.75983,0,-0.0787853
2125.78,0.0217086,0.000217086,12302,-6.76418,0,-0.0575176
2124.43,0.0217363,0.000217363,12303,-6.76847,0,-0.0362092
2123.07,0.0217641,0.000217641,12304,-6.7727,0,-0.01486
2121.71,0.021792,0.00021792,12305,-6.77687,0,0.00652977
2120.35,0.02182,0.0002182,12306,-6.78098,0,0.0279601
2118.99,0.021848,0.00021848,12307,-6.78502,0,0.0494309
2117.63,0.0218761,0.000218761,12308,-6.789,0,0.0709419
2116.26,0.0219043,0.000219043,12309,-6.79291,0,0.0924933
2114.9,0.0219325,0.000219325,12310,-6.79677,0,0.114085
2113.54,0.0219608,0.000219608,12311,-6.80056,0,0.135716
2112.17,0.0219892,0.000219892,12312,-6.80428,0,0.157388
2110.81,0.0220177,0.000220177,12313,-6.80794,0,0.179099
2109.44,0.0220462,0.000220462,12314,-6.81154,0,0.20085
2108.08,0.0220748,0.000220748,12315,-6.81507,0,0.222641
2106.71,0.0221034,0.000221034,12316,-6.81853,0,0.244471
2105.34,0.0221321,0.000221321,12317,-6.82193,0,0.26634
2103.97,0.0221609,0.000221609,12318,-6.82526,0,0.288249
2102.6,0.0221898,0.000221898,12319,-6.82853,0,0.310197
2101.24,0.0222188,0.000222188,12320,-6.83173,0,0.332184
2099.86,0.0222478,0.000222478,12321,-6.83487,0,0.35421
2098.49,0.0222768,0.000222768,12322,-6.83793,0,0.376275
2097.12,0.022306,0.00022306,12323,-6.84093,0,0.398378
2095.75,0.0223352,0.000223352,12324,-6.84386,0,0.42052
2094.38,0.0223645,0.000223645,12325,-6.84673,0,0.442701
2093,0.0223938,0.000223938,12326,-6.84952,0,0.464919
2091.63,0.0224233,0.000224233,12327,-6.85225,0,0.487176
2090.26,0.0224528,0.000224528,12328,-6.85491,0,0.509471
2088.88,0.0224823,0.000224823,12329,-6.85749,0,0.531804
2087.51,0.022512,0.00022512,12330,-6.86001,0,0.554175
2086.13,0.0225417,0.000225417,12331,-6.86246,0,0.576583
2084.75,0.0225714,0.000225714,12332,-6.86484,0,0.599029
2083.38,0.0226013,0.000226013,12333,-6.86715,0,0.621512
2082,0.0226312,0.000226312,12334,-6.86939,0,0.644032
2080.62,0.0226612,0.000226612,12335,-6.87155,0,0.666589
2079.25,0.0226912,0.000226912,12336,-6.87365,0,0.689184
2077.87,0.0227213,0.000227213,12337,-6.87567,0,0.711815
2076.49,0.0227515,0.000227515,12338,-6.87762,0,0.734482
2075.11,0.0227817,0.000227817,12339,-6.8795,0,0.757187
2073.73,0.0228121,0.000228121,12340,-6.88131,0,0.779927
2072.35,0.0228424,0.000228424,12341,-6.88304,0,0.802704
2070.97,0.0228729,0.000228729,12342,-6.8847,0,0.825516
2069.59,0.0229034,0.000229034,12343,-6.88628,0,0.848365
2068.21,0.022934,0.00022934,12344,-6.8878,0,0.871249
2066.83,0.0229647,0.000229647,12345,-6.88923,0,0.894168
2065.45,0.0229954,0.000229954,12346,-6.8906,0,0.917123
2064.07,0.0230262,0.000230262,12347,-6.89189,0,0.940113
2062.68,0.023057,0.00023057,12348,-6.8931,0,0.963139
2061.3,0.023088,0.00023088,12349,-6.89424,0,0.986198
2059.92,0.023119,0.00023119,12350,-6.8953,0,1.00929
2058.54,0.02315,0.0002315,12351,-6.89628,0,1.03242
2057.16,0.0231811,0.000231811,12352,-6.89719,0,1.05559
2055.77,0.0232123,0.000232123,12353,-6.89803,0,1.07878
2054.39,0.0232436,0.000232436,12354,-6.89878,0,1.10201
2053.01,0.0232749,0.000232749,12355,-6.89946,0,1.12528
2051.62,0.0233063,0.000233063,12356,-6.90006,0,1.14858
2050.24,0.0233378,0.000233378,12357,-6.90058,0,1.17191
2048.86,0.0233693,0.000233693,12358,-6.90102,0,1.19527
2047.47,0.0234009,0.000234009,12359,-6.90139,0,1.21867
2046.09,0.0234325,0.000234325,12360,-6.90167,0,1.2421
2044.71,0.0234643,0.000234642,12361,-6.90188,0,1.26557
2043.32,0.023496,0.00023496,12362,-6.902,0,1.28906
2041.94,0.0235279,0.000235279,12363,-6.90205,0,1.31259
2040.56,0.0235598,0.000235598,12364,-6.90202,0,1.33615
2039.17,0.0235918,0.000235918,12365,-6.9019,0,1.35974
2037.79,0.0236238,0.000236238,12366,-6.90171,0,1.38336
2036.41,0.0236559,0.000236559,12367,-6.90143,0,1.40702
2035.02,0.0236881,0.000236881,12368,-6.90107,0,1.4307
2033.64,0.0237203,0.000237203,12369,-6.90063,0,1.45442
2032.26,0.0237526,0.000237526,12370,-6.9001,0,1.47817
2030.88,0.0237849,0.000237849,12371,-6.8995,0,1.50194
2029.49,0.0238174,0.000238174,12372,-6.89881,0,1.52575
2028.11,0.0238498,0.000238498,12373,-6.89804,0,1.54959
2026.73,0.0238824,0.000238824,12374,-6.89718,0,1.57346
2025.35,0.023915,0.00023915,12375,-6.89624,0,1.59735
2023.97,0.0239476,0.000239476,12376,-6.89522,0,1.62128
2022.58,0.0239804,0.000239804,12377,-6.89411,0,1.64523
2021.2,0.0240132,0.000240132,12378,-6.89291,0,1.66922
2019.82,0.024046,0.00024046,12379,-6.89163,0,1.69323
2018.44,0.0240789,0.000240789,12380,-6.89027,0,1.71727
2017.06,0.0241119,0.000241119,12381,-6.88882,0,1.74134
2015.68,0.0241449,0.000241449,12382,-6.88728,0,1.76543
2014.3,0.024178,0.00024178,12383,-6.88565,0,1.78956
2012.92,0.0242112,0.000242112,12384,-6.88394,0,1.81371
2011.54,0.0242444,0.000242444,12385,-6.88215,0,1.83788
2010.16,0.0242776,0.000242776,12386,-6.88026,0,1.86209
2008.78,0.024311,0.00024311,12387,-6.87828,0,1.88632
2007.41,0.0243444,0.000243444,12388,-6.87622,0,1.91058
2006.03,0.0243778,0.000243778,12389,-6.87407,0,1.93486
2004.65,0.0244113,0.000244113,12390,-6.87183,0,1.95917
2003.28,0.0244449,0.000244449,12391,-6.8695,0,1.9835
2001.9,0.0244785,0.000244785,12392,-6.86708,0,2.00786
2000.52,0.0245121,0.000245121,12393,-6.86457,0,2.03224
1999.15,0.0245459,0.000245459,12394,-6.86197,0,2.05665
1997.78,0.0245797,0.000245797,12395,-6.85928,0,2.08108
1996.4,0.0246135,0.000246135,12396,-6.8565,0,2.10554
1995.03,0.0246474,0.000246474,12397,-6.85363,0,2.13002
1993.66,0.0246813,0.000246813,12398,-6.85067,0,2.15452
1992.28,0.0247154,0.000247154,12399,-6.84761,0,2.17905
1990.91,0.0247494,0.000247494,12400,-6.84446,0,2.2036
1989.54,0.0247835,0.000247835,12401,-6.84122,0,2.22817
1988.17,0.0248177,0.000248177,12402,-6.83789,0,2.25276
1986.8,0.0248519,0.000248519,12403,-6.83446,0,2.27737
1985.43,0.0248862,0.000248862,12404,-6.83094,0,2.30201
1984.07,0.0249205,0.000249205,12405,-6.82733,0,2.32667
1982.7,0.0249549,0.000249549,12406,-6.82362,0,2.35134
1981.33,0.0249893,0.000249893,12407,-6.81982,0,2.37604
1979.97,0.0250238,0.000250238,12408,-6.81592,0,2.40076
1978.6,0.0250583,0.000250583,12409,-6.81192,0,2.4255
1977.24,0.0250929,0.000250929,12410,-6.80783,0,2.45026
1975.87,0.0251276,0.000251276,12411,-6.80365,0,2.47503
1974.51,0.0251623,0.000251623,12412,-6.79937,0,2.49983
1973.15,0.025197,0.00025197,12413,-6.79499,0,2.52464
1971.79,0.0252318,0.000252318,12414,-6.79051,0,2.54947
1970.43,0.0252666,0.000252666,12415,-6.78594,0,2.57432
1969.07,0.0253015,0.000253015,12416,-6.78127,0,2.59919
1967.71,0.0253364,0.000253364,12417,-6.77651,0,2.62407
1966.36,0.0253714,0.000253714,12418,-6.77164,0,2.64897
1965,0.0254064,0.000254064,12419,-6.76668,0,2.67389
1963.65,0.0254415,0.000254415,12420,-6.76161,0,2.69882
1962.29,0.0254766,0.000254766,12421,-6.75645,0,2.72377
1960.94,0.0255117,0.000255117,12422,-6.75119,0,2.74873
1959.59,0.0255469,0.000255469,12423,-6.74583,0,2.77371
1958.24,0.0255822,0.000255822,12424,-6.74037,0,2.79871
1956.89,0.0256174,0.000256174,12425,-6.73481,0,2.82371
1955.54,0.0256528,0.000256528,12426,-6.72914,0,2.84873
1954.2,0.0256881,0.000256881,12427,-6.72338,0,2.87376
1952.85,0.0257236,0.000257236,12428,-6.71751,0,2.89881
1951.51,0.025759,0.00025759,12429,-6.71155,0,2.92387
1950.16,0.0257945,0.000257945,12430,-6.70548,0,2.94894
1948.82,0.0258301,0.000258301,12431,-6.69931,0,2.97402
1947.48,0.0258656,0.000258656,12432,-6.69303,0,2.99911
1946.14,0.0259013,0.000259013,12433,-6.68666,0,3.02422
1944.8,0.0259369,0.000259369,12434,-6.68018,0,3.04933
1943.47,0.0259726,0.000259726,12435,-6.67359,0,3.07446
1942.13,0.0260083,0.000260083,12436,-6.66691,0,3.09959
1940.8,0.0260441,0.000260441,12437,-6.66012,0,3.12473
1939.46,0.0260799,0.000260799,12438,-6.65322,0,3.14989
1938.13,0.0261158,0.000261157,12439,-6.64622,0,3.17505
1936.8,0.0261516,0.000261516,12440,-6.63911,0,3.20021
1935.47,0.0261875,0.000261875,12441,-6.6319,0,3.22539
1934.15,0.0262235,0.000262235,12442,-6.62459,0,3.25057
1932.82,0.0262595,0.000262595,12443,-6.61716,0,3.27576
1931.5,0.0262955,0.000262955,12444,-6.60963,0,3.30095
1930.17,0.0263315,0.000263315,12445,-6.602,0,3.32615
1928.85,0.0263676,0.000263676,12446,-6.59426,0,3.35136
1927.53,0.0264037,0.000264037,12447,-6.58641,0,3.37657
1926.22,0.0264398,0.000264398,12448,-6.57845,0,3.40178
1924.9,0.026476,0.00026476,12449,-6.57039,0,3.427
1923.59,0.0265122,0.000265122,12450,-6.56221,0,3.45222
1922.27,0.0265484,0.000265484,12451,-6.55393,0,3.47745
1920.96,0.0265847,0.000265847,12452,-6.54554,0,3.50267
1919.65,0.0266209,0.000266209,12453,-6.53704,0,3.5279
1918.35,0.0266572,0.000266572,12454,-6.52844,0,3.55313
1917.04,0.0266936,0.000266936,12455,-6.51972,0,3.57836
1915.74,0.0267299,0.000267299,12456,-6.51089,0,3.60359
1914.43,0.0267663,0.000267663,12457,-6.50196,0,3.62882
1913.13,0.0268027,0.000268027,12458,-6.49291,0,3.65405
1911.83,0.0268391,0.000268391,12459,-6.48375,0,3.67928
1910.54,0.0268756,0.000268756,12460,-6.47448,0,3.70451
1909.24,0.026912,0.00026912,12461,-6.46511,0,3.72973
1907.95,0.0269485,0.000269485,12462,-6.45562,0,3.75495
1906.66,0.026985,0.00026985,12463,-6.44601,0,3.78017
1905.37,0.0270216,0.000270216,12464,-6.4363,0,3.80539
1904.08,0.0270581,0.000270581,12465,-6.42647,0,3.8306
1902.8,0.0270947,0.000270947,12466,-6.41653,0,3.85581
1901.52,0.0271312,0.000271312,12467,-6.40648,0,3.88101
1900.23,0.0271678,0.000271678,12468,-6.39632,0,3.9062
1898.96,0.0272044,0.000272044,12469,-6.38604,0,3.93139
1897.68,0.0272411,0.000272411,12470,-6.37565,0,3.95657
1896.4,0.0272777,0.000272777,12471,-6.36515,0,3.98175
1895.13,0.0273143,0.000273143,12472,-6.35453,0,4.00691
1893.86,0.027351,0.00027351,12473,-6.3438,0,4.03207
1892.59,0.0273877,0.000273877,12474,-6.33295,0,4.05722
1891.33,0.0274243,0.000274243,12475,-6.32199,0,4.08236
1890.06,0.027461,0.00027461,12476,-6.31092,0,4.10749
1888.8,0.0274977,0.000274977,12477,-6.29973,0,4.1326
1887.54,0.0275344,0.000275344,12478,-6.28842,0,4.15771
1886.29,0.0275711,0.000275711,12479,-6.277,0,4.1828
1885.03,0.0276078,0.000276078,12480,-6.26547,0,4.20789
1883.78,0.0276446,0.000276446,12481,-6.25381,0,4.23295
1882.53,0.0276813,0.000276813,12482,-6.24204,0,4.25801
1881.28,0.027718,0.00027718,12483,-6.23016,0,4.28305
1880.04,0.0277547,0.000277547,12484,-6.21816,0,4.30808
1878.79,0.0277915,0.000277915,12485,-6.20604,0,4.33309
1877.55,0.0278282,0.000278282,12486,-6.1938,0,4.35808
1876.31,0.0278649,0.000278649,12487,-6.18145,0,4.38306
1875.08,0.0279016,0.000279016,12488,-6.16898,0,4.40802
1873.85,0.0279384,0.000279384,12489,-6.1564,0,4.43296
1872.62,0.0279751,0.000279751,12490,-6.14369,0,4.45788
1871.39,0.0280118,0.000280118,12491,-6.13087,0,4.48279
1870.16,0.0280485,0.000280485,12492,-6.11793,0,4.50767
1868.94,0.0280852,0.000280852,12493,-6.10487,0,4.53254
1867.72,0.0281219,0.000281219,12494,-6.09169,0,4.55738
1866.5,0.0281586,0.000281586,12495,-6.07839,0,4.5822
1865.29,0.0281953,0.000281953,12496,-6.06498,0,4.607
1864.08,0.0282319,0.000282319,12497,-6.05145,0,4.63178
1862.87,0.0282686,0.000282686,12498,-6.03779,0,4.65653
1861.66,0.0283052,0.000283052,12499,-6.02402,0,4.68126
1860.46,0.0283418,0.000283418,12500,-6.01013,0,4.70597
1859.26,0.0283785,0.000283785,12501,-5.99612,0,4.73064
1858.06,0.0284151,0.000284151,12502,-5.98199,0,4.7553
1856.87,0.0284516,0.000284516,12503,-5.96774,0,4.77992
1855.68,0.0284882,0.000284882,12504,-5.95336,0,4.80452
1854.49,0.0285247,0.000285247,12505,-5.93887,0,4.82909
1853.3,0.0285613,0.000285613,12506,-5.92426,0,4.85363
1852.12,0.0285978,0.000285978,12507,-5.90953,0,4.87814
1850.94,0.0286342,0.000286342,12508,-5.89468,0,4.90262
1849.76,0.0286707,0.000286707,12509,-5.87971,0,4.92707
1848.59,0.0287071,0.000287071,12510,-5.86461,0,4.95149
1847.42,0.0287435,0.000287435,12511,-5.8494,0,4.97588
1846.25,0.0287799,0.000287799,12512,-5.83406,0,5.00023
1845.08,0.0288163,0.000288163,12513,-5.81861,0,5.02455
1843.92,0.0288526,0.000288526,12514,-5.80303,0,5.04884
1842.76,0.0288889,0.000288889,12515,-5.78733,0,5.07309
1841.61,0.0289251,0.000289251,12516,-5.77151,0,5.0973
1840.45,0.0289614,0.000289614,12517,-5.75557,0,5.12148
1839.31,0.0289976,0.000289976,12518,-5.7395,0,5.14562
1838.16,0.0290337,0.000290337,12519,-5.72332,0,5.16973
1837.02,0.0290698,0.000290698,12520,-5.70701,0,5.19379
1835.88,0.0291059,0.000291059,12521,-5.69058,0,5.21782
1834.74,0.029142,0.00029142,12522,-5.67403,0,5.24181
1833.61,0.029178,0.00029178,12523,-5.65736,0,5.26575
1832.48,0.0292139,0.000292139,12524,-5.64057,0,5.28966
1831.35,0.0292499,0.000292499,12525,-5.62365,0,5.31352
1830.23,0.0292858,0.000292858,12526,-5.60661,0,5.33734
1829.11,0.0293216,0.000293216,12527,-5.58945,0,5.36111
1828,0.0293574,0.000293574,12528,-5.57217,0,5.38484
1826.89,0.0293931,0.000293931,12529,-5.55477,0,5.40853
1825.78,0.0294288,0.000294288,12530,-5.53724,0,5.43217
1824.67,0.0294645,0.000294645,12531,-5.51959,0,5.45577
1823.57,0.0295001,0.000295001,12532,-5.50182,0,5.47931
1822.47,0.0295356,0.000295356,12533,-5.48393,0,5.50281
1821.38,0.0295711,0.000295711,12534,-5.46591,0,5.52626
1820.29,0.0296066,0.000296066,12535,-5.44777,0,5.54966
1819.2,0.0296419,0.000296419,12536,-5.42951,0,5.57301
1818.12,0.0296773,0.000296773,12537,-5.41113,0,5.59631
1817.04,0.0297125,0.000297125,12538,-5.39263,0,5.61956
1815.97,0.0297477,0.000297477,12539,-5.374,0,5.64275
1814.89,0.0297829,0.000297829,12540,-5.35525,0,5.66589
1813.83,0.029818,0.00029818,12541,-5.33638,0,5.68898
1812.76,0.029853,0.00029853,12542,-5.31739,0,5.71201
1811.7,0.029888,0.00029888,12543,-5.29828,0,5.73499
1810.64,0.0299228,0.000299228,12544,-5.27904,0,5.75791
1809.59,0.0299577,0.000299577,12545,-5.25968,0,5.78078
1808.54,0.0299924,0.000299924,12546,-5.2402,0,5.80358
1807.5,0.0300271,0.000300271,12547,-5.2206,0,5.82633
1806.46,0.0300617,0.000300617,12548,-5.20088,0,5.84901
1805.42,0.0300963,0.000300963,12549,-5.18103,0,5.87164
1804.39,0.0301307,0.000301307,12550,-5.16107,0,5.89421
1803.36,0.0301651,0.000301651,12551,-5.14098,0,5.91671
1802.33,0.0301994,0.000301994,12552,-5.12077,0,5.93915
1801.31,0.0302337,0.000302337,12553,-5.10044,0,5.96153
1800.3,0.0302678,0.000302678,12554,-5.07999,0,5.98384
1799.28,0.0303019,0.000303019,12555,-5.05942,0,6.00609
1798.28,0.0303359,0.000303359,12556,-5.03873,0,6.02827
1797.27,0.0303698,0.000303698,12557,-5.01791,0,6.05039
1796.27,0.0304036,0.000304036,12558,-4.99698,0,6.07244
1795.28,0.0304373,0.000304373,12559,-4.97592,0,6.09442
1794.28,0.030471,0.00030471,12560,-4.95475,0,6.11633
1793.3,0.0305045,0.000305045,12561,-4.93345,0,6.13817
1792.31,0.030538,0.00030538,12562,-4.91204,0,6.15994
1791.34,0.0305714,0.000305714,12563,-4.8905,0,6.18164
1790.36,0.0306047,0.000306047,12564,-4.86885,0,6.20327
1789.39,0.0306379,0.000306379,12565,-4.84708,0,6.22482
1788.43,0.0306709,0.000306709,12566,-4.82518,0,6.2463
1787.46,0.0307039,0.000307039,12567,-4.80317,0,6.26771
1786.51,0.0307368,0.000307368,12568,-4.78104,0,6.28904
1785.56,0.0307696,0.000307696,12569,-4.75879,0,6.31029
1784.61,0.0308023,0.000308023,12570,-4.73642,0,6.33147
1783.67,0.0308349,0.000308349,12571,-4.71394,0,6.35257
1782.73,0.0308674,0.000308674,12572,-4.69133,0,6.37359
1781.79,0.0308997,0.000308997,12573,-4.66861,0,6.39453
1780.86,0.030932,0.00030932,12574,-4.64577,0,6.41539
1779.94,0.0309641,0.000309641,12575,-4.62281,0,6.43617
1779.02,0.0309962,0.000309962,12576,-4.59974,0,6.45687
1778.1,0.0310281,0.000310281,12577,-4.57655,0,6.47748
1777.19,0.0310599,0.000310599,12578,-4.55324,0,6.49801
1776.29,0.0310916,0.000310916,12579,-4.52982,0,6.51846
1775.38,0.0311232,0.000311232,12580,-4.50628,0,6.53882
1774.49,0.0311547,0.000311547,12581,-4.48263,0,6.5591
1773.6,0.031186,0.00031186,12582,-4.45886,0,6.57928
1772.71,0.0312172,0.000312172,12583,-4.43497,0,6.59938
1771.83,0.0312483,0.000312483,12584,-4.41097,0,6.6194
1770.95,0.0312793,0.000312793,12585,-4.38686,0,6.63932
1770.08,0.0313102,0.000313102,12586,-4.36263,0,6.65915
1769.21,0.0313409,0.000313409,12587,-4.33829,0,6.67889
1768.34,0.0313715,0.000313715,12588,-4.31384,0,6.69854
1767.49,0.0314019,0.000314019,12589,-4.28927,0,6.7181
1766.63,0.0314323,0.000314323,12590,-4.26459,0,6.73757
1765.79,0.0314625,0.000314625,12591,-4.23979,0,6.75694
1764.94,0.0314925,0.000314925,12592,-4.21489,0,6.77621
1764.1,0.0315225,0.000315225,12593,-4.18987,0,6.79539
1763.27,0.0315523,0.000315523,12594,-4.16474,0,6.81447
1762.44,0.0315819,0.000315819,12595,-4.13951,0,6.83346
1761.62,0.0316114,0.000316114,12596,-4.11416,0,6.85234
1760.8,0.0316408,0.000316408,12597,-4.0887,0,6.87113
1759.99,0.03167,0.0003167,12598,-4.06313,0,6.88982
1759.18,0.0316991,0.000316991,12599,-4.03745,0,6.90841
1758.38,0.031728,0.00031728,12600,-4.01167,0,6.92689
1757.58,0.0317568,0.000317568,12601,-3.98577,0,6.94528
1756.79,0.0317854,0.000317854,12602,-3.95977,0,6.96356
1756.01,0.0318139,0.000318139,12603,-3.93366,0,6.98173
1755.22,0.0318422,0.000318422,12604,-3.90744,0,6.99981
1754.45,0.0318704,0.000318704,12605,-3.88112,0,7.01777
1753.68,0.0318984,0.000318984,12606,-3.85469,0,7.03563
1752.91,0.0319263,0.000319263,12607,-3.82815,0,7.05339
1752.15,0.031954,0.00031954,12608,-3.80151,0,7.07103
1751.4,0.0319816,0.000319816,12609,-3.77477,0,7.08857
1750.65,0.0320089,0.000320089,12610,-3.74792,0,7.106
1749.9,0.0320362,0.000320362,12611,-3.72097,0,7.12331
1749.17,0.0320632,0.000320632,12612,-3.69391,0,7.14052
1748.43,0.0320901,0.000320901,12613,-3.66675,0,7.15761
1747.71,0.0321168,0.000321168,12614,-3.63949,0,7.1746
1746.98,0.0321434,0.000321434,12615,-3.61213,0,7.19146
1746.27,0.0321698,0.000321698,12616,-3.58467,0,7.20822
1745.56,0.032196,0.00032196,12617,-3.55711,0,7.22486
1744.85,0.032222,0.00032222,12618,-3.52945,0,7.24138
1744.15,0.0322479,0.000322479,12619,-3.50168,0,7.25779
1743.46,0.0322736,0.000322736,12620,-3.47382,0,7.27408
1742.77,0.0322991,0.000322991,12621,-3.44587,0,7.29026
1742.08,0.0323244,0.000323244,12622,-3.41781,0,7.30631
1741.41,0.0323496,0.000323496,12623,-3.38966,0,7.32224
1740.73,0.0323746,0.000323746,12624,-3.36141,0,7.33806
1740.07,0.0323994,0.000323994,12625,-3.33306,0,7.35375
1739.41,0.032424,0.00032424,12626,-3.30462,0,7.36933
1738.75,0.0324484,0.000324484,12627,-3.27609,0,7.38478
1738.1,0.0324726,0.000324726,12628,-3.24746,0,7.4001
1737.46,0.0324967,0.000324967,12629,-3.21874,0,7.41531
1736.82,0.0325205,0.000325205,12630,-3.18993,0,7.43038
1736.19,0.0325442,0.000325442,12631,-3.16102,0,7.44534
1735.57,0.0325677,0.000325677,12632,-3.13203,0,7.46016
1734.95,0.0325909,0.000325909,12633,-3.10294,0,7.47487
1734.33,0.032614,0.00032614,12634,-3.07376,0,7.48944
1733.72,0.0326369,0.000326369,12635,-3.04449,0,7.50388
1733.12,0.0326596,0.000326596,12636,-3.01514,0,7.5182
1732.53,0.0326821,0.000326821,12637,-2.9857,0,7.53239
1731.93,0.0327044,0.000327044,12638,-2.95617,0,7.54644
1731.35,0.0327265,0.000327265,12639,-2.92655,0,7.56037
1730.77,0.0327484,0.000327484,12640,-2.89685,0,7.57416
1730.2,0.03277,0.0003277,12641,-2.86706,0,7.58783
1729.63,0.0327915,0.000327915,12642,-2.83719,0,7.60135
1729.07,0.0328128,0.000328128,12643,-2.80724,0,7.61475
1728.52,0.0328338,0.000328338,12644,-2.7772,0,7.62801
1727.97,0.0328547,0.000328547,12645,-2.74709,0,7.64114
1727.43,0.0328753,0.000328753,12646,-2.71689,0,7.65413
1726.89,0.0328958,0.000328958,12647,-2.6866,0,7.66698
1726.36,0.032916,0.00032916,12648,-2.65625,0,7.6797
1725.83,0.032936,0.00032936,12649,-2.62581,0,7.69228
1725.32,0.0329558,0.000329558,12650,-2.59529,0,7.70472
1724.8,0.0329753,0.000329753,12651,-2.5647,0,7.71703
1724.3,0.0329947,0.000329947,12652,-2.53402,0,7.72919
1723.8,0.0330138,0.000330138,12653,-2.50328,0,7.74121
1723.31,0.0330327,0.000330327,12654,-2.47246,0,7.7531
1722.82,0.0330514,0.000330514,12655,-2.44156,0,7.76484
1722.34,0.0330699,0.000330699,12656,-2.41059,0,7.77644
1721.86,0.0330881,0.000330881,12657,-2.37955,0,7.7879
1721.39,0.0331061,0.000331061,12658,-2.34844,0,7.79921
1720.93,0.0331239,0.000331239,12659,-2.31726,0,7.81038
1720.48,0.0331415,0.000331415,12660,-2.286,0,7.82141
1720.03,0.0331588,0.000331588,12661,-2.25468,0,7.83229
1719.58,0.0331759,0.000331759,12662,-2.22329,0,7.84303
1719.14,0.0331928,0.000331928,12663,-2.19183,0,7.85362
1718.71,0.0332095,0.000332095,12664,-2.16031,0,7.86407
1718.29,0.0332259,0.000332259,12665,-2.12872,0,7.87436
1717.87,0.0332421,0.000332421,12666,-2.09706,0,7.88451
1717.46,0.033258,0.00033258,12667,-2.06535,0,7.89452
1717.05,0.0332737,0.000332737,12668,-2.03357,0,7.90437
1716.65,0.0332892,0.000332892,12669,-2.00172,0,7.91408
1716.26,0.0333044,0.000333044,12670,-1.96982,0,7.92363
1715.88,0.0333194,0.000333194,12671,-1.93785,0,7.93304
1715.5,0.0333342,0.000333342,12672,-1.90583,0,7.94229
1715.12,0.0333487,0.000333487,12673,-1.87375,0,7.9514
1714.76,0.033363,0.00033363,12674,-1.84161,0,7.96035
1714.4,0.033377,0.00033377,12675,-1.80941,0,7.96915
1714.04,0.0333908,0.000333908,12676,-1.77716,0,7.9778
1713.69,0.0334043,0.000334043,12677,-1.74486,0,7.98629
1713.35,0.0334176,0.000334176,12678,-1.7125,0,7.99463
1713.02,0.0334307,0.000334307,12679,-1.68008,0,8.00282
1712.69,0.0334435,0.000334435,12680,-1.64762,0,8.01086
1712.37,0.033456,0.00033456,12681,-1.6151,0,8.01874
1712.05,0.0334684,0.000334684,12682,-1.58254,0,8.02646
1711.75,0.0334804,0.000334804,12683,-1.54993,0,8.03403
1711.44,0.0334922,0.000334922,12684,-1.51726,0,8.04144
1711.15,0.0335038,0.000335038,12685,-1.48456,0,8.0487
1710.86,0.0335151,0.000335151,12686,-1.4518,0,8.0558
1710.58,0.0335262,0.000335262,12687,-1.419,0,8.06274
1710.3,0.033537,0.00033537,12688,-1.38616,0,8.06953
1710.03,0.0335475,0.000335475,12689,-1.35327,0,8.07615
1709.77,0.0335578,0.000335578,12690,-1.32034,0,8.08262
1709.51,0.0335679,0.000335679,12691,-1.28737,0,8.08893
1709.26,0.0335777,0.000335777,12692,-1.25437,0,8.09509
1709.02,0.0335872,0.000335872,12693,-1.22132,0,8.10108
1708.79,0.0335965,0.000335965,12694,-1.18823,0,8.10691
1708.56,0.0336055,0.000336055,12695,-1.15511,0,8.11259
1708.33,0.0336142,0.000336142,12696,-1.12195,0,8.1181
1708.12,0.0336227,0.000336227,12697,-1.08876,0,8.12345
1707.91,0.033631,0.00033631,12698,-1.05553,0,8.12865
1707.71,0.0336389,0.000336389,12699,-1.02227,0,8.13368
1707.51,0.0336467,0.000336467,12700,-0.988975,0,8.13855
1707.32,0.0336541,0.000336541,12701,-0.955652,0,8.14326
1707.14,0.0336613,0.000336613,12702,-0.922299,0,8.1478
1706.96,0.0336683,0.000336683,12703,-0.888917,0,8.15219
1706.79,0.0336749,0.000336749,12704,-0.855508,0,8.15641
1706.63,0.0336813,0.000336813,12705,-0.822072,0,8.16047
1706.48,0.0336875,0.000336875,12706,-0.788611,0,8.16437
1706.33,0.0336934,0.000336934,12707,-0.755125,0,8.1681
1706.18,0.033699,0.00033699,12708,-0.721616,0,8.17168
1706.05,0.0337043,0.000337043,12709,-0.688085,0,8.17508
1705.92,0.0337094,0.000337094,12710,-0.654532,0,8.17833
1705.8,0.0337143,0.000337143,12711,-0.620959,0,8.18141
1705.68,0.0337188,0.000337188,12712,-0.587366,0,8.18433
1705.57,0.0337231,0.000337231,12713,-0.553756,0,8.18708
1705.47,0.0337271,0.000337271,12714,-0.520128,0,8.18967
1705.38,0.0337309,0.000337309,12715,-0.486484,0,8.19209
1705.29,0.0337344,0.000337344,12716,-0.452826,0,8.19436
1705.21,0.0337376,0.000337376,12717,-0.419153,0,8.19645
1705.13,0.0337406,0.000337406,12718,-0.385468,0,8.19838
1705.06,0.0337433,0.000337433,12719,-0.351771,0,8.20015
1705,0.0337457,0.000337457,12720,-0.318063,0,8.20175
1704.95,0.0337479,0.000337479,12721,-0.284346,0,8.20319
1704.9,0.0337497,0.000337498,12722,-0.25062,0,8.20446
1704.86,0.0337514,0.000337514,12723,-0.216887,0,8.20557
1704.83,0.0337527,0.000337527,12724,-0.183148,0,8.20651
1704.8,0.0337538,0.000337538,12725,-0.149403,0,8.20728
1704.78,0.0337546,0.000337546,12726,-0.115654,0,8.2079
1704.76,0.0337552,0.000337552,12727,-0.0819014,0,8.20834
1704.76,0.0337555,0.000337555,12728,-0.048147,0,8.20862
1704.76,0.0337555,0.000337555,12729,-0.0143918,0,8.20874
1704.76,0.0337552,0.000337552,12730,0.0193634,0,8.20869
1704.78,0.0337547,0.000337547,12731,0.0531175,0,8.20847
1704.8,0.0337539,0.000337539,12732,0.0868692,0,8.20809
1704.82,0.0337529,0.000337529,12733,0.120618,0,8.20755
1704.86,0.0337515,0.000337515,12734,0.154362,0,8.20684
1704.9,0.0337499,0.000337499,12735,0.1881,0,8.20596
1704.94,0.0337481,0.000337481,12736,0.221832,0,8.20492
1705,0.033746,0.00033746,12737,0.255557,0,8.20371
1705.06,0.0337436,0.000337436,12738,0.289272,0,8.20234
1705.12,0.0337409,0.000337409,12739,0.322978,0,8.20081
1705.2,0.033738,0.00033738,12740,0.356673,0,8.19911
1705.28,0.0337348,0.000337348,12741,0.390357,0,8.19724
1705.37,0.0337313,0.000337313,12742,0.424027,0,8.19521
1705.46,0.0337276,0.000337276,12743,0.457683,0,8.19302
1705.56,0.0337236,0.000337236,12744,0.491324,0,8.19066
1705.67,0.0337193,0.000337193,12745,0.524949,0,8.18814
1705.79,0.0337148,0.000337148,12746,0.558556,0,8.18545
1705.91,0.03371,0.0003371,12747,0.592146,0,8.1826
1706.03,0.0337049,0.000337049,12748,0.625715,0,8.17958
1706.17,0.0336996,0.000336996,12749,0.659265,0,8.17641
1706.31,0.033694,0.00033694,12750,0.692793,0,8.17306
1706.46,0.0336882,0.000336882,12751,0.726298,0,8.16956
1706.61,0.033682,0.00033682,12752,0.75978,0,8.16589
1706.78,0.0336757,0.000336757,12753,0.793237,0,8.16206
1706.94,0.033669,0.00033669,12754,0.826668,0,8.15807
1707.12,0.0336621,0.000336621,12755,0.860073,0,8.15391
1707.3,0.0336549,0.000336549,12756,0.89345,0,8.1496
1707.49,0.0336475,0.000336475,12757,0.926798,0,8.14512
1707.68,0.0336398,0.000336398,12758,0.960116,0,8.14048
1707.89,0.0336319,0.000336319,12759,0.993403,0,8.13567
1708.1,0.0336236,0.000336236,12760,1.02666,0,8.13071
1708.31,0.0336152,0.000336152,12761,1.05988,0,8.12559
1708.53,0.0336064,0.000336064,12762,1.09307,0,8.1203
1708.76,0.0335975,0.000335975,12763,1.12622,0,8.11486
1709,0.0335882,0.000335882,12764,1.15934,0,8.10925
1709.24,0.0335787,0.000335787,12765,1.19242,0,8.10349
1709.49,0.0335689,0.000335689,12766,1.22546,0,8.09756
1709.74,0.0335589,0.000335589,12767,1.25847,0,8.09148
1710,0.0335487,0.000335487,12768,1.29143,0,8.08524
1710.27,0.0335381,0.000335381,12769,1.32435,0,8.07884
1710.55,0.0335274,0.000335274,12770,1.35723,0,8.07228
1710.83,0.0335163,0.000335163,12771,1.39007,0,8.06557
1711.12,0.033505,0.00033505,12772,1.42286,0,8.05869
1711.41,0.0334935,0.000334935,12773,1.45561,0,8.05167
1711.71,0.0334817,0.000334817,12774,1.48831,0,8.04448
1712.02,0.0334697,0.000334697,12775,1.52096,0,8.03714
1712.33,0.0334574,0.000334574,12776,1.55357,0,8.02964
1712.65,0.0334449,0.000334449,12777,1.58613,0,8.02199
1712.98,0.0334321,0.000334321,12778,1.61863,0,8.01418
1713.32,0.0334191,0.000334191,12779,1.65109,0,8.00622
1713.66,0.0334058,0.000334058,12780,1.6835,0,7.9981
1714,0.0333923,0.000333923,12781,1.71585,0,7.98983
1714.36,0.0333785,0.000333785,12782,1.74815,0,7.98141
1714.72,0.0333645,0.000333645,12783,1.78039,0,7.97284
1715.08,0.0333503,0.000333503,12784,1.81258,0,7.96411
1715.45,0.0333358,0.000333358,12785,1.84471,0,7.95523
1715.83,0.033321,0.00033321,12786,1.87678,0,7.9462
1716.22,0.0333061,0.000333061,12787,1.9088,0,7.93702
1716.61,0.0332909,0.000332909,12788,1.94076,0,7.92769
1717.01,0.0332754,0.000332754,12789,1.97265,0,7.91821
1717.41,0.0332597,0.000332597,12790,2.00449,0,7.90858
1717.83,0.0332438,0.000332438,12791,2.03626,0,7.8988
1718.24,0.0332277,0.000332277,12792,2.06797,0,7.88887
1718.67,0.0332113,0.000332113,12793,2.09962,0,7.87879
1719.1,0.0331947,0.000331947,12794,2.1312,0,7.86857
1719.53,0.0331778,0.000331778,12795,2.16271,0,7.8582
1719.98,0.0331607,0.000331607,12796,2.19416,0,7.84769
1720.43,0.0331434,0.000331434,12797,2.22555,0,7.83703
1720.88,0.0331259,0.000331259,12798,2.25686,0,7.82622
1721.34,0.0331081,0.000331081,12799,2.28811,0,7.81527
1721.81,0.0330901,0.000330901,12800,2.31928,0,7.80418
1722.28,0.0330719,0.000330719,12801,2.35038,0,7.79294
1722.77,0.0330535,0.000330535,12802,2.38142,0,7.78156
1723.25,0.0330348,0.000330348,12803,2.41238,0,7.77004
1723.74,0.0330159,0.000330159,12804,2.44326,0,7.75838
1724.24,0.0329968,0.000329968,12805,2.47408,0,7.74657
1724.75,0.0329775,0.000329775,12806,2.50482,0,7.73463
1725.26,0.0329579,0.000329579,12807,2.53548,0,7.72255
1725.78,0.0329382,0.000329382,12808,2.56607,0,7.71032
1726.3,0.0329182,0.000329182,12809,2.59657,0,7.69796
1726.83,0.032898,0.00032898,12810,2.62701,0,7.68546
1727.37,0.0328776,0.000328776,12811,2.65736,0,7.67282
1727.91,0.032857,0.00032857,12812,2.68763,0,7.66005
1728.46,0.0328361,0.000328361,12813,2.71782,0,7.64714
1729.01,0.0328151,0.000328151,12814,2.74793,0,7.6341
1729.57,0.0327939,0.000327939,12815,2.77796,0,7.62092
1730.14,0.0327724,0.000327724,12816,2.80791,0,7.60761
1730.71,0.0327507,0.000327507,12817,2.83777,0,7.59416
1731.29,0.0327289,0.000327289,12818,2.86755,0,7.58058
1731.87,0.0327068,0.000327068,12819,2.89725,0,7.56687
1732.46,0.0326845,0.000326845,12820,2.92685,0,7.55303
1733.06,0.0326621,0.000326621,12821,2.95638,0,7.53906
1733.66,0.0326394,0.000326394,12822,2.98581,0,7.52496
1734.27,0.0326165,0.000326165,12823,3.01516,0,7.51072
1734.88,0.0325935,0.000325935,12824,3.04442,0,7.49636
1735.5,0.0325702,0.000325702,12825,3.07359,0,7.48188
1736.12,0.0325468,0.000325468,12826,3.10267,0,7.46726
1736.75,0.0325231,0.000325231,12827,3.13166,0,7.45252
1737.39,0.0324993,0.000324993,12828,3.16056,0,7.43765
1738.03,0.0324753,0.000324753,12829,3.18937,0,7.42266
1738.68,0.032451,0.00032451,12830,3.21809,0,7.40755
1739.34,0.0324266,0.000324266,12831,3.24671,0,7.39231
1740,0.0324021,0.000324021,12832,3.27524,0,7.37695
1740.66,0.0323773,0.000323773,12833,3.30367,0,7.36146
1741.33,0.0323523,0.000323523,12834,3.33201,0,7.34586
1742.01,0.0323272,0.000323272,12835,3.36026,0,7.33013
1742.69,0.0323019,0.000323019,12836,3.38841,0,7.31429
1743.38,0.0322764,0.000322764,12837,3.41646,0,7.29832
1744.07,0.0322507,0.000322507,12838,3.44441,0,7.28224
1744.77,0.0322249,0.000322249,12839,3.47227,0,7.26604
1745.48,0.0321988,0.000321988,12840,3.50003,0,7.24972
1746.19,0.0321726,0.000321726,12841,3.52768,0,7.23329
1746.9,0.0321463,0.000321463,12842,3.55524,0,7.21674
1747.63,0.0321197,0.000321197,12843,3.5827,0,7.20008
1748.35,0.032093,0.00032093,12844,3.61006,0,7.1833
1749.09,0.0320662,0.000320662,12845,3.63732,0,7.16641
1749.82,0.0320391,0.000320391,12846,3.66448,0,7.14941
1750.57,0.0320119,0.000320119,12847,3.69153,0,7.13229
1751.32,0.0319846,0.000319846,12848,3.71848,0,7.11507
1752.07,0.031957,0.00031957,12849,3.74533,0,7.09773
1752.83,0.0319293,0.000319293,12850,3.77207,0,7.08029
1753.59,0.0319015,0.000319015,12851,3.79871,0,7.06274
1754.36,0.0318735,0.000318735,12852,3.82525,0,7.04508
1755.14,0.0318453,0.000318453,12853,3.85168,0,7.02732
1755.92,0.031817,0.00031817,12854,3.878,0,7.00945
1756.71,0.0317885,0.000317885,12855,3.90422,0,6.99147
1757.5,0.0317599,0.000317599,12856,3.93033,0,6.97339
1758.29,0.0317312,0.000317312,12857,3.95633,0,6.9552
1759.1,0.0317022,0.000317022,12858,3.98223,0,6.93692
1759.9,0.0316732,0.000316732,12859,4.00802,0,6.91853
1760.71,0.031644,0.00031644,12860,4.03369,0,6.90004
1761.53,0.0316146,0.000316146,12861,4.05927,0,6.88145
1762.35,0.0315851,0.000315851,12862,4.08473,0,6.86276
1763.18,0.0315555,0.000315555,12863,4.11008,0,6.84397
1764.01,0.0315257,0.000315257,12864,4.13532,0,6.82508
1764.85,0.0314958,0.000314958,12865,4.16045,0,6.8061
1765.69,0.0314658,0.000314658,12866,4.18547,0,6.78702
1766.54,0.0314356,0.000314356,12867,4.21038,0,6.76784
1767.39,0.0314053,0.000314053,12868,4.23518,0,6.74857
1768.25,0.0313748,0.000313748,12869,4.25987,0,6.7292
1769.11,0.0313442,0.000313442,12870,4.28444,0,6.70975
1769.98,0.0313135,0.000313135,12871,4.3089,0,6.6902
1770.85,0.0312827,0.000312827,12872,4.33325,0,6.67056
1771.73,0.0312517,0.000312517,12873,4.35748,0,6.65082
1772.61,0.0312206,0.000312206,12874,4.3816,0,6.631
1773.5,0.0311894,0.000311894,12875,4.40561,0,6.61109
1774.39,0.0311581,0.000311581,12876,4.4295,0,6.59109
1775.29,0.0311266,0.000311266,12877,4.45328,0,6.571
1776.19,0.0310951,0.000310951,12878,4.47695,0,6.55083
1777.09,0.0310634,0.000310634,12879,4.50049,0,6.53057
1778,0.0310316,0.000310316,12880,4.52393,0,6.51023
1778.92,0.0309997,0.000309997,12881,4.54724,0,6.4898
1779.84,0.0309676,0.000309676,12882,4.57044,0,6.46929
1780.76,0.0309355,0.000309355,12883,4.59353,0,6.44869
1781.69,0.0309032,0.000309032,12884,4.61649,0,6.42802
1782.62,0.0308709,0.000308709,12885,4.63935,0,6.40726
1783.56,0.0308384,0.000308384,12886,4.66208,0,6.38642
1784.51,0.0308058,0.000308058,12887,4.6847,0,6.36551
1785.45,0.0307732,0.000307732,12888,4.7072,0,6.34451
1786.4,0.0307404,0.000307404,12889,4.72958,0,6.32344
1787.36,0.0307075,0.000307075,12890,4.75184,0,6.30229
1788.32,0.0306745,0.000306745,12891,4.77398,0,6.28107
1789.29,0.0306415,0.000306415,12892,4.79601,0,6.25977
1790.26,0.0306083,0.000306083,12893,4.81792,0,6.23839
1791.23,0.030575,0.00030575,12894,4.83971,0,6.21694
1792.21,0.0305416,0.000305416,12895,4.86138,0,6.19542
1793.19,0.0305082,0.000305082,12896,4.88293,0,6.17383
1794.18,0.0304746,0.000304746,12897,4.90436,0,6.15216
1795.17,0.030441,0.00030441,12898,4.92568,0,6.13043
1796.16,0.0304073,0.000304073,12899,4.94687,0,6.10862
1797.16,0.0303735,0.000303735,12900,4.96794,0,6.08675
1798.17,0.0303396,0.000303396,12901,4.9889,0,6.0648
1799.17,0.0303056,0.000303056,12902,5.00973,0,6.0428
1800.19,0.0302715,0.000302715,12903,5.03044,0,6.02072
1801.2,0.0302374,0.000302374,12904,5.05103,0,5.99858
1802.22,0.0302032,0.000302032,12905,5.07151,0,5.97637
1803.25,0.0301689,0.000301689,12906,5.09186,0,5.9541
1804.28,0.0301345,0.000301345,12907,5.11209,0,5.93177
1805.31,0.0301,0.000301,12908,5.1322,0,5.90937
1806.34,0.0300655,0.000300655,12909,5.15219,0,5.88691
1807.38,0.0300309,0.000300309,12910,5.17206,0,5.86439
1808.43,0.0299962,0.000299962,12911,5.1918,0,5.84182
1809.48,0.0299615,0.000299615,12912,5.21143,0,5.81918
1810.53,0.0299266,0.000299266,12913,5.23094,0,5.79648
1811.59,0.0298918,0.000298918,12914,5.25032,0,5.77372
1812.65,0.0298568,0.000298568,12915,5.26958,0,5.75091
1813.71,0.0298218,0.000298218,12916,5.28872,0,5.72804
1814.78,0.0297867,0.000297867,12917,5.30774,0,5.70512
1815.85,0.0297516,0.000297516,12918,5.32664,0,5.68214
1816.92,0.0297164,0.000297164,12919,5.34542,0,5.65911
1818,0.0296811,0.000296811,12920,5.36407,0,5.63602
1819.09,0.0296458,0.000296458,12921,5.3826,0,5.61288
1820.17,0.0296104,0.000296104,12922,5.40102,0,5.58969
1821.26,0.029575,0.00029575,12923,5.41931,0,5.56645
1822.36,0.0295395,0.000295395,12924,5.43748,0,5.54316
1823.45,0.0295039,0.000295039,12925,5.45552,0,5.51982
1824.55,0.0294684,0.000294684,12926,5.47345,0,5.49643
1825.66,0.0294327,0.000294327,12927,5.49125,0,5.47299
1826.77,0.029397,0.00029397,12928,5.50893,0,5.44951
1827.88,0.0293613,0.000293613,12929,5.52649,0,5.42598
1828.99,0.0293255,0.000293255,12930,5.54393,0,5.4024
1830.11,0.0292896,0.000292896,12931,5.56125,0,5.37878
1831.23,0.0292538,0.000292538,12932,5.57844,0,5.35511
1832.36,0.0292179,0.000292179,12933,5.59552,0,5.3314
1833.49,0.0291819,0.000291819,12934,5.61247,0,5.30765
1834.62,0.0291459,0.000291459,12935,5.6293,0,5.28386
1835.75,0.0291098,0.000291098,12936,5.64601,0,5.26002
1836.89,0.0290738,0.000290738,12937,5.6626,0,5.23614
1838.04,0.0290376,0.000290376,12938,5.67907,0,5.21223
1839.18,0.0290015,0.000290015,12939,5.69542,0,5.18827
1840.33,0.0289653,0.000289653,12940,5.71164,0,5.16428
1841.48,0.0289291,0.000289291,12941,5.72774,0,5.14024
1842.64,0.0288928,0.000288928,12942,5.74373,0,5.11617
1843.79,0.0288565,0.000288565,12943,5.75959,0,5.09207
1844.96,0.0288202,0.000288202,12944,5.77533,0,5.06793
1846.12,0.0287838,0.000287838,12945,5.79095,0,5.04375
1847.29,0.0287475,0.000287475,12946,5.80645,0,5.01954
1848.46,0.0287111,0.000287111,12947,5.82183,0,4.99529
1849.63,0.0286746,0.000286746,12948,5.83709,0,4.97102
1850.81,0.0286382,0.000286382,12949,5.85223,0,4.94671
1851.99,0.0286017,0.000286017,12950,5.86725,0,4.92237
1853.17,0.0285652,0.000285652,12951,5.88215,0,4.89799
1854.36,0.0285287,0.000285287,12952,5.89692,0,4.87359
1855.55,0.0284921,0.000284921,12953,5.91158,0,4.84916
1856.74,0.0284556,0.000284556,12954,5.92612,0,4.8247
1857.93,0.028419,0.00028419,12955,5.94054,0,4.80021
1859.13,0.0283824,0.000283824,12956,5.95484,0,4.77569
1860.33,0.0283458,0.000283458,12957,5.96902,0,4.75115
1861.53,0.0283092,0.000283092,12958,5.98308,0,4.72658
1862.74,0.0282725,0.000282725,12959,5.99703,0,4.70198
1863.95,0.0282359,0.000282359,12960,6.01085,0,4.67736
1865.16,0.0281992,0.000281992,12961,6.02455,0,4.65272
1866.37,0.0281625,0.000281625,12962,6.03814,0,4.62805
1867.59,0.0281259,0.000281259,12963,6.05161,0,4.60336
1868.81,0.0280892,0.000280892,12964,6.06496,0,4.57864
1870.03,0.0280525,0.000280525,12965,6.07819,0,4.55391
1871.26,0.0280158,0.000280158,12966,6.0913,0,4.52915
1872.48,0.027979,0.00027979,12967,6.1043,0,4.50437
1873.71,0.0279423,0.000279423,12968,6.11718,0,4.47958
1874.95,0.0279056,0.000279056,12969,6.12994,0,4.45476
1876.18,0.0278689,0.000278689,12970,6.14258,0,4.42992
1877.42,0.0278321,0.000278321,12971,6.15511,0,4.40507
1878.66,0.0277954,0.000277954,12972,6.16752,0,4.3802
1879.9,0.0277587,0.000277587,12973,6.17981,0,4.35531
1881.15,0.027722,0.00027722,12974,6.19199,0,4.33041
1882.39,0.0276852,0.000276852,12975,6.20405,0,4.30549
1883.64,0.0276485,0.000276485,12976,6.216,0,4.28055
1884.9,0.0276118,0.000276118,12977,6.22783,0,4.2556
1886.15,0.0275751,0.000275751,12978,6.23954,0,4.23064
1887.41,0.0275384,0.000275384,12979,6.25114,0,4.20566
1888.67,0.0275017,0.000275017,12980,6.26262,0,4.18067
1889.93,0.027465,0.00027465,12981,6.27399,0,4.15567
1891.19,0.0274283,0.000274283,12982,6.28525,0,4.13066
1892.46,0.0273916,0.000273916,12983,6.29639,0,4.10563
1893.72,0.0273549,0.000273549,12984,6.30741,0,4.0806
1894.99,0.0273183,0.000273183,12985,6.31832,0,4.05555
1896.27,0.0272816,0.000272816,12986,6.32912,0,4.0305
1897.54,0.027245,0.00027245,12987,6.3398,0,4.00544
1898.82,0.0272084,0.000272084,12988,6.35038,0,3.98037
1900.1,0.0271718,0.000271718,12989,6.36083,0,3.95529
1901.38,0.0271352,0.000271352,12990,6.37118,0,3.9302
1902.66,0.0270986,0.000270986,12991,6.38141,0,3.90511
1903.94,0.027062,0.00027062,12992,6.39153,0,3.88001
1905.23,0.0270255,0.000270255,12993,6.40154,0,3.85491
1906.52,0.026989,0.00026989,12994,6.41143,0,3.8298
1907.81,0.0269524,0.000269524,12995,6.42122,0,3.80468
1909.1,0.026916,0.00026916,12996,6.43089,0,3.77957
1910.4,0.0268795,0.000268795,12997,6.44045,0,3.75445
1911.7,0.026843,0.00026843,12998,6.44991,0,3.72932
1912.99,0.0268066,0.000268066,12999,6.45925,0,3.7042
1914.29,0.0267702,0.000267702,13000,6.46848,0,3.67907
1915.6,0.0267338,0.000267338,13001,6.4776,0,3.65394
1916.9,0.0266975,0.000266975,13002,6.48661,0,3.62881
1918.21,0.0266611,0.000266611,13003,6.49551,0,3.60367
1919.51,0.0266248,0.000266248,13004,6.5043,0,3.57854
1920.82,0.0265886,0.000265886,13005,6.51299,0,3.55341
1922.13,0.0265523,0.000265523,13006,6.52156,0,3.52828
1923.45,0.0265161,0.000265161,13007,6.53003,0,3.50316
1924.76,0.0264799,0.000264799,13008,6.53839,0,3.47803
1926.08,0.0264437,0.000264437,13009,6.54664,0,3.45291
1927.39,0.0264076,0.000264076,13010,6.55478,0,3.42778
1928.71,0.0263715,0.000263715,13011,6.56282,0,3.40267
1930.03,0.0263354,0.000263354,13012,6.57075,0,3.37755
1931.35,0.0262993,0.000262993,13013,6.57857,0,3.35244
1932.68,0.0262633,0.000262633,13014,6.58628,0,3.32734
1934,0.0262273,0.000262273,13015,6.59389,0,3.30224
1935.33,0.0261914,0.000261914,13016,6.6014,0,3.27715
1936.66,0.0261555,0.000261555,13017,6.6088,0,3.25206
1937.99,0.0261196,0.000261196,13018,6.61609,0,3.22698
1939.32,0.0260838,0.000260838,13019,6.62328,0,3.20191
1940.65,0.026048,0.00026048,13020,6.63036,0,3.17684
1941.99,0.0260122,0.000260122,13021,6.63734,0,3.15178
1943.32,0.0259764,0.000259764,13022,6.64422,0,3.12673
1944.66,0.0259407,0.000259407,13023,6.65099,0,3.10169
1946,0.0259051,0.000259051,13024,6.65766,0,3.07666
1947.34,0.0258695,0.000258695,13025,6.66423,0,3.05164
1948.68,0.0258339,0.000258339,13026,6.67069,0,3.02662
1950.02,0.0257983,0.000257983,13027,6.67705,0,3.00162
1951.36,0.0257628,0.000257628,13028,6.68331,0,2.97663
1952.71,0.0257274,0.000257274,13029,6.68946,0,2.95165
1954.05,0.025692,0.00025692,13030,6.69552,0,2.92668
1955.4,0.0256566,0.000256566,13031,6.70147,0,2.90173
1956.75,0.0256212,0.000256212,13032,6.70732,0,2.87678
1958.09,0.0255859,0.000255859,13033,6.71308,0,2.85185
1959.45,0.0255507,0.000255507,13034,6.71873,0,2.82693
1960.8,0.0255155,0.000255155,13035,6.72428,0,2.80203
1962.15,0.0254803,0.000254803,13036,6.72973,0,2.77714
1963.5,0.0254452,0.000254452,13037,6.73509,0,2.75226
1964.86,0.0254102,0.000254102,13038,6.74034,0,2.7274
1966.21,0.0253751,0.000253751,13039,6.74549,0,2.70256
1967.57,0.0253402,0.000253402,13040,6.75055,0,2.67773
1968.93,0.0253052,0.000253052,13041,6.75551,0,2.65291
1970.28,0.0252703,0.000252703,13042,6.76037,0,2.62811
1971.64,0.0252355,0.000252355,13043,6.76513,0,2.60333
1973,0.0252007,0.000252007,13044,6.7698,0,2.57857
1974.37,0.025166,0.00025166,13045,6.77437,0,2.55382
1975.73,0.0251313,0.000251313,13046,6.77884,0,2.52909
1977.09,0.0250966,0.000250966,13047,6.78322,0,2.50438
1978.45,0.0250621,0.000250621,13048,6.7875,0,2.47968
1979.82,0.0250275,0.000250275,13049,6.79169,0,2.45501
1981.19,0.024993,0.00024993,13050,6.79578,0,2.43035
1982.55,0.0249586,0.000249586,13051,6.79977,0,2.40572
1983.92,0.0249242,0.000249242,13052,6.80367,0,2.3811
1985.29,0.0248899,0.000248899,13053,6.80748,0,2.3565
1986.65,0.0248556,0.000248556,13054,6.81119,0,2.33192
1988.02,0.0248214,0.000248214,13055,6.81481,0,2.30737
1989.39,0.0247872,0.000247872,13056,6.81834,0,2.28283
1990.76,0.0247531,0.000247531,13057,6.82177,0,2.25832
1992.14,0.024719,0.00024719,13058,6.82511,0,2.23383
1993.51,0.024685,0.00024685,13059,6.82836,0,2.20936
1994.88,0.024651,0.00024651,13060,6.83151,0,2.18491
1996.25,0.0246171,0.000246171,13061,6.83458,0,2.16048
1997.63,0.0245833,0.000245833,13062,6.83755,0,2.13608
1999,0.0245495,0.000245495,13063,6.84044,0,2.1117
2000.38,0.0245158,0.000245158,13064,6.84323,0,2.08734
2001.75,0.0244821,0.000244821,13065,6.84593,0,2.06301
2003.13,0.0244485,0.000244485,13066,6.84854,0,2.0387
2004.5,0.0244149,0.000244149,13067,6.85106,0,2.01442
2005.88,0.0243814,0.000243814,13068,6.8535,0,1.99016
2007.26,0.0243479,0.000243479,13069,6.85584,0,1.96592
2008.64,0.0243145,0.000243145,13070,6.85809,0,1.94171
2010.02,0.0242812,0.000242812,13071,6.86026,0,1.91753
2011.39,0.0242479,0.000242479,13072,6.86234,0,1.89337
2012.77,0.0242147,0.000242147,13073,6.86433,0,1.86924
2014.15,0.0241816,0.000241816,13074,6.86624,0,1.84513
2015.53,0.0241485,0.000241485,13075,6.86805,0,1.82105
2016.91,0.0241154,0.000241154,13076,6.86978,0,1.797
2018.29,0.0240824,0.000240825,13077,6.87143,0,1.77297
2019.67,0.0240495,0.000240495,13078,6.87298,0,1.74897
2021.05,0.0240167,0.000240167,13079,6.87446,0,1.725
2022.44,0.0239839,0.000239839,13080,6.87584,0,1.70106
2023.82,0.0239511,0.000239511,13081,6.87715,0,1.67714
2025.2,0.0239185,0.000239185,13082,6.87836,0,1.65326
2026.58,0.0238859,0.000238859,13083,6.8795,0,1.6294
2027.96,0.0238533,0.000238533,13084,6.88054,0,1.60557
2029.35,0.0238208,0.000238208,13085,6.88151,0,1.58176
2030.73,0.0237884,0.000237884,13086,6.88239,0,1.55799
2032.11,0.023756,0.00023756,13087,6.88319,0,1.53425
2033.49,0.0237237,0.000237237,13088,6.8839,0,1.51054
2034.88,0.0236915,0.000236915,13089,6.88454,0,1.48685
2036.26,0.0236593,0.000236593,13090,6.88509,0,1.4632
2037.64,0.0236272,0.000236272,13091,6.88556,0,1.43958
2039.03,0.0235952,0.000235952,13092,6.88595,0,1.41599
2040.41,0.0235632,0.000235632,13093,6.88625,0,1.39243
2041.79,0.0235313,0.000235313,13094,6.88648,0,1.3689
2043.18,0.0234994,0.000234994,13095,6.88663,0,1.3454
2044.56,0.0234676,0.000234676,13096,6.88669,0,1.32193
2045.94,0.0234359,0.000234359,13097,6.88668,0,1.29849
2047.33,0.0234043,0.000234043,13098,6.88658,0,1.27509
2048.71,0.0233727,0.000233727,13099,6.88641,0,1.25172
2050.09,0.0233411,0.000233411,13100,6.88616,0,1.22838
2051.48,0.0233097,0.000233097,13101,6.88583,0,1.20507
2052.86,0.0232783,0.000232783,13102,6.88542,0,1.1818
2054.24,0.023247,0.00023247,13103,6.88494,0,1.15855
2055.62,0.0232157,0.000232157,13104,6.88437,0,1.13534
2057.01,0.0231845,0.000231845,13105,6.88373,0,1.11217
2058.39,0.0231534,0.000231534,13106,6.88301,0,1.08903
2059.77,0.0231223,0.000231223,13107,6.88222,0,1.06592
2061.15,0.0230913,0.000230913,13108,6.88135,0,1.04284
2062.54,0.0230604,0.000230604,13109,6.8804,0,1.0198
2063.92,0.0230295,0.000230295,13110,6.87938,0,0.996795
2065.3,0.0229987,0.000229987,13111,6.87828,0,0.973823
2066.68,0.022968,0.00022968,13112,6.87711,0,0.950885
2068.06,0.0229373,0.000229373,13113,6.87586,0,0.927981
2069.44,0.0229067,0.000229067,13114,6.87454,0,0.905113
2070.82,0.0228762,0.000228762,13115,6.87314,0,0.882279
2072.2,0.0228457,0.000228457,13116,6.87167,0,0.859481
2073.58,0.0228153,0.000228153,13117,6.87013,0,0.836718
2074.96,0.022785,0.00022785,13118,6.86851,0,0.81399
2076.34,0.0227547,0.000227547,13119,6.86683,0,0.791298
2077.72,0.0227245,0.000227245,13120,6.86506,0,0.768642
2079.1,0.0226944,0.000226944,13121,6.86323,0,0.746022
2080.48,0.0226644,0.000226644,13122,6.86133,0,0.723438
2081.85,0.0226344,0.000226344,13123,6.85935,0,0.70089
2083.23,0.0226045,0.000226045,13124,6.8573,0,0.678378
2084.61,0.0225746,0.000225746,13125,6.85518,0,0.655903
2085.98,0.0225448,0.000225448,13126,6.85299,0,0.633465
2087.36,0.0225151,0.000225151,13127,6.85073,0,0.611064
2088.73,0.0224855,0.000224855,13128,6.8484,0,0.588699
2090.11,0.0224559,0.000224559,13129,6.846,0,0.566372
2091.48,0.0224264,0.000224264,13130,6.84353,0,0.544082
2092.86,0.022397,0.00022397,13131,6.84099,0,0.521829
2094.23,0.0223676,0.000223676,13132,6.83839,0,0.499614
2095.6,0.0223383,0.000223383,13133,6.83571,0,0.477437
2096.98,0.0223091,0.000223091,13134,6.83297,0,0.455297
2098.35,0.02228,0.0002228,13135,6.83015,0,0.433195
2099.72,0.0222509,0.000222509,13136,6.82727,0,0.411131
2101.09,0.0222219,0.000222219,13137,6.82433,0,0.389106
2102.46,0.0221929,0.000221929,13138,6.82131,0,0.367118
2103.83,0.022164,0.00022164,13139,6.81823,0,0.34517
2105.2,0.0221352,0.000221352,13140,6.81509,0,0.323259
2106.56,0.0221065,0.000221065,13141,6.81187,0,0.301387
2107.93,0.0220778,0.000220778,13142,6.80859,0,0.279554
2109.3,0.0220492,0.000220492,13143,6.80525,0,0.25776
2110.66,0.0220207,0.000220207,13144,6.80184,0,0.236005
2112.03,0.0219922,0.000219922,13145,6.79837,0,0.214289
2113.39,0.0219639,0.000219639,13146,6.79483,0,0.192612
2114.76,0.0219356,0.000219355,13147,6.79122,0,0.170975
2116.12,0.0219073,0.000219073,13148,6.78756,0,0.149377
2117.48,0.0218791,0.000218791,13149,6.78382,0,0.127818
2118.84,0.021851,0.00021851,13150,6.78003,0,0.106299
2120.2,0.021823,0.00021823,13151,6.77617,0,0.0848197
2121.56,0.021795,0.00021795,13152,6.77225,0,0.0633802
2122.92,0.0217671,0.000217671,13153,6.76827,0,0.0419807
2124.28,0.0217393,0.000217393,13154,6.76422,0,0.0206211
2125.64,0.0217115,0.000217116,13155,6.76011,0,-0.000698277
2126.99,0.0216839,0.000216839,13156,6.75594,0,-0.0219775
2128.35,0.0216563,0.000216563,13157,6.75171,0,-0.0432164
2129.7,0.0216287,0.000216287,13158,6.74742,0,-0.064415
2131.06,0.0216012,0.000216012,13159,6.74307,0,-0.085573
2132.41,0.0215738,0.000215738,13160,6.73865,0,-0.106691
2133.76,0.0215465,0.000215465,13161,6.73418,0,-0.127767
2135.11,0.0215192,0.000215192,13162,6.72965,0,-0.148804
2136.46,0.0214921,0.000214921,13163,6.72505,0,-0.169799
2137.81,0.0214649,0.000214649,13164,6.7204,0,-0.190753
2139.16,0.0214379,0.000214379,13165,6.71569,0,-0.211667
2140.51,0.0214109,0.000214109,13166,6.71092,0,-0.232539
2141.85,0.021384,0.00021384,13167,6.70608,0,-0.253371
2143.2,0.0213572,0.000213572,13168,6.7012,0,-0.274161
2144.54,0.0213304,0.000213304,13169,6.69625,0,-0.29491
2145.89,0.0213037,0.000213037,13170,6.69124,0,-0.315617
2147.23,0.0212771,0.000212771,13171,6.68618,0,-0.336283
2148.57,0.0212505,0.000212505,13172,6.68106,0,-0.356908
2149.91,0.021224,0.00021224,13173,6.67589,0,-0.377491
2151.25,0.0211976,0.000211976,13174,6.67065,0,-0.398032
2152.59,0.0211713,0.000211713,13175,6.66536,0,-0.418532
2153.92,0.021145,0.00021145,13176,6.66002,0,-0.43899
2155.26,0.0211188,0.000211188,13177,6.65461,0,-0.459406
2156.6,0.0210927,0.000210927,13178,6.64916,0,-0.479781
2157.93,0.0210666,0.000210666,13179,6.64364,0,-0.500113
2159.26,0.0210406,0.000210406,13180,6.63807,0,-0.520403
2160.59,0.0210147,0.000210147,13181,6.63245,0,-0.540652
2161.92,0.0209888,0.000209888,13182,6.62677,0,-0.560858
2163.25,0.0209631,0.000209631,13183,6.62104,0,-0.581022
2164.58,0.0209373,0.000209373,13184,6.61525,0,-0.601144
2165.91,0.0209117,0.000209117,13185,6.60941,0,-0.621223
2167.23,0.0208861,0.000208861,13186,6.60352,0,-0.641261
2168.56,0.0208606,0.000208606,13187,6.59757,0,-0.661255
2169.88,0.0208352,0.000208352,13188,6.59157,0,-0.681208
2171.2,0.0208098,0.000208098,13189,6.58552,0,-0.701118
2172.52,0.0207846,0.000207846,13190,6.57941,0,-0.720985
2173.84,0.0207593,0.000207593,13191,6.57325,0,-0.74081
2175.16,0.0207342,0.000207342,13192,6.56704,0,-0.760592
2176.48,0.0207091,0.000207091,13193,6.56078,0,-0.780332
2177.79,0.0206841,0.000206841,13194,6.55447,0,-0.800029
2179.11,0.0206591,0.000206591,13195,6.5481,0,-0.819683
2180.42,0.0206343,0.000206343,13196,6.54169,0,-0.839294
2181.73,0.0206095,0.000206095,13197,6.53522,0,-0.858862
2183.04,0.0205847,0.000205847,13198,6.5287,0,-0.878388
2184.35,0.0205601,0.000205601,13199,6.52213,0,-0.897871
2185.66,0.0205355,0.000205355,13200,6.51551,0,-0.917311
2186.96,0.0205109,0.000205109,13201,6.50885,0,-0.936707
2188.27,0.0204865,0.000204865,13202,6.50213,0,-0.956061
2189.57,0.0204621,0.000204621,13203,6.49536,0,-0.975372
2190.87,0.0204378,0.000204378,13204,6.48854,0,-0.994639
2192.18,0.0204135,0.000204135,13205,6.48168,0,-1.01386
2193.47,0.0203894,0.000203894,13206,6.47477,0,-1.03305
2194.77,0.0203653,0.000203653,13207,6.4678,0,-1.05218
2196.07,0.0203412,0.000203412,13208,6.46079,0,-1.07128
2197.36,0.0203172,0.000203172,13209,6.45373,0,-1.09033
2198.66,0.0202933,0.000202933,13210,6.44663,0,-1.10934
2199.95,0.0202695,0.000202695,13211,6.43947,0,-1.1283
2201.24,0.0202457,0.000202457,13212,6.43227,0,-1.14723
2202.53,0.020222,0.00020222,13213,6.42503,0,-1.1661
2203.82,0.0201984,0.000201984,13214,6.41773,0,-1.18494
2205.11,0.0201749,0.000201749,13215,6.41039,0,-1.20373
2206.39,0.0201514,0.000201514,13216,6.403,0,-1.22248
2207.67,0.0201279,0.000201279,13217,6.39557,0,-1.24118
2208.96,0.0201046,0.000201046,13218,6.38809,0,-1.25985
2210.24,0.0200813,0.000200813,13219,6.38056,0,-1.27846
2211.51,0.0200581,0.000200581,13220,6.37299,0,-1.29704
2212.79,0.0200349,0.000200349,13221,6.36538,0,-1.31557
2214.07,0.0200118,0.000200118,13222,6.35772,0,-1.33406
2215.34,0.0199888,0.000199888,13223,6.35001,0,-1.3525
2216.61,0.0199659,0.000199659,13224,6.34226,0,-1.3709
2217.89,0.019943,0.00019943,13225,6.33447,0,-1.38926
2219.15,0.0199202,0.000199202,13226,6.32663,0,-1.40757
2220.42,0.0198975,0.000198975,13227,6.31875,0,-1.42584
2221.69,0.0198748,0.000198748,13228,6.31082,0,-1.44407
2222.95,0.0198522,0.000198522,13229,6.30285,0,-1.46225
2224.22,0.0198296,0.000198296,13230,6.29484,0,-1.48039
2225.48,0.0198072,0.000198072,13231,6.28679,0,-1.49848
2226.74,0.0197848,0.000197848,13232,6.27869,0,-1.51654
2228,0.0197624,0.000197624,13233,6.27055,0,-1.53454
2229.25,0.0197401,0.000197401,13234,6.26237,0,-1.55251
2230.51,0.0197179,0.000197179,13235,6.25414,0,-1.57043
2231.76,0.0196958,0.000196958,13236,6.24587,0,-1.58831
2233.01,0.0196737,0.000196737,13237,6.23757,0,-1.60614
2234.26,0.0196517,0.000196517,13238,6.22922,0,-1.62393
2235.51,0.0196298,0.000196298,13239,6.22082,0,-1.64167
2236.76,0.0196079,0.000196079,13240,6.21239,0,-1.65938
2238,0.0195861,0.000195861,13241,6.20392,0,-1.67704
2239.24,0.0195644,0.000195644,13242,6.19541,0,-1.69465
2240.49,0.0195427,0.000195427,13243,6.18685,0,-1.71222
2241.72,0.0195211,0.000195211,13244,6.17826,0,-1.72975
2242.96,0.0194996,0.000194996,13245,6.16962,0,-1.74723
2244.2,0.0194781,0.000194781,13246,6.16095,0,-1.76467
2245.43,0.0194567,0.000194567,13247,6.15223,0,-1.78207
2246.67,0.0194353,0.000194353,13248,6.14348,0,-1.79942
2247.9,0.0194141,0.000194141,13249,6.13469,0,-1.81673
2249.12,0.0193929,0.000193929,13250,6.12586,0,-1.834
2250.35,0.0193717,0.000193717,13251,6.11699,0,-1.85122
2251.58,0.0193506,0.000193506,13252,6.10808,0,-1.86839
2252.8,0.0193296,0.000193296,13253,6.09913,0,-1.88553
2254.02,0.0193087,0.000193087,13254,6.09014,0,-1.90262
2255.24,0.0192878,0.000192878,13255,6.08112,0,-1.91967
2256.46,0.019267,0.00019267,13256,6.07206,0,-1.93667
2257.68,0.0192462,0.000192462,13257,6.06296,0,-1.95363
2258.89,0.0192255,0.000192255,13258,6.05382,0,-1.97054
2260.1,0.0192049,0.000192049,13259,6.04465,0,-1.98742
2261.31,0.0191844,0.000191844,13260,6.03544,0,-2.00424
2262.52,0.0191639,0.000191639,13261,6.02619,0,-2.02103
2263.73,0.0191434,0.000191434,13262,6.0169,0,-2.03777
2264.93,0.0191231,0.000191231,13263,6.00758,0,-2.05447
2266.14,0.0191028,0.000191028,13264,5.99823,0,-2.07112
2267.34,0.0190825,0.000190825,13265,5.98883,0,-2.08773
2268.54,0.0190624,0.000190624,13266,5.9794,0,-2.1043
2269.74,0.0190423,0.000190423,13267,5.96994,0,-2.12082
2270.93,0.0190222,0.000190222,13268,5.96044,0,-2.1373
2272.12,0.0190022,0.000190022,13269,5.9509,0,-2.15374
2273.32,0.0189823,0.000189823,13270,5.94133,0,-2.17013
2274.51,0.0189625,0.000189625,13271,5.93172,0,-2.18648
2275.69,0.0189427,0.000189427,13272,5.92208,0,-2.20279
2276.88,0.018923,0.00018923,13273,5.91241,0,-2.21905
2278.06,0.0189033,0.000189033,13274,5.9027,0,-2.23527
2279.25,0.0188837,0.000188837,13275,5.89295,0,-2.25144
2280.43,0.0188642,0.000188642,13276,5.88317,0,-2.26757
2281.6,0.0188447,0.000188447,13277,5.87336,0,-2.28366
2282.78,0.0188253,0.000188253,13278,5.86351,0,-2.29971
2283.95,0.0188059,0.000188059,13279,5.85363,0,-2.31571
2285.12,0.0187866,0.000187866,13280,5.84372,0,-2.33167
2286.29,0.0187674,0.000187674,13281,5.83377,0,-2.34758
2287.46,0.0187483,0.000187483,13282,5.82379,0,-2.36345
2288.63,0.0187292,0.000187292,13283,5.81378,0,-2.37928
2289.79,0.0187101,0.000187101,13284,5.80374,0,-2.39507
2290.95,0.0186912,0.000186912,13285,5.79366,0,-2.41081
2292.11,0.0186722,0.000186722,13286,5.78355,0,-2.42651
2293.27,0.0186534,0.000186534,13287,5.77341,0,-2.44216
2294.43,0.0186346,0.000186346,13288,5.76323,0,-2.45777
2295.58,0.0186159,0.000186159,13289,5.75303,0,-2.47334
2296.73,0.0185972,0.000185972,13290,5.74279,0,-2.48887
2297.88,0.0185786,0.000185786,13291,5.73252,0,-2.50435
2299.03,0.0185601,0.000185601,13292,5.72222,0,-2.51979
2300.18,0.0185416,0.000185416,13293,5.71188,0,-2.53518
2301.32,0.0185232,0.000185232,13294,5.70152,0,-2.55054
2302.46,0.0185048,0.000185048,13295,5.69113,0,-2.56585
2303.6,0.0184865,0.000184865,13296,5.6807,0,-2.58111
2304.74,0.0184683,0.000184683,13297,5.67025,0,-2.59634
2305.87,0.0184501,0.000184501,13298,5.65976,0,-2.61152
2307,0.018432,0.00018432,13299,5.64924,0,-2.62666
2308.13,0.018414,0.00018414,13300,5.6387,0,-2.64175
2309.26,0.018396,0.00018396,13301,5.62812,0,-2.6568
2310.39,0.018378,0.00018378,13302,5.61752,0,-2.67181
2311.51,0.0183602,0.000183602,13303,5.60688,0,-2.68678
2312.64,0.0183423,0.000183423,13304,5.59622,0,-2.7017
2313.75,0.0183246,0.000183246,13305,5.58552,0,-2.71658
2314.87,0.0183069,0.000183069,13306,5.5748,0,-2.73142
2315.99,0.0182893,0.000182893,13307,5.56405,0,-2.74621
2317.1,0.0182717,0.000182717,13308,5.55327,0,-2.76097
2318.21,0.0182542,0.000182542,13309,5.54246,0,-2.77567
2319.32,0.0182367,0.000182367,13310,5.53162,0,-2.79034
2320.43,0.0182193,0.000182193,13311,5.52075,0,-2.80497
2321.53,0.018202,0.00018202,13312,5.50986,0,-2.81955
2322.64,0.0181847,0.000181847,13313,5.49893,0,-2.83409
2323.74,0.0181675,0.000181675,13314,5.48798,0,-2.84858
2324.83,0.0181504,0.000181504,13315,5.47701,0,-2.86304
2325.93,0.0181333,0.000181333,13316,5.466,0,-2.87745
2327.02,0.0181162,0.000181162,13317,5.45497,0,-2.89182
2328.11,0.0180992,0.000180992,13318,5.4439,0,-2.90614
2329.2,0.0180823,0.000180823,13319,5.43282,0,-2.92043
2330.29,0.0180655,0.000180655,13320,5.4217,0,-2.93467
2331.37,0.0180487,0.000180487,13321,5.41056,0,-2.94887
2332.46,0.0180319,0.000180319,13322,5.39939,0,-2.96302
2333.54,0.0180152,0.000180152,13323,5.38819,0,-2.97714
2334.61,0.0179986,0.000179986,13324,5.37697,0,-2.99121
2335.69,0.017982,0.00017982,13325,5.36572,0,-3.00524
2336.76,0.0179655,0.000179655,13326,5.35445,0,-3.01923
2337.83,0.017949,0.00017949,13327,5.34315,0,-3.03317
2338.9,0.0179326,0.000179326,13328,5.33182,0,-3.04707
2339.97,0.0179163,0.000179163,13329,5.32047,0,-3.06093
2341.03,0.0179,0.000179,13330,5.30909,0,-3.07475
2342.1,0.0178838,0.000178838,13331,5.29769,0,-3.08853
2343.16,0.0178676,0.000178676,13332,5.28626,0,-3.10226
2344.21,0.0178515,0.000178515,13333,5.27481,0,-3.11596
2345.27,0.0178355,0.000178355,13334,5.26333,0,-3.12961
2346.32,0.0178195,0.000178195,13335,5.25183,0,-3.14322
2347.37,0.0178035,0.000178035,13336,5.2403,0,-3.15678
2348.42,0.0177876,0.000177876,13337,5.22874,0,-3.17031
2349.46,0.0177718,0.000177718,13338,5.21717,0,-3.18379
2350.51,0.017756,0.00017756,13339,5.20557,0,-3.19723
2351.55,0.0177403,0.000177403,13340,5.19394,0,-3.21063
2352.59,0.0177247,0.000177247,13341,5.18229,0,-3.22399
2353.62,0.0177091,0.000177091,13342,5.17061,0,-3.23731
2354.66,0.0176935,0.000176935,13343,5.15892,0,-3.25058
2355.69,0.017678,0.00017678,13344,5.14719,0,-3.26381
2356.72,0.0176626,0.000176626,13345,5.13545,0,-3.27701
2357.74,0.0176472,0.000176472,13346,5.12368,0,-3.29015
2358.77,0.0176319,0.000176319,13347,5.11189,0,-3.30326
2359.79,0.0176166,0.000176166,13348,5.10007,0,-3.31633
2360.81,0.0176014,0.000176014,13349,5.08823,0,-3.32935
2361.83,0.0175862,0.000175862,13350,5.07637,0,-3.34234
2362.84,0.0175711,0.000175711,13351,5.06449,0,-3.35528
2363.85,0.0175561,0.000175561,13352,5.05258,0,-3.36818
2364.86,0.0175411,0.000175411,13353,5.04065,0,-3.38104
2365.87,0.0175261,0.000175261,13354,5.0287,0,-3.39386
2366.88,0.0175113,0.000175113,13355,5.01672,0,-3.40664
2367.88,0.0174964,0.000174964,13356,5.00472,0,-3.41937
2368.88,0.0174817,0.000174817,13357,4.9927,0,-3.43207
2369.88,0.0174669,0.000174669,13358,4.98066,0,-3.44472
2370.87,0.0174523,0.000174523,13359,4.9686,0,-3.45733
2371.87,0.0174377,0.000174377,13360,4.95652,0,-3.4699
2372.86,0.0174231,0.000174231,13361,4.94441,0,-3.48243
2373.85,0.0174086,0.000174086,13362,4.93228,0,-3.49492
2374.83,0.0173942,0.000173942,13363,4.92013,0,-3.50737
2375.82,0.0173798,0.000173798,13364,4.90796,0,-3.51978
2376.8,0.0173654,0.000173654,13365,4.89577,0,-3.53214
2377.77,0.0173511,0.000173511,13366,4.88356,0,-3.54447
2378.75,0.0173369,0.000173369,13367,4.87132,0,-3.55675
2379.72,0.0173227,0.000173227,13368,4.85907,0,-3.56899
2380.69,0.0173086,0.000173086,13369,4.84679,0,-3.5812
2381.66,0.0172945,0.000172945,13370,4.8345,0,-3.59336
2382.63,0.0172805,0.000172805,13371,4.82218,0,-3.60548
2383.59,0.0172665,0.000172665,13372,4.80985,0,-3.61756
2384.55,0.0172526,0.000172526,13373,4.79749,0,-3.6296
2385.51,0.0172387,0.000172387,13374,4.78511,0,-3.6416
2386.47,0.0172249,0.000172249,13375,4.77272,0,-3.65356
2387.42,0.0172112,0.000172112,13376,4.7603,0,-3.66548
2388.37,0.0171975,0.000171975,13377,4.74786,0,-3.67736
2389.32,0.0171838,0.000171838,13378,4.7354,0,-3.68919
2390.27,0.0171702,0.000171702,13379,4.72293,0,-3.70099
2391.21,0.0171567,0.000171567,13380,4.71043,0,-3.71275
2392.15,0.0171432,0.000171432,13381,4.69792,0,-3.72446
2393.09,0.0171297,0.000171297,13382,4.68539,0,-3.73614
2394.03,0.0171163,0.000171163,13383,4.67283,0,-3.74777
2394.96,0.017103,0.00017103,13384,4.66026,0,-3.75937
2395.89,0.0170897,0.000170897,13385,4.64767,0,-3.77093
2396.82,0.0170765,0.000170765,13386,4.63506,0,-3.78244
2397.75,0.0170633,0.000170633,13387,4.62243,0,-3.79392
2398.67,0.0170502,0.000170502,13388,4.60978,0,-3.80535
2399.59,0.0170371,0.000170371,13389,4.59712,0,-3.81675
2400.51,0.0170241,0.000170241,13390,4.58443,0,-3.8281
2401.42,0.0170111,0.000170111,13391,4.57173,0,-3.83942
2402.34,0.0169981,0.000169981,13392,4.55901,0,-3.85069
2403.25,0.0169853,0.000169853,13393,4.54627,0,-3.86192
2404.15,0.0169724,0.000169724,13394,4.53351,0,-3.87312
2405.06,0.0169597,0.000169597,13395,4.52074,0,-3.88428
2405.96,0.0169469,0.000169469,13396,4.50795,0,-3.89539
2406.86,0.0169343,0.000169343,13397,4.49514,0,-3.90647
2407.76,0.0169216,0.000169216,13398,4.48231,0,-3.9175
2408.65,0.0169091,0.000169091,13399,4.46947,0,-3.9285
2409.55,0.0168966,0.000168966,13400,4.4566,0,-3.93946
2410.44,0.0168841,0.000168841,13401,4.44372,0,-3.95037
2411.32,0.0168717,0.000168717,13402,4.43083,0,-3.96125
2412.21,0.0168593,0.000168593,13403,4.41791,0,-3.97209
2413.09,0.016847,0.00016847,13404,4.40498,0,-3.98289
2413.97,0.0168347,0.000168347,13405,4.39203,0,-3.99365
2414.85,0.0168225,0.000168225,13406,4.37907,0,-4.00437
2415.72,0.0168103,0.000168103,13407,4.36609,0,-4.01505
2416.59,0.0167982,0.000167982,13408,4.35309,0,-4.02569
2417.46,0.0167861,0.000167861,13409,4.34007,0,-4.03629
2418.33,0.0167741,0.000167741,13410,4.32704,0,-4.04685
2419.19,0.0167621,0.000167621,13411,4.314,0,-4.05737
2420.05,0.0167502,0.000167502,13412,4.30093,0,-4.06786
2420.91,0.0167383,0.000167383,13413,4.28785,0,-4.0783
2421.77,0.0167265,0.000167265,13414,4.27476,0,-4.08871
2422.62,0.0167147,0.000167147,13415,4.26164,0,-4.09907
2423.47,0.016703,0.00016703,13416,4.24852,0,-4.1094
2424.32,0.0166913,0.000166913,13417,4.23537,0,-4.11969
2425.16,0.0166796,0.000166796,13418,4.22221,0,-4.12994
2426.01,0.0166681,0.000166681,13419,4.20904,0,-4.14015
2426.85,0.0166565,0.000166565,13420,4.19585,0,-4.15032
2427.68,0.016645,0.00016645,13421,4.18264,0,-4.16045
2428.52,0.0166336,0.000166336,13422,4.16942,0,-4.17055
2429.35,0.0166222,0.000166222,13423,4.15619,0,-4.1806
2430.18,0.0166109,0.000166109,13424,4.14294,0,-4.19062
2431.01,0.0165996,0.000165996,13425,4.12967,0,-4.2006
2431.83,0.0165883,0.000165883,13426,4.11639,0,-4.21054
2432.65,0.0165771,0.000165771,13427,4.10309,0,-4.22044
2433.47,0.016566,0.00016566,13428,4.08978,0,-4.2303
2434.29,0.0165549,0.000165549,13429,4.07646,0,-4.24012
2435.1,0.0165438,0.000165438,13430,4.06312,0,-4.2499
2435.91,0.0165328,0.000165328,13431,4.04976,0,-4.25965
2436.72,0.0165219,0.000165219,13432,4.03639,0,-4.26936
2437.52,0.0165109,0.000165109,13433,4.02301,0,-4.27903
2438.32,0.0165001,0.000165001,13434,4.00961,0,-4.28866
2439.12,0.0164893,0.000164893,13435,3.9962,0,-4.29825
2439.92,0.0164785,0.000164785,13436,3.98277,0,-4.3078
2440.72,0.0164678,0.000164678,13437,3.96933,0,-4.31732
2441.51,0.0164571,0.000164571,13438,3.95588,0,-4.32679
2442.3,0.0164465,0.000164465,13439,3.94241,0,-4.33623
2443.08,0.0164359,0.000164359,13440,3.92893,0,-4.34563
2443.87,0.0164253,0.000164253,13441,3.91543,0,-4.355
2444.65,0.0164149,0.000164149,13442,3.90192,0,-4.36432
2445.42,0.0164044,0.000164044,13443,3.8884,0,-4.37361
2446.2,0.016394,0.00016394,13444,3.87486,0,-4.38286
2446.97,0.0163837,0.000163837,13445,3.86131,0,-4.39207
2447.74,0.0163734,0.000163734,13446,3.84775,0,-4.40124
2448.51,0.0163631,0.000163631,13447,3.83417,0,-4.41037
2449.27,0.0163529,0.000163529,13448,3.82058,0,-4.41947
2450.04,0.0163427,0.000163427,13449,3.80698,0,-4.42853
2450.79,0.0163326,0.000163326,13450,3.79337,0,-4.43755
2451.55,0.0163225,0.000163225,13451,3.77974,0,-4.44653
2452.3,0.0163125,0.000163125,13452,3.7661,0,-4.45548
2453.05,0.0163025,0.000163025,13453,3.75244,0,-4.46438
2453.8,0.0162926,0.000162926,13454,3.73878,0,-4.47325
2454.55,0.0162827,0.000162827,13455,3.7251,0,-4.48209
2455.29,0.0162728,0.000162728,13456,3.7114,0,-4.49088
2456.03,0.016263,0.00016263,13457,3.6977,0,-4.49964
2456.77,0.0162533,0.000162533,13458,3.68398,0,-4.50836
2457.5,0.0162436,0.000162436,13459,3.67025,0,-4.51704
2458.23,0.0162339,0.000162339,13460,3.65651,0,-4.52568
2458.96,0.0162243,0.000162243,13461,3.64276,0,-4.53429
2459.69,0.0162147,0.000162147,13462,3.62899,0,-4.54286
2460.41,0.0162052,0.000162052,13463,3.61522,0,-4.55139
2461.13,0.0161957,0.000161957,13464,3.60143,0,-4.55988
2461.85,0.0161863,0.000161863,13465,3.58763,0,-4.56834
2462.56,0.0161769,0.000161769,13466,3.57381,0,-4.57676
2463.27,0.0161675,0.000161675,13467,3.55999,0,-4.58514
2463.98,0.0161582,0.000161582,13468,3.54615,0,-4.59349
2464.69,0.016149,0.00016149,13469,3.5323,0,-4.6018
2465.39,0.0161397,0.000161397,13470,3.51845,0,-4.61007
2466.09,0.0161306,0.000161306,13471,3.50457,0,-4.6183
2466.79,0.0161214,0.000161214,13472,3.49069,0,-4.6265
2467.49,0.0161124,0.000161124,13473,3.4768,0,-4.63466
2468.18,0.0161033,0.000161033,13474,3.46289,0,-4.64278
2468.87,0.0160943,0.000160943,13475,3.44898,0,-4.65087
2469.56,0.0160854,0.000160854,13476,3.43505,0,-4.65891
2470.24,0.0160765,0.000160765,13477,3.42111,0,-4.66693
2470.92,0.0160676,0.000160676,13478,3.40716,0,-4.6749
2471.6,0.0160588,0.000160588,13479,3.3932,0,-4.68284
2472.28,0.01605,0.0001605,13480,3.37923,0,-4.69074
2472.95,0.0160413,0.000160413,13481,3.36525,0,-4.6986
2473.62,0.0160326,0.000160326,13482,3.35126,0,-4.70643
2474.29,0.0160239,0.000160239,13483,3.33726,0,-4.71422
2474.95,0.0160153,0.000160153,13484,3.32324,0,-4.72198
2475.61,0.0160068,0.000160068,13485,3.30922,0,-4.72969
2476.27,0.0159983,0.000159983,13486,3.29519,0,-4.73737
2476.93,0.0159898,0.000159898,13487,3.28114,0,-4.74502
2477.58,0.0159814,0.000159814,13488,3.26709,0,-4.75262
2478.23,0.015973,0.00015973,13489,3.25302,0,-4.7602
2478.88,0.0159646,0.000159646,13490,3.23895,0,-4.76773
2479.52,0.0159563,0.000159563,13491,3.22486,0,-4.77523
2480.16,0.0159481,0.000159481,13492,3.21077,0,-4.78269
2480.8,0.0159399,0.000159399,13493,3.19666,0,-4.79011
2481.44,0.0159317,0.000159317,13494,3.18255,0,-4.7975
2482.07,0.0159236,0.000159236,13495,3.16842,0,-4.80485
2482.7,0.0159155,0.000159155,13496,3.15429,0,-4.81217
2483.33,0.0159074,0.000159074,13497,3.14014,0,-4.81945
2483.95,0.0158994,0.000158994,13498,3.12599,0,-4.82669
2484.58,0.0158915,0.000158915,13499,3.11183,0,-4.8339
2485.2,0.0158836,0.000158836,13500,3.09765,0,-4.84107
2485.81,0.0158757,0.000158757,13501,3.08347,0,-4.8482
2486.42,0.0158679,0.000158679,13502,3.06928,0,-4.8553
2487.04,0.0158601,0.000158601,13503,3.05508,0,-4.86236
2487.64,0.0158523,0.000158523,13504,3.04087,0,-4.86939
2488.25,0.0158446,0.000158446,13505,3.02665,0,-4.87638
2488.85,0.015837,0.00015837,13506,3.01242,0,-4.88333
2489.45,0.0158293,0.000158293,13507,2.99818,0,-4.89025
2490.04,0.0158218,0.000158218,13508,2.98394,0,-4.89713
2490.64,0.0158142,0.000158142,13509,2.96968,0,-4.90398
2491.23,0.0158067,0.000158067,13510,2.95542,0,-4.91079
2491.82,0.0157993,0.000157993,13511,2.94114,0,-4.91756
2492.4,0.0157919,0.000157919,13512,2.92686,0,-4.9243
2492.98,0.0157845,0.000157845,13513,2.91257,0,-4.931
2493.56,0.0157772,0.000157772,13514,2.89827,0,-4.93767
2494.14,0.0157699,0.000157699,13515,2.88396,0,-4.9443
2494.71,0.0157626,0.000157626,13516,2.86965,0,-4.95089
2495.28,0.0157554,0.000157554,13517,2.85532,0,-4.95745
2495.85,0.0157483,0.000157483,13518,2.84099,0,-4.96398
2496.41,0.0157412,0.000157411,13519,2.82664,0,-4.97046
2496.97,0.0157341,0.000157341,13520,2.81229,0,-4.97692
2497.53,0.015727,0.00015727,13521,2.79794,0,-4.98333
2498.09,0.01572,0.0001572,13522,2.78357,0,-4.98971
2498.64,0.0157131,0.000157131,13523,2.76919,0,-4.99606
2499.19,0.0157062,0.000157062,13524,2.75481,0,-5.00237
2499.74,0.0156993,0.000156993,13525,2.74042,0,-5.00864
2500.28,0.0156925,0.000156925,13526,2.72602,0,-5.01488
2500.82,0.0156857,0.000156857,13527,2.71161,0,-5.02108
2501.36,0.0156789,0.000156789,13528,2.6972,0,-5.02725
2501.9,0.0156722,0.000156722,13529,2.68278,0,-5.03338
2502.43,0.0156655,0.000156655,13530,2.66835,0,-5.03948
2502.96,0.0156589,0.000156589,13531,2.65391,0,-5.04554
2503.49,0.0156523,0.000156523,13532,2.63946,0,-5.05157
2504.01,0.0156457,0.000156457,13533,2.62501,0,-5.05756
2504.53,0.0156392,0.000156392,13534,2.61055,0,-5.06352
2505.05,0.0156328,0.000156328,13535,2.59608,0,-5.06944
2505.57,0.0156263,0.000156263,13536,2.5816,0,-5.07532
2506.08,0.0156199,0.0001562,13537,2.56712,0,-5.08117
2506.59,0.0156136,0.000156136,13538,2.55263,0,-5.08699
2507.09,0.0156073,0.000156073,13539,2.53813,0,-5.09276
2507.6,0.015601,0.00015601,13540,2.52363,0,-5.09851
2508.1,0.0155948,0.000155948,13541,2.50912,0,-5.10422
2508.6,0.0155886,0.000155886,13542,2.4946,0,-5.10989
2509.09,0.0155825,0.000155825,13543,2.48007,0,-5.11553
2509.58,0.0155764,0.000155764,13544,2.46554,0,-5.12114
2510.07,0.0155703,0.000155703,13545,2.451,0,-5.12671
2510.56,0.0155643,0.000155643,13546,2.43645,0,-5.13224
2511.04,0.0155583,0.000155583,13547,2.4219,0,-5.13774
2511.52,0.0155523,0.000155523,13548,2.40733,0,-5.1432
2512,0.0155464,0.000155464,13549,2.39277,0,-5.14863
2512.47,0.0155405,0.000155405,13550,2.37819,0,-5.15403
2512.94,0.0155347,0.000155347,13551,2.36361,0,-5.15939
2513.41,0.0155289,0.000155289,13552,2.34902,0,-5.16471
2513.88,0.0155232,0.000155232,13553,2.33443,0,-5.17
2514.34,0.0155175,0.000155175,13554,2.31983,0,-5.17526
2514.8,0.0155118,0.000155118,13555,2.30522,0,-5.18048
2515.26,0.0155062,0.000155062,13556,2.29061,0,-5.18566
2515.71,0.0155006,0.000155006,13557,2.27599,0,-5.19081
2516.16,0.015495,0.00015495,13558,2.26136,0,-5.19593
2516.61,0.0154895,0.000154895,13559,2.24673,0,-5.20101
2517.06,0.015484,0.00015484,13560,2.23209,0,-5.20606
2517.5,0.0154786,0.000154786,13561,2.21745,0,-5.21107
2517.94,0.0154732,0.000154732,13562,2.2028,0,-5.21605
2518.37,0.0154678,0.000154678,13563,2.18814,0,-5.22099
2518.81,0.0154625,0.000154625,13564,2.17348,0,-5.2259
2519.24,0.0154572,0.000154572,13565,2.15881,0,-5.23077
2519.66,0.015452,0.00015452,13566,2.14413,0,-5.23561
2520.09,0.0154468,0.000154468,13567,2.12945,0,-5.24041
2520.51,0.0154416,0.000154416,13568,2.11477,0,-5.24518
2520.93,0.0154365,0.000154365,13569,2.10008,0,-5.24992
2521.34,0.0154314,0.000154314,13570,2.08538,0,-5.25462
2521.76,0.0154263,0.000154263,13571,2.07067,0,-5.25929
2522.17,0.0154213,0.000154213,13572,2.05596,0,-5.26392
2522.57,0.0154164,0.000154164,13573,2.04125,0,-5.26852
2522.98,0.0154114,0.000154114,13574,2.02653,0,-5.27308
2523.38,0.0154065,0.000154065,13575,2.0118,0,-5.27761
2523.77,0.0154017,0.000154017,13576,1.99707,0,-5.28211
2524.17,0.0153969,0.000153969,13577,1.98234,0,-5.28657
2524.56,0.0153921,0.000153921,13578,1.96759,0,-5.29099
2524.95,0.0153873,0.000153873,13579,1.95285,0,-5.29539
2525.34,0.0153826,0.000153826,13580,1.9381,0,-5.29974
2525.72,0.015378,0.00015378,13581,1.92334,0,-5.30407
2526.1,0.0153733,0.000153733,13582,1.90857,0,-5.30836
2526.48,0.0153688,0.000153688,13583,1.89381,0,-5.31261
2526.85,0.0153642,0.000153642,13584,1.87903,0,-5.31683
2527.22,0.0153597,0.000153597,13585,1.86426,0,-5.32102
2527.59,0.0153552,0.000153552,13586,1.84947,0,-5.32517
2527.95,0.0153508,0.000153508,13587,1.83468,0,-5.32929
2528.32,0.0153464,0.000153464,13588,1.81989,0,-5.33338
2528.68,0.015342,0.00015342,13589,1.80509,0,-5.33743
2529.03,0.0153377,0.000153377,13590,1.79029,0,-5.34144
2529.39,0.0153334,0.000153334,13591,1.77548,0,-5.34543
2529.74,0.0153292,0.000153292,13592,1.76067,0,-5.34937
2530.08,0.015325,0.00015325,13593,1.74586,0,-5.35329
2530.43,0.0153208,0.000153208,13594,1.73103,0,-5.35717
2530.77,0.0153167,0.000153167,13595,1.71621,0,-5.36101
2531.11,0.0153126,0.000153126,13596,1.70138,0,-5.36483
2531.44,0.0153085,0.000153085,13597,1.68654,0,-5.36861
2531.78,0.0153045,0.000153045,13598,1.6717,0,-5.37235
2532.1,0.0153005,0.000153005,13599,1.65686,0,-5.37606
2532.43,0.0152966,0.000152966,13600,1.64201,0,-5.37974
2532.75,0.0152927,0.000152927,13601,1.62716,0,-5.38338
2533.07,0.0152888,0.000152888,13602,1.6123,0,-5.38699
2533.39,0.015285,0.00015285,13603,1.59744,0,-5.39056
2533.71,0.0152812,0.000152812,13604,1.58258,0,-5.3941
2534.02,0.0152774,0.000152774,13605,1.56771,0,-5.39761
2534.33,0.0152737,0.000152737,13606,1.55283,0,-5.40109
2534.63,0.01527,0.0001527,13607,1.53796,0,-5.40453
2534.93,0.0152664,0.000152664,13608,1.52307,0,-5.40793
2535.23,0.0152628,0.000152628,13609,1.50819,0,-5.4113
2535.53,0.0152592,0.000152592,13610,1.4933,0,-5.41464
2535.82,0.0152556,0.000152556,13611,1.47841,0,-5.41795
2536.12,0.0152521,0.000152521,13612,1.46351,0,-5.42122
2536.4,0.0152487,0.000152487,13613,1.44861,0,-5.42446
2536.69,0.0152453,0.000152453,13614,1.4337,0,-5.42766
2536.97,0.0152419,0.000152419,13615,1.41879,0,-5.43083
2537.25,0.0152385,0.000152385,13616,1.40388,0,-5.43397
2537.52,0.0152352,0.000152352,13617,1.38897,0,-5.43707
2537.8,0.015232,0.00015232,13618,1.37405,0,-5.44014
2538.07,0.0152287,0.000152287,13619,1.35912,0,-5.44317
2538.33,0.0152255,0.000152255,13620,1.3442,0,-5.44618
2538.6,0.0152224,0.000152224,13621,1.32927,0,-5.44914
2538.86,0.0152192,0.000152192,13622,1.31433,0,-5.45208
2539.11,0.0152161,0.000152161,13623,1.2994,0,-5.45498
2539.37,0.0152131,0.000152131,13624,1.28446,0,-5.45785
2539.62,0.0152101,0.000152101,13625,1.26951,0,-5.46068
2539.87,0.0152071,0.000152071,13626,1.25457,0,-5.46348
2540.11,0.0152042,0.000152042,13627,1.23962,0,-5.46625
2540.36,0.0152013,0.000152013,13628,1.22466,0,-5.46898
2540.6,0.0151984,0.000151984,13629,1.20971,0,-5.47168
2540.83,0.0151956,0.000151956,13630,1.19475,0,-5.47435
2541.07,0.0151928,0.000151928,13631,1.17978,0,-5.47698
2541.3,0.01519,0.0001519,13632,1.16482,0,-5.47958
2541.52,0.0151873,0.000151873,13633,1.14985,0,-5.48215
2541.75,0.0151846,0.000151846,13634,1.13488,0,-5.48468
2541.97,0.015182,0.00015182,13635,1.1199,0,-5.48718
2542.19,0.0151793,0.000151793,13636,1.10492,0,-5.48965
2542.41,0.0151768,0.000151768,13637,1.08994,0,-5.49208
2542.62,0.0151742,0.000151742,13638,1.07496,0,-5.49448
2542.83,0.0151717,0.000151717,13639,1.05997,0,-5.49685
2543.03,0.0151693,0.000151693,13640,1.04498,0,-5.49918
2543.24,0.0151668,0.000151668,13641,1.02999,0,-5.50148
2543.44,0.0151645,0.000151645,13642,1.015,0,-5.50374
2543.64,0.0151621,0.000151621,13643,1,0,-5.50598
2543.83,0.0151598,0.000151598,13644,0.985003,0,-5.50818
2544.02,0.0151575,0.000151575,13645,0.970001,0,-5.51034
2544.21,0.0151553,0.000151553,13646,0.954996,0,-5.51248
2544.4,0.015153,0.00015153,13647,0.93999,0,-5.51457
2544.58,0.0151509,0.000151509,13648,0.92498,0,-5.51664
2544.76,0.0151487,0.000151487,13649,0.909968,0,-5.51867
2544.93,0.0151466,0.000151466,13650,0.894954,0,-5.52067
2545.11,0.0151446,0.000151446,13651,0.879938,0,-5.52264
2545.28,0.0151425,0.000151425,13652,0.864919,0,-5.52457
2545.45,0.0151405,0.000151405,13653,0.849898,0,-5.52647
2545.61,0.0151386,0.000151386,13654,0.834875,0,-5.52834
2545.77,0.0151367,0.000151367,13655,0.81985,0,-5.53017
2545.93,0.0151348,0.000151348,13656,0.804823,0,-5.53197
2546.08,0.0151329,0.000151329,13657,0.789793,0,-5.53374
2546.24,0.0151311,0.000151311,13658,0.774762,0,-5.53547
2546.39,0.0151294,0.000151294,13659,0.759728,0,-5.53717
2546.53,0.0151276,0.000151276,13660,0.744693,0,-5.53884
2546.68,0.0151259,0.000151259,13661,0.729656,0,-5.54047
2546.82,0.0151243,0.000151243,13662,0.714616,0,-5.54208
2546.95,0.0151226,0.000151226,13663,0.699575,0,-5.54364
2547.09,0.015121,0.00015121,13664,0.684532,0,-5.54518
2547.22,0.0151195,0.000151195,13665,0.669487,0,-5.54668
2547.35,0.015118,0.00015118,13666,0.654441,0,-5.54815
2547.47,0.0151165,0.000151165,13667,0.639393,0,-5.54958
2547.59,0.015115,0.00015115,13668,0.624343,0,-5.55099
2547.71,0.0151136,0.000151136,13669,0.609291,0,-5.55235
2547.83,0.0151122,0.000151122,13670,0.594238,0,-5.55369
2547.94,0.0151109,0.000151109,13671,0.579184,0,-5.55499
2548.05,0.0151096,0.000151096,13672,0.564128,0,-5.55626
2548.16,0.0151083,0.000151083,13673,0.54907,0,-5.5575
2548.26,0.0151071,0.000151071,13674,0.534011,0,-5.5587
2548.36,0.0151059,0.000151059,13675,0.51895,0,-5.55987
2548.46,0.0151047,0.000151047,13676,0.503889,0,-5.56101
2548.56,0.0151036,0.000151036,13677,0.488825,0,-5.56211
2548.65,0.0151025,0.000151025,13678,0.473761,0,-5.56319
2548.74,0.0151015,0.000151015,13679,0.458695,0,-5.56422
2548.82,0.0151004,0.000151004,13680,0.443628,0,-5.56523
2548.91,0.0150995,0.000150995,13681,0.42856,0,-5.5662
2548.99,0.0150985,0.000150985,13682,0.413491,0,-5.56714
2549.06,0.0150976,0.000150976,13683,0.39842,0,-5.56805
2549.14,0.0150967,0.000150967,13684,0.383349,0,-5.56892
2549.21,0.0150959,0.000150959,13685,0.368276,0,-5.56976
2549.27,0.0150951,0.000150951,13686,0.353203,0,-5.57056
2549.34,0.0150943,0.000150943,13687,0.338128,0,-5.57134
2549.4,0.0150936,0.000150936,13688,0.323053,0,-5.57208
2549.46,0.0150929,0.000150929,13689,0.307977,0,-5.57279
2549.51,0.0150922,0.000150922,13690,0.2929,0,-5.57346
2549.57,0.0150916,0.000150916,13691,0.277822,0,-5.5741
2549.62,0.015091,0.00015091,13692,0.262743,0,-5.57471
2549.66,0.0150905,0.000150905,13693,0.247663,0,-5.57529
2549.71,0.01509,0.0001509,13694,0.232583,0,-5.57583
2549.75,0.0150895,0.000150895,13695,0.217502,0,-5.57634
2549.79,0.0150891,0.00015089,13696,0.202421,0,-5.57681
2549.82,0.0150886,0.000150886,13697,0.187338,0,-5.57726
2549.85,0.0150883,0.000150883,13698,0.172256,0,-5.57767
2549.88,0.0150879,0.000150879,13699,0.157173,0,-5.57805
2549.9,0.0150876,0.000150876,13700,0.142089,0,-5.57839
2549.93,0.0150874,0.000150874,13701,0.127005,0,-5.5787
2549.95,0.0150871,0.000150871,13702,0.11192,0,-5.57898
2549.96,0.015087,0.00015087,13703,0.0968352,0,-5.57922
2549.98,0.0150868,0.000150868,13704,0.0817499,0,-5.57944
2549.99,0.0150867,0.000150867,13705,0.0666642,0,-5.57962
2549.99,0.0150866,0.000150866,13706,0.0515784,0,-5.57976
2550,0.0150865,0.000150865,13707,0.0364922,0,-5.57987
2550,0.0150865,0.000150865,13708,0.0214059,0,-5.57996
2550,0.0150866,0.000150866,13709,0.00631945,0,-5.58
2549.99,0.0150866,0.000150866,13710,-0.00876716,0,-5.58002
2549.98,0.0150867,0.000150867,13711,-0.0238539,0,-5.58
2549.97,0.0150868,0.000150868,13712,-0.0389406,0,-5.57995
2549.96,0.015087,0.00015087,13713,-0.0540274,0,-5.57986
2549.94,0.0150872,0.000150872,13714,-0.0691141,0,-5.57974
2549.92,0.0150874,0.000150874,13715,-0.0842008,0,-5.57959
2549.9,0.0150877,0.000150877,13716,-0.0992874,0,-5.57941
2549.87,0.015088,0.00015088,13717,-0.114374,0,-5.57919
2549.84,0.0150884,0.000150884,13718,-0.12946,0,-5.57894
2549.81,0.0150888,0.000150888,13719,-0.144546,0,-5.57866
2549.77,0.0150892,0.000150892,13720,-0.159632,0,-5.57834
2549.74,0.0150896,0.000150896,13721,-0.174718,0,-5.57799
2549.7,0.0150901,0.000150901,13722,-0.189803,0,-5.57761
2549.65,0.0150906,0.000150906,13723,-0.204888,0,-5.5772
2549.6,0.0150912,0.000150912,13724,-0.219972,0,-5.57675
2549.55,0.0150918,0.000150918,13725,-0.235057,0,-5.57627
2549.5,0.0150924,0.000150924,13726,-0.25014,0,-5.57575
2549.44,0.0150931,0.000150931,13727,-0.265223,0,-5.5752
2549.38,0.0150938,0.000150938,13728,-0.280306,0,-5.57462
2549.32,0.0150945,0.000150945,13729,-0.295388,0,-5.57401
2549.26,0.0150953,0.000150953,13730,-0.31047,0,-5.57336
2549.19,0.0150961,0.000150961,13731,-0.32555,0,-5.57269
2549.12,0.015097,0.00015097,13732,-0.340631,0,-5.57197
2549.04,0.0150978,0.000150978,13733,-0.35571,0,-5.57123
2548.96,0.0150988,0.000150988,13734,-0.370789,0,-5.57045
2548.88,0.0150997,0.000150997,13735,-0.385866,0,-5.56964
2548.8,0.0151007,0.000151007,13736,-0.400944,0,-5.56879
2548.71,0.0151017,0.000151017,13737,-0.41602,0,-5.56791
2548.62,0.0151028,0.000151028,13738,-0.431095,0,-5.567
2548.53,0.0151039,0.000151039,13739,-0.446169,0,-5.56606
2548.43,0.015105,0.00015105,13740,-0.461243,0,-5.56508
2548.34,0.0151062,0.000151062,13741,-0.476315,0,-5.56407
2548.23,0.0151074,0.000151074,13742,-0.491387,0,-5.56303
2548.13,0.0151087,0.000151087,13743,-0.506457,0,-5.56195
2548.02,0.0151099,0.000151099,13744,-0.521526,0,-5.56084
2547.91,0.0151113,0.000151113,13745,-0.536594,0,-5.5597
2547.8,0.0151126,0.000151126,13746,-0.551661,0,-5.55852
2547.68,0.015114,0.00015114,13747,-0.566726,0,-5.55731
2547.56,0.0151154,0.000151154,13748,-0.581791,0,-5.55607
2547.44,0.0151169,0.000151169,13749,-0.596854,0,-5.5548
2547.31,0.0151184,0.000151184,13750,-0.611915,0,-5.55349
2547.18,0.0151199,0.000151199,13751,-0.626975,0,-5.55215
2547.05,0.0151215,0.000151215,13752,-0.642034,0,-5.55077
2546.92,0.0151231,0.000151231,13753,-0.657092,0,-5.54936
2546.78,0.0151247,0.000151247,13754,-0.672148,0,-5.54792
2546.64,0.0151264,0.000151264,13755,-0.687202,0,-5.54645
2546.49,0.0151281,0.000151281,13756,-0.702255,0,-5.54494
2546.35,0.0151298,0.000151298,13757,-0.717306,0,-5.5434
2546.2,0.0151316,0.000151316,13758,-0.732355,0,-5.54183
2546.04,0.0151334,0.000151334,13759,-0.747403,0,-5.54022
2545.89,0.0151353,0.000151353,13760,-0.762449,0,-5.53858
2545.73,0.0151372,0.000151372,13761,-0.777494,0,-5.5369
2545.56,0.0151391,0.000151391,13762,-0.792536,0,-5.5352
2545.4,0.0151411,0.000151411,13763,-0.807577,0,-5.53346
2545.23,0.0151431,0.000151431,13764,-0.822616,0,-5.53168
2545.06,0.0151451,0.000151451,13765,-0.837653,0,-5.52988
2544.89,0.0151472,0.000151472,13766,-0.852688,0,-5.52804
2544.71,0.0151493,0.000151493,13767,-0.867721,0,-5.52616
2544.53,0.0151515,0.000151515,13768,-0.882752,0,-5.52426
2544.35,0.0151536,0.000151536,13769,-0.897781,0,-5.52232
2544.16,0.0151559,0.000151559,13770,-0.912808,0,-5.52034
2543.97,0.0151581,0.000151581,13771,-0.927833,0,-5.51834
2543.78,0.0151604,0.000151604,13772,-0.942855,0,-5.5163
2543.58,0.0151627,0.000151627,13773,-0.957875,0,-5.51422
2543.38,0.0151651,0.000151651,13774,-0.972894,0,-5.51212
2543.18,0.0151675,0.000151675,13775,-0.987909,0,-5.50998
2542.98,0.0151699,0.000151699,13776,-1.00292,0,-5.5078
2542.77,0.0151724,0.000151724,13777,-1.01793,0,-5.5056
2542.56,0.0151749,0.000151749,13778,-1.03294,0,-5.50336
2542.35,0.0151775,0.000151775,13779,-1.04795,0,-5.50108
2542.13,0.01518,0.0001518,13780,-1.06295,0,-5.49878
2541.91,0.0151827,0.000151827,13781,-1.07795,0,-5.49644
2541.69,0.0151853,0.000151853,13782,-1.09295,0,-5.49406
2541.46,0.015188,0.00015188,13783,-1.10795,0,-5.49166
2541.24,0.0151907,0.000151907,13784,-1.12294,0,-5.48921
2541,0.0151935,0.000151935,13785,-1.13793,0,-5.48674
2540.77,0.0151963,0.000151963,13786,-1.15292,0,-5.48423
2540.53,0.0151992,0.000151992,13787,-1.16791,0,-5.48169
2540.29,0.015202,0.00015202,13788,-1.18289,0,-5.47912
2540.05,0.015205,0.00015205,13789,-1.19787,0,-5.47651
2539.8,0.0152079,0.000152079,13790,-1.21284,0,-5.47387
2539.55,0.0152109,0.000152109,13791,-1.22782,0,-5.47119
2539.3,0.0152139,0.000152139,13792,-1.24279,0,-5.46848
2539.04,0.015217,0.00015217,13793,-1.25776,0,-5.46574
2538.79,0.0152201,0.000152201,13794,-1.27272,0,-5.46296
2538.52,0.0152232,0.000152232,13795,-1.28768,0,-5.46015
2538.26,0.0152264,0.000152264,13796,-1.30264,0,-5.45731
2537.99,0.0152296,0.000152296,13797,-1.3176,0,-5.45443
2537.72,0.0152328,0.000152328,13798,-1.33255,0,-5.45152
2537.45,0.0152361,0.000152361,13799,-1.3475,0,-5.44858
2537.17,0.0152394,0.000152394,13800,-1.36244,0,-5.4456
2536.89,0.0152428,0.000152428,13801,-1.37739,0,-5.44259
2536.61,0.0152462,0.000152462,13802,-1.39232,0,-5.43954
2536.33,0.0152496,0.000152496,13803,-1.40726,0,-5.43646
2536.04,0.0152531,0.000152531,13804,-1.42219,0,-5.43335
2535.75,0.0152566,0.000152566,13805,-1.43712,0,-5.4302
2535.45,0.0152601,0.000152601,13806,-1.45205,0,-5.42702
2535.15,0.0152637,0.000152637,13807,-1.46697,0,-5.42381
2534.85,0.0152673,0.000152673,13808,-1.48189,0,-5.42056
2534.55,0.015271,0.00015271,13809,-1.4968,0,-5.41728
2534.24,0.0152747,0.000152747,13810,-1.51171,0,-5.41396
2533.93,0.0152784,0.000152784,13811,-1.52662,0,-5.41061
2533.62,0.0152822,0.000152822,13812,-1.54152,0,-5.40723
2533.31,0.015286,0.00015286,13813,-1.55642,0,-5.40381
2532.99,0.0152898,0.000152898,13814,-1.57131,0,-5.40036
2532.67,0.0152937,0.000152937,13815,-1.58621,0,-5.39688
2532.34,0.0152976,0.000152976,13816,-1.60109,0,-5.39336
2532.02,0.0153016,0.000153016,13817,-1.61598,0,-5.3898
2531.69,0.0153056,0.000153056,13818,-1.63086,0,-5.38622
2531.35,0.0153096,0.000153096,13819,-1.64573,0,-5.3826
2531.02,0.0153137,0.000153137,13820,-1.6606,0,-5.37894
2530.68,0.0153178,0.000153178,13821,-1.67547,0,-5.37525
2530.33,0.0153219,0.000153219,13822,-1.69033,0,-5.37153
2529.99,0.0153261,0.000153261,13823,-1.70519,0,-5.36777
2529.64,0.0153303,0.000153303,13824,-1.72004,0,-5.36398
2529.29,0.0153346,0.000153346,13825,-1.73489,0,-5.36016
2528.94,0.0153389,0.000153389,13826,-1.74974,0,-5.3563
2528.58,0.0153432,0.000153432,13827,-1.76458,0,-5.3524
2528.22,0.0153476,0.000153476,13828,-1.77942,0,-5.34848
2527.86,0.015352,0.00015352,13829,-1.79425,0,-5.34451
2527.49,0.0153564,0.000153564,13830,-1.80908,0,-5.34052
2527.12,0.0153609,0.000153609,13831,-1.8239,0,-5.33649
2526.75,0.0153654,0.000153654,13832,-1.83872,0,-5.33242
2526.37,0.01537,0.0001537,13833,-1.85353,0,-5.32833
2526,0.0153746,0.000153746,13834,-1.86834,0,-5.32419
2525.62,0.0153792,0.000153792,13835,-1.88314,0,-5.32003
2525.23,0.0153839,0.000153839,13836,-1.89794,0,-5.31582
2524.85,0.0153886,0.000153886,13837,-1.91274,0,-5.31159
2524.46,0.0153934,0.000153934,13838,-1.92753,0,-5.30732
2524.06,0.0153982,0.000153982,13839,-1.94231,0,-5.30301
2523.67,0.015403,0.00015403,13840,-1.95709,0,-5.29868
2523.27,0.0154078,0.000154078,13841,-1.97186,0,-5.2943
2522.87,0.0154128,0.000154128,13842,-1.98663,0,-5.2899
2522.46,0.0154177,0.000154177,13843,-2.0014,0,-5.28545
2522.06,0.0154227,0.000154227,13844,-2.01616,0,-5.28098
2521.64,0.0154277,0.000154277,13845,-2.03091,0,-5.27647
2521.23,0.0154328,0.000154328,13846,-2.04566,0,-5.27192
2520.81,0.0154379,0.000154379,13847,-2.0604,0,-5.26734
2520.4,0.015443,0.00015443,13848,-2.07514,0,-5.26273
2519.97,0.0154482,0.000154482,13849,-2.08987,0,-5.25808
2519.55,0.0154534,0.000154534,13850,-2.1046,0,-5.25339
2519.12,0.0154586,0.000154586,13851,-2.11932,0,-5.24868
2518.69,0.0154639,0.000154639,13852,-2.13403,0,-5.24392
2518.26,0.0154693,0.000154693,13853,-2.14874,0,-5.23914
2517.82,0.0154746,0.000154746,13854,-2.16345,0,-5.23431
2517.38,0.01548,0.0001548,13855,-2.17814,0,-5.22946
2516.94,0.0154855,0.000154855,13856,-2.19284,0,-5.22456
2516.49,0.015491,0.00015491,13857,-2.20752,0,-5.21964
2516.04,0.0154965,0.000154965,13858,-2.2222,0,-5.21468
2515.59,0.0155021,0.000155021,13859,-2.23688,0,-5.20968
2515.13,0.0155077,0.000155077,13860,-2.25155,0,-5.20465
2514.68,0.0155133,0.000155133,13861,-2.26621,0,-5.19958
2514.22,0.015519,0.00015519,13862,-2.28087,0,-5.19448
2513.75,0.0155247,0.000155247,13863,-2.29552,0,-5.18935
2513.29,0.0155305,0.000155305,13864,-2.31016,0,-5.18418
2512.82,0.0155363,0.000155363,13865,-2.3248,0,-5.17897
2512.35,0.0155421,0.000155421,13866,-2.33943,0,-5.17373
2511.87,0.015548,0.00015548,13867,-2.35406,0,-5.16846
2511.39,0.0155539,0.000155539,13868,-2.36868,0,-5.16315
2510.91,0.0155599,0.000155599,13869,-2.38329,0,-5.1578
2510.43,0.0155659,0.000155659,13870,-2.3979,0,-5.15242
2509.94,0.0155719,0.000155719,13871,-2.4125,0,-5.14701
2509.45,0.015578,0.00015578,13872,-2.42709,0,-5.14156
2508.96,0.0155841,0.000155841,13873,-2.44168,0,-5.13607
2508.46,0.0155903,0.000155903,13874,-2.45626,0,-5.13055
2507.96,0.0155965,0.000155965,13875,-2.47083,0,-5.125
2507.46,0.0156027,0.000156027,13876,-2.4854,0,-5.11941
2506.96,0.015609,0.00015609,13877,-2.49996,0,-5.11378
2506.45,0.0156153,0.000156153,13878,-2.51451,0,-5.10812
2505.94,0.0156217,0.000156217,13879,-2.52906,0,-5.10242
2505.43,0.0156281,0.000156281,13880,-2.5436,0,-5.09669
2504.91,0.0156345,0.000156345,13881,-2.55813,0,-5.09092
2504.39,0.015641,0.00015641,13882,-2.57265,0,-5.08512
2503.87,0.0156475,0.000156475,13883,-2.58717,0,-5.07928
2503.35,0.0156541,0.000156541,13884,-2.60168,0,-5.07341
2502.82,0.0156607,0.000156607,13885,-2.61619,0,-5.0675
2502.29,0.0156673,0.000156673,13886,-2.63068,0,-5.06156
2501.75,0.015674,0.00015674,13887,-2.64517,0,-5.05558
2501.22,0.0156807,0.000156807,13888,-2.65965,0,-5.04956
2500.68,0.0156875,0.000156875,13889,-2.67413,0,-5.04351
2500.14,0.0156943,0.000156943,13890,-2.68859,0,-5.03742
2499.59,0.0157011,0.000157011,13891,-2.70305,0,-5.0313
2499.04,0.015708,0.00015708,13892,-2.7175,0,-5.02515
2498.49,0.0157149,0.000157149,13893,-2.73194,0,-5.01895
2497.94,0.0157219,0.000157219,13894,-2.74638,0,-5.01272
2497.38,0.0157289,0.000157289,13895,-2.76081,0,-5.00646
2496.82,0.015736,0.00015736,13896,-2.77523,0,-5.00016
2496.26,0.0157431,0.000157431,13897,-2.78964,0,-4.99382
2495.7,0.0157502,0.000157502,13898,-2.80404,0,-4.98745
2495.13,0.0157574,0.000157574,13899,-2.81844,0,-4.98104
2494.56,0.0157646,0.000157646,13900,-2.83282,0,-4.9746
2493.98,0.0157718,0.000157718,13901,-2.8472,0,-4.96812
2493.41,0.0157791,0.000157791,13902,-2.86158,0,-4.96161
2492.83,0.0157865,0.000157865,13903,-2.87594,0,-4.95505
2492.24,0.0157938,0.000157938,13904,-2.89029,0,-4.94847
2491.66,0.0158013,0.000158013,13905,-2.90464,0,-4.94184
2491.07,0.0158087,0.000158087,13906,-2.91898,0,-4.93518
2490.48,0.0158162,0.000158162,13907,-2.93331,0,-4.92849
2489.88,0.0158238,0.000158238,13908,-2.94763,0,-4.92176
2489.29,0.0158314,0.000158314,13909,-2.96194,0,-4.91499
2488.69,0.015839,0.00015839,13910,-2.97624,0,-4.90819
2488.09,0.0158467,0.000158467,13911,-2.99054,0,-4.90135
2487.48,0.0158544,0.000158544,13912,-3.00482,0,-4.89447
2486.87,0.0158622,0.000158622,13913,-3.0191,0,-4.88756
2486.26,0.01587,0.0001587,13914,-3.03337,0,-4.88061
2485.65,0.0158778,0.000158778,13915,-3.04763,0,-4.87363
2485.03,0.0158857,0.000158857,13916,-3.06188,0,-4.86661
2484.41,0.0158936,0.000158936,13917,-3.07612,0,-4.85955
2483.79,0.0159016,0.000159016,13918,-3.09035,0,-4.85245
2483.16,0.0159096,0.000159096,13919,-3.10457,0,-4.84532
2482.53,0.0159176,0.000159176,13920,-3.11879,0,-4.83816
2481.9,0.0159257,0.000159257,13921,-3.13299,0,-4.83096
2481.27,0.0159339,0.000159339,13922,-3.14718,0,-4.82372
2480.63,0.0159421,0.000159421,13923,-3.16137,0,-4.81644
2479.99,0.0159503,0.000159503,13924,-3.17554,0,-4.80913
2479.35,0.0159586,0.000159586,13925,-3.18971,0,-4.80178
2478.7,0.0159669,0.000159669,13926,-3.20387,0,-4.79439
2478.06,0.0159752,0.000159752,13927,-3.21801,0,-4.78697
2477.4,0.0159836,0.000159836,13928,-3.23215,0,-4.77951
2476.75,0.0159921,0.000159921,13929,-3.24627,0,-4.77202
2476.09,0.0160005,0.000160005,13930,-3.26039,0,-4.76448
2475.43,0.0160091,0.000160091,13931,-3.2745,0,-4.75691
2474.77,0.0160176,0.000160176,13932,-3.28859,0,-4.74931
2474.11,0.0160263,0.000160263,13933,-3.30268,0,-4.74166
2473.44,0.0160349,0.000160349,13934,-3.31676,0,-4.73398
2472.77,0.0160436,0.000160436,13935,-3.33082,0,-4.72627
2472.1,0.0160523,0.000160523,13936,-3.34488,0,-4.71851
2471.42,0.0160611,0.000160611,13937,-3.35892,0,-4.71072
2470.74,0.01607,0.0001607,13938,-3.37296,0,-4.7029
2470.06,0.0160788,0.000160788,13939,-3.38698,0,-4.69503
2469.37,0.0160878,0.000160878,13940,-3.401,0,-4.68713
2468.69,0.0160967,0.000160967,13941,-3.415,0,-4.67919
2467.99,0.0161057,0.000161057,13942,-3.42899,0,-4.67121
2467.3,0.0161148,0.000161148,13943,-3.44297,0,-4.6632
2466.61,0.0161239,0.000161239,13944,-3.45694,0,-4.65515
2465.91,0.016133,0.00016133,13945,-3.4709,0,-4.64706
2465.21,0.0161422,0.000161422,13946,-3.48485,0,-4.63894
2464.5,0.0161514,0.000161514,13947,-3.49879,0,-4.63078
2463.79,0.0161607,0.000161607,13948,-3.51271,0,-4.62258
2463.08,0.01617,0.0001617,13949,-3.52663,0,-4.61434
2462.37,0.0161794,0.000161794,13950,-3.54053,0,-4.60606
2461.66,0.0161888,0.000161888,13951,-3.55442,0,-4.59775
2460.94,0.0161982,0.000161982,13952,-3.5683,0,-4.5894
2460.22,0.0162077,0.000162077,13953,-3.58217,0,-4.58102
2459.49,0.0162173,0.000162173,13954,-3.59603,0,-4.57259
2458.77,0.0162269,0.000162269,13955,-3.60988,0,-4.56413
2458.04,0.0162365,0.000162365,13956,-3.62371,0,-4.55563
2457.3,0.0162462,0.000162462,13957,-3.63753,0,-4.54709
2456.57,0.0162559,0.000162559,13958,-3.65134,0,-4.53852
2455.83,0.0162657,0.000162657,13959,-3.66514,0,-4.52991
2455.09,0.0162755,0.000162755,13960,-3.67893,0,-4.52126
2454.35,0.0162853,0.000162853,13961,-3.6927,0,-4.51257
2453.6,0.0162952,0.000162952,13962,-3.70646,0,-4.50384
2452.85,0.0163052,0.000163052,13963,-3.72021,0,-4.49508
2452.1,0.0163152,0.000163152,13964,-3.73395,0,-4.48628
2451.35,0.0163252,0.000163252,13965,-3.74768,0,-4.47744
2450.59,0.0163353,0.000163353,13966,-3.76139,0,-4.46856
2449.83,0.0163454,0.000163454,13967,-3.77509,0,-4.45964
2449.07,0.0163556,0.000163556,13968,-3.78877,0,-4.45069
2448.3,0.0163658,0.000163658,13969,-3.80245,0,-4.4417
2447.54,0.0163761,0.000163761,13970,-3.81611,0,-4.43267
2446.77,0.0163864,0.000163864,13971,-3.82976,0,-4.4236
2445.99,0.0163968,0.000163968,13972,-3.84339,0,-4.41449
2445.22,0.0164072,0.000164072,13973,-3.85702,0,-4.40535
2444.44,0.0164177,0.000164177,13974,-3.87063,0,-4.39617
2443.66,0.0164282,0.000164282,13975,-3.88422,0,-4.38695
2442.87,0.0164387,0.000164387,13976,-3.89781,0,-4.37769
2442.08,0.0164493,0.000164493,13977,-3.91138,0,-4.36839
2441.3,0.0164599,0.000164599,13978,-3.92493,0,-4.35905
2440.5,0.0164706,0.000164706,13979,-3.93847,0,-4.34968
2439.71,0.0164814,0.000164814,13980,-3.952,0,-4.34026
2438.91,0.0164922,0.000164922,13981,-3.96552,0,-4.33081
2438.11,0.016503,0.00016503,13982,-3.97902,0,-4.32132
2437.31,0.0165139,0.000165139,13983,-3.99251,0,-4.31179
2436.5,0.0165248,0.000165248,13984,-4.00598,0,-4.30223
2435.69,0.0165358,0.000165358,13985,-4.01944,0,-4.29262
2434.88,0.0165468,0.000165468,13986,-4.03289,0,-4.28298
2434.07,0.0165579,0.000165579,13987,-4.04632,0,-4.27329
2433.25,0.016569,0.00016569,13988,-4.05973,0,-4.26357
2432.43,0.0165801,0.000165801,13989,-4.07314,0,-4.25381
2431.61,0.0165913,0.000165913,13990,-4.08652,0,-4.24401
2430.78,0.0166026,0.000166026,13991,-4.0999,0,-4.23417
2429.96,0.0166139,0.000166139,13992,-4.11326,0,-4.2243
2429.13,0.0166253,0.000166253,13993,-4.1266,0,-4.21438
2428.29,0.0166367,0.000166367,13994,-4.13993,0,-4.20442
2427.46,0.0166481,0.000166481,13995,-4.15324,0,-4.19443
2426.62,0.0166596,0.000166596,13996,-4.16654,0,-4.1844
2425.78,0.0166712,0.000166712,13997,-4.17983,0,-4.17432
2424.94,0.0166828,0.000166828,13998,-4.1931,0,-4.16421
2424.09,0.0166944,0.000166944,13999,-4.20635,0,-4.15406
2423.24,0.0167061,0.000167061,14000,-4.21959,0,-4.14387
2422.39,0.0167179,0.000167179,14001,-4.23281,0,-4.13364
2421.54,0.0167296,0.000167296,14002,-4.24602,0,-4.12337
2420.68,0.0167415,0.000167415,14003,-4.25921,0,-4.11307
2419.82,0.0167534,0.000167534,14004,-4.27239,0,-4.10272
2418.96,0.0167653,0.000167653,14005,-4.28555,0,-4.09233
2418.1,0.0167773,0.000167773,14006,-4.29869,0,-4.08191
2417.23,0.0167893,0.000167893,14007,-4.31182,0,-4.07144
2416.36,0.0168014,0.000168014,14008,-4.32493,0,-4.06094
2415.49,0.0168136,0.000168136,14009,-4.33803,0,-4.05039
2414.61,0.0168257,0.000168257,14010,-4.35111,0,-4.03981
2413.73,0.016838,0.00016838,14011,-4.36417,0,-4.02918
2412.85,0.0168503,0.000168503,14012,-4.37722,0,-4.01852
2411.97,0.0168626,0.000168626,14013,-4.39025,0,-4.00782
2411.09,0.016875,0.00016875,14014,-4.40326,0,-3.99707
2410.2,0.0168874,0.000168874,14015,-4.41626,0,-3.98629
2409.31,0.0168999,0.000168999,14016,-4.42924,0,-3.97547
2408.41,0.0169124,0.000169124,14017,-4.4422,0,-3.96461
2407.52,0.016925,0.00016925,14018,-4.45515,0,-3.9537
2406.62,0.0169377,0.000169377,14019,-4.46808,0,-3.94276
2405.72,0.0169504,0.000169504,14020,-4.48099,0,-3.93178
2404.82,0.0169631,0.000169631,14021,-4.49388,0,-3.92076
2403.91,0.0169759,0.000169759,14022,-4.50676,0,-3.90969
2403,0.0169887,0.000169887,14023,-4.51962,0,-3.89859
2402.09,0.0170016,0.000170016,14024,-4.53246,0,-3.88745
2401.18,0.0170146,0.000170146,14025,-4.54529,0,-3.87627
2400.26,0.0170276,0.000170276,14026,-4.55809,0,-3.86504
2399.34,0.0170406,0.000170406,14027,-4.57088,0,-3.85378
2398.42,0.0170537,0.000170537,14028,-4.58365,0,-3.84248
2397.5,0.0170668,0.000170668,14029,-4.5964,0,-3.83114
2396.57,0.01708,0.0001708,14030,-4.60913,0,-3.81975
2395.64,0.0170933,0.000170933,14031,-4.62185,0,-3.80833
2394.71,0.0171066,0.000171066,14032,-4.63455,0,-3.79686
2393.78,0.0171199,0.000171199,14033,-4.64722,0,-3.78536
2392.84,0.0171333,0.000171333,14034,-4.65988,0,-3.77381
2391.9,0.0171468,0.000171468,14035,-4.67252,0,-3.76223
2390.96,0.0171603,0.000171603,14036,-4.68514,0,-3.7506
2390.01,0.0171739,0.000171739,14037,-4.69775,0,-3.73893
2389.07,0.0171875,0.000171875,14038,-4.71033,0,-3.72722
2388.12,0.0172012,0.000172012,14039,-4.72289,0,-3.71548
2387.17,0.0172149,0.000172149,14040,-4.73544,0,-3.70369
2386.21,0.0172286,0.000172286,14041,-4.74796,0,-3.69186
2385.26,0.0172425,0.000172425,14042,-4.76047,0,-3.67999
2384.3,0.0172563,0.000172563,14043,-4.77295,0,-3.66807
2383.33,0.0172703,0.000172703,14044,-4.78542,0,-3.65612
2382.37,0.0172843,0.000172843,14045,-4.79787,0,-3.64413
2381.4,0.0172983,0.000172983,14046,-4.81029,0,-3.63209
2380.43,0.0173124,0.000173124,14047,-4.8227,0,-3.62002
2379.46,0.0173265,0.000173265,14048,-4.83508,0,-3.6079
2378.49,0.0173407,0.000173407,14049,-4.84745,0,-3.59574
2377.51,0.017355,0.00017355,14050,-4.85979,0,-3.58355
2376.53,0.0173693,0.000173693,14051,-4.87212,0,-3.57131
2375.55,0.0173836,0.000173836,14052,-4.88442,0,-3.55903
2374.57,0.017398,0.00017398,14053,-4.8967,0,-3.5467
2373.58,0.0174125,0.000174125,14054,-4.90896,0,-3.53434
2372.59,0.017427,0.00017427,14055,-4.92121,0,-3.52194
2371.6,0.0174416,0.000174416,14056,-4.93342,0,-3.50949
2370.61,0.0174562,0.000174562,14057,-4.94562,0,-3.497
2369.61,0.0174709,0.000174709,14058,-4.9578,0,-3.48447
2368.61,0.0174856,0.000174856,14059,-4.96995,0,-3.4719
2367.61,0.0175004,0.000175004,14060,-4.98209,0,-3.45929
2366.61,0.0175153,0.000175153,14061,-4.9942,0,-3.44664
2365.6,0.0175302,0.000175302,14062,-5.00629,0,-3.43395
2364.59,0.0175451,0.000175451,14063,-5.01836,0,-3.42121
2363.58,0.0175601,0.000175601,14064,-5.0304,0,-3.40843
2362.57,0.0175752,0.000175752,14065,-5.04242,0,-3.39561
2361.55,0.0175903,0.000175903,14066,-5.05442,0,-3.38275
2360.54,0.0176055,0.000176055,14067,-5.0664,0,-3.36985
2359.52,0.0176207,0.000176207,14068,-5.07836,0,-3.3569
2358.49,0.017636,0.00017636,14069,-5.09029,0,-3.34392
2357.47,0.0176513,0.000176513,14070,-5.1022,0,-3.33089
2356.44,0.0176667,0.000176667,14071,-5.11409,0,-3.31782
2355.41,0.0176822,0.000176822,14072,-5.12595,0,-3.30471
2354.38,0.0176977,0.000176977,14073,-5.13779,0,-3.29156
2353.34,0.0177132,0.000177132,14074,-5.14961,0,-3.27836
2352.31,0.0177289,0.000177289,14075,-5.1614,0,-3.26512
2351.27,0.0177445,0.000177445,14076,-5.17317,0,-3.25184
2350.23,0.0177603,0.000177603,14077,-5.18492,0,-3.23852
2349.18,0.0177761,0.000177761,14078,-5.19664,0,-3.22516
2348.14,0.0177919,0.000177919,14079,-5.20833,0,-3.21175
2347.09,0.0178078,0.000178078,14080,-5.22001,0,-3.1983
2346.04,0.0178238,0.000178238,14081,-5.23166,0,-3.18481
2344.98,0.0178398,0.000178398,14082,-5.24328,0,-3.17128
2343.93,0.0178558,0.000178558,14083,-5.25488,0,-3.15771
2342.87,0.017872,0.00017872,14084,-5.26646,0,-3.14409
2341.81,0.0178882,0.000178882,14085,-5.27801,0,-3.13043
2340.75,0.0179044,0.000179044,14086,-5.28953,0,-3.11673
2339.68,0.0179207,0.000179207,14087,-5.30103,0,-3.10298
2338.62,0.0179371,0.000179371,14088,-5.31251,0,-3.0892
2337.55,0.0179535,0.000179535,14089,-5.32396,0,-3.07537
2336.47,0.0179699,0.000179699,14090,-5.33538,0,-3.0615
2335.4,0.0179865,0.000179865,14091,-5.34678,0,-3.04758
2334.32,0.0180031,0.000180031,14092,-5.35815,0,-3.03363
2333.25,0.0180197,0.000180197,14093,-5.36949,0,-3.01963
2332.17,0.0180364,0.000180364,14094,-5.38082,0,-3.00558
2331.08,0.0180532,0.000180532,14095,-5.39211,0,-2.9915
2330,0.01807,0.0001807,14096,-5.40338,0,-2.97737
2328.91,0.0180869,0.000180869,14097,-5.41462,0,-2.9632
2327.82,0.0181038,0.000181038,14098,-5.42583,0,-2.94899
2326.73,0.0181208,0.000181208,14099,-5.43702,0,-2.93473
2325.63,0.0181379,0.000181379,14100,-5.44818,0,-2.92044
2324.54,0.018155,0.00018155,14101,-5.45931,0,-2.90609
2323.44,0.0181722,0.000181722,14102,-5.47041,0,-2.89171
2322.34,0.0181894,0.000181894,14103,-5.48149,0,-2.87728
2321.24,0.0182067,0.000182067,14104,-5.49254,0,-2.86281
2320.13,0.018224,0.00018224,14105,-5.50356,0,-2.8483
2319.02,0.0182414,0.000182414,14106,-5.51456,0,-2.83375
2317.91,0.0182589,0.000182589,14107,-5.52553,0,-2.81915
2316.8,0.0182764,0.000182764,14108,-5.53646,0,-2.8045
2315.69,0.018294,0.00018294,14109,-5.54737,0,-2.78982
2314.57,0.0183117,0.000183117,14110,-5.55825,0,-2.77509
2313.45,0.0183294,0.000183294,14111,-5.56911,0,-2.76032
2312.33,0.0183471,0.000183471,14112,-5.57993,0,-2.74551
2311.21,0.018365,0.00018365,14113,-5.59073,0,-2.73065
2310.09,0.0183829,0.000183829,14114,-5.60149,0,-2.71575
2308.96,0.0184008,0.000184008,14115,-5.61223,0,-2.7008
2307.83,0.0184188,0.000184188,14116,-5.62293,0,-2.68582
2306.7,0.0184369,0.000184369,14117,-5.63361,0,-2.67079
2305.57,0.018455,0.00018455,14118,-5.64426,0,-2.65571
2304.43,0.0184732,0.000184732,14119,-5.65488,0,-2.6406
2303.29,0.0184914,0.000184914,14120,-5.66546,0,-2.62543
2302.15,0.0185098,0.000185098,14121,-5.67602,0,-2.61023
2301.01,0.0185281,0.000185281,14122,-5.68655,0,-2.59498
2299.87,0.0185466,0.000185466,14123,-5.69704,0,-2.57969
2298.72,0.0185651,0.000185651,14124,-5.70751,0,-2.56436
2297.57,0.0185836,0.000185836,14125,-5.71794,0,-2.54898
2296.42,0.0186022,0.000186022,14126,-5.72835,0,-2.53356
2295.27,0.0186209,0.000186209,14127,-5.73872,0,-2.51809
2294.12,0.0186397,0.000186397,14128,-5.74906,0,-2.50259
2292.96,0.0186585,0.000186585,14129,-5.75937,0,-2.48703
2291.8,0.0186773,0.000186773,14130,-5.76964,0,-2.47144
2290.64,0.0186963,0.000186963,14131,-5.77989,0,-2.4558
2289.48,0.0187152,0.000187152,14132,-5.7901,0,-2.44012
2288.32,0.0187343,0.000187343,14133,-5.80028,0,-2.42439
2287.15,0.0187534,0.000187534,14134,-5.81043,0,-2.40862
2285.98,0.0187726,0.000187726,14135,-5.82055,0,-2.39281
2284.81,0.0187918,0.000187918,14136,-5.83063,0,-2.37695
2283.64,0.0188111,0.000188111,14137,-5.84068,0,-2.36105
2282.46,0.0188305,0.000188305,14138,-5.8507,0,-2.3451
2281.29,0.0188499,0.000188499,14139,-5.86068,0,-2.32911
2280.11,0.0188694,0.000188694,14140,-5.87063,0,-2.31308
2278.93,0.018889,0.00018889,14141,-5.88055,0,-2.297
2277.75,0.0189086,0.000189086,14142,-5.89043,0,-2.28088
2276.56,0.0189283,0.000189283,14143,-5.90028,0,-2.26472
2275.37,0.018948,0.00018948,14144,-5.91009,0,-2.24851
2274.19,0.0189678,0.000189678,14145,-5.91987,0,-2.23226
2273,0.0189877,0.000189877,14146,-5.92962,0,-2.21596
2271.8,0.0190076,0.000190076,14147,-5.93933,0,-2.19962
2270.61,0.0190276,0.000190276,14148,-5.949,0,-2.18324
2269.41,0.0190477,0.000190477,14149,-5.95864,0,-2.16681
2268.22,0.0190678,0.000190678,14150,-5.96825,0,-2.15034
2267.02,0.019088,0.00019088,14151,-5.97782,0,-2.13382
2265.81,0.0191082,0.000191082,14152,-5.98735,0,-2.11726
2264.61,0.0191285,0.000191285,14153,-5.99685,0,-2.10066
2263.41,0.0191489,0.000191489,14154,-6.00631,0,-2.08401
2262.2,0.0191694,0.000191694,14155,-6.01574,0,-2.06732
2260.99,0.0191899,0.000191899,14156,-6.02513,0,-2.05058
2259.78,0.0192105,0.000192105,14157,-6.03448,0,-2.0338
2258.56,0.0192311,0.000192311,14158,-6.0438,0,-2.01698
2257.35,0.0192518,0.000192518,14159,-6.05307,0,-2.00011
2256.13,0.0192726,0.000192726,14160,-6.06232,0,-1.9832
2254.91,0.0192934,0.000192934,14161,-6.07152,0,-1.96624
2253.69,0.0193143,0.000193143,14162,-6.08069,0,-1.94924
2252.47,0.0193353,0.000193353,14163,-6.08982,0,-1.9322
2251.25,0.0193563,0.000193563,14164,-6.09891,0,-1.91511
2250.02,0.0193774,0.000193774,14165,-6.10796,0,-1.89797
2248.79,0.0193986,0.000193986,14166,-6.11697,0,-1.8808
2247.56,0.0194198,0.000194198,14167,-6.12595,0,-1.86358
2246.33,0.0194411,0.000194411,14168,-6.13489,0,-1.84631
2245.1,0.0194624,0.000194624,14169,-6.14378,0,-1.829
2243.87,0.0194839,0.000194839,14170,-6.15264,0,-1.81165
2242.63,0.0195054,0.000195054,14171,-6.16146,0,-1.79425
2241.39,0.0195269,0.000195269,14172,-6.17024,0,-1.77681
2240.15,0.0195485,0.000195485,14173,-6.17898,0,-1.75932
2238.91,0.0195702,0.000195702,14174,-6.18768,0,-1.74179
2237.67,0.019592,0.00019592,14175,-6.19634,0,-1.72422
2236.42,0.0196138,0.000196138,14176,-6.20496,0,-1.7066
2235.17,0.0196357,0.000196357,14177,-6.21354,0,-1.68894
2233.93,0.0196576,0.000196576,14178,-6.22208,0,-1.67123
2232.68,0.0196797,0.000196797,14179,-6.23058,0,-1.65348
2231.42,0.0197018,0.000197018,14180,-6.23903,0,-1.63569
2230.17,0.0197239,0.000197239,14181,-6.24745,0,-1.61785
2228.91,0.0197461,0.000197461,14182,-6.25582,0,-1.59996
2227.66,0.0197684,0.000197684,14183,-6.26415,0,-1.58204
2226.4,0.0197908,0.000197908,14184,-6.27244,0,-1.56406
2225.14,0.0198132,0.000198132,14185,-6.28068,0,-1.54605
2223.88,0.0198357,0.000198357,14186,-6.28889,0,-1.52799
2222.61,0.0198583,0.000198583,14187,-6.29705,0,-1.50989
2221.35,0.0198809,0.000198809,14188,-6.30517,0,-1.49174
2220.08,0.0199036,0.000199036,14189,-6.31324,0,-1.47355
2218.81,0.0199263,0.000199263,14190,-6.32127,0,-1.45531
2217.54,0.0199492,0.000199492,14191,-6.32926,0,-1.43703
2216.27,0.0199721,0.000199721,14192,-6.3372,0,-1.4187
2215,0.019995,0.00019995,14193,-6.3451,0,-1.40034
2213.72,0.0200181,0.000200181,14194,-6.35296,0,-1.38192
2212.45,0.0200412,0.000200412,14195,-6.36077,0,-1.36347
2211.17,0.0200643,0.000200643,14196,-6.36854,0,-1.34497
2209.89,0.0200876,0.000200876,14197,-6.37626,0,-1.32642
2208.61,0.0201109,0.000201109,14198,-6.38393,0,-1.30783
2207.33,0.0201342,0.000201342,14199,-6.39156,0,-1.2892
2206.04,0.0201577,0.000201577,14200,-6.39915,0,-1.27053
2204.76,0.0201812,0.000201812,14201,-6.40669,0,-1.25181
2203.47,0.0202048,0.000202048,14202,-6.41418,0,-1.23304
2202.18,0.0202284,0.000202284,14203,-6.42163,0,-1.21423
2200.89,0.0202521,0.000202521,14204,-6.42903,0,-1.19538
2199.6,0.0202759,0.000202759,14205,-6.43638,0,-1.17649
2198.31,0.0202998,0.000202998,14206,-6.44369,0,-1.15755
2197.02,0.0203237,0.000203237,14207,-6.45095,0,-1.13856
2195.72,0.0203477,0.000203477,14208,-6.45816,0,-1.11954
2194.42,0.0203717,0.000203717,14209,-6.46532,0,-1.10047
2193.13,0.0203959,0.000203959,14210,-6.47244,0,-1.08135
2191.83,0.0204201,0.000204201,14211,-6.4795,0,-1.06219
2190.52,0.0204443,0.000204443,14212,-6.48652,0,-1.04299
2189.22,0.0204687,0.000204687,14213,-6.49349,0,-1.02375
2187.92,0.0204931,0.000204931,14214,-6.50041,0,-1.00446
2186.61,0.0205175,0.000205175,14215,-6.50729,0,-0.985126
2185.31,0.0205421,0.000205421,14216,-6.51411,0,-0.96575
2184,0.0205667,0.000205667,14217,-6.52088,0,-0.946331
2182.69,0.0205914,0.000205914,14218,-6.5276,0,-0.926868
2181.38,0.0206161,0.000206161,14219,-6.53428,0,-0.907361
2180.07,0.0206409,0.000206409,14220,-6.5409,0,-0.887811
2178.75,0.0206658,0.000206658,14221,-6.54747,0,-0.868218
2177.44,0.0206908,0.000206908,14222,-6.55399,0,-0.848582
2176.12,0.0207158,0.000207158,14223,-6.56046,0,-0.828902
2174.8,0.0207409,0.000207409,14224,-6.56688,0,-0.809179
2173.49,0.0207661,0.000207661,14225,-6.57325,0,-0.789413
2172.17,0.0207914,0.000207914,14226,-6.57956,0,-0.769604
2170.85,0.0208167,0.000208167,14227,-6.58582,0,-0.749751
2169.52,0.020842,0.00020842,14228,-6.59203,0,-0.729856
2168.2,0.0208675,0.000208675,14229,-6.59819,0,-0.709918
2166.88,0.020893,0.00020893,14230,-6.60429,0,-0.689936
2165.55,0.0209186,0.000209186,14231,-6.61035,0,-0.669912
2164.22,0.0209443,0.000209443,14232,-6.61634,0,-0.649845
2162.89,0.02097,0.0002097,14233,-6.62229,0,-0.629735
2161.56,0.0209958,0.000209958,14234,-6.62818,0,-0.609582
2160.23,0.0210217,0.000210217,14235,-6.63401,0,-0.589386
2158.9,0.0210476,0.000210476,14236,-6.63979,0,-0.569148
2157.57,0.0210736,0.000210736,14237,-6.64552,0,-0.548867
2156.24,0.0210997,0.000210997,14238,-6.65119,0,-0.528544
2154.9,0.0211259,0.000211259,14239,-6.65681,0,-0.508178
2153.56,0.0211521,0.000211521,14240,-6.66237,0,-0.48777
2152.23,0.0211784,0.000211784,14241,-6.66787,0,-0.46732
2150.89,0.0212047,0.000212047,14242,-6.67332,0,-0.446827
2149.55,0.0212312,0.000212312,14243,-6.67871,0,-0.426292
2148.21,0.0212577,0.000212577,14244,-6.68405,0,-0.405715
2146.87,0.0212843,0.000212843,14245,-6.68932,0,-0.385095
2145.53,0.0213109,0.000213109,14246,-6.69455,0,-0.364434
2144.18,0.0213376,0.000213376,14247,-6.69971,0,-0.34373
2142.84,0.0213644,0.000213644,14248,-6.70482,0,-0.322985
2141.49,0.0213913,0.000213913,14249,-6.70986,0,-0.302198
2140.15,0.0214182,0.000214182,14250,-6.71485,0,-0.281369
2138.8,0.0214452,0.000214452,14251,-6.71978,0,-0.260499
2137.45,0.0214722,0.000214722,14252,-6.72466,0,-0.239586
2136.1,0.0214994,0.000214994,14253,-6.72947,0,-0.218633
2134.75,0.0215266,0.000215266,14254,-6.73422,0,-0.197638
2133.4,0.0215539,0.000215539,14255,-6.73892,0,-0.176601
2132.05,0.0215812,0.000215812,14256,-6.74355,0,-0.155523
2130.69,0.0216086,0.000216086,14257,-6.74813,0,-0.134404
2129.34,0.0216361,0.000216361,14258,-6.75264,0,-0.113244
2127.98,0.0216637,0.000216637,14259,-6.75709,0,-0.0920429
2126.63,0.0216913,0.000216913,14260,-6.76148,0,-0.0708008
2125.27,0.021719,0.00021719,14261,-6.76581,0,-0.0495178
2123.91,0.0217468,0.000217468,14262,-6.77008,0,-0.028194
2122.56,0.0217746,0.000217746,14263,-6.77429,0,-0.00682952
2121.2,0.0218026,0.000218026,14264,-6.77843,0,0.0145755
2119.84,0.0218305,0.000218305,14265,-6.78251,0,0.0360211
2118.48,0.0218586,0.000218586,14266,-6.78653,0,0.0575071
2117.11,0.0218867,0.000218867,14267,-6.79049,0,0.0790333
2115.75,0.0219149,0.000219149,14268,-6.79438,0,0.1006
2114.39,0.0219432,0.000219432,14269,-6.79821,0,0.122206
2113.02,0.0219715,0.000219715,14270,-6.80197,0,0.143853
2111.66,0.0219999,0.000219999,14271,-6.80568,0,0.165539
2110.29,0.0220284,0.000220284,14272,-6.80931,0,0.187266
2108.93,0.0220569,0.000220569,14273,-6.81288,0,0.209032
2107.56,0.0220856,0.000220856,14274,-6.81639,0,0.230837
2106.19,0.0221142,0.000221142,14275,-6.81983,0,0.252682
2104.83,0.022143,0.00022143,14276,-6.8232,0,0.274566
2103.46,0.0221718,0.000221718,14277,-6.82651,0,0.29649
2102.09,0.0222007,0.000222007,14278,-6.82975,0,0.318453
2100.72,0.0222297,0.000222297,14279,-6.83293,0,0.340454
2099.35,0.0222587,0.000222587,14280,-6.83604,0,0.362495
2097.98,0.0222878,0.000222878,14281,-6.83908,0,0.384574
2096.61,0.022317,0.00022317,14282,-6.84205,0,0.406692
2095.23,0.0223462,0.000223462,14283,-6.84496,0,0.428849
2093.86,0.0223756,0.000223756,14284,-6.8478,0,0.451044
2092.49,0.0224049,0.000224049,14285,-6.85057,0,0.473277
2091.11,0.0224344,0.000224344,14286,-6.85327,0,0.495548
2089.74,0.0224639,0.000224639,14287,-6.8559,0,0.517857
2088.36,0.0224935,0.000224935,14288,-6.85846,0,0.540204
2086.99,0.0225232,0.000225232,14289,-6.86095,0,0.562589
2085.61,0.0225529,0.000225529,14290,-6.86338,0,0.585011
2084.24,0.0225827,0.000225827,14291,-6.86573,0,0.607471
2082.86,0.0226125,0.000226125,14292,-6.86801,0,0.629968
2081.48,0.0226425,0.000226425,14293,-6.87022,0,0.652503
2080.1,0.0226725,0.000226725,14294,-6.87236,0,0.675074
2078.73,0.0227025,0.000227025,14295,-6.87443,0,0.697682
2077.35,0.0227327,0.000227327,14296,-6.87643,0,0.720327
2075.97,0.0227629,0.000227629,14297,-6.87835,0,0.743008
2074.59,0.0227932,0.000227932,14298,-6.8802,0,0.765726
2073.21,0.0228235,0.000228235,14299,-6.88198,0,0.78848
2071.83,0.0228539,0.000228539,14300,-6.88368,0,0.811271
2070.45,0.0228844,0.000228844,14301,-6.88532,0,0.834097
2069.07,0.0229149,0.000229149,14302,-6.88687,0,0.856959
2067.69,0.0229456,0.000229456,14303,-6.88836,0,0.879856
2066.31,0.0229762,0.000229762,14304,-6.88977,0,0.902789
2064.93,0.023007,0.00023007,14305,-6.8911,0,0.925757
2063.55,0.0230378,0.000230378,14306,-6.89236,0,0.948761
2062.16,0.0230687,0.000230687,14307,-6.89355,0,0.971799
2060.78,0.0230996,0.000230996,14308,-6.89466,0,0.994872
2059.4,0.0231307,0.000231307,14309,-6.89569,0,1.01798
2058.02,0.0231617,0.000231617,14310,-6.89665,0,1.04112
2056.63,0.0231929,0.000231929,14311,-6.89753,0,1.0643
2055.25,0.0232241,0.000232241,14312,-6.89833,0,1.08751
2053.87,0.0232554,0.000232554,14313,-6.89906,0,1.11075
2052.49,0.0232867,0.000232867,14314,-6.89971,0,1.13403
2051.1,0.0233181,0.000233182,14315,-6.90028,0,1.15734
2049.72,0.0233496,0.000233496,14316,-6.90077,0,1.18069
2048.34,0.0233812,0.000233812,14317,-6.90118,0,1.20406
2046.95,0.0234128,0.000234128,14318,-6.90152,0,1.22747
2045.57,0.0234445,0.000234445,14319,-6.90177,0,1.25092
2044.19,0.0234762,0.000234762,14320,-6.90195,0,1.27439
2042.8,0.023508,0.00023508,14321,-6.90204,0,1.2979
2041.42,0.0235399,0.000235399,14322,-6.90206,0,1.32144
2040.04,0.0235718,0.000235718,14323,-6.902,0,1.34501
2038.65,0.0236038,0.000236038,14324,-6.90185,0,1.36861
2037.27,0.0236359,0.000236359,14325,-6.90162,0,1.39225
2035.89,0.023668,0.00023668,14326,-6.90132,0,1.41592
2034.5,0.0237002,0.000237002,14327,-6.90093,0,1.43961
2033.12,0.0237324,0.000237325,14328,-6.90045,0,1.46334
2031.74,0.0237648,0.000237648,14329,-6.8999,0,1.4871
2030.36,0.0237971,0.000237971,14330,-6.89926,0,1.51089
2028.97,0.0238296,0.000238296,14331,-6.89854,0,1.53471
2027.59,0.0238621,0.000238621,14332,-6.89774,0,1.55855
2026.21,0.0238947,0.000238947,14333,-6.89685,0,1.58243
2024.83,0.0239273,0.000239273,14334,-6.89588,0,1.60634
2023.44,0.02396,0.0002396,14335,-6.89482,0,1.63028
2022.06,0.0239927,0.000239927,14336,-6.89368,0,1.65424
2020.68,0.0240255,0.000240255,14337,-6.89246,0,1.67824
2019.3,0.0240584,0.000240584,14338,-6.89114,0,1.70226
2017.92,0.0240913,0.000240913,14339,-6.88975,0,1.72631
2016.54,0.0241243,0.000241243,14340,-6.88826,0,1.75039
2015.16,0.0241574,0.000241574,14341,-6.88669,0,1.77449
2013.78,0.0241905,0.000241905,14342,-6.88504,0,1.79863
2012.4,0.0242237,0.000242237,14343,-6.88329,0,1.82279
2011.02,0.0242569,0.000242569,14344,-6.88146,0,1.84698
2009.64,0.0242902,0.000242902,14345,-6.87954,0,1.87119
2008.27,0.0243235,0.000243235,14346,-6.87753,0,1.89543
2006.89,0.024357,0.00024357,14347,-6.87544,0,1.9197
2005.51,0.0243904,0.000243904,14348,-6.87325,0,1.94399
2004.13,0.0244239,0.000244239,14349,-6.87098,0,1.96831
2002.76,0.0244575,0.000244575,14350,-6.86862,0,1.99265
2001.38,0.0244912,0.000244912,14351,-6.86616,0,2.01702
2000.01,0.0245249,0.000245249,14352,-6.86362,0,2.04141
1998.63,0.0245586,0.000245586,14353,-6.86099,0,2.06583
1997.26,0.0245924,0.000245924,14354,-6.85826,0,2.09027
1995.88,0.0246263,0.000246263,14355,-6.85545,0,2.11474
1994.51,0.0246602,0.000246602,14356,-6.85254,0,2.13922
1993.14,0.0246942,0.000246942,14357,-6.84954,0,2.16374
1991.77,0.0247282,0.000247282,14358,-6.84645,0,2.18827
1990.39,0.0247623,0.000247623,14359,-6.84327,0,2.21283
1989.02,0.0247964,0.000247964,14360,-6.84,0,2.23741
1987.65,0.0248306,0.000248306,14361,-6.83663,0,2.26201
1986.28,0.0248649,0.000248649,14362,-6.83316,0,2.28663
1984.92,0.0248992,0.000248992,14363,-6.82961,0,2.31127
1983.55,0.0249335,0.000249335,14364,-6.82596,0,2.33594
1982.18,0.0249679,0.000249679,14365,-6.82221,0,2.36062
1980.82,0.0250023,0.000250023,14366,-6.81838,0,2.38533
1979.45,0.0250368,0.000250369,14367,-6.81444,0,2.41006
1978.09,0.0250714,0.000250714,14368,-6.81041,0,2.4348
1976.72,0.025106,0.00025106,14369,-6.80629,0,2.45957
1975.36,0.0251407,0.000251407,14370,-6.80207,0,2.48435
1974,0.0251754,0.000251754,14371,-6.79775,0,2.50915
1972.64,0.0252101,0.000252101,14372,-6.79333,0,2.53397
1971.28,0.0252449,0.000252449,14373,-6.78882,0,2.55881
1969.92,0.0252798,0.000252798,14374,-6.78421,0,2.58367
1968.56,0.0253147,0.000253147,14375,-6.77951,0,2.60854
1967.2,0.0253496,0.000253496,14376,-6.7747,0,2.63343
1965.85,0.0253846,0.000253846,14377,-6.7698,0,2.65834
1964.49,0.0254196,0.000254196,14378,-6.7648,0,2.68326
1963.14,0.0254547,0.000254547,14379,-6.7597,0,2.7082
1961.78,0.0254898,0.000254898,14380,-6.7545,0,2.73315
1960.43,0.025525,0.00025525,14381,-6.7492,0,2.75812
1959.08,0.0255602,0.000255602,14382,-6.7438,0,2.78311
1957.73,0.0255955,0.000255955,14383,-6.7383,0,2.8081
1956.38,0.0256308,0.000256308,14384,-6.7327,0,2.83311
1955.03,0.0256661,0.000256661,14385,-6.727,0,2.85814
1953.69,0.0257015,0.000257015,14386,-6.7212,0,2.88318
1952.34,0.025737,0.00025737,14387,-6.7153,0,2.90823
1951,0.0257724,0.000257724,14388,-6.70929,0,2.93329
1949.65,0.025808,0.00025808,14389,-6.70319,0,2.95837
1948.31,0.0258435,0.000258435,14390,-6.69698,0,2.98345
1946.97,0.0258791,0.000258791,14391,-6.69066,0,3.00855
1945.63,0.0259147,0.000259147,14392,-6.68425,0,3.03366
1944.3,0.0259504,0.000259504,14393,-6.67773,0,3.05878
1942.96,0.0259861,0.000259861,14394,-6.67111,0,3.0839
1941.63,0.0260219,0.000260219,14395,-6.66438,0,3.10904
1940.29,0.0260576,0.000260576,14396,-6.65755,0,3.13419
1938.96,0.0260935,0.000260935,14397,-6.65061,0,3.15934
1937.63,0.0261293,0.000261293,14398,-6.64357,0,3.18451
1936.3,0.0261652,0.000261652,14399,-6.63643,0,3.20968
1934.97,0.0262011,0.000262011,14400,-6.62918,0,3.23486
1933.64,0.0262371,0.000262371,14401,-6.62182,0,3.26004
1932.32,0.0262731,0.000262731,14402,-6.61436,0,3.28523
1931,0.0263091,0.000263091,14403,-6.60679,0,3.31043
1929.67,0.0263452,0.000263452,14404,-6.59912,0,3.33563
1928.35,0.0263812,0.000263812,14405,-6.59133,0,3.36084
1927.04,0.0264174,0.000264174,14406,-6.58344,0,3.38605
1925.72,0.0264535,0.000264535,14407,-6.57545,0,3.41126
1924.4,0.0264897,0.000264897,14408,-6.56734,0,3.43648
1923.09,0.0265259,0.000265259,14409,-6.55913,0,3.46171
1921.78,0.0265621,0.000265621,14410,-6.55081,0,3.48693
1920.47,0.0265984,0.000265984,14411,-6.54237,0,3.51216
1919.16,0.0266347,0.000266347,14412,-6.53384,0,3.53739
1917.85,0.026671,0.00026671,14413,-6.52519,0,3.56262
1916.55,0.0267073,0.000267073,14414,-6.51643,0,3.58785
1915.24,0.0267437,0.000267437,14415,-6.50756,0,3.61308
1913.94,0.0267801,0.000267801,14416,-6.49858,0,3.63831
1912.64,0.0268165,0.000268165,14417,-6.48949,0,3.66354
1911.34,0.0268529,0.000268529,14418,-6.4803,0,3.68877
1910.05,0.0268894,0.000268894,14419,-6.47099,0,3.71399
1908.75,0.0269258,0.000269258,14420,-6.46156,0,3.73922
1907.46,0.0269623,0.000269623,14421,-6.45203,0,3.76444
1906.17,0.0269988,0.000269988,14422,-6.44239,0,3.78965
1904.88,0.0270354,0.000270354,14423,-6.43263,0,3.81487
1903.6,0.0270719,0.000270719,14424,-6.42276,0,3.84008
1902.31,0.0271085,0.000271085,14425,-6.41278,0,3.86528
1901.03,0.0271451,0.000271451,14426,-6.40269,0,3.89048
1899.75,0.0271817,0.000271817,14427,-6.39248,0,3.91567
1898.47,0.0272183,0.000272183,14428,-6.38216,0,3.94086
1897.2,0.0272549,0.000272549,14429,-6.37173,0,3.96604
1895.92,0.0272915,0.000272915,14430,-6.36119,0,3.99121
1894.65,0.0273282,0.000273282,14431,-6.35052,0,4.01637
1893.38,0.0273649,0.000273649,14432,-6.33975,0,4.04153
1892.11,0.0274015,0.000274015,14433,-6.32886,0,4.06667
1890.85,0.0274382,0.000274382,14434,-6.31786,0,4.09181
1889.58,0.0274749,0.000274749,14435,-6.30674,0,4.11693
1888.32,0.0275116,0.000275116,14436,-6.29551,0,4.14205
1887.07,0.0275483,0.000275483,14437,-6.28416,0,4.16715
1885.81,0.027585,0.00027585,14438,-6.27269,0,4.19224
1884.56,0.0276217,0.000276217,14439,-6.26111,0,4.21731
1883.3,0.0276585,0.000276585,14440,-6.24942,0,4.24238
1882.06,0.0276952,0.000276952,14441,-6.2376,0,4.26743
1880.81,0.0277319,0.000277319,14442,-6.22567,0,4.29246
1879.56,0.0277686,0.000277686,14443,-6.21363,0,4.31748
1878.32,0.0278054,0.000278054,14444,-6.20147,0,4.34249
1877.08,0.0278421,0.000278421,14445,-6.18919,0,4.36748
1875.85,0.0278788,0.000278788,14446,-6.17679,0,4.39245
1874.61,0.0279155,0.000279155,14447,-6.16428,0,4.4174
1873.38,0.0279523,0.000279523,14448,-6.15165,0,4.44234
1872.15,0.027989,0.00027989,14449,-6.1389,0,4.46725
1870.92,0.0280257,0.000280257,14450,-6.12603,0,4.49215
1869.7,0.0280624,0.000280624,14451,-6.11304,0,4.51703
1868.48,0.0280991,0.000280991,14452,-6.09994,0,4.54188
1867.26,0.0281358,0.000281358,14453,-6.08672,0,4.56672
1866.04,0.0281725,0.000281725,14454,-6.07338,0,4.59153
1864.83,0.0282091,0.000282091,14455,-6.05992,0,4.61632
1863.62,0.0282458,0.000282458,14456,-6.04634,0,4.64109
1862.41,0.0282825,0.000282825,14457,-6.03264,0,4.66584
1861.21,0.0283191,0.000283191,14458,-6.01882,0,4.69056
1860.01,0.0283557,0.000283557,14459,-6.00489,0,4.71525
1858.81,0.0283923,0.000283923,14460,-5.99083,0,4.73992
1857.61,0.0284289,0.000284289,14461,-5.97666,0,4.76456
1856.42,0.0284655,0.000284655,14462,-5.96236,0,4.78918
1855.22,0.028502,0.00028502,14463,-5.94794,0,4.81376
1854.04,0.0285386,0.000285386,14464,-5.93341,0,4.83832
1852.85,0.0285751,0.000285751,14465,-5.91875,0,4.86285
1851.67,0.0286116,0.000286116,14466,-5.90397,0,4.88735
1850.49,0.0286481,0.000286481,14467,-5.88908,0,4.91182
1849.31,0.0286845,0.000286845,14468,-5.87406,0,4.93626
1848.14,0.0287209,0.000287209,14469,-5.85892,0,4.96067
1846.97,0.0287573,0.000287573,14470,-5.84366,0,4.98504
1845.8,0.0287937,0.000287937,14471,-5.82828,0,5.00938
1844.64,0.02883,0.0002883,14472,-5.81277,0,5.03369
1843.48,0.0288664,0.000288664,14473,-5.79715,0,5.05796
1842.32,0.0289026,0.000289026,14474,-5.78141,0,5.0822
1841.17,0.0289389,0.000289389,14475,-5.76554,0,5.1064
1840.02,0.0289751,0.000289751,14476,-5.74955,0,5.13057
1838.87,0.0290113,0.000290113,14477,-5.73344,0,5.1547
1837.73,0.0290474,0.000290474,14478,-5.71721,0,5.17879
1836.58,0.0290835,0.000290835,14479,-5.70086,0,5.20284
1835.45,0.0291196,0.000291196,14480,-5.68439,0,5.22685
1834.31,0.0291556,0.000291556,14481,-5.66779,0,5.25082
1833.18,0.0291916,0.000291916,14482,-5.65107,0,5.27475
1832.05,0.0292276,0.000292276,14483,-5.63423,0,5.29864
1830.93,0.0292635,0.000292635,14484,-5.61727,0,5.32248
1829.81,0.0292994,0.000292994,14485,-5.60018,0,5.34629
1828.69,0.0293352,0.000293352,14486,-5.58298,0,5.37005
1827.58,0.029371,0.00029371,14487,-5.56565,0,5.39376
1826.47,0.0294067,0.000294067,14488,-5.5482,0,5.41743
1825.36,0.0294424,0.000294424,14489,-5.53063,0,5.44105
1824.26,0.029478,0.00029478,14490,-5.51293,0,5.46463
1823.16,0.0295136,0.000295136,14491,-5.49512,0,5.48816
1822.06,0.0295491,0.000295491,14492,-5.47718,0,5.51164
1820.97,0.0295846,0.000295846,14493,-5.45912,0,5.53507
1819.88,0.02962,0.0002962,14494,-5.44093,0,5.55845
1818.79,0.0296553,0.000296553,14495,-5.42263,0,5.58178
1817.71,0.0296907,0.000296907,14496,-5.4042,0,5.60506
1816.63,0.0297259,0.000297259,14497,-5.38565,0,5.62829
1815.56,0.0297611,0.000297611,14498,-5.36698,0,5.65147
1814.49,0.0297962,0.000297962,14499,-5.34818,0,5.67459
1813.42,0.0298313,0.000298313,14500,-5.32927,0,5.69765
1812.36,0.0298663,0.000298663,14501,-5.31023,0,5.72067
1811.3,0.0299012,0.000299012,14502,-5.29107,0,5.74362
1810.24,0.0299361,0.000299361,14503,-5.27179,0,5.76652
1809.19,0.0299709,0.000299709,14504,-5.25238,0,5.78936
1808.15,0.0300056,0.000300056,14505,-5.23286,0,5.81215
1807.1,0.0300402,0.000300402,14506,-5.21321,0,5.83487
1806.06,0.0300748,0.000300748,14507,-5.19344,0,5.85754
1805.03,0.0301093,0.000301093,14508,-5.17355,0,5.88014
1804,0.0301438,0.000301438,14509,-5.15354,0,5.90268
1802.97,0.0301781,0.000301781,14510,-5.1334,0,5.92516
1801.95,0.0302124,0.000302124,14511,-5.11315,0,5.94758
1800.93,0.0302466,0.000302466,14512,-5.09277,0,5.96993
1799.91,0.0302807,0.000302807,14513,-5.07228,0,5.99222
1798.9,0.0303148,0.000303148,14514,-5.05166,0,6.01445
1797.89,0.0303487,0.000303487,14515,-5.03092,0,6.0366
1796.89,0.0303826,0.000303826,14516,-5.01006,0,6.0587
1795.89,0.0304164,0.000304164,14517,-4.98908,0,6.08072
1794.9,0.0304501,0.000304501,14518,-4.96798,0,6.10267
1793.91,0.0304837,0.000304837,14519,-4.94676,0,6.12456
1792.92,0.0305172,0.000305172,14520,-4.92542,0,6.14637
1791.94,0.0305507,0.000305507,14521,-4.90396,0,6.16812
1790.97,0.030584,0.00030584,14522,-4.88238,0,6.18979
1789.99,0.0306173,0.000306173,14523,-4.86068,0,6.21139
1789.02,0.0306504,0.000306504,14524,-4.83886,0,6.23292
1788.06,0.0306835,0.000306835,14525,-4.81693,0,6.25437
1787.1,0.0307164,0.000307164,14526,-4.79487,0,6.27575
1786.15,0.0307493,0.000307493,14527,-4.77269,0,6.29705
1785.2,0.030782,0.00030782,14528,-4.7504,0,6.31827
1784.25,0.0308147,0.000308147,14529,-4.72799,0,6.33942
1783.31,0.0308472,0.000308472,14530,-4.70546,0,6.36049
1782.37,0.0308796,0.000308796,14531,-4.68281,0,6.38148
1781.44,0.030912,0.00030912,14532,-4.66004,0,6.40239
1780.51,0.0309442,0.000309442,14533,-4.63716,0,6.42322
1779.59,0.0309763,0.000309763,14534,-4.61416,0,6.44397
1778.67,0.0310083,0.000310083,14535,-4.59104,0,6.46464
1777.76,0.0310402,0.000310402,14536,-4.56781,0,6.48522
1776.85,0.031072,0.00031072,14537,-4.54446,0,6.50572
1775.94,0.0311036,0.000311036,14538,-4.52099,0,6.52613
1775.04,0.0311352,0.000311352,14539,-4.49741,0,6.54646
1774.15,0.0311666,0.000311666,14540,-4.47371,0,6.5667
1773.26,0.0311979,0.000311979,14541,-4.4499,0,6.58686
1772.37,0.031229,0.00031229,14542,-4.42597,0,6.60693
1771.49,0.0312601,0.000312601,14543,-4.40192,0,6.62691
1770.62,0.031291,0.00031291,14544,-4.37777,0,6.6468
1769.75,0.0313218,0.000313218,14545,-4.3535,0,6.66659
1768.88,0.0313525,0.000313525,14546,-4.32911,0,6.6863
1768.02,0.031383,0.00031383,14547,-4.30462,0,6.70592
1767.16,0.0314135,0.000314135,14548,-4.28,0,6.72544
1766.31,0.0314437,0.000314437,14549,-4.25528,0,6.74487
1765.47,0.0314739,0.000314739,14550,-4.23045,0,6.7642
1764.62,0.0315039,0.000315039,14551,-4.2055,0,6.78344
1763.79,0.0315338,0.000315338,14552,-4.18044,0,6.80258
1762.96,0.0315635,0.000315635,14553,-4.15527,0,6.82163
1762.13,0.0315931,0.000315931,14554,-4.12999,0,6.84058
1761.31,0.0316226,0.000316226,14555,-4.1046,0,6.85943
1760.5,0.0316519,0.000316519,14556,-4.0791,0,6.87818
1759.68,0.031681,0.00031681,14557,-4.05349,0,6.89683
1758.88,0.0317101,0.000317101,14558,-4.02777,0,6.91538
1758.08,0.0317389,0.000317389,14559,-4.00194,0,6.93383
1757.28,0.0317677,0.000317677,14560,-3.97601,0,6.95217
1756.49,0.0317962,0.000317962,14561,-3.94997,0,6.97041
1755.71,0.0318247,0.000318247,14562,-3.92381,0,6.98855
1754.93,0.0318529,0.000318529,14563,-3.89756,0,7.00658
1754.16,0.0318811,0.000318811,14564,-3.87119,0,7.02451
1753.39,0.031909,0.00031909,14565,-3.84472,0,7.04233
1752.62,0.0319368,0.000319368,14566,-3.81815,0,7.06004
1751.87,0.0319645,0.000319645,14567,-3.79147,0,7.07765
1751.11,0.031992,0.00031992,14568,-3.76469,0,7.09514
1750.37,0.0320193,0.000320193,14569,-3.7378,0,7.11253
1749.62,0.0320464,0.000320464,14570,-3.71081,0,7.1298
1748.89,0.0320734,0.000320734,14571,-3.68371,0,7.14697
1748.16,0.0321003,0.000321003,14572,-3.65652,0,7.16402
1747.43,0.0321269,0.000321269,14573,-3.62922,0,7.18096
1746.71,0.0321534,0.000321534,14574,-3.60182,0,7.19778
1746,0.0321797,0.000321797,14575,-3.57432,0,7.2145
1745.29,0.0322059,0.000322059,14576,-3.54672,0,7.23109
1744.58,0.0322319,0.000322319,14577,-3.51902,0,7.24757
1743.89,0.0322577,0.000322577,14578,-3.49122,0,7.26394
1743.19,0.0322833,0.000322833,14579,-3.46332,0,7.28018
1742.51,0.0323087,0.000323087,14580,-3.43533,0,7.29631
1741.83,0.032334,0.00032334,14581,-3.40723,0,7.31232
1741.15,0.0323591,0.000323591,14582,-3.37905,0,7.32821
1740.48,0.032384,0.00032384,14583,-3.35076,0,7.34398
1739.82,0.0324087,0.000324087,14584,-3.32238,0,7.35963
1739.16,0.0324332,0.000324332,14585,-3.2939,0,7.37516
1738.51,0.0324576,0.000324576,14586,-3.26534,0,7.39056
1737.86,0.0324818,0.000324818,14587,-3.23667,0,7.40584
1737.22,0.0325057,0.000325057,14588,-3.20792,0,7.421
1736.58,0.0325295,0.000325295,14589,-3.17907,0,7.43603
1735.95,0.0325531,0.000325531,14590,-3.15013,0,7.45093
1735.33,0.0325765,0.000325765,14591,-3.1211,0,7.46571
1734.71,0.0325997,0.000325997,14592,-3.09198,0,7.48037
1734.1,0.0326227,0.000326227,14593,-3.06277,0,7.49489
1733.49,0.0326455,0.000326455,14594,-3.03347,0,7.50929
1732.89,0.0326682,0.000326682,14595,-3.00408,0,7.52356
1732.3,0.0326906,0.000326906,14596,-2.9746,0,7.53769
1731.71,0.0327128,0.000327128,14597,-2.94504,0,7.5517
1731.13,0.0327348,0.000327348,14598,-2.91539,0,7.56558
1730.55,0.0327566,0.000327566,14599,-2.88566,0,7.57932
1729.98,0.0327782,0.000327782,14600,-2.85584,0,7.59293
1729.42,0.0327996,0.000327996,14601,-2.82594,0,7.60641
1728.86,0.0328208,0.000328208,14602,-2.79595,0,7.61976
1728.31,0.0328418,0.000328418,14603,-2.76589,0,7.63297
1727.76,0.0328626,0.000328626,14604,-2.73574,0,7.64604
1727.22,0.0328831,0.000328831,14605,-2.70551,0,7.65898
1726.69,0.0329035,0.000329035,14606,-2.6752,0,7.67179
1726.16,0.0329236,0.000329236,14607,-2.64481,0,7.68445
1725.64,0.0329435,0.000329435,14608,-2.61434,0,7.69698
1725.12,0.0329632,0.000329632,14609,-2.58379,0,7.70937
1724.61,0.0329827,0.000329827,14610,-2.55317,0,7.72162
1724.11,0.033002,0.00033002,14611,-2.52247,0,7.73373
1723.61,0.033021,0.00033021,14612,-2.49169,0,7.7457
1723.12,0.0330398,0.000330398,14613,-2.46084,0,7.75753
1722.63,0.0330585,0.000330585,14614,-2.42992,0,7.76922
1722.16,0.0330768,0.000330768,14615,-2.39893,0,7.78077
1721.68,0.033095,0.00033095,14616,-2.36786,0,7.79217
1721.22,0.0331129,0.000331129,14617,-2.33672,0,7.80343
1720.76,0.0331306,0.000331306,14618,-2.30551,0,7.81455
1720.3,0.0331481,0.000331481,14619,-2.27423,0,7.82552
1719.86,0.0331654,0.000331654,14620,-2.24288,0,7.83635
1719.42,0.0331824,0.000331824,14621,-2.21147,0,7.84703
1718.98,0.0331992,0.000331992,14622,-2.17998,0,7.85757
1718.55,0.0332157,0.000332157,14623,-2.14843,0,7.86796
1718.13,0.0332321,0.000332321,14624,-2.11682,0,7.8782
1717.71,0.0332481,0.000332481,14625,-2.08514,0,7.8883
1717.3,0.033264,0.00033264,14626,-2.0534,0,7.89824
1716.9,0.0332796,0.000332796,14627,-2.02159,0,7.90804
1716.5,0.033295,0.00033295,14628,-1.98973,0,7.91769
1716.11,0.0333101,0.000333101,14629,-1.9578,0,7.92719
1715.73,0.033325,0.00033325,14630,-1.92581,0,7.93654
1715.35,0.0333397,0.000333397,14631,-1.89377,0,7.94574
1714.98,0.0333541,0.000333541,14632,-1.86166,0,7.95478
1714.62,0.0333683,0.000333683,14633,-1.8295,0,7.96368
1714.26,0.0333823,0.000333823,14634,-1.79729,0,7.97242
1713.91,0.033396,0.00033396,14635,-1.76501,0,7.98101
1713.56,0.0334094,0.000334094,14636,-1.73269,0,7.98945
1713.22,0.0334226,0.000334226,14637,-1.70031,0,7.99773
1712.89,0.0334356,0.000334356,14638,-1.66788,0,8.00587
1712.57,0.0334483,0.000334483,14639,-1.63539,0,8.01384
1712.25,0.0334608,0.000334608,14640,-1.60286,0,8.02166
1711.94,0.033473,0.00033473,14641,-1.57028,0,8.02933
1711.63,0.0334849,0.000334849,14642,-1.53764,0,8.03684
1711.33,0.0334967,0.000334967,14643,-1.50496,0,8.04419
1711.04,0.0335081,0.000335081,14644,-1.47224,0,8.05139
1710.75,0.0335193,0.000335193,14645,-1.43947,0,8.05843
1710.47,0.0335303,0.000335303,14646,-1.40665,0,8.06531
1710.2,0.033541,0.00033541,14647,-1.37379,0,8.07204
1709.93,0.0335515,0.000335515,14648,-1.34089,0,8.07861
1709.67,0.0335617,0.000335617,14649,-1.30794,0,8.08502
1709.42,0.0335716,0.000335716,14650,-1.27496,0,8.09127
1709.17,0.0335813,0.000335813,14651,-1.24194,0,8.09736
1708.93,0.0335907,0.000335907,14652,-1.20887,0,8.10329
1708.7,0.0335999,0.000335999,14653,-1.17577,0,8.10907
1708.47,0.0336088,0.000336088,14654,-1.14264,0,8.11468
1708.25,0.0336175,0.000336175,14655,-1.10946,0,8.12013
1708.04,0.0336259,0.000336259,14656,-1.07626,0,8.12543
1707.83,0.033634,0.00033634,14657,-1.04302,0,8.13056
1707.63,0.0336419,0.000336419,14658,-1.00975,0,8.13553
1707.44,0.0336495,0.000336495,14659,-0.976441,0,8.14034
1707.25,0.0336569,0.000336569,14660,-0.943107,0,8.14499
1707.07,0.033664,0.00033664,14661,-0.909743,0,8.14947
1706.9,0.0336708,0.000336708,14662,-0.876351,0,8.1538
1706.73,0.0336774,0.000336774,14663,-0.842931,0,8.15796
1706.57,0.0336837,0.000336837,14664,-0.809486,0,8.16196
1706.42,0.0336898,0.000336898,14665,-0.776015,0,8.16579
1706.27,0.0336955,0.000336955,14666,-0.742521,0,8.16947
1706.13,0.0337011,0.000337011,14667,-0.709003,0,8.17298
1706,0.0337063,0.000337063,14668,-0.675463,0,8.17632
1705.87,0.0337113,0.000337113,14669,-0.641902,0,8.17951
1705.75,0.033716,0.00033716,14670,-0.608322,0,8.18253
1705.64,0.0337205,0.000337205,14671,-0.574723,0,8.18538
1705.53,0.0337247,0.000337247,14672,-0.541105,0,8.18807
1705.44,0.0337286,0.000337286,14673,-0.507472,0,8.1906
1705.34,0.0337323,0.000337323,14674,-0.473822,0,8.19296
1705.26,0.0337357,0.000337357,14675,-0.440158,0,8.19516
1705.18,0.0337388,0.000337388,14676,-0.406481,0,8.1972
1705.11,0.0337416,0.000337416,14677,-0.372791,0,8.19906
1705.04,0.0337442,0.000337442,14678,-0.33909,0,8.20077
1704.98,0.0337466,0.000337466,14679,-0.305378,0,8.20231
1704.93,0.0337486,0.000337486,14680,-0.271658,0,8.20368
1704.88,0.0337504,0.000337504,14681,-0.237929,0,8.20489
1704.85,0.0337519,0.000337519,14682,-0.204193,0,8.20594
1704.81,0.0337532,0.000337532,14683,-0.170452,0,8.20682
1704.79,0.0337542,0.000337542,14684,-0.136705,0,8.20753
1704.77,0.0337549,0.000337549,14685,-0.102955,0,8.20808
1704.76,0.0337553,0.000337553,14686,-0.0692014,0,8.20846
1704.76,0.0337555,0.000337555,14687,-0.0354466,0,8.20868
1704.76,0.0337554,0.000337554,14688,-0.00169121,0,8.20874
1704.77,0.0337551,0.000337551,14689,0.0320637,0,8.20862
1704.78,0.0337545,0.000337545,14690,0.065817,0,8.20835
1704.8,0.0337536,0.000337536,14691,0.0995677,0,8.2079
1704.83,0.0337524,0.000337524,14692,0.133315,0,8.2073
1704.87,0.033751,0.00033751,14693,0.167057,0,8.20652
1704.91,0.0337493,0.000337493,14694,0.200793,0,8.20559
1704.96,0.0337473,0.000337473,14695,0.234522,0,8.20448
1705.02,0.0337451,0.000337451,14696,0.268244,0,8.20321
1705.08,0.0337426,0.000337426,14697,0.301956,0,8.20178
1705.15,0.0337398,0.000337398,14698,0.335658,0,8.20018
1705.23,0.0337368,0.000337368,14699,0.369348,0,8.19842
1705.31,0.0337335,0.000337335,14700,0.403027,0,8.19649
1705.4,0.0337299,0.000337299,14701,0.436692,0,8.1944
1705.5,0.0337261,0.000337261,14702,0.470342,0,8.19215
1705.6,0.033722,0.00033722,14703,0.503977,0,8.18973
1705.71,0.0337176,0.000337176,14704,0.537596,0,8.18714
1705.83,0.033713,0.00033713,14705,0.571197,0,8.18439
1705.95,0.0337081,0.000337081,14706,0.604779,0,8.18148
1706.08,0.0337029,0.000337029,14707,0.638341,0,8.1784
1706.22,0.0336975,0.000336975,14708,0.671882,0,8.17516
1706.37,0.0336918,0.000336918,14709,0.705402,0,8.17176
1706.52,0.0336859,0.000336859,14710,0.738898,0,8.1682
1706.67,0.0336797,0.000336797,14711,0.772371,0,8.16447
1706.84,0.0336732,0.000336732,14712,0.805819,0,8.16057
1707.01,0.0336664,0.000336664,14713,0.83924,0,8.15652
1707.19,0.0336594,0.000336594,14714,0.872634,0,8.1523
1707.37,0.0336522,0.000336522,14715,0.906,0,8.14793
1707.56,0.0336446,0.000336446,14716,0.939337,0,8.14339
1707.76,0.0336368,0.000336368,14717,0.972644,0,8.13868
1707.96,0.0336288,0.000336288,14718,1.00592,0,8.13382
1708.18,0.0336205,0.000336205,14719,1.03916,0,8.1288
1708.39,0.0336119,0.000336119,14720,1.07237,0,8.12361
1708.62,0.0336031,0.000336031,14721,1.10555,0,8.11827
1708.85,0.033594,0.00033594,14722,1.13869,0,8.11276
1709.09,0.0335847,0.000335847,14723,1.17179,0,8.1071
1709.33,0.0335751,0.000335751,14724,1.20486,0,8.10127
1709.58,0.0335652,0.000335652,14725,1.23788,0,8.09529
1709.84,0.0335551,0.000335551,14726,1.27087,0,8.08915
1710.1,0.0335447,0.000335447,14727,1.30382,0,8.08285
1710.37,0.0335341,0.000335341,14728,1.33673,0,8.07639
1710.65,0.0335232,0.000335232,14729,1.36959,0,8.06977
1710.94,0.0335121,0.000335121,14730,1.40241,0,8.06299
1711.23,0.0335007,0.000335007,14731,1.43519,0,8.05606
1711.52,0.0334891,0.000334891,14732,1.46792,0,8.04897
1711.83,0.0334772,0.000334772,14733,1.5006,0,8.04173
1712.14,0.0334651,0.000334651,14734,1.53324,0,8.03433
1712.45,0.0334527,0.000334527,14735,1.56582,0,8.02677
1712.78,0.0334401,0.000334401,14736,1.59836,0,8.01906
1713.11,0.0334272,0.000334272,14737,1.63085,0,8.0112
1713.44,0.0334141,0.000334141,14738,1.66329,0,8.00318
1713.79,0.0334007,0.000334007,14739,1.69567,0,7.995
1714.14,0.0333871,0.000333871,14740,1.72801,0,7.98668
1714.49,0.0333733,0.000333733,14741,1.76028,0,7.9782
1714.85,0.0333592,0.000333592,14742,1.79251,0,7.96956
1715.22,0.0333448,0.000333448,14743,1.82467,0,7.96078
1715.6,0.0333302,0.000333302,14744,1.85678,0,7.95184
1715.98,0.0333154,0.000333154,14745,1.88884,0,7.94276
1716.37,0.0333004,0.000333004,14746,1.92083,0,7.93352
1716.76,0.0332851,0.000332851,14747,1.95276,0,7.92413
1717.16,0.0332695,0.000332695,14748,1.98464,0,7.91459
1717.57,0.0332537,0.000332537,14749,2.01645,0,7.90491
1717.98,0.0332377,0.000332377,14750,2.0482,0,7.89507
1718.4,0.0332215,0.000332215,14751,2.07988,0,7.88509
1718.83,0.033205,0.00033205,14752,2.11151,0,7.87496
1719.26,0.0331883,0.000331883,14753,2.14306,0,7.86468
1719.7,0.0331714,0.000331714,14754,2.17455,0,7.85426
1720.15,0.0331542,0.000331542,14755,2.20598,0,7.84369
1720.6,0.0331368,0.000331368,14756,2.23733,0,7.83297
1721.06,0.0331192,0.000331192,14757,2.26862,0,7.82211
1721.52,0.0331013,0.000331013,14758,2.29984,0,7.81111
1721.99,0.0330832,0.000330832,14759,2.33099,0,7.79996
1722.47,0.0330649,0.000330649,14760,2.36207,0,7.78867
1722.95,0.0330464,0.000330464,14761,2.39307,0,7.77724
1723.44,0.0330277,0.000330277,14762,2.42401,0,7.76566
1723.93,0.0330087,0.000330087,14763,2.45487,0,7.75395
1724.43,0.0329895,0.000329895,14764,2.48565,0,7.74209
1724.94,0.0329701,0.000329701,14765,2.51636,0,7.73009
1725.46,0.0329505,0.000329505,14766,2.54699,0,7.71796
1725.98,0.0329306,0.000329306,14767,2.57755,0,7.70568
1726.5,0.0329106,0.000329106,14768,2.60803,0,7.69327
1727.03,0.0328903,0.000328903,14769,2.63843,0,7.68072
1727.57,0.0328698,0.000328698,14770,2.66875,0,7.66803
1728.12,0.0328491,0.000328491,14771,2.699,0,7.6552
1728.67,0.0328282,0.000328282,14772,2.72916,0,7.64224
1729.22,0.0328071,0.000328071,14773,2.75924,0,7.62915
1729.78,0.0327857,0.000327857,14774,2.78924,0,7.61592
1730.35,0.0327642,0.000327642,14775,2.81915,0,7.60256
1730.93,0.0327425,0.000327425,14776,2.84898,0,7.58906
1731.51,0.0327205,0.000327205,14777,2.87873,0,7.57543
1732.09,0.0326984,0.000326984,14778,2.90839,0,7.56167
1732.69,0.032676,0.000326761,14779,2.93797,0,7.54778
1733.28,0.0326535,0.000326535,14780,2.96746,0,7.53376
1733.89,0.0326308,0.000326308,14781,2.99686,0,7.51961
1734.5,0.0326078,0.000326078,14782,3.02618,0,7.50533
1735.11,0.0325847,0.000325847,14783,3.0554,0,7.49092
1735.73,0.0325613,0.000325613,14784,3.08454,0,7.47639
1736.36,0.0325378,0.000325378,14785,3.11359,0,7.46172
1737,0.0325141,0.000325141,14786,3.14254,0,7.44694
1737.63,0.0324902,0.000324902,14787,3.17141,0,7.43202
1738.28,0.0324661,0.000324661,14788,3.20018,0,7.41698
1738.93,0.0324418,0.000324418,14789,3.22886,0,7.40182
1739.59,0.0324173,0.000324173,14790,3.25745,0,7.38654
1740.25,0.0323927,0.000323927,14791,3.28594,0,7.37113
1740.92,0.0323678,0.000323678,14792,3.31434,0,7.3556
1741.59,0.0323428,0.000323428,14793,3.34265,0,7.33995
1742.27,0.0323176,0.000323176,14794,3.37085,0,7.32418
1742.95,0.0322922,0.000322922,14795,3.39897,0,7.30829
1743.64,0.0322667,0.000322667,14796,3.42698,0,7.29228
1744.34,0.0322409,0.000322409,14797,3.4549,0,7.27615
1745.04,0.032215,0.00032215,14798,3.48272,0,7.2599
1745.75,0.0321889,0.000321889,14799,3.51044,0,7.24354
1746.46,0.0321627,0.000321627,14800,3.53806,0,7.22707
1747.18,0.0321362,0.000321362,14801,3.56558,0,7.21047
1747.9,0.0321096,0.000321096,14802,3.593,0,7.19377
1748.63,0.0320829,0.000320829,14803,3.62033,0,7.17695
1749.36,0.0320559,0.000320559,14804,3.64754,0,7.16002
1750.1,0.0320288,0.000320288,14805,3.67466,0,7.14297
1750.85,0.0320016,0.000320016,14806,3.70168,0,7.12582
1751.6,0.0319741,0.000319741,14807,3.72859,0,7.10855
1752.36,0.0319465,0.000319465,14808,3.7554,0,7.09118
1753.12,0.0319188,0.000319188,14809,3.7821,0,7.07369
1753.89,0.0318909,0.000318909,14810,3.8087,0,7.0561
1754.66,0.0318628,0.000318628,14811,3.8352,0,7.0384
1755.43,0.0318346,0.000318346,14812,3.86159,0,7.0206
1756.22,0.0318062,0.000318062,14813,3.88787,0,7.00269
1757.01,0.0317777,0.000317777,14814,3.91405,0,6.98467
1757.8,0.031749,0.00031749,14815,3.94012,0,6.96655
1758.6,0.0317202,0.000317202,14816,3.96608,0,6.94833
1759.4,0.0316912,0.000316912,14817,3.99194,0,6.93
1760.21,0.0316621,0.000316621,14818,4.01768,0,6.91157
1761.02,0.0316329,0.000316329,14819,4.04332,0,6.89305
1761.84,0.0316035,0.000316035,14820,4.06885,0,6.87442
1762.67,0.0315739,0.000315739,14821,4.09427,0,6.85569
1763.5,0.0315442,0.000315442,14822,4.11958,0,6.83686
1764.33,0.0315144,0.000315144,14823,4.14478,0,6.81794
1765.17,0.0314844,0.000314844,14824,4.16987,0,6.79892
1766.01,0.0314543,0.000314543,14825,4.19485,0,6.7798
1766.86,0.0314241,0.000314241,14826,4.21972,0,6.76059
1767.72,0.0313937,0.000313937,14827,4.24447,0,6.74129
1768.58,0.0313632,0.000313632,14828,4.26912,0,6.72189
1769.44,0.0313326,0.000313326,14829,4.29365,0,6.70239
1770.31,0.0313018,0.000313018,14830,4.31807,0,6.68281
1771.18,0.031271,0.00031271,14831,4.34237,0,6.66314
1772.06,0.03124,0.0003124,14832,4.36656,0,6.64337
1772.95,0.0312088,0.000312088,14833,4.39064,0,6.62351
1773.84,0.0311776,0.000311776,14834,4.41461,0,6.60357
1774.73,0.0311462,0.000311462,14835,4.43846,0,6.58354
1775.63,0.0311147,0.000311147,14836,4.46219,0,6.56342
1776.53,0.0310831,0.000310831,14837,4.48581,0,6.54321
1777.44,0.0310513,0.000310514,14838,4.50931,0,6.52292
1778.35,0.0310195,0.000310195,14839,4.5327,0,6.50254
1779.27,0.0309875,0.000309875,14840,4.55598,0,6.48209
1780.19,0.0309555,0.000309555,14841,4.57913,0,6.46154
1781.11,0.0309233,0.000309233,14842,4.60217,0,6.44092
1782.04,0.030891,0.00030891,14843,4.6251,0,6.42021
1782.98,0.0308586,0.000308586,14844,4.6479,0,6.39942
1783.92,0.0308261,0.000308261,14845,4.67059,0,6.37856
1784.86,0.0307935,0.000307935,14846,4.69317,0,6.35761
1785.81,0.0307608,0.000307608,14847,4.71562,0,6.33659
1786.77,0.030728,0.00030728,14848,4.73796,0,6.31549
1787.72,0.030695,0.00030695,14849,4.76018,0,6.29431
1788.69,0.030662,0.00030662,14850,4.78228,0,6.27305
1789.65,0.0306289,0.000306289,14851,4.80426,0,6.25173
1790.62,0.0305957,0.000305957,14852,4.82612,0,6.23032
1791.6,0.0305624,0.000305624,14853,4.84787,0,6.20885
1792.58,0.030529,0.00030529,14854,4.86949,0,6.1873
1793.56,0.0304955,0.000304955,14855,4.891,0,6.16568
1794.55,0.0304619,0.000304619,14856,4.91239,0,6.14399
1795.54,0.0304282,0.000304282,14857,4.93365,0,6.12222
1796.54,0.0303945,0.000303945,14858,4.9548,0,6.10039
1797.54,0.0303606,0.000303606,14859,4.97583,0,6.07849
1798.55,0.0303267,0.000303267,14860,4.99674,0,6.05653
1799.56,0.0302927,0.000302927,14861,5.01753,0,6.03449
1800.57,0.0302586,0.000302586,14862,5.03819,0,6.01239
1801.59,0.0302244,0.000302244,14863,5.05874,0,5.99022
1802.61,0.0301902,0.000301902,14864,5.07917,0,5.96799
1803.64,0.0301558,0.000301558,14865,5.09947,0,5.9457
1804.67,0.0301214,0.000301214,14866,5.11966,0,5.92334
1805.7,0.0300869,0.000300869,14867,5.13972,0,5.90092
1806.74,0.0300524,0.000300524,14868,5.15967,0,5.87844
1807.78,0.0300177,0.000300177,14869,5.17949,0,5.8559
1808.83,0.029983,0.00029983,14870,5.19919,0,5.8333
1809.88,0.0299483,0.000299483,14871,5.21877,0,5.81064
1810.93,0.0299134,0.000299134,14872,5.23823,0,5.78792
1811.99,0.0298785,0.000298785,14873,5.25757,0,5.76514
1813.05,0.0298435,0.000298435,14874,5.27679,0,5.74231
1814.11,0.0298085,0.000298085,14875,5.29588,0,5.71942
1815.18,0.0297734,0.000297734,14876,5.31486,0,5.69648
1816.26,0.0297382,0.000297382,14877,5.33371,0,5.67348
1817.33,0.029703,0.00029703,14878,5.35244,0,5.65042
1818.41,0.0296677,0.000296677,14879,5.37105,0,5.62732
1819.5,0.0296324,0.000296324,14880,5.38953,0,5.60416
1820.58,0.029597,0.00029597,14881,5.4079,0,5.58095
1821.68,0.0295615,0.000295615,14882,5.42615,0,5.55769
1822.77,0.029526,0.00029526,14883,5.44427,0,5.53438
1823.87,0.0294905,0.000294905,14884,5.46227,0,5.51102
1824.97,0.0294549,0.000294549,14885,5.48015,0,5.48761
1826.08,0.0294192,0.000294192,14886,5.49791,0,5.46416
1827.19,0.0293835,0.000293835,14887,5.51554,0,5.44066
1828.3,0.0293477,0.000293477,14888,5.53306,0,5.41711
1829.42,0.0293119,0.000293119,14889,5.55045,0,5.39351
1830.54,0.0292761,0.000292761,14890,5.56772,0,5.36988
1831.66,0.0292402,0.000292402,14891,5.58487,0,5.34619
1832.79,0.0292042,0.000292042,14892,5.6019,0,5.32247
1833.92,0.0291683,0.000291683,14893,5.61881,0,5.2987
1835.05,0.0291322,0.000291322,14894,5.63559,0,5.27489
1836.19,0.0290962,0.000290962,14895,5.65226,0,5.25104
1837.33,0.0290601,0.000290601,14896,5.6688,0,5.22715
1838.47,0.0290239,0.000290239,14897,5.68522,0,5.20321
1839.62,0.0289878,0.000289878,14898,5.70152,0,5.17924
1840.77,0.0289516,0.000289516,14899,5.7177,0,5.15523
1841.92,0.0289153,0.000289153,14900,5.73376,0,5.13119
1843.07,0.0288791,0.000288791,14901,5.7497,0,5.10711
1844.23,0.0288428,0.000288428,14902,5.76551,0,5.08299
1845.4,0.0288064,0.000288064,14903,5.78121,0,5.05883
1846.56,0.0287701,0.000287701,14904,5.79678,0,5.03464
1847.73,0.0287337,0.000287337,14905,5.81224,0,5.01042
1848.9,0.0286973,0.000286973,14906,5.82757,0,4.98616
1850.08,0.0286608,0.000286608,14907,5.84279,0,4.96187
1851.26,0.0286244,0.000286244,14908,5.85788,0,4.93755
1852.44,0.0285879,0.000285879,14909,5.87285,0,4.9132
1853.62,0.0285514,0.000285514,14910,5.88771,0,4.88881
1854.81,0.0285149,0.000285149,14911,5.90244,0,4.8644
1856,0.0284783,0.000284783,14912,5.91705,0,4.83996
1857.19,0.0284417,0.000284417,14913,5.93155,0,4.81549
1858.39,0.0284052,0.000284052,14914,5.94592,0,4.79099
1859.58,0.0283686,0.000283686,14915,5.96018,0,4.76646
1860.79,0.0283319,0.000283319,14916,5.97431,0,4.7419
1861.99,0.0282953,0.000282953,14917,5.98833,0,4.71733
1863.2,0.0282587,0.000282587,14918,6.00223,0,4.69272
1864.41,0.028222,0.00028222,14919,6.01601,0,4.66809
1865.62,0.0281853,0.000281853,14920,6.02967,0,4.64344
1866.83,0.0281487,0.000281487,14921,6.04321,0,4.61876
1868.05,0.028112,0.00028112,14922,6.05663,0,4.59406
1869.27,0.0280753,0.000280753,14923,6.06994,0,4.56934
1870.49,0.0280386,0.000280386,14924,6.08312,0,4.54459
1871.72,0.0280019,0.000280019,14925,6.09619,0,4.51983
1872.95,0.0279651,0.000279651,14926,6.10914,0,4.49504
1874.18,0.0279284,0.000279284,14927,6.12198,0,4.47024
1875.41,0.0278917,0.000278917,14928,6.1347,0,4.44541
1876.65,0.027855,0.00027855,14929,6.1473,0,4.42057
1877.89,0.0278182,0.000278182,14930,6.15978,0,4.39571
1879.13,0.0277815,0.000277815,14931,6.17215,0,4.37083
1880.37,0.0277448,0.000277448,14932,6.1844,0,4.34594
1881.62,0.0277081,0.000277081,14933,6.19653,0,4.32103
1882.87,0.0276713,0.000276713,14934,6.20855,0,4.29611
1884.12,0.0276346,0.000276346,14935,6.22045,0,4.27116
1885.37,0.0275979,0.000275979,14936,6.23223,0,4.24621
1886.62,0.0275612,0.000275612,14937,6.24391,0,4.22124
1887.88,0.0275245,0.000275245,14938,6.25546,0,4.19626
1889.14,0.0274878,0.000274878,14939,6.2669,0,4.17127
1890.4,0.0274511,0.000274511,14940,6.27823,0,4.14626
1891.67,0.0274144,0.000274144,14941,6.28944,0,4.12124
1892.94,0.0273777,0.000273777,14942,6.30053,0,4.09622
1894.2,0.0273411,0.000273411,14943,6.31152,0,4.07118
1895.48,0.0273044,0.000273044,14944,6.32238,0,4.04613
1896.75,0.0272678,0.000272678,14945,6.33314,0,4.02107
1898.02,0.0272311,0.000272311,14946,6.34378,0,3.99601
1899.3,0.0271945,0.000271945,14947,6.35431,0,3.97093
1900.58,0.0271579,0.000271579,14948,6.36472,0,3.94585
1901.86,0.0271213,0.000271213,14949,6.37503,0,3.92076
1903.15,0.0270847,0.000270847,14950,6.38522,0,3.89567
1904.43,0.0270482,0.000270482,14951,6.39529,0,3.87057
1905.72,0.0270117,0.000270117,14952,6.40526,0,3.84546
1907.01,0.0269751,0.000269751,14953,6.41511,0,3.82035
1908.3,0.0269386,0.000269386,14954,6.42486,0,3.79523
1909.59,0.0269022,0.000269022,14955,6.43449,0,3.77012
1910.89,0.0268657,0.000268657,14956,6.44401,0,3.74499
1912.19,0.0268293,0.000268293,14957,6.45342,0,3.71987
1913.49,0.0267928,0.000267928,14958,6.46272,0,3.69474
1914.79,0.0267564,0.000267564,14959,6.47191,0,3.66961
1916.09,0.0267201,0.000267201,14960,6.48099,0,3.64448
1917.39,0.0266837,0.000266837,14961,6.48996,0,3.61935
1918.7,0.0266474,0.000266474,14962,6.49882,0,3.59422
1920.01,0.0266111,0.000266111,14963,6.50757,0,3.56909
1921.32,0.0265748,0.000265748,14964,6.51621,0,3.54396
1922.63,0.0265386,0.000265386,14965,6.52475,0,3.51883
1923.94,0.0265024,0.000265024,14966,6.53317,0,3.4937
1925.26,0.0264662,0.000264662,14967,6.54149,0,3.46858
1926.57,0.02643,0.0002643,14968,6.5497,0,3.44345
1927.89,0.0263939,0.000263939,14969,6.5578,0,3.41834
1929.21,0.0263578,0.000263578,14970,6.5658,0,3.39322
1930.53,0.0263217,0.000263217,14971,6.57369,0,3.36811
1931.86,0.0262857,0.000262857,14972,6.58147,0,3.343
1933.18,0.0262497,0.000262497,14973,6.58915,0,3.3179
1934.51,0.0262137,0.000262137,14974,6.59672,0,3.2928
1935.83,0.0261778,0.000261778,14975,6.60418,0,3.26771
1937.16,0.0261419,0.000261419,14976,6.61154,0,3.24263
1938.49,0.026106,0.00026106,14977,6.61879,0,3.21755
1939.82,0.0260702,0.000260702,14978,6.62594,0,3.19248
1941.16,0.0260344,0.000260344,14979,6.63299,0,3.16741
1942.49,0.0259987,0.000259987,14980,6.63993,0,3.14236
1943.83,0.0259629,0.000259629,14981,6.64676,0,3.11731
1945.16,0.0259272,0.000259272,14982,6.6535,0,3.09227
1946.5,0.0258916,0.000258916,14983,6.66013,0,3.06725
1947.84,0.025856,0.00025856,14984,6.66665,0,3.04223
1949.18,0.0258204,0.000258204,14985,6.67308,0,3.01722
1950.53,0.0257849,0.000257849,14986,6.6794,0,2.99222
1951.87,0.0257494,0.000257494,14987,6.68562,0,2.96723
1953.21,0.025714,0.00025714,14988,6.69174,0,2.94226
1954.56,0.0256786,0.000256786,14989,6.69776,0,2.91729
1955.91,0.0256432,0.000256432,14990,6.70367,0,2.89234
1957.26,0.0256079,0.000256079,14991,6.70949,0,2.8674
1958.61,0.0255726,0.000255726,14992,6.7152,0,2.84248
1959.96,0.0255374,0.000255374,14993,6.72081,0,2.81757
1961.31,0.0255022,0.000255022,14994,6.72633,0,2.79267
1962.66,0.025467,0.00025467,14995,6.73174,0,2.76778
1964.01,0.0254319,0.000254319,14996,6.73706,0,2.74291
1965.37,0.0253969,0.000253969,14997,6.74228,0,2.71806
1966.73,0.0253619,0.000253619,14998,6.74739,0,2.69322
1968.08,0.0253269,0.000253269,14999,6.75241,0,2.66839
1969.44,0.025292,0.00025292,15000,6.75733,0,2.64358
1970.8,0.0252571,0.000252571,15001,6.76216,0,2.61879
1972.16,0.0252223,0.000252223,15002,6.76689,0,2.59402
1973.52,0.0251876,0.000251876,15003,6.77152,0,2.56926
1974.88,0.0251528,0.000251528,15004,6.77605,0,2.54452
1976.24,0.0251182,0.000251182,15005,6.78049,0,2.51979
1977.61,0.0250836,0.000250836,15006,6.78483,0,2.49509
1978.97,0.025049,0.00025049,15007,6.78907,0,2.4704
1980.34,0.0250145,0.000250145,15008,6.79322,0,2.44573
1981.7,0.02498,0.0002498,15009,6.79728,0,2.42108
1983.07,0.0249456,0.000249456,15010,6.80124,0,2.39646
1984.44,0.0249112,0.000249112,15011,6.8051,0,2.37185
1985.8,0.0248769,0.000248769,15012,6.80887,0,2.34726
1987.17,0.0248426,0.000248426,15013,6.81255,0,2.32269
1988.54,0.0248084,0.000248084,15014,6.81613,0,2.29814
1989.91,0.0247743,0.000247743,15015,6.81962,0,2.27361
1991.28,0.0247402,0.000247402,15016,6.82302,0,2.24911
1992.66,0.0247061,0.000247061,15017,6.82633,0,2.22462
1994.03,0.0246721,0.000246721,15018,6.82954,0,2.20016
1995.4,0.0246382,0.000246382,15019,6.83266,0,2.17572
1996.77,0.0246043,0.000246043,15020,6.83569,0,2.1513
1998.15,0.0245705,0.000245705,15021,6.83863,0,2.12691
1999.52,0.0245367,0.000245367,15022,6.84148,0,2.10254
2000.9,0.024503,0.00024503,15023,6.84424,0,2.07819
2002.27,0.0244693,0.000244693,15024,6.84691,0,2.05387
2003.65,0.0244357,0.000244357,15025,6.84949,0,2.02957
2005.03,0.0244022,0.000244022,15026,6.85197,0,2.00529
2006.4,0.0243687,0.000243687,15027,6.85437,0,1.98104
2007.78,0.0243353,0.000243353,15028,6.85668,0,1.95682
2009.16,0.0243019,0.000243019,15029,6.85891,0,1.93262
2010.54,0.0242686,0.000242686,15030,6.86104,0,1.90844
2011.92,0.0242353,0.000242353,15031,6.86309,0,1.8843
2013.3,0.0242022,0.000242022,15032,6.86504,0,1.86017
2014.67,0.024169,0.00024169,15033,6.86692,0,1.83608
2016.05,0.0241359,0.000241359,15034,6.8687,0,1.81201
2017.44,0.0241029,0.000241029,15035,6.8704,0,1.78796
2018.82,0.02407,0.0002407,15036,6.87201,0,1.76395
2020.2,0.0240371,0.000240371,15037,6.87353,0,1.73996
2021.58,0.0240043,0.000240043,15038,6.87497,0,1.716
2022.96,0.0239715,0.000239715,15039,6.87633,0,1.69206
2024.34,0.0239388,0.000239388,15040,6.8776,0,1.66816
2025.72,0.0239061,0.000239061,15041,6.87879,0,1.64428
2027.1,0.0238735,0.000238735,15042,6.87989,0,1.62043
2028.49,0.023841,0.00023841,15043,6.8809,0,1.59662
2029.87,0.0238085,0.000238085,15044,6.88184,0,1.57282
2031.25,0.0237761,0.000237761,15045,6.88269,0,1.54906
2032.63,0.0237438,0.000237438,15046,6.88345,0,1.52533
2034.02,0.0237115,0.000237115,15047,6.88414,0,1.50163
2035.4,0.0236793,0.000236793,15048,6.88474,0,1.47796
2036.78,0.0236472,0.000236472,15049,6.88526,0,1.45432
2038.17,0.0236151,0.000236151,15050,6.8857,0,1.43071
2039.55,0.0235831,0.000235831,15051,6.88606,0,1.40713
2040.93,0.0235511,0.000235511,15052,6.88634,0,1.38358
2042.32,0.0235192,0.000235192,15053,6.88653,0,1.36006
2043.7,0.0234874,0.000234874,15054,6.88665,0,1.33657
2045.08,0.0234556,0.000234556,15055,6.88668,0,1.31312
2046.47,0.0234239,0.000234239,15056,6.88664,0,1.28969
2047.85,0.0233923,0.000233923,15057,6.88652,0,1.2663
2049.23,0.0233607,0.000233607,15058,6.88631,0,1.24294
2050.62,0.0233292,0.000233292,15059,6.88603,0,1.21961
2052,0.0232978,0.000232978,15060,6.88567,0,1.19632
2053.38,0.0232664,0.000232664,15061,6.88524,0,1.17306
2054.77,0.0232351,0.000232351,15062,6.88472,0,1.14983
2056.15,0.0232039,0.000232039,15063,6.88413,0,1.12663
2057.53,0.0231727,0.000231727,15064,6.88346,0,1.10347
2058.91,0.0231416,0.000231416,15065,6.88271,0,1.08034
2060.3,0.0231105,0.000231105,15066,6.88189,0,1.05724
2061.68,0.0230796,0.000230796,15067,6.88099,0,1.03418
2063.06,0.0230487,0.000230487,15068,6.88001,0,1.01115
2064.44,0.0230178,0.000230178,15069,6.87896,0,0.988157
2065.82,0.022987,0.000229871,15070,6.87784,0,0.965198
2067.2,0.0229563,0.000229563,15071,6.87664,0,0.942273
2068.58,0.0229257,0.000229257,15072,6.87536,0,0.919383
2069.96,0.0228951,0.000228951,15073,6.87401,0,0.896527
2071.34,0.0228646,0.000228646,15074,6.87259,0,0.873707
2072.72,0.0228342,0.000228342,15075,6.87109,0,0.850922
2074.1,0.0228038,0.000228038,15076,6.86952,0,0.828172
2075.48,0.0227735,0.000227735,15077,6.86788,0,0.805458
2076.86,0.0227433,0.000227433,15078,6.86616,0,0.78278
2078.24,0.0227131,0.000227131,15079,6.86437,0,0.760137
2079.62,0.022683,0.00022683,15080,6.86251,0,0.737531
2081,0.022653,0.00022653,15081,6.86058,0,0.71496
2082.37,0.0226231,0.000226231,15082,6.85857,0,0.692426
2083.75,0.0225932,0.000225932,15083,6.8565,0,0.669928
2085.13,0.0225634,0.000225634,15084,6.85435,0,0.647467
2086.5,0.0225336,0.000225336,15085,6.85214,0,0.625043
2087.88,0.0225039,0.000225039,15086,6.84985,0,0.602655
2089.25,0.0224743,0.000224743,15087,6.84749,0,0.580305
2090.63,0.0224448,0.000224448,15088,6.84507,0,0.557992
2092,0.0224153,0.000224153,15089,6.84257,0,0.535716
2093.38,0.0223859,0.000223859,15090,6.84001,0,0.513477
2094.75,0.0223565,0.000223565,15091,6.83738,0,0.491276
2096.12,0.0223273,0.000223273,15092,6.83467,0,0.469113
2097.49,0.0222981,0.000222981,15093,6.8319,0,0.446988
2098.87,0.0222689,0.000222689,15094,6.82907,0,0.4249
2100.24,0.0222399,0.000222399,15095,6.82616,0,0.402851
2101.61,0.0222109,0.000222109,15096,6.82319,0,0.38084
2102.98,0.022182,0.00022182,15097,6.82015,0,0.358867
2104.35,0.0221531,0.000221531,15098,6.81705,0,0.336932
2105.71,0.0221243,0.000221243,15099,6.81387,0,0.315037
2107.08,0.0220956,0.000220956,15100,6.81064,0,0.293179
2108.45,0.022067,0.00022067,15101,6.80733,0,0.271361
2109.81,0.0220384,0.000220384,15102,6.80396,0,0.249582
2111.18,0.0220099,0.000220099,15103,6.80053,0,0.227841
2112.54,0.0219815,0.000219815,15104,6.79703,0,0.20614
2113.91,0.0219531,0.000219531,15105,6.79347,0,0.184478
2115.27,0.0219249,0.000219249,15106,6.78984,0,0.162855
2116.63,0.0218966,0.000218966,15107,6.78615,0,0.141272
2118,0.0218685,0.000218685,15108,6.78239,0,0.119728
2119.36,0.0218404,0.000218404,15109,6.77858,0,0.0982245
2120.72,0.0218124,0.000218124,15110,6.77469,0,0.0767602
2122.08,0.0217845,0.000217845,15111,6.77075,0,0.0553358
2123.44,0.0217566,0.000217566,15112,6.76674,0,0.0339514
2124.79,0.0217288,0.000217288,15113,6.76267,0,0.012607
2126.15,0.0217011,0.000217011,15114,6.75854,0,-0.00869729
2127.51,0.0216734,0.000216734,15115,6.75435,0,-0.0299613
2128.86,0.0216458,0.000216458,15116,6.7501,0,-0.051185
2130.22,0.0216183,0.000216183,15117,6.74578,0,-0.0723683
2131.57,0.0215909,0.000215909,15118,6.74141,0,-0.0935111
2132.92,0.0215635,0.000215635,15119,6.73697,0,-0.114613
2134.27,0.0215362,0.000215362,15120,6.73247,0,-0.135675
2135.62,0.021509,0.00021509,15121,6.72792,0,-0.156696
2136.97,0.0214818,0.000214818,15122,6.7233,0,-0.177675
2138.32,0.0214547,0.000214547,15123,6.71862,0,-0.198615
2139.67,0.0214277,0.000214277,15124,6.71389,0,-0.219513
2141.02,0.0214007,0.000214007,15125,6.70909,0,-0.240369
2142.36,0.0213738,0.000213738,15126,6.70424,0,-0.261185
2143.71,0.021347,0.00021347,15127,6.69933,0,-0.28196
2145.05,0.0213203,0.000213203,15128,6.69436,0,-0.302693
2146.4,0.0212936,0.000212936,15129,6.68934,0,-0.323385
2147.74,0.021267,0.00021267,15130,6.68425,0,-0.344035
2149.08,0.0212405,0.000212405,15131,6.67911,0,-0.364644
2150.42,0.021214,0.00021214,15132,6.67391,0,-0.385212
2151.76,0.0211877,0.000211877,15133,6.66866,0,-0.405737
2153.09,0.0211613,0.000211613,15134,6.66335,0,-0.426221
2154.43,0.0211351,0.000211351,15135,6.65798,0,-0.446664
2155.77,0.0211089,0.000211089,15136,6.65256,0,-0.467064
2157.1,0.0210828,0.000210828,15137,6.64708,0,-0.487423
2158.43,0.0210568,0.000210568,15138,6.64155,0,-0.507739
2159.77,0.0210308,0.000210308,15139,6.63596,0,-0.528014
2161.1,0.0210049,0.000210049,15140,6.63031,0,-0.548246
2162.43,0.0209791,0.000209791,15141,6.62461,0,-0.568437
2163.75,0.0209533,0.000209533,15142,6.61886,0,-0.588585
2165.08,0.0209276,0.000209276,15143,6.61305,0,-0.608691
2166.41,0.020902,0.00020902,15144,6.60719,0,-0.628754
2167.73,0.0208765,0.000208765,15145,6.60128,0,-0.648775
2169.06,0.020851,0.00020851,15146,6.59531,0,-0.668754
2170.38,0.0208256,0.000208256,15147,6.58929,0,-0.688691
2171.7,0.0208003,0.000208003,15148,6.58322,0,-0.708584
2173.02,0.020775,0.00020775,15149,6.57709,0,-0.728436
2174.34,0.0207498,0.000207498,15150,6.57091,0,-0.748245
2175.66,0.0207247,0.000207247,15151,6.56468,0,-0.768011
2176.97,0.0206996,0.000206996,15152,6.5584,0,-0.787734
2178.29,0.0206746,0.000206746,15153,6.55207,0,-0.807415
2179.6,0.0206497,0.000206497,15154,6.54569,0,-0.827053
2180.92,0.0206249,0.000206249,15155,6.53925,0,-0.846648
2182.23,0.0206001,0.000206001,15156,6.53276,0,-0.8662
2183.54,0.0205754,0.000205754,15157,6.52623,0,-0.88571
2184.85,0.0205508,0.000205508,15158,6.51964,0,-0.905176
2186.15,0.0205262,0.000205262,15159,6.513,0,-0.9246
2187.46,0.0205017,0.000205017,15160,6.50632,0,-0.94398
2188.76,0.0204773,0.000204773,15161,6.49958,0,-0.963318
2190.07,0.0204529,0.000204529,15162,6.49279,0,-0.982612
2191.37,0.0204286,0.000204286,15163,6.48596,0,-1.00186
2192.67,0.0204044,0.000204044,15164,6.47908,0,-1.02107
2193.97,0.0203802,0.000203802,15165,6.47214,0,-1.04024
2195.26,0.0203562,0.000203562,15166,6.46516,0,-1.05936
2196.56,0.0203321,0.000203321,15167,6.45814,0,-1.07844
2197.85,0.0203082,0.000203082,15168,6.45106,0,-1.09747
2199.15,0.0202843,0.000202843,15169,6.44394,0,-1.11647
2200.44,0.0202605,0.000202605,15170,6.43676,0,-1.13541
2201.73,0.0202368,0.000202368,15171,6.42955,0,-1.15432
2203.02,0.0202131,0.000202131,15172,6.42228,0,-1.17318
2204.31,0.0201895,0.000201895,15173,6.41497,0,-1.192
2205.59,0.020166,0.00020166,15174,6.40761,0,-1.21078
2206.88,0.0201425,0.000201425,15175,6.4002,0,-1.22951
2208.16,0.0201191,0.000201191,15176,6.39275,0,-1.2482
2209.44,0.0200958,0.000200958,15177,6.38526,0,-1.26684
2210.72,0.0200725,0.000200725,15178,6.37772,0,-1.28544
2212,0.0200493,0.000200493,15179,6.37013,0,-1.304
2213.27,0.0200262,0.000200262,15180,6.3625,0,-1.32252
2214.55,0.0200031,0.000200031,15181,6.35482,0,-1.34099
2215.82,0.0199801,0.000199801,15182,6.3471,0,-1.35942
2217.1,0.0199572,0.000199572,15183,6.33933,0,-1.3778
2218.37,0.0199344,0.000199344,15184,6.33152,0,-1.39614
2219.63,0.0199116,0.000199116,15185,6.32366,0,-1.41444
2220.9,0.0198889,0.000198889,15186,6.31577,0,-1.43269
2222.17,0.0198662,0.000198662,15187,6.30782,0,-1.4509
2223.43,0.0198436,0.000198436,15188,6.29984,0,-1.46907
2224.69,0.0198211,0.000198211,15189,6.29181,0,-1.48719
2225.96,0.0197987,0.000197987,15190,6.28374,0,-1.50527
2227.21,0.0197763,0.000197763,15191,6.27563,0,-1.5233
2228.47,0.019754,0.00019754,15192,6.26747,0,-1.54129
2229.73,0.0197317,0.000197317,15193,6.25927,0,-1.55924
2230.98,0.0197096,0.000197096,15194,6.25103,0,-1.57715
2232.23,0.0196874,0.000196874,15195,6.24275,0,-1.59501
2233.49,0.0196654,0.000196654,15196,6.23442,0,-1.61282
2234.73,0.0196434,0.000196434,15197,6.22606,0,-1.6306
2235.98,0.0196215,0.000196215,15198,6.21765,0,-1.64833
2237.23,0.0195997,0.000195997,15199,6.2092,0,-1.66601
2238.47,0.0195779,0.000195779,15200,6.20072,0,-1.68365
2239.71,0.0195562,0.000195562,15201,6.19219,0,-1.70125
2240.95,0.0195345,0.000195345,15202,6.18362,0,-1.71881
2242.19,0.019513,0.00019513,15203,6.17501,0,-1.73632
2243.43,0.0194914,0.000194914,15204,6.16636,0,-1.75378
2244.67,0.01947,0.0001947,15205,6.15767,0,-1.77121
2245.9,0.0194486,0.000194486,15206,6.14894,0,-1.78859
2247.13,0.0194273,0.000194273,15207,6.14017,0,-1.80592
2248.36,0.019406,0.00019406,15208,6.13137,0,-1.82322
2249.59,0.0193849,0.000193849,15209,6.12252,0,-1.84047
2250.82,0.0193637,0.000193637,15210,6.11363,0,-1.85767
2252.04,0.0193427,0.000193427,15211,6.10471,0,-1.87483
2253.26,0.0193217,0.000193217,15212,6.09575,0,-1.89195
2254.48,0.0193008,0.000193008,15213,6.08675,0,-1.90902
2255.7,0.0192799,0.000192799,15214,6.07771,0,-1.92605
2256.92,0.0192591,0.000192591,15215,6.06864,0,-1.94304
2258.14,0.0192384,0.000192384,15216,6.05952,0,-1.95998
2259.35,0.0192177,0.000192177,15217,6.05037,0,-1.97688
2260.56,0.0191971,0.000191971,15218,6.04118,0,-1.99374
2261.77,0.0191766,0.000191766,15219,6.03196,0,-2.01055
2262.98,0.0191561,0.000191561,15220,6.0227,0,-2.02732
2264.19,0.0191357,0.000191357,15221,6.0134,0,-2.04404
2265.39,0.0191154,0.000191154,15222,6.00406,0,-2.06072
2266.59,0.0190951,0.000190951,15223,5.99469,0,-2.07736
2267.79,0.0190749,0.000190749,15224,5.98529,0,-2.09396
2268.99,0.0190548,0.000190548,15225,5.97584,0,-2.11051
2270.19,0.0190347,0.000190347,15226,5.96636,0,-2.12701
2271.38,0.0190147,0.000190147,15227,5.95685,0,-2.14348
2272.58,0.0189947,0.000189947,15228,5.9473,0,-2.1599
2273.77,0.0189748,0.000189748,15229,5.93772,0,-2.17627
2274.96,0.018955,0.00018955,15230,5.9281,0,-2.19261
2276.14,0.0189352,0.000189352,15231,5.91844,0,-2.20889
2277.33,0.0189155,0.000189155,15232,5.90875,0,-2.22514
2278.51,0.0188959,0.000188959,15233,5.89903,0,-2.24134
2279.69,0.0188763,0.000188763,15234,5.88927,0,-2.2575
2280.87,0.0188568,0.000188568,15235,5.87948,0,-2.27362
2282.05,0.0188373,0.000188373,15236,5.86966,0,-2.28969
2283.22,0.0188179,0.000188179,15237,5.8598,0,-2.30572
2284.4,0.0187986,0.000187986,15238,5.84991,0,-2.3217
2285.57,0.0187794,0.000187794,15239,5.83998,0,-2.33764
2286.74,0.0187602,0.000187602,15240,5.83002,0,-2.35354
2287.9,0.018741,0.00018741,15241,5.82003,0,-2.3694
2289.07,0.018722,0.00018722,15242,5.81,0,-2.38521
2290.23,0.0187029,0.000187029,15243,5.79995,0,-2.40098
2291.39,0.018684,0.00018684,15244,5.78986,0,-2.4167
2292.55,0.0186651,0.000186651,15245,5.77973,0,-2.43239
2293.71,0.0186463,0.000186463,15246,5.76958,0,-2.44802
2294.86,0.0186275,0.000186275,15247,5.75939,0,-2.46362
2296.02,0.0186088,0.000186088,15248,5.74918,0,-2.47917
2297.17,0.0185902,0.000185902,15249,5.73893,0,-2.49468
2298.32,0.0185716,0.000185716,15250,5.72864,0,-2.51015
2299.46,0.0185531,0.000185531,15251,5.71833,0,-2.52557
2300.61,0.0185346,0.000185346,15252,5.70799,0,-2.54095
2301.75,0.0185162,0.000185162,15253,5.69761,0,-2.55629
2302.89,0.0184979,0.000184979,15254,5.68721,0,-2.57158
2304.03,0.0184796,0.000184796,15255,5.67677,0,-2.58683
2305.17,0.0184614,0.000184614,15256,5.6663,0,-2.60204
2306.3,0.0184433,0.000184433,15257,5.65581,0,-2.6172
2307.43,0.0184252,0.000184252,15258,5.64528,0,-2.63232
2308.56,0.0184071,0.000184071,15259,5.63472,0,-2.6474
2309.69,0.0183892,0.000183892,15260,5.62414,0,-2.66244
2310.81,0.0183713,0.000183713,15261,5.61352,0,-2.67743
2311.94,0.0183534,0.000183534,15262,5.60287,0,-2.69238
2313.06,0.0183356,0.000183356,15263,5.5922,0,-2.70729
2314.18,0.0183179,0.000183179,15264,5.58149,0,-2.72215
2315.29,0.0183002,0.000183002,15265,5.57076,0,-2.73698
2316.41,0.0182826,0.000182826,15266,5.55999,0,-2.75175
2317.52,0.0182651,0.000182651,15267,5.5492,0,-2.76649
2318.63,0.0182476,0.000182476,15268,5.53838,0,-2.78118
2319.74,0.0182302,0.000182301,15269,5.52753,0,-2.79583
2320.85,0.0182128,0.000182128,15270,5.51666,0,-2.81044
2321.95,0.0181955,0.000181955,15271,5.50575,0,-2.82501
2323.05,0.0181782,0.000181782,15272,5.49482,0,-2.83953
2324.15,0.018161,0.00018161,15273,5.48386,0,-2.85401
2325.25,0.0181439,0.000181439,15274,5.47287,0,-2.86845
2326.34,0.0181268,0.000181268,15275,5.46185,0,-2.88284
2327.44,0.0181098,0.000181098,15276,5.45081,0,-2.8972
2328.53,0.0180928,0.000180928,15277,5.43974,0,-2.91151
2329.61,0.0180759,0.000180759,15278,5.42864,0,-2.92577
2330.7,0.0180591,0.000180591,15279,5.41751,0,-2.94
2331.78,0.0180423,0.000180423,15280,5.40636,0,-2.95418
2332.87,0.0180256,0.000180256,15281,5.39518,0,-2.96832
2333.94,0.0180089,0.000180089,15282,5.38398,0,-2.98242
2335.02,0.0179923,0.000179923,15283,5.37274,0,-2.99648
2336.1,0.0179758,0.000179758,15284,5.36149,0,-3.01049
2337.17,0.0179593,0.000179593,15285,5.3502,0,-3.02446
2338.24,0.0179428,0.000179428,15286,5.33889,0,-3.03839
2339.31,0.0179265,0.000179265,15287,5.32756,0,-3.05228
2340.37,0.0179101,0.000179101,15288,5.3162,0,-3.06612
2341.44,0.0178939,0.000178939,15289,5.30481,0,-3.07993
2342.5,0.0178777,0.000178777,15290,5.2934,0,-3.09369
2343.56,0.0178615,0.000178615,15291,5.28196,0,-3.10741
2344.61,0.0178454,0.000178454,15292,5.27049,0,-3.12108
2345.67,0.0178294,0.000178294,15293,5.25901,0,-3.13472
2346.72,0.0178134,0.000178134,15294,5.24749,0,-3.14831
2347.77,0.0177975,0.000177975,15295,5.23596,0,-3.16186
2348.81,0.0177816,0.000177816,15296,5.22439,0,-3.17537
2349.86,0.0177658,0.000177658,15297,5.21281,0,-3.18884
2350.9,0.0177501,0.000177501,15298,5.2012,0,-3.20227
2351.94,0.0177344,0.000177344,15299,5.18956,0,-3.21565
2352.98,0.0177188,0.000177188,15300,5.1779,0,-3.22899
2354.01,0.0177032,0.000177032,15301,5.16622,0,-3.24229
2355.05,0.0176876,0.000176876,15302,5.15451,0,-3.25555
2356.08,0.0176722,0.000176722,15303,5.14278,0,-3.26877
2357.11,0.0176568,0.000176568,15304,5.13103,0,-3.28194
2358.13,0.0176414,0.000176414,15305,5.11925,0,-3.29508
2359.15,0.0176261,0.000176261,15306,5.10745,0,-3.30817
2360.18,0.0176108,0.000176108,15307,5.09562,0,-3.32122
2361.19,0.0175957,0.000175957,15308,5.08377,0,-3.33423
2362.21,0.0175805,0.000175805,15309,5.0719,0,-3.3472
2363.22,0.0175654,0.000175654,15310,5.06001,0,-3.36012
2364.24,0.0175504,0.000175504,15311,5.0481,0,-3.37301
2365.25,0.0175354,0.000175354,15312,5.03616,0,-3.38585
2366.25,0.0175205,0.000175205,15313,5.0242,0,-3.39866
2367.26,0.0175057,0.000175057,15314,5.01221,0,-3.41142
2368.26,0.0174908,0.000174908,15315,5.00021,0,-3.42414
2369.26,0.0174761,0.000174761,15316,4.98818,0,-3.43682
2370.25,0.0174614,0.000174614,15317,4.97613,0,-3.44945
2371.25,0.0174468,0.000174468,15318,4.96406,0,-3.46205
2372.24,0.0174322,0.000174322,15319,4.95197,0,-3.47461
2373.23,0.0174176,0.000174176,15320,4.93985,0,-3.48712
2374.22,0.0174031,0.000174031,15321,4.92772,0,-3.4996
2375.2,0.0173887,0.000173887,15322,4.91556,0,-3.51203
2376.19,0.0173743,0.000173743,15323,4.90338,0,-3.52442
2377.17,0.01736,0.0001736,15324,4.89118,0,-3.53677
2378.14,0.0173457,0.000173457,15325,4.87896,0,-3.54908
2379.12,0.0173315,0.000173315,15326,4.86672,0,-3.56135
2380.09,0.0173174,0.000173174,15327,4.85446,0,-3.57358
2381.06,0.0173033,0.000173033,15328,4.84217,0,-3.58576
2382.03,0.0172892,0.000172892,15329,4.82987,0,-3.59791
2382.99,0.0172752,0.000172752,15330,4.81755,0,-3.61002
2383.96,0.0172613,0.000172613,15331,4.8052,0,-3.62208
2384.92,0.0172474,0.000172474,15332,4.79284,0,-3.63411
2385.87,0.0172335,0.000172335,15333,4.78045,0,-3.64609
2386.83,0.0172197,0.000172197,15334,4.76805,0,-3.65804
2387.78,0.017206,0.00017206,15335,4.75563,0,-3.66994
2388.73,0.0171923,0.000171923,15336,4.74318,0,-3.6818
2389.68,0.0171787,0.000171787,15337,4.73072,0,-3.69362
2390.62,0.0171651,0.000171651,15338,4.71823,0,-3.70541
2391.57,0.0171516,0.000171516,15339,4.70573,0,-3.71715
2392.51,0.0171381,0.000171381,15340,4.69321,0,-3.72885
2393.44,0.0171247,0.000171247,15341,4.68067,0,-3.74051
2394.38,0.0171113,0.000171113,15342,4.66811,0,-3.75213
2395.31,0.017098,0.00017098,15343,4.65553,0,-3.76371
2396.24,0.0170847,0.000170847,15344,4.64293,0,-3.77525
2397.17,0.0170715,0.000170715,15345,4.63031,0,-3.78675
2398.09,0.0170583,0.000170583,15346,4.61768,0,-3.79821
2399.02,0.0170452,0.000170452,15347,4.60502,0,-3.80963
2399.94,0.0170322,0.000170322,15348,4.59235,0,-3.82101
2400.85,0.0170192,0.000170192,15349,4.57966,0,-3.83235
2401.77,0.0170062,0.000170062,15350,4.56695,0,-3.84365
2402.68,0.0169933,0.000169933,15351,4.55422,0,-3.85491
2403.59,0.0169804,0.000169804,15352,4.54148,0,-3.86613
2404.5,0.0169676,0.000169676,15353,4.52872,0,-3.87731
2405.4,0.0169549,0.000169549,15354,4.51593,0,-3.88845
2406.3,0.0169422,0.000169422,15355,4.50314,0,-3.89955
2407.2,0.0169295,0.000169295,15356,4.49032,0,-3.91061
2408.1,0.0169169,0.000169169,15357,4.47749,0,-3.92163
2408.99,0.0169043,0.000169043,15358,4.46463,0,-3.93261
2409.88,0.0168918,0.000168918,15359,4.45176,0,-3.94356
2410.77,0.0168794,0.000168794,15360,4.43888,0,-3.95446
2411.66,0.016867,0.00016867,15361,4.42597,0,-3.96532
2412.54,0.0168546,0.000168546,15362,4.41305,0,-3.97614
2413.42,0.0168423,0.000168423,15363,4.40012,0,-3.98693
2414.3,0.0168301,0.000168301,15364,4.38716,0,-3.99767
2415.18,0.0168179,0.000168179,15365,4.37419,0,-4.00838
2416.05,0.0168057,0.000168057,15366,4.3612,0,-4.01904
2416.92,0.0167936,0.000167936,15367,4.3482,0,-4.02967
2417.79,0.0167816,0.000167816,15368,4.33518,0,-4.04025
2418.65,0.0167695,0.000167695,15369,4.32214,0,-4.0508
2419.52,0.0167576,0.000167576,15370,4.30909,0,-4.06131
2420.38,0.0167457,0.000167457,15371,4.29602,0,-4.07178
2421.23,0.0167338,0.000167338,15372,4.28293,0,-4.08221
2422.09,0.016722,0.00016722,15373,4.26983,0,-4.0926
2422.94,0.0167103,0.000167103,15374,4.25671,0,-4.10295
2423.79,0.0166985,0.000166985,15375,4.24358,0,-4.11327
2424.64,0.0166869,0.000166869,15376,4.23043,0,-4.12354
2425.48,0.0166753,0.000166753,15377,4.21727,0,-4.13377
2426.32,0.0166637,0.000166637,15378,4.20409,0,-4.14397
2427.16,0.0166522,0.000166522,15379,4.19089,0,-4.15413
2428,0.0166407,0.000166407,15380,4.17768,0,-4.16424
2428.83,0.0166293,0.000166293,15381,4.16445,0,-4.17432
2429.66,0.0166179,0.000166179,15382,4.15121,0,-4.18436
2430.49,0.0166066,0.000166066,15383,4.13795,0,-4.19437
2431.32,0.0165953,0.000165953,15384,4.12468,0,-4.20433
2432.14,0.0165841,0.000165841,15385,4.11139,0,-4.21425
2432.96,0.0165729,0.000165729,15386,4.09809,0,-4.22414
2433.78,0.0165618,0.000165618,15387,4.08478,0,-4.23399
2434.59,0.0165507,0.000165507,15388,4.07144,0,-4.24379
2435.4,0.0165397,0.000165397,15389,4.0581,0,-4.25356
2436.21,0.0165287,0.000165287,15390,4.04474,0,-4.2633
2437.02,0.0165177,0.000165177,15391,4.03136,0,-4.27299
2437.83,0.0165068,0.000165068,15392,4.01797,0,-4.28264
2438.63,0.016496,0.00016496,15393,4.00457,0,-4.29226
2439.43,0.0164852,0.000164852,15394,3.99115,0,-4.30184
2440.22,0.0164744,0.000164744,15395,3.97772,0,-4.31138
2441.01,0.0164637,0.000164637,15396,3.96428,0,-4.32088
2441.81,0.0164531,0.000164531,15397,3.95082,0,-4.33034
2442.59,0.0164425,0.000164425,15398,3.93734,0,-4.33976
2443.38,0.0164319,0.000164319,15399,3.92386,0,-4.34915
2444.16,0.0164214,0.000164214,15400,3.91036,0,-4.3585
2444.94,0.0164109,0.000164109,15401,3.89684,0,-4.36781
2445.72,0.0164005,0.000164005,15402,3.88331,0,-4.37708
2446.49,0.0163901,0.000163901,15403,3.86977,0,-4.38632
2447.26,0.0163798,0.000163798,15404,3.85622,0,-4.39551
2448.03,0.0163695,0.000163695,15405,3.84265,0,-4.40467
2448.8,0.0163592,0.000163592,15406,3.82907,0,-4.41379
2449.56,0.016349,0.00016349,15407,3.81547,0,-4.42287
2450.32,0.0163389,0.000163389,15408,3.80187,0,-4.43192
2451.08,0.0163288,0.000163288,15409,3.78825,0,-4.44092
2451.84,0.0163187,0.000163187,15410,3.77461,0,-4.44989
2452.59,0.0163087,0.000163087,15411,3.76097,0,-4.45882
2453.34,0.0162988,0.000162988,15412,3.74731,0,-4.46772
2454.08,0.0162888,0.000162888,15413,3.73364,0,-4.47657
2454.83,0.016279,0.00016279,15414,3.71995,0,-4.48539
2455.57,0.0162691,0.000162691,15415,3.70626,0,-4.49417
2456.31,0.0162594,0.000162594,15416,3.69255,0,-4.50291
2457.04,0.0162496,0.000162496,15417,3.67883,0,-4.51162
2457.78,0.0162399,0.000162399,15418,3.66509,0,-4.52028
2458.51,0.0162303,0.000162303,15419,3.65135,0,-4.52891
2459.24,0.0162207,0.000162207,15420,3.63759,0,-4.53751
2459.96,0.0162111,0.000162111,15421,3.62382,0,-4.54606
2460.68,0.0162016,0.000162016,15422,3.61004,0,-4.55458
2461.4,0.0161921,0.000161921,15423,3.59625,0,-4.56306
2462.12,0.0161827,0.000161827,15424,3.58244,0,-4.5715
2462.83,0.0161733,0.000161733,15425,3.56862,0,-4.57991
2463.54,0.016164,0.00016164,15426,3.55479,0,-4.58828
2464.25,0.0161547,0.000161547,15427,3.54095,0,-4.59661
2464.96,0.0161455,0.000161455,15428,3.5271,0,-4.6049
2465.66,0.0161363,0.000161363,15429,3.51324,0,-4.61316
2466.36,0.0161271,0.000161271,15430,3.49936,0,-4.62138
2467.06,0.016118,0.00016118,15431,3.48548,0,-4.62956
2467.75,0.0161089,0.000161089,15432,3.47158,0,-4.63771
2468.44,0.0160999,0.000160999,15433,3.45767,0,-4.64582
2469.13,0.0160909,0.000160909,15434,3.44375,0,-4.65389
2469.82,0.016082,0.00016082,15435,3.42982,0,-4.66192
2470.5,0.0160731,0.000160731,15436,3.41588,0,-4.66992
2471.18,0.0160643,0.000160643,15437,3.40192,0,-4.67788
2471.86,0.0160555,0.000160555,15438,3.38796,0,-4.68581
2472.53,0.0160467,0.000160467,15439,3.37398,0,-4.69369
2473.2,0.016038,0.00016038,15440,3.36,0,-4.70154
2473.87,0.0160293,0.000160293,15441,3.346,0,-4.70936
2474.54,0.0160207,0.000160207,15442,3.332,0,-4.71713
2475.2,0.0160121,0.000160121,15443,3.31798,0,-4.72487
2475.86,0.0160036,0.000160036,15444,3.30395,0,-4.73258
2476.52,0.0159951,0.000159951,15445,3.28991,0,-4.74024
2477.17,0.0159866,0.000159866,15446,3.27587,0,-4.74788
2477.83,0.0159782,0.000159782,15447,3.26181,0,-4.75547
2478.47,0.0159698,0.000159698,15448,3.24774,0,-4.76303
2479.12,0.0159615,0.000159615,15449,3.23366,0,-4.77055
2479.76,0.0159532,0.000159532,15450,3.21957,0,-4.77803
2480.4,0.015945,0.00015945,15451,3.20547,0,-4.78548
2481.04,0.0159368,0.000159368,15452,3.19136,0,-4.79289
2481.68,0.0159286,0.000159286,15453,3.17725,0,-4.80026
2482.31,0.0159205,0.000159205,15454,3.16312,0,-4.8076
2482.94,0.0159124,0.000159124,15455,3.14898,0,-4.8149
2483.57,0.0159044,0.000159044,15456,3.13483,0,-4.82217
2484.19,0.0158964,0.000158964,15457,3.12067,0,-4.8294
2484.81,0.0158885,0.000158885,15458,3.10651,0,-4.83659
2485.43,0.0158806,0.000158806,15459,3.09233,0,-4.84375
2486.04,0.0158727,0.000158727,15460,3.07814,0,-4.85087
2486.65,0.0158649,0.000158649,15461,3.06395,0,-4.85795
2487.26,0.0158572,0.000158572,15462,3.04974,0,-4.865
2487.87,0.0158494,0.000158494,15463,3.03553,0,-4.87202
2488.47,0.0158417,0.000158417,15464,3.02131,0,-4.87899
2489.08,0.0158341,0.000158341,15465,3.00708,0,-4.88593
2489.67,0.0158265,0.000158265,15466,2.99283,0,-4.89284
2490.27,0.0158189,0.000158189,15467,2.97858,0,-4.8997
2490.86,0.0158114,0.000158114,15468,2.96433,0,-4.90654
2491.45,0.0158039,0.000158039,15469,2.95006,0,-4.91333
2492.04,0.0157965,0.000157965,15470,2.93578,0,-4.92009
2492.62,0.0157891,0.000157891,15471,2.9215,0,-4.92682
2493.2,0.0157817,0.000157817,15472,2.9072,0,-4.93351
2493.78,0.0157744,0.000157744,15473,2.8929,0,-4.94016
2494.35,0.0157672,0.000157672,15474,2.87859,0,-4.94678
2494.92,0.0157599,0.000157599,15475,2.86427,0,-4.95336
2495.49,0.0157527,0.000157527,15476,2.84994,0,-4.9599
2496.06,0.0157456,0.000157456,15477,2.8356,0,-4.96641
2496.62,0.0157385,0.000157385,15478,2.82126,0,-4.97289
2497.18,0.0157314,0.000157314,15479,2.8069,0,-4.97933
2497.74,0.0157244,0.000157244,15480,2.79254,0,-4.98573
2498.3,0.0157174,0.000157174,15481,2.77817,0,-4.9921
2498.85,0.0157105,0.000157105,15482,2.76379,0,-4.99843
2499.4,0.0157036,0.000157036,15483,2.74941,0,-5.00473
2499.94,0.0156967,0.000156967,15484,2.73501,0,-5.01099
2500.49,0.0156899,0.000156899,15485,2.72061,0,-5.01721
2501.03,0.0156831,0.000156831,15486,2.7062,0,-5.0234
2501.56,0.0156764,0.000156764,15487,2.69178,0,-5.02956
2502.1,0.0156697,0.000156697,15488,2.67736,0,-5.03568
2502.63,0.015663,0.00015663,15489,2.66293,0,-5.04176
2503.16,0.0156564,0.000156564,15490,2.64848,0,-5.04781
2503.68,0.0156498,0.000156498,15491,2.63404,0,-5.05382
2504.21,0.0156433,0.000156433,15492,2.61958,0,-5.0598
2504.73,0.0156368,0.000156368,15493,2.60512,0,-5.06574
2505.24,0.0156303,0.000156303,15494,2.59064,0,-5.07165
2505.76,0.0156239,0.000156239,15495,2.57617,0,-5.07752
2506.27,0.0156176,0.000156176,15496,2.56168,0,-5.08336
2506.78,0.0156112,0.000156112,15497,2.54719,0,-5.08916
2507.28,0.0156049,0.000156049,15498,2.53269,0,-5.09492
2507.79,0.0155987,0.000155987,15499,2.51818,0,-5.10066
2508.29,0.0155925,0.000155925,15500,2.50366,0,-5.10635
2508.78,0.0155863,0.000155863,15501,2.48914,0,-5.11201
2509.28,0.0155802,0.000155802,15502,2.47461,0,-5.11764
2509.77,0.0155741,0.000155741,15503,2.46008,0,-5.12323
2510.25,0.015568,0.00015568,15504,2.44553,0,-5.12879
2510.74,0.015562,0.00015562,15505,2.43099,0,-5.13431
2511.22,0.015556,0.00015556,15506,2.41643,0,-5.13979
2511.7,0.0155501,0.000155501,15507,2.40187,0,-5.14524
2512.18,0.0155442,0.000155442,15508,2.3873,0,-5.15066
2512.65,0.0155384,0.000155384,15509,2.37272,0,-5.15604
2513.12,0.0155325,0.000155325,15510,2.35814,0,-5.16139
2513.59,0.0155268,0.000155268,15511,2.34355,0,-5.1667
2514.05,0.015521,0.00015521,15512,2.32895,0,-5.17198
2514.51,0.0155153,0.000155153,15513,2.31435,0,-5.17722
2514.97,0.0155097,0.000155097,15514,2.29974,0,-5.18243
2515.43,0.0155041,0.000155041,15515,2.28512,0,-5.1876
2515.88,0.0154985,0.000154985,15516,2.2705,0,-5.19274
2516.33,0.0154929,0.000154929,15517,2.25587,0,-5.19784
2516.78,0.0154874,0.000154874,15518,2.24124,0,-5.20291
2517.22,0.015482,0.00015482,15519,2.22659,0,-5.20794
2517.66,0.0154765,0.000154765,15520,2.21195,0,-5.21294
2518.1,0.0154712,0.000154712,15521,2.19729,0,-5.21791
2518.54,0.0154658,0.000154658,15522,2.18264,0,-5.22284
2518.97,0.0154605,0.000154605,15523,2.16797,0,-5.22773
2519.4,0.0154552,0.000154552,15524,2.1533,0,-5.23259
2519.82,0.01545,0.0001545,15525,2.13862,0,-5.23742
2520.25,0.0154448,0.000154448,15526,2.12394,0,-5.24221
2520.67,0.0154397,0.000154397,15527,2.10925,0,-5.24697
2521.08,0.0154346,0.000154346,15528,2.09456,0,-5.25169
2521.5,0.0154295,0.000154295,15529,2.07986,0,-5.25638
2521.91,0.0154245,0.000154245,15530,2.06515,0,-5.26103
2522.32,0.0154195,0.000154195,15531,2.05044,0,-5.26565
2522.72,0.0154145,0.000154145,15532,2.03572,0,-5.27024
2523.13,0.0154096,0.000154096,15533,2.021,0,-5.27479
2523.53,0.0154047,0.000154047,15534,2.00627,0,-5.2793
2523.92,0.0153999,0.000153999,15535,1.99154,0,-5.28379
2524.32,0.0153951,0.000153951,15536,1.9768,0,-5.28823
2524.71,0.0153903,0.000153903,15537,1.96206,0,-5.29265
2525.09,0.0153856,0.000153856,15538,1.94731,0,-5.29703
2525.48,0.0153809,0.000153809,15539,1.93255,0,-5.30137
2525.86,0.0153762,0.000153762,15540,1.9178,0,-5.30568
2526.24,0.0153716,0.000153716,15541,1.90303,0,-5.30996
2526.62,0.0153671,0.000153671,15542,1.88826,0,-5.3142
2526.99,0.0153625,0.000153625,15543,1.87349,0,-5.31841
2527.36,0.015358,0.00015358,15544,1.85871,0,-5.32258
2527.73,0.0153536,0.000153536,15545,1.84392,0,-5.32672
2528.09,0.0153491,0.000153491,15546,1.82913,0,-5.33083
2528.45,0.0153448,0.000153448,15547,1.81434,0,-5.3349
2528.81,0.0153404,0.000153404,15548,1.79954,0,-5.33894
2529.16,0.0153361,0.000153361,15549,1.78473,0,-5.34294
2529.52,0.0153318,0.000153318,15550,1.76992,0,-5.34691
2529.87,0.0153276,0.000153276,15551,1.75511,0,-5.35085
2530.21,0.0153234,0.000153234,15552,1.74029,0,-5.35475
2530.55,0.0153192,0.000153193,15553,1.72547,0,-5.35862
2530.9,0.0153151,0.000153151,15554,1.71064,0,-5.36245
2531.23,0.015311,0.00015311,15555,1.69581,0,-5.36625
2531.57,0.015307,0.00015307,15556,1.68097,0,-5.37002
2531.9,0.015303,0.00015303,15557,1.66613,0,-5.37375
2532.23,0.015299,0.00015299,15558,1.65129,0,-5.37745
2532.55,0.0152951,0.000152951,15559,1.63644,0,-5.38111
2532.87,0.0152912,0.000152912,15560,1.62158,0,-5.38474
2533.19,0.0152874,0.000152874,15561,1.60672,0,-5.38834
2533.51,0.0152835,0.000152835,15562,1.59186,0,-5.3919
2533.82,0.0152798,0.000152798,15563,1.57699,0,-5.39543
2534.13,0.015276,0.00015276,15564,1.56212,0,-5.39892
2534.44,0.0152723,0.000152723,15565,1.54725,0,-5.40238
2534.74,0.0152686,0.000152686,15566,1.53237,0,-5.40581
2535.05,0.015265,0.00015265,15567,1.51749,0,-5.4092
2535.35,0.0152614,0.000152614,15568,1.5026,0,-5.41256
2535.64,0.0152579,0.000152579,15569,1.48771,0,-5.41589
2535.93,0.0152543,0.000152543,15570,1.47281,0,-5.41918
2536.22,0.0152509,0.000152509,15571,1.45791,0,-5.42244
2536.51,0.0152474,0.000152474,15572,1.44301,0,-5.42566
2536.79,0.015244,0.00015244,15573,1.42811,0,-5.42886
2537.07,0.0152406,0.000152406,15574,1.4132,0,-5.43201
2537.35,0.0152373,0.000152373,15575,1.39828,0,-5.43514
2537.63,0.015234,0.00015234,15576,1.38337,0,-5.43823
2537.9,0.0152307,0.000152307,15577,1.36844,0,-5.44128
2538.16,0.0152275,0.000152275,15578,1.35352,0,-5.44431
2538.43,0.0152243,0.000152243,15579,1.33859,0,-5.4473
2538.69,0.0152212,0.000152212,15580,1.32366,0,-5.45025
2538.95,0.0152181,0.000152181,15581,1.30873,0,-5.45317
2539.21,0.015215,0.00015215,15582,1.29379,0,-5.45606
2539.46,0.015212,0.00015212,15583,1.27885,0,-5.45892
2539.71,0.015209,0.00015209,15584,1.2639,0,-5.46174
2539.96,0.015206,0.00015206,15585,1.24895,0,-5.46453
2540.21,0.0152031,0.000152031,15586,1.234,0,-5.46728
2540.45,0.0152002,0.000152002,15587,1.21905,0,-5.47
2540.68,0.0151973,0.000151973,15588,1.20409,0,-5.47269
2540.92,0.0151945,0.000151945,15589,1.18913,0,-5.47535
2541.15,0.0151917,0.000151917,15590,1.17416,0,-5.47797
2541.38,0.015189,0.00015189,15591,1.1592,0,-5.48055
2541.61,0.0151863,0.000151863,15592,1.14423,0,-5.48311
2541.83,0.0151836,0.000151836,15593,1.12925,0,-5.48563
2542.05,0.015181,0.00015181,15594,1.11428,0,-5.48811
2542.27,0.0151784,0.000151784,15595,1.0993,0,-5.49057
2542.48,0.0151758,0.000151758,15596,1.08432,0,-5.49299
2542.7,0.0151733,0.000151733,15597,1.06933,0,-5.49538
2542.9,0.0151708,0.000151708,15598,1.05435,0,-5.49773
2543.11,0.0151684,0.000151684,15599,1.03936,0,-5.50005
2543.31,0.015166,0.00015166,15600,1.02436,0,-5.50234
2543.51,0.0151636,0.000151636,15601,1.00937,0,-5.50459
2543.71,0.0151612,0.000151612,15602,0.994371,0,-5.50681
2543.9,0.0151589,0.000151589,15603,0.97937,0,-5.509
2544.09,0.0151567,0.000151567,15604,0.964367,0,-5.51115
2544.28,0.0151544,0.000151544,15605,0.949362,0,-5.51327
2544.46,0.0151522,0.000151522,15606,0.934354,0,-5.51536
2544.64,0.0151501,0.000151501,15607,0.919344,0,-5.51741
2544.82,0.0151479,0.000151479,15608,0.904331,0,-5.51943
2545,0.0151459,0.000151459,15609,0.889316,0,-5.52142
2545.17,0.0151438,0.000151438,15610,0.874299,0,-5.52337
2545.34,0.0151418,0.000151418,15611,0.85928,0,-5.52529
2545.51,0.0151398,0.000151398,15612,0.844258,0,-5.52718
2545.67,0.0151379,0.000151379,15613,0.829234,0,-5.52903
2545.83,0.015136,0.00015136,15614,0.814208,0,-5.53085
2545.99,0.0151341,0.000151341,15615,0.79918,0,-5.53264
2546.14,0.0151323,0.000151323,15616,0.78415,0,-5.5344
2546.29,0.0151305,0.000151305,15617,0.769117,0,-5.53612
2546.44,0.0151287,0.000151287,15618,0.754083,0,-5.53781
2546.59,0.015127,0.00015127,15619,0.739047,0,-5.53946
2546.73,0.0151253,0.000151253,15620,0.724009,0,-5.54108
2546.87,0.0151236,0.000151236,15621,0.708969,0,-5.54267
2547,0.015122,0.00015122,15622,0.693927,0,-5.54423
2547.14,0.0151205,0.000151205,15623,0.678883,0,-5.54575
2547.27,0.0151189,0.000151189,15624,0.663838,0,-5.54724
2547.39,0.0151174,0.000151174,15625,0.648791,0,-5.54869
2547.52,0.0151159,0.000151159,15626,0.633742,0,-5.55012
2547.64,0.0151145,0.000151145,15627,0.618692,0,-5.55151
2547.76,0.0151131,0.000151131,15628,0.603639,0,-5.55286
2547.87,0.0151117,0.000151117,15629,0.588586,0,-5.55419
2547.98,0.0151104,0.000151104,15630,0.573531,0,-5.55548
2548.09,0.0151091,0.000151091,15631,0.558474,0,-5.55673
2548.2,0.0151079,0.000151079,15632,0.543416,0,-5.55796
2548.3,0.0151066,0.000151066,15633,0.528356,0,-5.55915
2548.4,0.0151055,0.000151055,15634,0.513295,0,-5.56031
2548.5,0.0151043,0.000151043,15635,0.498233,0,-5.56143
2548.59,0.0151032,0.000151032,15636,0.483169,0,-5.56252
2548.68,0.0151021,0.000151021,15637,0.468104,0,-5.56358
2548.77,0.0151011,0.000151011,15638,0.453038,0,-5.56461
2548.85,0.0151001,0.000151001,15639,0.43797,0,-5.5656
2548.94,0.0150991,0.000150991,15640,0.422902,0,-5.56656
2549.01,0.0150982,0.000150982,15641,0.407832,0,-5.56749
2549.09,0.0150973,0.000150973,15642,0.392761,0,-5.56838
2549.16,0.0150964,0.000150964,15643,0.377689,0,-5.56924
2549.23,0.0150956,0.000150956,15644,0.362616,0,-5.57007
2549.3,0.0150948,0.000150948,15645,0.347543,0,-5.57086
2549.36,0.0150941,0.000150941,15646,0.332468,0,-5.57162
2549.42,0.0150933,0.000150933,15647,0.317392,0,-5.57235
2549.48,0.0150927,0.000150927,15648,0.302315,0,-5.57305
2549.53,0.015092,0.00015092,15649,0.287238,0,-5.57371
2549.59,0.0150914,0.000150914,15650,0.27216,0,-5.57434
2549.63,0.0150908,0.000150908,15651,0.25708,0,-5.57493
2549.68,0.0150903,0.000150903,15652,0.242001,0,-5.5755
2549.72,0.0150898,0.000150898,15653,0.22692,0,-5.57603
2549.76,0.0150893,0.000150893,15654,0.211839,0,-5.57653
2549.8,0.0150889,0.000150889,15655,0.196757,0,-5.57699
2549.83,0.0150885,0.000150885,15656,0.181675,0,-5.57742
2549.86,0.0150882,0.000150882,15657,0.166592,0,-5.57782
2549.89,0.0150878,0.000150878,15658,0.151509,0,-5.57818
2549.91,0.0150875,0.000150875,15659,0.136425,0,-5.57852
2549.93,0.0150873,0.000150873,15660,0.12134,0,-5.57881
2549.95,0.0150871,0.000150871,15661,0.106256,0,-5.57908
2549.97,0.0150869,0.000150869,15662,0.0911705,0,-5.57931
2549.98,0.0150868,0.000150868,15663,0.0760851,0,-5.57951
2549.99,0.0150867,0.000150867,15664,0.0609993,0,-5.57968
2549.99,0.0150866,0.000150866,15665,0.0459133,0,-5.57981
2550,0.0150865,0.000150865,15666,0.0308271,0,-5.57991
2550,0.0150865,0.000150865,15667,0.0157407,0,-5.57998
2549.99,0.0150866,0.000150866,15668,0.000654179,0,-5.58002
2549.99,0.0150867,0.000150867,15669,-0.0144325,0,-5.58002
2549.98,0.0150868,0.000150868,15670,-0.0295192,0,-5.57999
2549.97,0.0150869,0.000150869,15671,-0.044606,0,-5.57992
2549.95,0.0150871,0.000150871,15672,-0.0596928,0,-5.57983
2549.93,0.0150873,0.000150873,15673,-0.0747795,0,-5.5797
2549.91,0.0150876,0.000150876,15674,-0.0898662,0,-5.57953
2549.89,0.0150878,0.000150878,15675,-0.104953,0,-5.57934
2549.86,0.0150882,0.000150882,15676,-0.120039,0,-5.57911
2549.83,0.0150885,0.000150885,15677,-0.135125,0,-5.57884
2549.8,0.0150889,0.000150889,15678,-0.150211,0,-5.57855
2549.76,0.0150893,0.000150893,15679,-0.165297,0,-5.57822
2549.72,0.0150898,0.000150898,15680,-0.180383,0,-5.57786
2549.68,0.0150903,0.000150903,15681,-0.195468,0,-5.57746
2549.63,0.0150909,0.000150909,15682,-0.210553,0,-5.57704
2549.58,0.0150914,0.000150914,15683,-0.225637,0,-5.57658
2549.53,0.015092,0.00015092,15684,-0.240721,0,-5.57608
2549.48,0.0150927,0.000150927,15685,-0.255805,0,-5.57556
2549.42,0.0150934,0.000150934,15686,-0.270888,0,-5.575
2549.36,0.0150941,0.000150941,15687,-0.28597,0,-5.5744
2549.3,0.0150948,0.000150948,15688,-0.301052,0,-5.57378
2549.23,0.0150956,0.000150956,15689,-0.316133,0,-5.57312
2549.16,0.0150965,0.000150965,15690,-0.331214,0,-5.57243
2549.09,0.0150973,0.000150973,15691,-0.346294,0,-5.5717
2549.01,0.0150982,0.000150982,15692,-0.361373,0,-5.57094
2548.93,0.0150991,0.000150991,15693,-0.376451,0,-5.57015
2548.85,0.0151001,0.000151001,15694,-0.391529,0,-5.56933
2548.77,0.0151011,0.000151011,15695,-0.406605,0,-5.56847
2548.68,0.0151022,0.000151022,15696,-0.421681,0,-5.56758
2548.59,0.0151032,0.000151032,15697,-0.436756,0,-5.56666
2548.49,0.0151043,0.000151043,15698,-0.45183,0,-5.5657
2548.4,0.0151055,0.000151055,15699,-0.466903,0,-5.56471
2548.3,0.0151067,0.000151067,15700,-0.481975,0,-5.56369
2548.19,0.0151079,0.000151079,15701,-0.497046,0,-5.56263
2548.09,0.0151092,0.000151091,15702,-0.512116,0,-5.56154
2547.98,0.0151104,0.000151104,15703,-0.527185,0,-5.56042
2547.87,0.0151118,0.000151118,15704,-0.542253,0,-5.55927
2547.75,0.0151131,0.000151131,15705,-0.557319,0,-5.55808
2547.63,0.0151145,0.000151145,15706,-0.572384,0,-5.55686
2547.51,0.015116,0.00015116,15707,-0.587448,0,-5.5556
2547.39,0.0151174,0.000151174,15708,-0.60251,0,-5.55431
2547.26,0.015119,0.00015119,15709,-0.617571,0,-5.55299
2547.13,0.0151205,0.000151205,15710,-0.632631,0,-5.55164
2547,0.0151221,0.000151221,15711,-0.64769,0,-5.55025
2546.86,0.0151237,0.000151237,15712,-0.662746,0,-5.54883
2546.72,0.0151253,0.000151253,15713,-0.677802,0,-5.54738
2546.58,0.015127,0.00015127,15714,-0.692855,0,-5.54589
2546.44,0.0151288,0.000151288,15715,-0.707908,0,-5.54437
2546.29,0.0151305,0.000151305,15716,-0.722958,0,-5.54282
2546.14,0.0151323,0.000151323,15717,-0.738007,0,-5.54123
2545.98,0.0151342,0.000151342,15718,-0.753054,0,-5.53961
2545.82,0.015136,0.00015136,15719,-0.7681,0,-5.53796
2545.66,0.0151379,0.000151379,15720,-0.783144,0,-5.53627
2545.5,0.0151399,0.000151399,15721,-0.798186,0,-5.53455
2545.34,0.0151419,0.000151419,15722,-0.813226,0,-5.5328
2545.17,0.0151439,0.000151439,15723,-0.828264,0,-5.53102
2544.99,0.0151459,0.000151459,15724,-0.8433,0,-5.5292
2544.82,0.015148,0.00015148,15725,-0.858334,0,-5.52734
2544.64,0.0151501,0.000151501,15726,-0.873367,0,-5.52546
2544.46,0.0151523,0.000151523,15727,-0.888397,0,-5.52354
2544.27,0.0151545,0.000151545,15728,-0.903425,0,-5.52159
2544.09,0.0151567,0.000151567,15729,-0.918451,0,-5.5196
2543.9,0.015159,0.00015159,15730,-0.933475,0,-5.51758
2543.7,0.0151613,0.000151613,15731,-0.948497,0,-5.51553
2543.51,0.0151636,0.000151636,15732,-0.963517,0,-5.51344
2543.31,0.015166,0.00015166,15733,-0.978534,0,-5.51132
2543.1,0.0151684,0.000151684,15734,-0.993549,0,-5.50917
2542.9,0.0151709,0.000151709,15735,-1.00856,0,-5.50699
2542.69,0.0151734,0.000151734,15736,-1.02357,0,-5.50477
2542.48,0.0151759,0.000151759,15737,-1.03858,0,-5.50251
2542.26,0.0151785,0.000151785,15738,-1.05358,0,-5.50023
2542.05,0.0151811,0.000151811,15739,-1.06859,0,-5.49791
2541.83,0.0151837,0.000151837,15740,-1.08359,0,-5.49556
2541.6,0.0151864,0.000151864,15741,-1.09859,0,-5.49317
2541.38,0.0151891,0.000151891,15742,-1.11358,0,-5.49075
2541.15,0.0151918,0.000151918,15743,-1.12857,0,-5.4883
2540.91,0.0151946,0.000151946,15744,-1.14356,0,-5.48581
2540.68,0.0151974,0.000151974,15745,-1.15855,0,-5.48329
2540.44,0.0152003,0.000152003,15746,-1.17353,0,-5.48074
2540.2,0.0152032,0.000152032,15747,-1.18852,0,-5.47815
2539.95,0.0152061,0.000152061,15748,-1.20349,0,-5.47553
2539.71,0.0152091,0.000152091,15749,-1.21847,0,-5.47287
2539.46,0.0152121,0.000152121,15750,-1.23344,0,-5.47018
2539.2,0.0152151,0.000152151,15751,-1.24841,0,-5.46746
2538.94,0.0152182,0.000152182,15752,-1.26338,0,-5.46471
2538.69,0.0152213,0.000152213,15753,-1.27834,0,-5.46192
2538.42,0.0152244,0.000152244,15754,-1.2933,0,-5.4591
2538.16,0.0152276,0.000152276,15755,-1.30826,0,-5.45624
2537.89,0.0152308,0.000152308,15756,-1.32321,0,-5.45335
2537.62,0.0152341,0.000152341,15757,-1.33817,0,-5.45043
2537.34,0.0152374,0.000152374,15758,-1.35311,0,-5.44747
2537.07,0.0152407,0.000152407,15759,-1.36806,0,-5.44448
2536.78,0.0152441,0.000152441,15760,-1.383,0,-5.44146
2536.5,0.0152475,0.000152475,15761,-1.39794,0,-5.4384
2536.21,0.015251,0.00015251,15762,-1.41287,0,-5.43531
2535.92,0.0152544,0.000152544,15763,-1.4278,0,-5.43218
2535.63,0.015258,0.00015258,15764,-1.44273,0,-5.42902
2535.34,0.0152615,0.000152615,15765,-1.45765,0,-5.42583
2535.04,0.0152651,0.000152651,15766,-1.47257,0,-5.4226
2534.74,0.0152687,0.000152687,15767,-1.48749,0,-5.41934
2534.43,0.0152724,0.000152724,15768,-1.5024,0,-5.41605
2534.12,0.0152761,0.000152761,15769,-1.51731,0,-5.41272
2533.81,0.0152799,0.000152799,15770,-1.53222,0,-5.40935
2533.5,0.0152837,0.000152836,15771,-1.54712,0,-5.40596
2533.18,0.0152875,0.000152875,15772,-1.56202,0,-5.40253
2532.86,0.0152913,0.000152913,15773,-1.57691,0,-5.39906
2532.54,0.0152952,0.000152952,15774,-1.5918,0,-5.39557
2532.22,0.0152991,0.000152991,15775,-1.60669,0,-5.39204
2531.89,0.0153031,0.000153031,15776,-1.62157,0,-5.38847
2531.56,0.0153071,0.000153071,15777,-1.63644,0,-5.38487
2531.22,0.0153112,0.000153112,15778,-1.65132,0,-5.38124
2530.89,0.0153153,0.000153153,15779,-1.66619,0,-5.37757
2530.54,0.0153194,0.000153194,15780,-1.68105,0,-5.37387
2530.2,0.0153235,0.000153235,15781,-1.69591,0,-5.37013
2529.86,0.0153277,0.000153277,15782,-1.71077,0,-5.36636
2529.51,0.015332,0.00015332,15783,-1.72562,0,-5.36256
2529.15,0.0153362,0.000153362,15784,-1.74047,0,-5.35872
2528.8,0.0153405,0.000153405,15785,-1.75532,0,-5.35485
2528.44,0.0153449,0.000153449,15786,-1.77016,0,-5.35094
2528.08,0.0153493,0.000153493,15787,-1.78499,0,-5.347
2527.72,0.0153537,0.000153537,15788,-1.79982,0,-5.34303
2527.35,0.0153581,0.000153581,15789,-1.81465,0,-5.33902
2526.98,0.0153626,0.000153626,15790,-1.82947,0,-5.33497
2526.61,0.0153672,0.000153672,15791,-1.84428,0,-5.3309
2526.23,0.0153718,0.000153718,15792,-1.8591,0,-5.32679
2525.85,0.0153764,0.000153764,15793,-1.8739,0,-5.32264
2525.47,0.015381,0.00015381,15794,-1.88871,0,-5.31846
2525.08,0.0153857,0.000153857,15795,-1.9035,0,-5.31425
2524.7,0.0153904,0.000153904,15796,-1.91829,0,-5.31
2524.3,0.0153952,0.000153952,15797,-1.93308,0,-5.30571
2523.91,0.0154,0.000154,15798,-1.94786,0,-5.3014
2523.51,0.0154049,0.000154048,15799,-1.96264,0,-5.29705
2523.11,0.0154097,0.000154097,15800,-1.97741,0,-5.29266
2522.71,0.0154147,0.000154147,15801,-1.99218,0,-5.28824
2522.31,0.0154196,0.000154196,15802,-2.00694,0,-5.28378
2521.9,0.0154246,0.000154246,15803,-2.0217,0,-5.27929
2521.49,0.0154296,0.000154296,15804,-2.03645,0,-5.27477
2521.07,0.0154347,0.000154347,15805,-2.0512,0,-5.27021
2520.65,0.0154398,0.000154398,15806,-2.06594,0,-5.26562
2520.23,0.015445,0.00015445,15807,-2.08067,0,-5.26099
2519.81,0.0154502,0.000154502,15808,-2.0954,0,-5.25633
2519.38,0.0154554,0.000154554,15809,-2.11013,0,-5.25163
2518.96,0.0154607,0.000154607,15810,-2.12485,0,-5.2469
2518.52,0.015466,0.00015466,15811,-2.13956,0,-5.24214
2518.09,0.0154713,0.000154713,15812,-2.15427,0,-5.23734
2517.65,0.0154767,0.000154767,15813,-2.16897,0,-5.2325
2517.21,0.0154821,0.000154821,15814,-2.18367,0,-5.22763
2516.76,0.0154876,0.000154876,15815,-2.19836,0,-5.22273
2516.32,0.0154931,0.000154931,15816,-2.21304,0,-5.21779
2515.87,0.0154986,0.000154986,15817,-2.22772,0,-5.21281
2515.42,0.0155042,0.000155042,15818,-2.24239,0,-5.2078
2514.96,0.0155098,0.000155098,15819,-2.25706,0,-5.20276
2514.5,0.0155155,0.000155155,15820,-2.27172,0,-5.19768
2514.04,0.0155212,0.000155212,15821,-2.28638,0,-5.19257
2513.57,0.0155269,0.000155269,15822,-2.30103,0,-5.18742
2513.11,0.0155327,0.000155327,15823,-2.31567,0,-5.18224
2512.64,0.0155385,0.000155385,15824,-2.3303,0,-5.17702
2512.16,0.0155444,0.000155444,15825,-2.34493,0,-5.17177
2511.69,0.0155503,0.000155503,15826,-2.35956,0,-5.16648
2511.21,0.0155562,0.000155562,15827,-2.37417,0,-5.16115
2510.73,0.0155622,0.000155622,15828,-2.38878,0,-5.1558
2510.24,0.0155682,0.000155682,15829,-2.40339,0,-5.1504
2509.75,0.0155742,0.000155742,15830,-2.41799,0,-5.14497
2509.26,0.0155803,0.000155803,15831,-2.43258,0,-5.13951
2508.77,0.0155865,0.000155865,15832,-2.44716,0,-5.13401
2508.27,0.0155927,0.000155927,15833,-2.46174,0,-5.12848
2507.77,0.0155989,0.000155989,15834,-2.47631,0,-5.12291
2507.27,0.0156051,0.000156051,15835,-2.49087,0,-5.11731
2506.76,0.0156114,0.000156114,15836,-2.50543,0,-5.11167
2506.26,0.0156177,0.000156177,15837,-2.51998,0,-5.10599
2505.74,0.0156241,0.000156241,15838,-2.53453,0,-5.10028
2505.23,0.0156305,0.000156305,15839,-2.54906,0,-5.09454
2504.71,0.015637,0.00015637,15840,-2.56359,0,-5.08876
2504.19,0.0156435,0.000156435,15841,-2.57811,0,-5.08294
2503.67,0.01565,0.0001565,15842,-2.59263,0,-5.07709
2503.14,0.0156566,0.000156566,15843,-2.60714,0,-5.0712
2502.62,0.0156632,0.000156632,15844,-2.62164,0,-5.06528
2502.08,0.0156699,0.000156699,15845,-2.63613,0,-5.05932
2501.55,0.0156766,0.000156766,15846,-2.65062,0,-5.05333
2501.01,0.0156833,0.000156833,15847,-2.66509,0,-5.0473
2500.47,0.0156901,0.000156901,15848,-2.67957,0,-5.04124
2499.93,0.0156969,0.000156969,15849,-2.69403,0,-5.03514
2499.38,0.0157038,0.000157038,15850,-2.70848,0,-5.029
2498.83,0.0157107,0.000157107,15851,-2.72293,0,-5.02283
2498.28,0.0157176,0.000157176,15852,-2.73737,0,-5.01662
2497.73,0.0157246,0.000157246,15853,-2.7518,0,-5.01038
2497.17,0.0157316,0.000157316,15854,-2.76623,0,-5.0041
2496.61,0.0157387,0.000157387,15855,-2.78065,0,-4.99779
2496.04,0.0157458,0.000157458,15856,-2.79506,0,-4.99144
2495.48,0.0157529,0.000157529,15857,-2.80946,0,-4.98506
2494.91,0.0157601,0.000157601,15858,-2.82385,0,-4.97863
2494.34,0.0157674,0.000157674,15859,-2.83823,0,-4.97218
2493.76,0.0157746,0.000157746,15860,-2.85261,0,-4.96569
2493.18,0.0157819,0.000157819,15861,-2.86698,0,-4.95916
2492.6,0.0157893,0.000157893,15862,-2.88134,0,-4.95259
2492.02,0.0157967,0.000157967,15863,-2.89569,0,-4.94599
2491.43,0.0158041,0.000158041,15864,-2.91003,0,-4.93935
2490.84,0.0158116,0.000158116,15865,-2.92437,0,-4.93268
2490.25,0.0158191,0.000158191,15866,-2.93869,0,-4.92597
2489.66,0.0158267,0.000158267,15867,-2.95301,0,-4.91923
2489.06,0.0158343,0.000158343,15868,-2.96732,0,-4.91245
2488.46,0.0158419,0.000158419,15869,-2.98162,0,-4.90563
2487.85,0.0158496,0.000158496,15870,-2.99591,0,-4.89878
2487.25,0.0158574,0.000158574,15871,-3.01019,0,-4.89189
2486.64,0.0158651,0.000158651,15872,-3.02447,0,-4.88496
2486.03,0.015873,0.00015873,15873,-3.03873,0,-4.878
2485.41,0.0158808,0.000158808,15874,-3.05299,0,-4.871
2484.79,0.0158887,0.000158887,15875,-3.06723,0,-4.86397
2484.17,0.0158967,0.000158967,15876,-3.08147,0,-4.8569
2483.55,0.0159046,0.000159046,15877,-3.0957,0,-4.84979
2482.92,0.0159127,0.000159127,15878,-3.10992,0,-4.84265
2482.29,0.0159207,0.000159207,15879,-3.12413,0,-4.83546
2481.66,0.0159289,0.000159289,15880,-3.13833,0,-4.82825
2481.02,0.015937,0.00015937,15881,-3.15252,0,-4.821
2480.39,0.0159452,0.000159452,15882,-3.1667,0,-4.81371
2479.75,0.0159535,0.000159535,15883,-3.18087,0,-4.80638
2479.1,0.0159617,0.000159617,15884,-3.19504,0,-4.79902
2478.46,0.0159701,0.000159701,15885,-3.20919,0,-4.79162
2477.81,0.0159784,0.000159784,15886,-3.22333,0,-4.78418
2477.15,0.0159868,0.000159868,15887,-3.23746,0,-4.77671
2476.5,0.0159953,0.000159953,15888,-3.25159,0,-4.7692
2475.84,0.0160038,0.000160038,15889,-3.2657,0,-4.76165
2475.18,0.0160123,0.000160123,15890,-3.2798,0,-4.75407
2474.52,0.0160209,0.000160209,15891,-3.29389,0,-4.74645
2473.85,0.0160296,0.000160296,15892,-3.30798,0,-4.73879
2473.18,0.0160382,0.000160382,15893,-3.32205,0,-4.7311
2472.51,0.0160469,0.000160469,15894,-3.33611,0,-4.72337
2471.84,0.0160557,0.000160557,15895,-3.35016,0,-4.7156
2471.16,0.0160645,0.000160645,15896,-3.3642,0,-4.7078
2470.48,0.0160734,0.000160734,15897,-3.37824,0,-4.69995
2469.8,0.0160823,0.000160823,15898,-3.39226,0,-4.69207
2469.11,0.0160912,0.000160912,15899,-3.40626,0,-4.68416
2468.42,0.0161002,0.000161002,15900,-3.42026,0,-4.67621
2467.73,0.0161092,0.000161092,15901,-3.43425,0,-4.66822
2467.04,0.0161183,0.000161183,15902,-3.44823,0,-4.66019
2466.34,0.0161274,0.000161274,15903,-3.4622,0,-4.65212
2465.64,0.0161365,0.000161365,15904,-3.47615,0,-4.64402
2464.94,0.0161457,0.000161457,15905,-3.49009,0,-4.63588
2464.23,0.016155,0.00016155,15906,-3.50403,0,-4.62771
2463.52,0.0161643,0.000161643,15907,-3.51795,0,-4.61949
2462.81,0.0161736,0.000161736,15908,-3.53186,0,-4.61124
2462.1,0.016183,0.00016183,15909,-3.54576,0,-4.60295
2461.38,0.0161924,0.000161924,15910,-3.55965,0,-4.59463
2460.66,0.0162019,0.000162019,15911,-3.57352,0,-4.58627
2459.94,0.0162114,0.000162114,15912,-3.58739,0,-4.57786
2459.22,0.0162209,0.000162209,15913,-3.60124,0,-4.56943
2458.49,0.0162305,0.000162305,15914,-3.61508,0,-4.56095
2457.76,0.0162402,0.000162402,15915,-3.62891,0,-4.55244
2457.02,0.0162499,0.000162499,15916,-3.64273,0,-4.54388
2456.29,0.0162596,0.000162596,15917,-3.65654,0,-4.5353
2455.55,0.0162694,0.000162694,15918,-3.67033,0,-4.52667
2454.81,0.0162792,0.000162792,15919,-3.68411,0,-4.518
2454.06,0.0162891,0.000162891,15920,-3.69788,0,-4.5093
2453.32,0.016299,0.00016299,15921,-3.71164,0,-4.50056
2452.57,0.016309,0.00016309,15922,-3.72538,0,-4.49178
2451.81,0.016319,0.00016319,15923,-3.73912,0,-4.48297
2451.06,0.0163291,0.000163291,15924,-3.75284,0,-4.47411
2450.3,0.0163392,0.000163392,15925,-3.76655,0,-4.46522
2449.54,0.0163493,0.000163493,15926,-3.78024,0,-4.45629
2448.78,0.0163595,0.000163595,15927,-3.79392,0,-4.44732
2448.01,0.0163698,0.000163698,15928,-3.80759,0,-4.43832
2447.24,0.01638,0.0001638,15929,-3.82125,0,-4.42927
2446.47,0.0163904,0.000163904,15930,-3.83489,0,-4.42019
2445.7,0.0164008,0.000164008,15931,-3.84852,0,-4.41107
2444.92,0.0164112,0.000164112,15932,-3.86214,0,-4.40191
2444.14,0.0164217,0.000164217,15933,-3.87575,0,-4.39271
2443.36,0.0164322,0.000164322,15934,-3.88934,0,-4.38348
2442.57,0.0164428,0.000164428,15935,-3.90292,0,-4.3742
2441.78,0.0164534,0.000164534,15936,-3.91648,0,-4.36489
2440.99,0.016464,0.00016464,15937,-3.93003,0,-4.35554
2440.2,0.0164747,0.000164747,15938,-3.94357,0,-4.34615
2439.4,0.0164855,0.000164855,15939,-3.95709,0,-4.33673
2438.6,0.0164963,0.000164963,15940,-3.9706,0,-4.32726
2437.8,0.0165071,0.000165071,15941,-3.9841,0,-4.31776
2437,0.016518,0.00016518,15942,-3.99758,0,-4.30821
2436.19,0.016529,0.00016529,15943,-4.01105,0,-4.29863
2435.38,0.01654,0.0001654,15944,-4.0245,0,-4.28901
2434.57,0.016551,0.00016551,15945,-4.03794,0,-4.27935
2433.75,0.0165621,0.000165621,15946,-4.05137,0,-4.26965
2432.94,0.0165732,0.000165732,15947,-4.06478,0,-4.25992
2432.12,0.0165844,0.000165844,15948,-4.07818,0,-4.25014
2431.29,0.0165956,0.000165956,15949,-4.09156,0,-4.24033
2430.47,0.0166069,0.000166069,15950,-4.10493,0,-4.23047
2429.64,0.0166182,0.000166182,15951,-4.11828,0,-4.22058
2428.81,0.0166296,0.000166296,15952,-4.13162,0,-4.21065
2427.98,0.016641,0.00016641,15953,-4.14495,0,-4.20068
2427.14,0.0166525,0.000166525,15954,-4.15825,0,-4.19067
2426.3,0.016664,0.00016664,15955,-4.17155,0,-4.18062
2425.46,0.0166756,0.000166756,15956,-4.18483,0,-4.17054
2424.61,0.0166872,0.000166872,15957,-4.19809,0,-4.16041
2423.77,0.0166989,0.000166989,15958,-4.21134,0,-4.15024
2422.92,0.0167106,0.000167106,15959,-4.22457,0,-4.14004
2422.07,0.0167223,0.000167223,15960,-4.23779,0,-4.1298
2421.21,0.0167342,0.000167342,15961,-4.25099,0,-4.11951
2420.35,0.016746,0.00016746,15962,-4.26418,0,-4.10919
2419.49,0.0167579,0.000167579,15963,-4.27735,0,-4.09883
2418.63,0.0167699,0.000167699,15964,-4.2905,0,-4.08843
2417.77,0.0167819,0.000167819,15965,-4.30364,0,-4.07798
2416.9,0.0167939,0.000167939,15966,-4.31676,0,-4.0675
2416.03,0.0168061,0.000168061,15967,-4.32987,0,-4.05698
2415.15,0.0168182,0.000168182,15968,-4.34296,0,-4.04642
2414.28,0.0168304,0.000168304,15969,-4.35603,0,-4.03583
2413.4,0.0168427,0.000168427,15970,-4.36909,0,-4.02519
2412.52,0.016855,0.00016855,15971,-4.38213,0,-4.01451
2411.63,0.0168673,0.000168673,15972,-4.39515,0,-4.00379
2410.75,0.0168797,0.000168797,15973,-4.40816,0,-3.99303
2409.86,0.0168922,0.000168922,15974,-4.42115,0,-3.98223
2408.97,0.0169047,0.000169047,15975,-4.43412,0,-3.9714
2408.07,0.0169173,0.000169172,15976,-4.44708,0,-3.96052
2407.18,0.0169299,0.000169299,15977,-4.46002,0,-3.9496
2406.28,0.0169425,0.000169425,15978,-4.47294,0,-3.93865
2405.38,0.0169552,0.000169552,15979,-4.48585,0,-3.92765
2404.47,0.016968,0.00016968,15980,-4.49874,0,-3.91661
2403.56,0.0169808,0.000169808,15981,-4.51161,0,-3.90553
2402.65,0.0169936,0.000169936,15982,-4.52446,0,-3.89442
2401.74,0.0170065,0.000170066,15983,-4.53729,0,-3.88326
2400.83,0.0170195,0.000170195,15984,-4.55011,0,-3.87206
2399.91,0.0170325,0.000170325,15985,-4.56291,0,-3.86082
2398.99,0.0170456,0.000170456,15986,-4.57569,0,-3.84955
2398.07,0.0170587,0.000170587,15987,-4.58845,0,-3.83823
2397.14,0.0170719,0.000170719,15988,-4.6012,0,-3.82687
2396.22,0.0170851,0.000170851,15989,-4.61393,0,-3.81547
2395.29,0.0170984,0.000170984,15990,-4.62663,0,-3.80403
2394.35,0.0171117,0.000171117,15991,-4.63932,0,-3.79255
2393.42,0.017125,0.00017125,15992,-4.65199,0,-3.78103
2392.48,0.0171385,0.000171385,15993,-4.66465,0,-3.76947
2391.54,0.017152,0.00017152,15994,-4.67728,0,-3.75787
2390.6,0.0171655,0.000171655,15995,-4.68989,0,-3.74623
2389.65,0.0171791,0.000171791,15996,-4.70249,0,-3.73454
2388.71,0.0171927,0.000171927,15997,-4.71506,0,-3.72282
2387.76,0.0172064,0.000172064,15998,-4.72762,0,-3.71106
2386.8,0.0172201,0.000172201,15999,-4.74016,0,-3.69925
2385.85,0.0172339,0.000172339,16000,-4.75268,0,-3.68741
2384.89,0.0172478,0.000172478,16001,-4.76517,0,-3.67552
2383.93,0.0172616,0.000172616,16002,-4.77765,0,-3.66359
2382.97,0.0172756,0.000172756,16003,-4.79011,0,-3.65162
2382,0.0172896,0.000172896,16004,-4.80255,0,-3.63962
2381.03,0.0173037,0.000173037,16005,-4.81497,0,-3.62757
2380.06,0.0173178,0.000173178,16006,-4.82737,0,-3.61548
2379.09,0.0173319,0.000173319,16007,-4.83974,0,-3.60334
2378.12,0.0173461,0.000173461,16008,-4.8521,0,-3.59117
2377.14,0.0173604,0.000173604,16009,-4.86444,0,-3.57896
2376.16,0.0173747,0.000173747,16010,-4.87676,0,-3.5667
2375.18,0.0173891,0.000173891,16011,-4.88905,0,-3.5544
2374.19,0.0174035,0.000174035,16012,-4.90133,0,-3.54207
2373.2,0.017418,0.00017418,16013,-4.91358,0,-3.52969
2372.21,0.0174326,0.000174326,16014,-4.92581,0,-3.51727
2371.22,0.0174472,0.000174472,16015,-4.93802,0,-3.50481
2370.23,0.0174618,0.000174618,16016,-4.95021,0,-3.4923
2369.23,0.0174765,0.000174765,16017,-4.96238,0,-3.47976
2368.23,0.0174913,0.000174913,16018,-4.97453,0,-3.46717
2367.23,0.0175061,0.000175061,16019,-4.98665,0,-3.45455
2366.22,0.0175209,0.000175209,16020,-4.99876,0,-3.44188
2365.22,0.0175358,0.000175358,16021,-5.01084,0,-3.42917
2364.21,0.0175508,0.000175508,16022,-5.0229,0,-3.41642
2363.2,0.0175659,0.000175659,16023,-5.03493,0,-3.40362
2362.18,0.0175809,0.000175809,16024,-5.04695,0,-3.39079
2361.17,0.0175961,0.000175961,16025,-5.05894,0,-3.37791
2360.15,0.0176113,0.000176113,16026,-5.07091,0,-3.36499
2359.13,0.0176265,0.000176265,16027,-5.08286,0,-3.35203
2358.1,0.0176418,0.000176418,16028,-5.09478,0,-3.33903
2357.08,0.0176572,0.000176572,16029,-5.10668,0,-3.32599
2356.05,0.0176726,0.000176726,16030,-5.11856,0,-3.3129
2355.02,0.0176881,0.000176881,16031,-5.13042,0,-3.29977
2353.99,0.0177036,0.000177036,16032,-5.14225,0,-3.28661
2352.95,0.0177192,0.000177192,16033,-5.15406,0,-3.27339
2351.91,0.0177348,0.000177348,16034,-5.16584,0,-3.26014
2350.87,0.0177505,0.000177505,16035,-5.1776,0,-3.24684
2349.83,0.0177663,0.000177663,16036,-5.18934,0,-3.23351
2348.79,0.0177821,0.000177821,16037,-5.20105,0,-3.22013
2347.74,0.0177979,0.000177979,16038,-5.21274,0,-3.20671
2346.69,0.0178139,0.000178139,16039,-5.2244,0,-3.19324
2345.64,0.0178298,0.000178298,16040,-5.23604,0,-3.17974
2344.58,0.0178459,0.000178459,16041,-5.24766,0,-3.16619
2343.53,0.017862,0.00017862,16042,-5.25925,0,-3.1526
2342.47,0.0178781,0.000178781,16043,-5.27081,0,-3.13896
2341.41,0.0178943,0.000178943,16044,-5.28235,0,-3.12529
2340.34,0.0179106,0.000179106,16045,-5.29387,0,-3.11157
2339.28,0.0179269,0.000179269,16046,-5.30536,0,-3.09781
2338.21,0.0179433,0.000179433,16047,-5.31683,0,-3.08401
2337.14,0.0179597,0.000179597,16048,-5.32827,0,-3.07016
2336.07,0.0179762,0.000179762,16049,-5.33968,0,-3.05627
2334.99,0.0179928,0.000179928,16050,-5.35107,0,-3.04234
2333.92,0.0180094,0.000180094,16051,-5.36243,0,-3.02837
2332.84,0.0180261,0.000180261,16052,-5.37377,0,-3.01436
2331.75,0.0180428,0.000180428,16053,-5.38508,0,-3.0003
2330.67,0.0180596,0.000180596,16054,-5.39636,0,-2.9862
2329.58,0.0180764,0.000180764,16055,-5.40762,0,-2.97205
2328.5,0.0180933,0.000180933,16056,-5.41885,0,-2.95787
2327.41,0.0181103,0.000181103,16057,-5.43005,0,-2.94364
2326.31,0.0181273,0.000181273,16058,-5.44123,0,-2.92937
2325.22,0.0181444,0.000181444,16059,-5.45238,0,-2.91505
2324.12,0.0181615,0.000181615,16060,-5.4635,0,-2.9007
2323.02,0.0181787,0.000181787,16061,-5.4746,0,-2.8863
2321.92,0.0181959,0.000181959,16062,-5.48566,0,-2.87185
2320.82,0.0182133,0.000182133,16063,-5.4967,0,-2.85737
2319.71,0.0182306,0.000182306,16064,-5.50771,0,-2.84284
2318.6,0.0182481,0.000182481,16065,-5.5187,0,-2.82827
2317.49,0.0182656,0.000182656,16066,-5.52965,0,-2.81365
2316.38,0.0182831,0.000182831,16067,-5.54058,0,-2.79899
2315.26,0.0183007,0.000183007,16068,-5.55148,0,-2.78429
2314.15,0.0183184,0.000183184,16069,-5.56235,0,-2.76955
2313.03,0.0183361,0.000183361,16070,-5.57319,0,-2.75476
2311.91,0.0183539,0.000183539,16071,-5.58401,0,-2.73993
2310.78,0.0183718,0.000183718,16072,-5.59479,0,-2.72506
2309.66,0.0183897,0.000183897,16073,-5.60554,0,-2.71014
2308.53,0.0184076,0.000184076,16074,-5.61627,0,-2.69518
2307.4,0.0184257,0.000184257,16075,-5.62697,0,-2.68017
2306.27,0.0184438,0.000184438,16076,-5.63763,0,-2.66513
2305.13,0.0184619,0.000184619,16077,-5.64827,0,-2.65004
2304,0.0184801,0.000184801,16078,-5.65887,0,-2.6349
2302.86,0.0184984,0.000184984,16079,-5.66945,0,-2.61973
2301.72,0.0185167,0.000185167,16080,-5.68,0,-2.60451
2300.58,0.0185351,0.000185351,16081,-5.69051,0,-2.58924
2299.43,0.0185536,0.000185536,16082,-5.70099,0,-2.57394
2298.29,0.0185721,0.000185721,16083,-5.71145,0,-2.55858
2297.14,0.0185907,0.000185907,16084,-5.72187,0,-2.54319
2295.99,0.0186093,0.000186093,16085,-5.73226,0,-2.52775
2294.83,0.018628,0.00018628,16086,-5.74262,0,-2.51227
2293.68,0.0186468,0.000186468,16087,-5.75295,0,-2.49675
2292.52,0.0186656,0.000186656,16088,-5.76325,0,-2.48118
2291.36,0.0186845,0.000186845,16089,-5.77351,0,-2.46557
2290.2,0.0187035,0.000187035,16090,-5.78375,0,-2.44991
2289.04,0.0187225,0.000187225,16091,-5.79395,0,-2.43421
2287.87,0.0187416,0.000187416,16092,-5.80412,0,-2.41847
2286.7,0.0187607,0.000187607,16093,-5.81425,0,-2.40268
2285.54,0.0187799,0.000187799,16094,-5.82436,0,-2.38685
2284.36,0.0187991,0.000187991,16095,-5.83443,0,-2.37098
2283.19,0.0188185,0.000188185,16096,-5.84446,0,-2.35506
2282.02,0.0188379,0.000188379,16097,-5.85447,0,-2.3391
2280.84,0.0188573,0.000188573,16098,-5.86444,0,-2.32309
2279.66,0.0188768,0.000188768,16099,-5.87438,0,-2.30704
2278.48,0.0188964,0.000188964,16100,-5.88428,0,-2.29095
2277.3,0.018916,0.00018916,16101,-5.89415,0,-2.27481
2276.11,0.0189357,0.000189357,16102,-5.90399,0,-2.25863
2274.92,0.0189555,0.000189555,16103,-5.91379,0,-2.24241
2273.73,0.0189753,0.000189753,16104,-5.92355,0,-2.22614
2272.54,0.0189952,0.000189952,16105,-5.93329,0,-2.20982
2271.35,0.0190152,0.000190152,16106,-5.94298,0,-2.19347
2270.16,0.0190352,0.000190352,16107,-5.95265,0,-2.17707
2268.96,0.0190553,0.000190553,16108,-5.96227,0,-2.16062
2267.76,0.0190755,0.000190755,16109,-5.97186,0,-2.14413
2266.56,0.0190957,0.000190957,16110,-5.98142,0,-2.1276
2265.36,0.0191159,0.000191159,16111,-5.99094,0,-2.11102
2264.15,0.0191363,0.000191363,16112,-6.00043,0,-2.0944
2262.95,0.0191567,0.000191567,16113,-6.00987,0,-2.07774
2261.74,0.0191772,0.000191772,16114,-6.01929,0,-2.06103
2260.53,0.0191977,0.000191977,16115,-6.02866,0,-2.04428
2259.32,0.0192183,0.000192183,16116,-6.038,0,-2.02748
2258.1,0.019239,0.00019239,16117,-6.0473,0,-2.01064
2256.89,0.0192597,0.000192597,16118,-6.05657,0,-1.99376
2255.67,0.0192805,0.000192805,16119,-6.0658,0,-1.97683
2254.45,0.0193013,0.000193013,16120,-6.07499,0,-1.95985
2253.23,0.0193223,0.000193223,16121,-6.08414,0,-1.94284
2252.01,0.0193433,0.000193433,16122,-6.09325,0,-1.92578
2250.78,0.0193643,0.000193643,16123,-6.10233,0,-1.90867
2249.56,0.0193854,0.000193854,16124,-6.11137,0,-1.89152
2248.33,0.0194066,0.000194066,16125,-6.12037,0,-1.87433
2247.1,0.0194279,0.000194279,16126,-6.12933,0,-1.85709
2245.87,0.0194492,0.000194492,16127,-6.13825,0,-1.83981
2244.63,0.0194706,0.000194706,16128,-6.14713,0,-1.82248
2243.4,0.019492,0.00019492,16129,-6.15598,0,-1.80511
2242.16,0.0195135,0.000195135,16130,-6.16478,0,-1.7877
2240.92,0.0195351,0.000195351,16131,-6.17355,0,-1.77024
2239.68,0.0195568,0.000195568,16132,-6.18227,0,-1.75274
2238.44,0.0195785,0.000195785,16133,-6.19096,0,-1.73519
2237.19,0.0196003,0.000196003,16134,-6.1996,0,-1.7176
2235.95,0.0196221,0.000196221,16135,-6.20821,0,-1.69996
2234.7,0.019644,0.00019644,16136,-6.21677,0,-1.68228
2233.45,0.019666,0.00019666,16137,-6.22529,0,-1.66456
2232.2,0.019688,0.00019688,16138,-6.23377,0,-1.64679
2230.95,0.0197102,0.000197102,16139,-6.24221,0,-1.62898
2229.69,0.0197323,0.000197323,16140,-6.25061,0,-1.61113
2228.44,0.0197546,0.000197546,16141,-6.25897,0,-1.59323
2227.18,0.0197769,0.000197769,16142,-6.26728,0,-1.57528
2225.92,0.0197993,0.000197993,16143,-6.27556,0,-1.55729
2224.66,0.0198217,0.000198217,16144,-6.28379,0,-1.53926
2223.4,0.0198443,0.000198443,16145,-6.29198,0,-1.52119
2222.13,0.0198668,0.000198668,16146,-6.30012,0,-1.50306
2220.87,0.0198895,0.000198895,16147,-6.30822,0,-1.4849
2219.6,0.0199122,0.000199122,16148,-6.31628,0,-1.46669
2218.33,0.019935,0.00019935,16149,-6.3243,0,-1.44844
2217.06,0.0199578,0.000199578,16150,-6.33227,0,-1.43014
2215.79,0.0199808,0.000199808,16151,-6.34019,0,-1.4118
2214.52,0.0200038,0.000200038,16152,-6.34808,0,-1.39342
2213.24,0.0200268,0.000200268,16153,-6.35592,0,-1.37499
2211.96,0.0200499,0.000200499,16154,-6.36371,0,-1.35651
2210.69,0.0200731,0.000200731,16155,-6.37146,0,-1.338
2209.41,0.0200964,0.000200964,16156,-6.37916,0,-1.31944
2208.12,0.0201197,0.000201197,16157,-6.38682,0,-1.30083
2206.84,0.0201431,0.000201431,16158,-6.39444,0,-1.28218
2205.56,0.0201666,0.000201666,16159,-6.402,0,-1.26349
2204.27,0.0201901,0.000201901,16160,-6.40953,0,-1.24475
2202.98,0.0202137,0.000202137,16161,-6.417,0,-1.22597
2201.7,0.0202374,0.000202374,16162,-6.42443,0,-1.20715
2200.4,0.0202611,0.000202611,16163,-6.43181,0,-1.18828
2199.11,0.020285,0.00020285,16164,-6.43915,0,-1.16937
2197.82,0.0203088,0.000203088,16165,-6.44644,0,-1.15041
2196.53,0.0203328,0.000203328,16166,-6.45368,0,-1.13141
2195.23,0.0203568,0.000203568,16167,-6.46087,0,-1.11237
2193.93,0.0203809,0.000203809,16168,-6.46802,0,-1.09328
2192.63,0.020405,0.00020405,16169,-6.47511,0,-1.07415
2191.33,0.0204293,0.000204293,16170,-6.48216,0,-1.05498
2190.03,0.0204536,0.000204536,16171,-6.48916,0,-1.03576
2188.73,0.0204779,0.000204779,16172,-6.49612,0,-1.0165
2187.42,0.0205023,0.000205023,16173,-6.50302,0,-0.99719
2186.12,0.0205268,0.000205268,16174,-6.50987,0,-0.977841
2184.81,0.0205514,0.000205514,16175,-6.51668,0,-0.958449
2183.5,0.0205761,0.000205761,16176,-6.52343,0,-0.939013
2182.19,0.0206008,0.000206008,16177,-6.53013,0,-0.919533
2180.88,0.0206256,0.000206256,16178,-6.53679,0,-0.900011
2179.57,0.0206504,0.000206504,16179,-6.54339,0,-0.880444
2178.25,0.0206753,0.000206753,16180,-6.54994,0,-0.860835
2176.94,0.0207003,0.000207003,16181,-6.55645,0,-0.841182
2175.62,0.0207254,0.000207254,16182,-6.5629,0,-0.821486
2174.3,0.0207505,0.000207505,16183,-6.56929,0,-0.801747
2172.99,0.0207757,0.000207757,16184,-6.57564,0,-0.781964
2171.67,0.020801,0.00020801,16185,-6.58194,0,-0.762139
2170.34,0.0208263,0.000208263,16186,-6.58818,0,-0.74227
2169.02,0.0208517,0.000208517,16187,-6.59437,0,-0.722358
2167.7,0.0208772,0.000208772,16188,-6.60051,0,-0.702404
2166.37,0.0209027,0.000209027,16189,-6.60659,0,-0.682406
2165.05,0.0209283,0.000209283,16190,-6.61262,0,-0.662365
2163.72,0.020954,0.00020954,16191,-6.6186,0,-0.642282
2162.39,0.0209798,0.000209798,16192,-6.62452,0,-0.622156
2161.06,0.0210056,0.000210056,16193,-6.63039,0,-0.601987
2159.73,0.0210315,0.000210315,16194,-6.63621,0,-0.581775
2158.4,0.0210575,0.000210575,16195,-6.64197,0,-0.561521
2157.06,0.0210835,0.000210835,16196,-6.64767,0,-0.541224
2155.73,0.0211096,0.000211096,16197,-6.65332,0,-0.520885
2154.39,0.0211358,0.000211358,16198,-6.65892,0,-0.500503
2153.06,0.021162,0.00021162,16199,-6.66446,0,-0.480079
2151.72,0.0211884,0.000211884,16200,-6.66994,0,-0.459612
2150.38,0.0212148,0.000212148,16201,-6.67537,0,-0.439103
2149.04,0.0212412,0.000212412,16202,-6.68074,0,-0.418552
2147.7,0.0212677,0.000212677,16203,-6.68605,0,-0.397959
2146.36,0.0212943,0.000212943,16204,-6.69131,0,-0.377324
2145.02,0.021321,0.00021321,16205,-6.69651,0,-0.356647
2143.67,0.0213478,0.000213478,16206,-6.70165,0,-0.335927
2142.33,0.0213746,0.000213746,16207,-6.70673,0,-0.315166
2140.98,0.0214015,0.000214015,16208,-6.71176,0,-0.294363
2139.63,0.0214284,0.000214284,16209,-6.71673,0,-0.273519
2138.29,0.0214554,0.000214554,16210,-6.72164,0,-0.252632
2136.94,0.0214825,0.000214825,16211,-6.72649,0,-0.231705
2135.59,0.0215097,0.000215097,16212,-6.73128,0,-0.210735
2134.24,0.0215369,0.000215369,16213,-6.73601,0,-0.189724
2132.89,0.0215642,0.000215642,16214,-6.74068,0,-0.168672
2131.53,0.0215916,0.000215916,16215,-6.74529,0,-0.147579
2130.18,0.0216191,0.000216191,16216,-6.74984,0,-0.126444
2128.82,0.0216466,0.000216466,16217,-6.75433,0,-0.105269
2127.47,0.0216742,0.000216742,16218,-6.75876,0,-0.0840519
2126.11,0.0217018,0.000217018,16219,-6.76313,0,-0.0627943
2124.76,0.0217296,0.000217296,16220,-6.76744,0,-0.0414958
2123.4,0.0217573,0.000217574,16221,-6.77168,0,-0.0201566
2122.04,0.0217852,0.000217852,16222,-6.77587,0,0.0012232
2120.68,0.0218132,0.000218132,16223,-6.77999,0,0.0226436
2119.32,0.0218412,0.000218412,16224,-6.78405,0,0.0441044
2117.96,0.0218692,0.000218692,16225,-6.78804,0,0.0656057
2116.6,0.0218974,0.000218974,16226,-6.79197,0,0.0871472
2115.23,0.0219256,0.000219256,16227,-6.79584,0,0.108729
2113.87,0.0219539,0.000219539,16228,-6.79965,0,0.130351
2112.51,0.0219823,0.000219823,16229,-6.80339,0,0.152012
2111.14,0.0220107,0.000220107,16230,-6.80706,0,0.173714
2109.78,0.0220392,0.000220392,16231,-6.81067,0,0.195455
2108.41,0.0220678,0.000220678,16232,-6.81422,0,0.217236
2107.04,0.0220964,0.000220964,16233,-6.8177,0,0.239056
2105.68,0.0221251,0.000221251,16234,-6.82112,0,0.260916
2104.31,0.0221539,0.000221539,16235,-6.82447,0,0.282815
2102.94,0.0221828,0.000221828,16236,-6.82775,0,0.304754
2101.57,0.0222117,0.000222117,16237,-6.83097,0,0.326731
2100.2,0.0222407,0.000222407,16238,-6.83412,0,0.348748
2098.83,0.0222697,0.000222697,16239,-6.8372,0,0.370803
2097.46,0.0222989,0.000222989,16240,-6.84022,0,0.392897
2096.09,0.0223281,0.000223281,16241,-6.84317,0,0.415029
2094.71,0.0223573,0.000223573,16242,-6.84605,0,0.4372
2093.34,0.0223867,0.000223867,16243,-6.84886,0,0.45941
2091.97,0.0224161,0.000224161,16244,-6.8516,0,0.481657
2090.59,0.0224456,0.000224456,16245,-6.85428,0,0.503943
2089.22,0.0224751,0.000224751,16246,-6.85688,0,0.526267
2087.84,0.0225047,0.000225047,16247,-6.85942,0,0.548628
2086.47,0.0225344,0.000225344,16248,-6.86189,0,0.571027
2085.09,0.0225642,0.000225642,16249,-6.86428,0,0.593464
2083.71,0.022594,0.00022594,16250,-6.86661,0,0.615938
2082.34,0.0226239,0.000226239,16251,-6.86886,0,0.638449
2080.96,0.0226538,0.000226538,16252,-6.87105,0,0.660997
2079.58,0.0226839,0.000226839,16253,-6.87316,0,0.683582
2078.2,0.022714,0.00022714,16254,-6.8752,0,0.706204
2076.83,0.0227441,0.000227441,16255,-6.87717,0,0.728863
2075.45,0.0227744,0.000227744,16256,-6.87907,0,0.751558
2074.07,0.0228046,0.000228046,16257,-6.88089,0,0.77429
2072.69,0.022835,0.00022835,16258,-6.88264,0,0.797058
2071.31,0.0228655,0.000228655,16259,-6.88432,0,0.819862
2069.93,0.022896,0.00022896,16260,-6.88592,0,0.842701
2068.55,0.0229265,0.000229265,16261,-6.88745,0,0.865577
2067.17,0.0229572,0.000229572,16262,-6.88891,0,0.888488
2065.78,0.0229879,0.000229879,16263,-6.89029,0,0.911434
2064.4,0.0230187,0.000230187,16264,-6.8916,0,0.934415
2063.02,0.0230495,0.000230495,16265,-6.89283,0,0.957432
2061.64,0.0230804,0.000230804,16266,-6.89399,0,0.980483
2060.26,0.0231114,0.000231114,16267,-6.89507,0,1.00357
2058.88,0.0231424,0.000231424,16268,-6.89607,0,1.02669
2057.49,0.0231735,0.000231735,16269,-6.897,0,1.04985
2056.11,0.0232047,0.000232047,16270,-6.89785,0,1.07303
2054.73,0.0232359,0.000232359,16271,-6.89862,0,1.09626
2053.35,0.0232673,0.000232672,16272,-6.89932,0,1.11951
2051.96,0.0232986,0.000232986,16273,-6.89994,0,1.1428
2050.58,0.0233301,0.000233301,16274,-6.90048,0,1.16613
2049.2,0.0233616,0.000233616,16275,-6.90094,0,1.18949
2047.81,0.0233931,0.000233931,16276,-6.90133,0,1.21288
2046.43,0.0234248,0.000234248,16277,-6.90163,0,1.2363
2045.05,0.0234565,0.000234565,16278,-6.90186,0,1.25975
2043.66,0.0234882,0.000234882,16279,-6.902,0,1.28324
2042.28,0.0235201,0.000235201,16280,-6.90207,0,1.30676
2040.9,0.023552,0.00023552,16281,-6.90206,0,1.33031
2039.51,0.0235839,0.000235839,16282,-6.90196,0,1.3539
2038.13,0.0236159,0.000236159,16283,-6.90179,0,1.37751
2036.75,0.023648,0.00023648,16284,-6.90153,0,1.40116
2035.36,0.0236802,0.000236802,16285,-6.90119,0,1.42484
2033.98,0.0237124,0.000237124,16286,-6.90077,0,1.44855
2032.6,0.0237447,0.000237447,16287,-6.90027,0,1.47228
2031.22,0.023777,0.00023777,16288,-6.89968,0,1.49605
2029.83,0.0238094,0.000238094,16289,-6.89901,0,1.51985
2028.45,0.0238419,0.000238419,16290,-6.89826,0,1.54368
2027.07,0.0238744,0.000238744,16291,-6.89742,0,1.56754
2025.69,0.023907,0.00023907,16292,-6.8965,0,1.59143
2024.3,0.0239396,0.000239396,16293,-6.8955,0,1.61535
2022.92,0.0239723,0.000239723,16294,-6.89441,0,1.6393
2021.54,0.0240051,0.000240051,16295,-6.89324,0,1.66328
2020.16,0.024038,0.00024038,16296,-6.89198,0,1.68728
2018.78,0.0240709,0.000240709,16297,-6.89064,0,1.71131
2017.4,0.0241038,0.000241038,16298,-6.88921,0,1.73538
2016.02,0.0241368,0.000241368,16299,-6.88769,0,1.75946
2014.64,0.0241699,0.000241699,16300,-6.88609,0,1.78358
2013.26,0.024203,0.00024203,16301,-6.8844,0,1.80773
2011.88,0.0242362,0.000242362,16302,-6.88262,0,1.8319
2010.5,0.0242695,0.000242695,16303,-6.88076,0,1.85609
2009.12,0.0243028,0.000243028,16304,-6.87881,0,1.88032
2007.74,0.0243362,0.000243362,16305,-6.87676,0,1.90457
2006.37,0.0243696,0.000243696,16306,-6.87464,0,1.92885
2004.99,0.0244031,0.000244031,16307,-6.87242,0,1.95315
2003.61,0.0244366,0.000244366,16308,-6.87011,0,1.97748
2002.24,0.0244702,0.000244702,16309,-6.86771,0,2.00183
2000.86,0.0245039,0.000245039,16310,-6.86523,0,2.02621
1999.49,0.0245376,0.000245376,16311,-6.86265,0,2.05061
1998.11,0.0245714,0.000245714,16312,-6.85998,0,2.07503
1996.74,0.0246052,0.000246052,16313,-6.85722,0,2.09948
1995.36,0.0246391,0.000246391,16314,-6.85437,0,2.12396
1993.99,0.024673,0.00024673,16315,-6.85143,0,2.14845
1992.62,0.024707,0.00024707,16316,-6.8484,0,2.17297
1991.25,0.0247411,0.000247411,16317,-6.84527,0,2.19752
1989.88,0.0247752,0.000247752,16318,-6.84206,0,2.22208
1988.51,0.0248093,0.000248093,16319,-6.83875,0,2.24667
1987.14,0.0248435,0.000248435,16320,-6.83534,0,2.27128
1985.77,0.0248778,0.000248778,16321,-6.83185,0,2.29591
1984.4,0.0249121,0.000249121,16322,-6.82825,0,2.32056
1983.03,0.0249465,0.000249465,16323,-6.82457,0,2.34523
1981.67,0.0249809,0.000249809,16324,-6.82079,0,2.36993
1980.3,0.0250154,0.000250154,16325,-6.81691,0,2.39464
1978.94,0.0250499,0.000250499,16326,-6.81294,0,2.41937
1977.57,0.0250844,0.000250844,16327,-6.80888,0,2.44413
1976.21,0.0251191,0.000251191,16328,-6.80472,0,2.4689
1974.85,0.0251537,0.000251537,16329,-6.80046,0,2.49369
1973.48,0.0251885,0.000251885,16330,-6.7961,0,2.5185
1972.12,0.0252232,0.000252232,16331,-6.79165,0,2.54333
1970.76,0.0252581,0.000252581,16332,-6.78711,0,2.56817
1969.41,0.0252929,0.000252929,16333,-6.78246,0,2.59303
1968.05,0.0253278,0.000253278,16334,-6.77772,0,2.61791
1966.69,0.0253628,0.000253628,16335,-6.77288,0,2.64281
1965.33,0.0253978,0.000253978,16336,-6.76794,0,2.66772
1963.98,0.0254328,0.000254328,16337,-6.7629,0,2.69265
1962.63,0.0254679,0.000254679,16338,-6.75776,0,2.7176
1961.27,0.0255031,0.000255031,16339,-6.75252,0,2.74256
1959.92,0.0255383,0.000255383,16340,-6.74719,0,2.76753
1958.57,0.0255735,0.000255735,16341,-6.74175,0,2.79252
1957.22,0.0256088,0.000256088,16342,-6.73621,0,2.81752
1955.87,0.0256441,0.000256441,16343,-6.73058,0,2.84254
1954.53,0.0256795,0.000256795,16344,-6.72484,0,2.86757
1953.18,0.0257149,0.000257149,16345,-6.719,0,2.89261
1951.84,0.0257503,0.000257503,16346,-6.71306,0,2.91767
1950.49,0.0257858,0.000257858,16347,-6.70701,0,2.94274
1949.15,0.0258213,0.000258213,16348,-6.70087,0,2.96781
1947.81,0.0258569,0.000258569,16349,-6.69462,0,2.99291
1946.47,0.0258925,0.000258925,16350,-6.68827,0,3.01801
1945.13,0.0259282,0.000259282,16351,-6.68181,0,3.04312
1943.79,0.0259639,0.000259639,16352,-6.67526,0,3.06824
1942.46,0.0259996,0.000259996,16353,-6.66859,0,3.09337
1941.12,0.0260353,0.000260353,16354,-6.66183,0,3.11851
1939.79,0.0260711,0.000260711,16355,-6.65496,0,3.14366
1938.46,0.026107,0.00026107,16356,-6.64798,0,3.16882
1937.13,0.0261428,0.000261428,16357,-6.6409,0,3.19399
1935.8,0.0261787,0.000261787,16358,-6.63372,0,3.21916
1934.47,0.0262147,0.000262147,16359,-6.62643,0,3.24434
1933.15,0.0262506,0.000262506,16360,-6.61903,0,3.26953
1931.82,0.0262866,0.000262866,16361,-6.61153,0,3.29472
1930.5,0.0263227,0.000263227,16362,-6.60392,0,3.31992
1929.18,0.0263587,0.000263587,16363,-6.5962,0,3.34512
1927.86,0.0263948,0.000263948,16364,-6.58838,0,3.37033
1926.54,0.026431,0.00026431,16365,-6.58045,0,3.39555
1925.22,0.0264671,0.000264671,16366,-6.57241,0,3.42076
1923.91,0.0265033,0.000265033,16367,-6.56427,0,3.44598
1922.6,0.0265395,0.000265395,16368,-6.55601,0,3.47121
1921.28,0.0265758,0.000265758,16369,-6.54765,0,3.49643
1919.97,0.026612,0.00026612,16370,-6.53918,0,3.52166
1918.67,0.0266483,0.000266483,16371,-6.5306,0,3.54689
1917.36,0.0266847,0.000266847,16372,-6.52191,0,3.57212
1916.06,0.026721,0.00026721,16373,-6.51311,0,3.59735
1914.75,0.0267574,0.000267574,16374,-6.5042,0,3.62258
1913.45,0.0267938,0.000267938,16375,-6.49518,0,3.64781
1912.15,0.0268302,0.000268302,16376,-6.48605,0,3.67304
1910.86,0.0268666,0.000268666,16377,-6.47681,0,3.69827
1909.56,0.0269031,0.000269031,16378,-6.46746,0,3.72349
1908.27,0.0269396,0.000269396,16379,-6.45799,0,3.74872
1906.98,0.0269761,0.000269761,16380,-6.44842,0,3.77394
1905.69,0.0270126,0.000270126,16381,-6.43873,0,3.79915
1904.4,0.0270491,0.000270491,16382,-6.42894,0,3.82436
1903.11,0.0270857,0.000270857,16383,-6.41902,0,3.84957
1901.83,0.0271222,0.000271222,16384,-6.409,0,3.87477
1900.55,0.0271588,0.000271588,16385,-6.39887,0,3.89997
1899.27,0.0271954,0.000271954,16386,-6.38862,0,3.92516
1897.99,0.027232,0.00027232,16387,-6.37825,0,3.95034
1896.72,0.0272687,0.000272687,16388,-6.36778,0,3.97552
1895.44,0.0273053,0.000273053,16389,-6.35719,0,4.00069
1894.17,0.027342,0.00027342,16390,-6.34649,0,4.02585
1892.9,0.0273786,0.000273786,16391,-6.33567,0,4.051
1891.64,0.0274153,0.000274153,16392,-6.32474,0,4.07614
1890.37,0.027452,0.00027452,16393,-6.31369,0,4.10127
1889.11,0.0274887,0.000274887,16394,-6.30253,0,4.12639
1887.85,0.0275254,0.000275254,16395,-6.29125,0,4.1515
1886.59,0.0275621,0.000275621,16396,-6.27986,0,4.1766
1885.34,0.0275988,0.000275988,16397,-6.26835,0,4.20168
1884.09,0.0276355,0.000276355,16398,-6.25673,0,4.22676
1882.83,0.0276723,0.000276723,16399,-6.24499,0,4.25181
1881.59,0.027709,0.00027709,16400,-6.23313,0,4.27686
1880.34,0.0277457,0.000277457,16401,-6.22116,0,4.30189
1879.1,0.0277824,0.000277824,16402,-6.20907,0,4.3269
1877.86,0.0278192,0.000278192,16403,-6.19686,0,4.3519
1876.62,0.0278559,0.000278559,16404,-6.18454,0,4.37688
1875.38,0.0278926,0.000278926,16405,-6.1721,0,4.40185
1874.15,0.0279293,0.000279293,16406,-6.15954,0,4.42679
1872.92,0.0279661,0.000279661,16407,-6.14686,0,4.45172
1871.69,0.0280028,0.000280028,16408,-6.13407,0,4.47663
1870.46,0.0280395,0.000280395,16409,-6.12116,0,4.50152
1869.24,0.0280762,0.000280762,16410,-6.10813,0,4.52639
1868.02,0.0281129,0.000281129,16411,-6.09498,0,4.55124
1866.8,0.0281496,0.000281496,16412,-6.08171,0,4.57607
1865.59,0.0281863,0.000281863,16413,-6.06833,0,4.60087
1864.38,0.0282229,0.000282229,16414,-6.05482,0,4.62565
1863.17,0.0282596,0.000282596,16415,-6.0412,0,4.65041
1861.96,0.0282962,0.000282962,16416,-6.02746,0,4.67515
1860.76,0.0283328,0.000283328,16417,-6.01359,0,4.69986
1859.55,0.0283695,0.000283695,16418,-5.99961,0,4.72454
1858.36,0.0284061,0.000284061,16419,-5.98551,0,4.7492
1857.16,0.0284427,0.000284427,16420,-5.97129,0,4.77383
1855.97,0.0284792,0.000284792,16421,-5.95695,0,4.79844
1854.78,0.0285158,0.000285158,16422,-5.94249,0,4.82302
1853.59,0.0285523,0.000285523,16423,-5.92791,0,4.84756
1852.41,0.0285888,0.000285888,16424,-5.9132,0,4.87208
1851.23,0.0286253,0.000286253,16425,-5.89838,0,4.89657
1850.05,0.0286617,0.000286617,16426,-5.88344,0,4.92103
1848.87,0.0286982,0.000286982,16427,-5.86837,0,4.94546
1847.7,0.0287346,0.000287346,16428,-5.85319,0,4.96985
1846.53,0.028771,0.00028771,16429,-5.83788,0,4.99421
1845.37,0.0288073,0.000288073,16430,-5.82246,0,5.01854
1844.21,0.0288437,0.000288437,16431,-5.80691,0,5.04284
1843.05,0.02888,0.0002888,16432,-5.79124,0,5.0671
1841.89,0.0289162,0.000289162,16433,-5.77545,0,5.09132
1840.74,0.0289525,0.000289525,16434,-5.75954,0,5.11551
1839.59,0.0289887,0.000289887,16435,-5.74351,0,5.13966
1838.44,0.0290248,0.000290248,16436,-5.72735,0,5.16377
1837.3,0.029061,0.00029061,16437,-5.71107,0,5.18785
1836.16,0.0290971,0.000290971,16438,-5.69467,0,5.21188
1835.02,0.0291331,0.000291331,16439,-5.67815,0,5.23588
1833.89,0.0291691,0.000291691,16440,-5.66151,0,5.25983
1832.76,0.0292051,0.000292051,16441,-5.64475,0,5.28375
1831.63,0.029241,0.00029241,16442,-5.62786,0,5.30762
1830.51,0.0292769,0.000292769,16443,-5.61085,0,5.33145
1829.39,0.0293128,0.000293128,16444,-5.59372,0,5.35524
1828.27,0.0293486,0.000293486,16445,-5.57647,0,5.37898
1827.16,0.0293843,0.000293843,16446,-5.5591,0,5.40268
1826.05,0.0294201,0.000294201,16447,-5.5416,0,5.42633
1824.94,0.0294557,0.000294557,16448,-5.52398,0,5.44994
1823.84,0.0294913,0.000294913,16449,-5.50624,0,5.47349
1822.74,0.0295269,0.000295269,16450,-5.48838,0,5.497
1821.65,0.0295624,0.000295624,16451,-5.47039,0,5.52047
1820.56,0.0295978,0.000295978,16452,-5.45229,0,5.54388
1819.47,0.0296332,0.000296332,16453,-5.43406,0,5.56724
1818.39,0.0296686,0.000296686,16454,-5.41571,0,5.59055
1817.31,0.0297039,0.000297039,16455,-5.39723,0,5.61381
1816.23,0.0297391,0.000297391,16456,-5.37864,0,5.63702
1815.16,0.0297742,0.000297742,16457,-5.35992,0,5.66018
1814.09,0.0298093,0.000298093,16458,-5.34108,0,5.68328
1813.02,0.0298444,0.000298444,16459,-5.32211,0,5.70632
1811.96,0.0298794,0.000298794,16460,-5.30303,0,5.72931
1810.9,0.0299143,0.000299143,16461,-5.28382,0,5.75225
1809.85,0.0299491,0.000299491,16462,-5.2645,0,5.77513
1808.8,0.0299839,0.000299839,16463,-5.24505,0,5.79795
1807.76,0.0300186,0.000300186,16464,-5.22548,0,5.82071
1806.71,0.0300532,0.000300532,16465,-5.20578,0,5.84341
1805.68,0.0300878,0.000300878,16466,-5.18597,0,5.86605
1804.64,0.0301222,0.000301222,16467,-5.16603,0,5.88863
1803.61,0.0301566,0.000301566,16468,-5.14597,0,5.91115
1802.59,0.030191,0.00030191,16469,-5.1258,0,5.93361
1801.56,0.0302252,0.000302252,16470,-5.10549,0,5.956
1800.55,0.0302594,0.000302594,16471,-5.08507,0,5.97833
1799.53,0.0302935,0.000302935,16472,-5.06453,0,6.0006
1798.52,0.0303275,0.000303275,16473,-5.04387,0,6.02279
1797.52,0.0303614,0.000303614,16474,-5.02309,0,6.04493
1796.52,0.0303953,0.000303953,16475,-5.00218,0,6.06699
1795.52,0.030429,0.00030429,16476,-4.98116,0,6.08899
1794.53,0.0304627,0.000304627,16477,-4.96001,0,6.11092
1793.54,0.0304963,0.000304963,16478,-4.93875,0,6.13278
1792.56,0.0305297,0.000305298,16479,-4.91736,0,6.15457
1791.58,0.0305631,0.000305631,16480,-4.89585,0,6.17628
1790.6,0.0305964,0.000305964,16481,-4.87423,0,6.19793
1789.63,0.0306297,0.000306297,16482,-4.85249,0,6.2195
1788.66,0.0306628,0.000306628,16483,-4.83062,0,6.241
1787.7,0.0306958,0.000306958,16484,-4.80864,0,6.26242
1786.74,0.0307287,0.000307287,16485,-4.78654,0,6.28377
1785.79,0.0307615,0.000307615,16486,-4.76432,0,6.30504
1784.84,0.0307942,0.000307942,16487,-4.74198,0,6.32624
1783.9,0.0308268,0.000308268,16488,-4.71952,0,6.34736
1782.96,0.0308593,0.000308593,16489,-4.69695,0,6.3684
1782.02,0.0308917,0.000308917,16490,-4.67425,0,6.38936
1781.09,0.030924,0.00030924,16491,-4.65144,0,6.41024
1780.17,0.0309562,0.000309562,16492,-4.62852,0,6.43104
1779.25,0.0309883,0.000309883,16493,-4.60547,0,6.45176
1778.33,0.0310202,0.000310202,16494,-4.58231,0,6.47239
1777.42,0.0310521,0.000310521,16495,-4.55903,0,6.49294
1776.51,0.0310838,0.000310838,16496,-4.53564,0,6.51341
1775.61,0.0311154,0.000311154,16497,-4.51213,0,6.53379
1774.71,0.0311469,0.000311469,16498,-4.4885,0,6.55409
1773.82,0.0311783,0.000311783,16499,-4.46476,0,6.5743
1772.93,0.0312095,0.000312095,16500,-4.4409,0,6.59442
1772.04,0.0312406,0.000312406,16501,-4.41693,0,6.61445
1771.17,0.0312717,0.000312717,16502,-4.39285,0,6.6344
1770.29,0.0313025,0.000313025,16503,-4.36865,0,6.65425
1769.42,0.0313333,0.000313333,16504,-4.34433,0,6.67402
1768.56,0.0313639,0.000313639,16505,-4.31991,0,6.69369
1767.7,0.0313944,0.000313944,16506,-4.29537,0,6.71327
1766.85,0.0314248,0.000314248,16507,-4.27071,0,6.73276
1766,0.031455,0.00031455,16508,-4.24595,0,6.75215
1765.15,0.0314851,0.000314851,16509,-4.22107,0,6.77145
1764.31,0.0315151,0.00031515,16510,-4.19608,0,6.79065
1763.48,0.0315449,0.000315449,16511,-4.17098,0,6.80976
1762.65,0.0315746,0.000315746,16512,-4.14577,0,6.82877
1761.83,0.0316041,0.000316041,16513,-4.12045,0,6.84768
1761.01,0.0316335,0.000316335,16514,-4.09502,0,6.86649
1760.19,0.0316628,0.000316628,16515,-4.06948,0,6.88521
1759.38,0.0316919,0.000316919,16516,-4.04383,0,6.90382
1758.58,0.0317208,0.000317208,16517,-4.01807,0,6.92233
1757.78,0.0317497,0.000317497,16518,-3.9922,0,6.94074
1756.99,0.0317783,0.000317783,16519,-3.96622,0,6.95904
1756.2,0.0318068,0.000318068,16520,-3.94014,0,6.97725
1755.42,0.0318352,0.000318352,16521,-3.91395,0,6.99534
1754.64,0.0318634,0.000318634,16522,-3.88765,0,7.01334
1753.87,0.0318915,0.000318915,16523,-3.86125,0,7.03122
1753.1,0.0319194,0.000319194,16524,-3.83474,0,7.049
1752.34,0.0319471,0.000319471,16525,-3.80812,0,7.06667
1751.58,0.0319747,0.000319747,16526,-3.7814,0,7.08424
1750.83,0.0320021,0.000320021,16527,-3.75458,0,7.10169
1750.09,0.0320294,0.000320294,16528,-3.72765,0,7.11904
1749.35,0.0320565,0.000320565,16529,-3.70062,0,7.13627
1748.61,0.0320834,0.000320834,16530,-3.67349,0,7.15339
1747.89,0.0321102,0.000321102,16531,-3.64626,0,7.1704
1747.16,0.0321368,0.000321368,16532,-3.61892,0,7.1873
1746.44,0.0321632,0.000321632,16533,-3.59148,0,7.20408
1745.73,0.0321895,0.000321895,16534,-3.56395,0,7.22075
1745.03,0.0322156,0.000322156,16535,-3.53631,0,7.2373
1744.32,0.0322415,0.000322415,16536,-3.50857,0,7.25374
1743.63,0.0322672,0.000322672,16537,-3.48074,0,7.27006
1742.94,0.0322928,0.000322928,16538,-3.4528,0,7.28626
1742.25,0.0323181,0.000323181,16539,-3.42477,0,7.30235
1741.57,0.0323433,0.000323433,16540,-3.39664,0,7.31831
1740.9,0.0323684,0.000323684,16541,-3.36842,0,7.33415
1740.23,0.0323932,0.000323932,16542,-3.34009,0,7.34988
1739.57,0.0324178,0.000324178,16543,-3.31168,0,7.36548
1738.92,0.0324423,0.000324423,16544,-3.28317,0,7.38096
1738.27,0.0324666,0.000324666,16545,-3.25456,0,7.39632
1737.62,0.0324907,0.000324907,16546,-3.22586,0,7.41155
1736.98,0.0325146,0.000325146,16547,-3.19707,0,7.42666
1736.35,0.0325383,0.000325383,16548,-3.16819,0,7.44165
1735.72,0.0325618,0.000325618,16549,-3.13922,0,7.4565
1735.1,0.0325851,0.000325851,16550,-3.11015,0,7.47124
1734.49,0.0326083,0.000326083,16551,-3.081,0,7.48584
1733.88,0.0326312,0.000326312,16552,-3.05175,0,7.50032
1733.27,0.0326539,0.00032654,16553,-3.02242,0,7.51467
1732.67,0.0326765,0.000326765,16554,-2.993,0,7.52888
1732.08,0.0326988,0.000326988,16555,-2.96349,0,7.54297
1731.5,0.032721,0.00032721,16556,-2.9339,0,7.55693
1730.92,0.0327429,0.000327429,16557,-2.90422,0,7.57076
1730.34,0.0327646,0.000327646,16558,-2.87445,0,7.58445
1729.77,0.0327862,0.000327862,16559,-2.8446,0,7.59801
1729.21,0.0328075,0.000328075,16560,-2.81467,0,7.61144
1728.66,0.0328286,0.000328286,16561,-2.78465,0,7.62474
1728.11,0.0328495,0.000328495,16562,-2.75455,0,7.6379
1727.56,0.0328702,0.000328702,16563,-2.72437,0,7.65092
1727.02,0.0328907,0.000328907,16564,-2.69411,0,7.66381
1726.49,0.0329109,0.000329109,16565,-2.66377,0,7.67656
1725.97,0.032931,0.00032931,16566,-2.63335,0,7.68917
1725.45,0.0329508,0.000329508,16567,-2.60286,0,7.70165
1724.93,0.0329704,0.000329704,16568,-2.57228,0,7.71399
1724.43,0.0329898,0.000329898,16569,-2.54163,0,7.72619
1723.92,0.033009,0.00033009,16570,-2.5109,0,7.73825
1723.43,0.033028,0.00033028,16571,-2.4801,0,7.75016
1722.94,0.0330467,0.000330467,16572,-2.44922,0,7.76194
1722.46,0.0330652,0.000330652,16573,-2.41827,0,7.77357
1721.98,0.0330835,0.000330835,16574,-2.38725,0,7.78507
1721.51,0.0331016,0.000331016,16575,-2.35615,0,7.79642
1721.05,0.0331195,0.000331195,16576,-2.32499,0,7.80762
1720.59,0.0331371,0.000331371,16577,-2.29375,0,7.81869
1720.14,0.0331545,0.000331545,16578,-2.26245,0,7.82961
1719.69,0.0331716,0.000331716,16579,-2.23107,0,7.84038
1719.25,0.0331886,0.000331886,16580,-2.19963,0,7.85101
1718.82,0.0332053,0.000332053,16581,-2.16812,0,7.86149
1718.4,0.0332217,0.000332217,16582,-2.13655,0,7.87182
1717.98,0.033238,0.00033238,16583,-2.10491,0,7.88201
1717.56,0.033254,0.00033254,16584,-2.07321,0,7.89205
1717.16,0.0332697,0.000332697,16585,-2.04145,0,7.90194
1716.76,0.0332853,0.000332853,16586,-2.00962,0,7.91168
1716.36,0.0333006,0.000333006,16587,-1.97773,0,7.92127
1715.97,0.0333156,0.000333156,16588,-1.94578,0,7.93072
1715.59,0.0333304,0.000333304,16589,-1.91377,0,7.94001
1715.22,0.033345,0.00033345,16590,-1.8817,0,7.94915
1714.85,0.0333593,0.000333593,16591,-1.84958,0,7.95814
1714.49,0.0333734,0.000333734,16592,-1.8174,0,7.96698
1714.13,0.0333873,0.000333873,16593,-1.78516,0,7.97566
1713.78,0.0334009,0.000334009,16594,-1.75286,0,7.9842
1713.44,0.0334142,0.000334142,16595,-1.72052,0,7.99258
1713.1,0.0334274,0.000334274,16596,-1.68812,0,8.0008
1712.77,0.0334402,0.000334402,16597,-1.65567,0,8.00887
1712.45,0.0334528,0.000334528,16598,-1.62317,0,8.01679
1712.13,0.0334652,0.000334652,16599,-1.59061,0,8.02455
1711.82,0.0334773,0.000334773,16600,-1.55801,0,8.03216
1711.52,0.0334892,0.000334892,16601,-1.52536,0,8.03961
1711.22,0.0335008,0.000335008,16602,-1.49266,0,8.04691
1710.93,0.0335122,0.000335122,16603,-1.45992,0,8.05404
1710.65,0.0335233,0.000335233,16604,-1.42713,0,8.06103
1710.37,0.0335342,0.000335342,16605,-1.3943,0,8.06785
1710.1,0.0335448,0.000335448,16606,-1.36143,0,8.07452
1709.84,0.0335552,0.000335552,16607,-1.32851,0,8.08103
1709.58,0.0335653,0.000335653,16608,-1.29555,0,8.08738
1709.33,0.0335751,0.000335751,16609,-1.26255,0,8.09357
1709.09,0.0335847,0.000335847,16610,-1.22951,0,8.0996
1708.85,0.033594,0.00033594,16611,-1.19643,0,8.10547
1708.62,0.0336031,0.000336031,16612,-1.16332,0,8.11119
1708.39,0.0336119,0.000336119,16613,-1.13017,0,8.11674
1708.18,0.0336205,0.000336205,16614,-1.09698,0,8.12213
1707.96,0.0336288,0.000336288,16615,-1.06377,0,8.12736
1707.76,0.0336368,0.000336368,16616,-1.03051,0,8.13243
1707.56,0.0336446,0.000336446,16617,-0.997228,0,8.13735
1707.37,0.0336521,0.000336521,16618,-0.963913,0,8.14209
1707.19,0.0336594,0.000336594,16619,-0.930568,0,8.14668
1707.01,0.0336664,0.000336664,16620,-0.897193,0,8.15111
1706.84,0.0336731,0.000336731,16621,-0.863791,0,8.15537
1706.68,0.0336796,0.000336796,16622,-0.830362,0,8.15947
1706.52,0.0336858,0.000336858,16623,-0.796907,0,8.16341
1706.37,0.0336918,0.000336918,16624,-0.763427,0,8.16718
1706.22,0.0336975,0.000336975,16625,-0.729924,0,8.17079
1706.09,0.0337029,0.000337029,16626,-0.696398,0,8.17424
1705.96,0.033708,0.00033708,16627,-0.662851,0,8.17753
1705.83,0.0337129,0.000337129,16628,-0.629282,0,8.18065
1705.72,0.0337175,0.000337175,16629,-0.595695,0,8.18361
1705.61,0.0337219,0.000337219,16630,-0.562089,0,8.1864
1705.5,0.033726,0.00033726,16631,-0.528466,0,8.18903
1705.4,0.0337298,0.000337298,16632,-0.494826,0,8.1915
1705.32,0.0337334,0.000337334,16633,-0.461171,0,8.1938
1705.23,0.0337367,0.000337367,16634,-0.427502,0,8.19593
1705.16,0.0337397,0.000337397,16635,-0.39382,0,8.19791
1705.09,0.0337425,0.000337425,16636,-0.360126,0,8.19971
1705.02,0.0337449,0.000337449,16637,-0.326421,0,8.20135
1704.97,0.0337472,0.000337472,16638,-0.292706,0,8.20283
1704.92,0.0337491,0.000337491,16639,-0.258983,0,8.20415
1704.87,0.0337508,0.000337508,16640,-0.225252,0,8.20529
1704.84,0.0337522,0.000337522,16641,-0.191514,0,8.20627
1704.81,0.0337534,0.000337534,16642,-0.15777,0,8.20709
1704.79,0.0337543,0.000337543,16643,-0.124022,0,8.20774
1704.77,0.0337549,0.000337549,16644,-0.0902709,0,8.20823
1704.76,0.0337552,0.000337552,16645,-0.0565172,0,8.20855
1704.76,0.0337553,0.000337553,16646,-0.0227622,0,8.20871
1704.77,0.0337551,0.000337551,16647,0.0109929,0,8.2087
1704.78,0.0337547,0.000337547,16648,0.0447472,0,8.20853
1704.8,0.0337539,0.000337539,16649,0.0784994,0,8.20819
1704.82,0.033753,0.00033753,16650,0.112249,0,8.20768
1704.85,0.0337517,0.000337517,16651,0.145994,0,8.20701
1704.89,0.0337502,0.000337502,16652,0.179733,0,8.20618
1704.94,0.0337484,0.000337484,16653,0.213467,0,8.20518
1704.99,0.0337463,0.000337463,16654,0.247193,0,8.20401
1705.05,0.033744,0.00033744,16655,0.280911,0,8.20268
1705.11,0.0337414,0.000337414,16656,0.314619,0,8.20119
1705.19,0.0337385,0.000337385,16657,0.348317,0,8.19953
1705.26,0.0337354,0.000337354,16658,0.382003,0,8.1977
1705.35,0.033732,0.00033732,16659,0.415676,0,8.19571
1705.44,0.0337283,0.000337283,16660,0.449336,0,8.19356
1705.54,0.0337244,0.000337244,16661,0.48298,0,8.19124
1705.65,0.0337202,0.000337202,16662,0.516609,0,8.18876
1705.76,0.0337157,0.000337157,16663,0.55022,0,8.18611
1705.88,0.033711,0.00033711,16664,0.583814,0,8.1833
1706.01,0.033706,0.00033706,16665,0.617389,0,8.18033
1706.14,0.0337007,0.000337007,16666,0.650943,0,8.17719
1706.28,0.0336952,0.000336952,16667,0.684476,0,8.17389
1706.43,0.0336894,0.000336894,16668,0.717987,0,8.17043
1706.58,0.0336833,0.000336833,16669,0.751474,0,8.1668
1706.74,0.033677,0.00033677,16670,0.784937,0,8.16301
1706.91,0.0336704,0.000336704,16671,0.818375,0,8.15906
1707.08,0.0336636,0.000336636,16672,0.851786,0,8.15494
1707.26,0.0336565,0.000336565,16673,0.88517,0,8.15066
1707.45,0.0336491,0.000336491,16674,0.918525,0,8.14622
1707.64,0.0336415,0.000336415,16675,0.95185,0,8.14162
1707.84,0.0336336,0.000336336,16676,0.985145,0,8.13686
1708.05,0.0336255,0.000336255,16677,1.01841,0,8.13194
1708.26,0.0336171,0.000336171,16678,1.05164,0,8.12685
1708.48,0.0336084,0.000336084,16679,1.08483,0,8.12161
1708.71,0.0335995,0.000335995,16680,1.118,0,8.1162
1708.94,0.0335903,0.000335903,16681,1.15112,0,8.11064
1709.18,0.0335808,0.000335808,16682,1.18421,0,8.10491
1709.43,0.0335711,0.000335711,16683,1.21726,0,8.09903
1709.68,0.0335612,0.000335612,16684,1.25028,0,8.09298
1709.94,0.033551,0.00033551,16685,1.28325,0,8.08678
1710.21,0.0335405,0.000335405,16686,1.31618,0,8.08042
1710.48,0.0335298,0.000335298,16687,1.34907,0,8.0739
1710.76,0.0335188,0.000335188,16688,1.38192,0,8.06723
1711.05,0.0335076,0.000335076,16689,1.41472,0,8.06039
1711.34,0.0334961,0.000334961,16690,1.44748,0,8.0534
1711.64,0.0334844,0.000334844,16691,1.48019,0,8.04626
1711.95,0.0334724,0.000334724,16692,1.51286,0,8.03895
1712.26,0.0334602,0.000334602,16693,1.54548,0,8.03149
1712.58,0.0334477,0.000334477,16694,1.57805,0,8.02388
1712.91,0.033435,0.00033435,16695,1.61057,0,8.01611
1713.24,0.0334221,0.000334221,16696,1.64304,0,8.00819
1713.58,0.0334088,0.000334088,16697,1.67545,0,8.00011
1713.92,0.0333954,0.000333954,16698,1.70782,0,7.99188
1714.27,0.0333817,0.000333817,16699,1.74013,0,7.98349
1714.63,0.0333677,0.000333677,16700,1.77239,0,7.97496
1715,0.0333535,0.000333535,16701,1.80459,0,7.96627
1715.37,0.0333391,0.000333391,16702,1.83673,0,7.95742
1715.75,0.0333244,0.000333244,16703,1.86882,0,7.94843
1716.13,0.0333095,0.000333095,16704,1.90085,0,7.93929
1716.52,0.0332944,0.000332944,16705,1.93282,0,7.92999
1716.92,0.033279,0.00033279,16706,1.96473,0,7.92055
1717.32,0.0332634,0.000332634,16707,1.99658,0,7.91096
1717.73,0.0332475,0.000332475,16708,2.02837,0,7.90121
1718.15,0.0332314,0.000332314,16709,2.0601,0,7.89132
1718.57,0.0332151,0.000332151,16710,2.09176,0,7.88129
1719,0.0331985,0.000331985,16711,2.12336,0,7.8711
1719.43,0.0331817,0.000331817,16712,2.15489,0,7.86077
1719.87,0.0331647,0.000331647,16713,2.18635,0,7.85029
1720.32,0.0331474,0.000331474,16714,2.21775,0,7.83966
1720.77,0.03313,0.0003313,16715,2.24908,0,7.82889
1721.24,0.0331122,0.000331122,16716,2.28035,0,7.81798
1721.7,0.0330943,0.000330943,16717,2.31154,0,7.80692
1722.17,0.0330761,0.000330761,16718,2.34266,0,7.79572
1722.65,0.0330578,0.000330578,16719,2.37371,0,7.78438
1723.14,0.0330391,0.000330391,16720,2.40469,0,7.77289
1723.63,0.0330203,0.000330203,16721,2.43559,0,7.76126
1724.13,0.0330013,0.000330013,16722,2.46642,0,7.74949
1724.63,0.032982,0.00032982,16723,2.49718,0,7.73758
1725.14,0.0329625,0.000329625,16724,2.52786,0,7.72553
1725.66,0.0329428,0.000329428,16725,2.55847,0,7.71335
1726.18,0.0329229,0.000329229,16726,2.58899,0,7.70102
1726.71,0.0329027,0.000329027,16727,2.61944,0,7.68855
1727.24,0.0328824,0.000328824,16728,2.64982,0,7.67595
1727.78,0.0328618,0.000328618,16729,2.68011,0,7.66321
1728.33,0.032841,0.00032841,16730,2.71032,0,7.65034
1728.88,0.03282,0.0003282,16731,2.74045,0,7.63732
1729.44,0.0327988,0.000327988,16732,2.7705,0,7.62418
1730,0.0327774,0.000327774,16733,2.80047,0,7.6109
1730.57,0.0327558,0.000327558,16734,2.83035,0,7.59749
1731.15,0.032734,0.00032734,16735,2.86015,0,7.58394
1731.73,0.032712,0.00032712,16736,2.88987,0,7.57026
1732.32,0.0326898,0.000326898,16737,2.9195,0,7.55645
1732.92,0.0326673,0.000326673,16738,2.94904,0,7.54251
1733.52,0.0326447,0.000326447,16739,2.9785,0,7.52844
1734.12,0.0326219,0.000326219,16740,3.00787,0,7.51425
1734.73,0.0325989,0.000325989,16741,3.03715,0,7.49992
1735.35,0.0325757,0.000325757,16742,3.06634,0,7.48546
1735.98,0.0325523,0.000325523,16743,3.09544,0,7.47088
1736.61,0.0325287,0.000325287,16744,3.12446,0,7.45617
1737.24,0.0325049,0.000325049,16745,3.15338,0,7.44133
1737.88,0.0324809,0.000324809,16746,3.18221,0,7.42637
1738.53,0.0324567,0.000324567,16747,3.21095,0,7.41129
1739.18,0.0324324,0.000324324,16748,3.23959,0,7.39608
1739.84,0.0324078,0.000324078,16749,3.26814,0,7.38075
1740.5,0.0323831,0.000323831,16750,3.2966,0,7.36529
1741.17,0.0323582,0.000323582,16751,3.32496,0,7.34972
1741.85,0.0323331,0.000323331,16752,3.35323,0,7.33402
1742.53,0.0323078,0.000323078,16753,3.3814,0,7.31821
1743.22,0.0322824,0.000322824,16754,3.40948,0,7.30227
1743.91,0.0322568,0.000322568,16755,3.43746,0,7.28622
1744.61,0.032231,0.00032231,16756,3.46534,0,7.27005
1745.31,0.032205,0.00032205,16757,3.49312,0,7.25376
1746.02,0.0321788,0.000321788,16758,3.5208,0,7.23735
1746.74,0.0321525,0.000321525,16759,3.54839,0,7.22083
1747.46,0.032126,0.00032126,16760,3.57587,0,7.2042
1748.18,0.0320993,0.000320993,16761,3.60326,0,7.18745
1748.91,0.0320725,0.000320725,16762,3.63054,0,7.17059
1749.65,0.0320455,0.000320455,16763,3.65772,0,7.15362
1750.39,0.0320183,0.000320183,16764,3.6848,0,7.13653
1751.14,0.031991,0.00031991,16765,3.71177,0,7.11933
1751.89,0.0319635,0.000319635,16766,3.73865,0,7.10203
1752.65,0.0319359,0.000319359,16767,3.76542,0,7.08461
1753.41,0.0319081,0.000319081,16768,3.79208,0,7.06709
1754.18,0.0318801,0.000318801,16769,3.81864,0,7.04945
1754.96,0.031852,0.00031852,16770,3.8451,0,7.03172
1755.74,0.0318237,0.000318237,16771,3.87145,0,7.01387
1756.52,0.0317953,0.000317953,16772,3.89769,0,6.99592
1757.31,0.0317667,0.000317667,16773,3.92383,0,6.97787
1758.11,0.031738,0.00031738,16774,3.94986,0,6.95971
1758.91,0.0317091,0.000317091,16775,3.97578,0,6.94145
1759.71,0.0316801,0.000316801,16776,4.00159,0,6.92308
1760.52,0.0316509,0.000316509,16777,4.0273,0,6.90462
1761.34,0.0316216,0.000316216,16778,4.0529,0,6.88605
1762.16,0.0315921,0.000315921,16779,4.07839,0,6.86739
1762.99,0.0315625,0.000315625,16780,4.10377,0,6.84862
1763.82,0.0315328,0.000315328,16781,4.12903,0,6.82976
1764.65,0.0315029,0.000315029,16782,4.15419,0,6.8108
1765.49,0.0314729,0.000314729,16783,4.17924,0,6.79174
1766.34,0.0314427,0.000314427,16784,4.20418,0,6.77259
1767.19,0.0314124,0.000314124,16785,4.229,0,6.75334
1768.05,0.031382,0.00031382,16786,4.25372,0,6.734
1768.91,0.0313515,0.000313515,16787,4.27832,0,6.71457
1769.78,0.0313208,0.000313208,16788,4.30281,0,6.69504
1770.65,0.03129,0.0003129,16789,4.32718,0,6.67542
1771.52,0.0312591,0.000312591,16790,4.35144,0,6.65571
1772.4,0.031228,0.00031228,16791,4.37559,0,6.63591
1773.29,0.0311968,0.000311968,16792,4.39963,0,6.61602
1774.18,0.0311655,0.000311655,16793,4.42355,0,6.59605
1775.07,0.0311341,0.000311341,16794,4.44735,0,6.57598
1775.97,0.0311026,0.000311026,16795,4.47105,0,6.55583
1776.88,0.0310709,0.000310709,16796,4.49462,0,6.53559
1777.79,0.0310391,0.000310391,16797,4.51808,0,6.51527
1778.7,0.0310072,0.000310072,16798,4.54143,0,6.49486
1779.62,0.0309752,0.000309752,16799,4.56466,0,6.47437
1780.54,0.0309431,0.000309431,16800,4.58777,0,6.4538
1781.47,0.0309109,0.000309109,16801,4.61077,0,6.43314
1782.4,0.0308786,0.000308786,16802,4.63365,0,6.41241
1783.34,0.0308461,0.000308461,16803,4.65641,0,6.39159
1784.28,0.0308136,0.000308136,16804,4.67905,0,6.37069
1785.23,0.0307809,0.000307809,16805,4.70158,0,6.34972
1786.18,0.0307482,0.000307482,16806,4.72399,0,6.32867
1787.13,0.0307153,0.000307153,16807,4.74629,0,6.30754
1788.09,0.0306824,0.000306824,16808,4.76846,0,6.28633
1789.06,0.0306493,0.000306493,16809,4.79052,0,6.26505
1790.02,0.0306162,0.000306162,16810,4.81245,0,6.24369
1791,0.0305829,0.000305829,16811,4.83427,0,6.22226
1791.97,0.0305496,0.000305496,16812,4.85597,0,6.20076
1792.96,0.0305161,0.000305161,16813,4.87755,0,6.17918
1793.94,0.0304826,0.000304826,16814,4.89901,0,6.15753
1794.93,0.030449,0.00030449,16815,4.92036,0,6.13582
1795.93,0.0304153,0.000304153,16816,4.94158,0,6.11403
1796.92,0.0303815,0.000303815,16817,4.96268,0,6.09217
1797.93,0.0303476,0.000303476,16818,4.98366,0,6.07025
1798.93,0.0303137,0.000303137,16819,5.00453,0,6.04825
1799.95,0.0302796,0.000302796,16820,5.02527,0,6.0262
1800.96,0.0302455,0.000302455,16821,5.04589,0,6.00407
1801.98,0.0302113,0.000302113,16822,5.06639,0,5.98188
1803,0.030177,0.00030177,16823,5.08677,0,5.95963
1804.03,0.0301427,0.000301427,16824,5.10704,0,5.93731
1805.06,0.0301082,0.000301082,16825,5.12717,0,5.91493
1806.1,0.0300737,0.000300737,16826,5.14719,0,5.89249
1807.14,0.0300391,0.000300391,16827,5.16709,0,5.86998
1808.18,0.0300045,0.000300045,16828,5.18687,0,5.84742
1809.23,0.0299697,0.000299697,16829,5.20653,0,5.82479
1810.28,0.0299349,0.000299349,16830,5.22606,0,5.80211
1811.33,0.0299001,0.000299001,16831,5.24547,0,5.77937
1812.39,0.0298651,0.000298651,16832,5.26477,0,5.75657
1813.46,0.0298301,0.000298301,16833,5.28394,0,5.73372
1814.52,0.0297951,0.000297951,16834,5.30299,0,5.71081
1815.59,0.0297599,0.000297599,16835,5.32191,0,5.68785
1816.67,0.0297248,0.000297248,16836,5.34072,0,5.66483
1817.75,0.0296895,0.000296895,16837,5.35941,0,5.64175
1818.83,0.0296542,0.000296542,16838,5.37797,0,5.61863
1819.91,0.0296188,0.000296188,16839,5.39641,0,5.59545
1821,0.0295834,0.000295834,16840,5.41473,0,5.57222
1822.09,0.0295479,0.000295479,16841,5.43293,0,5.54894
1823.19,0.0295124,0.000295124,16842,5.45101,0,5.52562
1824.29,0.0294768,0.000294768,16843,5.46896,0,5.50224
1825.39,0.0294412,0.000294412,16844,5.4868,0,5.47881
1826.5,0.0294055,0.000294055,16845,5.50451,0,5.45534
1827.61,0.0293698,0.000293698,16846,5.5221,0,5.43182
1828.73,0.029334,0.00029334,16847,5.53957,0,5.40826
1829.84,0.0292982,0.000292982,16848,5.55691,0,5.38465
1830.96,0.0292623,0.000292623,16849,5.57414,0,5.36099
1832.09,0.0292264,0.000292264,16850,5.59124,0,5.33729
1833.22,0.0291905,0.000291905,16851,5.60823,0,5.31355
1834.35,0.0291545,0.000291545,16852,5.62509,0,5.28977
1835.48,0.0291184,0.000291184,16853,5.64183,0,5.26594
1836.62,0.0290824,0.000290824,16854,5.65845,0,5.24207
1837.76,0.0290463,0.000290463,16855,5.67494,0,5.21817
1838.91,0.0290101,0.000290101,16856,5.69132,0,5.19422
1840.06,0.0289739,0.000289739,16857,5.70757,0,5.17024
1841.21,0.0289377,0.000289377,16858,5.72371,0,5.14621
1842.36,0.0289015,0.000289015,16859,5.73972,0,5.12215
1843.52,0.0288652,0.000288652,16860,5.75561,0,5.09806
1844.68,0.0288289,0.000288289,16861,5.77138,0,5.07393
1845.84,0.0287925,0.000287925,16862,5.78704,0,5.04976
1847.01,0.0287562,0.000287562,16863,5.80257,0,5.02556
1848.18,0.0287198,0.000287198,16864,5.81797,0,5.00132
1849.35,0.0286833,0.000286833,16865,5.83326,0,4.97705
1850.53,0.0286469,0.000286469,16866,5.84843,0,4.95275
1851.71,0.0286104,0.000286104,16867,5.86348,0,4.92842
1852.89,0.0285739,0.000285739,16868,5.87841,0,4.90405
1854.07,0.0285374,0.000285374,16869,5.89322,0,4.87966
1855.26,0.0285009,0.000285009,16870,5.9079,0,4.85523
1856.45,0.0284643,0.000284643,16871,5.92247,0,4.83078
1857.65,0.0284277,0.000284278,16872,5.93692,0,4.8063
1858.84,0.0283912,0.000283912,16873,5.95125,0,4.78179
1860.04,0.0283546,0.000283546,16874,5.96546,0,4.75725
1861.25,0.0283179,0.000283179,16875,5.97955,0,4.73269
1862.45,0.0282813,0.000282813,16876,5.99352,0,4.7081
1863.66,0.0282446,0.000282446,16877,6.00738,0,4.68348
1864.87,0.028208,0.00028208,16878,6.02111,0,4.65885
1866.08,0.0281713,0.000281713,16879,6.03473,0,4.63418
1867.3,0.0281346,0.000281346,16880,6.04822,0,4.6095
1868.52,0.0280979,0.000280979,16881,6.0616,0,4.58479
1869.74,0.0280612,0.000280612,16882,6.07486,0,4.56006
1870.96,0.0280245,0.000280245,16883,6.08801,0,4.53531
1872.19,0.0279878,0.000279878,16884,6.10103,0,4.51054
1873.42,0.0279511,0.000279511,16885,6.11394,0,4.48574
1874.65,0.0279144,0.000279144,16886,6.12673,0,4.46093
1875.89,0.0278777,0.000278777,16887,6.1394,0,4.4361
1877.12,0.0278409,0.000278409,16888,6.15196,0,4.41125
1878.36,0.0278042,0.000278042,16889,6.1644,0,4.38639
1879.6,0.0277675,0.000277675,16890,6.17672,0,4.3615
1880.85,0.0277307,0.000277307,16891,6.18893,0,4.3366
1882.09,0.027694,0.00027694,16892,6.20102,0,4.31169
1883.34,0.0276573,0.000276573,16893,6.21299,0,4.28676
1884.6,0.0276206,0.000276206,16894,6.22485,0,4.26181
1885.85,0.0275839,0.000275839,16895,6.23659,0,4.23685
1887.11,0.0275472,0.000275472,16896,6.24822,0,4.21188
1888.36,0.0275104,0.000275104,16897,6.25973,0,4.18689
1889.62,0.0274738,0.000274738,16898,6.27113,0,4.16189
1890.89,0.0274371,0.000274371,16899,6.28241,0,4.13688
1892.15,0.0274004,0.000274004,16900,6.29358,0,4.11186
1893.42,0.0273637,0.000273637,16901,6.30463,0,4.08683
1894.69,0.027327,0.00027327,16902,6.31557,0,4.06179
1895.96,0.0272904,0.000272904,16903,6.3264,0,4.03674
1897.24,0.0272538,0.000272538,16904,6.33711,0,4.01168
1898.51,0.0272171,0.000272171,16905,6.34771,0,3.98661
1899.79,0.0271805,0.000271805,16906,6.3582,0,3.96153
1901.07,0.0271439,0.000271439,16907,6.36857,0,3.93645
1902.35,0.0271073,0.000271073,16908,6.37883,0,3.91136
1903.64,0.0270708,0.000270708,16909,6.38898,0,3.88626
1904.92,0.0270342,0.000270342,16910,6.39901,0,3.86116
1906.21,0.0269977,0.000269977,16911,6.40894,0,3.83605
1907.5,0.0269612,0.000269612,16912,6.41875,0,3.81094
1908.79,0.0269247,0.000269247,16913,6.42845,0,3.78582
1910.09,0.0268882,0.000268882,16914,6.43804,0,3.7607
1911.38,0.0268518,0.000268518,16915,6.44752,0,3.73558
1912.68,0.0268153,0.000268153,16916,6.45689,0,3.71045
1913.98,0.0267789,0.000267789,16917,6.46614,0,3.68533
1915.28,0.0267426,0.000267426,16918,6.47529,0,3.6602
1916.59,0.0267062,0.000267062,16919,6.48433,0,3.63507
1917.89,0.0266699,0.000266699,16920,6.49326,0,3.60994
1919.2,0.0266335,0.000266335,16921,6.50208,0,3.58481
1920.51,0.0265973,0.000265973,16922,6.51079,0,3.55967
1921.82,0.026561,0.00026561,16923,6.51939,0,3.53455
1923.13,0.0265248,0.000265248,16924,6.52788,0,3.50942
1924.44,0.0264886,0.000264886,16925,6.53627,0,3.48429
1925.76,0.0264524,0.000264524,16926,6.54455,0,3.45917
1927.08,0.0264162,0.000264162,16927,6.55272,0,3.43405
1928.4,0.0263801,0.000263801,16928,6.56078,0,3.40893
1929.72,0.026344,0.00026344,16929,6.56874,0,3.38381
1931.04,0.026308,0.00026308,16930,6.57658,0,3.3587
1932.36,0.026272,0.00026272,16931,6.58433,0,3.3336
1933.69,0.026236,0.00026236,16932,6.59196,0,3.3085
1935.01,0.0262,0.000262,16933,6.59949,0,3.2834
1936.34,0.0261641,0.000261641,16934,6.60692,0,3.25832
1937.67,0.0261282,0.000261282,16935,6.61424,0,3.23323
1939,0.0260924,0.000260924,16936,6.62145,0,3.20816
1940.33,0.0260565,0.000260565,16937,6.62856,0,3.18309
1941.67,0.0260208,0.000260208,16938,6.63557,0,3.15803
1943,0.025985,0.00025985,16939,6.64247,0,3.13298
1944.34,0.0259493,0.000259493,16940,6.64927,0,3.10794
1945.68,0.0259136,0.000259136,16941,6.65596,0,3.0829
1947.01,0.025878,0.00025878,16942,6.66255,0,3.05788
1948.35,0.0258424,0.000258424,16943,6.66904,0,3.03286
1949.7,0.0258069,0.000258069,16944,6.67543,0,3.00786
1951.04,0.0257714,0.000257714,16945,6.68171,0,2.98287
1952.38,0.0257359,0.000257359,16946,6.68789,0,2.95788
1953.73,0.0257005,0.000257005,16947,6.69397,0,2.93291
1955.07,0.0256651,0.000256651,16948,6.69995,0,2.90795
1956.42,0.0256297,0.000256297,16949,6.70583,0,2.88301
1957.77,0.0255944,0.000255944,16950,6.71161,0,2.85807
1959.12,0.0255592,0.000255592,16951,6.71728,0,2.83315
1960.47,0.0255239,0.000255239,16952,6.72286,0,2.80824
1961.82,0.0254888,0.000254888,16953,6.72834,0,2.78335
1963.18,0.0254536,0.000254536,16954,6.73372,0,2.75847
1964.53,0.0254186,0.000254186,16955,6.73899,0,2.73361
1965.89,0.0253835,0.000253835,16956,6.74417,0,2.70876
1967.24,0.0253485,0.000253485,16957,6.74925,0,2.68392
1968.6,0.0253136,0.000253136,16958,6.75424,0,2.65911
1969.96,0.0252787,0.000252787,16959,6.75912,0,2.6343
1971.32,0.0252439,0.000252439,16960,6.76391,0,2.60952
1972.68,0.0252091,0.000252091,16961,6.7686,0,2.58475
1974.04,0.0251743,0.000251743,16962,6.77319,0,2.56
1975.4,0.0251396,0.000251396,16963,6.77769,0,2.53526
1976.76,0.025105,0.00025105,16964,6.78209,0,2.51055
1978.13,0.0250704,0.000250704,16965,6.7864,0,2.48585
1979.49,0.0250358,0.000250358,16966,6.79061,0,2.46117
1980.86,0.0250013,0.000250013,16967,6.79472,0,2.43651
1982.22,0.0249669,0.000249669,16968,6.79874,0,2.41187
1983.59,0.0249325,0.000249325,16969,6.80266,0,2.38725
1984.96,0.0248981,0.000248981,16970,6.80649,0,2.36264
1986.33,0.0248638,0.000248638,16971,6.81023,0,2.33806
1987.7,0.0248296,0.000248296,16972,6.81387,0,2.3135
1989.07,0.0247954,0.000247954,16973,6.81742,0,2.28896
1990.44,0.0247613,0.000247613,16974,6.82088,0,2.26444
1991.81,0.0247272,0.000247272,16975,6.82424,0,2.23995
1993.18,0.0246932,0.000246932,16976,6.82751,0,2.21547
1994.55,0.0246592,0.000246592,16977,6.83069,0,2.19102
1995.92,0.0246253,0.000246253,16978,6.83378,0,2.16659
1997.3,0.0245914,0.000245914,16979,6.83678,0,2.14218
1998.67,0.0245576,0.000245576,16980,6.83968,0,2.11779
2000.05,0.0245239,0.000245239,16981,6.8425,0,2.09343
2001.42,0.0244902,0.000244902,16982,6.84522,0,2.06909
2002.8,0.0244565,0.000244565,16983,6.84785,0,2.04478
2004.17,0.024423,0.00024423,16984,6.8504,0,2.02049
2005.55,0.0243894,0.000243894,16985,6.85285,0,1.99622
2006.93,0.024356,0.00024356,16986,6.85522,0,1.97198
2008.31,0.0243226,0.000243226,16987,6.8575,0,1.94777
2009.68,0.0242892,0.000242892,16988,6.85969,0,1.92358
2011.06,0.0242559,0.000242559,16989,6.86179,0,1.89941
2012.44,0.0242227,0.000242227,16990,6.8638,0,1.87527
2013.82,0.0241895,0.000241895,16991,6.86573,0,1.85116
2015.2,0.0241564,0.000241564,16992,6.86756,0,1.82707
2016.58,0.0241234,0.000241234,16993,6.86932,0,1.80301
2017.96,0.0240904,0.000240904,16994,6.87098,0,1.77898
2019.34,0.0240574,0.000240574,16995,6.87256,0,1.75497
2020.72,0.0240246,0.000240246,16996,6.87406,0,1.731
2022.1,0.0239918,0.000239918,16997,6.87546,0,1.70705
2023.49,0.023959,0.00023959,16998,6.87679,0,1.68312
2024.87,0.0239263,0.000239263,16999,6.87803,0,1.65923
2026.25,0.0238937,0.000238937,17000,6.87918,0,1.63536
2027.63,0.0238611,0.000238611,17001,6.88025,0,1.61153
2029.01,0.0238286,0.000238286,17002,6.88123,0,1.58772
2030.4,0.0237962,0.000237962,17003,6.88214,0,1.56394
2031.78,0.0237638,0.000237638,17004,6.88296,0,1.54019
2033.16,0.0237315,0.000237315,17005,6.88369,0,1.51647
2034.54,0.0236993,0.000236993,17006,6.88435,0,1.49278
2035.93,0.0236671,0.000236671,17007,6.88492,0,1.46912
2037.31,0.0236349,0.000236349,17008,6.88541,0,1.44549
2038.69,0.0236029,0.000236029,17009,6.88582,0,1.42189
2040.08,0.0235709,0.000235709,17010,6.88614,0,1.39832
2041.46,0.023539,0.00023539,17011,6.88639,0,1.37478
2042.84,0.0235071,0.000235071,17012,6.88656,0,1.35128
2044.23,0.0234753,0.000234753,17013,6.88664,0,1.3278
2045.61,0.0234435,0.000234435,17014,6.88665,0,1.30436
2046.99,0.0234119,0.000234119,17015,6.88658,0,1.28095
2048.38,0.0233803,0.000233803,17016,6.88642,0,1.25757
2049.76,0.0233487,0.000233487,17017,6.88619,0,1.23422
2051.14,0.0233172,0.000233172,17018,6.88588,0,1.2109
2052.53,0.0232858,0.000232858,17019,6.88549,0,1.18762
2053.91,0.0232545,0.000232545,17020,6.88502,0,1.16437
2055.29,0.0232232,0.000232232,17021,6.88448,0,1.14116
2056.67,0.023192,0.00023192,17022,6.88386,0,1.11797
2058.06,0.0231608,0.000231608,17023,6.88316,0,1.09482
2059.44,0.0231298,0.000231298,17024,6.88238,0,1.0717
2060.82,0.0230987,0.000230987,17025,6.88153,0,1.04862
2062.2,0.0230678,0.000230678,17026,6.88061,0,1.02557
2063.58,0.0230369,0.000230369,17027,6.8796,0,1.00256
2064.97,0.0230061,0.000230061,17028,6.87852,0,0.979576
2066.35,0.0229754,0.000229754,17029,6.87737,0,0.95663
2067.73,0.0229447,0.000229447,17030,6.87614,0,0.933718
2069.11,0.0229141,0.000229141,17031,6.87484,0,0.910841
2070.49,0.0228835,0.000228835,17032,6.87346,0,0.887999
2071.87,0.022853,0.00022853,17033,6.87201,0,0.865192
2073.25,0.0228226,0.000228226,17034,6.87048,0,0.842421
2074.63,0.0227923,0.000227923,17035,6.86889,0,0.819685
2076.01,0.022762,0.00022762,17036,6.86722,0,0.796984
2077.39,0.0227318,0.000227318,17037,6.86547,0,0.774319
2078.77,0.0227017,0.000227017,17038,6.86366,0,0.75169
2080.14,0.0226716,0.000226716,17039,6.86177,0,0.729097
2081.52,0.0226416,0.000226416,17040,6.85981,0,0.70654
2082.9,0.0226117,0.000226117,17041,6.85778,0,0.68402
2084.28,0.0225818,0.000225818,17042,6.85568,0,0.661536
2085.65,0.022552,0.00022552,17043,6.85351,0,0.639089
2087.03,0.0225223,0.000225223,17044,6.85126,0,0.616679
2088.4,0.0224926,0.000224926,17045,6.84895,0,0.594305
2089.78,0.022463,0.00022463,17046,6.84657,0,0.571969
2091.15,0.0224335,0.000224335,17047,6.84412,0,0.54967
2092.53,0.0224041,0.000224041,17048,6.8416,0,0.527408
2093.9,0.0223747,0.000223747,17049,6.83901,0,0.505184
2095.27,0.0223454,0.000223454,17050,6.83635,0,0.482997
2096.65,0.0223161,0.000223161,17051,6.83362,0,0.460848
2098.02,0.022287,0.00022287,17052,6.83083,0,0.438737
2099.39,0.0222579,0.000222579,17053,6.82796,0,0.416664
2100.76,0.0222288,0.000222288,17054,6.82503,0,0.394629
2102.13,0.0221999,0.000221999,17055,6.82204,0,0.372633
2103.5,0.022171,0.00022171,17056,6.81897,0,0.350674
2104.87,0.0221422,0.000221422,17057,6.81584,0,0.328754
2106.23,0.0221134,0.000221134,17058,6.81265,0,0.306873
2107.6,0.0220847,0.000220847,17059,6.80938,0,0.285031
2108.97,0.0220561,0.000220561,17060,6.80606,0,0.263227
2110.33,0.0220276,0.000220276,17061,6.80266,0,0.241463
2111.7,0.0219991,0.000219991,17062,6.7992,0,0.219737
2113.06,0.0219707,0.000219707,17063,6.79568,0,0.198051
2114.43,0.0219424,0.000219424,17064,6.79209,0,0.176403
2115.79,0.0219141,0.000219141,17065,6.78844,0,0.154796
2117.15,0.0218859,0.000218859,17066,6.78473,0,0.133227
2118.51,0.0218578,0.000218578,17067,6.78095,0,0.111699
2119.87,0.0218297,0.000218297,17068,6.77711,0,0.0902097
2121.23,0.0218018,0.000218018,17069,6.7732,0,0.0687605
2122.59,0.0217738,0.000217738,17070,6.76923,0,0.0473512
2123.95,0.021746,0.00021746,17071,6.7652,0,0.0259819
2125.31,0.0217182,0.000217182,17072,6.76111,0,0.00465266
2126.67,0.0216905,0.000216905,17073,6.75696,0,-0.0166364
2128.02,0.0216629,0.000216629,17074,6.75274,0,-0.0378852
2129.38,0.0216353,0.000216353,17075,6.74847,0,-0.0590936
2130.73,0.0216079,0.000216079,17076,6.74413,0,-0.0802616
2132.08,0.0215804,0.000215804,17077,6.73973,0,-0.101389
2133.44,0.0215531,0.000215531,17078,6.73527,0,-0.122476
2134.79,0.0215258,0.000215258,17079,6.73075,0,-0.143522
2136.14,0.0214986,0.000214986,17080,6.72617,0,-0.164527
2137.49,0.0214715,0.000214715,17081,6.72154,0,-0.185492
2138.84,0.0214444,0.000214444,17082,6.71684,0,-0.206415
2140.18,0.0214174,0.000214174,17083,6.71208,0,-0.227298
2141.53,0.0213905,0.000213905,17084,6.70727,0,-0.248139
2142.88,0.0213636,0.000213636,17085,6.70239,0,-0.26894
2144.22,0.0213369,0.000213369,17086,6.69746,0,-0.289698
2145.56,0.0213101,0.000213101,17087,6.69247,0,-0.310416
2146.91,0.0212835,0.000212835,17088,6.68742,0,-0.331092
2148.25,0.0212569,0.000212569,17089,6.68232,0,-0.351727
2149.59,0.0212304,0.000212304,17090,6.67715,0,-0.37232
2150.93,0.021204,0.00021204,17091,6.67194,0,-0.392872
2152.27,0.0211776,0.000211776,17092,6.66666,0,-0.413382
2153.6,0.0211513,0.000211513,17093,6.66133,0,-0.43385
2154.94,0.0211251,0.000211251,17094,6.65594,0,-0.454277
2156.27,0.021099,0.00021099,17095,6.6505,0,-0.474661
2157.61,0.0210729,0.000210729,17096,6.645,0,-0.495004
2158.94,0.0210469,0.000210469,17097,6.63944,0,-0.515305
2160.27,0.0210209,0.000210209,17098,6.63383,0,-0.535563
2161.6,0.0209951,0.000209951,17099,6.62817,0,-0.55578
2162.93,0.0209693,0.000209693,17100,6.62245,0,-0.575954
2164.26,0.0209435,0.000209435,17101,6.61668,0,-0.596087
2165.59,0.0209179,0.000209179,17102,6.61085,0,-0.616176
2166.91,0.0208923,0.000208923,17103,6.60497,0,-0.636224
2168.24,0.0208668,0.000208668,17104,6.59903,0,-0.656229
2169.56,0.0208413,0.000208413,17105,6.59305,0,-0.676192
2170.88,0.0208159,0.000208159,17106,6.58701,0,-0.696113
2172.2,0.0207906,0.000207906,17107,6.58091,0,-0.71599
2173.52,0.0207654,0.000207654,17108,6.57477,0,-0.735826
2174.84,0.0207402,0.000207402,17109,6.56857,0,-0.755618
2176.16,0.0207151,0.000207151,17110,6.56232,0,-0.775368
2177.48,0.0206901,0.000206901,17111,6.55602,0,-0.795076
2178.79,0.0206651,0.000206651,17112,6.54967,0,-0.81474
2180.1,0.0206403,0.000206403,17113,6.54327,0,-0.834362
2181.41,0.0206154,0.000206154,17114,6.53681,0,-0.853941
2182.73,0.0205907,0.000205907,17115,6.53031,0,-0.873477
2184.03,0.020566,0.00020566,17116,6.52375,0,-0.892971
2185.34,0.0205414,0.000205414,17117,6.51715,0,-0.912421
2186.65,0.0205168,0.000205168,17118,6.51049,0,-0.931828
2187.95,0.0204924,0.000204924,17119,6.50379,0,-0.951193
2189.26,0.020468,0.00020468,17120,6.49703,0,-0.970514
2190.56,0.0204436,0.000204436,17121,6.49023,0,-0.989792
2191.86,0.0204194,0.000204194,17122,6.48337,0,-1.00903
2193.16,0.0203952,0.000203952,17123,6.47647,0,-1.02822
2194.46,0.0203711,0.000203711,17124,6.46952,0,-1.04737
2195.76,0.020347,0.00020347,17125,6.46252,0,-1.06647
2197.05,0.020323,0.00020323,17126,6.45548,0,-1.08554
2198.35,0.0202991,0.000202991,17127,6.44838,0,-1.10456
2199.64,0.0202752,0.000202752,17128,6.44124,0,-1.12353
2200.93,0.0202515,0.000202515,17129,6.43405,0,-1.14246
2202.22,0.0202277,0.000202277,17130,6.42682,0,-1.16135
2203.51,0.0202041,0.000202041,17131,6.41954,0,-1.1802
2204.8,0.0201805,0.000201805,17132,6.41221,0,-1.199
2206.08,0.020157,0.00020157,17133,6.40483,0,-1.21776
2207.36,0.0201336,0.000201336,17134,6.39741,0,-1.23648
2208.65,0.0201102,0.000201102,17135,6.38994,0,-1.25515
2209.93,0.0200869,0.000200869,17136,6.38243,0,-1.27378
2211.21,0.0200637,0.000200637,17137,6.37487,0,-1.29236
2212.48,0.0200405,0.000200405,17138,6.36726,0,-1.3109
2213.76,0.0200174,0.000200174,17139,6.35962,0,-1.3294
2215.04,0.0199944,0.000199944,17140,6.35192,0,-1.34786
2216.31,0.0199714,0.000199714,17141,6.34418,0,-1.36627
2217.58,0.0199485,0.000199485,17142,6.3364,0,-1.38464
2218.85,0.0199257,0.000199257,17143,6.32857,0,-1.40296
2220.12,0.0199029,0.000199029,17144,6.3207,0,-1.42124
2221.38,0.0198802,0.000198802,17145,6.31279,0,-1.43948
2222.65,0.0198576,0.000198576,17146,6.30483,0,-1.45767
2223.91,0.0198351,0.000198351,17147,6.29683,0,-1.47582
2225.17,0.0198126,0.000198126,17148,6.28878,0,-1.49393
2226.43,0.0197902,0.000197902,17149,6.2807,0,-1.51199
2227.69,0.0197678,0.000197678,17150,6.27257,0,-1.53001
2228.95,0.0197455,0.000197455,17151,6.2644,0,-1.54798
2230.21,0.0197233,0.000197233,17152,6.25618,0,-1.56591
2231.46,0.0197011,0.000197011,17153,6.24793,0,-1.5838
2232.71,0.0196791,0.000196791,17154,6.23963,0,-1.60165
2233.96,0.019657,0.00019657,17155,6.23129,0,-1.61945
2235.21,0.0196351,0.000196351,17156,6.22291,0,-1.6372
2236.46,0.0196132,0.000196132,17157,6.21449,0,-1.65492
2237.7,0.0195914,0.000195914,17158,6.20602,0,-1.67259
2238.94,0.0195696,0.000195696,17159,6.19752,0,-1.69021
2240.19,0.0195479,0.000195479,17160,6.18898,0,-1.70779
2241.43,0.0195263,0.000195263,17161,6.18039,0,-1.72533
2242.66,0.0195048,0.000195048,17162,6.17177,0,-1.74283
2243.9,0.0194833,0.000194833,17163,6.1631,0,-1.76028
2245.14,0.0194618,0.000194618,17164,6.1544,0,-1.77768
2246.37,0.0194405,0.000194405,17165,6.14566,0,-1.79505
2247.6,0.0194192,0.000194192,17166,6.13687,0,-1.81237
2248.83,0.019398,0.00019398,17167,6.12805,0,-1.82964
2250.06,0.0193768,0.000193768,17168,6.11919,0,-1.84687
2251.28,0.0193557,0.000193557,17169,6.11029,0,-1.86406
2252.51,0.0193347,0.000193347,17170,6.10135,0,-1.88121
2253.73,0.0193137,0.000193137,17171,6.09238,0,-1.89831
2254.95,0.0192928,0.000192928,17172,6.08336,0,-1.91537
2256.17,0.019272,0.00019272,17173,6.07431,0,-1.93238
2257.38,0.0192512,0.000192512,17174,6.06522,0,-1.94935
2258.6,0.0192305,0.000192305,17175,6.0561,0,-1.96628
2259.81,0.0192099,0.000192099,17176,6.04693,0,-1.98316
2261.02,0.0191893,0.000191893,17177,6.03773,0,-2
2262.23,0.0191688,0.000191688,17178,6.02849,0,-2.0168
2263.44,0.0191484,0.000191484,17179,6.01922,0,-2.03355
2264.64,0.019128,0.00019128,17180,6.0099,0,-2.05026
2265.85,0.0191077,0.000191077,17181,6.00056,0,-2.06692
2267.05,0.0190874,0.000190874,17182,5.99117,0,-2.08354
2268.25,0.0190672,0.000190672,17183,5.98175,0,-2.10012
2269.45,0.0190471,0.000190471,17184,5.9723,0,-2.11665
2270.64,0.019027,0.00019027,17185,5.9628,0,-2.13314
2271.84,0.019007,0.00019007,17186,5.95328,0,-2.14959
2273.03,0.0189871,0.000189871,17187,5.94371,0,-2.166
2274.22,0.0189673,0.000189673,17188,5.93412,0,-2.18235
2275.41,0.0189474,0.000189474,17189,5.92448,0,-2.19867
2276.59,0.0189277,0.000189277,17190,5.91482,0,-2.21494
2277.78,0.018908,0.00018908,17191,5.90512,0,-2.23117
2278.96,0.0188884,0.000188884,17192,5.89538,0,-2.24736
2280.14,0.0188689,0.000188689,17193,5.88561,0,-2.2635
2281.32,0.0188494,0.000188494,17194,5.87581,0,-2.2796
2282.5,0.0188299,0.000188299,17195,5.86597,0,-2.29566
2283.67,0.0188106,0.000188106,17196,5.8561,0,-2.31167
2284.84,0.0187913,0.000187913,17197,5.84619,0,-2.32764
2286.01,0.018772,0.00018772,17198,5.83625,0,-2.34356
2287.18,0.0187529,0.000187529,17199,5.82628,0,-2.35945
2288.35,0.0187338,0.000187338,17200,5.81628,0,-2.37528
2289.51,0.0187147,0.000187147,17201,5.80624,0,-2.39108
2290.67,0.0186957,0.000186957,17202,5.79617,0,-2.40683
2291.83,0.0186768,0.000186768,17203,5.78607,0,-2.42254
2292.99,0.0186579,0.000186579,17204,5.77594,0,-2.43821
2294.15,0.0186391,0.000186391,17205,5.76577,0,-2.45383
2295.3,0.0186204,0.000186204,17206,5.75557,0,-2.46941
2296.46,0.0186017,0.000186017,17207,5.74534,0,-2.48495
2297.61,0.0185831,0.000185831,17208,5.73508,0,-2.50044
2298.75,0.0185645,0.000185645,17209,5.72479,0,-2.51589
2299.9,0.0185461,0.000185461,17210,5.71446,0,-2.5313
2301.04,0.0185276,0.000185276,17211,5.70411,0,-2.54666
2302.18,0.0185092,0.000185093,17212,5.69372,0,-2.56198
2303.32,0.0184909,0.000184909,17213,5.6833,0,-2.57726
2304.46,0.0184727,0.000184727,17214,5.67286,0,-2.59249
2305.6,0.0184545,0.000184545,17215,5.66238,0,-2.60768
2306.73,0.0184364,0.000184364,17216,5.65187,0,-2.62283
2307.86,0.0184183,0.000184183,17217,5.64133,0,-2.63794
2308.99,0.0184003,0.000184003,17218,5.63076,0,-2.653
2310.12,0.0183824,0.000183824,17219,5.62017,0,-2.66802
2311.24,0.0183645,0.000183645,17220,5.60954,0,-2.683
2312.36,0.0183466,0.000183466,17221,5.59888,0,-2.69793
2313.48,0.0183289,0.000183289,17222,5.58819,0,-2.71282
2314.6,0.0183112,0.000183112,17223,5.57748,0,-2.72767
2315.72,0.0182935,0.000182935,17224,5.56673,0,-2.74247
2316.83,0.0182759,0.000182759,17225,5.55596,0,-2.75724
2317.94,0.0182584,0.000182584,17226,5.54516,0,-2.77196
2319.05,0.0182409,0.000182409,17227,5.53433,0,-2.78663
2320.16,0.0182235,0.000182235,17228,5.52347,0,-2.80127
2321.27,0.0182062,0.000182062,17229,5.51258,0,-2.81586
2322.37,0.0181889,0.000181889,17230,5.50167,0,-2.83041
2323.47,0.0181717,0.000181717,17231,5.49072,0,-2.84492
2324.57,0.0181545,0.000181545,17232,5.47975,0,-2.85938
2325.66,0.0181374,0.000181374,17233,5.46875,0,-2.8738
2326.76,0.0181203,0.000181203,17234,5.45772,0,-2.88818
2327.85,0.0181033,0.000181033,17235,5.44667,0,-2.90252
2328.94,0.0180864,0.000180864,17236,5.43559,0,-2.91681
2330.03,0.0180695,0.000180695,17237,5.42448,0,-2.93107
2331.11,0.0180527,0.000180527,17238,5.41335,0,-2.94528
2332.2,0.018036,0.00018036,17239,5.40218,0,-2.95944
2333.28,0.0180193,0.000180193,17240,5.391,0,-2.97357
2334.35,0.0180026,0.000180026,17241,5.37978,0,-2.98765
2335.43,0.017986,0.00017986,17242,5.36854,0,-3.00169
2336.5,0.0179695,0.000179695,17243,5.35727,0,-3.01569
2337.58,0.017953,0.00017953,17244,5.34598,0,-3.02964
2338.65,0.0179366,0.000179366,17245,5.33466,0,-3.04356
2339.71,0.0179203,0.000179203,17246,5.32331,0,-3.05743
2340.78,0.017904,0.00017904,17247,5.31194,0,-3.07126
2341.84,0.0178877,0.000178877,17248,5.30055,0,-3.08505
2342.9,0.0178715,0.000178715,17249,5.28912,0,-3.09879
2343.96,0.0178554,0.000178554,17250,5.27768,0,-3.11249
2345.01,0.0178393,0.000178393,17251,5.2662,0,-3.12616
2346.07,0.0178233,0.000178233,17252,5.25471,0,-3.13977
2347.12,0.0178074,0.000178074,17253,5.24318,0,-3.15335
2348.16,0.0177915,0.000177915,17254,5.23164,0,-3.16689
2349.21,0.0177756,0.000177756,17255,5.22007,0,-3.18038
2350.25,0.0177598,0.000177598,17256,5.20847,0,-3.19383
2351.3,0.0177441,0.000177441,17257,5.19685,0,-3.20724
2352.34,0.0177284,0.000177284,17258,5.18521,0,-3.22061
2353.37,0.0177128,0.000177128,17259,5.17354,0,-3.23394
2354.41,0.0176973,0.000176973,17260,5.16185,0,-3.24722
2355.44,0.0176818,0.000176818,17261,5.15013,0,-3.26047
2356.47,0.0176663,0.000176663,17262,5.13839,0,-3.27367
2357.5,0.0176509,0.000176509,17263,5.12663,0,-3.28683
2358.52,0.0176356,0.000176356,17264,5.11484,0,-3.29995
2359.54,0.0176203,0.000176203,17265,5.10303,0,-3.31302
2360.56,0.0176051,0.000176051,17266,5.0912,0,-3.32606
2361.58,0.0175899,0.000175899,17267,5.07934,0,-3.33905
2362.6,0.0175748,0.000175748,17268,5.06746,0,-3.352
2363.61,0.0175597,0.000175597,17269,5.05556,0,-3.36492
2364.62,0.0175447,0.000175447,17270,5.04364,0,-3.37779
2365.63,0.0175298,0.000175298,17271,5.03169,0,-3.39061
2366.63,0.0175149,0.000175149,17272,5.01972,0,-3.4034
2367.64,0.0175,0.000175,17273,5.00773,0,-3.41615
2368.64,0.0174852,0.000174852,17274,4.99572,0,-3.42885
2369.64,0.0174705,0.000174705,17275,4.98368,0,-3.44152
2370.63,0.0174558,0.000174558,17276,4.97163,0,-3.45414
2371.63,0.0174412,0.000174412,17277,4.95955,0,-3.46672
2372.62,0.0174266,0.000174266,17278,4.94745,0,-3.47926
2373.61,0.0174121,0.000174121,17279,4.93532,0,-3.49176
2374.59,0.0173976,0.000173976,17280,4.92318,0,-3.50422
2375.58,0.0173832,0.000173832,17281,4.91101,0,-3.51663
2376.56,0.0173689,0.000173689,17282,4.89883,0,-3.52901
2377.54,0.0173546,0.000173546,17283,4.88662,0,-3.54135
2378.51,0.0173403,0.000173403,17284,4.87439,0,-3.55364
2379.49,0.0173261,0.000173261,17285,4.86214,0,-3.56589
2380.46,0.017312,0.00017312,17286,4.84987,0,-3.57811
2381.43,0.0172979,0.000172979,17287,4.83758,0,-3.59028
2382.4,0.0172839,0.000172839,17288,4.82527,0,-3.60241
2383.36,0.0172699,0.000172699,17289,4.81294,0,-3.6145
2384.32,0.017256,0.00017256,17290,4.80059,0,-3.62655
2385.28,0.0172421,0.000172421,17291,4.78822,0,-3.63856
2386.24,0.0172283,0.000172283,17292,4.77583,0,-3.65053
2387.19,0.0172145,0.000172145,17293,4.76341,0,-3.66246
2388.14,0.0172008,0.000172008,17294,4.75098,0,-3.67435
2389.09,0.0171871,0.000171871,17295,4.73853,0,-3.68619
2390.04,0.0171735,0.000171735,17296,4.72606,0,-3.698
2390.98,0.01716,0.0001716,17297,4.71357,0,-3.70977
2391.92,0.0171464,0.000171464,17298,4.70106,0,-3.7215
2392.86,0.017133,0.00017133,17299,4.68853,0,-3.73318
2393.8,0.0171196,0.000171196,17300,4.67598,0,-3.74483
2394.73,0.0171062,0.000171062,17301,4.66342,0,-3.75643
2395.67,0.0170929,0.000170929,17302,4.65083,0,-3.768
2396.59,0.0170797,0.000170797,17303,4.63823,0,-3.77952
2397.52,0.0170665,0.000170665,17304,4.6256,0,-3.79101
2398.45,0.0170533,0.000170533,17305,4.61296,0,-3.80245
2399.37,0.0170402,0.000170402,17306,4.6003,0,-3.81386
2400.29,0.0170272,0.000170272,17307,4.58762,0,-3.82522
2401.2,0.0170142,0.000170142,17308,4.57492,0,-3.83655
2402.12,0.0170013,0.000170013,17309,4.56221,0,-3.84783
2403.03,0.0169884,0.000169884,17310,4.54947,0,-3.85908
2403.93,0.0169755,0.000169755,17311,4.53672,0,-3.87028
2404.84,0.0169628,0.000169628,17312,4.52395,0,-3.88145
2405.74,0.01695,0.0001695,17313,4.51116,0,-3.89257
2406.64,0.0169373,0.000169373,17314,4.49836,0,-3.90366
2407.54,0.0169247,0.000169247,17315,4.48553,0,-3.91471
2408.44,0.0169121,0.000169121,17316,4.47269,0,-3.92571
2409.33,0.0168996,0.000168996,17317,4.45984,0,-3.93668
2410.22,0.0168871,0.000168871,17318,4.44696,0,-3.94761
2411.11,0.0168747,0.000168747,17319,4.43407,0,-3.95849
2411.99,0.0168623,0.000168623,17320,4.42116,0,-3.96934
2412.88,0.0168499,0.000168499,17321,4.40823,0,-3.98015
2413.76,0.0168377,0.000168377,17322,4.39529,0,-3.99092
2414.63,0.0168254,0.000168254,17323,4.38233,0,-4.00165
2415.51,0.0168132,0.000168132,17324,4.36935,0,-4.01234
2416.38,0.0168011,0.000168011,17325,4.35636,0,-4.02299
2417.25,0.016789,0.00016789,17326,4.34335,0,-4.0336
2418.12,0.016777,0.00016777,17327,4.33032,0,-4.04417
2418.98,0.016765,0.00016765,17328,4.31728,0,-4.05471
2419.84,0.0167531,0.000167531,17329,4.30422,0,-4.0652
2420.7,0.0167412,0.000167412,17330,4.29114,0,-4.07565
2421.56,0.0167293,0.000167293,17331,4.27805,0,-4.08607
2422.41,0.0167175,0.000167175,17332,4.26494,0,-4.09645
2423.26,0.0167058,0.000167058,17333,4.25182,0,-4.10678
2424.11,0.0166941,0.000166941,17334,4.23868,0,-4.11708
2424.96,0.0166825,0.000166825,17335,4.22552,0,-4.12734
2425.8,0.0166709,0.000166709,17336,4.21235,0,-4.13756
2426.64,0.0166593,0.000166593,17337,4.19917,0,-4.14774
2427.48,0.0166478,0.000166478,17338,4.18597,0,-4.15788
2428.32,0.0166364,0.000166364,17339,4.17275,0,-4.16799
2429.15,0.016625,0.00016625,17340,4.15952,0,-4.17805
2429.98,0.0166136,0.000166136,17341,4.14627,0,-4.18808
2430.81,0.0166023,0.000166023,17342,4.13301,0,-4.19807
2431.63,0.016591,0.000165911,17343,4.11973,0,-4.20801
2432.45,0.0165798,0.000165798,17344,4.10644,0,-4.21792
2433.27,0.0165687,0.000165687,17345,4.09313,0,-4.2278
2434.09,0.0165576,0.000165576,17346,4.07981,0,-4.23763
2434.9,0.0165465,0.000165465,17347,4.06647,0,-4.24742
2435.71,0.0165355,0.000165355,17348,4.05312,0,-4.25718
2436.52,0.0165245,0.000165245,17349,4.03976,0,-4.26689
2437.33,0.0165136,0.000165136,17350,4.02638,0,-4.27657
2438.13,0.0165027,0.000165027,17351,4.01298,0,-4.28621
2438.93,0.0164919,0.000164919,17352,3.99957,0,-4.29582
2439.73,0.0164811,0.000164811,17353,3.98615,0,-4.30538
2440.52,0.0164704,0.000164704,17354,3.97271,0,-4.3149
2441.32,0.0164597,0.000164597,17355,3.95926,0,-4.32439
2442.11,0.016449,0.00016449,17356,3.9458,0,-4.33384
2442.89,0.0164384,0.000164384,17357,3.93232,0,-4.34325
2443.68,0.0164279,0.000164279,17358,3.91883,0,-4.35262
2444.46,0.0164174,0.000164174,17359,3.90532,0,-4.36196
2445.24,0.0164069,0.000164069,17360,3.8918,0,-4.37125
2446.01,0.0163965,0.000163965,17361,3.87827,0,-4.38051
2446.79,0.0163862,0.000163862,17362,3.86472,0,-4.38973
2447.56,0.0163758,0.000163758,17363,3.85116,0,-4.39891
2448.32,0.0163656,0.000163656,17364,3.83759,0,-4.40806
2449.09,0.0163553,0.000163553,17365,3.82401,0,-4.41716
2449.85,0.0163452,0.000163452,17366,3.81041,0,-4.42623
2450.61,0.016335,0.00016335,17367,3.79679,0,-4.43526
2451.37,0.016325,0.00016325,17368,3.78317,0,-4.44425
2452.12,0.0163149,0.000163149,17369,3.76953,0,-4.45321
2452.87,0.0163049,0.000163049,17370,3.75588,0,-4.46212
2453.62,0.016295,0.00016295,17371,3.74222,0,-4.471
2454.37,0.0162851,0.000162851,17372,3.72854,0,-4.47985
2455.11,0.0162752,0.000162752,17373,3.71485,0,-4.48865
2455.85,0.0162654,0.000162654,17374,3.70115,0,-4.49742
2456.59,0.0162556,0.000162556,17375,3.68744,0,-4.50614
2457.32,0.0162459,0.000162459,17376,3.67371,0,-4.51483
2458.06,0.0162362,0.000162362,17377,3.65998,0,-4.52349
2458.79,0.0162266,0.000162266,17378,3.64623,0,-4.5321
2459.51,0.016217,0.00016217,17379,3.63246,0,-4.54068
2460.24,0.0162075,0.000162075,17380,3.61869,0,-4.54922
2460.96,0.016198,0.00016198,17381,3.6049,0,-4.55773
2461.67,0.0161885,0.000161885,17382,3.5911,0,-4.5662
2462.39,0.0161791,0.000161791,17383,3.57729,0,-4.57462
2463.1,0.0161698,0.000161698,17384,3.56347,0,-4.58302
2463.81,0.0161605,0.000161605,17385,3.54964,0,-4.59137
2464.52,0.0161512,0.000161512,17386,3.53579,0,-4.59969
2465.22,0.016142,0.00016142,17387,3.52194,0,-4.60797
2465.93,0.0161328,0.000161328,17388,3.50807,0,-4.61621
2466.62,0.0161236,0.000161236,17389,3.49419,0,-4.62442
2467.32,0.0161145,0.000161145,17390,3.4803,0,-4.63259
2468.01,0.0161055,0.000161055,17391,3.4664,0,-4.64072
2468.7,0.0160965,0.000160965,17392,3.45249,0,-4.64881
2469.39,0.0160875,0.000160875,17393,3.43856,0,-4.65687
2470.08,0.0160786,0.000160786,17394,3.42463,0,-4.66489
2470.76,0.0160697,0.000160697,17395,3.41068,0,-4.67288
2471.44,0.0160609,0.000160609,17396,3.39672,0,-4.68082
2472.11,0.0160521,0.000160521,17397,3.38276,0,-4.68873
2472.79,0.0160434,0.000160434,17398,3.36878,0,-4.69661
2473.46,0.0160347,0.000160347,17399,3.35479,0,-4.70444
2474.12,0.016026,0.00016026,17400,3.34079,0,-4.71224
2474.79,0.0160174,0.000160174,17401,3.32678,0,-4.72001
2475.45,0.0160088,0.000160088,17402,3.31276,0,-4.72773
2476.11,0.0160003,0.000160003,17403,3.29873,0,-4.73542
2476.77,0.0159918,0.000159918,17404,3.28468,0,-4.74308
2477.42,0.0159834,0.000159834,17405,3.27063,0,-4.75069
2478.07,0.015975,0.00015975,17406,3.25657,0,-4.75827
2478.72,0.0159666,0.000159666,17407,3.2425,0,-4.76582
2479.37,0.0159583,0.000159583,17408,3.22842,0,-4.77332
2480.01,0.0159501,0.000159501,17409,3.21432,0,-4.78079
2480.65,0.0159418,0.000159418,17410,3.20022,0,-4.78823
2481.28,0.0159337,0.000159337,17411,3.18611,0,-4.79563
2481.92,0.0159255,0.000159255,17412,3.17199,0,-4.80299
2482.55,0.0159174,0.000159174,17413,3.15785,0,-4.81031
2483.18,0.0159094,0.000159094,17414,3.14371,0,-4.8176
2483.8,0.0159014,0.000159014,17415,3.12956,0,-4.82485
2484.43,0.0158934,0.000158934,17416,3.1154,0,-4.83207
2485.05,0.0158855,0.000158855,17417,3.10123,0,-4.83925
2485.66,0.0158776,0.000158776,17418,3.08705,0,-4.84639
2486.28,0.0158698,0.000158698,17419,3.07286,0,-4.8535
2486.89,0.015862,0.00015862,17420,3.05866,0,-4.86057
2487.5,0.0158542,0.000158542,17421,3.04446,0,-4.86761
2488.1,0.0158465,0.000158465,17422,3.03024,0,-4.8746
2488.7,0.0158388,0.000158388,17423,3.01601,0,-4.88157
2489.3,0.0158312,0.000158312,17424,3.00178,0,-4.88849
2489.9,0.0158236,0.000158236,17425,2.98753,0,-4.89538
2490.49,0.015816,0.00015816,17426,2.97328,0,-4.90224
2491.09,0.0158085,0.000158085,17427,2.95902,0,-4.90906
2491.67,0.0158011,0.000158011,17428,2.94475,0,-4.91584
2492.26,0.0157937,0.000157937,17429,2.93047,0,-4.92259
2492.84,0.0157863,0.000157863,17430,2.91618,0,-4.9293
2493.42,0.0157789,0.000157789,17431,2.90188,0,-4.93598
2494,0.0157716,0.000157716,17432,2.88757,0,-4.94262
2494.57,0.0157644,0.000157644,17433,2.87326,0,-4.94922
2495.14,0.0157572,0.000157572,17434,2.85894,0,-4.95579
2495.71,0.01575,0.0001575,17435,2.8446,0,-4.96232
2496.28,0.0157429,0.000157429,17436,2.83026,0,-4.96882
2496.84,0.0157358,0.000157358,17437,2.81592,0,-4.97528
2497.4,0.0157287,0.000157287,17438,2.80156,0,-4.9817
2497.95,0.0157217,0.000157217,17439,2.7872,0,-4.98809
2498.51,0.0157148,0.000157148,17440,2.77282,0,-4.99445
2499.06,0.0157078,0.000157078,17441,2.75844,0,-5.00077
2499.61,0.0157009,0.000157009,17442,2.74405,0,-5.00705
2500.15,0.0156941,0.000156941,17443,2.72966,0,-5.0133
2500.69,0.0156873,0.000156873,17444,2.71525,0,-5.01951
2501.23,0.0156805,0.000156805,17445,2.70084,0,-5.02569
2501.77,0.0156738,0.000156738,17446,2.68642,0,-5.03183
2502.3,0.0156671,0.000156671,17447,2.67199,0,-5.03793
2502.83,0.0156605,0.000156605,17448,2.65755,0,-5.044
2503.36,0.0156539,0.000156539,17449,2.64311,0,-5.05004
2503.89,0.0156473,0.000156473,17450,2.62866,0,-5.05604
2504.41,0.0156408,0.000156408,17451,2.6142,0,-5.062
2504.93,0.0156343,0.000156343,17452,2.59973,0,-5.06793
2505.44,0.0156279,0.000156279,17453,2.58526,0,-5.07383
2505.96,0.0156215,0.000156215,17454,2.57078,0,-5.07969
2506.47,0.0156151,0.000156151,17455,2.55629,0,-5.08551
2506.97,0.0156088,0.000156088,17456,2.54179,0,-5.0913
2507.48,0.0156025,0.000156025,17457,2.52729,0,-5.09705
2507.98,0.0155963,0.000155963,17458,2.51278,0,-5.10277
2508.48,0.0155901,0.000155901,17459,2.49826,0,-5.10845
2508.97,0.0155839,0.000155839,17460,2.48374,0,-5.1141
2509.46,0.0155778,0.000155778,17461,2.46921,0,-5.11971
2509.95,0.0155717,0.000155717,17462,2.45467,0,-5.12529
2510.44,0.0155657,0.000155657,17463,2.44012,0,-5.13083
2510.93,0.0155597,0.000155597,17464,2.42557,0,-5.13634
2511.41,0.0155538,0.000155538,17465,2.41101,0,-5.14182
2511.88,0.0155478,0.000155478,17466,2.39645,0,-5.14725
2512.36,0.015542,0.00015542,17467,2.38187,0,-5.15266
2512.83,0.0155361,0.000155361,17468,2.3673,0,-5.15803
2513.3,0.0155303,0.000155303,17469,2.35271,0,-5.16336
2513.77,0.0155246,0.000155246,17470,2.33812,0,-5.16866
2514.23,0.0155188,0.000155188,17471,2.32352,0,-5.17392
2514.69,0.0155131,0.000155131,17472,2.30891,0,-5.17915
2515.15,0.0155075,0.000155075,17473,2.2943,0,-5.18434
2515.6,0.0155019,0.000155019,17474,2.27968,0,-5.1895
2516.05,0.0154963,0.000154963,17475,2.26506,0,-5.19463
2516.5,0.0154908,0.000154908,17476,2.25043,0,-5.19972
2516.95,0.0154853,0.000154853,17477,2.23579,0,-5.20478
2517.39,0.0154799,0.000154799,17478,2.22115,0,-5.2098
2517.83,0.0154745,0.000154745,17479,2.2065,0,-5.21478
2518.27,0.0154691,0.000154691,17480,2.19184,0,-5.21973
2518.7,0.0154638,0.000154638,17481,2.17718,0,-5.22465
2519.13,0.0154585,0.000154585,17482,2.16252,0,-5.22953
2519.56,0.0154532,0.000154532,17483,2.14784,0,-5.23438
2519.99,0.015448,0.00015448,17484,2.13316,0,-5.2392
2520.41,0.0154428,0.000154428,17485,2.11848,0,-5.24397
2520.83,0.0154377,0.000154377,17486,2.10379,0,-5.24872
2521.24,0.0154326,0.000154326,17487,2.08909,0,-5.25343
2521.66,0.0154275,0.000154275,17488,2.07439,0,-5.2581
2522.07,0.0154225,0.000154225,17489,2.05968,0,-5.26275
2522.47,0.0154175,0.000154175,17490,2.04497,0,-5.26735
2522.88,0.0154126,0.000154126,17491,2.03025,0,-5.27192
2523.28,0.0154077,0.000154077,17492,2.01553,0,-5.27646
2523.68,0.0154028,0.000154028,17493,2.0008,0,-5.28097
2524.07,0.015398,0.00015398,17494,1.98606,0,-5.28544
2524.47,0.0153932,0.000153932,17495,1.97132,0,-5.28987
2524.86,0.0153885,0.000153885,17496,1.95658,0,-5.29427
2525.24,0.0153838,0.000153838,17497,1.94182,0,-5.29864
2525.63,0.0153791,0.000153791,17498,1.92707,0,-5.30297
2526.01,0.0153744,0.000153744,17499,1.91231,0,-5.30727
2526.39,0.0153699,0.000153699,17500,1.89754,0,-5.31153
2526.76,0.0153653,0.000153653,17501,1.88277,0,-5.31576
2527.13,0.0153608,0.000153608,17502,1.86799,0,-5.31996
2527.5,0.0153563,0.000153563,17503,1.85321,0,-5.32412
2527.87,0.0153518,0.000153518,17504,1.83842,0,-5.32825
2528.23,0.0153474,0.000153474,17505,1.82363,0,-5.33234
2528.59,0.0153431,0.000153431,17506,1.80884,0,-5.3364
2528.95,0.0153387,0.000153387,17507,1.79403,0,-5.34042
2529.3,0.0153344,0.000153344,17508,1.77923,0,-5.34442
2529.65,0.0153302,0.000153302,17509,1.76442,0,-5.34837
2530,0.015326,0.00015326,17510,1.7496,0,-5.35229
2530.34,0.0153218,0.000153218,17511,1.73478,0,-5.35618
2530.69,0.0153177,0.000153177,17512,1.71996,0,-5.36004
2531.03,0.0153135,0.000153135,17513,1.70513,0,-5.36386
2531.36,0.0153095,0.000153095,17514,1.69029,0,-5.36765
2531.7,0.0153055,0.000153055,17515,1.67546,0,-5.3714
2532.03,0.0153015,0.000153015,17516,1.66061,0,-5.37512
2532.35,0.0152975,0.000152975,17517,1.64577,0,-5.3788
2532.68,0.0152936,0.000152936,17518,1.63092,0,-5.38246
2533,0.0152897,0.000152897,17519,1.61606,0,-5.38607
2533.32,0.0152859,0.000152859,17520,1.6012,0,-5.38966
2533.63,0.0152821,0.000152821,17521,1.58634,0,-5.39321
2533.94,0.0152783,0.000152783,17522,1.57147,0,-5.39672
2534.25,0.0152746,0.000152746,17523,1.5566,0,-5.40021
2534.56,0.0152709,0.000152709,17524,1.54172,0,-5.40365
2534.86,0.0152672,0.000152672,17525,1.52684,0,-5.40707
2535.16,0.0152636,0.000152636,17526,1.51195,0,-5.41045
2535.46,0.01526,0.0001526,17527,1.49707,0,-5.4138
2535.75,0.0152565,0.000152565,17528,1.48217,0,-5.41711
2536.05,0.015253,0.00015253,17529,1.46728,0,-5.42039
2536.33,0.0152495,0.000152495,17530,1.45238,0,-5.42364
2536.62,0.0152461,0.000152461,17531,1.43747,0,-5.42685
2536.9,0.0152427,0.000152427,17532,1.42257,0,-5.43003
2537.18,0.0152393,0.000152393,17533,1.40765,0,-5.43317
2537.46,0.015236,0.00015236,17534,1.39274,0,-5.43628
2537.73,0.0152327,0.000152327,17535,1.37782,0,-5.43936
2538,0.0152295,0.000152295,17536,1.3629,0,-5.44241
2538.27,0.0152263,0.000152263,17537,1.34797,0,-5.44542
2538.53,0.0152231,0.000152231,17538,1.33304,0,-5.44839
2538.79,0.01522,0.0001522,17539,1.31811,0,-5.45134
2539.05,0.0152169,0.000152169,17540,1.30318,0,-5.45425
2539.31,0.0152138,0.000152138,17541,1.28824,0,-5.45712
2539.56,0.0152108,0.000152108,17542,1.27329,0,-5.45996
2539.81,0.0152078,0.000152078,17543,1.25835,0,-5.46277
2540.06,0.0152049,0.000152049,17544,1.2434,0,-5.46555
2540.3,0.0152019,0.000152019,17545,1.22845,0,-5.46829
2540.54,0.0151991,0.000151991,17546,1.21349,0,-5.471
2540.78,0.0151962,0.000151962,17547,1.19853,0,-5.47368
2541.01,0.0151934,0.000151934,17548,1.18357,0,-5.47632
2541.24,0.0151907,0.000151907,17549,1.1686,0,-5.47893
2541.47,0.0151879,0.000151879,17550,1.15364,0,-5.4815
2541.7,0.0151852,0.000151852,17551,1.13866,0,-5.48404
2541.92,0.0151826,0.000151826,17552,1.12369,0,-5.48655
2542.14,0.01518,0.0001518,17553,1.10871,0,-5.48903
2542.35,0.0151774,0.000151774,17554,1.09373,0,-5.49147
2542.57,0.0151748,0.000151748,17555,1.07875,0,-5.49387
2542.78,0.0151723,0.000151723,17556,1.06377,0,-5.49625
2542.99,0.0151698,0.000151698,17557,1.04878,0,-5.49859
2543.19,0.0151674,0.000151674,17558,1.03379,0,-5.5009
2543.39,0.015165,0.00015165,17559,1.01879,0,-5.50317
2543.59,0.0151626,0.000151626,17560,1.0038,0,-5.50541
2543.78,0.0151603,0.000151603,17561,0.988799,0,-5.50762
2543.98,0.015158,0.00015158,17562,0.973798,0,-5.5098
2544.17,0.0151558,0.000151558,17563,0.958794,0,-5.51194
2544.35,0.0151536,0.000151536,17564,0.943788,0,-5.51404
2544.54,0.0151514,0.000151514,17565,0.928779,0,-5.51612
2544.72,0.0151492,0.000151492,17566,0.913768,0,-5.51816
2544.89,0.0151471,0.000151471,17567,0.898754,0,-5.52017
2545.07,0.015145,0.00015145,17568,0.883739,0,-5.52214
2545.24,0.015143,0.00015143,17569,0.868721,0,-5.52408
2545.41,0.015141,0.00015141,17570,0.8537,0,-5.52599
2545.57,0.015139,0.00015139,17571,0.838678,0,-5.52787
2545.73,0.0151371,0.000151371,17572,0.823653,0,-5.52971
2545.89,0.0151352,0.000151352,17573,0.808626,0,-5.53152
2546.05,0.0151334,0.000151334,17574,0.793598,0,-5.53329
2546.2,0.0151315,0.000151315,17575,0.778567,0,-5.53504
2546.35,0.0151298,0.000151298,17576,0.763534,0,-5.53675
2546.5,0.015128,0.00015128,17577,0.748499,0,-5.53842
2546.64,0.0151263,0.000151263,17578,0.733462,0,-5.54006
2546.78,0.0151246,0.000151246,17579,0.718423,0,-5.54167
2546.92,0.015123,0.00015123,17580,0.703383,0,-5.54325
2547.06,0.0151214,0.000151214,17581,0.68834,0,-5.54479
2547.19,0.0151198,0.000151198,17582,0.673296,0,-5.5463
2547.32,0.0151183,0.000151183,17583,0.65825,0,-5.54778
2547.44,0.0151168,0.000151168,17584,0.643202,0,-5.54922
2547.57,0.0151153,0.000151153,17585,0.628153,0,-5.55063
2547.69,0.0151139,0.000151139,17586,0.613102,0,-5.55201
2547.8,0.0151125,0.000151125,17587,0.598049,0,-5.55336
2547.92,0.0151112,0.000151112,17588,0.582995,0,-5.55467
2548.03,0.0151099,0.000151099,17589,0.567939,0,-5.55594
2548.13,0.0151086,0.000151086,17590,0.552882,0,-5.55719
2548.24,0.0151074,0.000151074,17591,0.537823,0,-5.5584
2548.34,0.0151061,0.000151062,17592,0.522763,0,-5.55958
2548.44,0.015105,0.00015105,17593,0.507702,0,-5.56073
2548.54,0.0151038,0.000151038,17594,0.492639,0,-5.56184
2548.63,0.0151027,0.000151027,17595,0.477575,0,-5.56292
2548.72,0.0151017,0.000151017,17596,0.46251,0,-5.56396
2548.8,0.0151007,0.000151007,17597,0.447443,0,-5.56498
2548.89,0.0150997,0.000150997,17598,0.432375,0,-5.56596
2548.97,0.0150987,0.000150987,17599,0.417306,0,-5.56691
2549.05,0.0150978,0.000150978,17600,0.402236,0,-5.56782
2549.12,0.0150969,0.000150969,17601,0.387165,0,-5.5687
2549.19,0.0150961,0.000150961,17602,0.372093,0,-5.56955
2549.26,0.0150953,0.000150953,17603,0.357019,0,-5.57036
2549.33,0.0150945,0.000150945,17604,0.341945,0,-5.57115
2549.39,0.0150937,0.000150937,17605,0.32687,0,-5.5719
2549.45,0.015093,0.00015093,17606,0.311794,0,-5.57261
2549.5,0.0150924,0.000150924,17607,0.296717,0,-5.57329
2549.56,0.0150917,0.000150917,17608,0.281639,0,-5.57394
2549.61,0.0150912,0.000150912,17609,0.266561,0,-5.57456
2549.65,0.0150906,0.000150906,17610,0.251482,0,-5.57515
2549.7,0.0150901,0.000150901,17611,0.236402,0,-5.5757
2549.74,0.0150896,0.000150896,17612,0.221321,0,-5.57621
2549.78,0.0150891,0.000150891,17613,0.206239,0,-5.5767
2549.81,0.0150887,0.000150887,17614,0.191158,0,-5.57715
2549.85,0.0150883,0.000150883,17615,0.176075,0,-5.57757
2549.87,0.015088,0.00015088,17616,0.160992,0,-5.57795
2549.9,0.0150877,0.000150877,17617,0.145908,0,-5.57831
2549.92,0.0150874,0.000150874,17618,0.130824,0,-5.57863
2549.94,0.0150872,0.000150872,17619,0.11574,0,-5.57891
2549.96,0.015087,0.00015087,17620,0.100655,0,-5.57917
2549.97,0.0150868,0.000150868,17621,0.0855699,0,-5.57939
2549.99,0.0150867,0.000150867,17622,0.0704844,0,-5.57958
2549.99,0.0150866,0.000150866,17623,0.0553986,0,-5.57973
2550,0.0150865,0.000150865,17624,0.0403126,0,-5.57985
2550,0.0150865,0.000150865,17625,0.0252263,0,-5.57994
2550,0.0150865,0.000150865,17626,0.0101399,0,-5.58
2549.99,0.0150866,0.000150866,17627,-0.00494662,0,-5.58002
2549.99,0.0150867,0.000150867,17628,-0.0200333,0,-5.58001
2549.98,0.0150868,0.000150868,17629,-0.03512,0,-5.57997
2549.96,0.0150869,0.000150869,17630,-0.0502067,0,-5.57989
2549.95,0.0150871,0.000150871,17631,-0.0652934,0,-5.57978
2549.93,0.0150874,0.000150874,17632,-0.0803801,0,-5.57964
2549.91,0.0150876,0.000150876,17633,-0.0954667,0,-5.57946
2549.88,0.0150879,0.000150879,17634,-0.110553,0,-5.57925
2549.85,0.0150883,0.000150883,17635,-0.12564,0,-5.57901
2549.82,0.0150886,0.000150886,17636,-0.140726,0,-5.57874
2549.79,0.015089,0.00015089,17637,-0.155812,0,-5.57843
2549.75,0.0150895,0.000150895,17638,-0.170897,0,-5.57809
2549.71,0.01509,0.0001509,17639,-0.185982,0,-5.57771
2549.66,0.0150905,0.000150905,17640,-0.201067,0,-5.57731
2549.62,0.015091,0.00015091,17641,-0.216152,0,-5.57687
2549.57,0.0150916,0.000150916,17642,-0.231236,0,-5.5764
2549.52,0.0150922,0.000150922,17643,-0.24632,0,-5.57589
2549.46,0.0150929,0.000150929,17644,-0.261403,0,-5.57535
2549.4,0.0150936,0.000150936,17645,-0.276486,0,-5.57478
2549.34,0.0150943,0.000150943,17646,-0.291568,0,-5.57417
2549.28,0.0150951,0.000150951,17647,-0.30665,0,-5.57354
2549.21,0.0150959,0.000150959,17648,-0.321731,0,-5.57287
2549.14,0.0150967,0.000150967,17649,-0.336811,0,-5.57216
2549.06,0.0150976,0.000150976,17650,-0.351891,0,-5.57142
2548.99,0.0150985,0.000150985,17651,-0.36697,0,-5.57065
2548.91,0.0150995,0.000150995,17652,-0.382048,0,-5.56985
2548.82,0.0151004,0.000151004,17653,-0.397125,0,-5.56901
2548.74,0.0151015,0.000151015,17654,-0.412201,0,-5.56814
2548.65,0.0151025,0.000151025,17655,-0.427277,0,-5.56724
2548.56,0.0151036,0.000151036,17656,-0.442351,0,-5.56631
2548.46,0.0151047,0.000151047,17657,-0.457425,0,-5.56534
2548.36,0.0151059,0.000151059,17658,-0.472498,0,-5.56434
2548.26,0.0151071,0.000151071,17659,-0.487569,0,-5.5633
2548.16,0.0151083,0.000151083,17660,-0.50264,0,-5.56223
2548.05,0.0151096,0.000151096,17661,-0.517709,0,-5.56113
2547.94,0.0151109,0.000151109,17662,-0.532778,0,-5.56
2547.83,0.0151122,0.000151122,17663,-0.547845,0,-5.55883
2547.71,0.0151136,0.000151136,17664,-0.56291,0,-5.55763
2547.59,0.015115,0.00015115,17665,-0.577975,0,-5.5564
2547.47,0.0151165,0.000151165,17666,-0.593038,0,-5.55513
2547.35,0.015118,0.00015118,17667,-0.6081,0,-5.55383
2547.22,0.0151195,0.000151195,17668,-0.623161,0,-5.5525
2547.09,0.015121,0.00015121,17669,-0.63822,0,-5.55113
2546.95,0.0151226,0.000151226,17670,-0.653278,0,-5.54973
2546.81,0.0151243,0.000151243,17671,-0.668334,0,-5.5483
2546.67,0.0151259,0.000151259,17672,-0.683389,0,-5.54683
2546.53,0.0151276,0.000151276,17673,-0.698442,0,-5.54533
2546.38,0.0151294,0.000151294,17674,-0.713494,0,-5.5438
2546.24,0.0151312,0.000151312,17675,-0.728544,0,-5.54223
2546.08,0.015133,0.00015133,17676,-0.743592,0,-5.54064
2545.93,0.0151348,0.000151348,17677,-0.758638,0,-5.539
2545.77,0.0151367,0.000151367,17678,-0.773683,0,-5.53734
2545.61,0.0151386,0.000151386,17679,-0.788726,0,-5.53564
2545.44,0.0151406,0.000151406,17680,-0.803768,0,-5.53391
2545.28,0.0151426,0.000151426,17681,-0.818807,0,-5.53214
2545.11,0.0151446,0.000151446,17682,-0.833844,0,-5.53034
2544.93,0.0151467,0.000151467,17683,-0.84888,0,-5.52851
2544.76,0.0151488,0.000151488,17684,-0.863913,0,-5.52665
2544.58,0.0151509,0.000151509,17685,-0.878945,0,-5.52475
2544.39,0.0151531,0.000151531,17686,-0.893974,0,-5.52282
2544.21,0.0151553,0.000151553,17687,-0.909002,0,-5.52085
2544.02,0.0151575,0.000151575,17688,-0.924027,0,-5.51886
2543.83,0.0151598,0.000151598,17689,-0.93905,0,-5.51683
2543.63,0.0151621,0.000151621,17690,-0.954071,0,-5.51476
2543.44,0.0151645,0.000151645,17691,-0.96909,0,-5.51266
2543.23,0.0151669,0.000151669,17692,-0.984106,0,-5.51053
2543.03,0.0151693,0.000151693,17693,-0.99912,0,-5.50837
2542.82,0.0151718,0.000151718,17694,-1.01413,0,-5.50617
2542.61,0.0151743,0.000151743,17695,-1.02914,0,-5.50394
2542.4,0.0151768,0.000151768,17696,-1.04415,0,-5.50167
2542.19,0.0151794,0.000151794,17697,-1.05915,0,-5.49937
2541.97,0.015182,0.00015182,17698,-1.07415,0,-5.49704
2541.75,0.0151846,0.000151846,17699,-1.08915,0,-5.49468
2541.52,0.0151873,0.000151873,17700,-1.10415,0,-5.49228
2541.29,0.01519,0.000151901,17701,-1.11914,0,-5.48984
2541.06,0.0151928,0.000151928,17702,-1.13414,0,-5.48738
2540.83,0.0151956,0.000151956,17703,-1.14912,0,-5.48488
2540.59,0.0151984,0.000151984,17704,-1.16411,0,-5.48235
2540.35,0.0152013,0.000152013,17705,-1.17909,0,-5.47978
2540.11,0.0152042,0.000152042,17706,-1.19407,0,-5.47718
2539.86,0.0152072,0.000152072,17707,-1.20905,0,-5.47455
2539.62,0.0152101,0.000152101,17708,-1.22403,0,-5.47188
2539.36,0.0152131,0.000152131,17709,-1.239,0,-5.46918
2539.11,0.0152162,0.000152162,17710,-1.25397,0,-5.46645
2538.85,0.0152193,0.000152193,17711,-1.26893,0,-5.46368
2538.59,0.0152224,0.000152224,17712,-1.28389,0,-5.46088
2538.33,0.0152256,0.000152256,17713,-1.29885,0,-5.45804
2538.06,0.0152288,0.000152288,17714,-1.31381,0,-5.45517
2537.79,0.015232,0.00015232,17715,-1.32876,0,-5.45227
2537.52,0.0152353,0.000152353,17716,-1.34371,0,-5.44934
2537.24,0.0152386,0.000152386,17717,-1.35866,0,-5.44637
2536.96,0.0152419,0.000152419,17718,-1.3736,0,-5.44336
2536.68,0.0152453,0.000152453,17719,-1.38854,0,-5.44033
2536.4,0.0152488,0.000152488,17720,-1.40348,0,-5.43726
2536.11,0.0152522,0.000152522,17721,-1.41841,0,-5.43415
2535.82,0.0152557,0.000152557,17722,-1.43334,0,-5.43101
2535.53,0.0152592,0.000152592,17723,-1.44827,0,-5.42784
2535.23,0.0152628,0.000152628,17724,-1.46319,0,-5.42464
2534.93,0.0152664,0.000152664,17725,-1.47811,0,-5.4214
2534.63,0.0152701,0.000152701,17726,-1.49302,0,-5.41812
2534.32,0.0152738,0.000152738,17727,-1.50793,0,-5.41482
2534.01,0.0152775,0.000152775,17728,-1.52284,0,-5.41148
2533.7,0.0152812,0.000152812,17729,-1.53775,0,-5.4081
2533.39,0.015285,0.00015285,17730,-1.55265,0,-5.40469
2533.07,0.0152889,0.000152889,17731,-1.56754,0,-5.40125
2532.75,0.0152927,0.000152927,17732,-1.58243,0,-5.39777
2532.42,0.0152966,0.000152966,17733,-1.59732,0,-5.39426
2532.1,0.0153006,0.000153006,17734,-1.61221,0,-5.39072
2531.77,0.0153046,0.000153046,17735,-1.62709,0,-5.38714
2531.44,0.0153086,0.000153086,17736,-1.64196,0,-5.38353
2531.1,0.0153127,0.000153127,17737,-1.65684,0,-5.37988
2530.76,0.0153167,0.000153167,17738,-1.6717,0,-5.3762
2530.42,0.0153209,0.000153209,17739,-1.68657,0,-5.37249
2530.08,0.015325,0.00015325,17740,-1.70143,0,-5.36874
2529.73,0.0153293,0.000153293,17741,-1.71628,0,-5.36496
2529.38,0.0153335,0.000153335,17742,-1.73113,0,-5.36114
2529.02,0.0153378,0.000153378,17743,-1.74598,0,-5.35729
2528.67,0.0153421,0.000153421,17744,-1.76082,0,-5.3534
2528.31,0.0153465,0.000153465,17745,-1.77566,0,-5.34949
2527.95,0.0153509,0.000153509,17746,-1.79049,0,-5.34553
2527.58,0.0153553,0.000153553,17747,-1.80532,0,-5.34155
2527.21,0.0153598,0.000153598,17748,-1.82015,0,-5.33752
2526.84,0.0153643,0.000153643,17749,-1.83497,0,-5.33347
2526.47,0.0153688,0.000153688,17750,-1.84978,0,-5.32938
2526.09,0.0153734,0.000153734,17751,-1.86459,0,-5.32526
2525.71,0.0153781,0.000153781,17752,-1.8794,0,-5.3211
2525.33,0.0153827,0.000153827,17753,-1.8942,0,-5.3169
2524.94,0.0153874,0.000153874,17754,-1.90899,0,-5.31268
2524.55,0.0153922,0.000153922,17755,-1.92378,0,-5.30842
2524.16,0.015397,0.00015397,17756,-1.93857,0,-5.30412
2523.77,0.0154018,0.000154018,17757,-1.95335,0,-5.29979
2523.37,0.0154066,0.000154066,17758,-1.96812,0,-5.29543
2522.97,0.0154115,0.000154115,17759,-1.98289,0,-5.29103
2522.56,0.0154165,0.000154165,17760,-1.99766,0,-5.28659
2522.16,0.0154214,0.000154214,17761,-2.01242,0,-5.28213
2521.75,0.0154264,0.000154264,17762,-2.02717,0,-5.27762
2521.34,0.0154315,0.000154315,17763,-2.04192,0,-5.27309
2520.92,0.0154366,0.000154366,17764,-2.05667,0,-5.26852
2520.5,0.0154417,0.000154417,17765,-2.07141,0,-5.26391
2520.08,0.0154469,0.000154469,17766,-2.08614,0,-5.25927
2519.65,0.0154521,0.000154521,17767,-2.10087,0,-5.2546
2519.23,0.0154573,0.000154573,17768,-2.11559,0,-5.24989
2518.8,0.0154626,0.000154626,17769,-2.13031,0,-5.24514
2518.36,0.0154679,0.000154679,17770,-2.14502,0,-5.24036
2517.93,0.0154733,0.000154733,17771,-2.15972,0,-5.23555
2517.49,0.0154787,0.000154787,17772,-2.17442,0,-5.2307
2517.05,0.0154841,0.000154841,17773,-2.18912,0,-5.22582
2516.6,0.0154896,0.000154896,17774,-2.20381,0,-5.2209
2516.15,0.0154951,0.000154951,17775,-2.21849,0,-5.21595
2515.7,0.0155007,0.000155007,17776,-2.23317,0,-5.21096
2515.25,0.0155063,0.000155063,17777,-2.24784,0,-5.20594
2514.79,0.0155119,0.000155119,17778,-2.2625,0,-5.20088
2514.33,0.0155176,0.000155176,17779,-2.27716,0,-5.19579
2513.87,0.0155233,0.000155233,17780,-2.29181,0,-5.19067
2513.4,0.015529,0.00015529,17781,-2.30646,0,-5.18551
2512.94,0.0155348,0.000155348,17782,-2.3211,0,-5.18031
2512.46,0.0155407,0.000155407,17783,-2.33573,0,-5.17508
2511.99,0.0155465,0.000155465,17784,-2.35036,0,-5.16981
2511.51,0.0155524,0.000155524,17785,-2.36498,0,-5.16451
2511.03,0.0155584,0.000155584,17786,-2.37959,0,-5.15918
2510.55,0.0155644,0.000155644,17787,-2.3942,0,-5.1538
2510.06,0.0155704,0.000155704,17788,-2.4088,0,-5.1484
2509.57,0.0155765,0.000155765,17789,-2.4234,0,-5.14296
2509.08,0.0155826,0.000155826,17790,-2.43799,0,-5.13748
2508.59,0.0155887,0.000155887,17791,-2.45257,0,-5.13197
2508.09,0.0155949,0.000155949,17792,-2.46715,0,-5.12642
2507.59,0.0156011,0.000156012,17793,-2.48171,0,-5.12084
2507.08,0.0156074,0.000156074,17794,-2.49628,0,-5.11522
2506.58,0.0156137,0.000156137,17795,-2.51083,0,-5.10957
2506.07,0.0156201,0.000156201,17796,-2.52538,0,-5.10388
2505.56,0.0156265,0.000156265,17797,-2.53992,0,-5.09816
2505.04,0.0156329,0.000156329,17798,-2.55445,0,-5.0924
2504.52,0.0156394,0.000156394,17799,-2.56898,0,-5.08661
2504,0.0156459,0.000156459,17800,-2.5835,0,-5.08078
2503.48,0.0156524,0.000156524,17801,-2.59801,0,-5.07492
2502.95,0.015659,0.00015659,17802,-2.61252,0,-5.06902
2502.42,0.0156657,0.000156657,17803,-2.62701,0,-5.06308
2501.89,0.0156723,0.000156723,17804,-2.6415,0,-5.05711
2501.35,0.015679,0.00015679,17805,-2.65599,0,-5.0511
2500.81,0.0156858,0.000156858,17806,-2.67046,0,-5.04506
2500.27,0.0156926,0.000156926,17807,-2.68493,0,-5.03898
2499.73,0.0156994,0.000156994,17808,-2.69939,0,-5.03287
2499.18,0.0157063,0.000157063,17809,-2.71384,0,-5.02672
2498.63,0.0157132,0.000157132,17810,-2.72829,0,-5.02054
2498.08,0.0157202,0.000157202,17811,-2.74273,0,-5.01432
2497.52,0.0157272,0.000157272,17812,-2.75716,0,-5.00806
2496.96,0.0157342,0.000157342,17813,-2.77158,0,-5.00177
2496.4,0.0157413,0.000157413,17814,-2.78599,0,-4.99545
2495.84,0.0157484,0.000157484,17815,-2.8004,0,-4.98908
2495.27,0.0157556,0.000157556,17816,-2.8148,0,-4.98268
2494.7,0.0157628,0.000157628,17817,-2.82919,0,-4.97625
2494.13,0.01577,0.0001577,17818,-2.84357,0,-4.96978
2493.55,0.0157773,0.000157773,17819,-2.85794,0,-4.96327
2492.97,0.0157846,0.000157846,17820,-2.87231,0,-4.95673
2492.39,0.015792,0.00015792,17821,-2.88666,0,-4.95015
2491.8,0.0157994,0.000157994,17822,-2.90101,0,-4.94354
2491.22,0.0158069,0.000158069,17823,-2.91535,0,-4.93689
2490.63,0.0158144,0.000158144,17824,-2.92968,0,-4.9302
2490.03,0.0158219,0.000158219,17825,-2.94401,0,-4.92348
2489.44,0.0158295,0.000158295,17826,-2.95832,0,-4.91672
2488.84,0.0158371,0.000158371,17827,-2.97263,0,-4.90993
2488.24,0.0158448,0.000158448,17828,-2.98692,0,-4.9031
2487.63,0.0158525,0.000158525,17829,-3.00121,0,-4.89623
2487.02,0.0158602,0.000158602,17830,-3.01549,0,-4.88933
2486.41,0.015868,0.00015868,17831,-3.02976,0,-4.88239
2485.8,0.0158758,0.000158758,17832,-3.04402,0,-4.87542
2485.18,0.0158837,0.000158837,17833,-3.05827,0,-4.8684
2484.56,0.0158916,0.000158916,17834,-3.07252,0,-4.86136
2483.94,0.0158996,0.000158996,17835,-3.08675,0,-4.85427
2483.32,0.0159076,0.000159076,17836,-3.10098,0,-4.84715
2482.69,0.0159156,0.000159156,17837,-3.11519,0,-4.83999
2482.06,0.0159237,0.000159237,17838,-3.1294,0,-4.8328
2481.43,0.0159319,0.000159319,17839,-3.14359,0,-4.82557
2480.79,0.01594,0.0001594,17840,-3.15778,0,-4.8183
2480.15,0.0159482,0.000159482,17841,-3.17196,0,-4.811
2479.51,0.0159565,0.000159565,17842,-3.18613,0,-4.80366
2478.87,0.0159648,0.000159648,17843,-3.20029,0,-4.79628
2478.22,0.0159731,0.000159731,17844,-3.21443,0,-4.78887
2477.57,0.0159815,0.000159815,17845,-3.22857,0,-4.78142
2476.91,0.0159899,0.000159899,17846,-3.2427,0,-4.77393
2476.26,0.0159984,0.000159984,17847,-3.25682,0,-4.76641
2475.6,0.0160069,0.000160069,17848,-3.27093,0,-4.75885
2474.94,0.0160155,0.000160155,17849,-3.28503,0,-4.75125
2474.27,0.0160241,0.000160241,17850,-3.29912,0,-4.74362
2473.61,0.0160327,0.000160327,17851,-3.3132,0,-4.73595
2472.94,0.0160414,0.000160414,17852,-3.32727,0,-4.72824
2472.26,0.0160502,0.000160502,17853,-3.34133,0,-4.7205
2471.59,0.0160589,0.000160589,17854,-3.35537,0,-4.71272
2470.91,0.0160678,0.000160678,17855,-3.36941,0,-4.7049
2470.23,0.0160766,0.000160766,17856,-3.38344,0,-4.69704
2469.54,0.0160855,0.000160855,17857,-3.39745,0,-4.68915
2468.86,0.0160945,0.000160945,17858,-3.41146,0,-4.68122
2468.17,0.0161035,0.000161035,17859,-3.42545,0,-4.67325
2467.47,0.0161125,0.000161125,17860,-3.43944,0,-4.66525
2466.78,0.0161216,0.000161216,17861,-3.45341,0,-4.65721
2466.08,0.0161307,0.000161307,17862,-3.46737,0,-4.64913
2465.38,0.0161399,0.000161399,17863,-3.48132,0,-4.64102
2464.68,0.0161491,0.000161491,17864,-3.49526,0,-4.63286
2463.97,0.0161584,0.000161584,17865,-3.50919,0,-4.62467
2463.26,0.0161677,0.000161677,17866,-3.52311,0,-4.61645
2462.55,0.0161771,0.000161771,17867,-3.53702,0,-4.60818
2461.83,0.0161864,0.000161864,17868,-3.55091,0,-4.59988
2461.12,0.0161959,0.000161959,17869,-3.5648,0,-4.59154
2460.4,0.0162054,0.000162054,17870,-3.57867,0,-4.58316
2459.67,0.0162149,0.000162149,17871,-3.59253,0,-4.57475
2458.95,0.0162245,0.000162245,17872,-3.60638,0,-4.56629
2458.22,0.0162341,0.000162341,17873,-3.62021,0,-4.5578
2457.49,0.0162438,0.000162438,17874,-3.63404,0,-4.54928
2456.75,0.0162535,0.000162535,17875,-3.64785,0,-4.54071
2456.02,0.0162632,0.000162632,17876,-3.66165,0,-4.53211
2455.28,0.016273,0.00016273,17877,-3.67544,0,-4.52347
2454.53,0.0162829,0.000162829,17878,-3.68922,0,-4.51479
2453.79,0.0162928,0.000162928,17879,-3.70299,0,-4.50607
2453.04,0.0163027,0.000163027,17880,-3.71674,0,-4.49732
2452.29,0.0163127,0.000163127,17881,-3.73048,0,-4.48853
2451.54,0.0163227,0.000163227,17882,-3.74421,0,-4.4797
2450.78,0.0163328,0.000163328,17883,-3.75792,0,-4.47083
2450.02,0.0163429,0.000163429,17884,-3.77163,0,-4.46192
2449.26,0.0163531,0.000163531,17885,-3.78532,0,-4.45298
2448.49,0.0163633,0.000163633,17886,-3.799,0,-4.444
2447.73,0.0163736,0.000163736,17887,-3.81266,0,-4.43498
2446.96,0.0163839,0.000163839,17888,-3.82631,0,-4.42592
2446.19,0.0163942,0.000163942,17889,-3.83995,0,-4.41682
2445.41,0.0164046,0.000164046,17890,-3.85358,0,-4.40769
2444.63,0.0164151,0.000164151,17891,-3.86719,0,-4.39851
2443.85,0.0164255,0.000164255,17892,-3.88079,0,-4.3893
2443.07,0.0164361,0.000164361,17893,-3.89438,0,-4.38005
2442.28,0.0164467,0.000164467,17894,-3.90795,0,-4.37076
2441.49,0.0164573,0.000164573,17895,-3.92151,0,-4.36144
2440.7,0.016468,0.00016468,17896,-3.93505,0,-4.35207
2439.91,0.0164787,0.000164787,17897,-3.94859,0,-4.34267
2439.11,0.0164895,0.000164895,17898,-3.96211,0,-4.33323
2438.31,0.0165003,0.000165003,17899,-3.97561,0,-4.32375
2437.51,0.0165112,0.000165112,17900,-3.9891,0,-4.31423
2436.7,0.0165221,0.000165221,17901,-4.00258,0,-4.30467
2435.89,0.016533,0.00016533,17902,-4.01604,0,-4.29508
2435.08,0.016544,0.00016544,17903,-4.02949,0,-4.28544
2434.27,0.0165551,0.000165551,17904,-4.04293,0,-4.27577
2433.45,0.0165662,0.000165662,17905,-4.05635,0,-4.26606
2432.63,0.0165774,0.000165774,17906,-4.06975,0,-4.25631
2431.81,0.0165885,0.000165885,17907,-4.08315,0,-4.24652
2430.99,0.0165998,0.000165998,17908,-4.09652,0,-4.23669
2430.16,0.0166111,0.000166111,17909,-4.10989,0,-4.22682
2429.33,0.0166224,0.000166224,17910,-4.12323,0,-4.21691
2428.5,0.0166338,0.000166338,17911,-4.13657,0,-4.20697
2427.67,0.0166453,0.000166453,17912,-4.14988,0,-4.19698
2426.83,0.0166568,0.000166568,17913,-4.16319,0,-4.18696
2425.99,0.0166683,0.000166683,17914,-4.17648,0,-4.1769
2425.15,0.0166799,0.000166799,17915,-4.18975,0,-4.1668
2424.3,0.0166915,0.000166915,17916,-4.20301,0,-4.15665
2423.45,0.0167032,0.000167032,17917,-4.21625,0,-4.14647
2422.6,0.0167149,0.000167149,17918,-4.22948,0,-4.13625
2421.75,0.0167267,0.000167267,17919,-4.24269,0,-4.126
2420.89,0.0167385,0.000167385,17920,-4.25588,0,-4.1157
2420.04,0.0167504,0.000167504,17921,-4.26906,0,-4.10536
2419.17,0.0167623,0.000167623,17922,-4.28223,0,-4.09498
2418.31,0.0167743,0.000167743,17923,-4.29538,0,-4.08457
2417.44,0.0167863,0.000167863,17924,-4.30851,0,-4.07411
2416.58,0.0167984,0.000167984,17925,-4.32163,0,-4.06362
2415.7,0.0168105,0.000168105,17926,-4.33473,0,-4.05308
2414.83,0.0168227,0.000168227,17927,-4.34781,0,-4.04251
2413.95,0.0168349,0.000168349,17928,-4.36088,0,-4.0319
2413.07,0.0168472,0.000168472,17929,-4.37393,0,-4.02124
2412.19,0.0168595,0.000168595,17930,-4.38696,0,-4.01055
2411.31,0.0168719,0.000168719,17931,-4.39998,0,-3.99982
2410.42,0.0168843,0.000168843,17932,-4.41298,0,-3.98904
2409.53,0.0168968,0.000168968,17933,-4.42597,0,-3.97823
2408.64,0.0169093,0.000169093,17934,-4.43893,0,-3.96738
2407.74,0.0169219,0.000169219,17935,-4.45188,0,-3.95649
2406.84,0.0169345,0.000169345,17936,-4.46482,0,-3.94555
2405.94,0.0169472,0.000169472,17937,-4.47773,0,-3.93458
2405.04,0.0169599,0.000169599,17938,-4.49063,0,-3.92357
2404.14,0.0169727,0.000169727,17939,-4.50351,0,-3.91252
2403.23,0.0169855,0.000169855,17940,-4.51638,0,-3.90143
2402.32,0.0169984,0.000169984,17941,-4.52922,0,-3.89029
2401.4,0.0170113,0.000170113,17942,-4.54205,0,-3.87912
2400.49,0.0170243,0.000170243,17943,-4.55486,0,-3.86791
2399.57,0.0170373,0.000170373,17944,-4.56765,0,-3.85666
2398.65,0.0170504,0.000170504,17945,-4.58043,0,-3.84536
2397.73,0.0170636,0.000170636,17946,-4.59318,0,-3.83403
2396.8,0.0170767,0.000170767,17947,-4.60592,0,-3.82266
2395.87,0.01709,0.0001709,17948,-4.61864,0,-3.81124
2394.94,0.0171033,0.000171033,17949,-4.63134,0,-3.79979
2394.01,0.0171166,0.000171166,17950,-4.64403,0,-3.78829
2393.07,0.01713,0.0001713,17951,-4.65669,0,-3.77676
2392.13,0.0171434,0.000171434,17952,-4.66934,0,-3.76518
2391.19,0.0171569,0.000171569,17953,-4.68196,0,-3.75357
2390.25,0.0171705,0.000171705,17954,-4.69457,0,-3.74191
2389.3,0.0171841,0.000171841,17955,-4.70716,0,-3.73021
2388.35,0.0171977,0.000171977,17956,-4.71973,0,-3.71847
2387.4,0.0172114,0.000172114,17957,-4.73228,0,-3.70669
2386.45,0.0172252,0.000172252,17958,-4.74481,0,-3.69487
2385.49,0.017239,0.00017239,17959,-4.75732,0,-3.68301
2384.54,0.0172529,0.000172529,17960,-4.76981,0,-3.67111
2383.57,0.0172668,0.000172668,17961,-4.78228,0,-3.65917
2382.61,0.0172808,0.000172808,17962,-4.79473,0,-3.64719
2381.64,0.0172948,0.000172948,17963,-4.80716,0,-3.63516
2380.68,0.0173089,0.000173089,17964,-4.81957,0,-3.6231
2379.7,0.017323,0.00017323,17965,-4.83196,0,-3.61099
2378.73,0.0173372,0.000173372,17966,-4.84433,0,-3.59885
2377.76,0.0173514,0.000173514,17967,-4.85668,0,-3.58666
2376.78,0.0173657,0.000173657,17968,-4.86901,0,-3.57443
2375.8,0.01738,0.0001738,17969,-4.88132,0,-3.56216
2374.81,0.0173944,0.000173944,17970,-4.89361,0,-3.54985
2373.83,0.0174089,0.000174089,17971,-4.90587,0,-3.53749
2372.84,0.0174234,0.000174234,17972,-4.91812,0,-3.5251
2371.85,0.0174379,0.000174379,17973,-4.93035,0,-3.51266
2370.86,0.0174526,0.000174526,17974,-4.94255,0,-3.50019
2369.86,0.0174672,0.000174672,17975,-4.95473,0,-3.48767
2368.86,0.0174819,0.000174819,17976,-4.96689,0,-3.47511
2367.86,0.0174967,0.000174967,17977,-4.97903,0,-3.46251
2366.86,0.0175116,0.000175116,17978,-4.99115,0,-3.44987
2365.85,0.0175264,0.000175264,17979,-5.00324,0,-3.43718
2364.85,0.0175414,0.000175414,17980,-5.01532,0,-3.42446
2363.84,0.0175564,0.000175564,17981,-5.02737,0,-3.41169
2362.82,0.0175714,0.000175714,17982,-5.0394,0,-3.39888
2361.81,0.0175865,0.000175865,17983,-5.0514,0,-3.38603
2360.79,0.0176017,0.000176017,17984,-5.06339,0,-3.37314
2359.77,0.0176169,0.000176169,17985,-5.07535,0,-3.3602
2358.75,0.0176322,0.000176322,17986,-5.08729,0,-3.34723
2357.72,0.0176475,0.000176475,17987,-5.0992,0,-3.33421
2356.7,0.0176629,0.000176629,17988,-5.11109,0,-3.32115
2355.67,0.0176783,0.000176783,17989,-5.12296,0,-3.30805
2354.64,0.0176938,0.000176938,17990,-5.13481,0,-3.29491
2353.6,0.0177094,0.000177094,17991,-5.14663,0,-3.28172
2352.57,0.017725,0.00017725,17992,-5.15843,0,-3.2685
2351.53,0.0177406,0.000177406,17993,-5.17021,0,-3.25523
2350.49,0.0177563,0.000177563,17994,-5.18196,0,-3.24192
2349.44,0.0177721,0.000177721,17995,-5.19369,0,-3.22856
2348.4,0.0177879,0.000177879,17996,-5.20539,0,-3.21517
2347.35,0.0178038,0.000178038,17997,-5.21707,0,-3.20173
2346.3,0.0178198,0.000178198,17998,-5.22872,0,-3.18825
2345.25,0.0178358,0.000178358,17999,-5.24036,0,-3.17473
2344.19,0.0178518,0.000178518,18000,-5.25196,0,-3.16116
2343.13,0.0178679,0.000178679,18001,-5.26354,0,-3.14756
2342.08,0.0178841,0.000178841,18002,-5.2751,0,-3.13391
2341.01,0.0179003,0.000179003,18003,-5.28663,0,-3.12022
2339.95,0.0179166,0.000179166,18004,-5.29814,0,-3.10649
2338.88,0.017933,0.00017933,18005,-5.30962,0,-3.09271
2337.81,0.0179494,0.000179494,18006,-5.32107,0,-3.07889
2336.74,0.0179658,0.000179658,18007,-5.3325,0,-3.06503
2335.67,0.0179823,0.000179823,18008,-5.34391,0,-3.05113
2334.59,0.0179989,0.000179989,18009,-5.35529,0,-3.03718
2333.52,0.0180156,0.000180156,18010,-5.36664,0,-3.02319
2332.44,0.0180322,0.000180322,18011,-5.37797,0,-3.00916
2331.35,0.018049,0.00018049,18012,-5.38927,0,-2.99509
2330.27,0.0180658,0.000180658,18013,-5.40054,0,-2.98097
2329.18,0.0180827,0.000180827,18014,-5.41179,0,-2.96681
2328.09,0.0180996,0.000180996,18015,-5.42301,0,-2.95261
2327,0.0181166,0.000181166,18016,-5.4342,0,-2.93837
2325.91,0.0181336,0.000181336,18017,-5.44537,0,-2.92408
2324.81,0.0181507,0.000181507,18018,-5.45651,0,-2.90975
2323.71,0.0181679,0.000181679,18019,-5.46762,0,-2.89537
2322.61,0.0181851,0.000181851,18020,-5.47871,0,-2.88096
2321.51,0.0182024,0.000182024,18021,-5.48976,0,-2.8665
2320.41,0.0182197,0.000182197,18022,-5.50079,0,-2.852
2319.3,0.0182371,0.000182371,18023,-5.51179,0,-2.83745
2318.19,0.0182545,0.000182545,18024,-5.52277,0,-2.82286
2317.08,0.018272,0.00018272,18025,-5.53371,0,-2.80823
2315.97,0.0182896,0.000182896,18026,-5.54463,0,-2.79356
2314.85,0.0183073,0.000183073,18027,-5.55552,0,-2.77884
2313.73,0.0183249,0.000183249,18028,-5.56638,0,-2.76408
2312.61,0.0183427,0.000183427,18029,-5.57721,0,-2.74928
2311.49,0.0183605,0.000183605,18030,-5.58801,0,-2.73443
2310.37,0.0183784,0.000183784,18031,-5.59878,0,-2.71954
2309.24,0.0183963,0.000183963,18032,-5.60953,0,-2.70461
2308.11,0.0184143,0.000184143,18033,-5.62024,0,-2.68963
2306.98,0.0184324,0.000184324,18034,-5.63093,0,-2.67461
2305.85,0.0184505,0.000184505,18035,-5.64158,0,-2.65955
2304.71,0.0184687,0.000184687,18036,-5.65221,0,-2.64444
2303.58,0.0184869,0.000184869,18037,-5.6628,0,-2.62929
2302.44,0.0185052,0.000185052,18038,-5.67337,0,-2.6141
2301.3,0.0185235,0.000185235,18039,-5.6839,0,-2.59887
2300.15,0.018542,0.00018542,18040,-5.69441,0,-2.58359
2299.01,0.0185604,0.000185604,18041,-5.70488,0,-2.56826
2297.86,0.018579,0.00018579,18042,-5.71532,0,-2.5529
2296.71,0.0185976,0.000185976,18043,-5.72573,0,-2.53748
2295.56,0.0186162,0.000186162,18044,-5.73611,0,-2.52203
2294.41,0.018635,0.00018635,18045,-5.74646,0,-2.50653
2293.25,0.0186538,0.000186538,18046,-5.75678,0,-2.49099
2292.09,0.0186726,0.000186726,18047,-5.76706,0,-2.47541
2290.93,0.0186915,0.000186915,18048,-5.77732,0,-2.45978
2289.77,0.0187105,0.000187105,18049,-5.78754,0,-2.44411
2288.61,0.0187295,0.000187295,18050,-5.79773,0,-2.42839
2287.44,0.0187486,0.000187486,18051,-5.80788,0,-2.41263
2286.27,0.0187678,0.000187678,18052,-5.81801,0,-2.39683
2285.1,0.018787,0.00018787,18053,-5.8281,0,-2.38098
2283.93,0.0188063,0.000188063,18054,-5.83816,0,-2.36509
2282.76,0.0188257,0.000188257,18055,-5.84818,0,-2.34916
2281.58,0.0188451,0.000188451,18056,-5.85817,0,-2.33318
2280.4,0.0188645,0.000188645,18057,-5.86813,0,-2.31716
2279.22,0.0188841,0.000188841,18058,-5.87806,0,-2.30109
2278.04,0.0189037,0.000189037,18059,-5.88795,0,-2.28498
2276.86,0.0189233,0.000189233,18060,-5.89781,0,-2.26883
2275.67,0.0189431,0.000189431,18061,-5.90763,0,-2.25263
2274.48,0.0189629,0.000189629,18062,-5.91742,0,-2.23639
2273.29,0.0189827,0.000189827,18063,-5.92717,0,-2.22011
2272.1,0.0190026,0.000190026,18064,-5.93689,0,-2.20378
2270.91,0.0190226,0.000190226,18065,-5.94658,0,-2.18741
2269.71,0.0190427,0.000190426,18066,-5.95622,0,-2.17099
2268.51,0.0190628,0.000190628,18067,-5.96584,0,-2.15453
2267.32,0.0190829,0.000190829,18068,-5.97542,0,-2.13802
2266.11,0.0191032,0.000191032,18069,-5.98496,0,-2.12147
2264.91,0.0191235,0.000191235,18070,-5.99447,0,-2.10488
2263.71,0.0191438,0.000191438,18071,-6.00394,0,-2.08824
2262.5,0.0191643,0.000191643,18072,-6.01337,0,-2.07156
2261.29,0.0191848,0.000191848,18073,-6.02277,0,-2.05484
2260.08,0.0192053,0.000192053,18074,-6.03213,0,-2.03807
2258.87,0.0192259,0.000192259,18075,-6.04146,0,-2.02126
2257.65,0.0192466,0.000192466,18076,-6.05075,0,-2.0044
2256.44,0.0192674,0.000192674,18077,-6.06,0,-1.9875
2255.22,0.0192882,0.000192882,18078,-6.06921,0,-1.97055
2254,0.0193091,0.000193091,18079,-6.07839,0,-1.95356
2252.78,0.01933,0.0001933,18080,-6.08753,0,-1.93653
2251.55,0.0193511,0.000193511,18081,-6.09663,0,-1.91945
2250.33,0.0193721,0.000193721,18082,-6.10569,0,-1.90233
2249.1,0.0193933,0.000193933,18083,-6.11471,0,-1.88517
2247.87,0.0194145,0.000194145,18084,-6.1237,0,-1.86796
2246.64,0.0194358,0.000194358,18085,-6.13265,0,-1.8507
2245.41,0.0194571,0.000194571,18086,-6.14155,0,-1.8334
2244.17,0.0194785,0.000194785,18087,-6.15042,0,-1.81606
2242.94,0.0195,0.000195,18088,-6.15925,0,-1.79867
2241.7,0.0195215,0.000195215,18089,-6.16804,0,-1.78124
2240.46,0.0195431,0.000195431,18090,-6.17679,0,-1.76377
2239.22,0.0195648,0.000195648,18091,-6.1855,0,-1.74625
2237.98,0.0195865,0.000195865,18092,-6.19417,0,-1.72869
2236.73,0.0196084,0.000196084,18093,-6.2028,0,-1.71108
2235.49,0.0196302,0.000196302,18094,-6.21139,0,-1.69343
2234.24,0.0196522,0.000196522,18095,-6.21994,0,-1.67573
2232.99,0.0196742,0.000196742,18096,-6.22845,0,-1.65799
2231.74,0.0196962,0.000196962,18097,-6.23691,0,-1.64021
2230.48,0.0197184,0.000197184,18098,-6.24534,0,-1.62238
2229.23,0.0197406,0.000197406,18099,-6.25372,0,-1.60451
2227.97,0.0197629,0.000197629,18100,-6.26206,0,-1.58659
2226.71,0.0197852,0.000197852,18101,-6.27036,0,-1.56863
2225.45,0.0198076,0.000198076,18102,-6.27862,0,-1.55063
2224.19,0.0198301,0.000198301,18103,-6.28683,0,-1.53258
2222.93,0.0198526,0.000198526,18104,-6.29501,0,-1.51449
2221.66,0.0198752,0.000198752,18105,-6.30313,0,-1.49635
2220.4,0.0198979,0.000198979,18106,-6.31122,0,-1.47817
2219.13,0.0199206,0.000199206,18107,-6.31926,0,-1.45994
2217.86,0.0199435,0.000199435,18108,-6.32726,0,-1.44167
2216.59,0.0199663,0.000199663,18109,-6.33522,0,-1.42336
2215.32,0.0199893,0.000199893,18110,-6.34313,0,-1.405
2214.04,0.0200123,0.000200123,18111,-6.35099,0,-1.3866
2212.77,0.0200354,0.000200354,18112,-6.35882,0,-1.36816
2211.49,0.0200585,0.000200585,18113,-6.36659,0,-1.34967
2210.21,0.0200817,0.000200817,18114,-6.37433,0,-1.33114
2208.93,0.020105,0.00020105,18115,-6.38201,0,-1.31256
2207.65,0.0201284,0.000201284,18116,-6.38966,0,-1.29394
2206.37,0.0201518,0.000201518,18117,-6.39725,0,-1.27527
2205.08,0.0201753,0.000201753,18118,-6.4048,0,-1.25656
2203.79,0.0201989,0.000201989,18119,-6.41231,0,-1.23781
2202.51,0.0202225,0.000202225,18120,-6.41977,0,-1.21901
2201.22,0.0202462,0.000202462,18121,-6.42718,0,-1.20017
2199.93,0.02027,0.0002027,18122,-6.43454,0,-1.18129
2198.63,0.0202938,0.000202938,18123,-6.44186,0,-1.16236
2197.34,0.0203177,0.000203177,18124,-6.44913,0,-1.14339
2196.04,0.0203417,0.000203417,18125,-6.45636,0,-1.12437
2194.75,0.0203657,0.000203657,18126,-6.46353,0,-1.10531
2193.45,0.0203898,0.000203898,18127,-6.47066,0,-1.08621
2192.15,0.020414,0.00020414,18128,-6.47774,0,-1.06706
2190.85,0.0204383,0.000204383,18129,-6.48477,0,-1.04787
2189.55,0.0204626,0.000204626,18130,-6.49175,0,-1.02864
2188.24,0.020487,0.00020487,18131,-6.49869,0,-1.00936
2186.94,0.0205114,0.000205114,18132,-6.50557,0,-0.990036
2185.63,0.0205359,0.000205359,18133,-6.51241,0,-0.970671
2184.32,0.0205605,0.000205605,18134,-6.51919,0,-0.951262
2183.02,0.0205852,0.000205852,18135,-6.52593,0,-0.93181
2181.71,0.0206099,0.000206099,18136,-6.53261,0,-0.912315
2180.39,0.0206347,0.000206347,18137,-6.53925,0,-0.892776
2179.08,0.0206596,0.000206596,18138,-6.54583,0,-0.873194
2177.77,0.0206846,0.000206846,18139,-6.55237,0,-0.853568
2176.45,0.0207096,0.000207096,18140,-6.55885,0,-0.833899
2175.13,0.0207347,0.000207347,18141,-6.56528,0,-0.814187
2173.82,0.0207598,0.000207598,18142,-6.57166,0,-0.794432
2172.5,0.020785,0.00020785,18143,-6.57799,0,-0.774634
2171.18,0.0208103,0.000208103,18144,-6.58426,0,-0.754792
2169.85,0.0208357,0.000208357,18145,-6.59049,0,-0.734907
2168.53,0.0208611,0.000208611,18146,-6.59666,0,-0.71498
2167.21,0.0208866,0.000208866,18147,-6.60277,0,-0.695009
2165.88,0.0209122,0.000209122,18148,-6.60884,0,-0.674996
2164.56,0.0209378,0.000209378,18149,-6.61485,0,-0.654939
2163.23,0.0209635,0.000209635,18150,-6.62081,0,-0.63484
2161.9,0.0209893,0.000209893,18151,-6.62671,0,-0.614698
2160.57,0.0210152,0.000210152,18152,-6.63256,0,-0.594513
2159.24,0.0210411,0.000210411,18153,-6.63836,0,-0.574286
2157.9,0.0210671,0.000210671,18154,-6.6441,0,-0.554016
2156.57,0.0210932,0.000210932,18155,-6.64978,0,-0.533703
2155.24,0.0211193,0.000211193,18156,-6.65541,0,-0.513348
2153.9,0.0211455,0.000211455,18157,-6.66098,0,-0.492951
2152.56,0.0211718,0.000211718,18158,-6.6665,0,-0.472511
2151.22,0.0211981,0.000211981,18159,-6.67197,0,-0.452028
2149.89,0.0212245,0.000212245,18160,-6.67737,0,-0.431504
2148.55,0.021251,0.00021251,18161,-6.68272,0,-0.410937
2147.2,0.0212776,0.000212776,18162,-6.68801,0,-0.390329
2145.86,0.0213042,0.000213042,18163,-6.69325,0,-0.369678
2144.52,0.0213309,0.000213309,18164,-6.69843,0,-0.348985
2143.17,0.0213577,0.000213577,18165,-6.70355,0,-0.32825
2141.83,0.0213845,0.000213845,18166,-6.70861,0,-0.307474
2140.48,0.0214114,0.000214114,18167,-6.71362,0,-0.286655
2139.14,0.0214384,0.000214384,18168,-6.71856,0,-0.265795
2137.79,0.0214655,0.000214655,18169,-6.72345,0,-0.244893
2136.44,0.0214926,0.000214926,18170,-6.72828,0,-0.22395
2135.09,0.0215198,0.000215198,18171,-6.73305,0,-0.202965
2133.74,0.021547,0.00021547,18172,-6.73776,0,-0.181939
2132.38,0.0215744,0.000215744,18173,-6.7424,0,-0.160872
2131.03,0.0216018,0.000216018,18174,-6.74699,0,-0.139763
2129.68,0.0216292,0.000216292,18175,-6.75152,0,-0.118613
2128.32,0.0216568,0.000216568,18176,-6.75599,0,-0.0974225
2126.97,0.0216844,0.000216844,18177,-6.7604,0,-0.0761906
2125.61,0.0217121,0.000217121,18178,-6.76474,0,-0.0549178
2124.25,0.0217398,0.000217398,18179,-6.76903,0,-0.0336043
2122.9,0.0217677,0.000217677,18180,-6.77325,0,-0.01225
2121.54,0.0217956,0.000217956,18181,-6.77741,0,0.00914482
2120.18,0.0218235,0.000218235,18182,-6.78151,0,0.0305802
2118.82,0.0218516,0.000218516,18183,-6.78554,0,0.052056
2117.46,0.0218797,0.000218797,18184,-6.78951,0,0.0735722
2116.09,0.0219078,0.000219078,18185,-6.79342,0,0.0951285
2114.73,0.0219361,0.000219361,18186,-6.79727,0,0.116725
2113.37,0.0219644,0.000219644,18187,-6.80105,0,0.138362
2112,0.0219928,0.000219928,18188,-6.80477,0,0.160038
2110.64,0.0220212,0.000220212,18189,-6.80842,0,0.181754
2109.27,0.0220498,0.000220498,18190,-6.81201,0,0.20351
2107.9,0.0220784,0.000220784,18191,-6.81553,0,0.225306
2106.54,0.022107,0.00022107,18192,-6.81898,0,0.247141
2105.17,0.0221358,0.000221358,18193,-6.82238,0,0.269015
2103.8,0.0221646,0.000221646,18194,-6.8257,0,0.290929
2102.43,0.0221935,0.000221935,18195,-6.82896,0,0.312882
2101.06,0.0222224,0.000222224,18196,-6.83215,0,0.334874
2099.69,0.0222514,0.000222514,18197,-6.83528,0,0.356905
2098.32,0.0222805,0.000222805,18198,-6.83834,0,0.378974
2096.95,0.0223097,0.000223097,18199,-6.84133,0,0.401082
2095.58,0.0223389,0.000223389,18200,-6.84425,0,0.423229
2094.2,0.0223682,0.000223682,18201,-6.84711,0,0.445414
2092.83,0.0223976,0.000223976,18202,-6.84989,0,0.467638
2091.46,0.022427,0.00022427,18203,-6.85261,0,0.4899
2090.08,0.0224565,0.000224565,18204,-6.85526,0,0.512199
2088.71,0.0224861,0.000224861,18205,-6.85784,0,0.534537
2087.33,0.0225157,0.000225157,18206,-6.86035,0,0.556912
2085.96,0.0225454,0.000225454,18207,-6.86279,0,0.579325
2084.58,0.0225752,0.000225752,18208,-6.86516,0,0.601776
2083.2,0.022605,0.00022605,18209,-6.86746,0,0.624263
2081.83,0.022635,0.000226349,18210,-6.86969,0,0.646788
2080.45,0.0226649,0.000226649,18211,-6.87185,0,0.66935
2079.07,0.022695,0.00022695,18212,-6.87393,0,0.691949
2077.69,0.0227251,0.000227251,18213,-6.87595,0,0.714585
2076.31,0.0227553,0.000227553,18214,-6.87789,0,0.737257
2074.94,0.0227856,0.000227856,18215,-6.87976,0,0.759966
2073.56,0.0228159,0.000228159,18216,-6.88156,0,0.782711
2072.18,0.0228463,0.000228463,18217,-6.88328,0,0.805492
2070.8,0.0228767,0.000228767,18218,-6.88493,0,0.828309
2069.42,0.0229073,0.000229073,18219,-6.88651,0,0.851162
2068.04,0.0229379,0.000229379,18220,-6.88801,0,0.874051
2066.65,0.0229685,0.000229685,18221,-6.88944,0,0.896975
2065.27,0.0229993,0.000229993,18222,-6.89079,0,0.919934
2063.89,0.0230301,0.000230301,18223,-6.89207,0,0.942929
2062.51,0.0230609,0.000230609,18224,-6.89328,0,0.965958
2061.13,0.0230919,0.000230919,18225,-6.8944,0,0.989022
2059.75,0.0231229,0.000231229,18226,-6.89546,0,1.01212
2058.36,0.0231539,0.000231539,18227,-6.89643,0,1.03525
2056.98,0.0231851,0.000231851,18228,-6.89733,0,1.05842
2055.6,0.0232163,0.000232163,18229,-6.89815,0,1.08162
2054.22,0.0232475,0.000232475,18230,-6.8989,0,1.10486
2052.83,0.0232789,0.000232789,18231,-6.89957,0,1.12813
2051.45,0.0233103,0.000233103,18232,-6.90016,0,1.15143
2050.07,0.0233417,0.000233417,18233,-6.90067,0,1.17477
2048.68,0.0233732,0.000233732,18234,-6.9011,0,1.19814
2047.3,0.0234048,0.000234048,18235,-6.90146,0,1.22154
2045.92,0.0234365,0.000234365,18236,-6.90173,0,1.24497
2044.53,0.0234682,0.000234682,18237,-6.90193,0,1.26844
2043.15,0.0235,0.000235,18238,-6.90205,0,1.29194
2041.77,0.0235319,0.000235319,18239,-6.90208,0,1.31547
2040.38,0.0235638,0.000235638,18240,-6.90204,0,1.33904
2039,0.0235958,0.000235958,18241,-6.90191,0,1.36263
2037.62,0.0236278,0.000236278,18242,-6.90171,0,1.38626
2036.23,0.0236599,0.000236599,18243,-6.90142,0,1.40992
2034.85,0.0236921,0.000236921,18244,-6.90105,0,1.43361
2033.47,0.0237243,0.000237243,18245,-6.9006,0,1.45733
2032.09,0.0237566,0.000237566,18246,-6.90007,0,1.48108
2030.7,0.023789,0.00023789,18247,-6.89945,0,1.50486
2029.32,0.0238214,0.000238214,18248,-6.89875,0,1.52867
2027.94,0.0238539,0.000238539,18249,-6.89797,0,1.55251
2026.56,0.0238864,0.000238864,18250,-6.8971,0,1.57638
2025.17,0.0239191,0.000239191,18251,-6.89615,0,1.60028
2023.79,0.0239517,0.000239517,18252,-6.89512,0,1.62421
2022.41,0.0239845,0.000239845,18253,-6.894,0,1.64817
2021.03,0.0240173,0.000240173,18254,-6.89279,0,1.67216
2019.65,0.0240501,0.000240501,18255,-6.8915,0,1.69617
2018.27,0.024083,0.00024083,18256,-6.89013,0,1.72021
2016.89,0.024116,0.00024116,18257,-6.88866,0,1.74429
2015.51,0.0241491,0.000241491,18258,-6.88712,0,1.76839
2014.13,0.0241822,0.000241822,18259,-6.88548,0,1.79251
2012.75,0.0242153,0.000242153,18260,-6.88376,0,1.81667
2011.37,0.0242485,0.000242485,18261,-6.88195,0,1.84085
2009.99,0.0242818,0.000242818,18262,-6.88005,0,1.86506
2008.61,0.0243151,0.000243151,18263,-6.87807,0,1.88929
2007.23,0.0243485,0.000243485,18264,-6.87599,0,1.91355
2005.86,0.024382,0.00024382,18265,-6.87383,0,1.93784
2004.48,0.0244155,0.000244155,18266,-6.87158,0,1.96215
2003.1,0.0244491,0.000244491,18267,-6.86924,0,1.98648
2001.73,0.0244827,0.000244827,18268,-6.86681,0,2.01085
2000.35,0.0245164,0.000245164,18269,-6.86429,0,2.03523
1998.98,0.0245501,0.000245501,18270,-6.86168,0,2.05964
1997.6,0.0245839,0.000245839,18271,-6.85898,0,2.08408
1996.23,0.0246177,0.000246177,18272,-6.85619,0,2.10854
1994.86,0.0246516,0.000246516,18273,-6.8533,0,2.13302
1993.48,0.0246856,0.000246856,18274,-6.85033,0,2.15752
1992.11,0.0247196,0.000247196,18275,-6.84726,0,2.18205
1990.74,0.0247537,0.000247537,18276,-6.8441,0,2.2066
1989.37,0.0247878,0.000247878,18277,-6.84085,0,2.23118
1988,0.024822,0.00024822,18278,-6.8375,0,2.25577
1986.63,0.0248562,0.000248562,18279,-6.83407,0,2.28039
1985.26,0.0248905,0.000248905,18280,-6.83053,0,2.30503
1983.89,0.0249248,0.000249248,18281,-6.82691,0,2.32969
1982.53,0.0249592,0.000249592,18282,-6.82319,0,2.35437
1981.16,0.0249936,0.000249936,18283,-6.81937,0,2.37907
1979.8,0.0250281,0.000250281,18284,-6.81546,0,2.40379
1978.43,0.0250627,0.000250627,18285,-6.81146,0,2.42853
1977.07,0.0250972,0.000250972,18286,-6.80736,0,2.45329
1975.7,0.0251319,0.000251319,18287,-6.80316,0,2.47807
1974.34,0.0251666,0.000251666,18288,-6.79887,0,2.50287
1972.98,0.0252013,0.000252013,18289,-6.79448,0,2.52768
1971.62,0.0252361,0.000252361,18290,-6.78999,0,2.55252
1970.26,0.0252709,0.000252709,18291,-6.7854,0,2.57737
1968.9,0.0253058,0.000253058,18292,-6.78072,0,2.60224
1967.55,0.0253408,0.000253408,18293,-6.77594,0,2.62712
1966.19,0.0253757,0.000253757,18294,-6.77107,0,2.65203
1964.83,0.0254108,0.000254108,18295,-6.76609,0,2.67695
1963.48,0.0254458,0.000254458,18296,-6.76101,0,2.70188
1962.13,0.0254809,0.000254809,18297,-6.75584,0,2.72683
1960.77,0.0255161,0.000255161,18298,-6.75057,0,2.7518
1959.42,0.0255513,0.000255513,18299,-6.74519,0,2.77678
1958.07,0.0255866,0.000255866,18300,-6.73972,0,2.80177
1956.72,0.0256219,0.000256219,18301,-6.73414,0,2.82678
1955.37,0.0256572,0.000256572,18302,-6.72847,0,2.8518
1954.03,0.0256926,0.000256926,18303,-6.72269,0,2.87683
1952.68,0.025728,0.00025728,18304,-6.71682,0,2.90188
1951.34,0.0257634,0.000257634,18305,-6.71084,0,2.92694
1949.99,0.025799,0.00025799,18306,-6.70476,0,2.95201
1948.65,0.0258345,0.000258345,18307,-6.69857,0,2.9771
1947.31,0.0258701,0.000258701,18308,-6.69229,0,3.00219
1945.97,0.0259057,0.000259057,18309,-6.6859,0,3.0273
1944.64,0.0259414,0.000259414,18310,-6.6794,0,3.05241
1943.3,0.0259771,0.000259771,18311,-6.67281,0,3.07754
1941.96,0.0260128,0.000260128,18312,-6.66611,0,3.10267
1940.63,0.0260486,0.000260486,18313,-6.6593,0,3.12782
1939.3,0.0260844,0.000260844,18314,-6.65239,0,3.15297
1937.97,0.0261202,0.000261202,18315,-6.64538,0,3.17813
1936.64,0.0261561,0.000261561,18316,-6.63826,0,3.2033
1935.31,0.026192,0.00026192,18317,-6.63104,0,3.22848
1933.98,0.026228,0.00026228,18318,-6.62371,0,3.25366
1932.66,0.026264,0.00026264,18319,-6.61627,0,3.27885
1931.33,0.0263,0.000263,18320,-6.60873,0,3.30404
1930.01,0.026336,0.00026336,18321,-6.60108,0,3.32925
1928.69,0.0263721,0.000263721,18322,-6.59333,0,3.35445
1927.37,0.0264082,0.000264082,18323,-6.58546,0,3.37966
1926.05,0.0264443,0.000264443,18324,-6.57749,0,3.40488
1924.74,0.0264805,0.000264805,18325,-6.56942,0,3.4301
1923.42,0.0265167,0.000265167,18326,-6.56123,0,3.45532
1922.11,0.0265529,0.000265529,18327,-6.55294,0,3.48054
1920.8,0.0265892,0.000265892,18328,-6.54453,0,3.50577
1919.49,0.0266255,0.000266255,18329,-6.53602,0,3.531
1918.18,0.0266618,0.000266618,18330,-6.5274,0,3.55623
1916.88,0.0266981,0.000266981,18331,-6.51867,0,3.58146
1915.57,0.0267345,0.000267345,18332,-6.50983,0,3.60669
1914.27,0.0267708,0.000267708,18333,-6.50088,0,3.63192
1912.97,0.0268072,0.000268072,18334,-6.49182,0,3.65715
1911.67,0.0268437,0.000268437,18335,-6.48265,0,3.68237
1910.38,0.0268801,0.000268801,18336,-6.47337,0,3.7076
1909.08,0.0269166,0.000269166,18337,-6.46397,0,3.73283
1907.79,0.0269531,0.000269531,18338,-6.45447,0,3.75805
1906.5,0.0269896,0.000269896,18339,-6.44485,0,3.78327
1905.21,0.0270261,0.000270261,18340,-6.43512,0,3.80848
1903.92,0.0270626,0.000270626,18341,-6.42528,0,3.83369
1902.64,0.0270992,0.000270992,18342,-6.41533,0,3.8589
1901.36,0.0271358,0.000271358,18343,-6.40527,0,3.8841
1900.08,0.0271724,0.000271724,18344,-6.39509,0,3.90929
1898.8,0.027209,0.00027209,18345,-6.3848,0,3.93448
1897.52,0.0272456,0.000272456,18346,-6.37439,0,3.95966
1896.25,0.0272822,0.000272822,18347,-6.36388,0,3.98483
1894.97,0.0273189,0.000273189,18348,-6.35325,0,4.01
1893.7,0.0273555,0.000273555,18349,-6.3425,0,4.03515
1892.44,0.0273922,0.000273922,18350,-6.33164,0,4.0603
1891.17,0.0274289,0.000274289,18351,-6.32066,0,4.08544
1889.91,0.0274656,0.000274656,18352,-6.30958,0,4.11057
1888.64,0.0275023,0.000275023,18353,-6.29837,0,4.13568
1887.39,0.027539,0.00027539,18354,-6.28705,0,4.16079
1886.13,0.0275757,0.000275757,18355,-6.27562,0,4.18588
1884.87,0.0276124,0.000276124,18356,-6.26406,0,4.21096
1883.62,0.0276491,0.000276491,18357,-6.2524,0,4.23603
1882.37,0.0276858,0.000276858,18358,-6.24061,0,4.26108
1881.13,0.0277226,0.000277226,18359,-6.22872,0,4.28612
1879.88,0.0277593,0.000277593,18360,-6.2167,0,4.31114
1878.64,0.027796,0.00027796,18361,-6.20457,0,4.33615
1877.4,0.0278327,0.000278327,18362,-6.19232,0,4.36115
1876.16,0.0278695,0.000278695,18363,-6.17995,0,4.38612
1874.93,0.0279062,0.000279062,18364,-6.16747,0,4.41108
1873.69,0.0279429,0.000279429,18365,-6.15487,0,4.43602
1872.46,0.0279796,0.000279796,18366,-6.14215,0,4.46094
1871.24,0.0280163,0.000280163,18367,-6.12931,0,4.48584
1870.01,0.028053,0.000280531,18368,-6.11635,0,4.51072
1868.79,0.0280898,0.000280898,18369,-6.10328,0,4.53559
1867.57,0.0281264,0.000281264,18370,-6.09009,0,4.56043
1866.35,0.0281631,0.000281631,18371,-6.07678,0,4.58525
1865.14,0.0281998,0.000281998,18372,-6.06335,0,4.61004
1863.93,0.0282365,0.000282365,18373,-6.0498,0,4.63482
1862.72,0.0282731,0.000282731,18374,-6.03613,0,4.65957
1861.51,0.0283098,0.000283098,18375,-6.02234,0,4.68429
1860.31,0.0283464,0.000283464,18376,-6.00844,0,4.70899
1859.11,0.028383,0.00028383,18377,-5.99441,0,4.73367
1857.91,0.0284196,0.000284196,18378,-5.98027,0,4.75832
1856.72,0.0284562,0.000284562,18379,-5.966,0,4.78294
1855.53,0.0284927,0.000284927,18380,-5.95161,0,4.80753
1854.34,0.0285293,0.000285293,18381,-5.93711,0,4.8321
1853.15,0.0285658,0.000285658,18382,-5.92248,0,4.85664
1851.97,0.0286023,0.000286023,18383,-5.90773,0,4.88115
1850.79,0.0286388,0.000286388,18384,-5.89287,0,4.90562
1849.61,0.0286752,0.000286752,18385,-5.87788,0,4.93007
1848.44,0.0287116,0.000287116,18386,-5.86277,0,4.95448
1847.27,0.028748,0.00028748,18387,-5.84754,0,4.97887
1846.1,0.0287844,0.000287844,18388,-5.83219,0,5.00322
1844.94,0.0288208,0.000288208,18389,-5.81672,0,5.02753
1843.78,0.0288571,0.000288571,18390,-5.80113,0,5.05181
1842.62,0.0288934,0.000288934,18391,-5.78541,0,5.07606
1841.46,0.0289296,0.000289296,18392,-5.76958,0,5.10027
1840.31,0.0289658,0.000289658,18393,-5.75362,0,5.12445
1839.16,0.029002,0.00029002,18394,-5.73754,0,5.14858
1838.02,0.0290382,0.000290382,18395,-5.72134,0,5.17268
1836.88,0.0290743,0.000290743,18396,-5.70502,0,5.19674
1835.74,0.0291104,0.000291104,18397,-5.68858,0,5.22076
1834.6,0.0291464,0.000291464,18398,-5.67201,0,5.24474
1833.47,0.0291824,0.000291824,18399,-5.65532,0,5.26869
1832.34,0.0292184,0.000292184,18400,-5.63851,0,5.29258
1831.22,0.0292543,0.000292543,18401,-5.62158,0,5.31644
1830.09,0.0292902,0.000292902,18402,-5.60453,0,5.34026
1828.98,0.029326,0.00029326,18403,-5.58735,0,5.36403
1827.86,0.0293618,0.000293618,18404,-5.57006,0,5.38775
1826.75,0.0293975,0.000293975,18405,-5.55264,0,5.41143
1825.64,0.0294332,0.000294332,18406,-5.5351,0,5.43507
1824.54,0.0294689,0.000294689,18407,-5.51743,0,5.45865
1823.44,0.0295045,0.000295045,18408,-5.49965,0,5.4822
1822.34,0.02954,0.0002954,18409,-5.48174,0,5.50569
1821.25,0.0295755,0.000295755,18410,-5.46371,0,5.52913
1820.16,0.0296109,0.000296109,18411,-5.44556,0,5.55253
1819.07,0.0296463,0.000296463,18412,-5.42728,0,5.57587
1817.99,0.0296816,0.000296816,18413,-5.40888,0,5.59916
1816.91,0.0297169,0.000297169,18414,-5.39036,0,5.6224
1815.83,0.0297521,0.000297521,18415,-5.37172,0,5.64559
1814.76,0.0297872,0.000297872,18416,-5.35296,0,5.66873
1813.69,0.0298223,0.000298223,18417,-5.33407,0,5.69181
1812.63,0.0298573,0.000298573,18418,-5.31507,0,5.71483
1811.57,0.0298922,0.000298922,18419,-5.29594,0,5.7378
1810.51,0.0299271,0.000299271,18420,-5.27669,0,5.76072
1809.46,0.0299619,0.000299619,18421,-5.25731,0,5.78357
1808.41,0.0299967,0.000299967,18422,-5.23782,0,5.80637
1807.37,0.0300314,0.000300314,18423,-5.2182,0,5.82911
1806.33,0.030066,0.00030066,18424,-5.19846,0,5.85179
1805.29,0.0301005,0.000301005,18425,-5.1786,0,5.87441
1804.26,0.0301349,0.000301349,18426,-5.15862,0,5.89697
1803.23,0.0301693,0.000301693,18427,-5.13852,0,5.91946
1802.21,0.0302036,0.000302036,18428,-5.1183,0,5.9419
1801.19,0.0302378,0.000302378,18429,-5.09795,0,5.96427
1800.17,0.030272,0.00030272,18430,-5.07749,0,5.98657
1799.16,0.030306,0.00030306,18431,-5.0569,0,6.00881
1798.15,0.03034,0.0003034,18432,-5.03619,0,6.03099
1797.15,0.0303739,0.000303739,18433,-5.01536,0,6.05309
1796.15,0.0304077,0.000304077,18434,-4.99441,0,6.07513
1795.15,0.0304415,0.000304415,18435,-4.97334,0,6.09711
1794.16,0.0304751,0.000304751,18436,-4.95215,0,6.11901
1793.18,0.0305086,0.000305086,18437,-4.93084,0,6.14084
1792.19,0.0305421,0.000305421,18438,-4.90942,0,6.1626
1791.22,0.0305754,0.000305754,18439,-4.88787,0,6.18429
1790.24,0.0306087,0.000306087,18440,-4.8662,0,6.20591
1789.27,0.0306419,0.000306419,18441,-4.84441,0,6.22746
1788.31,0.030675,0.00030675,18442,-4.8225,0,6.24893
1787.35,0.0307079,0.000307079,18443,-4.80047,0,6.27032
1786.39,0.0307408,0.000307408,18444,-4.77833,0,6.29165
1785.44,0.0307736,0.000307736,18445,-4.75606,0,6.31289
1784.49,0.0308063,0.000308063,18446,-4.73368,0,6.33406
1783.55,0.0308388,0.000308388,18447,-4.71118,0,6.35515
1782.61,0.0308713,0.000308713,18448,-4.68856,0,6.37616
1781.68,0.0309037,0.000309037,18449,-4.66583,0,6.39709
1780.75,0.0309359,0.000309359,18450,-4.64297,0,6.41794
1779.83,0.030968,0.00030968,18451,-4.62,0,6.43871
1778.91,0.0310001,0.000310001,18452,-4.59691,0,6.45939
1777.99,0.031032,0.00031032,18453,-4.57371,0,6.48
1777.08,0.0310638,0.000310638,18454,-4.55039,0,6.50052
1776.18,0.0310955,0.000310955,18455,-4.52695,0,6.52095
1775.28,0.031127,0.00031127,18456,-4.5034,0,6.5413
1774.38,0.0311585,0.000311585,18457,-4.47973,0,6.56157
1773.49,0.0311898,0.000311898,18458,-4.45595,0,6.58175
1772.6,0.031221,0.00031221,18459,-4.43205,0,6.60184
1771.72,0.0312521,0.000312521,18460,-4.40803,0,6.62184
1770.84,0.031283,0.00031283,18461,-4.3839,0,6.64175
1769.97,0.0313139,0.000313139,18462,-4.35966,0,6.66157
1769.1,0.0313446,0.000313446,18463,-4.33531,0,6.6813
1768.24,0.0313752,0.000313752,18464,-4.31084,0,6.70094
1767.38,0.0314056,0.000314056,18465,-4.28626,0,6.72048
1766.53,0.0314359,0.000314359,18466,-4.26156,0,6.73994
1765.68,0.0314661,0.000314661,18467,-4.23675,0,6.7593
1764.84,0.0314961,0.000314961,18468,-4.21184,0,6.77856
1764,0.0315261,0.000315261,18469,-4.18681,0,6.79773
1763.17,0.0315558,0.000315558,18470,-4.16166,0,6.8168
1762.35,0.0315855,0.000315855,18471,-4.13641,0,6.83577
1761.52,0.0316149,0.000316149,18472,-4.11105,0,6.85464
1760.71,0.0316443,0.000316443,18473,-4.08558,0,6.87342
1759.89,0.0316735,0.000316735,18474,-4.06,0,6.89209
1759.09,0.0317026,0.000317026,18475,-4.0343,0,6.91067
1758.29,0.0317315,0.000317315,18476,-4.0085,0,6.92914
1757.49,0.0317602,0.000317602,18477,-3.9826,0,6.94751
1756.7,0.0317888,0.000317888,18478,-3.95658,0,6.96578
1755.91,0.0318173,0.000318173,18479,-3.93046,0,6.98394
1755.13,0.0318456,0.000318456,18480,-3.90423,0,7.002
1754.36,0.0318738,0.000318738,18481,-3.87789,0,7.01996
1753.59,0.0319018,0.000319018,18482,-3.85145,0,7.0378
1752.82,0.0319296,0.000319296,18483,-3.8249,0,7.05554
1752.06,0.0319573,0.000319573,18484,-3.79825,0,7.07317
1751.31,0.0319848,0.000319848,18485,-3.77149,0,7.0907
1750.56,0.0320122,0.000320122,18486,-3.74463,0,7.10811
1749.82,0.0320394,0.000320394,18487,-3.71766,0,7.12542
1749.08,0.0320664,0.000320664,18488,-3.6906,0,7.14261
1748.35,0.0320933,0.000320933,18489,-3.66342,0,7.15969
1747.62,0.03212,0.0003212,18490,-3.63615,0,7.17666
1746.9,0.0321465,0.000321465,18491,-3.60878,0,7.19351
1746.18,0.0321729,0.000321729,18492,-3.5813,0,7.21025
1745.47,0.0321991,0.000321991,18493,-3.55373,0,7.22688
1744.77,0.0322251,0.000322251,18494,-3.52605,0,7.24339
1744.07,0.0322509,0.000322509,18495,-3.49828,0,7.25978
1743.37,0.0322766,0.000322766,18496,-3.47041,0,7.27606
1742.69,0.0323021,0.000323021,18497,-3.44244,0,7.29221
1742,0.0323274,0.000323274,18498,-3.41437,0,7.30825
1741.33,0.0323525,0.000323525,18499,-3.38621,0,7.32417
1740.66,0.0323775,0.000323775,18500,-3.35795,0,7.33997
1739.99,0.0324022,0.000324022,18501,-3.32959,0,7.35565
1739.33,0.0324268,0.000324268,18502,-3.30114,0,7.37121
1738.68,0.0324512,0.000324512,18503,-3.27259,0,7.38664
1738.03,0.0324754,0.000324754,18504,-3.24395,0,7.40196
1737.39,0.0324995,0.000324995,18505,-3.21522,0,7.41714
1736.75,0.0325233,0.000325233,18506,-3.1864,0,7.43221
1736.12,0.0325469,0.000325469,18507,-3.15748,0,7.44714
1735.49,0.0325704,0.000325704,18508,-3.12847,0,7.46196
1734.87,0.0325936,0.000325936,18509,-3.09937,0,7.47664
1734.26,0.0326167,0.000326167,18510,-3.07019,0,7.4912
1733.65,0.0326396,0.000326396,18511,-3.04091,0,7.50563
1733.05,0.0326622,0.000326622,18512,-3.01154,0,7.51993
1732.46,0.0326847,0.000326847,18513,-2.98209,0,7.5341
1731.87,0.0327069,0.000327069,18514,-2.95255,0,7.54814
1731.28,0.032729,0.00032729,18515,-2.92292,0,7.56205
1730.71,0.0327509,0.000327509,18516,-2.89321,0,7.57583
1730.13,0.0327725,0.000327725,18517,-2.86342,0,7.58947
1729.57,0.032794,0.00032794,18518,-2.83353,0,7.60298
1729.01,0.0328152,0.000328152,18519,-2.80357,0,7.61636
1728.45,0.0328362,0.000328362,18520,-2.77352,0,7.62961
1727.91,0.0328571,0.000328571,18521,-2.7434,0,7.64272
1727.36,0.0328777,0.000328777,18522,-2.71319,0,7.65569
1726.83,0.0328981,0.000328981,18523,-2.6829,0,7.66853
1726.3,0.0329183,0.000329183,18524,-2.65253,0,7.68123
1725.78,0.0329382,0.000329382,18525,-2.62208,0,7.69379
1725.26,0.032958,0.00032958,18526,-2.59155,0,7.70622
1724.75,0.0329775,0.000329775,18527,-2.56095,0,7.7185
1724.24,0.0329969,0.000329969,18528,-2.53027,0,7.73065
1723.74,0.033016,0.00033016,18529,-2.49951,0,7.74266
1723.25,0.0330348,0.000330348,18530,-2.46868,0,7.75452
1722.76,0.0330535,0.000330535,18531,-2.43778,0,7.76625
1722.28,0.0330719,0.000330719,18532,-2.4068,0,7.77783
1721.81,0.0330902,0.000330902,18533,-2.37575,0,7.78927
1721.34,0.0331081,0.000331081,18534,-2.34463,0,7.80057
1720.88,0.0331259,0.000331259,18535,-2.31344,0,7.81172
1720.43,0.0331434,0.000331434,18536,-2.28218,0,7.82273
1719.98,0.0331607,0.000331607,18537,-2.25085,0,7.83359
1719.53,0.0331778,0.000331778,18538,-2.21945,0,7.84431
1719.1,0.0331947,0.000331947,18539,-2.18798,0,7.85489
1718.67,0.0332113,0.000332113,18540,-2.15645,0,7.86531
1718.24,0.0332277,0.000332277,18541,-2.12485,0,7.87559
1717.83,0.0332438,0.000332438,18542,-2.09319,0,7.88572
1717.41,0.0332597,0.000332597,18543,-2.06147,0,7.89571
1717.01,0.0332754,0.000332754,18544,-2.02968,0,7.90554
1716.61,0.0332908,0.000332908,18545,-1.99783,0,7.91523
1716.22,0.033306,0.00033306,18546,-1.96591,0,7.92477
1715.83,0.033321,0.00033321,18547,-1.93394,0,7.93415
1715.46,0.0333357,0.000333357,18548,-1.90191,0,7.94339
1715.08,0.0333502,0.000333502,18549,-1.86982,0,7.95248
1714.72,0.0333645,0.000333644,18550,-1.83768,0,7.96141
1714.36,0.0333785,0.000333785,18551,-1.80547,0,7.97019
1714,0.0333922,0.000333922,18552,-1.77322,0,7.97882
1713.66,0.0334057,0.000334057,18553,-1.7409,0,7.9873
1713.32,0.033419,0.00033419,18554,-1.70854,0,7.99562
1712.98,0.033432,0.00033432,18555,-1.67612,0,8.00379
1712.66,0.0334448,0.000334448,18556,-1.64365,0,8.0118
1712.34,0.0334573,0.000334573,18557,-1.61113,0,8.01966
1712.02,0.0334696,0.000334696,18558,-1.57856,0,8.02737
1711.71,0.0334816,0.000334816,18559,-1.54594,0,8.03492
1711.41,0.0334934,0.000334934,18560,-1.51327,0,8.04231
1711.12,0.0335049,0.000335049,18561,-1.48056,0,8.04955
1710.83,0.0335162,0.000335162,18562,-1.4478,0,8.05663
1710.55,0.0335272,0.000335272,18563,-1.41499,0,8.06355
1710.27,0.033538,0.00033538,18564,-1.38214,0,8.07032
1710.01,0.0335485,0.000335485,18565,-1.34925,0,8.07693
1709.75,0.0335588,0.000335588,18566,-1.31632,0,8.08337
1709.49,0.0335688,0.000335688,18567,-1.28335,0,8.08967
1709.24,0.0335785,0.000335785,18568,-1.25033,0,8.0958
1709,0.033588,0.00033588,18569,-1.21728,0,8.10177
1708.77,0.0335973,0.000335973,18570,-1.18419,0,8.10759
1708.54,0.0336063,0.000336063,18571,-1.15106,0,8.11324
1708.32,0.033615,0.00033615,18572,-1.1179,0,8.11873
1708.1,0.0336235,0.000336235,18573,-1.0847,0,8.12407
1707.89,0.0336317,0.000336317,18574,-1.05147,0,8.12924
1707.69,0.0336396,0.000336396,18575,-1.01821,0,8.13425
1707.5,0.0336473,0.000336473,18576,-0.984909,0,8.1391
1707.31,0.0336547,0.000336547,18577,-0.951583,0,8.14379
1707.13,0.0336619,0.000336619,18578,-0.918227,0,8.14832
1706.95,0.0336688,0.000336688,18579,-0.884842,0,8.15268
1706.78,0.0336754,0.000336754,18580,-0.85143,0,8.15689
1706.62,0.0336818,0.000336818,18581,-0.817991,0,8.16092
1706.47,0.0336879,0.000336879,18582,-0.784527,0,8.1648
1706.32,0.0336937,0.000336937,18583,-0.751039,0,8.16852
1706.18,0.0336993,0.000336993,18584,-0.717527,0,8.17207
1706.04,0.0337047,0.000337047,18585,-0.683994,0,8.17546
1705.91,0.0337097,0.000337097,18586,-0.650438,0,8.17868
1705.79,0.0337145,0.000337145,18587,-0.616863,0,8.18174
1705.68,0.033719,0.00033719,18588,-0.583269,0,8.18464
1705.57,0.0337233,0.000337233,18589,-0.549656,0,8.18737
1705.47,0.0337273,0.000337273,18590,-0.516027,0,8.18994
1705.37,0.033731,0.00033731,18591,-0.482382,0,8.19235
1705.29,0.0337345,0.000337345,18592,-0.448722,0,8.19459
1705.21,0.0337377,0.000337377,18593,-0.415048,0,8.19666
1705.13,0.0337406,0.000337406,18594,-0.381362,0,8.19857
1705.07,0.0337432,0.000337432,18595,-0.347664,0,8.20032
1705.01,0.0337456,0.000337456,18596,-0.313955,0,8.2019
1704.95,0.0337478,0.000337478,18597,-0.280237,0,8.20332
1704.9,0.0337496,0.000337496,18598,-0.246511,0,8.20457
1704.86,0.0337512,0.000337512,18599,-0.212777,0,8.20565
1704.83,0.0337525,0.000337525,18600,-0.179037,0,8.20658
1704.8,0.0337536,0.000337536,18601,-0.145292,0,8.20733
1704.78,0.0337544,0.000337544,18602,-0.111543,0,8.20792
1704.77,0.0337549,0.000337549,18603,-0.0777906,0,8.20835
1704.77,0.0337551,0.000337551,18604,-0.0440365,0,8.20861
1704.77,0.0337551,0.000337551,18605,-0.0102816,0,8.2087
1704.77,0.0337548,0.000337548,18606,0.0234732,0,8.20863
1704.79,0.0337543,0.000337543,18607,0.0572266,0,8.2084
1704.81,0.0337534,0.000337534,18608,0.0909777,0,8.208
1704.84,0.0337523,0.000337523,18609,0.124725,0,8.20743
1704.87,0.033751,0.00033751,18610,0.158468,0,8.2067
1704.91,0.0337493,0.000337493,18611,0.192206,0,8.2058
1704.96,0.0337474,0.000337474,18612,0.225937,0,8.20474
1705.01,0.0337453,0.000337453,18613,0.259659,0,8.20352
1705.08,0.0337429,0.000337429,18614,0.293374,0,8.20213
1705.14,0.0337402,0.000337402,18615,0.327078,0,8.20057
1705.22,0.0337372,0.000337372,18616,0.360771,0,8.19885
1705.3,0.0337339,0.000337339,18617,0.394452,0,8.19696
1705.39,0.0337304,0.000337304,18618,0.42812,0,8.19491
1705.48,0.0337267,0.000337267,18619,0.461774,0,8.1927
1705.59,0.0337226,0.000337226,18620,0.495413,0,8.19032
1705.7,0.0337183,0.000337183,18621,0.529035,0,8.18778
1705.81,0.0337138,0.000337138,18622,0.56264,0,8.18507
1705.93,0.0337089,0.000337089,18623,0.596227,0,8.1822
1706.06,0.0337038,0.000337039,18624,0.629794,0,8.17917
1706.2,0.0336985,0.000336985,18625,0.66334,0,8.17597
1706.34,0.0336929,0.000336929,18626,0.696865,0,8.17261
1706.49,0.033687,0.00033687,18627,0.730367,0,8.16908
1706.64,0.0336808,0.000336808,18628,0.763845,0,8.16539
1706.81,0.0336744,0.000336744,18629,0.797299,0,8.16154
1706.98,0.0336677,0.000336677,18630,0.830727,0,8.15753
1707.15,0.0336608,0.000336608,18631,0.864127,0,8.15336
1707.34,0.0336536,0.000336536,18632,0.8975,0,8.14902
1707.52,0.0336461,0.000336461,18633,0.930844,0,8.14452
1707.72,0.0336384,0.000336384,18634,0.964158,0,8.13986
1707.92,0.0336304,0.000336304,18635,0.997441,0,8.13504
1708.13,0.0336222,0.000336222,18636,1.03069,0,8.13005
1708.35,0.0336137,0.000336137,18637,1.06391,0,8.12491
1708.57,0.0336049,0.000336049,18638,1.09709,0,8.11961
1708.8,0.0335959,0.000335959,18639,1.13024,0,8.11414
1709.04,0.0335866,0.000335866,18640,1.16335,0,8.10852
1709.28,0.0335771,0.000335771,18641,1.19643,0,8.10273
1709.53,0.0335673,0.000335673,18642,1.22947,0,8.09679
1709.79,0.0335572,0.000335572,18643,1.26246,0,8.09069
1710.05,0.0335469,0.000335469,18644,1.29542,0,8.08443
1710.32,0.0335364,0.000335364,18645,1.32834,0,8.07801
1710.59,0.0335255,0.000335255,18646,1.36121,0,8.07143
1710.87,0.0335145,0.000335145,18647,1.39404,0,8.0647
1711.16,0.0335032,0.000335032,18648,1.42683,0,8.0578
1711.46,0.0334916,0.000334916,18649,1.45957,0,8.05076
1711.76,0.0334798,0.000334798,18650,1.49227,0,8.04355
1712.07,0.0334677,0.000334677,18651,1.52491,0,8.03619
1712.38,0.0334554,0.000334554,18652,1.55751,0,8.02867
1712.71,0.0334428,0.000334428,18653,1.59007,0,8.021
1713.03,0.03343,0.0003343,18654,1.62257,0,8.01318
1713.37,0.033417,0.00033417,18655,1.65502,0,8.0052
1713.71,0.0334037,0.000334037,18656,1.68741,0,7.99706
1714.06,0.0333901,0.000333901,18657,1.71976,0,7.98877
1714.41,0.0333763,0.000333763,18658,1.75205,0,7.98033
1714.77,0.0333623,0.000333623,18659,1.78429,0,7.97174
1715.14,0.033348,0.00033348,18660,1.81647,0,7.96299
1715.51,0.0333335,0.000333335,18661,1.84859,0,7.95409
1715.89,0.0333187,0.000333187,18662,1.88066,0,7.94505
1716.28,0.0333037,0.000333037,18663,1.91267,0,7.93585
1716.67,0.0332885,0.000332885,18664,1.94462,0,7.9265
1717.07,0.033273,0.00033273,18665,1.9765,0,7.917
1717.48,0.0332573,0.000332573,18666,2.00833,0,7.90735
1717.89,0.0332413,0.000332413,18667,2.0401,0,7.89755
1718.31,0.0332252,0.000332252,18668,2.0718,0,7.88761
1718.73,0.0332087,0.000332087,18669,2.10344,0,7.87751
1719.16,0.0331921,0.000331921,18670,2.13501,0,7.86727
1719.6,0.0331752,0.000331752,18671,2.16652,0,7.85689
1720.04,0.0331581,0.000331581,18672,2.19796,0,7.84635
1720.49,0.0331408,0.000331408,18673,2.22933,0,7.83568
1720.95,0.0331232,0.000331232,18674,2.26063,0,7.82485
1721.41,0.0331054,0.000331054,18675,2.29187,0,7.81389
1721.88,0.0330874,0.000330874,18676,2.32304,0,7.80278
1722.36,0.0330691,0.000330691,18677,2.35413,0,7.79152
1722.84,0.0330507,0.000330507,18678,2.38516,0,7.78013
1723.33,0.033032,0.00033032,18679,2.41611,0,7.76859
1723.82,0.033013,0.00033013,18680,2.44698,0,7.75691
1724.32,0.0329939,0.000329939,18681,2.47779,0,7.74508
1724.82,0.0329746,0.000329746,18682,2.50852,0,7.73312
1725.34,0.032955,0.00032955,18683,2.53917,0,7.72102
1725.86,0.0329352,0.000329352,18684,2.56975,0,7.70878
1726.38,0.0329152,0.000329152,18685,2.60024,0,7.6964
1726.91,0.032895,0.00032895,18686,2.63067,0,7.68389
1727.45,0.0328745,0.000328745,18687,2.66101,0,7.67124
1727.99,0.0328539,0.000328539,18688,2.69127,0,7.65845
1728.54,0.032833,0.00032833,18689,2.72145,0,7.64552
1729.09,0.032812,0.00032812,18690,2.75155,0,7.63246
1729.65,0.0327907,0.000327907,18691,2.78157,0,7.61926
1730.22,0.0327692,0.000327692,18692,2.81151,0,7.60594
1730.79,0.0327475,0.000327475,18693,2.84136,0,7.59247
1731.37,0.0327257,0.000327257,18694,2.87113,0,7.57888
1731.96,0.0327036,0.000327036,18695,2.90081,0,7.56515
1732.55,0.0326813,0.000326813,18696,2.93041,0,7.5513
1733.14,0.0326588,0.000326588,18697,2.95992,0,7.53731
1733.75,0.0326361,0.000326361,18698,2.98935,0,7.52319
1734.35,0.0326132,0.000326132,18699,3.01868,0,7.50894
1734.97,0.0325901,0.000325901,18700,3.04793,0,7.49457
1735.59,0.0325668,0.000325668,18701,3.07709,0,7.48006
1736.21,0.0325433,0.000325433,18702,3.10616,0,7.46544
1736.85,0.0325197,0.000325197,18703,3.13514,0,7.45068
1737.48,0.0324958,0.000324958,18704,3.16403,0,7.4358
1738.13,0.0324718,0.000324718,18705,3.19282,0,7.42079
1738.78,0.0324475,0.000324475,18706,3.22153,0,7.40566
1739.43,0.0324231,0.000324231,18707,3.25014,0,7.39041
1740.09,0.0323985,0.000323985,18708,3.27865,0,7.37503
1740.76,0.0323737,0.000323737,18709,3.30708,0,7.35953
1741.43,0.0323487,0.000323487,18710,3.3354,0,7.34391
1742.11,0.0323236,0.000323236,18711,3.36364,0,7.32817
1742.79,0.0322982,0.000322982,18712,3.39177,0,7.31231
1743.48,0.0322727,0.000322727,18713,3.41981,0,7.29633
1744.17,0.032247,0.00032247,18714,3.44775,0,7.28024
1744.87,0.0322211,0.000322211,18715,3.4756,0,7.26402
1745.58,0.0321951,0.000321951,18716,3.50334,0,7.24769
1746.29,0.0321689,0.000321689,18717,3.53099,0,7.23124
1747.01,0.0321425,0.000321425,18718,3.55854,0,7.21468
1747.73,0.0321159,0.000321159,18719,3.58598,0,7.198
1748.46,0.0320892,0.000320892,18720,3.61333,0,7.18121
1749.19,0.0320623,0.000320623,18721,3.64057,0,7.16431
1749.93,0.0320352,0.000320352,18722,3.66772,0,7.14729
1750.67,0.032008,0.00032008,18723,3.69476,0,7.13017
1751.42,0.0319806,0.000319806,18724,3.7217,0,7.11293
1752.18,0.0319531,0.000319531,18725,3.74853,0,7.09558
1752.94,0.0319254,0.000319254,18726,3.77526,0,7.07813
1753.7,0.0318975,0.000318975,18727,3.80189,0,7.06056
1754.47,0.0318695,0.000318695,18728,3.82841,0,7.04289
1755.25,0.0318413,0.000318413,18729,3.85482,0,7.02512
1756.03,0.031813,0.00031813,18730,3.88113,0,7.00723
1756.82,0.0317845,0.000317845,18731,3.90734,0,6.98924
1757.61,0.0317559,0.000317559,18732,3.93344,0,6.97115
1758.41,0.0317271,0.000317271,18733,3.95943,0,6.95295
1759.21,0.0316981,0.000316981,18734,3.98531,0,6.93465
1760.02,0.0316691,0.000316691,18735,4.01108,0,6.91625
1760.83,0.0316398,0.000316398,18736,4.03675,0,6.89775
1761.65,0.0316105,0.000316105,18737,4.06231,0,6.87915
1762.47,0.0315809,0.000315809,18738,4.08775,0,6.86045
1763.3,0.0315513,0.000315513,18739,4.11309,0,6.84164
1764.13,0.0315215,0.000315215,18740,4.13832,0,6.82275
1764.97,0.0314916,0.000314916,18741,4.16344,0,6.80375
1765.81,0.0314615,0.000314615,18742,4.18845,0,6.78466
1766.66,0.0314313,0.000314313,18743,4.21334,0,6.76547
1767.51,0.031401,0.00031401,18744,4.23812,0,6.74619
1768.37,0.0313705,0.000313705,18745,4.2628,0,6.72681
1769.24,0.0313399,0.000313399,18746,4.28736,0,6.70735
1770.1,0.0313092,0.000313092,18747,4.3118,0,6.68779
1770.98,0.0312783,0.000312783,18748,4.33614,0,6.66813
1771.85,0.0312474,0.000312474,18749,4.36036,0,6.64839
1772.74,0.0312163,0.000312163,18750,4.38446,0,6.62856
1773.62,0.031185,0.00031185,18751,4.40846,0,6.60864
1774.52,0.0311537,0.000311537,18752,4.43233,0,6.58863
1775.41,0.0311222,0.000311222,18753,4.4561,0,6.56853
1776.31,0.0310907,0.000310907,18754,4.47975,0,6.54835
1777.22,0.0310589,0.000310589,18755,4.50328,0,6.52808
1778.13,0.0310271,0.000310271,18756,4.5267,0,6.50772
1779.05,0.0309952,0.000309952,18757,4.55,0,6.48729
1779.97,0.0309632,0.000309632,18758,4.57319,0,6.46676
1780.89,0.030931,0.00030931,18759,4.59626,0,6.44616
1781.82,0.0308987,0.000308987,18760,4.61921,0,6.42548
1782.76,0.0308664,0.000308664,18761,4.64205,0,6.40471
1783.69,0.0308339,0.000308339,18762,4.66476,0,6.38386
1784.64,0.0308013,0.000308013,18763,4.68737,0,6.36294
1785.58,0.0307686,0.000307686,18764,4.70985,0,6.34193
1786.54,0.0307358,0.000307358,18765,4.73222,0,6.32085
1787.49,0.0307029,0.000307029,18766,4.75447,0,6.29969
1788.45,0.03067,0.0003067,18767,4.7766,0,6.27846
1789.42,0.0306369,0.000306369,18768,4.79861,0,6.25715
1790.39,0.0306037,0.000306037,18769,4.8205,0,6.23577
1791.36,0.0305704,0.000305704,18770,4.84228,0,6.21431
1792.34,0.030537,0.00030537,18771,4.86393,0,6.19278
1793.33,0.0305036,0.000305036,18772,4.88547,0,6.17118
1794.31,0.03047,0.0003047,18773,4.90689,0,6.14951
1795.3,0.0304364,0.000304364,18774,4.92818,0,6.12776
1796.3,0.0304026,0.000304026,18775,4.94936,0,6.10595
1797.3,0.0303688,0.000303688,18776,4.97042,0,6.08407
1798.3,0.0303349,0.000303349,18777,4.99136,0,6.06212
1799.31,0.0303009,0.000303009,18778,5.01218,0,6.0401
1800.33,0.0302668,0.000302668,18779,5.03288,0,6.01802
1801.34,0.0302327,0.000302327,18780,5.05345,0,5.99587
1802.36,0.0301984,0.000301984,18781,5.07391,0,5.97365
1803.39,0.0301641,0.000301641,18782,5.09425,0,5.95138
1804.42,0.0301297,0.000301297,18783,5.11446,0,5.92904
1805.45,0.0300953,0.000300953,18784,5.13456,0,5.90663
1806.49,0.0300607,0.000300607,18785,5.15453,0,5.88417
1807.53,0.0300261,0.000300261,18786,5.17439,0,5.86164
1808.57,0.0299914,0.000299914,18787,5.19412,0,5.83906
1809.62,0.0299567,0.000299567,18788,5.21373,0,5.81641
1810.67,0.0299219,0.000299219,18789,5.23322,0,5.79371
1811.73,0.029887,0.00029887,18790,5.25259,0,5.77095
1812.79,0.029852,0.00029852,18791,5.27183,0,5.74813
1813.86,0.029817,0.00029817,18792,5.29096,0,5.72525
1814.92,0.0297819,0.000297819,18793,5.30997,0,5.70232
1816,0.0297467,0.000297467,18794,5.32885,0,5.67934
1817.07,0.0297115,0.000297115,18795,5.34761,0,5.6563
1818.15,0.0296763,0.000296763,18796,5.36625,0,5.63321
1819.23,0.0296409,0.000296409,18797,5.38477,0,5.61006
1820.32,0.0296056,0.000296056,18798,5.40317,0,5.58687
1821.41,0.0295701,0.000295701,18799,5.42144,0,5.56362
1822.51,0.0295346,0.000295346,18800,5.43959,0,5.54032
1823.6,0.0294991,0.000294991,18801,5.45763,0,5.51698
1824.7,0.0294635,0.000294635,18802,5.47554,0,5.49358
1825.81,0.0294278,0.000294278,18803,5.49332,0,5.47014
1826.92,0.0293921,0.000293921,18804,5.51099,0,5.44665
1828.03,0.0293564,0.000293564,18805,5.52854,0,5.42311
1829.14,0.0293206,0.000293206,18806,5.54596,0,5.39953
1830.26,0.0292848,0.000292848,18807,5.56326,0,5.3759
1831.39,0.0292489,0.000292489,18808,5.58044,0,5.35223
1832.51,0.0292129,0.000292129,18809,5.5975,0,5.32852
1833.64,0.029177,0.00029177,18810,5.61444,0,5.30476
1834.77,0.029141,0.00029141,18811,5.63126,0,5.28096
1835.91,0.0291049,0.000291049,18812,5.64795,0,5.25712
1837.05,0.0290688,0.000290688,18813,5.66453,0,5.23324
1838.19,0.0290327,0.000290327,18814,5.68098,0,5.20932
1839.34,0.0289965,0.000289965,18815,5.69731,0,5.18536
1840.49,0.0289604,0.000289604,18816,5.71352,0,5.16136
1841.64,0.0289241,0.000289241,18817,5.72961,0,5.13732
1842.79,0.0288879,0.000288879,18818,5.74558,0,5.11325
1843.95,0.0288516,0.000288516,18819,5.76142,0,5.08914
1845.11,0.0288153,0.000288153,18820,5.77715,0,5.065
1846.28,0.0287789,0.000287789,18821,5.79276,0,5.04082
1847.45,0.0287425,0.000287425,18822,5.80824,0,5.0166
1848.62,0.0287061,0.000287061,18823,5.82361,0,4.99235
1849.79,0.0286697,0.000286697,18824,5.83885,0,4.96807
1850.97,0.0286332,0.000286332,18825,5.85397,0,4.94376
1852.15,0.0285968,0.000285968,18826,5.86898,0,4.91941
1853.33,0.0285603,0.000285603,18827,5.88386,0,4.89504
1854.52,0.0285237,0.000285237,18828,5.89863,0,4.87063
1855.71,0.0284872,0.000284872,18829,5.91327,0,4.8462
1856.9,0.0284506,0.000284506,18830,5.92779,0,4.82173
1858.1,0.0284141,0.000284141,18831,5.9422,0,4.79724
1859.29,0.0283775,0.000283775,18832,5.95648,0,4.77272
1860.49,0.0283408,0.000283408,18833,5.97065,0,4.74818
1861.7,0.0283042,0.000283042,18834,5.9847,0,4.7236
1862.9,0.0282676,0.000282676,18835,5.99863,0,4.69901
1864.11,0.0282309,0.000282309,18836,6.01243,0,4.67438
1865.32,0.0281943,0.000281943,18837,6.02612,0,4.64974
1866.54,0.0281576,0.000281576,18838,6.0397,0,4.62506
1867.76,0.0281209,0.000281209,18839,6.05315,0,4.60037
1868.97,0.0280842,0.000280842,18840,6.06649,0,4.57565
1870.2,0.0280475,0.000280475,18841,6.0797,0,4.55092
1871.42,0.0280108,0.000280108,18842,6.0928,0,4.52616
1872.65,0.0279741,0.000279741,18843,6.10578,0,4.50138
1873.88,0.0279374,0.000279374,18844,6.11865,0,4.47658
1875.11,0.0279006,0.000279006,18845,6.1314,0,4.45176
1876.35,0.0278639,0.000278639,18846,6.14403,0,4.42692
1877.59,0.0278272,0.000278272,18847,6.15654,0,4.40207
1878.83,0.0277905,0.000277905,18848,6.16893,0,4.3772
1880.07,0.0277537,0.000277537,18849,6.18121,0,4.35231
1881.31,0.027717,0.00027717,18850,6.19338,0,4.3274
1882.56,0.0276803,0.000276803,18851,6.20542,0,4.30248
1883.81,0.0276436,0.000276436,18852,6.21736,0,4.27754
1885.06,0.0276068,0.000276068,18853,6.22917,0,4.25259
1886.32,0.0275701,0.000275701,18854,6.24087,0,4.22763
1887.58,0.0275334,0.000275334,18855,6.25246,0,4.20265
1888.84,0.0274967,0.000274967,18856,6.26393,0,4.17766
1890.1,0.02746,0.0002746,18857,6.27528,0,4.15266
1891.36,0.0274233,0.000274233,18858,6.28652,0,4.12764
1892.63,0.0273867,0.000273867,18859,6.29765,0,4.10262
1893.89,0.02735,0.0002735,18860,6.30866,0,4.07758
1895.17,0.0273133,0.000273133,18861,6.31955,0,4.05254
1896.44,0.0272767,0.000272767,18862,6.33034,0,4.02748
1897.71,0.0272401,0.000272401,18863,6.34101,0,4.00242
1898.99,0.0272034,0.000272034,18864,6.35157,0,3.97735
1900.27,0.0271668,0.000271668,18865,6.36201,0,3.95227
1901.55,0.0271302,0.000271302,18866,6.37234,0,3.92718
1902.83,0.0270937,0.000270937,18867,6.38256,0,3.90209
1904.12,0.0270571,0.000270571,18868,6.39267,0,3.87699
1905.4,0.0270206,0.000270206,18869,6.40266,0,3.85189
1906.69,0.026984,0.00026984,18870,6.41254,0,3.82678
1907.98,0.0269475,0.000269475,18871,6.42232,0,3.80167
1909.28,0.0269111,0.000269111,18872,6.43197,0,3.77655
1910.57,0.0268746,0.000268746,18873,6.44152,0,3.75143
1911.87,0.0268382,0.000268382,18874,6.45096,0,3.7263
1913.17,0.0268017,0.000268017,18875,6.46029,0,3.70118
1914.47,0.0267653,0.000267653,18876,6.46951,0,3.67605
1915.77,0.026729,0.00026729,18877,6.47861,0,3.65092
1917.07,0.0266926,0.000266926,18878,6.48761,0,3.62579
1918.38,0.0266563,0.000266563,18879,6.4965,0,3.60066
1919.69,0.02662,0.0002662,18880,6.50528,0,3.57553
1921,0.0265837,0.000265837,18881,6.51395,0,3.5504
1922.31,0.0265475,0.000265475,18882,6.52251,0,3.52527
1923.62,0.0265112,0.000265112,18883,6.53097,0,3.50014
1924.94,0.026475,0.00026475,18884,6.53931,0,3.47502
1926.25,0.0264389,0.000264389,18885,6.54755,0,3.44989
1927.57,0.0264027,0.000264027,18886,6.55568,0,3.42477
1928.89,0.0263666,0.000263666,18887,6.5637,0,3.39966
1930.21,0.0263306,0.000263306,18888,6.57162,0,3.37454
1931.53,0.0262945,0.000262945,18889,6.57943,0,3.34944
1932.86,0.0262585,0.000262585,18890,6.58713,0,3.32433
1934.18,0.0262225,0.000262225,18891,6.59473,0,3.29924
1935.51,0.0261866,0.000261866,18892,6.60222,0,3.27414
1936.84,0.0261507,0.000261507,18893,6.60961,0,3.24906
1938.17,0.0261148,0.000261148,18894,6.61689,0,3.22398
1939.5,0.026079,0.00026079,18895,6.62406,0,3.19891
1940.83,0.0260432,0.000260432,18896,6.63113,0,3.17384
1942.16,0.0260074,0.000260074,18897,6.6381,0,3.14878
1943.5,0.0259717,0.000259717,18898,6.64497,0,3.12374
1944.84,0.025936,0.00025936,18899,6.65172,0,3.0987
1946.17,0.0259003,0.000259003,18900,6.65838,0,3.07367
1947.51,0.0258647,0.000258647,18901,6.66493,0,3.04865
1948.86,0.0258291,0.000258291,18902,6.67138,0,3.02363
1950.2,0.0257936,0.000257936,18903,6.67773,0,2.99863
1951.54,0.0257581,0.000257581,18904,6.68398,0,2.97364
1952.89,0.0257226,0.000257226,18905,6.69012,0,2.94867
1954.23,0.0256872,0.000256872,18906,6.69617,0,2.9237
1955.58,0.0256519,0.000256519,18907,6.70211,0,2.89875
1956.93,0.0256165,0.000256165,18908,6.70795,0,2.8738
1958.28,0.0255812,0.000255812,18909,6.71369,0,2.84888
1959.63,0.025546,0.00025546,18910,6.71933,0,2.82396
1960.98,0.0255108,0.000255108,18911,6.72487,0,2.79906
1962.33,0.0254757,0.000254757,18912,6.73031,0,2.77417
1963.68,0.0254405,0.000254405,18913,6.73565,0,2.7493
1965.04,0.0254055,0.000254055,18914,6.74089,0,2.72444
1966.39,0.0253705,0.000253705,18915,6.74603,0,2.69959
1967.75,0.0253355,0.000253355,18916,6.75108,0,2.67477
1969.11,0.0253006,0.000253006,18917,6.75603,0,2.64995
1970.47,0.0252657,0.000252657,18918,6.76088,0,2.62516
1971.83,0.0252309,0.000252309,18919,6.76563,0,2.60038
1973.19,0.0251961,0.000251961,18920,6.77028,0,2.57562
1974.55,0.0251614,0.000251614,18921,6.77484,0,2.55087
1975.91,0.0251267,0.000251267,18922,6.7793,0,2.52614
1977.27,0.0250921,0.000250921,18923,6.78367,0,2.50143
1978.64,0.0250575,0.000250575,18924,6.78794,0,2.47674
1980,0.0250229,0.000250229,18925,6.79211,0,2.45207
1981.37,0.0249885,0.000249885,18926,6.79619,0,2.42742
1982.73,0.024954,0.00024954,18927,6.80017,0,2.40278
1984.1,0.0249196,0.000249196,18928,6.80406,0,2.37817
1985.47,0.0248853,0.000248853,18929,6.80786,0,2.35357
1986.84,0.024851,0.00024851,18930,6.81156,0,2.329
1988.21,0.0248168,0.000248168,18931,6.81517,0,2.30445
1989.58,0.0247827,0.000247827,18932,6.81868,0,2.27992
1990.95,0.0247485,0.000247485,18933,6.82211,0,2.2554
1992.32,0.0247145,0.000247145,18934,6.82544,0,2.23092
1993.69,0.0246805,0.000246805,18935,6.82867,0,2.20645
1995.06,0.0246465,0.000246465,18936,6.83182,0,2.182
1996.44,0.0246126,0.000246126,18937,6.83487,0,2.15758
1997.81,0.0245788,0.000245788,18938,6.83784,0,2.13318
1999.18,0.024545,0.00024545,18939,6.84071,0,2.1088
2000.56,0.0245113,0.000245113,18940,6.84349,0,2.08445
2001.94,0.0244776,0.000244776,18941,6.84618,0,2.06012
2003.31,0.024444,0.00024444,18942,6.84878,0,2.03582
2004.69,0.0244104,0.000244104,18943,6.85129,0,2.01154
2006.06,0.0243769,0.000243769,18944,6.85371,0,1.98728
2007.44,0.0243435,0.000243435,18945,6.85605,0,1.96305
2008.82,0.0243101,0.000243101,18946,6.85829,0,1.93884
2010.2,0.0242768,0.000242768,18947,6.86045,0,1.91466
2011.58,0.0242435,0.000242435,18948,6.86252,0,1.89051
2012.96,0.0242103,0.000242103,18949,6.8645,0,1.86638
2014.34,0.0241772,0.000241772,18950,6.86639,0,1.84227
2015.72,0.0241441,0.000241441,18951,6.8682,0,1.8182
2017.1,0.0241111,0.00024111,18952,6.86992,0,1.79415
2018.48,0.0240781,0.000240781,18953,6.87155,0,1.77013
2019.86,0.0240452,0.000240452,18954,6.8731,0,1.74613
2021.24,0.0240123,0.000240123,18955,6.87456,0,1.72216
2022.62,0.0239795,0.000239795,18956,6.87594,0,1.69822
2024,0.0239468,0.000239468,18957,6.87723,0,1.67431
2025.38,0.0239142,0.000239142,18958,6.87844,0,1.65043
2026.76,0.0238816,0.000238816,18959,6.87956,0,1.62657
2028.15,0.023849,0.00023849,18960,6.8806,0,1.60275
2029.53,0.0238165,0.000238165,18961,6.88156,0,1.57895
2030.91,0.0237841,0.000237841,18962,6.88243,0,1.55518
2032.29,0.0237518,0.000237518,18963,6.88322,0,1.53144
2033.68,0.0237195,0.000237195,18964,6.88392,0,1.50773
2035.06,0.0236872,0.000236872,18965,6.88455,0,1.48405
2036.44,0.0236551,0.000236551,18966,6.88509,0,1.4604
2037.83,0.023623,0.00023623,18967,6.88555,0,1.43679
2039.21,0.0235909,0.000235909,18968,6.88593,0,1.4132
2040.59,0.023559,0.00023559,18969,6.88622,0,1.38964
2041.98,0.0235271,0.000235271,18970,6.88644,0,1.36612
2043.36,0.0234952,0.000234952,18971,6.88658,0,1.34262
2044.74,0.0234634,0.000234634,18972,6.88663,0,1.31916
2046.13,0.0234317,0.000234317,18973,6.88661,0,1.29573
2047.51,0.0234001,0.000234001,18974,6.88651,0,1.27233
2048.89,0.0233685,0.000233685,18975,6.88632,0,1.24896
2050.28,0.023337,0.00023337,18976,6.88606,0,1.22562
2051.66,0.0233055,0.000233055,18977,6.88572,0,1.20232
2053.04,0.0232741,0.000232741,18978,6.88531,0,1.17905
2054.42,0.0232428,0.000232428,18979,6.88481,0,1.15581
2055.81,0.0232116,0.000232116,18980,6.88424,0,1.13261
2057.19,0.0231804,0.000231804,18981,6.88359,0,1.10944
2058.57,0.0231492,0.000231492,18982,6.88286,0,1.0863
2059.95,0.0231182,0.000231182,18983,6.88206,0,1.06319
2061.34,0.0230872,0.000230872,18984,6.88118,0,1.04012
2062.72,0.0230563,0.000230563,18985,6.88022,0,1.01709
2064.1,0.0230254,0.000230254,18986,6.87919,0,0.994084
2065.48,0.0229946,0.000229946,18987,6.87809,0,0.971116
2066.86,0.0229639,0.000229639,18988,6.8769,0,0.948183
2068.24,0.0229333,0.000229333,18989,6.87565,0,0.925284
2069.62,0.0229027,0.000229027,18990,6.87432,0,0.90242
2071,0.0228721,0.000228721,18991,6.87291,0,0.879591
2072.38,0.0228417,0.000228417,18992,6.87144,0,0.856797
2073.76,0.0228113,0.000228113,18993,6.86988,0,0.834038
2075.14,0.022781,0.00022781,18994,6.86826,0,0.811315
2076.52,0.0227507,0.000227507,18995,6.86656,0,0.788628
2077.9,0.0227206,0.000227206,18996,6.86479,0,0.765977
2079.28,0.0226905,0.000226905,18997,6.86295,0,0.743361
2080.66,0.0226604,0.000226604,18998,6.86104,0,0.720782
2082.03,0.0226304,0.000226304,18999,6.85905,0,0.698238
2083.41,0.0226005,0.000226005,19000,6.857,0,0.675732
2084.79,0.0225707,0.000225707,19001,6.85487,0,0.653261
2086.16,0.0225409,0.000225409,19002,6.85267,0,0.630828
2087.54,0.0225112,0.000225112,19003,6.8504,0,0.608431
2088.92,0.0224816,0.000224816,19004,6.84806,0,0.586071
2090.29,0.022452,0.00022452,19005,6.84565,0,0.563749
2091.66,0.0224226,0.000224226,19006,6.84318,0,0.541464
2093.04,0.0223931,0.000223931,19007,6.84063,0,0.519216
2094.41,0.0223638,0.000223638,19008,6.83802,0,0.497005
2095.78,0.0223345,0.000223345,19009,6.83533,0,0.474833
2097.16,0.0223053,0.000223053,19010,6.83258,0,0.452698
2098.53,0.0222761,0.000222761,19011,6.82976,0,0.430601
2099.9,0.0222471,0.000222471,19012,6.82687,0,0.408542
2101.27,0.0222181,0.000222181,19013,6.82392,0,0.386521
2102.64,0.0221891,0.000221891,19014,6.8209,0,0.364539
2104.01,0.0221603,0.000221603,19015,6.81781,0,0.342595
2105.38,0.0221315,0.000221315,19016,6.81465,0,0.320689
2106.74,0.0221027,0.000221027,19017,6.81143,0,0.298823
2108.11,0.0220741,0.000220741,19018,6.80815,0,0.276995
2109.48,0.0220455,0.000220455,19019,6.8048,0,0.255205
2110.84,0.022017,0.00022017,19020,6.80138,0,0.233455
2112.21,0.0219885,0.000219885,19021,6.7979,0,0.211744
2113.57,0.0219601,0.000219601,19022,6.79435,0,0.190072
2114.93,0.0219318,0.000219318,19023,6.79074,0,0.16844
2116.3,0.0219036,0.000219036,19024,6.78706,0,0.146846
2117.66,0.0218754,0.000218754,19025,6.78333,0,0.125293
2119.02,0.0218473,0.000218473,19026,6.77952,0,0.103779
2120.38,0.0218193,0.000218193,19027,6.77566,0,0.0823047
2121.74,0.0217914,0.000217914,19028,6.77173,0,0.0608703
2123.1,0.0217635,0.000217635,19029,6.76774,0,0.0394758
2124.46,0.0217357,0.000217357,19030,6.76369,0,0.0181213
2125.81,0.0217079,0.000217079,19031,6.75957,0,-0.00319306
2127.17,0.0216802,0.000216802,19032,6.7554,0,-0.0244672
2128.53,0.0216526,0.000216526,19033,6.75116,0,-0.045701
2129.88,0.0216251,0.000216251,19034,6.74686,0,-0.0668945
2131.23,0.0215977,0.000215977,19035,6.7425,0,-0.0880475
2132.59,0.0215703,0.000215703,19036,6.73808,0,-0.10916
2133.94,0.0215429,0.000215429,19037,6.7336,0,-0.130232
2135.29,0.0215157,0.000215157,19038,6.72906,0,-0.151263
2136.64,0.0214885,0.000214885,19039,6.72445,0,-0.172253
2137.99,0.0214614,0.000214614,19040,6.71979,0,-0.193202
2139.34,0.0214344,0.000214344,19041,6.71508,0,-0.214111
2140.68,0.0214074,0.000214074,19042,6.7103,0,-0.234978
2142.03,0.0213805,0.000213805,19043,6.70546,0,-0.255804
2143.38,0.0213537,0.000213537,19044,6.70056,0,-0.276589
2144.72,0.0213269,0.000213269,19045,6.69561,0,-0.297333
2146.06,0.0213002,0.000213002,19046,6.6906,0,-0.318035
2147.4,0.0212736,0.000212736,19047,6.68553,0,-0.338696
2148.75,0.0212471,0.000212471,19048,6.68041,0,-0.359315
2150.09,0.0212206,0.000212206,19049,6.67522,0,-0.379893
2151.42,0.0211942,0.000211942,19050,6.66998,0,-0.400429
2152.76,0.0211678,0.000211678,19051,6.66469,0,-0.420924
2154.1,0.0211416,0.000211416,19052,6.65933,0,-0.441377
2155.44,0.0211154,0.000211154,19053,6.65392,0,-0.461788
2156.77,0.0210893,0.000210893,19054,6.64846,0,-0.482157
2158.1,0.0210632,0.000210632,19055,6.64294,0,-0.502484
2159.44,0.0210372,0.000210372,19056,6.63737,0,-0.522769
2160.77,0.0210113,0.000210113,19057,6.63174,0,-0.543012
2162.1,0.0209855,0.000209855,19058,6.62605,0,-0.563213
2163.43,0.0209597,0.000209597,19059,6.62031,0,-0.583372
2164.75,0.020934,0.00020934,19060,6.61452,0,-0.603489
2166.08,0.0209084,0.000209084,19061,6.60867,0,-0.623563
2167.41,0.0208828,0.000208828,19062,6.60277,0,-0.643595
2168.73,0.0208573,0.000208573,19063,6.59682,0,-0.663584
2170.05,0.0208319,0.000208319,19064,6.59081,0,-0.683532
2171.37,0.0208065,0.000208065,19065,6.58475,0,-0.703436
2172.69,0.0207813,0.000207813,19066,6.57864,0,-0.723298
2174.01,0.020756,0.00020756,19067,6.57248,0,-0.743118
2175.33,0.0207309,0.000207309,19068,6.56626,0,-0.762895
2176.65,0.0207058,0.000207058,19069,6.55999,0,-0.782629
2177.96,0.0206808,0.000206808,19070,6.55367,0,-0.802321
2179.28,0.0206559,0.000206559,19071,6.5473,0,-0.82197
2180.59,0.020631,0.00020631,19072,6.54088,0,-0.841576
2181.9,0.0206062,0.000206062,19073,6.53441,0,-0.861139
2183.21,0.0205815,0.000205815,19074,6.52788,0,-0.880659
2184.52,0.0205569,0.000205569,19075,6.52131,0,-0.900136
2185.83,0.0205323,0.000205323,19076,6.51469,0,-0.919571
2187.13,0.0205078,0.000205078,19077,6.50801,0,-0.938962
2188.44,0.0204833,0.000204833,19078,6.50129,0,-0.958311
2189.74,0.0204589,0.000204589,19079,6.49452,0,-0.977616
2191.04,0.0204346,0.000204346,19080,6.4877,0,-0.996879
2192.34,0.0204104,0.000204104,19081,6.48082,0,-1.0161
2193.64,0.0203862,0.000203862,19082,6.47391,0,-1.03527
2194.94,0.0203621,0.000203621,19083,6.46694,0,-1.05441
2196.24,0.0203381,0.000203381,19084,6.45992,0,-1.0735
2197.53,0.0203141,0.000203141,19085,6.45286,0,-1.09254
2198.83,0.0202902,0.000202902,19086,6.44575,0,-1.11155
2200.12,0.0202664,0.000202664,19087,6.43859,0,-1.13051
2201.41,0.0202426,0.000202426,19088,6.43138,0,-1.14942
2202.7,0.020219,0.00020219,19089,6.42413,0,-1.1683
2203.99,0.0201953,0.000201953,19090,6.41683,0,-1.18713
2205.27,0.0201718,0.000201718,19091,6.40948,0,-1.20591
2206.56,0.0201483,0.000201483,19092,6.40209,0,-1.22466
2207.84,0.0201249,0.000201249,19093,6.39465,0,-1.24335
2209.12,0.0201016,0.000201016,19094,6.38717,0,-1.26201
2210.4,0.0200783,0.000200783,19095,6.37964,0,-1.28062
2211.68,0.0200551,0.000200551,19096,6.37206,0,-1.29919
2212.96,0.0200319,0.000200319,19097,6.36444,0,-1.31772
2214.23,0.0200089,0.000200089,19098,6.35677,0,-1.3362
2215.51,0.0199859,0.000199859,19099,6.34906,0,-1.35464
2216.78,0.0199629,0.000199629,19100,6.34131,0,-1.37303
2218.05,0.01994,0.0001994,19101,6.33351,0,-1.39139
2219.32,0.0199172,0.000199172,19102,6.32567,0,-1.40969
2220.59,0.0198945,0.000198945,19103,6.31778,0,-1.42796
2221.85,0.0198718,0.000198718,19104,6.30985,0,-1.44618
2223.12,0.0198492,0.000198492,19105,6.30188,0,-1.46436
2224.38,0.0198267,0.000198267,19106,6.29386,0,-1.48249
2225.64,0.0198043,0.000198043,19107,6.2858,0,-1.50058
2226.9,0.0197819,0.000197819,19108,6.2777,0,-1.51863
2228.16,0.0197595,0.000197595,19109,6.26955,0,-1.53663
2229.42,0.0197373,0.000197373,19110,6.26136,0,-1.55459
2230.67,0.0197151,0.000197151,19111,6.25313,0,-1.5725
2231.92,0.0196929,0.000196929,19112,6.24486,0,-1.59038
2233.17,0.0196709,0.000196709,19113,6.23655,0,-1.6082
2234.42,0.0196489,0.000196489,19114,6.2282,0,-1.62599
2235.67,0.019627,0.00019627,19115,6.2198,0,-1.64373
2236.92,0.0196051,0.000196051,19116,6.21136,0,-1.66142
2238.16,0.0195833,0.000195833,19117,6.20288,0,-1.67908
2239.4,0.0195616,0.000195616,19118,6.19437,0,-1.69669
2240.65,0.0195399,0.000195399,19119,6.18581,0,-1.71425
2241.89,0.0195183,0.000195183,19120,6.17721,0,-1.73178
2243.12,0.0194968,0.000194968,19121,6.16857,0,-1.74925
2244.36,0.0194753,0.000194753,19122,6.15989,0,-1.76669
2245.59,0.0194539,0.000194539,19123,6.15117,0,-1.78408
2246.82,0.0194326,0.000194326,19124,6.14242,0,-1.80143
2248.05,0.0194113,0.000194113,19125,6.13362,0,-1.81873
2249.28,0.0193901,0.000193901,19126,6.12478,0,-1.83599
2250.51,0.019369,0.00019369,19127,6.11591,0,-1.85321
2251.74,0.0193479,0.000193479,19128,6.10699,0,-1.87038
2252.96,0.0193269,0.000193269,19129,6.09804,0,-1.88751
2254.18,0.019306,0.00019306,19130,6.08905,0,-1.90459
2255.4,0.0192851,0.000192851,19131,6.08003,0,-1.92163
2256.62,0.0192643,0.000192643,19132,6.07096,0,-1.93863
2257.83,0.0192436,0.000192436,19133,6.06186,0,-1.95559
2259.05,0.0192229,0.000192229,19134,6.05272,0,-1.9725
2260.26,0.0192023,0.000192023,19135,6.04354,0,-1.98936
2261.47,0.0191817,0.000191817,19136,6.03432,0,-2.00619
2262.68,0.0191612,0.000191612,19137,6.02507,0,-2.02297
2263.89,0.0191408,0.000191408,19138,6.01578,0,-2.0397
2265.09,0.0191204,0.000191204,19139,6.00646,0,-2.05639
2266.29,0.0191002,0.000191002,19140,5.9971,0,-2.07304
2267.49,0.0190799,0.000190799,19141,5.9877,0,-2.08965
2268.69,0.0190598,0.000190598,19142,5.97826,0,-2.10621
2269.89,0.0190397,0.000190397,19143,5.9688,0,-2.12273
2271.09,0.0190196,0.000190196,19144,5.95929,0,-2.1392
2272.28,0.0189997,0.000189997,19145,5.94975,0,-2.15563
2273.47,0.0189798,0.000189798,19146,5.94018,0,-2.17202
2274.66,0.0189599,0.000189599,19147,5.93057,0,-2.18836
2275.85,0.0189401,0.000189401,19148,5.92092,0,-2.20467
2277.03,0.0189204,0.000189204,19149,5.91124,0,-2.22092
2278.22,0.0189008,0.000189008,19150,5.90153,0,-2.23714
2279.4,0.0188812,0.000188812,19151,5.89178,0,-2.25331
2280.58,0.0188616,0.000188616,19152,5.882,0,-2.26943
2281.75,0.0188422,0.000188422,19153,5.87218,0,-2.28552
2282.93,0.0188228,0.000188228,19154,5.86233,0,-2.30156
2284.1,0.0188034,0.000188034,19155,5.85245,0,-2.31755
2285.28,0.0187842,0.000187842,19156,5.84253,0,-2.3335
2286.45,0.0187649,0.000187649,19157,5.83258,0,-2.34941
2287.61,0.0187458,0.000187458,19158,5.8226,0,-2.36528
2288.78,0.0187267,0.000187267,19159,5.81258,0,-2.3811
2289.94,0.0187077,0.000187077,19160,5.80253,0,-2.39688
2291.1,0.0186887,0.000186887,19161,5.79245,0,-2.41262
2292.26,0.0186698,0.000186698,19162,5.78233,0,-2.42831
2293.42,0.018651,0.00018651,19163,5.77219,0,-2.44396
2294.58,0.0186322,0.000186322,19164,5.76201,0,-2.45957
2295.73,0.0186135,0.000186135,19165,5.7518,0,-2.47513
2296.88,0.0185948,0.000185948,19166,5.74156,0,-2.49065
2298.03,0.0185762,0.000185762,19167,5.73129,0,-2.50613
2299.18,0.0185577,0.000185577,19168,5.72098,0,-2.52156
2300.32,0.0185392,0.000185392,19169,5.71065,0,-2.53695
2301.47,0.0185208,0.000185208,19170,5.70028,0,-2.5523
2302.61,0.0185025,0.000185025,19171,5.68988,0,-2.56761
2303.75,0.0184842,0.000184842,19172,5.67945,0,-2.58287
2304.88,0.018466,0.00018466,19173,5.669,0,-2.59809
2306.02,0.0184478,0.000184478,19174,5.65851,0,-2.61326
2307.15,0.0184297,0.000184297,19175,5.64799,0,-2.6284
2308.28,0.0184116,0.000184116,19176,5.63744,0,-2.64349
2309.41,0.0183937,0.000183937,19177,5.62686,0,-2.65853
2310.53,0.0183757,0.000183757,19178,5.61625,0,-2.67354
2311.66,0.0183579,0.000183579,19179,5.60561,0,-2.6885
2312.78,0.0183401,0.000183401,19180,5.59494,0,-2.70342
2313.9,0.0183223,0.000183223,19181,5.58425,0,-2.71829
2315.02,0.0183046,0.000183046,19182,5.57352,0,-2.73312
2316.13,0.018287,0.00018287,19183,5.56276,0,-2.74791
2317.24,0.0182695,0.000182695,19184,5.55198,0,-2.76266
2318.35,0.0182519,0.000182519,19185,5.54117,0,-2.77736
2319.46,0.0182345,0.000182345,19186,5.53033,0,-2.79203
2320.57,0.0182171,0.000182171,19187,5.51946,0,-2.80664
2321.67,0.0181998,0.000181998,19188,5.50856,0,-2.82122
2322.78,0.0181825,0.000181825,19189,5.49763,0,-2.83576
2323.88,0.0181653,0.000181653,19190,5.48668,0,-2.85025
2324.97,0.0181482,0.000181482,19191,5.4757,0,-2.86469
2326.07,0.0181311,0.000181311,19192,5.46469,0,-2.8791
2327.16,0.0181141,0.000181141,19193,5.45365,0,-2.89346
2328.25,0.0180971,0.000180971,19194,5.44259,0,-2.90779
2329.34,0.0180802,0.000180802,19195,5.4315,0,-2.92206
2330.43,0.0180633,0.000180633,19196,5.42038,0,-2.9363
2331.51,0.0180465,0.000180465,19197,5.40923,0,-2.95049
2332.6,0.0180298,0.000180298,19198,5.39806,0,-2.96465
2333.67,0.0180131,0.000180131,19199,5.38686,0,-2.97876
2334.75,0.0179965,0.000179965,19200,5.37564,0,-2.99282
2335.83,0.0179799,0.000179799,19201,5.36439,0,-3.00685
2336.9,0.0179634,0.000179634,19202,5.35311,0,-3.02083
2337.97,0.0179469,0.000179469,19203,5.34181,0,-3.03477
2339.04,0.0179306,0.000179306,19204,5.33048,0,-3.04867
2340.11,0.0179142,0.000179142,19205,5.31912,0,-3.06252
2341.17,0.0178979,0.000178979,19206,5.30774,0,-3.07634
2342.23,0.0178817,0.000178817,19207,5.29634,0,-3.09011
2343.29,0.0178656,0.000178656,19208,5.28491,0,-3.10384
2344.35,0.0178495,0.000178495,19209,5.27345,0,-3.11753
2345.4,0.0178334,0.000178334,19210,5.26197,0,-3.13117
2346.45,0.0178174,0.000178174,19211,5.25046,0,-3.14478
2347.5,0.0178015,0.000178015,19212,5.23893,0,-3.15834
2348.55,0.0177856,0.000177856,19213,5.22738,0,-3.17186
2349.6,0.0177698,0.000177698,19214,5.2158,0,-3.18534
2350.64,0.017754,0.00017754,19215,5.20419,0,-3.19877
2351.68,0.0177383,0.000177383,19216,5.19256,0,-3.21217
2352.72,0.0177227,0.000177227,19217,5.18091,0,-3.22552
2353.75,0.0177071,0.000177071,19218,5.16923,0,-3.23883
2354.79,0.0176915,0.000176915,19219,5.15753,0,-3.2521
2355.82,0.017676,0.00017676,19220,5.14581,0,-3.26533
2356.85,0.0176606,0.000176606,19221,5.13406,0,-3.27852
2357.87,0.0176452,0.000176452,19222,5.12229,0,-3.29166
2358.9,0.0176299,0.000176299,19223,5.11049,0,-3.30476
2359.92,0.0176147,0.000176147,19224,5.09867,0,-3.31783
2360.94,0.0175995,0.000175995,19225,5.08683,0,-3.33085
2361.96,0.0175843,0.000175843,19226,5.07497,0,-3.34382
2362.97,0.0175692,0.000175692,19227,5.06308,0,-3.35676
2363.98,0.0175542,0.000175542,19228,5.05117,0,-3.36966
2364.99,0.0175392,0.000175392,19229,5.03924,0,-3.38251
2366,0.0175243,0.000175243,19230,5.02728,0,-3.39533
2367,0.0175094,0.000175094,19231,5.01531,0,-3.4081
2368.01,0.0174946,0.000174946,19232,5.00331,0,-3.42083
2369.01,0.0174798,0.000174798,19233,4.99129,0,-3.43352
2370,0.0174651,0.000174651,19234,4.97924,0,-3.44617
2371,0.0174504,0.000174504,19235,4.96718,0,-3.45877
2371.99,0.0174358,0.000174358,19236,4.95509,0,-3.47134
2372.98,0.0174213,0.000174213,19237,4.94298,0,-3.48387
2373.97,0.0174068,0.000174068,19238,4.93085,0,-3.49635
2374.96,0.0173923,0.000173923,19239,4.9187,0,-3.50879
2375.94,0.0173779,0.000173779,19240,4.90653,0,-3.5212
2376.92,0.0173636,0.000173636,19241,4.89433,0,-3.53356
2377.9,0.0173493,0.000173493,19242,4.88212,0,-3.54588
2378.87,0.0173351,0.000173351,19243,4.86988,0,-3.55816
2379.85,0.0173209,0.000173209,19244,4.85763,0,-3.5704
2380.82,0.0173068,0.000173068,19245,4.84535,0,-3.58259
2381.79,0.0172927,0.000172927,19246,4.83305,0,-3.59475
2382.75,0.0172787,0.000172787,19247,4.82073,0,-3.60687
2383.71,0.0172648,0.000172648,19248,4.80839,0,-3.61894
2384.68,0.0172509,0.000172509,19249,4.79603,0,-3.63098
2385.63,0.017237,0.00017237,19250,4.78366,0,-3.64297
2386.59,0.0172232,0.000172232,19251,4.77126,0,-3.65493
2387.54,0.0172094,0.000172094,19252,4.75884,0,-3.66684
2388.49,0.0171957,0.000171957,19253,4.7464,0,-3.67871
2389.44,0.0171821,0.000171821,19254,4.73394,0,-3.69055
2390.39,0.0171685,0.000171685,19255,4.72146,0,-3.70234
2391.33,0.017155,0.00017155,19256,4.70896,0,-3.71409
2392.27,0.0171415,0.000171415,19257,4.69645,0,-3.7258
2393.21,0.017128,0.00017128,19258,4.68391,0,-3.73747
2394.14,0.0171147,0.000171147,19259,4.67136,0,-3.74911
2395.08,0.0171013,0.000171013,19260,4.65878,0,-3.7607
2396.01,0.017088,0.00017088,19261,4.64619,0,-3.77225
2396.94,0.0170748,0.000170748,19262,4.63358,0,-3.78376
2397.86,0.0170616,0.000170616,19263,4.62095,0,-3.79523
2398.78,0.0170485,0.000170485,19264,4.6083,0,-3.80666
2399.7,0.0170354,0.000170354,19265,4.59563,0,-3.81805
2400.62,0.0170224,0.000170224,19266,4.58294,0,-3.8294
2401.54,0.0170094,0.000170094,19267,4.57024,0,-3.84071
2402.45,0.0169965,0.000169965,19268,4.55752,0,-3.85198
2403.36,0.0169837,0.000169837,19269,4.54478,0,-3.86321
2404.27,0.0169708,0.000169708,19270,4.53202,0,-3.8744
2405.17,0.0169581,0.000169581,19271,4.51924,0,-3.88555
2406.08,0.0169453,0.000169454,19272,4.50645,0,-3.89666
2406.98,0.0169327,0.000169327,19273,4.49364,0,-3.90773
2407.87,0.0169201,0.000169201,19274,4.48081,0,-3.91876
2408.77,0.0169075,0.000169075,19275,4.46796,0,-3.92976
2409.66,0.016895,0.00016895,19276,4.4551,0,-3.94071
2410.55,0.0168825,0.000168825,19277,4.44221,0,-3.95162
2411.44,0.0168701,0.000168701,19278,4.42932,0,-3.96249
2412.32,0.0168577,0.000168577,19279,4.4164,0,-3.97333
2413.2,0.0168454,0.000168454,19280,4.40347,0,-3.98412
2414.08,0.0168332,0.000168332,19281,4.39052,0,-3.99488
2414.96,0.0168209,0.000168209,19282,4.37755,0,-4.00559
2415.83,0.0168088,0.000168088,19283,4.36457,0,-4.01627
2416.7,0.0167967,0.000167967,19284,4.35157,0,-4.0269
2417.57,0.0167846,0.000167846,19285,4.33855,0,-4.0375
2418.44,0.0167726,0.000167726,19286,4.32552,0,-4.04806
2419.3,0.0167606,0.000167606,19287,4.31247,0,-4.05858
2420.16,0.0167487,0.000167487,19288,4.2994,0,-4.06906
2421.02,0.0167368,0.000167368,19289,4.28632,0,-4.0795
2421.87,0.016725,0.00016725,19290,4.27322,0,-4.0899
2422.73,0.0167132,0.000167132,19291,4.26011,0,-4.10026
2423.58,0.0167015,0.000167015,19292,4.24698,0,-4.11058
2424.42,0.0166898,0.000166898,19293,4.23384,0,-4.12087
2425.27,0.0166782,0.000166782,19294,4.22068,0,-4.13111
2426.11,0.0166666,0.000166666,19295,4.2075,0,-4.14132
2426.95,0.0166551,0.000166551,19296,4.19431,0,-4.15148
2427.79,0.0166436,0.000166436,19297,4.1811,0,-4.16161
2428.62,0.0166322,0.000166322,19298,4.16788,0,-4.1717
2429.45,0.0166208,0.000166208,19299,4.15464,0,-4.18175
2430.28,0.0166095,0.000166095,19300,4.14139,0,-4.19176
2431.11,0.0165982,0.000165982,19301,4.12812,0,-4.20174
2431.93,0.0165869,0.000165869,19302,4.11484,0,-4.21167
2432.75,0.0165757,0.000165757,19303,4.10154,0,-4.22157
2433.57,0.0165646,0.000165646,19304,4.08823,0,-4.23142
2434.39,0.0165535,0.000165535,19305,4.0749,0,-4.24124
2435.2,0.0165424,0.000165424,19306,4.06156,0,-4.25102
2436.01,0.0165314,0.000165314,19307,4.0482,0,-4.26076
2436.82,0.0165205,0.000165205,19308,4.03483,0,-4.27047
2437.62,0.0165096,0.000165096,19309,4.02145,0,-4.28013
2438.42,0.0164987,0.000164987,19310,4.00805,0,-4.28976
2439.22,0.0164879,0.000164879,19311,3.99463,0,-4.29934
2440.02,0.0164771,0.000164771,19312,3.9812,0,-4.30889
2440.81,0.0164664,0.000164664,19313,3.96776,0,-4.3184
2441.61,0.0164558,0.000164558,19314,3.95431,0,-4.32788
2442.39,0.0164451,0.000164451,19315,3.94084,0,-4.33731
2443.18,0.0164346,0.000164346,19316,3.92735,0,-4.34671
2443.96,0.016424,0.00016424,19317,3.91386,0,-4.35607
2444.74,0.0164135,0.000164135,19318,3.90035,0,-4.36539
2445.52,0.0164031,0.000164031,19319,3.88682,0,-4.37467
2446.3,0.0163927,0.000163927,19320,3.87328,0,-4.38391
2447.07,0.0163824,0.000163824,19321,3.85973,0,-4.39312
2447.84,0.0163721,0.000163721,19322,3.84617,0,-4.40229
2448.6,0.0163618,0.000163618,19323,3.83259,0,-4.41142
2449.37,0.0163516,0.000163516,19324,3.819,0,-4.42051
2450.13,0.0163415,0.000163415,19325,3.8054,0,-4.42956
2450.89,0.0163313,0.000163313,19326,3.79178,0,-4.43858
2451.64,0.0163213,0.000163213,19327,3.77815,0,-4.44756
2452.4,0.0163113,0.000163112,19328,3.76451,0,-4.4565
2453.15,0.0163013,0.000163013,19329,3.75085,0,-4.4654
2453.9,0.0162913,0.000162913,19330,3.73718,0,-4.47427
2454.64,0.0162815,0.000162815,19331,3.7235,0,-4.4831
2455.38,0.0162716,0.000162716,19332,3.70981,0,-4.49189
2456.12,0.0162618,0.000162618,19333,3.69611,0,-4.50064
2456.86,0.0162521,0.000162521,19334,3.68239,0,-4.50935
2457.59,0.0162424,0.000162424,19335,3.66866,0,-4.51803
2458.32,0.0162327,0.000162327,19336,3.65491,0,-4.52667
2459.05,0.0162231,0.000162231,19337,3.64116,0,-4.53527
2459.78,0.0162135,0.000162135,19338,3.62739,0,-4.54384
2460.5,0.016204,0.00016204,19339,3.61361,0,-4.55237
2461.22,0.0161945,0.000161945,19340,3.59982,0,-4.56086
2461.94,0.0161851,0.000161851,19341,3.58602,0,-4.56931
2462.65,0.0161757,0.000161757,19342,3.57221,0,-4.57772
2463.36,0.0161664,0.000161664,19343,3.55838,0,-4.5861
2464.07,0.0161571,0.000161571,19344,3.54454,0,-4.59444
2464.78,0.0161478,0.000161478,19345,3.53069,0,-4.60275
2465.48,0.0161386,0.000161386,19346,3.51683,0,-4.61101
2466.18,0.0161294,0.000161294,19347,3.50296,0,-4.61924
2466.88,0.0161203,0.000161203,19348,3.48908,0,-4.62744
2467.57,0.0161112,0.000161112,19349,3.47518,0,-4.63559
2468.26,0.0161022,0.000161022,19350,3.46128,0,-4.64371
2468.95,0.0160932,0.000160932,19351,3.44736,0,-4.65179
2469.64,0.0160843,0.000160843,19352,3.43343,0,-4.65983
2470.32,0.0160754,0.000160754,19353,3.41949,0,-4.66784
2471,0.0160665,0.000160665,19354,3.40554,0,-4.67581
2471.68,0.0160577,0.000160577,19355,3.39158,0,-4.68375
2472.36,0.0160489,0.000160489,19356,3.37761,0,-4.69164
2473.03,0.0160402,0.000160402,19357,3.36363,0,-4.6995
2473.7,0.0160315,0.000160315,19358,3.34964,0,-4.70733
2474.37,0.0160229,0.000160229,19359,3.33563,0,-4.71511
2475.03,0.0160143,0.000160143,19360,3.32162,0,-4.72286
2475.69,0.0160057,0.000160057,19361,3.30759,0,-4.73058
2476.35,0.0159972,0.000159972,19362,3.29356,0,-4.73825
2477.01,0.0159888,0.000159888,19363,3.27951,0,-4.74589
2477.66,0.0159803,0.000159803,19364,3.26546,0,-4.7535
2478.31,0.015972,0.00015972,19365,3.25139,0,-4.76106
2478.96,0.0159636,0.000159636,19366,3.23731,0,-4.76859
2479.6,0.0159553,0.000159553,19367,3.22323,0,-4.77609
2480.24,0.0159471,0.000159471,19368,3.20913,0,-4.78354
2480.88,0.0159389,0.000159389,19369,3.19503,0,-4.79096
2481.52,0.0159307,0.000159307,19370,3.18091,0,-4.79835
2482.15,0.0159226,0.000159226,19371,3.16679,0,-4.8057
2482.78,0.0159145,0.000159145,19372,3.15265,0,-4.81301
2483.4,0.0159065,0.000159065,19373,3.1385,0,-4.82028
2484.03,0.0158985,0.000158985,19374,3.12435,0,-4.82752
2484.65,0.0158905,0.000158905,19375,3.11018,0,-4.83472
2485.27,0.0158826,0.000158826,19376,3.09601,0,-4.84189
2485.88,0.0158748,0.000158748,19377,3.08183,0,-4.84902
2486.5,0.0158669,0.000158669,19378,3.06764,0,-4.85611
2487.11,0.0158591,0.000158591,19379,3.05343,0,-4.86317
2487.71,0.0158514,0.000158514,19380,3.03922,0,-4.87019
2488.32,0.0158437,0.000158437,19381,3.025,0,-4.87718
2488.92,0.0158361,0.000158361,19382,3.01077,0,-4.88413
2489.52,0.0158284,0.000158284,19383,2.99653,0,-4.89104
2490.11,0.0158209,0.000158209,19384,2.98229,0,-4.89792
2490.71,0.0158133,0.000158133,19385,2.96803,0,-4.90476
2491.3,0.0158058,0.000158058,19386,2.95376,0,-4.91157
2491.88,0.0157984,0.000157984,19387,2.93949,0,-4.91834
2492.47,0.015791,0.00015791,19388,2.92521,0,-4.92507
2493.05,0.0157836,0.000157836,19389,2.91091,0,-4.93177
2493.63,0.0157763,0.000157763,19390,2.89661,0,-4.93843
2494.2,0.015769,0.00015769,19391,2.8823,0,-4.94506
2494.78,0.0157618,0.000157618,19392,2.86799,0,-4.95165
2495.35,0.0157546,0.000157546,19393,2.85366,0,-4.95821
2495.91,0.0157474,0.000157474,19394,2.83933,0,-4.96473
2496.48,0.0157403,0.000157403,19395,2.82498,0,-4.97121
2497.04,0.0157332,0.000157332,19396,2.81063,0,-4.97766
2497.6,0.0157262,0.000157262,19397,2.79627,0,-4.98407
2498.15,0.0157192,0.000157192,19398,2.7819,0,-4.99045
2498.71,0.0157123,0.000157123,19399,2.76753,0,-4.99679
2499.26,0.0157053,0.000157053,19400,2.75314,0,-5.00309
2499.8,0.0156985,0.000156985,19401,2.73875,0,-5.00936
2500.35,0.0156917,0.000156917,19402,2.72435,0,-5.0156
2500.89,0.0156849,0.000156849,19403,2.70995,0,-5.0218
2501.43,0.0156781,0.000156781,19404,2.69553,0,-5.02796
2501.96,0.0156714,0.000156714,19405,2.68111,0,-5.03409
2502.49,0.0156647,0.000156647,19406,2.66667,0,-5.04018
2503.02,0.0156581,0.000156581,19407,2.65224,0,-5.04624
2503.55,0.0156515,0.000156515,19408,2.63779,0,-5.05226
2504.07,0.015645,0.00015645,19409,2.62334,0,-5.05825
2504.59,0.0156385,0.000156385,19410,2.60887,0,-5.0642
2505.11,0.015632,0.00015632,19411,2.5944,0,-5.07012
2505.63,0.0156256,0.000156256,19412,2.57993,0,-5.076
2506.14,0.0156192,0.000156192,19413,2.56544,0,-5.08184
2506.65,0.0156129,0.000156129,19414,2.55095,0,-5.08766
2507.15,0.0156066,0.000156066,19415,2.53645,0,-5.09343
2507.66,0.0156003,0.000156003,19416,2.52195,0,-5.09917
2508.16,0.0155941,0.000155941,19417,2.50744,0,-5.10488
2508.65,0.0155879,0.000155879,19418,2.49292,0,-5.11055
2509.15,0.0155818,0.000155818,19419,2.47839,0,-5.11618
2509.64,0.0155757,0.000155757,19420,2.46385,0,-5.12178
2510.13,0.0155696,0.000155696,19421,2.44931,0,-5.12735
2510.61,0.0155636,0.000155636,19422,2.43477,0,-5.13288
2511.1,0.0155576,0.000155576,19423,2.42021,0,-5.13837
2511.58,0.0155516,0.000155516,19424,2.40565,0,-5.14383
2512.05,0.0155457,0.000155457,19425,2.39108,0,-5.14926
2512.53,0.0155399,0.000155399,19426,2.37651,0,-5.15465
2513,0.015534,0.00015534,19427,2.36192,0,-5.16001
2513.47,0.0155283,0.000155283,19428,2.34734,0,-5.16533
2513.93,0.0155225,0.000155225,19429,2.33274,0,-5.17061
2514.39,0.0155168,0.000155168,19430,2.31814,0,-5.17586
2514.85,0.0155111,0.000155111,19431,2.30353,0,-5.18108
2515.31,0.0155055,0.000155055,19432,2.28892,0,-5.18626
2515.76,0.0154999,0.000154999,19433,2.2743,0,-5.19141
2516.21,0.0154944,0.000154944,19434,2.25967,0,-5.19652
2516.66,0.0154889,0.000154889,19435,2.24504,0,-5.2016
2517.11,0.0154834,0.000154834,19436,2.2304,0,-5.20664
2517.55,0.015478,0.00015478,19437,2.21575,0,-5.21165
2517.99,0.0154726,0.000154726,19438,2.2011,0,-5.21662
2518.42,0.0154672,0.000154672,19439,2.18644,0,-5.22156
2518.85,0.0154619,0.000154619,19440,2.17178,0,-5.22647
2519.28,0.0154566,0.000154566,19441,2.15711,0,-5.23134
2519.71,0.0154514,0.000154514,19442,2.14244,0,-5.23617
2520.14,0.0154462,0.000154462,19443,2.12776,0,-5.24097
2520.56,0.015441,0.00015441,19444,2.11307,0,-5.24574
2520.97,0.0154359,0.000154359,19445,2.09838,0,-5.25047
2521.39,0.0154308,0.000154308,19446,2.08368,0,-5.25517
2521.8,0.0154258,0.000154258,19447,2.06897,0,-5.25983
2522.21,0.0154208,0.000154208,19448,2.05426,0,-5.26446
2522.62,0.0154158,0.000154158,19449,2.03955,0,-5.26905
2523.02,0.0154109,0.000154109,19450,2.02483,0,-5.27361
2523.42,0.015406,0.00015406,19451,2.0101,0,-5.27814
2523.82,0.0154011,0.000154011,19452,1.99537,0,-5.28263
2524.21,0.0153963,0.000153963,19453,1.98063,0,-5.28709
2524.6,0.0153915,0.000153915,19454,1.96589,0,-5.29151
2524.99,0.0153868,0.000153868,19455,1.95114,0,-5.2959
2525.38,0.0153821,0.000153821,19456,1.93639,0,-5.30025
2525.76,0.0153775,0.000153775,19457,1.92163,0,-5.30457
2526.14,0.0153728,0.000153728,19458,1.90687,0,-5.30886
2526.52,0.0153683,0.000153683,19459,1.8921,0,-5.31311
2526.89,0.0153637,0.000153637,19460,1.87733,0,-5.31733
2527.26,0.0153592,0.000153592,19461,1.86255,0,-5.32151
2527.63,0.0153547,0.000153547,19462,1.84776,0,-5.32566
2527.99,0.0153503,0.000153503,19463,1.83297,0,-5.32977
2528.36,0.0153459,0.000153459,19464,1.81818,0,-5.33385
2528.71,0.0153416,0.000153416,19465,1.80338,0,-5.3379
2529.07,0.0153372,0.000153372,19466,1.78858,0,-5.34191
2529.42,0.015333,0.00015333,19467,1.77377,0,-5.34589
2529.77,0.0153287,0.000153287,19468,1.75896,0,-5.34984
2530.12,0.0153245,0.000153245,19469,1.74414,0,-5.35375
2530.46,0.0153203,0.000153203,19470,1.72932,0,-5.35762
2530.81,0.0153162,0.000153162,19471,1.71449,0,-5.36146
2531.14,0.0153121,0.000153121,19472,1.69966,0,-5.36527
2531.48,0.0153081,0.000153081,19473,1.68483,0,-5.36905
2531.81,0.0153041,0.000153041,19474,1.66999,0,-5.37279
2532.14,0.0153001,0.000153001,19475,1.65514,0,-5.3765
2532.47,0.0152961,0.000152961,19476,1.6403,0,-5.38017
2532.79,0.0152922,0.000152922,19477,1.62544,0,-5.38381
2533.11,0.0152884,0.000152884,19478,1.61058,0,-5.38741
2533.43,0.0152846,0.000152846,19479,1.59572,0,-5.39098
2533.74,0.0152808,0.000152808,19480,1.58086,0,-5.39452
2534.05,0.015277,0.00015277,19481,1.56599,0,-5.39802
2534.36,0.0152733,0.000152733,19482,1.55111,0,-5.40149
2534.66,0.0152696,0.000152696,19483,1.53624,0,-5.40493
2534.97,0.015266,0.00015266,19484,1.52135,0,-5.40833
2535.26,0.0152624,0.000152624,19485,1.50647,0,-5.4117
2535.56,0.0152588,0.000152588,19486,1.49158,0,-5.41504
2535.85,0.0152553,0.000152553,19487,1.47668,0,-5.41834
2536.14,0.0152518,0.000152518,19488,1.46179,0,-5.42161
2536.43,0.0152483,0.000152483,19489,1.44688,0,-5.42484
2536.72,0.0152449,0.000152449,19490,1.43198,0,-5.42804
2537,0.0152416,0.000152416,19491,1.41707,0,-5.4312
2537.27,0.0152382,0.000152382,19492,1.40216,0,-5.43434
2537.55,0.0152349,0.000152349,19493,1.38724,0,-5.43744
2537.82,0.0152316,0.000152316,19494,1.37232,0,-5.4405
2538.09,0.0152284,0.000152284,19495,1.3574,0,-5.44353
2538.36,0.0152252,0.000152252,19496,1.34247,0,-5.44653
2538.62,0.0152221,0.000152221,19497,1.32754,0,-5.4495
2538.88,0.0152189,0.000152189,19498,1.31261,0,-5.45243
2539.14,0.0152158,0.000152158,19499,1.29767,0,-5.45533
2539.39,0.0152128,0.000152128,19500,1.28273,0,-5.45819
2539.64,0.0152098,0.000152098,19501,1.26778,0,-5.46102
2539.89,0.0152068,0.000152068,19502,1.25284,0,-5.46382
2540.14,0.0152039,0.000152039,19503,1.23789,0,-5.46658
2540.38,0.015201,0.00015201,19504,1.22293,0,-5.46931
2540.62,0.0151981,0.000151981,19505,1.20798,0,-5.47201
2540.86,0.0151953,0.000151953,19506,1.19301,0,-5.47467
2541.09,0.0151925,0.000151925,19507,1.17805,0,-5.4773
2541.32,0.0151898,0.000151898,19508,1.16309,0,-5.4799
2541.55,0.015187,0.00015187,19509,1.14812,0,-5.48246
2541.77,0.0151844,0.000151844,19510,1.13314,0,-5.48499
2541.99,0.0151817,0.000151817,19511,1.11817,0,-5.48748
2542.21,0.0151791,0.000151791,19512,1.10319,0,-5.48995
2542.42,0.0151765,0.000151765,19513,1.08821,0,-5.49237
2542.64,0.015174,0.00015174,19514,1.07323,0,-5.49477
2542.85,0.0151715,0.000151715,19515,1.05824,0,-5.49713
2543.05,0.0151691,0.000151691,19516,1.04325,0,-5.49946
2543.26,0.0151666,0.000151666,19517,1.02826,0,-5.50176
2543.46,0.0151642,0.000151642,19518,1.01326,0,-5.50402
2543.65,0.0151619,0.000151619,19519,0.998267,0,-5.50625
2543.85,0.0151596,0.000151596,19520,0.983267,0,-5.50844
2544.04,0.0151573,0.000151573,19521,0.968265,0,-5.51061
2544.23,0.0151551,0.000151551,19522,0.95326,0,-5.51273
2544.41,0.0151529,0.000151529,19523,0.938253,0,-5.51483
2544.59,0.0151507,0.000151507,19524,0.923243,0,-5.51689
2544.77,0.0151486,0.000151486,19525,0.908231,0,-5.51892
2544.95,0.0151465,0.000151465,19526,0.893217,0,-5.52092
2545.12,0.0151444,0.000151444,19527,0.8782,0,-5.52288
2545.29,0.0151424,0.000151424,19528,0.863181,0,-5.52481
2545.46,0.0151404,0.000151404,19529,0.84816,0,-5.52671
2545.62,0.0151384,0.000151384,19530,0.833136,0,-5.52857
2545.78,0.0151365,0.000151365,19531,0.818111,0,-5.5304
2545.94,0.0151346,0.000151346,19532,0.803083,0,-5.53219
2546.1,0.0151328,0.000151328,19533,0.788054,0,-5.53396
2546.25,0.015131,0.00015131,19534,0.773022,0,-5.53569
2546.4,0.0151292,0.000151292,19535,0.757988,0,-5.53738
2546.54,0.0151275,0.000151275,19536,0.742952,0,-5.53905
2546.69,0.0151258,0.000151258,19537,0.727915,0,-5.54068
2546.83,0.0151241,0.000151241,19538,0.712875,0,-5.54228
2546.96,0.0151225,0.000151225,19539,0.697834,0,-5.54384
2547.1,0.0151209,0.000151209,19540,0.68279,0,-5.54537
2547.23,0.0151194,0.000151194,19541,0.667745,0,-5.54687
2547.35,0.0151179,0.000151179,19542,0.652699,0,-5.54833
2547.48,0.0151164,0.000151164,19543,0.63765,0,-5.54977
2547.6,0.0151149,0.000151149,19544,0.6226,0,-5.55116
2547.72,0.0151135,0.000151135,19545,0.607548,0,-5.55253
2547.84,0.0151122,0.000151122,19546,0.592495,0,-5.55386
2547.95,0.0151108,0.000151108,19547,0.57744,0,-5.55516
2548.06,0.0151095,0.000151095,19548,0.562384,0,-5.55643
2548.16,0.0151083,0.000151083,19549,0.547326,0,-5.55766
2548.27,0.015107,0.00015107,19550,0.532267,0,-5.55886
2548.37,0.0151058,0.000151058,19551,0.517206,0,-5.56003
2548.47,0.0151047,0.000151047,19552,0.502144,0,-5.56116
2548.56,0.0151036,0.000151036,19553,0.48708,0,-5.56226
2548.65,0.0151025,0.000151025,19554,0.472016,0,-5.56333
2548.74,0.0151014,0.000151014,19555,0.45695,0,-5.56436
2548.83,0.0151004,0.000151004,19556,0.441883,0,-5.56536
2548.91,0.0150994,0.000150994,19557,0.426814,0,-5.56633
2548.99,0.0150985,0.000150985,19558,0.411745,0,-5.56727
2549.06,0.0150976,0.000150976,19559,0.396674,0,-5.56817
2549.14,0.0150967,0.000150967,19560,0.381602,0,-5.56904
2549.21,0.0150959,0.000150959,19561,0.36653,0,-5.56987
2549.27,0.0150951,0.000150951,19562,0.351456,0,-5.57068
2549.34,0.0150943,0.000150943,19563,0.336381,0,-5.57145
2549.4,0.0150936,0.000150936,19564,0.321306,0,-5.57218
2549.46,0.0150929,0.000150929,19565,0.306229,0,-5.57289
2549.51,0.0150923,0.000150923,19566,0.291152,0,-5.57356
2549.57,0.0150916,0.000150916,19567,0.276074,0,-5.5742
2549.62,0.0150911,0.000150911,19568,0.260995,0,-5.5748
2549.66,0.0150905,0.000150905,19569,0.245915,0,-5.57537
2549.7,0.01509,0.0001509,19570,0.230835,0,-5.57591
2549.74,0.0150895,0.000150895,19571,0.215754,0,-5.57642
2549.78,0.0150891,0.000150891,19572,0.200672,0,-5.57689
2549.82,0.0150887,0.000150887,19573,0.18559,0,-5.57733
2549.85,0.0150883,0.000150883,19574,0.170507,0,-5.57774
2549.87,0.015088,0.00015088,19575,0.155423,0,-5.57811
2549.9,0.0150877,0.000150877,19576,0.14034,0,-5.57845
2549.92,0.0150874,0.000150874,19577,0.125255,0,-5.57876
2549.94,0.0150872,0.000150872,19578,0.110171,0,-5.57903
2549.96,0.015087,0.00015087,19579,0.0950855,0,-5.57927
2549.97,0.0150869,0.000150869,19580,0.0800001,0,-5.57948
2549.98,0.0150868,0.000150868,19581,0.0649143,0,-5.57966
2549.98,0.0150867,0.000150867,19582,0.0498283,0,-5.5798
2549.99,0.0150866,0.000150866,19583,0.034742,0,-5.57991
2549.99,0.0150866,0.000150866,19584,0.0196556,0,-5.57999
2549.99,0.0150867,0.000150867,19585,0.00456901,0,-5.58003
2549.98,0.0150867,0.000150867,19586,-0.0105177,0,-5.58004
2549.97,0.0150868,0.000150868,19587,-0.0256045,0,-5.58002
2549.96,0.015087,0.00015087,19588,-0.0406914,0,-5.57996
2549.95,0.0150871,0.000150871,19589,-0.0557782,0,-5.57987
2549.93,0.0150873,0.000150873,19590,-0.0708651,0,-5.57975
2549.91,0.0150876,0.000150876,19591,-0.0859519,0,-5.5796
2549.89,0.0150879,0.000150879,19592,-0.101039,0,-5.57941
2549.86,0.0150882,0.000150882,19593,-0.116125,0,-5.57919
2549.83,0.0150885,0.000150885,19594,-0.131211,0,-5.57893
2549.8,0.0150889,0.000150889,19595,-0.146298,0,-5.57865
2549.76,0.0150893,0.000150893,19596,-0.161384,0,-5.57833
2549.72,0.0150898,0.000150898,19597,-0.176469,0,-5.57798
2549.68,0.0150903,0.000150903,19598,-0.191555,0,-5.57759
2549.64,0.0150908,0.000150908,19599,-0.20664,0,-5.57717
2549.59,0.0150914,0.000150914,19600,-0.221724,0,-5.57672
2549.54,0.015092,0.00015092,19601,-0.236808,0,-5.57623
2549.48,0.0150926,0.000150926,19602,-0.251892,0,-5.57572
2549.43,0.0150933,0.000150933,19603,-0.266975,0,-5.57516
2549.37,0.015094,0.00015094,19604,-0.282058,0,-5.57458
2549.31,0.0150947,0.000150947,19605,-0.29714,0,-5.57396
2549.24,0.0150955,0.000150955,19606,-0.312222,0,-5.57331
2549.17,0.0150963,0.000150963,19607,-0.327302,0,-5.57263
2549.1,0.0150972,0.000150972,19608,-0.342383,0,-5.57191
2549.02,0.0150981,0.000150981,19609,-0.357462,0,-5.57116
2548.95,0.015099,0.00015099,19610,-0.372541,0,-5.57038
2548.86,0.0151,0.000151,19611,-0.387619,0,-5.56957
2548.78,0.0151009,0.000151009,19612,-0.402696,0,-5.56872
2548.69,0.015102,0.00015102,19613,-0.417772,0,-5.56784
2548.6,0.015103,0.00015103,19614,-0.432847,0,-5.56692
2548.51,0.0151041,0.000151042,19615,-0.447922,0,-5.56597
2548.41,0.0151053,0.000151053,19616,-0.462995,0,-5.56499
2548.32,0.0151065,0.000151065,19617,-0.478068,0,-5.56398
2548.21,0.0151077,0.000151077,19618,-0.493139,0,-5.56293
2548.11,0.0151089,0.000151089,19619,-0.508209,0,-5.56185
2548,0.0151102,0.000151102,19620,-0.523278,0,-5.56074
2547.89,0.0151115,0.000151115,19621,-0.538346,0,-5.55959
2547.77,0.0151129,0.000151129,19622,-0.553413,0,-5.55841
2547.66,0.0151143,0.000151143,19623,-0.568479,0,-5.5572
2547.54,0.0151157,0.000151157,19624,-0.583543,0,-5.55595
2547.41,0.0151172,0.000151172,19625,-0.598606,0,-5.55467
2547.29,0.0151187,0.000151187,19626,-0.613667,0,-5.55336
2547.16,0.0151202,0.000151202,19627,-0.628728,0,-5.55202
2547.03,0.0151218,0.000151218,19628,-0.643786,0,-5.55064
2546.89,0.0151234,0.000151234,19629,-0.658844,0,-5.54923
2546.75,0.015125,0.00015125,19630,-0.6739,0,-5.54778
2546.61,0.0151267,0.000151267,19631,-0.688954,0,-5.5463
2546.47,0.0151284,0.000151284,19632,-0.704007,0,-5.54479
2546.32,0.0151302,0.000151302,19633,-0.719058,0,-5.54325
2546.17,0.015132,0.00015132,19634,-0.734107,0,-5.54167
2546.01,0.0151338,0.000151338,19635,-0.749155,0,-5.54006
2545.86,0.0151356,0.000151356,19636,-0.764201,0,-5.53841
2545.7,0.0151375,0.000151375,19637,-0.779245,0,-5.53674
2545.53,0.0151395,0.000151395,19638,-0.794288,0,-5.53503
2545.37,0.0151414,0.000151414,19639,-0.809329,0,-5.53328
2545.2,0.0151435,0.000151435,19640,-0.824367,0,-5.53151
2545.03,0.0151455,0.000151455,19641,-0.839404,0,-5.5297
2544.85,0.0151476,0.000151476,19642,-0.854439,0,-5.52785
2544.68,0.0151497,0.000151497,19643,-0.869472,0,-5.52597
2544.5,0.0151518,0.000151518,19644,-0.884503,0,-5.52406
2544.31,0.015154,0.00015154,19645,-0.899532,0,-5.52212
2544.13,0.0151562,0.000151562,19646,-0.914559,0,-5.52014
2543.94,0.0151585,0.000151585,19647,-0.929583,0,-5.51813
2543.74,0.0151608,0.000151608,19648,-0.944606,0,-5.51609
2543.55,0.0151631,0.000151631,19649,-0.959626,0,-5.51401
2543.35,0.0151655,0.000151655,19650,-0.974644,0,-5.5119
2543.15,0.0151679,0.000151679,19651,-0.98966,0,-5.50976
2542.94,0.0151704,0.000151704,19652,-1.00467,0,-5.50758
2542.73,0.0151728,0.000151728,19653,-1.01968,0,-5.50537
2542.52,0.0151754,0.000151754,19654,-1.03469,0,-5.50313
2542.31,0.0151779,0.000151779,19655,-1.0497,0,-5.50085
2542.09,0.0151805,0.000151805,19656,-1.0647,0,-5.49854
2541.87,0.0151831,0.000151831,19657,-1.0797,0,-5.49619
2541.65,0.0151858,0.000151858,19658,-1.0947,0,-5.49382
2541.43,0.0151885,0.000151885,19659,-1.1097,0,-5.49141
2541.2,0.0151912,0.000151912,19660,-1.12469,0,-5.48896
2540.96,0.015194,0.00015194,19661,-1.13968,0,-5.48648
2540.73,0.0151968,0.000151968,19662,-1.15467,0,-5.48397
2540.49,0.0151996,0.000151996,19663,-1.16965,0,-5.48143
2540.25,0.0152025,0.000152025,19664,-1.18464,0,-5.47885
2540.01,0.0152054,0.000152054,19665,-1.19962,0,-5.47624
2539.76,0.0152084,0.000152084,19666,-1.21459,0,-5.47359
2539.51,0.0152114,0.000152114,19667,-1.22957,0,-5.47091
2539.26,0.0152144,0.000152144,19668,-1.24454,0,-5.4682
2539,0.0152175,0.000152175,19669,-1.2595,0,-5.46545
2538.74,0.0152206,0.000152206,19670,-1.27447,0,-5.46267
2538.48,0.0152237,0.000152237,19671,-1.28943,0,-5.45986
2538.22,0.0152269,0.000152269,19672,-1.30439,0,-5.45701
2537.95,0.0152301,0.000152301,19673,-1.31934,0,-5.45413
2537.68,0.0152334,0.000152334,19674,-1.3343,0,-5.45121
2537.4,0.0152367,0.000152367,19675,-1.34924,0,-5.44827
2537.13,0.01524,0.0001524,19676,-1.36419,0,-5.44528
2536.85,0.0152434,0.000152434,19677,-1.37913,0,-5.44227
2536.56,0.0152468,0.000152468,19678,-1.39407,0,-5.43922
2536.28,0.0152502,0.000152502,19679,-1.40901,0,-5.43614
2535.99,0.0152537,0.000152537,19680,-1.42394,0,-5.43302
2535.7,0.0152572,0.000152572,19681,-1.43887,0,-5.42987
2535.4,0.0152607,0.000152607,19682,-1.45379,0,-5.42669
2535.1,0.0152643,0.000152643,19683,-1.46871,0,-5.42347
2534.8,0.0152679,0.000152679,19684,-1.48363,0,-5.42022
2534.5,0.0152716,0.000152716,19685,-1.49854,0,-5.41693
2534.19,0.0152753,0.000152753,19686,-1.51345,0,-5.41361
2533.88,0.015279,0.00015279,19687,-1.52836,0,-5.41026
2533.57,0.0152828,0.000152828,19688,-1.54326,0,-5.40687
2533.26,0.0152866,0.000152866,19689,-1.55816,0,-5.40345
2532.94,0.0152905,0.000152905,19690,-1.57306,0,-5.39999
2532.62,0.0152943,0.000152943,19691,-1.58795,0,-5.3965
2532.29,0.0152983,0.000152983,19692,-1.60284,0,-5.39298
2531.96,0.0153022,0.000153022,19693,-1.61772,0,-5.38942
2531.63,0.0153062,0.000153062,19694,-1.6326,0,-5.38583
2531.3,0.0153102,0.000153102,19695,-1.64747,0,-5.38221
2530.96,0.0153143,0.000153143,19696,-1.66234,0,-5.37855
2530.62,0.0153184,0.000153184,19697,-1.67721,0,-5.37486
2530.28,0.0153226,0.000153226,19698,-1.69207,0,-5.37113
2529.93,0.0153268,0.000153268,19699,-1.70693,0,-5.36737
2529.59,0.015331,0.00015331,19700,-1.72178,0,-5.36357
2529.23,0.0153353,0.000153353,19701,-1.73663,0,-5.35975
2528.88,0.0153395,0.000153395,19702,-1.75148,0,-5.35588
2528.52,0.0153439,0.000153439,19703,-1.76632,0,-5.35198
2528.16,0.0153483,0.000153483,19704,-1.78116,0,-5.34805
2527.8,0.0153527,0.000153527,19705,-1.79599,0,-5.34409
2527.43,0.0153571,0.000153571,19706,-1.81081,0,-5.34009
2527.06,0.0153616,0.000153616,19707,-1.82564,0,-5.33605
2526.69,0.0153661,0.000153661,19708,-1.84045,0,-5.33199
2526.32,0.0153707,0.000153707,19709,-1.85527,0,-5.32788
2525.94,0.0153753,0.000153753,19710,-1.87008,0,-5.32375
2525.56,0.01538,0.0001538,19711,-1.88488,0,-5.31958
2525.17,0.0153846,0.000153846,19712,-1.89968,0,-5.31537
2524.78,0.0153893,0.000153893,19713,-1.91447,0,-5.31113
2524.39,0.0153941,0.000153941,19714,-1.92926,0,-5.30686
2524,0.0153989,0.000153989,19715,-1.94405,0,-5.30255
2523.61,0.0154037,0.000154037,19716,-1.95882,0,-5.29821
2523.21,0.0154086,0.000154086,19717,-1.9736,0,-5.29383
2522.8,0.0154135,0.000154135,19718,-1.98837,0,-5.28942
2522.4,0.0154185,0.000154185,19719,-2.00313,0,-5.28497
2521.99,0.0154235,0.000154235,19720,-2.01789,0,-5.28049
2521.58,0.0154285,0.000154285,19721,-2.03264,0,-5.27598
2521.17,0.0154335,0.000154335,19722,-2.04739,0,-5.27143
2520.75,0.0154386,0.000154386,19723,-2.06213,0,-5.26684
2520.33,0.0154438,0.000154438,19724,-2.07687,0,-5.26222
2519.91,0.015449,0.00015449,19725,-2.0916,0,-5.25757
2519.48,0.0154542,0.000154542,19726,-2.10633,0,-5.25288
2519.05,0.0154594,0.000154594,19727,-2.12105,0,-5.24816
2518.62,0.0154647,0.000154647,19728,-2.13576,0,-5.2434
2518.19,0.0154701,0.000154701,19729,-2.15047,0,-5.23861
2517.75,0.0154755,0.000154755,19730,-2.16518,0,-5.23379
2517.31,0.0154809,0.000154809,19731,-2.17987,0,-5.22893
2516.87,0.0154863,0.000154863,19732,-2.19457,0,-5.22403
2516.42,0.0154918,0.000154918,19733,-2.20925,0,-5.2191
2515.97,0.0154973,0.000154973,19734,-2.22393,0,-5.21413
2515.52,0.0155029,0.000155029,19735,-2.23861,0,-5.20913
2515.07,0.0155085,0.000155085,19736,-2.25328,0,-5.2041
2514.61,0.0155142,0.000155142,19737,-2.26794,0,-5.19903
2514.15,0.0155199,0.000155199,19738,-2.28259,0,-5.19393
2513.68,0.0155256,0.000155256,19739,-2.29724,0,-5.18879
2513.22,0.0155314,0.000155314,19740,-2.31189,0,-5.18361
2512.75,0.0155372,0.000155372,19741,-2.32653,0,-5.1784
2512.27,0.015543,0.00015543,19742,-2.34116,0,-5.17316
2511.8,0.0155489,0.000155489,19743,-2.35578,0,-5.16788
2511.32,0.0155548,0.000155548,19744,-2.3704,0,-5.16257
2510.84,0.0155608,0.000155608,19745,-2.38501,0,-5.15722
2510.35,0.0155668,0.000155668,19746,-2.39962,0,-5.15183
2509.87,0.0155728,0.000155728,19747,-2.41422,0,-5.14641
2509.38,0.0155789,0.000155789,19748,-2.42881,0,-5.14096
2508.88,0.015585,0.00015585,19749,-2.4434,0,-5.13547
2508.39,0.0155912,0.000155912,19750,-2.45798,0,-5.12995
2507.89,0.0155974,0.000155974,19751,-2.47255,0,-5.12439
2507.39,0.0156036,0.000156036,19752,-2.48712,0,-5.11879
2506.88,0.0156099,0.000156099,19753,-2.50168,0,-5.11316
2506.37,0.0156163,0.000156163,19754,-2.51623,0,-5.1075
2505.86,0.0156226,0.000156226,19755,-2.53078,0,-5.10179
2505.35,0.015629,0.00015629,19756,-2.54531,0,-5.09606
2504.83,0.0156355,0.000156355,19757,-2.55984,0,-5.09029
2504.32,0.015642,0.00015642,19758,-2.57437,0,-5.08448
2503.79,0.0156485,0.000156485,19759,-2.58889,0,-5.07864
2503.27,0.015655,0.00015655,19760,-2.6034,0,-5.07276
2502.74,0.0156617,0.000156617,19761,-2.6179,0,-5.06685
2502.21,0.0156683,0.000156683,19762,-2.63239,0,-5.0609
2501.67,0.015675,0.00015675,19763,-2.64688,0,-5.05492
2501.14,0.0156817,0.000156817,19764,-2.66136,0,-5.0489
2500.6,0.0156885,0.000156885,19765,-2.67584,0,-5.04284
2500.06,0.0156953,0.000156953,19766,-2.6903,0,-5.03675
2499.51,0.0157021,0.000157021,19767,-2.70476,0,-5.03063
2498.96,0.015709,0.00015709,19768,-2.71921,0,-5.02446
2498.41,0.015716,0.00015716,19769,-2.73365,0,-5.01827
2497.86,0.0157229,0.000157229,19770,-2.74809,0,-5.01203
2497.3,0.01573,0.0001573,19771,-2.76251,0,-5.00576
2496.74,0.015737,0.00015737,19772,-2.77693,0,-4.99946
2496.18,0.0157441,0.000157441,19773,-2.79134,0,-4.99312
2495.61,0.0157512,0.000157512,19774,-2.80575,0,-4.98674
2495.04,0.0157584,0.000157584,19775,-2.82014,0,-4.98033
2494.47,0.0157656,0.000157656,19776,-2.83453,0,-4.97388
2493.9,0.0157729,0.000157729,19777,-2.84891,0,-4.9674
2493.32,0.0157802,0.000157802,19778,-2.86328,0,-4.96088
2492.74,0.0157876,0.000157876,19779,-2.87764,0,-4.95433
2492.16,0.0157949,0.000157949,19780,-2.89199,0,-4.94773
2491.57,0.0158024,0.000158024,19781,-2.90634,0,-4.94111
2490.98,0.0158098,0.000158098,19782,-2.92068,0,-4.93444
2490.39,0.0158174,0.000158174,19783,-2.935,0,-4.92774
2489.8,0.0158249,0.000158249,19784,-2.94932,0,-4.92101
2489.2,0.0158325,0.000158325,19785,-2.96364,0,-4.91424
2488.6,0.0158401,0.000158401,19786,-2.97794,0,-4.90743
2488,0.0158478,0.000158478,19787,-2.99223,0,-4.90059
2487.39,0.0158555,0.000158555,19788,-3.00652,0,-4.89371
2486.78,0.0158633,0.000158633,19789,-3.02079,0,-4.88679
2486.17,0.0158711,0.000158711,19790,-3.03506,0,-4.87984
2485.56,0.015879,0.00015879,19791,-3.04932,0,-4.87285
2484.94,0.0158868,0.000158868,19792,-3.06357,0,-4.86582
2484.32,0.0158948,0.000158948,19793,-3.07781,0,-4.85876
2483.7,0.0159028,0.000159028,19794,-3.09204,0,-4.85166
2483.07,0.0159108,0.000159108,19795,-3.10626,0,-4.84453
2482.44,0.0159188,0.000159188,19796,-3.12047,0,-4.83736
2481.81,0.0159269,0.000159269,19797,-3.13468,0,-4.83015
2481.18,0.0159351,0.000159351,19798,-3.14887,0,-4.82291
2480.54,0.0159433,0.000159433,19799,-3.16305,0,-4.81563
2479.9,0.0159515,0.000159515,19800,-3.17723,0,-4.80831
2479.25,0.0159598,0.000159598,19801,-3.19139,0,-4.80096
2478.61,0.0159681,0.000159681,19802,-3.20555,0,-4.79357
2477.96,0.0159764,0.000159764,19803,-3.21969,0,-4.78614
2477.31,0.0159849,0.000159848,19804,-3.23383,0,-4.77868
2476.66,0.0159933,0.000159933,19805,-3.24795,0,-4.77118
2476,0.0160018,0.000160018,19806,-3.26207,0,-4.76364
2475.34,0.0160103,0.000160103,19807,-3.27618,0,-4.75607
2474.68,0.0160189,0.000160189,19808,-3.29027,0,-4.74846
2474.01,0.0160275,0.000160275,19809,-3.30436,0,-4.74081
2473.34,0.0160362,0.000160362,19810,-3.31843,0,-4.73312
2472.67,0.0160449,0.000160449,19811,-3.3325,0,-4.7254
2472,0.0160536,0.000160536,19812,-3.34655,0,-4.71764
2471.32,0.0160624,0.000160624,19813,-3.36059,0,-4.70985
2470.64,0.0160713,0.000160713,19814,-3.37463,0,-4.70202
2469.96,0.0160801,0.000160801,19815,-3.38865,0,-4.69415
2469.27,0.0160891,0.000160891,19816,-3.40266,0,-4.68624
2468.59,0.016098,0.00016098,19817,-3.41667,0,-4.6783
2467.89,0.016107,0.00016107,19818,-3.43066,0,-4.67032
2467.2,0.0161161,0.000161161,19819,-3.44464,0,-4.6623
2466.5,0.0161252,0.000161252,19820,-3.45861,0,-4.65425
2465.81,0.0161343,0.000161343,19821,-3.47256,0,-4.64615
2465.1,0.0161435,0.000161435,19822,-3.48651,0,-4.63802
2464.4,0.0161528,0.000161528,19823,-3.50045,0,-4.62986
2463.69,0.0161621,0.000161621,19824,-3.51437,0,-4.62165
2462.98,0.0161714,0.000161714,19825,-3.52829,0,-4.61341
2462.27,0.0161807,0.000161807,19826,-3.54219,0,-4.60513
2461.55,0.0161902,0.000161902,19827,-3.55608,0,-4.59682
2460.83,0.0161996,0.000161996,19828,-3.56996,0,-4.58846
2460.11,0.0162091,0.000162091,19829,-3.58383,0,-4.58007
2459.39,0.0162187,0.000162187,19830,-3.59768,0,-4.57164
2458.66,0.0162283,0.000162283,19831,-3.61153,0,-4.56318
2457.93,0.0162379,0.000162379,19832,-3.62536,0,-4.55467
2457.2,0.0162476,0.000162476,19833,-3.63918,0,-4.54613
2456.46,0.0162573,0.000162573,19834,-3.65299,0,-4.53755
2455.73,0.0162671,0.000162671,19835,-3.66679,0,-4.52893
2454.98,0.0162769,0.000162769,19836,-3.68057,0,-4.52028
2454.24,0.0162868,0.000162868,19837,-3.69435,0,-4.51159
2453.49,0.0162967,0.000162967,19838,-3.70811,0,-4.50286
2452.75,0.0163066,0.000163066,19839,-3.72186,0,-4.49409
2451.99,0.0163166,0.000163166,19840,-3.73559,0,-4.48528
2451.24,0.0163267,0.000163267,19841,-3.74932,0,-4.47644
2450.48,0.0163368,0.000163368,19842,-3.76303,0,-4.46756
2449.72,0.0163469,0.000163469,19843,-3.77673,0,-4.45864
2448.96,0.0163571,0.000163571,19844,-3.79041,0,-4.44968
2448.19,0.0163673,0.000163673,19845,-3.80409,0,-4.44068
2447.43,0.0163776,0.000163776,19846,-3.81775,0,-4.43165
2446.65,0.0163879,0.000163879,19847,-3.83139,0,-4.42257
2445.88,0.0163983,0.000163983,19848,-3.84503,0,-4.41346
2445.1,0.0164087,0.000164087,19849,-3.85865,0,-4.40431
2444.33,0.0164192,0.000164192,19850,-3.87226,0,-4.39513
2443.54,0.0164297,0.000164297,19851,-3.88585,0,-4.3859
2442.76,0.0164402,0.000164402,19852,-3.89943,0,-4.37664
2441.97,0.0164508,0.000164508,19853,-3.913,0,-4.36733
2441.18,0.0164615,0.000164615,19854,-3.92656,0,-4.35799
2440.39,0.0164722,0.000164722,19855,-3.9401,0,-4.34862
2439.59,0.0164829,0.000164829,19856,-3.95363,0,-4.3392
2438.8,0.0164937,0.000164937,19857,-3.96714,0,-4.32974
2437.99,0.0165045,0.000165045,19858,-3.98064,0,-4.32025
2437.19,0.0165154,0.000165154,19859,-3.99413,0,-4.31071
2436.39,0.0165264,0.000165264,19860,-4.0076,0,-4.30114
2435.58,0.0165373,0.000165373,19861,-4.02106,0,-4.29153
2434.76,0.0165484,0.000165484,19862,-4.0345,0,-4.28188
2433.95,0.0165594,0.000165594,19863,-4.04793,0,-4.27219
2433.13,0.0165706,0.000165706,19864,-4.06135,0,-4.26247
2432.31,0.0165817,0.000165817,19865,-4.07475,0,-4.2527
2431.49,0.0165929,0.000165929,19866,-4.08813,0,-4.2429
2430.67,0.0166042,0.000166042,19867,-4.10151,0,-4.23305
2429.84,0.0166155,0.000166155,19868,-4.11486,0,-4.22317
2429.01,0.0166269,0.000166269,19869,-4.12821,0,-4.21325
2428.18,0.0166383,0.000166383,19870,-4.14153,0,-4.20329
2427.34,0.0166498,0.000166498,19871,-4.15485,0,-4.19329
2426.5,0.0166613,0.000166613,19872,-4.16814,0,-4.18325
2425.66,0.0166728,0.000166728,19873,-4.18143,0,-4.17318
2424.82,0.0166844,0.000166844,19874,-4.19469,0,-4.16306
2423.97,0.0166961,0.000166961,19875,-4.20795,0,-4.1529
2423.12,0.0167078,0.000167078,19876,-4.22118,0,-4.14271
2422.27,0.0167195,0.000167195,19877,-4.23441,0,-4.13248
2421.42,0.0167313,0.000167313,19878,-4.24761,0,-4.1222
2420.56,0.0167432,0.000167432,19879,-4.2608,0,-4.11189
2419.7,0.0167551,0.000167551,19880,-4.27398,0,-4.10154
2418.84,0.016767,0.00016767,19881,-4.28713,0,-4.09115
2417.97,0.016779,0.00016779,19882,-4.30028,0,-4.08072
2417.11,0.016791,0.00016791,19883,-4.3134,0,-4.07025
2416.24,0.0168031,0.000168031,19884,-4.32651,0,-4.05974
2415.36,0.0168153,0.000168153,19885,-4.33961,0,-4.04919
2414.49,0.0168275,0.000168275,19886,-4.35269,0,-4.0386
2413.61,0.0168397,0.000168397,19887,-4.36575,0,-4.02797
2412.73,0.016852,0.00016852,19888,-4.37879,0,-4.0173
2411.85,0.0168644,0.000168643,19889,-4.39182,0,-4.00659
2410.96,0.0168767,0.000168767,19890,-4.40483,0,-3.99584
2410.07,0.0168892,0.000168892,19891,-4.41783,0,-3.98506
2409.18,0.0169017,0.000169017,19892,-4.43081,0,-3.97423
2408.29,0.0169142,0.000169142,19893,-4.44377,0,-3.96336
2407.39,0.0169268,0.000169268,19894,-4.45671,0,-3.95246
2406.49,0.0169395,0.000169395,19895,-4.46964,0,-3.94151
2405.59,0.0169522,0.000169522,19896,-4.48255,0,-3.93052
2404.69,0.0169649,0.000169649,19897,-4.49544,0,-3.9195
2403.78,0.0169777,0.000169777,19898,-4.50832,0,-3.90843
2402.87,0.0169905,0.000169905,19899,-4.52118,0,-3.89732
2401.96,0.0170034,0.000170034,19900,-4.53402,0,-3.88617
2401.05,0.0170164,0.000170164,19901,-4.54684,0,-3.87499
2400.13,0.0170294,0.000170294,19902,-4.55964,0,-3.86376
2399.21,0.0170424,0.000170424,19903,-4.57243,0,-3.85249
2398.29,0.0170555,0.000170555,19904,-4.58519,0,-3.84118
2397.37,0.0170687,0.000170687,19905,-4.59794,0,-3.82983
2396.44,0.0170819,0.000170819,19906,-4.61068,0,-3.81845
2395.51,0.0170952,0.000170952,19907,-4.62339,0,-3.80702
2394.58,0.0171085,0.000171085,19908,-4.63608,0,-3.79555
2393.64,0.0171218,0.000171218,19909,-4.64876,0,-3.78404
2392.71,0.0171352,0.000171352,19910,-4.66142,0,-3.77249
2391.77,0.0171487,0.000171487,19911,-4.67405,0,-3.7609
2390.83,0.0171622,0.000171622,19912,-4.68667,0,-3.74926
2389.88,0.0171758,0.000171758,19913,-4.69927,0,-3.73759
2388.93,0.0171894,0.000171894,19914,-4.71186,0,-3.72588
2387.98,0.0172031,0.000172031,19915,-4.72442,0,-3.71413
2387.03,0.0172168,0.000172168,19916,-4.73696,0,-3.70233
2386.08,0.0172306,0.000172306,19917,-4.74948,0,-3.6905
2385.12,0.0172444,0.000172444,19918,-4.76199,0,-3.67862
2384.16,0.0172583,0.000172583,19919,-4.77447,0,-3.6667
2383.2,0.0172722,0.000172722,19920,-4.78693,0,-3.65475
2382.23,0.0172862,0.000172862,19921,-4.79938,0,-3.64275
2381.27,0.0173003,0.000173003,19922,-4.8118,0,-3.63071
2380.3,0.0173144,0.000173144,19923,-4.8242,0,-3.61863
2379.33,0.0173285,0.000173285,19924,-4.83659,0,-3.60651
2378.35,0.0173427,0.000173427,19925,-4.84895,0,-3.59434
2377.37,0.017357,0.00017357,19926,-4.86129,0,-3.58214
2376.39,0.0173713,0.000173713,19927,-4.87362,0,-3.5699
2375.41,0.0173856,0.000173856,19928,-4.88592,0,-3.55761
2374.43,0.0174001,0.000174001,19929,-4.8982,0,-3.54528
2373.44,0.0174145,0.000174145,19930,-4.91046,0,-3.53291
2372.45,0.0174291,0.000174291,19931,-4.9227,0,-3.52051
2371.46,0.0174436,0.000174436,19932,-4.93491,0,-3.50805
2370.47,0.0174583,0.000174583,19933,-4.94711,0,-3.49556
2369.47,0.017473,0.00017473,19934,-4.95928,0,-3.48303
2368.47,0.0174877,0.000174877,19935,-4.97143,0,-3.47045
2367.47,0.0175025,0.000175025,19936,-4.98357,0,-3.45784
2366.47,0.0175173,0.000175173,19937,-4.99567,0,-3.44518
2365.46,0.0175323,0.000175323,19938,-5.00776,0,-3.43248
2364.45,0.0175472,0.000175472,19939,-5.01983,0,-3.41974
2363.44,0.0175622,0.000175622,19940,-5.03187,0,-3.40696
2362.43,0.0175773,0.000175773,19941,-5.04389,0,-3.39413
2361.41,0.0175924,0.000175924,19942,-5.05589,0,-3.38126
2360.39,0.0176076,0.000176076,19943,-5.06786,0,-3.36836
2359.37,0.0176228,0.000176228,19944,-5.07982,0,-3.35541
2358.35,0.0176381,0.000176381,19945,-5.09175,0,-3.34242
2357.32,0.0176535,0.000176535,19946,-5.10365,0,-3.32938
2356.3,0.0176689,0.000176689,19947,-5.11554,0,-3.31631
2355.27,0.0176843,0.000176843,19948,-5.1274,0,-3.30319
2354.23,0.0176999,0.000176999,19949,-5.13924,0,-3.29003
2353.2,0.0177154,0.000177154,19950,-5.15105,0,-3.27683
2352.16,0.0177311,0.00017731,19951,-5.16284,0,-3.26359
2351.12,0.0177467,0.000177467,19952,-5.17461,0,-3.2503
2350.08,0.0177625,0.000177625,19953,-5.18635,0,-3.23698
2349.04,0.0177783,0.000177783,19954,-5.19807,0,-3.22361
2347.99,0.0177941,0.000177941,19955,-5.20977,0,-3.2102
2346.94,0.01781,0.0001781,19956,-5.22144,0,-3.19674
2345.89,0.017826,0.00017826,19957,-5.23308,0,-3.18325
2344.84,0.017842,0.00017842,19958,-5.24471,0,-3.16971
2343.78,0.0178581,0.000178581,19959,-5.2563,0,-3.15613
2342.72,0.0178742,0.000178742,19960,-5.26788,0,-3.14251
2341.66,0.0178904,0.000178904,19961,-5.27942,0,-3.12884
2340.6,0.0179067,0.000179067,19962,-5.29095,0,-3.11514
2339.53,0.017923,0.00017923,19963,-5.30244,0,-3.10139
2338.47,0.0179393,0.000179393,19964,-5.31391,0,-3.0876
2337.4,0.0179558,0.000179558,19965,-5.32536,0,-3.07376
2336.33,0.0179722,0.000179722,19966,-5.33678,0,-3.05988
2335.25,0.0179888,0.000179888,19967,-5.34818,0,-3.04596
2334.18,0.0180054,0.000180054,19968,-5.35955,0,-3.032
2333.1,0.018022,0.00018022,19969,-5.37089,0,-3.018
2332.02,0.0180387,0.000180387,19970,-5.38221,0,-3.00395
2330.93,0.0180555,0.000180555,19971,-5.3935,0,-2.98986
2329.85,0.0180723,0.000180723,19972,-5.40476,0,-2.97573
2328.76,0.0180892,0.000180892,19973,-5.416,0,-2.96155
2327.67,0.0181062,0.000181062,19974,-5.42721,0,-2.94734
2326.58,0.0181232,0.000181232,19975,-5.43839,0,-2.93307
2325.48,0.0181402,0.000181402,19976,-5.44955,0,-2.91877
2324.39,0.0181574,0.000181574,19977,-5.46068,0,-2.90442
2323.29,0.0181745,0.000181745,19978,-5.47178,0,-2.89004
2322.19,0.0181918,0.000181918,19979,-5.48286,0,-2.8756
2321.08,0.0182091,0.000182091,19980,-5.4939,0,-2.86113
2319.98,0.0182264,0.000182264,19981,-5.50492,0,-2.84661
2318.87,0.0182438,0.000182438,19982,-5.51591,0,-2.83205
2317.76,0.0182613,0.000182613,19983,-5.52688,0,-2.81744
2316.65,0.0182789,0.000182789,19984,-5.53781,0,-2.8028
2315.53,0.0182965,0.000182965,19985,-5.54872,0,-2.78811
2314.42,0.0183141,0.000183141,19986,-5.5596,0,-2.77337
2313.3,0.0183318,0.000183318,19987,-5.57045,0,-2.7586
2312.18,0.0183496,0.000183496,19988,-5.58127,0,-2.74378
2311.06,0.0183674,0.000183674,19989,-5.59206,0,-2.72891
2309.93,0.0183853,0.000183853,19990,-5.60282,0,-2.71401
2308.8,0.0184033,0.000184033,19991,-5.61355,0,-2.69906
2307.67,0.0184213,0.000184213,19992,-5.62426,0,-2.68407
2306.54,0.0184394,0.000184394,19993,-5.63493,0,-2.66903
2305.41,0.0184575,0.000184575,19994,-5.64558,0,-2.65395
2304.27,0.0184757,0.000184757,19995,-5.65619,0,-2.63883
2303.14,0.018494,0.00018494,19996,-5.66677,0,-2.62366
2302,0.0185123,0.000185123,19997,-5.67733,0,-2.60845
2300.85,0.0185307,0.000185307,19998,-5.68785,0,-2.5932
2299.71,0.0185491,0.000185491,19999,-5.69834,0,-2.5779
2298.56,0.0185676,0.000185676,20000,-5.7088,0,-2.56256
2297.41,0.0185862,0.000185862,20001,-5.71924,0,-2.54718
2296.26,0.0186048,0.000186048,20002,-5.72963,0,-2.53175
2295.11,0.0186235,0.000186235,20003,-5.74,0,-2.51628
2293.96,0.0186422,0.000186422,20004,-5.75034,0,-2.50077
2292.8,0.0186611,0.000186611,20005,-5.76065,0,-2.48521
2291.64,0.0186799,0.000186799,20006,-5.77092,0,-2.46961
2290.48,0.0186989,0.000186989,20007,-5.78116,0,-2.45397
2289.32,0.0187179,0.000187179,20008,-5.79137,0,-2.43828
2288.15,0.0187369,0.000187369,20009,-5.80155,0,-2.42255
2286.99,0.018756,0.00018756,20010,-5.81169,0,-2.40677
2285.82,0.0187752,0.000187752,20011,-5.8218,0,-2.39095
2284.65,0.0187945,0.000187945,20012,-5.83188,0,-2.37509
2283.48,0.0188138,0.000188138,20013,-5.84193,0,-2.35918
2282.3,0.0188332,0.000188332,20014,-5.85194,0,-2.34323
2281.12,0.0188526,0.000188526,20015,-5.86192,0,-2.32724
2279.95,0.0188721,0.000188721,20016,-5.87187,0,-2.3112
2278.76,0.0188917,0.000188917,20017,-5.88178,0,-2.29511
2277.58,0.0189113,0.000189113,20018,-5.89166,0,-2.27899
2276.4,0.018931,0.00018931,20019,-5.9015,0,-2.26282
2275.21,0.0189507,0.000189507,20020,-5.91131,0,-2.24661
2274.02,0.0189705,0.000189705,20021,-5.92109,0,-2.23035
2272.83,0.0189904,0.000189904,20022,-5.93083,0,-2.21405
2271.64,0.0190103,0.000190103,20023,-5.94054,0,-2.1977
2270.45,0.0190304,0.000190304,20024,-5.95021,0,-2.18131
2269.25,0.0190504,0.000190504,20025,-5.95985,0,-2.16488
2268.05,0.0190706,0.000190706,20026,-5.96945,0,-2.1484
2266.85,0.0190907,0.000190908,20027,-5.97901,0,-2.13188
2265.65,0.019111,0.00019111,20028,-5.98854,0,-2.11531
2264.45,0.0191313,0.000191313,20029,-5.99804,0,-2.0987
2263.24,0.0191517,0.000191517,20030,-6.00749,0,-2.08205
2262.03,0.0191722,0.000191722,20031,-6.01692,0,-2.06535
2260.82,0.0191927,0.000191927,20032,-6.0263,0,-2.04861
2259.61,0.0192133,0.000192133,20033,-6.03565,0,-2.03183
2258.4,0.0192339,0.000192339,20034,-6.04496,0,-2.015
2257.18,0.0192547,0.000192547,20035,-6.05424,0,-1.99812
2255.97,0.0192754,0.000192754,20036,-6.06347,0,-1.9812
2254.75,0.0192963,0.000192963,20037,-6.07267,0,-1.96424
2253.53,0.0193172,0.000193172,20038,-6.08184,0,-1.94724
2252.3,0.0193382,0.000193382,20039,-6.09096,0,-1.93019
2251.08,0.0193592,0.000193592,20040,-6.10005,0,-1.91309
2249.85,0.0193803,0.000193803,20041,-6.1091,0,-1.89595
2248.63,0.0194015,0.000194015,20042,-6.11811,0,-1.87877
2247.4,0.0194227,0.000194227,20043,-6.12708,0,-1.86154
2246.16,0.019444,0.00019444,20044,-6.13601,0,-1.84427
2244.93,0.0194654,0.000194654,20045,-6.1449,0,-1.82696
2243.7,0.0194868,0.000194868,20046,-6.15376,0,-1.8096
2242.46,0.0195083,0.000195083,20047,-6.16257,0,-1.7922
2241.22,0.0195299,0.000195299,20048,-6.17135,0,-1.77475
2239.98,0.0195515,0.000195515,20049,-6.18008,0,-1.75726
2238.74,0.0195732,0.000195732,20050,-6.18878,0,-1.73972
2237.5,0.019595,0.00019595,20051,-6.19743,0,-1.72214
2236.25,0.0196168,0.000196168,20052,-6.20605,0,-1.70452
2235,0.0196387,0.000196387,20053,-6.21462,0,-1.68685
2233.75,0.0196607,0.000196607,20054,-6.22316,0,-1.66914
2232.5,0.0196827,0.000196827,20055,-6.23165,0,-1.65138
2231.25,0.0197048,0.000197048,20056,-6.2401,0,-1.63358
2230,0.0197269,0.000197269,20057,-6.24851,0,-1.61574
2228.74,0.0197492,0.000197492,20058,-6.25688,0,-1.59785
2227.49,0.0197715,0.000197715,20059,-6.2652,0,-1.57991
2226.23,0.0197938,0.000197938,20060,-6.27348,0,-1.56194
2224.97,0.0198163,0.000198163,20061,-6.28173,0,-1.54392
2223.7,0.0198388,0.000198388,20062,-6.28992,0,-1.52585
2222.44,0.0198613,0.000198613,20063,-6.29808,0,-1.50774
2221.18,0.019884,0.00019884,20064,-6.30619,0,-1.48959
2219.91,0.0199067,0.000199067,20065,-6.31426,0,-1.47139
2218.64,0.0199294,0.000199294,20066,-6.32229,0,-1.45315
2217.37,0.0199523,0.000199523,20067,-6.33027,0,-1.43486
2216.1,0.0199752,0.000199752,20068,-6.33821,0,-1.41653
2214.83,0.0199982,0.000199982,20069,-6.34611,0,-1.39816
2213.55,0.0200212,0.000200212,20070,-6.35396,0,-1.37974
2212.27,0.0200443,0.000200443,20071,-6.36176,0,-1.36128
2211,0.0200675,0.000200675,20072,-6.36952,0,-1.34277
2209.72,0.0200907,0.000200907,20073,-6.37724,0,-1.32422
2208.44,0.020114,0.00020114,20074,-6.38491,0,-1.30563
2207.15,0.0201374,0.000201374,20075,-6.39253,0,-1.28699
2205.87,0.0201609,0.000201609,20076,-6.40011,0,-1.26831
2204.58,0.0201844,0.000201844,20077,-6.40765,0,-1.24958
2203.3,0.020208,0.00020208,20078,-6.41514,0,-1.23081
2202.01,0.0202316,0.000202316,20079,-6.42258,0,-1.212
2200.72,0.0202554,0.000202554,20080,-6.42997,0,-1.19314
2199.43,0.0202792,0.000202792,20081,-6.43732,0,-1.17424
2198.13,0.020303,0.00020303,20082,-6.44462,0,-1.1553
2196.84,0.0203269,0.000203269,20083,-6.45187,0,-1.13631
2195.54,0.0203509,0.000203509,20084,-6.45908,0,-1.11728
2194.25,0.020375,0.00020375,20085,-6.46624,0,-1.0982
2192.95,0.0203992,0.000203992,20086,-6.47335,0,-1.07908
2191.65,0.0204234,0.000204234,20087,-6.48041,0,-1.05992
2190.35,0.0204476,0.000204476,20088,-6.48742,0,-1.04071
2189.04,0.020472,0.00020472,20089,-6.49439,0,-1.02146
2187.74,0.0204964,0.000204964,20090,-6.5013,0,-1.00216
2186.43,0.0205209,0.000205209,20091,-6.50817,0,-0.982824
2185.13,0.0205454,0.000205454,20092,-6.51498,0,-0.963443
2183.82,0.0205701,0.000205701,20093,-6.52175,0,-0.944018
2182.51,0.0205947,0.000205947,20094,-6.52847,0,-0.924549
2181.2,0.0206195,0.000206195,20095,-6.53514,0,-0.905037
2179.89,0.0206443,0.000206443,20096,-6.54175,0,-0.885482
2178.57,0.0206692,0.000206692,20097,-6.54832,0,-0.865883
2177.26,0.0206942,0.000206942,20098,-6.55483,0,-0.846241
2175.94,0.0207192,0.000207192,20099,-6.5613,0,-0.826556
2174.63,0.0207444,0.000207444,20100,-6.56771,0,-0.806827
2173.31,0.0207695,0.000207695,20101,-6.57407,0,-0.787055
2171.99,0.0207948,0.000207948,20102,-6.58038,0,-0.767241
2170.67,0.0208201,0.000208201,20103,-6.58663,0,-0.747383
2169.34,0.0208455,0.000208455,20104,-6.59284,0,-0.727482
2168.02,0.020871,0.000208709,20105,-6.59899,0,-0.707538
2166.7,0.0208965,0.000208965,20106,-6.60508,0,-0.687551
2165.37,0.0209221,0.000209221,20107,-6.61113,0,-0.667521
2164.04,0.0209478,0.000209478,20108,-6.61712,0,-0.647448
2162.71,0.0209735,0.000209735,20109,-6.62306,0,-0.627333
2161.39,0.0209993,0.000209993,20110,-6.62894,0,-0.607174
2160.05,0.0210252,0.000210252,20111,-6.63477,0,-0.586973
2158.72,0.0210511,0.000210511,20112,-6.64054,0,-0.56673
2157.39,0.0210772,0.000210772,20113,-6.64627,0,-0.546443
2156.06,0.0211032,0.000211032,20114,-6.65193,0,-0.526115
2154.72,0.0211294,0.000211294,20115,-6.65754,0,-0.505743
2153.38,0.0211556,0.000211556,20116,-6.66309,0,-0.48533
2152.05,0.0211819,0.000211819,20117,-6.66859,0,-0.464874
2150.71,0.0212083,0.000212083,20118,-6.67403,0,-0.444375
2149.37,0.0212347,0.000212348,20119,-6.67942,0,-0.423835
2148.03,0.0212613,0.000212613,20120,-6.68475,0,-0.403252
2146.69,0.0212878,0.000212878,20121,-6.69002,0,-0.382627
2145.34,0.0213145,0.000213145,20122,-6.69523,0,-0.361961
2144,0.0213412,0.000213412,20123,-6.70039,0,-0.341252
2142.66,0.021368,0.00021368,20124,-6.70549,0,-0.320501
2141.31,0.0213949,0.000213949,20125,-6.71053,0,-0.299708
2139.96,0.0214218,0.000214218,20126,-6.71551,0,-0.278874
2138.62,0.0214488,0.000214488,20127,-6.72044,0,-0.257998
2137.27,0.0214759,0.000214759,20128,-6.7253,0,-0.237081
2135.92,0.0215031,0.000215031,20129,-6.73011,0,-0.216122
2134.57,0.0215303,0.000215303,20130,-6.73485,0,-0.195121
2133.22,0.0215576,0.000215576,20131,-6.73954,0,-0.174079
2131.86,0.0215849,0.000215849,20132,-6.74417,0,-0.152996
2130.51,0.0216123,0.000216123,20133,-6.74873,0,-0.131872
2129.16,0.0216398,0.000216398,20134,-6.75324,0,-0.110706
2127.8,0.0216674,0.000216674,20135,-6.75769,0,-0.0894997
2126.44,0.0216951,0.000216951,20136,-6.76207,0,-0.0682522
2125.09,0.0217228,0.000217228,20137,-6.76639,0,-0.0469639
2123.73,0.0217505,0.000217505,20138,-6.77065,0,-0.0256348
2122.37,0.0217784,0.000217784,20139,-6.77485,0,-0.00426506
2121.01,0.0218063,0.000218063,20140,-6.77899,0,0.0171453
2119.65,0.0218343,0.000218343,20141,-6.78306,0,0.0385961
2118.29,0.0218624,0.000218624,20142,-6.78707,0,0.0600873
2116.93,0.0218905,0.000218905,20143,-6.79102,0,0.0816188
2115.57,0.0219187,0.000219187,20144,-6.79491,0,0.103191
2114.2,0.021947,0.00021947,20145,-6.79873,0,0.124802
2112.84,0.0219753,0.000219753,20146,-6.80249,0,0.146454
2111.48,0.0220037,0.000220037,20147,-6.80618,0,0.168146
2110.11,0.0220322,0.000220322,20148,-6.80981,0,0.189877
2108.74,0.0220608,0.000220608,20149,-6.81337,0,0.211648
2107.38,0.0220894,0.000220894,20150,-6.81687,0,0.233459
2106.01,0.0221181,0.000221181,20151,-6.8203,0,0.255309
2104.64,0.0221469,0.000221469,20152,-6.82367,0,0.277199
2103.27,0.0221757,0.000221757,20153,-6.82697,0,0.299127
2101.9,0.0222046,0.000222046,20154,-6.8302,0,0.321095
2100.53,0.0222336,0.000222336,20155,-6.83337,0,0.343102
2099.16,0.0222626,0.000222626,20156,-6.83647,0,0.365147
2097.79,0.0222917,0.000222917,20157,-6.8395,0,0.387232
2096.42,0.0223209,0.000223209,20158,-6.84247,0,0.409355
2095.05,0.0223502,0.000223502,20159,-6.84537,0,0.431516
2093.68,0.0223795,0.000223795,20160,-6.8482,0,0.453716
2092.3,0.0224089,0.000224089,20161,-6.85096,0,0.475954
2090.93,0.0224383,0.000224383,20162,-6.85365,0,0.498231
2089.55,0.0224679,0.000224679,20163,-6.85627,0,0.520545
2088.18,0.0224975,0.000224975,20164,-6.85883,0,0.542897
2086.8,0.0225271,0.000225271,20165,-6.86131,0,0.565287
2085.43,0.0225569,0.000225569,20166,-6.86373,0,0.587714
2084.05,0.0225867,0.000225867,20167,-6.86607,0,0.610179
2082.68,0.0226165,0.000226165,20168,-6.86834,0,0.632681
2081.3,0.0226465,0.000226465,20169,-6.87054,0,0.65522
2079.92,0.0226765,0.000226765,20170,-6.87268,0,0.677796
2078.54,0.0227066,0.000227066,20171,-6.87473,0,0.700409
2077.16,0.0227367,0.000227367,20172,-6.87672,0,0.723059
2075.78,0.0227669,0.000227669,20173,-6.87864,0,0.745745
2074.41,0.0227972,0.000227972,20174,-6.88048,0,0.768467
2073.03,0.0228276,0.000228276,20175,-6.88225,0,0.791226
2071.65,0.022858,0.00022858,20176,-6.88395,0,0.814021
2070.27,0.0228885,0.000228885,20177,-6.88557,0,0.836852
2068.89,0.022919,0.00022919,20178,-6.88712,0,0.859719
2067.5,0.0229497,0.000229497,20179,-6.88859,0,0.882621
2066.12,0.0229803,0.000229803,20180,-6.88999,0,0.905559
2064.74,0.0230111,0.000230111,20181,-6.89132,0,0.928531
2063.36,0.0230419,0.000230419,20182,-6.89257,0,0.951539
2061.98,0.0230728,0.000230728,20183,-6.89375,0,0.974582
2060.6,0.0231038,0.000231038,20184,-6.89485,0,0.99766
2059.21,0.0231348,0.000231348,20185,-6.89587,0,1.02077
2057.83,0.0231659,0.000231659,20186,-6.89682,0,1.04392
2056.45,0.0231971,0.000231971,20187,-6.89769,0,1.0671
2055.07,0.0232283,0.000232283,20188,-6.89848,0,1.09031
2053.68,0.0232596,0.000232596,20189,-6.8992,0,1.11356
2052.3,0.0232909,0.000232909,20190,-6.89984,0,1.13684
2050.92,0.0233224,0.000233224,20191,-6.9004,0,1.16016
2049.54,0.0233538,0.000233538,20192,-6.90088,0,1.18351
2048.15,0.0233854,0.000233854,20193,-6.90129,0,1.20689
2046.77,0.023417,0.00023417,20194,-6.90161,0,1.23031
2045.39,0.0234487,0.000234487,20195,-6.90186,0,1.25375
2044,0.0234804,0.000234804,20196,-6.90202,0,1.27723
2042.62,0.0235123,0.000235123,20197,-6.90211,0,1.30075
2041.24,0.0235441,0.000235441,20198,-6.90212,0,1.32429
2039.85,0.0235761,0.000235761,20199,-6.90204,0,1.34787
2038.47,0.0236081,0.000236081,20200,-6.90189,0,1.37147
2037.09,0.0236402,0.000236402,20201,-6.90165,0,1.39511
2035.7,0.0236723,0.000236723,20202,-6.90133,0,1.41878
2034.32,0.0237045,0.000237045,20203,-6.90093,0,1.44248
2032.94,0.0237367,0.000237367,20204,-6.90045,0,1.46621
2031.55,0.0237691,0.000237691,20205,-6.89989,0,1.48998
2030.17,0.0238015,0.000238015,20206,-6.89924,0,1.51377
2028.79,0.0238339,0.000238339,20207,-6.89851,0,1.53759
2027.41,0.0238664,0.000238664,20208,-6.89769,0,1.56144
2026.02,0.023899,0.00023899,20209,-6.8968,0,1.58533
2024.64,0.0239316,0.000239316,20210,-6.89581,0,1.60924
2023.26,0.0239643,0.000239643,20211,-6.89475,0,1.63318
2021.88,0.0239971,0.000239971,20212,-6.8936,0,1.65715
2020.5,0.0240299,0.000240299,20213,-6.89236,0,1.68115
2019.12,0.0240628,0.000240628,20214,-6.89104,0,1.70517
2017.74,0.0240957,0.000240957,20215,-6.88963,0,1.72923
2016.36,0.0241287,0.000241287,20216,-6.88813,0,1.75331
2014.98,0.0241618,0.000241618,20217,-6.88655,0,1.77742
2013.6,0.0241949,0.000241949,20218,-6.88489,0,1.80156
2012.22,0.0242281,0.000242281,20219,-6.88313,0,1.82572
2010.84,0.0242613,0.000242613,20220,-6.88129,0,1.84991
2009.46,0.0242946,0.000242946,20221,-6.87936,0,1.87413
2008.08,0.024328,0.00024328,20222,-6.87734,0,1.89838
2006.7,0.0243614,0.000243614,20223,-6.87523,0,1.92265
2005.33,0.0243949,0.000243949,20224,-6.87304,0,1.94694
2003.95,0.0244284,0.000244284,20225,-6.87075,0,1.97126
2002.57,0.024462,0.00024462,20226,-6.86838,0,1.99561
2001.2,0.0244956,0.000244956,20227,-6.86592,0,2.01998
1999.82,0.0245293,0.000245293,20228,-6.86336,0,2.04438
1998.45,0.0245631,0.000245631,20229,-6.86072,0,2.0688
1997.07,0.0245969,0.000245969,20230,-6.85798,0,2.09324
1995.7,0.0246308,0.000246308,20231,-6.85516,0,2.11771
1994.33,0.0246647,0.000246647,20232,-6.85224,0,2.1422
1992.96,0.0246987,0.000246987,20233,-6.84923,0,2.16672
1991.58,0.0247327,0.000247327,20234,-6.84613,0,2.19125
1990.21,0.0247668,0.000247668,20235,-6.84293,0,2.21581
1988.84,0.024801,0.000248009,20236,-6.83965,0,2.24039
1987.47,0.0248351,0.000248351,20237,-6.83627,0,2.265
1986.1,0.0248694,0.000248694,20238,-6.83279,0,2.28962
1984.74,0.0249037,0.000249037,20239,-6.82922,0,2.31427
1983.37,0.024938,0.00024938,20240,-6.82556,0,2.33894
1982,0.0249725,0.000249725,20241,-6.82181,0,2.36363
1980.64,0.0250069,0.000250069,20242,-6.81796,0,2.38834
1979.27,0.0250414,0.000250414,20243,-6.81401,0,2.41306
1977.91,0.025076,0.00025076,20244,-6.80997,0,2.43781
1976.54,0.0251106,0.000251106,20245,-6.80583,0,2.46258
1975.18,0.0251452,0.000251452,20246,-6.8016,0,2.48737
1973.82,0.02518,0.0002518,20247,-6.79727,0,2.51217
1972.46,0.0252147,0.000252147,20248,-6.79284,0,2.53699
1971.1,0.0252495,0.000252495,20249,-6.78832,0,2.56184
1969.74,0.0252844,0.000252844,20250,-6.7837,0,2.58669
1968.38,0.0253193,0.000253193,20251,-6.77898,0,2.61157
1967.02,0.0253542,0.000253542,20252,-6.77416,0,2.63646
1965.67,0.0253892,0.000253892,20253,-6.76925,0,2.66137
1964.31,0.0254243,0.000254243,20254,-6.76424,0,2.6863
1962.96,0.0254593,0.000254593,20255,-6.75912,0,2.71124
1961.6,0.0254945,0.000254945,20256,-6.75391,0,2.73619
1960.25,0.0255297,0.000255297,20257,-6.7486,0,2.76116
1958.9,0.0255649,0.000255649,20258,-6.74319,0,2.78615
1957.55,0.0256001,0.000256001,20259,-6.73768,0,2.81115
1956.2,0.0256354,0.000256354,20260,-6.73207,0,2.83616
1954.86,0.0256708,0.000256708,20261,-6.72635,0,2.86119
1953.51,0.0257062,0.000257062,20262,-6.72054,0,2.88623
1952.17,0.0257416,0.000257416,20263,-6.71462,0,2.91128
1950.82,0.0257771,0.000257771,20264,-6.70861,0,2.93635
1949.48,0.0258126,0.000258126,20265,-6.70249,0,2.96143
1948.14,0.0258482,0.000258482,20266,-6.69626,0,2.98651
1946.8,0.0258838,0.000258838,20267,-6.68994,0,3.01161
1945.46,0.0259194,0.000259194,20268,-6.68351,0,3.03672
1944.12,0.0259551,0.000259551,20269,-6.67698,0,3.06184
1942.78,0.0259908,0.000259908,20270,-6.67034,0,3.08697
1941.45,0.0260266,0.000260266,20271,-6.6636,0,3.11211
1940.12,0.0260623,0.000260623,20272,-6.65676,0,3.13726
1938.78,0.0260982,0.000260982,20273,-6.64981,0,3.16241
1937.45,0.026134,0.00026134,20274,-6.64276,0,3.18758
1936.13,0.0261699,0.000261699,20275,-6.6356,0,3.21275
1934.8,0.0262058,0.000262058,20276,-6.62834,0,3.23793
1933.47,0.0262418,0.000262418,20277,-6.62097,0,3.26311
1932.15,0.0262778,0.000262778,20278,-6.61349,0,3.28831
1930.82,0.0263138,0.000263138,20279,-6.60591,0,3.3135
1929.5,0.0263499,0.000263499,20280,-6.59822,0,3.33871
1928.18,0.026386,0.00026386,20281,-6.59042,0,3.36392
1926.86,0.0264221,0.000264221,20282,-6.58252,0,3.38913
1925.55,0.0264582,0.000264582,20283,-6.57451,0,3.41434
1924.23,0.0264944,0.000264944,20284,-6.56639,0,3.43956
1922.92,0.0265306,0.000265306,20285,-6.55817,0,3.46479
1921.61,0.0265669,0.000265669,20286,-6.54983,0,3.49001
1920.3,0.0266031,0.000266031,20287,-6.54139,0,3.51524
1918.99,0.0266394,0.000266394,20288,-6.53283,0,3.54047
1917.68,0.0266757,0.000266757,20289,-6.52417,0,3.5657
1916.38,0.0267121,0.000267121,20290,-6.5154,0,3.59093
1915.07,0.0267484,0.000267484,20291,-6.50652,0,3.61616
1913.77,0.0267848,0.000267848,20292,-6.49753,0,3.64139
1912.47,0.0268212,0.000268212,20293,-6.48842,0,3.66662
1911.18,0.0268576,0.000268576,20294,-6.47921,0,3.69185
1909.88,0.0268941,0.000268941,20295,-6.46989,0,3.71708
1908.59,0.0269306,0.000269306,20296,-6.46045,0,3.7423
1907.29,0.0269671,0.000269671,20297,-6.45091,0,3.76752
1906,0.0270036,0.000270036,20298,-6.44125,0,3.79274
1904.72,0.0270401,0.000270401,20299,-6.43148,0,3.81795
1903.43,0.0270767,0.000270767,20300,-6.4216,0,3.84316
1902.15,0.0271132,0.000271132,20301,-6.4116,0,3.86836
1900.86,0.0271498,0.000271498,20302,-6.40149,0,3.89356
1899.58,0.0271864,0.000271864,20303,-6.39127,0,3.91875
1898.31,0.027223,0.00027223,20304,-6.38094,0,3.94394
1897.03,0.0272597,0.000272597,20305,-6.37049,0,3.96912
1895.76,0.0272963,0.000272963,20306,-6.35993,0,3.99429
1894.49,0.0273329,0.000273329,20307,-6.34926,0,4.01945
1893.22,0.0273696,0.000273696,20308,-6.33847,0,4.0446
1891.95,0.0274063,0.000274063,20309,-6.32757,0,4.06975
1890.68,0.027443,0.00027443,20310,-6.31655,0,4.09488
1889.42,0.0274797,0.000274797,20311,-6.30542,0,4.12001
1888.16,0.0275164,0.000275164,20312,-6.29417,0,4.14512
1886.9,0.0275531,0.000275531,20313,-6.2828,0,4.17022
1885.65,0.0275898,0.000275898,20314,-6.27133,0,4.19531
1884.39,0.0276265,0.000276265,20315,-6.25973,0,4.22038
1883.14,0.0276632,0.000276632,20316,-6.24802,0,4.24545
1881.89,0.0276999,0.000276999,20317,-6.23619,0,4.27049
1880.65,0.0277367,0.000277367,20318,-6.22425,0,4.29553
1879.4,0.0277734,0.000277734,20319,-6.21219,0,4.32055
1878.16,0.0278101,0.000278101,20320,-6.20001,0,4.34555
1876.92,0.0278468,0.000278468,20321,-6.18772,0,4.37053
1875.69,0.0278836,0.000278836,20322,-6.17531,0,4.3955
1874.45,0.0279203,0.000279203,20323,-6.16278,0,4.42046
1873.22,0.027957,0.00027957,20324,-6.15014,0,4.44539
1871.99,0.0279937,0.000279937,20325,-6.13737,0,4.4703
1870.77,0.0280304,0.000280304,20326,-6.12449,0,4.4952
1869.54,0.0280671,0.000280671,20327,-6.11149,0,4.52007
1868.32,0.0281038,0.000281038,20328,-6.09837,0,4.54493
1867.1,0.0281405,0.000281405,20329,-6.08513,0,4.56976
1865.89,0.0281772,0.000281772,20330,-6.07178,0,4.59457
1864.68,0.0282139,0.000282139,20331,-6.0583,0,4.61936
1863.47,0.0282505,0.000282505,20332,-6.04471,0,4.64412
1862.26,0.0282872,0.000282872,20333,-6.031,0,4.66887
1861.05,0.0283238,0.000283238,20334,-6.01717,0,4.69358
1859.85,0.0283604,0.000283604,20335,-6.00321,0,4.71827
1858.65,0.028397,0.00028397,20336,-5.98914,0,4.74294
1857.46,0.0284336,0.000284336,20337,-5.97495,0,4.76758
1856.26,0.0284702,0.000284702,20338,-5.96064,0,4.79219
1855.07,0.0285067,0.000285067,20339,-5.94621,0,4.81677
1853.88,0.0285433,0.000285433,20340,-5.93166,0,4.84133
1852.7,0.0285798,0.000285798,20341,-5.91699,0,4.86586
1851.52,0.0286163,0.000286163,20342,-5.90219,0,4.89035
1850.34,0.0286527,0.000286527,20343,-5.88728,0,4.91482
1849.16,0.0286892,0.000286892,20344,-5.87225,0,4.93925
1847.99,0.0287256,0.000287256,20345,-5.85709,0,4.96366
1846.82,0.028762,0.00028762,20346,-5.84182,0,4.98803
1845.66,0.0287984,0.000287984,20347,-5.82642,0,5.01237
1844.49,0.0288347,0.000288347,20348,-5.81091,0,5.03667
1843.33,0.028871,0.00028871,20349,-5.79527,0,5.06094
1842.17,0.0289073,0.000289073,20350,-5.77951,0,5.08517
1841.02,0.0289435,0.000289435,20351,-5.76363,0,5.10937
1839.87,0.0289797,0.000289797,20352,-5.74762,0,5.13353
1838.72,0.0290159,0.000290159,20353,-5.7315,0,5.15765
1837.58,0.0290521,0.000290521,20354,-5.71525,0,5.18174
1836.44,0.0290882,0.000290882,20355,-5.69888,0,5.20578
1835.3,0.0291242,0.000291242,20356,-5.6824,0,5.22979
1834.17,0.0291603,0.000291603,20357,-5.66578,0,5.25376
1833.04,0.0291962,0.000291962,20358,-5.64905,0,5.27768
1831.91,0.0292322,0.000292322,20359,-5.6322,0,5.30157
1830.78,0.0292681,0.000292681,20360,-5.61522,0,5.32541
1829.66,0.0293039,0.000293039,20361,-5.59812,0,5.3492
1828.55,0.0293398,0.000293398,20362,-5.5809,0,5.37296
1827.43,0.0293755,0.000293755,20363,-5.56355,0,5.39667
1826.32,0.0294112,0.000294112,20364,-5.54609,0,5.42033
1825.22,0.0294469,0.000294469,20365,-5.5285,0,5.44395
1824.11,0.0294825,0.000294825,20366,-5.51079,0,5.46752
1823.01,0.0295181,0.000295181,20367,-5.49296,0,5.49104
1821.92,0.0295536,0.000295536,20368,-5.475,0,5.51452
1820.83,0.0295891,0.000295891,20369,-5.45693,0,5.53794
1819.74,0.0296245,0.000296245,20370,-5.43873,0,5.56132
1818.65,0.0296599,0.000296599,20371,-5.42041,0,5.58464
1817.57,0.0296951,0.000296952,20372,-5.40196,0,5.60792
1816.5,0.0297304,0.000297304,20373,-5.3834,0,5.63114
1815.42,0.0297656,0.000297656,20374,-5.36471,0,5.65431
1814.35,0.0298007,0.000298007,20375,-5.3459,0,5.67742
1813.29,0.0298357,0.000298357,20376,-5.32697,0,5.70048
1812.22,0.0298707,0.000298707,20377,-5.30792,0,5.72349
1811.17,0.0299056,0.000299056,20378,-5.28874,0,5.74643
1810.11,0.0299405,0.000299405,20379,-5.26945,0,5.76933
1809.06,0.0299753,0.000299753,20380,-5.25003,0,5.79216
1808.01,0.03001,0.0003001,20381,-5.23049,0,5.81494
1806.97,0.0300446,0.000300446,20382,-5.21082,0,5.83765
1805.93,0.0300792,0.000300792,20383,-5.19104,0,5.86031
1804.9,0.0301137,0.000301137,20384,-5.17113,0,5.88291
1803.87,0.0301481,0.000301481,20385,-5.15111,0,5.90544
1802.84,0.0301825,0.000301825,20386,-5.13096,0,5.92792
1801.82,0.0302168,0.000302168,20387,-5.11069,0,5.95033
1800.8,0.030251,0.00030251,20388,-5.0903,0,5.97267
1799.78,0.0302851,0.000302851,20389,-5.06979,0,5.99495
1798.77,0.0303191,0.000303191,20390,-5.04915,0,6.01717
1797.77,0.030353,0.00030353,20391,-5.0284,0,6.03932
1796.77,0.0303869,0.000303869,20392,-5.00753,0,6.0614
1795.77,0.0304207,0.000304207,20393,-4.98653,0,6.08342
1794.77,0.0304544,0.000304544,20394,-4.96542,0,6.10536
1793.78,0.030488,0.00030488,20395,-4.94418,0,6.12724
1792.8,0.0305215,0.000305215,20396,-4.92283,0,6.14904
1791.82,0.0305549,0.000305549,20397,-4.90135,0,6.17078
1790.84,0.0305882,0.000305882,20398,-4.87976,0,6.19244
1789.87,0.0306214,0.000306214,20399,-4.85804,0,6.21403
1788.9,0.0306546,0.000306546,20400,-4.83621,0,6.23555
1787.94,0.0306876,0.000306876,20401,-4.81426,0,6.25699
1786.98,0.0307205,0.000307206,20402,-4.79218,0,6.27836
1786.03,0.0307534,0.000307534,20403,-4.76999,0,6.29965
1785.08,0.0307861,0.000307861,20404,-4.74769,0,6.32087
1784.13,0.0308187,0.000308187,20405,-4.72526,0,6.34201
1783.19,0.0308513,0.000308513,20406,-4.70271,0,6.36307
1782.26,0.0308837,0.000308837,20407,-4.68005,0,6.38405
1781.32,0.030916,0.00030916,20408,-4.65727,0,6.40495
1780.4,0.0309482,0.000309482,20409,-4.63437,0,6.42577
1779.47,0.0309803,0.000309803,20410,-4.61136,0,6.44651
1778.56,0.0310123,0.000310123,20411,-4.58822,0,6.46716
1777.64,0.0310442,0.000310442,20412,-4.56497,0,6.48774
1776.73,0.0310759,0.000310759,20413,-4.54161,0,6.50823
1775.83,0.0311076,0.000311076,20414,-4.51813,0,6.52863
1774.93,0.0311391,0.000311391,20415,-4.49453,0,6.54895
1774.04,0.0311705,0.000311705,20416,-4.47082,0,6.56918
1773.15,0.0312018,0.000312018,20417,-4.44699,0,6.58932
1772.26,0.0312329,0.000312329,20418,-4.42305,0,6.60938
1771.38,0.031264,0.00031264,20419,-4.39899,0,6.62935
1770.51,0.0312949,0.000312949,20420,-4.37482,0,6.64923
1769.64,0.0313257,0.000313257,20421,-4.35054,0,6.66901
1768.77,0.0313563,0.000313563,20422,-4.32614,0,6.68871
1767.91,0.0313868,0.000313868,20423,-4.30163,0,6.70831
1767.06,0.0314172,0.000314172,20424,-4.277,0,6.72782
1766.21,0.0314475,0.000314475,20425,-4.25227,0,6.74724
1765.36,0.0314776,0.000314776,20426,-4.22742,0,6.76656
1764.52,0.0315076,0.000315076,20427,-4.20246,0,6.78579
1763.69,0.0315375,0.000315375,20428,-4.17738,0,6.80492
1762.86,0.0315672,0.000315672,20429,-4.1522,0,6.82396
1762.03,0.0315967,0.000315967,20430,-4.12691,0,6.84289
1761.21,0.0316262,0.000316262,20431,-4.1015,0,6.86173
1760.39,0.0316555,0.000316555,20432,-4.07599,0,6.88047
1759.58,0.0316846,0.000316846,20433,-4.05036,0,6.8991
1758.78,0.0317136,0.000317136,20434,-4.02463,0,6.91764
1757.98,0.0317425,0.000317425,20435,-3.99879,0,6.93608
1757.19,0.0317712,0.000317712,20436,-3.97284,0,6.95441
1756.4,0.0317997,0.000317997,20437,-3.94679,0,6.97264
1755.61,0.0318281,0.000318281,20438,-3.92062,0,6.99076
1754.83,0.0318564,0.000318564,20439,-3.89435,0,7.00878
1754.06,0.0318845,0.000318845,20440,-3.86798,0,7.02669
1753.29,0.0319124,0.000319124,20441,-3.84149,0,7.0445
1752.53,0.0319402,0.000319402,20442,-3.8149,0,7.0622
1751.77,0.0319678,0.000319678,20443,-3.78821,0,7.07979
1751.02,0.0319953,0.000319953,20444,-3.76142,0,7.09727
1750.28,0.0320226,0.000320226,20445,-3.73451,0,7.11465
1749.53,0.0320497,0.000320497,20446,-3.70751,0,7.13191
1748.8,0.0320767,0.000320767,20447,-3.6804,0,7.14906
1748.07,0.0321035,0.000321035,20448,-3.65319,0,7.1661
1747.34,0.0321301,0.000321301,20449,-3.62588,0,7.18302
1746.62,0.0321566,0.000321566,20450,-3.59847,0,7.19983
1745.91,0.0321829,0.000321829,20451,-3.57096,0,7.21653
1745.2,0.032209,0.00032209,20452,-3.54335,0,7.23311
1744.5,0.032235,0.00032235,20453,-3.51564,0,7.24958
1743.8,0.0322608,0.000322608,20454,-3.48782,0,7.26593
1743.11,0.0322864,0.000322864,20455,-3.45991,0,7.28216
1742.42,0.0323118,0.000323118,20456,-3.43191,0,7.29827
1741.74,0.032337,0.00032337,20457,-3.4038,0,7.31427
1741.07,0.0323621,0.000323621,20458,-3.3756,0,7.33014
1740.4,0.032387,0.00032387,20459,-3.34731,0,7.3459
1739.74,0.0324117,0.000324117,20460,-3.31891,0,7.36153
1739.08,0.0324362,0.000324362,20461,-3.29043,0,7.37704
1738.43,0.0324605,0.000324605,20462,-3.26184,0,7.39243
1737.78,0.0324846,0.000324846,20463,-3.23317,0,7.40769
1737.14,0.0325086,0.000325086,20464,-3.2044,0,7.42283
1736.51,0.0325323,0.000325323,20465,-3.17554,0,7.43785
1735.88,0.0325559,0.000325559,20466,-3.14659,0,7.45274
1735.26,0.0325793,0.000325793,20467,-3.11755,0,7.46751
1734.64,0.0326025,0.000326025,20468,-3.08842,0,7.48214
1734.03,0.0326254,0.000326254,20469,-3.0592,0,7.49665
1733.42,0.0326482,0.000326482,20470,-3.02989,0,7.51103
1732.82,0.0326708,0.000326708,20471,-3.00049,0,7.52528
1732.23,0.0326932,0.000326932,20472,-2.971,0,7.53941
1731.64,0.0327154,0.000327154,20473,-2.94143,0,7.5534
1731.06,0.0327374,0.000327374,20474,-2.91177,0,7.56726
1730.49,0.0327592,0.000327592,20475,-2.88203,0,7.58098
1729.92,0.0327807,0.000327807,20476,-2.8522,0,7.59458
1729.35,0.0328021,0.000328021,20477,-2.82228,0,7.60804
1728.8,0.0328233,0.000328233,20478,-2.79229,0,7.62137
1728.24,0.0328442,0.000328442,20479,-2.76221,0,7.63456
1727.7,0.032865,0.00032865,20480,-2.73205,0,7.64762
1727.16,0.0328855,0.000328855,20481,-2.70181,0,7.66054
1726.63,0.0329058,0.000329058,20482,-2.67149,0,7.67333
1726.1,0.0329259,0.000329259,20483,-2.64109,0,7.68598
1725.58,0.0329458,0.000329458,20484,-2.61062,0,7.69849
1725.06,0.0329655,0.000329655,20485,-2.58006,0,7.71086
1724.55,0.0329849,0.000329849,20486,-2.54943,0,7.7231
1724.05,0.0330042,0.000330042,20487,-2.51872,0,7.73519
1723.55,0.0330232,0.000330232,20488,-2.48793,0,7.74714
1723.06,0.033042,0.00033042,20489,-2.45708,0,7.75896
1722.58,0.0330606,0.000330606,20490,-2.42614,0,7.77063
1722.1,0.0330789,0.000330789,20491,-2.39514,0,7.78216
1721.63,0.033097,0.00033097,20492,-2.36406,0,7.79354
1721.17,0.0331149,0.000331149,20493,-2.33291,0,7.80479
1720.71,0.0331326,0.000331326,20494,-2.3017,0,7.81589
1720.25,0.0331501,0.000331501,20495,-2.27041,0,7.82684
1719.81,0.0331673,0.000331673,20496,-2.23905,0,7.83765
1719.37,0.0331843,0.000331843,20497,-2.20763,0,7.84831
1718.93,0.033201,0.00033201,20498,-2.17614,0,7.85883
1718.5,0.0332176,0.000332176,20499,-2.14458,0,7.8692
1718.08,0.0332338,0.000332338,20500,-2.11296,0,7.87943
1717.67,0.0332499,0.000332499,20501,-2.08127,0,7.8895
1717.26,0.0332657,0.000332657,20502,-2.04952,0,7.89943
1716.86,0.0332813,0.000332813,20503,-2.01771,0,7.90921
1716.46,0.0332967,0.000332967,20504,-1.98584,0,7.91884
1716.07,0.0333118,0.000333118,20505,-1.9539,0,7.92832
1715.69,0.0333267,0.000333267,20506,-1.92191,0,7.93765
1715.31,0.0333413,0.000333413,20507,-1.88986,0,7.94683
1714.94,0.0333557,0.000333557,20508,-1.85775,0,7.95586
1714.58,0.0333698,0.000333698,20509,-1.82558,0,7.96474
1714.22,0.0333837,0.000333837,20510,-1.79335,0,7.97346
1713.87,0.0333974,0.000333974,20511,-1.76108,0,7.98203
1713.53,0.0334108,0.000334108,20512,-1.72874,0,7.99045
1713.19,0.033424,0.00033424,20513,-1.69636,0,7.99871
1712.86,0.0334369,0.000334369,20514,-1.66392,0,8.00683
1712.53,0.0334496,0.000334496,20515,-1.63143,0,8.01478
1712.22,0.033462,0.00033462,20516,-1.59889,0,8.02258
1711.9,0.0334742,0.000334742,20517,-1.5663,0,8.03023
1711.6,0.0334861,0.000334861,20518,-1.53366,0,8.03772
1711.3,0.0334978,0.000334978,20519,-1.50098,0,8.04506
1711.01,0.0335092,0.000335092,20520,-1.46825,0,8.05223
1710.72,0.0335204,0.000335204,20521,-1.43547,0,8.05925
1710.44,0.0335314,0.000335314,20522,-1.40265,0,8.06612
1710.17,0.033542,0.00033542,20523,-1.36978,0,8.07283
1709.91,0.0335525,0.000335525,20524,-1.33688,0,8.07937
1709.65,0.0335626,0.000335626,20525,-1.30393,0,8.08576
1709.4,0.0335725,0.000335725,20526,-1.27094,0,8.092
1709.15,0.0335822,0.000335822,20527,-1.23791,0,8.09807
1708.91,0.0335916,0.000335916,20528,-1.20484,0,8.10398
1708.68,0.0336007,0.000336007,20529,-1.17174,0,8.10973
1708.45,0.0336096,0.000336096,20530,-1.1386,0,8.11533
1708.23,0.0336182,0.000336182,20531,-1.10542,0,8.12076
1708.02,0.0336266,0.000336266,20532,-1.07221,0,8.12603
1707.81,0.0336347,0.000336347,20533,-1.03897,0,8.13115
1707.62,0.0336425,0.000336425,20534,-1.00569,0,8.1361
1707.42,0.0336501,0.000336501,20535,-0.972382,0,8.14089
1707.24,0.0336574,0.000336574,20536,-0.939044,0,8.14551
1707.06,0.0336645,0.000336645,20537,-0.905677,0,8.14998
1706.89,0.0336713,0.000336713,20538,-0.872282,0,8.15428
1706.72,0.0336778,0.000336778,20539,-0.83886,0,8.15842
1706.56,0.0336841,0.000336841,20540,-0.805412,0,8.1624
1706.41,0.0336901,0.000336901,20541,-0.771938,0,8.16622
1706.26,0.0336959,0.000336959,20542,-0.738441,0,8.16987
1706.12,0.0337014,0.000337014,20543,-0.704921,0,8.17336
1705.99,0.0337066,0.000337066,20544,-0.671379,0,8.17669
1705.87,0.0337115,0.000337115,20545,-0.637816,0,8.17985
1705.75,0.0337162,0.000337162,20546,-0.604234,0,8.18285
1705.64,0.0337206,0.000337206,20547,-0.570632,0,8.18569
1705.53,0.0337248,0.000337248,20548,-0.537013,0,8.18836
1705.43,0.0337287,0.000337287,20549,-0.503378,0,8.19086
1705.34,0.0337323,0.000337323,20550,-0.469727,0,8.19321
1705.26,0.0337357,0.000337357,20551,-0.436062,0,8.19538
1705.18,0.0337388,0.000337388,20552,-0.402383,0,8.1974
1705.11,0.0337416,0.000337416,20553,-0.368692,0,8.19925
1705.04,0.0337441,0.000337441,20554,-0.33499,0,8.20093
1704.99,0.0337464,0.000337464,20555,-0.301278,0,8.20245
1704.93,0.0337485,0.000337485,20556,-0.267557,0,8.2038
1704.89,0.0337502,0.000337502,20557,-0.233828,0,8.20499
1704.85,0.0337517,0.000337517,20558,-0.200091,0,8.20602
1704.82,0.0337529,0.000337529,20559,-0.166349,0,8.20688
1704.8,0.0337539,0.000337539,20560,-0.132603,0,8.20757
1704.78,0.0337545,0.000337545,20561,-0.0988524,0,8.2081
1704.77,0.0337549,0.000337549,20562,-0.0650994,0,8.20846
1704.77,0.0337551,0.000337551,20563,-0.0313448,0,8.20866
1704.77,0.033755,0.00033755,20564,0.00241011,0,8.20869
1704.78,0.0337546,0.000337546,20565,0.0361644,0,8.20856
1704.8,0.0337539,0.000337539,20566,0.069917,0,8.20826
1704.82,0.033753,0.00033753,20567,0.103667,0,8.2078
1704.85,0.0337518,0.000337518,20568,0.137413,0,8.20717
1704.89,0.0337503,0.000337503,20569,0.171154,0,8.20638
1704.93,0.0337486,0.000337486,20570,0.204889,0,8.20542
1704.98,0.0337466,0.000337466,20571,0.238617,0,8.2043
1705.04,0.0337443,0.000337443,20572,0.272336,0,8.20301
1705.1,0.0337418,0.000337418,20573,0.306047,0,8.20156
1705.17,0.033739,0.00033739,20574,0.339747,0,8.19994
1705.25,0.0337359,0.000337359,20575,0.373436,0,8.19815
1705.33,0.0337326,0.000337326,20576,0.407112,0,8.19621
1705.43,0.033729,0.00033729,20577,0.440775,0,8.19409
1705.52,0.0337251,0.000337251,20578,0.474423,0,8.19182
1705.63,0.033721,0.00033721,20579,0.508056,0,8.18938
1705.74,0.0337166,0.000337166,20580,0.541672,0,8.18677
1705.86,0.0337119,0.000337119,20581,0.57527,0,8.184
1705.98,0.033707,0.00033707,20582,0.608849,0,8.18107
1706.11,0.0337018,0.000337018,20583,0.642408,0,8.17798
1706.25,0.0336963,0.000336963,20584,0.675946,0,8.17472
1706.4,0.0336906,0.000336906,20585,0.709463,0,8.17129
1706.55,0.0336846,0.000336846,20586,0.742956,0,8.16771
1706.71,0.0336784,0.000336784,20587,0.776425,0,8.16396
1706.87,0.0336718,0.000336718,20588,0.809869,0,8.16005
1707.04,0.0336651,0.000336651,20589,0.843286,0,8.15597
1707.22,0.033658,0.00033658,20590,0.876677,0,8.15174
1707.41,0.0336507,0.000336507,20591,0.910039,0,8.14734
1707.6,0.0336432,0.000336432,20592,0.943371,0,8.14278
1707.8,0.0336353,0.000336353,20593,0.976674,0,8.13806
1708,0.0336272,0.000336272,20594,1.00994,0,8.13317
1708.22,0.0336189,0.000336189,20595,1.04318,0,8.12813
1708.43,0.0336103,0.000336103,20596,1.07639,0,8.12292
1708.66,0.0336014,0.000336014,20597,1.10956,0,8.11756
1708.89,0.0335923,0.000335923,20598,1.14269,0,8.11204
1709.13,0.0335829,0.000335829,20599,1.17579,0,8.10635
1709.38,0.0335733,0.000335733,20600,1.20885,0,8.10051
1709.63,0.0335634,0.000335634,20601,1.24187,0,8.0945
1709.89,0.0335533,0.000335533,20602,1.27486,0,8.08834
1710.15,0.0335429,0.000335429,20603,1.3078,0,8.08202
1710.42,0.0335322,0.000335322,20604,1.3407,0,8.07554
1710.7,0.0335213,0.000335213,20605,1.37356,0,8.06891
1710.99,0.0335101,0.000335101,20606,1.40637,0,8.06211
1711.28,0.0334987,0.000334987,20607,1.43914,0,8.05516
1711.58,0.0334871,0.000334871,20608,1.47187,0,8.04805
1711.88,0.0334752,0.000334752,20609,1.50454,0,8.04079
1712.19,0.033463,0.00033463,20610,1.53717,0,8.03337
1712.51,0.0334506,0.000334506,20611,1.56975,0,8.0258
1712.83,0.0334379,0.000334379,20612,1.60229,0,8.01807
1713.16,0.033425,0.00033425,20613,1.63477,0,8.01018
1713.5,0.0334119,0.000334119,20614,1.6672,0,8.00214
1713.84,0.0333985,0.000333985,20615,1.69958,0,7.99395
1714.19,0.0333848,0.000333848,20616,1.7319,0,7.98561
1714.55,0.0333709,0.000333709,20617,1.76417,0,7.97711
1714.91,0.0333568,0.000333568,20618,1.79639,0,7.96846
1715.28,0.0333424,0.000333424,20619,1.82855,0,7.95965
1715.66,0.0333278,0.000333278,20620,1.86065,0,7.9507
1716.04,0.033313,0.00033313,20621,1.89269,0,7.94159
1716.43,0.0332979,0.000332979,20622,1.92468,0,7.93234
1716.83,0.0332825,0.000332825,20623,1.95661,0,7.92293
1717.23,0.033267,0.00033267,20624,1.98847,0,7.91337
1717.64,0.0332512,0.000332512,20625,2.02027,0,7.90367
1718.05,0.0332351,0.000332351,20626,2.05202,0,7.89382
1718.47,0.0332189,0.000332189,20627,2.08369,0,7.88382
1718.9,0.0332024,0.000332024,20628,2.11531,0,7.87367
1719.33,0.0331856,0.000331856,20629,2.14685,0,7.86337
1719.77,0.0331687,0.000331687,20630,2.17834,0,7.85293
1720.22,0.0331515,0.000331515,20631,2.20975,0,7.84234
1720.67,0.033134,0.00033134,20632,2.2411,0,7.83161
1721.13,0.0331164,0.000331164,20633,2.27238,0,7.82073
1721.59,0.0330985,0.000330985,20634,2.30359,0,7.80971
1722.06,0.0330804,0.000330804,20635,2.33473,0,7.79855
1722.54,0.033062,0.000330621,20636,2.3658,0,7.78724
1723.02,0.0330435,0.000330435,20637,2.39679,0,7.77579
1723.51,0.0330247,0.000330247,20638,2.42772,0,7.7642
1724.01,0.0330057,0.000330057,20639,2.45856,0,7.75246
1724.51,0.0329865,0.000329865,20640,2.48934,0,7.74059
1725.02,0.0329671,0.000329671,20641,2.52004,0,7.72858
1725.54,0.0329474,0.000329474,20642,2.55066,0,7.71642
1726.06,0.0329275,0.000329275,20643,2.58121,0,7.70413
1726.58,0.0329075,0.000329075,20644,2.61168,0,7.6917
1727.12,0.0328872,0.000328872,20645,2.64207,0,7.67913
1727.65,0.0328666,0.000328666,20646,2.67238,0,7.66643
1728.2,0.0328459,0.000328459,20647,2.70262,0,7.65359
1728.75,0.032825,0.00032825,20648,2.73277,0,7.64061
1729.31,0.0328038,0.000328038,20649,2.76284,0,7.6275
1729.87,0.0327825,0.000327825,20650,2.79282,0,7.61425
1730.44,0.0327609,0.000327609,20651,2.82273,0,7.60087
1731.01,0.0327392,0.000327392,20652,2.85255,0,7.58736
1731.6,0.0327172,0.000327172,20653,2.88229,0,7.57372
1732.18,0.032695,0.00032695,20654,2.91194,0,7.55994
1732.78,0.0326727,0.000326727,20655,2.9415,0,7.54604
1733.37,0.0326501,0.000326501,20656,2.97098,0,7.532
1733.98,0.0326273,0.000326273,20657,3.00037,0,7.51783
1734.59,0.0326044,0.000326044,20658,3.02968,0,7.50354
1735.21,0.0325812,0.000325812,20659,3.05889,0,7.48911
1735.83,0.0325578,0.000325578,20660,3.08802,0,7.47456
1736.46,0.0325343,0.000325343,20661,3.11705,0,7.45989
1737.09,0.0325105,0.000325105,20662,3.146,0,7.44508
1737.73,0.0324866,0.000324866,20663,3.17485,0,7.43015
1738.38,0.0324625,0.000324625,20664,3.20361,0,7.4151
1739.03,0.0324382,0.000324382,20665,3.23228,0,7.39992
1739.68,0.0324137,0.000324137,20666,3.26085,0,7.38462
1740.35,0.032389,0.00032389,20667,3.28934,0,7.3692
1741.02,0.0323641,0.000323641,20668,3.31772,0,7.35366
1741.69,0.0323391,0.000323391,20669,3.34601,0,7.33799
1742.37,0.0323139,0.000323139,20670,3.37421,0,7.32221
1743.05,0.0322885,0.000322885,20671,3.40231,0,7.3063
1743.75,0.0322629,0.000322629,20672,3.43031,0,7.29028
1744.44,0.0322371,0.000322371,20673,3.45822,0,7.27414
1745.14,0.0322112,0.000322112,20674,3.48602,0,7.25788
1745.85,0.0321851,0.000321851,20675,3.51373,0,7.2415
1746.57,0.0321588,0.000321588,20676,3.54134,0,7.22501
1747.28,0.0321323,0.000321323,20677,3.56885,0,7.20841
1748.01,0.0321057,0.000321057,20678,3.59626,0,7.19169
1748.74,0.0320789,0.000320789,20679,3.62357,0,7.17486
1749.47,0.0320519,0.000320519,20680,3.65077,0,7.15791
1750.21,0.0320248,0.000320248,20681,3.67788,0,7.14085
1750.96,0.0319975,0.000319975,20682,3.70488,0,7.12368
1751.71,0.0319701,0.000319701,20683,3.73178,0,7.10641
1752.47,0.0319425,0.000319425,20684,3.75857,0,7.08902
1753.23,0.0319147,0.000319147,20685,3.78526,0,7.07152
1754,0.0318868,0.000318868,20686,3.81185,0,7.05392
1754.77,0.0318587,0.000318587,20687,3.83833,0,7.03621
1755.55,0.0318305,0.000318305,20688,3.86471,0,7.01839
1756.33,0.0318021,0.000318021,20689,3.89098,0,7.00046
1757.12,0.0317735,0.000317735,20690,3.91714,0,6.98244
1757.92,0.0317448,0.000317448,20691,3.9432,0,6.9643
1758.71,0.031716,0.00031716,20692,3.96915,0,6.94607
1759.52,0.031687,0.00031687,20693,3.99499,0,6.92773
1760.33,0.0316579,0.000316579,20694,4.02072,0,6.90929
1761.14,0.0316286,0.000316286,20695,4.04635,0,6.89075
1761.96,0.0315992,0.000315992,20696,4.07187,0,6.87211
1762.79,0.0315696,0.000315696,20697,4.09727,0,6.85337
1763.62,0.0315399,0.000315399,20698,4.12257,0,6.83454
1764.45,0.03151,0.000315101,20699,4.14775,0,6.8156
1765.29,0.0314801,0.000314801,20700,4.17283,0,6.79657
1766.14,0.0314499,0.000314499,20701,4.19779,0,6.77744
1766.99,0.0314197,0.000314197,20702,4.22265,0,6.75822
1767.84,0.0313893,0.000313893,20703,4.24739,0,6.7389
1768.7,0.0313588,0.000313588,20704,4.27202,0,6.71949
1769.57,0.0313282,0.000313282,20705,4.29654,0,6.69999
1770.44,0.0312974,0.000312974,20706,4.32094,0,6.68039
1771.31,0.0312665,0.000312665,20707,4.34523,0,6.66071
1772.19,0.0312355,0.000312355,20708,4.36941,0,6.64093
1773.08,0.0312043,0.000312043,20709,4.39347,0,6.62106
1773.96,0.031173,0.00031173,20710,4.41742,0,6.60111
1774.86,0.0311416,0.000311416,20711,4.44126,0,6.58107
1775.76,0.0311101,0.000311101,20712,4.46498,0,6.56094
1776.66,0.0310785,0.000310785,20713,4.48858,0,6.54072
1777.57,0.0310468,0.000310468,20714,4.51207,0,6.52042
1778.48,0.0310149,0.000310149,20715,4.53545,0,6.50004
1779.4,0.0309829,0.000309829,20716,4.5587,0,6.47957
1780.32,0.0309508,0.000309508,20717,4.58185,0,6.45901
1781.25,0.0309186,0.000309186,20718,4.60487,0,6.43838
1782.18,0.0308863,0.000308863,20719,4.62778,0,6.41766
1783.12,0.0308539,0.000308539,20720,4.65057,0,6.39687
1784.06,0.0308214,0.000308214,20721,4.67325,0,6.37599
1785,0.0307888,0.000307888,20722,4.69581,0,6.35504
1785.95,0.030756,0.00030756,20723,4.71825,0,6.334
1786.9,0.0307232,0.000307232,20724,4.74057,0,6.31289
1787.86,0.0306903,0.000306903,20725,4.76277,0,6.29171
1788.82,0.0306573,0.000306573,20726,4.78486,0,6.27045
1789.79,0.0306241,0.000306241,20727,4.80682,0,6.24911
1790.76,0.0305909,0.000305909,20728,4.82867,0,6.2277
1791.74,0.0305576,0.000305576,20729,4.8504,0,6.20621
1792.72,0.0305242,0.000305242,20730,4.87201,0,6.18466
1793.7,0.0304907,0.000304907,20731,4.89351,0,6.16303
1794.69,0.0304571,0.000304571,20732,4.91488,0,6.14133
1795.69,0.0304234,0.000304234,20733,4.93613,0,6.11956
1796.68,0.0303896,0.000303896,20734,4.95726,0,6.09772
1797.69,0.0303558,0.000303558,20735,4.97828,0,6.07581
1798.69,0.0303219,0.000303219,20736,4.99917,0,6.05384
1799.7,0.0302878,0.000302878,20737,5.01994,0,6.03179
1800.72,0.0302537,0.000302537,20738,5.04059,0,6.00969
1801.73,0.0302195,0.000302195,20739,5.06113,0,5.98751
1802.76,0.0301853,0.000301853,20740,5.08154,0,5.96528
1803.78,0.0301509,0.000301509,20741,5.10183,0,5.94297
1804.81,0.0301165,0.000301165,20742,5.122,0,5.92061
1805.85,0.030082,0.00030082,20743,5.14205,0,5.89818
1806.89,0.0300474,0.000300474,20744,5.16198,0,5.8757
1807.93,0.0300128,0.000300128,20745,5.18179,0,5.85315
1808.97,0.0299781,0.000299781,20746,5.20147,0,5.83054
1810.03,0.0299433,0.000299433,20747,5.22104,0,5.80787
1811.08,0.0299085,0.000299085,20748,5.24048,0,5.78515
1812.14,0.0298735,0.000298735,20749,5.2598,0,5.76236
1813.2,0.0298386,0.000298386,20750,5.27901,0,5.73952
1814.26,0.0298035,0.000298035,20751,5.29809,0,5.71663
1815.33,0.0297684,0.000297684,20752,5.31704,0,5.69368
1816.41,0.0297332,0.000297332,20753,5.33588,0,5.67067
1817.49,0.029698,0.00029698,20754,5.3546,0,5.64762
1818.57,0.0296627,0.000296627,20755,5.37319,0,5.6245
1819.65,0.0296274,0.000296274,20756,5.39166,0,5.60134
1820.74,0.029592,0.00029592,20757,5.41001,0,5.57813
1821.83,0.0295565,0.000295565,20758,5.42824,0,5.55486
1822.93,0.029521,0.00029521,20759,5.44635,0,5.53154
1824.02,0.0294854,0.000294854,20760,5.46434,0,5.50818
1825.13,0.0294498,0.000294498,20761,5.4822,0,5.48477
1826.23,0.0294141,0.000294141,20762,5.49994,0,5.46131
1827.34,0.0293784,0.000293784,20763,5.51757,0,5.4378
1828.46,0.0293427,0.000293427,20764,5.53507,0,5.41425
1829.57,0.0293069,0.000293068,20765,5.55244,0,5.39065
1830.69,0.029271,0.00029271,20766,5.5697,0,5.367
1831.82,0.0292351,0.000292351,20767,5.58683,0,5.34332
1832.94,0.0291992,0.000291992,20768,5.60385,0,5.31959
1834.08,0.0291632,0.000291632,20769,5.62074,0,5.29581
1835.21,0.0291271,0.000291271,20770,5.63751,0,5.272
1836.35,0.0290911,0.000290911,20771,5.65416,0,5.24814
1837.49,0.029055,0.00029055,20772,5.67069,0,5.22425
1838.63,0.0290188,0.000290188,20773,5.68709,0,5.20031
1839.78,0.0289827,0.000289827,20774,5.70338,0,5.17634
1840.93,0.0289465,0.000289465,20775,5.71954,0,5.15233
1842.08,0.0289102,0.000289102,20776,5.73559,0,5.12827
1843.24,0.028874,0.00028874,20777,5.75151,0,5.10419
1844.4,0.0288377,0.000288377,20778,5.76731,0,5.08007
1845.56,0.0288013,0.000288013,20779,5.78299,0,5.05591
1846.73,0.028765,0.00028765,20780,5.79855,0,5.03171
1847.9,0.0287286,0.000287286,20781,5.81399,0,5.00749
1849.07,0.0286922,0.000286922,20782,5.82931,0,4.98323
1850.24,0.0286557,0.000286557,20783,5.84451,0,4.95893
1851.42,0.0286193,0.000286193,20784,5.85959,0,4.93461
1852.6,0.0285828,0.000285828,20785,5.87455,0,4.91025
1853.79,0.0285463,0.000285463,20786,5.88939,0,4.88587
1854.97,0.0285097,0.000285097,20787,5.90411,0,4.86145
1856.16,0.0284732,0.000284732,20788,5.9187,0,4.837
1857.36,0.0284366,0.000284366,20789,5.93318,0,4.81253
1858.55,0.0284,0.000284,20790,5.94754,0,4.78803
1859.75,0.0283634,0.000283634,20791,5.96178,0,4.7635
1860.95,0.0283268,0.000283268,20792,5.9759,0,4.73894
1862.16,0.0282902,0.000282902,20793,5.98991,0,4.71436
1863.37,0.0282535,0.000282535,20794,6.00379,0,4.68975
1864.58,0.0282169,0.000282169,20795,6.01755,0,4.66512
1865.79,0.0281802,0.000281802,20796,6.0312,0,4.64046
1867,0.0281435,0.000281435,20797,6.04473,0,4.61578
1868.22,0.0281068,0.000281068,20798,6.05814,0,4.59108
1869.44,0.0280702,0.000280702,20799,6.07143,0,4.56636
1870.67,0.0280335,0.000280335,20800,6.0846,0,4.54161
1871.89,0.0279967,0.000279967,20801,6.09765,0,4.51685
1873.12,0.02796,0.0002796,20802,6.11059,0,4.49206
1874.35,0.0279233,0.000279233,20803,6.12341,0,4.46725
1875.59,0.0278866,0.000278866,20804,6.13612,0,4.44243
1876.82,0.0278499,0.000278499,20805,6.1487,0,4.41758
1878.06,0.0278131,0.000278131,20806,6.16117,0,4.39272
1879.3,0.0277764,0.000277764,20807,6.17352,0,4.36784
1880.55,0.0277397,0.000277397,20808,6.18576,0,4.34295
1881.79,0.0277029,0.000277029,20809,6.19788,0,4.31804
1883.04,0.0276662,0.000276662,20810,6.20988,0,4.29311
1884.29,0.0276295,0.000276295,20811,6.22177,0,4.26817
1885.54,0.0275928,0.000275928,20812,6.23354,0,4.24321
1886.8,0.0275561,0.000275561,20813,6.2452,0,4.21824
1888.06,0.0275194,0.000275194,20814,6.25674,0,4.19326
1889.32,0.0274827,0.000274827,20815,6.26816,0,4.16827
1890.58,0.027446,0.00027446,20816,6.27948,0,4.14326
1891.85,0.0274093,0.000274093,20817,6.29067,0,4.11824
1893.11,0.0273726,0.000273726,20818,6.30176,0,4.09321
1894.38,0.027336,0.00027336,20819,6.31272,0,4.06818
1895.65,0.0272993,0.000272993,20820,6.32358,0,4.04313
1896.93,0.0272627,0.000272627,20821,6.33432,0,4.01807
1898.2,0.027226,0.00027226,20822,6.34495,0,3.993
1899.48,0.0271894,0.000271894,20823,6.35546,0,3.96793
1900.76,0.0271528,0.000271528,20824,6.36586,0,3.94285
1902.04,0.0271162,0.000271162,20825,6.37615,0,3.91776
1903.32,0.0270797,0.000270797,20826,6.38633,0,3.89266
1904.61,0.0270431,0.000270431,20827,6.39639,0,3.86756
1905.9,0.0270066,0.000270066,20828,6.40635,0,3.84246
1907.19,0.0269701,0.000269701,20829,6.41619,0,3.81735
1908.48,0.0269336,0.000269336,20830,6.42592,0,3.79223
1909.77,0.0268971,0.000268971,20831,6.43553,0,3.76711
1911.07,0.0268606,0.000268606,20832,6.44504,0,3.74199
1912.37,0.0268242,0.000268242,20833,6.45444,0,3.71687
1913.67,0.0267878,0.000267878,20834,6.46372,0,3.69174
1914.97,0.0267514,0.000267514,20835,6.4729,0,3.66661
1916.27,0.026715,0.00026715,20836,6.48197,0,3.64148
1917.57,0.0266787,0.000266787,20837,6.49092,0,3.61635
1918.88,0.0266424,0.000266424,20838,6.49977,0,3.59122
1920.19,0.0266061,0.000266061,20839,6.50851,0,3.56609
1921.5,0.0265698,0.000265698,20840,6.51714,0,3.54096
1922.81,0.0265336,0.000265336,20841,6.52566,0,3.51583
1924.12,0.0264974,0.000264974,20842,6.53407,0,3.49071
1925.44,0.0264612,0.000264612,20843,6.54238,0,3.46558
1926.76,0.026425,0.00026425,20844,6.55057,0,3.44046
1928.07,0.0263889,0.000263889,20845,6.55866,0,3.41534
1929.39,0.0263528,0.000263528,20846,6.56665,0,3.39023
1930.72,0.0263168,0.000263168,20847,6.57452,0,3.36512
1932.04,0.0262807,0.000262807,20848,6.58229,0,3.34001
1933.36,0.0262447,0.000262447,20849,6.58996,0,3.31491
1934.69,0.0262088,0.000262088,20850,6.59751,0,3.28982
1936.02,0.0261728,0.000261728,20851,6.60496,0,3.26473
1937.35,0.0261369,0.000261369,20852,6.61231,0,3.23964
1938.68,0.0261011,0.000261011,20853,6.61955,0,3.21457
1940.01,0.0260653,0.000260653,20854,6.62669,0,3.1895
1941.34,0.0260295,0.000260295,20855,6.63372,0,3.16444
1942.68,0.0259937,0.000259937,20856,6.64065,0,3.13938
1944.01,0.025958,0.00025958,20857,6.64747,0,3.11434
1945.35,0.0259223,0.000259223,20858,6.65419,0,3.0893
1946.69,0.0258867,0.000258867,20859,6.66081,0,3.06427
1948.03,0.0258511,0.000258511,20860,6.66733,0,3.03926
1949.37,0.0258155,0.000258155,20861,6.67374,0,3.01425
1950.71,0.02578,0.0002578,20862,6.68005,0,2.98926
1952.05,0.0257445,0.000257445,20863,6.68626,0,2.96427
1953.4,0.0257091,0.000257091,20864,6.69236,0,2.9393
1954.75,0.0256737,0.000256737,20865,6.69837,0,2.91434
1956.09,0.0256383,0.000256383,20866,6.70427,0,2.88939
1957.44,0.025603,0.00025603,20867,6.71007,0,2.86445
1958.79,0.0255678,0.000255678,20868,6.71578,0,2.83953
1960.14,0.0255325,0.000255325,20869,6.72138,0,2.81462
1961.49,0.0254973,0.000254973,20870,6.72688,0,2.78972
1962.85,0.0254622,0.000254622,20871,6.73228,0,2.76484
1964.2,0.0254271,0.000254271,20872,6.73759,0,2.73997
1965.56,0.0253921,0.000253921,20873,6.74279,0,2.71512
1966.91,0.0253571,0.000253571,20874,6.7479,0,2.69028
1968.27,0.0253221,0.000253221,20875,6.75291,0,2.66546
1969.63,0.0252872,0.000252872,20876,6.75782,0,2.64065
1970.99,0.0252524,0.000252524,20877,6.76263,0,2.61586
1972.35,0.0252175,0.000252175,20878,6.76734,0,2.59109
1973.71,0.0251828,0.000251828,20879,6.77196,0,2.56633
1975.07,0.0251481,0.000251481,20880,6.77648,0,2.54159
1976.43,0.0251134,0.000251134,20881,6.78091,0,2.51687
1977.79,0.0250788,0.000250788,20882,6.78524,0,2.49217
1979.16,0.0250442,0.000250442,20883,6.78947,0,2.46749
1980.52,0.0250097,0.000250097,20884,6.79361,0,2.44282
1981.89,0.0249753,0.000249753,20885,6.79766,0,2.41818
1983.26,0.0249409,0.000249409,20886,6.8016,0,2.39355
1984.62,0.0249065,0.000249065,20887,6.80546,0,2.36894
1985.99,0.0248722,0.000248722,20888,6.80922,0,2.34436
1987.36,0.0248379,0.000248379,20889,6.81289,0,2.31979
1988.73,0.0248037,0.000248037,20890,6.81646,0,2.29525
1990.1,0.0247696,0.000247696,20891,6.81994,0,2.27072
1991.47,0.0247355,0.000247355,20892,6.82333,0,2.24622
1992.84,0.0247015,0.000247015,20893,6.82662,0,2.22174
1994.22,0.0246675,0.000246675,20894,6.82982,0,2.19728
1995.59,0.0246336,0.000246336,20895,6.83293,0,2.17284
1996.96,0.0245997,0.000245997,20896,6.83595,0,2.14843
1998.34,0.0245659,0.000245659,20897,6.83888,0,2.12404
1999.71,0.0245321,0.000245321,20898,6.84172,0,2.09967
2001.09,0.0244984,0.000244984,20899,6.84447,0,2.07533
2002.46,0.0244648,0.000244648,20900,6.84713,0,2.05101
2003.84,0.0244312,0.000244312,20901,6.84969,0,2.02671
2005.21,0.0243976,0.000243976,20902,6.85217,0,2.00244
2006.59,0.0243641,0.000243641,20903,6.85456,0,1.9782
2007.97,0.0243307,0.000243307,20904,6.85686,0,1.95397
2009.35,0.0242974,0.000242974,20905,6.85907,0,1.92978
2010.73,0.0242641,0.000242641,20906,6.8612,0,1.90561
2012.1,0.0242308,0.000242308,20907,6.86323,0,1.88146
2013.48,0.0241976,0.000241976,20908,6.86518,0,1.85734
2014.86,0.0241645,0.000241645,20909,6.86704,0,1.83325
2016.24,0.0241315,0.000241315,20910,6.86881,0,1.80918
2017.62,0.0240984,0.000240984,20911,6.8705,0,1.78514
2019,0.0240655,0.000240655,20912,6.8721,0,1.76113
2020.38,0.0240326,0.000240326,20913,6.87362,0,1.73715
2021.77,0.0239998,0.000239998,20914,6.87505,0,1.71319
2023.15,0.023967,0.00023967,20915,6.87639,0,1.68926
2024.53,0.0239343,0.000239343,20916,6.87765,0,1.66536
2025.91,0.0239017,0.000239017,20917,6.87883,0,1.64149
2027.29,0.0238691,0.000238691,20918,6.87992,0,1.61764
2028.67,0.0238366,0.000238366,20919,6.88093,0,1.59383
2030.06,0.0238041,0.000238041,20920,6.88185,0,1.57004
2031.44,0.0237717,0.000237717,20921,6.88269,0,1.54628
2032.82,0.0237394,0.000237394,20922,6.88345,0,1.52256
2034.21,0.0237072,0.000237072,20923,6.88413,0,1.49886
2035.59,0.023675,0.00023675,20924,6.88472,0,1.47519
2036.97,0.0236428,0.000236428,20925,6.88523,0,1.45155
2038.35,0.0236107,0.000236107,20926,6.88566,0,1.42795
2039.74,0.0235787,0.000235787,20927,6.88601,0,1.40437
2041.12,0.0235468,0.000235468,20928,6.88628,0,1.38083
2042.5,0.0235149,0.000235149,20929,6.88646,0,1.35731
2043.89,0.0234831,0.000234831,20930,6.88657,0,1.33383
2045.27,0.0234513,0.000234513,20931,6.88659,0,1.31038
2046.65,0.0234196,0.000234196,20932,6.88654,0,1.28696
2048.04,0.023388,0.00023388,20933,6.88641,0,1.26357
2049.42,0.0233565,0.000233565,20934,6.8862,0,1.24021
2050.8,0.023325,0.00023325,20935,6.88591,0,1.21689
2052.19,0.0232935,0.000232935,20936,6.88554,0,1.1936
2053.57,0.0232622,0.000232622,20937,6.88509,0,1.17034
2054.95,0.0232309,0.000232309,20938,6.88457,0,1.14712
2056.34,0.0231996,0.000231996,20939,6.88397,0,1.12393
2057.72,0.0231685,0.000231685,20940,6.88329,0,1.10077
2059.1,0.0231374,0.000231374,20941,6.88253,0,1.07764
2060.48,0.0231064,0.000231064,20942,6.8817,0,1.05455
2061.86,0.0230754,0.000230754,20943,6.88079,0,1.03149
2063.25,0.0230445,0.000230445,20944,6.87981,0,1.00847
2064.63,0.0230137,0.000230137,20945,6.87875,0,0.985481
2066.01,0.0229829,0.000229829,20946,6.87761,0,0.962526
2067.39,0.0229522,0.000229522,20947,6.8764,0,0.939606
2068.77,0.0229216,0.000229216,20948,6.87512,0,0.91672
2070.15,0.022891,0.00022891,20949,6.87376,0,0.89387
2071.53,0.0228605,0.000228605,20950,6.87233,0,0.871054
2072.91,0.0228301,0.000228301,20951,6.87082,0,0.848274
2074.29,0.0227997,0.000227997,20952,6.86925,0,0.825529
2075.67,0.0227694,0.000227694,20953,6.86759,0,0.802819
2077.05,0.0227392,0.000227392,20954,6.86587,0,0.780145
2078.43,0.0227091,0.000227091,20955,6.86407,0,0.757508
2079.81,0.022679,0.00022679,20956,6.8622,0,0.734906
2081.18,0.022649,0.00022649,20957,6.86026,0,0.71234
2082.56,0.022619,0.00022619,20958,6.85825,0,0.689811
2083.94,0.0225891,0.000225891,20959,6.85617,0,0.667318
2085.31,0.0225593,0.000225593,20960,6.85401,0,0.644862
2086.69,0.0225296,0.000225296,20961,6.85179,0,0.622442
2088.07,0.0224999,0.000224999,20962,6.8495,0,0.600059
2089.44,0.0224703,0.000224703,20963,6.84713,0,0.577714
2090.81,0.0224408,0.000224408,20964,6.8447,0,0.555405
2092.19,0.0224113,0.000224113,20965,6.84219,0,0.533134
2093.56,0.0223819,0.000223819,20966,6.83962,0,0.510901
2094.94,0.0223526,0.000223526,20967,6.83698,0,0.488705
2096.31,0.0223233,0.000223233,20968,6.83427,0,0.466546
2097.68,0.0222941,0.000222941,20969,6.83149,0,0.444426
2099.05,0.022265,0.00022265,20970,6.82865,0,0.422343
2100.42,0.022236,0.00022236,20971,6.82574,0,0.400299
2101.79,0.022207,0.00022207,20972,6.82276,0,0.378293
2103.16,0.0221781,0.000221781,20973,6.81971,0,0.356325
2104.53,0.0221493,0.000221493,20974,6.8166,0,0.334395
2105.9,0.0221205,0.000221205,20975,6.81342,0,0.312505
2107.27,0.0220918,0.000220918,20976,6.81017,0,0.290653
2108.63,0.0220632,0.000220632,20977,6.80686,0,0.268839
2110,0.0220346,0.000220346,20978,6.80349,0,0.247065
2111.36,0.0220061,0.000220061,20979,6.80005,0,0.225329
2112.73,0.0219777,0.000219777,20980,6.79654,0,0.203633
2114.09,0.0219493,0.000219493,20981,6.79297,0,0.181976
2115.46,0.0219211,0.000219211,20982,6.78933,0,0.160359
2116.82,0.0218928,0.000218928,20983,6.78564,0,0.138781
2118.18,0.0218647,0.000218647,20984,6.78187,0,0.117242
2119.54,0.0218366,0.000218366,20985,6.77805,0,0.095743
2120.9,0.0218086,0.000218086,20986,6.77416,0,0.0742839
2122.26,0.0217807,0.000217807,20987,6.77021,0,0.0528646
2123.62,0.0217529,0.000217529,20988,6.76619,0,0.0314853
2124.98,0.0217251,0.000217251,20989,6.76212,0,0.010146
2126.33,0.0216973,0.000216973,20990,6.75798,0,-0.0111531
2127.69,0.0216697,0.000216697,20991,6.75378,0,-0.032412
2129.04,0.0216421,0.000216421,20992,6.74952,0,-0.0536306
2130.4,0.0216146,0.000216146,20993,6.7452,0,-0.0748087
2131.75,0.0215872,0.000215872,20994,6.74081,0,-0.0959463
2133.1,0.0215598,0.000215598,20995,6.73637,0,-0.117043
2134.45,0.0215325,0.000215325,20996,6.73187,0,-0.1381
2135.81,0.0215053,0.000215053,20997,6.7273,0,-0.159115
2137.15,0.0214782,0.000214782,20998,6.72268,0,-0.18009
2138.5,0.0214511,0.000214511,20999,6.718,0,-0.201024
2139.85,0.0214241,0.000214241,21000,6.71326,0,-0.221917
2141.2,0.0213971,0.000213971,21001,6.70846,0,-0.242768
2142.54,0.0213703,0.000213703,21002,6.7036,0,-0.263579
2143.89,0.0213434,0.000213434,21003,6.69868,0,-0.284348
2145.23,0.0213167,0.000213167,21004,6.69371,0,-0.305076
2146.58,0.0212901,0.000212901,21005,6.68867,0,-0.325763
2147.92,0.0212635,0.000212635,21006,6.68358,0,-0.346408
2149.26,0.0212369,0.000212369,21007,6.67844,0,-0.367012
2150.6,0.0212105,0.000212105,21008,6.67323,0,-0.387574
2151.94,0.0211841,0.000211841,21009,6.66797,0,-0.408094
2153.27,0.0211578,0.000211578,21010,6.66265,0,-0.428573
2154.61,0.0211316,0.000211316,21011,6.65728,0,-0.44901
2155.94,0.0211054,0.000211054,21012,6.65185,0,-0.469405
2157.28,0.0210793,0.000210793,21013,6.64637,0,-0.489759
2158.61,0.0210533,0.000210533,21014,6.64083,0,-0.51007
2159.94,0.0210273,0.000210273,21015,6.63523,0,-0.530339
2161.27,0.0210014,0.000210014,21016,6.62958,0,-0.550566
2162.6,0.0209756,0.000209756,21017,6.62388,0,-0.570751
2163.93,0.0209499,0.000209499,21018,6.61812,0,-0.590894
2165.26,0.0209242,0.000209242,21019,6.61231,0,-0.610995
2166.59,0.0208986,0.000208986,21020,6.60644,0,-0.631053
2167.91,0.0208731,0.000208731,21021,6.60052,0,-0.651069
2169.23,0.0208476,0.000208476,21022,6.59455,0,-0.671043
2170.56,0.0208222,0.000208222,21023,6.58852,0,-0.690974
2171.88,0.0207969,0.000207969,21024,6.58244,0,-0.710862
2173.2,0.0207716,0.000207716,21025,6.57631,0,-0.730708
2174.52,0.0207464,0.000207464,21026,6.57012,0,-0.750512
2175.83,0.0207213,0.000207213,21027,6.56389,0,-0.770272
2177.15,0.0206963,0.000206963,21028,6.5576,0,-0.789991
2178.46,0.0206713,0.000206713,21029,6.55126,0,-0.809666
2179.78,0.0206464,0.000206464,21030,6.54487,0,-0.829299
2181.09,0.0206216,0.000206216,21031,6.53843,0,-0.848889
2182.4,0.0205968,0.000205968,21032,6.53194,0,-0.868436
2183.71,0.0205721,0.000205721,21033,6.5254,0,-0.88794
2185.02,0.0205475,0.000205475,21034,6.51881,0,-0.907401
2186.33,0.0205229,0.000205229,21035,6.51216,0,-0.926819
2187.63,0.0204984,0.000204984,21036,6.50547,0,-0.946194
2188.94,0.020474,0.00020474,21037,6.49873,0,-0.965526
2190.24,0.0204497,0.000204497,21038,6.49194,0,-0.984816
2191.54,0.0204254,0.000204254,21039,6.4851,0,-1.00406
2192.84,0.0204012,0.000204012,21040,6.47821,0,-1.02326
2194.14,0.020377,0.00020377,21041,6.47127,0,-1.04242
2195.44,0.0203529,0.000203529,21042,6.46429,0,-1.06154
2196.73,0.0203289,0.000203289,21043,6.45725,0,-1.08061
2198.03,0.020305,0.00020305,21044,6.45017,0,-1.09964
2199.32,0.0202811,0.000202811,21045,6.44304,0,-1.11863
2200.61,0.0202573,0.000202573,21046,6.43587,0,-1.13757
2201.9,0.0202336,0.000202336,21047,6.42864,0,-1.15647
2203.19,0.0202099,0.000202099,21048,6.42137,0,-1.17533
2204.48,0.0201864,0.000201864,21049,6.41405,0,-1.19415
2205.76,0.0201628,0.000201628,21050,6.40669,0,-1.21292
2207.05,0.0201394,0.000201394,21051,6.39928,0,-1.23164
2208.33,0.020116,0.00020116,21052,6.39182,0,-1.25033
2209.61,0.0200927,0.000200927,21053,6.38432,0,-1.26897
2210.89,0.0200694,0.000200694,21054,6.37678,0,-1.28756
2212.17,0.0200462,0.000200462,21055,6.36918,0,-1.30611
2213.44,0.0200231,0.000200231,21056,6.36155,0,-1.32462
2214.72,0.0200001,0.000200001,21057,6.35386,0,-1.34309
2215.99,0.0199771,0.000199771,21058,6.34614,0,-1.36151
2217.26,0.0199542,0.000199542,21059,6.33837,0,-1.37989
2218.53,0.0199313,0.000199313,21060,6.33055,0,-1.39823
2219.8,0.0199086,0.000199086,21061,6.32269,0,-1.41652
2221.07,0.0198859,0.000198859,21062,6.31479,0,-1.43477
2222.34,0.0198632,0.000198632,21063,6.30684,0,-1.45297
2223.6,0.0198406,0.000198406,21064,6.29885,0,-1.47113
2224.86,0.0198181,0.000198181,21065,6.29082,0,-1.48925
2226.12,0.0197957,0.000197957,21066,6.28274,0,-1.50732
2227.38,0.0197733,0.000197733,21067,6.27462,0,-1.52535
2228.64,0.019751,0.00019751,21068,6.26646,0,-1.54334
2229.89,0.0197288,0.000197288,21069,6.25826,0,-1.56128
2231.15,0.0197066,0.000197066,21070,6.25002,0,-1.57918
2232.4,0.0196845,0.000196845,21071,6.24173,0,-1.59703
2233.65,0.0196625,0.000196625,21072,6.2334,0,-1.61485
2234.9,0.0196405,0.000196405,21073,6.22503,0,-1.63261
2236.15,0.0196186,0.000196186,21074,6.21662,0,-1.65034
2237.39,0.0195968,0.000195968,21075,6.20817,0,-1.66802
2238.64,0.019575,0.00019575,21076,6.19967,0,-1.68565
2239.88,0.0195533,0.000195533,21077,6.19114,0,-1.70325
2241.12,0.0195317,0.000195317,21078,6.18257,0,-1.7208
2242.36,0.0195101,0.000195101,21079,6.17395,0,-1.7383
2243.59,0.0194886,0.000194886,21080,6.1653,0,-1.75576
2244.83,0.0194672,0.000194672,21081,6.15661,0,-1.77318
2246.06,0.0194458,0.000194458,21082,6.14787,0,-1.79056
2247.29,0.0194245,0.000194245,21083,6.1391,0,-1.80789
2248.52,0.0194032,0.000194032,21084,6.13029,0,-1.82517
2249.75,0.0193821,0.000193821,21085,6.12144,0,-1.84242
2250.98,0.0193609,0.000193609,21086,6.11255,0,-1.85962
2252.2,0.0193399,0.000193399,21087,6.10362,0,-1.87677
2253.42,0.0193189,0.000193189,21088,6.09466,0,-1.89389
2254.65,0.019298,0.00019298,21089,6.08565,0,-1.91096
2255.86,0.0192772,0.000192772,21090,6.07661,0,-1.92798
2257.08,0.0192564,0.000192564,21091,6.06753,0,-1.94496
2258.3,0.0192357,0.000192357,21092,6.05841,0,-1.9619
2259.51,0.019215,0.00019215,21093,6.04926,0,-1.97879
2260.72,0.0191944,0.000191944,21094,6.04007,0,-1.99564
2261.93,0.0191739,0.000191739,21095,6.03084,0,-2.01245
2263.14,0.0191534,0.000191534,21096,6.02157,0,-2.02921
2264.34,0.019133,0.00019133,21097,6.01227,0,-2.04593
2265.55,0.0191127,0.000191127,21098,6.00293,0,-2.06261
2266.75,0.0190924,0.000190924,21099,5.99356,0,-2.07924
2267.95,0.0190722,0.000190722,21100,5.98415,0,-2.09583
2269.15,0.0190521,0.000190521,21101,5.9747,0,-2.11238
2270.35,0.019032,0.00019032,21102,5.96522,0,-2.12888
2271.54,0.019012,0.00019012,21103,5.9557,0,-2.14534
2272.73,0.0189921,0.000189921,21104,5.94615,0,-2.16175
2273.92,0.0189722,0.000189722,21105,5.93656,0,-2.17812
2275.11,0.0189524,0.000189524,21106,5.92694,0,-2.19445
2276.3,0.0189326,0.000189326,21107,5.91728,0,-2.21073
2277.48,0.0189129,0.000189129,21108,5.90759,0,-2.22697
2278.67,0.0188933,0.000188933,21109,5.89786,0,-2.24317
2279.85,0.0188737,0.000188737,21110,5.8881,0,-2.25932
2281.03,0.0188542,0.000188542,21111,5.8783,0,-2.27543
2282.2,0.0188348,0.000188348,21112,5.86848,0,-2.2915
2283.38,0.0188154,0.000188154,21113,5.85861,0,-2.30752
2284.55,0.0187961,0.000187961,21114,5.84872,0,-2.3235
2285.72,0.0187768,0.000187768,21115,5.83879,0,-2.33944
2286.89,0.0187576,0.000187576,21116,5.82882,0,-2.35533
2288.06,0.0187385,0.000187385,21117,5.81883,0,-2.37118
2289.22,0.0187194,0.000187194,21118,5.8088,0,-2.38699
2290.39,0.0187004,0.000187004,21119,5.79874,0,-2.40275
2291.55,0.0186815,0.000186815,21120,5.78865,0,-2.41847
2292.7,0.0186626,0.000186626,21121,5.77852,0,-2.43415
2293.86,0.0186438,0.000186438,21122,5.76836,0,-2.44978
2295.02,0.0186251,0.000186251,21123,5.75817,0,-2.46538
2296.17,0.0186064,0.000186064,21124,5.74795,0,-2.48092
2297.32,0.0185877,0.000185877,21125,5.7377,0,-2.49643
2298.47,0.0185692,0.000185692,21126,5.72741,0,-2.51189
2299.61,0.0185507,0.000185507,21127,5.7171,0,-2.52731
2300.76,0.0185322,0.000185322,21128,5.70675,0,-2.54268
2301.9,0.0185138,0.000185138,21129,5.69637,0,-2.55801
2303.04,0.0184955,0.000184955,21130,5.68596,0,-2.5733
2304.18,0.0184772,0.000184772,21131,5.67552,0,-2.58855
2305.31,0.018459,0.00018459,21132,5.66505,0,-2.60375
2306.45,0.0184409,0.000184409,21133,5.65455,0,-2.61891
2307.58,0.0184228,0.000184228,21134,5.64402,0,-2.63402
2308.71,0.0184048,0.000184048,21135,5.63346,0,-2.6491
2309.84,0.0183868,0.000183868,21136,5.62287,0,-2.66413
2310.96,0.0183689,0.000183689,21137,5.61225,0,-2.67912
2312.08,0.0183511,0.000183511,21138,5.6016,0,-2.69406
2313.21,0.0183333,0.000183333,21139,5.59093,0,-2.70896
2314.32,0.0183156,0.000183156,21140,5.58022,0,-2.72382
2315.44,0.0182979,0.000182979,21141,5.56948,0,-2.73864
2316.56,0.0182803,0.000182803,21142,5.55871,0,-2.75341
2317.67,0.0182628,0.000182628,21143,5.54792,0,-2.76814
2318.78,0.0182453,0.000182453,21144,5.5371,0,-2.78283
2319.89,0.0182279,0.000182279,21145,5.52624,0,-2.79748
2320.99,0.0182105,0.000182105,21146,5.51536,0,-2.81208
2322.09,0.0181932,0.000181932,21147,5.50446,0,-2.82664
2323.2,0.018176,0.00018176,21148,5.49352,0,-2.84116
2324.29,0.0181588,0.000181588,21149,5.48256,0,-2.85563
2325.39,0.0181417,0.000181417,21150,5.47156,0,-2.87007
2326.49,0.0181246,0.000181246,21151,5.46054,0,-2.88446
2327.58,0.0181076,0.000181076,21152,5.4495,0,-2.8988
2328.67,0.0180906,0.000180906,21153,5.43842,0,-2.91311
2329.76,0.0180737,0.000180737,21154,5.42732,0,-2.92737
2330.84,0.0180569,0.000180569,21155,5.4162,0,-2.94159
2331.93,0.0180401,0.000180401,21156,5.40504,0,-2.95577
2333.01,0.0180234,0.000180234,21157,5.39386,0,-2.96991
2334.09,0.0180068,0.000180068,21158,5.38265,0,-2.984
2335.16,0.0179902,0.000179902,21159,5.37142,0,-2.99805
2336.24,0.0179736,0.000179736,21160,5.36016,0,-3.01206
2337.31,0.0179571,0.000179571,21161,5.34887,0,-3.02603
2338.38,0.0179407,0.000179407,21162,5.33756,0,-3.03995
2339.45,0.0179243,0.000179243,21163,5.32622,0,-3.05383
2340.51,0.017908,0.00017908,21164,5.31485,0,-3.06767
2341.57,0.0178918,0.000178918,21165,5.30346,0,-3.08147
2342.63,0.0178756,0.000178756,21166,5.29205,0,-3.09523
2343.69,0.0178594,0.000178594,21167,5.28061,0,-3.10894
2344.75,0.0178433,0.000178433,21168,5.26914,0,-3.12261
2345.8,0.0178273,0.000178273,21169,5.25765,0,-3.13624
2346.85,0.0178114,0.000178114,21170,5.24614,0,-3.14983
2347.9,0.0177954,0.000177954,21171,5.2346,0,-3.16338
2348.95,0.0177796,0.000177796,21172,5.22303,0,-3.17688
2349.99,0.0177638,0.000177638,21173,5.21144,0,-3.19035
2351.04,0.017748,0.00017748,21174,5.19983,0,-3.20377
2352.08,0.0177324,0.000177324,21175,5.18819,0,-3.21715
2353.11,0.0177167,0.000177167,21176,5.17653,0,-3.23048
2354.15,0.0177011,0.000177011,21177,5.16484,0,-3.24378
2355.18,0.0176856,0.000176856,21178,5.15313,0,-3.25703
2356.21,0.0176702,0.000176702,21179,5.1414,0,-3.27025
2357.24,0.0176548,0.000176548,21180,5.12964,0,-3.28342
2358.26,0.0176394,0.000176394,21181,5.11786,0,-3.29655
2359.29,0.0176241,0.000176241,21182,5.10606,0,-3.30963
2360.31,0.0176089,0.000176089,21183,5.09423,0,-3.32268
2361.33,0.0175937,0.000175937,21184,5.08238,0,-3.33568
2362.34,0.0175786,0.000175786,21185,5.07051,0,-3.34865
2363.36,0.0175635,0.000175635,21186,5.05862,0,-3.36157
2364.37,0.0175485,0.000175485,21187,5.0467,0,-3.37445
2365.38,0.0175335,0.000175335,21188,5.03476,0,-3.38729
2366.38,0.0175186,0.000175186,21189,5.02279,0,-3.40009
2367.39,0.0175037,0.000175037,21190,5.01081,0,-3.41284
2368.39,0.0174889,0.000174889,21191,4.9988,0,-3.42556
2369.39,0.0174742,0.000174742,21192,4.98677,0,-3.43823
2370.38,0.0174595,0.000174595,21193,4.97472,0,-3.45087
2371.38,0.0174449,0.000174449,21194,4.96265,0,-3.46346
2372.37,0.0174303,0.000174303,21195,4.95055,0,-3.47601
2373.36,0.0174157,0.000174157,21196,4.93843,0,-3.48852
2374.35,0.0174013,0.000174013,21197,4.9263,0,-3.50099
2375.33,0.0173868,0.000173868,21198,4.91414,0,-3.51341
2376.31,0.0173725,0.000173725,21199,4.90196,0,-3.5258
2377.29,0.0173582,0.000173582,21200,4.88975,0,-3.53815
2378.27,0.0173439,0.000173439,21201,4.87753,0,-3.55045
2379.24,0.0173297,0.000173297,21202,4.86529,0,-3.56272
2380.22,0.0173155,0.000173155,21203,4.85302,0,-3.57494
2381.19,0.0173014,0.000173014,21204,4.84074,0,-3.58712
2382.15,0.0172874,0.000172874,21205,4.82843,0,-3.59927
2383.12,0.0172734,0.000172734,21206,4.81611,0,-3.61137
2384.08,0.0172595,0.000172595,21207,4.80376,0,-3.62343
2385.04,0.0172456,0.000172456,21208,4.7914,0,-3.63545
2386,0.0172317,0.000172317,21209,4.77901,0,-3.64743
2386.95,0.017218,0.00017218,21210,4.7666,0,-3.65937
2387.9,0.0172042,0.000172042,21211,4.75418,0,-3.67126
2388.85,0.0171906,0.000171906,21212,4.74173,0,-3.68312
2389.8,0.0171769,0.000171769,21213,4.72926,0,-3.69494
2390.75,0.0171634,0.000171634,21214,4.71678,0,-3.70672
2391.69,0.0171498,0.000171498,21215,4.70428,0,-3.71845
2392.63,0.0171364,0.000171364,21216,4.69175,0,-3.73015
2393.56,0.017123,0.00017123,21217,4.67921,0,-3.74181
2394.5,0.0171096,0.000171096,21218,4.66665,0,-3.75342
2395.43,0.0170963,0.000170963,21219,4.65407,0,-3.765
2396.36,0.017083,0.00017083,21220,4.64147,0,-3.77653
2397.29,0.0170698,0.000170698,21221,4.62885,0,-3.78803
2398.21,0.0170567,0.000170567,21222,4.61621,0,-3.79949
2399.13,0.0170435,0.000170435,21223,4.60355,0,-3.8109
2400.05,0.0170305,0.000170305,21224,4.59088,0,-3.82228
2400.97,0.0170175,0.000170175,21225,4.57819,0,-3.83361
2401.88,0.0170045,0.000170045,21226,4.56547,0,-3.84491
2402.8,0.0169916,0.000169916,21227,4.55275,0,-3.85616
2403.71,0.0169788,0.000169788,21228,4.54,0,-3.86738
2404.61,0.016966,0.00016966,21229,4.52723,0,-3.87855
2405.52,0.0169532,0.000169532,21230,4.51445,0,-3.88969
2406.42,0.0169405,0.000169405,21231,4.50165,0,-3.90079
2407.32,0.0169279,0.000169279,21232,4.48883,0,-3.91184
2408.21,0.0169153,0.000169153,21233,4.476,0,-3.92286
2409.11,0.0169027,0.000169027,21234,4.46314,0,-3.93384
2410,0.0168902,0.000168902,21235,4.45027,0,-3.94477
2410.89,0.0168778,0.000168778,21236,4.43738,0,-3.95567
2411.77,0.0168654,0.000168654,21237,4.42448,0,-3.96653
2412.65,0.0168531,0.000168531,21238,4.41156,0,-3.97735
2413.54,0.0168408,0.000168408,21239,4.39862,0,-3.98813
2414.41,0.0168285,0.000168285,21240,4.38566,0,-3.99887
2415.29,0.0168163,0.000168163,21241,4.37269,0,-4.00957
2416.16,0.0168042,0.000168042,21242,4.3597,0,-4.02023
2417.03,0.0167921,0.000167921,21243,4.34669,0,-4.03085
2417.9,0.01678,0.0001678,21244,4.33367,0,-4.04143
2418.76,0.016768,0.00016768,21245,4.32063,0,-4.05198
2419.63,0.0167561,0.000167561,21246,4.30758,0,-4.06248
2420.49,0.0167442,0.000167442,21247,4.29451,0,-4.07294
2421.34,0.0167323,0.000167323,21248,4.28142,0,-4.08337
2422.2,0.0167205,0.000167205,21249,4.26832,0,-4.09376
2423.05,0.0167088,0.000167088,21250,4.2552,0,-4.1041
2423.9,0.0166971,0.000166971,21251,4.24206,0,-4.11441
2424.75,0.0166854,0.000166854,21252,4.22891,0,-4.12468
2425.59,0.0166738,0.000166738,21253,4.21574,0,-4.13491
2426.43,0.0166622,0.000166622,21254,4.20256,0,-4.1451
2427.27,0.0166507,0.000166507,21255,4.18936,0,-4.15526
2428.1,0.0166393,0.000166393,21256,4.17615,0,-4.16537
2428.94,0.0166279,0.000166279,21257,4.16292,0,-4.17544
2429.77,0.0166165,0.000166165,21258,4.14968,0,-4.18548
2430.6,0.0166052,0.000166052,21259,4.13642,0,-4.19548
2431.42,0.0165939,0.000165939,21260,4.12315,0,-4.20544
2432.24,0.0165827,0.000165827,21261,4.10986,0,-4.21536
2433.06,0.0165715,0.000165715,21262,4.09656,0,-4.22524
2433.88,0.0165604,0.000165604,21263,4.08324,0,-4.23508
2434.7,0.0165493,0.000165493,21264,4.06991,0,-4.24488
2435.51,0.0165383,0.000165383,21265,4.05656,0,-4.25465
2436.32,0.0165273,0.000165273,21266,4.0432,0,-4.26438
2437.12,0.0165164,0.000165164,21267,4.02982,0,-4.27407
2437.93,0.0165055,0.000165055,21268,4.01643,0,-4.28372
2438.73,0.0164946,0.000164946,21269,4.00303,0,-4.29333
2439.53,0.0164838,0.000164838,21270,3.98961,0,-4.3029
2440.32,0.0164731,0.000164731,21271,3.97617,0,-4.31244
2441.11,0.0164624,0.000164624,21272,3.96273,0,-4.32193
2441.9,0.0164517,0.000164517,21273,3.94927,0,-4.33139
2442.69,0.0164411,0.000164411,21274,3.93579,0,-4.34081
2443.48,0.0164306,0.000164306,21275,3.9223,0,-4.35019
2444.26,0.0164201,0.000164201,21276,3.9088,0,-4.35954
2445.04,0.0164096,0.000164096,21277,3.89529,0,-4.36884
2445.82,0.0163992,0.000163992,21278,3.88176,0,-4.37811
2446.59,0.0163888,0.000163888,21279,3.86821,0,-4.38734
2447.36,0.0163785,0.000163785,21280,3.85466,0,-4.39653
2448.13,0.0163682,0.000163682,21281,3.84109,0,-4.40569
2448.89,0.016358,0.00016358,21282,3.82751,0,-4.4148
2449.66,0.0163478,0.000163478,21283,3.81391,0,-4.42388
2450.42,0.0163376,0.000163376,21284,3.8003,0,-4.43292
2451.17,0.0163275,0.000163275,21285,3.78668,0,-4.44192
2451.93,0.0163175,0.000163175,21286,3.77305,0,-4.45089
2452.68,0.0163075,0.000163075,21287,3.7594,0,-4.45981
2453.43,0.0162975,0.000162975,21288,3.74574,0,-4.4687
2454.18,0.0162876,0.000162876,21289,3.73207,0,-4.47756
2454.92,0.0162777,0.000162777,21290,3.71838,0,-4.48637
2455.66,0.0162679,0.000162679,21291,3.70468,0,-4.49514
2456.4,0.0162581,0.000162581,21292,3.69097,0,-4.50388
2457.14,0.0162484,0.000162484,21293,3.67725,0,-4.51258
2457.87,0.0162387,0.000162387,21294,3.66352,0,-4.52125
2458.6,0.0162291,0.000162291,21295,3.64977,0,-4.52987
2459.33,0.0162195,0.000162195,21296,3.63601,0,-4.53846
2460.05,0.0162099,0.000162099,21297,3.62224,0,-4.54701
2460.77,0.0162004,0.000162004,21298,3.60846,0,-4.55553
2461.49,0.016191,0.00016191,21299,3.59466,0,-4.564
2462.21,0.0161816,0.000161816,21300,3.58085,0,-4.57244
2462.92,0.0161722,0.000161722,21301,3.56704,0,-4.58084
2463.63,0.0161628,0.000161628,21302,3.55321,0,-4.58921
2464.34,0.0161536,0.000161536,21303,3.53936,0,-4.59754
2465.04,0.0161443,0.000161443,21304,3.52551,0,-4.60583
2465.75,0.0161351,0.000161351,21305,3.51165,0,-4.61408
2466.44,0.016126,0.00016126,21306,3.49777,0,-4.62229
2467.14,0.0161169,0.000161169,21307,3.48388,0,-4.63047
2467.83,0.0161078,0.000161078,21308,3.46998,0,-4.63861
2468.53,0.0160988,0.000160988,21309,3.45607,0,-4.64672
2469.21,0.0160898,0.000160898,21310,3.44215,0,-4.65479
2469.9,0.0160809,0.000160809,21311,3.42822,0,-4.66282
2470.58,0.016072,0.00016072,21312,3.41428,0,-4.67081
2471.26,0.0160632,0.000160632,21313,3.40032,0,-4.67877
2471.94,0.0160544,0.000160544,21314,3.38636,0,-4.68669
2472.61,0.0160456,0.000160456,21315,3.37238,0,-4.69457
2473.28,0.0160369,0.000160369,21316,3.3584,0,-4.70242
2473.95,0.0160283,0.000160283,21317,3.3444,0,-4.71023
2474.62,0.0160196,0.000160196,21318,3.33039,0,-4.718
2475.28,0.0160111,0.000160111,21319,3.31637,0,-4.72574
2475.94,0.0160025,0.000160025,21320,3.30234,0,-4.73343
2476.6,0.015994,0.00015994,21321,3.28831,0,-4.7411
2477.25,0.0159856,0.000159856,21322,3.27426,0,-4.74872
2477.9,0.0159772,0.000159772,21323,3.2602,0,-4.75631
2478.55,0.0159688,0.000159688,21324,3.24613,0,-4.76387
2479.2,0.0159605,0.000159605,21325,3.23205,0,-4.77138
2479.84,0.0159522,0.000159522,21326,3.21796,0,-4.77886
2480.48,0.015944,0.00015944,21327,3.20386,0,-4.78631
2481.12,0.0159358,0.000159358,21328,3.18975,0,-4.79371
2481.75,0.0159276,0.000159276,21329,3.17563,0,-4.80108
2482.39,0.0159195,0.000159195,21330,3.1615,0,-4.80842
2483.02,0.0159115,0.000159115,21331,3.14736,0,-4.81572
2483.64,0.0159034,0.000159034,21332,3.13321,0,-4.82298
2484.26,0.0158955,0.000158955,21333,3.11905,0,-4.8302
2484.89,0.0158875,0.000158875,21334,3.10489,0,-4.83739
2485.5,0.0158796,0.000158796,21335,3.09071,0,-4.84455
2486.12,0.0158718,0.000158718,21336,3.07652,0,-4.85166
2486.73,0.015864,0.00015864,21337,3.06233,0,-4.85874
2487.34,0.0158562,0.000158562,21338,3.04812,0,-4.86579
2487.94,0.0158485,0.000158485,21339,3.03391,0,-4.8728
2488.55,0.0158408,0.000158408,21340,3.01968,0,-4.87977
2489.15,0.0158332,0.000158332,21341,3.00545,0,-4.8867
2489.75,0.0158256,0.000158256,21342,2.99121,0,-4.89361
2490.34,0.015818,0.00015818,21343,2.97696,0,-4.90047
2490.93,0.0158105,0.000158105,21344,2.9627,0,-4.9073
2491.52,0.015803,0.00015803,21345,2.94843,0,-4.91409
2492.11,0.0157956,0.000157956,21346,2.93415,0,-4.92085
2492.69,0.0157882,0.000157882,21347,2.91986,0,-4.92757
2493.27,0.0157809,0.000157809,21348,2.90557,0,-4.93425
2493.85,0.0157735,0.000157735,21349,2.89126,0,-4.9409
2494.42,0.0157663,0.000157663,21350,2.87695,0,-4.94752
2494.99,0.0157591,0.000157591,21351,2.86263,0,-4.95409
2495.56,0.0157519,0.000157519,21352,2.8483,0,-4.96063
2496.13,0.0157447,0.000157447,21353,2.83396,0,-4.96714
2496.69,0.0157376,0.000157376,21354,2.81962,0,-4.97361
2497.25,0.0157306,0.000157306,21355,2.80526,0,-4.98005
2497.81,0.0157236,0.000157236,21356,2.7909,0,-4.98644
2498.36,0.0157166,0.000157166,21357,2.77653,0,-4.99281
2498.91,0.0157096,0.000157096,21358,2.76215,0,-4.99914
2499.46,0.0157027,0.000157027,21359,2.74777,0,-5.00543
2500.01,0.0156959,0.000156959,21360,2.73337,0,-5.01169
2500.55,0.0156891,0.000156891,21361,2.71897,0,-5.01791
2501.09,0.0156823,0.000156823,21362,2.70456,0,-5.02409
2501.63,0.0156756,0.000156756,21363,2.69014,0,-5.03024
2502.16,0.0156689,0.000156689,21364,2.67571,0,-5.03636
2502.69,0.0156622,0.000156622,21365,2.66128,0,-5.04244
2503.22,0.0156556,0.000156556,21366,2.64684,0,-5.04848
2503.75,0.015649,0.00015649,21367,2.63239,0,-5.05449
2504.27,0.0156425,0.000156425,21368,2.61793,0,-5.06047
2504.79,0.015636,0.00015636,21369,2.60347,0,-5.0664
2505.31,0.0156296,0.000156296,21370,2.58899,0,-5.07231
2505.82,0.0156232,0.000156232,21371,2.57451,0,-5.07818
2506.33,0.0156168,0.000156168,21372,2.56003,0,-5.08401
2506.84,0.0156105,0.000156105,21373,2.54553,0,-5.08981
2507.34,0.0156042,0.000156042,21374,2.53103,0,-5.09557
2507.85,0.0155979,0.000155979,21375,2.51652,0,-5.1013
2508.35,0.0155917,0.000155917,21376,2.50201,0,-5.10699
2508.84,0.0155856,0.000155856,21377,2.48749,0,-5.11265
2509.33,0.0155794,0.000155794,21378,2.47296,0,-5.11827
2509.83,0.0155734,0.000155734,21379,2.45842,0,-5.12386
2510.31,0.0155673,0.000155673,21380,2.44388,0,-5.12941
2510.8,0.0155613,0.000155613,21381,2.42933,0,-5.13493
2511.28,0.0155553,0.000155553,21382,2.41477,0,-5.14041
2511.76,0.0155494,0.000155494,21383,2.40021,0,-5.14585
2512.23,0.0155435,0.000155435,21384,2.38563,0,-5.15127
2512.71,0.0155377,0.000155377,21385,2.37106,0,-5.15664
2513.18,0.0155318,0.000155318,21386,2.35647,0,-5.16199
2513.64,0.0155261,0.000155261,21387,2.34188,0,-5.1673
2514.11,0.0155203,0.000155203,21388,2.32729,0,-5.17257
2514.57,0.0155147,0.000155147,21389,2.31268,0,-5.17781
2515.03,0.015509,0.00015509,21390,2.29807,0,-5.18301
2515.48,0.0155034,0.000155034,21391,2.28346,0,-5.18818
2515.93,0.0154978,0.000154978,21392,2.26883,0,-5.19331
2516.38,0.0154923,0.000154923,21393,2.2542,0,-5.19841
2516.83,0.0154868,0.000154868,21394,2.23957,0,-5.20348
2517.27,0.0154813,0.000154813,21395,2.22493,0,-5.20851
2517.71,0.0154759,0.000154759,21396,2.21028,0,-5.2135
2518.15,0.0154705,0.000154705,21397,2.19563,0,-5.21846
2518.59,0.0154652,0.000154652,21398,2.18097,0,-5.22339
2519.02,0.0154599,0.000154599,21399,2.1663,0,-5.22828
2519.45,0.0154546,0.000154546,21400,2.15163,0,-5.23314
2519.87,0.0154494,0.000154494,21401,2.13695,0,-5.23796
2520.29,0.0154442,0.000154442,21402,2.12227,0,-5.24275
2520.71,0.0154391,0.000154391,21403,2.10758,0,-5.2475
2521.13,0.015434,0.00015434,21404,2.09288,0,-5.25222
2521.55,0.0154289,0.000154289,21405,2.07818,0,-5.25691
2521.96,0.0154239,0.000154239,21406,2.06348,0,-5.26156
2522.36,0.0154189,0.000154189,21407,2.04877,0,-5.26617
2522.77,0.0154139,0.000154139,21408,2.03405,0,-5.27075
2523.17,0.015409,0.00015409,21409,2.01933,0,-5.2753
2523.57,0.0154042,0.000154042,21410,2.0046,0,-5.27981
2523.97,0.0153993,0.000153993,21411,1.98986,0,-5.28429
2524.36,0.0153945,0.000153945,21412,1.97512,0,-5.28874
2524.75,0.0153898,0.000153898,21413,1.96038,0,-5.29315
2525.14,0.015385,0.00015385,21414,1.94563,0,-5.29752
2525.52,0.0153804,0.000153804,21415,1.93088,0,-5.30186
2525.9,0.0153757,0.000153757,21416,1.91612,0,-5.30617
2526.28,0.0153711,0.000153711,21417,1.90135,0,-5.31044
2526.66,0.0153665,0.000153665,21418,1.88658,0,-5.31468
2527.03,0.015362,0.00015362,21419,1.8718,0,-5.31889
2527.4,0.0153575,0.000153575,21420,1.85702,0,-5.32306
2527.77,0.0153531,0.000153531,21421,1.84224,0,-5.32719
2528.13,0.0153487,0.000153487,21422,1.82745,0,-5.33129
2528.49,0.0153443,0.000153443,21423,1.81265,0,-5.33536
2528.85,0.0153399,0.000153399,21424,1.79785,0,-5.3394
2529.2,0.0153356,0.000153356,21425,1.78305,0,-5.3434
2529.55,0.0153314,0.000153314,21426,1.76824,0,-5.34736
2529.9,0.0153271,0.000153271,21427,1.75342,0,-5.35129
2530.25,0.015323,0.00015323,21428,1.73861,0,-5.35519
2530.59,0.0153188,0.000153188,21429,1.72378,0,-5.35906
2530.93,0.0153147,0.000153147,21430,1.70895,0,-5.36289
2531.27,0.0153106,0.000153106,21431,1.69412,0,-5.36668
2531.6,0.0153066,0.000153066,21432,1.67928,0,-5.37044
2531.93,0.0153026,0.000153026,21433,1.66444,0,-5.37417
2532.26,0.0152986,0.000152986,21434,1.6496,0,-5.37787
2532.59,0.0152947,0.000152947,21435,1.63475,0,-5.38153
2532.91,0.0152908,0.000152908,21436,1.61989,0,-5.38515
2533.23,0.0152869,0.000152869,21437,1.60503,0,-5.38875
2533.54,0.0152831,0.000152831,21438,1.59017,0,-5.3923
2533.86,0.0152794,0.000152794,21439,1.5753,0,-5.39583
2534.17,0.0152756,0.000152756,21440,1.56043,0,-5.39932
2534.47,0.0152719,0.000152719,21441,1.54556,0,-5.40278
2534.78,0.0152683,0.000152683,21442,1.53068,0,-5.4062
2535.08,0.0152646,0.000152646,21443,1.51579,0,-5.40959
2535.38,0.015261,0.00015261,21444,1.50091,0,-5.41295
2535.67,0.0152575,0.000152575,21445,1.48601,0,-5.41627
2535.96,0.015254,0.00015254,21446,1.47112,0,-5.41956
2536.25,0.0152505,0.000152505,21447,1.45622,0,-5.42281
2536.54,0.0152471,0.000152471,21448,1.44132,0,-5.42603
2536.82,0.0152437,0.000152437,21449,1.42641,0,-5.42922
2537.1,0.0152403,0.000152403,21450,1.4115,0,-5.43237
2537.38,0.015237,0.00015237,21451,1.39659,0,-5.4355
2537.65,0.0152337,0.000152337,21452,1.38167,0,-5.43858
2537.92,0.0152304,0.000152304,21453,1.36675,0,-5.44164
2538.19,0.0152272,0.000152272,21454,1.35182,0,-5.44465
2538.46,0.015224,0.00015224,21455,1.33689,0,-5.44764
2538.72,0.0152209,0.000152209,21456,1.32196,0,-5.45059
2538.98,0.0152178,0.000152178,21457,1.30703,0,-5.45351
2539.23,0.0152147,0.000152147,21458,1.29209,0,-5.4564
2539.49,0.0152117,0.000152117,21459,1.27715,0,-5.45925
2539.74,0.0152087,0.000152087,21460,1.2622,0,-5.46207
2539.98,0.0152057,0.000152057,21461,1.24725,0,-5.46485
2540.23,0.0152028,0.000152028,21462,1.2323,0,-5.4676
2540.47,0.0151999,0.000151999,21463,1.21735,0,-5.47032
2540.71,0.0151971,0.000151971,21464,1.20239,0,-5.473
2540.94,0.0151942,0.000151942,21465,1.18743,0,-5.47565
2541.18,0.0151915,0.000151915,21466,1.17246,0,-5.47827
2541.4,0.0151887,0.000151887,21467,1.15749,0,-5.48085
2541.63,0.015186,0.00015186,21468,1.14252,0,-5.4834
2541.85,0.0151834,0.000151834,21469,1.12755,0,-5.48592
2542.07,0.0151807,0.000151807,21470,1.11257,0,-5.4884
2542.29,0.0151781,0.000151781,21471,1.0976,0,-5.49085
2542.5,0.0151756,0.000151756,21472,1.08261,0,-5.49327
2542.72,0.0151731,0.000151731,21473,1.06763,0,-5.49565
2542.92,0.0151706,0.000151706,21474,1.05264,0,-5.498
2543.13,0.0151681,0.000151681,21475,1.03765,0,-5.50032
2543.33,0.0151657,0.000151657,21476,1.02266,0,-5.5026
2543.53,0.0151634,0.000151634,21477,1.00766,0,-5.50485
2543.73,0.015161,0.00015161,21478,0.992664,0,-5.50707
2543.92,0.0151587,0.000151587,21479,0.977664,0,-5.50925
2544.11,0.0151565,0.000151565,21480,0.96266,0,-5.5114
2544.3,0.0151542,0.000151542,21481,0.947655,0,-5.51352
2544.48,0.015152,0.00015152,21482,0.932647,0,-5.5156
2544.66,0.0151499,0.000151499,21483,0.917636,0,-5.51765
2544.84,0.0151478,0.000151478,21484,0.902623,0,-5.51967
2545.01,0.0151457,0.000151457,21485,0.887608,0,-5.52165
2545.18,0.0151436,0.000151436,21486,0.87259,0,-5.5236
2545.35,0.0151416,0.000151416,21487,0.85757,0,-5.52552
2545.52,0.0151397,0.000151397,21488,0.842548,0,-5.5274
2545.68,0.0151377,0.000151377,21489,0.827524,0,-5.52925
2545.84,0.0151358,0.000151358,21490,0.812498,0,-5.53107
2546,0.015134,0.00015134,21491,0.79747,0,-5.53286
2546.15,0.0151321,0.000151321,21492,0.782439,0,-5.53461
2546.3,0.0151303,0.000151303,21493,0.767407,0,-5.53632
2546.45,0.0151286,0.000151286,21494,0.752372,0,-5.53801
2546.6,0.0151269,0.000151269,21495,0.737336,0,-5.53966
2546.74,0.0151252,0.000151252,21496,0.722297,0,-5.54128
2546.88,0.0151235,0.000151235,21497,0.707257,0,-5.54286
2547.01,0.0151219,0.000151219,21498,0.692215,0,-5.54442
2547.14,0.0151204,0.000151204,21499,0.677171,0,-5.54593
2547.27,0.0151188,0.000151188,21500,0.662125,0,-5.54742
2547.4,0.0151173,0.000151173,21501,0.647078,0,-5.54887
2547.52,0.0151158,0.000151158,21502,0.632029,0,-5.55029
2547.64,0.0151144,0.000151144,21503,0.616978,0,-5.55168
2547.76,0.015113,0.00015113,21504,0.601926,0,-5.55303
2547.88,0.0151117,0.000151117,21505,0.586872,0,-5.55435
2547.99,0.0151103,0.000151103,21506,0.571816,0,-5.55564
2548.1,0.0151091,0.000151091,21507,0.556759,0,-5.55689
2548.2,0.0151078,0.000151078,21508,0.541701,0,-5.55811
2548.3,0.0151066,0.000151066,21509,0.526641,0,-5.5593
2548.4,0.0151054,0.000151054,21510,0.51158,0,-5.56045
2548.5,0.0151043,0.000151043,21511,0.496517,0,-5.56158
2548.59,0.0151032,0.000151032,21512,0.481454,0,-5.56266
2548.68,0.0151021,0.000151021,21513,0.466388,0,-5.56372
2548.77,0.0151011,0.000151011,21514,0.451322,0,-5.56474
2548.86,0.0151001,0.000151001,21515,0.436254,0,-5.56573
2548.94,0.0150991,0.000150991,21516,0.421185,0,-5.56669
2549.01,0.0150982,0.000150982,21517,0.406116,0,-5.56761
2549.09,0.0150973,0.000150973,21518,0.391044,0,-5.5685
2549.16,0.0150964,0.000150964,21519,0.375972,0,-5.56936
2549.23,0.0150956,0.000150956,21520,0.360899,0,-5.57018
2549.3,0.0150948,0.000150948,21521,0.345825,0,-5.57097
2549.36,0.0150941,0.000150941,21522,0.33075,0,-5.57173
2549.42,0.0150934,0.000150934,21523,0.315674,0,-5.57245
2549.48,0.0150927,0.000150927,21524,0.300597,0,-5.57314
2549.53,0.0150921,0.000150921,21525,0.28552,0,-5.5738
2549.58,0.0150915,0.000150915,21526,0.270441,0,-5.57443
2549.63,0.0150909,0.000150909,21527,0.255362,0,-5.57502
2549.68,0.0150903,0.000150903,21528,0.240282,0,-5.57558
2549.72,0.0150899,0.000150899,21529,0.225201,0,-5.57611
2549.76,0.0150894,0.000150894,21530,0.21012,0,-5.5766
2549.79,0.015089,0.00015089,21531,0.195038,0,-5.57706
2549.82,0.0150886,0.000150886,21532,0.179955,0,-5.57749
2549.85,0.0150882,0.000150882,21533,0.164872,0,-5.57788
2549.88,0.0150879,0.000150879,21534,0.149789,0,-5.57824
2549.91,0.0150876,0.000150876,21535,0.134705,0,-5.57857
2549.93,0.0150874,0.000150874,21536,0.11962,0,-5.57887
2549.94,0.0150872,0.000150872,21537,0.104535,0,-5.57913
2549.96,0.015087,0.00015087,21538,0.0894501,0,-5.57936
2549.97,0.0150869,0.000150869,21539,0.0743645,0,-5.57955
2549.98,0.0150868,0.000150868,21540,0.0592786,0,-5.57972
2549.98,0.0150867,0.000150867,21541,0.0441925,0,-5.57985
2549.99,0.0150867,0.000150867,21542,0.0291061,0,-5.57995
2549.99,0.0150867,0.000150867,21543,0.0140196,0,-5.58001
2549.98,0.0150867,0.000150867,21544,-0.00106707,0,-5.58004
2549.98,0.0150868,0.000150868,21545,-0.0161539,0,-5.58004
2549.97,0.0150869,0.000150869,21546,-0.0312407,0,-5.58
2549.95,0.0150871,0.000150871,21547,-0.0463276,0,-5.57994
2549.94,0.0150872,0.000150872,21548,-0.0614145,0,-5.57984
2549.92,0.0150875,0.000150875,21549,-0.0765014,0,-5.5797
2549.9,0.0150877,0.000150877,21550,-0.0915882,0,-5.57953
2549.87,0.015088,0.00015088,21551,-0.106675,0,-5.57933
2549.85,0.0150883,0.000150883,21552,-0.121761,0,-5.5791
2549.81,0.0150887,0.000150887,21553,-0.136848,0,-5.57884
2549.78,0.0150891,0.000150891,21554,-0.151934,0,-5.57854
2549.74,0.0150895,0.000150895,21555,-0.16702,0,-5.57821
2549.7,0.01509,0.0001509,21556,-0.182105,0,-5.57784
2549.66,0.0150905,0.000150905,21557,-0.197191,0,-5.57744
2549.62,0.0150911,0.000150911,21558,-0.212275,0,-5.57701
2549.57,0.0150916,0.000150916,21559,-0.22736,0,-5.57655
2549.52,0.0150922,0.000150922,21560,-0.242444,0,-5.57605
2549.46,0.0150929,0.000150929,21561,-0.257528,0,-5.57552
2549.4,0.0150936,0.000150936,21562,-0.272611,0,-5.57496
2549.34,0.0150943,0.000150943,21563,-0.287693,0,-5.57436
2549.28,0.0150951,0.000150951,21564,-0.302775,0,-5.57373
2549.21,0.0150959,0.000150959,21565,-0.317856,0,-5.57307
2549.14,0.0150967,0.000150967,21566,-0.332937,0,-5.57237
2549.07,0.0150976,0.000150976,21567,-0.348017,0,-5.57164
2548.99,0.0150985,0.000150985,21568,-0.363096,0,-5.57088
2548.91,0.0150994,0.000150994,21569,-0.378175,0,-5.57009
2548.83,0.0151004,0.000151004,21570,-0.393252,0,-5.56926
2548.74,0.0151014,0.000151014,21571,-0.408329,0,-5.5684
2548.66,0.0151024,0.000151024,21572,-0.423405,0,-5.5675
2548.57,0.0151035,0.000151035,21573,-0.43848,0,-5.56658
2548.47,0.0151046,0.000151046,21574,-0.453554,0,-5.56562
2548.37,0.0151058,0.000151058,21575,-0.468627,0,-5.56462
2548.27,0.015107,0.00015107,21576,-0.483699,0,-5.5636
2548.17,0.0151082,0.000151082,21577,-0.49877,0,-5.56254
2548.06,0.0151094,0.000151094,21578,-0.51384,0,-5.56145
2547.95,0.0151107,0.000151107,21579,-0.528909,0,-5.56032
2547.84,0.0151121,0.000151121,21580,-0.543977,0,-5.55916
2547.73,0.0151134,0.000151134,21581,-0.559043,0,-5.55797
2547.61,0.0151148,0.000151149,21582,-0.574108,0,-5.55674
2547.49,0.0151163,0.000151163,21583,-0.589172,0,-5.55549
2547.36,0.0151178,0.000151178,21584,-0.604234,0,-5.5542
2547.23,0.0151193,0.000151193,21585,-0.619296,0,-5.55287
2547.1,0.0151208,0.000151208,21586,-0.634355,0,-5.55151
2546.97,0.0151224,0.000151224,21587,-0.649414,0,-5.55012
2546.83,0.015124,0.00015124,21588,-0.664471,0,-5.5487
2546.69,0.0151257,0.000151257,21589,-0.679526,0,-5.54724
2546.55,0.0151274,0.000151274,21590,-0.69458,0,-5.54575
2546.41,0.0151291,0.000151291,21591,-0.709632,0,-5.54423
2546.26,0.0151309,0.000151309,21592,-0.724682,0,-5.54267
2546.11,0.0151327,0.000151327,21593,-0.739731,0,-5.54108
2545.95,0.0151345,0.000151345,21594,-0.754779,0,-5.53946
2545.79,0.0151364,0.000151364,21595,-0.769824,0,-5.5378
2545.63,0.0151383,0.000151383,21596,-0.784868,0,-5.53611
2545.47,0.0151403,0.000151403,21597,-0.79991,0,-5.53439
2545.3,0.0151422,0.000151422,21598,-0.81495,0,-5.53263
2545.13,0.0151443,0.000151443,21599,-0.829988,0,-5.53084
2544.96,0.0151463,0.000151463,21600,-0.845024,0,-5.52902
2544.78,0.0151484,0.000151484,21601,-0.860058,0,-5.52716
2544.61,0.0151505,0.000151505,21602,-0.875091,0,-5.52527
2544.42,0.0151527,0.000151527,21603,-0.890121,0,-5.52335
2544.24,0.0151549,0.000151549,21604,-0.905149,0,-5.52139
2544.05,0.0151571,0.000151571,21605,-0.920175,0,-5.5194
2543.86,0.0151594,0.000151594,21606,-0.935199,0,-5.51738
2543.67,0.0151617,0.000151617,21607,-0.950221,0,-5.51533
2543.47,0.0151641,0.000151641,21608,-0.96524,0,-5.51324
2543.27,0.0151665,0.000151665,21609,-0.980257,0,-5.51111
2543.07,0.0151689,0.000151689,21610,-0.995272,0,-5.50896
2542.86,0.0151713,0.000151713,21611,-1.01028,0,-5.50677
2542.65,0.0151738,0.000151738,21612,-1.02529,0,-5.50455
2542.44,0.0151764,0.000151764,21613,-1.0403,0,-5.50229
2542.22,0.0151789,0.000151789,21614,-1.05531,0,-5.5
2542.01,0.0151815,0.000151815,21615,-1.07031,0,-5.49768
2541.79,0.0151842,0.000151842,21616,-1.08531,0,-5.49532
2541.56,0.0151869,0.000151869,21617,-1.10031,0,-5.49293
2541.33,0.0151896,0.000151896,21618,-1.1153,0,-5.49051
2541.1,0.0151923,0.000151923,21619,-1.1303,0,-5.48805
2540.87,0.0151951,0.000151951,21620,-1.14529,0,-5.48556
2540.64,0.0151979,0.000151979,21621,-1.16027,0,-5.48303
2540.4,0.0152008,0.000152008,21622,-1.17526,0,-5.48048
2540.15,0.0152037,0.000152037,21623,-1.19024,0,-5.47789
2539.91,0.0152066,0.000152066,21624,-1.20522,0,-5.47526
2539.66,0.0152096,0.000152096,21625,-1.22019,0,-5.4726
2539.41,0.0152126,0.000152126,21626,-1.23516,0,-5.46991
2539.16,0.0152156,0.000152156,21627,-1.25013,0,-5.46719
2538.9,0.0152187,0.000152187,21628,-1.2651,0,-5.46443
2538.64,0.0152218,0.000152218,21629,-1.28006,0,-5.46163
2538.38,0.015225,0.00015225,21630,-1.29502,0,-5.45881
2538.11,0.0152282,0.000152282,21631,-1.30998,0,-5.45595
2537.84,0.0152314,0.000152314,21632,-1.32494,0,-5.45305
2537.57,0.0152347,0.000152347,21633,-1.33989,0,-5.45013
2537.29,0.015238,0.00015238,21634,-1.35483,0,-5.44717
2537.02,0.0152413,0.000152413,21635,-1.36978,0,-5.44417
2536.74,0.0152447,0.000152447,21636,-1.38472,0,-5.44114
2536.45,0.0152481,0.000152481,21637,-1.39966,0,-5.43808
2536.16,0.0152516,0.000152516,21638,-1.41459,0,-5.43499
2535.87,0.015255,0.00015255,21639,-1.42952,0,-5.43186
2535.58,0.0152586,0.000152586,21640,-1.44445,0,-5.42869
2535.29,0.0152621,0.000152621,21641,-1.45937,0,-5.4255
2534.99,0.0152657,0.000152657,21642,-1.47429,0,-5.42227
2534.69,0.0152694,0.000152694,21643,-1.48921,0,-5.419
2534.38,0.015273,0.00015273,21644,-1.50412,0,-5.4157
2534.07,0.0152767,0.000152767,21645,-1.51903,0,-5.41237
2533.76,0.0152805,0.000152805,21646,-1.53393,0,-5.40901
2533.45,0.0152843,0.000152843,21647,-1.54884,0,-5.40561
2533.13,0.0152881,0.000152881,21648,-1.56373,0,-5.40217
2532.81,0.015292,0.00015292,21649,-1.57863,0,-5.39871
2532.49,0.0152959,0.000152959,21650,-1.59352,0,-5.3952
2532.16,0.0152998,0.000152998,21651,-1.6084,0,-5.39167
2531.83,0.0153038,0.000153038,21652,-1.62328,0,-5.3881
2531.5,0.0153078,0.000153078,21653,-1.63816,0,-5.38449
2531.17,0.0153118,0.000153118,21654,-1.65304,0,-5.38086
2530.83,0.0153159,0.000153159,21655,-1.6679,0,-5.37719
2530.49,0.0153201,0.000153201,21656,-1.68277,0,-5.37348
2530.14,0.0153242,0.000153242,21657,-1.69763,0,-5.36974
2529.8,0.0153284,0.000153284,21658,-1.71249,0,-5.36597
2529.45,0.0153327,0.000153327,21659,-1.72734,0,-5.36216
2529.1,0.0153369,0.000153369,21660,-1.74219,0,-5.35832
2528.74,0.0153412,0.000153412,21661,-1.75703,0,-5.35444
2528.38,0.0153456,0.000153456,21662,-1.77187,0,-5.35053
2528.02,0.01535,0.0001535,21663,-1.7867,0,-5.34659
2527.66,0.0153544,0.000153544,21664,-1.80153,0,-5.34261
2527.29,0.0153589,0.000153589,21665,-1.81636,0,-5.3386
2526.92,0.0153634,0.000153634,21666,-1.83118,0,-5.33455
2526.54,0.0153679,0.000153679,21667,-1.846,0,-5.33047
2526.17,0.0153725,0.000153725,21668,-1.86081,0,-5.32635
2525.79,0.0153771,0.000153771,21669,-1.87562,0,-5.3222
2525.41,0.0153818,0.000153818,21670,-1.89042,0,-5.31802
2525.02,0.0153865,0.000153865,21671,-1.90521,0,-5.3138
2524.63,0.0153912,0.000153912,21672,-1.92001,0,-5.30955
2524.24,0.015396,0.00015396,21673,-1.93479,0,-5.30526
2523.85,0.0154008,0.000154008,21674,-1.94958,0,-5.30094
2523.45,0.0154056,0.000154056,21675,-1.96435,0,-5.29659
2523.05,0.0154105,0.000154105,21676,-1.97912,0,-5.2922
2522.65,0.0154154,0.000154154,21677,-1.99389,0,-5.28777
2522.24,0.0154204,0.000154204,21678,-2.00865,0,-5.28331
2521.83,0.0154254,0.000154254,21679,-2.02341,0,-5.27882
2521.42,0.0154304,0.000154304,21680,-2.03816,0,-5.27429
2521.01,0.0154355,0.000154355,21681,-2.05291,0,-5.26973
2520.59,0.0154406,0.000154406,21682,-2.06765,0,-5.26513
2520.17,0.0154458,0.000154458,21683,-2.08238,0,-5.2605
2519.74,0.015451,0.00015451,21684,-2.09711,0,-5.25584
2519.32,0.0154562,0.000154562,21685,-2.11184,0,-5.25114
2518.89,0.0154615,0.000154615,21686,-2.12656,0,-5.2464
2518.45,0.0154668,0.000154668,21687,-2.14127,0,-5.24163
2518.02,0.0154722,0.000154722,21688,-2.15598,0,-5.23683
2517.58,0.0154776,0.000154776,21689,-2.17068,0,-5.23199
2517.14,0.015483,0.00015483,21690,-2.18537,0,-5.22711
2516.69,0.0154885,0.000154885,21691,-2.20006,0,-5.22221
2516.25,0.015494,0.00015494,21692,-2.21475,0,-5.21726
2515.8,0.0154995,0.000154995,21693,-2.22943,0,-5.21228
2515.34,0.0155051,0.000155051,21694,-2.2441,0,-5.20727
2514.89,0.0155107,0.000155107,21695,-2.25876,0,-5.20222
2514.43,0.0155164,0.000155164,21696,-2.27342,0,-5.19714
2513.97,0.0155221,0.000155221,21697,-2.28808,0,-5.19202
2513.5,0.0155278,0.000155278,21698,-2.30273,0,-5.18687
2513.03,0.0155336,0.000155336,21699,-2.31737,0,-5.18168
2512.56,0.0155394,0.000155394,21700,-2.332,0,-5.17646
2512.09,0.0155453,0.000155453,21701,-2.34663,0,-5.17121
2511.61,0.0155512,0.000155512,21702,-2.36126,0,-5.16591
2511.13,0.0155571,0.000155571,21703,-2.37587,0,-5.16059
2510.65,0.0155631,0.000155631,21704,-2.39048,0,-5.15522
2510.16,0.0155691,0.000155691,21705,-2.40509,0,-5.14983
2509.68,0.0155752,0.000155752,21706,-2.41968,0,-5.14439
2509.19,0.0155813,0.000155813,21707,-2.43428,0,-5.13893
2508.69,0.0155874,0.000155874,21708,-2.44886,0,-5.13342
2508.19,0.0155936,0.000155936,21709,-2.46344,0,-5.12789
2507.69,0.0155998,0.000155998,21710,-2.47801,0,-5.12231
2507.19,0.0156061,0.000156061,21711,-2.49257,0,-5.11671
2506.69,0.0156124,0.000156124,21712,-2.50713,0,-5.11106
2506.18,0.0156187,0.000156187,21713,-2.52168,0,-5.10538
2505.66,0.0156251,0.000156251,21714,-2.53622,0,-5.09967
2505.15,0.0156315,0.000156315,21715,-2.55076,0,-5.09392
2504.63,0.015638,0.00015638,21716,-2.56528,0,-5.08814
2504.11,0.0156445,0.000156445,21717,-2.57981,0,-5.08232
2503.59,0.015651,0.00015651,21718,-2.59432,0,-5.07646
2503.06,0.0156576,0.000156576,21719,-2.60883,0,-5.07057
2502.53,0.0156642,0.000156642,21720,-2.62333,0,-5.06464
2502,0.0156709,0.000156709,21721,-2.63782,0,-5.05868
2501.47,0.0156776,0.000156776,21722,-2.65231,0,-5.05269
2500.93,0.0156843,0.000156843,21723,-2.66678,0,-5.04665
2500.39,0.0156911,0.000156911,21724,-2.68125,0,-5.04058
2499.84,0.015698,0.00015698,21725,-2.69572,0,-5.03448
2499.3,0.0157048,0.000157048,21726,-2.71017,0,-5.02834
2498.75,0.0157117,0.000157117,21727,-2.72462,0,-5.02217
2498.2,0.0157187,0.000157187,21728,-2.73906,0,-5.01596
2497.64,0.0157257,0.000157257,21729,-2.75349,0,-5.00971
2497.08,0.0157327,0.000157327,21730,-2.76792,0,-5.00343
2496.52,0.0157398,0.000157398,21731,-2.78233,0,-4.99711
2495.96,0.0157469,0.000157469,21732,-2.79674,0,-4.99076
2495.39,0.015754,0.00015754,21733,-2.81114,0,-4.98437
2494.82,0.0157612,0.000157612,21734,-2.82553,0,-4.97794
2494.25,0.0157685,0.000157685,21735,-2.83992,0,-4.97148
2493.67,0.0157757,0.000157757,21736,-2.85429,0,-4.96498
2493.1,0.0157831,0.000157831,21737,-2.86866,0,-4.95845
2492.51,0.0157904,0.000157904,21738,-2.88302,0,-4.95188
2491.93,0.0157978,0.000157978,21739,-2.89737,0,-4.94528
2491.34,0.0158053,0.000158053,21740,-2.91171,0,-4.93864
2490.75,0.0158127,0.000158127,21741,-2.92605,0,-4.93196
2490.16,0.0158203,0.000158203,21742,-2.94037,0,-4.92525
2489.57,0.0158278,0.000158278,21743,-2.95469,0,-4.9185
2488.97,0.0158355,0.000158355,21744,-2.969,0,-4.91171
2488.37,0.0158431,0.000158431,21745,-2.9833,0,-4.90489
2487.76,0.0158508,0.000158508,21746,-2.99759,0,-4.89803
2487.15,0.0158585,0.000158585,21747,-3.01187,0,-4.89114
2486.55,0.0158663,0.000158663,21748,-3.02614,0,-4.88421
2485.93,0.0158741,0.000158741,21749,-3.04041,0,-4.87724
2485.32,0.015882,0.00015882,21750,-3.05466,0,-4.87024
2484.7,0.0158899,0.000158899,21751,-3.06891,0,-4.8632
2484.08,0.0158979,0.000158979,21752,-3.08314,0,-4.85613
2483.45,0.0159059,0.000159059,21753,-3.09737,0,-4.84902
2482.83,0.0159139,0.000159139,21754,-3.11159,0,-4.84187
2482.2,0.015922,0.00015922,21755,-3.1258,0,-4.83468
2481.56,0.0159301,0.000159301,21756,-3.14,0,-4.82746
2480.93,0.0159382,0.000159382,21757,-3.15419,0,-4.82021
2480.29,0.0159464,0.000159464,21758,-3.16837,0,-4.81291
2479.65,0.0159547,0.000159547,21759,-3.18254,0,-4.80558
2479.01,0.015963,0.00015963,21760,-3.1967,0,-4.79821
2478.36,0.0159713,0.000159713,21761,-3.21085,0,-4.79081
2477.71,0.0159797,0.000159797,21762,-3.22499,0,-4.78337
2477.06,0.0159881,0.000159881,21763,-3.23913,0,-4.77589
2476.4,0.0159966,0.000159966,21764,-3.25325,0,-4.76838
2475.74,0.0160051,0.000160051,21765,-3.26736,0,-4.76083
2475.08,0.0160136,0.000160136,21766,-3.28146,0,-4.75324
2474.42,0.0160222,0.000160222,21767,-3.29555,0,-4.74562
2473.75,0.0160309,0.000160309,21768,-3.30963,0,-4.73796
2473.08,0.0160395,0.000160395,21769,-3.32371,0,-4.73026
2472.41,0.0160483,0.000160483,21770,-3.33777,0,-4.72252
2471.74,0.016057,0.00016057,21771,-3.35182,0,-4.71475
2471.06,0.0160658,0.000160658,21772,-3.36586,0,-4.70694
2470.38,0.0160747,0.000160747,21773,-3.37989,0,-4.6991
2469.69,0.0160836,0.000160836,21774,-3.39391,0,-4.69121
2469.01,0.0160925,0.000160925,21775,-3.40792,0,-4.68329
2468.32,0.0161015,0.000161015,21776,-3.42191,0,-4.67534
2467.63,0.0161105,0.000161105,21777,-3.4359,0,-4.66734
2466.93,0.0161196,0.000161196,21778,-3.44988,0,-4.65931
2466.23,0.0161287,0.000161287,21779,-3.46384,0,-4.65124
2465.53,0.0161379,0.000161379,21780,-3.4778,0,-4.64313
2464.83,0.0161471,0.000161471,21781,-3.49174,0,-4.63499
2464.13,0.0161564,0.000161564,21782,-3.50567,0,-4.62681
2463.42,0.0161657,0.000161657,21783,-3.51959,0,-4.61859
2462.71,0.016175,0.00016175,21784,-3.5335,0,-4.61034
2461.99,0.0161844,0.000161844,21785,-3.5474,0,-4.60204
2461.27,0.0161938,0.000161938,21786,-3.56129,0,-4.59371
2460.55,0.0162033,0.000162033,21787,-3.57516,0,-4.58535
2459.83,0.0162128,0.000162128,21788,-3.58903,0,-4.57694
2459.11,0.0162224,0.000162224,21789,-3.60288,0,-4.5685
2458.38,0.016232,0.00016232,21790,-3.61672,0,-4.56002
2457.65,0.0162416,0.000162416,21791,-3.63055,0,-4.5515
2456.91,0.0162513,0.000162513,21792,-3.64437,0,-4.54294
2456.18,0.0162611,0.000162611,21793,-3.65817,0,-4.53435
2455.44,0.0162709,0.000162709,21794,-3.67196,0,-4.52572
2454.7,0.0162807,0.000162807,21795,-3.68574,0,-4.51705
2453.95,0.0162906,0.000162906,21796,-3.69951,0,-4.50834
2453.21,0.0163005,0.000163005,21797,-3.71327,0,-4.4996
2452.46,0.0163105,0.000163105,21798,-3.72701,0,-4.49082
2451.7,0.0163205,0.000163205,21799,-3.74074,0,-4.48199
2450.95,0.0163306,0.000163306,21800,-3.75446,0,-4.47314
2450.19,0.0163407,0.000163407,21801,-3.76817,0,-4.46424
2449.43,0.0163508,0.000163508,21802,-3.78186,0,-4.45531
2448.66,0.016361,0.00016361,21803,-3.79555,0,-4.44633
2447.9,0.0163713,0.000163713,21804,-3.80921,0,-4.43732
2447.13,0.0163816,0.000163816,21805,-3.82287,0,-4.42827
2446.36,0.0163919,0.000163919,21806,-3.83651,0,-4.41919
2445.58,0.0164023,0.000164023,21807,-3.85014,0,-4.41006
2444.8,0.0164127,0.000164127,21808,-3.86376,0,-4.4009
2444.02,0.0164232,0.000164232,21809,-3.87736,0,-4.3917
2443.24,0.0164337,0.000164337,21810,-3.89095,0,-4.38246
2442.46,0.0164443,0.000164443,21811,-3.90453,0,-4.37318
2441.67,0.0164549,0.000164549,21812,-3.91809,0,-4.36386
2440.88,0.0164656,0.000164656,21813,-3.93164,0,-4.35451
2440.08,0.0164763,0.000164763,21814,-3.94518,0,-4.34511
2439.29,0.0164871,0.000164871,21815,-3.9587,0,-4.33568
2438.49,0.0164979,0.000164979,21816,-3.97221,0,-4.32621
2437.68,0.0165087,0.000165087,21817,-3.98571,0,-4.3167
2436.88,0.0165196,0.000165196,21818,-3.99919,0,-4.30715
2436.07,0.0165306,0.000165306,21819,-4.01265,0,-4.29757
2435.26,0.0165416,0.000165416,21820,-4.02611,0,-4.28794
2434.45,0.0165526,0.000165526,21821,-4.03955,0,-4.27828
2433.63,0.0165637,0.000165637,21822,-4.05297,0,-4.26858
2432.82,0.0165749,0.000165749,21823,-4.06638,0,-4.25884
2432,0.0165861,0.000165861,21824,-4.07978,0,-4.24906
2431.17,0.0165973,0.000165973,21825,-4.09316,0,-4.23924
2430.35,0.0166086,0.000166086,21826,-4.10652,0,-4.22938
2429.52,0.0166199,0.000166199,21827,-4.11988,0,-4.21948
2428.69,0.0166313,0.000166313,21828,-4.13321,0,-4.20955
2427.85,0.0166427,0.000166427,21829,-4.14654,0,-4.19957
2427.02,0.0166542,0.000166542,21830,-4.15984,0,-4.18956
2426.18,0.0166657,0.000166657,21831,-4.17314,0,-4.1795
2425.33,0.0166773,0.000166773,21832,-4.18641,0,-4.16941
2424.49,0.0166889,0.000166889,21833,-4.19968,0,-4.15928
2423.64,0.0167006,0.000167006,21834,-4.21292,0,-4.14911
2422.79,0.0167123,0.000167123,21835,-4.22615,0,-4.1389
2421.94,0.0167241,0.000167241,21836,-4.23937,0,-4.12865
2421.09,0.0167359,0.000167359,21837,-4.25257,0,-4.11837
2420.23,0.0167478,0.000167478,21838,-4.26575,0,-4.10804
2419.37,0.0167597,0.000167597,21839,-4.27892,0,-4.09767
2418.5,0.0167716,0.000167716,21840,-4.29208,0,-4.08727
2417.64,0.0167837,0.000167837,21841,-4.30521,0,-4.07682
2416.77,0.0167957,0.000167957,21842,-4.31833,0,-4.06633
2415.9,0.0168078,0.000168078,21843,-4.33144,0,-4.05581
2415.02,0.01682,0.0001682,21844,-4.34453,0,-4.04525
2414.15,0.0168322,0.000168322,21845,-4.3576,0,-4.03464
2413.27,0.0168445,0.000168445,21846,-4.37065,0,-4.024
2412.39,0.0168568,0.000168568,21847,-4.38369,0,-4.01331
2411.5,0.0168691,0.000168691,21848,-4.39672,0,-4.00259
2410.62,0.0168815,0.000168815,21849,-4.40972,0,-3.99183
2409.73,0.016894,0.00016894,21850,-4.42271,0,-3.98103
2408.84,0.0169065,0.000169065,21851,-4.43568,0,-3.97018
2407.94,0.0169191,0.000169191,21852,-4.44864,0,-3.9593
2407.05,0.0169317,0.000169317,21853,-4.46158,0,-3.94838
2406.15,0.0169444,0.000169444,21854,-4.4745,0,-3.93742
2405.24,0.0169571,0.000169571,21855,-4.4874,0,-3.92642
2404.34,0.0169698,0.000169698,21856,-4.50029,0,-3.91537
2403.43,0.0169826,0.000169826,21857,-4.51315,0,-3.90429
2402.52,0.0169955,0.000169955,21858,-4.52601,0,-3.89317
2401.61,0.0170084,0.000170084,21859,-4.53884,0,-3.88201
2400.69,0.0170214,0.000170214,21860,-4.55165,0,-3.87081
2399.78,0.0170344,0.000170344,21861,-4.56445,0,-3.85956
2398.86,0.0170475,0.000170475,21862,-4.57723,0,-3.84828
2397.93,0.0170606,0.000170606,21863,-4.58999,0,-3.83696
2397.01,0.0170738,0.000170738,21864,-4.60273,0,-3.82559
2396.08,0.017087,0.00017087,21865,-4.61546,0,-3.81419
2395.15,0.0171003,0.000171003,21866,-4.62817,0,-3.80274
2394.22,0.0171136,0.000171136,21867,-4.64085,0,-3.79126
2393.28,0.017127,0.00017127,21868,-4.65352,0,-3.77973
2392.34,0.0171404,0.000171404,21869,-4.66617,0,-3.76817
2391.4,0.0171539,0.000171539,21870,-4.6788,0,-3.75656
2390.46,0.0171674,0.000171674,21871,-4.69142,0,-3.74492
2389.52,0.017181,0.00017181,21872,-4.70401,0,-3.73323
2388.57,0.0171947,0.000171947,21873,-4.71658,0,-3.7215
2387.62,0.0172084,0.000172084,21874,-4.72914,0,-3.70973
2386.66,0.0172221,0.000172221,21875,-4.74167,0,-3.69792
2385.71,0.0172359,0.000172359,21876,-4.75419,0,-3.68607
2384.75,0.0172498,0.000172498,21877,-4.76669,0,-3.67418
2383.79,0.0172637,0.000172637,21878,-4.77916,0,-3.66225
2382.83,0.0172776,0.000172776,21879,-4.79162,0,-3.65027
2381.86,0.0172916,0.000172916,21880,-4.80406,0,-3.63826
2380.89,0.0173057,0.000173057,21881,-4.81647,0,-3.62621
2379.92,0.0173198,0.000173198,21882,-4.82887,0,-3.61411
2378.95,0.017334,0.00017334,21883,-4.84124,0,-3.60197
2377.98,0.0173482,0.000173482,21884,-4.8536,0,-3.5898
2377,0.0173625,0.000173625,21885,-4.86593,0,-3.57758
2376.02,0.0173768,0.000173768,21886,-4.87825,0,-3.56532
2375.03,0.0173912,0.000173912,21887,-4.89054,0,-3.55302
2374.05,0.0174056,0.000174056,21888,-4.90281,0,-3.54067
2373.06,0.0174201,0.000174201,21889,-4.91507,0,-3.52829
2372.07,0.0174347,0.000174347,21890,-4.9273,0,-3.51586
2371.08,0.0174493,0.000174493,21891,-4.93951,0,-3.5034
2370.08,0.0174639,0.000174639,21892,-4.95169,0,-3.49089
2369.09,0.0174786,0.000174786,21893,-4.96386,0,-3.47834
2368.09,0.0174934,0.000174934,21894,-4.976,0,-3.46575
2367.08,0.0175082,0.000175082,21895,-4.98813,0,-3.45312
2366.08,0.0175231,0.000175231,21896,-5.00023,0,-3.44044
2365.07,0.017538,0.00017538,21897,-5.01231,0,-3.42773
2364.06,0.017553,0.00017553,21898,-5.02436,0,-3.41497
2363.05,0.017568,0.00017568,21899,-5.0364,0,-3.40217
2362.04,0.0175831,0.000175831,21900,-5.04841,0,-3.38933
2361.02,0.0175982,0.000175982,21901,-5.0604,0,-3.37645
2360,0.0176135,0.000176135,21902,-5.07237,0,-3.36353
2358.98,0.0176287,0.000176287,21903,-5.08431,0,-3.35056
2357.96,0.017644,0.00017644,21904,-5.09624,0,-3.33756
2356.93,0.0176594,0.000176594,21905,-5.10813,0,-3.32451
2355.9,0.0176748,0.000176748,21906,-5.12001,0,-3.31142
2354.87,0.0176903,0.000176903,21907,-5.13186,0,-3.29828
2353.84,0.0177058,0.000177058,21908,-5.14369,0,-3.28511
2352.8,0.0177214,0.000177214,21909,-5.1555,0,-3.27189
2351.76,0.0177371,0.000177371,21910,-5.16728,0,-3.25863
2350.72,0.0177528,0.000177528,21911,-5.17904,0,-3.24533
2349.68,0.0177685,0.000177685,21912,-5.19077,0,-3.23199
2348.64,0.0177843,0.000177843,21913,-5.20248,0,-3.2186
2347.59,0.0178002,0.000178002,21914,-5.21417,0,-3.20518
2346.54,0.0178162,0.000178162,21915,-5.22583,0,-3.19171
2345.49,0.0178321,0.000178321,21916,-5.23747,0,-3.1782
2344.43,0.0178482,0.000178482,21917,-5.24908,0,-3.16464
2343.37,0.0178643,0.000178643,21918,-5.26067,0,-3.15105
2342.32,0.0178804,0.000178804,21919,-5.27223,0,-3.13741
2341.25,0.0178967,0.000178967,21920,-5.28377,0,-3.12373
2340.19,0.0179129,0.000179129,21921,-5.29528,0,-3.11001
2339.12,0.0179293,0.000179293,21922,-5.30677,0,-3.09624
2338.06,0.0179456,0.000179456,21923,-5.31823,0,-3.08243
2336.99,0.0179621,0.000179621,21924,-5.32967,0,-3.06858
2335.91,0.0179786,0.000179786,21925,-5.34108,0,-3.05469
2334.84,0.0179951,0.000179951,21926,-5.35247,0,-3.04075
2333.76,0.0180118,0.000180118,21927,-5.36382,0,-3.02678
2332.68,0.0180284,0.000180284,21928,-5.37516,0,-3.01276
2331.6,0.0180452,0.000180452,21929,-5.38647,0,-2.99869
2330.52,0.018062,0.00018062,21930,-5.39775,0,-2.98459
2329.43,0.0180788,0.000180788,21931,-5.409,0,-2.97044
2328.34,0.0180957,0.000180957,21932,-5.42023,0,-2.95625
2327.25,0.0181127,0.000181127,21933,-5.43143,0,-2.94201
2326.16,0.0181297,0.000181297,21934,-5.4426,0,-2.92773
2325.06,0.0181468,0.000181468,21935,-5.45375,0,-2.91342
2323.96,0.0181639,0.000181639,21936,-5.46487,0,-2.89905
2322.86,0.0181811,0.000181811,21937,-5.47596,0,-2.88465
2321.76,0.0181984,0.000181984,21938,-5.48703,0,-2.8702
2320.66,0.0182157,0.000182157,21939,-5.49806,0,-2.85571
2319.55,0.0182331,0.000182331,21940,-5.50907,0,-2.84117
2318.44,0.0182505,0.000182505,21941,-5.52005,0,-2.8266
2317.33,0.018268,0.00018268,21942,-5.53101,0,-2.81198
2316.22,0.0182856,0.000182856,21943,-5.54193,0,-2.79731
2315.11,0.0183032,0.000183032,21944,-5.55283,0,-2.7826
2313.99,0.0183209,0.000183209,21945,-5.56369,0,-2.76786
2312.87,0.0183386,0.000183386,21946,-5.57453,0,-2.75306
2311.75,0.0183564,0.000183564,21947,-5.58534,0,-2.73823
2310.62,0.0183743,0.000183743,21948,-5.59612,0,-2.72335
2309.5,0.0183922,0.000183922,21949,-5.60687,0,-2.70842
2308.37,0.0184102,0.000184102,21950,-5.6176,0,-2.69346
2307.24,0.0184282,0.000184282,21951,-5.62829,0,-2.67845
2306.11,0.0184463,0.000184463,21952,-5.63895,0,-2.6634
2304.97,0.0184645,0.000184645,21953,-5.64958,0,-2.6483
2303.84,0.0184827,0.000184827,21954,-5.66019,0,-2.63316
2302.7,0.018501,0.00018501,21955,-5.67076,0,-2.61798
2301.56,0.0185193,0.000185193,21956,-5.6813,0,-2.60276
2300.41,0.0185377,0.000185377,21957,-5.69181,0,-2.58749
2299.27,0.0185562,0.000185562,21958,-5.7023,0,-2.57217
2298.12,0.0185747,0.000185747,21959,-5.71275,0,-2.55682
2296.97,0.0185933,0.000185933,21960,-5.72317,0,-2.54142
2295.82,0.018612,0.00018612,21961,-5.73355,0,-2.52597
2294.67,0.0186307,0.000186307,21962,-5.74391,0,-2.51049
2293.51,0.0186495,0.000186495,21963,-5.75424,0,-2.49496
2292.36,0.0186683,0.000186683,21964,-5.76453,0,-2.47938
2291.2,0.0186872,0.000186872,21965,-5.77479,0,-2.46377
2290.04,0.0187061,0.000187061,21966,-5.78502,0,-2.4481
2288.87,0.0187252,0.000187252,21967,-5.79522,0,-2.4324
2287.71,0.0187442,0.000187442,21968,-5.80538,0,-2.41665
2286.54,0.0187634,0.000187634,21969,-5.81552,0,-2.40086
2285.37,0.0187826,0.000187826,21970,-5.82562,0,-2.38502
2284.2,0.0188019,0.000188019,21971,-5.83568,0,-2.36914
2283.03,0.0188212,0.000188212,21972,-5.84572,0,-2.35322
2281.85,0.0188406,0.000188406,21973,-5.85572,0,-2.33725
2280.67,0.0188601,0.000188601,21974,-5.86568,0,-2.32124
2279.49,0.0188796,0.000188796,21975,-5.87562,0,-2.30519
2278.31,0.0188992,0.000188992,21976,-5.88552,0,-2.28909
2277.13,0.0189188,0.000189188,21977,-5.89538,0,-2.27294
2275.94,0.0189385,0.000189385,21978,-5.90522,0,-2.25676
2274.76,0.0189583,0.000189583,21979,-5.91501,0,-2.24053
2273.57,0.0189781,0.000189781,21980,-5.92478,0,-2.22425
2272.38,0.018998,0.00018998,21981,-5.9345,0,-2.20794
2271.18,0.019018,0.00019018,21982,-5.9442,0,-2.19157
2269.99,0.019038,0.00019038,21983,-5.95386,0,-2.17517
2268.79,0.0190581,0.000190581,21984,-5.96348,0,-2.15872
2267.59,0.0190783,0.000190783,21985,-5.97307,0,-2.14222
2266.39,0.0190985,0.000190985,21986,-5.98262,0,-2.12568
2265.19,0.0191188,0.000191188,21987,-5.99214,0,-2.1091
2263.98,0.0191391,0.000191391,21988,-6.00162,0,-2.09248
2262.78,0.0191596,0.000191596,21989,-6.01106,0,-2.07581
2261.57,0.01918,0.0001918,21990,-6.02047,0,-2.05909
2260.36,0.0192006,0.000192006,21991,-6.02984,0,-2.04233
2259.15,0.0192212,0.000192212,21992,-6.03918,0,-2.02553
2257.93,0.0192419,0.000192419,21993,-6.04847,0,-2.00869
2256.72,0.0192626,0.000192626,21994,-6.05773,0,-1.9918
2255.5,0.0192834,0.000192834,21995,-6.06696,0,-1.97486
2254.28,0.0193043,0.000193043,21996,-6.07614,0,-1.95788
2253.06,0.0193252,0.000193252,21997,-6.08529,0,-1.94086
2251.84,0.0193462,0.000193462,21998,-6.0944,0,-1.92379
2250.61,0.0193673,0.000193673,21999,-6.10348,0,-1.90668
2249.38,0.0193884,0.000193884,22000,-6.11251,0,-1.88953
2248.16,0.0194096,0.000194096,22001,-6.1215,0,-1.87233
2246.92,0.0194309,0.000194309,22002,-6.13046,0,-1.85508
2245.69,0.0194522,0.000194522,22003,-6.13938,0,-1.8378
2244.46,0.0194736,0.000194736,22004,-6.14826,0,-1.82046
2243.22,0.019495,0.00019495,22005,-6.1571,0,-1.80309
2241.99,0.0195166,0.000195166,22006,-6.1659,0,-1.78567
2240.75,0.0195381,0.000195381,22007,-6.17466,0,-1.76821
2239.51,0.0195598,0.000195598,22008,-6.18338,0,-1.7507
2238.26,0.0195815,0.000195815,22009,-6.19206,0,-1.73314
2237.02,0.0196033,0.000196033,22010,-6.2007,0,-1.71555
2235.77,0.0196252,0.000196252,22011,-6.2093,0,-1.69791
2234.53,0.0196471,0.000196471,22012,-6.21786,0,-1.68022
2233.28,0.0196691,0.000196691,22013,-6.22638,0,-1.66249
2232.03,0.0196911,0.000196911,22014,-6.23485,0,-1.64472
2230.77,0.0197133,0.000197133,22015,-6.24329,0,-1.6269
2229.52,0.0197354,0.000197354,22016,-6.25168,0,-1.60904
2228.26,0.0197577,0.000197577,22017,-6.26003,0,-1.59114
2227,0.01978,0.0001978,22018,-6.26834,0,-1.57319
2225.75,0.0198024,0.000198024,22019,-6.27661,0,-1.55519
2224.48,0.0198249,0.000198249,22020,-6.28484,0,-1.53715
2223.22,0.0198474,0.000198474,22021,-6.29302,0,-1.51907
2221.96,0.01987,0.0001987,22022,-6.30116,0,-1.50095
2220.69,0.0198927,0.000198927,22023,-6.30926,0,-1.48278
2219.42,0.0199154,0.000199154,22024,-6.31731,0,-1.46456
2218.15,0.0199382,0.000199382,22025,-6.32532,0,-1.4463
2216.88,0.019961,0.00019961,22026,-6.33329,0,-1.428
2215.61,0.019984,0.00019984,22027,-6.34121,0,-1.40965
2214.34,0.020007,0.00020007,22028,-6.34909,0,-1.39126
2213.06,0.02003,0.0002003,22029,-6.35692,0,-1.37283
2211.79,0.0200532,0.000200532,22030,-6.36471,0,-1.35435
2210.51,0.0200764,0.000200764,22031,-6.37245,0,-1.33583
2209.23,0.0200996,0.000200996,22032,-6.38015,0,-1.31726
2207.95,0.020123,0.00020123,22033,-6.38781,0,-1.29865
2206.66,0.0201464,0.000201464,22034,-6.39542,0,-1.28
2205.38,0.0201699,0.000201699,22035,-6.40298,0,-1.2613
2204.09,0.0201934,0.000201934,22036,-6.41049,0,-1.24255
2202.8,0.020217,0.00020217,22037,-6.41796,0,-1.22377
2201.52,0.0202407,0.000202407,22038,-6.42539,0,-1.20494
2200.22,0.0202645,0.000202645,22039,-6.43277,0,-1.18606
2198.93,0.0202883,0.000202883,22040,-6.4401,0,-1.16715
2197.64,0.0203122,0.000203122,22041,-6.44738,0,-1.14819
2196.34,0.0203361,0.000203361,22042,-6.45461,0,-1.12918
2195.05,0.0203601,0.000203601,22043,-6.4618,0,-1.11013
2193.75,0.0203842,0.000203842,22044,-6.46894,0,-1.09104
2192.45,0.0204084,0.000204084,22045,-6.47603,0,-1.0719
2191.15,0.0204326,0.000204326,22046,-6.48308,0,-1.05272
2189.85,0.0204569,0.000204569,22047,-6.49007,0,-1.0335
2188.55,0.0204813,0.000204813,22048,-6.49702,0,-1.01423
2187.24,0.0205057,0.000205057,22049,-6.50392,0,-0.994919
2185.94,0.0205303,0.000205303,22050,-6.51076,0,-0.975564
2184.63,0.0205548,0.000205548,22051,-6.51756,0,-0.956166
2183.32,0.0205795,0.000205795,22052,-6.52431,0,-0.936724
2182.01,0.0206042,0.000206042,22053,-6.53101,0,-0.917239
2180.7,0.020629,0.00020629,22054,-6.53766,0,-0.897711
2179.39,0.0206538,0.000206538,22055,-6.54425,0,-0.878139
2178.07,0.0206788,0.000206788,22056,-6.5508,0,-0.858524
2176.76,0.0207038,0.000207038,22057,-6.5573,0,-0.838866
2175.44,0.0207288,0.000207288,22058,-6.56374,0,-0.819164
2174.12,0.020754,0.00020754,22059,-6.57013,0,-0.799419
2172.8,0.0207792,0.000207792,22060,-6.57647,0,-0.779631
2171.48,0.0208045,0.000208045,22061,-6.58276,0,-0.7598
2170.16,0.0208298,0.000208298,22062,-6.589,0,-0.739925
2168.84,0.0208552,0.000208552,22063,-6.59518,0,-0.720008
2167.51,0.0208807,0.000208807,22064,-6.60131,0,-0.700048
2166.19,0.0209063,0.000209063,22065,-6.60739,0,-0.680045
2164.86,0.0209319,0.000209319,22066,-6.61342,0,-0.659998
2163.53,0.0209576,0.000209576,22067,-6.61939,0,-0.639909
2162.21,0.0209834,0.000209834,22068,-6.6253,0,-0.619778
2160.88,0.0210092,0.000210092,22069,-6.63117,0,-0.599603
2159.55,0.0210351,0.000210351,22070,-6.63698,0,-0.579386
2158.21,0.0210611,0.000210611,22071,-6.64273,0,-0.559126
2156.88,0.0210871,0.000210871,22072,-6.64843,0,-0.538824
2155.54,0.0211132,0.000211132,22073,-6.65407,0,-0.518479
2154.21,0.0211394,0.000211394,22074,-6.65966,0,-0.498092
2152.87,0.0211657,0.000211657,22075,-6.66519,0,-0.477662
2151.53,0.021192,0.00021192,22076,-6.67067,0,-0.45719
2150.2,0.0212184,0.000212184,22077,-6.67609,0,-0.436675
2148.86,0.0212449,0.000212449,22078,-6.68146,0,-0.416119
2147.52,0.0212714,0.000212714,22079,-6.68676,0,-0.39552
2146.17,0.021298,0.00021298,22080,-6.69201,0,-0.374879
2144.83,0.0213247,0.000213247,22081,-6.69721,0,-0.354196
2143.49,0.0213515,0.000213515,22082,-6.70234,0,-0.333472
2142.14,0.0213783,0.000213783,22083,-6.70742,0,-0.312705
2140.8,0.0214052,0.000214052,22084,-6.71244,0,-0.291897
2139.45,0.0214321,0.000214321,22085,-6.7174,0,-0.271047
2138.1,0.0214592,0.000214592,22086,-6.7223,0,-0.250155
2136.75,0.0214863,0.000214863,22087,-6.72714,0,-0.229222
2135.4,0.0215134,0.000215134,22088,-6.73193,0,-0.208247
2134.05,0.0215407,0.000215407,22089,-6.73665,0,-0.187231
2132.7,0.021568,0.00021568,22090,-6.74132,0,-0.166173
2131.35,0.0215954,0.000215954,22091,-6.74592,0,-0.145074
2129.99,0.0216228,0.000216228,22092,-6.75046,0,-0.123934
2128.64,0.0216504,0.000216504,22093,-6.75495,0,-0.102753
2127.28,0.021678,0.00021678,22094,-6.75937,0,-0.081531
2125.93,0.0217056,0.000217056,22095,-6.76373,0,-0.060268
2124.57,0.0217334,0.000217334,22096,-6.76803,0,-0.0389642
2123.21,0.0217612,0.000217612,22097,-6.77227,0,-0.0176196
2121.85,0.0217891,0.000217891,22098,-6.77644,0,0.00376556
2120.49,0.021817,0.00021817,22099,-6.78056,0,0.0251913
2119.13,0.021845,0.00021845,22100,-6.78461,0,0.0466575
2117.77,0.0218731,0.000218731,22101,-6.7886,0,0.068164
2116.41,0.0219013,0.000219013,22102,-6.79252,0,0.0897108
2115.05,0.0219295,0.000219295,22103,-6.79638,0,0.111298
2113.68,0.0219578,0.000219578,22104,-6.80018,0,0.132925
2112.32,0.0219862,0.000219862,22105,-6.80391,0,0.154592
2110.96,0.0220146,0.000220146,22106,-6.80758,0,0.176298
2109.59,0.0220431,0.000220431,22107,-6.81118,0,0.198045
2108.22,0.0220717,0.000220717,22108,-6.81472,0,0.219831
2106.86,0.0221003,0.000221003,22109,-6.8182,0,0.241657
2105.49,0.0221291,0.000221291,22110,-6.8216,0,0.263522
2104.12,0.0221578,0.000221578,22111,-6.82495,0,0.285426
2102.75,0.0221867,0.000221867,22112,-6.82822,0,0.30737
2101.38,0.0222156,0.000222156,22113,-6.83143,0,0.329352
2100.01,0.0222446,0.000222446,22114,-6.83457,0,0.351374
2098.64,0.0222737,0.000222737,22115,-6.83765,0,0.373434
2097.27,0.0223028,0.000223028,22116,-6.84066,0,0.395533
2095.9,0.022332,0.00022332,22117,-6.8436,0,0.417671
2094.53,0.0223613,0.000223613,22118,-6.84647,0,0.439847
2093.15,0.0223907,0.000223907,22119,-6.84927,0,0.462061
2091.78,0.0224201,0.000224201,22120,-6.85201,0,0.484314
2090.4,0.0224496,0.000224496,22121,-6.85467,0,0.506605
2089.03,0.0224791,0.000224791,22122,-6.85727,0,0.528933
2087.65,0.0225088,0.000225088,22123,-6.8598,0,0.5513
2086.28,0.0225385,0.000225385,22124,-6.86226,0,0.573704
2084.9,0.0225682,0.000225682,22125,-6.86465,0,0.596145
2083.53,0.022598,0.00022598,22126,-6.86696,0,0.618624
2082.15,0.0226279,0.000226279,22127,-6.86921,0,0.64114
2080.77,0.0226579,0.000226579,22128,-6.87138,0,0.663694
2079.39,0.0226879,0.000226879,22129,-6.87349,0,0.686284
2078.02,0.0227181,0.000227181,22130,-6.87552,0,0.708911
2076.64,0.0227482,0.000227482,22131,-6.87748,0,0.731574
2075.26,0.0227785,0.000227785,22132,-6.87937,0,0.754275
2073.88,0.0228088,0.000228088,22133,-6.88118,0,0.777011
2072.5,0.0228392,0.000228392,22134,-6.88293,0,0.799784
2071.12,0.0228696,0.000228696,22135,-6.88459,0,0.822592
2069.74,0.0229001,0.000229001,22136,-6.88619,0,0.845437
2068.36,0.0229307,0.000229307,22137,-6.88771,0,0.868317
2066.98,0.0229614,0.000229614,22138,-6.88916,0,0.891233
2065.6,0.0229921,0.000229921,22139,-6.89053,0,0.914184
2064.22,0.0230228,0.000230228,22140,-6.89183,0,0.93717
2062.83,0.0230537,0.000230537,22141,-6.89305,0,0.960191
2061.45,0.0230846,0.000230846,22142,-6.8942,0,0.983247
2060.07,0.0231156,0.000231156,22143,-6.89527,0,1.00634
2058.69,0.0231467,0.000231467,22144,-6.89627,0,1.02946
2057.3,0.0231778,0.000231778,22145,-6.89718,0,1.05262
2055.92,0.023209,0.00023209,22146,-6.89803,0,1.07582
2054.54,0.0232402,0.000232402,22147,-6.89879,0,1.09904
2053.16,0.0232715,0.000232715,22148,-6.89948,0,1.12231
2051.77,0.0233029,0.000233029,22149,-6.90009,0,1.1456
2050.39,0.0233344,0.000233344,22150,-6.90062,0,1.16893
2049.01,0.0233659,0.000233659,22151,-6.90107,0,1.19229
2047.62,0.0233974,0.000233974,22152,-6.90145,0,1.21568
2046.24,0.0234291,0.000234291,22153,-6.90174,0,1.23911
2044.86,0.0234608,0.000234608,22154,-6.90196,0,1.26257
2043.47,0.0234926,0.000234926,22155,-6.9021,0,1.28606
2042.09,0.0235244,0.000235244,22156,-6.90215,0,1.30959
2040.71,0.0235563,0.000235563,22157,-6.90213,0,1.33314
2039.32,0.0235883,0.000235883,22158,-6.90202,0,1.35673
2037.94,0.0236203,0.000236203,22159,-6.90184,0,1.38035
2036.56,0.0236524,0.000236524,22160,-6.90157,0,1.404
2035.18,0.0236846,0.000236846,22161,-6.90122,0,1.42768
2033.79,0.0237168,0.000237168,22162,-6.90079,0,1.4514
2032.41,0.0237491,0.000237491,22163,-6.90028,0,1.47514
2031.03,0.0237814,0.000237814,22164,-6.89968,0,1.49892
2029.64,0.0238138,0.000238138,22165,-6.899,0,1.52272
2028.26,0.0238463,0.000238463,22166,-6.89824,0,1.54655
2026.88,0.0238788,0.000238788,22167,-6.8974,0,1.57042
2025.5,0.0239114,0.000239114,22168,-6.89647,0,1.59431
2024.12,0.0239441,0.000239441,22169,-6.89545,0,1.61823
2022.73,0.0239768,0.000239768,22170,-6.89435,0,1.64218
2021.35,0.0240096,0.000240096,22171,-6.89317,0,1.66617
2019.97,0.0240424,0.000240424,22172,-6.8919,0,1.69017
2018.59,0.0240753,0.000240753,22173,-6.89055,0,1.71421
2017.21,0.0241083,0.000241083,22174,-6.88911,0,1.73828
2015.83,0.0241413,0.000241413,22175,-6.88758,0,1.76237
2014.45,0.0241744,0.000241744,22176,-6.88597,0,1.78649
2013.07,0.0242075,0.000242075,22177,-6.88427,0,1.81064
2011.69,0.0242407,0.000242407,22178,-6.88248,0,1.83481
2010.31,0.024274,0.00024274,22179,-6.8806,0,1.85901
2008.94,0.0243073,0.000243073,22180,-6.87864,0,1.88324
2007.56,0.0243407,0.000243407,22181,-6.87659,0,1.9075
2006.18,0.0243741,0.000243741,22182,-6.87445,0,1.93178
2004.8,0.0244076,0.000244076,22183,-6.87222,0,1.95608
2003.43,0.0244412,0.000244412,22184,-6.8699,0,1.98041
2002.05,0.0244748,0.000244748,22185,-6.86749,0,2.00477
2000.68,0.0245085,0.000245085,22186,-6.865,0,2.02915
1999.3,0.0245422,0.000245422,22187,-6.86241,0,2.05356
1997.93,0.0245759,0.000245759,22188,-6.85973,0,2.07798
1996.55,0.0246098,0.000246098,22189,-6.85696,0,2.10244
1995.18,0.0246437,0.000246437,22190,-6.8541,0,2.12691
1993.81,0.0246776,0.000246776,22191,-6.85115,0,2.15142
1992.43,0.0247116,0.000247116,22192,-6.8481,0,2.17594
1991.06,0.0247457,0.000247457,22193,-6.84496,0,2.20048
1989.69,0.0247798,0.000247798,22194,-6.84174,0,2.22505
1988.32,0.0248139,0.000248139,22195,-6.83841,0,2.24964
1986.95,0.0248482,0.000248482,22196,-6.835,0,2.27426
1985.58,0.0248824,0.000248824,22197,-6.83149,0,2.29889
1984.22,0.0249167,0.000249167,22198,-6.82789,0,2.32354
1982.85,0.0249511,0.000249511,22199,-6.82419,0,2.34822
1981.48,0.0249855,0.000249855,22200,-6.8204,0,2.37292
1980.12,0.02502,0.0002502,22201,-6.81651,0,2.39763
1978.75,0.0250545,0.000250545,22202,-6.81253,0,2.42237
1977.39,0.0250891,0.000250891,22203,-6.80845,0,2.44712
1976.02,0.0251237,0.000251237,22204,-6.80428,0,2.4719
1974.66,0.0251584,0.000251584,22205,-6.80001,0,2.49669
1973.3,0.0251931,0.000251931,22206,-6.79564,0,2.5215
1971.94,0.0252279,0.000252279,22207,-6.79118,0,2.54633
1970.58,0.0252627,0.000252627,22208,-6.78662,0,2.57118
1969.22,0.0252976,0.000252976,22209,-6.78196,0,2.59605
1967.86,0.0253325,0.000253325,22210,-6.77721,0,2.62093
1966.51,0.0253675,0.000253675,22211,-6.77235,0,2.64583
1965.15,0.0254025,0.000254025,22212,-6.7674,0,2.67074
1963.8,0.0254376,0.000254376,22213,-6.76235,0,2.69568
1962.44,0.0254727,0.000254727,22214,-6.7572,0,2.72062
1961.09,0.0255078,0.000255078,22215,-6.75195,0,2.74558
1959.74,0.025543,0.00025543,22216,-6.7466,0,2.77056
1958.39,0.0255782,0.000255782,22217,-6.74116,0,2.79555
1957.04,0.0256135,0.000256135,22218,-6.73561,0,2.82056
1955.69,0.0256489,0.000256489,22219,-6.72996,0,2.84558
1954.35,0.0256842,0.000256842,22220,-6.7242,0,2.87061
1953,0.0257196,0.000257196,22221,-6.71835,0,2.89565
1951.66,0.0257551,0.000257551,22222,-6.7124,0,2.92071
1950.31,0.0257906,0.000257906,22223,-6.70634,0,2.94578
1948.97,0.0258261,0.000258261,22224,-6.70018,0,2.97086
1947.63,0.0258617,0.000258617,22225,-6.69392,0,2.99595
1946.29,0.0258973,0.000258973,22226,-6.68756,0,3.02106
1944.95,0.0259329,0.000259329,22227,-6.68109,0,3.04617
1943.61,0.0259686,0.000259686,22228,-6.67452,0,3.07129
1942.28,0.0260044,0.000260044,22229,-6.66785,0,3.09643
1940.94,0.0260401,0.000260401,22230,-6.66107,0,3.12157
1939.61,0.0260759,0.000260759,22231,-6.65418,0,3.14672
1938.28,0.0261118,0.000261118,22232,-6.6472,0,3.17188
1936.95,0.0261476,0.000261476,22233,-6.6401,0,3.19705
1935.62,0.0261835,0.000261835,22234,-6.63291,0,3.22222
1934.29,0.0262195,0.000262195,22235,-6.6256,0,3.2474
1932.97,0.0262554,0.000262554,22236,-6.61819,0,3.27259
1931.64,0.0262914,0.000262914,22237,-6.61068,0,3.29779
1930.32,0.0263275,0.000263275,22238,-6.60306,0,3.32299
1929,0.0263636,0.000263636,22239,-6.59533,0,3.34819
1927.68,0.0263997,0.000263997,22240,-6.58749,0,3.3734
1926.36,0.0264358,0.000264358,22241,-6.57955,0,3.39861
1925.05,0.0264719,0.000264719,22242,-6.57149,0,3.42383
1923.73,0.0265081,0.000265081,22243,-6.56333,0,3.44905
1922.42,0.0265444,0.000265444,22244,-6.55507,0,3.47428
1921.11,0.0265806,0.000265806,22245,-6.54669,0,3.4995
1919.8,0.0266169,0.000266169,22246,-6.53821,0,3.52473
1918.49,0.0266532,0.000266532,22247,-6.52961,0,3.54996
1917.19,0.0266895,0.000266895,22248,-6.52091,0,3.57519
1915.88,0.0267258,0.000267258,22249,-6.5121,0,3.60042
1914.58,0.0267622,0.000267622,22250,-6.50317,0,3.62565
1913.28,0.0267986,0.000267986,22251,-6.49414,0,3.65088
1911.98,0.026835,0.00026835,22252,-6.485,0,3.67611
1910.68,0.0268715,0.000268715,22253,-6.47574,0,3.70134
1909.39,0.0269079,0.000269079,22254,-6.46638,0,3.72657
1908.1,0.0269444,0.000269444,22255,-6.4569,0,3.75179
1906.8,0.0269809,0.000269809,22256,-6.44731,0,3.77701
1905.52,0.0270174,0.000270174,22257,-6.43761,0,3.80222
1904.23,0.027054,0.00027054,22258,-6.4278,0,3.82744
1902.94,0.0270905,0.000270905,22259,-6.41787,0,3.85264
1901.66,0.0271271,0.000271271,22260,-6.40784,0,3.87785
1900.38,0.0271637,0.000271637,22261,-6.39769,0,3.90304
1899.1,0.0272003,0.000272003,22262,-6.38742,0,3.92823
1897.82,0.0272369,0.000272369,22263,-6.37705,0,3.95341
1896.55,0.0272735,0.000272735,22264,-6.36656,0,3.97859
1895.27,0.0273102,0.000273102,22265,-6.35595,0,4.00376
1894,0.0273468,0.000273468,22266,-6.34524,0,4.02892
1892.74,0.0273835,0.000273835,22267,-6.3344,0,4.05407
1891.47,0.0274202,0.000274202,22268,-6.32346,0,4.07921
1890.21,0.0274569,0.000274568,22269,-6.3124,0,4.10434
1888.94,0.0274935,0.000274935,22270,-6.30122,0,4.12946
1887.69,0.0275302,0.000275302,22271,-6.28993,0,4.15457
1886.43,0.0275669,0.000275669,22272,-6.27852,0,4.17966
1885.17,0.0276037,0.000276037,22273,-6.267,0,4.20475
1883.92,0.0276404,0.000276404,22274,-6.25536,0,4.22982
1882.67,0.0276771,0.000276771,22275,-6.24361,0,4.25487
1881.42,0.0277138,0.000277138,22276,-6.23174,0,4.27992
1880.18,0.0277505,0.000277505,22277,-6.21975,0,4.30494
1878.93,0.0277873,0.000277873,22278,-6.20764,0,4.32996
1877.69,0.027824,0.00027824,22279,-6.19542,0,4.35495
1876.46,0.0278607,0.000278607,22280,-6.18309,0,4.37993
1875.22,0.0278975,0.000278975,22281,-6.17063,0,4.4049
1873.99,0.0279342,0.000279342,22282,-6.15806,0,4.42984
1872.76,0.0279709,0.000279709,22283,-6.14537,0,4.45477
1871.53,0.0280076,0.000280076,22284,-6.13256,0,4.47967
1870.3,0.0280443,0.000280443,22285,-6.11963,0,4.50456
1869.08,0.028081,0.00028081,22286,-6.10659,0,4.52943
1867.86,0.0281177,0.000281177,22287,-6.09343,0,4.55428
1866.64,0.0281544,0.000281544,22288,-6.08014,0,4.5791
1865.43,0.0281911,0.000281911,22289,-6.06674,0,4.6039
1864.22,0.0282277,0.000282277,22290,-6.05322,0,4.62868
1863.01,0.0282644,0.000282644,22291,-6.03959,0,4.65344
1861.8,0.028301,0.00028301,22292,-6.02583,0,4.67817
1860.6,0.0283377,0.000283377,22293,-6.01195,0,4.70288
1859.4,0.0283743,0.000283743,22294,-5.99795,0,4.72756
1858.2,0.0284109,0.000284109,22295,-5.98384,0,4.75221
1857,0.0284474,0.000284474,22296,-5.9696,0,4.77684
1855.81,0.028484,0.00028484,22297,-5.95525,0,4.80145
1854.62,0.0285205,0.000285205,22298,-5.94077,0,4.82602
1853.44,0.0285571,0.000285571,22299,-5.92617,0,4.85056
1852.25,0.0285936,0.000285936,22300,-5.91146,0,4.87508
1851.07,0.02863,0.0002863,22301,-5.89662,0,4.89956
1849.9,0.0286665,0.000286665,22302,-5.88166,0,4.92402
1848.72,0.0287029,0.000287029,22303,-5.86658,0,4.94844
1847.55,0.0287393,0.000287393,22304,-5.85138,0,4.97283
1846.38,0.0287757,0.000287757,22305,-5.83606,0,4.99719
1845.22,0.0288121,0.000288121,22306,-5.82062,0,5.02152
1844.05,0.0288484,0.000288484,22307,-5.80506,0,5.04581
1842.9,0.0288847,0.000288847,22308,-5.78937,0,5.07006
1841.74,0.0289209,0.000289209,22309,-5.77356,0,5.09428
1840.59,0.0289572,0.000289572,22310,-5.75764,0,5.11846
1839.44,0.0289934,0.000289934,22311,-5.74159,0,5.14261
1838.29,0.0290295,0.000290295,22312,-5.72542,0,5.16672
1837.15,0.0290656,0.000290656,22313,-5.70913,0,5.19079
1836.01,0.0291017,0.000291017,22314,-5.69271,0,5.21482
1834.87,0.0291378,0.000291378,22315,-5.67618,0,5.23881
1833.74,0.0291738,0.000291738,22316,-5.65952,0,5.26276
1832.61,0.0292098,0.000292098,22317,-5.64274,0,5.28667
1831.49,0.0292457,0.000292457,22318,-5.62584,0,5.31054
1830.36,0.0292816,0.000292816,22319,-5.60882,0,5.33437
1829.24,0.0293174,0.000293174,22320,-5.59167,0,5.35815
1828.13,0.0293532,0.000293532,22321,-5.5744,0,5.38188
1827.02,0.029389,0.00029389,22322,-5.55701,0,5.40558
1825.91,0.0294247,0.000294247,22323,-5.5395,0,5.42922
1824.8,0.0294603,0.000294603,22324,-5.52187,0,5.45282
1823.7,0.0294959,0.000294959,22325,-5.50411,0,5.47638
1822.6,0.0295315,0.000295315,22326,-5.48623,0,5.49988
1821.51,0.029567,0.00029567,22327,-5.46823,0,5.52334
1820.42,0.0296024,0.000296024,22328,-5.45011,0,5.54674
1819.33,0.0296378,0.000296378,22329,-5.43187,0,5.5701
1818.25,0.0296731,0.000296731,22330,-5.4135,0,5.5934
1817.17,0.0297084,0.000297084,22331,-5.39501,0,5.61666
1816.09,0.0297436,0.000297436,22332,-5.3764,0,5.63986
1815.02,0.0297788,0.000297788,22333,-5.35767,0,5.66301
1813.95,0.0298139,0.000298139,22334,-5.33881,0,5.6861
1812.89,0.0298489,0.000298489,22335,-5.31983,0,5.70914
1811.83,0.0298838,0.000298838,22336,-5.30073,0,5.73213
1810.77,0.0299187,0.000299187,22337,-5.28151,0,5.75505
1809.72,0.0299536,0.000299536,22338,-5.26217,0,5.77792
1808.67,0.0299883,0.000299883,22339,-5.2427,0,5.80074
1807.62,0.030023,0.00030023,22340,-5.22312,0,5.82349
1806.58,0.0300576,0.000300576,22341,-5.20341,0,5.84619
1805.54,0.0300922,0.000300922,22342,-5.18358,0,5.86882
1804.51,0.0301267,0.000301267,22343,-5.16363,0,5.89139
1803.48,0.030161,0.00030161,22344,-5.14356,0,5.9139
1802.45,0.0301954,0.000301954,22345,-5.12336,0,5.93635
1801.43,0.0302296,0.000302296,22346,-5.10305,0,5.95874
1800.42,0.0302638,0.000302638,22347,-5.08261,0,5.98106
1799.4,0.0302978,0.000302978,22348,-5.06205,0,6.00332
1798.4,0.0303318,0.000303318,22349,-5.04137,0,6.02551
1797.39,0.0303658,0.000303658,22350,-5.02058,0,6.04763
1796.39,0.0303996,0.000303996,22351,-4.99966,0,6.06969
1795.39,0.0304333,0.000304333,22352,-4.97862,0,6.09168
1794.4,0.030467,0.00030467,22353,-4.95746,0,6.1136
1793.41,0.0305005,0.000305005,22354,-4.93618,0,6.13545
1792.43,0.030534,0.00030534,22355,-4.91478,0,6.15723
1791.45,0.0305674,0.000305674,22356,-4.89326,0,6.17894
1790.48,0.0306007,0.000306007,22357,-4.87162,0,6.20057
1789.51,0.0306339,0.000306339,22358,-4.84986,0,6.22214
1788.54,0.030667,0.00030667,22359,-4.82798,0,6.24363
1787.58,0.0307,0.000307,22360,-4.80598,0,6.26504
1786.62,0.0307329,0.000307329,22361,-4.78386,0,6.28638
1785.67,0.0307657,0.000307657,22362,-4.76163,0,6.30764
1784.72,0.0307984,0.000307984,22363,-4.73928,0,6.32883
1783.78,0.030831,0.00030831,22364,-4.7168,0,6.34994
1782.84,0.0308635,0.000308634,22365,-4.69421,0,6.37097
1781.91,0.0308958,0.000308958,22366,-4.67151,0,6.39192
1780.98,0.0309281,0.000309281,22367,-4.64868,0,6.41279
1780.05,0.0309603,0.000309603,22368,-4.62574,0,6.43358
1779.13,0.0309923,0.000309923,22369,-4.60268,0,6.45429
1778.21,0.0310243,0.000310243,22370,-4.5795,0,6.47491
1777.3,0.0310561,0.000310561,22371,-4.55621,0,6.49545
1776.4,0.0310878,0.000310878,22372,-4.5328,0,6.51591
1775.49,0.0311194,0.000311194,22373,-4.50928,0,6.53628
1774.6,0.0311509,0.000311509,22374,-4.48564,0,6.55657
1773.7,0.0311822,0.000311822,22375,-4.46188,0,6.57676
1772.82,0.0312134,0.000312134,22376,-4.43801,0,6.59688
1771.93,0.0312446,0.000312446,22377,-4.41403,0,6.6169
1771.06,0.0312755,0.000312755,22378,-4.38993,0,6.63683
1770.18,0.0313064,0.000313064,22379,-4.36571,0,6.65668
1769.31,0.0313371,0.000313371,22380,-4.34139,0,6.67643
1768.45,0.0313677,0.000313677,22381,-4.31694,0,6.69609
1767.59,0.0313982,0.000313982,22382,-4.29239,0,6.71566
1766.74,0.0314286,0.000314286,22383,-4.26772,0,6.73514
1765.89,0.0314588,0.000314588,22384,-4.24294,0,6.75452
1765.05,0.0314888,0.000314888,22385,-4.21805,0,6.7738
1764.21,0.0315188,0.000315188,22386,-4.19305,0,6.79299
1763.37,0.0315486,0.000315486,22387,-4.16794,0,6.81209
1762.55,0.0315782,0.000315782,22388,-4.14271,0,6.83109
1761.72,0.0316078,0.000316078,22389,-4.11737,0,6.84998
1760.9,0.0316371,0.000316372,22390,-4.09193,0,6.86878
1760.09,0.0316664,0.000316664,22391,-4.06637,0,6.88748
1759.28,0.0316955,0.000316955,22392,-4.04071,0,6.90608
1758.48,0.0317244,0.000317244,22393,-4.01494,0,6.92458
1757.68,0.0317532,0.000317532,22394,-3.98906,0,6.94298
1756.89,0.0317819,0.000317819,22395,-3.96307,0,6.96127
1756.1,0.0318104,0.000318104,22396,-3.93697,0,6.97946
1755.32,0.0318387,0.000318387,22397,-3.91077,0,6.99755
1754.55,0.0318669,0.000318669,22398,-3.88445,0,7.01552
1753.77,0.0318949,0.000318949,22399,-3.85804,0,7.0334
1753.01,0.0319228,0.000319228,22400,-3.83152,0,7.05116
1752.25,0.0319505,0.000319505,22401,-3.80489,0,7.06882
1751.49,0.0319781,0.000319781,22402,-3.77816,0,7.08637
1750.74,0.0320055,0.000320055,22403,-3.75132,0,7.10381
1750,0.0320327,0.000320327,22404,-3.72438,0,7.12114
1749.26,0.0320598,0.000320598,22405,-3.69734,0,7.13836
1748.53,0.0320867,0.000320867,22406,-3.67019,0,7.15547
1747.8,0.0321135,0.000321135,22407,-3.64295,0,7.17247
1747.07,0.03214,0.0003214,22408,-3.6156,0,7.18935
1746.36,0.0321664,0.000321664,22409,-3.58815,0,7.20612
1745.65,0.0321927,0.000321927,22410,-3.5606,0,7.22277
1744.94,0.0322187,0.000322187,22411,-3.53295,0,7.23931
1744.24,0.0322446,0.000322446,22412,-3.5052,0,7.25573
1743.54,0.0322703,0.000322703,22413,-3.47735,0,7.27204
1742.85,0.0322958,0.000322958,22414,-3.4494,0,7.28823
1742.17,0.0323212,0.000323212,22415,-3.42136,0,7.3043
1741.49,0.0323464,0.000323464,22416,-3.39322,0,7.32024
1740.82,0.0323714,0.000323714,22417,-3.36498,0,7.33607
1740.15,0.0323962,0.000323962,22418,-3.33665,0,7.35178
1739.49,0.0324208,0.000324208,22419,-3.30822,0,7.36737
1738.84,0.0324452,0.000324452,22420,-3.2797,0,7.38283
1738.19,0.0324695,0.000324695,22421,-3.25108,0,7.39818
1737.54,0.0324935,0.000324935,22422,-3.22237,0,7.4134
1736.91,0.0325174,0.000325174,22423,-3.19357,0,7.42849
1736.27,0.0325411,0.000325411,22424,-3.16468,0,7.44346
1735.65,0.0325646,0.000325646,22425,-3.13569,0,7.4583
1735.03,0.0325879,0.000325879,22426,-3.10662,0,7.47302
1734.41,0.032611,0.00032611,22427,-3.07745,0,7.48761
1733.8,0.0326339,0.000326339,22428,-3.04819,0,7.50207
1733.2,0.0326566,0.000326566,22429,-3.01885,0,7.5164
1732.6,0.0326791,0.000326791,22430,-2.98942,0,7.5306
1732.01,0.0327014,0.000327014,22431,-2.9599,0,7.54467
1731.43,0.0327235,0.000327235,22432,-2.9303,0,7.55861
1730.85,0.0327454,0.000327454,22433,-2.90061,0,7.57242
1730.28,0.0327671,0.000327671,22434,-2.87083,0,7.5861
1729.71,0.0327886,0.000327886,22435,-2.84097,0,7.59965
1729.15,0.0328099,0.000328099,22436,-2.81103,0,7.61306
1728.59,0.032831,0.00032831,22437,-2.781,0,7.62634
1728.04,0.0328519,0.000328519,22438,-2.75089,0,7.63948
1727.5,0.0328725,0.000328725,22439,-2.7207,0,7.65249
1726.96,0.032893,0.00032893,22440,-2.69043,0,7.66536
1726.43,0.0329132,0.000329132,22441,-2.66008,0,7.67809
1725.91,0.0329333,0.000329333,22442,-2.62965,0,7.69069
1725.39,0.0329531,0.000329531,22443,-2.59915,0,7.70315
1724.87,0.0329727,0.000329726,22444,-2.56856,0,7.71547
1724.37,0.032992,0.00032992,22445,-2.5379,0,7.72765
1723.87,0.0330112,0.000330112,22446,-2.50716,0,7.73969
1723.37,0.0330301,0.000330301,22447,-2.47635,0,7.75159
1722.89,0.0330488,0.000330488,22448,-2.44547,0,7.76335
1722.4,0.0330673,0.000330673,22449,-2.41451,0,7.77497
1721.93,0.0330856,0.000330856,22450,-2.38347,0,7.78644
1721.46,0.0331036,0.000331036,22451,-2.35237,0,7.79778
1721,0.0331214,0.000331214,22452,-2.3212,0,7.80896
1720.54,0.033139,0.00033139,22453,-2.28995,0,7.82001
1720.09,0.0331564,0.000331564,22454,-2.25864,0,7.83091
1719.65,0.0331735,0.000331735,22455,-2.22726,0,7.84166
1719.21,0.0331904,0.000331904,22456,-2.19581,0,7.85227
1718.78,0.0332071,0.000332071,22457,-2.16429,0,7.86274
1718.35,0.0332235,0.000332235,22458,-2.13271,0,7.87305
1717.93,0.0332397,0.000332397,22459,-2.10106,0,7.88322
1717.52,0.0332557,0.000332557,22460,-2.06935,0,7.89324
1717.11,0.0332714,0.000332714,22461,-2.03758,0,7.90311
1716.71,0.0332869,0.000332869,22462,-2.00575,0,7.91284
1716.32,0.0333022,0.000333022,22463,-1.97385,0,7.92241
1715.93,0.0333172,0.000333172,22464,-1.94189,0,7.93183
1715.55,0.033332,0.00033332,22465,-1.90988,0,7.94111
1715.18,0.0333465,0.000333465,22466,-1.8778,0,7.95023
1714.81,0.0333608,0.000333608,22467,-1.84567,0,7.9592
1714.45,0.0333749,0.000333749,22468,-1.81348,0,7.96802
1714.1,0.0333887,0.000333887,22469,-1.78124,0,7.97669
1713.75,0.0334022,0.000334022,22470,-1.74894,0,7.9852
1713.41,0.0334156,0.000334156,22471,-1.71659,0,7.99356
1713.07,0.0334286,0.000334286,22472,-1.68418,0,8.00177
1712.74,0.0334415,0.000334415,22473,-1.65172,0,8.00982
1712.42,0.0334541,0.000334541,22474,-1.61921,0,8.01772
1712.1,0.0334664,0.000334664,22475,-1.58666,0,8.02546
1711.79,0.0334785,0.000334785,22476,-1.55405,0,8.03305
1711.49,0.0334903,0.000334903,22477,-1.52139,0,8.04048
1711.2,0.0335019,0.000335019,22478,-1.48869,0,8.04776
1710.91,0.0335132,0.000335132,22479,-1.45594,0,8.05488
1710.62,0.0335243,0.000335243,22480,-1.42315,0,8.06184
1710.35,0.0335352,0.000335352,22481,-1.39031,0,8.06864
1710.08,0.0335457,0.000335457,22482,-1.35743,0,8.07529
1709.81,0.0335561,0.000335561,22483,-1.32451,0,8.08178
1709.56,0.0335661,0.000335661,22484,-1.29154,0,8.08811
1709.31,0.0335759,0.000335759,22485,-1.25854,0,8.09428
1709.06,0.0335855,0.000335855,22486,-1.2255,0,8.10029
1708.83,0.0335948,0.000335948,22487,-1.19242,0,8.10614
1708.6,0.0336038,0.000336038,22488,-1.1593,0,8.11184
1708.38,0.0336126,0.000336126,22489,-1.12614,0,8.11737
1708.16,0.0336212,0.000336212,22490,-1.09296,0,8.12274
1707.95,0.0336294,0.000336294,22491,-1.05973,0,8.12796
1707.75,0.0336374,0.000336374,22492,-1.02648,0,8.13301
1707.55,0.0336452,0.000336452,22493,-0.993189,0,8.1379
1707.36,0.0336527,0.000336527,22494,-0.95987,0,8.14263
1707.18,0.0336599,0.000336599,22495,-0.926521,0,8.14719
1707,0.0336669,0.000336669,22496,-0.893144,0,8.1516
1706.83,0.0336736,0.000336736,22497,-0.859738,0,8.15584
1706.67,0.03368,0.0003368,22498,-0.826307,0,8.15992
1706.51,0.0336862,0.000336862,22499,-0.792849,0,8.16384
1706.36,0.0336921,0.000336921,22500,-0.759367,0,8.16759
1706.22,0.0336977,0.000336977,22501,-0.725861,0,8.17118
1706.08,0.0337031,0.000337031,22502,-0.692333,0,8.17461
1705.95,0.0337082,0.000337082,22503,-0.658783,0,8.17788
1705.83,0.0337131,0.000337131,22504,-0.625213,0,8.18098
1705.71,0.0337176,0.000337177,22505,-0.591623,0,8.18392
1705.6,0.033722,0.00033722,22506,-0.558016,0,8.18669
1705.5,0.033726,0.00033726,22507,-0.524391,0,8.1893
1705.41,0.0337298,0.000337298,22508,-0.49075,0,8.19174
1705.32,0.0337333,0.000337333,22509,-0.457093,0,8.19403
1705.23,0.0337366,0.000337366,22510,-0.423423,0,8.19614
1705.16,0.0337396,0.000337396,22511,-0.38974,0,8.19809
1705.09,0.0337423,0.000337423,22512,-0.356045,0,8.19988
1705.03,0.0337447,0.000337448,22513,-0.32234,0,8.2015
1704.97,0.0337469,0.000337469,22514,-0.288624,0,8.20296
1704.92,0.0337489,0.000337489,22515,-0.2549,0,8.20425
1704.88,0.0337505,0.000337505,22516,-0.221168,0,8.20538
1704.85,0.0337519,0.000337519,22517,-0.18743,0,8.20634
1704.82,0.033753,0.00033753,22518,-0.153686,0,8.20714
1704.8,0.0337539,0.000337539,22519,-0.119939,0,8.20777
1704.78,0.0337544,0.000337544,22520,-0.0861873,0,8.20823
1704.78,0.0337547,0.000337547,22521,-0.0524339,0,8.20854
1704.77,0.0337548,0.000337548,22522,-0.0186794,0,8.20867
1704.78,0.0337546,0.000337546,22523,0.0150751,0,8.20864
1704.79,0.0337541,0.000337541,22524,0.0488286,0,8.20845
1704.81,0.0337533,0.000337533,22525,0.08258,0,8.20809
1704.84,0.0337523,0.000337523,22526,0.116328,0,8.20756
1704.87,0.033751,0.00033751,22527,0.150072,0,8.20687
1704.91,0.0337494,0.000337494,22528,0.183811,0,8.20602
1704.96,0.0337476,0.000337476,22529,0.217543,0,8.205
1705.01,0.0337455,0.000337455,22530,0.251267,0,8.20381
1705.07,0.0337431,0.000337431,22531,0.284983,0,8.20246
1705.14,0.0337405,0.000337405,22532,0.31869,0,8.20094
1705.21,0.0337376,0.000337376,22533,0.352386,0,8.19926
1705.29,0.0337344,0.000337344,22534,0.386069,0,8.19742
1705.38,0.0337309,0.000337309,22535,0.41974,0,8.19541
1705.47,0.0337272,0.000337272,22536,0.453398,0,8.19324
1705.57,0.0337233,0.000337233,22537,0.48704,0,8.1909
1705.68,0.033719,0.00033719,22538,0.520666,0,8.1884
1705.79,0.0337145,0.000337145,22539,0.554275,0,8.18573
1705.91,0.0337098,0.000337098,22540,0.587865,0,8.1829
1706.04,0.0337047,0.000337047,22541,0.621437,0,8.1799
1706.17,0.0336994,0.000336994,22542,0.654988,0,8.17675
1706.31,0.0336939,0.000336939,22543,0.688518,0,8.17343
1706.46,0.0336881,0.000336881,22544,0.722025,0,8.16994
1706.62,0.033682,0.00033682,22545,0.755509,0,8.16629
1706.78,0.0336756,0.000336756,22546,0.788969,0,8.16248
1706.94,0.033669,0.00033669,22547,0.822402,0,8.15851
1707.12,0.0336621,0.000336621,22548,0.85581,0,8.15438
1707.3,0.033655,0.00033655,22549,0.889189,0,8.15008
1707.49,0.0336476,0.000336476,22550,0.92254,0,8.14562
1707.68,0.0336399,0.000336399,22551,0.955861,0,8.141
1707.88,0.033632,0.00033632,22552,0.989151,0,8.13622
1708.09,0.0336238,0.000336238,22553,1.02241,0,8.13127
1708.31,0.0336154,0.000336154,22554,1.05564,0,8.12617
1708.53,0.0336067,0.000336067,22555,1.08883,0,8.1209
1708.75,0.0335977,0.000335977,22556,1.12198,0,8.11548
1708.99,0.0335885,0.000335885,22557,1.1551,0,8.10989
1709.23,0.033579,0.00033579,22558,1.18819,0,8.10415
1709.48,0.0335693,0.000335693,22559,1.22123,0,8.09825
1709.73,0.0335593,0.000335593,22560,1.25424,0,8.09218
1709.99,0.033549,0.00033549,22561,1.28721,0,8.08596
1710.26,0.0335385,0.000335385,22562,1.32013,0,8.07958
1710.54,0.0335278,0.000335278,22563,1.35302,0,8.07304
1710.82,0.0335168,0.000335168,22564,1.38586,0,8.06635
1711.1,0.0335055,0.000335055,22565,1.41866,0,8.0595
1711.4,0.033494,0.00033494,22566,1.45141,0,8.05249
1711.7,0.0334823,0.000334823,22567,1.48412,0,8.04532
1712,0.0334703,0.000334703,22568,1.51678,0,8.038
1712.32,0.033458,0.00033458,22569,1.54939,0,8.03052
1712.64,0.0334455,0.000334455,22570,1.58195,0,8.02289
1712.96,0.0334327,0.000334328,22571,1.61446,0,8.0151
1713.3,0.0334197,0.000334198,22572,1.64693,0,8.00716
1713.64,0.0334065,0.000334065,22573,1.67934,0,7.99906
1713.98,0.033393,0.00033393,22574,1.71169,0,7.99081
1714.34,0.0333793,0.000333793,22575,1.744,0,7.98241
1714.7,0.0333653,0.000333653,22576,1.77625,0,7.97385
1715.06,0.0333511,0.000333511,22577,1.80844,0,7.96514
1715.43,0.0333366,0.000333366,22578,1.84058,0,7.95628
1715.81,0.0333219,0.000333219,22579,1.87266,0,7.94727
1716.2,0.033307,0.00033307,22580,1.90468,0,7.93811
1716.59,0.0332918,0.000332918,22581,1.93664,0,7.9288
1716.99,0.0332764,0.000332764,22582,1.96855,0,7.91934
1717.39,0.0332607,0.000332607,22583,2.00039,0,7.90972
1717.8,0.0332448,0.000332448,22584,2.03217,0,7.89996
1718.22,0.0332287,0.000332287,22585,2.06389,0,7.89006
1718.64,0.0332123,0.000332123,22586,2.09554,0,7.88
1719.07,0.0331957,0.000331957,22587,2.12713,0,7.8698
1719.51,0.0331789,0.000331789,22588,2.15865,0,7.85945
1719.95,0.0331618,0.000331618,22589,2.19011,0,7.84895
1720.4,0.0331446,0.000331446,22590,2.2215,0,7.83831
1720.85,0.033127,0.00033127,22591,2.25282,0,7.82752
1721.31,0.0331093,0.000331093,22592,2.28407,0,7.81659
1721.78,0.0330913,0.000330913,22593,2.31525,0,7.80551
1722.25,0.0330731,0.000330731,22594,2.34637,0,7.79429
1722.73,0.0330547,0.000330547,22595,2.37741,0,7.78293
1723.22,0.0330361,0.000330361,22596,2.40838,0,7.77143
1723.71,0.0330172,0.000330172,22597,2.43927,0,7.75978
1724.21,0.0329981,0.000329981,22598,2.47009,0,7.748
1724.71,0.0329788,0.000329788,22599,2.50084,0,7.73607
1725.22,0.0329593,0.000329593,22600,2.53151,0,7.72401
1725.74,0.0329396,0.000329396,22601,2.56211,0,7.7118
1726.26,0.0329196,0.000329196,22602,2.59262,0,7.69946
1726.79,0.0328994,0.000328994,22603,2.62306,0,7.68697
1727.33,0.0328791,0.000328791,22604,2.65342,0,7.67436
1727.87,0.0328585,0.000328585,22605,2.68371,0,7.6616
1728.42,0.0328377,0.000328377,22606,2.71391,0,7.64871
1728.97,0.0328167,0.000328166,22607,2.74403,0,7.63568
1729.53,0.0327954,0.000327954,22608,2.77407,0,7.62252
1730.09,0.032774,0.00032774,22609,2.80402,0,7.60922
1730.67,0.0327524,0.000327524,22610,2.83389,0,7.5958
1731.24,0.0327305,0.000327305,22611,2.86368,0,7.58223
1731.83,0.0327085,0.000327085,22612,2.89339,0,7.56854
1732.42,0.0326862,0.000326862,22613,2.92301,0,7.55472
1733.01,0.0326638,0.000326638,22614,2.95254,0,7.54076
1733.61,0.0326411,0.000326411,22615,2.98198,0,7.52667
1734.22,0.0326183,0.000326183,22616,3.01134,0,7.51246
1734.83,0.0325952,0.000325952,22617,3.04061,0,7.49812
1735.45,0.032572,0.00032572,22618,3.06979,0,7.48364
1736.07,0.0325486,0.000325486,22619,3.09888,0,7.46905
1736.71,0.032525,0.00032525,22620,3.12789,0,7.45432
1737.34,0.0325011,0.000325011,22621,3.1568,0,7.43947
1737.98,0.0324771,0.000324771,22622,3.18561,0,7.4245
1738.63,0.0324529,0.000324529,22623,3.21434,0,7.4094
1739.28,0.0324286,0.000324286,22624,3.24297,0,7.39417
1739.94,0.032404,0.00032404,22625,3.27151,0,7.37883
1740.61,0.0323792,0.000323792,22626,3.29996,0,7.36336
1741.28,0.0323543,0.000323543,22627,3.32831,0,7.34777
1741.96,0.0323292,0.000323292,22628,3.35657,0,7.33206
1742.64,0.0323039,0.000323039,22629,3.38472,0,7.31623
1743.32,0.0322784,0.000322784,22630,3.41279,0,7.30028
1744.02,0.0322528,0.000322528,22631,3.44075,0,7.28421
1744.72,0.0322269,0.00032227,22632,3.46862,0,7.26803
1745.42,0.0322009,0.000322009,22633,3.49639,0,7.25173
1746.13,0.0321748,0.000321748,22634,3.52406,0,7.23531
1746.85,0.0321484,0.000321484,22635,3.55163,0,7.21877
1747.57,0.0321219,0.000321219,22636,3.5791,0,7.20213
1748.29,0.0320952,0.000320952,22637,3.60647,0,7.18536
1749.03,0.0320684,0.000320684,22638,3.63374,0,7.16849
1749.76,0.0320413,0.000320413,22639,3.66091,0,7.1515
1750.51,0.0320142,0.000320142,22640,3.68798,0,7.1344
1751.25,0.0319868,0.000319868,22641,3.71494,0,7.11719
1752.01,0.0319593,0.000319593,22642,3.7418,0,7.09987
1752.77,0.0319316,0.000319316,22643,3.76855,0,7.08245
1753.53,0.0319038,0.000319038,22644,3.79521,0,7.06491
1754.3,0.0318758,0.000318758,22645,3.82175,0,7.04727
1755.08,0.0318477,0.000318477,22646,3.84819,0,7.02951
1755.86,0.0318194,0.000318194,22647,3.87453,0,7.01166
1756.64,0.0317909,0.000317909,22648,3.90076,0,6.99369
1757.43,0.0317623,0.000317623,22649,3.92688,0,6.97563
1758.23,0.0317336,0.000317336,22650,3.9529,0,6.95746
1759.03,0.0317047,0.000317047,22651,3.97881,0,6.93918
1759.83,0.0316756,0.000316756,22652,4.00461,0,6.92081
1760.65,0.0316464,0.000316464,22653,4.0303,0,6.90233
1761.46,0.0316171,0.000316171,22654,4.05589,0,6.88375
1762.28,0.0315876,0.000315876,22655,4.08136,0,6.86508
1763.11,0.031558,0.00031558,22656,4.10673,0,6.8463
1763.94,0.0315282,0.000315282,22657,4.13198,0,6.82743
1764.78,0.0314984,0.000314984,22658,4.15712,0,6.80846
1765.62,0.0314683,0.000314683,22659,4.18216,0,6.78939
1766.47,0.0314381,0.000314381,22660,4.20708,0,6.77023
1767.32,0.0314078,0.000314078,22661,4.23189,0,6.75097
1768.18,0.0313774,0.000313774,22662,4.25659,0,6.73162
1769.04,0.0313468,0.000313468,22663,4.28118,0,6.71217
1769.91,0.0313162,0.000313162,22664,4.30565,0,6.69263
1770.78,0.0312853,0.000312853,22665,4.33001,0,6.673
1771.65,0.0312544,0.000312544,22666,4.35426,0,6.65328
1772.54,0.0312233,0.000312233,22667,4.3784,0,6.63347
1773.42,0.0311921,0.000311921,22668,4.40242,0,6.61357
1774.31,0.0311608,0.000311608,22669,4.42632,0,6.59359
1775.21,0.0311294,0.000311294,22670,4.45011,0,6.57351
1776.11,0.0310978,0.000310978,22671,4.47379,0,6.55335
1777.01,0.0310661,0.000310661,22672,4.49735,0,6.5331
1777.92,0.0310343,0.000310343,22673,4.5208,0,6.51277
1778.84,0.0310024,0.000310024,22674,4.54413,0,6.49236
1779.76,0.0309704,0.000309704,22675,4.56734,0,6.47186
1780.68,0.0309383,0.000309383,22676,4.59044,0,6.45127
1781.61,0.0309061,0.000309061,22677,4.61342,0,6.43061
1782.54,0.0308737,0.000308737,22678,4.63629,0,6.40986
1783.48,0.0308413,0.000308413,22679,4.65904,0,6.38904
1784.42,0.0308087,0.000308087,22680,4.68167,0,6.36813
1785.37,0.030776,0.00030776,22681,4.70418,0,6.34715
1786.32,0.0307433,0.000307433,22682,4.72658,0,6.32609
1787.28,0.0307104,0.000307104,22683,4.74885,0,6.30495
1788.24,0.0306774,0.000306774,22684,4.77101,0,6.28373
1789.2,0.0306444,0.000306444,22685,4.79305,0,6.26244
1790.17,0.0306112,0.000306112,22686,4.81498,0,6.24108
1791.14,0.030578,0.00030578,22687,4.83678,0,6.21964
1792.12,0.0305446,0.000305446,22688,4.85846,0,6.19813
1793.1,0.0305112,0.000305112,22689,4.88003,0,6.17654
1794.09,0.0304776,0.000304776,22690,4.90148,0,6.15489
1795.08,0.030444,0.00030444,22691,4.9228,0,6.13316
1796.07,0.0304103,0.000304103,22692,4.94401,0,6.11137
1797.07,0.0303765,0.000303765,22693,4.9651,0,6.0895
1798.08,0.0303426,0.000303426,22694,4.98607,0,6.06757
1799.08,0.0303086,0.000303086,22695,5.00691,0,6.04557
1800.1,0.0302746,0.000302746,22696,5.02764,0,6.0235
1801.11,0.0302404,0.000302404,22697,5.04825,0,6.00137
1802.13,0.0302062,0.000302062,22698,5.06874,0,5.97918
1803.15,0.0301719,0.000301719,22699,5.0891,0,5.95691
1804.18,0.0301376,0.000301376,22700,5.10935,0,5.93459
1805.21,0.0301031,0.000301031,22701,5.12947,0,5.9122
1806.25,0.0300686,0.000300686,22702,5.14948,0,5.88975
1807.29,0.030034,0.00030034,22703,5.16936,0,5.86724
1808.33,0.0299993,0.000299993,22704,5.18912,0,5.84467
1809.38,0.0299646,0.000299646,22705,5.20876,0,5.82204
1810.43,0.0299298,0.000299298,22706,5.22828,0,5.79935
1811.49,0.0298949,0.000298949,22707,5.24768,0,5.77661
1812.55,0.02986,0.0002986,22708,5.26696,0,5.7538
1813.61,0.029825,0.00029825,22709,5.28611,0,5.73094
1814.68,0.0297899,0.000297899,22710,5.30515,0,5.70803
1815.75,0.0297548,0.000297548,22711,5.32406,0,5.68506
1816.83,0.0297196,0.000297196,22712,5.34285,0,5.66203
1817.9,0.0296843,0.000296843,22713,5.36152,0,5.63896
1818.99,0.029649,0.00029649,22714,5.38007,0,5.61582
1820.07,0.0296136,0.000296136,22715,5.3985,0,5.59264
1821.16,0.0295782,0.000295782,22716,5.4168,0,5.56941
1822.26,0.0295427,0.000295427,22717,5.43498,0,5.54612
1823.35,0.0295072,0.000295072,22718,5.45305,0,5.52279
1824.45,0.0294716,0.000294716,22719,5.47099,0,5.49941
1825.56,0.029436,0.00029436,22720,5.4888,0,5.47598
1826.66,0.0294003,0.000294003,22721,5.5065,0,5.4525
1827.78,0.0293645,0.000293645,22722,5.52408,0,5.42898
1828.89,0.0293288,0.000293288,22723,5.54153,0,5.40541
1830.01,0.0292929,0.000292929,22724,5.55886,0,5.38179
1831.13,0.0292571,0.000292571,22725,5.57607,0,5.35813
1832.25,0.0292211,0.000292211,22726,5.59316,0,5.33443
1833.38,0.0291852,0.000291852,22727,5.61013,0,5.31068
1834.52,0.0291492,0.000291492,22728,5.62698,0,5.2869
1835.65,0.0291131,0.000291131,22729,5.6437,0,5.26307
1836.79,0.0290771,0.000290771,22730,5.66031,0,5.2392
1837.93,0.029041,0.00029041,22731,5.67679,0,5.21528
1839.08,0.0290048,0.000290048,22732,5.69315,0,5.19133
1840.22,0.0289686,0.000289686,22733,5.70939,0,5.16735
1841.37,0.0289324,0.000289324,22734,5.72551,0,5.14332
1842.53,0.0288962,0.000288962,22735,5.74151,0,5.11926
1843.69,0.0288599,0.000288599,22736,5.75738,0,5.09516
1844.85,0.0288236,0.000288236,22737,5.77314,0,5.07102
1846.01,0.0287872,0.000287872,22738,5.78877,0,5.04685
1847.18,0.0287508,0.000287508,22739,5.80429,0,5.02264
1848.35,0.0287144,0.000287144,22740,5.81968,0,4.99841
1849.52,0.028678,0.00028678,22741,5.83496,0,4.97413
1850.7,0.0286416,0.000286416,22742,5.85011,0,4.94983
1851.88,0.0286051,0.000286051,22743,5.86514,0,4.92549
1853.06,0.0285686,0.000285686,22744,5.88006,0,4.90113
1854.25,0.0285321,0.000285321,22745,5.89485,0,4.87673
1855.44,0.0284955,0.000284955,22746,5.90952,0,4.8523
1856.63,0.028459,0.00028459,22747,5.92408,0,4.82785
1857.82,0.0284224,0.000284224,22748,5.93851,0,4.80336
1859.02,0.0283858,0.000283858,22749,5.95283,0,4.77885
1860.22,0.0283492,0.000283492,22750,5.96702,0,4.75431
1861.42,0.0283126,0.000283126,22751,5.9811,0,4.72974
1862.63,0.0282759,0.000282759,22752,5.99506,0,4.70515
1863.84,0.0282393,0.000282393,22753,6.0089,0,4.68054
1865.05,0.0282026,0.000282026,22754,6.02261,0,4.6559
1866.26,0.028166,0.00028166,22755,6.03622,0,4.63123
1867.48,0.0281293,0.000281293,22756,6.0497,0,4.60654
1868.7,0.0280926,0.000280926,22757,6.06306,0,4.58183
1869.92,0.0280559,0.000280559,22758,6.07631,0,4.5571
1871.14,0.0280192,0.000280192,22759,6.08944,0,4.53235
1872.37,0.0279825,0.000279825,22760,6.10245,0,4.50758
1873.6,0.0279458,0.000279458,22761,6.11534,0,4.48278
1874.83,0.027909,0.00027909,22762,6.12812,0,4.45797
1876.07,0.0278723,0.000278723,22763,6.14078,0,4.43314
1877.3,0.0278356,0.000278356,22764,6.15332,0,4.40829
1878.54,0.0277989,0.000277989,22765,6.16574,0,4.38342
1879.78,0.0277621,0.000277621,22766,6.17805,0,4.35854
1881.03,0.0277254,0.000277254,22767,6.19025,0,4.33363
1882.28,0.0276887,0.000276887,22768,6.20232,0,4.30872
1883.53,0.027652,0.00027652,22769,6.21428,0,4.28379
1884.78,0.0276153,0.000276153,22770,6.22613,0,4.25884
1886.03,0.0275785,0.000275785,22771,6.23785,0,4.23388
1887.29,0.0275418,0.000275418,22772,6.24947,0,4.20891
1888.55,0.0275051,0.000275051,22773,6.26097,0,4.18392
1889.81,0.0274684,0.000274684,22774,6.27235,0,4.15892
1891.07,0.0274317,0.000274317,22775,6.28362,0,4.13391
1892.34,0.0273951,0.000273951,22776,6.29477,0,4.10889
1893.6,0.0273584,0.000273584,22777,6.30581,0,4.08386
1894.87,0.0273217,0.000273217,22778,6.31674,0,4.05882
1896.15,0.0272851,0.000272851,22779,6.32755,0,4.03376
1897.42,0.0272485,0.000272485,22780,6.33825,0,4.0087
1898.7,0.0272118,0.000272118,22781,6.34883,0,3.98363
1899.98,0.0271752,0.000271752,22782,6.3593,0,3.95856
1901.26,0.0271386,0.000271386,22783,6.36966,0,3.93347
1902.54,0.0271021,0.000271021,22784,6.37991,0,3.90838
1903.82,0.0270655,0.000270655,22785,6.39005,0,3.88329
1905.11,0.027029,0.00027029,22786,6.40007,0,3.85819
1906.4,0.0269924,0.000269924,22787,6.40998,0,3.83308
1907.69,0.0269559,0.000269559,22788,6.41978,0,3.80797
1908.98,0.0269194,0.000269194,22789,6.42946,0,3.78285
1910.28,0.026883,0.00026883,22790,6.43904,0,3.75773
1911.57,0.0268465,0.000268465,22791,6.44851,0,3.73261
1912.87,0.0268101,0.000268101,22792,6.45786,0,3.70748
1914.17,0.0267737,0.000267737,22793,6.46711,0,3.68236
1915.47,0.0267373,0.000267373,22794,6.47624,0,3.65723
1916.78,0.0267009,0.000267009,22795,6.48527,0,3.6321
1918.08,0.0266646,0.000266646,22796,6.49418,0,3.60697
1919.39,0.0266283,0.000266283,22797,6.50299,0,3.58184
1920.7,0.026592,0.00026592,22798,6.51169,0,3.55671
1922.01,0.0265558,0.000265558,22799,6.52027,0,3.53158
1923.32,0.0265195,0.000265195,22800,6.52876,0,3.50645
1924.63,0.0264834,0.000264833,22801,6.53713,0,3.48133
1925.95,0.0264472,0.000264472,22802,6.54539,0,3.45621
1927.27,0.026411,0.00026411,22803,6.55355,0,3.43109
1928.59,0.0263749,0.000263749,22804,6.5616,0,3.40597
1929.91,0.0263389,0.000263389,22805,6.56954,0,3.38086
1931.23,0.0263028,0.000263028,22806,6.57738,0,3.35575
1932.55,0.0262668,0.000262668,22807,6.58511,0,3.33064
1933.88,0.0262308,0.000262308,22808,6.59273,0,3.30555
1935.2,0.0261949,0.000261949,22809,6.60025,0,3.28045
1936.53,0.0261589,0.000261589,22810,6.60766,0,3.25537
1937.86,0.0261231,0.000261231,22811,6.61497,0,3.23029
1939.19,0.0260872,0.000260872,22812,6.62217,0,3.20521
1940.52,0.0260514,0.000260514,22813,6.62927,0,3.18015
1941.86,0.0260156,0.000260156,22814,6.63626,0,3.15509
1943.19,0.0259799,0.000259799,22815,6.64315,0,3.13004
1944.53,0.0259442,0.000259442,22816,6.64994,0,3.105
1945.87,0.0259085,0.000259085,22817,6.65662,0,3.07997
1947.21,0.0258729,0.000258729,22818,6.6632,0,3.05494
1948.55,0.0258373,0.000258373,22819,6.66967,0,3.02993
1949.89,0.0258018,0.000258018,22820,6.67605,0,3.00493
1951.23,0.0257663,0.000257663,22821,6.68232,0,2.97994
1952.58,0.0257308,0.000257308,22822,6.68849,0,2.95496
1953.92,0.0256954,0.000256954,22823,6.69456,0,2.92999
1955.27,0.02566,0.0002566,22824,6.70052,0,2.90503
1956.62,0.0256247,0.000256247,22825,6.70639,0,2.88009
1957.96,0.0255894,0.000255894,22826,6.71216,0,2.85516
1959.31,0.0255541,0.000255541,22827,6.71782,0,2.83024
1960.67,0.0255189,0.000255189,22828,6.72339,0,2.80533
1962.02,0.0254837,0.000254837,22829,6.72885,0,2.78044
1963.37,0.0254486,0.000254486,22830,6.73422,0,2.75557
1964.73,0.0254135,0.000254135,22831,6.73948,0,2.73071
1966.08,0.0253785,0.000253785,22832,6.74465,0,2.70586
1967.44,0.0253435,0.000253435,22833,6.74972,0,2.68103
1968.79,0.0253086,0.000253086,22834,6.75469,0,2.65621
1970.15,0.0252737,0.000252737,22835,6.75957,0,2.63141
1971.51,0.0252389,0.000252389,22836,6.76434,0,2.60663
1972.87,0.0252041,0.000252041,22837,6.76902,0,2.58186
1974.23,0.0251693,0.000251693,22838,6.7736,0,2.55711
1975.6,0.0251346,0.000251346,22839,6.77809,0,2.53238
1976.96,0.0251,0.000251,22840,6.78248,0,2.50767
1978.32,0.0250654,0.000250654,22841,6.78677,0,2.48298
1979.69,0.0250309,0.000250309,22842,6.79097,0,2.4583
1981.05,0.0249964,0.000249964,22843,6.79507,0,2.43364
1982.42,0.0249619,0.000249619,22844,6.79908,0,2.409
1983.79,0.0249275,0.000249275,22845,6.803,0,2.38439
1985.15,0.0248932,0.000248932,22846,6.80681,0,2.35979
1986.52,0.0248589,0.000248589,22847,6.81054,0,2.33521
1987.89,0.0248247,0.000248247,22848,6.81417,0,2.31065
1989.26,0.0247905,0.000247905,22849,6.81771,0,2.28611
1990.63,0.0247564,0.000247564,22850,6.82116,0,2.2616
1992,0.0247223,0.000247223,22851,6.82451,0,2.2371
1993.37,0.0246883,0.000246883,22852,6.82777,0,2.21263
1994.75,0.0246543,0.000246543,22853,6.83094,0,2.18818
1996.12,0.0246204,0.000246204,22854,6.83401,0,2.16376
1997.49,0.0245866,0.000245866,22855,6.837,0,2.13935
1998.87,0.0245528,0.000245528,22856,6.8399,0,2.11497
2000.24,0.024519,0.00024519,22857,6.8427,0,2.09061
2001.62,0.0244854,0.000244854,22858,6.84541,0,2.06628
2002.99,0.0244517,0.000244517,22859,6.84804,0,2.04197
2004.37,0.0244182,0.000244182,22860,6.85057,0,2.01768
2005.75,0.0243847,0.000243847,22861,6.85302,0,1.99342
2007.12,0.0243512,0.000243512,22862,6.85537,0,1.96918
2008.5,0.0243178,0.000243178,22863,6.85764,0,1.94497
2009.88,0.0242845,0.000242845,22864,6.85982,0,1.92078
2011.26,0.0242512,0.000242512,22865,6.86191,0,1.89662
2012.64,0.024218,0.00024218,22866,6.86391,0,1.87249
2014.02,0.0241848,0.000241848,22867,6.86583,0,1.84838
2015.4,0.0241517,0.000241517,22868,6.86766,0,1.8243
2016.78,0.0241187,0.000241187,22869,6.8694,0,1.80024
2018.16,0.0240857,0.000240857,22870,6.87105,0,1.77621
2019.54,0.0240528,0.000240528,22871,6.87262,0,1.75221
2020.92,0.0240199,0.000240199,22872,6.87411,0,1.72824
2022.3,0.0239871,0.000239871,22873,6.8755,0,1.70429
2023.68,0.0239544,0.000239544,22874,6.87682,0,1.68037
2025.06,0.0239217,0.000239217,22875,6.87805,0,1.65648
2026.45,0.0238891,0.000238891,22876,6.87919,0,1.63262
2027.83,0.0238565,0.000238565,22877,6.88025,0,1.60879
2029.21,0.023824,0.00023824,22878,6.88123,0,1.58498
2030.59,0.0237916,0.000237916,22879,6.88212,0,1.56121
2031.98,0.0237592,0.000237592,22880,6.88293,0,1.53746
2033.36,0.0237269,0.000237269,22881,6.88366,0,1.51375
2034.74,0.0236947,0.000236947,22882,6.8843,0,1.49006
2036.12,0.0236625,0.000236625,22883,6.88486,0,1.4664
2037.51,0.0236304,0.000236304,22884,6.88535,0,1.44278
2038.89,0.0235983,0.000235983,22885,6.88574,0,1.41918
2040.27,0.0235664,0.000235664,22886,6.88606,0,1.39562
2041.66,0.0235344,0.000235344,22887,6.8863,0,1.37209
2043.04,0.0235026,0.000235026,22888,6.88646,0,1.34858
2044.42,0.0234708,0.000234708,22889,6.88653,0,1.32511
2045.81,0.023439,0.00023439,22890,6.88653,0,1.30167
2047.19,0.0234074,0.000234074,22891,6.88645,0,1.27827
2048.57,0.0233758,0.000233758,22892,6.88629,0,1.25489
2049.96,0.0233442,0.000233442,22893,6.88604,0,1.23155
2051.34,0.0233128,0.000233128,22894,6.88573,0,1.20824
2052.72,0.0232814,0.000232814,22895,6.88533,0,1.18496
2054.11,0.02325,0.0002325,22896,6.88485,0,1.16172
2055.49,0.0232188,0.000232188,22897,6.8843,0,1.1385
2056.87,0.0231876,0.000231876,22898,6.88367,0,1.11532
2058.25,0.0231564,0.000231564,22899,6.88296,0,1.09218
2059.64,0.0231254,0.000231254,22900,6.88218,0,1.06907
2061.02,0.0230943,0.000230943,22901,6.88132,0,1.04599
2062.4,0.0230634,0.000230634,22902,6.88038,0,1.02294
2063.78,0.0230325,0.000230325,22903,6.87937,0,0.999934
2065.16,0.0230017,0.000230017,22904,6.87828,0,0.976958
2066.54,0.022971,0.00022971,22905,6.87712,0,0.954016
2067.92,0.0229403,0.000229403,22906,6.87588,0,0.931109
2069.31,0.0229097,0.000229097,22907,6.87457,0,0.908237
2070.69,0.0228792,0.000228792,22908,6.87319,0,0.8854
2072.07,0.0228487,0.000228487,22909,6.87173,0,0.862598
2073.45,0.0228183,0.000228183,22910,6.87019,0,0.839831
2074.83,0.022788,0.00022788,22911,6.86859,0,0.8171
2076.2,0.0227577,0.000227577,22912,6.86691,0,0.794404
2077.58,0.0227275,0.000227275,22913,6.86516,0,0.771744
2078.96,0.0226974,0.000226974,22914,6.86333,0,0.74912
2080.34,0.0226673,0.000226674,22915,6.86144,0,0.726532
2081.72,0.0226374,0.000226374,22916,6.85947,0,0.70398
2083.09,0.0226074,0.000226074,22917,6.85743,0,0.681465
2084.47,0.0225776,0.000225776,22918,6.85532,0,0.658986
2085.85,0.0225478,0.000225478,22919,6.85314,0,0.636544
2087.22,0.0225181,0.000225181,22920,6.85089,0,0.614139
2088.6,0.0224884,0.000224884,22921,6.84857,0,0.59177
2089.97,0.0224589,0.000224589,22922,6.84618,0,0.569439
2091.35,0.0224294,0.000224294,22923,6.84372,0,0.547145
2092.72,0.0223999,0.000223999,22924,6.8412,0,0.524888
2094.09,0.0223705,0.000223705,22925,6.8386,0,0.502669
2095.47,0.0223412,0.000223412,22926,6.83593,0,0.480487
2096.84,0.022312,0.00022312,22927,6.8332,0,0.458343
2098.21,0.0222829,0.000222829,22928,6.83039,0,0.436237
2099.58,0.0222538,0.000222538,22929,6.82752,0,0.414169
2100.95,0.0222247,0.000222247,22930,6.82459,0,0.39214
2102.32,0.0221958,0.000221958,22931,6.82158,0,0.370148
2103.69,0.0221669,0.000221669,22932,6.81851,0,0.348195
2105.06,0.0221381,0.000221381,22933,6.81537,0,0.32628
2106.43,0.0221094,0.000221094,22934,6.81217,0,0.304404
2107.79,0.0220807,0.000220807,22935,6.8089,0,0.282567
2109.16,0.0220521,0.000220521,22936,6.80557,0,0.260769
2110.53,0.0220235,0.000220235,22937,6.80217,0,0.239009
2111.89,0.0219951,0.000219951,22938,6.7987,0,0.217289
2113.26,0.0219667,0.000219667,22939,6.79517,0,0.195608
2114.62,0.0219384,0.000219384,22940,6.79158,0,0.173966
2115.98,0.0219101,0.000219101,22941,6.78792,0,0.152363
2117.34,0.0218819,0.000218819,22942,6.7842,0,0.1308
2118.71,0.0218538,0.000218538,22943,6.78041,0,0.109277
2120.07,0.0218258,0.000218258,22944,6.77656,0,0.0877929
2121.43,0.0217978,0.000217978,22945,6.77265,0,0.0663489
2122.79,0.0217699,0.000217699,22946,6.76868,0,0.0449449
2124.14,0.0217421,0.000217421,22947,6.76464,0,0.0235809
2125.5,0.0217143,0.000217143,22948,6.76054,0,0.00225691
2126.86,0.0216866,0.000216866,22949,6.75638,0,-0.0190269
2128.21,0.021659,0.00021659,22950,6.75216,0,-0.0402703
2129.57,0.0216315,0.000216315,22951,6.74787,0,-0.0614735
2130.92,0.021604,0.00021604,22952,6.74353,0,-0.0826362
2132.27,0.0215766,0.000215766,22953,6.73912,0,-0.103758
2133.63,0.0215492,0.000215492,22954,6.73466,0,-0.12484
2134.98,0.021522,0.00021522,22955,6.73013,0,-0.145881
2136.33,0.0214948,0.000214948,22956,6.72555,0,-0.166881
2137.68,0.0214677,0.000214677,22957,6.7209,0,-0.18784
2139.03,0.0214406,0.000214406,22958,6.7162,0,-0.208758
2140.37,0.0214136,0.000214136,22959,6.71144,0,-0.229635
2141.72,0.0213867,0.000213867,22960,6.70661,0,-0.250471
2143.07,0.0213599,0.000213599,22961,6.70173,0,-0.271266
2144.41,0.0213331,0.000213331,22962,6.69679,0,-0.29202
2145.75,0.0213064,0.000213064,22963,6.6918,0,-0.312732
2147.09,0.0212798,0.000212798,22964,6.68675,0,-0.333403
2148.44,0.0212532,0.000212532,22965,6.68163,0,-0.354032
2149.78,0.0212267,0.000212267,22966,6.67647,0,-0.37462
2151.12,0.0212003,0.000212003,22967,6.67124,0,-0.395166
2152.45,0.0211739,0.000211739,22968,6.66596,0,-0.415671
2153.79,0.0211476,0.000211476,22969,6.66062,0,-0.436134
2155.13,0.0211214,0.000211214,22970,6.65523,0,-0.456555
2156.46,0.0210953,0.000210953,22971,6.64978,0,-0.476934
2157.8,0.0210692,0.000210692,22972,6.64427,0,-0.497271
2159.13,0.0210432,0.000210432,22973,6.63871,0,-0.517567
2160.46,0.0210173,0.000210173,22974,6.6331,0,-0.53782
2161.79,0.0209914,0.000209914,22975,6.62743,0,-0.558031
2163.12,0.0209656,0.000209656,22976,6.6217,0,-0.5782
2164.45,0.0209399,0.000209399,22977,6.61592,0,-0.598327
2165.77,0.0209143,0.000209143,22978,6.61009,0,-0.618411
2167.1,0.0208887,0.000208887,22979,6.6042,0,-0.638454
2168.42,0.0208632,0.000208632,22980,6.59826,0,-0.658454
2169.75,0.0208378,0.000208378,22981,6.59227,0,-0.678411
2171.07,0.0208124,0.000208124,22982,6.58623,0,-0.698326
2172.39,0.0207871,0.000207871,22983,6.58013,0,-0.718198
2173.71,0.0207619,0.000207619,22984,6.57398,0,-0.738028
2175.03,0.0207367,0.000207367,22985,6.56777,0,-0.757815
2176.34,0.0207116,0.000207116,22986,6.56152,0,-0.77756
2177.66,0.0206866,0.000206866,22987,6.55521,0,-0.797262
2178.97,0.0206616,0.000206616,22988,6.54886,0,-0.816921
2180.29,0.0206368,0.000206368,22989,6.54245,0,-0.836538
2181.6,0.020612,0.00020612,22990,6.53599,0,-0.856111
2182.91,0.0205872,0.000205872,22991,6.52948,0,-0.875642
2184.22,0.0205625,0.000205625,22992,6.52292,0,-0.89513
2185.53,0.0205379,0.000205379,22993,6.5163,0,-0.914575
2186.83,0.0205134,0.000205134,22994,6.50964,0,-0.933977
2188.14,0.020489,0.000204889,22995,6.50293,0,-0.953335
2189.44,0.0204646,0.000204646,22996,6.49617,0,-0.972651
2190.74,0.0204402,0.000204402,22997,6.48937,0,-0.991924
2192.04,0.020416,0.00020416,22998,6.48251,0,-1.01115
2193.34,0.0203918,0.000203918,22999,6.4756,0,-1.03034
2194.64,0.0203677,0.000203677,23000,6.46865,0,-1.04948
2195.94,0.0203436,0.000203436,23001,6.46164,0,-1.06858
2197.23,0.0203197,0.000203197,23002,6.45459,0,-1.08764
2198.53,0.0202957,0.000202957,23003,6.44749,0,-1.10665
2199.82,0.0202719,0.000202719,23004,6.44035,0,-1.12563
2201.11,0.0202481,0.000202481,23005,6.43315,0,-1.14455
2202.4,0.0202244,0.000202244,23006,6.42591,0,-1.16344
2203.69,0.0202008,0.000202008,23007,6.41862,0,-1.18228
2204.98,0.0201772,0.000201772,23008,6.41129,0,-1.20107
2206.26,0.0201537,0.000201537,23009,6.40391,0,-1.21983
2207.54,0.0201303,0.000201303,23010,6.39648,0,-1.23854
2208.83,0.0201069,0.000201069,23011,6.38901,0,-1.2572
2210.11,0.0200836,0.000200836,23012,6.38149,0,-1.27583
2211.39,0.0200604,0.000200604,23013,6.37393,0,-1.29441
2212.66,0.0200373,0.000200373,23014,6.36632,0,-1.31294
2213.94,0.0200142,0.000200142,23015,6.35867,0,-1.33144
2215.21,0.0199912,0.000199912,23016,6.35097,0,-1.34989
2216.49,0.0199682,0.000199682,23017,6.34322,0,-1.36829
2217.76,0.0199453,0.000199453,23018,6.33544,0,-1.38665
2219.03,0.0199225,0.000199225,23019,6.32761,0,-1.40497
2220.3,0.0198998,0.000198997,23020,6.31973,0,-1.42325
2221.56,0.0198771,0.000198771,23021,6.31181,0,-1.44148
2222.83,0.0198545,0.000198545,23022,6.30385,0,-1.45967
2224.09,0.0198319,0.000198319,23023,6.29584,0,-1.47781
2225.35,0.0198094,0.000198094,23024,6.28779,0,-1.49591
2226.61,0.019787,0.00019787,23025,6.2797,0,-1.51397
2227.87,0.0197647,0.000197647,23026,6.27157,0,-1.53198
2229.13,0.0197424,0.000197424,23027,6.26339,0,-1.54995
2230.38,0.0197202,0.000197202,23028,6.25517,0,-1.56788
2231.63,0.019698,0.00019698,23029,6.24691,0,-1.58576
2232.89,0.019676,0.00019676,23030,6.23861,0,-1.6036
2234.14,0.0196539,0.000196539,23031,6.23027,0,-1.62139
2235.38,0.019632,0.00019632,23032,6.22188,0,-1.63915
2236.63,0.0196101,0.000196101,23033,6.21346,0,-1.65685
2237.88,0.0195883,0.000195883,23034,6.20499,0,-1.67452
2239.12,0.0195666,0.000195666,23035,6.19648,0,-1.69214
2240.36,0.0195449,0.000195449,23036,6.18793,0,-1.70971
2241.6,0.0195233,0.000195233,23037,6.17935,0,-1.72725
2242.84,0.0195017,0.000195017,23038,6.17072,0,-1.74474
2244.07,0.0194803,0.000194803,23039,6.16205,0,-1.76218
2245.31,0.0194588,0.000194588,23040,6.15334,0,-1.77958
2246.54,0.0194375,0.000194375,23041,6.1446,0,-1.79694
2247.77,0.0194162,0.000194162,23042,6.13581,0,-1.81426
2249,0.019395,0.00019395,23043,6.12698,0,-1.83153
2250.23,0.0193739,0.000193739,23044,6.11812,0,-1.84875
2251.45,0.0193528,0.000193528,23045,6.10922,0,-1.86594
2252.68,0.0193318,0.000193318,23046,6.10027,0,-1.88308
2253.9,0.0193108,0.000193108,23047,6.09129,0,-1.90017
2255.12,0.0192899,0.000192899,23048,6.08228,0,-1.91722
2256.34,0.0192691,0.000192691,23049,6.07322,0,-1.93423
2257.55,0.0192483,0.000192483,23050,6.06413,0,-1.9512
2258.77,0.0192276,0.000192276,23051,6.055,0,-1.96812
2259.98,0.019207,0.00019207,23052,6.04583,0,-1.985
2261.19,0.0191864,0.000191864,23053,6.03662,0,-2.00183
2262.4,0.0191659,0.000191659,23054,6.02738,0,-2.01862
2263.61,0.0191455,0.000191455,23055,6.0181,0,-2.03537
2264.81,0.0191251,0.000191251,23056,6.00879,0,-2.05207
2266.02,0.0191048,0.000191048,23057,5.99944,0,-2.06873
2267.22,0.0190846,0.000190846,23058,5.99005,0,-2.08535
2268.42,0.0190644,0.000190644,23059,5.98062,0,-2.10192
2269.61,0.0190443,0.000190443,23060,5.97116,0,-2.11845
2270.81,0.0190242,0.000190242,23061,5.96167,0,-2.13493
2272,0.0190043,0.000190043,23062,5.95214,0,-2.15138
2273.2,0.0189843,0.000189843,23063,5.94257,0,-2.16777
2274.39,0.0189645,0.000189645,23064,5.93297,0,-2.18413
2275.57,0.0189447,0.000189447,23065,5.92334,0,-2.20044
2276.76,0.018925,0.00018925,23066,5.91367,0,-2.21671
2277.94,0.0189053,0.000189053,23067,5.90396,0,-2.23293
2279.13,0.0188857,0.000188857,23068,5.89422,0,-2.24911
2280.31,0.0188661,0.000188661,23069,5.88445,0,-2.26525
2281.48,0.0188467,0.000188467,23070,5.87464,0,-2.28134
2282.66,0.0188272,0.000188272,23071,5.8648,0,-2.29739
2283.83,0.0188079,0.000188079,23072,5.85493,0,-2.3134
2285.01,0.0187886,0.000187886,23073,5.84502,0,-2.32936
2286.18,0.0187694,0.000187694,23074,5.83508,0,-2.34529
2287.34,0.0187502,0.000187502,23075,5.8251,0,-2.36116
2288.51,0.0187311,0.000187311,23076,5.81509,0,-2.377
2289.67,0.0187121,0.000187121,23077,5.80505,0,-2.39279
2290.84,0.0186931,0.000186931,23078,5.79498,0,-2.40853
2292,0.0186742,0.000186742,23079,5.78488,0,-2.42424
2293.15,0.0186553,0.000186553,23080,5.77474,0,-2.4399
2294.31,0.0186365,0.000186365,23081,5.76457,0,-2.45552
2295.46,0.0186178,0.000186178,23082,5.75437,0,-2.47109
2296.62,0.0185991,0.000185991,23083,5.74414,0,-2.48662
2297.77,0.0185805,0.000185805,23084,5.73387,0,-2.50211
2298.91,0.018562,0.00018562,23085,5.72358,0,-2.51755
2300.06,0.0185435,0.000185435,23086,5.71325,0,-2.53295
2301.2,0.018525,0.00018525,23087,5.70289,0,-2.54831
2302.34,0.0185067,0.000185067,23088,5.6925,0,-2.56363
2303.48,0.0184884,0.000184884,23089,5.68208,0,-2.5789
2304.62,0.0184701,0.000184701,23090,5.67163,0,-2.59413
2305.76,0.018452,0.00018452,23091,5.66115,0,-2.60932
2306.89,0.0184338,0.000184338,23092,5.65064,0,-2.62446
2308.02,0.0184158,0.000184158,23093,5.6401,0,-2.63956
2309.15,0.0183978,0.000183978,23094,5.62953,0,-2.65462
2310.27,0.0183799,0.000183799,23095,5.61893,0,-2.66963
2311.4,0.018362,0.00018362,23096,5.60829,0,-2.6846
2312.52,0.0183442,0.000183442,23097,5.59763,0,-2.69953
2313.64,0.0183264,0.000183264,23098,5.58695,0,-2.71442
2314.76,0.0183087,0.000183087,23099,5.57623,0,-2.72926
2315.87,0.0182911,0.000182911,23100,5.56548,0,-2.74406
2316.99,0.0182735,0.000182735,23101,5.5547,0,-2.75882
2318.1,0.018256,0.00018256,23102,5.5439,0,-2.77354
2319.21,0.0182385,0.000182385,23103,5.53306,0,-2.78821
2320.32,0.0182211,0.000182211,23104,5.5222,0,-2.80284
2321.42,0.0182038,0.000182038,23105,5.51131,0,-2.81743
2322.52,0.0181865,0.000181865,23106,5.50039,0,-2.83197
2323.62,0.0181693,0.000181693,23107,5.48945,0,-2.84647
2324.72,0.0181521,0.000181521,23108,5.47847,0,-2.86093
2325.82,0.018135,0.00018135,23109,5.46747,0,-2.87535
2326.91,0.018118,0.00018118,23110,5.45644,0,-2.88972
2328,0.018101,0.00018101,23111,5.44539,0,-2.90405
2329.09,0.018084,0.00018084,23112,5.4343,0,-2.91834
2330.18,0.0180672,0.000180672,23113,5.42319,0,-2.93259
2331.26,0.0180504,0.000180504,23114,5.41205,0,-2.94679
2332.35,0.0180336,0.000180336,23115,5.40089,0,-2.96096
2333.43,0.0180169,0.000180169,23116,5.3897,0,-2.97508
2334.51,0.0180003,0.000180003,23117,5.37848,0,-2.98915
2335.58,0.0179837,0.000179837,23118,5.36724,0,-3.00319
2336.65,0.0179672,0.000179672,23119,5.35597,0,-3.01718
2337.73,0.0179507,0.000179507,23120,5.34467,0,-3.03113
2338.79,0.0179343,0.000179343,23121,5.33335,0,-3.04504
2339.86,0.017918,0.00017918,23122,5.322,0,-3.05891
2340.93,0.0179017,0.000179017,23123,5.31063,0,-3.07273
2341.99,0.0178854,0.000178854,23124,5.29923,0,-3.08652
2343.05,0.0178693,0.000178693,23125,5.28781,0,-3.10026
2344.1,0.0178532,0.000178532,23126,5.27636,0,-3.11395
2345.16,0.0178371,0.000178371,23127,5.26488,0,-3.12761
2346.21,0.0178211,0.000178211,23128,5.25338,0,-3.14123
2347.26,0.0178051,0.000178051,23129,5.24186,0,-3.1548
2348.31,0.0177892,0.000177892,23130,5.23031,0,-3.16833
2349.36,0.0177734,0.000177734,23131,5.21874,0,-3.18182
2350.4,0.0177576,0.000177576,23132,5.20714,0,-3.19526
2351.44,0.0177419,0.000177419,23133,5.19552,0,-3.20867
2352.48,0.0177262,0.000177262,23134,5.18387,0,-3.22203
2353.52,0.0177106,0.000177106,23135,5.1722,0,-3.23535
2354.55,0.0176951,0.000176951,23136,5.1605,0,-3.24863
2355.58,0.0176796,0.000176796,23137,5.14879,0,-3.26187
2356.61,0.0176641,0.000176641,23138,5.13704,0,-3.27507
2357.64,0.0176488,0.000176488,23139,5.12528,0,-3.28822
2358.66,0.0176334,0.000176334,23140,5.11349,0,-3.30134
2359.69,0.0176182,0.000176182,23141,5.10168,0,-3.31441
2360.71,0.0176029,0.000176029,23142,5.08984,0,-3.32744
2361.72,0.0175878,0.000175878,23143,5.07799,0,-3.34043
2362.74,0.0175727,0.000175727,23144,5.0661,0,-3.35338
2363.75,0.0175576,0.000175576,23145,5.0542,0,-3.36628
2364.76,0.0175426,0.000175426,23146,5.04228,0,-3.37915
2365.77,0.0175277,0.000175277,23147,5.03033,0,-3.39197
2366.77,0.0175128,0.000175128,23148,5.01836,0,-3.40476
2367.78,0.0174979,0.000174979,23149,5.00636,0,-3.4175
2368.78,0.0174832,0.000174832,23150,4.99435,0,-3.4302
2369.78,0.0174684,0.000174684,23151,4.98231,0,-3.44286
2370.77,0.0174538,0.000174538,23152,4.97025,0,-3.45547
2371.77,0.0174392,0.000174392,23153,4.95817,0,-3.46805
2372.76,0.0174246,0.000174246,23154,4.94607,0,-3.48059
2373.75,0.0174101,0.000174101,23155,4.93394,0,-3.49308
2374.73,0.0173956,0.000173956,23156,4.9218,0,-3.50553
2375.71,0.0173812,0.000173812,23157,4.90963,0,-3.51795
2376.7,0.0173669,0.000173669,23158,4.89744,0,-3.53032
2377.67,0.0173526,0.000173526,23159,4.88523,0,-3.54265
2378.65,0.0173383,0.000173383,23160,4.873,0,-3.55494
2379.62,0.0173242,0.000173242,23161,4.86075,0,-3.56719
