distance,acceleration_a,acceleration_b
1919.01,0.0266388
0.000266388
1920.32,0.0266025
0.000266025
1921.63,0.0265663
0.000265663
1922.94,0.02653
0.0002653
1924.25,0.0264938
0.000264938
1925.57,0.0264576
0.000264576
1926.89,0.0264215
0.000264215
1928.2,0.0263854
0.000263854
1929.52,0.0263493
0.000263493
1930.85,0.0263132
0.000263132
1932.17,0.0262772
0.000262772
1933.49,0.0262412
0.000262412
1934.82,0.0262052
0.000262052
1936.15,0.0261693
0.000261693
1937.48,0.0261334
0.000261334
1938.81,0.0260976
0.000260976
1940.14,0.0260617
0.000260617
1941.47,0.026026
0.000260259
1942.81,0.0259902
0.000259902
1944.14,0.0259545
0.000259545
1945.48,0.0259188
0.000259188
1946.82,0.0258832
0.000258832
1948.16,0.0258476
0.000258476
1949.5,0.025812
0.00025812
1950.84,0.0257765
0.000257765
1952.19,0.025741
0.00025741
1953.53,0.0257056
0.000257056
1954.88,0.0256702
0.000256702
1956.23,0.0256348
0.000256348
1957.58,0.0255995
0.000255995
1958.92,0.0255643
0.000255643
1960.28,0.0255291
0.000255291
1961.63,0.0254939
0.000254939
1962.98,0.0254587
0.000254587
1964.33,0.0254237
0.000254237
1965.69,0.0253886
0.000253886
1967.05,0.0253536
0.000253536
1968.4,0.0253187
0.000253187
1969.76,0.0252838
0.000252838
1971.12,0.0252489
0.000252489
1972.48,0.0252141
0.000252141
1973.84,0.0251793
0.000251793
1975.2,0.0251446
0.000251446
1976.57,0.02511
0.0002511
1977.93,0.0250754
0.000250754
1979.29,0.0250408
0.000250408
1980.66,0.0250063
0.000250063
1982.02,0.0249719
0.000249719
1983.39,0.0249374
0.000249374
1984.76,0.0249031
0.000249031
1986.13,0.0248688
0.000248688
1987.5,0.0248345
0.000248345
1988.87,0.0248003
0.000248003
1990.24,0.0247662
0.000247662
1991.61,0.0247321
0.000247321
1992.98,0.0246981
0.000246981
1994.35,0.0246641
0.000246641
1995.72,0.0246302
0.000246302
1997.1,0.0245963
0.000245963
1998.47,0.0245625
0.000245625
1999.85,0.0245287
0.000245287
2001.22,0.024495
0.00024495
2002.6,0.0244614
0.000244614
2003.97,0.0244278
0.000244278
2005.35,0.0243943
0.000243943
2006.73,0.0243608
0.000243608
2008.11,0.0243274
0.000243274
2009.48,0.024294
0.00024294
2010.86,0.0242607
0.000242607
2012.24,0.0242275
0.000242275
2013.62,0.0241943
0.000241943
2015,0.0241612
0.000241612
2016.38,0.0241281
0.000241281
2017.76,0.0240951
0.000240951
2019.14,0.0240622
0.000240622
2020.52,0.0240293
0.000240293
2021.9,0.0239965
0.000239965
2023.29,0.0239637
0.000239637
2024.67,0.023931
0.00023931
2026.05,0.0238984
0.000238984
2027.43,0.0238658
0.000238658
2028.81,0.0238333
0.000238333
2030.2,0.0238009
0.000238009
2031.58,0.0237685
0.000237685
2032.96,0.0237362
0.000237362
2034.34,0.0237039
0.000237039
2035.73,0.0236717
0.000236717
2037.11,0.0236396
0.000236396
2038.49,0.0236075
0.000236075
2039.88,0.0235755
0.000235755
2041.26,0.0235436
0.000235436
2042.64,0.0235117
0.000235117
2044.03,0.0234799
0.000234799
2045.41,0.0234481
0.000234481
2046.79,0.0234164
0.000234164
2048.18,0.0233848
0.000233848
2049.56,0.0233533
0.000233533
2050.94,0.0233218
0.000233218
2052.33,0.0232904
0.000232904
2053.71,0.023259
0.00023259
2055.09,0.0232277
0.000232277
2056.47,0.0231965
0.000231965
2057.86,0.0231653
0.000231653
2059.24,0.0231342
0.000231342
2060.62,0.0231032
0.000231032
2062,0.0230723
0.000230723
2063.39,0.0230414
0.000230414
2064.77,0.0230105
0.000230105
2066.15,0.0229798
0.000229798
2067.53,0.0229491
0.000229491
2068.91,0.0229185
0.000229185
2070.29,0.0228879
0.000228879
2071.67,0.0228574
0.000228574
2073.05,0.022827
0.00022827
2074.43,0.0227967
0.000227967
2075.81,0.0227664
0.000227664
2077.19,0.0227362
0.000227362
2078.57,0.022706
0.00022706
2079.95,0.0226759
0.000226759
2081.32,0.0226459
0.000226459
2082.7,0.022616
0.00022616
2084.08,0.0225861
0.000225861
2085.45,0.0225563
0.000225563
2086.83,0.0225266
0.000225266
2088.2,0.0224969
0.000224969
2089.58,0.0224673
0.000224673
2090.95,0.0224378
0.000224378
2092.33,0.0224083
0.000224083
2093.7,0.0223789
0.000223789
2095.07,0.0223496
0.000223496
2096.45,0.0223204
0.000223204
2097.82,0.0222912
0.000222912
2099.19,0.0222621
0.000222621
2100.56,0.022233
0.00022233
2101.93,0.0222041
0.000222041
2103.3,0.0221752
0.000221752
2104.67,0.0221463
0.000221463
2106.04,0.0221176
0.000221176
2107.4,0.0220889
0.000220889
2108.77,0.0220602
0.000220602
2110.14,0.0220317
0.000220317
2111.5,0.0220032
0.000220032
2112.87,0.0219748
0.000219748
2114.23,0.0219465
0.000219465
2115.59,0.0219182
0.000219182
2116.96,0.02189
0.0002189
2118.32,0.0218618
0.000218618
2119.68,0.0218338
0.000218338
2121.04,0.0218058
0.000218058
2122.4,0.0217779
0.000217779
2123.76,0.02175
0.0002175
2125.11,0.0217222
0.000217222
2126.47,0.0216945
0.000216945
2127.83,0.0216669
0.000216669
2129.18,0.0216393
0.000216393
2130.54,0.0216118
0.000216118
2131.89,0.0215844
0.000215844
2133.24,0.021557
0.00021557
2134.59,0.0215297
0.000215297
2135.94,0.0215025
0.000215025
2137.29,0.0214754
0.000214754
2138.64,0.0214483
0.000214483
2139.99,0.0214213
0.000214213
2141.34,0.0213944
0.000213944
2142.68,0.0213675
0.000213675
2144.03,0.0213407
0.000213407
2145.37,0.021314
0.00021314
2146.71,0.0212873
0.000212873
2148.05,0.0212608
0.000212608
2149.39,0.0212342
0.000212342
2150.73,0.0212078
0.000212078
2152.07,0.0211814
0.000211814
2153.41,0.0211551
0.000211551
2154.75,0.0211289
0.000211289
2156.08,0.0211027
0.000211027
2157.42,0.0210766
0.000210766
2158.75,0.0210506
0.000210506
2160.08,0.0210247
0.000210247
2161.41,0.0209988
0.000209988
2162.74,0.020973
0.00020973
2164.07,0.0209473
0.000209473
2165.4,0.0209216
0.000209216
2166.72,0.020896
0.00020896
2168.05,0.0208705
0.000208705
2169.37,0.020845
0.00020845
2170.69,0.0208196
0.000208196
2172.01,0.0207943
0.000207943
2173.33,0.020769
0.00020769
2174.65,0.0207439
0.000207439
2175.97,0.0207188
0.000207188
2177.28,0.0206937
0.000206937
2178.6,0.0206688
0.000206688
2179.91,0.0206438
0.000206438
2181.23,0.020619
0.00020619
2182.54,0.0205943
0.000205943
2183.85,0.0205696
0.000205696
2185.15,0.0205449
0.000205449
2186.46,0.0205204
0.000205204
2187.77,0.0204959
0.000204959
2189.07,0.0204715
0.000204715
2190.37,0.0204472
0.000204472
2191.67,0.0204229
0.000204229
2192.97,0.0203987
0.000203987
2194.27,0.0203745
0.000203745
2195.57,0.0203505
0.000203505
2196.87,0.0203265
0.000203265
2198.16,0.0203025
0.000203025
2199.45,0.0202787
0.000202787
2200.74,0.0202549
0.000202549
2202.03,0.0202312
0.000202312
2203.32,0.0202075
0.000202075
2204.61,0.0201839
0.000201839
2205.89,0.0201604
0.000201604
2207.18,0.020137
0.00020137
2208.46,0.0201136
0.000201136
2209.74,0.0200903
0.000200903
2211.02,0.020067
0.00020067
2212.3,0.0200438
0.000200438
2213.58,0.0200207
0.000200207
2214.85,0.0199977
0.000199977
2216.12,0.0199747
0.000199747
2217.4,0.0199518
0.000199518
2218.67,0.019929
0.00019929
2219.93,0.0199062
0.000199062
2221.2,0.0198835
0.000198835
2222.47,0.0198609
0.000198609
2223.73,0.0198383
0.000198383
2224.99,0.0198158
0.000198158
2226.25,0.0197934
0.000197934
2227.51,0.019771
0.00019771
2228.77,0.0197487
0.000197487
2230.02,0.0197265
0.000197265
2231.28,0.0197043
0.000197043
2232.53,0.0196822
0.000196822
2233.78,0.0196602
0.000196602
2235.03,0.0196382
0.000196382
2236.28,0.0196164
0.000196164
2237.52,0.0195945
0.000195945
2238.76,0.0195728
0.000195728
2240.01,0.0195511
0.000195511
2241.25,0.0195294
0.000195294
2242.49,0.0195079
0.000195079
2243.72,0.0194864
0.000194864
2244.96,0.0194649
0.000194649
2246.19,0.0194436
0.000194436
2247.42,0.0194223
0.000194223
2248.65,0.019401
0.00019401
2249.88,0.0193799
0.000193799
2251.1,0.0193588
0.000193588
2252.33,0.0193377
0.000193377
2253.55,0.0193168
0.000193168
2254.77,0.0192958
0.000192958
2255.99,0.019275
0.00019275
2257.21,0.0192542
0.000192542
2258.42,0.0192335
0.000192335
2259.64,0.0192129
0.000192129
2260.85,0.0191923
0.000191923
2262.06,0.0191718
0.000191718
2263.26,0.0191513
0.000191513
2264.47,0.0191309
0.000191309
2265.67,0.0191106
0.000191106
2266.88,0.0190903
0.000190903
2268.08,0.0190701
0.000190701
2269.27,0.01905
0.0001905
2270.47,0.0190299
0.000190299
2271.66,0.0190099
0.000190099
2272.86,0.01899
0.0001899
2274.05,0.0189701
0.000189701
2275.24,0.0189503
0.000189503
2276.42,0.0189306
0.000189306
2277.61,0.0189109
0.000189109
2278.79,0.0188913
0.000188913
2279.97,0.0188717
0.000188717
2281.15,0.0188522
0.000188522
2282.33,0.0188328
0.000188328
2283.5,0.0188134
0.000188134
2284.67,0.0187941
0.000187941
2285.84,0.0187748
0.000187748
2287.01,0.0187557
0.000187557
2288.18,0.0187365
0.000187365
2289.34,0.0187175
0.000187175
2290.51,0.0186985
0.000186985
2291.67,0.0186795
0.000186795
2292.82,0.0186607
0.000186607
2293.98,0.0186419
0.000186419
2295.14,0.0186231
0.000186231
2296.29,0.0186044
0.000186044
2297.44,0.0185858
0.000185858
2298.59,0.0185672
0.000185672
2299.73,0.0185487
0.000185487
2300.88,0.0185303
0.000185303
2302.02,0.0185119
0.000185119
2303.16,0.0184936
0.000184936
2304.3,0.0184753
0.000184753
2305.43,0.0184571
0.000184571
2306.57,0.018439
0.00018439
2307.7,0.0184209
0.000184209
2308.83,0.0184029
0.000184029
2309.95,0.018385
0.00018385
2311.08,0.0183671
0.000183671
2312.2,0.0183492
0.000183492
2313.32,0.0183315
0.000183315
2314.44,0.0183137
0.000183137
2315.56,0.0182961
0.000182961
2316.67,0.0182785
0.000182785
2317.78,0.018261
0.00018261
2318.89,0.0182435
0.000182435
2320,0.0182261
0.000182261
2321.11,0.0182087
0.000182087
2322.21,0.0181914
0.000181914
2323.31,0.0181742
0.000181742
2324.41,0.018157
0.00018157
2325.51,0.0181399
0.000181399
2326.6,0.0181228
0.000181228
2327.69,0.0181058
0.000181058
2328.78,0.0180889
0.000180889
2329.87,0.018072
0.00018072
2330.96,0.0180552
0.000180552
2332.04,0.0180384
0.000180384
2333.12,0.0180217
0.000180217
2334.2,0.018005
0.00018005
2335.27,0.0179884
0.000179884
2336.35,0.0179719
0.000179719
2337.42,0.0179554
0.000179554
2338.49,0.017939
0.00017939
2339.56,0.0179226
0.000179226
2340.62,0.0179063
0.000179063
2341.69,0.0178901
0.000178901
2342.75,0.0178739
0.000178739
2343.8,0.0178577
0.000178577
2344.86,0.0178417
0.000178417
2345.91,0.0178256
0.000178256
2346.96,0.0178097
0.000178097
2348.01,0.0177938
0.000177938
2349.06,0.0177779
0.000177779
2350.1,0.0177621
0.000177621
2351.15,0.0177464
0.000177464
2352.18,0.0177307
0.000177307
2353.22,0.0177151
0.000177151
2354.26,0.0176995
0.000176995
2355.29,0.017684
0.00017684
2356.32,0.0176685
0.000176685
2357.35,0.0176531
0.000176531
2358.37,0.0176378
0.000176378
2359.39,0.0176225
0.000176225
2360.42,0.0176073
0.000176073
2361.43,0.0175921
0.000175921
2362.45,0.017577
0.00017577
2363.46,0.0175619
0.000175619
2364.47,0.0175469
0.000175469
2365.48,0.0175319
0.000175319
2366.49,0.017517
0.00017517
2367.49,0.0175022
0.000175022
2368.49,0.0174874
0.000174874
2369.49,0.0174726
0.000174726
2370.49,0.0174579
0.000174579
2371.48,0.0174433
0.000174433
2372.47,0.0174287
0.000174287
2373.46,0.0174142
0.000174142
2374.45,0.0173997
0.000173997
2375.43,0.0173853
0.000173853
2376.42,0.017371
0.00017371
2377.4,0.0173567
0.000173567
2378.37,0.0173424
0.000173424
2379.35,0.0173282
0.000173282
2380.32,0.0173141
0.000173141
2381.29,0.0173
0.000173
2382.25,0.0172859
0.000172859
2383.22,0.0172719
0.000172719
2384.18,0.017258
0.00017258
2385.14,0.0172441
0.000172441
2386.1,0.0172303
0.000172303
2387.05,0.0172165
0.000172165
2388,0.0172028
0.000172028
2388.95,0.0171891
0.000171891
2389.9,0.0171755
0.000171755
2390.85,0.0171619
0.000171619
2391.79,0.0171484
0.000171484
2392.73,0.0171349
0.000171349
2393.66,0.0171215
0.000171215
2394.6,0.0171082
0.000171082
2395.53,0.0170949
0.000170949
2396.46,0.0170816
0.000170816
2397.39,0.0170684
0.000170684
2398.31,0.0170553
0.000170553
2399.23,0.0170422
0.000170422
2400.15,0.0170291
0.000170291
2401.07,0.0170161
0.000170161
2401.98,0.0170032
0.000170032
2402.89,0.0169903
0.000169903
2403.8,0.0169774
0.000169774
2404.71,0.0169646
0.000169646
2405.61,0.0169519
0.000169519
2406.51,0.0169392
0.000169392
2407.41,0.0169265
0.000169265
2408.31,0.0169139
0.000169139
2409.2,0.0169014
0.000169014
2410.09,0.0168889
0.000168889
2410.98,0.0168765
0.000168765
2411.87,0.0168641
0.000168641
2412.75,0.0168517
0.000168517
2413.63,0.0168395
0.000168395
2414.51,0.0168272
0.000168272
2415.38,0.016815
0.00016815
2416.25,0.0168029
0.000168029
2417.12,0.0167908
0.000167908
2417.99,0.0167787
0.000167787
2418.86,0.0167667
0.000167667
2419.72,0.0167548
0.000167548
2420.58,0.0167429
0.000167429
2421.44,0.0167311
0.000167311
2422.29,0.0167193
0.000167193
2423.14,0.0167075
0.000167075
2423.99,0.0166958
0.000166958
2424.84,0.0166842
0.000166842
2425.68,0.0166726
0.000166726
2426.52,0.016661
0.00016661
2427.36,0.0166495
0.000166495
2428.19,0.016638
0.00016638
2429.03,0.0166266
0.000166266
2429.86,0.0166153
0.000166153
2430.69,0.016604
0.00016604
2431.51,0.0165927
0.000165927
2432.33,0.0165815
0.000165815
2433.15,0.0165703
0.000165703
2433.97,0.0165592
0.000165592
2434.78,0.0165481
0.000165481
2435.59,0.0165371
0.000165371
2436.4,0.0165261
0.000165261
2437.21,0.0165152
0.000165152
2438.01,0.0165043
0.000165043
2438.81,0.0164935
0.000164935
2439.61,0.0164827
0.000164827
2440.41,0.0164719
0.000164719
2441.2,0.0164612
0.000164612
2441.99,0.0164506
0.000164506
2442.78,0.01644
0.0001644
2443.56,0.0164294
0.000164294
2444.34,0.0164189
0.000164189
2445.12,0.0164085
0.000164085
2445.9,0.016398
0.00016398
2446.67,0.0163877
0.000163877
2447.44,0.0163774
0.000163774
2448.21,0.0163671
0.000163671
2448.98,0.0163568
0.000163568
2449.74,0.0163467
0.000163467
2450.5,0.0163365
0.000163365
2451.26,0.0163264
0.000163264
2452.01,0.0163164
0.000163164
2452.76,0.0163064
0.000163064
2453.51,0.0162964
0.000162964
2454.26,0.0162865
0.000162865
2455,0.0162767
0.000162767
2455.74,0.0162668
0.000162668
2456.48,0.0162571
0.000162571
2457.22,0.0162473
0.000162473
2457.95,0.0162377
0.000162377
2458.68,0.016228
0.00016228
2459.4,0.0162184
0.000162184
2460.13,0.0162089
0.000162089
2460.85,0.0161994
0.000161994
2461.57,0.0161899
0.000161899
2462.28,0.0161805
0.000161805
2463,0.0161712
0.000161712
2463.71,0.0161618
0.000161618
2464.42,0.0161526
0.000161526
2465.12,0.0161433
0.000161433
2465.82,0.0161341
0.000161341
2466.52,0.016125
0.00016125
2467.22,0.0161159
0.000161159
2467.91,0.0161068
0.000161068
2468.6,0.0160978
0.000160978
2469.29,0.0160888
0.000160888
2469.97,0.0160799
0.000160799
2470.66,0.016071
0.00016071
2471.34,0.0160622
0.000160622
2472.01,0.0160534
0.000160534
2472.69,0.0160447
0.000160447
2473.36,0.016036
0.00016036
2474.03,0.0160273
0.000160273
2474.69,0.0160187
0.000160187
2475.35,0.0160101
0.000160101
2476.01,0.0160016
0.000160016
2476.67,0.0159931
0.000159931
2477.33,0.0159846
0.000159846
2477.98,0.0159762
0.000159762
2478.62,0.0159679
0.000159679
2479.27,0.0159596
0.000159596
2479.91,0.0159513
0.000159513
2480.55,0.0159431
0.000159431
2481.19,0.0159349
0.000159349
2481.83,0.0159267
0.000159267
2482.46,0.0159186
0.000159186
2483.09,0.0159106
0.000159106
2483.71,0.0159026
0.000159026
2484.33,0.0158946
0.000158946
2484.95,0.0158867
0.000158867
2485.57,0.0158788
0.000158788
2486.19,0.0158709
0.000158709
2486.8,0.0158631
0.000158631
2487.41,0.0158553
0.000158553
2488.01,0.0158476
0.000158476
2488.61,0.0158399
0.000158399
2489.21,0.0158323
0.000158323
2489.81,0.0158247
0.000158247
2490.41,0.0158172
0.000158172
2491,0.0158097
0.000158097
2491.59,0.0158022
0.000158022
2492.17,0.0157948
0.000157948
2492.76,0.0157874
0.000157874
2493.33,0.01578
0.0001578
2493.91,0.0157727
0.000157727
2494.49,0.0157655
0.000157655
2495.06,0.0157582
0.000157582
2495.63,0.0157511
0.000157511
2496.19,0.0157439
0.000157439
2496.75,0.0157368
0.000157368
2497.31,0.0157298
0.000157298
2497.87,0.0157228
0.000157228
2498.43,0.0157158
0.000157158
2498.98,0.0157089
0.000157089
2499.52,0.015702
0.00015702
2500.07,0.0156951
0.000156951
2500.61,0.0156883
0.000156883
2501.15,0.0156815
0.000156815
2501.69,0.0156748
0.000156748
2502.22,0.0156681
0.000156681
2502.75,0.0156615
0.000156615
2503.28,0.0156549
0.000156549
2503.81,0.0156483
0.000156483
2504.33,0.0156418
0.000156418
2504.85,0.0156353
0.000156353
2505.36,0.0156289
0.000156289
2505.88,0.0156225
0.000156225
2506.39,0.0156161
0.000156161
2506.9,0.0156098
0.000156098
2507.4,0.0156035
0.000156035
2507.9,0.0155972
0.000155972
2508.4,0.015591
0.00015591
2508.9,0.0155849
0.000155849
2509.39,0.0155788
0.000155788
2509.88,0.0155727
0.000155727
2510.37,0.0155666
0.000155666
2510.85,0.0155606
0.000155606
2511.33,0.0155547
0.000155547
2511.81,0.0155487
0.000155487
2512.29,0.0155428
0.000155428
2512.76,0.015537
0.00015537
2513.23,0.0155312
0.000155312
2513.7,0.0155254
0.000155254
2514.16,0.0155197
0.000155197
2514.62,0.015514
0.00015514
2515.08,0.0155084
0.000155084
2515.53,0.0155028
0.000155028
2515.99,0.0154972
0.000154972
2516.43,0.0154917
0.000154917
2516.88,0.0154862
0.000154862
2517.32,0.0154807
0.000154807
2517.76,0.0154753
0.000154753
2518.2,0.0154699
0.000154699
2518.64,0.0154646
0.000154646
2519.07,0.0154593
0.000154593
2519.49,0.015454
0.00015454
2519.92,0.0154488
0.000154488
2520.34,0.0154436
0.000154436
2520.76,0.0154385
0.000154385
2521.18,0.0154334
0.000154334
2521.59,0.0154283
0.000154283
2522,0.0154233
0.000154233
2522.41,0.0154183
0.000154183
2522.82,0.0154134
0.000154134
2523.22,0.0154085
0.000154085
2523.62,0.0154036
0.000154036
2524.01,0.0153988
0.000153988
2524.41,0.015394
0.00015394
2524.8,0.0153892
0.000153892
2525.18,0.0153845
0.000153845
2525.57,0.0153798
0.000153798
2525.95,0.0153752
0.000153752
2526.33,0.0153706
0.000153706
2526.7,0.015366
0.00015366
2527.07,0.0153615
0.000153615
2527.44,0.015357
0.00015357
2527.81,0.0153526
0.000153526
2528.17,0.0153481
0.000153481
2528.53,0.0153438
0.000153438
2528.89,0.0153394
0.000153394
2529.24,0.0153351
0.000153351
2529.6,0.0153309
0.000153309
2529.94,0.0153266
0.000153266
2530.29,0.0153225
0.000153225
2530.63,0.0153183
0.000153183
2530.97,0.0153142
0.000153142
2531.31,0.0153101
0.000153101
2531.64,0.0153061
0.000153061
2531.97,0.0153021
0.000153021
2532.3,0.0152981
0.000152981
2532.62,0.0152942
0.000152942
2532.95,0.0152903
0.000152903
2533.26,0.0152865
0.000152865
2533.58,0.0152827
0.000152827
2533.89,0.0152789
0.000152789
2534.2,0.0152752
0.000152752
2534.51,0.0152715
0.000152715
2534.81,0.0152678
0.000152678
2535.11,0.0152642
0.000152642
2535.41,0.0152606
0.000152606
2535.71,0.0152571
0.000152571
2536,0.0152536
0.000152536
2536.29,0.0152501
0.000152501
2536.57,0.0152466
0.000152466
2536.86,0.0152432
0.000152432
2537.14,0.0152399
0.000152399
2537.41,0.0152366
0.000152366
2537.69,0.0152333
0.000152333
2537.96,0.01523
0.0001523
2538.22,0.0152268
0.000152268
2538.49,0.0152236
0.000152236
2538.75,0.0152205
0.000152205
2539.01,0.0152174
0.000152174
2539.27,0.0152143
0.000152143
2539.52,0.0152113
0.000152113
2539.77,0.0152083
0.000152083
2540.01,0.0152054
0.000152054
2540.26,0.0152024
0.000152024
2540.5,0.0151996
0.000151996
2540.74,0.0151967
0.000151967
2540.97,0.0151939
0.000151939
2541.2,0.0151911
0.000151911
2541.43,0.0151884
0.000151884
2541.66,0.0151857
0.000151857
2541.88,0.015183
0.00015183
2542.1,0.0151804
0.000151804
2542.32,0.0151778
0.000151778
2542.53,0.0151753
0.000151753
2542.74,0.0151728
0.000151728
2542.95,0.0151703
0.000151703
2543.15,0.0151678
0.000151678
2543.36,0.0151654
0.000151654
2543.55,0.0151631
0.000151631
2543.75,0.0151607
0.000151607
2543.94,0.0151584
0.000151584
2544.13,0.0151562
0.000151562
2544.32,0.0151539
0.000151539
2544.5,0.0151518
0.000151518
2544.68,0.0151496
0.000151496
2544.86,0.0151475
0.000151475
2545.04,0.0151454
0.000151454
2545.21,0.0151434
0.000151434
2545.38,0.0151414
0.000151414
2545.54,0.0151394
0.000151394
2545.7,0.0151375
0.000151375
2545.86,0.0151356
0.000151356
2546.02,0.0151337
0.000151337
2546.17,0.0151319
0.000151319
2546.32,0.0151301
0.000151301
2546.47,0.0151284
0.000151284
2546.62,0.0151266
0.000151266
2546.76,0.015125
0.00015125
2546.89,0.0151233
0.000151233
2547.03,0.0151217
0.000151217
2547.16,0.0151201
0.000151201
2547.29,0.0151186
0.000151186
2547.42,0.0151171
0.000151171
2547.54,0.0151156
0.000151156
2547.66,0.0151142
0.000151142
2547.78,0.0151128
0.000151128
2547.89,0.0151115
0.000151115
2548,0.0151101
0.000151101
2548.11,0.0151089
0.000151089
2548.22,0.0151076
0.000151076
2548.32,0.0151064
0.000151064
2548.42,0.0151052
0.000151052
2548.51,0.0151041
0.000151041
2548.61,0.015103
0.00015103
2548.7,0.0151019
0.000151019
2548.78,0.0151009
0.000151009
2548.87,0.0150999
0.000150999
2548.95,0.0150989
0.000150989
2549.03,0.015098
0.00015098
2549.1,0.0150971
0.000150971
2549.17,0.0150963
0.000150963
2549.24,0.0150955
0.000150955
2549.31,0.0150947
0.000150947
2549.37,0.0150939
0.000150939
2549.43,0.0150932
0.000150932
2549.49,0.0150926
0.000150926
2549.54,0.0150919
0.000150919
2549.59,0.0150913
0.000150913
2549.64,0.0150908
0.000150908
2549.68,0.0150902
0.000150902
2549.73,0.0150897
0.000150897
2549.76,0.0150893
0.000150893
2549.8,0.0150889
0.000150889
2549.83,0.0150885
0.000150885
2549.86,0.0150881
0.000150881
2549.89,0.0150878
0.000150878
2549.91,0.0150875
0.000150875
2549.93,0.0150873
0.000150873
2549.95,0.0150871
0.000150871
2549.96,0.0150869
0.000150869
2549.98,0.0150868
0.000150868
2549.98,0.0150867
0.000150867
2549.99,0.0150866
0.000150866
2549.99,0.0150866
0.000150866
2549.99,0.0150866
0.000150866
2549.99,0.0150867
0.000150867
2549.98,0.0150867
0.000150867
2549.97,0.0150869
0.000150869
2549.96,0.015087
0.00015087
2549.94,0.0150872
0.000150872
2549.92,0.0150874
0.000150874
2549.9,0.0150877
0.000150877
2549.88,0.015088
0.00015088
2549.85,0.0150883
0.000150883
2549.82,0.0150887
0.000150887
2549.78,0.0150891
0.000150891
2549.75,0.0150895
0.000150895
2549.71,0.01509
0.0001509
2549.66,0.0150905
0.000150905
2549.62,0.015091
0.00015091
2549.57,0.0150916
0.000150916
2549.52,0.0150922
0.000150922
2549.46,0.0150929
0.000150929
2549.4,0.0150936
0.000150936
2549.34,0.0150943
0.000150943
2549.28,0.0150951
0.000150951
2549.21,0.0150959
0.000150959
2549.14,0.0150967
0.000150967
2549.06,0.0150976
0.000150976
2548.99,0.0150985
0.000150985
2548.91,0.0150994
0.000150994
2548.83,0.0151004
0.000151004
2548.74,0.0151014
0.000151014
2548.65,0.0151025
0.000151025
2548.56,0.0151035
0.000151035
2548.47,0.0151047
0.000151047
2548.37,0.0151058
0.000151058
2548.27,0.015107
0.00015107
2548.16,0.0151082
0.000151082
2548.06,0.0151095
0.000151095
2547.95,0.0151108
0.000151108
2547.84,0.0151121
0.000151121
2547.72,0.0151135
0.000151135
2547.6,0.0151149
0.000151149
2547.48,0.0151164
0.000151164
2547.35,0.0151179
0.000151179
2547.23,0.0151194
0.000151194
2547.1,0.0151209
0.000151209
2546.96,0.0151225
0.000151225
2546.83,0.0151241
0.000151241
2546.69,0.0151258
0.000151258
2546.54,0.0151275
0.000151275
2546.4,0.0151292
0.000151292
2546.25,0.015131
0.00015131
2546.1,0.0151328
0.000151328
2545.94,0.0151347
0.000151347
2545.78,0.0151365
0.000151365
2545.62,0.0151384
0.000151384
2545.46,0.0151404
0.000151404
2545.29,0.0151424
0.000151424
2545.12,0.0151444
0.000151444
2544.95,0.0151465
0.000151465
2544.77,0.0151486
0.000151486
2544.59,0.0151507
0.000151507
2544.41,0.0151529
0.000151529
2544.22,0.0151551
0.000151551
2544.04,0.0151573
0.000151573
2543.85,0.0151596
0.000151596
2543.65,0.0151619
0.000151619
2543.45,0.0151643
0.000151643
2543.25,0.0151666
0.000151666
2543.05,0.0151691
0.000151691
2542.84,0.0151715
0.000151715
2542.64,0.015174
0.00015174
2542.42,0.0151766
0.000151766
2542.21,0.0151791
0.000151791
2541.99,0.0151817
0.000151817
2541.77,0.0151844
0.000151844
2541.54,0.0151871
0.000151871
2541.32,0.0151898
0.000151898
2541.09,0.0151925
0.000151925
2540.85,0.0151953
0.000151953
2540.62,0.0151981
0.000151981
2540.38,0.015201
0.00015201
2540.14,0.0152039
0.000152039
2539.89,0.0152068
0.000152068
2539.64,0.0152098
0.000152098
2539.39,0.0152128
0.000152128
2539.14,0.0152159
0.000152159
2538.88,0.015219
0.00015219
2538.62,0.0152221
0.000152221
2538.36,0.0152252
0.000152252
2538.09,0.0152284
0.000152284
2537.82,0.0152317
0.000152317
2537.55,0.0152349
0.000152349
2537.27,0.0152382
0.000152382
2536.99,0.0152416
0.000152416
2536.71,0.015245
0.00015245
2536.43,0.0152484
0.000152484
2536.14,0.0152518
0.000152518
2535.85,0.0152553
0.000152553
2535.56,0.0152589
0.000152589
2535.26,0.0152624
0.000152624
2534.96,0.015266
0.00015266
2534.66,0.0152697
0.000152697
2534.35,0.0152734
0.000152734
2534.05,0.0152771
0.000152771
2533.73,0.0152808
0.000152808
2533.42,0.0152846
0.000152846
2533.1,0.0152884
0.000152884
2532.78,0.0152923
0.000152923
2532.46,0.0152962
0.000152962
2532.13,0.0153001
0.000153001
2531.81,0.0153041
0.000153041
2531.47,0.0153081
0.000153081
2531.14,0.0153122
0.000153122
2530.8,0.0153163
0.000153163
2530.46,0.0153204
0.000153204
2530.11,0.0153246
0.000153246
2529.77,0.0153288
0.000153288
2529.42,0.015333
0.00015333
2529.06,0.0153373
0.000153373
2528.71,0.0153416
0.000153416
2528.35,0.015346
0.00015346
2527.99,0.0153504
0.000153504
2527.62,0.0153548
0.000153548
2527.26,0.0153593
0.000153593
2526.89,0.0153638
0.000153638
2526.51,0.0153683
0.000153683
2526.13,0.0153729
0.000153729
2525.75,0.0153775
0.000153775
2525.37,0.0153822
0.000153822
2524.99,0.0153869
0.000153869
2524.6,0.0153916
0.000153916
2524.21,0.0153964
0.000153964
2523.81,0.0154012
0.000154012
2523.41,0.0154061
0.000154061
2523.01,0.015411
0.00015411
2522.61,0.0154159
0.000154159
2522.2,0.0154209
0.000154209
2521.8,0.0154259
0.000154259
2521.38,0.0154309
0.000154309
2520.97,0.015436
0.00015436
2520.55,0.0154411
0.000154411
2520.13,0.0154463
0.000154463
2519.7,0.0154515
0.000154515
2519.28,0.0154567
0.000154567
2518.85,0.015462
0.00015462
2518.42,0.0154673
0.000154673
2517.98,0.0154727
0.000154727
2517.54,0.015478
0.00015478
2517.1,0.0154835
0.000154835
2516.65,0.015489
0.00015489
2516.21,0.0154945
0.000154945
2515.76,0.0155
0.000155
2515.3,0.0155056
0.000155056
2514.85,0.0155112
0.000155112
2514.39,0.0155169
0.000155169
2513.92,0.0155226
0.000155226
2513.46,0.0155284
0.000155284
2512.99,0.0155341
0.000155341
2512.52,0.01554
0.0001554
2512.05,0.0155458
0.000155458
2511.57,0.0155517
0.000155517
2511.09,0.0155577
0.000155577
2510.61,0.0155637
0.000155637
2510.12,0.0155697
0.000155697
2509.63,0.0155758
0.000155758
2509.14,0.0155819
0.000155819
2508.64,0.015588
0.00015588
2508.15,0.0155942
0.000155942
2507.65,0.0156004
0.000156004
2507.14,0.0156067
0.000156067
2506.64,0.015613
0.00015613
2506.13,0.0156193
0.000156193
2505.62,0.0156257
0.000156257
2505.1,0.0156321
0.000156321
2504.58,0.0156386
0.000156386
2504.06,0.0156451
0.000156451
2503.54,0.0156517
0.000156517
2503.01,0.0156582
0.000156582
2502.48,0.0156649
0.000156649
2501.95,0.0156715
0.000156715
2501.42,0.0156782
0.000156782
2500.88,0.015685
0.00015685
2500.34,0.0156918
0.000156918
2499.79,0.0156986
0.000156986
2499.25,0.0157055
0.000157055
2498.7,0.0157124
0.000157124
2498.14,0.0157193
0.000157193
2497.59,0.0157263
0.000157263
2497.03,0.0157334
0.000157334
2496.47,0.0157404
0.000157404
2495.9,0.0157476
0.000157476
2495.34,0.0157547
0.000157547
2494.77,0.0157619
0.000157619
2494.19,0.0157692
0.000157692
2493.62,0.0157764
0.000157764
2493.04,0.0157838
0.000157838
2492.46,0.0157911
0.000157911
2491.87,0.0157985
0.000157985
2491.29,0.015806
0.00015806
2490.7,0.0158135
0.000158135
2490.1,0.015821
0.00015821
2489.51,0.0158286
0.000158286
2488.91,0.0158362
0.000158362
2488.31,0.0158439
0.000158439
2487.7,0.0158516
0.000158516
2487.1,0.0158593
0.000158593
2486.49,0.0158671
0.000158671
2485.87,0.0158749
0.000158749
2485.26,0.0158828
0.000158828
2484.64,0.0158907
0.000158907
2484.02,0.0158986
0.000158986
2483.39,0.0159066
0.000159066
2482.77,0.0159147
0.000159147
2482.14,0.0159228
0.000159228
2481.5,0.0159309
0.000159309
2480.87,0.015939
0.00015939
2480.23,0.0159473
0.000159473
2479.59,0.0159555
0.000159555
2478.94,0.0159638
0.000159638
2478.3,0.0159721
0.000159721
2477.65,0.0159805
0.000159805
2476.99,0.0159889
0.000159889
2476.34,0.0159974
0.000159974
2475.68,0.0160059
0.000160059
2475.02,0.0160145
0.000160145
2474.35,0.0160231
0.000160231
2473.69,0.0160317
0.000160317
2473.02,0.0160404
0.000160404
2472.34,0.0160491
0.000160491
2471.67,0.0160579
0.000160579
2470.99,0.0160667
0.000160667
2470.31,0.0160756
0.000160756
2469.63,0.0160845
0.000160845
2468.94,0.0160934
0.000160934
2468.25,0.0161024
0.000161024
2467.56,0.0161114
0.000161114
2466.86,0.0161205
0.000161205
2466.17,0.0161296
0.000161296
2465.47,0.0161388
0.000161388
2464.76,0.016148
0.00016148
2464.06,0.0161573
0.000161573
2463.35,0.0161666
0.000161666
2462.64,0.0161759
0.000161759
2461.92,0.0161853
0.000161853
2461.2,0.0161947
0.000161947
2460.48,0.0162042
0.000162042
2459.76,0.0162137
0.000162137
2459.04,0.0162233
0.000162233
2458.31,0.0162329
0.000162329
2457.58,0.0162426
0.000162426
2456.84,0.0162523
0.000162523
2456.11,0.016262
0.00016262
2455.37,0.0162718
0.000162718
2454.62,0.0162817
0.000162817
2453.88,0.0162916
0.000162916
2453.13,0.0163015
0.000163015
2452.38,0.0163115
0.000163115
2451.63,0.0163215
0.000163215
2450.87,0.0163316
0.000163316
2450.11,0.0163417
0.000163417
2449.35,0.0163518
0.000163518
2448.59,0.016362
0.00016362
2447.82,0.0163723
0.000163723
2447.05,0.0163826
0.000163826
2446.28,0.0163929
0.000163929
2445.5,0.0164033
0.000164033
2444.73,0.0164138
0.000164138
2443.95,0.0164243
0.000164243
2443.16,0.0164348
0.000164348
2442.38,0.0164454
0.000164454
2441.59,0.016456
0.00016456
2440.8,0.0164667
0.000164667
2440,0.0164774
0.000164774
2439.21,0.0164882
0.000164882
2438.41,0.016499
0.00016499
2437.6,0.0165098
0.000165098
2436.8,0.0165207
0.000165207
2435.99,0.0165317
0.000165317
2435.18,0.0165427
0.000165427
2434.37,0.0165537
0.000165537
2433.55,0.0165648
0.000165648
2432.74,0.016576
0.00016576
2431.91,0.0165872
0.000165872
2431.09,0.0165984
0.000165984
2430.26,0.0166097
0.000166097
2429.44,0.016621
0.00016621
2428.6,0.0166324
0.000166324
2427.77,0.0166439
0.000166439
2426.93,0.0166553
0.000166553
2426.09,0.0166669
0.000166669
2425.25,0.0166784
0.000166784
2424.41,0.0166901
0.000166901
2423.56,0.0167018
0.000167018
2422.71,0.0167135
0.000167135
2421.86,0.0167252
0.000167252
2421,0.0167371
0.000167371
2420.14,0.0167489
0.000167489
2419.28,0.0167609
0.000167609
2418.42,0.0167728
0.000167728
2417.55,0.0167849
0.000167849
2416.68,0.0167969
0.000167969
2415.81,0.016809
0.00016809
2414.94,0.0168212
0.000168212
2414.06,0.0168334
0.000168334
2413.18,0.0168457
0.000168457
2412.3,0.016858
0.00016858
2411.42,0.0168704
0.000168704
2410.53,0.0168828
0.000168828
2409.64,0.0168953
0.000168953
2408.75,0.0169078
0.000169078
2407.85,0.0169203
0.000169203
2406.96,0.016933
0.00016933
2406.06,0.0169456
0.000169456
2405.15,0.0169583
0.000169583
2404.25,0.0169711
0.000169711
2403.34,0.0169839
0.000169839
2402.43,0.0169968
0.000169968
2401.52,0.0170097
0.000170097
2400.6,0.0170227
0.000170227
2399.68,0.0170357
0.000170357
2398.76,0.0170488
0.000170488
2397.84,0.0170619
0.000170619
2396.92,0.0170751
0.000170751
2395.99,0.0170883
0.000170883
2395.06,0.0171016
0.000171016
2394.12,0.017115
0.00017115
2393.19,0.0171283
0.000171283
2392.25,0.0171418
0.000171418
2391.31,0.0171553
0.000171553
2390.37,0.0171688
0.000171688
2389.42,0.0171824
0.000171824
2388.47,0.017196
0.00017196
2387.52,0.0172097
0.000172097
2386.57,0.0172235
0.000172235
2385.61,0.0172373
0.000172373
2384.65,0.0172512
0.000172512
2383.69,0.0172651
0.000172651
2382.73,0.017279
0.00017279
2381.76,0.017293
0.00017293
2380.8,0.0173071
0.000173071
2379.83,0.0173212
0.000173212
2378.85,0.0173354
0.000173354
2377.88,0.0173496
0.000173496
2376.9,0.0173639
0.000173639
2375.92,0.0173783
0.000173783
2374.94,0.0173926
0.000173926
2373.95,0.0174071
0.000174071
2372.96,0.0174216
0.000174216
2371.97,0.0174361
0.000174361
2370.98,0.0174507
0.000174507
2369.98,0.0174654
0.000174654
2368.99,0.0174801
0.000174801
2367.99,0.0174949
0.000174949
2366.98,0.0175097
0.000175097
2365.98,0.0175246
0.000175246
2364.97,0.0175395
0.000175395
2363.96,0.0175545
0.000175545
2362.95,0.0175695
0.000175695
2361.93,0.0175846
0.000175846
2360.92,0.0175998
0.000175998
2359.9,0.017615
0.00017615
2358.88,0.0176303
0.000176303
2357.85,0.0176456
0.000176456
2356.83,0.0176609
0.000176609
2355.8,0.0176764
0.000176764
2354.77,0.0176919
0.000176919
2353.73,0.0177074
0.000177074
2352.7,0.017723
0.00017723
2351.66,0.0177387
0.000177387
2350.62,0.0177544
0.000177544
2349.57,0.0177701
0.000177701
2348.53,0.017786
0.00017786
2347.48,0.0178018
0.000178018
2346.43,0.0178178
0.000178178
2345.38,0.0178338
0.000178338
2344.32,0.0178498
0.000178498
2343.27,0.0178659
0.000178659
2342.21,0.0178821
0.000178821
2341.15,0.0178983
0.000178983
2340.08,0.0179146
0.000179146
2339.02,0.0179309
0.000179309
2337.95,0.0179473
0.000179473
2336.88,0.0179638
0.000179638
2335.8,0.0179803
0.000179803
2334.73,0.0179968
0.000179968
2333.65,0.0180135
0.000180135
2332.57,0.0180301
0.000180301
2331.49,0.0180469
0.000180469
2330.4,0.0180637
0.000180637
2329.32,0.0180805
0.000180805
2328.23,0.0180975
0.000180975
2327.14,0.0181144
0.000181144
2326.05,0.0181315
0.000181315
2324.95,0.0181486
0.000181486
2323.85,0.0181657
0.000181657
2322.75,0.0181829
0.000181829
2321.65,0.0182002
0.000182002
2320.55,0.0182175
0.000182175
2319.44,0.0182349
0.000182349
2318.33,0.0182523
0.000182523
2317.22,0.0182698
0.000182698
2316.11,0.0182874
0.000182874
2314.99,0.018305
0.00018305
2313.87,0.0183227
0.000183227
2312.75,0.0183405
0.000183405
2311.63,0.0183583
0.000183583
2310.51,0.0183761
0.000183761
2309.38,0.0183941
0.000183941
2308.25,0.018412
0.00018412
2307.12,0.0184301
0.000184301
2305.99,0.0184482
0.000184482
2304.86,0.0184664
0.000184664
2303.72,0.0184846
0.000184846
2302.58,0.0185029
0.000185029
2301.44,0.0185212
0.000185212
2300.3,0.0185396
0.000185396
2299.15,0.0185581
0.000185581
2298,0.0185766
0.000185766
2296.86,0.0185952
0.000185952
2295.7,0.0186139
0.000186139
2294.55,0.0186326
0.000186326
2293.4,0.0186514
0.000186514
2292.24,0.0186702
0.000186702
2291.08,0.0186891
0.000186891
2289.92,0.0187081
0.000187081
2288.75,0.0187271
0.000187271
2287.59,0.0187462
0.000187462
2286.42,0.0187654
0.000187654
2285.25,0.0187846
0.000187846
2284.08,0.0188039
0.000188039
2282.9,0.0188232
0.000188232
2281.73,0.0188426
0.000188426
2280.55,0.0188621
0.000188621
2279.37,0.0188816
0.000188816
2278.19,0.0189012
0.000189012
2277.01,0.0189209
0.000189209
2275.82,0.0189406
0.000189406
2274.63,0.0189604
0.000189604
2273.44,0.0189802
0.000189802
2272.25,0.0190001
0.000190001
2271.06,0.0190201
0.000190201
2269.86,0.0190401
0.000190401
2268.67,0.0190602
0.000190602
2267.47,0.0190804
0.000190804
2266.27,0.0191006
0.000191006
2265.06,0.0191209
0.000191209
2263.86,0.0191413
0.000191413
2262.65,0.0191617
0.000191617
2261.44,0.0191822
0.000191822
2260.23,0.0192027
0.000192027
2259.02,0.0192233
0.000192233
2257.81,0.019244
0.00019244
2256.59,0.0192648
0.000192648
2255.37,0.0192856
0.000192856
2254.15,0.0193065
0.000193065
2252.93,0.0193274
0.000193274
2251.71,0.0193484
0.000193484
2250.48,0.0193695
0.000193695
2249.26,0.0193906
0.000193906
2248.03,0.0194118
0.000194118
2246.8,0.0194331
0.000194331
2245.56,0.0194544
0.000194544
2244.33,0.0194758
0.000194758
2243.09,0.0194973
0.000194973
2241.86,0.0195188
0.000195188
2240.62,0.0195404
0.000195404
2239.38,0.0195621
0.000195621
2238.13,0.0195838
0.000195838
2236.89,0.0196056
0.000196056
2235.64,0.0196275
0.000196275
2234.4,0.0196494
0.000196494
2233.15,0.0196714
0.000196714
2231.89,0.0196934
0.000196934
2230.64,0.0197156
0.000197156
2229.39,0.0197378
0.000197378
2228.13,0.01976
0.0001976
2226.87,0.0197824
0.000197824
2225.61,0.0198048
0.000198048
2224.35,0.0198272
0.000198272
2223.09,0.0198498
0.000198498
2221.82,0.0198724
0.000198724
2220.56,0.019895
0.00019895
2219.29,0.0199178
0.000199178
2218.02,0.0199406
0.000199406
2216.75,0.0199634
0.000199634
2215.48,0.0199864
0.000199864
2214.2,0.0200094
0.000200094
2212.93,0.0200325
0.000200325
2211.65,0.0200556
0.000200556
2210.37,0.0200788
0.000200788
2209.09,0.0201021
0.000201021
2207.81,0.0201254
0.000201254
2206.53,0.0201489
0.000201489
2205.24,0.0201723
0.000201723
2203.96,0.0201959
0.000201959
2202.67,0.0202195
0.000202195
2201.38,0.0202432
0.000202432
2200.09,0.020267
0.00020267
2198.8,0.0202908
0.000202908
2197.5,0.0203147
0.000203147
2196.21,0.0203387
0.000203387
2194.91,0.0203627
0.000203627
2193.61,0.0203868
0.000203868
2192.31,0.020411
0.00020411
2191.01,0.0204352
0.000204352
2189.71,0.0204595
0.000204595
2188.41,0.0204839
0.000204839
2187.1,0.0205083
0.000205083
2185.8,0.0205329
0.000205329
2184.49,0.0205574
0.000205574
2183.18,0.0205821
0.000205821
2181.87,0.0206068
0.000206068
2180.56,0.0206316
0.000206316
2179.25,0.0206565
0.000206565
2177.93,0.0206814
0.000206814
2176.62,0.0207064
0.000207064
2175.3,0.0207315
0.000207315
2173.98,0.0207566
0.000207566
2172.66,0.0207819
0.000207819
2171.34,0.0208071
0.000208071
2170.02,0.0208325
0.000208325
2168.7,0.0208579
0.000208579
2167.37,0.0208834
0.000208834
2166.05,0.020909
0.00020909
2164.72,0.0209346
0.000209346
2163.39,0.0209603
0.000209603
2162.07,0.0209861
0.000209861
2160.74,0.0210119
0.000210119
2159.4,0.0210378
0.000210378
2158.07,0.0210638
0.000210638
2156.74,0.0210899
0.000210899
2155.4,0.021116
0.00021116
2154.07,0.0211422
0.000211422
2152.73,0.0211685
0.000211685
2151.39,0.0211948
0.000211948
2150.05,0.0212212
0.000212212
2148.71,0.0212477
0.000212477
2147.37,0.0212742
0.000212742
2146.03,0.0213009
0.000213009
2144.69,0.0213275
0.000213275
2143.34,0.0213543
0.000213543
2142,0.0213811
0.000213811
2140.65,0.021408
0.00021408
2139.31,0.021435
0.00021435
2137.96,0.021462
0.00021462
2136.61,0.0214892
0.000214892
2135.26,0.0215163
0.000215163
2133.91,0.0215436
0.000215436
2132.56,0.0215709
0.000215709
2131.2,0.0215983
0.000215983
2129.85,0.0216258
0.000216258
2128.49,0.0216533
0.000216533
2127.14,0.0216809
0.000216809
2125.78,0.0217086
0.000217086
2124.43,0.0217363
0.000217363
2123.07,0.0217641
0.000217641
2121.71,0.021792
0.00021792
2120.35,0.02182
0.0002182
2118.99,0.021848
0.00021848
2117.63,0.0218761
0.000218761
2116.26,0.0219043
0.000219043
2114.9,0.0219325
0.000219325
2113.54,0.0219608
0.000219608
2112.17,0.0219892
0.000219892
2110.81,0.0220177
0.000220177
2109.44,0.0220462
0.000220462
2108.08,0.0220748
0.000220748
2106.71,0.0221034
0.000221034
2105.34,0.0221321
0.000221321
2103.97,0.0221609
0.000221609
2102.6,0.0221898
0.000221898
2101.24,0.0222188
0.000222188
2099.86,0.0222478
0.000222478
2098.49,0.0222768
0.000222768
2097.12,0.022306
0.00022306
2095.75,0.0223352
0.000223352
2094.38,0.0223645
0.000223645
2093,0.0223938
0.000223938
2091.63,0.0224233
0.000224233
2090.26,0.0224528
0.000224528
2088.88,0.0224823
0.000224823
2087.51,0.022512
0.00022512
2086.13,0.0225417
0.000225417
2084.75,0.0225714
0.000225714
2083.38,0.0226013
0.000226013
2082,0.0226312
0.000226312
2080.62,0.0226612
0.000226612
2079.25,0.0226912
0.000226912
2077.87,0.0227213
0.000227213
2076.49,0.0227515
0.000227515
2075.11,0.0227817
0.000227817
2073.73,0.0228121
0.000228121
2072.35,0.0228424
0.000228424
2070.97,0.0228729
0.000228729
2069.59,0.0229034
0.000229034
2068.21,0.022934
0.00022934
2066.83,0.0229647
0.000229647
2065.45,0.0229954
0.000229954
2064.07,0.0230262
0.000230262
2062.68,0.023057
0.00023057
2061.3,0.023088
0.00023088
2059.92,0.023119
0.00023119
2058.54,0.02315
0.0002315
2057.16,0.0231811
0.000231811
2055.77,0.0232123
0.000232123
2054.39,0.0232436
0.000232436
2053.01,0.0232749
0.000232749
2051.62,0.0233063
0.000233063
2050.24,0.0233378
0.000233378
2048.86,0.0233693
0.000233693
2047.47,0.0234009
0.000234009
2046.09,0.0234325
0.000234325
2044.71,0.0234643
0.000234642
2043.32,0.023496
0.00023496
2041.94,0.0235279
0.000235279
2040.56,0.0235598
0.000235598
2039.17,0.0235918
0.000235918
2037.79,0.0236238
0.000236238
2036.41,0.0236559
0.000236559
2035.02,0.0236881
0.000236881
2033.64,0.0237203
0.000237203
2032.26,0.0237526
0.000237526
2030.88,0.0237849
0.000237849
2029.49,0.0238174
0.000238174
2028.11,0.0238498
0.000238498
2026.73,0.0238824
0.000238824
2025.35,0.023915
0.00023915
2023.97,0.0239476
0.000239476
2022.58,0.0239804
0.000239804
2021.2,0.0240132
0.000240132
2019.82,0.024046
0.00024046
2018.44,0.0240789
0.000240789
2017.06,0.0241119
0.000241119
2015.68,0.0241449
0.000241449
2014.3,0.024178
0.00024178
2012.92,0.0242112
0.000242112
2011.54,0.0242444
0.000242444
2010.16,0.0242776
0.000242776
2008.78,0.024311
0.00024311
2007.41,0.0243444
0.000243444
2006.03,0.0243778
0.000243778
2004.65,0.0244113
0.000244113
2003.28,0.0244449
0.000244449
2001.9,0.0244785
0.000244785
2000.52,0.0245121
0.000245121
1999.15,0.0245459
0.000245459
1997.78,0.0245797
0.000245797
1996.4,0.0246135
0.000246135
1995.03,0.0246474
0.000246474
1993.66,0.0246813
0.000246813
1992.28,0.0247154
0.000247154
1990.91,0.0247494
0.000247494
1989.54,0.0247835
0.000247835
1988.17,0.0248177
0.000248177
1986.8,0.0248519
0.000248519
1985.43,0.0248862
0.000248862
1984.07,0.0249205
0.000249205
1982.7,0.0249549
0.000249549
1981.33,0.0249893
0.000249893
1979.97,0.0250238
0.000250238
1978.6,0.0250583
0.000250583
1977.24,0.0250929
0.000250929
1975.87,0.0251276
0.000251276
1974.51,0.0251623
0.000251623
1973.15,0.025197
0.00025197
1971.79,0.0252318
0.000252318
1970.43,0.0252666
0.000252666
1969.07,0.0253015
0.000253015
1967.71,0.0253364
0.000253364
1966.36,0.0253714
0.000253714
1965,0.0254064
0.000254064
1963.65,0.0254415
0.000254415
1962.29,0.0254766
0.000254766
1960.94,0.0255117
0.000255117
1959.59,0.0255469
0.000255469
1958.24,0.0255822
0.000255822
1956.89,0.0256174
0.000256174
1955.54,0.0256528
0.000256528
1954.2,0.0256881
0.000256881
1952.85,0.0257236
0.000257236
1951.51,0.025759
0.00025759
1950.16,0.0257945
0.000257945
1948.82,0.0258301
0.000258301
1947.48,0.0258656
0.000258656
1946.14,0.0259013
0.000259013
1944.8,0.0259369
0.000259369
1943.47,0.0259726
0.000259726
1942.13,0.0260083
0.000260083
1940.8,0.0260441
0.000260441
1939.46,0.0260799
0.000260799
1938.13,0.0261158
0.000261157
1936.8,0.0261516
0.000261516
1935.47,0.0261875
0.000261875
1934.15,0.0262235
0.000262235
1932.82,0.0262595
0.000262595
1931.5,0.0262955
0.000262955
1930.17,0.0263315
0.000263315
1928.85,0.0263676
0.000263676
1927.53,0.0264037
0.000264037
1926.22,0.0264398
0.000264398
1924.9,0.026476
0.00026476
1923.59,0.0265122
0.000265122
1922.27,0.0265484
0.000265484
1920.96,0.0265847
0.000265847
1919.65,0.0266209
0.000266209
1918.35,0.0266572
0.000266572
1917.04,0.0266936
0.000266936
1915.74,0.0267299
0.000267299
1914.43,0.0267663
0.000267663
1913.13,0.0268027
0.000268027
1911.83,0.0268391
0.000268391
1910.54,0.0268756
0.000268756
1909.24,0.026912
0.00026912
1907.95,0.0269485
0.000269485
1906.66,0.026985
0.00026985
1905.37,0.0270216
0.000270216
1904.08,0.0270581
0.000270581
1902.8,0.0270947
0.000270947
1901.52,0.0271312
0.000271312
1900.23,0.0271678
0.000271678
1898.96,0.0272044
0.000272044
1897.68,0.0272411
0.000272411
1896.4,0.0272777
0.000272777
1895.13,0.0273143
0.000273143
1893.86,0.027351
0.00027351
1892.59,0.0273877
0.000273877
1891.33,0.0274243
0.000274243
1890.06,0.027461
0.00027461
1888.8,0.0274977
0.000274977
1887.54,0.0275344
0.000275344
1886.29,0.0275711
0.000275711
1885.03,0.0276078
0.000276078
1883.78,0.0276446
0.000276446
1882.53,0.0276813
0.000276813
1881.28,0.027718
0.00027718
1880.04,0.0277547
0.000277547
1878.79,0.0277915
0.000277915
1877.55,0.0278282
0.000278282
1876.31,0.0278649
0.000278649
1875.08,0.0279016
0.000279016
1873.85,0.0279384
0.000279384
1872.62,0.0279751
0.000279751
1871.39,0.0280118
0.000280118
1870.16,0.0280485
0.000280485
1868.94,0.0280852
0.000280852
1867.72,0.0281219
0.000281219
1866.5,0.0281586
0.000281586
1865.29,0.0281953
0.000281953
1864.08,0.0282319
0.000282319
1862.87,0.0282686
0.000282686
1861.66,0.0283052
0.000283052
1860.46,0.0283418
0.000283418
1859.26,0.0283785
0.000283785
1858.06,0.0284151
0.000284151
1856.87,0.0284516
0.000284516
1855.68,0.0284882
0.000284882
1854.49,0.0285247
0.000285247
1853.3,0.0285613
0.000285613
1852.12,0.0285978
0.000285978
1850.94,0.0286342
0.000286342
1849.76,0.0286707
0.000286707
1848.59,0.0287071
0.000287071
1847.42,0.0287435
0.000287435
1846.25,0.0287799
0.000287799
1845.08,0.0288163
0.000288163
1843.92,0.0288526
0.000288526
1842.76,0.0288889
0.000288889
1841.61,0.0289251
0.000289251
1840.45,0.0289614
0.000289614
1839.31,0.0289976
0.000289976
1838.16,0.0290337
0.000290337
1837.02,0.0290698
0.000290698
1835.88,0.0291059
0.000291059
1834.74,0.029142
0.00029142
1833.61,0.029178
0.00029178
1832.48,0.0292139
0.000292139
1831.35,0.0292499
0.000292499
1830.23,0.0292858
0.000292858
1829.11,0.0293216
0.000293216
1828,0.0293574
0.000293574
1826.89,0.0293931
0.000293931
1825.78,0.0294288
0.000294288
1824.67,0.0294645
0.000294645
1823.57,0.0295001
0.000295001
1822.47,0.0295356
0.000295356
1821.38,0.0295711
0.000295711
1820.29,0.0296066
0.000296066
1819.2,0.0296419
0.000296419
1818.12,0.0296773
0.000296773
1817.04,0.0297125
0.000297125
1815.97,0.0297477
0.000297477
1814.89,0.0297829
0.000297829
1813.83,0.029818
0.00029818
1812.76,0.029853
0.00029853
1811.7,0.029888
0.00029888
1810.64,0.0299228
0.000299228
1809.59,0.0299577
0.000299577
1808.54,0.0299924
0.000299924
1807.5,0.0300271
0.000300271
1806.46,0.0300617
0.000300617
1805.42,0.0300963
0.000300963
1804.39,0.0301307
0.000301307
1803.36,0.0301651
0.000301651
1802.33,0.0301994
0.000301994
1801.31,0.0302337
0.000302337
1800.3,0.0302678
0.000302678
1799.28,0.0303019
0.000303019
1798.28,0.0303359
0.000303359
1797.27,0.0303698
0.000303698
1796.27,0.0304036
0.000304036
1795.28,0.0304373
0.000304373
1794.28,0.030471
0.00030471
1793.3,0.0305045
0.000305045
1792.31,0.030538
0.00030538
1791.34,0.0305714
0.000305714
1790.36,0.0306047
0.000306047
1789.39,0.0306379
0.000306379
1788.43,0.0306709
0.000306709
1787.46,0.0307039
0.000307039
1786.51,0.0307368
0.000307368
1785.56,0.0307696
0.000307696
1784.61,0.0308023
0.000308023
1783.67,0.0308349
0.000308349
1782.73,0.0308674
0.000308674
1781.79,0.0308997
0.000308997
1780.86,0.030932
0.00030932
1779.94,0.0309641
0.000309641
1779.02,0.0309962
0.000309962
1778.1,0.0310281
0.000310281
1777.19,0.0310599
0.000310599
1776.29,0.0310916
0.000310916
1775.38,0.0311232
0.000311232
1774.49,0.0311547
0.000311547
1773.6,0.031186
0.00031186
1772.71,0.0312172
0.000312172
1771.83,0.0312483
0.000312483
1770.95,0.0312793
0.000312793
1770.08,0.0313102
0.000313102
1769.21,0.0313409
0.000313409
1768.34,0.0313715
0.000313715
1767.49,0.0314019
0.000314019
1766.63,0.0314323
0.000314323
1765.79,0.0314625
0.000314625
1764.94,0.0314925
0.000314925
1764.1,0.0315225
0.000315225
1763.27,0.0315523
0.000315523
1762.44,0.0315819
0.000315819
1761.62,0.0316114
0.000316114
1760.8,0.0316408
0.000316408
1759.99,0.03167
0.0003167
1759.18,0.0316991
0.000316991
1758.38,0.031728
0.00031728
1757.58,0.0317568
0.000317568
1756.79,0.0317854
0.000317854
1756.01,0.0318139
0.000318139
1755.22,0.0318422
0.000318422
1754.45,0.0318704
0.000318704
1753.68,0.0318984
0.000318984
1752.91,0.0319263
0.000319263
1752.15,0.031954
0.00031954
1751.4,0.0319816
0.000319816
1750.65,0.0320089
0.000320089
1749.9,0.0320362
0.000320362
1749.17,0.0320632
0.000320632
1748.43,0.0320901
0.000320901
1747.71,0.0321168
0.000321168
1746.98,0.0321434
0.000321434
1746.27,0.0321698
0.000321698
1745.56,0.032196
0.00032196
1744.85,0.032222
0.00032222
1744.15,0.0322479
0.000322479
1743.46,0.0322736
0.000322736
1742.77,0.0322991
0.000322991
1742.08,0.0323244
0.000323244
1741.41,0.0323496
0.000323496
1740.73,0.0323746
0.000323746
1740.07,0.0323994
0.000323994
1739.41,0.032424
0.00032424
1738.75,0.0324484
0.000324484
1738.1,0.0324726
0.000324726
1737.46,0.0324967
0.000324967
1736.82,0.0325205
0.000325205
1736.19,0.0325442
0.000325442
1735.57,0.0325677
0.000325677
1734.95,0.0325909
0.000325909
1734.33,0.032614
0.00032614
1733.72,0.0326369
0.000326369
1733.12,0.0326596
0.000326596
1732.53,0.0326821
0.000326821
1731.93,0.0327044
0.000327044
1731.35,0.0327265
0.000327265
1730.77,0.0327484
0.000327484
1730.2,0.03277
0.0003277
1729.63,0.0327915
0.000327915
1729.07,0.0328128
0.000328128
1728.52,0.0328338
0.000328338
1727.97,0.0328547
0.000328547
1727.43,0.0328753
0.000328753
1726.89,0.0328958
0.000328958
1726.36,0.032916
0.00032916
1725.83,0.032936
0.00032936
1725.32,0.0329558
0.000329558
1724.8,0.0329753
0.000329753
1724.3,0.0329947
0.000329947
1723.8,0.0330138
0.000330138
1723.31,0.0330327
0.000330327
1722.82,0.0330514
0.000330514
1722.34,0.0330699
0.000330699
1721.86,0.0330881
0.000330881
1721.39,0.0331061
0.000331061
1720.93,0.0331239
0.000331239
1720.48,0.0331415
0.000331415
1720.03,0.0331588
0.000331588
1719.58,0.0331759
0.000331759
1719.14,0.0331928
0.000331928
1718.71,0.0332095
0.000332095
1718.29,0.0332259
0.000332259
1717.87,0.0332421
0.000332421
1717.46,0.033258
0.00033258
1717.05,0.0332737
0.000332737
1716.65,0.0332892
0.000332892
1716.26,0.0333044
0.000333044
1715.88,0.0333194
0.000333194
1715.5,0.0333342
0.000333342
1715.12,0.0333487
0.000333487
1714.76,0.033363
0.00033363
1714.4,0.033377
0.00033377
1714.04,0.0333908
0.000333908
1713.69,0.0334043
0.000334043
1713.35,0.0334176
0.000334176
1713.02,0.0334307
0.000334307
1712.69,0.0334435
0.000334435
1712.37,0.033456
0.00033456
1712.05,0.0334684
0.000334684
1711.75,0.0334804
0.000334804
1711.44,0.0334922
0.000334922
1711.15,0.0335038
0.000335038
1710.86,0.0335151
0.000335151
1710.58,0.0335262
0.000335262
1710.3,0.033537
0.00033537
1710.03,0.0335475
0.000335475
1709.77,0.0335578
0.000335578
1709.51,0.0335679
0.000335679
1709.26,0.0335777
0.000335777
1709.02,0.0335872
0.000335872
1708.79,0.0335965
0.000335965
1708.56,0.0336055
0.000336055
1708.33,0.0336142
0.000336142
1708.12,0.0336227
0.000336227
1707.91,0.033631
0.00033631
1707.71,0.0336389
0.000336389
1707.51,0.0336467
0.000336467
1707.32,0.0336541
0.000336541
1707.14,0.0336613
0.000336613
1706.96,0.0336683
0.000336683
1706.79,0.0336749
0.000336749
1706.63,0.0336813
0.000336813
1706.48,0.0336875
0.000336875
1706.33,0.0336934
0.000336934
1706.18,0.033699
0.00033699
1706.05,0.0337043
0.000337043
1705.92,0.0337094
0.000337094
1705.8,0.0337143
0.000337143
1705.68,0.0337188
0.000337188
1705.57,0.0337231
0.000337231
1705.47,0.0337271
0.000337271
1705.38,0.0337309
0.000337309
1705.29,0.0337344
0.000337344
1705.21,0.0337376
0.000337376
1705.13,0.0337406
0.000337406
1705.06,0.0337433
0.000337433
1705,0.0337457
0.000337457
1704.95,0.0337479
0.000337479
1704.9,0.0337497
0.000337498
1704.86,0.0337514
0.000337514
1704.83,0.0337527
0.000337527
1704.8,0.0337538
0.000337538
1704.78,0.0337546
0.000337546
1704.76,0.0337552
0.000337552
1704.76,0.0337555
0.000337555
1704.76,0.0337555
0.000337555
1704.76,0.0337552
0.000337552
1704.78,0.0337547
0.000337547
1704.8,0.0337539
0.000337539
1704.82,0.0337529
0.000337529
1704.86,0.0337515
0.000337515
1704.9,0.0337499
0.000337499
1704.94,0.0337481
0.000337481
1705,0.033746
0.00033746
1705.06,0.0337436
0.000337436
1705.12,0.0337409
0.000337409
1705.2,0.033738
0.00033738
1705.28,0.0337348
0.000337348
1705.37,0.0337313
0.000337313
1705.46,0.0337276
0.000337276
1705.56,0.0337236
0.000337236
1705.67,0.0337193
0.000337193
1705.79,0.0337148
0.000337148
1705.91,0.03371
0.0003371
1706.03,0.0337049
0.000337049
1706.17,0.0336996
0.000336996
1706.31,0.033694
0.00033694
1706.46,0.0336882
0.000336882
1706.61,0.033682
0.00033682
1706.78,0.0336757
0.000336757
1706.94,0.033669
0.00033669
1707.12,0.0336621
0.000336621
1707.3,0.0336549
0.000336549
1707.49,0.0336475
0.000336475
1707.68,0.0336398
0.000336398
1707.89,0.0336319
0.000336319
1708.1,0.0336236
0.000336236
1708.31,0.0336152
0.000336152
1708.53,0.0336064
0.000336064
1708.76,0.0335975
0.000335975
1709,0.0335882
0.000335882
1709.24,0.0335787
0.000335787
1709.49,0.0335689
0.000335689
1709.74,0.0335589
0.000335589
1710,0.0335487
0.000335487
1710.27,0.0335381
0.000335381
1710.55,0.0335274
0.000335274
1710.83,0.0335163
0.000335163
1711.12,0.033505
0.00033505
1711.41,0.0334935
0.000334935
1711.71,0.0334817
0.000334817
1712.02,0.0334697
0.000334697
1712.33,0.0334574
0.000334574
1712.65,0.0334449
0.000334449
1712.98,0.0334321
0.000334321
1713.32,0.0334191
0.000334191
1713.66,0.0334058
0.000334058
1714,0.0333923
0.000333923
1714.36,0.0333785
0.000333785
1714.72,0.0333645
0.000333645
1715.08,0.0333503
0.000333503
1715.45,0.0333358
0.000333358
1715.83,0.033321
0.00033321
1716.22,0.0333061
0.000333061
1716.61,0.0332909
0.000332909
1717.01,0.0332754
0.000332754
1717.41,0.0332597
0.000332597
1717.83,0.0332438
0.000332438
1718.24,0.0332277
0.000332277
1718.67,0.0332113
0.000332113
1719.1,0.0331947
0.000331947
1719.53,0.0331778
0.000331778
1719.98,0.0331607
0.000331607
1720.43,0.0331434
0.000331434
1720.88,0.0331259
0.000331259
1721.34,0.0331081
0.000331081
1721.81,0.0330901
0.000330901
1722.28,0.0330719
0.000330719
1722.77,0.0330535
0.000330535
1723.25,0.0330348
0.000330348
1723.74,0.0330159
0.000330159
1724.24,0.0329968
0.000329968
1724.75,0.0329775
0.000329775
1725.26,0.0329579
0.000329579
1725.78,0.0329382
0.000329382
1726.3,0.0329182
0.000329182
1726.83,0.032898
0.00032898
1727.37,0.0328776
0.000328776
1727.91,0.032857
0.00032857
1728.46,0.0328361
0.000328361
1729.01,0.0328151
0.000328151
1729.57,0.0327939
0.000327939
1730.14,0.0327724
0.000327724
1730.71,0.0327507
0.000327507
1731.29,0.0327289
0.000327289
1731.87,0.0327068
0.000327068
1732.46,0.0326845
0.000326845
1733.06,0.0326621
0.000326621
1733.66,0.0326394
0.000326394
1734.27,0.0326165
0.000326165
1734.88,0.0325935
0.000325935
1735.5,0.0325702
0.000325702
1736.12,0.0325468
0.000325468
1736.75,0.0325231
0.000325231
1737.39,0.0324993
0.000324993
1738.03,0.0324753
0.000324753
1738.68,0.032451
0.00032451
1739.34,0.0324266
0.000324266
1740,0.0324021
0.000324021
1740.66,0.0323773
0.000323773
1741.33,0.0323523
0.000323523
1742.01,0.0323272
0.000323272
1742.69,0.0323019
0.000323019
1743.38,0.0322764
0.000322764
1744.07,0.0322507
0.000322507
1744.77,0.0322249
0.000322249
1745.48,0.0321988
0.000321988
1746.19,0.0321726
0.000321726
1746.9,0.0321463
0.000321463
1747.63,0.0321197
0.000321197
1748.35,0.032093
0.00032093
1749.09,0.0320662
0.000320662
1749.82,0.0320391
0.000320391
1750.57,0.0320119
0.000320119
1751.32,0.0319846
0.000319846
1752.07,0.031957
0.00031957
1752.83,0.0319293
0.000319293
1753.59,0.0319015
0.000319015
1754.36,0.0318735
0.000318735
1755.14,0.0318453
0.000318453
1755.92,0.031817
0.00031817
1756.71,0.0317885
0.000317885
1757.5,0.0317599
0.000317599
1758.29,0.0317312
0.000317312
1759.1,0.0317022
0.000317022
1759.9,0.0316732
0.000316732
1760.71,0.031644
0.00031644
1761.53,0.0316146
0.000316146
1762.35,0.0315851
0.000315851
1763.18,0.0315555
0.000315555
1764.01,0.0315257
0.000315257
1764.85,0.0314958
0.000314958
1765.69,0.0314658
0.000314658
1766.54,0.0314356
0.000314356
1767.39,0.0314053
0.000314053
1768.25,0.0313748
0.000313748
1769.11,0.0313442
0.000313442
1769.98,0.0313135
0.000313135
1770.85,0.0312827
0.000312827
1771.73,0.0312517
0.000312517
1772.61,0.0312206
0.000312206
1773.5,0.0311894
0.000311894
1774.39,0.0311581
0.000311581
1775.29,0.0311266
0.000311266
1776.19,0.0310951
0.000310951
1777.09,0.0310634
0.000310634
1778,0.0310316
0.000310316
1778.92,0.0309997
0.000309997
1779.84,0.0309676
0.000309676
1780.76,0.0309355
0.000309355
1781.69,0.0309032
0.000309032
1782.62,0.0308709
0.000308709
1783.56,0.0308384
0.000308384
1784.51,0.0308058
0.000308058
1785.45,0.0307732
0.000307732
1786.4,0.0307404
0.000307404
1787.36,0.0307075
0.000307075
1788.32,0.0306745
0.000306745
1789.29,0.0306415
0.000306415
1790.26,0.0306083
0.000306083
1791.23,0.030575
0.00030575
1792.21,0.0305416
0.000305416
1793.19,0.0305082
0.000305082
1794.18,0.0304746
0.000304746
1795.17,0.030441
0.00030441
1796.16,0.0304073
0.000304073
1797.16,0.0303735
0.000303735
1798.17,0.0303396
0.000303396
1799.17,0.0303056
0.000303056
1800.19,0.0302715
0.000302715
1801.2,0.0302374
0.000302374
1802.22,0.0302032
0.000302032
1803.25,0.0301689
0.000301689
1804.28,0.0301345
0.000301345
1805.31,0.0301
0.000301
1806.34,0.0300655
0.000300655
1807.38,0.0300309
0.000300309
1808.43,0.0299962
0.000299962
1809.48,0.0299615
0.000299615
1810.53,0.0299266
0.000299266
1811.59,0.0298918
0.000298918
1812.65,0.0298568
0.000298568
1813.71,0.0298218
0.000298218
1814.78,0.0297867
0.000297867
1815.85,0.0297516
0.000297516
1816.92,0.0297164
0.000297164
1818,0.0296811
0.000296811
1819.09,0.0296458
0.000296458
1820.17,0.0296104
0.000296104
1821.26,0.029575
0.00029575
1822.36,0.0295395
0.000295395
1823.45,0.0295039
0.000295039
1824.55,0.0294684
0.000294684
1825.66,0.0294327
0.000294327
1826.77,0.029397
0.00029397
1827.88,0.0293613
0.000293613
1828.99,0.0293255
0.000293255
1830.11,0.0292896
0.000292896
1831.23,0.0292538
0.000292538
1832.36,0.0292179
0.000292179
1833.49,0.0291819
0.000291819
1834.62,0.0291459
0.000291459
1835.75,0.0291098
0.000291098
1836.89,0.0290738
0.000290738
1838.04,0.0290376
0.000290376
1839.18,0.0290015
0.000290015
1840.33,0.0289653
0.000289653
1841.48,0.0289291
0.000289291
1842.64,0.0288928
0.000288928
1843.79,0.0288565
0.000288565
1844.96,0.0288202
0.000288202
1846.12,0.0287838
0.000287838
1847.29,0.0287475
0.000287475
1848.46,0.0287111
0.000287111
1849.63,0.0286746
0.000286746
1850.81,0.0286382
0.000286382
1851.99,0.0286017
0.000286017
1853.17,0.0285652
0.000285652
1854.36,0.0285287
0.000285287
1855.55,0.0284921
0.000284921
1856.74,0.0284556
0.000284556
1857.93,0.028419
0.00028419
1859.13,0.0283824
0.000283824
1860.33,0.0283458
0.000283458
1861.53,0.0283092
0.000283092
1862.74,0.0282725
0.000282725
1863.95,0.0282359
0.000282359
1865.16,0.0281992
0.000281992
1866.37,0.0281625
0.000281625
1867.59,0.0281259
0.000281259
1868.81,0.0280892
0.000280892
1870.03,0.0280525
0.000280525
1871.26,0.0280158
0.000280158
1872.48,0.027979
0.00027979
1873.71,0.0279423
0.000279423
1874.95,0.0279056
0.000279056
1876.18,0.0278689
0.000278689
1877.42,0.0278321
0.000278321
1878.66,0.0277954
0.000277954
1879.9,0.0277587
0.000277587
1881.15,0.027722
0.00027722
1882.39,0.0276852
0.000276852
1883.64,0.0276485
0.000276485
1884.9,0.0276118
0.000276118
1886.15,0.0275751
0.000275751
1887.41,0.0275384
0.000275384
1888.67,0.0275017
0.000275017
1889.93,0.027465
0.00027465
1891.19,0.0274283
0.000274283
1892.46,0.0273916
0.000273916
1893.72,0.0273549
0.000273549
1894.99,0.0273183
0.000273183
1896.27,0.0272816
0.000272816
1897.54,0.027245
0.00027245
1898.82,0.0272084
0.000272084
1900.1,0.0271718
0.000271718
1901.38,0.0271352
0.000271352
1902.66,0.0270986
0.000270986
1903.94,0.027062
0.00027062
1905.23,0.0270255
0.000270255
1906.52,0.026989
0.00026989
1907.81,0.0269524
0.000269524
1909.1,0.026916
0.00026916
1910.4,0.0268795
0.000268795
1911.7,0.026843
0.00026843
1912.99,0.0268066
0.000268066
1914.29,0.0267702
0.000267702
1915.6,0.0267338
0.000267338
1916.9,0.0266975
0.000266975
1918.21,0.0266611
0.000266611
1919.51,0.0266248
0.000266248
1920.82,0.0265886
0.000265886
1922.13,0.0265523
0.000265523
1923.45,0.0265161
0.000265161
1924.76,0.0264799
0.000264799
1926.08,0.0264437
0.000264437
1927.39,0.0264076
0.000264076
1928.71,0.0263715
0.000263715
1930.03,0.0263354
0.000263354
1931.35,0.0262993
0.000262993
1932.68,0.0262633
0.000262633
1934,0.0262273
0.000262273
1935.33,0.0261914
0.000261914
1936.66,0.0261555
0.000261555
1937.99,0.0261196
0.000261196
1939.32,0.0260838
0.000260838
1940.65,0.026048
0.00026048
1941.99,0.0260122
0.000260122
1943.32,0.0259764
0.000259764
1944.66,0.0259407
0.000259407
1946,0.0259051
0.000259051
1947.34,0.0258695
0.000258695
1948.68,0.0258339
0.000258339
1950.02,0.0257983
0.000257983
1951.36,0.0257628
0.000257628
1952.71,0.0257274
0.000257274
1954.05,0.025692
0.00025692
1955.4,0.0256566
0.000256566
1956.75,0.0256212
0.000256212
1958.09,0.0255859
0.000255859
1959.45,0.0255507
0.000255507
1960.8,0.0255155
0.000255155
1962.15,0.0254803
0.000254803
1963.5,0.0254452
0.000254452
1964.86,0.0254102
0.000254102
1966.21,0.0253751
0.000253751
1967.57,0.0253402
0.000253402
1968.93,0.0253052
0.000253052
1970.28,0.0252703
0.000252703
1971.64,0.0252355
0.000252355
1973,0.0252007
0.000252007
1974.37,0.025166
0.00025166
1975.73,0.0251313
0.000251313
1977.09,0.0250966
0.000250966
1978.45,0.0250621
0.000250621
1979.82,0.0250275
0.000250275
1981.19,0.024993
0.00024993
1982.55,0.0249586
0.000249586
1983.92,0.0249242
0.000249242
1985.29,0.0248899
0.000248899
1986.65,0.0248556
0.000248556
1988.02,0.0248214
0.000248214
1989.39,0.0247872
0.000247872
1990.76,0.0247531
0.000247531
1992.14,0.024719
0.00024719
1993.51,0.024685
0.00024685
1994.88,0.024651
0.00024651
1996.25,0.0246171
0.000246171
1997.63,0.0245833
0.000245833
1999,0.0245495
0.000245495
2000.38,0.0245158
0.000245158
2001.75,0.0244821
0.000244821
2003.13,0.0244485
0.000244485
2004.5,0.0244149
0.000244149
2005.88,0.0243814
0.000243814
2007.26,0.0243479
0.000243479
2008.64,0.0243145
0.000243145
2010.02,0.0242812
0.000242812
2011.39,0.0242479
0.000242479
2012.77,0.0242147
0.000242147
2014.15,0.0241816
0.000241816
2015.53,0.0241485
0.000241485
2016.91,0.0241154
0.000241154
2018.29,0.0240824
0.000240825
2019.67,0.0240495
0.000240495
2021.05,0.0240167
0.000240167
2022.44,0.0239839
0.000239839
2023.82,0.0239511
0.000239511
2025.2,0.0239185
0.000239185
2026.58,0.0238859
0.000238859
2027.96,0.0238533
0.000238533
2029.35,0.0238208
0.000238208
2030.73,0.0237884
0.000237884
2032.11,0.023756
0.00023756
2033.49,0.0237237
0.000237237
2034.88,0.0236915
0.000236915
2036.26,0.0236593
0.000236593
2037.64,0.0236272
0.000236272
2039.03,0.0235952
0.000235952
2040.41,0.0235632
0.000235632
2041.79,0.0235313
0.000235313
2043.18,0.0234994
0.000234994
2044.56,0.0234676
0.000234676
2045.94,0.0234359
0.000234359
2047.33,0.0234043
0.000234043
2048.71,0.0233727
0.000233727
2050.09,0.0233411
0.000233411
2051.48,0.0233097
0.000233097
2052.86,0.0232783
0.000232783
2054.24,0.023247
0.00023247
2055.62,0.0232157
0.000232157
2057.01,0.0231845
0.000231845
2058.39,0.0231534
0.000231534
2059.77,0.0231223
0.000231223
2061.15,0.0230913
0.000230913
2062.54,0.0230604
0.000230604
2063.92,0.0230295
0.000230295
2065.3,0.0229987
0.000229987
2066.68,0.022968
0.00022968
2068.06,0.0229373
0.000229373
2069.44,0.0229067
0.000229067
2070.82,0.0228762
0.000228762
2072.2,0.0228457
0.000228457
2073.58,0.0228153
0.000228153
2074.96,0.022785
0.00022785
2076.34,0.0227547
0.000227547
2077.72,0.0227245
0.000227245
2079.1,0.0226944
0.000226944
2080.48,0.0226644
0.000226644
2081.85,0.0226344
0.000226344
2083.23,0.0226045
0.000226045
2084.61,0.0225746
0.000225746
2085.98,0.0225448
0.000225448
2087.36,0.0225151
0.000225151
2088.73,0.0224855
0.000224855
2090.11,0.0224559
0.000224559
2091.48,0.0224264
0.000224264
2092.86,0.022397
0.00022397
2094.23,0.0223676
0.000223676
2095.6,0.0223383
0.000223383
2096.98,0.0223091
0.000223091
2098.35,0.02228
0.0002228
2099.72,0.0222509
0.000222509
2101.09,0.0222219
0.000222219
2102.46,0.0221929
0.000221929
2103.83,0.022164
0.00022164
2105.2,0.0221352
0.000221352
2106.56,0.0221065
0.000221065
2107.93,0.0220778
0.000220778
2109.3,0.0220492
0.000220492
2110.66,0.0220207
0.000220207
2112.03,0.0219922
0.000219922
2113.39,0.0219639
0.000219639
2114.76,0.0219356
0.000219355
2116.12,0.0219073
0.000219073
2117.48,0.0218791
0.000218791
2118.84,0.021851
0.00021851
2120.2,0.021823
0.00021823
2121.56,0.021795
0.00021795
2122.92,0.0217671
0.000217671
2124.28,0.0217393
0.000217393
2125.64,0.0217115
0.000217116
2126.99,0.0216839
0.000216839
2128.35,0.0216563
0.000216563
2129.7,0.0216287
0.000216287
2131.06,0.0216012
0.000216012
2132.41,0.0215738
0.000215738
2133.76,0.0215465
0.000215465
2135.11,0.0215192
0.000215192
2136.46,0.0214921
0.000214921
2137.81,0.0214649
0.000214649
2139.16,0.0214379
0.000214379
2140.51,0.0214109
0.000214109
2141.85,0.021384
0.00021384
2143.2,0.0213572
0.000213572
2144.54,0.0213304
0.000213304
2145.89,0.0213037
0.000213037
2147.23,0.0212771
0.000212771
2148.57,0.0212505
0.000212505
2149.91,0.021224
0.00021224
2151.25,0.0211976
0.000211976
2152.59,0.0211713
0.000211713
2153.92,0.021145
0.00021145
2155.26,0.0211188
0.000211188
2156.6,0.0210927
0.000210927
2157.93,0.0210666
0.000210666
2159.26,0.0210406
0.000210406
2160.59,0.0210147
0.000210147
2161.92,0.0209888
0.000209888
2163.25,0.0209631
0.000209631
2164.58,0.0209373
0.000209373
2165.91,0.0209117
0.000209117
2167.23,0.0208861
0.000208861
2168.56,0.0208606
0.000208606
2169.88,0.0208352
0.000208352
2171.2,0.0208098
0.000208098
2172.52,0.0207846
0.000207846
2173.84,0.0207593
0.000207593
2175.16,0.0207342
0.000207342
2176.48,0.0207091
0.000207091
2177.79,0.0206841
0.000206841
2179.11,0.0206591
0.000206591
2180.42,0.0206343
0.000206343
2181.73,0.0206095
0.000206095
2183.04,0.0205847
0.000205847
2184.35,0.0205601
0.000205601
2185.66,0.0205355
0.000205355
2186.96,0.0205109
0.000205109
2188.27,0.0204865
0.000204865
2189.57,0.0204621
0.000204621
2190.87,0.0204378
0.000204378
2192.18,0.0204135
0.000204135
2193.47,0.0203894
0.000203894
2194.77,0.0203653
0.000203653
2196.07,0.0203412
0.000203412
2197.36,0.0203172
0.000203172
2198.66,0.0202933
0.000202933
2199.95,0.0202695
0.000202695
2201.24,0.0202457
0.000202457
2202.53,0.020222
0.00020222
2203.82,0.0201984
0.000201984
2205.11,0.0201749
0.000201749
2206.39,0.0201514
0.000201514
2207.67,0.0201279
0.000201279
2208.96,0.0201046
0.000201046
2210.24,0.0200813
0.000200813
2211.51,0.0200581
0.000200581
2212.79,0.0200349
0.000200349
2214.07,0.0200118
0.000200118
2215.34,0.0199888
0.000199888
2216.61,0.0199659
0.000199659
2217.89,0.019943
0.00019943
2219.15,0.0199202
0.000199202
2220.42,0.0198975
0.000198975
2221.69,0.0198748
0.000198748
2222.95,0.0198522
0.000198522
2224.22,0.0198296
0.000198296
2225.48,0.0198072
0.000198072
2226.74,0.0197848
0.000197848
2228,0.0197624
0.000197624
2229.25,0.0197401
0.000197401
2230.51,0.0197179
0.000197179
2231.76,0.0196958
0.000196958
2233.01,0.0196737
0.000196737
2234.26,0.0196517
0.000196517
2235.51,0.0196298
0.000196298
2236.76,0.0196079
0.000196079
2238,0.0195861
0.000195861
2239.24,0.0195644
0.000195644
2240.49,0.0195427
0.000195427
2241.72,0.0195211
0.000195211
2242.96,0.0194996
0.000194996
2244.2,0.0194781
0.000194781
2245.43,0.0194567
0.000194567
2246.67,0.0194353
0.000194353
2247.9,0.0194141
0.000194141
2249.12,0.0193929
0.000193929
2250.35,0.0193717
0.000193717
2251.58,0.0193506
0.000193506
2252.8,0.0193296
0.000193296
2254.02,0.0193087
0.000193087
2255.24,0.0192878
0.000192878
2256.46,0.019267
0.00019267
2257.68,0.0192462
0.000192462
2258.89,0.0192255
0.000192255
2260.1,0.0192049
0.000192049
2261.31,0.0191844
0.000191844
2262.52,0.0191639
0.000191639
2263.73,0.0191434
0.000191434
2264.93,0.0191231
0.000191231
2266.14,0.0191028
0.000191028
2267.34,0.0190825
0.000190825
2268.54,0.0190624
0.000190624
2269.74,0.0190423
0.000190423
2270.93,0.0190222
0.000190222
2272.12,0.0190022
0.000190022
2273.32,0.0189823
0.000189823
2274.51,0.0189625
0.000189625
2275.69,0.0189427
0.000189427
2276.88,0.018923
0.00018923
2278.06,0.0189033
0.000189033
2279.25,0.0188837
0.000188837
2280.43,0.0188642
0.000188642
2281.6,0.0188447
0.000188447
2282.78,0.0188253
0.000188253
2283.95,0.0188059
0.000188059
2285.12,0.0187866
0.000187866
2286.29,0.0187674
0.000187674
2287.46,0.0187483
0.000187483
2288.63,0.0187292
0.000187292
2289.79,0.0187101
0.000187101
2290.95,0.0186912
0.000186912
2292.11,0.0186722
0.000186722
2293.27,0.0186534
0.000186534
2294.43,0.0186346
0.000186346
2295.58,0.0186159
0.000186159
2296.73,0.0185972
0.000185972
2297.88,0.0185786
0.000185786
2299.03,0.0185601
0.000185601
2300.18,0.0185416
0.000185416
2301.32,0.0185232
0.000185232
2302.46,0.0185048
0.000185048
2303.6,0.0184865
0.000184865
2304.74,0.0184683
0.000184683
2305.87,0.0184501
0.000184501
2307,0.018432
0.00018432
2308.13,0.018414
0.00018414
2309.26,0.018396
0.00018396
2310.39,0.018378
0.00018378
2311.51,0.0183602
0.000183602
2312.64,0.0183423
0.000183423
2313.75,0.0183246
0.000183246
2314.87,0.0183069
0.000183069
2315.99,0.0182893
0.000182893
2317.1,0.0182717
0.000182717
2318.21,0.0182542
0.000182542
2319.32,0.0182367
0.000182367
2320.43,0.0182193
0.000182193
2321.53,0.018202
0.00018202
2322.64,0.0181847
0.000181847
2323.74,0.0181675
0.000181675
2324.83,0.0181504
0.000181504
2325.93,0.0181333
0.000181333
2327.02,0.0181162
0.000181162
2328.11,0.0180992
0.000180992
2329.2,0.0180823
0.000180823
2330.29,0.0180655
0.000180655
2331.37,0.0180487
0.000180487
2332.46,0.0180319
0.000180319
2333.54,0.0180152
0.000180152
2334.61,0.0179986
0.000179986
2335.69,0.017982
0.00017982
2336.76,0.0179655
0.000179655
2337.83,0.017949
0.00017949
2338.9,0.0179326
0.000179326
2339.97,0.0179163
0.000179163
2341.03,0.0179
0.000179
2342.1,0.0178838
0.000178838
2343.16,0.0178676
0.000178676
2344.21,0.0178515
0.000178515
2345.27,0.0178355
0.000178355
2346.32,0.0178195
0.000178195
2347.37,0.0178035
0.000178035
2348.42,0.0177876
0.000177876
2349.46,0.0177718
0.000177718
2350.51,0.017756
0.00017756
2351.55,0.0177403
0.000177403
2352.59,0.0177247
0.000177247
2353.62,0.0177091
0.000177091
2354.66,0.0176935
0.000176935
2355.69,0.017678
0.00017678
2356.72,0.0176626
0.000176626
2357.74,0.0176472
0.000176472
2358.77,0.0176319
0.000176319
2359.79,0.0176166
0.000176166
2360.81,0.0176014
0.000176014
2361.83,0.0175862
0.000175862
2362.84,0.0175711
0.000175711
2363.85,0.0175561
0.000175561
2364.86,0.0175411
0.000175411
2365.87,0.0175261
0.000175261
2366.88,0.0175113
0.000175113
2367.88,0.0174964
0.000174964
2368.88,0.0174817
0.000174817
2369.88,0.0174669
0.000174669
2370.87,0.0174523
0.000174523
2371.87,0.0174377
0.000174377
2372.86,0.0174231
0.000174231
2373.85,0.0174086
0.000174086
2374.83,0.0173942
0.000173942
2375.82,0.0173798
0.000173798
2376.8,0.0173654
0.000173654
2377.77,0.0173511
0.000173511
2378.75,0.0173369
0.000173369
2379.72,0.0173227
0.000173227
2380.69,0.0173086
0.000173086
2381.66,0.0172945
0.000172945
2382.63,0.0172805
0.000172805
2383.59,0.0172665
0.000172665
2384.55,0.0172526
0.000172526
2385.51,0.0172387
0.000172387
2386.47,0.0172249
0.000172249
2387.42,0.0172112
0.000172112
2388.37,0.0171975
0.000171975
2389.32,0.0171838
0.000171838
2390.27,0.0171702
0.000171702
2391.21,0.0171567
0.000171567
2392.15,0.0171432
0.000171432
2393.09,0.0171297
0.000171297
2394.03,0.0171163
0.000171163
2394.96,0.017103
0.00017103
2395.89,0.0170897
0.000170897
2396.82,0.0170765
0.000170765
2397.75,0.0170633
0.000170633
2398.67,0.0170502
0.000170502
2399.59,0.0170371
0.000170371
2400.51,0.0170241
0.000170241
2401.42,0.0170111
0.000170111
2402.34,0.0169981
0.000169981
2403.25,0.0169853
0.000169853
2404.15,0.0169724
0.000169724
2405.06,0.0169597
0.000169597
2405.96,0.0169469
0.000169469
2406.86,0.0169343
0.000169343
2407.76,0.0169216
0.000169216
2408.65,0.0169091
0.000169091
2409.55,0.0168966
0.000168966
2410.44,0.0168841
0.000168841
2411.32,0.0168717
0.000168717
2412.21,0.0168593
0.000168593
2413.09,0.016847
0.00016847
2413.97,0.0168347
0.000168347
2414.85,0.0168225
0.000168225
2415.72,0.0168103
0.000168103
2416.59,0.0167982
0.000167982
2417.46,0.0167861
0.000167861
2418.33,0.0167741
0.000167741
2419.19,0.0167621
0.000167621
2420.05,0.0167502
0.000167502
2420.91,0.0167383
0.000167383
2421.77,0.0167265
0.000167265
2422.62,0.0167147
0.000167147
2423.47,0.016703
0.00016703
2424.32,0.0166913
0.000166913
2425.16,0.0166796
0.000166796
2426.01,0.0166681
0.000166681
2426.85,0.0166565
0.000166565
2427.68,0.016645
0.00016645
2428.52,0.0166336
0.000166336
2429.35,0.0166222
0.000166222
2430.18,0.0166109
0.000166109
2431.01,0.0165996
0.000165996
2431.83,0.0165883
0.000165883
2432.65,0.0165771
0.000165771
2433.47,0.016566
0.00016566
2434.29,0.0165549
0.000165549
2435.1,0.0165438
0.000165438
2435.91,0.0165328
0.000165328
2436.72,0.0165219
0.000165219
2437.52,0.0165109
0.000165109
2438.32,0.0165001
0.000165001
2439.12,0.0164893
0.000164893
2439.92,0.0164785
0.000164785
2440.72,0.0164678
0.000164678
2441.51,0.0164571
0.000164571
2442.3,0.0164465
0.000164465
2443.08,0.0164359
0.000164359
2443.87,0.0164253
0.000164253
2444.65,0.0164149
0.000164149
2445.42,0.0164044
0.000164044
2446.2,0.016394
0.00016394
2446.97,0.0163837
0.000163837
2447.74,0.0163734
0.000163734
2448.51,0.0163631
0.000163631
2449.27,0.0163529
0.000163529
2450.04,0.0163427
0.000163427
2450.79,0.0163326
0.000163326
2451.55,0.0163225
0.000163225
2452.3,0.0163125
0.000163125
2453.05,0.0163025
0.000163025
2453.8,0.0162926
0.000162926
2454.55,0.0162827
0.000162827
2455.29,0.0162728
0.000162728
2456.03,0.016263
0.00016263
2456.77,0.0162533
0.000162533
2457.5,0.0162436
0.000162436
2458.23,0.0162339
0.000162339
2458.96,0.0162243
0.000162243
2459.69,0.0162147
0.000162147
2460.41,0.0162052
0.000162052
2461.13,0.0161957
0.000161957
2461.85,0.0161863
0.000161863
2462.56,0.0161769
0.000161769
2463.27,0.0161675
0.000161675
2463.98,0.0161582
0.000161582
2464.69,0.016149
0.00016149
2465.39,0.0161397
0.000161397
2466.09,0.0161306
0.000161306
2466.79,0.0161214
0.000161214
2467.49,0.0161124
0.000161124
2468.18,0.0161033
0.000161033
2468.87,0.0160943
0.000160943
2469.56,0.0160854
0.000160854
2470.24,0.0160765
0.000160765
2470.92,0.0160676
0.000160676
2471.6,0.0160588
0.000160588
2472.28,0.01605
0.0001605
2472.95,0.0160413
0.000160413
2473.62,0.0160326
0.000160326
2474.29,0.0160239
0.000160239
2474.95,0.0160153
0.000160153
2475.61,0.0160068
0.000160068
2476.27,0.0159983
0.000159983
2476.93,0.0159898
0.000159898
2477.58,0.0159814
0.000159814
2478.23,0.015973
0.00015973
2478.88,0.0159646
0.000159646
2479.52,0.0159563
0.000159563
2480.16,0.0159481
0.000159481
2480.8,0.0159399
0.000159399
2481.44,0.0159317
0.000159317
2482.07,0.0159236
0.000159236
2482.7,0.0159155
0.000159155
2483.33,0.0159074
0.000159074
2483.95,0.0158994
0.000158994
2484.58,0.0158915
0.000158915
2485.2,0.0158836
0.000158836
2485.81,0.0158757
0.000158757
2486.42,0.0158679
0.000158679
2487.04,0.0158601
0.000158601
2487.64,0.0158523
0.000158523
2488.25,0.0158446
0.000158446
2488.85,0.015837
0.00015837
2489.45,0.0158293
0.000158293
2490.04,0.0158218
0.000158218
2490.64,0.0158142
0.000158142
2491.23,0.0158067
0.000158067
2491.82,0.0157993
0.000157993
2492.4,0.0157919
0.000157919
2492.98,0.0157845
0.000157845
2493.56,0.0157772
0.000157772
2494.14,0.0157699
0.000157699
2494.71,0.0157626
0.000157626
2495.28,0.0157554
0.000157554
2495.85,0.0157483
0.000157483
2496.41,0.0157412
0.000157411
2496.97,0.0157341
0.000157341
2497.53,0.015727
0.00015727
2498.09,0.01572
0.0001572
2498.64,0.0157131
0.000157131
2499.19,0.0157062
0.000157062
2499.74,0.0156993
0.000156993
2500.28,0.0156925
0.000156925
2500.82,0.0156857
0.000156857
2501.36,0.0156789
0.000156789
2501.9,0.0156722
0.000156722
2502.43,0.0156655
0.000156655
2502.96,0.0156589
0.000156589
2503.49,0.0156523
0.000156523
2504.01,0.0156457
0.000156457
2504.53,0.0156392
0.000156392
2505.05,0.0156328
0.000156328
2505.57,0.0156263
0.000156263
2506.08,0.0156199
0.0001562
2506.59,0.0156136
0.000156136
2507.09,0.0156073
0.000156073
2507.6,0.015601
0.00015601
2508.1,0.0155948
0.000155948
2508.6,0.0155886
0.000155886
2509.09,0.0155825
0.000155825
2509.58,0.0155764
0.000155764
2510.07,0.0155703
0.000155703
2510.56,0.0155643
0.000155643
2511.04,0.0155583
0.000155583
2511.52,0.0155523
0.000155523
2512,0.0155464
0.000155464
2512.47,0.0155405
0.000155405
2512.94,0.0155347
0.000155347
2513.41,0.0155289
0.000155289
2513.88,0.0155232
0.000155232
2514.34,0.0155175
0.000155175
2514.8,0.0155118
0.000155118
2515.26,0.0155062
0.000155062
2515.71,0.0155006
0.000155006
2516.16,0.015495
0.00015495
2516.61,0.0154895
0.000154895
2517.06,0.015484
0.00015484
2517.5,0.0154786
0.000154786
2517.94,0.0154732
0.000154732
2518.37,0.0154678
0.000154678
2518.81,0.0154625
0.000154625
2519.24,0.0154572
0.000154572
2519.66,0.015452
0.00015452
2520.09,0.0154468
0.000154468
2520.51,0.0154416
0.000154416
2520.93,0.0154365
0.000154365
2521.34,0.0154314
0.000154314
2521.76,0.0154263
0.000154263
2522.17,0.0154213
0.000154213
2522.57,0.0154164
0.000154164
2522.98,0.0154114
0.000154114
2523.38,0.0154065
0.000154065
2523.77,0.0154017
0.000154017
2524.17,0.0153969
0.000153969
2524.56,0.0153921
0.000153921
2524.95,0.0153873
0.000153873
2525.34,0.0153826
0.000153826
2525.72,0.015378
0.00015378
2526.1,0.0153733
0.000153733
2526.48,0.0153688
0.000153688
2526.85,0.0153642
0.000153642
2527.22,0.0153597
0.000153597
2527.59,0.0153552
0.000153552
2527.95,0.0153508
0.000153508
2528.32,0.0153464
0.000153464
2528.68,0.015342
0.00015342
2529.03,0.0153377
0.000153377
2529.39,0.0153334
0.000153334
2529.74,0.0153292
0.000153292
2530.08,0.015325
0.00015325
2530.43,0.0153208
0.000153208
2530.77,0.0153167
0.000153167
2531.11,0.0153126
0.000153126
2531.44,0.0153085
0.000153085
2531.78,0.0153045
0.000153045
2532.1,0.0153005
0.000153005
2532.43,0.0152966
0.000152966
2532.75,0.0152927
0.000152927
2533.07,0.0152888
0.000152888
2533.39,0.015285
0.00015285
2533.71,0.0152812
0.000152812
2534.02,0.0152774
0.000152774
2534.33,0.0152737
0.000152737
2534.63,0.01527
0.0001527
2534.93,0.0152664
0.000152664
2535.23,0.0152628
0.000152628
2535.53,0.0152592
0.000152592
2535.82,0.0152556
0.000152556
2536.12,0.0152521
0.000152521
2536.4,0.0152487
0.000152487
2536.69,0.0152453
0.000152453
2536.97,0.0152419
0.000152419
2537.25,0.0152385
0.000152385
2537.52,0.0152352
0.000152352
2537.8,0.015232
0.00015232
2538.07,0.0152287
0.000152287
2538.33,0.0152255
0.000152255
2538.6,0.0152224
0.000152224
2538.86,0.0152192
0.000152192
2539.11,0.0152161
0.000152161
2539.37,0.0152131
0.000152131
2539.62,0.0152101
0.000152101
2539.87,0.0152071
0.000152071
2540.11,0.0152042
0.000152042
2540.36,0.0152013
0.000152013
2540.6,0.0151984
0.000151984
2540.83,0.0151956
0.000151956
2541.07,0.0151928
0.000151928
2541.3,0.01519
0.0001519
2541.52,0.0151873
0.000151873
2541.75,0.0151846
0.000151846
2541.97,0.015182
0.00015182
2542.19,0.0151793
0.000151793
2542.41,0.0151768
0.000151768
2542.62,0.0151742
0.000151742
2542.83,0.0151717
0.000151717
2543.03,0.0151693
0.000151693
2543.24,0.0151668
0.000151668
2543.44,0.0151645
0.000151645
2543.64,0.0151621
0.000151621
2543.83,0.0151598
0.000151598
2544.02,0.0151575
0.000151575
2544.21,0.0151553
0.000151553
2544.4,0.015153
0.00015153
2544.58,0.0151509
0.000151509
2544.76,0.0151487
0.000151487
2544.93,0.0151466
0.000151466
2545.11,0.0151446
0.000151446
2545.28,0.0151425
0.000151425
2545.45,0.0151405
0.000151405
2545.61,0.0151386
0.000151386
2545.77,0.0151367
0.000151367
2545.93,0.0151348
0.000151348
2546.08,0.0151329
0.000151329
2546.24,0.0151311
0.000151311
2546.39,0.0151294
0.000151294
2546.53,0.0151276
0.000151276
2546.68,0.0151259
0.000151259
2546.82,0.0151243
0.000151243
2546.95,0.0151226
0.000151226
2547.09,0.015121
0.00015121
2547.22,0.0151195
0.000151195
2547.35,0.015118
0.00015118
2547.47,0.0151165
0.000151165
2547.59,0.015115
0.00015115
2547.71,0.0151136
0.000151136
2547.83,0.0151122
0.000151122
2547.94,0.0151109
0.000151109
2548.05,0.0151096
0.000151096
2548.16,0.0151083
0.000151083
2548.26,0.0151071
0.000151071
2548.36,0.0151059
0.000151059
2548.46,0.0151047
0.000151047
2548.56,0.0151036
0.000151036
2548.65,0.0151025
0.000151025
2548.74,0.0151015
0.000151015
2548.82,0.0151004
0.000151004
2548.91,0.0150995
0.000150995
2548.99,0.0150985
0.000150985
2549.06,0.0150976
0.000150976
2549.14,0.0150967
0.000150967
2549.21,0.0150959
0.000150959
2549.27,0.0150951
0.000150951
2549.34,0.0150943
0.000150943
2549.4,0.0150936
0.000150936
2549.46,0.0150929
0.000150929
2549.51,0.0150922
0.000150922
2549.57,0.0150916
0.000150916
2549.62,0.015091
0.00015091
2549.66,0.0150905
0.000150905
2549.71,0.01509
0.0001509
2549.75,0.0150895
0.000150895
2549.79,0.0150891
0.00015089
2549.82,0.0150886
0.000150886
2549.85,0.0150883
0.000150883
2549.88,0.0150879
0.000150879
2549.9,0.0150876
0.000150876
2549.93,0.0150874
0.000150874
2549.95,0.0150871
0.000150871
2549.96,0.015087
0.00015087
2549.98,0.0150868
0.000150868
2549.99,0.0150867
0.000150867
2549.99,0.0150866
0.000150866
2550,0.0150865
0.000150865
2550,0.0150865
0.000150865
2550,0.0150866
0.000150866
2549.99,0.0150866
0.000150866
2549.98,0.0150867
0.000150867
2549.97,0.0150868
0.000150868
2549.96,0.015087
0.00015087
2549.94,0.0150872
0.000150872
2549.92,0.0150874
0.000150874
2549.9,0.0150877
0.000150877
2549.87,0.015088
0.00015088
2549.84,0.0150884
0.000150884
2549.81,0.0150888
0.000150888
2549.77,0.0150892
0.000150892
2549.74,0.0150896
0.000150896
2549.7,0.0150901
0.000150901
2549.65,0.0150906
0.000150906
2549.6,0.0150912
0.000150912
2549.55,0.0150918
0.000150918
2549.5,0.0150924
0.000150924
2549.44,0.0150931
0.000150931
2549.38,0.0150938
0.000150938
2549.32,0.0150945
0.000150945
2549.26,0.0150953
0.000150953
2549.19,0.0150961
0.000150961
2549.12,0.015097
0.00015097
2549.04,0.0150978
0.000150978
2548.96,0.0150988
0.000150988
2548.88,0.0150997
0.000150997
2548.8,0.0151007
0.000151007
2548.71,0.0151017
0.000151017
2548.62,0.0151028
0.000151028
2548.53,0.0151039
0.000151039
2548.43,0.015105
0.00015105
2548.34,0.0151062
0.000151062
2548.23,0.0151074
0.000151074
2548.13,0.0151087
0.000151087
2548.02,0.0151099
0.000151099
2547.91,0.0151113
0.000151113
2547.8,0.0151126
0.000151126
2547.68,0.015114
0.00015114
2547.56,0.0151154
0.000151154
2547.44,0.0151169
0.000151169
2547.31,0.0151184
0.000151184
2547.18,0.0151199
0.000151199
2547.05,0.0151215
0.000151215
2546.92,0.0151231
0.000151231
2546.78,0.0151247
0.000151247
2546.64,0.0151264
0.000151264
2546.49,0.0151281
0.000151281
2546.35,0.0151298
0.000151298
2546.2,0.0151316
0.000151316
2546.04,0.0151334
0.000151334
2545.89,0.0151353
0.000151353
2545.73,0.0151372
0.000151372
2545.56,0.0151391
0.000151391
2545.4,0.0151411
0.000151411
2545.23,0.0151431
0.000151431
2545.06,0.0151451
0.000151451
2544.89,0.0151472
0.000151472
2544.71,0.0151493
0.000151493
2544.53,0.0151515
0.000151515
2544.35,0.0151536
0.000151536
2544.16,0.0151559
0.000151559
2543.97,0.0151581
0.000151581
2543.78,0.0151604
0.000151604
2543.58,0.0151627
0.000151627
2543.38,0.0151651
0.000151651
2543.18,0.0151675
0.000151675
2542.98,0.0151699
0.000151699
2542.77,0.0151724
0.000151724
2542.56,0.0151749
0.000151749
2542.35,0.0151775
0.000151775
2542.13,0.01518
0.0001518
2541.91,0.0151827
0.000151827
2541.69,0.0151853
0.000151853
2541.46,0.015188
0.00015188
2541.24,0.0151907
0.000151907
2541,0.0151935
0.000151935
2540.77,0.0151963
0.000151963
2540.53,0.0151992
0.000151992
2540.29,0.015202
0.00015202
2540.05,0.015205
0.00015205
2539.8,0.0152079
0.000152079
2539.55,0.0152109
0.000152109
2539.3,0.0152139
0.000152139
2539.04,0.015217
0.00015217
2538.79,0.0152201
0.000152201
2538.52,0.0152232
0.000152232
2538.26,0.0152264
0.000152264
2537.99,0.0152296
0.000152296
2537.72,0.0152328
0.000152328
2537.45,0.0152361
0.000152361
2537.17,0.0152394
0.000152394
2536.89,0.0152428
0.000152428
2536.61,0.0152462
0.000152462
2536.33,0.0152496
0.000152496
2536.04,0.0152531
0.000152531
2535.75,0.0152566
0.000152566
2535.45,0.0152601
0.000152601
2535.15,0.0152637
0.000152637
2534.85,0.0152673
0.000152673
2534.55,0.015271
0.00015271
2534.24,0.0152747
0.000152747
2533.93,0.0152784
0.000152784
2533.62,0.0152822
0.000152822
2533.31,0.015286
0.00015286
2532.99,0.0152898
0.000152898
2532.67,0.0152937
0.000152937
2532.34,0.0152976
0.000152976
2532.02,0.0153016
0.000153016
2531.69,0.0153056
0.000153056
2531.35,0.0153096
0.000153096
2531.02,0.0153137
0.000153137
2530.68,0.0153178
0.000153178
2530.33,0.0153219
0.000153219
2529.99,0.0153261
0.000153261
2529.64,0.0153303
0.000153303
2529.29,0.0153346
0.000153346
2528.94,0.0153389
0.000153389
2528.58,0.0153432
0.000153432
2528.22,0.0153476
0.000153476
2527.86,0.015352
0.00015352
2527.49,0.0153564
0.000153564
2527.12,0.0153609
0.000153609
2526.75,0.0153654
0.000153654
2526.37,0.01537
0.0001537
2526,0.0153746
0.000153746
2525.62,0.0153792
0.000153792
2525.23,0.0153839
0.000153839
2524.85,0.0153886
0.000153886
2524.46,0.0153934
0.000153934
2524.06,0.0153982
0.000153982
2523.67,0.015403
0.00015403
2523.27,0.0154078
0.000154078
2522.87,0.0154128
0.000154128
2522.46,0.0154177
0.000154177
2522.06,0.0154227
0.000154227
2521.64,0.0154277
0.000154277
2521.23,0.0154328
0.000154328
2520.81,0.0154379
0.000154379
2520.4,0.015443
0.00015443
2519.97,0.0154482
0.000154482
2519.55,0.0154534
0.000154534
2519.12,0.0154586
0.000154586
2518.69,0.0154639
0.000154639
2518.26,0.0154693
0.000154693
2517.82,0.0154746
0.000154746
2517.38,0.01548
0.0001548
2516.94,0.0154855
0.000154855
2516.49,0.015491
0.00015491
2516.04,0.0154965
0.000154965
2515.59,0.0155021
0.000155021
2515.13,0.0155077
0.000155077
2514.68,0.0155133
0.000155133
2514.22,0.015519
0.00015519
2513.75,0.0155247
0.000155247
2513.29,0.0155305
0.000155305
2512.82,0.0155363
0.000155363
2512.35,0.0155421
0.000155421
2511.87,0.015548
0.00015548
2511.39,0.0155539
0.000155539
2510.91,0.0155599
0.000155599
2510.43,0.0155659
0.000155659
2509.94,0.0155719
0.000155719
2509.45,0.015578
0.00015578
2508.96,0.0155841
0.000155841
2508.46,0.0155903
0.000155903
2507.96,0.0155965
0.000155965
2507.46,0.0156027
0.000156027
2506.96,0.015609
0.00015609
2506.45,0.0156153
0.000156153
2505.94,0.0156217
0.000156217
2505.43,0.0156281
0.000156281
2504.91,0.0156345
0.000156345
2504.39,0.015641
0.00015641
2503.87,0.0156475
0.000156475
2503.35,0.0156541
0.000156541
2502.82,0.0156607
0.000156607
2502.29,0.0156673
0.000156673
2501.75,0.015674
0.00015674
2501.22,0.0156807
0.000156807
2500.68,0.0156875
0.000156875
2500.14,0.0156943
0.000156943
2499.59,0.0157011
0.000157011
2499.04,0.015708
0.00015708
2498.49,0.0157149
0.000157149
2497.94,0.0157219
0.000157219
2497.38,0.0157289
0.000157289
2496.82,0.015736
0.00015736
2496.26,0.0157431
0.000157431
2495.7,0.0157502
0.000157502
2495.13,0.0157574
0.000157574
2494.56,0.0157646
0.000157646
2493.98,0.0157718
0.000157718
2493.41,0.0157791
0.000157791
2492.83,0.0157865
0.000157865
2492.24,0.0157938
0.000157938
2491.66,0.0158013
0.000158013
2491.07,0.0158087
0.000158087
2490.48,0.0158162
0.000158162
2489.88,0.0158238
0.000158238
2489.29,0.0158314
0.000158314
2488.69,0.015839
0.00015839
2488.09,0.0158467
0.000158467
2487.48,0.0158544
0.000158544
2486.87,0.0158622
0.000158622
2486.26,0.01587
0.0001587
2485.65,0.0158778
0.000158778
2485.03,0.0158857
0.000158857
2484.41,0.0158936
0.000158936
2483.79,0.0159016
0.000159016
2483.16,0.0159096
0.000159096
2482.53,0.0159176
0.000159176
2481.9,0.0159257
0.000159257
2481.27,0.0159339
0.000159339
2480.63,0.0159421
0.000159421
2479.99,0.0159503
0.000159503
2479.35,0.0159586
0.000159586
2478.7,0.0159669
0.000159669
2478.06,0.0159752
0.000159752
2477.4,0.0159836
0.000159836
2476.75,0.0159921
0.000159921
2476.09,0.0160005
0.000160005
2475.43,0.0160091
0.000160091
2474.77,0.0160176
0.000160176
2474.11,0.0160263
0.000160263
2473.44,0.0160349
0.000160349
2472.77,0.0160436
0.000160436
2472.1,0.0160523
0.000160523
2471.42,0.0160611
0.000160611
2470.74,0.01607
0.0001607
2470.06,0.0160788
0.000160788
2469.37,0.0160878
0.000160878
2468.69,0.0160967
0.000160967
2467.99,0.0161057
0.000161057
2467.3,0.0161148
0.000161148
2466.61,0.0161239
0.000161239
2465.91,0.016133
0.00016133
2465.21,0.0161422
0.000161422
2464.5,0.0161514
0.000161514
2463.79,0.0161607
0.000161607
2463.08,0.01617
0.0001617
2462.37,0.0161794
0.000161794
2461.66,0.0161888
0.000161888
2460.94,0.0161982
0.000161982
2460.22,0.0162077
0.000162077
2459.49,0.0162173
0.000162173
2458.77,0.0162269
0.000162269
2458.04,0.0162365
0.000162365
2457.3,0.0162462
0.000162462
2456.57,0.0162559
0.000162559
2455.83,0.0162657
0.000162657
2455.09,0.0162755
0.000162755
2454.35,0.0162853
0.000162853
2453.6,0.0162952
0.000162952
2452.85,0.0163052
0.000163052
2452.1,0.0163152
0.000163152
2451.35,0.0163252
0.000163252
2450.59,0.0163353
0.000163353
2449.83,0.0163454
0.000163454
2449.07,0.0163556
0.000163556
2448.3,0.0163658
0.000163658
2447.54,0.0163761
0.000163761
2446.77,0.0163864
0.000163864
2445.99,0.0163968
0.000163968
2445.22,0.0164072
0.000164072
2444.44,0.0164177
0.000164177
2443.66,0.0164282
0.000164282
2442.87,0.0164387
0.000164387
2442.08,0.0164493
0.000164493
2441.3,0.0164599
0.000164599
2440.5,0.0164706
0.000164706
2439.71,0.0164814
0.000164814
2438.91,0.0164922
0.000164922
2438.11,0.016503
0.00016503
2437.31,0.0165139
0.000165139
2436.5,0.0165248
0.000165248
2435.69,0.0165358
0.000165358
2434.88,0.0165468
0.000165468
2434.07,0.0165579
0.000165579
2433.25,0.016569
0.00016569
2432.43,0.0165801
0.000165801
2431.61,0.0165913
0.000165913
2430.78,0.0166026
0.000166026
2429.96,0.0166139
0.000166139
2429.13,0.0166253
0.000166253
2428.29,0.0166367
0.000166367
2427.46,0.0166481
0.000166481
2426.62,0.0166596
0.000166596
2425.78,0.0166712
0.000166712
2424.94,0.0166828
0.000166828
2424.09,0.0166944
0.000166944
2423.24,0.0167061
0.000167061
2422.39,0.0167179
0.000167179
2421.54,0.0167296
0.000167296
2420.68,0.0167415
0.000167415
2419.82,0.0167534
0.000167534
2418.96,0.0167653
0.000167653
2418.1,0.0167773
0.000167773
2417.23,0.0167893
0.000167893
2416.36,0.0168014
0.000168014
2415.49,0.0168136
0.000168136
2414.61,0.0168257
0.000168257
2413.73,0.016838
0.00016838
2412.85,0.0168503
0.000168503
2411.97,0.0168626
0.000168626
2411.09,0.016875
0.00016875
2410.2,0.0168874
0.000168874
2409.31,0.0168999
0.000168999
2408.41,0.0169124
0.000169124
2407.52,0.016925
0.00016925
2406.62,0.0169377
0.000169377
2405.72,0.0169504
0.000169504
2404.82,0.0169631
0.000169631
2403.91,0.0169759
0.000169759
2403,0.0169887
0.000169887
2402.09,0.0170016
0.000170016
2401.18,0.0170146
0.000170146
2400.26,0.0170276
0.000170276
2399.34,0.0170406
0.000170406
2398.42,0.0170537
0.000170537
2397.5,0.0170668
0.000170668
2396.57,0.01708
0.0001708
2395.64,0.0170933
0.000170933
2394.71,0.0171066
0.000171066
2393.78,0.0171199
0.000171199
2392.84,0.0171333
0.000171333
2391.9,0.0171468
0.000171468
2390.96,0.0171603
0.000171603
2390.01,0.0171739
0.000171739
2389.07,0.0171875
0.000171875
2388.12,0.0172012
0.000172012
2387.17,0.0172149
0.000172149
2386.21,0.0172286
0.000172286
2385.26,0.0172425
0.000172425
2384.3,0.0172563
0.000172563
2383.33,0.0172703
0.000172703
2382.37,0.0172843
0.000172843
2381.4,0.0172983
0.000172983
2380.43,0.0173124
0.000173124
2379.46,0.0173265
0.000173265
2378.49,0.0173407
0.000173407
2377.51,0.017355
0.00017355
2376.53,0.0173693
0.000173693
2375.55,0.0173836
0.000173836
2374.57,0.017398
0.00017398
2373.58,0.0174125
0.000174125
2372.59,0.017427
0.00017427
2371.6,0.0174416
0.000174416
2370.61,0.0174562
0.000174562
2369.61,0.0174709
0.000174709
2368.61,0.0174856
0.000174856
2367.61,0.0175004
0.000175004
2366.61,0.0175153
0.000175153
2365.6,0.0175302
0.000175302
2364.59,0.0175451
0.000175451
2363.58,0.0175601
0.000175601
2362.57,0.0175752
0.000175752
2361.55,0.0175903
0.000175903
2360.54,0.0176055
0.000176055
2359.52,0.0176207
0.000176207
2358.49,0.017636
0.00017636
2357.47,0.0176513
0.000176513
2356.44,0.0176667
0.000176667
2355.41,0.0176822
0.000176822
2354.38,0.0176977
0.000176977
2353.34,0.0177132
0.000177132
2352.31,0.0177289
0.000177289
2351.27,0.0177445
0.000177445
2350.23,0.0177603
0.000177603
2349.18,0.0177761
0.000177761
2348.14,0.0177919
0.000177919
2347.09,0.0178078
0.000178078
2346.04,0.0178238
0.000178238
2344.98,0.0178398
0.000178398
2343.93,0.0178558
0.000178558
2342.87,0.017872
0.00017872
2341.81,0.0178882
0.000178882
2340.75,0.0179044
0.000179044
2339.68,0.0179207
0.000179207
2338.62,0.0179371
0.000179371
2337.55,0.0179535
0.000179535
2336.47,0.0179699
0.000179699
2335.4,0.0179865
0.000179865
2334.32,0.0180031
0.000180031
2333.25,0.0180197
0.000180197
2332.17,0.0180364
0.000180364
2331.08,0.0180532
0.000180532
2330,0.01807
0.0001807
2328.91,0.0180869
0.000180869
2327.82,0.0181038
0.000181038
2326.73,0.0181208
0.000181208
2325.63,0.0181379
0.000181379
2324.54,0.018155
0.00018155
2323.44,0.0181722
0.000181722
2322.34,0.0181894
0.000181894
2321.24,0.0182067
0.000182067
2320.13,0.018224
0.00018224
2319.02,0.0182414
0.000182414
2317.91,0.0182589
0.000182589
2316.8,0.0182764
0.000182764
2315.69,0.018294
0.00018294
2314.57,0.0183117
0.000183117
2313.45,0.0183294
0.000183294
2312.33,0.0183471
0.000183471
2311.21,0.018365
0.00018365
2310.09,0.0183829
0.000183829
2308.96,0.0184008
0.000184008
2307.83,0.0184188
0.000184188
2306.7,0.0184369
0.000184369
2305.57,0.018455
0.00018455
2304.43,0.0184732
0.000184732
2303.29,0.0184914
0.000184914
2302.15,0.0185098
0.000185098
2301.01,0.0185281
0.000185281
2299.87,0.0185466
0.000185466
2298.72,0.0185651
0.000185651
2297.57,0.0185836
0.000185836
2296.42,0.0186022
0.000186022
2295.27,0.0186209
0.000186209
2294.12,0.0186397
0.000186397
2292.96,0.0186585
0.000186585
2291.8,0.0186773
0.000186773
2290.64,0.0186963
0.000186963
2289.48,0.0187152
0.000187152
2288.32,0.0187343
0.000187343
2287.15,0.0187534
0.000187534
2285.98,0.0187726
0.000187726
2284.81,0.0187918
0.000187918
2283.64,0.0188111
0.000188111
2282.46,0.0188305
0.000188305
2281.29,0.0188499
0.000188499
2280.11,0.0188694
0.000188694
2278.93,0.018889
0.00018889
2277.75,0.0189086
0.000189086
2276.56,0.0189283
0.000189283
2275.37,0.018948
0.00018948
2274.19,0.0189678
0.000189678
2273,0.0189877
0.000189877
2271.8,0.0190076
0.000190076
2270.61,0.0190276
0.000190276
2269.41,0.0190477
0.000190477
2268.22,0.0190678
0.000190678
2267.02,0.019088
0.00019088
2265.81,0.0191082
0.000191082
2264.61,0.0191285
0.000191285
2263.41,0.0191489
0.000191489
2262.2,0.0191694
0.000191694
2260.99,0.0191899
0.000191899
2259.78,0.0192105
0.000192105
2258.56,0.0192311
0.000192311
2257.35,0.0192518
0.000192518
2256.13,0.0192726
0.000192726
2254.91,0.0192934
0.000192934
2253.69,0.0193143
0.000193143
2252.47,0.0193353
0.000193353
2251.25,0.0193563
0.000193563
2250.02,0.0193774
0.000193774
2248.79,0.0193986
0.000193986
2247.56,0.0194198
0.000194198
2246.33,0.0194411
0.000194411
2245.1,0.0194624
0.000194624
2243.87,0.0194839
0.000194839
2242.63,0.0195054
0.000195054
2241.39,0.0195269
0.000195269
2240.15,0.0195485
0.000195485
2238.91,0.0195702
0.000195702
2237.67,0.019592
0.00019592
2236.42,0.0196138
0.000196138
2235.17,0.0196357
0.000196357
2233.93,0.0196576
0.000196576
2232.68,0.0196797
0.000196797
2231.42,0.0197018
0.000197018
2230.17,0.0197239
0.000197239
2228.91,0.0197461
0.000197461
2227.66,0.0197684
0.000197684
2226.4,0.0197908
0.000197908
2225.14,0.0198132
0.000198132
2223.88,0.0198357
0.000198357
2222.61,0.0198583
0.000198583
2221.35,0.0198809
0.000198809
2220.08,0.0199036
0.000199036
2218.81,0.0199263
0.000199263
2217.54,0.0199492
0.000199492
2216.27,0.0199721
0.000199721
2215,0.019995
0.00019995
2213.72,0.0200181
0.000200181
2212.45,0.0200412
0.000200412
2211.17,0.0200643
0.000200643
2209.89,0.0200876
0.000200876
2208.61,0.0201109
0.000201109
2207.33,0.0201342
0.000201342
2206.04,0.0201577
0.000201577
2204.76,0.0201812
0.000201812
2203.47,0.0202048
0.000202048
2202.18,0.0202284
0.000202284
2200.89,0.0202521
0.000202521
2199.6,0.0202759
0.000202759
2198.31,0.0202998
0.000202998
2197.02,0.0203237
0.000203237
2195.72,0.0203477
0.000203477
2194.42,0.0203717
0.000203717
2193.13,0.0203959
0.000203959
2191.83,0.0204201
0.000204201
2190.52,0.0204443
0.000204443
2189.22,0.0204687
0.000204687
2187.92,0.0204931
0.000204931
2186.61,0.0205175
0.000205175
2185.31,0.0205421
0.000205421
2184,0.0205667
0.000205667
2182.69,0.0205914
0.000205914
2181.38,0.0206161
0.000206161
2180.07,0.0206409
0.000206409
2178.75,0.0206658
0.000206658
2177.44,0.0206908
0.000206908
2176.12,0.0207158
0.000207158
2174.8,0.0207409
0.000207409
2173.49,0.0207661
0.000207661
2172.17,0.0207914
0.000207914
2170.85,0.0208167
0.000208167
2169.52,0.020842
0.00020842
2168.2,0.0208675
0.000208675
2166.88,0.020893
0.00020893
2165.55,0.0209186
0.000209186
2164.22,0.0209443
0.000209443
2162.89,0.02097
0.0002097
2161.56,0.0209958
0.000209958
2160.23,0.0210217
0.000210217
2158.9,0.0210476
0.000210476
2157.57,0.0210736
0.000210736
2156.24,0.0210997
0.000210997
2154.9,0.0211259
0.000211259
2153.56,0.0211521
0.000211521
2152.23,0.0211784
0.000211784
2150.89,0.0212047
0.000212047
2149.55,0.0212312
0.000212312
2148.21,0.0212577
0.000212577
2146.87,0.0212843
0.000212843
2145.53,0.0213109
0.000213109
2144.18,0.0213376
0.000213376
2142.84,0.0213644
0.000213644
2141.49,0.0213913
0.000213913
2140.15,0.0214182
0.000214182
2138.8,0.0214452
0.000214452
2137.45,0.0214722
0.000214722
2136.1,0.0214994
0.000214994
2134.75,0.0215266
0.000215266
2133.4,0.0215539
0.000215539
2132.05,0.0215812
0.000215812
2130.69,0.0216086
0.000216086
2129.34,0.0216361
0.000216361
2127.98,0.0216637
0.000216637
2126.63,0.0216913
0.000216913
2125.27,0.021719
0.00021719
2123.91,0.0217468
0.000217468
2122.56,0.0217746
0.000217746
2121.2,0.0218026
0.000218026
2119.84,0.0218305
0.000218305
2118.48,0.0218586
0.000218586
2117.11,0.0218867
0.000218867
2115.75,0.0219149
0.000219149
2114.39,0.0219432
0.000219432
2113.02,0.0219715
0.000219715
2111.66,0.0219999
0.000219999
2110.29,0.0220284
0.000220284
2108.93,0.0220569
0.000220569
2107.56,0.0220856
0.000220856
2106.19,0.0221142
0.000221142
2104.83,0.022143
0.00022143
2103.46,0.0221718
0.000221718
2102.09,0.0222007
0.000222007
2100.72,0.0222297
0.000222297
2099.35,0.0222587
0.000222587
2097.98,0.0222878
0.000222878
2096.61,0.022317
0.00022317
2095.23,0.0223462
0.000223462
2093.86,0.0223756
0.000223756
2092.49,0.0224049
0.000224049
2091.11,0.0224344
0.000224344
2089.74,0.0224639
0.000224639
2088.36,0.0224935
0.000224935
2086.99,0.0225232
0.000225232
2085.61,0.0225529
0.000225529
2084.24,0.0225827
0.000225827
2082.86,0.0226125
0.000226125
2081.48,0.0226425
0.000226425
2080.1,0.0226725
0.000226725
2078.73,0.0227025
0.000227025
2077.35,0.0227327
0.000227327
2075.97,0.0227629
0.000227629
2074.59,0.0227932
0.000227932
2073.21,0.0228235
0.000228235
2071.83,0.0228539
0.000228539
2070.45,0.0228844
0.000228844
2069.07,0.0229149
0.000229149
2067.69,0.0229456
0.000229456
2066.31,0.0229762
0.000229762
2064.93,0.023007
0.00023007
2063.55,0.0230378
0.000230378
2062.16,0.0230687
0.000230687
2060.78,0.0230996
0.000230996
2059.4,0.0231307
0.000231307
2058.02,0.0231617
0.000231617
2056.63,0.0231929
0.000231929
2055.25,0.0232241
0.000232241
2053.87,0.0232554
0.000232554
2052.49,0.0232867
0.000232867
2051.1,0.0233181
0.000233182
2049.72,0.0233496
0.000233496
2048.34,0.0233812
0.000233812
2046.95,0.0234128
0.000234128
2045.57,0.0234445
0.000234445
2044.19,0.0234762
0.000234762
2042.8,0.023508
0.00023508
2041.42,0.0235399
0.000235399
2040.04,0.0235718
0.000235718
2038.65,0.0236038
0.000236038
2037.27,0.0236359
0.000236359
2035.89,0.023668
0.00023668
2034.5,0.0237002
0.000237002
2033.12,0.0237324
0.000237325
2031.74,0.0237648
0.000237648
2030.36,0.0237971
0.000237971
2028.97,0.0238296
0.000238296
2027.59,0.0238621
0.000238621
2026.21,0.0238947
0.000238947
2024.83,0.0239273
0.000239273
2023.44,0.02396
0.0002396
2022.06,0.0239927
0.000239927
2020.68,0.0240255
0.000240255
2019.3,0.0240584
0.000240584
2017.92,0.0240913
0.000240913
2016.54,0.0241243
0.000241243
2015.16,0.0241574
0.000241574
2013.78,0.0241905
0.000241905
2012.4,0.0242237
0.000242237
2011.02,0.0242569
0.000242569
2009.64,0.0242902
0.000242902
2008.27,0.0243235
0.000243235
2006.89,0.024357
0.00024357
2005.51,0.0243904
0.000243904
2004.13,0.0244239
0.000244239
2002.76,0.0244575
0.000244575
2001.38,0.0244912
0.000244912
2000.01,0.0245249
0.000245249
1998.63,0.0245586
0.000245586
1997.26,0.0245924
0.000245924
1995.88,0.0246263
0.000246263
1994.51,0.0246602
0.000246602
1993.14,0.0246942
0.000246942
1991.77,0.0247282
0.000247282
1990.39,0.0247623
0.000247623
1989.02,0.0247964
0.000247964
1987.65,0.0248306
0.000248306
1986.28,0.0248649
0.000248649
1984.92,0.0248992
0.000248992
1983.55,0.0249335
0.000249335
1982.18,0.0249679
0.000249679
1980.82,0.0250023
0.000250023
1979.45,0.0250368
0.000250369
1978.09,0.0250714
0.000250714
1976.72,0.025106
0.00025106
1975.36,0.0251407
0.000251407
1974,0.0251754
0.000251754
1972.64,0.0252101
0.000252101
1971.28,0.0252449
0.000252449
1969.92,0.0252798
0.000252798
1968.56,0.0253147
0.000253147
1967.2,0.0253496
0.000253496
1965.85,0.0253846
0.000253846
1964.49,0.0254196
0.000254196
1963.14,0.0254547
0.000254547
1961.78,0.0254898
0.000254898
1960.43,0.025525
0.00025525
1959.08,0.0255602
0.000255602
1957.73,0.0255955
0.000255955
1956.38,0.0256308
0.000256308
1955.03,0.0256661
0.000256661
1953.69,0.0257015
0.000257015
1952.34,0.025737
0.00025737
1951,0.0257724
0.000257724
1949.65,0.025808
0.00025808
1948.31,0.0258435
0.000258435
1946.97,0.0258791
0.000258791
1945.63,0.0259147
0.000259147
1944.3,0.0259504
0.000259504
1942.96,0.0259861
0.000259861
1941.63,0.0260219
0.000260219
1940.29,0.0260576
0.000260576
1938.96,0.0260935
0.000260935
1937.63,0.0261293
0.000261293
1936.3,0.0261652
0.000261652
1934.97,0.0262011
0.000262011
1933.64,0.0262371
0.000262371
1932.32,0.0262731
0.000262731
1931,0.0263091
0.000263091
1929.67,0.0263452
0.000263452
1928.35,0.0263812
0.000263812
1927.04,0.0264174
0.000264174
1925.72,0.0264535
0.000264535
1924.4,0.0264897
0.000264897
1923.09,0.0265259
0.000265259
1921.78,0.0265621
0.000265621
1920.47,0.0265984
0.000265984
1919.16,0.0266347
0.000266347
1917.85,0.026671
0.00026671
1916.55,0.0267073
0.000267073
1915.24,0.0267437
0.000267437
1913.94,0.0267801
0.000267801
1912.64,0.0268165
0.000268165
1911.34,0.0268529
0.000268529
1910.05,0.0268894
0.000268894
1908.75,0.0269258
0.000269258
1907.46,0.0269623
0.000269623
1906.17,0.0269988
0.000269988
1904.88,0.0270354
0.000270354
1903.6,0.0270719
0.000270719
1902.31,0.0271085
0.000271085
1901.03,0.0271451
0.000271451
1899.75,0.0271817
0.000271817
1898.47,0.0272183
0.000272183
1897.2,0.0272549
0.000272549
1895.92,0.0272915
0.000272915
1894.65,0.0273282
0.000273282
1893.38,0.0273649
0.000273649
1892.11,0.0274015
0.000274015
1890.85,0.0274382
0.000274382
1889.58,0.0274749
0.000274749
1888.32,0.0275116
0.000275116
1887.07,0.0275483
0.000275483
1885.81,0.027585
0.00027585
1884.56,0.0276217
0.000276217
1883.3,0.0276585
0.000276585
1882.06,0.0276952
0.000276952
1880.81,0.0277319
0.000277319
1879.56,0.0277686
0.000277686
1878.32,0.0278054
0.000278054
1877.08,0.0278421
0.000278421
1875.85,0.0278788
0.000278788
1874.61,0.0279155
0.000279155
1873.38,0.0279523
0.000279523
1872.15,0.027989
0.00027989
1870.92,0.0280257
0.000280257
1869.7,0.0280624
0.000280624
1868.48,0.0280991
0.000280991
1867.26,0.0281358
0.000281358
1866.04,0.0281725
0.000281725
1864.83,0.0282091
0.000282091
1863.62,0.0282458
0.000282458
1862.41,0.0282825
0.000282825
1861.21,0.0283191
0.000283191
1860.01,0.0283557
0.000283557
1858.81,0.0283923
0.000283923
1857.61,0.0284289
0.000284289
1856.42,0.0284655
0.000284655
1855.22,0.028502
0.00028502
1854.04,0.0285386
0.000285386
1852.85,0.0285751
0.000285751
1851.67,0.0286116
0.000286116
1850.49,0.0286481
0.000286481
1849.31,0.0286845
0.000286845
1848.14,0.0287209
0.000287209
1846.97,0.0287573
0.000287573
1845.8,0.0287937
0.000287937
1844.64,0.02883
0.0002883
1843.48,0.0288664
0.000288664
1842.32,0.0289026
0.000289026
1841.17,0.0289389
0.000289389
1840.02,0.0289751
0.000289751
1838.87,0.0290113
0.000290113
1837.73,0.0290474
0.000290474
1836.58,0.0290835
0.000290835
1835.45,0.0291196
0.000291196
1834.31,0.0291556
0.000291556
1833.18,0.0291916
0.000291916
1832.05,0.0292276
0.000292276
1830.93,0.0292635
0.000292635
1829.81,0.0292994
0.000292994
1828.69,0.0293352
0.000293352
1827.58,0.029371
0.00029371
1826.47,0.0294067
0.000294067
1825.36,0.0294424
0.000294424
1824.26,0.029478
0.00029478
1823.16,0.0295136
0.000295136
1822.06,0.0295491
0.000295491
1820.97,0.0295846
0.000295846
1819.88,0.02962
0.0002962
1818.79,0.0296553
0.000296553
1817.71,0.0296907
0.000296907
1816.63,0.0297259
0.000297259
1815.56,0.0297611
0.000297611
1814.49,0.0297962
0.000297962
1813.42,0.0298313
0.000298313
1812.36,0.0298663
0.000298663
1811.3,0.0299012
0.000299012
1810.24,0.0299361
0.000299361
1809.19,0.0299709
0.000299709
1808.15,0.0300056
0.000300056
1807.1,0.0300402
0.000300402
1806.06,0.0300748
0.000300748
1805.03,0.0301093
0.000301093
1804,0.0301438
0.000301438
1802.97,0.0301781
0.000301781
1801.95,0.0302124
0.000302124
1800.93,0.0302466
0.000302466
1799.91,0.0302807
0.000302807
1798.9,0.0303148
0.000303148
1797.89,0.0303487
0.000303487
1796.89,0.0303826
0.000303826
1795.89,0.0304164
0.000304164
1794.9,0.0304501
0.000304501
1793.91,0.0304837
0.000304837
1792.92,0.0305172
0.000305172
1791.94,0.0305507
0.000305507
1790.97,0.030584
0.00030584
1789.99,0.0306173
0.000306173
1789.02,0.0306504
0.000306504
1788.06,0.0306835
0.000306835
1787.1,0.0307164
0.000307164
1786.15,0.0307493
0.000307493
1785.2,0.030782
0.00030782
1784.25,0.0308147
0.000308147
1783.31,0.0308472
0.000308472
1782.37,0.0308796
0.000308796
1781.44,0.030912
0.00030912
1780.51,0.0309442
0.000309442
1779.59,0.0309763
0.000309763
1778.67,0.0310083
0.000310083
1777.76,0.0310402
0.000310402
1776.85,0.031072
0.00031072
1775.94,0.0311036
0.000311036
1775.04,0.0311352
0.000311352
1774.15,0.0311666
0.000311666
1773.26,0.0311979
0.000311979
1772.37,0.031229
0.00031229
1771.49,0.0312601
0.000312601
1770.62,0.031291
0.00031291
1769.75,0.0313218
0.000313218
1768.88,0.0313525
0.000313525
1768.02,0.031383
0.00031383
1767.16,0.0314135
0.000314135
1766.31,0.0314437
0.000314437
1765.47,0.0314739
0.000314739
1764.62,0.0315039
0.000315039
1763.79,0.0315338
0.000315338
1762.96,0.0315635
0.000315635
1762.13,0.0315931
0.000315931
1761.31,0.0316226
0.000316226
1760.5,0.0316519
0.000316519
1759.68,0.031681
0.00031681
1758.88,0.0317101
0.000317101
1758.08,0.0317389
0.000317389
1757.28,0.0317677
0.000317677
1756.49,0.0317962
0.000317962
1755.71,0.0318247
0.000318247
1754.93,0.0318529
0.000318529
1754.16,0.0318811
0.000318811
1753.39,0.031909
0.00031909
1752.62,0.0319368
0.000319368
1751.87,0.0319645
0.000319645
1751.11,0.031992
0.00031992
1750.37,0.0320193
0.000320193
1749.62,0.0320464
0.000320464
1748.89,0.0320734
0.000320734
1748.16,0.0321003
0.000321003
1747.43,0.0321269
0.000321269
1746.71,0.0321534
0.000321534
1746,0.0321797
0.000321797
1745.29,0.0322059
0.000322059
1744.58,0.0322319
0.000322319
1743.89,0.0322577
0.000322577
1743.19,0.0322833
0.000322833
1742.51,0.0323087
0.000323087
1741.83,0.032334
0.00032334
1741.15,0.0323591
0.000323591
1740.48,0.032384
0.00032384
1739.82,0.0324087
0.000324087
1739.16,0.0324332
0.000324332
1738.51,0.0324576
0.000324576
1737.86,0.0324818
0.000324818
1737.22,0.0325057
0.000325057
1736.58,0.0325295
0.000325295
1735.95,0.0325531
0.000325531
1735.33,0.0325765
0.000325765
1734.71,0.0325997
0.000325997
1734.1,0.0326227
0.000326227
1733.49,0.0326455
0.000326455
1732.89,0.0326682
0.000326682
1732.3,0.0326906
0.000326906
1731.71,0.0327128
0.000327128
1731.13,0.0327348
0.000327348
1730.55,0.0327566
0.000327566
1729.98,0.0327782
0.000327782
1729.42,0.0327996
0.000327996
1728.86,0.0328208
0.000328208
1728.31,0.0328418
0.000328418
1727.76,0.0328626
0.000328626
1727.22,0.0328831
0.000328831
1726.69,0.0329035
0.000329035
1726.16,0.0329236
0.000329236
1725.64,0.0329435
0.000329435
1725.12,0.0329632
0.000329632
1724.61,0.0329827
0.000329827
1724.11,0.033002
0.00033002
1723.61,0.033021
0.00033021
1723.12,0.0330398
0.000330398
1722.63,0.0330585
0.000330585
1722.16,0.0330768
0.000330768
1721.68,0.033095
0.00033095
1721.22,0.0331129
0.000331129
1720.76,0.0331306
0.000331306
1720.3,0.0331481
0.000331481
1719.86,0.0331654
0.000331654
1719.42,0.0331824
0.000331824
1718.98,0.0331992
0.000331992
1718.55,0.0332157
0.000332157
1718.13,0.0332321
0.000332321
1717.71,0.0332481
0.000332481
1717.3,0.033264
0.00033264
1716.9,0.0332796
0.000332796
1716.5,0.033295
0.00033295
1716.11,0.0333101
0.000333101
1715.73,0.033325
0.00033325
1715.35,0.0333397
0.000333397
1714.98,0.0333541
0.000333541
1714.62,0.0333683
0.000333683
1714.26,0.0333823
0.000333823
1713.91,0.033396
0.00033396
1713.56,0.0334094
0.000334094
1713.22,0.0334226
0.000334226
1712.89,0.0334356
0.000334356
1712.57,0.0334483
0.000334483
1712.25,0.0334608
0.000334608
1711.94,0.033473
0.00033473
1711.63,0.0334849
0.000334849
1711.33,0.0334967
0.000334967
1711.04,0.0335081
0.000335081
1710.75,0.0335193
0.000335193
1710.47,0.0335303
0.000335303
1710.2,0.033541
0.00033541
1709.93,0.0335515
0.000335515
1709.67,0.0335617
0.000335617
1709.42,0.0335716
0.000335716
1709.17,0.0335813
0.000335813
1708.93,0.0335907
0.000335907
1708.7,0.0335999
0.000335999
1708.47,0.0336088
0.000336088
1708.25,0.0336175
0.000336175
1708.04,0.0336259
0.000336259
1707.83,0.033634
0.00033634
1707.63,0.0336419
0.000336419
1707.44,0.0336495
0.000336495
1707.25,0.0336569
0.000336569
1707.07,0.033664
0.00033664
1706.9,0.0336708
0.000336708
1706.73,0.0336774
0.000336774
1706.57,0.0336837
0.000336837
1706.42,0.0336898
0.000336898
1706.27,0.0336955
0.000336955
1706.13,0.0337011
0.000337011
1706,0.0337063
0.000337063
1705.87,0.0337113
0.000337113
1705.75,0.033716
0.00033716
1705.64,0.0337205
0.000337205
1705.53,0.0337247
0.000337247
1705.44,0.0337286
0.000337286
1705.34,0.0337323
0.000337323
1705.26,0.0337357
0.000337357
1705.18,0.0337388
0.000337388
1705.11,0.0337416
0.000337416
1705.04,0.0337442
0.000337442
1704.98,0.0337466
0.000337466
1704.93,0.0337486
0.000337486
1704.88,0.0337504
0.000337504
1704.85,0.0337519
0.000337519
1704.81,0.0337532
0.000337532
1704.79,0.0337542
0.000337542
1704.77,0.0337549
0.000337549
1704.76,0.0337553
0.000337553
1704.76,0.0337555
0.000337555
1704.76,0.0337554
0.000337554
1704.77,0.0337551
0.000337551
1704.78,0.0337545
0.000337545
1704.8,0.0337536
0.000337536
1704.83,0.0337524
0.000337524
1704.87,0.033751
0.00033751
1704.91,0.0337493
0.000337493
1704.96,0.0337473
0.000337473
1705.02,0.0337451
0.000337451
1705.08,0.0337426
0.000337426
1705.15,0.0337398
0.000337398
1705.23,0.0337368
0.000337368
1705.31,0.0337335
0.000337335
1705.4,0.0337299
0.000337299
1705.5,0.0337261
0.000337261
1705.6,0.033722
0.00033722
1705.71,0.0337176
0.000337176
1705.83,0.033713
0.00033713
1705.95,0.0337081
0.000337081
1706.08,0.0337029
0.000337029
1706.22,0.0336975
0.000336975
1706.37,0.0336918
0.000336918
1706.52,0.0336859
0.000336859
1706.67,0.0336797
0.000336797
1706.84,0.0336732
0.000336732
1707.01,0.0336664
0.000336664
1707.19,0.0336594
0.000336594
1707.37,0.0336522
0.000336522
1707.56,0.0336446
0.000336446
1707.76,0.0336368
0.000336368
1707.96,0.0336288
0.000336288
1708.18,0.0336205
0.000336205
1708.39,0.0336119
0.000336119
1708.62,0.0336031
0.000336031
1708.85,0.033594
0.00033594
1709.09,0.0335847
0.000335847
1709.33,0.0335751
0.000335751
1709.58,0.0335652
0.000335652
1709.84,0.0335551
0.000335551
1710.1,0.0335447
0.000335447
1710.37,0.0335341
0.000335341
1710.65,0.0335232
0.000335232
1710.94,0.0335121
0.000335121
1711.23,0.0335007
0.000335007
1711.52,0.0334891
0.000334891
1711.83,0.0334772
0.000334772
1712.14,0.0334651
0.000334651
1712.45,0.0334527
0.000334527
1712.78,0.0334401
0.000334401
1713.11,0.0334272
0.000334272
1713.44,0.0334141
0.000334141
1713.79,0.0334007
0.000334007
1714.14,0.0333871
0.000333871
1714.49,0.0333733
0.000333733
1714.85,0.0333592
0.000333592
1715.22,0.0333448
0.000333448
1715.6,0.0333302
0.000333302
1715.98,0.0333154
0.000333154
1716.37,0.0333004
0.000333004
1716.76,0.0332851
0.000332851
1717.16,0.0332695
0.000332695
1717.57,0.0332537
0.000332537
1717.98,0.0332377
0.000332377
1718.4,0.0332215
0.000332215
1718.83,0.033205
0.00033205
1719.26,0.0331883
0.000331883
1719.7,0.0331714
0.000331714
1720.15,0.0331542
0.000331542
1720.6,0.0331368
0.000331368
1721.06,0.0331192
0.000331192
1721.52,0.0331013
0.000331013
1721.99,0.0330832
0.000330832
1722.47,0.0330649
0.000330649
1722.95,0.0330464
0.000330464
1723.44,0.0330277
0.000330277
1723.93,0.0330087
0.000330087
1724.43,0.0329895
0.000329895
1724.94,0.0329701
0.000329701
1725.46,0.0329505
0.000329505
1725.98,0.0329306
0.000329306
1726.5,0.0329106
0.000329106
1727.03,0.0328903
0.000328903
1727.57,0.0328698
0.000328698
1728.12,0.0328491
0.000328491
1728.67,0.0328282
0.000328282
1729.22,0.0328071
0.000328071
1729.78,0.0327857
0.000327857
1730.35,0.0327642
0.000327642
1730.93,0.0327425
0.000327425
1731.51,0.0327205
0.000327205
1732.09,0.0326984
0.000326984
1732.69,0.032676
0.000326761
1733.28,0.0326535
0.000326535
1733.89,0.0326308
0.000326308
1734.5,0.0326078
0.000326078
1735.11,0.0325847
0.000325847
1735.73,0.0325613
0.000325613
1736.36,0.0325378
0.000325378
1737,0.0325141
0.000325141
1737.63,0.0324902
0.000324902
1738.28,0.0324661
0.000324661
1738.93,0.0324418
0.000324418
1739.59,0.0324173
0.000324173
1740.25,0.0323927
0.000323927
1740.92,0.0323678
0.000323678
1741.59,0.0323428
0.000323428
1742.27,0.0323176
0.000323176
1742.95,0.0322922
0.000322922
1743.64,0.0322667
0.000322667
1744.34,0.0322409
0.000322409
1745.04,0.032215
0.00032215
1745.75,0.0321889
0.000321889
1746.46,0.0321627
0.000321627
1747.18,0.0321362
0.000321362
1747.9,0.0321096
0.000321096
1748.63,0.0320829
0.000320829
1749.36,0.0320559
0.000320559
1750.1,0.0320288
0.000320288
1750.85,0.0320016
0.000320016
1751.6,0.0319741
0.000319741
1752.36,0.0319465
0.000319465
1753.12,0.0319188
0.000319188
1753.89,0.0318909
0.000318909
1754.66,0.0318628
0.000318628
1755.43,0.0318346
0.000318346
1756.22,0.0318062
0.000318062
1757.01,0.0317777
0.000317777
1757.8,0.031749
0.00031749
1758.6,0.0317202
0.000317202
1759.4,0.0316912
0.000316912
1760.21,0.0316621
0.000316621
1761.02,0.0316329
0.000316329
1761.84,0.0316035
0.000316035
1762.67,0.0315739
0.000315739
1763.5,0.0315442
0.000315442
1764.33,0.0315144
0.000315144
1765.17,0.0314844
0.000314844
1766.01,0.0314543
0.000314543
1766.86,0.0314241
0.000314241
1767.72,0.0313937
0.000313937
1768.58,0.0313632
0.000313632
1769.44,0.0313326
0.000313326
1770.31,0.0313018
0.000313018
1771.18,0.031271
0.00031271
1772.06,0.03124
0.0003124
1772.95,0.0312088
0.000312088
1773.84,0.0311776
0.000311776
1774.73,0.0311462
0.000311462
1775.63,0.0311147
0.000311147
1776.53,0.0310831
0.000310831
1777.44,0.0310513
0.000310514
1778.35,0.0310195
0.000310195
1779.27,0.0309875
0.000309875
1780.19,0.0309555
0.000309555
1781.11,0.0309233
0.000309233
1782.04,0.030891
0.00030891
1782.98,0.0308586
0.000308586
1783.92,0.0308261
0.000308261
1784.86,0.0307935
0.000307935
1785.81,0.0307608
0.000307608
1786.77,0.030728
0.00030728
1787.72,0.030695
0.00030695
1788.69,0.030662
0.00030662
1789.65,0.0306289
0.000306289
1790.62,0.0305957
0.000305957
1791.6,0.0305624
0.000305624
1792.58,0.030529
0.00030529
1793.56,0.0304955
0.000304955
1794.55,0.0304619
0.000304619
1795.54,0.0304282
0.000304282
1796.54,0.0303945
0.000303945
1797.54,0.0303606
0.000303606
1798.55,0.0303267
0.000303267
1799.56,0.0302927
0.000302927
1800.57,0.0302586
0.000302586
1801.59,0.0302244
0.000302244
1802.61,0.0301902
0.000301902
1803.64,0.0301558
0.000301558
1804.67,0.0301214
0.000301214
1805.7,0.0300869
0.000300869
1806.74,0.0300524
0.000300524
1807.78,0.0300177
0.000300177
1808.83,0.029983
0.00029983
1809.88,0.0299483
0.000299483
1810.93,0.0299134
0.000299134
1811.99,0.0298785
0.000298785
1813.05,0.0298435
0.000298435
1814.11,0.0298085
0.000298085
1815.18,0.0297734
0.000297734
1816.26,0.0297382
0.000297382
1817.33,0.029703
0.00029703
1818.41,0.0296677
0.000296677
1819.5,0.0296324
0.000296324
1820.58,0.029597
0.00029597
1821.68,0.0295615
0.000295615
1822.77,0.029526
0.00029526
1823.87,0.0294905
0.000294905
1824.97,0.0294549
0.000294549
1826.08,0.0294192
0.000294192
1827.19,0.0293835
0.000293835
1828.3,0.0293477
0.000293477
1829.42,0.0293119
0.000293119
1830.54,0.0292761
0.000292761
1831.66,0.0292402
0.000292402
1832.79,0.0292042
0.000292042
1833.92,0.0291683
0.000291683
1835.05,0.0291322
0.000291322
1836.19,0.0290962
0.000290962
1837.33,0.0290601
0.000290601
1838.47,0.0290239
0.000290239
1839.62,0.0289878
0.000289878
1840.77,0.0289516
0.000289516
1841.92,0.0289153
0.000289153
1843.07,0.0288791
0.000288791
1844.23,0.0288428
0.000288428
1845.4,0.0288064
0.000288064
1846.56,0.0287701
0.000287701
1847.73,0.0287337
0.000287337
1848.9,0.0286973
0.000286973
1850.08,0.0286608
0.000286608
1851.26,0.0286244
0.000286244
1852.44,0.0285879
0.000285879
1853.62,0.0285514
0.000285514
1854.81,0.0285149
0.000285149
1856,0.0284783
0.000284783
1857.19,0.0284417
0.000284417
1858.39,0.0284052
0.000284052
1859.58,0.0283686
0.000283686
1860.79,0.0283319
0.000283319
1861.99,0.0282953
0.000282953
1863.2,0.0282587
0.000282587
1864.41,0.028222
0.00028222
1865.62,0.0281853
0.000281853
1866.83,0.0281487
0.000281487
1868.05,0.028112
0.00028112
1869.27,0.0280753
0.000280753
1870.49,0.0280386
0.000280386
1871.72,0.0280019
0.000280019
1872.95,0.0279651
0.000279651
1874.18,0.0279284
0.000279284
1875.41,0.0278917
0.000278917
1876.65,0.027855
0.00027855
1877.89,0.0278182
0.000278182
1879.13,0.0277815
0.000277815
1880.37,0.0277448
0.000277448
1881.62,0.0277081
0.000277081
1882.87,0.0276713
0.000276713
1884.12,0.0276346
0.000276346
1885.37,0.0275979
0.000275979
1886.62,0.0275612
0.000275612
1887.88,0.0275245
0.000275245
1889.14,0.0274878
0.000274878
1890.4,0.0274511
0.000274511
1891.67,0.0274144
0.000274144
1892.94,0.0273777
0.000273777
1894.2,0.0273411
0.000273411
1895.48,0.0273044
0.000273044
1896.75,0.0272678
0.000272678
1898.02,0.0272311
0.000272311
1899.3,0.0271945
0.000271945
1900.58,0.0271579
0.000271579
1901.86,0.0271213
0.000271213
1903.15,0.0270847
0.000270847
1904.43,0.0270482
0.000270482
1905.72,0.0270117
0.000270117
1907.01,0.0269751
0.000269751
1908.3,0.0269386
0.000269386
1909.59,0.0269022
0.000269022
1910.89,0.0268657
0.000268657
1912.19,0.0268293
0.000268293
1913.49,0.0267928
0.000267928
1914.79,0.0267564
0.000267564
1916.09,0.0267201
0.000267201
1917.39,0.0266837
0.000266837
1918.7,0.0266474
0.000266474
1920.01,0.0266111
0.000266111
1921.32,0.0265748
0.000265748
1922.63,0.0265386
0.000265386
1923.94,0.0265024
0.000265024
1925.26,0.0264662
0.000264662
1926.57,0.02643
0.0002643
1927.89,0.0263939
0.000263939
1929.21,0.0263578
0.000263578
1930.53,0.0263217
0.000263217
1931.86,0.0262857
0.000262857
1933.18,0.0262497
0.000262497
1934.51,0.0262137
0.000262137
1935.83,0.0261778
0.000261778
1937.16,0.0261419
0.000261419
1938.49,0.026106
0.00026106
1939.82,0.0260702
0.000260702
1941.16,0.0260344
0.000260344
1942.49,0.0259987
0.000259987
1943.83,0.0259629
0.000259629
1945.16,0.0259272
0.000259272
1946.5,0.0258916
0.000258916
1947.84,0.025856
0.00025856
1949.18,0.0258204
0.000258204
1950.53,0.0257849
0.000257849
1951.87,0.0257494
0.000257494
1953.21,0.025714
0.00025714
1954.56,0.0256786
0.000256786
1955.91,0.0256432
0.000256432
1957.26,0.0256079
0.000256079
1958.61,0.0255726
0.000255726
1959.96,0.0255374
0.000255374
1961.31,0.0255022
0.000255022
1962.66,0.025467
0.00025467
1964.01,0.0254319
0.000254319
1965.37,0.0253969
0.000253969
1966.73,0.0253619
0.000253619
1968.08,0.0253269
0.000253269
1969.44,0.025292
0.00025292
1970.8,0.0252571
0.000252571
1972.16,0.0252223
0.000252223
1973.52,0.0251876
0.000251876
1974.88,0.0251528
0.000251528
1976.24,0.0251182
0.000251182
1977.61,0.0250836
0.000250836
1978.97,0.025049
0.00025049
1980.34,0.0250145
0.000250145
1981.7,0.02498
0.0002498
1983.07,0.0249456
0.000249456
1984.44,0.0249112
0.000249112
1985.8,0.0248769
0.000248769
1987.17,0.0248426
0.000248426
1988.54,0.0248084
0.000248084
1989.91,0.0247743
0.000247743
1991.28,0.0247402
0.000247402
1992.66,0.0247061
0.000247061
1994.03,0.0246721
0.000246721
1995.4,0.0246382
0.000246382
1996.77,0.0246043
0.000246043
1998.15,0.0245705
0.000245705
1999.52,0.0245367
0.000245367
2000.9,0.024503
0.00024503
2002.27,0.0244693
0.000244693
2003.65,0.0244357
0.000244357
2005.03,0.0244022
0.000244022
2006.4,0.0243687
0.000243687
2007.78,0.0243353
0.000243353
2009.16,0.0243019
0.000243019
2010.54,0.0242686
0.000242686
2011.92,0.0242353
0.000242353
2013.3,0.0242022
0.000242022
2014.67,0.024169
0.00024169
2016.05,0.0241359
0.000241359
2017.44,0.0241029
0.000241029
2018.82,0.02407
0.0002407
2020.2,0.0240371
0.000240371
2021.58,0.0240043
0.000240043
2022.96,0.0239715
0.000239715
2024.34,0.0239388
0.000239388
2025.72,0.0239061
0.000239061
2027.1,0.0238735
0.000238735
2028.49,0.023841
0.00023841
2029.87,0.0238085
0.000238085
2031.25,0.0237761
0.000237761
2032.63,0.0237438
0.000237438
2034.02,0.0237115
0.000237115
2035.4,0.0236793
0.000236793
2036.78,0.0236472
0.000236472
2038.17,0.0236151
0.000236151
2039.55,0.0235831
0.000235831
2040.93,0.0235511
0.000235511
2042.32,0.0235192
0.000235192
2043.7,0.0234874
0.000234874
2045.08,0.0234556
0.000234556
2046.47,0.0234239
0.000234239
2047.85,0.0233923
0.000233923
2049.23,0.0233607
0.000233607
2050.62,0.0233292
0.000233292
2052,0.0232978
0.000232978
2053.38,0.0232664
0.000232664
2054.77,0.0232351
0.000232351
2056.15,0.0232039
0.000232039
2057.53,0.0231727
0.000231727
2058.91,0.0231416
0.000231416
2060.3,0.0231105
0.000231105
2061.68,0.0230796
0.000230796
2063.06,0.0230487
0.000230487
2064.44,0.0230178
0.000230178
2065.82,0.022987
0.000229871
2067.2,0.0229563
0.000229563
2068.58,0.0229257
0.000229257
2069.96,0.0228951
0.000228951
2071.34,0.0228646
0.000228646
2072.72,0.0228342
0.000228342
2074.1,0.0228038
0.000228038
2075.48,0.0227735
0.000227735
2076.86,0.0227433
0.000227433
2078.24,0.0227131
0.000227131
2079.62,0.022683
0.00022683
2081,0.022653
0.00022653
2082.37,0.0226231
0.000226231
2083.75,0.0225932
0.000225932
2085.13,0.0225634
0.000225634
2086.5,0.0225336
0.000225336
2087.88,0.0225039
0.000225039
2089.25,0.0224743
0.000224743
2090.63,0.0224448
0.000224448
2092,0.0224153
0.000224153
2093.38,0.0223859
0.000223859
2094.75,0.0223565
0.000223565
2096.12,0.0223273
0.000223273
2097.49,0.0222981
0.000222981
2098.87,0.0222689
0.000222689
2100.24,0.0222399
0.000222399
2101.61,0.0222109
0.000222109
2102.98,0.022182
0.00022182
2104.35,0.0221531
0.000221531
2105.71,0.0221243
0.000221243
2107.08,0.0220956
0.000220956
2108.45,0.022067
0.00022067
2109.81,0.0220384
0.000220384
2111.18,0.0220099
0.000220099
2112.54,0.0219815
0.000219815
2113.91,0.0219531
0.000219531
2115.27,0.0219249
0.000219249
2116.63,0.0218966
0.000218966
2118,0.0218685
0.000218685
2119.36,0.0218404
0.000218404
2120.72,0.0218124
0.000218124
2122.08,0.0217845
0.000217845
2123.44,0.0217566
0.000217566
2124.79,0.0217288
0.000217288
2126.15,0.0217011
0.000217011
2127.51,0.0216734
0.000216734
2128.86,0.0216458
0.000216458
2130.22,0.0216183
0.000216183
2131.57,0.0215909
0.000215909
2132.92,0.0215635
0.000215635
2134.27,0.0215362
0.000215362
2135.62,0.021509
0.00021509
2136.97,0.0214818
0.000214818
2138.32,0.0214547
0.000214547
2139.67,0.0214277
0.000214277
2141.02,0.0214007
0.000214007
2142.36,0.0213738
0.000213738
2143.71,0.021347
0.00021347
2145.05,0.0213203
0.000213203
2146.4,0.0212936
0.000212936
2147.74,0.021267
0.00021267
2149.08,0.0212405
0.000212405
2150.42,0.021214
0.00021214
2151.76,0.0211877
0.000211877
2153.09,0.0211613
0.000211613
2154.43,0.0211351
0.000211351
2155.77,0.0211089
0.000211089
2157.1,0.0210828
0.000210828
2158.43,0.0210568
0.000210568
2159.77,0.0210308
0.000210308
2161.1,0.0210049
0.000210049
2162.43,0.0209791
0.000209791
2163.75,0.0209533
0.000209533
2165.08,0.0209276
0.000209276
2166.41,0.020902
0.00020902
2167.73,0.0208765
0.000208765
2169.06,0.020851
0.00020851
2170.38,0.0208256
0.000208256
2171.7,0.0208003
0.000208003
2173.02,0.020775
0.00020775
2174.34,0.0207498
0.000207498
2175.66,0.0207247
0.000207247
2176.97,0.0206996
0.000206996
2178.29,0.0206746
0.000206746
2179.6,0.0206497
0.000206497
2180.92,0.0206249
0.000206249
2182.23,0.0206001
0.000206001
2183.54,0.0205754
0.000205754
2184.85,0.0205508
0.000205508
2186.15,0.0205262
0.000205262
2187.46,0.0205017
0.000205017
2188.76,0.0204773
0.000204773
2190.07,0.0204529
0.000204529
2191.37,0.0204286
0.000204286
2192.67,0.0204044
0.000204044
2193.97,0.0203802
0.000203802
2195.26,0.0203562
0.000203562
2196.56,0.0203321
0.000203321
2197.85,0.0203082
0.000203082
2199.15,0.0202843
0.000202843
2200.44,0.0202605
0.000202605
2201.73,0.0202368
0.000202368
2203.02,0.0202131
0.000202131
2204.31,0.0201895
0.000201895
2205.59,0.020166
0.00020166
2206.88,0.0201425
0.000201425
2208.16,0.0201191
0.000201191
2209.44,0.0200958
0.000200958
2210.72,0.0200725
0.000200725
2212,0.0200493
0.000200493
2213.27,0.0200262
0.000200262
2214.55,0.0200031
0.000200031
2215.82,0.0199801
0.000199801
2217.1,0.0199572
0.000199572
2218.37,0.0199344
0.000199344
2219.63,0.0199116
0.000199116
2220.9,0.0198889
0.000198889
2222.17,0.0198662
0.000198662
2223.43,0.0198436
0.000198436
2224.69,0.0198211
0.000198211
2225.96,0.0197987
0.000197987
2227.21,0.0197763
0.000197763
2228.47,0.019754
0.00019754
2229.73,0.0197317
0.000197317
2230.98,0.0197096
0.000197096
2232.23,0.0196874
0.000196874
2233.49,0.0196654
0.000196654
2234.73,0.0196434
0.000196434
2235.98,0.0196215
0.000196215
2237.23,0.0195997
0.000195997
2238.47,0.0195779
0.000195779
2239.71,0.0195562
0.000195562
2240.95,0.0195345
0.000195345
2242.19,0.019513
0.00019513
2243.43,0.0194914
0.000194914
2244.67,0.01947
0.0001947
2245.9,0.0194486
0.000194486
2247.13,0.0194273
0.000194273
2248.36,0.019406
0.00019406
2249.59,0.0193849
0.000193849
2250.82,0.0193637
0.000193637
2252.04,0.0193427
0.000193427
2253.26,0.0193217
0.000193217
2254.48,0.0193008
0.000193008
2255.7,0.0192799
0.000192799
2256.92,0.0192591
0.000192591
2258.14,0.0192384
0.000192384
2259.35,0.0192177
0.000192177
2260.56,0.0191971
0.000191971
2261.77,0.0191766
0.000191766
2262.98,0.0191561
0.000191561
2264.19,0.0191357
0.000191357
2265.39,0.0191154
0.000191154
2266.59,0.0190951
0.000190951
2267.79,0.0190749
0.000190749
2268.99,0.0190548
0.000190548
2270.19,0.0190347
0.000190347
2271.38,0.0190147
0.000190147
2272.58,0.0189947
0.000189947
2273.77,0.0189748
0.000189748
2274.96,0.018955
0.00018955
2276.14,0.0189352
0.000189352
2277.33,0.0189155
0.000189155
2278.51,0.0188959
0.000188959
2279.69,0.0188763
0.000188763
2280.87,0.0188568
0.000188568
2282.05,0.0188373
0.000188373
2283.22,0.0188179
0.000188179
2284.4,0.0187986
0.000187986
2285.57,0.0187794
0.000187794
2286.74,0.0187602
0.000187602
2287.9,0.018741
0.00018741
2289.07,0.018722
0.00018722
2290.23,0.0187029
0.000187029
2291.39,0.018684
0.00018684
2292.55,0.0186651
0.000186651
2293.71,0.0186463
0.000186463
2294.86,0.0186275
0.000186275
2296.02,0.0186088
0.000186088
2297.17,0.0185902
0.000185902
2298.32,0.0185716
0.000185716
2299.46,0.0185531
0.000185531
2300.61,0.0185346
0.000185346
2301.75,0.0185162
0.000185162
2302.89,0.0184979
0.000184979
2304.03,0.0184796
0.000184796
2305.17,0.0184614
0.000184614
2306.3,0.0184433
0.000184433
2307.43,0.0184252
0.000184252
2308.56,0.0184071
0.000184071
2309.69,0.0183892
0.000183892
2310.81,0.0183713
0.000183713
2311.94,0.0183534
0.000183534
2313.06,0.0183356
0.000183356
2314.18,0.0183179
0.000183179
2315.29,0.0183002
0.000183002
2316.41,0.0182826
0.000182826
2317.52,0.0182651
0.000182651
2318.63,0.0182476
0.000182476
2319.74,0.0182302
0.000182301
2320.85,0.0182128
0.000182128
2321.95,0.0181955
0.000181955
2323.05,0.0181782
0.000181782
2324.15,0.018161
0.00018161
2325.25,0.0181439
0.000181439
2326.34,0.0181268
0.000181268
2327.44,0.0181098
0.000181098
2328.53,0.0180928
0.000180928
2329.61,0.0180759
0.000180759
2330.7,0.0180591
0.000180591
2331.78,0.0180423
0.000180423
2332.87,0.0180256
0.000180256
2333.94,0.0180089
0.000180089
2335.02,0.0179923
0.000179923
2336.1,0.0179758
0.000179758
2337.17,0.0179593
0.000179593
2338.24,0.0179428
0.000179428
2339.31,0.0179265
0.000179265
2340.37,0.0179101
0.000179101
2341.44,0.0178939
0.000178939
2342.5,0.0178777
0.000178777
2343.56,0.0178615
0.000178615
2344.61,0.0178454
0.000178454
2345.67,0.0178294
0.000178294
2346.72,0.0178134
0.000178134
2347.77,0.0177975
0.000177975
2348.81,0.0177816
0.000177816
2349.86,0.0177658
0.000177658
2350.9,0.0177501
0.000177501
2351.94,0.0177344
0.000177344
2352.98,0.0177188
0.000177188
2354.01,0.0177032
0.000177032
2355.05,0.0176876
0.000176876
2356.08,0.0176722
0.000176722
2357.11,0.0176568
0.000176568
2358.13,0.0176414
0.000176414
2359.15,0.0176261
0.000176261
2360.18,0.0176108
0.000176108
2361.19,0.0175957
0.000175957
2362.21,0.0175805
0.000175805
2363.22,0.0175654
0.000175654
2364.24,0.0175504
0.000175504
2365.25,0.0175354
0.000175354
2366.25,0.0175205
0.000175205
2367.26,0.0175057
0.000175057
2368.26,0.0174908
0.000174908
2369.26,0.0174761
0.000174761
2370.25,0.0174614
0.000174614
2371.25,0.0174468
0.000174468
2372.24,0.0174322
0.000174322
2373.23,0.0174176
0.000174176
2374.22,0.0174031
0.000174031
2375.2,0.0173887
0.000173887
2376.19,0.0173743
0.000173743
2377.17,0.01736
0.0001736
2378.14,0.0173457
0.000173457
2379.12,0.0173315
0.000173315
2380.09,0.0173174
0.000173174
2381.06,0.0173033
0.000173033
2382.03,0.0172892
0.000172892
2382.99,0.0172752
0.000172752
2383.96,0.0172613
0.000172613
2384.92,0.0172474
0.000172474
2385.87,0.0172335
0.000172335
2386.83,0.0172197
0.000172197
2387.78,0.017206
0.00017206
2388.73,0.0171923
0.000171923
2389.68,0.0171787
0.000171787
2390.62,0.0171651
0.000171651
2391.57,0.0171516
0.000171516
2392.51,0.0171381
0.000171381
2393.44,0.0171247
0.000171247
2394.38,0.0171113
0.000171113
2395.31,0.017098
0.00017098
2396.24,0.0170847
0.000170847
2397.17,0.0170715
0.000170715
2398.09,0.0170583
0.000170583
2399.02,0.0170452
0.000170452
2399.94,0.0170322
0.000170322
2400.85,0.0170192
0.000170192
2401.77,0.0170062
0.000170062
2402.68,0.0169933
0.000169933
2403.59,0.0169804
0.000169804
2404.5,0.0169676
0.000169676
2405.4,0.0169549
0.000169549
2406.3,0.0169422
0.000169422
2407.2,0.0169295
0.000169295
2408.1,0.0169169
0.000169169
2408.99,0.0169043
0.000169043
2409.88,0.0168918
0.000168918
2410.77,0.0168794
0.000168794
2411.66,0.016867
0.00016867
2412.54,0.0168546
0.000168546
2413.42,0.0168423
0.000168423
2414.3,0.0168301
0.000168301
2415.18,0.0168179
0.000168179
2416.05,0.0168057
0.000168057
2416.92,0.0167936
0.000167936
2417.79,0.0167816
0.000167816
2418.65,0.0167695
0.000167695
2419.52,0.0167576
0.000167576
2420.38,0.0167457
0.000167457
2421.23,0.0167338
0.000167338
2422.09,0.016722
0.00016722
2422.94,0.0167103
0.000167103
2423.79,0.0166985
0.000166985
2424.64,0.0166869
0.000166869
2425.48,0.0166753
0.000166753
2426.32,0.0166637
0.000166637
2427.16,0.0166522
0.000166522
2428,0.0166407
0.000166407
2428.83,0.0166293
0.000166293
2429.66,0.0166179
0.000166179
2430.49,0.0166066
0.000166066
2431.32,0.0165953
0.000165953
2432.14,0.0165841
0.000165841
2432.96,0.0165729
0.000165729
2433.78,0.0165618
0.000165618
2434.59,0.0165507
0.000165507
2435.4,0.0165397
0.000165397
2436.21,0.0165287
0.000165287
2437.02,0.0165177
0.000165177
2437.83,0.0165068
0.000165068
2438.63,0.016496
0.00016496
2439.43,0.0164852
0.000164852
2440.22,0.0164744
0.000164744
2441.01,0.0164637
0.000164637
2441.81,0.0164531
0.000164531
2442.59,0.0164425
0.000164425
2443.38,0.0164319
0.000164319
2444.16,0.0164214
0.000164214
2444.94,0.0164109
0.000164109
2445.72,0.0164005
0.000164005
2446.49,0.0163901
0.000163901
2447.26,0.0163798
0.000163798
2448.03,0.0163695
0.000163695
2448.8,0.0163592
0.000163592
2449.56,0.016349
0.00016349
2450.32,0.0163389
0.000163389
2451.08,0.0163288
0.000163288
2451.84,0.0163187
0.000163187
2452.59,0.0163087
0.000163087
2453.34,0.0162988
0.000162988
2454.08,0.0162888
0.000162888
2454.83,0.016279
0.00016279
2455.57,0.0162691
0.000162691
2456.31,0.0162594
0.000162594
2457.04,0.0162496
0.000162496
2457.78,0.0162399
0.000162399
2458.51,0.0162303
0.000162303
2459.24,0.0162207
0.000162207
2459.96,0.0162111
0.000162111
2460.68,0.0162016
0.000162016
2461.4,0.0161921
0.000161921
2462.12,0.0161827
0.000161827
2462.83,0.0161733
0.000161733
2463.54,0.016164
0.00016164
2464.25,0.0161547
0.000161547
2464.96,0.0161455
0.000161455
2465.66,0.0161363
0.000161363
2466.36,0.0161271
0.000161271
2467.06,0.016118
0.00016118
2467.75,0.0161089
0.000161089
2468.44,0.0160999
0.000160999
2469.13,0.0160909
0.000160909
2469.82,0.016082
0.00016082
2470.5,0.0160731
0.000160731
2471.18,0.0160643
0.000160643
2471.86,0.0160555
0.000160555
2472.53,0.0160467
0.000160467
2473.2,0.016038
0.00016038
2473.87,0.0160293
0.000160293
2474.54,0.0160207
0.000160207
2475.2,0.0160121
0.000160121
2475.86,0.0160036
0.000160036
2476.52,0.0159951
0.000159951
2477.17,0.0159866
0.000159866
2477.83,0.0159782
0.000159782
2478.47,0.0159698
0.000159698
2479.12,0.0159615
0.000159615
2479.76,0.0159532
0.000159532
2480.4,0.015945
0.00015945
2481.04,0.0159368
0.000159368
2481.68,0.0159286
0.000159286
2482.31,0.0159205
0.000159205
2482.94,0.0159124
0.000159124
2483.57,0.0159044
0.000159044
2484.19,0.0158964
0.000158964
2484.81,0.0158885
0.000158885
2485.43,0.0158806
0.000158806
2486.04,0.0158727
0.000158727
2486.65,0.0158649
0.000158649
2487.26,0.0158572
0.000158572
2487.87,0.0158494
0.000158494
2488.47,0.0158417
0.000158417
2489.08,0.0158341
0.000158341
2489.67,0.0158265
0.000158265
2490.27,0.0158189
0.000158189
2490.86,0.0158114
0.000158114
2491.45,0.0158039
0.000158039
2492.04,0.0157965
0.000157965
2492.62,0.0157891
0.000157891
2493.2,0.0157817
0.000157817
2493.78,0.0157744
0.000157744
2494.35,0.0157672
0.000157672
2494.92,0.0157599
0.000157599
2495.49,0.0157527
0.000157527
2496.06,0.0157456
0.000157456
2496.62,0.0157385
0.000157385
2497.18,0.0157314
0.000157314
2497.74,0.0157244
0.000157244
2498.3,0.0157174
0.000157174
2498.85,0.0157105
0.000157105
2499.4,0.0157036
0.000157036
2499.94,0.0156967
0.000156967
2500.49,0.0156899
0.000156899
2501.03,0.0156831
0.000156831
2501.56,0.0156764
0.000156764
2502.1,0.0156697
0.000156697
2502.63,0.015663
0.00015663
2503.16,0.0156564
0.000156564
2503.68,0.0156498
0.000156498
2504.21,0.0156433
0.000156433
2504.73,0.0156368
0.000156368
2505.24,0.0156303
0.000156303
2505.76,0.0156239
0.000156239
2506.27,0.0156176
0.000156176
2506.78,0.0156112
0.000156112
2507.28,0.0156049
0.000156049
2507.79,0.0155987
0.000155987
2508.29,0.0155925
0.000155925
2508.78,0.0155863
0.000155863
2509.28,0.0155802
0.000155802
2509.77,0.0155741
0.000155741
2510.25,0.015568
0.00015568
2510.74,0.015562
0.00015562
2511.22,0.015556
0.00015556
2511.7,0.0155501
0.000155501
2512.18,0.0155442
0.000155442
2512.65,0.0155384
0.000155384
2513.12,0.0155325
0.000155325
2513.59,0.0155268
0.000155268
2514.05,0.015521
0.00015521
2514.51,0.0155153
0.000155153
2514.97,0.0155097
0.000155097
2515.43,0.0155041
0.000155041
2515.88,0.0154985
0.000154985
2516.33,0.0154929
0.000154929
2516.78,0.0154874
0.000154874
2517.22,0.015482
0.00015482
2517.66,0.0154765
0.000154765
2518.1,0.0154712
0.000154712
2518.54,0.0154658
0.000154658
2518.97,0.0154605
0.000154605
2519.4,0.0154552
0.000154552
2519.82,0.01545
0.0001545
2520.25,0.0154448
0.000154448
2520.67,0.0154397
0.000154397
2521.08,0.0154346
0.000154346
2521.5,0.0154295
0.000154295
2521.91,0.0154245
0.000154245
2522.32,0.0154195
0.000154195
2522.72,0.0154145
0.000154145
2523.13,0.0154096
0.000154096
2523.53,0.0154047
0.000154047
2523.92,0.0153999
0.000153999
2524.32,0.0153951
0.000153951
2524.71,0.0153903
0.000153903
2525.09,0.0153856
0.000153856
2525.48,0.0153809
0.000153809
2525.86,0.0153762
0.000153762
2526.24,0.0153716
0.000153716
2526.62,0.0153671
0.000153671
2526.99,0.0153625
0.000153625
2527.36,0.015358
0.00015358
2527.73,0.0153536
0.000153536
2528.09,0.0153491
0.000153491
2528.45,0.0153448
0.000153448
2528.81,0.0153404
0.000153404
2529.16,0.0153361
0.000153361
2529.52,0.0153318
0.000153318
2529.87,0.0153276
0.000153276
2530.21,0.0153234
0.000153234
2530.55,0.0153192
0.000153193
2530.9,0.0153151
0.000153151
2531.23,0.015311
0.00015311
2531.57,0.015307
0.00015307
2531.9,0.015303
0.00015303
2532.23,0.015299
0.00015299
2532.55,0.0152951
0.000152951
2532.87,0.0152912
0.000152912
2533.19,0.0152874
0.000152874
2533.51,0.0152835
0.000152835
2533.82,0.0152798
0.000152798
2534.13,0.015276
0.00015276
2534.44,0.0152723
0.000152723
2534.74,0.0152686
0.000152686
2535.05,0.015265
0.00015265
2535.35,0.0152614
0.000152614
2535.64,0.0152579
0.000152579
2535.93,0.0152543
0.000152543
2536.22,0.0152509
0.000152509
2536.51,0.0152474
0.000152474
2536.79,0.015244
0.00015244
2537.07,0.0152406
0.000152406
2537.35,0.0152373
0.000152373
2537.63,0.015234
0.00015234
2537.9,0.0152307
0.000152307
2538.16,0.0152275
0.000152275
2538.43,0.0152243
0.000152243
2538.69,0.0152212
0.000152212
2538.95,0.0152181
0.000152181
2539.21,0.015215
0.00015215
2539.46,0.015212
0.00015212
2539.71,0.015209
0.00015209
2539.96,0.015206
0.00015206
2540.21,0.0152031
0.000152031
2540.45,0.0152002
0.000152002
2540.68,0.0151973
0.000151973
2540.92,0.0151945
0.000151945
2541.15,0.0151917
0.000151917
2541.38,0.015189
0.00015189
2541.61,0.0151863
0.000151863
2541.83,0.0151836
0.000151836
2542.05,0.015181
0.00015181
2542.27,0.0151784
0.000151784
2542.48,0.0151758
0.000151758
2542.7,0.0151733
0.000151733
2542.9,0.0151708
0.000151708
2543.11,0.0151684
0.000151684
2543.31,0.015166
0.00015166
2543.51,0.0151636
0.000151636
2543.71,0.0151612
0.000151612
2543.9,0.0151589
0.000151589
2544.09,0.0151567
0.000151567
2544.28,0.0151544
0.000151544
2544.46,0.0151522
0.000151522
2544.64,0.0151501
0.000151501
2544.82,0.0151479
0.000151479
2545,0.0151459
0.000151459
2545.17,0.0151438
0.000151438
2545.34,0.0151418
0.000151418
2545.51,0.0151398
0.000151398
2545.67,0.0151379
0.000151379
2545.83,0.015136
0.00015136
2545.99,0.0151341
0.000151341
2546.14,0.0151323
0.000151323
2546.29,0.0151305
0.000151305
2546.44,0.0151287
0.000151287
2546.59,0.015127
0.00015127
2546.73,0.0151253
0.000151253
2546.87,0.0151236
0.000151236
2547,0.015122
0.00015122
2547.14,0.0151205
0.000151205
2547.27,0.0151189
0.000151189
2547.39,0.0151174
0.000151174
2547.52,0.0151159
0.000151159
2547.64,0.0151145
0.000151145
2547.76,0.0151131
0.000151131
2547.87,0.0151117
0.000151117
2547.98,0.0151104
0.000151104
2548.09,0.0151091
0.000151091
2548.2,0.0151079
0.000151079
2548.3,0.0151066
0.000151066
2548.4,0.0151055
0.000151055
2548.5,0.0151043
0.000151043
2548.59,0.0151032
0.000151032
2548.68,0.0151021
0.000151021
2548.77,0.0151011
0.000151011
2548.85,0.0151001
0.000151001
2548.94,0.0150991
0.000150991
2549.01,0.0150982
0.000150982
2549.09,0.0150973
0.000150973
2549.16,0.0150964
0.000150964
2549.23,0.0150956
0.000150956
2549.3,0.0150948
0.000150948
2549.36,0.0150941
0.000150941
2549.42,0.0150933
0.000150933
2549.48,0.0150927
0.000150927
2549.53,0.015092
0.00015092
2549.59,0.0150914
0.000150914
2549.63,0.0150908
0.000150908
2549.68,0.0150903
0.000150903
2549.72,0.0150898
0.000150898
2549.76,0.0150893
0.000150893
2549.8,0.0150889
0.000150889
2549.83,0.0150885
0.000150885
2549.86,0.0150882
0.000150882
2549.89,0.0150878
0.000150878
2549.91,0.0150875
0.000150875
2549.93,0.0150873
0.000150873
2549.95,0.0150871
0.000150871
2549.97,0.0150869
0.000150869
2549.98,0.0150868
0.000150868
2549.99,0.0150867
0.000150867
2549.99,0.0150866
0.000150866
2550,0.0150865
0.000150865
2550,0.0150865
0.000150865
2549.99,0.0150866
0.000150866
2549.99,0.0150867
0.000150867
2549.98,0.0150868
0.000150868
2549.97,0.0150869
0.000150869
2549.95,0.0150871
0.000150871
2549.93,0.0150873
0.000150873
2549.91,0.0150876
0.000150876
2549.89,0.0150878
0.000150878
2549.86,0.0150882
0.000150882
2549.83,0.0150885
0.000150885
2549.8,0.0150889
0.000150889
2549.76,0.0150893
0.000150893
2549.72,0.0150898
0.000150898
2549.68,0.0150903
0.000150903
2549.63,0.0150909
0.000150909
2549.58,0.0150914
0.000150914
2549.53,0.015092
0.00015092
2549.48,0.0150927
0.000150927
2549.42,0.0150934
0.000150934
2549.36,0.0150941
0.000150941
2549.3,0.0150948
0.000150948
2549.23,0.0150956
0.000150956
2549.16,0.0150965
0.000150965
2549.09,0.0150973
0.000150973
2549.01,0.0150982
0.000150982
2548.93,0.0150991
0.000150991
2548.85,0.0151001
0.000151001
2548.77,0.0151011
0.000151011
2548.68,0.0151022
0.000151022
2548.59,0.0151032
0.000151032
2548.49,0.0151043
0.000151043
2548.4,0.0151055
0.000151055
2548.3,0.0151067
0.000151067
2548.19,0.0151079
0.000151079
2548.09,0.0151092
0.000151091
2547.98,0.0151104
0.000151104
2547.87,0.0151118
0.000151118
2547.75,0.0151131
0.000151131
2547.63,0.0151145
0.000151145
2547.51,0.015116
0.00015116
2547.39,0.0151174
0.000151174
2547.26,0.015119
0.00015119
2547.13,0.0151205
0.000151205
2547,0.0151221
0.000151221
2546.86,0.0151237
0.000151237
2546.72,0.0151253
0.000151253
2546.58,0.015127
0.00015127
2546.44,0.0151288
0.000151288
2546.29,0.0151305
0.000151305
2546.14,0.0151323
0.000151323
2545.98,0.0151342
0.000151342
2545.82,0.015136
0.00015136
2545.66,0.0151379
0.000151379
2545.5,0.0151399
0.000151399
2545.34,0.0151419
0.000151419
2545.17,0.0151439
0.000151439
2544.99,0.0151459
0.000151459
2544.82,0.015148
0.00015148
2544.64,0.0151501
0.000151501
2544.46,0.0151523
0.000151523
2544.27,0.0151545
0.000151545
2544.09,0.0151567
0.000151567
2543.9,0.015159
0.00015159
2543.7,0.0151613
0.000151613
2543.51,0.0151636
0.000151636
2543.31,0.015166
0.00015166
2543.1,0.0151684
0.000151684
2542.9,0.0151709
0.000151709
2542.69,0.0151734
0.000151734
2542.48,0.0151759
0.000151759
2542.26,0.0151785
0.000151785
2542.05,0.0151811
0.000151811
2541.83,0.0151837
0.000151837
2541.6,0.0151864
0.000151864
2541.38,0.0151891
0.000151891
2541.15,0.0151918
0.000151918
2540.91,0.0151946
0.000151946
2540.68,0.0151974
0.000151974
2540.44,0.0152003
0.000152003
2540.2,0.0152032
0.000152032
2539.95,0.0152061
0.000152061
2539.71,0.0152091
0.000152091
2539.46,0.0152121
0.000152121
2539.2,0.0152151
0.000152151
2538.94,0.0152182
0.000152182
2538.69,0.0152213
0.000152213
2538.42,0.0152244
0.000152244
2538.16,0.0152276
0.000152276
2537.89,0.0152308
0.000152308
2537.62,0.0152341
0.000152341
2537.34,0.0152374
0.000152374
2537.07,0.0152407
0.000152407
2536.78,0.0152441
0.000152441
2536.5,0.0152475
0.000152475
2536.21,0.015251
0.00015251
2535.92,0.0152544
0.000152544
2535.63,0.015258
0.00015258
2535.34,0.0152615
0.000152615
2535.04,0.0152651
0.000152651
2534.74,0.0152687
0.000152687
2534.43,0.0152724
0.000152724
2534.12,0.0152761
0.000152761
2533.81,0.0152799
0.000152799
2533.5,0.0152837
0.000152836
2533.18,0.0152875
0.000152875
2532.86,0.0152913
0.000152913
2532.54,0.0152952
0.000152952
2532.22,0.0152991
0.000152991
2531.89,0.0153031
0.000153031
2531.56,0.0153071
0.000153071
2531.22,0.0153112
0.000153112
2530.89,0.0153153
0.000153153
2530.54,0.0153194
0.000153194
2530.2,0.0153235
0.000153235
2529.86,0.0153277
0.000153277
2529.51,0.015332
0.00015332
2529.15,0.0153362
0.000153362
2528.8,0.0153405
0.000153405
2528.44,0.0153449
0.000153449
2528.08,0.0153493
0.000153493
2527.72,0.0153537
0.000153537
2527.35,0.0153581
0.000153581
2526.98,0.0153626
0.000153626
2526.61,0.0153672
0.000153672
2526.23,0.0153718
0.000153718
2525.85,0.0153764
0.000153764
2525.47,0.015381
0.00015381
2525.08,0.0153857
0.000153857
2524.7,0.0153904
0.000153904
2524.3,0.0153952
0.000153952
2523.91,0.0154
0.000154
2523.51,0.0154049
0.000154048
2523.11,0.0154097
0.000154097
2522.71,0.0154147
0.000154147
2522.31,0.0154196
0.000154196
2521.9,0.0154246
0.000154246
2521.49,0.0154296
0.000154296
2521.07,0.0154347
0.000154347
2520.65,0.0154398
0.000154398
2520.23,0.015445
0.00015445
2519.81,0.0154502
0.000154502
2519.38,0.0154554
0.000154554
2518.96,0.0154607
0.000154607
2518.52,0.015466
0.00015466
2518.09,0.0154713
0.000154713
2517.65,0.0154767
0.000154767
2517.21,0.0154821
0.000154821
2516.76,0.0154876
0.000154876
2516.32,0.0154931
0.000154931
2515.87,0.0154986
0.000154986
2515.42,0.0155042
0.000155042
2514.96,0.0155098
0.000155098
2514.5,0.0155155
0.000155155
2514.04,0.0155212
0.000155212
2513.57,0.0155269
0.000155269
2513.11,0.0155327
0.000155327
2512.64,0.0155385
0.000155385
2512.16,0.0155444
0.000155444
2511.69,0.0155503
0.000155503
2511.21,0.0155562
0.000155562
2510.73,0.0155622
0.000155622
2510.24,0.0155682
0.000155682
2509.75,0.0155742
0.000155742
2509.26,0.0155803
0.000155803
2508.77,0.0155865
0.000155865
2508.27,0.0155927
0.000155927
2507.77,0.0155989
0.000155989
2507.27,0.0156051
0.000156051
2506.76,0.0156114
0.000156114
2506.26,0.0156177
0.000156177
2505.74,0.0156241
0.000156241
2505.23,0.0156305
0.000156305
2504.71,0.015637
0.00015637
2504.19,0.0156435
0.000156435
2503.67,0.01565
0.0001565
2503.14,0.0156566
0.000156566
2502.62,0.0156632
0.000156632
2502.08,0.0156699
0.000156699
2501.55,0.0156766
0.000156766
2501.01,0.0156833
0.000156833
2500.47,0.0156901
0.000156901
2499.93,0.0156969
0.000156969
2499.38,0.0157038
0.000157038
2498.83,0.0157107
0.000157107
2498.28,0.0157176
0.000157176
2497.73,0.0157246
0.000157246
2497.17,0.0157316
0.000157316
2496.61,0.0157387
0.000157387
2496.04,0.0157458
0.000157458
2495.48,0.0157529
0.000157529
2494.91,0.0157601
0.000157601
2494.34,0.0157674
0.000157674
2493.76,0.0157746
0.000157746
2493.18,0.0157819
0.000157819
2492.6,0.0157893
0.000157893
2492.02,0.0157967
0.000157967
2491.43,0.0158041
0.000158041
2490.84,0.0158116
0.000158116
2490.25,0.0158191
0.000158191
2489.66,0.0158267
0.000158267
2489.06,0.0158343
0.000158343
2488.46,0.0158419
0.000158419
2487.85,0.0158496
0.000158496
2487.25,0.0158574
0.000158574
2486.64,0.0158651
0.000158651
2486.03,0.015873
0.00015873
2485.41,0.0158808
0.000158808
2484.79,0.0158887
0.000158887
2484.17,0.0158967
0.000158967
2483.55,0.0159046
0.000159046
2482.92,0.0159127
0.000159127
2482.29,0.0159207
0.000159207
2481.66,0.0159289
0.000159289
2481.02,0.015937
0.00015937
2480.39,0.0159452
0.000159452
2479.75,0.0159535
0.000159535
2479.1,0.0159617
0.000159617
2478.46,0.0159701
0.000159701
2477.81,0.0159784
0.000159784
2477.15,0.0159868
0.000159868
2476.5,0.0159953
0.000159953
2475.84,0.0160038
0.000160038
2475.18,0.0160123
0.000160123
2474.52,0.0160209
0.000160209
2473.85,0.0160296
0.000160296
2473.18,0.0160382
0.000160382
2472.51,0.0160469
0.000160469
2471.84,0.0160557
0.000160557
2471.16,0.0160645
0.000160645
2470.48,0.0160734
0.000160734
2469.8,0.0160823
0.000160823
2469.11,0.0160912
0.000160912
2468.42,0.0161002
0.000161002
2467.73,0.0161092
0.000161092
2467.04,0.0161183
0.000161183
2466.34,0.0161274
0.000161274
2465.64,0.0161365
0.000161365
2464.94,0.0161457
0.000161457
2464.23,0.016155
0.00016155
2463.52,0.0161643
0.000161643
2462.81,0.0161736
0.000161736
2462.1,0.016183
0.00016183
2461.38,0.0161924
0.000161924
2460.66,0.0162019
0.000162019
2459.94,0.0162114
0.000162114
2459.22,0.0162209
0.000162209
2458.49,0.0162305
0.000162305
2457.76,0.0162402
0.000162402
2457.02,0.0162499
0.000162499
2456.29,0.0162596
0.000162596
2455.55,0.0162694
0.000162694
2454.81,0.0162792
0.000162792
2454.06,0.0162891
0.000162891
2453.32,0.016299
0.00016299
2452.57,0.016309
0.00016309
2451.81,0.016319
0.00016319
2451.06,0.0163291
0.000163291
2450.3,0.0163392
0.000163392
2449.54,0.0163493
0.000163493
2448.78,0.0163595
0.000163595
2448.01,0.0163698
0.000163698
2447.24,0.01638
0.0001638
2446.47,0.0163904
0.000163904
2445.7,0.0164008
0.000164008
2444.92,0.0164112
0.000164112
2444.14,0.0164217
0.000164217
2443.36,0.0164322
0.000164322
2442.57,0.0164428
0.000164428
2441.78,0.0164534
0.000164534
2440.99,0.016464
0.00016464
2440.2,0.0164747
0.000164747
2439.4,0.0164855
0.000164855
2438.6,0.0164963
0.000164963
2437.8,0.0165071
0.000165071
2437,0.016518
0.00016518
2436.19,0.016529
0.00016529
2435.38,0.01654
0.0001654
2434.57,0.016551
0.00016551
2433.75,0.0165621
0.000165621
2432.94,0.0165732
0.000165732
2432.12,0.0165844
0.000165844
2431.29,0.0165956
0.000165956
2430.47,0.0166069
0.000166069
2429.64,0.0166182
0.000166182
2428.81,0.0166296
0.000166296
2427.98,0.016641
0.00016641
2427.14,0.0166525
0.000166525
2426.3,0.016664
0.00016664
2425.46,0.0166756
0.000166756
2424.61,0.0166872
0.000166872
2423.77,0.0166989
0.000166989
2422.92,0.0167106
0.000167106
2422.07,0.0167223
0.000167223
2421.21,0.0167342
0.000167342
2420.35,0.016746
0.00016746
2419.49,0.0167579
0.000167579
2418.63,0.0167699
0.000167699
2417.77,0.0167819
0.000167819
2416.9,0.0167939
0.000167939
2416.03,0.0168061
0.000168061
2415.15,0.0168182
0.000168182
2414.28,0.0168304
0.000168304
2413.4,0.0168427
0.000168427
2412.52,0.016855
0.00016855
2411.63,0.0168673
0.000168673
2410.75,0.0168797
0.000168797
2409.86,0.0168922
0.000168922
2408.97,0.0169047
0.000169047
2408.07,0.0169173
0.000169172
2407.18,0.0169299
0.000169299
2406.28,0.0169425
0.000169425
2405.38,0.0169552
0.000169552
2404.47,0.016968
0.00016968
2403.56,0.0169808
0.000169808
2402.65,0.0169936
0.000169936
2401.74,0.0170065
0.000170066
2400.83,0.0170195
0.000170195
2399.91,0.0170325
0.000170325
2398.99,0.0170456
0.000170456
2398.07,0.0170587
0.000170587
2397.14,0.0170719
0.000170719
2396.22,0.0170851
0.000170851
2395.29,0.0170984
0.000170984
2394.35,0.0171117
0.000171117
2393.42,0.017125
0.00017125
2392.48,0.0171385
0.000171385
2391.54,0.017152
0.00017152
2390.6,0.0171655
0.000171655
2389.65,0.0171791
0.000171791
2388.71,0.0171927
0.000171927
2387.76,0.0172064
0.000172064
2386.8,0.0172201
0.000172201
2385.85,0.0172339
0.000172339
2384.89,0.0172478
0.000172478
2383.93,0.0172616
0.000172616
2382.97,0.0172756
0.000172756
2382,0.0172896
0.000172896
2381.03,0.0173037
0.000173037
2380.06,0.0173178
0.000173178
2379.09,0.0173319
0.000173319
2378.12,0.0173461
0.000173461
2377.14,0.0173604
0.000173604
2376.16,0.0173747
0.000173747
2375.18,0.0173891
0.000173891
2374.19,0.0174035
0.000174035
2373.2,0.017418
0.00017418
2372.21,0.0174326
0.000174326
2371.22,0.0174472
0.000174472
2370.23,0.0174618
0.000174618
2369.23,0.0174765
0.000174765
2368.23,0.0174913
0.000174913
2367.23,0.0175061
0.000175061
2366.22,0.0175209
0.000175209
2365.22,0.0175358
0.000175358
2364.21,0.0175508
0.000175508
2363.2,0.0175659
0.000175659
2362.18,0.0175809
0.000175809
2361.17,0.0175961
0.000175961
2360.15,0.0176113
0.000176113
2359.13,0.0176265
0.000176265
2358.1,0.0176418
0.000176418
2357.08,0.0176572
0.000176572
2356.05,0.0176726
0.000176726
2355.02,0.0176881
0.000176881
2353.99,0.0177036
0.000177036
2352.95,0.0177192
0.000177192
2351.91,0.0177348
0.000177348
2350.87,0.0177505
0.000177505
2349.83,0.0177663
0.000177663
2348.79,0.0177821
0.000177821
2347.74,0.0177979
0.000177979
2346.69,0.0178139
0.000178139
2345.64,0.0178298
0.000178298
2344.58,0.0178459
0.000178459
2343.53,0.017862
0.00017862
2342.47,0.0178781
0.000178781
2341.41,0.0178943
0.000178943
2340.34,0.0179106
0.000179106
2339.28,0.0179269
0.000179269
2338.21,0.0179433
0.000179433
2337.14,0.0179597
0.000179597
2336.07,0.0179762
0.000179762
2334.99,0.0179928
0.000179928
2333.92,0.0180094
0.000180094
2332.84,0.0180261
0.000180261
2331.75,0.0180428
0.000180428
2330.67,0.0180596
0.000180596
2329.58,0.0180764
0.000180764
2328.5,0.0180933
0.000180933
2327.41,0.0181103
0.000181103
2326.31,0.0181273
0.000181273
2325.22,0.0181444
0.000181444
2324.12,0.0181615
0.000181615
2323.02,0.0181787
0.000181787
2321.92,0.0181959
0.000181959
2320.82,0.0182133
0.000182133
2319.71,0.0182306
0.000182306
2318.6,0.0182481
0.000182481
2317.49,0.0182656
0.000182656
2316.38,0.0182831
0.000182831
2315.26,0.0183007
0.000183007
2314.15,0.0183184
0.000183184
2313.03,0.0183361
0.000183361
2311.91,0.0183539
0.000183539
2310.78,0.0183718
0.000183718
2309.66,0.0183897
0.000183897
2308.53,0.0184076
0.000184076
2307.4,0.0184257
0.000184257
2306.27,0.0184438
0.000184438
2305.13,0.0184619
0.000184619
2304,0.0184801
0.000184801
2302.86,0.0184984
0.000184984
2301.72,0.0185167
0.000185167
2300.58,0.0185351
0.000185351
2299.43,0.0185536
0.000185536
2298.29,0.0185721
0.000185721
2297.14,0.0185907
0.000185907
2295.99,0.0186093
0.000186093
2294.83,0.018628
0.00018628
2293.68,0.0186468
0.000186468
2292.52,0.0186656
0.000186656
2291.36,0.0186845
0.000186845
2290.2,0.0187035
0.000187035
2289.04,0.0187225
0.000187225
2287.87,0.0187416
0.000187416
2286.7,0.0187607
0.000187607
2285.54,0.0187799
0.000187799
2284.36,0.0187991
0.000187991
2283.19,0.0188185
0.000188185
2282.02,0.0188379
0.000188379
2280.84,0.0188573
0.000188573
2279.66,0.0188768
0.000188768
2278.48,0.0188964
0.000188964
2277.3,0.018916
0.00018916
2276.11,0.0189357
0.000189357
2274.92,0.0189555
0.000189555
2273.73,0.0189753
0.000189753
2272.54,0.0189952
0.000189952
2271.35,0.0190152
0.000190152
2270.16,0.0190352
0.000190352
2268.96,0.0190553
0.000190553
2267.76,0.0190755
0.000190755
2266.56,0.0190957
0.000190957
2265.36,0.0191159
0.000191159
2264.15,0.0191363
0.000191363
2262.95,0.0191567
0.000191567
2261.74,0.0191772
0.000191772
2260.53,0.0191977
0.000191977
2259.32,0.0192183
0.000192183
2258.1,0.019239
0.00019239
2256.89,0.0192597
0.000192597
2255.67,0.0192805
0.000192805
2254.45,0.0193013
0.000193013
2253.23,0.0193223
0.000193223
2252.01,0.0193433
0.000193433
2250.78,0.0193643
0.000193643
2249.56,0.0193854
0.000193854
2248.33,0.0194066
0.000194066
2247.1,0.0194279
0.000194279
2245.87,0.0194492
0.000194492
2244.63,0.0194706
0.000194706
2243.4,0.019492
0.00019492
2242.16,0.0195135
0.000195135
2240.92,0.0195351
0.000195351
2239.68,0.0195568
0.000195568
2238.44,0.0195785
0.000195785
2237.19,0.0196003
0.000196003
2235.95,0.0196221
0.000196221
2234.7,0.019644
0.00019644
2233.45,0.019666
0.00019666
2232.2,0.019688
0.00019688
2230.95,0.0197102
0.000197102
2229.69,0.0197323
0.000197323
2228.44,0.0197546
0.000197546
2227.18,0.0197769
0.000197769
2225.92,0.0197993
0.000197993
2224.66,0.0198217
0.000198217
2223.4,0.0198443
0.000198443
2222.13,0.0198668
0.000198668
2220.87,0.0198895
0.000198895
2219.6,0.0199122
0.000199122
2218.33,0.019935
0.00019935
2217.06,0.0199578
0.000199578
2215.79,0.0199808
0.000199808
2214.52,0.0200038
0.000200038
2213.24,0.0200268
0.000200268
2211.96,0.0200499
0.000200499
2210.69,0.0200731
0.000200731
2209.41,0.0200964
0.000200964
2208.12,0.0201197
0.000201197
2206.84,0.0201431
0.000201431
2205.56,0.0201666
0.000201666
2204.27,0.0201901
0.000201901
2202.98,0.0202137
0.000202137
2201.7,0.0202374
0.000202374
2200.4,0.0202611
0.000202611
2199.11,0.020285
0.00020285
2197.82,0.0203088
0.000203088
2196.53,0.0203328
0.000203328
2195.23,0.0203568
0.000203568
2193.93,0.0203809
0.000203809
2192.63,0.020405
0.00020405
2191.33,0.0204293
0.000204293
2190.03,0.0204536
0.000204536
2188.73,0.0204779
0.000204779
2187.42,0.0205023
0.000205023
2186.12,0.0205268
0.000205268
2184.81,0.0205514
0.000205514
2183.5,0.0205761
0.000205761
2182.19,0.0206008
0.000206008
2180.88,0.0206256
0.000206256
2179.57,0.0206504
0.000206504
2178.25,0.0206753
0.000206753
2176.94,0.0207003
0.000207003
2175.62,0.0207254
0.000207254
2174.3,0.0207505
0.000207505
2172.99,0.0207757
0.000207757
2171.67,0.020801
0.00020801
2170.34,0.0208263
0.000208263
2169.02,0.0208517
0.000208517
2167.7,0.0208772
0.000208772
2166.37,0.0209027
0.000209027
2165.05,0.0209283
0.000209283
2163.72,0.020954
0.00020954
2162.39,0.0209798
0.000209798
2161.06,0.0210056
0.000210056
2159.73,0.0210315
0.000210315
2158.4,0.0210575
0.000210575
2157.06,0.0210835
0.000210835
2155.73,0.0211096
0.000211096
2154.39,0.0211358
0.000211358
2153.06,0.021162
0.00021162
2151.72,0.0211884
0.000211884
2150.38,0.0212148
0.000212148
2149.04,0.0212412
0.000212412
2147.7,0.0212677
0.000212677
2146.36,0.0212943
0.000212943
2145.02,0.021321
0.00021321
2143.67,0.0213478
0.000213478
2142.33,0.0213746
0.000213746
2140.98,0.0214015
0.000214015
2139.63,0.0214284
0.000214284
2138.29,0.0214554
0.000214554
2136.94,0.0214825
0.000214825
2135.59,0.0215097
0.000215097
2134.24,0.0215369
0.000215369
2132.89,0.0215642
0.000215642
2131.53,0.0215916
0.000215916
2130.18,0.0216191
0.000216191
2128.82,0.0216466
0.000216466
2127.47,0.0216742
0.000216742
2126.11,0.0217018
0.000217018
2124.76,0.0217296
0.000217296
2123.4,0.0217573
0.000217574
2122.04,0.0217852
0.000217852
2120.68,0.0218132
0.000218132
2119.32,0.0218412
0.000218412
2117.96,0.0218692
0.000218692
2116.6,0.0218974
0.000218974
2115.23,0.0219256
0.000219256
2113.87,0.0219539
0.000219539
2112.51,0.0219823
0.000219823
2111.14,0.0220107
0.000220107
2109.78,0.0220392
0.000220392
2108.41,0.0220678
0.000220678
2107.04,0.0220964
0.000220964
2105.68,0.0221251
0.000221251
2104.31,0.0221539
0.000221539
2102.94,0.0221828
0.000221828
2101.57,0.0222117
0.000222117
2100.2,0.0222407
0.000222407
2098.83,0.0222697
0.000222697
2097.46,0.0222989
0.000222989
2096.09,0.0223281
0.000223281
2094.71,0.0223573
0.000223573
2093.34,0.0223867
0.000223867
2091.97,0.0224161
0.000224161
2090.59,0.0224456
0.000224456
2089.22,0.0224751
0.000224751
2087.84,0.0225047
0.000225047
2086.47,0.0225344
0.000225344
2085.09,0.0225642
0.000225642
2083.71,0.022594
0.00022594
2082.34,0.0226239
0.000226239
2080.96,0.0226538
0.000226538
2079.58,0.0226839
0.000226839
2078.2,0.022714
0.00022714
2076.83,0.0227441
0.000227441
2075.45,0.0227744
0.000227744
2074.07,0.0228046
0.000228046
2072.69,0.022835
0.00022835
2071.31,0.0228655
0.000228655
2069.93,0.022896
0.00022896
2068.55,0.0229265
0.000229265
2067.17,0.0229572
0.000229572
2065.78,0.0229879
0.000229879
2064.4,0.0230187
0.000230187
2063.02,0.0230495
0.000230495
2061.64,0.0230804
0.000230804
2060.26,0.0231114
0.000231114
2058.88,0.0231424
0.000231424
2057.49,0.0231735
0.000231735
2056.11,0.0232047
0.000232047
2054.73,0.0232359
0.000232359
2053.35,0.0232673
0.000232672
2051.96,0.0232986
0.000232986
2050.58,0.0233301
0.000233301
2049.2,0.0233616
0.000233616
2047.81,0.0233931
0.000233931
2046.43,0.0234248
0.000234248
2045.05,0.0234565
0.000234565
2043.66,0.0234882
0.000234882
2042.28,0.0235201
0.000235201
2040.9,0.023552
0.00023552
2039.51,0.0235839
0.000235839
2038.13,0.0236159
0.000236159
2036.75,0.023648
0.00023648
2035.36,0.0236802
0.000236802
2033.98,0.0237124
0.000237124
2032.6,0.0237447
0.000237447
2031.22,0.023777
0.00023777
2029.83,0.0238094
0.000238094
2028.45,0.0238419
0.000238419
2027.07,0.0238744
0.000238744
2025.69,0.023907
0.00023907
2024.3,0.0239396
0.000239396
2022.92,0.0239723
0.000239723
2021.54,0.0240051
0.000240051
2020.16,0.024038
0.00024038
2018.78,0.0240709
0.000240709
2017.4,0.0241038
0.000241038
2016.02,0.0241368
0.000241368
2014.64,0.0241699
0.000241699
2013.26,0.024203
0.00024203
2011.88,0.0242362
0.000242362
2010.5,0.0242695
0.000242695
2009.12,0.0243028
0.000243028
2007.74,0.0243362
0.000243362
2006.37,0.0243696
0.000243696
2004.99,0.0244031
0.000244031
2003.61,0.0244366
0.000244366
2002.24,0.0244702
0.000244702
2000.86,0.0245039
0.000245039
1999.49,0.0245376
0.000245376
1998.11,0.0245714
0.000245714
1996.74,0.0246052
0.000246052
1995.36,0.0246391
0.000246391
1993.99,0.024673
0.00024673
1992.62,0.024707
0.00024707
1991.25,0.0247411
0.000247411
1989.88,0.0247752
0.000247752
1988.51,0.0248093
0.000248093
1987.14,0.0248435
0.000248435
1985.77,0.0248778
0.000248778
1984.4,0.0249121
0.000249121
1983.03,0.0249465
0.000249465
1981.67,0.0249809
0.000249809
1980.3,0.0250154
0.000250154
1978.94,0.0250499
0.000250499
1977.57,0.0250844
0.000250844
1976.21,0.0251191
0.000251191
1974.85,0.0251537
0.000251537
1973.48,0.0251885
0.000251885
1972.12,0.0252232
0.000252232
1970.76,0.0252581
0.000252581
1969.41,0.0252929
0.000252929
1968.05,0.0253278
0.000253278
1966.69,0.0253628
0.000253628
1965.33,0.0253978
0.000253978
1963.98,0.0254328
0.000254328
1962.63,0.0254679
0.000254679
1961.27,0.0255031
0.000255031
1959.92,0.0255383
0.000255383
1958.57,0.0255735
0.000255735
1957.22,0.0256088
0.000256088
1955.87,0.0256441
0.000256441
1954.53,0.0256795
0.000256795
1953.18,0.0257149
0.000257149
1951.84,0.0257503
0.000257503
1950.49,0.0257858
0.000257858
1949.15,0.0258213
0.000258213
1947.81,0.0258569
0.000258569
1946.47,0.0258925
0.000258925
1945.13,0.0259282
0.000259282
1943.79,0.0259639
0.000259639
1942.46,0.0259996
0.000259996
1941.12,0.0260353
0.000260353
1939.79,0.0260711
0.000260711
1938.46,0.026107
0.00026107
1937.13,0.0261428
0.000261428
1935.8,0.0261787
0.000261787
1934.47,0.0262147
0.000262147
1933.15,0.0262506
0.000262506
1931.82,0.0262866
0.000262866
1930.5,0.0263227
0.000263227
1929.18,0.0263587
0.000263587
1927.86,0.0263948
0.000263948
1926.54,0.026431
0.00026431
1925.22,0.0264671
0.000264671
1923.91,0.0265033
0.000265033
1922.6,0.0265395
0.000265395
1921.28,0.0265758
0.000265758
1919.97,0.026612
0.00026612
1918.67,0.0266483
0.000266483
1917.36,0.0266847
0.000266847
1916.06,0.026721
0.00026721
1914.75,0.0267574
0.000267574
1913.45,0.0267938
0.000267938
1912.15,0.0268302
0.000268302
1910.86,0.0268666
0.000268666
1909.56,0.0269031
0.000269031
1908.27,0.0269396
0.000269396
1906.98,0.0269761
0.000269761
1905.69,0.0270126
0.000270126
1904.4,0.0270491
0.000270491
1903.11,0.0270857
0.000270857
1901.83,0.0271222
0.000271222
1900.55,0.0271588
0.000271588
1899.27,0.0271954
0.000271954
1897.99,0.027232
0.00027232
1896.72,0.0272687
0.000272687
1895.44,0.0273053
0.000273053
1894.17,0.027342
0.00027342
1892.9,0.0273786
0.000273786
1891.64,0.0274153
0.000274153
1890.37,0.027452
0.00027452
1889.11,0.0274887
0.000274887
1887.85,0.0275254
0.000275254
1886.59,0.0275621
0.000275621
1885.34,0.0275988
0.000275988
1884.09,0.0276355
0.000276355
1882.83,0.0276723
0.000276723
1881.59,0.027709
0.00027709
1880.34,0.0277457
0.000277457
1879.1,0.0277824
0.000277824
1877.86,0.0278192
0.000278192
1876.62,0.0278559
0.000278559
1875.38,0.0278926
0.000278926
1874.15,0.0279293
0.000279293
1872.92,0.0279661
0.000279661
1871.69,0.0280028
0.000280028
1870.46,0.0280395
0.000280395
1869.24,0.0280762
0.000280762
1868.02,0.0281129
0.000281129
1866.8,0.0281496
0.000281496
1865.59,0.0281863
0.000281863
1864.38,0.0282229
0.000282229
1863.17,0.0282596
0.000282596
1861.96,0.0282962
0.000282962
1860.76,0.0283328
0.000283328
1859.55,0.0283695
0.000283695
1858.36,0.0284061
0.000284061
1857.16,0.0284427
0.000284427
1855.97,0.0284792
0.000284792
1854.78,0.0285158
0.000285158
1853.59,0.0285523
0.000285523
1852.41,0.0285888
0.000285888
1851.23,0.0286253
0.000286253
1850.05,0.0286617
0.000286617
1848.87,0.0286982
0.000286982
1847.7,0.0287346
0.000287346
1846.53,0.028771
0.00028771
1845.37,0.0288073
0.000288073
1844.21,0.0288437
0.000288437
1843.05,0.02888
0.0002888
1841.89,0.0289162
0.000289162
1840.74,0.0289525
0.000289525
1839.59,0.0289887
0.000289887
1838.44,0.0290248
0.000290248
1837.3,0.029061
0.00029061
1836.16,0.0290971
0.000290971
1835.02,0.0291331
0.000291331
1833.89,0.0291691
0.000291691
1832.76,0.0292051
0.000292051
1831.63,0.029241
0.00029241
1830.51,0.0292769
0.000292769
1829.39,0.0293128
0.000293128
1828.27,0.0293486
0.000293486
1827.16,0.0293843
0.000293843
1826.05,0.0294201
0.000294201
1824.94,0.0294557
0.000294557
1823.84,0.0294913
0.000294913
1822.74,0.0295269
0.000295269
1821.65,0.0295624
0.000295624
1820.56,0.0295978
0.000295978
1819.47,0.0296332
0.000296332
1818.39,0.0296686
0.000296686
1817.31,0.0297039
0.000297039
1816.23,0.0297391
0.000297391
1815.16,0.0297742
0.000297742
1814.09,0.0298093
0.000298093
1813.02,0.0298444
0.000298444
1811.96,0.0298794
0.000298794
1810.9,0.0299143
0.000299143
1809.85,0.0299491
0.000299491
1808.8,0.0299839
0.000299839
1807.76,0.0300186
0.000300186
1806.71,0.0300532
0.000300532
1805.68,0.0300878
0.000300878
1804.64,0.0301222
0.000301222
1803.61,0.0301566
0.000301566
1802.59,0.030191
0.00030191
1801.56,0.0302252
0.000302252
1800.55,0.0302594
0.000302594
1799.53,0.0302935
0.000302935
1798.52,0.0303275
0.000303275
1797.52,0.0303614
0.000303614
1796.52,0.0303953
0.000303953
1795.52,0.030429
0.00030429
1794.53,0.0304627
0.000304627
1793.54,0.0304963
0.000304963
1792.56,0.0305297
0.000305298
1791.58,0.0305631
0.000305631
1790.6,0.0305964
0.000305964
1789.63,0.0306297
0.000306297
1788.66,0.0306628
0.000306628
1787.7,0.0306958
0.000306958
1786.74,0.0307287
0.000307287
1785.79,0.0307615
0.000307615
1784.84,0.0307942
0.000307942
1783.9,0.0308268
0.000308268
1782.96,0.0308593
0.000308593
1782.02,0.0308917
0.000308917
1781.09,0.030924
0.00030924
1780.17,0.0309562
0.000309562
1779.25,0.0309883
0.000309883
1778.33,0.0310202
0.000310202
1777.42,0.0310521
0.000310521
1776.51,0.0310838
0.000310838
1775.61,0.0311154
0.000311154
1774.71,0.0311469
0.000311469
1773.82,0.0311783
0.000311783
1772.93,0.0312095
0.000312095
1772.04,0.0312406
0.000312406
1771.17,0.0312717
0.000312717
1770.29,0.0313025
0.000313025
1769.42,0.0313333
0.000313333
1768.56,0.0313639
0.000313639
1767.7,0.0313944
0.000313944
1766.85,0.0314248
0.000314248
1766,0.031455
0.00031455
1765.15,0.0314851
0.000314851
1764.31,0.0315151
0.00031515
1763.48,0.0315449
0.000315449
1762.65,0.0315746
0.000315746
1761.83,0.0316041
0.000316041
1761.01,0.0316335
0.000316335
1760.19,0.0316628
0.000316628
1759.38,0.0316919
0.000316919
1758.58,0.0317208
0.000317208
1757.78,0.0317497
0.000317497
1756.99,0.0317783
0.000317783
1756.2,0.0318068
0.000318068
1755.42,0.0318352
0.000318352
1754.64,0.0318634
0.000318634
1753.87,0.0318915
0.000318915
1753.1,0.0319194
0.000319194
1752.34,0.0319471
0.000319471
1751.58,0.0319747
0.000319747
1750.83,0.0320021
0.000320021
1750.09,0.0320294
0.000320294
1749.35,0.0320565
0.000320565
1748.61,0.0320834
0.000320834
1747.89,0.0321102
0.000321102
1747.16,0.0321368
0.000321368
1746.44,0.0321632
0.000321632
1745.73,0.0321895
0.000321895
1745.03,0.0322156
0.000322156
1744.32,0.0322415
0.000322415
1743.63,0.0322672
0.000322672
1742.94,0.0322928
0.000322928
1742.25,0.0323181
0.000323181
1741.57,0.0323433
0.000323433
1740.9,0.0323684
0.000323684
1740.23,0.0323932
0.000323932
1739.57,0.0324178
0.000324178
1738.92,0.0324423
0.000324423
1738.27,0.0324666
0.000324666
1737.62,0.0324907
0.000324907
1736.98,0.0325146
0.000325146
1736.35,0.0325383
0.000325383
1735.72,0.0325618
0.000325618
1735.1,0.0325851
0.000325851
1734.49,0.0326083
0.000326083
1733.88,0.0326312
0.000326312
1733.27,0.0326539
0.00032654
1732.67,0.0326765
0.000326765
1732.08,0.0326988
0.000326988
1731.5,0.032721
0.00032721
1730.92,0.0327429
0.000327429
1730.34,0.0327646
0.000327646
1729.77,0.0327862
0.000327862
1729.21,0.0328075
0.000328075
1728.66,0.0328286
0.000328286
1728.11,0.0328495
0.000328495
1727.56,0.0328702
0.000328702
1727.02,0.0328907
0.000328907
1726.49,0.0329109
0.000329109
1725.97,0.032931
0.00032931
1725.45,0.0329508
0.000329508
1724.93,0.0329704
0.000329704
1724.43,0.0329898
0.000329898
1723.92,0.033009
0.00033009
1723.43,0.033028
0.00033028
1722.94,0.0330467
0.000330467
1722.46,0.0330652
0.000330652
1721.98,0.0330835
0.000330835
1721.51,0.0331016
0.000331016
1721.05,0.0331195
0.000331195
1720.59,0.0331371
0.000331371
1720.14,0.0331545
0.000331545
1719.69,0.0331716
0.000331716
1719.25,0.0331886
0.000331886
1718.82,0.0332053
0.000332053
1718.4,0.0332217
0.000332217
1717.98,0.033238
0.00033238
1717.56,0.033254
0.00033254
1717.16,0.0332697
0.000332697
1716.76,0.0332853
0.000332853
1716.36,0.0333006
0.000333006
1715.97,0.0333156
0.000333156
1715.59,0.0333304
0.000333304
1715.22,0.033345
0.00033345
1714.85,0.0333593
0.000333593
1714.49,0.0333734
0.000333734
1714.13,0.0333873
0.000333873
1713.78,0.0334009
0.000334009
1713.44,0.0334142
0.000334142
1713.1,0.0334274
0.000334274
1712.77,0.0334402
0.000334402
1712.45,0.0334528
0.000334528
1712.13,0.0334652
0.000334652
1711.82,0.0334773
0.000334773
1711.52,0.0334892
0.000334892
1711.22,0.0335008
0.000335008
1710.93,0.0335122
0.000335122
1710.65,0.0335233
0.000335233
1710.37,0.0335342
0.000335342
1710.1,0.0335448
0.000335448
1709.84,0.0335552
0.000335552
1709.58,0.0335653
0.000335653
1709.33,0.0335751
0.000335751
1709.09,0.0335847
0.000335847
1708.85,0.033594
0.00033594
1708.62,0.0336031
0.000336031
1708.39,0.0336119
0.000336119
1708.18,0.0336205
0.000336205
1707.96,0.0336288
0.000336288
1707.76,0.0336368
0.000336368
1707.56,0.0336446
0.000336446
1707.37,0.0336521
0.000336521
1707.19,0.0336594
0.000336594
1707.01,0.0336664
0.000336664
1706.84,0.0336731
0.000336731
1706.68,0.0336796
0.000336796
1706.52,0.0336858
0.000336858
1706.37,0.0336918
0.000336918
1706.22,0.0336975
0.000336975
1706.09,0.0337029
0.000337029
1705.96,0.033708
0.00033708
1705.83,0.0337129
0.000337129
1705.72,0.0337175
0.000337175
1705.61,0.0337219
0.000337219
1705.5,0.033726
0.00033726
1705.4,0.0337298
0.000337298
1705.32,0.0337334
0.000337334
1705.23,0.0337367
0.000337367
1705.16,0.0337397
0.000337397
1705.09,0.0337425
0.000337425
1705.02,0.0337449
0.000337449
1704.97,0.0337472
0.000337472
1704.92,0.0337491
0.000337491
1704.87,0.0337508
0.000337508
1704.84,0.0337522
0.000337522
1704.81,0.0337534
0.000337534
1704.79,0.0337543
0.000337543
1704.77,0.0337549
0.000337549
1704.76,0.0337552
0.000337552
1704.76,0.0337553
0.000337553
1704.77,0.0337551
0.000337551
1704.78,0.0337547
0.000337547
1704.8,0.0337539
0.000337539
1704.82,0.033753
0.00033753
1704.85,0.0337517
0.000337517
1704.89,0.0337502
0.000337502
1704.94,0.0337484
0.000337484
1704.99,0.0337463
0.000337463
1705.05,0.033744
0.00033744
1705.11,0.0337414
0.000337414
1705.19,0.0337385
0.000337385
1705.26,0.0337354
0.000337354
1705.35,0.033732
0.00033732
1705.44,0.0337283
0.000337283
1705.54,0.0337244
0.000337244
1705.65,0.0337202
0.000337202
1705.76,0.0337157
0.000337157
1705.88,0.033711
0.00033711
1706.01,0.033706
0.00033706
1706.14,0.0337007
0.000337007
1706.28,0.0336952
0.000336952
1706.43,0.0336894
0.000336894
1706.58,0.0336833
0.000336833
1706.74,0.033677
0.00033677
1706.91,0.0336704
0.000336704
1707.08,0.0336636
0.000336636
1707.26,0.0336565
0.000336565
1707.45,0.0336491
0.000336491
1707.64,0.0336415
0.000336415
1707.84,0.0336336
0.000336336
1708.05,0.0336255
0.000336255
1708.26,0.0336171
0.000336171
1708.48,0.0336084
0.000336084
1708.71,0.0335995
0.000335995
1708.94,0.0335903
0.000335903
1709.18,0.0335808
0.000335808
1709.43,0.0335711
0.000335711
1709.68,0.0335612
0.000335612
1709.94,0.033551
0.00033551
1710.21,0.0335405
0.000335405
1710.48,0.0335298
0.000335298
1710.76,0.0335188
0.000335188
1711.05,0.0335076
0.000335076
1711.34,0.0334961
0.000334961
1711.64,0.0334844
0.000334844
1711.95,0.0334724
0.000334724
1712.26,0.0334602
0.000334602
1712.58,0.0334477
0.000334477
1712.91,0.033435
0.00033435
1713.24,0.0334221
0.000334221
1713.58,0.0334088
0.000334088
1713.92,0.0333954
0.000333954
1714.27,0.0333817
0.000333817
1714.63,0.0333677
0.000333677
1715,0.0333535
0.000333535
1715.37,0.0333391
0.000333391
1715.75,0.0333244
0.000333244
1716.13,0.0333095
0.000333095
1716.52,0.0332944
0.000332944
1716.92,0.033279
0.00033279
1717.32,0.0332634
0.000332634
1717.73,0.0332475
0.000332475
1718.15,0.0332314
0.000332314
1718.57,0.0332151
0.000332151
1719,0.0331985
0.000331985
1719.43,0.0331817
0.000331817
1719.87,0.0331647
0.000331647
1720.32,0.0331474
0.000331474
1720.77,0.03313
0.0003313
1721.24,0.0331122
0.000331122
1721.7,0.0330943
0.000330943
1722.17,0.0330761
0.000330761
1722.65,0.0330578
0.000330578
1723.14,0.0330391
0.000330391
1723.63,0.0330203
0.000330203
1724.13,0.0330013
0.000330013
1724.63,0.032982
0.00032982
1725.14,0.0329625
0.000329625
1725.66,0.0329428
0.000329428
1726.18,0.0329229
0.000329229
1726.71,0.0329027
0.000329027
1727.24,0.0328824
0.000328824
1727.78,0.0328618
0.000328618
1728.33,0.032841
0.00032841
1728.88,0.03282
0.0003282
1729.44,0.0327988
0.000327988
1730,0.0327774
0.000327774
1730.57,0.0327558
0.000327558
1731.15,0.032734
0.00032734
1731.73,0.032712
0.00032712
1732.32,0.0326898
0.000326898
1732.92,0.0326673
0.000326673
1733.52,0.0326447
0.000326447
1734.12,0.0326219
0.000326219
1734.73,0.0325989
0.000325989
1735.35,0.0325757
0.000325757
1735.98,0.0325523
0.000325523
1736.61,0.0325287
0.000325287
1737.24,0.0325049
0.000325049
1737.88,0.0324809
0.000324809
1738.53,0.0324567
0.000324567
1739.18,0.0324324
0.000324324
1739.84,0.0324078
0.000324078
1740.5,0.0323831
0.000323831
1741.17,0.0323582
0.000323582
1741.85,0.0323331
0.000323331
1742.53,0.0323078
0.000323078
1743.22,0.0322824
0.000322824
1743.91,0.0322568
0.000322568
1744.61,0.032231
0.00032231
1745.31,0.032205
0.00032205
1746.02,0.0321788
0.000321788
1746.74,0.0321525
0.000321525
1747.46,0.032126
0.00032126
1748.18,0.0320993
0.000320993
1748.91,0.0320725
0.000320725
1749.65,0.0320455
0.000320455
1750.39,0.0320183
0.000320183
1751.14,0.031991
0.00031991
1751.89,0.0319635
0.000319635
1752.65,0.0319359
0.000319359
1753.41,0.0319081
0.000319081
1754.18,0.0318801
0.000318801
1754.96,0.031852
0.00031852
1755.74,0.0318237
0.000318237
1756.52,0.0317953
0.000317953
1757.31,0.0317667
0.000317667
1758.11,0.031738
0.00031738
1758.91,0.0317091
0.000317091
1759.71,0.0316801
0.000316801
1760.52,0.0316509
0.000316509
1761.34,0.0316216
0.000316216
1762.16,0.0315921
0.000315921
1762.99,0.0315625
0.000315625
1763.82,0.0315328
0.000315328
1764.65,0.0315029
0.000315029
1765.49,0.0314729
0.000314729
1766.34,0.0314427
0.000314427
1767.19,0.0314124
0.000314124
1768.05,0.031382
0.00031382
1768.91,0.0313515
0.000313515
1769.78,0.0313208
0.000313208
1770.65,0.03129
0.0003129
1771.52,0.0312591
0.000312591
1772.4,0.031228
0.00031228
1773.29,0.0311968
0.000311968
1774.18,0.0311655
0.000311655
1775.07,0.0311341
0.000311341
1775.97,0.0311026
0.000311026
1776.88,0.0310709
0.000310709
1777.79,0.0310391
0.000310391
1778.7,0.0310072
0.000310072
1779.62,0.0309752
0.000309752
1780.54,0.0309431
0.000309431
1781.47,0.0309109
0.000309109
1782.4,0.0308786
0.000308786
1783.34,0.0308461
0.000308461
1784.28,0.0308136
0.000308136
1785.23,0.0307809
0.000307809
1786.18,0.0307482
0.000307482
1787.13,0.0307153
0.000307153
1788.09,0.0306824
0.000306824
1789.06,0.0306493
0.000306493
1790.02,0.0306162
0.000306162
1791,0.0305829
0.000305829
1791.97,0.0305496
0.000305496
1792.96,0.0305161
0.000305161
1793.94,0.0304826
0.000304826
1794.93,0.030449
0.00030449
1795.93,0.0304153
0.000304153
1796.92,0.0303815
0.000303815
1797.93,0.0303476
0.000303476
1798.93,0.0303137
0.000303137
1799.95,0.0302796
0.000302796
1800.96,0.0302455
0.000302455
1801.98,0.0302113
0.000302113
1803,0.030177
0.00030177
1804.03,0.0301427
0.000301427
1805.06,0.0301082
0.000301082
1806.1,0.0300737
0.000300737
1807.14,0.0300391
0.000300391
1808.18,0.0300045
0.000300045
1809.23,0.0299697
0.000299697
1810.28,0.0299349
0.000299349
1811.33,0.0299001
0.000299001
1812.39,0.0298651
0.000298651
1813.46,0.0298301
0.000298301
1814.52,0.0297951
0.000297951
1815.59,0.0297599
0.000297599
1816.67,0.0297248
0.000297248
1817.75,0.0296895
0.000296895
1818.83,0.0296542
0.000296542
1819.91,0.0296188
0.000296188
1821,0.0295834
0.000295834
1822.09,0.0295479
0.000295479
1823.19,0.0295124
0.000295124
1824.29,0.0294768
0.000294768
1825.39,0.0294412
0.000294412
1826.5,0.0294055
0.000294055
1827.61,0.0293698
0.000293698
1828.73,0.029334
0.00029334
1829.84,0.0292982
0.000292982
1830.96,0.0292623
0.000292623
1832.09,0.0292264
0.000292264
1833.22,0.0291905
0.000291905
1834.35,0.0291545
0.000291545
1835.48,0.0291184
0.000291184
1836.62,0.0290824
0.000290824
1837.76,0.0290463
0.000290463
1838.91,0.0290101
0.000290101
1840.06,0.0289739
0.000289739
1841.21,0.0289377
0.000289377
1842.36,0.0289015
0.000289015
1843.52,0.0288652
0.000288652
1844.68,0.0288289
0.000288289
1845.84,0.0287925
0.000287925
1847.01,0.0287562
0.000287562
1848.18,0.0287198
0.000287198
1849.35,0.0286833
0.000286833
1850.53,0.0286469
0.000286469
1851.71,0.0286104
0.000286104
1852.89,0.0285739
0.000285739
1854.07,0.0285374
0.000285374
1855.26,0.0285009
0.000285009
1856.45,0.0284643
0.000284643
1857.65,0.0284277
0.000284278
1858.84,0.0283912
0.000283912
1860.04,0.0283546
0.000283546
1861.25,0.0283179
0.000283179
1862.45,0.0282813
0.000282813
1863.66,0.0282446
0.000282446
1864.87,0.028208
0.00028208
1866.08,0.0281713
0.000281713
1867.3,0.0281346
0.000281346
1868.52,0.0280979
0.000280979
1869.74,0.0280612
0.000280612
1870.96,0.0280245
0.000280245
1872.19,0.0279878
0.000279878
1873.42,0.0279511
0.000279511
1874.65,0.0279144
0.000279144
1875.89,0.0278777
0.000278777
1877.12,0.0278409
0.000278409
1878.36,0.0278042
0.000278042
1879.6,0.0277675
0.000277675
1880.85,0.0277307
0.000277307
1882.09,0.027694
0.00027694
1883.34,0.0276573
0.000276573
1884.6,0.0276206
0.000276206
1885.85,0.0275839
0.000275839
1887.11,0.0275472
0.000275472
1888.36,0.0275104
0.000275104
1889.62,0.0274738
0.000274738
1890.89,0.0274371
0.000274371
1892.15,0.0274004
0.000274004
1893.42,0.0273637
0.000273637
1894.69,0.027327
0.00027327
1895.96,0.0272904
0.000272904
1897.24,0.0272538
0.000272538
1898.51,0.0272171
0.000272171
1899.79,0.0271805
0.000271805
1901.07,0.0271439
0.000271439
1902.35,0.0271073
0.000271073
1903.64,0.0270708
0.000270708
1904.92,0.0270342
0.000270342
1906.21,0.0269977
0.000269977
1907.5,0.0269612
0.000269612
1908.79,0.0269247
0.000269247
1910.09,0.0268882
0.000268882
1911.38,0.0268518
0.000268518
1912.68,0.0268153
0.000268153
1913.98,0.0267789
0.000267789
1915.28,0.0267426
0.000267426
1916.59,0.0267062
0.000267062
1917.89,0.0266699
0.000266699
1919.2,0.0266335
0.000266335
1920.51,0.0265973
0.000265973
1921.82,0.026561
0.00026561
1923.13,0.0265248
0.000265248
1924.44,0.0264886
0.000264886
1925.76,0.0264524
0.000264524
1927.08,0.0264162
0.000264162
1928.4,0.0263801
0.000263801
1929.72,0.026344
0.00026344
1931.04,0.026308
0.00026308
1932.36,0.026272
0.00026272
1933.69,0.026236
0.00026236
1935.01,0.0262
0.000262
1936.34,0.0261641
0.000261641
1937.67,0.0261282
0.000261282
1939,0.0260924
0.000260924
1940.33,0.0260565
0.000260565
1941.67,0.0260208
0.000260208
1943,0.025985
0.00025985
1944.34,0.0259493
0.000259493
1945.68,0.0259136
0.000259136
1947.01,0.025878
0.00025878
1948.35,0.0258424
0.000258424
1949.7,0.0258069
0.000258069
1951.04,0.0257714
0.000257714
1952.38,0.0257359
0.000257359
1953.73,0.0257005
0.000257005
1955.07,0.0256651
0.000256651
1956.42,0.0256297
0.000256297
1957.77,0.0255944
0.000255944
1959.12,0.0255592
0.000255592
1960.47,0.0255239
0.000255239
1961.82,0.0254888
0.000254888
1963.18,0.0254536
0.000254536
1964.53,0.0254186
0.000254186
1965.89,0.0253835
0.000253835
1967.24,0.0253485
0.000253485
1968.6,0.0253136
0.000253136
1969.96,0.0252787
0.000252787
1971.32,0.0252439
0.000252439
1972.68,0.0252091
0.000252091
1974.04,0.0251743
0.000251743
1975.4,0.0251396
0.000251396
1976.76,0.025105
0.00025105
1978.13,0.0250704
0.000250704
1979.49,0.0250358
0.000250358
1980.86,0.0250013
0.000250013
1982.22,0.0249669
0.000249669
1983.59,0.0249325
0.000249325
1984.96,0.0248981
0.000248981
1986.33,0.0248638
0.000248638
1987.7,0.0248296
0.000248296
1989.07,0.0247954
0.000247954
1990.44,0.0247613
0.000247613
1991.81,0.0247272
0.000247272
1993.18,0.0246932
0.000246932
1994.55,0.0246592
0.000246592
1995.92,0.0246253
0.000246253
1997.3,0.0245914
0.000245914
1998.67,0.0245576
0.000245576
2000.05,0.0245239
0.000245239
2001.42,0.0244902
0.000244902
2002.8,0.0244565
0.000244565
2004.17,0.024423
0.00024423
2005.55,0.0243894
0.000243894
2006.93,0.024356
0.00024356
2008.31,0.0243226
0.000243226
2009.68,0.0242892
0.000242892
2011.06,0.0242559
0.000242559
2012.44,0.0242227
0.000242227
2013.82,0.0241895
0.000241895
2015.2,0.0241564
0.000241564
2016.58,0.0241234
0.000241234
2017.96,0.0240904
0.000240904
2019.34,0.0240574
0.000240574
2020.72,0.0240246
0.000240246
2022.1,0.0239918
0.000239918
2023.49,0.023959
0.00023959
2024.87,0.0239263
0.000239263
2026.25,0.0238937
0.000238937
2027.63,0.0238611
0.000238611
2029.01,0.0238286
0.000238286
2030.4,0.0237962
0.000237962
2031.78,0.0237638
0.000237638
2033.16,0.0237315
0.000237315
2034.54,0.0236993
0.000236993
2035.93,0.0236671
0.000236671
2037.31,0.0236349
0.000236349
2038.69,0.0236029
0.000236029
2040.08,0.0235709
0.000235709
2041.46,0.023539
0.00023539
2042.84,0.0235071
0.000235071
2044.23,0.0234753
0.000234753
2045.61,0.0234435
0.000234435
2046.99,0.0234119
0.000234119
2048.38,0.0233803
0.000233803
2049.76,0.0233487
0.000233487
2051.14,0.0233172
0.000233172
2052.53,0.0232858
0.000232858
2053.91,0.0232545
0.000232545
2055.29,0.0232232
0.000232232
2056.67,0.023192
0.00023192
2058.06,0.0231608
0.000231608
2059.44,0.0231298
0.000231298
2060.82,0.0230987
0.000230987
2062.2,0.0230678
0.000230678
2063.58,0.0230369
0.000230369
2064.97,0.0230061
0.000230061
2066.35,0.0229754
0.000229754
2067.73,0.0229447
0.000229447
2069.11,0.0229141
0.000229141
2070.49,0.0228835
0.000228835
2071.87,0.022853
0.00022853
2073.25,0.0228226
0.000228226
2074.63,0.0227923
0.000227923
2076.01,0.022762
0.00022762
2077.39,0.0227318
0.000227318
2078.77,0.0227017
0.000227017
2080.14,0.0226716
0.000226716
2081.52,0.0226416
0.000226416
2082.9,0.0226117
0.000226117
2084.28,0.0225818
0.000225818
2085.65,0.022552
0.00022552
2087.03,0.0225223
0.000225223
2088.4,0.0224926
0.000224926
2089.78,0.022463
0.00022463
2091.15,0.0224335
0.000224335
2092.53,0.0224041
0.000224041
2093.9,0.0223747
0.000223747
2095.27,0.0223454
0.000223454
2096.65,0.0223161
0.000223161
2098.02,0.022287
0.00022287
2099.39,0.0222579
0.000222579
2100.76,0.0222288
0.000222288
2102.13,0.0221999
0.000221999
2103.5,0.022171
0.00022171
2104.87,0.0221422
0.000221422
2106.23,0.0221134
0.000221134
2107.6,0.0220847
0.000220847
2108.97,0.0220561
0.000220561
2110.33,0.0220276
0.000220276
2111.7,0.0219991
0.000219991
2113.06,0.0219707
0.000219707
2114.43,0.0219424
0.000219424
2115.79,0.0219141
0.000219141
2117.15,0.0218859
0.000218859
2118.51,0.0218578
0.000218578
2119.87,0.0218297
0.000218297
2121.23,0.0218018
0.000218018
2122.59,0.0217738
0.000217738
2123.95,0.021746
0.00021746
2125.31,0.0217182
0.000217182
2126.67,0.0216905
0.000216905
2128.02,0.0216629
0.000216629
2129.38,0.0216353
0.000216353
2130.73,0.0216079
0.000216079
2132.08,0.0215804
0.000215804
2133.44,0.0215531
0.000215531
2134.79,0.0215258
0.000215258
2136.14,0.0214986
0.000214986
2137.49,0.0214715
0.000214715
2138.84,0.0214444
0.000214444
2140.18,0.0214174
0.000214174
2141.53,0.0213905
0.000213905
2142.88,0.0213636
0.000213636
2144.22,0.0213369
0.000213369
2145.56,0.0213101
0.000213101
2146.91,0.0212835
0.000212835
2148.25,0.0212569
0.000212569
2149.59,0.0212304
0.000212304
2150.93,0.021204
0.00021204
2152.27,0.0211776
0.000211776
2153.6,0.0211513
0.000211513
2154.94,0.0211251
0.000211251
2156.27,0.021099
0.00021099
2157.61,0.0210729
0.000210729
2158.94,0.0210469
0.000210469
2160.27,0.0210209
0.000210209
2161.6,0.0209951
0.000209951
2162.93,0.0209693
0.000209693
2164.26,0.0209435
0.000209435
2165.59,0.0209179
0.000209179
2166.91,0.0208923
0.000208923
2168.24,0.0208668
0.000208668
2169.56,0.0208413
0.000208413
2170.88,0.0208159
0.000208159
2172.2,0.0207906
0.000207906
2173.52,0.0207654
0.000207654
2174.84,0.0207402
0.000207402
2176.16,0.0207151
0.000207151
2177.48,0.0206901
0.000206901
2178.79,0.0206651
0.000206651
2180.1,0.0206403
0.000206403
2181.41,0.0206154
0.000206154
2182.73,0.0205907
0.000205907
2184.03,0.020566
0.00020566
2185.34,0.0205414
0.000205414
2186.65,0.0205168
0.000205168
2187.95,0.0204924
0.000204924
2189.26,0.020468
0.00020468
2190.56,0.0204436
0.000204436
2191.86,0.0204194
0.000204194
2193.16,0.0203952
0.000203952
2194.46,0.0203711
0.000203711
2195.76,0.020347
0.00020347
2197.05,0.020323
0.00020323
2198.35,0.0202991
0.000202991
2199.64,0.0202752
0.000202752
2200.93,0.0202515
0.000202515
2202.22,0.0202277
0.000202277
2203.51,0.0202041
0.000202041
2204.8,0.0201805
0.000201805
2206.08,0.020157
0.00020157
2207.36,0.0201336
0.000201336
2208.65,0.0201102
0.000201102
2209.93,0.0200869
0.000200869
2211.21,0.0200637
0.000200637
2212.48,0.0200405
0.000200405
2213.76,0.0200174
0.000200174
2215.04,0.0199944
0.000199944
2216.31,0.0199714
0.000199714
2217.58,0.0199485
0.000199485
2218.85,0.0199257
0.000199257
2220.12,0.0199029
0.000199029
2221.38,0.0198802
0.000198802
2222.65,0.0198576
0.000198576
2223.91,0.0198351
0.000198351
2225.17,0.0198126
0.000198126
2226.43,0.0197902
0.000197902
2227.69,0.0197678
0.000197678
2228.95,0.0197455
0.000197455
2230.21,0.0197233
0.000197233
2231.46,0.0197011
0.000197011
2232.71,0.0196791
0.000196791
2233.96,0.019657
0.00019657
2235.21,0.0196351
0.000196351
2236.46,0.0196132
0.000196132
2237.7,0.0195914
0.000195914
2238.94,0.0195696
0.000195696
2240.19,0.0195479
0.000195479
2241.43,0.0195263
0.000195263
2242.66,0.0195048
0.000195048
2243.9,0.0194833
0.000194833
2245.14,0.0194618
0.000194618
2246.37,0.0194405
0.000194405
2247.6,0.0194192
0.000194192
2248.83,0.019398
0.00019398
2250.06,0.0193768
0.000193768
2251.28,0.0193557
0.000193557
2252.51,0.0193347
0.000193347
2253.73,0.0193137
0.000193137
2254.95,0.0192928
0.000192928
2256.17,0.019272
0.00019272
2257.38,0.0192512
0.000192512
2258.6,0.0192305
0.000192305
2259.81,0.0192099
0.000192099
2261.02,0.0191893
0.000191893
2262.23,0.0191688
0.000191688
2263.44,0.0191484
0.000191484
2264.64,0.019128
0.00019128
2265.85,0.0191077
0.000191077
2267.05,0.0190874
0.000190874
2268.25,0.0190672
0.000190672
2269.45,0.0190471
0.000190471
2270.64,0.019027
0.00019027
2271.84,0.019007
0.00019007
2273.03,0.0189871
0.000189871
2274.22,0.0189673
0.000189673
2275.41,0.0189474
0.000189474
2276.59,0.0189277
0.000189277
2277.78,0.018908
0.00018908
2278.96,0.0188884
0.000188884
2280.14,0.0188689
0.000188689
2281.32,0.0188494
0.000188494
2282.5,0.0188299
0.000188299
2283.67,0.0188106
0.000188106
2284.84,0.0187913
0.000187913
2286.01,0.018772
0.00018772
2287.18,0.0187529
0.000187529
2288.35,0.0187338
0.000187338
2289.51,0.0187147
0.000187147
2290.67,0.0186957
0.000186957
2291.83,0.0186768
0.000186768
2292.99,0.0186579
0.000186579
2294.15,0.0186391
0.000186391
2295.3,0.0186204
0.000186204
2296.46,0.0186017
0.000186017
2297.61,0.0185831
0.000185831
2298.75,0.0185645
0.000185645
2299.9,0.0185461
0.000185461
2301.04,0.0185276
0.000185276
2302.18,0.0185092
0.000185093
2303.32,0.0184909
0.000184909
2304.46,0.0184727
0.000184727
2305.6,0.0184545
0.000184545
2306.73,0.0184364
0.000184364
2307.86,0.0184183
0.000184183
2308.99,0.0184003
0.000184003
2310.12,0.0183824
0.000183824
2311.24,0.0183645
0.000183645
2312.36,0.0183466
0.000183466
2313.48,0.0183289
0.000183289
2314.6,0.0183112
0.000183112
2315.72,0.0182935
0.000182935
2316.83,0.0182759
0.000182759
2317.94,0.0182584
0.000182584
2319.05,0.0182409
0.000182409
2320.16,0.0182235
0.000182235
2321.27,0.0182062
0.000182062
2322.37,0.0181889
0.000181889
2323.47,0.0181717
0.000181717
2324.57,0.0181545
0.000181545
2325.66,0.0181374
0.000181374
2326.76,0.0181203
0.000181203
2327.85,0.0181033
0.000181033
2328.94,0.0180864
0.000180864
2330.03,0.0180695
0.000180695
2331.11,0.0180527
0.000180527
2332.2,0.018036
0.00018036
2333.28,0.0180193
0.000180193
2334.35,0.0180026
0.000180026
2335.43,0.017986
0.00017986
2336.5,0.0179695
0.000179695
2337.58,0.017953
0.00017953
2338.65,0.0179366
0.000179366
2339.71,0.0179203
0.000179203
2340.78,0.017904
0.00017904
2341.84,0.0178877
0.000178877
2342.9,0.0178715
0.000178715
2343.96,0.0178554
0.000178554
2345.01,0.0178393
0.000178393
2346.07,0.0178233
0.000178233
2347.12,0.0178074
0.000178074
2348.16,0.0177915
0.000177915
2349.21,0.0177756
0.000177756
2350.25,0.0177598
0.000177598
2351.3,0.0177441
0.000177441
2352.34,0.0177284
0.000177284
2353.37,0.0177128
0.000177128
2354.41,0.0176973
0.000176973
2355.44,0.0176818
0.000176818
2356.47,0.0176663
0.000176663
2357.5,0.0176509
0.000176509
2358.52,0.0176356
0.000176356
2359.54,0.0176203
0.000176203
2360.56,0.0176051
0.000176051
2361.58,0.0175899
0.000175899
2362.6,0.0175748
0.000175748
2363.61,0.0175597
0.000175597
2364.62,0.0175447
0.000175447
2365.63,0.0175298
0.000175298
2366.63,0.0175149
0.000175149
2367.64,0.0175
0.000175
2368.64,0.0174852
0.000174852
2369.64,0.0174705
0.000174705
2370.63,0.0174558
0.000174558
2371.63,0.0174412
0.000174412
2372.62,0.0174266
0.000174266
2373.61,0.0174121
0.000174121
2374.59,0.0173976
0.000173976
2375.58,0.0173832
0.000173832
2376.56,0.0173689
0.000173689
2377.54,0.0173546
0.000173546
2378.51,0.0173403
0.000173403
2379.49,0.0173261
0.000173261
2380.46,0.017312
0.00017312
2381.43,0.0172979
0.000172979
2382.4,0.0172839
0.000172839
2383.36,0.0172699
0.000172699
2384.32,0.017256
0.00017256
2385.28,0.0172421
0.000172421
2386.24,0.0172283
0.000172283
2387.19,0.0172145
0.000172145
2388.14,0.0172008
0.000172008
2389.09,0.0171871
0.000171871
2390.04,0.0171735
0.000171735
2390.98,0.01716
0.0001716
2391.92,0.0171464
0.000171464
2392.86,0.017133
0.00017133
2393.8,0.0171196
0.000171196
2394.73,0.0171062
0.000171062
2395.67,0.0170929
0.000170929
2396.59,0.0170797
0.000170797
2397.52,0.0170665
0.000170665
2398.45,0.0170533
0.000170533
2399.37,0.0170402
0.000170402
2400.29,0.0170272
0.000170272
2401.2,0.0170142
0.000170142
2402.12,0.0170013
0.000170013
2403.03,0.0169884
0.000169884
2403.93,0.0169755
0.000169755
2404.84,0.0169628
0.000169628
2405.74,0.01695
0.0001695
2406.64,0.0169373
0.000169373
2407.54,0.0169247
0.000169247
2408.44,0.0169121
0.000169121
2409.33,0.0168996
0.000168996
2410.22,0.0168871
0.000168871
2411.11,0.0168747
0.000168747
2411.99,0.0168623
0.000168623
2412.88,0.0168499
0.000168499
2413.76,0.0168377
0.000168377
2414.63,0.0168254
0.000168254
2415.51,0.0168132
0.000168132
2416.38,0.0168011
0.000168011
2417.25,0.016789
0.00016789
2418.12,0.016777
0.00016777
2418.98,0.016765
0.00016765
2419.84,0.0167531
0.000167531
2420.7,0.0167412
0.000167412
2421.56,0.0167293
0.000167293
2422.41,0.0167175
0.000167175
2423.26,0.0167058
0.000167058
2424.11,0.0166941
0.000166941
2424.96,0.0166825
0.000166825
2425.8,0.0166709
0.000166709
2426.64,0.0166593
0.000166593
2427.48,0.0166478
0.000166478
2428.32,0.0166364
0.000166364
2429.15,0.016625
0.00016625
2429.98,0.0166136
0.000166136
2430.81,0.0166023
0.000166023
2431.63,0.016591
0.000165911
2432.45,0.0165798
0.000165798
2433.27,0.0165687
0.000165687
2434.09,0.0165576
0.000165576
2434.9,0.0165465
0.000165465
2435.71,0.0165355
0.000165355
2436.52,0.0165245
0.000165245
2437.33,0.0165136
0.000165136
2438.13,0.0165027
0.000165027
2438.93,0.0164919
0.000164919
2439.73,0.0164811
0.000164811
2440.52,0.0164704
0.000164704
2441.32,0.0164597
0.000164597
2442.11,0.016449
0.00016449
2442.89,0.0164384
0.000164384
2443.68,0.0164279
0.000164279
2444.46,0.0164174
0.000164174
2445.24,0.0164069
0.000164069
2446.01,0.0163965
0.000163965
2446.79,0.0163862
0.000163862
2447.56,0.0163758
0.000163758
2448.32,0.0163656
0.000163656
2449.09,0.0163553
0.000163553
2449.85,0.0163452
0.000163452
2450.61,0.016335
0.00016335
2451.37,0.016325
0.00016325
2452.12,0.0163149
0.000163149
2452.87,0.0163049
0.000163049
2453.62,0.016295
0.00016295
2454.37,0.0162851
0.000162851
2455.11,0.0162752
0.000162752
2455.85,0.0162654
0.000162654
2456.59,0.0162556
0.000162556
2457.32,0.0162459
0.000162459
2458.06,0.0162362
0.000162362
2458.79,0.0162266
0.000162266
2459.51,0.016217
0.00016217
2460.24,0.0162075
0.000162075
2460.96,0.016198
0.00016198
2461.67,0.0161885
0.000161885
2462.39,0.0161791
0.000161791
2463.1,0.0161698
0.000161698
2463.81,0.0161605
0.000161605
2464.52,0.0161512
0.000161512
2465.22,0.016142
0.00016142
2465.93,0.0161328
0.000161328
2466.62,0.0161236
0.000161236
2467.32,0.0161145
0.000161145
2468.01,0.0161055
0.000161055
2468.7,0.0160965
0.000160965
2469.39,0.0160875
0.000160875
2470.08,0.0160786
0.000160786
2470.76,0.0160697
0.000160697
2471.44,0.0160609
0.000160609
2472.11,0.0160521
0.000160521
2472.79,0.0160434
0.000160434
2473.46,0.0160347
0.000160347
2474.12,0.016026
0.00016026
2474.79,0.0160174
0.000160174
2475.45,0.0160088
0.000160088
2476.11,0.0160003
0.000160003
2476.77,0.0159918
0.000159918
2477.42,0.0159834
0.000159834
2478.07,0.015975
0.00015975
2478.72,0.0159666
0.000159666
2479.37,0.0159583
0.000159583
2480.01,0.0159501
0.000159501
2480.65,0.0159418
0.000159418
2481.28,0.0159337
0.000159337
2481.92,0.0159255
0.000159255
2482.55,0.0159174
0.000159174
2483.18,0.0159094
0.000159094
2483.8,0.0159014
0.000159014
2484.43,0.0158934
0.000158934
2485.05,0.0158855
0.000158855
2485.66,0.0158776
0.000158776
2486.28,0.0158698
0.000158698
2486.89,0.015862
0.00015862
2487.5,0.0158542
0.000158542
2488.1,0.0158465
0.000158465
2488.7,0.0158388
0.000158388
2489.3,0.0158312
0.000158312
2489.9,0.0158236
0.000158236
2490.49,0.015816
0.00015816
2491.09,0.0158085
0.000158085
2491.67,0.0158011
0.000158011
2492.26,0.0157937
0.000157937
2492.84,0.0157863
0.000157863
2493.42,0.0157789
0.000157789
2494,0.0157716
0.000157716
2494.57,0.0157644
0.000157644
2495.14,0.0157572
0.000157572
2495.71,0.01575
0.0001575
2496.28,0.0157429
0.000157429
2496.84,0.0157358
0.000157358
2497.4,0.0157287
0.000157287
2497.95,0.0157217
0.000157217
2498.51,0.0157148
0.000157148
2499.06,0.0157078
0.000157078
2499.61,0.0157009
0.000157009
2500.15,0.0156941
0.000156941
2500.69,0.0156873
0.000156873
2501.23,0.0156805
0.000156805
2501.77,0.0156738
0.000156738
2502.3,0.0156671
0.000156671
2502.83,0.0156605
0.000156605
2503.36,0.0156539
0.000156539
2503.89,0.0156473
0.000156473
2504.41,0.0156408
0.000156408
2504.93,0.0156343
0.000156343
2505.44,0.0156279
0.000156279
2505.96,0.0156215
0.000156215
2506.47,0.0156151
0.000156151
2506.97,0.0156088
0.000156088
2507.48,0.0156025
0.000156025
2507.98,0.0155963
0.000155963
2508.48,0.0155901
0.000155901
2508.97,0.0155839
0.000155839
2509.46,0.0155778
0.000155778
2509.95,0.0155717
0.000155717
2510.44,0.0155657
0.000155657
2510.93,0.0155597
0.000155597
2511.41,0.0155538
0.000155538
2511.88,0.0155478
0.000155478
2512.36,0.015542
0.00015542
2512.83,0.0155361
0.000155361
2513.3,0.0155303
0.000155303
2513.77,0.0155246
0.000155246
2514.23,0.0155188
0.000155188
2514.69,0.0155131
0.000155131
2515.15,0.0155075
0.000155075
2515.6,0.0155019
0.000155019
2516.05,0.0154963
0.000154963
2516.5,0.0154908
0.000154908
2516.95,0.0154853
0.000154853
2517.39,0.0154799
0.000154799
2517.83,0.0154745
0.000154745
2518.27,0.0154691
0.000154691
2518.7,0.0154638
0.000154638
2519.13,0.0154585
0.000154585
2519.56,0.0154532
0.000154532
2519.99,0.015448
0.00015448
2520.41,0.0154428
0.000154428
2520.83,0.0154377
0.000154377
2521.24,0.0154326
0.000154326
2521.66,0.0154275
0.000154275
2522.07,0.0154225
0.000154225
2522.47,0.0154175
0.000154175
2522.88,0.0154126
0.000154126
2523.28,0.0154077
0.000154077
2523.68,0.0154028
0.000154028
2524.07,0.015398
0.00015398
2524.47,0.0153932
0.000153932
2524.86,0.0153885
0.000153885
2525.24,0.0153838
0.000153838
2525.63,0.0153791
0.000153791
2526.01,0.0153744
0.000153744
2526.39,0.0153699
0.000153699
2526.76,0.0153653
0.000153653
2527.13,0.0153608
0.000153608
2527.5,0.0153563
0.000153563
2527.87,0.0153518
0.000153518
2528.23,0.0153474
0.000153474
2528.59,0.0153431
0.000153431
2528.95,0.0153387
0.000153387
2529.3,0.0153344
0.000153344
2529.65,0.0153302
0.000153302
2530,0.015326
0.00015326
2530.34,0.0153218
0.000153218
2530.69,0.0153177
0.000153177
2531.03,0.0153135
0.000153135
2531.36,0.0153095
0.000153095
2531.7,0.0153055
0.000153055
2532.03,0.0153015
0.000153015
2532.35,0.0152975
0.000152975
2532.68,0.0152936
0.000152936
2533,0.0152897
0.000152897
2533.32,0.0152859
0.000152859
2533.63,0.0152821
0.000152821
2533.94,0.0152783
0.000152783
2534.25,0.0152746
0.000152746
2534.56,0.0152709
0.000152709
2534.86,0.0152672
0.000152672
2535.16,0.0152636
0.000152636
2535.46,0.01526
0.0001526
2535.75,0.0152565
0.000152565
2536.05,0.015253
0.00015253
2536.33,0.0152495
0.000152495
2536.62,0.0152461
0.000152461
2536.9,0.0152427
0.000152427
2537.18,0.0152393
0.000152393
2537.46,0.015236
0.00015236
2537.73,0.0152327
0.000152327
2538,0.0152295
0.000152295
2538.27,0.0152263
0.000152263
2538.53,0.0152231
0.000152231
2538.79,0.01522
0.0001522
2539.05,0.0152169
0.000152169
2539.31,0.0152138
0.000152138
2539.56,0.0152108
0.000152108
2539.81,0.0152078
0.000152078
2540.06,0.0152049
0.000152049
2540.3,0.0152019
0.000152019
2540.54,0.0151991
0.000151991
2540.78,0.0151962
0.000151962
2541.01,0.0151934
0.000151934
2541.24,0.0151907
0.000151907
2541.47,0.0151879
0.000151879
2541.7,0.0151852
0.000151852
2541.92,0.0151826
0.000151826
2542.14,0.01518
0.0001518
2542.35,0.0151774
0.000151774
2542.57,0.0151748
0.000151748
2542.78,0.0151723
0.000151723
2542.99,0.0151698
0.000151698
2543.19,0.0151674
0.000151674
2543.39,0.015165
0.00015165
2543.59,0.0151626
0.000151626
2543.78,0.0151603
0.000151603
2543.98,0.015158
0.00015158
2544.17,0.0151558
0.000151558
2544.35,0.0151536
0.000151536
2544.54,0.0151514
0.000151514
2544.72,0.0151492
0.000151492
2544.89,0.0151471
0.000151471
2545.07,0.015145
0.00015145
2545.24,0.015143
0.00015143
2545.41,0.015141
0.00015141
2545.57,0.015139
0.00015139
2545.73,0.0151371
0.000151371
2545.89,0.0151352
0.000151352
2546.05,0.0151334
0.000151334
2546.2,0.0151315
0.000151315
2546.35,0.0151298
0.000151298
2546.5,0.015128
0.00015128
2546.64,0.0151263
0.000151263
2546.78,0.0151246
0.000151246
2546.92,0.015123
0.00015123
2547.06,0.0151214
0.000151214
2547.19,0.0151198
0.000151198
2547.32,0.0151183
0.000151183
2547.44,0.0151168
0.000151168
2547.57,0.0151153
0.000151153
2547.69,0.0151139
0.000151139
2547.8,0.0151125
0.000151125
2547.92,0.0151112
0.000151112
2548.03,0.0151099
0.000151099
2548.13,0.0151086
0.000151086
2548.24,0.0151074
0.000151074
2548.34,0.0151061
0.000151062
2548.44,0.015105
0.00015105
2548.54,0.0151038
0.000151038
2548.63,0.0151027
0.000151027
2548.72,0.0151017
0.000151017
2548.8,0.0151007
0.000151007
2548.89,0.0150997
0.000150997
2548.97,0.0150987
0.000150987
2549.05,0.0150978
0.000150978
2549.12,0.0150969
0.000150969
2549.19,0.0150961
0.000150961
2549.26,0.0150953
0.000150953
2549.33,0.0150945
0.000150945
2549.39,0.0150937
0.000150937
2549.45,0.015093
0.00015093
2549.5,0.0150924
0.000150924
2549.56,0.0150917
0.000150917
2549.61,0.0150912
0.000150912
2549.65,0.0150906
0.000150906
2549.7,0.0150901
0.000150901
2549.74,0.0150896
0.000150896
2549.78,0.0150891
0.000150891
2549.81,0.0150887
0.000150887
2549.85,0.0150883
0.000150883
2549.87,0.015088
0.00015088
2549.9,0.0150877
0.000150877
2549.92,0.0150874
0.000150874
2549.94,0.0150872
0.000150872
2549.96,0.015087
0.00015087
2549.97,0.0150868
0.000150868
2549.99,0.0150867
0.000150867
2549.99,0.0150866
0.000150866
2550,0.0150865
0.000150865
2550,0.0150865
0.000150865
2550,0.0150865
0.000150865
2549.99,0.0150866
0.000150866
2549.99,0.0150867
0.000150867
2549.98,0.0150868
0.000150868
2549.96,0.0150869
0.000150869
2549.95,0.0150871
0.000150871
2549.93,0.0150874
0.000150874
2549.91,0.0150876
0.000150876
2549.88,0.0150879
0.000150879
2549.85,0.0150883
0.000150883
2549.82,0.0150886
0.000150886
2549.79,0.015089
0.00015089
2549.75,0.0150895
0.000150895
2549.71,0.01509
0.0001509
2549.66,0.0150905
0.000150905
2549.62,0.015091
0.00015091
2549.57,0.0150916
0.000150916
2549.52,0.0150922
0.000150922
2549.46,0.0150929
0.000150929
2549.4,0.0150936
0.000150936
2549.34,0.0150943
0.000150943
2549.28,0.0150951
0.000150951
2549.21,0.0150959
0.000150959
2549.14,0.0150967
0.000150967
2549.06,0.0150976
0.000150976
2548.99,0.0150985
0.000150985
2548.91,0.0150995
0.000150995
2548.82,0.0151004
0.000151004
2548.74,0.0151015
0.000151015
2548.65,0.0151025
0.000151025
2548.56,0.0151036
0.000151036
2548.46,0.0151047
0.000151047
2548.36,0.0151059
0.000151059
2548.26,0.0151071
0.000151071
2548.16,0.0151083
0.000151083
2548.05,0.0151096
0.000151096
2547.94,0.0151109
0.000151109
2547.83,0.0151122
0.000151122
2547.71,0.0151136
0.000151136
2547.59,0.015115
0.00015115
2547.47,0.0151165
0.000151165
2547.35,0.015118
0.00015118
2547.22,0.0151195
0.000151195
2547.09,0.015121
0.00015121
2546.95,0.0151226
0.000151226
2546.81,0.0151243
0.000151243
2546.67,0.0151259
0.000151259
2546.53,0.0151276
0.000151276
2546.38,0.0151294
0.000151294
2546.24,0.0151312
0.000151312
2546.08,0.015133
0.00015133
2545.93,0.0151348
0.000151348
2545.77,0.0151367
0.000151367
2545.61,0.0151386
0.000151386
2545.44,0.0151406
0.000151406
2545.28,0.0151426
0.000151426
2545.11,0.0151446
0.000151446
2544.93,0.0151467
0.000151467
2544.76,0.0151488
0.000151488
2544.58,0.0151509
0.000151509
2544.39,0.0151531
0.000151531
2544.21,0.0151553
0.000151553
2544.02,0.0151575
0.000151575
2543.83,0.0151598
0.000151598
2543.63,0.0151621
0.000151621
2543.44,0.0151645
0.000151645
2543.23,0.0151669
0.000151669
2543.03,0.0151693
0.000151693
2542.82,0.0151718
0.000151718
2542.61,0.0151743
0.000151743
2542.4,0.0151768
0.000151768
2542.19,0.0151794
0.000151794
2541.97,0.015182
0.00015182
2541.75,0.0151846
0.000151846
2541.52,0.0151873
0.000151873
2541.29,0.01519
0.000151901
2541.06,0.0151928
0.000151928
2540.83,0.0151956
0.000151956
2540.59,0.0151984
0.000151984
2540.35,0.0152013
0.000152013
2540.11,0.0152042
0.000152042
2539.86,0.0152072
0.000152072
2539.62,0.0152101
0.000152101
2539.36,0.0152131
0.000152131
2539.11,0.0152162
0.000152162
2538.85,0.0152193
0.000152193
2538.59,0.0152224
0.000152224
2538.33,0.0152256
0.000152256
2538.06,0.0152288
0.000152288
2537.79,0.015232
0.00015232
2537.52,0.0152353
0.000152353
2537.24,0.0152386
0.000152386
2536.96,0.0152419
0.000152419
2536.68,0.0152453
0.000152453
2536.4,0.0152488
0.000152488
2536.11,0.0152522
0.000152522
2535.82,0.0152557
0.000152557
2535.53,0.0152592
0.000152592
2535.23,0.0152628
0.000152628
2534.93,0.0152664
0.000152664
2534.63,0.0152701
0.000152701
2534.32,0.0152738
0.000152738
2534.01,0.0152775
0.000152775
2533.7,0.0152812
0.000152812
2533.39,0.015285
0.00015285
2533.07,0.0152889
0.000152889
2532.75,0.0152927
0.000152927
2532.42,0.0152966
0.000152966
2532.1,0.0153006
0.000153006
2531.77,0.0153046
0.000153046
2531.44,0.0153086
0.000153086
2531.1,0.0153127
0.000153127
2530.76,0.0153167
0.000153167
2530.42,0.0153209
0.000153209
2530.08,0.015325
0.00015325
2529.73,0.0153293
0.000153293
2529.38,0.0153335
0.000153335
2529.02,0.0153378
0.000153378
2528.67,0.0153421
0.000153421
2528.31,0.0153465
0.000153465
2527.95,0.0153509
0.000153509
2527.58,0.0153553
0.000153553
2527.21,0.0153598
0.000153598
2526.84,0.0153643
0.000153643
2526.47,0.0153688
0.000153688
2526.09,0.0153734
0.000153734
2525.71,0.0153781
0.000153781
2525.33,0.0153827
0.000153827
2524.94,0.0153874
0.000153874
2524.55,0.0153922
0.000153922
2524.16,0.015397
0.00015397
2523.77,0.0154018
0.000154018
2523.37,0.0154066
0.000154066
2522.97,0.0154115
0.000154115
2522.56,0.0154165
0.000154165
2522.16,0.0154214
0.000154214
2521.75,0.0154264
0.000154264
2521.34,0.0154315
0.000154315
2520.92,0.0154366
0.000154366
2520.5,0.0154417
0.000154417
2520.08,0.0154469
0.000154469
2519.65,0.0154521
0.000154521
2519.23,0.0154573
0.000154573
2518.8,0.0154626
0.000154626
2518.36,0.0154679
0.000154679
2517.93,0.0154733
0.000154733
2517.49,0.0154787
0.000154787
2517.05,0.0154841
0.000154841
2516.6,0.0154896
0.000154896
2516.15,0.0154951
0.000154951
2515.7,0.0155007
0.000155007
2515.25,0.0155063
0.000155063
2514.79,0.0155119
0.000155119
2514.33,0.0155176
0.000155176
2513.87,0.0155233
0.000155233
2513.4,0.015529
0.00015529
2512.94,0.0155348
0.000155348
2512.46,0.0155407
0.000155407
2511.99,0.0155465
0.000155465
2511.51,0.0155524
0.000155524
2511.03,0.0155584
0.000155584
2510.55,0.0155644
0.000155644
2510.06,0.0155704
0.000155704
2509.57,0.0155765
0.000155765
2509.08,0.0155826
0.000155826
2508.59,0.0155887
0.000155887
2508.09,0.0155949
0.000155949
2507.59,0.0156011
0.000156012
2507.08,0.0156074
0.000156074
2506.58,0.0156137
0.000156137
2506.07,0.0156201
0.000156201
2505.56,0.0156265
0.000156265
2505.04,0.0156329
0.000156329
2504.52,0.0156394
0.000156394
2504,0.0156459
0.000156459
2503.48,0.0156524
0.000156524
2502.95,0.015659
0.00015659
2502.42,0.0156657
0.000156657
2501.89,0.0156723
0.000156723
2501.35,0.015679
0.00015679
2500.81,0.0156858
0.000156858
2500.27,0.0156926
0.000156926
2499.73,0.0156994
0.000156994
2499.18,0.0157063
0.000157063
2498.63,0.0157132
0.000157132
2498.08,0.0157202
0.000157202
2497.52,0.0157272
0.000157272
2496.96,0.0157342
0.000157342
2496.4,0.0157413
0.000157413
2495.84,0.0157484
0.000157484
2495.27,0.0157556
0.000157556
2494.7,0.0157628
0.000157628
2494.13,0.01577
0.0001577
2493.55,0.0157773
0.000157773
2492.97,0.0157846
0.000157846
2492.39,0.015792
0.00015792
2491.8,0.0157994
0.000157994
2491.22,0.0158069
0.000158069
2490.63,0.0158144
0.000158144
2490.03,0.0158219
0.000158219
2489.44,0.0158295
0.000158295
2488.84,0.0158371
0.000158371
2488.24,0.0158448
0.000158448
2487.63,0.0158525
0.000158525
2487.02,0.0158602
0.000158602
2486.41,0.015868
0.00015868
2485.8,0.0158758
0.000158758
2485.18,0.0158837
0.000158837
2484.56,0.0158916
0.000158916
2483.94,0.0158996
0.000158996
2483.32,0.0159076
0.000159076
2482.69,0.0159156
0.000159156
2482.06,0.0159237
0.000159237
2481.43,0.0159319
0.000159319
2480.79,0.01594
0.0001594
2480.15,0.0159482
0.000159482
2479.51,0.0159565
0.000159565
2478.87,0.0159648
0.000159648
2478.22,0.0159731
0.000159731
2477.57,0.0159815
0.000159815
2476.91,0.0159899
0.000159899
2476.26,0.0159984
0.000159984
2475.6,0.0160069
0.000160069
2474.94,0.0160155
0.000160155
2474.27,0.0160241
0.000160241
2473.61,0.0160327
0.000160327
2472.94,0.0160414
0.000160414
2472.26,0.0160502
0.000160502
2471.59,0.0160589
0.000160589
2470.91,0.0160678
0.000160678
2470.23,0.0160766
0.000160766
2469.54,0.0160855
0.000160855
2468.86,0.0160945
0.000160945
2468.17,0.0161035
0.000161035
2467.47,0.0161125
0.000161125
2466.78,0.0161216
0.000161216
2466.08,0.0161307
0.000161307
2465.38,0.0161399
0.000161399
2464.68,0.0161491
0.000161491
2463.97,0.0161584
0.000161584
2463.26,0.0161677
0.000161677
2462.55,0.0161771
0.000161771
2461.83,0.0161864
0.000161864
2461.12,0.0161959
0.000161959
2460.4,0.0162054
0.000162054
2459.67,0.0162149
0.000162149
2458.95,0.0162245
0.000162245
2458.22,0.0162341
0.000162341
2457.49,0.0162438
0.000162438
2456.75,0.0162535
0.000162535
2456.02,0.0162632
0.000162632
2455.28,0.016273
0.00016273
2454.53,0.0162829
0.000162829
2453.79,0.0162928
0.000162928
2453.04,0.0163027
0.000163027
2452.29,0.0163127
0.000163127
2451.54,0.0163227
0.000163227
2450.78,0.0163328
0.000163328
2450.02,0.0163429
0.000163429
2449.26,0.0163531
0.000163531
2448.49,0.0163633
0.000163633
2447.73,0.0163736
0.000163736
2446.96,0.0163839
0.000163839
2446.19,0.0163942
0.000163942
2445.41,0.0164046
0.000164046
2444.63,0.0164151
0.000164151
2443.85,0.0164255
0.000164255
2443.07,0.0164361
0.000164361
2442.28,0.0164467
0.000164467
2441.49,0.0164573
0.000164573
2440.7,0.016468
0.00016468
2439.91,0.0164787
0.000164787
2439.11,0.0164895
0.000164895
2438.31,0.0165003
0.000165003
2437.51,0.0165112
0.000165112
2436.7,0.0165221
0.000165221
2435.89,0.016533
0.00016533
2435.08,0.016544
0.00016544
2434.27,0.0165551
0.000165551
2433.45,0.0165662
0.000165662
2432.63,0.0165774
0.000165774
2431.81,0.0165885
0.000165885
2430.99,0.0165998
0.000165998
2430.16,0.0166111
0.000166111
2429.33,0.0166224
0.000166224
2428.5,0.0166338
0.000166338
2427.67,0.0166453
0.000166453
2426.83,0.0166568
0.000166568
2425.99,0.0166683
0.000166683
2425.15,0.0166799
0.000166799
2424.3,0.0166915
0.000166915
2423.45,0.0167032
0.000167032
2422.6,0.0167149
0.000167149
2421.75,0.0167267
0.000167267
2420.89,0.0167385
0.000167385
2420.04,0.0167504
0.000167504
2419.17,0.0167623
0.000167623
2418.31,0.0167743
0.000167743
2417.44,0.0167863
0.000167863
2416.58,0.0167984
0.000167984
2415.7,0.0168105
0.000168105
2414.83,0.0168227
0.000168227
2413.95,0.0168349
0.000168349
2413.07,0.0168472
0.000168472
2412.19,0.0168595
0.000168595
2411.31,0.0168719
0.000168719
2410.42,0.0168843
0.000168843
2409.53,0.0168968
0.000168968
2408.64,0.0169093
0.000169093
2407.74,0.0169219
0.000169219
2406.84,0.0169345
0.000169345
2405.94,0.0169472
0.000169472
2405.04,0.0169599
0.000169599
2404.14,0.0169727
0.000169727
2403.23,0.0169855
0.000169855
2402.32,0.0169984
0.000169984
2401.4,0.0170113
0.000170113
2400.49,0.0170243
0.000170243
2399.57,0.0170373
0.000170373
2398.65,0.0170504
0.000170504
2397.73,0.0170636
0.000170636
2396.8,0.0170767
0.000170767
2395.87,0.01709
0.0001709
2394.94,0.0171033
0.000171033
2394.01,0.0171166
0.000171166
2393.07,0.01713
0.0001713
2392.13,0.0171434
0.000171434
2391.19,0.0171569
0.000171569
2390.25,0.0171705
0.000171705
2389.3,0.0171841
0.000171841
2388.35,0.0171977
0.000171977
2387.4,0.0172114
0.000172114
2386.45,0.0172252
0.000172252
2385.49,0.017239
0.00017239
2384.54,0.0172529
0.000172529
2383.57,0.0172668
0.000172668
2382.61,0.0172808
0.000172808
2381.64,0.0172948
0.000172948
2380.68,0.0173089
0.000173089
2379.7,0.017323
0.00017323
2378.73,0.0173372
0.000173372
2377.76,0.0173514
0.000173514
2376.78,0.0173657
0.000173657
2375.8,0.01738
0.0001738
2374.81,0.0173944
0.000173944
2373.83,0.0174089
0.000174089
2372.84,0.0174234
0.000174234
2371.85,0.0174379
0.000174379
2370.86,0.0174526
0.000174526
2369.86,0.0174672
0.000174672
2368.86,0.0174819
0.000174819
2367.86,0.0174967
0.000174967
2366.86,0.0175116
0.000175116
2365.85,0.0175264
0.000175264
2364.85,0.0175414
0.000175414
2363.84,0.0175564
0.000175564
2362.82,0.0175714
0.000175714
2361.81,0.0175865
0.000175865
2360.79,0.0176017
0.000176017
2359.77,0.0176169
0.000176169
2358.75,0.0176322
0.000176322
2357.72,0.0176475
0.000176475
2356.7,0.0176629
0.000176629
2355.67,0.0176783
0.000176783
2354.64,0.0176938
0.000176938
2353.6,0.0177094
0.000177094
2352.57,0.017725
0.00017725
2351.53,0.0177406
0.000177406
2350.49,0.0177563
0.000177563
2349.44,0.0177721
0.000177721
2348.4,0.0177879
0.000177879
2347.35,0.0178038
0.000178038
2346.3,0.0178198
0.000178198
2345.25,0.0178358
0.000178358
2344.19,0.0178518
0.000178518
2343.13,0.0178679
0.000178679
2342.08,0.0178841
0.000178841
2341.01,0.0179003
0.000179003
2339.95,0.0179166
0.000179166
2338.88,0.017933
0.00017933
2337.81,0.0179494
0.000179494
2336.74,0.0179658
0.000179658
2335.67,0.0179823
0.000179823
2334.59,0.0179989
0.000179989
2333.52,0.0180156
0.000180156
2332.44,0.0180322
0.000180322
2331.35,0.018049
0.00018049
2330.27,0.0180658
0.000180658
2329.18,0.0180827
0.000180827
2328.09,0.0180996
0.000180996
2327,0.0181166
0.000181166
2325.91,0.0181336
0.000181336
2324.81,0.0181507
0.000181507
2323.71,0.0181679
0.000181679
2322.61,0.0181851
0.000181851
2321.51,0.0182024
0.000182024
2320.41,0.0182197
0.000182197
2319.3,0.0182371
0.000182371
2318.19,0.0182545
0.000182545
2317.08,0.018272
0.00018272
2315.97,0.0182896
0.000182896
2314.85,0.0183073
0.000183073
2313.73,0.0183249
0.000183249
2312.61,0.0183427
0.000183427
2311.49,0.0183605
0.000183605
2310.37,0.0183784
0.000183784
2309.24,0.0183963
0.000183963
2308.11,0.0184143
0.000184143
2306.98,0.0184324
0.000184324
2305.85,0.0184505
0.000184505
2304.71,0.0184687
0.000184687
2303.58,0.0184869
0.000184869
2302.44,0.0185052
0.000185052
2301.3,0.0185235
0.000185235
2300.15,0.018542
0.00018542
2299.01,0.0185604
0.000185604
2297.86,0.018579
0.00018579
2296.71,0.0185976
0.000185976
2295.56,0.0186162
0.000186162
2294.41,0.018635
0.00018635
2293.25,0.0186538
0.000186538
2292.09,0.0186726
0.000186726
2290.93,0.0186915
0.000186915
2289.77,0.0187105
0.000187105
2288.61,0.0187295
0.000187295
2287.44,0.0187486
0.000187486
2286.27,0.0187678
0.000187678
2285.1,0.018787
0.00018787
2283.93,0.0188063
0.000188063
2282.76,0.0188257
0.000188257
2281.58,0.0188451
0.000188451
2280.4,0.0188645
0.000188645
2279.22,0.0188841
0.000188841
2278.04,0.0189037
0.000189037
2276.86,0.0189233
0.000189233
2275.67,0.0189431
0.000189431
2274.48,0.0189629
0.000189629
2273.29,0.0189827
0.000189827
2272.1,0.0190026
0.000190026
2270.91,0.0190226
0.000190226
2269.71,0.0190427
0.000190426
2268.51,0.0190628
0.000190628
2267.32,0.0190829
0.000190829
2266.11,0.0191032
0.000191032
2264.91,0.0191235
0.000191235
2263.71,0.0191438
0.000191438
2262.5,0.0191643
0.000191643
2261.29,0.0191848
0.000191848
2260.08,0.0192053
0.000192053
2258.87,0.0192259
0.000192259
2257.65,0.0192466
0.000192466
2256.44,0.0192674
0.000192674
2255.22,0.0192882
0.000192882
2254,0.0193091
0.000193091
2252.78,0.01933
0.0001933
2251.55,0.0193511
0.000193511
2250.33,0.0193721
0.000193721
2249.1,0.0193933
0.000193933
2247.87,0.0194145
0.000194145
2246.64,0.0194358
0.000194358
2245.41,0.0194571
0.000194571
2244.17,0.0194785
0.000194785
2242.94,0.0195
0.000195
2241.7,0.0195215
0.000195215
2240.46,0.0195431
0.000195431
2239.22,0.0195648
0.000195648
2237.98,0.0195865
0.000195865
2236.73,0.0196084
0.000196084
2235.49,0.0196302
0.000196302
2234.24,0.0196522
0.000196522
2232.99,0.0196742
0.000196742
2231.74,0.0196962
0.000196962
2230.48,0.0197184
0.000197184
2229.23,0.0197406
0.000197406
2227.97,0.0197629
0.000197629
2226.71,0.0197852
0.000197852
2225.45,0.0198076
0.000198076
2224.19,0.0198301
0.000198301
2222.93,0.0198526
0.000198526
2221.66,0.0198752
0.000198752
2220.4,0.0198979
0.000198979
2219.13,0.0199206
0.000199206
2217.86,0.0199435
0.000199435
2216.59,0.0199663
0.000199663
2215.32,0.0199893
0.000199893
2214.04,0.0200123
0.000200123
2212.77,0.0200354
0.000200354
2211.49,0.0200585
0.000200585
2210.21,0.0200817
0.000200817
2208.93,0.020105
0.00020105
2207.65,0.0201284
0.000201284
2206.37,0.0201518
0.000201518
2205.08,0.0201753
0.000201753
2203.79,0.0201989
0.000201989
2202.51,0.0202225
0.000202225
2201.22,0.0202462
0.000202462
2199.93,0.02027
0.0002027
2198.63,0.0202938
0.000202938
2197.34,0.0203177
0.000203177
2196.04,0.0203417
0.000203417
2194.75,0.0203657
0.000203657
2193.45,0.0203898
0.000203898
2192.15,0.020414
0.00020414
2190.85,0.0204383
0.000204383
2189.55,0.0204626
0.000204626
2188.24,0.020487
0.00020487
2186.94,0.0205114
0.000205114
2185.63,0.0205359
0.000205359
2184.32,0.0205605
0.000205605
2183.02,0.0205852
0.000205852
2181.71,0.0206099
0.000206099
2180.39,0.0206347
0.000206347
2179.08,0.0206596
0.000206596
2177.77,0.0206846
0.000206846
2176.45,0.0207096
0.000207096
2175.13,0.0207347
0.000207347
2173.82,0.0207598
0.000207598
2172.5,0.020785
0.00020785
2171.18,0.0208103
0.000208103
2169.85,0.0208357
0.000208357
2168.53,0.0208611
0.000208611
2167.21,0.0208866
0.000208866
2165.88,0.0209122
0.000209122
2164.56,0.0209378
0.000209378
2163.23,0.0209635
0.000209635
2161.9,0.0209893
0.000209893
2160.57,0.0210152
0.000210152
2159.24,0.0210411
0.000210411
2157.9,0.0210671
0.000210671
2156.57,0.0210932
0.000210932
2155.24,0.0211193
0.000211193
2153.9,0.0211455
0.000211455
2152.56,0.0211718
0.000211718
2151.22,0.0211981
0.000211981
2149.89,0.0212245
0.000212245
2148.55,0.021251
0.00021251
2147.2,0.0212776
0.000212776
2145.86,0.0213042
0.000213042
2144.52,0.0213309
0.000213309
2143.17,0.0213577
0.000213577
2141.83,0.0213845
0.000213845
2140.48,0.0214114
0.000214114
2139.14,0.0214384
0.000214384
2137.79,0.0214655
0.000214655
2136.44,0.0214926
0.000214926
2135.09,0.0215198
0.000215198
2133.74,0.021547
0.00021547
2132.38,0.0215744
0.000215744
2131.03,0.0216018
0.000216018
2129.68,0.0216292
0.000216292
2128.32,0.0216568
0.000216568
2126.97,0.0216844
0.000216844
2125.61,0.0217121
0.000217121
2124.25,0.0217398
0.000217398
2122.9,0.0217677
0.000217677
2121.54,0.0217956
0.000217956
2120.18,0.0218235
0.000218235
2118.82,0.0218516
0.000218516
2117.46,0.0218797
0.000218797
2116.09,0.0219078
0.000219078
2114.73,0.0219361
0.000219361
2113.37,0.0219644
0.000219644
2112,0.0219928
0.000219928
2110.64,0.0220212
0.000220212
2109.27,0.0220498
0.000220498
2107.9,0.0220784
0.000220784
2106.54,0.022107
0.00022107
2105.17,0.0221358
0.000221358
2103.8,0.0221646
0.000221646
2102.43,0.0221935
0.000221935
2101.06,0.0222224
0.000222224
2099.69,0.0222514
0.000222514
2098.32,0.0222805
0.000222805
2096.95,0.0223097
0.000223097
2095.58,0.0223389
0.000223389
2094.2,0.0223682
0.000223682
2092.83,0.0223976
0.000223976
2091.46,0.022427
0.00022427
2090.08,0.0224565
0.000224565
2088.71,0.0224861
0.000224861
2087.33,0.0225157
0.000225157
2085.96,0.0225454
0.000225454
2084.58,0.0225752
0.000225752
2083.2,0.022605
0.00022605
2081.83,0.022635
0.000226349
2080.45,0.0226649
0.000226649
2079.07,0.022695
0.00022695
2077.69,0.0227251
0.000227251
2076.31,0.0227553
0.000227553
2074.94,0.0227856
0.000227856
2073.56,0.0228159
0.000228159
2072.18,0.0228463
0.000228463
2070.8,0.0228767
0.000228767
2069.42,0.0229073
0.000229073
2068.04,0.0229379
0.000229379
2066.65,0.0229685
0.000229685
2065.27,0.0229993
0.000229993
2063.89,0.0230301
0.000230301
2062.51,0.0230609
0.000230609
2061.13,0.0230919
0.000230919
2059.75,0.0231229
0.000231229
2058.36,0.0231539
0.000231539
2056.98,0.0231851
0.000231851
2055.6,0.0232163
0.000232163
2054.22,0.0232475
0.000232475
2052.83,0.0232789
0.000232789
2051.45,0.0233103
0.000233103
2050.07,0.0233417
0.000233417
2048.68,0.0233732
0.000233732
2047.3,0.0234048
0.000234048
2045.92,0.0234365
0.000234365
2044.53,0.0234682
0.000234682
2043.15,0.0235
0.000235
2041.77,0.0235319
0.000235319
2040.38,0.0235638
0.000235638
2039,0.0235958
0.000235958
2037.62,0.0236278
0.000236278
2036.23,0.0236599
0.000236599
2034.85,0.0236921
0.000236921
2033.47,0.0237243
0.000237243
2032.09,0.0237566
0.000237566
2030.7,0.023789
0.00023789
2029.32,0.0238214
0.000238214
2027.94,0.0238539
0.000238539
2026.56,0.0238864
0.000238864
2025.17,0.0239191
0.000239191
2023.79,0.0239517
0.000239517
2022.41,0.0239845
0.000239845
2021.03,0.0240173
0.000240173
2019.65,0.0240501
0.000240501
2018.27,0.024083
0.00024083
2016.89,0.024116
0.00024116
2015.51,0.0241491
0.000241491
2014.13,0.0241822
0.000241822
2012.75,0.0242153
0.000242153
2011.37,0.0242485
0.000242485
2009.99,0.0242818
0.000242818
2008.61,0.0243151
0.000243151
2007.23,0.0243485
0.000243485
2005.86,0.024382
0.00024382
2004.48,0.0244155
0.000244155
2003.1,0.0244491
0.000244491
2001.73,0.0244827
0.000244827
2000.35,0.0245164
0.000245164
1998.98,0.0245501
0.000245501
1997.6,0.0245839
0.000245839
1996.23,0.0246177
0.000246177
1994.86,0.0246516
0.000246516
1993.48,0.0246856
0.000246856
1992.11,0.0247196
0.000247196
1990.74,0.0247537
0.000247537
1989.37,0.0247878
0.000247878
1988,0.024822
0.00024822
1986.63,0.0248562
0.000248562
1985.26,0.0248905
0.000248905
1983.89,0.0249248
0.000249248
1982.53,0.0249592
0.000249592
1981.16,0.0249936
0.000249936
1979.8,0.0250281
0.000250281
1978.43,0.0250627
0.000250627
1977.07,0.0250972
0.000250972
1975.7,0.0251319
0.000251319
1974.34,0.0251666
0.000251666
1972.98,0.0252013
0.000252013
1971.62,0.0252361
0.000252361
1970.26,0.0252709
0.000252709
1968.9,0.0253058
0.000253058
1967.55,0.0253408
0.000253408
1966.19,0.0253757
0.000253757
1964.83,0.0254108
0.000254108
1963.48,0.0254458
0.000254458
1962.13,0.0254809
0.000254809
1960.77,0.0255161
0.000255161
1959.42,0.0255513
0.000255513
1958.07,0.0255866
0.000255866
1956.72,0.0256219
0.000256219
1955.37,0.0256572
0.000256572
1954.03,0.0256926
0.000256926
1952.68,0.025728
0.00025728
1951.34,0.0257634
0.000257634
1949.99,0.025799
0.00025799
1948.65,0.0258345
0.000258345
1947.31,0.0258701
0.000258701
1945.97,0.0259057
0.000259057
1944.64,0.0259414
0.000259414
1943.3,0.0259771
0.000259771
1941.96,0.0260128
0.000260128
1940.63,0.0260486
0.000260486
1939.3,0.0260844
0.000260844
1937.97,0.0261202
0.000261202
1936.64,0.0261561
0.000261561
1935.31,0.026192
0.00026192
1933.98,0.026228
0.00026228
1932.66,0.026264
0.00026264
1931.33,0.0263
0.000263
1930.01,0.026336
0.00026336
1928.69,0.0263721
0.000263721
1927.37,0.0264082
0.000264082
1926.05,0.0264443
0.000264443
1924.74,0.0264805
0.000264805
1923.42,0.0265167
0.000265167
1922.11,0.0265529
0.000265529
1920.8,0.0265892
0.000265892
1919.49,0.0266255
0.000266255
1918.18,0.0266618
0.000266618
1916.88,0.0266981
0.000266981
1915.57,0.0267345
0.000267345
1914.27,0.0267708
0.000267708
1912.97,0.0268072
0.000268072
1911.67,0.0268437
0.000268437
1910.38,0.0268801
0.000268801
1909.08,0.0269166
0.000269166
1907.79,0.0269531
0.000269531
1906.5,0.0269896
0.000269896
1905.21,0.0270261
0.000270261
1903.92,0.0270626
0.000270626
1902.64,0.0270992
0.000270992
1901.36,0.0271358
0.000271358
1900.08,0.0271724
0.000271724
1898.8,0.027209
0.00027209
1897.52,0.0272456
0.000272456
1896.25,0.0272822
0.000272822
1894.97,0.0273189
0.000273189
1893.7,0.0273555
0.000273555
1892.44,0.0273922
0.000273922
1891.17,0.0274289
0.000274289
1889.91,0.0274656
0.000274656
1888.64,0.0275023
0.000275023
1887.39,0.027539
0.00027539
1886.13,0.0275757
0.000275757
1884.87,0.0276124
0.000276124
1883.62,0.0276491
0.000276491
1882.37,0.0276858
0.000276858
1881.13,0.0277226
0.000277226
1879.88,0.0277593
0.000277593
1878.64,0.027796
0.00027796
1877.4,0.0278327
0.000278327
1876.16,0.0278695
0.000278695
1874.93,0.0279062
0.000279062
1873.69,0.0279429
0.000279429
1872.46,0.0279796
0.000279796
1871.24,0.0280163
0.000280163
1870.01,0.028053
0.000280531
1868.79,0.0280898
0.000280898
1867.57,0.0281264
0.000281264
1866.35,0.0281631
0.000281631
1865.14,0.0281998
0.000281998
1863.93,0.0282365
0.000282365
1862.72,0.0282731
0.000282731
1861.51,0.0283098
0.000283098
1860.31,0.0283464
0.000283464
1859.11,0.028383
0.00028383
1857.91,0.0284196
0.000284196
1856.72,0.0284562
0.000284562
1855.53,0.0284927
0.000284927
1854.34,0.0285293
0.000285293
1853.15,0.0285658
0.000285658
1851.97,0.0286023
0.000286023
1850.79,0.0286388
0.000286388
1849.61,0.0286752
0.000286752
1848.44,0.0287116
0.000287116
1847.27,0.028748
0.00028748
1846.1,0.0287844
0.000287844
1844.94,0.0288208
0.000288208
1843.78,0.0288571
0.000288571
1842.62,0.0288934
0.000288934
1841.46,0.0289296
0.000289296
1840.31,0.0289658
0.000289658
1839.16,0.029002
0.00029002
1838.02,0.0290382
0.000290382
1836.88,0.0290743
0.000290743
1835.74,0.0291104
0.000291104
1834.6,0.0291464
0.000291464
1833.47,0.0291824
0.000291824
1832.34,0.0292184
0.000292184
1831.22,0.0292543
0.000292543
1830.09,0.0292902
0.000292902
1828.98,0.029326
0.00029326
1827.86,0.0293618
0.000293618
1826.75,0.0293975
0.000293975
1825.64,0.0294332
0.000294332
1824.54,0.0294689
0.000294689
1823.44,0.0295045
0.000295045
1822.34,0.02954
0.0002954
1821.25,0.0295755
0.000295755
1820.16,0.0296109
0.000296109
1819.07,0.0296463
0.000296463
1817.99,0.0296816
0.000296816
1816.91,0.0297169
0.000297169
1815.83,0.0297521
0.000297521
1814.76,0.0297872
0.000297872
1813.69,0.0298223
0.000298223
1812.63,0.0298573
0.000298573
1811.57,0.0298922
0.000298922
1810.51,0.0299271
0.000299271
1809.46,0.0299619
0.000299619
1808.41,0.0299967
0.000299967
1807.37,0.0300314
0.000300314
1806.33,0.030066
0.00030066
1805.29,0.0301005
0.000301005
1804.26,0.0301349
0.000301349
1803.23,0.0301693
0.000301693
1802.21,0.0302036
0.000302036
1801.19,0.0302378
0.000302378
1800.17,0.030272
0.00030272
1799.16,0.030306
0.00030306
1798.15,0.03034
0.0003034
1797.15,0.0303739
0.000303739
1796.15,0.0304077
0.000304077
1795.15,0.0304415
0.000304415
1794.16,0.0304751
0.000304751
1793.18,0.0305086
0.000305086
1792.19,0.0305421
0.000305421
1791.22,0.0305754
0.000305754
1790.24,0.0306087
0.000306087
1789.27,0.0306419
0.000306419
1788.31,0.030675
0.00030675
1787.35,0.0307079
0.000307079
1786.39,0.0307408
0.000307408
1785.44,0.0307736
0.000307736
1784.49,0.0308063
0.000308063
1783.55,0.0308388
0.000308388
1782.61,0.0308713
0.000308713
1781.68,0.0309037
0.000309037
1780.75,0.0309359
0.000309359
1779.83,0.030968
0.00030968
1778.91,0.0310001
0.000310001
1777.99,0.031032
0.00031032
1777.08,0.0310638
0.000310638
1776.18,0.0310955
0.000310955
1775.28,0.031127
0.00031127
1774.38,0.0311585
0.000311585
1773.49,0.0311898
0.000311898
1772.6,0.031221
0.00031221
1771.72,0.0312521
0.000312521
1770.84,0.031283
0.00031283
1769.97,0.0313139
0.000313139
1769.1,0.0313446
0.000313446
1768.24,0.0313752
0.000313752
1767.38,0.0314056
0.000314056
1766.53,0.0314359
0.000314359
1765.68,0.0314661
0.000314661
1764.84,0.0314961
0.000314961
1764,0.0315261
0.000315261
1763.17,0.0315558
0.000315558
1762.35,0.0315855
0.000315855
1761.52,0.0316149
0.000316149
1760.71,0.0316443
0.000316443
1759.89,0.0316735
0.000316735
1759.09,0.0317026
0.000317026
1758.29,0.0317315
0.000317315
1757.49,0.0317602
0.000317602
1756.7,0.0317888
0.000317888
1755.91,0.0318173
0.000318173
1755.13,0.0318456
0.000318456
1754.36,0.0318738
0.000318738
1753.59,0.0319018
0.000319018
1752.82,0.0319296
0.000319296
1752.06,0.0319573
0.000319573
1751.31,0.0319848
0.000319848
1750.56,0.0320122
0.000320122
1749.82,0.0320394
0.000320394
1749.08,0.0320664
0.000320664
1748.35,0.0320933
0.000320933
1747.62,0.03212
0.0003212
1746.9,0.0321465
0.000321465
1746.18,0.0321729
0.000321729
1745.47,0.0321991
0.000321991
1744.77,0.0322251
0.000322251
1744.07,0.0322509
0.000322509
1743.37,0.0322766
0.000322766
1742.69,0.0323021
0.000323021
1742,0.0323274
0.000323274
1741.33,0.0323525
0.000323525
1740.66,0.0323775
0.000323775
1739.99,0.0324022
0.000324022
1739.33,0.0324268
0.000324268
1738.68,0.0324512
0.000324512
1738.03,0.0324754
0.000324754
1737.39,0.0324995
0.000324995
1736.75,0.0325233
0.000325233
1736.12,0.0325469
0.000325469
1735.49,0.0325704
0.000325704
1734.87,0.0325936
0.000325936
1734.26,0.0326167
0.000326167
1733.65,0.0326396
0.000326396
1733.05,0.0326622
0.000326622
1732.46,0.0326847
0.000326847
1731.87,0.0327069
0.000327069
1731.28,0.032729
0.00032729
1730.71,0.0327509
0.000327509
1730.13,0.0327725
0.000327725
1729.57,0.032794
0.00032794
1729.01,0.0328152
0.000328152
1728.45,0.0328362
0.000328362
1727.91,0.0328571
0.000328571
1727.36,0.0328777
0.000328777
1726.83,0.0328981
0.000328981
1726.3,0.0329183
0.000329183
1725.78,0.0329382
0.000329382
1725.26,0.032958
0.00032958
1724.75,0.0329775
0.000329775
1724.24,0.0329969
0.000329969
1723.74,0.033016
0.00033016
1723.25,0.0330348
0.000330348
1722.76,0.0330535
0.000330535
1722.28,0.0330719
0.000330719
1721.81,0.0330902
0.000330902
1721.34,0.0331081
0.000331081
1720.88,0.0331259
0.000331259
1720.43,0.0331434
0.000331434
1719.98,0.0331607
0.000331607
1719.53,0.0331778
0.000331778
1719.1,0.0331947
0.000331947
1718.67,0.0332113
0.000332113
1718.24,0.0332277
0.000332277
1717.83,0.0332438
0.000332438
1717.41,0.0332597
0.000332597
1717.01,0.0332754
0.000332754
1716.61,0.0332908
0.000332908
1716.22,0.033306
0.00033306
1715.83,0.033321
0.00033321
1715.46,0.0333357
0.000333357
1715.08,0.0333502
0.000333502
1714.72,0.0333645
0.000333644
1714.36,0.0333785
0.000333785
1714,0.0333922
0.000333922
1713.66,0.0334057
0.000334057
1713.32,0.033419
0.00033419
1712.98,0.033432
0.00033432
1712.66,0.0334448
0.000334448
1712.34,0.0334573
0.000334573
1712.02,0.0334696
0.000334696
1711.71,0.0334816
0.000334816
1711.41,0.0334934
0.000334934
1711.12,0.0335049
0.000335049
1710.83,0.0335162
0.000335162
1710.55,0.0335272
0.000335272
1710.27,0.033538
0.00033538
1710.01,0.0335485
0.000335485
1709.75,0.0335588
0.000335588
1709.49,0.0335688
0.000335688
1709.24,0.0335785
0.000335785
1709,0.033588
0.00033588
1708.77,0.0335973
0.000335973
1708.54,0.0336063
0.000336063
1708.32,0.033615
0.00033615
1708.1,0.0336235
0.000336235
1707.89,0.0336317
0.000336317
1707.69,0.0336396
0.000336396
1707.5,0.0336473
0.000336473
1707.31,0.0336547
0.000336547
1707.13,0.0336619
0.000336619
1706.95,0.0336688
0.000336688
1706.78,0.0336754
0.000336754
1706.62,0.0336818
0.000336818
1706.47,0.0336879
0.000336879
1706.32,0.0336937
0.000336937
1706.18,0.0336993
0.000336993
1706.04,0.0337047
0.000337047
1705.91,0.0337097
0.000337097
1705.79,0.0337145
0.000337145
1705.68,0.033719
0.00033719
1705.57,0.0337233
0.000337233
1705.47,0.0337273
0.000337273
1705.37,0.033731
0.00033731
1705.29,0.0337345
0.000337345
1705.21,0.0337377
0.000337377
1705.13,0.0337406
0.000337406
1705.07,0.0337432
0.000337432
1705.01,0.0337456
0.000337456
1704.95,0.0337478
0.000337478
1704.9,0.0337496
0.000337496
1704.86,0.0337512
0.000337512
1704.83,0.0337525
0.000337525
1704.8,0.0337536
0.000337536
1704.78,0.0337544
0.000337544
1704.77,0.0337549
0.000337549
1704.77,0.0337551
0.000337551
1704.77,0.0337551
0.000337551
1704.77,0.0337548
0.000337548
1704.79,0.0337543
0.000337543
1704.81,0.0337534
0.000337534
1704.84,0.0337523
0.000337523
1704.87,0.033751
0.00033751
1704.91,0.0337493
0.000337493
1704.96,0.0337474
0.000337474
1705.01,0.0337453
0.000337453
1705.08,0.0337429
0.000337429
1705.14,0.0337402
0.000337402
1705.22,0.0337372
0.000337372
1705.3,0.0337339
0.000337339
1705.39,0.0337304
0.000337304
1705.48,0.0337267
0.000337267
1705.59,0.0337226
0.000337226
1705.7,0.0337183
0.000337183
1705.81,0.0337138
0.000337138
1705.93,0.0337089
0.000337089
1706.06,0.0337038
0.000337039
1706.2,0.0336985
0.000336985
1706.34,0.0336929
0.000336929
1706.49,0.033687
0.00033687
1706.64,0.0336808
0.000336808
1706.81,0.0336744
0.000336744
1706.98,0.0336677
0.000336677
1707.15,0.0336608
0.000336608
1707.34,0.0336536
0.000336536
1707.52,0.0336461
0.000336461
1707.72,0.0336384
0.000336384
1707.92,0.0336304
0.000336304
1708.13,0.0336222
0.000336222
1708.35,0.0336137
0.000336137
1708.57,0.0336049
0.000336049
1708.8,0.0335959
0.000335959
1709.04,0.0335866
0.000335866
1709.28,0.0335771
0.000335771
1709.53,0.0335673
0.000335673
1709.79,0.0335572
0.000335572
1710.05,0.0335469
0.000335469
1710.32,0.0335364
0.000335364
1710.59,0.0335255
0.000335255
1710.87,0.0335145
0.000335145
1711.16,0.0335032
0.000335032
1711.46,0.0334916
0.000334916
1711.76,0.0334798
0.000334798
1712.07,0.0334677
0.000334677
1712.38,0.0334554
0.000334554
1712.71,0.0334428
0.000334428
1713.03,0.03343
0.0003343
1713.37,0.033417
0.00033417
1713.71,0.0334037
0.000334037
1714.06,0.0333901
0.000333901
1714.41,0.0333763
0.000333763
1714.77,0.0333623
0.000333623
1715.14,0.033348
0.00033348
1715.51,0.0333335
0.000333335
1715.89,0.0333187
0.000333187
1716.28,0.0333037
0.000333037
1716.67,0.0332885
0.000332885
1717.07,0.033273
0.00033273
1717.48,0.0332573
0.000332573
1717.89,0.0332413
0.000332413
1718.31,0.0332252
0.000332252
1718.73,0.0332087
0.000332087
1719.16,0.0331921
0.000331921
1719.6,0.0331752
0.000331752
1720.04,0.0331581
0.000331581
1720.49,0.0331408
0.000331408
1720.95,0.0331232
0.000331232
1721.41,0.0331054
0.000331054
1721.88,0.0330874
0.000330874
1722.36,0.0330691
0.000330691
1722.84,0.0330507
0.000330507
1723.33,0.033032
0.00033032
1723.82,0.033013
0.00033013
1724.32,0.0329939
0.000329939
1724.82,0.0329746
0.000329746
1725.34,0.032955
0.00032955
1725.86,0.0329352
0.000329352
1726.38,0.0329152
0.000329152
1726.91,0.032895
0.00032895
1727.45,0.0328745
0.000328745
1727.99,0.0328539
0.000328539
1728.54,0.032833
0.00032833
1729.09,0.032812
0.00032812
1729.65,0.0327907
0.000327907
1730.22,0.0327692
0.000327692
1730.79,0.0327475
0.000327475
1731.37,0.0327257
0.000327257
1731.96,0.0327036
0.000327036
1732.55,0.0326813
0.000326813
1733.14,0.0326588
0.000326588
1733.75,0.0326361
0.000326361
1734.35,0.0326132
0.000326132
1734.97,0.0325901
0.000325901
1735.59,0.0325668
0.000325668
1736.21,0.0325433
0.000325433
1736.85,0.0325197
0.000325197
1737.48,0.0324958
0.000324958
1738.13,0.0324718
0.000324718
1738.78,0.0324475
0.000324475
1739.43,0.0324231
0.000324231
1740.09,0.0323985
0.000323985
1740.76,0.0323737
0.000323737
1741.43,0.0323487
0.000323487
1742.11,0.0323236
0.000323236
1742.79,0.0322982
0.000322982
1743.48,0.0322727
0.000322727
1744.17,0.032247
0.00032247
1744.87,0.0322211
0.000322211
1745.58,0.0321951
0.000321951
1746.29,0.0321689
0.000321689
1747.01,0.0321425
0.000321425
1747.73,0.0321159
0.000321159
1748.46,0.0320892
0.000320892
1749.19,0.0320623
0.000320623
1749.93,0.0320352
0.000320352
1750.67,0.032008
0.00032008
1751.42,0.0319806
0.000319806
1752.18,0.0319531
0.000319531
1752.94,0.0319254
0.000319254
1753.7,0.0318975
0.000318975
1754.47,0.0318695
0.000318695
1755.25,0.0318413
0.000318413
1756.03,0.031813
0.00031813
1756.82,0.0317845
0.000317845
1757.61,0.0317559
0.000317559
1758.41,0.0317271
0.000317271
1759.21,0.0316981
0.000316981
1760.02,0.0316691
0.000316691
1760.83,0.0316398
0.000316398
1761.65,0.0316105
0.000316105
1762.47,0.0315809
0.000315809
1763.3,0.0315513
0.000315513
1764.13,0.0315215
0.000315215
1764.97,0.0314916
0.000314916
1765.81,0.0314615
0.000314615
1766.66,0.0314313
0.000314313
1767.51,0.031401
0.00031401
1768.37,0.0313705
0.000313705
1769.24,0.0313399
0.000313399
1770.1,0.0313092
0.000313092
1770.98,0.0312783
0.000312783
1771.85,0.0312474
0.000312474
1772.74,0.0312163
0.000312163
1773.62,0.031185
0.00031185
1774.52,0.0311537
0.000311537
1775.41,0.0311222
0.000311222
1776.31,0.0310907
0.000310907
1777.22,0.0310589
0.000310589
1778.13,0.0310271
0.000310271
1779.05,0.0309952
0.000309952
1779.97,0.0309632
0.000309632
1780.89,0.030931
0.00030931
1781.82,0.0308987
0.000308987
1782.76,0.0308664
0.000308664
1783.69,0.0308339
0.000308339
1784.64,0.0308013
0.000308013
1785.58,0.0307686
0.000307686
1786.54,0.0307358
0.000307358
1787.49,0.0307029
0.000307029
1788.45,0.03067
0.0003067
1789.42,0.0306369
0.000306369
1790.39,0.0306037
0.000306037
1791.36,0.0305704
0.000305704
1792.34,0.030537
0.00030537
1793.33,0.0305036
0.000305036
1794.31,0.03047
0.0003047
1795.3,0.0304364
0.000304364
1796.3,0.0304026
0.000304026
1797.3,0.0303688
0.000303688
1798.3,0.0303349
0.000303349
1799.31,0.0303009
0.000303009
1800.33,0.0302668
0.000302668
1801.34,0.0302327
0.000302327
1802.36,0.0301984
0.000301984
1803.39,0.0301641
0.000301641
1804.42,0.0301297
0.000301297
1805.45,0.0300953
0.000300953
1806.49,0.0300607
0.000300607
1807.53,0.0300261
0.000300261
1808.57,0.0299914
0.000299914
1809.62,0.0299567
0.000299567
1810.67,0.0299219
0.000299219
1811.73,0.029887
0.00029887
1812.79,0.029852
0.00029852
1813.86,0.029817
0.00029817
1814.92,0.0297819
0.000297819
1816,0.0297467
0.000297467
1817.07,0.0297115
0.000297115
1818.15,0.0296763
0.000296763
1819.23,0.0296409
0.000296409
1820.32,0.0296056
0.000296056
1821.41,0.0295701
0.000295701
1822.51,0.0295346
0.000295346
1823.6,0.0294991
0.000294991
1824.7,0.0294635
0.000294635
1825.81,0.0294278
0.000294278
1826.92,0.0293921
0.000293921
1828.03,0.0293564
0.000293564
1829.14,0.0293206
0.000293206
1830.26,0.0292848
0.000292848
1831.39,0.0292489
0.000292489
1832.51,0.0292129
0.000292129
1833.64,0.029177
0.00029177
1834.77,0.029141
0.00029141
1835.91,0.0291049
0.000291049
1837.05,0.0290688
0.000290688
1838.19,0.0290327
0.000290327
1839.34,0.0289965
0.000289965
1840.49,0.0289604
0.000289604
1841.64,0.0289241
0.000289241
1842.79,0.0288879
0.000288879
1843.95,0.0288516
0.000288516
1845.11,0.0288153
0.000288153
1846.28,0.0287789
0.000287789
1847.45,0.0287425
0.000287425
1848.62,0.0287061
0.000287061
1849.79,0.0286697
0.000286697
1850.97,0.0286332
0.000286332
1852.15,0.0285968
0.000285968
1853.33,0.0285603
0.000285603
1854.52,0.0285237
0.000285237
1855.71,0.0284872
0.000284872
1856.9,0.0284506
0.000284506
1858.1,0.0284141
0.000284141
1859.29,0.0283775
0.000283775
1860.49,0.0283408
0.000283408
1861.7,0.0283042
0.000283042
1862.9,0.0282676
0.000282676
1864.11,0.0282309
0.000282309
1865.32,0.0281943
0.000281943
1866.54,0.0281576
0.000281576
1867.76,0.0281209
0.000281209
1868.97,0.0280842
0.000280842
1870.2,0.0280475
0.000280475
1871.42,0.0280108
0.000280108
1872.65,0.0279741
0.000279741
1873.88,0.0279374
0.000279374
1875.11,0.0279006
0.000279006
1876.35,0.0278639
0.000278639
1877.59,0.0278272
0.000278272
1878.83,0.0277905
0.000277905
1880.07,0.0277537
0.000277537
1881.31,0.027717
0.00027717
1882.56,0.0276803
0.000276803
1883.81,0.0276436
0.000276436
1885.06,0.0276068
0.000276068
1886.32,0.0275701
0.000275701
1887.58,0.0275334
0.000275334
1888.84,0.0274967
0.000274967
1890.1,0.02746
0.0002746
1891.36,0.0274233
0.000274233
1892.63,0.0273867
0.000273867
1893.89,0.02735
0.0002735
1895.17,0.0273133
0.000273133
1896.44,0.0272767
0.000272767
1897.71,0.0272401
0.000272401
1898.99,0.0272034
0.000272034
1900.27,0.0271668
0.000271668
1901.55,0.0271302
0.000271302
1902.83,0.0270937
0.000270937
1904.12,0.0270571
0.000270571
1905.4,0.0270206
0.000270206
1906.69,0.026984
0.00026984
1907.98,0.0269475
0.000269475
1909.28,0.0269111
0.000269111
1910.57,0.0268746
0.000268746
1911.87,0.0268382
0.000268382
1913.17,0.0268017
0.000268017
1914.47,0.0267653
0.000267653
1915.77,0.026729
0.00026729
1917.07,0.0266926
0.000266926
1918.38,0.0266563
0.000266563
1919.69,0.02662
0.0002662
1921,0.0265837
0.000265837
1922.31,0.0265475
0.000265475
1923.62,0.0265112
0.000265112
1924.94,0.026475
0.00026475
1926.25,0.0264389
0.000264389
1927.57,0.0264027
0.000264027
1928.89,0.0263666
0.000263666
1930.21,0.0263306
0.000263306
1931.53,0.0262945
0.000262945
1932.86,0.0262585
0.000262585
1934.18,0.0262225
0.000262225
1935.51,0.0261866
0.000261866
1936.84,0.0261507
0.000261507
1938.17,0.0261148
0.000261148
1939.5,0.026079
0.00026079
1940.83,0.0260432
0.000260432
1942.16,0.0260074
0.000260074
1943.5,0.0259717
0.000259717
1944.84,0.025936
0.00025936
1946.17,0.0259003
0.000259003
1947.51,0.0258647
0.000258647
1948.86,0.0258291
0.000258291
1950.2,0.0257936
0.000257936
1951.54,0.0257581
0.000257581
1952.89,0.0257226
0.000257226
1954.23,0.0256872
0.000256872
1955.58,0.0256519
0.000256519
1956.93,0.0256165
0.000256165
1958.28,0.0255812
0.000255812
1959.63,0.025546
0.00025546
1960.98,0.0255108
0.000255108
1962.33,0.0254757
0.000254757
1963.68,0.0254405
0.000254405
1965.04,0.0254055
0.000254055
1966.39,0.0253705
0.000253705
1967.75,0.0253355
0.000253355
1969.11,0.0253006
0.000253006
1970.47,0.0252657
0.000252657
1971.83,0.0252309
0.000252309
1973.19,0.0251961
0.000251961
1974.55,0.0251614
0.000251614
1975.91,0.0251267
0.000251267
1977.27,0.0250921
0.000250921
1978.64,0.0250575
0.000250575
1980,0.0250229
0.000250229
1981.37,0.0249885
0.000249885
1982.73,0.024954
0.00024954
1984.1,0.0249196
0.000249196
1985.47,0.0248853
0.000248853
1986.84,0.024851
0.00024851
1988.21,0.0248168
0.000248168
1989.58,0.0247827
0.000247827
1990.95,0.0247485
0.000247485
1992.32,0.0247145
0.000247145
1993.69,0.0246805
0.000246805
1995.06,0.0246465
0.000246465
1996.44,0.0246126
0.000246126
1997.81,0.0245788
0.000245788
1999.18,0.024545
0.00024545
2000.56,0.0245113
0.000245113
2001.94,0.0244776
0.000244776
2003.31,0.024444
0.00024444
2004.69,0.0244104
0.000244104
2006.06,0.0243769
0.000243769
2007.44,0.0243435
0.000243435
2008.82,0.0243101
0.000243101
2010.2,0.0242768
0.000242768
2011.58,0.0242435
0.000242435
2012.96,0.0242103
0.000242103
2014.34,0.0241772
0.000241772
2015.72,0.0241441
0.000241441
2017.1,0.0241111
0.00024111
2018.48,0.0240781
0.000240781
2019.86,0.0240452
0.000240452
2021.24,0.0240123
0.000240123
2022.62,0.0239795
0.000239795
2024,0.0239468
0.000239468
2025.38,0.0239142
0.000239142
2026.76,0.0238816
0.000238816
2028.15,0.023849
0.00023849
2029.53,0.0238165
0.000238165
2030.91,0.0237841
0.000237841
2032.29,0.0237518
0.000237518
2033.68,0.0237195
0.000237195
2035.06,0.0236872
0.000236872
2036.44,0.0236551
0.000236551
2037.83,0.023623
0.00023623
2039.21,0.0235909
0.000235909
2040.59,0.023559
0.00023559
2041.98,0.0235271
0.000235271
2043.36,0.0234952
0.000234952
2044.74,0.0234634
0.000234634
2046.13,0.0234317
0.000234317
2047.51,0.0234001
0.000234001
2048.89,0.0233685
0.000233685
2050.28,0.023337
0.00023337
2051.66,0.0233055
0.000233055
2053.04,0.0232741
0.000232741
2054.42,0.0232428
0.000232428
2055.81,0.0232116
0.000232116
2057.19,0.0231804
0.000231804
2058.57,0.0231492
0.000231492
2059.95,0.0231182
0.000231182
2061.34,0.0230872
0.000230872
2062.72,0.0230563
0.000230563
2064.1,0.0230254
0.000230254
2065.48,0.0229946
0.000229946
2066.86,0.0229639
0.000229639
2068.24,0.0229333
0.000229333
2069.62,0.0229027
0.000229027
2071,0.0228721
0.000228721
2072.38,0.0228417
0.000228417
2073.76,0.0228113
0.000228113
2075.14,0.022781
0.00022781
2076.52,0.0227507
0.000227507
2077.9,0.0227206
0.000227206
2079.28,0.0226905
0.000226905
2080.66,0.0226604
0.000226604
2082.03,0.0226304
0.000226304
2083.41,0.0226005
0.000226005
2084.79,0.0225707
0.000225707
2086.16,0.0225409
0.000225409
2087.54,0.0225112
0.000225112
2088.92,0.0224816
0.000224816
2090.29,0.022452
0.00022452
2091.66,0.0224226
0.000224226
2093.04,0.0223931
0.000223931
2094.41,0.0223638
0.000223638
2095.78,0.0223345
0.000223345
2097.16,0.0223053
0.000223053
2098.53,0.0222761
0.000222761
2099.9,0.0222471
0.000222471
2101.27,0.0222181
0.000222181
2102.64,0.0221891
0.000221891
2104.01,0.0221603
0.000221603
2105.38,0.0221315
0.000221315
2106.74,0.0221027
0.000221027
2108.11,0.0220741
0.000220741
2109.48,0.0220455
0.000220455
2110.84,0.022017
0.00022017
2112.21,0.0219885
0.000219885
2113.57,0.0219601
0.000219601
2114.93,0.0219318
0.000219318
2116.3,0.0219036
0.000219036
2117.66,0.0218754
0.000218754
2119.02,0.0218473
0.000218473
2120.38,0.0218193
0.000218193
2121.74,0.0217914
0.000217914
2123.1,0.0217635
0.000217635
2124.46,0.0217357
0.000217357
2125.81,0.0217079
0.000217079
2127.17,0.0216802
0.000216802
2128.53,0.0216526
0.000216526
2129.88,0.0216251
0.000216251
2131.23,0.0215977
0.000215977
2132.59,0.0215703
0.000215703
2133.94,0.0215429
0.000215429
2135.29,0.0215157
0.000215157
2136.64,0.0214885
0.000214885
2137.99,0.0214614
0.000214614
2139.34,0.0214344
0.000214344
2140.68,0.0214074
0.000214074
2142.03,0.0213805
0.000213805
2143.38,0.0213537
0.000213537
2144.72,0.0213269
0.000213269
2146.06,0.0213002
0.000213002
2147.4,0.0212736
0.000212736
2148.75,0.0212471
0.000212471
2150.09,0.0212206
0.000212206
2151.42,0.0211942
0.000211942
2152.76,0.0211678
0.000211678
2154.1,0.0211416
0.000211416
2155.44,0.0211154
0.000211154
2156.77,0.0210893
0.000210893
2158.1,0.0210632
0.000210632
2159.44,0.0210372
0.000210372
2160.77,0.0210113
0.000210113
2162.1,0.0209855
0.000209855
2163.43,0.0209597
0.000209597
2164.75,0.020934
0.00020934
2166.08,0.0209084
0.000209084
2167.41,0.0208828
0.000208828
2168.73,0.0208573
0.000208573
2170.05,0.0208319
0.000208319
2171.37,0.0208065
0.000208065
2172.69,0.0207813
0.000207813
2174.01,0.020756
0.00020756
2175.33,0.0207309
0.000207309
2176.65,0.0207058
0.000207058
2177.96,0.0206808
0.000206808
2179.28,0.0206559
0.000206559
2180.59,0.020631
0.00020631
2181.9,0.0206062
0.000206062
2183.21,0.0205815
0.000205815
2184.52,0.0205569
0.000205569
2185.83,0.0205323
0.000205323
2187.13,0.0205078
0.000205078
2188.44,0.0204833
0.000204833
2189.74,0.0204589
0.000204589
2191.04,0.0204346
0.000204346
2192.34,0.0204104
0.000204104
2193.64,0.0203862
0.000203862
2194.94,0.0203621
0.000203621
2196.24,0.0203381
0.000203381
2197.53,0.0203141
0.000203141
2198.83,0.0202902
0.000202902
2200.12,0.0202664
0.000202664
2201.41,0.0202426
0.000202426
2202.7,0.020219
0.00020219
2203.99,0.0201953
0.000201953
2205.27,0.0201718
0.000201718
2206.56,0.0201483
0.000201483
2207.84,0.0201249
0.000201249
2209.12,0.0201016
0.000201016
2210.4,0.0200783
0.000200783
2211.68,0.0200551
0.000200551
2212.96,0.0200319
0.000200319
2214.23,0.0200089
0.000200089
2215.51,0.0199859
0.000199859
2216.78,0.0199629
0.000199629
2218.05,0.01994
0.0001994
2219.32,0.0199172
0.000199172
2220.59,0.0198945
0.000198945
2221.85,0.0198718
0.000198718
2223.12,0.0198492
0.000198492
2224.38,0.0198267
0.000198267
2225.64,0.0198043
0.000198043
2226.9,0.0197819
0.000197819
2228.16,0.0197595
0.000197595
2229.42,0.0197373
0.000197373
2230.67,0.0197151
0.000197151
2231.92,0.0196929
0.000196929
2233.17,0.0196709
0.000196709
2234.42,0.0196489
0.000196489
2235.67,0.019627
0.00019627
2236.92,0.0196051
0.000196051
2238.16,0.0195833
0.000195833
2239.4,0.0195616
0.000195616
2240.65,0.0195399
0.000195399
2241.89,0.0195183
0.000195183
2243.12,0.0194968
0.000194968
2244.36,0.0194753
0.000194753
2245.59,0.0194539
0.000194539
2246.82,0.0194326
0.000194326
2248.05,0.0194113
0.000194113
2249.28,0.0193901
0.000193901
2250.51,0.019369
0.00019369
2251.74,0.0193479
0.000193479
2252.96,0.0193269
0.000193269
2254.18,0.019306
0.00019306
2255.4,0.0192851
0.000192851
2256.62,0.0192643
0.000192643
2257.83,0.0192436
0.000192436
2259.05,0.0192229
0.000192229
2260.26,0.0192023
0.000192023
2261.47,0.0191817
0.000191817
2262.68,0.0191612
0.000191612
2263.89,0.0191408
0.000191408
2265.09,0.0191204
0.000191204
2266.29,0.0191002
0.000191002
2267.49,0.0190799
0.000190799
2268.69,0.0190598
0.000190598
2269.89,0.0190397
0.000190397
2271.09,0.0190196
0.000190196
2272.28,0.0189997
0.000189997
2273.47,0.0189798
0.000189798
2274.66,0.0189599
0.000189599
2275.85,0.0189401
0.000189401
2277.03,0.0189204
0.000189204
2278.22,0.0189008
0.000189008
2279.4,0.0188812
0.000188812
2280.58,0.0188616
0.000188616
2281.75,0.0188422
0.000188422
2282.93,0.0188228
0.000188228
2284.1,0.0188034
0.000188034
2285.28,0.0187842
0.000187842
2286.45,0.0187649
0.000187649
2287.61,0.0187458
0.000187458
2288.78,0.0187267
0.000187267
2289.94,0.0187077
0.000187077
2291.1,0.0186887
0.000186887
2292.26,0.0186698
0.000186698
2293.42,0.018651
0.00018651
2294.58,0.0186322
0.000186322
2295.73,0.0186135
0.000186135
2296.88,0.0185948
0.000185948
2298.03,0.0185762
0.000185762
2299.18,0.0185577
0.000185577
2300.32,0.0185392
0.000185392
2301.47,0.0185208
0.000185208
2302.61,0.0185025
0.000185025
2303.75,0.0184842
0.000184842
2304.88,0.018466
0.00018466
2306.02,0.0184478
0.000184478
2307.15,0.0184297
0.000184297
2308.28,0.0184116
0.000184116
2309.41,0.0183937
0.000183937
2310.53,0.0183757
0.000183757
2311.66,0.0183579
0.000183579
2312.78,0.0183401
0.000183401
2313.9,0.0183223
0.000183223
2315.02,0.0183046
0.000183046
2316.13,0.018287
0.00018287
2317.24,0.0182695
0.000182695
2318.35,0.0182519
0.000182519
2319.46,0.0182345
0.000182345
2320.57,0.0182171
0.000182171
2321.67,0.0181998
0.000181998
2322.78,0.0181825
0.000181825
2323.88,0.0181653
0.000181653
2324.97,0.0181482
0.000181482
2326.07,0.0181311
0.000181311
2327.16,0.0181141
0.000181141
2328.25,0.0180971
0.000180971
2329.34,0.0180802
0.000180802
2330.43,0.0180633
0.000180633
2331.51,0.0180465
0.000180465
2332.6,0.0180298
0.000180298
2333.67,0.0180131
0.000180131
2334.75,0.0179965
0.000179965
2335.83,0.0179799
0.000179799
2336.9,0.0179634
0.000179634
2337.97,0.0179469
0.000179469
2339.04,0.0179306
0.000179306
2340.11,0.0179142
0.000179142
2341.17,0.0178979
0.000178979
2342.23,0.0178817
0.000178817
2343.29,0.0178656
0.000178656
2344.35,0.0178495
0.000178495
2345.4,0.0178334
0.000178334
2346.45,0.0178174
0.000178174
2347.5,0.0178015
0.000178015
2348.55,0.0177856
0.000177856
2349.6,0.0177698
0.000177698
2350.64,0.017754
0.00017754
2351.68,0.0177383
0.000177383
2352.72,0.0177227
0.000177227
2353.75,0.0177071
0.000177071
2354.79,0.0176915
0.000176915
2355.82,0.017676
0.00017676
2356.85,0.0176606
0.000176606
2357.87,0.0176452
0.000176452
2358.9,0.0176299
0.000176299
2359.92,0.0176147
0.000176147
2360.94,0.0175995
0.000175995
2361.96,0.0175843
0.000175843
2362.97,0.0175692
0.000175692
2363.98,0.0175542
0.000175542
2364.99,0.0175392
0.000175392
2366,0.0175243
0.000175243
2367,0.0175094
0.000175094
2368.01,0.0174946
0.000174946
2369.01,0.0174798
0.000174798
2370,0.0174651
0.000174651
2371,0.0174504
0.000174504
2371.99,0.0174358
0.000174358
2372.98,0.0174213
0.000174213
2373.97,0.0174068
0.000174068
2374.96,0.0173923
0.000173923
2375.94,0.0173779
0.000173779
2376.92,0.0173636
0.000173636
2377.9,0.0173493
0.000173493
2378.87,0.0173351
0.000173351
2379.85,0.0173209
0.000173209
2380.82,0.0173068
0.000173068
2381.79,0.0172927
0.000172927
2382.75,0.0172787
0.000172787
2383.71,0.0172648
0.000172648
2384.68,0.0172509
0.000172509
2385.63,0.017237
0.00017237
2386.59,0.0172232
0.000172232
2387.54,0.0172094
0.000172094
2388.49,0.0171957
0.000171957
2389.44,0.0171821
0.000171821
2390.39,0.0171685
0.000171685
2391.33,0.017155
0.00017155
2392.27,0.0171415
0.000171415
2393.21,0.017128
0.00017128
2394.14,0.0171147
0.000171147
2395.08,0.0171013
0.000171013
2396.01,0.017088
0.00017088
2396.94,0.0170748
0.000170748
2397.86,0.0170616
0.000170616
2398.78,0.0170485
0.000170485
2399.7,0.0170354
0.000170354
2400.62,0.0170224
0.000170224
2401.54,0.0170094
0.000170094
2402.45,0.0169965
0.000169965
2403.36,0.0169837
0.000169837
2404.27,0.0169708
0.000169708
2405.17,0.0169581
0.000169581
2406.08,0.0169453
0.000169454
2406.98,0.0169327
0.000169327
2407.87,0.0169201
0.000169201
2408.77,0.0169075
0.000169075
2409.66,0.016895
0.00016895
2410.55,0.0168825
0.000168825
2411.44,0.0168701
0.000168701
2412.32,0.0168577
0.000168577
2413.2,0.0168454
0.000168454
2414.08,0.0168332
0.000168332
2414.96,0.0168209
0.000168209
2415.83,0.0168088
0.000168088
2416.7,0.0167967
0.000167967
2417.57,0.0167846
0.000167846
2418.44,0.0167726
0.000167726
2419.3,0.0167606
0.000167606
2420.16,0.0167487
0.000167487
2421.02,0.0167368
0.000167368
2421.87,0.016725
0.00016725
2422.73,0.0167132
0.000167132
2423.58,0.0167015
0.000167015
2424.42,0.0166898
0.000166898
2425.27,0.0166782
0.000166782
2426.11,0.0166666
0.000166666
2426.95,0.0166551
0.000166551
2427.79,0.0166436
0.000166436
2428.62,0.0166322
0.000166322
2429.45,0.0166208
0.000166208
2430.28,0.0166095
0.000166095
2431.11,0.0165982
0.000165982
2431.93,0.0165869
0.000165869
2432.75,0.0165757
0.000165757
2433.57,0.0165646
0.000165646
2434.39,0.0165535
0.000165535
2435.2,0.0165424
0.000165424
2436.01,0.0165314
0.000165314
2436.82,0.0165205
0.000165205
2437.62,0.0165096
0.000165096
2438.42,0.0164987
0.000164987
2439.22,0.0164879
0.000164879
2440.02,0.0164771
0.000164771
2440.81,0.0164664
0.000164664
2441.61,0.0164558
0.000164558
2442.39,0.0164451
0.000164451
2443.18,0.0164346
0.000164346
2443.96,0.016424
0.00016424
2444.74,0.0164135
0.000164135
2445.52,0.0164031
0.000164031
2446.3,0.0163927
0.000163927
2447.07,0.0163824
0.000163824
2447.84,0.0163721
0.000163721
2448.6,0.0163618
0.000163618
2449.37,0.0163516
0.000163516
2450.13,0.0163415
0.000163415
2450.89,0.0163313
0.000163313
2451.64,0.0163213
0.000163213
2452.4,0.0163113
0.000163112
2453.15,0.0163013
0.000163013
2453.9,0.0162913
0.000162913
2454.64,0.0162815
0.000162815
2455.38,0.0162716
0.000162716
2456.12,0.0162618
0.000162618
2456.86,0.0162521
0.000162521
2457.59,0.0162424
0.000162424
2458.32,0.0162327
0.000162327
2459.05,0.0162231
0.000162231
2459.78,0.0162135
0.000162135
2460.5,0.016204
0.00016204
2461.22,0.0161945
0.000161945
2461.94,0.0161851
0.000161851
2462.65,0.0161757
0.000161757
2463.36,0.0161664
0.000161664
2464.07,0.0161571
0.000161571
2464.78,0.0161478
0.000161478
2465.48,0.0161386
0.000161386
2466.18,0.0161294
0.000161294
2466.88,0.0161203
0.000161203
2467.57,0.0161112
0.000161112
2468.26,0.0161022
0.000161022
2468.95,0.0160932
0.000160932
2469.64,0.0160843
0.000160843
2470.32,0.0160754
0.000160754
2471,0.0160665
0.000160665
2471.68,0.0160577
0.000160577
2472.36,0.0160489
0.000160489
2473.03,0.0160402
0.000160402
2473.7,0.0160315
0.000160315
2474.37,0.0160229
0.000160229
2475.03,0.0160143
0.000160143
2475.69,0.0160057
0.000160057
2476.35,0.0159972
0.000159972
2477.01,0.0159888
0.000159888
2477.66,0.0159803
0.000159803
2478.31,0.015972
0.00015972
2478.96,0.0159636
0.000159636
2479.6,0.0159553
0.000159553
2480.24,0.0159471
0.000159471
2480.88,0.0159389
0.000159389
2481.52,0.0159307
0.000159307
2482.15,0.0159226
0.000159226
2482.78,0.0159145
0.000159145
2483.4,0.0159065
0.000159065
2484.03,0.0158985
0.000158985
2484.65,0.0158905
0.000158905
2485.27,0.0158826
0.000158826
2485.88,0.0158748
0.000158748
2486.5,0.0158669
0.000158669
2487.11,0.0158591
0.000158591
2487.71,0.0158514
0.000158514
2488.32,0.0158437
0.000158437
2488.92,0.0158361
0.000158361
2489.52,0.0158284
0.000158284
2490.11,0.0158209
0.000158209
2490.71,0.0158133
0.000158133
2491.3,0.0158058
0.000158058
2491.88,0.0157984
0.000157984
2492.47,0.015791
0.00015791
2493.05,0.0157836
0.000157836
2493.63,0.0157763
0.000157763
2494.2,0.015769
0.00015769
2494.78,0.0157618
0.000157618
2495.35,0.0157546
0.000157546
2495.91,0.0157474
0.000157474
2496.48,0.0157403
0.000157403
2497.04,0.0157332
0.000157332
2497.6,0.0157262
0.000157262
2498.15,0.0157192
0.000157192
2498.71,0.0157123
0.000157123
2499.26,0.0157053
0.000157053
2499.8,0.0156985
0.000156985
2500.35,0.0156917
0.000156917
2500.89,0.0156849
0.000156849
2501.43,0.0156781
0.000156781
2501.96,0.0156714
0.000156714
2502.49,0.0156647
0.000156647
2503.02,0.0156581
0.000156581
2503.55,0.0156515
0.000156515
2504.07,0.015645
0.00015645
2504.59,0.0156385
0.000156385
2505.11,0.015632
0.00015632
2505.63,0.0156256
0.000156256
2506.14,0.0156192
0.000156192
2506.65,0.0156129
0.000156129
2507.15,0.0156066
0.000156066
2507.66,0.0156003
0.000156003
2508.16,0.0155941
0.000155941
2508.65,0.0155879
0.000155879
2509.15,0.0155818
0.000155818
2509.64,0.0155757
0.000155757
2510.13,0.0155696
0.000155696
2510.61,0.0155636
0.000155636
2511.1,0.0155576
0.000155576
2511.58,0.0155516
0.000155516
2512.05,0.0155457
0.000155457
2512.53,0.0155399
0.000155399
2513,0.015534
0.00015534
2513.47,0.0155283
0.000155283
2513.93,0.0155225
0.000155225
2514.39,0.0155168
0.000155168
2514.85,0.0155111
0.000155111
2515.31,0.0155055
0.000155055
2515.76,0.0154999
0.000154999
2516.21,0.0154944
0.000154944
2516.66,0.0154889
0.000154889
2517.11,0.0154834
0.000154834
2517.55,0.015478
0.00015478
2517.99,0.0154726
0.000154726
2518.42,0.0154672
0.000154672
2518.85,0.0154619
0.000154619
2519.28,0.0154566
0.000154566
2519.71,0.0154514
0.000154514
2520.14,0.0154462
0.000154462
2520.56,0.015441
0.00015441
2520.97,0.0154359
0.000154359
2521.39,0.0154308
0.000154308
2521.8,0.0154258
0.000154258
2522.21,0.0154208
0.000154208
2522.62,0.0154158
0.000154158
2523.02,0.0154109
0.000154109
2523.42,0.015406
0.00015406
2523.82,0.0154011
0.000154011
2524.21,0.0153963
0.000153963
2524.6,0.0153915
0.000153915
2524.99,0.0153868
0.000153868
2525.38,0.0153821
0.000153821
2525.76,0.0153775
0.000153775
2526.14,0.0153728
0.000153728
2526.52,0.0153683
0.000153683
2526.89,0.0153637
0.000153637
2527.26,0.0153592
0.000153592
2527.63,0.0153547
0.000153547
2527.99,0.0153503
0.000153503
2528.36,0.0153459
0.000153459
2528.71,0.0153416
0.000153416
2529.07,0.0153372
0.000153372
2529.42,0.015333
0.00015333
2529.77,0.0153287
0.000153287
2530.12,0.0153245
0.000153245
2530.46,0.0153203
0.000153203
2530.81,0.0153162
0.000153162
2531.14,0.0153121
0.000153121
2531.48,0.0153081
0.000153081
2531.81,0.0153041
0.000153041
2532.14,0.0153001
0.000153001
2532.47,0.0152961
0.000152961
2532.79,0.0152922
0.000152922
2533.11,0.0152884
0.000152884
2533.43,0.0152846
0.000152846
2533.74,0.0152808
0.000152808
2534.05,0.015277
0.00015277
2534.36,0.0152733
0.000152733
2534.66,0.0152696
0.000152696
2534.97,0.015266
0.00015266
2535.26,0.0152624
0.000152624
2535.56,0.0152588
0.000152588
2535.85,0.0152553
0.000152553
2536.14,0.0152518
0.000152518
2536.43,0.0152483
0.000152483
2536.72,0.0152449
0.000152449
2537,0.0152416
0.000152416
2537.27,0.0152382
0.000152382
2537.55,0.0152349
0.000152349
2537.82,0.0152316
0.000152316
2538.09,0.0152284
0.000152284
2538.36,0.0152252
0.000152252
2538.62,0.0152221
0.000152221
2538.88,0.0152189
0.000152189
2539.14,0.0152158
0.000152158
2539.39,0.0152128
0.000152128
2539.64,0.0152098
0.000152098
2539.89,0.0152068
0.000152068
2540.14,0.0152039
0.000152039
2540.38,0.015201
0.00015201
2540.62,0.0151981
0.000151981
2540.86,0.0151953
0.000151953
2541.09,0.0151925
0.000151925
2541.32,0.0151898
0.000151898
2541.55,0.015187
0.00015187
2541.77,0.0151844
0.000151844
2541.99,0.0151817
0.000151817
2542.21,0.0151791
0.000151791
2542.42,0.0151765
0.000151765
2542.64,0.015174
0.00015174
2542.85,0.0151715
0.000151715
2543.05,0.0151691
0.000151691
2543.26,0.0151666
0.000151666
2543.46,0.0151642
0.000151642
2543.65,0.0151619
0.000151619
2543.85,0.0151596
0.000151596
2544.04,0.0151573
0.000151573
2544.23,0.0151551
0.000151551
2544.41,0.0151529
0.000151529
2544.59,0.0151507
0.000151507
2544.77,0.0151486
0.000151486
2544.95,0.0151465
0.000151465
2545.12,0.0151444
0.000151444
2545.29,0.0151424
0.000151424
2545.46,0.0151404
0.000151404
2545.62,0.0151384
0.000151384
2545.78,0.0151365
0.000151365
2545.94,0.0151346
0.000151346
2546.1,0.0151328
0.000151328
2546.25,0.015131
0.00015131
2546.4,0.0151292
0.000151292
2546.54,0.0151275
0.000151275
2546.69,0.0151258
0.000151258
2546.83,0.0151241
0.000151241
2546.96,0.0151225
0.000151225
2547.1,0.0151209
0.000151209
2547.23,0.0151194
0.000151194
2547.35,0.0151179
0.000151179
2547.48,0.0151164
0.000151164
2547.6,0.0151149
0.000151149
2547.72,0.0151135
0.000151135
2547.84,0.0151122
0.000151122
2547.95,0.0151108
0.000151108
2548.06,0.0151095
0.000151095
2548.16,0.0151083
0.000151083
2548.27,0.015107
0.00015107
2548.37,0.0151058
0.000151058
2548.47,0.0151047
0.000151047
2548.56,0.0151036
0.000151036
2548.65,0.0151025
0.000151025
2548.74,0.0151014
0.000151014
2548.83,0.0151004
0.000151004
2548.91,0.0150994
0.000150994
2548.99,0.0150985
0.000150985
2549.06,0.0150976
0.000150976
2549.14,0.0150967
0.000150967
2549.21,0.0150959
0.000150959
2549.27,0.0150951
0.000150951
2549.34,0.0150943
0.000150943
2549.4,0.0150936
0.000150936
2549.46,0.0150929
0.000150929
2549.51,0.0150923
0.000150923
2549.57,0.0150916
0.000150916
2549.62,0.0150911
0.000150911
2549.66,0.0150905
0.000150905
2549.7,0.01509
0.0001509
2549.74,0.0150895
0.000150895
2549.78,0.0150891
0.000150891
2549.82,0.0150887
0.000150887
2549.85,0.0150883
0.000150883
2549.87,0.015088
0.00015088
2549.9,0.0150877
0.000150877
2549.92,0.0150874
0.000150874
2549.94,0.0150872
0.000150872
2549.96,0.015087
0.00015087
2549.97,0.0150869
0.000150869
2549.98,0.0150868
0.000150868
2549.98,0.0150867
0.000150867
2549.99,0.0150866
0.000150866
2549.99,0.0150866
0.000150866
2549.99,0.0150867
0.000150867
2549.98,0.0150867
0.000150867
2549.97,0.0150868
0.000150868
2549.96,0.015087
0.00015087
2549.95,0.0150871
0.000150871
2549.93,0.0150873
0.000150873
2549.91,0.0150876
0.000150876
2549.89,0.0150879
0.000150879
2549.86,0.0150882
0.000150882
2549.83,0.0150885
0.000150885
2549.8,0.0150889
0.000150889
2549.76,0.0150893
0.000150893
2549.72,0.0150898
0.000150898
2549.68,0.0150903
0.000150903
2549.64,0.0150908
0.000150908
2549.59,0.0150914
0.000150914
2549.54,0.015092
0.00015092
2549.48,0.0150926
0.000150926
2549.43,0.0150933
0.000150933
2549.37,0.015094
0.00015094
2549.31,0.0150947
0.000150947
2549.24,0.0150955
0.000150955
2549.17,0.0150963
0.000150963
2549.1,0.0150972
0.000150972
2549.02,0.0150981
0.000150981
2548.95,0.015099
0.00015099
2548.86,0.0151
0.000151
2548.78,0.0151009
0.000151009
2548.69,0.015102
0.00015102
2548.6,0.015103
0.00015103
2548.51,0.0151041
0.000151042
2548.41,0.0151053
0.000151053
2548.32,0.0151065
0.000151065
2548.21,0.0151077
0.000151077
2548.11,0.0151089
0.000151089
2548,0.0151102
0.000151102
2547.89,0.0151115
0.000151115
2547.77,0.0151129
0.000151129
2547.66,0.0151143
0.000151143
2547.54,0.0151157
0.000151157
2547.41,0.0151172
0.000151172
2547.29,0.0151187
0.000151187
2547.16,0.0151202
0.000151202
2547.03,0.0151218
0.000151218
2546.89,0.0151234
0.000151234
2546.75,0.015125
0.00015125
2546.61,0.0151267
0.000151267
2546.47,0.0151284
0.000151284
2546.32,0.0151302
0.000151302
2546.17,0.015132
0.00015132
2546.01,0.0151338
0.000151338
2545.86,0.0151356
0.000151356
2545.7,0.0151375
0.000151375
2545.53,0.0151395
0.000151395
2545.37,0.0151414
0.000151414
2545.2,0.0151435
0.000151435
2545.03,0.0151455
0.000151455
2544.85,0.0151476
0.000151476
2544.68,0.0151497
0.000151497
2544.5,0.0151518
0.000151518
2544.31,0.015154
0.00015154
2544.13,0.0151562
0.000151562
2543.94,0.0151585
0.000151585
2543.74,0.0151608
0.000151608
2543.55,0.0151631
0.000151631
2543.35,0.0151655
0.000151655
2543.15,0.0151679
0.000151679
2542.94,0.0151704
0.000151704
2542.73,0.0151728
0.000151728
2542.52,0.0151754
0.000151754
2542.31,0.0151779
0.000151779
2542.09,0.0151805
0.000151805
2541.87,0.0151831
0.000151831
2541.65,0.0151858
0.000151858
2541.43,0.0151885
0.000151885
2541.2,0.0151912
0.000151912
2540.96,0.015194
0.00015194
2540.73,0.0151968
0.000151968
2540.49,0.0151996
0.000151996
2540.25,0.0152025
0.000152025
2540.01,0.0152054
0.000152054
2539.76,0.0152084
0.000152084
2539.51,0.0152114
0.000152114
2539.26,0.0152144
0.000152144
2539,0.0152175
0.000152175
2538.74,0.0152206
0.000152206
2538.48,0.0152237
0.000152237
2538.22,0.0152269
0.000152269
2537.95,0.0152301
0.000152301
2537.68,0.0152334
0.000152334
2537.4,0.0152367
0.000152367
2537.13,0.01524
0.0001524
2536.85,0.0152434
0.000152434
2536.56,0.0152468
0.000152468
2536.28,0.0152502
0.000152502
2535.99,0.0152537
0.000152537
2535.7,0.0152572
0.000152572
2535.4,0.0152607
0.000152607
2535.1,0.0152643
0.000152643
2534.8,0.0152679
0.000152679
2534.5,0.0152716
0.000152716
2534.19,0.0152753
0.000152753
2533.88,0.015279
0.00015279
2533.57,0.0152828
0.000152828
2533.26,0.0152866
0.000152866
2532.94,0.0152905
0.000152905
2532.62,0.0152943
0.000152943
2532.29,0.0152983
0.000152983
2531.96,0.0153022
0.000153022
2531.63,0.0153062
0.000153062
2531.3,0.0153102
0.000153102
2530.96,0.0153143
0.000153143
2530.62,0.0153184
0.000153184
2530.28,0.0153226
0.000153226
2529.93,0.0153268
0.000153268
2529.59,0.015331
0.00015331
2529.23,0.0153353
0.000153353
2528.88,0.0153395
0.000153395
2528.52,0.0153439
0.000153439
2528.16,0.0153483
0.000153483
2527.8,0.0153527
0.000153527
2527.43,0.0153571
0.000153571
2527.06,0.0153616
0.000153616
2526.69,0.0153661
0.000153661
2526.32,0.0153707
0.000153707
2525.94,0.0153753
0.000153753
2525.56,0.01538
0.0001538
2525.17,0.0153846
0.000153846
2524.78,0.0153893
0.000153893
2524.39,0.0153941
0.000153941
2524,0.0153989
0.000153989
2523.61,0.0154037
0.000154037
2523.21,0.0154086
0.000154086
2522.8,0.0154135
0.000154135
2522.4,0.0154185
0.000154185
2521.99,0.0154235
0.000154235
2521.58,0.0154285
0.000154285
2521.17,0.0154335
0.000154335
2520.75,0.0154386
0.000154386
2520.33,0.0154438
0.000154438
2519.91,0.015449
0.00015449
2519.48,0.0154542
0.000154542
2519.05,0.0154594
0.000154594
2518.62,0.0154647
0.000154647
2518.19,0.0154701
0.000154701
2517.75,0.0154755
0.000154755
2517.31,0.0154809
0.000154809
2516.87,0.0154863
0.000154863
2516.42,0.0154918
0.000154918
2515.97,0.0154973
0.000154973
2515.52,0.0155029
0.000155029
2515.07,0.0155085
0.000155085
2514.61,0.0155142
0.000155142
2514.15,0.0155199
0.000155199
2513.68,0.0155256
0.000155256
2513.22,0.0155314
0.000155314
2512.75,0.0155372
0.000155372
2512.27,0.015543
0.00015543
2511.8,0.0155489
0.000155489
2511.32,0.0155548
0.000155548
2510.84,0.0155608
0.000155608
2510.35,0.0155668
0.000155668
2509.87,0.0155728
0.000155728
2509.38,0.0155789
0.000155789
2508.88,0.015585
0.00015585
2508.39,0.0155912
0.000155912
2507.89,0.0155974
0.000155974
2507.39,0.0156036
0.000156036
2506.88,0.0156099
0.000156099
2506.37,0.0156163
0.000156163
2505.86,0.0156226
0.000156226
2505.35,0.015629
0.00015629
2504.83,0.0156355
0.000156355
2504.32,0.015642
0.00015642
2503.79,0.0156485
0.000156485
2503.27,0.015655
0.00015655
2502.74,0.0156617
0.000156617
2502.21,0.0156683
0.000156683
2501.67,0.015675
0.00015675
2501.14,0.0156817
0.000156817
2500.6,0.0156885
0.000156885
2500.06,0.0156953
0.000156953
2499.51,0.0157021
0.000157021
2498.96,0.015709
0.00015709
2498.41,0.015716
0.00015716
2497.86,0.0157229
0.000157229
2497.3,0.01573
0.0001573
2496.74,0.015737
0.00015737
2496.18,0.0157441
0.000157441
2495.61,0.0157512
0.000157512
2495.04,0.0157584
0.000157584
2494.47,0.0157656
0.000157656
2493.9,0.0157729
0.000157729
2493.32,0.0157802
0.000157802
2492.74,0.0157876
0.000157876
2492.16,0.0157949
0.000157949
2491.57,0.0158024
0.000158024
2490.98,0.0158098
0.000158098
2490.39,0.0158174
0.000158174
2489.8,0.0158249
0.000158249
2489.2,0.0158325
0.000158325
2488.6,0.0158401
0.000158401
2488,0.0158478
0.000158478
2487.39,0.0158555
0.000158555
2486.78,0.0158633
0.000158633
2486.17,0.0158711
0.000158711
2485.56,0.015879
0.00015879
2484.94,0.0158868
0.000158868
2484.32,0.0158948
0.000158948
2483.7,0.0159028
0.000159028
2483.07,0.0159108
0.000159108
2482.44,0.0159188
0.000159188
2481.81,0.0159269
0.000159269
2481.18,0.0159351
0.000159351
2480.54,0.0159433
0.000159433
2479.9,0.0159515
0.000159515
2479.25,0.0159598
0.000159598
2478.61,0.0159681
0.000159681
2477.96,0.0159764
0.000159764
2477.31,0.0159849
0.000159848
2476.66,0.0159933
0.000159933
2476,0.0160018
0.000160018
2475.34,0.0160103
0.000160103
2474.68,0.0160189
0.000160189
2474.01,0.0160275
0.000160275
2473.34,0.0160362
0.000160362
2472.67,0.0160449
0.000160449
2472,0.0160536
0.000160536
2471.32,0.0160624
0.000160624
2470.64,0.0160713
0.000160713
2469.96,0.0160801
0.000160801
2469.27,0.0160891
0.000160891
2468.59,0.016098
0.00016098
2467.89,0.016107
0.00016107
2467.2,0.0161161
0.000161161
2466.5,0.0161252
0.000161252
2465.81,0.0161343
0.000161343
2465.1,0.0161435
0.000161435
2464.4,0.0161528
0.000161528
2463.69,0.0161621
0.000161621
2462.98,0.0161714
0.000161714
2462.27,0.0161807
0.000161807
2461.55,0.0161902
0.000161902
2460.83,0.0161996
0.000161996
2460.11,0.0162091
0.000162091
2459.39,0.0162187
0.000162187
2458.66,0.0162283
0.000162283
2457.93,0.0162379
0.000162379
2457.2,0.0162476
0.000162476
2456.46,0.0162573
0.000162573
2455.73,0.0162671
0.000162671
2454.98,0.0162769
0.000162769
2454.24,0.0162868
0.000162868
2453.49,0.0162967
0.000162967
2452.75,0.0163066
0.000163066
2451.99,0.0163166
0.000163166
2451.24,0.0163267
0.000163267
2450.48,0.0163368
0.000163368
2449.72,0.0163469
0.000163469
2448.96,0.0163571
0.000163571
2448.19,0.0163673
0.000163673
2447.43,0.0163776
0.000163776
2446.65,0.0163879
0.000163879
2445.88,0.0163983
0.000163983
2445.1,0.0164087
0.000164087
2444.33,0.0164192
0.000164192
2443.54,0.0164297
0.000164297
2442.76,0.0164402
0.000164402
2441.97,0.0164508
0.000164508
2441.18,0.0164615
0.000164615
2440.39,0.0164722
0.000164722
2439.59,0.0164829
0.000164829
2438.8,0.0164937
0.000164937
2437.99,0.0165045
0.000165045
2437.19,0.0165154
0.000165154
2436.39,0.0165264
0.000165264
2435.58,0.0165373
0.000165373
2434.76,0.0165484
0.000165484
2433.95,0.0165594
0.000165594
2433.13,0.0165706
0.000165706
2432.31,0.0165817
0.000165817
2431.49,0.0165929
0.000165929
2430.67,0.0166042
0.000166042
2429.84,0.0166155
0.000166155
2429.01,0.0166269
0.000166269
2428.18,0.0166383
0.000166383
2427.34,0.0166498
0.000166498
2426.5,0.0166613
0.000166613
2425.66,0.0166728
0.000166728
2424.82,0.0166844
0.000166844
2423.97,0.0166961
0.000166961
2423.12,0.0167078
0.000167078
2422.27,0.0167195
0.000167195
2421.42,0.0167313
0.000167313
2420.56,0.0167432
0.000167432
2419.7,0.0167551
0.000167551
2418.84,0.016767
0.00016767
2417.97,0.016779
0.00016779
2417.11,0.016791
0.00016791
2416.24,0.0168031
0.000168031
2415.36,0.0168153
0.000168153
2414.49,0.0168275
0.000168275
2413.61,0.0168397
0.000168397
2412.73,0.016852
0.00016852
2411.85,0.0168644
0.000168643
2410.96,0.0168767
0.000168767
2410.07,0.0168892
0.000168892
2409.18,0.0169017
0.000169017
2408.29,0.0169142
0.000169142
2407.39,0.0169268
0.000169268
2406.49,0.0169395
0.000169395
2405.59,0.0169522
0.000169522
2404.69,0.0169649
0.000169649
2403.78,0.0169777
0.000169777
2402.87,0.0169905
0.000169905
2401.96,0.0170034
0.000170034
2401.05,0.0170164
0.000170164
2400.13,0.0170294
0.000170294
2399.21,0.0170424
0.000170424
2398.29,0.0170555
0.000170555
2397.37,0.0170687
0.000170687
2396.44,0.0170819
0.000170819
2395.51,0.0170952
0.000170952
2394.58,0.0171085
0.000171085
2393.64,0.0171218
0.000171218
2392.71,0.0171352
0.000171352
2391.77,0.0171487
0.000171487
2390.83,0.0171622
0.000171622
2389.88,0.0171758
0.000171758
2388.93,0.0171894
0.000171894
2387.98,0.0172031
0.000172031
2387.03,0.0172168
0.000172168
2386.08,0.0172306
0.000172306
2385.12,0.0172444
0.000172444
2384.16,0.0172583
0.000172583
2383.2,0.0172722
0.000172722
2382.23,0.0172862
0.000172862
2381.27,0.0173003
0.000173003
2380.3,0.0173144
0.000173144
2379.33,0.0173285
0.000173285
2378.35,0.0173427
0.000173427
2377.37,0.017357
0.00017357
2376.39,0.0173713
0.000173713
2375.41,0.0173856
0.000173856
2374.43,0.0174001
0.000174001
2373.44,0.0174145
0.000174145
2372.45,0.0174291
0.000174291
2371.46,0.0174436
0.000174436
2370.47,0.0174583
0.000174583
2369.47,0.017473
0.00017473
2368.47,0.0174877
0.000174877
2367.47,0.0175025
0.000175025
2366.47,0.0175173
0.000175173
2365.46,0.0175323
0.000175323
2364.45,0.0175472
0.000175472
2363.44,0.0175622
0.000175622
2362.43,0.0175773
0.000175773
2361.41,0.0175924
0.000175924
2360.39,0.0176076
0.000176076
2359.37,0.0176228
0.000176228
2358.35,0.0176381
0.000176381
2357.32,0.0176535
0.000176535
2356.3,0.0176689
0.000176689
2355.27,0.0176843
0.000176843
2354.23,0.0176999
0.000176999
2353.2,0.0177154
0.000177154
2352.16,0.0177311
0.00017731
2351.12,0.0177467
0.000177467
2350.08,0.0177625
0.000177625
2349.04,0.0177783
0.000177783
2347.99,0.0177941
0.000177941
2346.94,0.01781
0.0001781
2345.89,0.017826
0.00017826
2344.84,0.017842
0.00017842
2343.78,0.0178581
0.000178581
2342.72,0.0178742
0.000178742
2341.66,0.0178904
0.000178904
2340.6,0.0179067
0.000179067
2339.53,0.017923
0.00017923
2338.47,0.0179393
0.000179393
2337.4,0.0179558
0.000179558
2336.33,0.0179722
0.000179722
2335.25,0.0179888
0.000179888
2334.18,0.0180054
0.000180054
2333.1,0.018022
0.00018022
2332.02,0.0180387
0.000180387
2330.93,0.0180555
0.000180555
2329.85,0.0180723
0.000180723
2328.76,0.0180892
0.000180892
2327.67,0.0181062
0.000181062
2326.58,0.0181232
0.000181232
2325.48,0.0181402
0.000181402
2324.39,0.0181574
0.000181574
2323.29,0.0181745
0.000181745
2322.19,0.0181918
0.000181918
2321.08,0.0182091
0.000182091
2319.98,0.0182264
0.000182264
2318.87,0.0182438
0.000182438
2317.76,0.0182613
0.000182613
2316.65,0.0182789
0.000182789
2315.53,0.0182965
0.000182965
2314.42,0.0183141
0.000183141
2313.3,0.0183318
0.000183318
2312.18,0.0183496
0.000183496
2311.06,0.0183674
0.000183674
2309.93,0.0183853
0.000183853
2308.8,0.0184033
0.000184033
2307.67,0.0184213
0.000184213
2306.54,0.0184394
0.000184394
2305.41,0.0184575
0.000184575
2304.27,0.0184757
0.000184757
2303.14,0.018494
0.00018494
2302,0.0185123
0.000185123
2300.85,0.0185307
0.000185307
2299.71,0.0185491
0.000185491
2298.56,0.0185676
0.000185676
2297.41,0.0185862
0.000185862
2296.26,0.0186048
0.000186048
2295.11,0.0186235
0.000186235
2293.96,0.0186422
0.000186422
2292.8,0.0186611
0.000186611
2291.64,0.0186799
0.000186799
2290.48,0.0186989
0.000186989
2289.32,0.0187179
0.000187179
2288.15,0.0187369
0.000187369
2286.99,0.018756
0.00018756
2285.82,0.0187752
0.000187752
2284.65,0.0187945
0.000187945
2283.48,0.0188138
0.000188138
2282.3,0.0188332
0.000188332
2281.12,0.0188526
0.000188526
2279.95,0.0188721
0.000188721
2278.76,0.0188917
0.000188917
2277.58,0.0189113
0.000189113
2276.4,0.018931
0.00018931
2275.21,0.0189507
0.000189507
2274.02,0.0189705
0.000189705
2272.83,0.0189904
0.000189904
2271.64,0.0190103
0.000190103
2270.45,0.0190304
0.000190304
2269.25,0.0190504
0.000190504
2268.05,0.0190706
0.000190706
2266.85,0.0190907
0.000190908
2265.65,0.019111
0.00019111
2264.45,0.0191313
0.000191313
2263.24,0.0191517
0.000191517
2262.03,0.0191722
0.000191722
2260.82,0.0191927
0.000191927
2259.61,0.0192133
0.000192133
2258.4,0.0192339
0.000192339
2257.18,0.0192547
0.000192547
2255.97,0.0192754
0.000192754
2254.75,0.0192963
0.000192963
2253.53,0.0193172
0.000193172
2252.3,0.0193382
0.000193382
2251.08,0.0193592
0.000193592
2249.85,0.0193803
0.000193803
2248.63,0.0194015
0.000194015
2247.4,0.0194227
0.000194227
2246.16,0.019444
0.00019444
2244.93,0.0194654
0.000194654
2243.7,0.0194868
0.000194868
2242.46,0.0195083
0.000195083
2241.22,0.0195299
0.000195299
2239.98,0.0195515
0.000195515
2238.74,0.0195732
0.000195732
2237.5,0.019595
0.00019595
2236.25,0.0196168
0.000196168
2235,0.0196387
0.000196387
2233.75,0.0196607
0.000196607
2232.5,0.0196827
0.000196827
2231.25,0.0197048
0.000197048
2230,0.0197269
0.000197269
2228.74,0.0197492
0.000197492
2227.49,0.0197715
0.000197715
2226.23,0.0197938
0.000197938
2224.97,0.0198163
0.000198163
2223.7,0.0198388
0.000198388
2222.44,0.0198613
0.000198613
2221.18,0.019884
0.00019884
2219.91,0.0199067
0.000199067
2218.64,0.0199294
0.000199294
2217.37,0.0199523
0.000199523
2216.1,0.0199752
0.000199752
2214.83,0.0199982
0.000199982
2213.55,0.0200212
0.000200212
2212.27,0.0200443
0.000200443
2211,0.0200675
0.000200675
2209.72,0.0200907
0.000200907
2208.44,0.020114
0.00020114
2207.15,0.0201374
0.000201374
2205.87,0.0201609
0.000201609
2204.58,0.0201844
0.000201844
2203.3,0.020208
0.00020208
2202.01,0.0202316
0.000202316
2200.72,0.0202554
0.000202554
2199.43,0.0202792
0.000202792
2198.13,0.020303
0.00020303
2196.84,0.0203269
0.000203269
2195.54,0.0203509
0.000203509
2194.25,0.020375
0.00020375
2192.95,0.0203992
0.000203992
2191.65,0.0204234
0.000204234
2190.35,0.0204476
0.000204476
2189.04,0.020472
0.00020472
2187.74,0.0204964
0.000204964
2186.43,0.0205209
0.000205209
2185.13,0.0205454
0.000205454
2183.82,0.0205701
0.000205701
2182.51,0.0205947
0.000205947
2181.2,0.0206195
0.000206195
2179.89,0.0206443
0.000206443
2178.57,0.0206692
0.000206692
2177.26,0.0206942
0.000206942
2175.94,0.0207192
0.000207192
2174.63,0.0207444
0.000207444
2173.31,0.0207695
0.000207695
2171.99,0.0207948
0.000207948
2170.67,0.0208201
0.000208201
2169.34,0.0208455
0.000208455
2168.02,0.020871
0.000208709
2166.7,0.0208965
0.000208965
2165.37,0.0209221
0.000209221
2164.04,0.0209478
0.000209478
2162.71,0.0209735
0.000209735
2161.39,0.0209993
0.000209993
2160.05,0.0210252
0.000210252
2158.72,0.0210511
0.000210511
2157.39,0.0210772
0.000210772
2156.06,0.0211032
0.000211032
2154.72,0.0211294
0.000211294
2153.38,0.0211556
0.000211556
2152.05,0.0211819
0.000211819
2150.71,0.0212083
0.000212083
2149.37,0.0212347
0.000212348
2148.03,0.0212613
0.000212613
2146.69,0.0212878
0.000212878
2145.34,0.0213145
0.000213145
2144,0.0213412
0.000213412
2142.66,0.021368
0.00021368
2141.31,0.0213949
0.000213949
2139.96,0.0214218
0.000214218
2138.62,0.0214488
0.000214488
2137.27,0.0214759
0.000214759
2135.92,0.0215031
0.000215031
2134.57,0.0215303
0.000215303
2133.22,0.0215576
0.000215576
2131.86,0.0215849
0.000215849
2130.51,0.0216123
0.000216123
2129.16,0.0216398
0.000216398
2127.8,0.0216674
0.000216674
2126.44,0.0216951
0.000216951
2125.09,0.0217228
0.000217228
2123.73,0.0217505
0.000217505
2122.37,0.0217784
0.000217784
2121.01,0.0218063
0.000218063
2119.65,0.0218343
0.000218343
2118.29,0.0218624
0.000218624
2116.93,0.0218905
0.000218905
2115.57,0.0219187
0.000219187
2114.2,0.021947
0.00021947
2112.84,0.0219753
0.000219753
2111.48,0.0220037
0.000220037
2110.11,0.0220322
0.000220322
2108.74,0.0220608
0.000220608
2107.38,0.0220894
0.000220894
2106.01,0.0221181
0.000221181
2104.64,0.0221469
0.000221469
2103.27,0.0221757
0.000221757
2101.9,0.0222046
0.000222046
2100.53,0.0222336
0.000222336
2099.16,0.0222626
0.000222626
2097.79,0.0222917
0.000222917
2096.42,0.0223209
0.000223209
2095.05,0.0223502
0.000223502
2093.68,0.0223795
0.000223795
2092.3,0.0224089
0.000224089
2090.93,0.0224383
0.000224383
2089.55,0.0224679
0.000224679
2088.18,0.0224975
0.000224975
2086.8,0.0225271
0.000225271
2085.43,0.0225569
0.000225569
2084.05,0.0225867
0.000225867
2082.68,0.0226165
0.000226165
2081.3,0.0226465
0.000226465
2079.92,0.0226765
0.000226765
2078.54,0.0227066
0.000227066
2077.16,0.0227367
0.000227367
2075.78,0.0227669
0.000227669
2074.41,0.0227972
0.000227972
2073.03,0.0228276
0.000228276
2071.65,0.022858
0.00022858
2070.27,0.0228885
0.000228885
2068.89,0.022919
0.00022919
2067.5,0.0229497
0.000229497
2066.12,0.0229803
0.000229803
2064.74,0.0230111
0.000230111
2063.36,0.0230419
0.000230419
2061.98,0.0230728
0.000230728
2060.6,0.0231038
0.000231038
2059.21,0.0231348
0.000231348
2057.83,0.0231659
0.000231659
2056.45,0.0231971
0.000231971
2055.07,0.0232283
0.000232283
2053.68,0.0232596
0.000232596
2052.3,0.0232909
0.000232909
2050.92,0.0233224
0.000233224
2049.54,0.0233538
0.000233538
2048.15,0.0233854
0.000233854
2046.77,0.023417
0.00023417
2045.39,0.0234487
0.000234487
2044,0.0234804
0.000234804
2042.62,0.0235123
0.000235123
2041.24,0.0235441
0.000235441
2039.85,0.0235761
0.000235761
2038.47,0.0236081
0.000236081
2037.09,0.0236402
0.000236402
2035.7,0.0236723
0.000236723
2034.32,0.0237045
0.000237045
2032.94,0.0237367
0.000237367
2031.55,0.0237691
0.000237691
2030.17,0.0238015
0.000238015
2028.79,0.0238339
0.000238339
2027.41,0.0238664
0.000238664
2026.02,0.023899
0.00023899
2024.64,0.0239316
0.000239316
2023.26,0.0239643
0.000239643
2021.88,0.0239971
0.000239971
2020.5,0.0240299
0.000240299
2019.12,0.0240628
0.000240628
2017.74,0.0240957
0.000240957
2016.36,0.0241287
0.000241287
2014.98,0.0241618
0.000241618
2013.6,0.0241949
0.000241949
2012.22,0.0242281
0.000242281
2010.84,0.0242613
0.000242613
2009.46,0.0242946
0.000242946
2008.08,0.024328
0.00024328
2006.7,0.0243614
0.000243614
2005.33,0.0243949
0.000243949
2003.95,0.0244284
0.000244284
2002.57,0.024462
0.00024462
2001.2,0.0244956
0.000244956
1999.82,0.0245293
0.000245293
1998.45,0.0245631
0.000245631
1997.07,0.0245969
0.000245969
1995.7,0.0246308
0.000246308
1994.33,0.0246647
0.000246647
1992.96,0.0246987
0.000246987
1991.58,0.0247327
0.000247327
1990.21,0.0247668
0.000247668
1988.84,0.024801
0.000248009
1987.47,0.0248351
0.000248351
1986.1,0.0248694
0.000248694
1984.74,0.0249037
0.000249037
1983.37,0.024938
0.00024938
1982,0.0249725
0.000249725
1980.64,0.0250069
0.000250069
1979.27,0.0250414
0.000250414
1977.91,0.025076
0.00025076
1976.54,0.0251106
0.000251106
1975.18,0.0251452
0.000251452
1973.82,0.02518
0.0002518
1972.46,0.0252147
0.000252147
1971.1,0.0252495
0.000252495
1969.74,0.0252844
0.000252844
1968.38,0.0253193
0.000253193
1967.02,0.0253542
0.000253542
1965.67,0.0253892
0.000253892
1964.31,0.0254243
0.000254243
1962.96,0.0254593
0.000254593
1961.6,0.0254945
0.000254945
1960.25,0.0255297
0.000255297
1958.9,0.0255649
0.000255649
1957.55,0.0256001
0.000256001
1956.2,0.0256354
0.000256354
1954.86,0.0256708
0.000256708
1953.51,0.0257062
0.000257062
1952.17,0.0257416
0.000257416
1950.82,0.0257771
0.000257771
1949.48,0.0258126
0.000258126
1948.14,0.0258482
0.000258482
1946.8,0.0258838
0.000258838
1945.46,0.0259194
0.000259194
1944.12,0.0259551
0.000259551
1942.78,0.0259908
0.000259908
1941.45,0.0260266
0.000260266
1940.12,0.0260623
0.000260623
1938.78,0.0260982
0.000260982
1937.45,0.026134
0.00026134
1936.13,0.0261699
0.000261699
1934.8,0.0262058
0.000262058
1933.47,0.0262418
0.000262418
1932.15,0.0262778
0.000262778
1930.82,0.0263138
0.000263138
1929.5,0.0263499
0.000263499
1928.18,0.026386
0.00026386
1926.86,0.0264221
0.000264221
1925.55,0.0264582
0.000264582
1924.23,0.0264944
0.000264944
1922.92,0.0265306
0.000265306
1921.61,0.0265669
0.000265669
1920.3,0.0266031
0.000266031
1918.99,0.0266394
0.000266394
1917.68,0.0266757
0.000266757
1916.38,0.0267121
0.000267121
1915.07,0.0267484
0.000267484
1913.77,0.0267848
0.000267848
1912.47,0.0268212
0.000268212
1911.18,0.0268576
0.000268576
1909.88,0.0268941
0.000268941
1908.59,0.0269306
0.000269306
1907.29,0.0269671
0.000269671
1906,0.0270036
0.000270036
1904.72,0.0270401
0.000270401
1903.43,0.0270767
0.000270767
1902.15,0.0271132
0.000271132
1900.86,0.0271498
0.000271498
1899.58,0.0271864
0.000271864
1898.31,0.027223
0.00027223
1897.03,0.0272597
0.000272597
1895.76,0.0272963
0.000272963
1894.49,0.0273329
0.000273329
1893.22,0.0273696
0.000273696
1891.95,0.0274063
0.000274063
1890.68,0.027443
0.00027443
1889.42,0.0274797
0.000274797
1888.16,0.0275164
0.000275164
1886.9,0.0275531
0.000275531
1885.65,0.0275898
0.000275898
1884.39,0.0276265
0.000276265
1883.14,0.0276632
0.000276632
1881.89,0.0276999
0.000276999
1880.65,0.0277367
0.000277367
1879.4,0.0277734
0.000277734
1878.16,0.0278101
0.000278101
1876.92,0.0278468
0.000278468
1875.69,0.0278836
0.000278836
1874.45,0.0279203
0.000279203
1873.22,0.027957
0.00027957
1871.99,0.0279937
0.000279937
1870.77,0.0280304
0.000280304
1869.54,0.0280671
0.000280671
1868.32,0.0281038
0.000281038
1867.1,0.0281405
0.000281405
1865.89,0.0281772
0.000281772
1864.68,0.0282139
0.000282139
1863.47,0.0282505
0.000282505
1862.26,0.0282872
0.000282872
1861.05,0.0283238
0.000283238
1859.85,0.0283604
0.000283604
1858.65,0.028397
0.00028397
1857.46,0.0284336
0.000284336
1856.26,0.0284702
0.000284702
1855.07,0.0285067
0.000285067
1853.88,0.0285433
0.000285433
1852.7,0.0285798
0.000285798
1851.52,0.0286163
0.000286163
1850.34,0.0286527
0.000286527
1849.16,0.0286892
0.000286892
1847.99,0.0287256
0.000287256
1846.82,0.028762
0.00028762
1845.66,0.0287984
0.000287984
1844.49,0.0288347
0.000288347
1843.33,0.028871
0.00028871
1842.17,0.0289073
0.000289073
1841.02,0.0289435
0.000289435
1839.87,0.0289797
0.000289797
1838.72,0.0290159
0.000290159
1837.58,0.0290521
0.000290521
1836.44,0.0290882
0.000290882
1835.3,0.0291242
0.000291242
1834.17,0.0291603
0.000291603
1833.04,0.0291962
0.000291962
1831.91,0.0292322
0.000292322
1830.78,0.0292681
0.000292681
1829.66,0.0293039
0.000293039
1828.55,0.0293398
0.000293398
1827.43,0.0293755
0.000293755
1826.32,0.0294112
0.000294112
1825.22,0.0294469
0.000294469
1824.11,0.0294825
0.000294825
1823.01,0.0295181
0.000295181
1821.92,0.0295536
0.000295536
1820.83,0.0295891
0.000295891
1819.74,0.0296245
0.000296245
1818.65,0.0296599
0.000296599
1817.57,0.0296951
0.000296952
1816.5,0.0297304
0.000297304
1815.42,0.0297656
0.000297656
1814.35,0.0298007
0.000298007
1813.29,0.0298357
0.000298357
1812.22,0.0298707
0.000298707
1811.17,0.0299056
0.000299056
1810.11,0.0299405
0.000299405
1809.06,0.0299753
0.000299753
1808.01,0.03001
0.0003001
1806.97,0.0300446
0.000300446
1805.93,0.0300792
0.000300792
1804.9,0.0301137
0.000301137
1803.87,0.0301481
0.000301481
1802.84,0.0301825
0.000301825
1801.82,0.0302168
0.000302168
1800.8,0.030251
0.00030251
1799.78,0.0302851
0.000302851
1798.77,0.0303191
0.000303191
1797.77,0.030353
0.00030353
1796.77,0.0303869
0.000303869
1795.77,0.0304207
0.000304207
1794.77,0.0304544
0.000304544
1793.78,0.030488
0.00030488
1792.8,0.0305215
0.000305215
1791.82,0.0305549
0.000305549
1790.84,0.0305882
0.000305882
1789.87,0.0306214
0.000306214
1788.9,0.0306546
0.000306546
1787.94,0.0306876
0.000306876
1786.98,0.0307205
0.000307206
1786.03,0.0307534
0.000307534
1785.08,0.0307861
0.000307861
1784.13,0.0308187
0.000308187
1783.19,0.0308513
0.000308513
1782.26,0.0308837
0.000308837
1781.32,0.030916
0.00030916
1780.4,0.0309482
0.000309482
1779.47,0.0309803
0.000309803
1778.56,0.0310123
0.000310123
1777.64,0.0310442
0.000310442
1776.73,0.0310759
0.000310759
1775.83,0.0311076
0.000311076
1774.93,0.0311391
0.000311391
1774.04,0.0311705
0.000311705
1773.15,0.0312018
0.000312018
1772.26,0.0312329
0.000312329
1771.38,0.031264
0.00031264
1770.51,0.0312949
0.000312949
1769.64,0.0313257
0.000313257
1768.77,0.0313563
0.000313563
1767.91,0.0313868
0.000313868
1767.06,0.0314172
0.000314172
1766.21,0.0314475
0.000314475
1765.36,0.0314776
0.000314776
1764.52,0.0315076
0.000315076
1763.69,0.0315375
0.000315375
1762.86,0.0315672
0.000315672
1762.03,0.0315967
0.000315967
1761.21,0.0316262
0.000316262
1760.39,0.0316555
0.000316555
1759.58,0.0316846
0.000316846
1758.78,0.0317136
0.000317136
1757.98,0.0317425
0.000317425
1757.19,0.0317712
0.000317712
1756.4,0.0317997
0.000317997
1755.61,0.0318281
0.000318281
1754.83,0.0318564
0.000318564
1754.06,0.0318845
0.000318845
1753.29,0.0319124
0.000319124
1752.53,0.0319402
0.000319402
1751.77,0.0319678
0.000319678
1751.02,0.0319953
0.000319953
1750.28,0.0320226
0.000320226
1749.53,0.0320497
0.000320497
1748.8,0.0320767
0.000320767
1748.07,0.0321035
0.000321035
1747.34,0.0321301
0.000321301
1746.62,0.0321566
0.000321566
1745.91,0.0321829
0.000321829
1745.2,0.032209
0.00032209
1744.5,0.032235
0.00032235
1743.8,0.0322608
0.000322608
1743.11,0.0322864
0.000322864
1742.42,0.0323118
0.000323118
1741.74,0.032337
0.00032337
1741.07,0.0323621
0.000323621
1740.4,0.032387
0.00032387
1739.74,0.0324117
0.000324117
1739.08,0.0324362
0.000324362
1738.43,0.0324605
0.000324605
1737.78,0.0324846
0.000324846
1737.14,0.0325086
0.000325086
1736.51,0.0325323
0.000325323
1735.88,0.0325559
0.000325559
1735.26,0.0325793
0.000325793
1734.64,0.0326025
0.000326025
1734.03,0.0326254
0.000326254
1733.42,0.0326482
0.000326482
1732.82,0.0326708
0.000326708
1732.23,0.0326932
0.000326932
1731.64,0.0327154
0.000327154
1731.06,0.0327374
0.000327374
1730.49,0.0327592
0.000327592
1729.92,0.0327807
0.000327807
1729.35,0.0328021
0.000328021
1728.8,0.0328233
0.000328233
1728.24,0.0328442
0.000328442
1727.7,0.032865
0.00032865
1727.16,0.0328855
0.000328855
1726.63,0.0329058
0.000329058
1726.1,0.0329259
0.000329259
1725.58,0.0329458
0.000329458
1725.06,0.0329655
0.000329655
1724.55,0.0329849
0.000329849
1724.05,0.0330042
0.000330042
1723.55,0.0330232
0.000330232
1723.06,0.033042
0.00033042
1722.58,0.0330606
0.000330606
1722.1,0.0330789
0.000330789
1721.63,0.033097
0.00033097
1721.17,0.0331149
0.000331149
1720.71,0.0331326
0.000331326
1720.25,0.0331501
0.000331501
1719.81,0.0331673
0.000331673
1719.37,0.0331843
0.000331843
1718.93,0.033201
0.00033201
1718.5,0.0332176
0.000332176
1718.08,0.0332338
0.000332338
1717.67,0.0332499
0.000332499
1717.26,0.0332657
0.000332657
1716.86,0.0332813
0.000332813
1716.46,0.0332967
0.000332967
1716.07,0.0333118
0.000333118
1715.69,0.0333267
0.000333267
1715.31,0.0333413
0.000333413
1714.94,0.0333557
0.000333557
1714.58,0.0333698
0.000333698
1714.22,0.0333837
0.000333837
1713.87,0.0333974
0.000333974
1713.53,0.0334108
0.000334108
1713.19,0.033424
0.00033424
1712.86,0.0334369
0.000334369
1712.53,0.0334496
0.000334496
1712.22,0.033462
0.00033462
1711.9,0.0334742
0.000334742
1711.6,0.0334861
0.000334861
1711.3,0.0334978
0.000334978
1711.01,0.0335092
0.000335092
1710.72,0.0335204
0.000335204
1710.44,0.0335314
0.000335314
1710.17,0.033542
0.00033542
1709.91,0.0335525
0.000335525
1709.65,0.0335626
0.000335626
1709.4,0.0335725
0.000335725
1709.15,0.0335822
0.000335822
1708.91,0.0335916
0.000335916
1708.68,0.0336007
0.000336007
1708.45,0.0336096
0.000336096
1708.23,0.0336182
0.000336182
1708.02,0.0336266
0.000336266
1707.81,0.0336347
0.000336347
1707.62,0.0336425
0.000336425
1707.42,0.0336501
0.000336501
1707.24,0.0336574
0.000336574
1707.06,0.0336645
0.000336645
1706.89,0.0336713
0.000336713
1706.72,0.0336778
0.000336778
1706.56,0.0336841
0.000336841
1706.41,0.0336901
0.000336901
1706.26,0.0336959
0.000336959
1706.12,0.0337014
0.000337014
1705.99,0.0337066
0.000337066
1705.87,0.0337115
0.000337115
1705.75,0.0337162
0.000337162
1705.64,0.0337206
0.000337206
1705.53,0.0337248
0.000337248
1705.43,0.0337287
0.000337287
1705.34,0.0337323
0.000337323
1705.26,0.0337357
0.000337357
1705.18,0.0337388
0.000337388
1705.11,0.0337416
0.000337416
1705.04,0.0337441
0.000337441
1704.99,0.0337464
0.000337464
1704.93,0.0337485
0.000337485
1704.89,0.0337502
0.000337502
1704.85,0.0337517
0.000337517
1704.82,0.0337529
0.000337529
1704.8,0.0337539
0.000337539
1704.78,0.0337545
0.000337545
1704.77,0.0337549
0.000337549
1704.77,0.0337551
0.000337551
1704.77,0.033755
0.00033755
1704.78,0.0337546
0.000337546
1704.8,0.0337539
0.000337539
1704.82,0.033753
0.00033753
1704.85,0.0337518
0.000337518
1704.89,0.0337503
0.000337503
1704.93,0.0337486
0.000337486
1704.98,0.0337466
0.000337466
1705.04,0.0337443
0.000337443
1705.1,0.0337418
0.000337418
1705.17,0.033739
0.00033739
1705.25,0.0337359
0.000337359
1705.33,0.0337326
0.000337326
1705.43,0.033729
0.00033729
1705.52,0.0337251
0.000337251
1705.63,0.033721
0.00033721
1705.74,0.0337166
0.000337166
1705.86,0.0337119
0.000337119
1705.98,0.033707
0.00033707
1706.11,0.0337018
0.000337018
1706.25,0.0336963
0.000336963
1706.4,0.0336906
0.000336906
1706.55,0.0336846
0.000336846
1706.71,0.0336784
0.000336784
1706.87,0.0336718
0.000336718
1707.04,0.0336651
0.000336651
1707.22,0.033658
0.00033658
1707.41,0.0336507
0.000336507
1707.6,0.0336432
0.000336432
1707.8,0.0336353
0.000336353
1708,0.0336272
0.000336272
1708.22,0.0336189
0.000336189
1708.43,0.0336103
0.000336103
1708.66,0.0336014
0.000336014
1708.89,0.0335923
0.000335923
1709.13,0.0335829
0.000335829
1709.38,0.0335733
0.000335733
1709.63,0.0335634
0.000335634
1709.89,0.0335533
0.000335533
1710.15,0.0335429
0.000335429
1710.42,0.0335322
0.000335322
1710.7,0.0335213
0.000335213
1710.99,0.0335101
0.000335101
1711.28,0.0334987
0.000334987
1711.58,0.0334871
0.000334871
1711.88,0.0334752
0.000334752
1712.19,0.033463
0.00033463
1712.51,0.0334506
0.000334506
1712.83,0.0334379
0.000334379
1713.16,0.033425
0.00033425
1713.5,0.0334119
0.000334119
1713.84,0.0333985
0.000333985
1714.19,0.0333848
0.000333848
1714.55,0.0333709
0.000333709
1714.91,0.0333568
0.000333568
1715.28,0.0333424
0.000333424
1715.66,0.0333278
0.000333278
1716.04,0.033313
0.00033313
1716.43,0.0332979
0.000332979
1716.83,0.0332825
0.000332825
1717.23,0.033267
0.00033267
1717.64,0.0332512
0.000332512
1718.05,0.0332351
0.000332351
1718.47,0.0332189
0.000332189
1718.9,0.0332024
0.000332024
1719.33,0.0331856
0.000331856
1719.77,0.0331687
0.000331687
1720.22,0.0331515
0.000331515
1720.67,0.033134
0.00033134
1721.13,0.0331164
0.000331164
1721.59,0.0330985
0.000330985
1722.06,0.0330804
0.000330804
1722.54,0.033062
0.000330621
1723.02,0.0330435
0.000330435
1723.51,0.0330247
0.000330247
1724.01,0.0330057
0.000330057
1724.51,0.0329865
0.000329865
1725.02,0.0329671
0.000329671
1725.54,0.0329474
0.000329474
1726.06,0.0329275
0.000329275
1726.58,0.0329075
0.000329075
1727.12,0.0328872
0.000328872
1727.65,0.0328666
0.000328666
1728.2,0.0328459
0.000328459
1728.75,0.032825
0.00032825
1729.31,0.0328038
0.000328038
1729.87,0.0327825
0.000327825
1730.44,0.0327609
0.000327609
1731.01,0.0327392
0.000327392
1731.6,0.0327172
0.000327172
1732.18,0.032695
0.00032695
1732.78,0.0326727
0.000326727
1733.37,0.0326501
0.000326501
1733.98,0.0326273
0.000326273
1734.59,0.0326044
0.000326044
1735.21,0.0325812
0.000325812
1735.83,0.0325578
0.000325578
1736.46,0.0325343
0.000325343
1737.09,0.0325105
0.000325105
1737.73,0.0324866
0.000324866
1738.38,0.0324625
0.000324625
1739.03,0.0324382
0.000324382
1739.68,0.0324137
0.000324137
1740.35,0.032389
0.00032389
1741.02,0.0323641
0.000323641
1741.69,0.0323391
0.000323391
1742.37,0.0323139
0.000323139
1743.05,0.0322885
0.000322885
1743.75,0.0322629
0.000322629
1744.44,0.0322371
0.000322371
1745.14,0.0322112
0.000322112
1745.85,0.0321851
0.000321851
1746.57,0.0321588
0.000321588
1747.28,0.0321323
0.000321323
1748.01,0.0321057
0.000321057
1748.74,0.0320789
0.000320789
1749.47,0.0320519
0.000320519
1750.21,0.0320248
0.000320248
1750.96,0.0319975
0.000319975
1751.71,0.0319701
0.000319701
1752.47,0.0319425
0.000319425
1753.23,0.0319147
0.000319147
1754,0.0318868
0.000318868
1754.77,0.0318587
0.000318587
1755.55,0.0318305
0.000318305
1756.33,0.0318021
0.000318021
1757.12,0.0317735
0.000317735
1757.92,0.0317448
0.000317448
1758.71,0.031716
0.00031716
1759.52,0.031687
0.00031687
1760.33,0.0316579
0.000316579
1761.14,0.0316286
0.000316286
1761.96,0.0315992
0.000315992
1762.79,0.0315696
0.000315696
1763.62,0.0315399
0.000315399
1764.45,0.03151
0.000315101
1765.29,0.0314801
0.000314801
1766.14,0.0314499
0.000314499
1766.99,0.0314197
0.000314197
1767.84,0.0313893
0.000313893
1768.7,0.0313588
0.000313588
1769.57,0.0313282
0.000313282
1770.44,0.0312974
0.000312974
1771.31,0.0312665
0.000312665
1772.19,0.0312355
0.000312355
1773.08,0.0312043
0.000312043
1773.96,0.031173
0.00031173
1774.86,0.0311416
0.000311416
1775.76,0.0311101
0.000311101
1776.66,0.0310785
0.000310785
1777.57,0.0310468
0.000310468
1778.48,0.0310149
0.000310149
1779.4,0.0309829
0.000309829
1780.32,0.0309508
0.000309508
1781.25,0.0309186
0.000309186
1782.18,0.0308863
0.000308863
1783.12,0.0308539
0.000308539
1784.06,0.0308214
0.000308214
1785,0.0307888
0.000307888
1785.95,0.030756
0.00030756
1786.9,0.0307232
0.000307232
1787.86,0.0306903
0.000306903
1788.82,0.0306573
0.000306573
1789.79,0.0306241
0.000306241
1790.76,0.0305909
0.000305909
1791.74,0.0305576
0.000305576
1792.72,0.0305242
0.000305242
1793.7,0.0304907
0.000304907
1794.69,0.0304571
0.000304571
1795.69,0.0304234
0.000304234
1796.68,0.0303896
0.000303896
1797.69,0.0303558
0.000303558
1798.69,0.0303219
0.000303219
1799.7,0.0302878
0.000302878
1800.72,0.0302537
0.000302537
1801.73,0.0302195
0.000302195
1802.76,0.0301853
0.000301853
1803.78,0.0301509
0.000301509
1804.81,0.0301165
0.000301165
1805.85,0.030082
0.00030082
1806.89,0.0300474
0.000300474
1807.93,0.0300128
0.000300128
1808.97,0.0299781
0.000299781
1810.03,0.0299433
0.000299433
1811.08,0.0299085
0.000299085
1812.14,0.0298735
0.000298735
1813.2,0.0298386
0.000298386
1814.26,0.0298035
0.000298035
1815.33,0.0297684
0.000297684
1816.41,0.0297332
0.000297332
1817.49,0.029698
0.00029698
1818.57,0.0296627
0.000296627
1819.65,0.0296274
0.000296274
1820.74,0.029592
0.00029592
1821.83,0.0295565
0.000295565
1822.93,0.029521
0.00029521
1824.02,0.0294854
0.000294854
1825.13,0.0294498
0.000294498
1826.23,0.0294141
0.000294141
1827.34,0.0293784
0.000293784
1828.46,0.0293427
0.000293427
1829.57,0.0293069
0.000293068
1830.69,0.029271
0.00029271
1831.82,0.0292351
0.000292351
1832.94,0.0291992
0.000291992
1834.08,0.0291632
0.000291632
1835.21,0.0291271
0.000291271
1836.35,0.0290911
0.000290911
1837.49,0.029055
0.00029055
1838.63,0.0290188
0.000290188
1839.78,0.0289827
0.000289827
1840.93,0.0289465
0.000289465
1842.08,0.0289102
0.000289102
1843.24,0.028874
0.00028874
1844.4,0.0288377
0.000288377
1845.56,0.0288013
0.000288013
1846.73,0.028765
0.00028765
1847.9,0.0287286
0.000287286
1849.07,0.0286922
0.000286922
1850.24,0.0286557
0.000286557
1851.42,0.0286193
0.000286193
1852.6,0.0285828
0.000285828
1853.79,0.0285463
0.000285463
1854.97,0.0285097
0.000285097
1856.16,0.0284732
0.000284732
1857.36,0.0284366
0.000284366
1858.55,0.0284
0.000284
1859.75,0.0283634
0.000283634
1860.95,0.0283268
0.000283268
1862.16,0.0282902
0.000282902
1863.37,0.0282535
0.000282535
1864.58,0.0282169
0.000282169
1865.79,0.0281802
0.000281802
1867,0.0281435
0.000281435
1868.22,0.0281068
0.000281068
1869.44,0.0280702
0.000280702
1870.67,0.0280335
0.000280335
1871.89,0.0279967
0.000279967
1873.12,0.02796
0.0002796
1874.35,0.0279233
0.000279233
1875.59,0.0278866
0.000278866
1876.82,0.0278499
0.000278499
1878.06,0.0278131
0.000278131
1879.3,0.0277764
0.000277764
1880.55,0.0277397
0.000277397
1881.79,0.0277029
0.000277029
1883.04,0.0276662
0.000276662
1884.29,0.0276295
0.000276295
1885.54,0.0275928
0.000275928
1886.8,0.0275561
0.000275561
1888.06,0.0275194
0.000275194
1889.32,0.0274827
0.000274827
1890.58,0.027446
0.00027446
1891.85,0.0274093
0.000274093
1893.11,0.0273726
0.000273726
1894.38,0.027336
0.00027336
1895.65,0.0272993
0.000272993
1896.93,0.0272627
0.000272627
1898.2,0.027226
0.00027226
1899.48,0.0271894
0.000271894
1900.76,0.0271528
0.000271528
1902.04,0.0271162
0.000271162
1903.32,0.0270797
0.000270797
1904.61,0.0270431
0.000270431
1905.9,0.0270066
0.000270066
1907.19,0.0269701
0.000269701
1908.48,0.0269336
0.000269336
1909.77,0.0268971
0.000268971
1911.07,0.0268606
0.000268606
1912.37,0.0268242
0.000268242
1913.67,0.0267878
0.000267878
1914.97,0.0267514
0.000267514
1916.27,0.026715
0.00026715
1917.57,0.0266787
0.000266787
1918.88,0.0266424
0.000266424
1920.19,0.0266061
0.000266061
1921.5,0.0265698
0.000265698
1922.81,0.0265336
0.000265336
1924.12,0.0264974
0.000264974
1925.44,0.0264612
0.000264612
1926.76,0.026425
0.00026425
1928.07,0.0263889
0.000263889
1929.39,0.0263528
0.000263528
1930.72,0.0263168
0.000263168
1932.04,0.0262807
0.000262807
1933.36,0.0262447
0.000262447
1934.69,0.0262088
0.000262088
1936.02,0.0261728
0.000261728
1937.35,0.0261369
0.000261369
1938.68,0.0261011
0.000261011
1940.01,0.0260653
0.000260653
1941.34,0.0260295
0.000260295
1942.68,0.0259937
0.000259937
1944.01,0.025958
0.00025958
1945.35,0.0259223
0.000259223
1946.69,0.0258867
0.000258867
1948.03,0.0258511
0.000258511
1949.37,0.0258155
0.000258155
1950.71,0.02578
0.0002578
1952.05,0.0257445
0.000257445
1953.4,0.0257091
0.000257091
1954.75,0.0256737
0.000256737
1956.09,0.0256383
0.000256383
1957.44,0.025603
0.00025603
1958.79,0.0255678
0.000255678
1960.14,0.0255325
0.000255325
1961.49,0.0254973
0.000254973
1962.85,0.0254622
0.000254622
1964.2,0.0254271
0.000254271
1965.56,0.0253921
0.000253921
1966.91,0.0253571
0.000253571
1968.27,0.0253221
0.000253221
1969.63,0.0252872
0.000252872
1970.99,0.0252524
0.000252524
1972.35,0.0252175
0.000252175
1973.71,0.0251828
0.000251828
1975.07,0.0251481
0.000251481
1976.43,0.0251134
0.000251134
1977.79,0.0250788
0.000250788
1979.16,0.0250442
0.000250442
1980.52,0.0250097
0.000250097
1981.89,0.0249753
0.000249753
1983.26,0.0249409
0.000249409
1984.62,0.0249065
0.000249065
1985.99,0.0248722
0.000248722
1987.36,0.0248379
0.000248379
1988.73,0.0248037
0.000248037
1990.1,0.0247696
0.000247696
1991.47,0.0247355
0.000247355
1992.84,0.0247015
0.000247015
1994.22,0.0246675
0.000246675
1995.59,0.0246336
0.000246336
1996.96,0.0245997
0.000245997
1998.34,0.0245659
0.000245659
1999.71,0.0245321
0.000245321
2001.09,0.0244984
0.000244984
2002.46,0.0244648
0.000244648
2003.84,0.0244312
0.000244312
2005.21,0.0243976
0.000243976
2006.59,0.0243641
0.000243641
2007.97,0.0243307
0.000243307
2009.35,0.0242974
0.000242974
2010.73,0.0242641
0.000242641
2012.1,0.0242308
0.000242308
2013.48,0.0241976
0.000241976
2014.86,0.0241645
0.000241645
2016.24,0.0241315
0.000241315
2017.62,0.0240984
0.000240984
2019,0.0240655
0.000240655
2020.38,0.0240326
0.000240326
2021.77,0.0239998
0.000239998
2023.15,0.023967
0.00023967
2024.53,0.0239343
0.000239343
2025.91,0.0239017
0.000239017
2027.29,0.0238691
0.000238691
2028.67,0.0238366
0.000238366
2030.06,0.0238041
0.000238041
2031.44,0.0237717
0.000237717
2032.82,0.0237394
0.000237394
2034.21,0.0237072
0.000237072
2035.59,0.023675
0.00023675
2036.97,0.0236428
0.000236428
2038.35,0.0236107
0.000236107
2039.74,0.0235787
0.000235787
2041.12,0.0235468
0.000235468
2042.5,0.0235149
0.000235149
2043.89,0.0234831
0.000234831
2045.27,0.0234513
0.000234513
2046.65,0.0234196
0.000234196
2048.04,0.023388
0.00023388
2049.42,0.0233565
0.000233565
2050.8,0.023325
0.00023325
2052.19,0.0232935
0.000232935
2053.57,0.0232622
0.000232622
2054.95,0.0232309
0.000232309
2056.34,0.0231996
0.000231996
2057.72,0.0231685
0.000231685
2059.1,0.0231374
0.000231374
2060.48,0.0231064
0.000231064
2061.86,0.0230754
0.000230754
2063.25,0.0230445
0.000230445
2064.63,0.0230137
0.000230137
2066.01,0.0229829
0.000229829
2067.39,0.0229522
0.000229522
2068.77,0.0229216
0.000229216
2070.15,0.022891
0.00022891
2071.53,0.0228605
0.000228605
2072.91,0.0228301
0.000228301
2074.29,0.0227997
0.000227997
2075.67,0.0227694
0.000227694
2077.05,0.0227392
0.000227392
2078.43,0.0227091
0.000227091
2079.81,0.022679
0.00022679
2081.18,0.022649
0.00022649
2082.56,0.022619
0.00022619
2083.94,0.0225891
0.000225891
2085.31,0.0225593
0.000225593
2086.69,0.0225296
0.000225296
2088.07,0.0224999
0.000224999
2089.44,0.0224703
0.000224703
2090.81,0.0224408
0.000224408
2092.19,0.0224113
0.000224113
2093.56,0.0223819
0.000223819
2094.94,0.0223526
0.000223526
2096.31,0.0223233
0.000223233
2097.68,0.0222941
0.000222941
2099.05,0.022265
0.00022265
2100.42,0.022236
0.00022236
2101.79,0.022207
0.00022207
2103.16,0.0221781
0.000221781
2104.53,0.0221493
0.000221493
2105.9,0.0221205
0.000221205
2107.27,0.0220918
0.000220918
2108.63,0.0220632
0.000220632
2110,0.0220346
0.000220346
2111.36,0.0220061
0.000220061
2112.73,0.0219777
0.000219777
2114.09,0.0219493
0.000219493
2115.46,0.0219211
0.000219211
2116.82,0.0218928
0.000218928
2118.18,0.0218647
0.000218647
2119.54,0.0218366
0.000218366
2120.9,0.0218086
0.000218086
2122.26,0.0217807
0.000217807
2123.62,0.0217529
0.000217529
2124.98,0.0217251
0.000217251
2126.33,0.0216973
0.000216973
2127.69,0.0216697
0.000216697
2129.04,0.0216421
0.000216421
2130.4,0.0216146
0.000216146
2131.75,0.0215872
0.000215872
2133.1,0.0215598
0.000215598
2134.45,0.0215325
0.000215325
2135.81,0.0215053
0.000215053
2137.15,0.0214782
0.000214782
2138.5,0.0214511
0.000214511
2139.85,0.0214241
0.000214241
2141.2,0.0213971
0.000213971
2142.54,0.0213703
0.000213703
2143.89,0.0213434
0.000213434
2145.23,0.0213167
0.000213167
2146.58,0.0212901
0.000212901
2147.92,0.0212635
0.000212635
2149.26,0.0212369
0.000212369
2150.6,0.0212105
0.000212105
2151.94,0.0211841
0.000211841
2153.27,0.0211578
0.000211578
2154.61,0.0211316
0.000211316
2155.94,0.0211054
0.000211054
2157.28,0.0210793
0.000210793
2158.61,0.0210533
0.000210533
2159.94,0.0210273
0.000210273
2161.27,0.0210014
0.000210014
2162.6,0.0209756
0.000209756
2163.93,0.0209499
0.000209499
2165.26,0.0209242
0.000209242
2166.59,0.0208986
0.000208986
2167.91,0.0208731
0.000208731
2169.23,0.0208476
0.000208476
2170.56,0.0208222
0.000208222
2171.88,0.0207969
0.000207969
2173.2,0.0207716
0.000207716
2174.52,0.0207464
0.000207464
2175.83,0.0207213
0.000207213
2177.15,0.0206963
0.000206963
2178.46,0.0206713
0.000206713
2179.78,0.0206464
0.000206464
2181.09,0.0206216
0.000206216
2182.4,0.0205968
0.000205968
2183.71,0.0205721
0.000205721
2185.02,0.0205475
0.000205475
2186.33,0.0205229
0.000205229
2187.63,0.0204984
0.000204984
2188.94,0.020474
0.00020474
2190.24,0.0204497
0.000204497
2191.54,0.0204254
0.000204254
2192.84,0.0204012
0.000204012
2194.14,0.020377
0.00020377
2195.44,0.0203529
0.000203529
2196.73,0.0203289
0.000203289
2198.03,0.020305
0.00020305
2199.32,0.0202811
0.000202811
2200.61,0.0202573
0.000202573
2201.9,0.0202336
0.000202336
2203.19,0.0202099
0.000202099
2204.48,0.0201864
0.000201864
2205.76,0.0201628
0.000201628
2207.05,0.0201394
0.000201394
2208.33,0.020116
0.00020116
2209.61,0.0200927
0.000200927
2210.89,0.0200694
0.000200694
2212.17,0.0200462
0.000200462
2213.44,0.0200231
0.000200231
2214.72,0.0200001
0.000200001
2215.99,0.0199771
0.000199771
2217.26,0.0199542
0.000199542
2218.53,0.0199313
0.000199313
2219.8,0.0199086
0.000199086
2221.07,0.0198859
0.000198859
2222.34,0.0198632
0.000198632
2223.6,0.0198406
0.000198406
2224.86,0.0198181
0.000198181
2226.12,0.0197957
0.000197957
2227.38,0.0197733
0.000197733
2228.64,0.019751
0.00019751
2229.89,0.0197288
0.000197288
2231.15,0.0197066
0.000197066
2232.4,0.0196845
0.000196845
2233.65,0.0196625
0.000196625
2234.9,0.0196405
0.000196405
2236.15,0.0196186
0.000196186
2237.39,0.0195968
0.000195968
2238.64,0.019575
0.00019575
2239.88,0.0195533
0.000195533
2241.12,0.0195317
0.000195317
2242.36,0.0195101
0.000195101
2243.59,0.0194886
0.000194886
2244.83,0.0194672
0.000194672
2246.06,0.0194458
0.000194458
2247.29,0.0194245
0.000194245
2248.52,0.0194032
0.000194032
2249.75,0.0193821
0.000193821
2250.98,0.0193609
0.000193609
2252.2,0.0193399
0.000193399
2253.42,0.0193189
0.000193189
2254.65,0.019298
0.00019298
2255.86,0.0192772
0.000192772
2257.08,0.0192564
0.000192564
2258.3,0.0192357
0.000192357
2259.51,0.019215
0.00019215
2260.72,0.0191944
0.000191944
2261.93,0.0191739
0.000191739
2263.14,0.0191534
0.000191534
2264.34,0.019133
0.00019133
2265.55,0.0191127
0.000191127
2266.75,0.0190924
0.000190924
2267.95,0.0190722
0.000190722
2269.15,0.0190521
0.000190521
2270.35,0.019032
0.00019032
2271.54,0.019012
0.00019012
2272.73,0.0189921
0.000189921
2273.92,0.0189722
0.000189722
2275.11,0.0189524
0.000189524
2276.3,0.0189326
0.000189326
2277.48,0.0189129
0.000189129
2278.67,0.0188933
0.000188933
2279.85,0.0188737
0.000188737
2281.03,0.0188542
0.000188542
2282.2,0.0188348
0.000188348
2283.38,0.0188154
0.000188154
2284.55,0.0187961
0.000187961
2285.72,0.0187768
0.000187768
2286.89,0.0187576
0.000187576
2288.06,0.0187385
0.000187385
2289.22,0.0187194
0.000187194
2290.39,0.0187004
0.000187004
2291.55,0.0186815
0.000186815
2292.7,0.0186626
0.000186626
2293.86,0.0186438
0.000186438
2295.02,0.0186251
0.000186251
2296.17,0.0186064
0.000186064
2297.32,0.0185877
0.000185877
2298.47,0.0185692
0.000185692
2299.61,0.0185507
0.000185507
2300.76,0.0185322
0.000185322
2301.9,0.0185138
0.000185138
2303.04,0.0184955
0.000184955
2304.18,0.0184772
0.000184772
2305.31,0.018459
0.00018459
2306.45,0.0184409
0.000184409
2307.58,0.0184228
0.000184228
2308.71,0.0184048
0.000184048
2309.84,0.0183868
0.000183868
2310.96,0.0183689
0.000183689
2312.08,0.0183511
0.000183511
2313.21,0.0183333
0.000183333
2314.32,0.0183156
0.000183156
2315.44,0.0182979
0.000182979
2316.56,0.0182803
0.000182803
2317.67,0.0182628
0.000182628
2318.78,0.0182453
0.000182453
2319.89,0.0182279
0.000182279
2320.99,0.0182105
0.000182105
2322.09,0.0181932
0.000181932
2323.2,0.018176
0.00018176
2324.29,0.0181588
0.000181588
2325.39,0.0181417
0.000181417
2326.49,0.0181246
0.000181246
2327.58,0.0181076
0.000181076
2328.67,0.0180906
0.000180906
2329.76,0.0180737
0.000180737
2330.84,0.0180569
0.000180569
2331.93,0.0180401
0.000180401
2333.01,0.0180234
0.000180234
2334.09,0.0180068
0.000180068
2335.16,0.0179902
0.000179902
2336.24,0.0179736
0.000179736
2337.31,0.0179571
0.000179571
2338.38,0.0179407
0.000179407
2339.45,0.0179243
0.000179243
2340.51,0.017908
0.00017908
2341.57,0.0178918
0.000178918
2342.63,0.0178756
0.000178756
2343.69,0.0178594
0.000178594
2344.75,0.0178433
0.000178433
2345.8,0.0178273
0.000178273
2346.85,0.0178114
0.000178114
2347.9,0.0177954
0.000177954
2348.95,0.0177796
0.000177796
2349.99,0.0177638
0.000177638
2351.04,0.017748
0.00017748
2352.08,0.0177324
0.000177324
2353.11,0.0177167
0.000177167
2354.15,0.0177011
0.000177011
2355.18,0.0176856
0.000176856
2356.21,0.0176702
0.000176702
2357.24,0.0176548
0.000176548
2358.26,0.0176394
0.000176394
2359.29,0.0176241
0.000176241
2360.31,0.0176089
0.000176089
2361.33,0.0175937
0.000175937
2362.34,0.0175786
0.000175786
2363.36,0.0175635
0.000175635
2364.37,0.0175485
0.000175485
2365.38,0.0175335
0.000175335
2366.38,0.0175186
0.000175186
2367.39,0.0175037
0.000175037
2368.39,0.0174889
0.000174889
2369.39,0.0174742
0.000174742
2370.38,0.0174595
0.000174595
2371.38,0.0174449
0.000174449
2372.37,0.0174303
0.000174303
2373.36,0.0174157
0.000174157
2374.35,0.0174013
0.000174013
2375.33,0.0173868
0.000173868
2376.31,0.0173725
0.000173725
2377.29,0.0173582
0.000173582
2378.27,0.0173439
0.000173439
2379.24,0.0173297
0.000173297
2380.22,0.0173155
0.000173155
2381.19,0.0173014
0.000173014
2382.15,0.0172874
0.000172874
2383.12,0.0172734
0.000172734
2384.08,0.0172595
0.000172595
2385.04,0.0172456
0.000172456
2386,0.0172317
0.000172317
2386.95,0.017218
0.00017218
2387.9,0.0172042
0.000172042
2388.85,0.0171906
0.000171906
2389.8,0.0171769
0.000171769
2390.75,0.0171634
0.000171634
2391.69,0.0171498
0.000171498
2392.63,0.0171364
0.000171364
2393.56,0.017123
0.00017123
2394.5,0.0171096
0.000171096
2395.43,0.0170963
0.000170963
2396.36,0.017083
0.00017083
2397.29,0.0170698
0.000170698
2398.21,0.0170567
0.000170567
2399.13,0.0170435
0.000170435
2400.05,0.0170305
0.000170305
2400.97,0.0170175
0.000170175
2401.88,0.0170045
0.000170045
2402.8,0.0169916
0.000169916
2403.71,0.0169788
0.000169788
2404.61,0.016966
0.00016966
2405.52,0.0169532
0.000169532
2406.42,0.0169405
0.000169405
2407.32,0.0169279
0.000169279
2408.21,0.0169153
0.000169153
2409.11,0.0169027
0.000169027
2410,0.0168902
0.000168902
2410.89,0.0168778
0.000168778
2411.77,0.0168654
0.000168654
2412.65,0.0168531
0.000168531
2413.54,0.0168408
0.000168408
2414.41,0.0168285
0.000168285
2415.29,0.0168163
0.000168163
2416.16,0.0168042
0.000168042
2417.03,0.0167921
0.000167921
2417.9,0.01678
0.0001678
2418.76,0.016768
0.00016768
2419.63,0.0167561
0.000167561
2420.49,0.0167442
0.000167442
2421.34,0.0167323
0.000167323
2422.2,0.0167205
0.000167205
2423.05,0.0167088
0.000167088
2423.9,0.0166971
0.000166971
2424.75,0.0166854
0.000166854
2425.59,0.0166738
0.000166738
2426.43,0.0166622
0.000166622
2427.27,0.0166507
0.000166507
2428.1,0.0166393
0.000166393
2428.94,0.0166279
0.000166279
2429.77,0.0166165
0.000166165
2430.6,0.0166052
0.000166052
2431.42,0.0165939
0.000165939
2432.24,0.0165827
0.000165827
2433.06,0.0165715
0.000165715
2433.88,0.0165604
0.000165604
2434.7,0.0165493
0.000165493
2435.51,0.0165383
0.000165383
2436.32,0.0165273
0.000165273
2437.12,0.0165164
0.000165164
2437.93,0.0165055
0.000165055
2438.73,0.0164946
0.000164946
2439.53,0.0164838
0.000164838
2440.32,0.0164731
0.000164731
2441.11,0.0164624
0.000164624
2441.9,0.0164517
0.000164517
2442.69,0.0164411
0.000164411
2443.48,0.0164306
0.000164306
2444.26,0.0164201
0.000164201
2445.04,0.0164096
0.000164096
2445.82,0.0163992
0.000163992
2446.59,0.0163888
0.000163888
2447.36,0.0163785
0.000163785
2448.13,0.0163682
0.000163682
2448.89,0.016358
0.00016358
2449.66,0.0163478
0.000163478
2450.42,0.0163376
0.000163376
2451.17,0.0163275
0.000163275
2451.93,0.0163175
0.000163175
2452.68,0.0163075
0.000163075
2453.43,0.0162975
0.000162975
2454.18,0.0162876
0.000162876
2454.92,0.0162777
0.000162777
2455.66,0.0162679
0.000162679
2456.4,0.0162581
0.000162581
2457.14,0.0162484
0.000162484
2457.87,0.0162387
0.000162387
2458.6,0.0162291
0.000162291
2459.33,0.0162195
0.000162195
2460.05,0.0162099
0.000162099
2460.77,0.0162004
0.000162004
2461.49,0.016191
0.00016191
2462.21,0.0161816
0.000161816
2462.92,0.0161722
0.000161722
2463.63,0.0161628
0.000161628
2464.34,0.0161536
0.000161536
2465.04,0.0161443
0.000161443
2465.75,0.0161351
0.000161351
2466.44,0.016126
0.00016126
2467.14,0.0161169
0.000161169
2467.83,0.0161078
0.000161078
2468.53,0.0160988
0.000160988
2469.21,0.0160898
0.000160898
2469.9,0.0160809
0.000160809
2470.58,0.016072
0.00016072
2471.26,0.0160632
0.000160632
2471.94,0.0160544
0.000160544
2472.61,0.0160456
0.000160456
2473.28,0.0160369
0.000160369
2473.95,0.0160283
0.000160283
2474.62,0.0160196
0.000160196
2475.28,0.0160111
0.000160111
2475.94,0.0160025
0.000160025
2476.6,0.015994
0.00015994
2477.25,0.0159856
0.000159856
2477.9,0.0159772
0.000159772
2478.55,0.0159688
0.000159688
2479.2,0.0159605
0.000159605
2479.84,0.0159522
0.000159522
2480.48,0.015944
0.00015944
2481.12,0.0159358
0.000159358
2481.75,0.0159276
0.000159276
2482.39,0.0159195
0.000159195
2483.02,0.0159115
0.000159115
2483.64,0.0159034
0.000159034
2484.26,0.0158955
0.000158955
2484.89,0.0158875
0.000158875
2485.5,0.0158796
0.000158796
2486.12,0.0158718
0.000158718
2486.73,0.015864
0.00015864
2487.34,0.0158562
0.000158562
2487.94,0.0158485
0.000158485
2488.55,0.0158408
0.000158408
2489.15,0.0158332
0.000158332
2489.75,0.0158256
0.000158256
2490.34,0.015818
0.00015818
2490.93,0.0158105
0.000158105
2491.52,0.015803
0.00015803
2492.11,0.0157956
0.000157956
2492.69,0.0157882
0.000157882
2493.27,0.0157809
0.000157809
2493.85,0.0157735
0.000157735
2494.42,0.0157663
0.000157663
2494.99,0.0157591
0.000157591
2495.56,0.0157519
0.000157519
2496.13,0.0157447
0.000157447
2496.69,0.0157376
0.000157376
2497.25,0.0157306
0.000157306
2497.81,0.0157236
0.000157236
2498.36,0.0157166
0.000157166
2498.91,0.0157096
0.000157096
2499.46,0.0157027
0.000157027
2500.01,0.0156959
0.000156959
2500.55,0.0156891
0.000156891
2501.09,0.0156823
0.000156823
2501.63,0.0156756
0.000156756
2502.16,0.0156689
0.000156689
2502.69,0.0156622
0.000156622
2503.22,0.0156556
0.000156556
2503.75,0.015649
0.00015649
2504.27,0.0156425
0.000156425
2504.79,0.015636
0.00015636
2505.31,0.0156296
0.000156296
2505.82,0.0156232
0.000156232
2506.33,0.0156168
0.000156168
2506.84,0.0156105
0.000156105
2507.34,0.0156042
0.000156042
2507.85,0.0155979
0.000155979
2508.35,0.0155917
0.000155917
2508.84,0.0155856
0.000155856
2509.33,0.0155794
0.000155794
2509.83,0.0155734
0.000155734
2510.31,0.0155673
0.000155673
2510.8,0.0155613
0.000155613
2511.28,0.0155553
0.000155553
2511.76,0.0155494
0.000155494
2512.23,0.0155435
0.000155435
2512.71,0.0155377
0.000155377
2513.18,0.0155318
0.000155318
2513.64,0.0155261
0.000155261
2514.11,0.0155203
0.000155203
2514.57,0.0155147
0.000155147
2515.03,0.015509
0.00015509
2515.48,0.0155034
0.000155034
2515.93,0.0154978
0.000154978
2516.38,0.0154923
0.000154923
2516.83,0.0154868
0.000154868
2517.27,0.0154813
0.000154813
2517.71,0.0154759
0.000154759
2518.15,0.0154705
0.000154705
2518.59,0.0154652
0.000154652
2519.02,0.0154599
0.000154599
2519.45,0.0154546
0.000154546
2519.87,0.0154494
0.000154494
2520.29,0.0154442
0.000154442
2520.71,0.0154391
0.000154391
2521.13,0.015434
0.00015434
2521.55,0.0154289
0.000154289
2521.96,0.0154239
0.000154239
2522.36,0.0154189
0.000154189
2522.77,0.0154139
0.000154139
2523.17,0.015409
0.00015409
2523.57,0.0154042
0.000154042
2523.97,0.0153993
0.000153993
2524.36,0.0153945
0.000153945
2524.75,0.0153898
0.000153898
2525.14,0.015385
0.00015385
2525.52,0.0153804
0.000153804
2525.9,0.0153757
0.000153757
2526.28,0.0153711
0.000153711
2526.66,0.0153665
0.000153665
2527.03,0.015362
0.00015362
2527.4,0.0153575
0.000153575
2527.77,0.0153531
0.000153531
2528.13,0.0153487
0.000153487
2528.49,0.0153443
0.000153443
2528.85,0.0153399
0.000153399
2529.2,0.0153356
0.000153356
2529.55,0.0153314
0.000153314
2529.9,0.0153271
0.000153271
2530.25,0.015323
0.00015323
2530.59,0.0153188
0.000153188
2530.93,0.0153147
0.000153147
2531.27,0.0153106
0.000153106
2531.6,0.0153066
0.000153066
2531.93,0.0153026
0.000153026
2532.26,0.0152986
0.000152986
2532.59,0.0152947
0.000152947
2532.91,0.0152908
0.000152908
2533.23,0.0152869
0.000152869
2533.54,0.0152831
0.000152831
2533.86,0.0152794
0.000152794
2534.17,0.0152756
0.000152756
2534.47,0.0152719
0.000152719
2534.78,0.0152683
0.000152683
2535.08,0.0152646
0.000152646
2535.38,0.015261
0.00015261
2535.67,0.0152575
0.000152575
2535.96,0.015254
0.00015254
2536.25,0.0152505
0.000152505
2536.54,0.0152471
0.000152471
2536.82,0.0152437
0.000152437
2537.1,0.0152403
0.000152403
2537.38,0.015237
0.00015237
2537.65,0.0152337
0.000152337
2537.92,0.0152304
0.000152304
2538.19,0.0152272
0.000152272
2538.46,0.015224
0.00015224
2538.72,0.0152209
0.000152209
2538.98,0.0152178
0.000152178
2539.23,0.0152147
0.000152147
2539.49,0.0152117
0.000152117
2539.74,0.0152087
0.000152087
2539.98,0.0152057
0.000152057
2540.23,0.0152028
0.000152028
2540.47,0.0151999
0.000151999
2540.71,0.0151971
0.000151971
2540.94,0.0151942
0.000151942
2541.18,0.0151915
0.000151915
2541.4,0.0151887
0.000151887
2541.63,0.015186
0.00015186
2541.85,0.0151834
0.000151834
2542.07,0.0151807
0.000151807
2542.29,0.0151781
0.000151781
2542.5,0.0151756
0.000151756
2542.72,0.0151731
0.000151731
2542.92,0.0151706
0.000151706
2543.13,0.0151681
0.000151681
2543.33,0.0151657
0.000151657
2543.53,0.0151634
0.000151634
2543.73,0.015161
0.00015161
2543.92,0.0151587
0.000151587
2544.11,0.0151565
0.000151565
2544.3,0.0151542
0.000151542
2544.48,0.015152
0.00015152
2544.66,0.0151499
0.000151499
2544.84,0.0151478
0.000151478
2545.01,0.0151457
0.000151457
2545.18,0.0151436
0.000151436
2545.35,0.0151416
0.000151416
2545.52,0.0151397
0.000151397
2545.68,0.0151377
0.000151377
2545.84,0.0151358
0.000151358
2546,0.015134
0.00015134
2546.15,0.0151321
0.000151321
2546.3,0.0151303
0.000151303
2546.45,0.0151286
0.000151286
2546.6,0.0151269
0.000151269
2546.74,0.0151252
0.000151252
2546.88,0.0151235
0.000151235
2547.01,0.0151219
0.000151219
2547.14,0.0151204
0.000151204
2547.27,0.0151188
0.000151188
2547.4,0.0151173
0.000151173
2547.52,0.0151158
0.000151158
2547.64,0.0151144
0.000151144
2547.76,0.015113
0.00015113
2547.88,0.0151117
0.000151117
2547.99,0.0151103
0.000151103
2548.1,0.0151091
0.000151091
2548.2,0.0151078
0.000151078
2548.3,0.0151066
0.000151066
2548.4,0.0151054
0.000151054
2548.5,0.0151043
0.000151043
2548.59,0.0151032
0.000151032
2548.68,0.0151021
0.000151021
2548.77,0.0151011
0.000151011
2548.86,0.0151001
0.000151001
2548.94,0.0150991
0.000150991
2549.01,0.0150982
0.000150982
2549.09,0.0150973
0.000150973
2549.16,0.0150964
0.000150964
2549.23,0.0150956
0.000150956
2549.3,0.0150948
0.000150948
2549.36,0.0150941
0.000150941
2549.42,0.0150934
0.000150934
2549.48,0.0150927
0.000150927
2549.53,0.0150921
0.000150921
2549.58,0.0150915
0.000150915
2549.63,0.0150909
0.000150909
2549.68,0.0150903
0.000150903
2549.72,0.0150899
0.000150899
2549.76,0.0150894
0.000150894
2549.79,0.015089
0.00015089
2549.82,0.0150886
0.000150886
2549.85,0.0150882
0.000150882
2549.88,0.0150879
0.000150879
2549.91,0.0150876
0.000150876
2549.93,0.0150874
0.000150874
2549.94,0.0150872
0.000150872
2549.96,0.015087
0.00015087
2549.97,0.0150869
0.000150869
2549.98,0.0150868
0.000150868
2549.98,0.0150867
0.000150867
2549.99,0.0150867
0.000150867
2549.99,0.0150867
0.000150867
2549.98,0.0150867
0.000150867
2549.98,0.0150868
0.000150868
2549.97,0.0150869
0.000150869
2549.95,0.0150871
0.000150871
2549.94,0.0150872
0.000150872
2549.92,0.0150875
0.000150875
2549.9,0.0150877
0.000150877
2549.87,0.015088
0.00015088
2549.85,0.0150883
0.000150883
2549.81,0.0150887
0.000150887
2549.78,0.0150891
0.000150891
2549.74,0.0150895
0.000150895
2549.7,0.01509
0.0001509
2549.66,0.0150905
0.000150905
2549.62,0.0150911
0.000150911
2549.57,0.0150916
0.000150916
2549.52,0.0150922
0.000150922
2549.46,0.0150929
0.000150929
2549.4,0.0150936
0.000150936
2549.34,0.0150943
0.000150943
2549.28,0.0150951
0.000150951
2549.21,0.0150959
0.000150959
2549.14,0.0150967
0.000150967
2549.07,0.0150976
0.000150976
2548.99,0.0150985
0.000150985
2548.91,0.0150994
0.000150994
2548.83,0.0151004
0.000151004
2548.74,0.0151014
0.000151014
2548.66,0.0151024
0.000151024
2548.57,0.0151035
0.000151035
2548.47,0.0151046
0.000151046
2548.37,0.0151058
0.000151058
2548.27,0.015107
0.00015107
2548.17,0.0151082
0.000151082
2548.06,0.0151094
0.000151094
2547.95,0.0151107
0.000151107
2547.84,0.0151121
0.000151121
2547.73,0.0151134
0.000151134
2547.61,0.0151148
0.000151149
2547.49,0.0151163
0.000151163
2547.36,0.0151178
0.000151178
2547.23,0.0151193
0.000151193
2547.1,0.0151208
0.000151208
2546.97,0.0151224
0.000151224
2546.83,0.015124
0.00015124
2546.69,0.0151257
0.000151257
2546.55,0.0151274
0.000151274
2546.41,0.0151291
0.000151291
2546.26,0.0151309
0.000151309
2546.11,0.0151327
0.000151327
2545.95,0.0151345
0.000151345
2545.79,0.0151364
0.000151364
2545.63,0.0151383
0.000151383
2545.47,0.0151403
0.000151403
2545.3,0.0151422
0.000151422
2545.13,0.0151443
0.000151443
2544.96,0.0151463
0.000151463
2544.78,0.0151484
0.000151484
2544.61,0.0151505
0.000151505
2544.42,0.0151527
0.000151527
2544.24,0.0151549
0.000151549
2544.05,0.0151571
0.000151571
2543.86,0.0151594
0.000151594
2543.67,0.0151617
0.000151617
2543.47,0.0151641
0.000151641
2543.27,0.0151665
0.000151665
2543.07,0.0151689
0.000151689
2542.86,0.0151713
0.000151713
2542.65,0.0151738
0.000151738
2542.44,0.0151764
0.000151764
2542.22,0.0151789
0.000151789
2542.01,0.0151815
0.000151815
2541.79,0.0151842
0.000151842
2541.56,0.0151869
0.000151869
2541.33,0.0151896
0.000151896
2541.1,0.0151923
0.000151923
2540.87,0.0151951
0.000151951
2540.64,0.0151979
0.000151979
2540.4,0.0152008
0.000152008
2540.15,0.0152037
0.000152037
2539.91,0.0152066
0.000152066
2539.66,0.0152096
0.000152096
2539.41,0.0152126
0.000152126
2539.16,0.0152156
0.000152156
2538.9,0.0152187
0.000152187
2538.64,0.0152218
0.000152218
2538.38,0.015225
0.00015225
2538.11,0.0152282
0.000152282
2537.84,0.0152314
0.000152314
2537.57,0.0152347
0.000152347
2537.29,0.015238
0.00015238
2537.02,0.0152413
0.000152413
2536.74,0.0152447
0.000152447
2536.45,0.0152481
0.000152481
2536.16,0.0152516
0.000152516
2535.87,0.015255
0.00015255
2535.58,0.0152586
0.000152586
2535.29,0.0152621
0.000152621
2534.99,0.0152657
0.000152657
2534.69,0.0152694
0.000152694
2534.38,0.015273
0.00015273
2534.07,0.0152767
0.000152767
2533.76,0.0152805
0.000152805
2533.45,0.0152843
0.000152843
2533.13,0.0152881
0.000152881
2532.81,0.015292
0.00015292
2532.49,0.0152959
0.000152959
2532.16,0.0152998
0.000152998
2531.83,0.0153038
0.000153038
2531.5,0.0153078
0.000153078
2531.17,0.0153118
0.000153118
2530.83,0.0153159
0.000153159
2530.49,0.0153201
0.000153201
2530.14,0.0153242
0.000153242
2529.8,0.0153284
0.000153284
2529.45,0.0153327
0.000153327
2529.1,0.0153369
0.000153369
2528.74,0.0153412
0.000153412
2528.38,0.0153456
0.000153456
2528.02,0.01535
0.0001535
2527.66,0.0153544
0.000153544
2527.29,0.0153589
0.000153589
2526.92,0.0153634
0.000153634
2526.54,0.0153679
0.000153679
2526.17,0.0153725
0.000153725
2525.79,0.0153771
0.000153771
2525.41,0.0153818
0.000153818
2525.02,0.0153865
0.000153865
2524.63,0.0153912
0.000153912
2524.24,0.015396
0.00015396
2523.85,0.0154008
0.000154008
2523.45,0.0154056
0.000154056
2523.05,0.0154105
0.000154105
2522.65,0.0154154
0.000154154
2522.24,0.0154204
0.000154204
2521.83,0.0154254
0.000154254
2521.42,0.0154304
0.000154304
2521.01,0.0154355
0.000154355
2520.59,0.0154406
0.000154406
2520.17,0.0154458
0.000154458
2519.74,0.015451
0.00015451
2519.32,0.0154562
0.000154562
2518.89,0.0154615
0.000154615
2518.45,0.0154668
0.000154668
2518.02,0.0154722
0.000154722
2517.58,0.0154776
0.000154776
2517.14,0.015483
0.00015483
2516.69,0.0154885
0.000154885
2516.25,0.015494
0.00015494
2515.8,0.0154995
0.000154995
2515.34,0.0155051
0.000155051
2514.89,0.0155107
0.000155107
2514.43,0.0155164
0.000155164
2513.97,0.0155221
0.000155221
2513.5,0.0155278
0.000155278
2513.03,0.0155336
0.000155336
2512.56,0.0155394
0.000155394
2512.09,0.0155453
0.000155453
2511.61,0.0155512
0.000155512
2511.13,0.0155571
0.000155571
2510.65,0.0155631
0.000155631
2510.16,0.0155691
0.000155691
2509.68,0.0155752
0.000155752
2509.19,0.0155813
0.000155813
2508.69,0.0155874
0.000155874
2508.19,0.0155936
0.000155936
2507.69,0.0155998
0.000155998
2507.19,0.0156061
0.000156061
2506.69,0.0156124
0.000156124
2506.18,0.0156187
0.000156187
2505.66,0.0156251
0.000156251
2505.15,0.0156315
0.000156315
2504.63,0.015638
0.00015638
2504.11,0.0156445
0.000156445
2503.59,0.015651
0.00015651
2503.06,0.0156576
0.000156576
2502.53,0.0156642
0.000156642
2502,0.0156709
0.000156709
2501.47,0.0156776
0.000156776
2500.93,0.0156843
0.000156843
2500.39,0.0156911
0.000156911
2499.84,0.015698
0.00015698
2499.3,0.0157048
0.000157048
2498.75,0.0157117
0.000157117
2498.2,0.0157187
0.000157187
2497.64,0.0157257
0.000157257
2497.08,0.0157327
0.000157327
2496.52,0.0157398
0.000157398
2495.96,0.0157469
0.000157469
2495.39,0.015754
0.00015754
2494.82,0.0157612
0.000157612
2494.25,0.0157685
0.000157685
2493.67,0.0157757
0.000157757
2493.1,0.0157831
0.000157831
2492.51,0.0157904
0.000157904
2491.93,0.0157978
0.000157978
2491.34,0.0158053
0.000158053
2490.75,0.0158127
0.000158127
2490.16,0.0158203
0.000158203
2489.57,0.0158278
0.000158278
2488.97,0.0158355
0.000158355
2488.37,0.0158431
0.000158431
2487.76,0.0158508
0.000158508
2487.15,0.0158585
0.000158585
2486.55,0.0158663
0.000158663
2485.93,0.0158741
0.000158741
2485.32,0.015882
0.00015882
2484.7,0.0158899
0.000158899
2484.08,0.0158979
0.000158979
2483.45,0.0159059
0.000159059
2482.83,0.0159139
0.000159139
2482.2,0.015922
0.00015922
2481.56,0.0159301
0.000159301
2480.93,0.0159382
0.000159382
2480.29,0.0159464
0.000159464
2479.65,0.0159547
0.000159547
2479.01,0.015963
0.00015963
2478.36,0.0159713
0.000159713
2477.71,0.0159797
0.000159797
2477.06,0.0159881
0.000159881
2476.4,0.0159966
0.000159966
2475.74,0.0160051
0.000160051
2475.08,0.0160136
0.000160136
2474.42,0.0160222
0.000160222
2473.75,0.0160309
0.000160309
2473.08,0.0160395
0.000160395
2472.41,0.0160483
0.000160483
2471.74,0.016057
0.00016057
2471.06,0.0160658
0.000160658
2470.38,0.0160747
0.000160747
2469.69,0.0160836
0.000160836
2469.01,0.0160925
0.000160925
2468.32,0.0161015
0.000161015
2467.63,0.0161105
0.000161105
2466.93,0.0161196
0.000161196
2466.23,0.0161287
0.000161287
2465.53,0.0161379
0.000161379
2464.83,0.0161471
0.000161471
2464.13,0.0161564
0.000161564
2463.42,0.0161657
0.000161657
2462.71,0.016175
0.00016175
2461.99,0.0161844
0.000161844
2461.27,0.0161938
0.000161938
2460.55,0.0162033
0.000162033
2459.83,0.0162128
0.000162128
2459.11,0.0162224
0.000162224
2458.38,0.016232
0.00016232
2457.65,0.0162416
0.000162416
2456.91,0.0162513
0.000162513
2456.18,0.0162611
0.000162611
2455.44,0.0162709
0.000162709
2454.7,0.0162807
0.000162807
2453.95,0.0162906
0.000162906
2453.21,0.0163005
0.000163005
2452.46,0.0163105
0.000163105
2451.7,0.0163205
0.000163205
2450.95,0.0163306
0.000163306
2450.19,0.0163407
0.000163407
2449.43,0.0163508
0.000163508
2448.66,0.016361
0.00016361
2447.9,0.0163713
0.000163713
2447.13,0.0163816
0.000163816
2446.36,0.0163919
0.000163919
2445.58,0.0164023
0.000164023
2444.8,0.0164127
0.000164127
2444.02,0.0164232
0.000164232
2443.24,0.0164337
0.000164337
2442.46,0.0164443
0.000164443
2441.67,0.0164549
0.000164549
2440.88,0.0164656
0.000164656
2440.08,0.0164763
0.000164763
2439.29,0.0164871
0.000164871
2438.49,0.0164979
0.000164979
2437.68,0.0165087
0.000165087
2436.88,0.0165196
0.000165196
2436.07,0.0165306
0.000165306
2435.26,0.0165416
0.000165416
2434.45,0.0165526
0.000165526
2433.63,0.0165637
0.000165637
2432.82,0.0165749
0.000165749
2432,0.0165861
0.000165861
2431.17,0.0165973
0.000165973
2430.35,0.0166086
0.000166086
2429.52,0.0166199
0.000166199
2428.69,0.0166313
0.000166313
2427.85,0.0166427
0.000166427
2427.02,0.0166542
0.000166542
2426.18,0.0166657
0.000166657
2425.33,0.0166773
0.000166773
2424.49,0.0166889
0.000166889
2423.64,0.0167006
0.000167006
2422.79,0.0167123
0.000167123
2421.94,0.0167241
0.000167241
2421.09,0.0167359
0.000167359
2420.23,0.0167478
0.000167478
2419.37,0.0167597
0.000167597
2418.5,0.0167716
0.000167716
2417.64,0.0167837
0.000167837
2416.77,0.0167957
0.000167957
2415.9,0.0168078
0.000168078
2415.02,0.01682
0.0001682
2414.15,0.0168322
0.000168322
2413.27,0.0168445
0.000168445
2412.39,0.0168568
0.000168568
2411.5,0.0168691
0.000168691
2410.62,0.0168815
0.000168815
2409.73,0.016894
0.00016894
2408.84,0.0169065
0.000169065
2407.94,0.0169191
0.000169191
2407.05,0.0169317
0.000169317
2406.15,0.0169444
0.000169444
2405.24,0.0169571
0.000169571
2404.34,0.0169698
0.000169698
2403.43,0.0169826
0.000169826
2402.52,0.0169955
0.000169955
2401.61,0.0170084
0.000170084
2400.69,0.0170214
0.000170214
2399.78,0.0170344
0.000170344
2398.86,0.0170475
0.000170475
2397.93,0.0170606
0.000170606
2397.01,0.0170738
0.000170738
2396.08,0.017087
0.00017087
2395.15,0.0171003
0.000171003
2394.22,0.0171136
0.000171136
2393.28,0.017127
0.00017127
2392.34,0.0171404
0.000171404
2391.4,0.0171539
0.000171539
2390.46,0.0171674
0.000171674
2389.52,0.017181
0.00017181
2388.57,0.0171947
0.000171947
2387.62,0.0172084
0.000172084
2386.66,0.0172221
0.000172221
2385.71,0.0172359
0.000172359
2384.75,0.0172498
0.000172498
2383.79,0.0172637
0.000172637
2382.83,0.0172776
0.000172776
2381.86,0.0172916
0.000172916
2380.89,0.0173057
0.000173057
2379.92,0.0173198
0.000173198
2378.95,0.017334
0.00017334
2377.98,0.0173482
0.000173482
2377,0.0173625
0.000173625
2376.02,0.0173768
0.000173768
2375.03,0.0173912
0.000173912
2374.05,0.0174056
0.000174056
2373.06,0.0174201
0.000174201
2372.07,0.0174347
0.000174347
2371.08,0.0174493
0.000174493
2370.08,0.0174639
0.000174639
2369.09,0.0174786
0.000174786
2368.09,0.0174934
0.000174934
2367.08,0.0175082
0.000175082
2366.08,0.0175231
0.000175231
2365.07,0.017538
0.00017538
2364.06,0.017553
0.00017553
2363.05,0.017568
0.00017568
2362.04,0.0175831
0.000175831
2361.02,0.0175982
0.000175982
2360,0.0176135
0.000176135
2358.98,0.0176287
0.000176287
2357.96,0.017644
0.00017644
2356.93,0.0176594
0.000176594
2355.9,0.0176748
0.000176748
2354.87,0.0176903
0.000176903
2353.84,0.0177058
0.000177058
2352.8,0.0177214
0.000177214
2351.76,0.0177371
0.000177371
2350.72,0.0177528
0.000177528
2349.68,0.0177685
0.000177685
2348.64,0.0177843
0.000177843
2347.59,0.0178002
0.000178002
2346.54,0.0178162
0.000178162
2345.49,0.0178321
0.000178321
2344.43,0.0178482
0.000178482
2343.37,0.0178643
0.000178643
2342.32,0.0178804
0.000178804
2341.25,0.0178967
0.000178967
2340.19,0.0179129
0.000179129
2339.12,0.0179293
0.000179293
2338.06,0.0179456
0.000179456
2336.99,0.0179621
0.000179621
2335.91,0.0179786
0.000179786
2334.84,0.0179951
0.000179951
2333.76,0.0180118
0.000180118
2332.68,0.0180284
0.000180284
2331.6,0.0180452
0.000180452
2330.52,0.018062
0.00018062
2329.43,0.0180788
0.000180788
2328.34,0.0180957
0.000180957
2327.25,0.0181127
0.000181127
2326.16,0.0181297
0.000181297
2325.06,0.0181468
0.000181468
2323.96,0.0181639
0.000181639
2322.86,0.0181811
0.000181811
2321.76,0.0181984
0.000181984
2320.66,0.0182157
0.000182157
2319.55,0.0182331
0.000182331
2318.44,0.0182505
0.000182505
2317.33,0.018268
0.00018268
2316.22,0.0182856
0.000182856
2315.11,0.0183032
0.000183032
2313.99,0.0183209
0.000183209
2312.87,0.0183386
0.000183386
2311.75,0.0183564
0.000183564
2310.62,0.0183743
0.000183743
2309.5,0.0183922
0.000183922
2308.37,0.0184102
0.000184102
2307.24,0.0184282
0.000184282
2306.11,0.0184463
0.000184463
2304.97,0.0184645
0.000184645
2303.84,0.0184827
0.000184827
2302.7,0.018501
0.00018501
2301.56,0.0185193
0.000185193
2300.41,0.0185377
0.000185377
2299.27,0.0185562
0.000185562
2298.12,0.0185747
0.000185747
2296.97,0.0185933
0.000185933
2295.82,0.018612
0.00018612
2294.67,0.0186307
0.000186307
2293.51,0.0186495
0.000186495
2292.36,0.0186683
0.000186683
2291.2,0.0186872
0.000186872
2290.04,0.0187061
0.000187061
2288.87,0.0187252
0.000187252
2287.71,0.0187442
0.000187442
2286.54,0.0187634
0.000187634
2285.37,0.0187826
0.000187826
2284.2,0.0188019
0.000188019
2283.03,0.0188212
0.000188212
2281.85,0.0188406
0.000188406
2280.67,0.0188601
0.000188601
2279.49,0.0188796
0.000188796
2278.31,0.0188992
0.000188992
2277.13,0.0189188
0.000189188
2275.94,0.0189385
0.000189385
2274.76,0.0189583
0.000189583
2273.57,0.0189781
0.000189781
2272.38,0.018998
0.00018998
2271.18,0.019018
0.00019018
2269.99,0.019038
0.00019038
2268.79,0.0190581
0.000190581
2267.59,0.0190783
0.000190783
2266.39,0.0190985
0.000190985
2265.19,0.0191188
0.000191188
2263.98,0.0191391
0.000191391
2262.78,0.0191596
0.000191596
2261.57,0.01918
0.0001918
2260.36,0.0192006
0.000192006
2259.15,0.0192212
0.000192212
2257.93,0.0192419
0.000192419
2256.72,0.0192626
0.000192626
2255.5,0.0192834
0.000192834
2254.28,0.0193043
0.000193043
2253.06,0.0193252
0.000193252
2251.84,0.0193462
0.000193462
2250.61,0.0193673
0.000193673
2249.38,0.0193884
0.000193884
2248.16,0.0194096
0.000194096
2246.92,0.0194309
0.000194309
2245.69,0.0194522
0.000194522
2244.46,0.0194736
0.000194736
2243.22,0.019495
0.00019495
2241.99,0.0195166
0.000195166
2240.75,0.0195381
0.000195381
2239.51,0.0195598
0.000195598
2238.26,0.0195815
0.000195815
2237.02,0.0196033
0.000196033
2235.77,0.0196252
0.000196252
2234.53,0.0196471
0.000196471
2233.28,0.0196691
0.000196691
2232.03,0.0196911
0.000196911
2230.77,0.0197133
0.000197133
2229.52,0.0197354
0.000197354
2228.26,0.0197577
0.000197577
2227,0.01978
0.0001978
2225.75,0.0198024
0.000198024
2224.48,0.0198249
0.000198249
2223.22,0.0198474
0.000198474
2221.96,0.01987
0.0001987
2220.69,0.0198927
0.000198927
2219.42,0.0199154
0.000199154
2218.15,0.0199382
0.000199382
2216.88,0.019961
0.00019961
2215.61,0.019984
0.00019984
2214.34,0.020007
0.00020007
2213.06,0.02003
0.0002003
2211.79,0.0200532
0.000200532
2210.51,0.0200764
0.000200764
2209.23,0.0200996
0.000200996
2207.95,0.020123
0.00020123
2206.66,0.0201464
0.000201464
2205.38,0.0201699
0.000201699
2204.09,0.0201934
0.000201934
2202.8,0.020217
0.00020217
2201.52,0.0202407
0.000202407
2200.22,0.0202645
0.000202645
2198.93,0.0202883
0.000202883
2197.64,0.0203122
0.000203122
2196.34,0.0203361
0.000203361
2195.05,0.0203601
0.000203601
2193.75,0.0203842
0.000203842
2192.45,0.0204084
0.000204084
2191.15,0.0204326
0.000204326
2189.85,0.0204569
0.000204569
2188.55,0.0204813
0.000204813
2187.24,0.0205057
0.000205057
2185.94,0.0205303
0.000205303
2184.63,0.0205548
0.000205548
2183.32,0.0205795
0.000205795
2182.01,0.0206042
0.000206042
2180.7,0.020629
0.00020629
2179.39,0.0206538
0.000206538
2178.07,0.0206788
0.000206788
2176.76,0.0207038
0.000207038
2175.44,0.0207288
0.000207288
2174.12,0.020754
0.00020754
2172.8,0.0207792
0.000207792
2171.48,0.0208045
0.000208045
2170.16,0.0208298
0.000208298
2168.84,0.0208552
0.000208552
2167.51,0.0208807
0.000208807
2166.19,0.0209063
0.000209063
2164.86,0.0209319
0.000209319
2163.53,0.0209576
0.000209576
2162.21,0.0209834
0.000209834
2160.88,0.0210092
0.000210092
2159.55,0.0210351
0.000210351
2158.21,0.0210611
0.000210611
2156.88,0.0210871
0.000210871
2155.54,0.0211132
0.000211132
2154.21,0.0211394
0.000211394
2152.87,0.0211657
0.000211657
2151.53,0.021192
0.00021192
2150.2,0.0212184
0.000212184
2148.86,0.0212449
0.000212449
2147.52,0.0212714
0.000212714
2146.17,0.021298
0.00021298
2144.83,0.0213247
0.000213247
2143.49,0.0213515
0.000213515
2142.14,0.0213783
0.000213783
2140.8,0.0214052
0.000214052
2139.45,0.0214321
0.000214321
2138.1,0.0214592
0.000214592
2136.75,0.0214863
0.000214863
2135.4,0.0215134
0.000215134
2134.05,0.0215407
0.000215407
2132.7,0.021568
0.00021568
2131.35,0.0215954
0.000215954
2129.99,0.0216228
0.000216228
2128.64,0.0216504
0.000216504
2127.28,0.021678
0.00021678
2125.93,0.0217056
0.000217056
2124.57,0.0217334
0.000217334
2123.21,0.0217612
0.000217612
2121.85,0.0217891
0.000217891
2120.49,0.021817
0.00021817
2119.13,0.021845
0.00021845
2117.77,0.0218731
0.000218731
2116.41,0.0219013
0.000219013
2115.05,0.0219295
0.000219295
2113.68,0.0219578
0.000219578
2112.32,0.0219862
0.000219862
2110.96,0.0220146
0.000220146
2109.59,0.0220431
0.000220431
2108.22,0.0220717
0.000220717
2106.86,0.0221003
0.000221003
2105.49,0.0221291
0.000221291
2104.12,0.0221578
0.000221578
2102.75,0.0221867
0.000221867
2101.38,0.0222156
0.000222156
2100.01,0.0222446
0.000222446
2098.64,0.0222737
0.000222737
2097.27,0.0223028
0.000223028
2095.9,0.022332
0.00022332
2094.53,0.0223613
0.000223613
2093.15,0.0223907
0.000223907
2091.78,0.0224201
0.000224201
2090.4,0.0224496
0.000224496
2089.03,0.0224791
0.000224791
2087.65,0.0225088
0.000225088
2086.28,0.0225385
0.000225385
2084.9,0.0225682
0.000225682
2083.53,0.022598
0.00022598
2082.15,0.0226279
0.000226279
2080.77,0.0226579
0.000226579
2079.39,0.0226879
0.000226879
2078.02,0.0227181
0.000227181
2076.64,0.0227482
0.000227482
2075.26,0.0227785
0.000227785
2073.88,0.0228088
0.000228088
2072.5,0.0228392
0.000228392
2071.12,0.0228696
0.000228696
2069.74,0.0229001
0.000229001
2068.36,0.0229307
0.000229307
2066.98,0.0229614
0.000229614
2065.6,0.0229921
0.000229921
2064.22,0.0230228
0.000230228
2062.83,0.0230537
0.000230537
2061.45,0.0230846
0.000230846
2060.07,0.0231156
0.000231156
2058.69,0.0231467
0.000231467
2057.3,0.0231778
0.000231778
2055.92,0.023209
0.00023209
2054.54,0.0232402
0.000232402
2053.16,0.0232715
0.000232715
2051.77,0.0233029
0.000233029
2050.39,0.0233344
0.000233344
2049.01,0.0233659
0.000233659
2047.62,0.0233974
0.000233974
2046.24,0.0234291
0.000234291
2044.86,0.0234608
0.000234608
2043.47,0.0234926
0.000234926
2042.09,0.0235244
0.000235244
2040.71,0.0235563
0.000235563
2039.32,0.0235883
0.000235883
2037.94,0.0236203
0.000236203
2036.56,0.0236524
0.000236524
2035.18,0.0236846
0.000236846
2033.79,0.0237168
0.000237168
2032.41,0.0237491
0.000237491
2031.03,0.0237814
0.000237814
2029.64,0.0238138
0.000238138
2028.26,0.0238463
0.000238463
2026.88,0.0238788
0.000238788
2025.5,0.0239114
0.000239114
2024.12,0.0239441
0.000239441
2022.73,0.0239768
0.000239768
2021.35,0.0240096
0.000240096
2019.97,0.0240424
0.000240424
2018.59,0.0240753
0.000240753
2017.21,0.0241083
0.000241083
2015.83,0.0241413
0.000241413
2014.45,0.0241744
0.000241744
2013.07,0.0242075
0.000242075
2011.69,0.0242407
0.000242407
2010.31,0.024274
0.00024274
2008.94,0.0243073
0.000243073
2007.56,0.0243407
0.000243407
2006.18,0.0243741
0.000243741
2004.8,0.0244076
0.000244076
2003.43,0.0244412
0.000244412
2002.05,0.0244748
0.000244748
2000.68,0.0245085
0.000245085
1999.3,0.0245422
0.000245422
1997.93,0.0245759
0.000245759
1996.55,0.0246098
0.000246098
1995.18,0.0246437
0.000246437
1993.81,0.0246776
0.000246776
1992.43,0.0247116
0.000247116
1991.06,0.0247457
0.000247457
1989.69,0.0247798
0.000247798
1988.32,0.0248139
0.000248139
1986.95,0.0248482
0.000248482
1985.58,0.0248824
0.000248824
1984.22,0.0249167
0.000249167
1982.85,0.0249511
0.000249511
1981.48,0.0249855
0.000249855
1980.12,0.02502
0.0002502
1978.75,0.0250545
0.000250545
1977.39,0.0250891
0.000250891
1976.02,0.0251237
0.000251237
1974.66,0.0251584
0.000251584
1973.3,0.0251931
0.000251931
1971.94,0.0252279
0.000252279
1970.58,0.0252627
0.000252627
1969.22,0.0252976
0.000252976
1967.86,0.0253325
0.000253325
1966.51,0.0253675
0.000253675
1965.15,0.0254025
0.000254025
1963.8,0.0254376
0.000254376
1962.44,0.0254727
0.000254727
1961.09,0.0255078
0.000255078
1959.74,0.025543
0.00025543
1958.39,0.0255782
0.000255782
1957.04,0.0256135
0.000256135
1955.69,0.0256489
0.000256489
1954.35,0.0256842
0.000256842
1953,0.0257196
0.000257196
1951.66,0.0257551
0.000257551
1950.31,0.0257906
0.000257906
1948.97,0.0258261
0.000258261
1947.63,0.0258617
0.000258617
1946.29,0.0258973
0.000258973
1944.95,0.0259329
0.000259329
1943.61,0.0259686
0.000259686
1942.28,0.0260044
0.000260044
1940.94,0.0260401
0.000260401
1939.61,0.0260759
0.000260759
1938.28,0.0261118
0.000261118
1936.95,0.0261476
0.000261476
1935.62,0.0261835
0.000261835
1934.29,0.0262195
0.000262195
1932.97,0.0262554
0.000262554
1931.64,0.0262914
0.000262914
1930.32,0.0263275
0.000263275
1929,0.0263636
0.000263636
1927.68,0.0263997
0.000263997
1926.36,0.0264358
0.000264358
1925.05,0.0264719
0.000264719
1923.73,0.0265081
0.000265081
1922.42,0.0265444
0.000265444
1921.11,0.0265806
0.000265806
1919.8,0.0266169
0.000266169
1918.49,0.0266532
0.000266532
1917.19,0.0266895
0.000266895
1915.88,0.0267258
0.000267258
1914.58,0.0267622
0.000267622
1913.28,0.0267986
0.000267986
1911.98,0.026835
0.00026835
1910.68,0.0268715
0.000268715
1909.39,0.0269079
0.000269079
1908.1,0.0269444
0.000269444
1906.8,0.0269809
0.000269809
1905.52,0.0270174
0.000270174
1904.23,0.027054
0.00027054
1902.94,0.0270905
0.000270905
1901.66,0.0271271
0.000271271
1900.38,0.0271637
0.000271637
1899.1,0.0272003
0.000272003
1897.82,0.0272369
0.000272369
1896.55,0.0272735
0.000272735
1895.27,0.0273102
0.000273102
1894,0.0273468
0.000273468
1892.74,0.0273835
0.000273835
1891.47,0.0274202
0.000274202
1890.21,0.0274569
0.000274568
1888.94,0.0274935
0.000274935
1887.69,0.0275302
0.000275302
1886.43,0.0275669
0.000275669
1885.17,0.0276037
0.000276037
1883.92,0.0276404
0.000276404
1882.67,0.0276771
0.000276771
1881.42,0.0277138
0.000277138
1880.18,0.0277505
0.000277505
1878.93,0.0277873
0.000277873
1877.69,0.027824
0.00027824
1876.46,0.0278607
0.000278607
1875.22,0.0278975
0.000278975
1873.99,0.0279342
0.000279342
1872.76,0.0279709
0.000279709
1871.53,0.0280076
0.000280076
1870.3,0.0280443
0.000280443
1869.08,0.028081
0.00028081
1867.86,0.0281177
0.000281177
1866.64,0.0281544
0.000281544
1865.43,0.0281911
0.000281911
1864.22,0.0282277
0.000282277
1863.01,0.0282644
0.000282644
1861.8,0.028301
0.00028301
1860.6,0.0283377
0.000283377
1859.4,0.0283743
0.000283743
1858.2,0.0284109
0.000284109
1857,0.0284474
0.000284474
1855.81,0.028484
0.00028484
1854.62,0.0285205
0.000285205
1853.44,0.0285571
0.000285571
1852.25,0.0285936
0.000285936
1851.07,0.02863
0.0002863
1849.9,0.0286665
0.000286665
1848.72,0.0287029
0.000287029
1847.55,0.0287393
0.000287393
1846.38,0.0287757
0.000287757
1845.22,0.0288121
0.000288121
1844.05,0.0288484
0.000288484
1842.9,0.0288847
0.000288847
1841.74,0.0289209
0.000289209
1840.59,0.0289572
0.000289572
1839.44,0.0289934
0.000289934
1838.29,0.0290295
0.000290295
1837.15,0.0290656
0.000290656
1836.01,0.0291017
0.000291017
1834.87,0.0291378
0.000291378
1833.74,0.0291738
0.000291738
1832.61,0.0292098
0.000292098
1831.49,0.0292457
0.000292457
1830.36,0.0292816
0.000292816
1829.24,0.0293174
0.000293174
1828.13,0.0293532
0.000293532
1827.02,0.029389
0.00029389
1825.91,0.0294247
0.000294247
1824.8,0.0294603
0.000294603
1823.7,0.0294959
0.000294959
1822.6,0.0295315
0.000295315
1821.51,0.029567
0.00029567
1820.42,0.0296024
0.000296024
1819.33,0.0296378
0.000296378
1818.25,0.0296731
0.000296731
1817.17,0.0297084
0.000297084
1816.09,0.0297436
0.000297436
1815.02,0.0297788
0.000297788
1813.95,0.0298139
0.000298139
1812.89,0.0298489
0.000298489
1811.83,0.0298838
0.000298838
1810.77,0.0299187
0.000299187
1809.72,0.0299536
0.000299536
1808.67,0.0299883
0.000299883
1807.62,0.030023
0.00030023
1806.58,0.0300576
0.000300576
1805.54,0.0300922
0.000300922
1804.51,0.0301267
0.000301267
1803.48,0.030161
0.00030161
1802.45,0.0301954
0.000301954
1801.43,0.0302296
0.000302296
1800.42,0.0302638
0.000302638
1799.4,0.0302978
0.000302978
1798.4,0.0303318
0.000303318
1797.39,0.0303658
0.000303658
1796.39,0.0303996
0.000303996
1795.39,0.0304333
0.000304333
1794.4,0.030467
0.00030467
1793.41,0.0305005
0.000305005
1792.43,0.030534
0.00030534
1791.45,0.0305674
0.000305674
1790.48,0.0306007
0.000306007
1789.51,0.0306339
0.000306339
1788.54,0.030667
0.00030667
1787.58,0.0307
0.000307
1786.62,0.0307329
0.000307329
1785.67,0.0307657
0.000307657
1784.72,0.0307984
0.000307984
1783.78,0.030831
0.00030831
1782.84,0.0308635
0.000308634
1781.91,0.0308958
0.000308958
1780.98,0.0309281
0.000309281
1780.05,0.0309603
0.000309603
1779.13,0.0309923
0.000309923
1778.21,0.0310243
0.000310243
1777.3,0.0310561
0.000310561
1776.4,0.0310878
0.000310878
1775.49,0.0311194
0.000311194
1774.6,0.0311509
0.000311509
1773.7,0.0311822
0.000311822
1772.82,0.0312134
0.000312134
1771.93,0.0312446
0.000312446
1771.06,0.0312755
0.000312755
1770.18,0.0313064
0.000313064
1769.31,0.0313371
0.000313371
1768.45,0.0313677
0.000313677
1767.59,0.0313982
0.000313982
1766.74,0.0314286
0.000314286
1765.89,0.0314588
0.000314588
1765.05,0.0314888
0.000314888
1764.21,0.0315188
0.000315188
1763.37,0.0315486
0.000315486
1762.55,0.0315782
0.000315782
1761.72,0.0316078
0.000316078
1760.9,0.0316371
0.000316372
1760.09,0.0316664
0.000316664
1759.28,0.0316955
0.000316955
1758.48,0.0317244
0.000317244
1757.68,0.0317532
0.000317532
1756.89,0.0317819
0.000317819
1756.1,0.0318104
0.000318104
1755.32,0.0318387
0.000318387
1754.55,0.0318669
0.000318669
1753.77,0.0318949
0.000318949
1753.01,0.0319228
0.000319228
1752.25,0.0319505
0.000319505
1751.49,0.0319781
0.000319781
1750.74,0.0320055
0.000320055
1750,0.0320327
0.000320327
1749.26,0.0320598
0.000320598
1748.53,0.0320867
0.000320867
1747.8,0.0321135
0.000321135
1747.07,0.03214
0.0003214
1746.36,0.0321664
0.000321664
1745.65,0.0321927
0.000321927
1744.94,0.0322187
0.000322187
1744.24,0.0322446
0.000322446
1743.54,0.0322703
0.000322703
1742.85,0.0322958
0.000322958
1742.17,0.0323212
0.000323212
1741.49,0.0323464
0.000323464
1740.82,0.0323714
0.000323714
1740.15,0.0323962
0.000323962
1739.49,0.0324208
0.000324208
1738.84,0.0324452
0.000324452
1738.19,0.0324695
0.000324695
1737.54,0.0324935
0.000324935
1736.91,0.0325174
0.000325174
1736.27,0.0325411
0.000325411
1735.65,0.0325646
0.000325646
1735.03,0.0325879
0.000325879
1734.41,0.032611
0.00032611
1733.8,0.0326339
0.000326339
1733.2,0.0326566
0.000326566
1732.6,0.0326791
0.000326791
1732.01,0.0327014
0.000327014
1731.43,0.0327235
0.000327235
1730.85,0.0327454
0.000327454
1730.28,0.0327671
0.000327671
1729.71,0.0327886
0.000327886
1729.15,0.0328099
0.000328099
1728.59,0.032831
0.00032831
1728.04,0.0328519
0.000328519
1727.5,0.0328725
0.000328725
1726.96,0.032893
0.00032893
1726.43,0.0329132
0.000329132
1725.91,0.0329333
0.000329333
1725.39,0.0329531
0.000329531
1724.87,0.0329727
0.000329726
1724.37,0.032992
0.00032992
1723.87,0.0330112
0.000330112
1723.37,0.0330301
0.000330301
1722.89,0.0330488
0.000330488
1722.4,0.0330673
0.000330673
1721.93,0.0330856
0.000330856
1721.46,0.0331036
0.000331036
1721,0.0331214
0.000331214
1720.54,0.033139
0.00033139
1720.09,0.0331564
0.000331564
1719.65,0.0331735
0.000331735
1719.21,0.0331904
0.000331904
1718.78,0.0332071
0.000332071
1718.35,0.0332235
0.000332235
1717.93,0.0332397
0.000332397
1717.52,0.0332557
0.000332557
1717.11,0.0332714
0.000332714
1716.71,0.0332869
0.000332869
1716.32,0.0333022
0.000333022
1715.93,0.0333172
0.000333172
1715.55,0.033332
0.00033332
1715.18,0.0333465
0.000333465
1714.81,0.0333608
0.000333608
1714.45,0.0333749
0.000333749
1714.1,0.0333887
0.000333887
1713.75,0.0334022
0.000334022
1713.41,0.0334156
0.000334156
1713.07,0.0334286
0.000334286
1712.74,0.0334415
0.000334415
1712.42,0.0334541
0.000334541
1712.1,0.0334664
0.000334664
1711.79,0.0334785
0.000334785
1711.49,0.0334903
0.000334903
1711.2,0.0335019
0.000335019
1710.91,0.0335132
0.000335132
1710.62,0.0335243
0.000335243
1710.35,0.0335352
0.000335352
1710.08,0.0335457
0.000335457
1709.81,0.0335561
0.000335561
1709.56,0.0335661
0.000335661
1709.31,0.0335759
0.000335759
1709.06,0.0335855
0.000335855
1708.83,0.0335948
0.000335948
1708.6,0.0336038
0.000336038
1708.38,0.0336126
0.000336126
1708.16,0.0336212
0.000336212
1707.95,0.0336294
0.000336294
1707.75,0.0336374
0.000336374
1707.55,0.0336452
0.000336452
1707.36,0.0336527
0.000336527
1707.18,0.0336599
0.000336599
1707,0.0336669
0.000336669
1706.83,0.0336736
0.000336736
1706.67,0.03368
0.0003368
1706.51,0.0336862
0.000336862
1706.36,0.0336921
0.000336921
1706.22,0.0336977
0.000336977
1706.08,0.0337031
0.000337031
1705.95,0.0337082
0.000337082
1705.83,0.0337131
0.000337131
1705.71,0.0337176
0.000337177
1705.6,0.033722
0.00033722
1705.5,0.033726
0.00033726
1705.41,0.0337298
0.000337298
1705.32,0.0337333
0.000337333
1705.23,0.0337366
0.000337366
1705.16,0.0337396
0.000337396
1705.09,0.0337423
0.000337423
1705.03,0.0337447
0.000337448
1704.97,0.0337469
0.000337469
1704.92,0.0337489
0.000337489
1704.88,0.0337505
0.000337505
1704.85,0.0337519
0.000337519
1704.82,0.033753
0.00033753
1704.8,0.0337539
0.000337539
1704.78,0.0337544
0.000337544
1704.78,0.0337547
0.000337547
1704.77,0.0337548
0.000337548
1704.78,0.0337546
0.000337546
1704.79,0.0337541
0.000337541
1704.81,0.0337533
0.000337533
1704.84,0.0337523
0.000337523
1704.87,0.033751
0.00033751
1704.91,0.0337494
0.000337494
1704.96,0.0337476
0.000337476
1705.01,0.0337455
0.000337455
1705.07,0.0337431
0.000337431
1705.14,0.0337405
0.000337405
1705.21,0.0337376
0.000337376
1705.29,0.0337344
0.000337344
1705.38,0.0337309
0.000337309
1705.47,0.0337272
0.000337272
1705.57,0.0337233
0.000337233
1705.68,0.033719
0.00033719
1705.79,0.0337145
0.000337145
1705.91,0.0337098
0.000337098
1706.04,0.0337047
0.000337047
1706.17,0.0336994
0.000336994
1706.31,0.0336939
0.000336939
1706.46,0.0336881
0.000336881
1706.62,0.033682
0.00033682
1706.78,0.0336756
0.000336756
1706.94,0.033669
0.00033669
1707.12,0.0336621
0.000336621
1707.3,0.033655
0.00033655
1707.49,0.0336476
0.000336476
1707.68,0.0336399
0.000336399
1707.88,0.033632
0.00033632
1708.09,0.0336238
0.000336238
1708.31,0.0336154
0.000336154
1708.53,0.0336067
0.000336067
1708.75,0.0335977
0.000335977
1708.99,0.0335885
0.000335885
1709.23,0.033579
0.00033579
1709.48,0.0335693
0.000335693
1709.73,0.0335593
0.000335593
1709.99,0.033549
0.00033549
1710.26,0.0335385
0.000335385
1710.54,0.0335278
0.000335278
1710.82,0.0335168
0.000335168
1711.1,0.0335055
0.000335055
1711.4,0.033494
0.00033494
1711.7,0.0334823
0.000334823
1712,0.0334703
0.000334703
1712.32,0.033458
0.00033458
1712.64,0.0334455
0.000334455
1712.96,0.0334327
0.000334328
1713.3,0.0334197
0.000334198
1713.64,0.0334065
0.000334065
1713.98,0.033393
0.00033393
1714.34,0.0333793
0.000333793
1714.7,0.0333653
0.000333653
1715.06,0.0333511
0.000333511
1715.43,0.0333366
0.000333366
1715.81,0.0333219
0.000333219
1716.2,0.033307
0.00033307
1716.59,0.0332918
0.000332918
1716.99,0.0332764
0.000332764
1717.39,0.0332607
0.000332607
1717.8,0.0332448
0.000332448
1718.22,0.0332287
0.000332287
1718.64,0.0332123
0.000332123
1719.07,0.0331957
0.000331957
1719.51,0.0331789
0.000331789
1719.95,0.0331618
0.000331618
1720.4,0.0331446
0.000331446
1720.85,0.033127
0.00033127
1721.31,0.0331093
0.000331093
1721.78,0.0330913
0.000330913
1722.25,0.0330731
0.000330731
1722.73,0.0330547
0.000330547
1723.22,0.0330361
0.000330361
1723.71,0.0330172
0.000330172
1724.21,0.0329981
0.000329981
1724.71,0.0329788
0.000329788
1725.22,0.0329593
0.000329593
1725.74,0.0329396
0.000329396
1726.26,0.0329196
0.000329196
1726.79,0.0328994
0.000328994
1727.33,0.0328791
0.000328791
1727.87,0.0328585
0.000328585
1728.42,0.0328377
0.000328377
1728.97,0.0328167
0.000328166
1729.53,0.0327954
0.000327954
1730.09,0.032774
0.00032774
1730.67,0.0327524
0.000327524
1731.24,0.0327305
0.000327305
1731.83,0.0327085
0.000327085
1732.42,0.0326862
0.000326862
1733.01,0.0326638
0.000326638
1733.61,0.0326411
0.000326411
1734.22,0.0326183
0.000326183
1734.83,0.0325952
0.000325952
1735.45,0.032572
0.00032572
1736.07,0.0325486
0.000325486
1736.71,0.032525
0.00032525
1737.34,0.0325011
0.000325011
1737.98,0.0324771
0.000324771
1738.63,0.0324529
0.000324529
1739.28,0.0324286
0.000324286
1739.94,0.032404
0.00032404
1740.61,0.0323792
0.000323792
1741.28,0.0323543
0.000323543
1741.96,0.0323292
0.000323292
1742.64,0.0323039
0.000323039
1743.32,0.0322784
0.000322784
1744.02,0.0322528
0.000322528
1744.72,0.0322269
0.00032227
1745.42,0.0322009
0.000322009
1746.13,0.0321748
0.000321748
1746.85,0.0321484
0.000321484
1747.57,0.0321219
0.000321219
1748.29,0.0320952
0.000320952
1749.03,0.0320684
0.000320684
1749.76,0.0320413
0.000320413
1750.51,0.0320142
0.000320142
1751.25,0.0319868
0.000319868
1752.01,0.0319593
0.000319593
1752.77,0.0319316
0.000319316
1753.53,0.0319038
0.000319038
1754.3,0.0318758
0.000318758
1755.08,0.0318477
0.000318477
1755.86,0.0318194
0.000318194
1756.64,0.0317909
0.000317909
1757.43,0.0317623
0.000317623
1758.23,0.0317336
0.000317336
1759.03,0.0317047
0.000317047
1759.83,0.0316756
0.000316756
1760.65,0.0316464
0.000316464
1761.46,0.0316171
0.000316171
1762.28,0.0315876
0.000315876
1763.11,0.031558
0.00031558
1763.94,0.0315282
0.000315282
1764.78,0.0314984
0.000314984
1765.62,0.0314683
0.000314683
1766.47,0.0314381
0.000314381
1767.32,0.0314078
0.000314078
1768.18,0.0313774
0.000313774
1769.04,0.0313468
0.000313468
1769.91,0.0313162
0.000313162
1770.78,0.0312853
0.000312853
1771.65,0.0312544
0.000312544
1772.54,0.0312233
0.000312233
1773.42,0.0311921
0.000311921
1774.31,0.0311608
0.000311608
1775.21,0.0311294
0.000311294
1776.11,0.0310978
0.000310978
1777.01,0.0310661
0.000310661
1777.92,0.0310343
0.000310343
1778.84,0.0310024
0.000310024
1779.76,0.0309704
0.000309704
1780.68,0.0309383
0.000309383
1781.61,0.0309061
0.000309061
1782.54,0.0308737
0.000308737
1783.48,0.0308413
0.000308413
1784.42,0.0308087
0.000308087
1785.37,0.030776
0.00030776
1786.32,0.0307433
0.000307433
1787.28,0.0307104
0.000307104
1788.24,0.0306774
0.000306774
1789.2,0.0306444
0.000306444
1790.17,0.0306112
0.000306112
1791.14,0.030578
0.00030578
1792.12,0.0305446
0.000305446
1793.1,0.0305112
0.000305112
1794.09,0.0304776
0.000304776
1795.08,0.030444
0.00030444
1796.07,0.0304103
0.000304103
1797.07,0.0303765
0.000303765
1798.08,0.0303426
0.000303426
1799.08,0.0303086
0.000303086
1800.1,0.0302746
0.000302746
1801.11,0.0302404
0.000302404
1802.13,0.0302062
0.000302062
1803.15,0.0301719
0.000301719
1804.18,0.0301376
0.000301376
1805.21,0.0301031
0.000301031
1806.25,0.0300686
0.000300686
1807.29,0.030034
0.00030034
1808.33,0.0299993
0.000299993
1809.38,0.0299646
0.000299646
1810.43,0.0299298
0.000299298
1811.49,0.0298949
0.000298949
1812.55,0.02986
0.0002986
1813.61,0.029825
0.00029825
1814.68,0.0297899
0.000297899
1815.75,0.0297548
0.000297548
1816.83,0.0297196
0.000297196
1817.9,0.0296843
0.000296843
1818.99,0.029649
0.00029649
1820.07,0.0296136
0.000296136
1821.16,0.0295782
0.000295782
1822.26,0.0295427
0.000295427
1823.35,0.0295072
0.000295072
1824.45,0.0294716
0.000294716
1825.56,0.029436
0.00029436
1826.66,0.0294003
0.000294003
1827.78,0.0293645
0.000293645
1828.89,0.0293288
0.000293288
1830.01,0.0292929
0.000292929
1831.13,0.0292571
0.000292571
1832.25,0.0292211
0.000292211
1833.38,0.0291852
0.000291852
1834.52,0.0291492
0.000291492
1835.65,0.0291131
0.000291131
1836.79,0.0290771
0.000290771
1837.93,0.029041
0.00029041
1839.08,0.0290048
0.000290048
1840.22,0.0289686
0.000289686
1841.37,0.0289324
0.000289324
1842.53,0.0288962
0.000288962
1843.69,0.0288599
0.000288599
1844.85,0.0288236
0.000288236
1846.01,0.0287872
0.000287872
1847.18,0.0287508
0.000287508
1848.35,0.0287144
0.000287144
1849.52,0.028678
0.00028678
1850.7,0.0286416
0.000286416
1851.88,0.0286051
0.000286051
1853.06,0.0285686
0.000285686
1854.25,0.0285321
0.000285321
1855.44,0.0284955
0.000284955
1856.63,0.028459
0.00028459
1857.82,0.0284224
0.000284224
1859.02,0.0283858
0.000283858
1860.22,0.0283492
0.000283492
1861.42,0.0283126
0.000283126
1862.63,0.0282759
0.000282759
1863.84,0.0282393
0.000282393
1865.05,0.0282026
0.000282026
1866.26,0.028166
0.00028166
1867.48,0.0281293
0.000281293
1868.7,0.0280926
0.000280926
1869.92,0.0280559
0.000280559
1871.14,0.0280192
0.000280192
1872.37,0.0279825
0.000279825
1873.6,0.0279458
0.000279458
1874.83,0.027909
0.00027909
1876.07,0.0278723
0.000278723
1877.3,0.0278356
0.000278356
1878.54,0.0277989
0.000277989
1879.78,0.0277621
0.000277621
1881.03,0.0277254
0.000277254
1882.28,0.0276887
0.000276887
1883.53,0.027652
0.00027652
1884.78,0.0276153
0.000276153
1886.03,0.0275785
0.000275785
1887.29,0.0275418
0.000275418
1888.55,0.0275051
0.000275051
1889.81,0.0274684
0.000274684
1891.07,0.0274317
0.000274317
1892.34,0.0273951
0.000273951
1893.6,0.0273584
0.000273584
1894.87,0.0273217
0.000273217
1896.15,0.0272851
0.000272851
1897.42,0.0272485
0.000272485
1898.7,0.0272118
0.000272118
1899.98,0.0271752
0.000271752
1901.26,0.0271386
0.000271386
1902.54,0.0271021
0.000271021
1903.82,0.0270655
0.000270655
1905.11,0.027029
0.00027029
1906.4,0.0269924
0.000269924
1907.69,0.0269559
0.000269559
1908.98,0.0269194
0.000269194
1910.28,0.026883
0.00026883
1911.57,0.0268465
0.000268465
1912.87,0.0268101
0.000268101
1914.17,0.0267737
0.000267737
1915.47,0.0267373
0.000267373
1916.78,0.0267009
0.000267009
1918.08,0.0266646
0.000266646
1919.39,0.0266283
0.000266283
1920.7,0.026592
0.00026592
1922.01,0.0265558
0.000265558
1923.32,0.0265195
0.000265195
1924.63,0.0264834
0.000264833
1925.95,0.0264472
0.000264472
1927.27,0.026411
0.00026411
1928.59,0.0263749
0.000263749
1929.91,0.0263389
0.000263389
1931.23,0.0263028
0.000263028
1932.55,0.0262668
0.000262668
1933.88,0.0262308
0.000262308
1935.2,0.0261949
0.000261949
1936.53,0.0261589
0.000261589
1937.86,0.0261231
0.000261231
1939.19,0.0260872
0.000260872
1940.52,0.0260514
0.000260514
1941.86,0.0260156
0.000260156
1943.19,0.0259799
0.000259799
1944.53,0.0259442
0.000259442
1945.87,0.0259085
0.000259085
1947.21,0.0258729
0.000258729
1948.55,0.0258373
0.000258373
1949.89,0.0258018
0.000258018
1951.23,0.0257663
0.000257663
1952.58,0.0257308
0.000257308
1953.92,0.0256954
0.000256954
1955.27,0.02566
0.0002566
1956.62,0.0256247
0.000256247
1957.96,0.0255894
0.000255894
1959.31,0.0255541
0.000255541
1960.67,0.0255189
0.000255189
1962.02,0.0254837
0.000254837
1963.37,0.0254486
0.000254486
1964.73,0.0254135
0.000254135
1966.08,0.0253785
0.000253785
1967.44,0.0253435
0.000253435
1968.79,0.0253086
0.000253086
1970.15,0.0252737
0.000252737
1971.51,0.0252389
0.000252389
1972.87,0.0252041
0.000252041
1974.23,0.0251693
0.000251693
1975.6,0.0251346
0.000251346
1976.96,0.0251
0.000251
1978.32,0.0250654
0.000250654
1979.69,0.0250309
0.000250309
1981.05,0.0249964
0.000249964
1982.42,0.0249619
0.000249619
1983.79,0.0249275
0.000249275
1985.15,0.0248932
0.000248932
1986.52,0.0248589
0.000248589
1987.89,0.0248247
0.000248247
1989.26,0.0247905
0.000247905
1990.63,0.0247564
0.000247564
1992,0.0247223
0.000247223
1993.37,0.0246883
0.000246883
1994.75,0.0246543
0.000246543
1996.12,0.0246204
0.000246204
1997.49,0.0245866
0.000245866
1998.87,0.0245528
0.000245528
2000.24,0.024519
0.00024519
2001.62,0.0244854
0.000244854
2002.99,0.0244517
0.000244517
2004.37,0.0244182
0.000244182
2005.75,0.0243847
0.000243847
2007.12,0.0243512
0.000243512
2008.5,0.0243178
0.000243178
2009.88,0.0242845
0.000242845
2011.26,0.0242512
0.000242512
2012.64,0.024218
0.00024218
2014.02,0.0241848
0.000241848
2015.4,0.0241517
0.000241517
2016.78,0.0241187
0.000241187
2018.16,0.0240857
0.000240857
2019.54,0.0240528
0.000240528
2020.92,0.0240199
0.000240199
2022.3,0.0239871
0.000239871
2023.68,0.0239544
0.000239544
2025.06,0.0239217
0.000239217
2026.45,0.0238891
0.000238891
2027.83,0.0238565
0.000238565
2029.21,0.023824
0.00023824
2030.59,0.0237916
0.000237916
2031.98,0.0237592
0.000237592
2033.36,0.0237269
0.000237269
2034.74,0.0236947
0.000236947
2036.12,0.0236625
0.000236625
2037.51,0.0236304
0.000236304
2038.89,0.0235983
0.000235983
2040.27,0.0235664
0.000235664
2041.66,0.0235344
0.000235344
2043.04,0.0235026
0.000235026
2044.42,0.0234708
0.000234708
2045.81,0.023439
0.00023439
2047.19,0.0234074
0.000234074
2048.57,0.0233758
0.000233758
2049.96,0.0233442
0.000233442
2051.34,0.0233128
0.000233128
2052.72,0.0232814
0.000232814
2054.11,0.02325
0.0002325
2055.49,0.0232188
0.000232188
2056.87,0.0231876
0.000231876
2058.25,0.0231564
0.000231564
2059.64,0.0231254
0.000231254
2061.02,0.0230943
0.000230943
2062.4,0.0230634
0.000230634
2063.78,0.0230325
0.000230325
2065.16,0.0230017
0.000230017
2066.54,0.022971
0.00022971
2067.92,0.0229403
0.000229403
2069.31,0.0229097
0.000229097
2070.69,0.0228792
0.000228792
2072.07,0.0228487
0.000228487
2073.45,0.0228183
0.000228183
2074.83,0.022788
0.00022788
2076.2,0.0227577
0.000227577
2077.58,0.0227275
0.000227275
2078.96,0.0226974
0.000226974
2080.34,0.0226673
0.000226674
2081.72,0.0226374
0.000226374
2083.09,0.0226074
0.000226074
2084.47,0.0225776
0.000225776
2085.85,0.0225478
0.000225478
2087.22,0.0225181
0.000225181
2088.6,0.0224884
0.000224884
2089.97,0.0224589
0.000224589
2091.35,0.0224294
0.000224294
2092.72,0.0223999
0.000223999
2094.09,0.0223705
0.000223705
2095.47,0.0223412
0.000223412
2096.84,0.022312
0.00022312
2098.21,0.0222829
0.000222829
2099.58,0.0222538
0.000222538
2100.95,0.0222247
0.000222247
2102.32,0.0221958
0.000221958
2103.69,0.0221669
0.000221669
2105.06,0.0221381
0.000221381
2106.43,0.0221094
0.000221094
2107.79,0.0220807
0.000220807
2109.16,0.0220521
0.000220521
2110.53,0.0220235
0.000220235
2111.89,0.0219951
0.000219951
2113.26,0.0219667
0.000219667
2114.62,0.0219384
0.000219384
2115.98,0.0219101
0.000219101
2117.34,0.0218819
0.000218819
2118.71,0.0218538
0.000218538
2120.07,0.0218258
0.000218258
2121.43,0.0217978
0.000217978
2122.79,0.0217699
0.000217699
2124.14,0.0217421
0.000217421
2125.5,0.0217143
0.000217143
2126.86,0.0216866
0.000216866
2128.21,0.021659
0.00021659
2129.57,0.0216315
0.000216315
2130.92,0.021604
0.00021604
2132.27,0.0215766
0.000215766
2133.63,0.0215492
0.000215492
2134.98,0.021522
0.00021522
2136.33,0.0214948
0.000214948
2137.68,0.0214677
0.000214677
2139.03,0.0214406
0.000214406
2140.37,0.0214136
0.000214136
2141.72,0.0213867
0.000213867
2143.07,0.0213599
0.000213599
2144.41,0.0213331
0.000213331
2145.75,0.0213064
0.000213064
2147.09,0.0212798
0.000212798
2148.44,0.0212532
0.000212532
2149.78,0.0212267
0.000212267
2151.12,0.0212003
0.000212003
2152.45,0.0211739
0.000211739
2153.79,0.0211476
0.000211476
2155.13,0.0211214
0.000211214
2156.46,0.0210953
0.000210953
2157.8,0.0210692
0.000210692
2159.13,0.0210432
0.000210432
2160.46,0.0210173
0.000210173
2161.79,0.0209914
0.000209914
2163.12,0.0209656
0.000209656
2164.45,0.0209399
0.000209399
2165.77,0.0209143
0.000209143
2167.1,0.0208887
0.000208887
2168.42,0.0208632
0.000208632
2169.75,0.0208378
0.000208378
2171.07,0.0208124
0.000208124
2172.39,0.0207871
0.000207871
2173.71,0.0207619
0.000207619
2175.03,0.0207367
0.000207367
2176.34,0.0207116
0.000207116
2177.66,0.0206866
0.000206866
2178.97,0.0206616
0.000206616
2180.29,0.0206368
0.000206368
2181.6,0.020612
0.00020612
2182.91,0.0205872
0.000205872
2184.22,0.0205625
0.000205625
2185.53,0.0205379
0.000205379
2186.83,0.0205134
0.000205134
2188.14,0.020489
0.000204889
2189.44,0.0204646
0.000204646
2190.74,0.0204402
0.000204402
2192.04,0.020416
0.00020416
2193.34,0.0203918
0.000203918
2194.64,0.0203677
0.000203677
2195.94,0.0203436
0.000203436
2197.23,0.0203197
0.000203197
2198.53,0.0202957
0.000202957
2199.82,0.0202719
0.000202719
2201.11,0.0202481
0.000202481
2202.4,0.0202244
0.000202244
2203.69,0.0202008
0.000202008
2204.98,0.0201772
0.000201772
2206.26,0.0201537
0.000201537
2207.54,0.0201303
0.000201303
2208.83,0.0201069
0.000201069
2210.11,0.0200836
0.000200836
2211.39,0.0200604
0.000200604
2212.66,0.0200373
0.000200373
2213.94,0.0200142
0.000200142
2215.21,0.0199912
0.000199912
2216.49,0.0199682
0.000199682
2217.76,0.0199453
0.000199453
2219.03,0.0199225
0.000199225
2220.3,0.0198998
0.000198997
2221.56,0.0198771
0.000198771
2222.83,0.0198545
0.000198545
2224.09,0.0198319
0.000198319
2225.35,0.0198094
0.000198094
2226.61,0.019787
0.00019787
2227.87,0.0197647
0.000197647
2229.13,0.0197424
0.000197424
2230.38,0.0197202
0.000197202
2231.63,0.019698
0.00019698
2232.89,0.019676
0.00019676
2234.14,0.0196539
0.000196539
2235.38,0.019632
0.00019632
2236.63,0.0196101
0.000196101
2237.88,0.0195883
0.000195883
2239.12,0.0195666
0.000195666
2240.36,0.0195449
0.000195449
2241.6,0.0195233
0.000195233
2242.84,0.0195017
0.000195017
2244.07,0.0194803
0.000194803
2245.31,0.0194588
0.000194588
2246.54,0.0194375
0.000194375
2247.77,0.0194162
0.000194162
2249,0.019395
0.00019395
2250.23,0.0193739
0.000193739
2251.45,0.0193528
0.000193528
2252.68,0.0193318
0.000193318
2253.9,0.0193108
0.000193108
2255.12,0.0192899
0.000192899
2256.34,0.0192691
0.000192691
2257.55,0.0192483
0.000192483
2258.77,0.0192276
0.000192276
2259.98,0.019207
0.00019207
2261.19,0.0191864
0.000191864
2262.4,0.0191659
0.000191659
2263.61,0.0191455
0.000191455
2264.81,0.0191251
0.000191251
2266.02,0.0191048
0.000191048
2267.22,0.0190846
0.000190846
2268.42,0.0190644
0.000190644
2269.61,0.0190443
0.000190443
2270.81,0.0190242
0.000190242
2272,0.0190043
0.000190043
2273.2,0.0189843
0.000189843
2274.39,0.0189645
0.000189645
2275.57,0.0189447
0.000189447
2276.76,0.018925
0.00018925
2277.94,0.0189053
0.000189053
2279.13,0.0188857
0.000188857
2280.31,0.0188661
0.000188661
2281.48,0.0188467
0.000188467
2282.66,0.0188272
0.000188272
2283.83,0.0188079
0.000188079
2285.01,0.0187886
0.000187886
2286.18,0.0187694
0.000187694
2287.34,0.0187502
0.000187502
2288.51,0.0187311
0.000187311
2289.67,0.0187121
0.000187121
2290.84,0.0186931
0.000186931
2292,0.0186742
0.000186742
2293.15,0.0186553
0.000186553
2294.31,0.0186365
0.000186365
2295.46,0.0186178
0.000186178
2296.62,0.0185991
0.000185991
2297.77,0.0185805
0.000185805
2298.91,0.018562
0.00018562
2300.06,0.0185435
0.000185435
2301.2,0.018525
0.00018525
2302.34,0.0185067
0.000185067
2303.48,0.0184884
0.000184884
2304.62,0.0184701
0.000184701
2305.76,0.018452
0.00018452
2306.89,0.0184338
0.000184338
2308.02,0.0184158
0.000184158
2309.15,0.0183978
0.000183978
2310.27,0.0183799
0.000183799
2311.4,0.018362
0.00018362
2312.52,0.0183442
0.000183442
2313.64,0.0183264
0.000183264
2314.76,0.0183087
0.000183087
2315.87,0.0182911
0.000182911
2316.99,0.0182735
0.000182735
2318.1,0.018256
0.00018256
2319.21,0.0182385
0.000182385
2320.32,0.0182211
0.000182211
2321.42,0.0182038
0.000182038
2322.52,0.0181865
0.000181865
2323.62,0.0181693
0.000181693
2324.72,0.0181521
0.000181521
2325.82,0.018135
0.00018135
2326.91,0.018118
0.00018118
2328,0.018101
0.00018101
2329.09,0.018084
0.00018084
2330.18,0.0180672
0.000180672
2331.26,0.0180504
0.000180504
2332.35,0.0180336
0.000180336
2333.43,0.0180169
0.000180169
2334.51,0.0180003
0.000180003
2335.58,0.0179837
0.000179837
2336.65,0.0179672
0.000179672
2337.73,0.0179507
0.000179507
2338.79,0.0179343
0.000179343
2339.86,0.017918
0.00017918
2340.93,0.0179017
0.000179017
2341.99,0.0178854
0.000178854
2343.05,0.0178693
0.000178693
2344.1,0.0178532
0.000178532
2345.16,0.0178371
0.000178371
2346.21,0.0178211
0.000178211
2347.26,0.0178051
0.000178051
2348.31,0.0177892
0.000177892
2349.36,0.0177734
0.000177734
2350.4,0.0177576
0.000177576
2351.44,0.0177419
0.000177419
2352.48,0.0177262
0.000177262
2353.52,0.0177106
0.000177106
2354.55,0.0176951
0.000176951
2355.58,0.0176796
0.000176796
2356.61,0.0176641
0.000176641
2357.64,0.0176488
0.000176488
2358.66,0.0176334
0.000176334
2359.69,0.0176182
0.000176182
2360.71,0.0176029
0.000176029
2361.72,0.0175878
0.000175878
2362.74,0.0175727
0.000175727
2363.75,0.0175576
0.000175576
2364.76,0.0175426
0.000175426
2365.77,0.0175277
0.000175277
2366.77,0.0175128
0.000175128
2367.78,0.0174979
0.000174979
2368.78,0.0174832
0.000174832
2369.78,0.0174684
0.000174684
2370.77,0.0174538
0.000174538
2371.77,0.0174392
0.000174392
2372.76,0.0174246
0.000174246
2373.75,0.0174101
0.000174101
2374.73,0.0173956
0.000173956
2375.71,0.0173812
0.000173812
2376.7,0.0173669
0.000173669
2377.67,0.0173526
0.000173526
2378.65,0.0173383
0.000173383
2379.62,0.0173242
0.000173242
2380.6,0.01731
0.0001731
2381.56,0.0172959
0.000172959
2382.53,0.0172819
0.000172819
2383.49,0.0172679
0.000172679
2384.46,0.017254
0.00017254
2385.41,0.0172402
0.000172402
2386.37,0.0172263
0.000172263
2387.32,0.0172126
0.000172126
2388.28,0.0171989
0.000171989
2389.22,0.0171852
0.000171852
2390.17,0.0171716
0.000171716
2391.11,0.0171581
0.000171581
2392.06,0.0171446
0.000171446
2392.99,0.0171311
0.000171311
2393.93,0.0171177
0.000171177
2394.86,0.0171044
0.000171044
2395.8,0.0170911
0.000170911
2396.72,0.0170778
0.000170778
2397.65,0.0170646
0.000170646
2398.57,0.0170515
0.000170515
2399.49,0.0170384
0.000170384
2400.41,0.0170254
0.000170254
2401.33,0.0170124
0.000170124
2402.24,0.0169995
0.000169995
2403.15,0.0169866
0.000169866
2404.06,0.0169738
0.000169738
2404.97,0.016961
0.00016961
2405.87,0.0169482
0.000169482
2406.77,0.0169356
0.000169356
2407.67,0.0169229
0.000169229
2408.56,0.0169104
0.000169104
2409.46,0.0168978
0.000168978
2410.35,0.0168854
0.000168854
2411.23,0.0168729
0.000168729
2412.12,0.0168605
0.000168605
2413,0.0168482
0.000168482
2413.88,0.0168359
0.000168359
2414.76,0.0168237
0.000168237
2415.63,0.0168115
0.000168115
2416.5,0.0167994
0.000167994
2417.37,0.0167873
0.000167873
2418.24,0.0167753
0.000167753
2419.1,0.0167633
0.000167633
2419.97,0.0167514
0.000167514
2420.82,0.0167395
0.000167395
2421.68,0.0167277
0.000167277
2422.53,0.0167159
0.000167159
2423.38,0.0167042
0.000167042
2424.23,0.0166925
0.000166925
2425.08,0.0166808
0.000166808
2425.92,0.0166692
0.000166692
2426.76,0.0166577
0.000166577
2427.6,0.0166462
0.000166462
2428.43,0.0166348
0.000166348
2429.27,0.0166234
0.000166234
2430.09,0.016612
0.00016612
2430.92,0.0166007
0.000166007
2431.75,0.0165895
0.000165895
2432.57,0.0165783
0.000165783
2433.39,0.0165671
0.000165671
2434.2,0.016556
0.00016556
2435.02,0.0165449
0.000165449
2435.83,0.0165339
0.000165339
2436.63,0.016523
0.00016523
2437.44,0.0165121
0.000165121
2438.24,0.0165012
0.000165012
2439.04,0.0164904
0.000164904
2439.84,0.0164796
0.000164796
2440.63,0.0164689
0.000164689
2441.43,0.0164582
0.000164582
2442.22,0.0164475
0.000164475
2443,0.016437
0.00016437
2443.79,0.0164264
0.000164264
2444.57,0.0164159
0.000164159
2445.35,0.0164055
0.000164055
2446.12,0.0163951
0.000163951
2446.89,0.0163847
0.000163847
2447.66,0.0163744
0.000163744
2448.43,0.0163641
0.000163641
2449.2,0.0163539
0.000163539
2449.96,0.0163438
0.000163437
2450.72,0.0163336
0.000163336
2451.47,0.0163235
0.000163235
2452.23,0.0163135
0.000163135
2452.98,0.0163035
0.000163035
2453.73,0.0162936
0.000162936
2454.47,0.0162837
0.000162837
2455.22,0.0162738
0.000162738
2455.96,0.016264
0.00016264
2456.69,0.0162543
0.000162543
2457.43,0.0162446
0.000162446
2458.16,0.0162349
0.000162349
2458.89,0.0162253
0.000162253
2459.61,0.0162157
0.000162157
2460.34,0.0162062
0.000162062
2461.06,0.0161967
0.000161967
2461.78,0.0161872
0.000161872
2462.49,0.0161778
0.000161778
2463.2,0.0161685
0.000161685
2463.91,0.0161592
0.000161592
2464.62,0.0161499
0.000161499
2465.32,0.0161407
0.000161407
2466.02,0.0161315
0.000161315
2466.72,0.0161224
0.000161224
2467.42,0.0161133
0.000161133
2468.11,0.0161042
0.000161042
2468.8,0.0160952
0.000160952
2469.49,0.0160863
0.000160863
2470.17,0.0160774
0.000160774
2470.85,0.0160685
0.000160685
2471.53,0.0160597
0.000160597
2472.21,0.0160509
0.000160509
2472.88,0.0160422
0.000160422
2473.55,0.0160335
0.000160335
2474.22,0.0160248
0.000160248
2474.88,0.0160162
0.000160162
2475.55,0.0160076
0.000160076
2476.2,0.0159991
0.000159991
2476.86,0.0159906
0.000159906
2477.51,0.0159822
0.000159822
2478.16,0.0159738
0.000159738
2478.81,0.0159655
0.000159655
2479.46,0.0159572
0.000159572
2480.1,0.0159489
0.000159489
2480.74,0.0159407
0.000159407
2481.37,0.0159325
0.000159325
2482.01,0.0159244
0.000159244
2482.64,0.0159163
0.000159163
2483.27,0.0159083
0.000159083
2483.89,0.0159002
0.000159002
2484.51,0.0158923
0.000158923
2485.13,0.0158844
0.000158844
2485.75,0.0158765
0.000158765
2486.36,0.0158687
0.000158687
2486.97,0.0158609
0.000158609
2487.58,0.0158531
0.000158531
2488.19,0.0158454
0.000158454
2488.79,0.0158377
0.000158377
2489.39,0.0158301
0.000158301
2489.98,0.0158225
0.000158225
2490.58,0.015815
0.00015815
2491.17,0.0158075
0.000158075
2491.76,0.0158
0.000158
2492.34,0.0157926
0.000157926
2492.92,0.0157852
0.000157852
2493.5,0.0157779
0.000157779
2494.08,0.0157706
0.000157706
2494.65,0.0157634
0.000157634
2495.22,0.0157562
0.000157562
2495.79,0.015749
0.00015749
2496.36,0.0157419
0.000157419
2496.92,0.0157348
0.000157348
2497.48,0.0157277
0.000157277
2498.03,0.0157207
0.000157207
2498.59,0.0157138
0.000157138
2499.14,0.0157069
0.000157069
2499.68,0.0157
0.000157
2500.23,0.0156931
0.000156931
2500.77,0.0156863
0.000156863
2501.31,0.0156796
0.000156796
2501.84,0.0156729
0.000156729
2502.38,0.0156662
0.000156662
2502.91,0.0156596
0.000156596
2503.43,0.015653
0.00015653
2503.96,0.0156464
0.000156464
2504.48,0.0156399
0.000156399
2505,0.0156334
0.000156334
2505.51,0.015627
0.00015627
2506.03,0.0156206
0.000156206
2506.54,0.0156142
0.000156142
2507.04,0.0156079
0.000156079
2507.55,0.0156017
0.000156017
2508.05,0.0155954
0.000155954
2508.55,0.0155892
0.000155892
2509.04,0.0155831
0.000155831
2509.53,0.015577
0.00015577
2510.02,0.0155709
0.000155709
2510.51,0.0155649
0.000155649
2510.99,0.0155589
0.000155589
2511.47,0.0155529
0.000155529
2511.95,0.015547
0.00015547
2512.42,0.0155411
0.000155411
2512.9,0.0155353
0.000155353
2513.37,0.0155295
0.000155295
2513.83,0.0155238
0.000155238
2514.29,0.015518
0.00015518
2514.75,0.0155124
0.000155124
2515.21,0.0155067
0.000155067
2515.67,0.0155011
0.000155011
2516.12,0.0154956
0.000154956
2516.56,0.01549
0.0001549
2517.01,0.0154846
0.000154846
2517.45,0.0154791
0.000154791
2517.89,0.0154737
0.000154737
2518.33,0.0154684
0.000154684
2518.76,0.015463
0.00015463
2519.19,0.0154578
0.000154578
2519.62,0.0154525
0.000154525
2520.04,0.0154473
0.000154473
2520.47,0.0154421
0.000154421
2520.89,0.015437
0.00015437
2521.3,0.0154319
0.000154319
2521.71,0.0154269
0.000154269
2522.12,0.0154218
0.000154218
2522.53,0.0154169
0.000154169
2522.93,0.0154119
0.000154119
2523.34,0.015407
0.00015407
2523.73,0.0154022
0.000154022
2524.13,0.0153974
0.000153974
2524.52,0.0153926
0.000153926
2524.91,0.0153878
0.000153878
2525.3,0.0153831
0.000153831
2525.68,0.0153784
0.000153784
2526.06,0.0153738
0.000153738
2526.44,0.0153692
0.000153692
2526.81,0.0153647
0.000153647
2527.18,0.0153602
0.000153602
2527.55,0.0153557
0.000153557
2527.92,0.0153512
0.000153512
2528.28,0.0153468
0.000153468
2528.64,0.0153425
0.000153425
2529,0.0153381
0.000153381
2529.35,0.0153339
0.000153339
2529.7,0.0153296
0.000153296
2530.05,0.0153254
0.000153254
2530.39,0.0153212
0.000153212
2530.73,0.0153171
0.000153171
2531.07,0.015313
0.00015313
2531.41,0.0153089
0.000153089
2531.74,0.0153049
0.000153049
2532.07,0.0153009
0.000153009
2532.4,0.015297
0.00015297
2532.72,0.0152931
0.000152931
2533.04,0.0152892
0.000152892
2533.36,0.0152853
0.000152853
2533.68,0.0152815
0.000152815
2533.99,0.0152778
0.000152778
2534.3,0.0152741
0.000152741
2534.6,0.0152704
0.000152704
2534.9,0.0152667
0.000152667
2535.2,0.0152631
0.000152631
2535.5,0.0152595
0.000152595
2535.79,0.015256
0.00015256
2536.09,0.0152525
0.000152525
2536.37,0.015249
0.00015249
2536.66,0.0152456
0.000152456
2536.94,0.0152422
0.000152422
2537.22,0.0152389
0.000152389
2537.49,0.0152356
0.000152356
2537.77,0.0152323
0.000152323
2538.04,0.0152291
0.000152291
2538.3,0.0152259
0.000152259
2538.57,0.0152227
0.000152227
2538.83,0.0152196
0.000152196
2539.09,0.0152165
0.000152165
2539.34,0.0152134
0.000152134
2539.59,0.0152104
0.000152104
2539.84,0.0152074
0.000152074
2540.09,0.0152045
0.000152045
2540.33,0.0152016
0.000152016
2540.57,0.0151987
0.000151987
2540.81,0.0151958
0.000151958
2541.04,0.015193
0.00015193
2541.27,0.0151903
0.000151903
2541.5,0.0151876
0.000151876
2541.73,0.0151849
0.000151849
2541.95,0.0151822
0.000151822
2542.17,0.0151796
0.000151796
2542.38,0.015177
0.00015177
2542.6,0.0151745
0.000151745
2542.81,0.015172
0.00015172
2543.01,0.0151695
0.000151695
2543.22,0.0151671
0.000151671
2543.42,0.0151647
0.000151647
2543.62,0.0151623
0.000151623
2543.81,0.01516
0.0001516
2544,0.0151577
0.000151577
2544.19,0.0151555
0.000151555
2544.38,0.0151533
0.000151533
2544.56,0.0151511
0.000151511
2544.74,0.0151489
0.000151489
2544.92,0.0151468
0.000151468
2545.09,0.0151448
0.000151448
2545.26,0.0151427
0.000151427
2545.43,0.0151407
0.000151407
2545.59,0.0151388
0.000151388
2545.76,0.0151369
0.000151369
2545.91,0.015135
0.00015135
2546.07,0.0151331
0.000151331
2546.22,0.0151313
0.000151313
2546.37,0.0151295
0.000151295
2546.52,0.0151278
0.000151278
2546.66,0.0151261
0.000151261
2546.8,0.0151244
0.000151244
2546.94,0.0151228
0.000151228
2547.07,0.0151212
0.000151212
2547.21,0.0151196
0.000151196
2547.33,0.0151181
0.000151181
2547.46,0.0151166
0.000151166
2547.58,0.0151152
0.000151152
2547.7,0.0151137
0.000151137
2547.82,0.0151124
0.000151124
2547.93,0.015111
0.00015111
2548.04,0.0151097
0.000151097
2548.15,0.0151084
0.000151084
2548.25,0.0151072
0.000151072
2548.35,0.015106
0.00015106
2548.45,0.0151048
0.000151048
2548.55,0.0151037
0.000151037
2548.64,0.0151026
0.000151026
2548.73,0.0151015
0.000151015
2548.82,0.0151005
0.000151005
2548.9,0.0150995
0.000150995
2548.98,0.0150986
0.000150986
2549.06,0.0150977
0.000150977
2549.13,0.0150968
0.000150968
2549.2,0.015096
0.00015096
2549.27,0.0150952
0.000150952
2549.33,0.0150944
0.000150944
2549.4,0.0150937
0.000150937
2549.46,0.015093
0.00015093
2549.51,0.0150923
0.000150923
2549.56,0.0150917
0.000150917
2549.61,0.0150911
0.000150911
2549.66,0.0150905
0.000150905
2549.7,0.01509
0.0001509
2549.75,0.0150895
0.000150895
2549.78,0.0150891
0.000150891
2549.82,0.0150887
0.000150887
2549.85,0.0150883
0.000150883
2549.88,0.0150879
0.000150879
2549.9,0.0150876
0.000150876
2549.93,0.0150874
0.000150874
2549.95,0.0150871
0.000150871
2549.96,0.015087
0.00015087
2549.98,0.0150868
0.000150868
2549.99,0.0150867
0.000150867
2549.99,0.0150866
0.000150866
2550,0.0150865
0.000150865
2550,0.0150865
0.000150865
2550,0.0150865
0.000150865
2549.99,0.0150866
0.000150866
2549.99,0.0150867
0.000150867
2549.98,0.0150868
0.000150868
2549.96,0.015087
0.00015087
2549.95,0.0150872
0.000150872
2549.93,0.0150874
0.000150874
2549.9,0.0150877
0.000150877
2549.88,0.015088
0.00015088
2549.85,0.0150883
0.000150883
2549.82,0.0150887
0.000150887
2549.78,0.0150891
0.000150891
2549.74,0.0150895
0.000150895
2549.7,0.01509
0.0001509
2549.66,0.0150905
0.000150905
2549.61,0.0150911
0.000150911
2549.56,0.0150917
0.000150917
2549.51,0.0150923
0.000150923
2549.45,0.015093
0.00015093
2549.39,0.0150937
0.000150937
2549.33,0.0150944
0.000150944
2549.27,0.0150952
0.000150952
2549.2,0.015096
0.00015096
2549.13,0.0150968
0.000150968
2549.05,0.0150977
0.000150977
2548.98,0.0150986
0.000150986
2548.89,0.0150996
0.000150996
2548.81,0.0151006
0.000151006
2548.73,0.0151016
0.000151016
2548.64,0.0151027
0.000151027
2548.54,0.0151038
0.000151038
2548.45,0.0151049
0.000151049
2548.35,0.015106
0.00015106
2548.25,0.0151073
0.000151072
2548.14,0.0151085
0.000151085
2548.04,0.0151098
0.000151098
2547.93,0.0151111
0.000151111
2547.81,0.0151124
0.000151124
2547.7,0.0151138
0.000151138
2547.58,0.0151152
0.000151152
2547.45,0.0151167
0.000151167
2547.33,0.0151182
0.000151182
2547.2,0.0151197
0.000151197
2547.07,0.0151213
0.000151213
2546.93,0.0151229
0.000151229
2546.8,0.0151245
0.000151245
2546.66,0.0151262
0.000151262
2546.51,0.0151279
0.000151279
2546.36,0.0151296
0.000151296
2546.21,0.0151314
0.000151314
2546.06,0.0151332
0.000151332
2545.91,0.0151351
0.000151351
2545.75,0.015137
0.00015137
2545.59,0.0151389
0.000151389
2545.42,0.0151408
0.000151408
2545.25,0.0151428
0.000151428
2545.08,0.0151449
0.000151449
2544.91,0.0151469
0.000151469
2544.73,0.015149
0.00015149
2544.55,0.0151512
0.000151512
2544.37,0.0151534
0.000151534
2544.18,0.0151556
0.000151556
2543.99,0.0151578
0.000151578
2543.8,0.0151601
0.000151601
2543.61,0.0151624
0.000151624
2543.41,0.0151648
0.000151648
2543.21,0.0151672
0.000151672
2543,0.0151696
0.000151696
2542.8,0.0151721
0.000151721
2542.59,0.0151746
0.000151746
2542.37,0.0151772
0.000151772
2542.16,0.0151797
0.000151797
2541.94,0.0151823
0.000151823
2541.72,0.015185
0.00015185
2541.49,0.0151877
0.000151877
2541.26,0.0151904
0.000151904
2541.03,0.0151932
0.000151932
2540.8,0.015196
0.00015196
2540.56,0.0151988
0.000151988
2540.32,0.0152017
0.000152017
2540.08,0.0152046
0.000152046
2539.83,0.0152075
0.000152075
2539.58,0.0152105
0.000152105
2539.33,0.0152136
0.000152136
2539.08,0.0152166
0.000152166
2538.82,0.0152197
0.000152197
2538.56,0.0152228
0.000152228
2538.29,0.015226
0.00015226
2538.02,0.0152292
0.000152292
2537.75,0.0152324
0.000152324
2537.48,0.0152357
0.000152357
2537.21,0.015239
0.00015239
2536.93,0.0152424
0.000152424
2536.64,0.0152458
0.000152458
2536.36,0.0152492
0.000152492
2536.07,0.0152527
0.000152527
2535.78,0.0152562
0.000152562
2535.49,0.0152597
0.000152597
2535.19,0.0152633
0.000152633
2534.89,0.0152669
0.000152669
2534.59,0.0152706
0.000152706
2534.28,0.0152743
0.000152743
2533.97,0.015278
0.00015278
2533.66,0.0152817
0.000152817
2533.34,0.0152855
0.000152855
2533.03,0.0152894
0.000152894
2532.7,0.0152933
0.000152933
2532.38,0.0152972
0.000152972
2532.05,0.0153011
0.000153011
2531.72,0.0153051
0.000153051
2531.39,0.0153091
0.000153091
2531.06,0.0153132
0.000153132
2530.72,0.0153173
0.000153173
2530.37,0.0153214
0.000153214
2530.03,0.0153256
0.000153256
2529.68,0.0153298
0.000153298
2529.33,0.0153341
0.000153341
2528.98,0.0153384
0.000153384
2528.62,0.0153427
0.000153427
2528.26,0.0153471
0.000153471
2527.9,0.0153515
0.000153515
2527.53,0.0153559
0.000153559
2527.16,0.0153604
0.000153604
2526.79,0.0153649
0.000153649
2526.42,0.0153695
0.000153695
2526.04,0.0153741
0.000153741
2525.66,0.0153787
0.000153787
2525.28,0.0153834
0.000153834
2524.89,0.0153881
0.000153881
2524.5,0.0153928
0.000153928
2524.11,0.0153976
0.000153976
2523.71,0.0154024
0.000154024
2523.32,0.0154073
0.000154073
2522.91,0.0154122
0.000154122
2522.51,0.0154171
0.000154171
2522.1,0.0154221
0.000154221
2521.69,0.0154271
0.000154271
2521.28,0.0154322
0.000154322
2520.86,0.0154373
0.000154373
2520.44,0.0154424
0.000154424
2520.02,0.0154476
0.000154476
2519.6,0.0154528
0.000154528
2519.17,0.015458
0.00015458
2518.74,0.0154633
0.000154633
2518.31,0.0154686
0.000154686
2517.87,0.015474
0.00015474
2517.43,0.0154794
0.000154794
2516.99,0.0154848
0.000154848
2516.54,0.0154903
0.000154903
2516.09,0.0154959
0.000154958
2515.64,0.0155014
0.000155014
2515.19,0.015507
0.00015507
2514.73,0.0155127
0.000155127
2514.27,0.0155183
0.000155183
2513.81,0.0155241
0.000155241
2513.34,0.0155298
0.000155298
2512.87,0.0155356
0.000155356
2512.4,0.0155414
0.000155414
2511.93,0.0155473
0.000155473
2511.45,0.0155532
0.000155532
2510.97,0.0155592
0.000155592
2510.48,0.0155652
0.000155652
2510,0.0155712
0.000155712
2509.51,0.0155773
0.000155773
2509.02,0.0155834
0.000155834
2508.52,0.0155896
0.000155896
2508.02,0.0155958
0.000155958
2507.52,0.015602
0.00015602
2507.02,0.0156083
0.000156083
2506.51,0.0156146
0.000156146
2506,0.0156209
0.000156209
2505.49,0.0156273
0.000156273
2504.97,0.0156338
0.000156338
2504.45,0.0156402
0.000156402
2503.93,0.0156468
0.000156468
2503.41,0.0156533
0.000156533
2502.88,0.0156599
0.000156599
2502.35,0.0156665
0.000156665
2501.82,0.0156732
0.000156732
2501.28,0.0156799
0.000156799
2500.74,0.0156867
0.000156867
2500.2,0.0156935
0.000156935
2499.65,0.0157003
0.000157003
2499.11,0.0157072
0.000157072
2498.56,0.0157141
0.000157141
2498,0.0157211
0.000157211
2497.45,0.0157281
0.000157281
2496.89,0.0157352
0.000157352
2496.33,0.0157422
0.000157422
2495.76,0.0157494
0.000157494
2495.19,0.0157565
0.000157565
2494.62,0.0157638
0.000157638
2494.05,0.015771
0.00015771
2493.47,0.0157783
0.000157783
2492.89,0.0157856
0.000157856
2492.31,0.015793
0.00015793
2491.72,0.0158004
0.000158004
2491.14,0.0158079
0.000158079
2490.55,0.0158154
0.000158154
2489.95,0.0158229
0.000158229
2489.36,0.0158305
0.000158305
2488.76,0.0158381
0.000158381
2488.15,0.0158458
0.000158458
2487.55,0.0158535
0.000158535
2486.94,0.0158613
0.000158613
2486.33,0.0158691
0.000158691
2485.72,0.0158769
0.000158769
2485.1,0.0158848
0.000158848
2484.48,0.0158927
0.000158927
2483.86,0.0159007
0.000159007
2483.23,0.0159087
0.000159087
2482.6,0.0159167
0.000159167
2481.97,0.0159248
0.000159248
2481.34,0.015933
0.00015933
2480.7,0.0159411
0.000159411
2480.06,0.0159494
0.000159494
2479.42,0.0159576
0.000159576
2478.78,0.0159659
0.000159659
2478.13,0.0159743
0.000159743
2477.48,0.0159827
0.000159827
2476.83,0.0159911
0.000159911
2476.17,0.0159996
0.000159996
2475.51,0.0160081
0.000160081
2474.85,0.0160167
0.000160167
2474.18,0.0160253
0.000160253
2473.52,0.0160339
0.000160339
2472.85,0.0160426
0.000160426
2472.17,0.0160514
0.000160514
2471.5,0.0160601
0.000160601
2470.82,0.016069
0.00016069
2470.14,0.0160778
0.000160778
2469.45,0.0160867
0.000160867
2468.76,0.0160957
0.000160957
2468.07,0.0161047
0.000161047
2467.38,0.0161138
0.000161138
2466.69,0.0161228
0.000161228
2465.99,0.016132
0.00016132
2465.29,0.0161412
0.000161412
2464.58,0.0161504
0.000161504
2463.87,0.0161596
0.000161596
2463.16,0.016169
0.00016169
2462.45,0.0161783
0.000161783
2461.74,0.0161877
0.000161877
2461.02,0.0161972
0.000161972
2460.3,0.0162067
0.000162067
2459.57,0.0162162
0.000162162
2458.85,0.0162258
0.000162258
2458.12,0.0162354
0.000162354
2457.39,0.0162451
0.000162451
2456.65,0.0162548
0.000162548
2455.92,0.0162646
0.000162646
2455.18,0.0162744
0.000162744
2454.43,0.0162842
0.000162842
2453.69,0.0162941
0.000162941
2452.94,0.0163041
0.000163041
2452.19,0.016314
0.00016314
2451.43,0.0163241
0.000163241
2450.68,0.0163342
0.000163342
2449.92,0.0163443
0.000163443
2449.16,0.0163545
0.000163545
2448.39,0.0163647
0.000163647
2447.62,0.0163749
0.000163749
2446.85,0.0163853
0.000163853
2446.08,0.0163956
0.000163956
2445.3,0.016406
0.00016406
2444.53,0.0164165
0.000164165
2443.74,0.016427
0.00016427
2442.96,0.0164375
0.000164375
2442.17,0.0164481
0.000164481
2441.39,0.0164587
0.000164587
2440.59,0.0164694
0.000164694
2439.8,0.0164801
0.000164802
2439,0.0164909
0.000164909
2438.2,0.0165018
0.000165018
2437.4,0.0165126
0.000165126
2436.59,0.0165235
0.000165235
2435.78,0.0165345
0.000165345
2434.97,0.0165455
0.000165455
2434.16,0.0165566
0.000165566
2433.34,0.0165677
0.000165677
2432.52,0.0165789
0.000165789
2431.7,0.0165901
0.000165901
2430.88,0.0166013
0.000166013
2430.05,0.0166126
0.000166126
2429.22,0.016624
0.00016624
2428.39,0.0166354
0.000166354
2427.55,0.0166468
0.000166468
2426.72,0.0166583
0.000166583
2425.88,0.0166698
0.000166698
2425.03,0.0166814
0.000166814
2424.19,0.0166931
0.000166931
2423.34,0.0167048
0.000167048
2422.49,0.0167165
0.000167165
2421.64,0.0167283
0.000167283
2420.78,0.0167401
0.000167401
2419.92,0.016752
0.00016752
2419.06,0.0167639
0.000167639
2418.19,0.0167759
0.000167759
2417.33,0.016788
0.00016788
2416.46,0.0168
0.000168
2415.59,0.0168122
0.000168122
2414.71,0.0168244
0.000168244
2413.83,0.0168366
0.000168366
2412.96,0.0168489
0.000168489
2412.07,0.0168612
0.000168612
2411.19,0.0168736
0.000168736
2410.3,0.016886
0.00016886
2409.41,0.0168985
0.000168985
2408.52,0.016911
0.00016911
2407.62,0.0169236
0.000169236
2406.72,0.0169362
0.000169362
2405.82,0.0169489
0.000169489
2404.92,0.0169616
0.000169616
2404.01,0.0169744
0.000169744
2403.11,0.0169873
0.000169873
2402.19,0.0170001
0.000170001
2401.28,0.0170131
0.000170131
2400.37,0.0170261
0.000170261
2399.45,0.0170391
0.000170391
2398.53,0.0170522
0.000170522
2397.6,0.0170653
0.000170653
2396.68,0.0170785
0.000170785
2395.75,0.0170918
0.000170918
2394.82,0.0171051
0.000171051
2393.88,0.0171184
0.000171184
2392.95,0.0171318
0.000171318
2392.01,0.0171453
0.000171453
2391.07,0.0171588
0.000171588
2390.12,0.0171723
0.000171723
2389.18,0.0171859
0.000171859
2388.23,0.0171996
0.000171996
2387.28,0.0172133
0.000172133
2386.32,0.0172271
0.000172271
2385.36,0.0172409
0.000172409
2384.41,0.0172548
0.000172548
2383.44,0.0172687
0.000172687
2382.48,0.0172826
0.000172827
2381.51,0.0172967
0.000172967
2380.55,0.0173108
0.000173108
2379.57,0.0173249
0.000173249
2378.6,0.0173391
0.000173391
2377.62,0.0173533
0.000173533
2376.65,0.0173676
0.000173676
2375.66,0.017382
0.00017382
2374.68,0.0173964
0.000173964
2373.69,0.0174108
0.000174108
2372.71,0.0174253
0.000174253
2371.71,0.0174399
0.000174399
2370.72,0.0174545
0.000174545
2369.73,0.0174692
0.000174692
2368.73,0.0174839
0.000174839
2367.73,0.0174987
0.000174987
2366.72,0.0175135
0.000175135
2365.72,0.0175284
0.000175284
2364.71,0.0175434
0.000175434
2363.7,0.0175584
0.000175584
2362.69,0.0175734
0.000175734
2361.67,0.0175886
0.000175886
2360.65,0.0176037
0.000176037
2359.63,0.0176189
0.000176189
2358.61,0.0176342
0.000176342
2357.59,0.0176496
0.000176496
2356.56,0.0176649
0.000176649
2355.53,0.0176804
0.000176804
2354.5,0.0176959
0.000176959
2353.46,0.0177114
0.000177114
2352.43,0.0177271
0.000177271
2351.39,0.0177427
0.000177427
2350.35,0.0177584
0.000177584
2349.3,0.0177742
0.000177742
2348.26,0.0177901
0.000177901
2347.21,0.017806
0.00017806
2346.16,0.0178219
0.000178219
2345.11,0.0178379
0.000178379
2344.05,0.017854
0.00017854
2342.99,0.0178701
0.000178701
2341.93,0.0178863
0.000178863
2340.87,0.0179025
0.000179025
2339.81,0.0179188
0.000179188
2338.74,0.0179352
0.000179352
2337.67,0.0179516
0.000179516
2336.6,0.017968
0.00017968
2335.53,0.0179846
0.000179846
2334.45,0.0180011
0.000180011
2333.37,0.0180178
0.000180178
2332.29,0.0180345
0.000180345
2331.21,0.0180512
0.000180512
2330.12,0.018068
0.00018068
2329.04,0.0180849
0.000180849
2327.95,0.0181018
0.000181018
2326.86,0.0181188
0.000181188
2325.76,0.0181359
0.000181359
2324.67,0.018153
0.00018153
2323.57,0.0181702
0.000181702
2322.47,0.0181874
0.000181874
2321.36,0.0182047
0.000182047
2320.26,0.018222
0.00018222
2319.15,0.0182394
0.000182394
2318.04,0.0182569
0.000182569
2316.93,0.0182744
0.000182744
2315.82,0.018292
0.00018292
2314.7,0.0183096
0.000183096
2313.58,0.0183273
0.000183273
2312.46,0.0183451
0.000183451
2311.34,0.0183629
0.000183629
2310.22,0.0183808
0.000183808
2309.09,0.0183987
0.000183987
2307.96,0.0184167
0.000184167
2306.83,0.0184348
0.000184348
2305.7,0.0184529
0.000184529
2304.56,0.0184711
0.000184711
2303.42,0.0184893
0.000184893
2302.29,0.0185076
0.000185076
2301.14,0.018526
0.00018526
2300,0.0185444
0.000185444
2298.85,0.0185629
0.000185629
2297.71,0.0185815
0.000185815
2296.56,0.0186001
0.000186001
2295.41,0.0186187
0.000186187
2294.25,0.0186375
0.000186375
2293.1,0.0186563
0.000186563
2291.94,0.0186751
0.000186751
2290.78,0.018694
0.00018694
2289.62,0.018713
0.00018713
2288.45,0.0187321
0.000187321
2287.28,0.0187512
0.000187512
2286.12,0.0187704
0.000187704
2284.95,0.0187896
0.000187896
2283.77,0.0188089
0.000188089
2282.6,0.0188282
0.000188282
2281.42,0.0188477
0.000188477
2280.25,0.0188671
0.000188671
2279.07,0.0188867
0.000188867
2277.88,0.0189063
0.000189063
2276.7,0.018926
0.00018926
2275.51,0.0189457
0.000189457
2274.32,0.0189655
0.000189655
2273.13,0.0189854
0.000189854
2271.94,0.0190053
0.000190053
2270.75,0.0190253
0.000190253
2269.55,0.0190453
0.000190453
2268.36,0.0190654
0.000190654
2267.16,0.0190856
0.000190856
2265.95,0.0191059
0.000191059
2264.75,0.0191262
0.000191262
2263.55,0.0191466
0.000191466
2262.34,0.019167
0.00019167
2261.13,0.0191875
0.000191875
2259.92,0.0192081
0.000192081
2258.71,0.0192287
0.000192287
2257.49,0.0192494
0.000192494
2256.27,0.0192702
0.000192702
2255.06,0.019291
0.00019291
2253.84,0.0193119
0.000193119
2252.61,0.0193328
0.000193328
2251.39,0.0193539
0.000193539
2250.16,0.0193749
0.000193749
2248.94,0.0193961
0.000193961
2247.71,0.0194173
0.000194173
2246.48,0.0194386
0.000194386
2245.24,0.0194599
0.000194599
2244.01,0.0194814
0.000194814
2242.77,0.0195028
0.000195028
2241.54,0.0195244
0.000195244
2240.3,0.019546
0.00019546
2239.06,0.0195677
0.000195677
2237.81,0.0195894
0.000195894
2236.57,0.0196112
0.000196112
2235.32,0.0196331
0.000196331
2234.07,0.0196551
0.000196551
2232.82,0.0196771
0.000196771
2231.57,0.0196992
0.000196992
2230.32,0.0197213
0.000197213
2229.06,0.0197435
0.000197435
2227.81,0.0197658
0.000197658
2226.55,0.0197882
0.000197882
2225.29,0.0198106
0.000198106
2224.02,0.0198331
0.000198331
2222.76,0.0198556
0.000198556
2221.5,0.0198782
0.000198782
2220.23,0.0199009
0.000199009
2218.96,0.0199237
0.000199237
2217.69,0.0199465
0.000199465
2216.42,0.0199694
0.000199694
2215.15,0.0199923
0.000199923
2213.87,0.0200154
0.000200154
2212.6,0.0200384
0.000200384
2211.32,0.0200616
0.000200616
2210.04,0.0200848
0.000200848
2208.76,0.0201081
0.000201081
2207.48,0.0201315
0.000201315
2206.2,0.0201549
0.000201549
2204.91,0.0201784
0.000201784
2203.62,0.020202
0.00020202
2202.34,0.0202256
0.000202256
2201.05,0.0202493
0.000202493
2199.76,0.0202731
0.000202731
2198.46,0.020297
0.00020297
2197.17,0.0203209
0.000203209
2195.87,0.0203448
0.000203448
2194.58,0.0203689
0.000203689
2193.28,0.020393
0.00020393
2191.98,0.0204172
0.000204172
2190.68,0.0204415
0.000204415
2189.38,0.0204658
0.000204658
2188.07,0.0204902
0.000204902
2186.77,0.0205146
0.000205147
2185.46,0.0205392
0.000205392
2184.15,0.0205638
0.000205638
2182.84,0.0205885
0.000205885
2181.53,0.0206132
0.000206132
2180.22,0.020638
0.00020638
2178.91,0.0206629
0.000206629
2177.59,0.0206879
0.000206879
2176.28,0.0207129
0.000207129
2174.96,0.020738
0.00020738
2173.64,0.0207631
0.000207631
2172.32,0.0207884
0.000207884
2171,0.0208137
0.000208137
2169.68,0.020839
0.00020839
2168.36,0.0208645
0.000208645
2167.03,0.02089
0.0002089
2165.71,0.0209156
0.000209156
2164.38,0.0209412
0.000209412
2163.05,0.0209669
0.000209669
2161.72,0.0209927
0.000209927
2160.39,0.0210186
0.000210186
2159.06,0.0210445
0.000210445
2157.73,0.0210705
0.000210705
2156.39,0.0210966
0.000210966
2155.06,0.0211228
0.000211228
2153.72,0.021149
0.00021149
2152.39,0.0211752
0.000211752
2151.05,0.0212016
0.000212016
2149.71,0.021228
0.00021228
2148.37,0.0212545
0.000212545
2147.03,0.0212811
0.000212811
2145.69,0.0213077
0.000213077
2144.34,0.0213344
0.000213344
2143,0.0213612
0.000213612
2141.65,0.0213881
0.000213881
2140.31,0.021415
0.00021415
2138.96,0.021442
0.00021442
2137.61,0.021469
0.00021469
2136.26,0.0214961
0.000214961
2134.91,0.0215233
0.000215233
2133.56,0.0215506
0.000215506
2132.21,0.021578
0.00021578
2130.85,0.0216054
0.000216054
2129.5,0.0216329
0.000216329
2128.15,0.0216604
0.000216604
2126.79,0.021688
0.00021688
2125.43,0.0217157
0.000217157
2124.08,0.0217435
0.000217435
2122.72,0.0217713
0.000217713
2121.36,0.0217992
0.000217992
2120,0.0218272
0.000218272
2118.64,0.0218552
0.000218552
2117.28,0.0218834
0.000218834
2115.91,0.0219116
0.000219115
2114.55,0.0219398
0.000219398
2113.19,0.0219681
0.000219681
2111.82,0.0219965
0.000219965
2110.46,0.022025
0.00022025
2109.09,0.0220535
0.000220535
2107.73,0.0220821
0.000220821
2106.36,0.0221108
0.000221108
2104.99,0.0221396
0.000221396
2103.62,0.0221684
0.000221684
2102.25,0.0221973
0.000221973
2100.88,0.0222262
0.000222262
2099.51,0.0222552
0.000222552
2098.14,0.0222843
0.000222843
2096.77,0.0223135
0.000223135
2095.4,0.0223427
0.000223427
2094.02,0.022372
0.00022372
2092.65,0.0224014
0.000224014
2091.28,0.0224309
0.000224309
2089.9,0.0224604
0.000224604
2088.53,0.0224899
0.000224899
2087.15,0.0225196
0.000225196
2085.78,0.0225493
0.000225493
2084.4,0.0225791
0.000225791
2083.02,0.022609
0.00022609
2081.65,0.0226389
0.000226389
2080.27,0.0226689
0.000226689
2078.89,0.0226989
0.000226989
2077.51,0.0227291
0.000227291
2076.13,0.0227593
0.000227593
2074.75,0.0227895
0.000227895
2073.38,0.0228199
0.000228199
2072,0.0228503
0.000228503
2070.62,0.0228807
0.000228807
2069.24,0.0229113
0.000229113
2067.85,0.0229419
0.000229419
2066.47,0.0229726
0.000229726
2065.09,0.0230033
0.000230033
2063.71,0.0230341
0.000230341
2062.33,0.023065
0.00023065
2060.95,0.0230959
0.000230959
2059.56,0.0231269
0.000231269
2058.18,0.023158
0.00023158
2056.8,0.0231892
0.000231892
2055.42,0.0232204
0.000232204
2054.03,0.0232516
0.000232516
2052.65,0.023283
0.00023283
2051.27,0.0233144
0.000233144
2049.89,0.0233458
0.000233458
2048.5,0.0233774
0.000233774
2047.12,0.023409
0.00023409
2045.74,0.0234407
0.000234407
2044.35,0.0234724
0.000234724
2042.97,0.0235042
0.000235042
2041.59,0.023536
0.00023536
2040.2,0.023568
0.00023568
2038.82,0.0236
0.000236
2037.44,0.023632
0.00023632
2036.05,0.0236641
0.000236641
2034.67,0.0236963
0.000236963
2033.29,0.0237286
0.000237286
2031.91,0.0237609
0.000237609
2030.52,0.0237932
0.000237932
2029.14,0.0238257
0.000238257
2027.76,0.0238582
0.000238582
2026.38,0.0238907
0.000238907
2024.99,0.0239233
0.000239233
2023.61,0.023956
0.00023956
2022.23,0.0239888
0.000239888
2020.85,0.0240216
0.000240216
2019.47,0.0240544
0.000240544
2018.09,0.0240874
0.000240874
2016.71,0.0241203
0.000241203
2015.33,0.0241534
0.000241534
2013.95,0.0241865
0.000241865
2012.57,0.0242196
0.000242196
2011.19,0.0242529
0.000242529
2009.81,0.0242862
0.000242862
2008.43,0.0243195
0.000243195
2007.05,0.0243529
0.000243529
2005.68,0.0243863
0.000243863
2004.3,0.0244199
0.000244199
2002.92,0.0244534
0.000244534
2001.55,0.0244871
0.000244871
2000.17,0.0245208
0.000245208
1998.8,0.0245545
0.000245545
1997.42,0.0245883
0.000245883
1996.05,0.0246222
0.000246222
1994.68,0.0246561
0.000246561
1993.3,0.02469
0.0002469
1991.93,0.0247241
0.000247241
1990.56,0.0247581
0.000247581
1989.19,0.0247923
0.000247923
1987.82,0.0248264
0.000248264
1986.45,0.0248607
0.000248607
1985.08,0.024895
0.00024895
1983.72,0.0249293
0.000249293
1982.35,0.0249637
0.000249637
1980.98,0.0249981
0.000249981
1979.62,0.0250326
0.000250326
1978.25,0.0250672
0.000250672
1976.89,0.0251018
0.000251018
1975.53,0.0251364
0.000251364
1974.16,0.0251711
0.000251711
1972.8,0.0252059
0.000252059
1971.44,0.0252406
0.000252406
1970.08,0.0252755
0.000252755
1968.73,0.0253104
0.000253104
1967.37,0.0253453
0.000253453
1966.01,0.0253803
0.000253803
1964.66,0.0254153
0.000254153
1963.3,0.0254504
0.000254504
1961.95,0.0254855
0.000254855
1960.6,0.0255207
0.000255207
1959.25,0.0255559
0.000255559
1957.9,0.0255911
0.000255911
1956.55,0.0256264
0.000256265
1955.2,0.0256618
0.000256618
1953.85,0.0256972
0.000256972
1952.51,0.0257326
0.000257326
1951.16,0.0257681
0.000257681
1949.82,0.0258036
0.000258036
1948.48,0.0258391
0.000258391
1947.14,0.0258747
0.000258747
1945.8,0.0259103
0.000259103
1944.46,0.025946
0.00025946
1943.13,0.0259817
0.000259817
1941.79,0.0260174
0.000260174
1940.46,0.0260532
0.000260532
1939.12,0.026089
0.00026089
1937.79,0.0261249
0.000261249
1936.46,0.0261607
0.000261607
1935.14,0.0261967
0.000261967
1933.81,0.0262326
0.000262326
1932.48,0.0262686
0.000262686
1931.16,0.0263046
0.000263046
1929.84,0.0263407
0.000263407
1928.52,0.0263768
0.000263768
1927.2,0.0264129
0.000264129
1925.88,0.026449
0.00026449
1924.57,0.0264852
0.000264852
1923.25,0.0265214
0.000265214
1921.94,0.0265576
0.000265576
1920.63,0.0265939
0.000265939
1919.32,0.0266301
0.000266301
1918.01,0.0266664
0.000266664
1916.71,0.0267028
0.000267028
1915.41,0.0267391
0.000267391
1914.1,0.0267755
0.000267755
1912.8,0.0268119
0.000268119
1911.51,0.0268484
0.000268484
1910.21,0.0268848
0.000268848
1908.92,0.0269213
0.000269213
1907.62,0.0269578
0.000269578
1906.33,0.0269943
0.000269943
1905.04,0.0270308
0.000270308
1903.76,0.0270673
0.000270673
1902.47,0.0271039
0.000271039
1901.19,0.0271405
0.000271405
1899.91,0.0271771
0.000271771
1898.63,0.0272137
0.000272137
1897.36,0.0272503
0.000272503
1896.08,0.0272869
0.000272869
1894.81,0.0273236
0.000273236
1893.54,0.0273602
0.000273602
1892.27,0.0273969
0.000273969
1891.01,0.0274336
0.000274336
1889.74,0.0274703
0.000274703
1888.48,0.027507
0.00027507
1887.22,0.0275437
0.000275437
1885.97,0.0275804
0.000275804
1884.71,0.0276171
0.000276171
1883.46,0.0276538
0.000276538
1882.21,0.0276905
0.000276905
1880.97,0.0277273
0.000277273
1879.72,0.027764
0.00027764
1878.48,0.0278007
0.000278007
1877.24,0.0278375
0.000278375
1876,0.0278742
0.000278742
1874.77,0.0279109
0.000279109
1873.54,0.0279476
0.000279476
1872.31,0.0279843
0.000279843
1871.08,0.0280211
0.000280211
1869.86,0.0280578
0.000280578
1868.63,0.0280945
0.000280945
1867.41,0.0281312
0.000281312
1866.2,0.0281678
0.000281678
1864.98,0.0282045
0.000282045
1863.77,0.0282412
0.000282412
1862.57,0.0282778
0.000282778
1861.36,0.0283145
0.000283145
1860.16,0.0283511
0.000283511
1858.96,0.0283877
0.000283877
1857.76,0.0284243
0.000284243
1856.57,0.0284608
0.000284608
1855.38,0.0284974
0.000284974
1854.19,0.0285339
0.000285339
1853,0.0285704
0.000285705
1851.82,0.0286069
0.000286069
1850.64,0.0286434
0.000286434
1849.46,0.0286799
0.000286799
1848.29,0.0287163
0.000287163
1847.12,0.0287527
0.000287527
1845.95,0.028789
0.00028789
1844.79,0.0288254
0.000288254
1843.63,0.0288617
0.000288617
1842.47,0.028898
0.00028898
1841.32,0.0289342
0.000289342
1840.17,0.0289705
0.000289705
1839.02,0.0290066
0.000290066
1837.87,0.0290428
0.000290428
1836.73,0.0290789
0.000290789
1835.59,0.029115
0.00029115
1834.46,0.029151
0.00029151
1833.33,0.029187
0.00029187
1832.2,0.029223
0.00029223
1831.07,0.0292589
0.000292589
1829.95,0.0292947
0.000292947
1828.83,0.0293306
0.000293306
1827.72,0.0293664
0.000293664
1826.61,0.0294021
0.000294021
1825.5,0.0294378
0.000294378
1824.4,0.0294734
0.000294734
1823.3,0.029509
0.00029509
1822.2,0.0295445
0.000295445
1821.11,0.02958
0.0002958
1820.02,0.0296154
0.000296154
1818.93,0.0296508
0.000296508
1817.85,0.0296861
0.000296861
1816.77,0.0297213
0.000297213
1815.7,0.0297565
0.000297565
1814.63,0.0297916
0.000297916
1813.56,0.0298267
0.000298267
1812.5,0.0298617
0.000298617
1811.44,0.0298967
0.000298967
1810.38,0.0299315
0.000299315
1809.33,0.0299663
0.000299663
1808.28,0.0300011
0.000300011
1807.24,0.0300357
0.000300357
1806.2,0.0300703
0.000300703
1805.16,0.0301048
0.000301048
1804.13,0.0301393
0.000301393
1803.1,0.0301737
0.000301737
1802.08,0.0302079
0.000302079
1801.06,0.0302422
0.000302422
1800.04,0.0302763
0.000302763
1799.03,0.0303103
0.000303103
1798.03,0.0303443
0.000303443
1797.02,0.0303782
0.000303782
1796.02,0.030412
0.00030412
1795.03,0.0304457
0.000304457
1794.04,0.0304793
0.000304793
1793.05,0.0305129
0.000305129
1792.07,0.0305463
0.000305463
1791.09,0.0305796
0.000305796
1790.12,0.0306129
0.000306129
1789.15,0.030646
0.00030646
1788.19,0.0306791
0.000306791
1787.23,0.0307121
0.000307121
1786.27,0.0307449
0.000307449
1785.32,0.0307777
0.000307777
1784.38,0.0308104
0.000308104
1783.43,0.0308429
0.000308429
1782.5,0.0308754
0.000308754
1781.56,0.0309077
0.000309077
1780.63,0.0309399
0.000309399
1779.71,0.030972
0.00030972
1778.79,0.0310041
0.000310041
1777.88,0.031036
0.00031036
1776.97,0.0310677
0.000310677
1776.06,0.0310994
0.000310994
1775.16,0.031131
0.00031131
1774.27,0.0311624
0.000311624
1773.38,0.0311937
0.000311937
1772.49,0.0312249
0.000312249
1771.61,0.031256
0.00031256
1770.73,0.0312869
0.000312869
1769.86,0.0313177
0.000313177
1769,0.0313484
0.000313484
1768.13,0.031379
0.00031379
1767.28,0.0314094
0.000314094
1766.43,0.0314397
0.000314397
1765.58,0.0314698
0.000314698
1764.74,0.0314999
0.000314999
1763.9,0.0315297
0.000315297
1763.07,0.0315595
0.000315595
1762.24,0.0315891
0.000315891
1761.42,0.0316186
0.000316186
1760.61,0.0316479
0.000316479
1759.79,0.0316771
0.000316771
1758.99,0.0317061
0.000317061
1758.19,0.031735
0.00031735
1757.39,0.0317638
0.000317638
1756.6,0.0317924
0.000317924
1755.82,0.0318208
0.000318208
1755.04,0.0318491
0.000318491
1754.26,0.0318772
0.000318772
1753.49,0.0319052
0.000319052
1752.73,0.031933
0.00031933
1751.97,0.0319607
0.000319607
1751.22,0.0319882
0.000319882
1750.47,0.0320155
0.000320155
1749.73,0.0320427
0.000320427
1748.99,0.0320697
0.000320697
1748.26,0.0320966
0.000320966
1747.53,0.0321232
0.000321232
1746.81,0.0321497
0.000321497
1746.1,0.0321761
0.000321761
1745.39,0.0322023
0.000322023
1744.68,0.0322282
0.000322282
1743.98,0.0322541
0.000322541
1743.29,0.0322797
0.000322797
1742.6,0.0323052
0.000323052
1741.92,0.0323305
0.000323305
1741.25,0.0323556
0.000323556
1740.58,0.0323805
0.000323805
1739.91,0.0324052
0.000324052
1739.25,0.0324298
0.000324298
1738.6,0.0324542
0.000324542
1737.95,0.0324784
0.000324783
1737.31,0.0325023
0.000325023
1736.67,0.0325262
0.000325262
1736.04,0.0325498
0.000325498
1735.42,0.0325732
0.000325732
1734.8,0.0325964
0.000325964
1734.19,0.0326195
0.000326195
1733.58,0.0326423
0.000326423
1732.98,0.0326649
0.000326649
1732.39,0.0326874
0.000326874
1731.8,0.0327096
0.000327096
1731.21,0.0327316
0.000327316
1730.64,0.0327535
0.000327535
1730.07,0.0327751
0.000327751
1729.5,0.0327965
0.000327965
1728.94,0.0328177
0.000328177
1728.39,0.0328387
0.000328387
1727.84,0.0328595
0.000328595
1727.3,0.0328801
0.000328801
1726.77,0.0329005
0.000329005
1726.24,0.0329206
0.000329206
1725.71,0.0329406
0.000329406
1725.2,0.0329603
0.000329603
1724.69,0.0329798
0.000329798
1724.18,0.0329991
0.000329991
1723.69,0.0330182
0.000330182
1723.19,0.033037
0.00033037
1722.71,0.0330557
0.000330556
1722.23,0.0330741
0.000330741
1721.76,0.0330922
0.000330922
1721.29,0.0331102
0.000331102
1720.83,0.0331279
0.000331279
1720.37,0.0331454
0.000331454
1719.93,0.0331627
0.000331627
1719.48,0.0331798
0.000331798
1719.05,0.0331966
0.000331966
1718.62,0.0332131
0.000332131
1718.2,0.0332295
0.000332295
1717.78,0.0332456
0.000332456
1717.37,0.0332615
0.000332615
1716.97,0.0332771
0.000332771
1716.57,0.0332925
0.000332925
1716.18,0.0333077
0.000333077
1715.79,0.0333227
0.000333227
1715.41,0.0333373
0.000333373
1715.04,0.0333518
0.000333518
1714.68,0.033366
0.00033366
1714.32,0.03338
0.0003338
1713.97,0.0333937
0.000333937
1713.62,0.0334072
0.000334072
1713.28,0.0334204
0.000334204
1712.95,0.0334334
0.000334334
1712.62,0.0334461
0.000334461
1712.3,0.0334586
0.000334586
1711.99,0.0334709
0.000334709
1711.68,0.0334829
0.000334829
1711.38,0.0334946
0.000334946
1711.09,0.0335061
0.000335061
1710.8,0.0335174
0.000335174
1710.52,0.0335284
0.000335284
1710.25,0.0335391
0.000335391
1709.98,0.0335496
0.000335496
1709.72,0.0335598
0.000335598
1709.47,0.0335698
0.000335698
1709.22,0.0335795
0.000335795
1708.98,0.033589
0.00033589
1708.74,0.0335982
0.000335982
1708.52,0.0336071
0.000336071
1708.29,0.0336158
0.000336158
1708.08,0.0336242
0.000336242
1707.87,0.0336324
0.000336324
1707.67,0.0336403
0.000336403
1707.48,0.033648
0.00033648
1707.29,0.0336554
0.000336553
1707.11,0.0336625
0.000336625
1706.94,0.0336693
0.000336693
1706.77,0.0336759
0.000336759
1706.61,0.0336823
0.000336823
1706.45,0.0336884
0.000336884
1706.31,0.0336942
0.000336942
1706.17,0.0336997
0.000336997
1706.03,0.033705
0.00033705
1705.91,0.03371
0.0003371
1705.79,0.0337148
0.000337148
1705.67,0.0337193
0.000337193
1705.56,0.0337235
0.000337235
1705.46,0.0337275
0.000337275
1705.37,0.0337311
0.000337311
1705.28,0.0337346
0.000337346
1705.2,0.0337377
0.000337377
1705.13,0.0337406
0.000337406
1705.07,0.0337432
0.000337432
1705.01,0.0337456
0.000337456
1704.95,0.0337477
0.000337477
1704.91,0.0337495
0.000337495
1704.87,0.0337511
0.000337511
1704.84,0.0337523
0.000337523
1704.81,0.0337534
0.000337534
1704.79,0.0337541
0.000337541
1704.78,0.0337546
0.000337546
1704.77,0.0337548
0.000337548
1704.78,0.0337547
0.000337547
1704.78,0.0337544
0.000337544
1704.8,0.0337538
0.000337538
1704.82,0.033753
0.00033753
1704.85,0.0337518
0.000337518
1704.88,0.0337504
0.000337504
1704.93,0.0337488
0.000337488
1704.97,0.0337468
0.000337468
1705.03,0.0337446
0.000337446
1705.09,0.0337422
0.000337422
1705.16,0.0337394
0.000337394
1705.24,0.0337364
0.000337364
1705.32,0.0337332
0.000337332
1705.41,0.0337296
0.000337296
1705.51,0.0337258
0.000337258
1705.61,0.0337218
0.000337218
1705.72,0.0337174
0.000337174
1705.83,0.0337128
0.000337128
1705.96,0.033708
0.00033708
1706.09,0.0337028
0.000337028
1706.22,0.0336974
0.000336974
1706.37,0.0336918
0.000336918
1706.52,0.0336859
0.000336859
1706.67,0.0336797
0.000336797
1706.84,0.0336732
0.000336732
1707.01,0.0336665
0.000336665
1707.18,0.0336595
0.000336595
1707.37,0.0336523
0.000336523
1707.56,0.0336448
0.000336448
1707.76,0.033637
0.00033637
1707.96,0.033629
0.00033629
1708.17,0.0336207
0.000336207
1708.39,0.0336122
0.000336122
1708.61,0.0336034
0.000336034
1708.84,0.0335943
0.000335943
1709.08,0.033585
0.00033585
1709.32,0.0335755
0.000335755
1709.57,0.0335656
0.000335656
1709.83,0.0335556
0.000335556
1710.09,0.0335452
0.000335452
1710.36,0.0335346
0.000335346
1710.64,0.0335238
0.000335238
1710.92,0.0335127
0.000335127
1711.21,0.0335013
0.000335013
1711.51,0.0334897
0.000334897
1711.81,0.0334779
0.000334779
1712.12,0.0334658
0.000334658
1712.43,0.0334534
0.000334534
1712.76,0.0334409
0.000334408
1713.09,0.033428
0.00033428
1713.42,0.0334149
0.000334149
1713.76,0.0334016
0.000334016
1714.11,0.033388
0.00033388
1714.47,0.0333742
0.000333742
1714.83,0.0333601
0.000333601
1715.2,0.0333458
0.000333458
1715.57,0.0333312
0.000333312
1715.95,0.0333164
0.000333164
1716.34,0.0333014
0.000333014
1716.73,0.0332861
0.000332861
1717.13,0.0332706
0.000332706
1717.54,0.0332549
0.000332549
1717.95,0.0332389
0.000332389
1718.37,0.0332227
0.000332227
1718.8,0.0332063
0.000332063
1719.23,0.0331896
0.000331896
1719.67,0.0331727
0.000331727
1720.11,0.0331555
0.000331555
1720.56,0.0331382
0.000331382
1721.02,0.0331206
0.000331206
1721.48,0.0331027
0.000331027
1721.95,0.0330847
0.000330847
1722.43,0.0330664
0.000330664
1722.91,0.0330479
0.000330479
1723.4,0.0330292
0.000330292
1723.89,0.0330103
0.000330103
1724.39,0.0329911
0.000329911
1724.9,0.0329717
0.000329717
1725.41,0.0329521
0.000329521
1725.93,0.0329323
0.000329323
1726.46,0.0329123
0.000329123
1726.99,0.032892
0.00032892
1727.53,0.0328715
0.000328715
1728.07,0.0328509
0.000328509
1728.62,0.03283
0.0003283
1729.17,0.0328089
0.000328089
1729.74,0.0327876
0.000327876
1730.3,0.0327661
0.000327661
1730.88,0.0327444
0.000327444
1731.46,0.0327225
0.000327225
1732.04,0.0327004
0.000327004
1732.63,0.032678
0.00032678
1733.23,0.0326555
0.000326555
1733.83,0.0326328
0.000326328
1734.44,0.0326099
0.000326099
1735.06,0.0325868
0.000325868
1735.68,0.0325635
0.000325635
1736.3,0.03254
0.0003254
1736.94,0.0325163
0.000325163
1737.58,0.0324924
0.000324924
1738.22,0.0324683
0.000324683
1738.87,0.0324441
0.000324441
1739.52,0.0324196
0.000324196
1740.19,0.032395
0.00032395
1740.85,0.0323702
0.000323702
1741.53,0.0323451
0.000323451
1742.2,0.03232
0.0003232
1742.89,0.0322946
0.000322946
1743.58,0.0322691
0.000322691
1744.27,0.0322433
0.000322434
1744.97,0.0322175
0.000322175
1745.68,0.0321914
0.000321914
1746.39,0.0321652
0.000321652
1747.11,0.0321387
0.000321387
1747.83,0.0321122
0.000321122
1748.56,0.0320854
0.000320854
1749.29,0.0320585
0.000320585
1750.03,0.0320314
0.000320314
1750.78,0.0320042
0.000320042
1751.53,0.0319768
0.000319768
1752.28,0.0319492
0.000319492
1753.05,0.0319215
0.000319215
1753.81,0.0318936
0.000318936
1754.58,0.0318655
0.000318655
1755.36,0.0318373
0.000318373
1756.14,0.031809
0.00031809
1756.93,0.0317805
0.000317805
1757.72,0.0317518
0.000317518
1758.52,0.031723
0.00031723
1759.32,0.0316941
0.000316941
1760.13,0.031665
0.00031665
1760.94,0.0316357
0.000316357
1761.76,0.0316063
0.000316063
1762.59,0.0315768
0.000315768
1763.42,0.0315471
0.000315471
1764.25,0.0315173
0.000315173
1765.09,0.0314874
0.000314874
1765.93,0.0314573
0.000314573
1766.78,0.0314271
0.000314271
1767.63,0.0313967
0.000313967
1768.49,0.0313663
0.000313663
1769.36,0.0313356
0.000313356
1770.22,0.0313049
0.000313049
1771.1,0.031274
0.00031274
1771.98,0.031243
0.00031243
1772.86,0.0312119
0.000312119
1773.75,0.0311807
0.000311807
1774.64,0.0311493
0.000311493
1775.54,0.0311178
0.000311178
1776.44,0.0310863
0.000310863
1777.35,0.0310545
0.000310545
1778.26,0.0310227
0.000310227
1779.17,0.0309908
0.000309908
1780.09,0.0309587
0.000309587
1781.02,0.0309265
0.000309265
1781.95,0.0308943
0.000308943
1782.89,0.0308619
0.000308619
1783.82,0.0308294
0.000308294
1784.77,0.0307968
0.000307968
1785.72,0.0307641
0.000307641
1786.67,0.0307313
0.000307313
1787.63,0.0306984
0.000306984
1788.59,0.0306654
0.000306654
1789.55,0.0306323
0.000306323
1790.52,0.0305991
0.000305991
1791.5,0.0305658
0.000305658
1792.48,0.0305324
0.000305324
1793.46,0.0304989
0.000304989
1794.45,0.0304654
0.000304654
1795.44,0.0304317
0.000304317
1796.44,0.0303979
0.000303979
1797.44,0.0303641
0.000303641
1798.44,0.0303302
0.000303302
1799.45,0.0302962
0.000302962
1800.47,0.0302621
0.000302621
1801.48,0.0302279
0.000302279
1802.5,0.0301937
0.000301937
1803.53,0.0301594
0.000301594
1804.56,0.030125
0.00030125
1805.59,0.0300905
0.000300905
1806.63,0.030056
0.00030056
1807.67,0.0300213
0.000300213
1808.72,0.0299866
0.000299866
1809.77,0.0299519
0.000299519
1810.82,0.0299171
0.000299171
1811.88,0.0298822
0.000298822
1812.94,0.0298472
0.000298472
1814,0.0298122
0.000298122
1815.07,0.0297771
0.000297771
1816.14,0.0297419
0.000297419
1817.22,0.0297067
0.000297067
1818.3,0.0296714
0.000296714
1819.38,0.0296361
0.000296361
1820.47,0.0296007
0.000296007
1821.56,0.0295653
0.000295653
1822.66,0.0295298
0.000295298
1823.75,0.0294942
0.000294942
1824.86,0.0294586
0.000294586
1825.96,0.0294229
0.000294229
1827.07,0.0293872
0.000293872
1828.18,0.0293515
0.000293515
1829.3,0.0293157
0.000293157
1830.42,0.0292798
0.000292798
1831.54,0.029244
0.00029244
1832.67,0.029208
0.00029208
1833.8,0.0291721
0.000291721
1834.93,0.0291361
0.00029136
1836.06,0.0291
0.000291
1837.2,0.0290639
0.000290639
1838.35,0.0290278
0.000290278
1839.49,0.0289916
0.000289916
1840.64,0.0289554
0.000289554
1841.8,0.0289192
0.000289192
1842.95,0.0288829
0.000288829
1844.11,0.0288466
0.000288466
1845.27,0.0288103
0.000288103
1846.44,0.0287739
0.000287739
1847.61,0.0287376
0.000287376
1848.78,0.0287011
0.000287011
1849.95,0.0286647
0.000286647
1851.13,0.0286283
0.000286283
1852.31,0.0285918
0.000285918
1853.49,0.0285553
0.000285553
1854.68,0.0285187
0.000285187
1855.87,0.0284822
0.000284822
1857.06,0.0284456
0.000284456
1858.26,0.0284091
0.000284091
1859.46,0.0283725
0.000283725
1860.66,0.0283358
0.000283358
1861.86,0.0282992
0.000282992
1863.07,0.0282626
0.000282626
1864.28,0.0282259
0.000282259
1865.49,0.0281893
0.000281893
1866.7,0.0281526
0.000281526
1867.92,0.0281159
0.000281159
1869.14,0.0280792
0.000280792
1870.36,0.0280425
0.000280425
1871.59,0.0280058
0.000280058
1872.82,0.0279691
0.000279691
1874.05,0.0279324
0.000279324
1875.28,0.0278956
0.000278956
1876.52,0.0278589
0.000278589
1877.76,0.0278222
0.000278222
1879,0.0277855
0.000277855
1880.24,0.0277487
0.000277487
1881.48,0.027712
0.00027712
1882.73,0.0276753
0.000276753
1883.98,0.0276386
0.000276386
1885.23,0.0276018
0.000276018
1886.49,0.0275651
0.000275651
1887.75,0.0275284
0.000275284
1889.01,0.0274917
0.000274917
1890.27,0.027455
0.00027455
1891.53,0.0274184
0.000274184
1892.8,0.0273817
0.000273817
1894.07,0.027345
0.00027345
1895.34,0.0273084
0.000273084
1896.61,0.0272717
0.000272717
1897.89,0.0272351
0.000272351
1899.16,0.0271985
0.000271985
1900.44,0.0271619
0.000271619
1901.72,0.0271253
0.000271253
1903.01,0.0270887
0.000270887
1904.29,0.0270521
0.000270521
1905.58,0.0270156
0.000270156
1906.87,0.0269791
0.000269791
1908.16,0.0269426
0.000269426
1909.45,0.0269061
0.000269061
1910.75,0.0268697
0.000268697
1912.05,0.0268332
0.000268332
1913.34,0.0267968
0.000267968
1914.64,0.0267604
0.000267604
1915.95,0.026724
0.00026724
1917.25,0.0266877
0.000266877
1918.56,0.0266514
0.000266514
1919.87,0.0266151
0.000266151
1921.17,0.0265788
0.000265788
1922.49,0.0265425
0.000265425
1923.8,0.0265063
0.000265063
1925.11,0.0264701
0.000264701
1926.43,0.026434
0.00026434
1927.75,0.0263979
0.000263979
1929.07,0.0263618
0.000263618
1930.39,0.0263257
0.000263257
1931.71,0.0262896
0.000262896
1933.04,0.0262536
0.000262536
1934.36,0.0262177
0.000262177
1935.69,0.0261817
0.000261817
1937.02,0.0261458
0.000261458
1938.35,0.02611
0.0002611
1939.68,0.0260741
0.000260741
1941.01,0.0260383
0.000260383
1942.35,0.0260026
0.000260026
1943.68,0.0259668
0.000259668
1945.02,0.0259312
0.000259312
1946.36,0.0258955
0.000258955
1947.7,0.0258599
0.000258599
1949.04,0.0258243
0.000258243
1950.38,0.0257888
0.000257888
1951.72,0.0257533
0.000257533
1953.07,0.0257179
0.000257179
1954.41,0.0256824
0.000256824
1955.76,0.0256471
0.000256471
1957.11,0.0256118
0.000256118
1958.46,0.0255765
0.000255765
1959.81,0.0255412
0.000255412
1961.16,0.0255061
0.000255061
1962.51,0.0254709
0.000254709
1963.87,0.0254358
0.000254358
1965.22,0.0254008
0.000254008
1966.58,0.0253657
0.000253657
1967.93,0.0253308
0.000253308
1969.29,0.0252959
0.000252959
1970.65,0.025261
0.00025261
1972.01,0.0252262
0.000252262
1973.37,0.0251914
0.000251914
1974.73,0.0251567
0.000251567
1976.09,0.025122
0.00025122
1977.46,0.0250874
0.000250874
1978.82,0.0250528
0.000250528
1980.19,0.0250183
0.000250183
1981.55,0.0249838
0.000249838
1982.92,0.0249494
0.000249494
1984.28,0.024915
0.00024915
1985.65,0.0248807
0.000248807
1987.02,0.0248464
0.000248464
1988.39,0.0248122
0.000248122
1989.76,0.024778
0.00024778
1991.13,0.0247439
0.000247439
1992.5,0.0247099
0.000247099
1993.88,0.0246759
0.000246759
1995.25,0.0246419
0.000246419
1996.62,0.0246081
0.000246081
1998,0.0245742
0.000245742
1999.37,0.0245405
0.000245405
2000.75,0.0245067
0.000245067
2002.12,0.0244731
0.000244731
2003.5,0.0244395
0.000244395
2004.87,0.0244059
0.000244059
2006.25,0.0243724
0.000243724
2007.63,0.024339
0.00024339
2009.01,0.0243056
0.000243056
2010.38,0.0242723
0.000242723
2011.76,0.024239
0.00024239
2013.14,0.0242058
0.000242058
2014.52,0.0241727
0.000241727
2015.9,0.0241396
0.000241396
2017.28,0.0241066
0.000241066
2018.66,0.0240736
0.000240736
2020.04,0.0240407
0.000240407
2021.42,0.0240079
0.000240079
2022.81,0.0239751
0.000239751
2024.19,0.0239424
0.000239424
2025.57,0.0239097
0.000239097
2026.95,0.0238771
0.000238771
2028.33,0.0238446
0.000238446
2029.72,0.0238122
0.000238121
2031.1,0.0237797
0.000237797
2032.48,0.0237474
0.000237474
2033.86,0.0237151
0.000237151
2035.25,0.0236829
0.000236829
2036.63,0.0236507
0.000236507
2038.01,0.0236187
0.000236187
2039.4,0.0235866
0.000235866
2040.78,0.0235547
0.000235547
2042.16,0.0235228
0.000235228
2043.55,0.0234909
0.000234909
2044.93,0.0234592
0.000234592
2046.31,0.0234275
0.000234275
2047.7,0.0233958
0.000233958
2049.08,0.0233642
0.000233642
2050.46,0.0233327
0.000233327
2051.84,0.0233013
0.000233013
2053.23,0.0232699
0.000232699
2054.61,0.0232386
0.000232386
2055.99,0.0232074
0.000232074
2057.38,0.0231762
0.000231762
2058.76,0.0231451
0.000231451
2060.14,0.023114
0.00023114
2061.52,0.023083
0.00023083
2062.9,0.0230521
0.000230521
2064.29,0.0230213
0.000230213
2065.67,0.0229905
0.000229905
2067.05,0.0229598
0.000229598
2068.43,0.0229291
0.000229291
2069.81,0.0228986
0.000228986
2071.19,0.022868
0.00022868
2072.57,0.0228376
0.000228376
2073.95,0.0228072
0.000228072
2075.33,0.0227769
0.000227769
2076.71,0.0227467
0.000227467
2078.09,0.0227165
0.000227165
2079.47,0.0226864
0.000226864
2080.84,0.0226564
0.000226564
2082.22,0.0226264
0.000226264
2083.6,0.0225965
0.000225965
2084.97,0.0225667
0.000225667
2086.35,0.0225369
0.000225369
2087.73,0.0225072
0.000225072
2089.1,0.0224776
0.000224776
2090.48,0.0224481
0.000224481
2091.85,0.0224186
0.000224186
2093.22,0.0223892
0.000223892
2094.6,0.0223598
0.000223598
2095.97,0.0223306
0.000223306
2097.34,0.0223014
0.000223014
2098.71,0.0222722
0.000222722
2100.08,0.0222432
0.000222432
2101.45,0.0222142
0.000222142
2102.82,0.0221852
0.000221852
2104.19,0.0221564
0.000221564
2105.56,0.0221276
0.000221276
2106.93,0.0220989
0.000220989
2108.29,0.0220702
0.000220702
2109.66,0.0220416
0.000220416
2111.03,0.0220131
0.000220131
2112.39,0.0219847
0.000219847
2113.75,0.0219563
0.000219563
2115.12,0.021928
0.00021928
2116.48,0.0218998
0.000218998
2117.84,0.0218717
0.000218717
2119.2,0.0218436
0.000218436
2120.56,0.0218156
0.000218156
2121.92,0.0217876
0.000217876
2123.28,0.0217597
0.000217597
2124.64,0.0217319
0.000217319
2126,0.0217042
0.000217042
2127.35,0.0216765
0.000216765
2128.71,0.0216489
0.000216489
2130.06,0.0216214
0.000216214
2131.42,0.021594
0.00021594
2132.77,0.0215666
0.000215666
2134.12,0.0215393
0.000215393
2135.47,0.021512
0.00021512
2136.82,0.0214849
0.000214849
2138.17,0.0214578
0.000214578
2139.52,0.0214307
0.000214307
2140.87,0.0214038
0.000214038
2142.21,0.0213769
0.000213769
2143.56,0.0213501
0.000213501
2144.9,0.0213233
0.000213233
2146.24,0.0212966
0.000212966
2147.59,0.02127
0.0002127
2148.93,0.0212435
0.000212435
2150.27,0.021217
0.00021217
2151.6,0.0211906
0.000211906
2152.94,0.0211643
0.000211643
2154.28,0.0211381
0.000211381
2155.61,0.0211119
0.000211119
2156.95,0.0210858
0.000210858
2158.28,0.0210597
0.000210597
2159.61,0.0210337
0.000210337
2160.95,0.0210078
0.000210078
2162.28,0.020982
0.00020982
2163.6,0.0209562
0.000209562
2164.93,0.0209306
0.000209306
2166.26,0.0209049
0.000209049
2167.58,0.0208794
0.000208794
2168.91,0.0208539
0.000208539
2170.23,0.0208285
0.000208285
2171.55,0.0208031
0.000208031
2172.87,0.0207779
0.000207779
2174.19,0.0207527
0.000207527
2175.51,0.0207275
0.000207275
2176.82,0.0207025
0.000207025
2178.14,0.0206775
0.000206775
2179.45,0.0206526
0.000206526
2180.77,0.0206277
0.000206277
2182.08,0.0206029
0.000206029
2183.39,0.0205782
0.000205782
2184.7,0.0205536
0.000205536
2186,0.020529
0.00020529
2187.31,0.0205045
0.000205045
2188.61,0.02048
0.0002048
2189.92,0.0204557
0.000204557
2191.22,0.0204314
0.000204314
2192.52,0.0204071
0.000204071
2193.82,0.020383
0.00020383
2195.12,0.0203589
0.000203589
2196.41,0.0203349
0.000203349
2197.71,0.0203109
0.000203109
2199,0.020287
0.00020287
2200.29,0.0202632
0.000202632
2201.58,0.0202395
0.000202395
2202.87,0.0202158
0.000202158
2204.16,0.0201922
0.000201922
2205.44,0.0201686
0.000201686
2206.73,0.0201452
0.000201452
2208.01,0.0201218
0.000201218
2209.29,0.0200984
0.000200984
2210.57,0.0200752
0.000200752
2211.85,0.020052
0.00020052
2213.13,0.0200288
0.000200288
2214.4,0.0200058
0.000200058
2215.68,0.0199828
0.000199828
2216.95,0.0199598
0.000199598
2218.22,0.019937
0.00019937
2219.49,0.0199142
0.000199142
2220.76,0.0198915
0.000198915
2222.02,0.0198688
0.000198688
2223.29,0.0198462
0.000198462
2224.55,0.0198237
0.000198237
2225.81,0.0198012
0.000198012
2227.07,0.0197789
0.000197789
2228.33,0.0197565
0.000197565
2229.58,0.0197343
0.000197343
2230.84,0.0197121
0.000197121
2232.09,0.01969
0.0001969
2233.34,0.0196679
0.000196679
2234.59,0.0196459
0.000196459
2235.84,0.019624
0.00019624
2237.08,0.0196022
0.000196022
2238.33,0.0195804
0.000195804
2239.57,0.0195587
0.000195587
2240.81,0.019537
0.00019537
2242.05,0.0195154
0.000195154
2243.29,0.0194939
0.000194939
2244.52,0.0194725
0.000194724
2245.76,0.0194511
0.000194511
2246.99,0.0194297
0.000194297
2248.22,0.0194085
0.000194085
2249.45,0.0193873
0.000193873
2250.67,0.0193662
0.000193662
2251.9,0.0193451
0.000193451
2253.12,0.0193241
0.000193241
2254.34,0.0193032
0.000193032
2255.56,0.0192823
0.000192823
2256.78,0.0192615
0.000192615
2258,0.0192408
0.000192408
2259.21,0.0192201
0.000192201
2260.42,0.0191995
0.000191995
2261.63,0.019179
0.00019179
2262.84,0.0191585
0.000191585
2264.05,0.0191381
0.000191381
2265.25,0.0191177
0.000191177
2266.45,0.0190974
0.000190974
2267.65,0.0190772
0.000190772
2268.85,0.0190571
0.000190571
2270.05,0.019037
0.00019037
2271.25,0.019017
0.00019017
2272.44,0.018997
0.00018997
2273.63,0.0189771
0.000189771
2274.82,0.0189573
0.000189573
2276.01,0.0189375
0.000189375
2277.19,0.0189178
0.000189178
2278.37,0.0188981
0.000188981
2279.56,0.0188785
0.000188785
2280.74,0.018859
0.00018859
2281.91,0.0188396
0.000188396
2283.09,0.0188202
0.000188202
2284.26,0.0188008
0.000188008
2285.43,0.0187816
0.000187816
2286.6,0.0187624
0.000187624
2287.77,0.0187432
0.000187432
2288.93,0.0187242
0.000187242
2290.1,0.0187051
0.000187051
2291.26,0.0186862
0.000186862
2292.42,0.0186673
0.000186673
2293.58,0.0186485
0.000186485
2294.73,0.0186297
0.000186297
2295.88,0.018611
0.00018611
2297.04,0.0185923
0.000185923
2298.18,0.0185737
0.000185737
2299.33,0.0185552
0.000185552
2300.48,0.0185368
0.000185368
2301.62,0.0185184
0.000185184
2302.76,0.0185
0.000185
2303.9,0.0184817
0.000184817
2305.03,0.0184635
0.000184635
2306.17,0.0184454
0.000184454
2307.3,0.0184273
0.000184273
2308.43,0.0184092
0.000184092
2309.56,0.0183912
0.000183912
2310.68,0.0183733
0.000183733
2311.81,0.0183555
0.000183555
2312.93,0.0183377
0.000183377
2314.05,0.0183199
0.000183199
2315.17,0.0183023
0.000183023
2316.28,0.0182847
0.000182847
2317.39,0.0182671
0.000182671
2318.5,0.0182496
0.000182496
2319.61,0.0182322
0.000182322
2320.72,0.0182148
0.000182148
2321.82,0.0181975
0.000181975
2322.92,0.0181802
0.000181802
2324.02,0.018163
0.00018163
2325.12,0.0181459
0.000181459
2326.22,0.0181288
0.000181288
2327.31,0.0181118
0.000181118
2328.4,0.0180948
0.000180948
2329.49,0.0180779
0.000180779
2330.57,0.018061
0.00018061
2331.66,0.0180443
0.000180443
2332.74,0.0180275
0.000180275
2333.82,0.0180109
0.000180109
2334.9,0.0179942
0.000179942
2335.97,0.0179777
0.000179777
2337.04,0.0179612
0.000179612
2338.12,0.0179447
0.000179447
2339.18,0.0179284
0.000179284
2340.25,0.017912
0.00017912
2341.31,0.0178958
0.000178958
2342.37,0.0178796
0.000178796
2343.43,0.0178634
0.000178634
2344.49,0.0178473
0.000178473
2345.54,0.0178313
0.000178313
2346.6,0.0178153
0.000178153
2347.65,0.0177993
0.000177993
2348.69,0.0177835
0.000177835
2349.74,0.0177677
0.000177677
2350.78,0.0177519
0.000177519
2351.82,0.0177362
0.000177362
2352.86,0.0177206
0.000177206
2353.89,0.017705
0.00017705
2354.93,0.0176894
0.000176894
2355.96,0.017674
0.00017674
2356.99,0.0176585
0.000176585
2358.01,0.0176432
0.000176432
2359.04,0.0176279
0.000176279
2360.06,0.0176126
0.000176126
2361.08,0.0175974
0.000175974
2362.09,0.0175823
0.000175823
2363.11,0.0175672
0.000175672
2364.12,0.0175521
0.000175521
2365.13,0.0175372
0.000175372
2366.14,0.0175222
0.000175222
2367.14,0.0175074
0.000175074
2368.14,0.0174926
0.000174926
2369.14,0.0174778
0.000174778
2370.14,0.0174631
0.000174631
2371.13,0.0174484
0.000174484
2372.13,0.0174338
0.000174338
2373.12,0.0174193
0.000174193
2374.1,0.0174048
0.000174048
2375.09,0.0173904
0.000173904
2376.07,0.017376
0.00017376
2377.05,0.0173617
0.000173617
2378.03,0.0173474
0.000173474
2379.01,0.0173332
0.000173332
2379.98,0.017319
0.00017319
2380.95,0.0173049
0.000173049
2381.92,0.0172908
0.000172908
2382.88,0.0172768
0.000172768
2383.84,0.0172629
0.000172629
2384.81,0.017249
0.00017249
2385.76,0.0172351
0.000172351
2386.72,0.0172213
0.000172213
2387.67,0.0172076
0.000172076
2388.62,0.0171939
0.000171939
2389.57,0.0171803
0.000171803
2390.52,0.0171667
0.000171667
2391.46,0.0171531
0.000171531
2392.4,0.0171396
0.000171396
2393.34,0.0171262
0.000171262
2394.27,0.0171128
0.000171128
2395.2,0.0170995
0.000170995
2396.13,0.0170862
0.000170862
2397.06,0.017073
0.00017073
2397.99,0.0170598
0.000170598
2398.91,0.0170467
0.000170467
2399.83,0.0170337
0.000170337
2400.75,0.0170206
0.000170206
2401.66,0.0170077
0.000170077
2402.57,0.0169948
0.000169948
2403.48,0.0169819
0.000169819
2404.39,0.0169691
0.000169691
2405.3,0.0169563
0.000169563
2406.2,0.0169436
0.000169436
2407.1,0.016931
0.00016931
2407.99,0.0169183
0.000169183
2408.89,0.0169058
0.000169058
2409.78,0.0168933
0.000168933
2410.67,0.0168808
0.000168808
2411.56,0.0168684
0.000168684
2412.44,0.0168561
0.000168561
2413.32,0.0168437
0.000168437
2414.2,0.0168315
0.000168315
2415.08,0.0168193
0.000168193
2415.95,0.0168071
0.000168071
2416.82,0.016795
0.00016795
2417.69,0.0167829
0.000167829
2418.55,0.0167709
0.000167709
2419.42,0.016759
0.00016759
2420.28,0.0167471
0.000167471
2421.14,0.0167352
0.000167352
2421.99,0.0167234
0.000167234
2422.84,0.0167116
0.000167116
2423.69,0.0166999
0.000166999
2424.54,0.0166882
0.000166882
2425.38,0.0166766
0.000166766
2426.23,0.016665
0.00016665
2427.07,0.0166535
0.000166535
2427.9,0.016642
0.00016642
2428.74,0.0166306
0.000166306
2429.57,0.0166192
0.000166192
2430.4,0.0166079
0.000166079
2431.22,0.0165966
0.000165966
2432.05,0.0165854
0.000165854
2432.87,0.0165742
0.000165742
2433.68,0.0165631
0.000165631
2434.5,0.016552
0.00016552
2435.31,0.0165409
0.000165409
2436.12,0.0165299
0.000165299
2436.93,0.016519
0.00016519
2437.73,0.0165081
0.000165081
2438.53,0.0164972
0.000164972
2439.33,0.0164864
0.000164864
2440.13,0.0164757
0.000164757
2440.92,0.016465
0.00016465
2441.71,0.0164543
0.000164543
2442.5,0.0164437
0.000164437
2443.29,0.0164331
0.000164331
2444.07,0.0164226
0.000164226
2444.85,0.0164121
0.000164121
2445.63,0.0164017
0.000164017
2446.4,0.0163913
0.000163913
2447.17,0.016381
0.00016381
2447.94,0.0163707
0.000163707
2448.71,0.0163604
0.000163604
2449.47,0.0163502
0.000163502
2450.23,0.0163401
0.000163401
2450.99,0.01633
0.0001633
2451.75,0.0163199
0.000163199
2452.5,0.0163099
0.000163099
2453.25,0.0162999
0.000162999
2454,0.01629
0.0001629
2454.74,0.0162801
0.000162801
2455.48,0.0162703
0.000162703
2456.22,0.0162605
0.000162605
2456.96,0.0162507
0.000162507
2457.69,0.016241
0.00016241
2458.42,0.0162314
0.000162314
2459.15,0.0162218
0.000162218
2459.88,0.0162122
0.000162122
2460.6,0.0162027
0.000162027
2461.32,0.0161932
0.000161932
2462.04,0.0161838
0.000161838
2462.75,0.0161744
0.000161744
2463.46,0.0161651
0.000161651
2464.17,0.0161558
0.000161558
2464.87,0.0161465
0.000161465
2465.58,0.0161373
0.000161373
2466.28,0.0161282
0.000161282
2466.97,0.0161191
0.000161191
2467.67,0.01611
0.0001611
2468.36,0.016101
0.00016101
2469.05,0.016092
0.00016092
2469.74,0.016083
0.00016083
2470.42,0.0160741
0.000160741
2471.1,0.0160653
0.000160653
2471.78,0.0160565
0.000160565
2472.45,0.0160477
0.000160477
2473.12,0.016039
0.00016039
2473.79,0.0160303
0.000160303
2474.46,0.0160217
0.000160217
2475.12,0.0160131
0.000160131
2475.78,0.0160045
0.000160045
2476.44,0.015996
0.00015996
2477.1,0.0159876
0.000159876
2477.75,0.0159792
0.000159792
2478.4,0.0159708
0.000159708
2479.05,0.0159625
0.000159625
2479.69,0.0159542
0.000159542
2480.33,0.0159459
0.000159459
2480.97,0.0159377
0.000159377
2481.6,0.0159296
0.000159296
2482.24,0.0159215
0.000159215
2482.87,0.0159134
0.000159134
2483.49,0.0159053
0.000159053
2484.12,0.0158974
0.000158974
2484.74,0.0158894
0.000158894
2485.36,0.0158815
0.000158815
2485.97,0.0158737
0.000158737
2486.58,0.0158658
0.000158658
2487.19,0.0158581
0.000158581
2487.8,0.0158503
0.000158503
2488.4,0.0158426
0.000158426
2489.01,0.015835
0.00015835
2489.6,0.0158274
0.000158274
2490.2,0.0158198
0.000158198
2490.79,0.0158123
0.000158123
2491.38,0.0158048
0.000158048
2491.97,0.0157973
0.000157973
2492.55,0.0157899
0.000157899
2493.13,0.0157826
0.000157826
2493.71,0.0157753
0.000157753
2494.29,0.015768
0.00015768
2494.86,0.0157608
0.000157608
2495.43,0.0157536
0.000157536
2495.99,0.0157464
0.000157464
2496.56,0.0157393
0.000157393
2497.12,0.0157322
0.000157322
2497.68,0.0157252
0.000157252
2498.23,0.0157182
0.000157182
2498.78,0.0157113
0.000157113
2499.33,0.0157044
0.000157044
2499.88,0.0156975
0.000156975
2500.42,0.0156907
0.000156907
2500.96,0.0156839
0.000156839
2501.5,0.0156772
0.000156772
2502.04,0.0156705
0.000156705
2502.57,0.0156638
0.000156638
2503.1,0.0156572
0.000156572
2503.62,0.0156506
0.000156506
2504.15,0.015644
0.00015644
2504.67,0.0156376
0.000156376
2505.19,0.0156311
0.000156311
2505.7,0.0156247
0.000156247
2506.21,0.0156183
0.000156183
2506.72,0.015612
0.00015612
2507.23,0.0156057
0.000156057
2507.73,0.0155994
0.000155994
2508.23,0.0155932
0.000155932
2508.73,0.015587
0.00015587
2509.22,0.0155809
0.000155809
2509.71,0.0155748
0.000155748
2510.2,0.0155687
0.000155687
2510.68,0.0155627
0.000155627
2511.17,0.0155567
0.000155567
2511.65,0.0155508
0.000155508
2512.12,0.0155449
0.000155449
2512.6,0.015539
0.00015539
2513.07,0.0155332
0.000155332
2513.53,0.0155274
0.000155274
2514,0.0155217
0.000155217
2514.46,0.015516
0.00015516
2514.92,0.0155103
0.000155103
2515.38,0.0155047
0.000155047
2515.83,0.0154991
0.000154991
2516.28,0.0154936
0.000154936
2516.73,0.0154881
0.000154881
2517.17,0.0154826
0.000154826
2517.61,0.0154772
0.000154772
2518.05,0.0154718
0.000154718
2518.49,0.0154664
0.000154664
2518.92,0.0154611
0.000154611
2519.35,0.0154558
0.000154558
2519.77,0.0154506
0.000154506
2520.2,0.0154454
0.000154454
2520.62,0.0154403
0.000154403
2521.04,0.0154351
0.000154352
2521.45,0.0154301
0.000154301
2521.86,0.015425
0.00015425
2522.27,0.01542
0.0001542
2522.68,0.0154151
0.000154151
2523.08,0.0154102
0.000154102
2523.48,0.0154053
0.000154053
2523.88,0.0154004
0.000154004
2524.27,0.0153956
0.000153956
2524.66,0.0153908
0.000153908
2525.05,0.0153861
0.000153861
2525.44,0.0153814
0.000153814
2525.82,0.0153768
0.000153768
2526.2,0.0153721
0.000153721
2526.57,0.0153676
0.000153676
2526.95,0.015363
0.00015363
2527.32,0.0153585
0.000153585
2527.68,0.0153541
0.000153541
2528.05,0.0153496
0.000153496
2528.41,0.0153453
0.000153453
2528.77,0.0153409
0.000153409
2529.12,0.0153366
0.000153366
2529.48,0.0153323
0.000153323
2529.83,0.0153281
0.000153281
2530.17,0.0153239
0.000153239
2530.52,0.0153197
0.000153197
2530.86,0.0153156
0.000153156
2531.19,0.0153115
0.000153115
2531.53,0.0153075
0.000153075
2531.86,0.0153035
0.000153035
2532.19,0.0152995
0.000152995
2532.51,0.0152955
0.000152956
2532.84,0.0152917
0.000152917
2533.16,0.0152878
0.000152878
2533.47,0.015284
0.00015284
2533.79,0.0152802
0.000152802
2534.1,0.0152764
0.000152764
2534.41,0.0152727
0.000152727
2534.71,0.0152691
0.000152691
2535.01,0.0152654
0.000152654
2535.31,0.0152618
0.000152618
2535.61,0.0152583
0.000152583
2535.9,0.0152547
0.000152547
2536.19,0.0152513
0.000152513
2536.48,0.0152478
0.000152478
2536.76,0.0152444
0.000152444
2537.04,0.015241
0.00015241
2537.32,0.0152377
0.000152377
2537.59,0.0152344
0.000152344
2537.87,0.0152311
0.000152311
2538.13,0.0152279
0.000152279
2538.4,0.0152247
0.000152247
2538.66,0.0152216
0.000152216
2538.92,0.0152184
0.000152184
2539.18,0.0152154
0.000152154
2539.43,0.0152123
0.000152123
2539.68,0.0152093
0.000152093
2539.93,0.0152063
0.000152063
2540.18,0.0152034
0.000152034
2540.42,0.0152005
0.000152005
2540.66,0.0151977
0.000151977
2540.89,0.0151948
0.000151948
2541.13,0.0151921
0.000151921
2541.36,0.0151893
0.000151893
2541.58,0.0151866
0.000151866
2541.81,0.0151839
0.000151839
2542.03,0.0151813
0.000151813
2542.25,0.0151787
0.000151787
2542.46,0.0151761
0.000151761
2542.67,0.0151736
0.000151736
2542.88,0.0151711
0.000151711
2543.09,0.0151686
0.000151686
2543.29,0.0151662
0.000151662
2543.49,0.0151638
0.000151638
2543.69,0.0151615
0.000151615
2543.88,0.0151592
0.000151592
2544.07,0.0151569
0.000151569
2544.26,0.0151547
0.000151547
2544.44,0.0151525
0.000151525
2544.62,0.0151503
0.000151503
2544.8,0.0151482
0.000151482
2544.98,0.0151461
0.000151461
2545.15,0.015144
0.00015144
2545.32,0.015142
0.00015142
2545.49,0.01514
0.0001514
2545.65,0.0151381
0.000151381
2545.81,0.0151362
0.000151362
2545.97,0.0151343
0.000151343
2546.12,0.0151325
0.000151325
2546.27,0.0151307
0.000151307
2546.42,0.0151289
0.000151289
2546.57,0.0151272
0.000151272
2546.71,0.0151255
0.000151255
2546.85,0.0151238
0.000151238
2546.99,0.0151222
0.000151222
2547.12,0.0151206
0.000151206
2547.25,0.0151191
0.000151191
2547.38,0.0151176
0.000151176
2547.5,0.0151161
0.000151161
2547.62,0.0151147
0.000151147
2547.74,0.0151133
0.000151133
2547.86,0.0151119
0.000151119
2547.97,0.0151106
0.000151106
2548.08,0.0151093
0.000151093
2548.19,0.015108
0.00015108
2548.29,0.0151068
0.000151068
2548.39,0.0151056
0.000151056
2548.49,0.0151044
0.000151044
2548.58,0.0151033
0.000151033
2548.67,0.0151022
0.000151022
2548.76,0.0151012
0.000151012
2548.84,0.0151002
0.000151002
2548.93,0.0150992
0.000150992
2549.01,0.0150983
0.000150983
2549.08,0.0150974
0.000150974
2549.15,0.0150965
0.000150965
2549.22,0.0150957
0.000150957
2549.29,0.0150949
0.000150949
2549.35,0.0150941
0.000150941
2549.42,0.0150934
0.000150934
2549.47,0.0150927
0.000150927
2549.53,0.0150921
0.000150921
2549.58,0.0150915
0.000150915
2549.63,0.0150909
0.000150909
2549.67,0.0150904
0.000150904
2549.72,0.0150899
0.000150899
2549.76,0.0150894
0.000150894
2549.79,0.0150889
0.000150889
2549.83,0.0150885
0.000150885
2549.86,0.0150882
0.000150882
2549.89,0.0150879
0.000150879
2549.91,0.0150876
0.000150876
2549.93,0.0150873
0.000150873
2549.95,0.0150871
0.000150871
2549.97,0.0150869
0.000150869
2549.98,0.0150868
0.000150868
2549.99,0.0150867
0.000150867
2549.99,0.0150866
0.000150866
2550,0.0150865
0.000150865
2550,0.0150865
0.000150865
2549.99,0.0150866
0.000150866
2549.99,0.0150866
0.000150866
2549.98,0.0150867
0.000150867
2549.97,0.0150869
0.000150869
2549.95,0.0150871
0.000150871
2549.94,0.0150873
0.000150873
2549.91,0.0150875
0.000150875
2549.89,0.0150878
0.000150878
2549.86,0.0150881
0.000150881
2549.83,0.0150885
0.000150885
2549.8,0.0150889
0.000150889
2549.77,0.0150893
0.000150893
2549.73,0.0150897
0.000150897
2549.68,0.0150902
0.000150902
2549.64,0.0150908
0.000150908
2549.59,0.0150914
0.000150913
2549.54,0.015092
0.00015092
2549.49,0.0150926
0.000150926
2549.43,0.0150933
0.000150933
2549.37,0.015094
0.00015094
2549.31,0.0150947
0.000150947
2549.24,0.0150955
0.000150955
2549.17,0.0150963
0.000150963
2549.1,0.0150972
0.000150972
2549.02,0.0150981
0.000150981
2548.94,0.015099
0.00015099
2548.86,0.0151
0.000151
2548.78,0.015101
0.00015101
2548.69,0.015102
0.00015102
2548.6,0.0151031
0.000151031
2548.51,0.0151042
0.000151042
2548.41,0.0151053
0.000151053
2548.31,0.0151065
0.000151065
2548.21,0.0151077
0.000151077
2548.1,0.015109
0.00015109
2547.99,0.0151103
0.000151103
2547.88,0.0151116
0.000151116
2547.77,0.015113
0.00015113
2547.65,0.0151144
0.000151144
2547.53,0.0151158
0.000151158
2547.41,0.0151173
0.000151173
2547.28,0.0151188
0.000151188
2547.15,0.0151203
0.000151203
2547.02,0.0151219
0.000151219
2546.88,0.0151235
0.000151235
2546.74,0.0151251
0.000151251
2546.6,0.0151268
0.000151268
2546.45,0.0151285
0.000151285
2546.31,0.0151303
0.000151303
2546.16,0.0151321
0.000151321
2546,0.0151339
0.000151339
2545.85,0.0151358
0.000151358
2545.69,0.0151377
0.000151377
2545.52,0.0151396
0.000151396
2545.36,0.0151416
0.000151416
2545.19,0.0151436
0.000151436
2545.02,0.0151457
0.000151457
2544.84,0.0151477
0.000151477
2544.66,0.0151499
0.000151499
2544.48,0.015152
0.00015152
2544.3,0.0151542
0.000151542
2544.11,0.0151564
0.000151564
2543.92,0.0151587
0.000151587
2543.73,0.015161
0.00015161
2543.53,0.0151633
0.000151633
2543.33,0.0151657
0.000151657
2543.13,0.0151681
0.000151681
2542.92,0.0151706
0.000151706
2542.72,0.0151731
0.000151731
2542.51,0.0151756
0.000151756
2542.29,0.0151781
0.000151781
2542.07,0.0151807
0.000151807
2541.85,0.0151834
0.000151834
2541.63,0.015186
0.00015186
2541.4,0.0151887
0.000151887
2541.18,0.0151915
0.000151915
2540.94,0.0151942
0.000151942
2540.71,0.0151971
0.000151971
2540.47,0.0151999
0.000151999
2540.23,0.0152028
0.000152028
2539.98,0.0152057
0.000152057
2539.74,0.0152087
0.000152087
2539.49,0.0152117
0.000152117
2539.23,0.0152147
0.000152147
2538.98,0.0152178
0.000152178
2538.72,0.0152209
0.000152209
2538.46,0.015224
0.00015224
2538.19,0.0152272
0.000152272
2537.92,0.0152304
0.000152304
2537.65,0.0152337
0.000152337
2537.38,0.015237
0.00015237
2537.1,0.0152403
0.000152403
2536.82,0.0152437
0.000152437
2536.54,0.0152471
0.000152471
2536.25,0.0152505
0.000152505
2535.96,0.015254
0.00015254
2535.67,0.0152575
0.000152575
2535.37,0.0152611
0.000152611
2535.08,0.0152647
0.000152647
2534.77,0.0152683
0.000152683
2534.47,0.015272
0.00015272
2534.16,0.0152757
0.000152757
2533.85,0.0152794
0.000152794
2533.54,0.0152832
0.000152832
2533.22,0.015287
0.00015287
2532.9,0.0152908
0.000152908
2532.58,0.0152947
0.000152947
2532.26,0.0152986
0.000152986
2531.93,0.0153026
0.000153026
2531.6,0.0153066
0.000153066
2531.27,0.0153107
0.000153107
2530.93,0.0153147
0.000153147
2530.59,0.0153188
0.000153188
2530.25,0.015323
0.00015323
2529.9,0.0153272
0.000153272
2529.55,0.0153314
0.000153314
2529.2,0.0153357
0.000153357
2528.84,0.01534
0.0001534
2528.49,0.0153443
0.000153443
2528.13,0.0153487
0.000153487
2527.76,0.0153531
0.000153531
2527.39,0.0153576
0.000153576
2527.03,0.0153621
0.000153621
2526.65,0.0153666
0.000153666
2526.28,0.0153712
0.000153712
2525.9,0.0153758
0.000153758
2525.52,0.0153804
0.000153804
2525.13,0.0153851
0.000153851
2524.74,0.0153898
0.000153898
2524.35,0.0153946
0.000153946
2523.96,0.0153994
0.000153994
2523.56,0.0154042
0.000154042
2523.17,0.0154091
0.000154091
2522.76,0.015414
0.00015414
2522.36,0.015419
0.00015419
2521.95,0.015424
0.00015424
2521.54,0.015429
0.00015429
2521.12,0.0154341
0.000154341
2520.71,0.0154392
0.000154392
2520.29,0.0154443
0.000154443
2519.86,0.0154495
0.000154495
2519.44,0.0154547
0.000154547
2519.01,0.01546
0.0001546
2518.58,0.0154653
0.000154653
2518.14,0.0154706
0.000154706
2517.71,0.015476
0.00015476
2517.26,0.0154814
0.000154814
2516.82,0.0154869
0.000154869
2516.37,0.0154924
0.000154924
2515.93,0.0154979
0.000154979
2515.47,0.0155035
0.000155035
2515.02,0.0155091
0.000155091
2514.56,0.0155148
0.000155148
2514.1,0.0155205
0.000155205
2513.63,0.0155262
0.000155262
2513.17,0.015532
0.00015532
2512.7,0.0155378
0.000155378
2512.22,0.0155436
0.000155436
2511.75,0.0155495
0.000155495
2511.27,0.0155554
0.000155554
2510.79,0.0155614
0.000155614
2510.3,0.0155674
0.000155674
2509.82,0.0155735
0.000155735
2509.33,0.0155796
0.000155796
2508.83,0.0155857
0.000155857
2508.34,0.0155919
0.000155919
2507.84,0.0155981
0.000155981
2507.33,0.0156043
0.000156043
2506.83,0.0156106
0.000156106
2506.32,0.0156169
0.000156169
2505.81,0.0156233
0.000156233
2505.3,0.0156297
0.000156297
2504.78,0.0156362
0.000156362
2504.26,0.0156427
0.000156427
2503.74,0.0156492
0.000156492
2503.21,0.0156558
0.000156558
2502.68,0.0156624
0.000156624
2502.15,0.015669
0.00015669
2501.62,0.0156757
0.000156757
2501.08,0.0156824
0.000156824
2500.54,0.0156892
0.000156892
2500,0.015696
0.00015696
2499.45,0.0157029
0.000157029
2498.9,0.0157098
0.000157098
2498.35,0.0157167
0.000157167
2497.8,0.0157237
0.000157237
2497.24,0.0157307
0.000157307
2496.68,0.0157378
0.000157378
2496.12,0.0157449
0.000157449
2495.55,0.015752
0.00015752
2494.98,0.0157592
0.000157592
2494.41,0.0157664
0.000157664
2493.83,0.0157737
0.000157737
2493.26,0.015781
0.00015781
2492.68,0.0157884
0.000157884
2492.09,0.0157958
0.000157958
2491.51,0.0158032
0.000158032
2490.92,0.0158107
0.000158107
2490.33,0.0158182
0.000158182
2489.73,0.0158257
0.000158257
2489.13,0.0158333
0.000158333
2488.53,0.015841
0.00015841
2487.93,0.0158487
0.000158487
2487.32,0.0158564
0.000158564
2486.71,0.0158642
0.000158642
2486.1,0.015872
0.00015872
2485.49,0.0158798
0.000158798
2484.87,0.0158877
0.000158877
2484.25,0.0158957
0.000158957
2483.63,0.0159036
0.000159036
2483,0.0159117
0.000159117
2482.37,0.0159197
0.000159197
2481.74,0.0159278
0.000159278
2481.11,0.015936
0.00015936
2480.47,0.0159442
0.000159442
2479.83,0.0159524
0.000159524
2479.18,0.0159607
0.000159607
2478.54,0.015969
0.00015969
2477.89,0.0159774
0.000159774
2477.24,0.0159858
0.000159858
2476.58,0.0159942
0.000159942
2475.93,0.0160027
0.000160027
2475.27,0.0160113
0.000160113
2474.6,0.0160198
0.000160198
2473.94,0.0160285
0.000160285
2473.27,0.0160371
0.000160371
2472.6,0.0160458
0.000160458
2471.92,0.0160546
0.000160546
2471.24,0.0160634
0.000160634
2470.57,0.0160722
0.000160722
2469.88,0.0160811
0.000160811
2469.2,0.0160901
0.000160901
2468.51,0.016099
0.00016099
2467.82,0.0161081
0.000161081
2467.12,0.0161171
0.000161171
2466.43,0.0161262
0.000161262
2465.73,0.0161354
0.000161354
2465.03,0.0161446
0.000161446
2464.32,0.0161538
0.000161538
2463.61,0.0161631
0.000161631
2462.9,0.0161724
0.000161724
2462.19,0.0161818
0.000161818
2461.47,0.0161912
0.000161912
2460.75,0.0162007
0.000162007
2460.03,0.0162102
0.000162102
2459.31,0.0162197
0.000162197
2458.58,0.0162293
0.000162293
2457.85,0.016239
0.00016239
2457.12,0.0162487
0.000162487
2456.38,0.0162584
0.000162584
2455.64,0.0162682
0.000162682
2454.9,0.016278
0.00016278
2454.16,0.0162879
0.000162879
2453.41,0.0162978
0.000162978
2452.66,0.0163077
0.000163077
2451.91,0.0163177
0.000163177
2451.15,0.0163278
0.000163278
2450.4,0.0163379
0.000163379
2449.64,0.016348
0.00016348
2448.87,0.0163582
0.000163582
2448.11,0.0163685
0.000163685
2447.34,0.0163788
0.000163787
2446.57,0.0163891
0.000163891
2445.79,0.0163995
0.000163995
2445.02,0.0164099
0.000164099
2444.24,0.0164203
0.000164203
2443.46,0.0164309
0.000164309
2442.67,0.0164414
0.000164414
2441.88,0.016452
0.00016452
2441.09,0.0164627
0.000164627
2440.3,0.0164734
0.000164734
2439.5,0.0164841
0.000164841
2438.71,0.0164949
0.000164949
2437.9,0.0165058
0.000165058
2437.1,0.0165167
0.000165167
2436.29,0.0165276
0.000165276
2435.48,0.0165386
0.000165386
2434.67,0.0165496
0.000165496
2433.86,0.0165607
0.000165607
2433.04,0.0165718
0.000165718
2432.22,0.016583
0.00016583
2431.4,0.0165942
0.000165942
2430.57,0.0166055
0.000166055
2429.74,0.0166168
0.000166168
2428.91,0.0166282
0.000166282
2428.08,0.0166396
0.000166396
2427.25,0.0166511
0.000166511
2426.41,0.0166626
0.000166626
2425.57,0.0166741
0.000166741
2424.72,0.0166857
0.000166857
2423.87,0.0166974
0.000166974
2423.03,0.0167091
0.000167091
2422.17,0.0167209
0.000167209
2421.32,0.0167327
0.000167327
2420.46,0.0167445
0.000167445
2419.6,0.0167564
0.000167564
2418.74,0.0167684
0.000167684
2417.87,0.0167804
0.000167804
2417.01,0.0167924
0.000167924
2416.14,0.0168045
0.000168045
2415.26,0.0168167
0.000168167
2414.39,0.0168289
0.000168289
2413.51,0.0168411
0.000168411
2412.63,0.0168534
0.000168534
2411.75,0.0168658
0.000168658
2410.86,0.0168782
0.000168782
2409.97,0.0168906
0.000168906
2409.08,0.0169031
0.000169031
2408.19,0.0169157
0.000169157
2407.29,0.0169283
0.000169282
2406.39,0.0169409
0.000169409
2405.49,0.0169536
0.000169536
2404.59,0.0169664
0.000169664
2403.68,0.0169792
0.000169792
2402.77,0.016992
0.00016992
2401.86,0.0170049
0.000170049
2400.94,0.0170179
0.000170179
2400.03,0.0170309
0.000170309
2399.11,0.0170439
0.000170439
2398.19,0.017057
0.00017057
2397.26,0.0170702
0.000170702
2396.33,0.0170834
0.000170834
2395.4,0.0170967
0.000170967
2394.47,0.01711
0.0001711
2393.54,0.0171233
0.000171233
2392.6,0.0171368
0.000171368
2391.66,0.0171502
0.000171502
2390.72,0.0171637
0.000171637
2389.77,0.0171773
0.000171773
2388.83,0.017191
0.00017191
2387.88,0.0172046
0.000172046
2386.92,0.0172184
0.000172184
2385.97,0.0172321
0.000172321
2385.01,0.017246
0.00017246
2384.05,0.0172599
0.000172599
2383.09,0.0172738
0.000172738
2382.12,0.0172878
0.000172878
2381.16,0.0173019
0.000173019
2380.19,0.017316
0.00017316
2379.22,0.0173301
0.000173301
2378.24,0.0173443
0.000173443
2377.26,0.0173586
0.000173586
2376.28,0.0173729
0.000173729
2375.3,0.0173873
0.000173873
2374.32,0.0174017
0.000174017
2373.33,0.0174162
0.000174162
2372.34,0.0174307
0.000174307
2371.35,0.0174453
0.000174453
2370.35,0.0174599
0.000174599
2369.36,0.0174746
0.000174746
2368.36,0.0174894
0.000174894
2367.36,0.0175042
0.000175042
2366.35,0.017519
0.00017519
2365.35,0.017534
0.00017534
2364.34,0.0175489
0.000175489
2363.33,0.0175639
0.000175639
2362.31,0.017579
0.00017579
2361.3,0.0175942
0.000175941
2360.28,0.0176093
0.000176093
2359.26,0.0176246
0.000176246
2358.23,0.0176399
0.000176399
2357.21,0.0176552
0.000176552
2356.18,0.0176706
0.000176706
2355.15,0.0176861
0.000176861
2354.12,0.0177016
0.000177016
2353.08,0.0177172
0.000177172
2352.04,0.0177328
0.000177328
2351,0.0177485
0.000177485
2349.96,0.0177643
0.000177643
2348.92,0.0177801
0.000177801
2347.87,0.0177959
0.000177959
2346.82,0.0178118
0.000178118
2345.77,0.0178278
0.000178278
2344.72,0.0178438
0.000178438
2343.66,0.0178599
0.000178599
2342.6,0.0178761
0.000178761
2341.54,0.0178923
0.000178923
2340.48,0.0179085
0.000179085
2339.41,0.0179248
0.000179248
2338.35,0.0179412
0.000179412
2337.28,0.0179576
0.000179576
2336.2,0.0179741
0.000179741
2335.13,0.0179907
0.000179907
2334.05,0.0180073
0.000180073
2332.97,0.0180239
0.000180239
2331.89,0.0180406
0.000180406
2330.81,0.0180574
0.000180574
2329.72,0.0180743
0.000180743
2328.64,0.0180911
0.000180911
2327.54,0.0181081
0.000181081
2326.45,0.0181251
0.000181251
2325.36,0.0181422
0.000181422
2324.26,0.0181593
0.000181593
2323.16,0.0181765
0.000181765
2322.06,0.0181937
0.000181937
2320.96,0.018211
0.00018211
2319.85,0.0182284
0.000182284
2318.74,0.0182458
0.000182458
2317.63,0.0182633
0.000182633
2316.52,0.0182809
0.000182809
2315.41,0.0182985
0.000182985
2314.29,0.0183161
0.000183161
2313.17,0.0183338
0.000183338
2312.05,0.0183516
0.000183516
2310.93,0.0183695
0.000183695
2309.8,0.0183874
0.000183874
2308.67,0.0184053
0.000184053
2307.54,0.0184234
0.000184234
2306.41,0.0184414
0.000184414
2305.28,0.0184596
0.000184596
2304.14,0.0184778
0.000184778
2303.01,0.0184961
0.000184961
2301.87,0.0185144
0.000185144
2300.72,0.0185328
0.000185328
2299.58,0.0185512
0.000185512
2298.43,0.0185697
0.000185697
2297.28,0.0185883
0.000185883
2296.13,0.0186069
0.000186069
2294.98,0.0186256
0.000186256
2293.83,0.0186444
0.000186444
2292.67,0.0186632
0.000186632
2291.51,0.0186821
0.000186821
2290.35,0.018701
0.00018701
2289.19,0.01872
0.0001872
2288.02,0.0187391
0.000187391
2286.85,0.0187582
0.000187582
2285.69,0.0187774
0.000187774
2284.51,0.0187967
0.000187967
2283.34,0.018816
0.00018816
2282.17,0.0188354
0.000188354
2280.99,0.0188548
0.000188548
2279.81,0.0188743
0.000188743
2278.63,0.0188939
0.000188939
2277.45,0.0189135
0.000189135
2276.26,0.0189332
0.000189332
2275.08,0.018953
0.00018953
2273.89,0.0189728
0.000189728
2272.7,0.0189927
0.000189927
2271.5,0.0190126
0.000190126
2270.31,0.0190327
0.000190327
2269.11,0.0190527
0.000190527
2267.91,0.0190729
0.000190729
2266.71,0.0190931
0.000190931
2265.51,0.0191133
0.000191133
2264.31,0.0191337
0.000191337
2263.1,0.0191541
0.000191541
2261.89,0.0191745
0.000191745
2260.68,0.0191951
0.000191951
2259.47,0.0192157
0.000192157
2258.26,0.0192363
0.000192363
2257.04,0.019257
0.00019257
2255.83,0.0192778
0.000192778
2254.61,0.0192987
0.000192987
2253.39,0.0193196
0.000193196
2252.16,0.0193406
0.000193406
2250.94,0.0193616
0.000193616
2249.71,0.0193827
0.000193827
2248.49,0.0194039
0.000194039
2247.26,0.0194251
0.000194251
2246.02,0.0194464
0.000194464
2244.79,0.0194678
0.000194678
2243.56,0.0194893
0.000194893
2242.32,0.0195108
0.000195108
2241.08,0.0195323
0.000195323
2239.84,0.019554
0.00019554
2238.6,0.0195757
0.000195757
2237.35,0.0195975
0.000195975
2236.11,0.0196193
0.000196193
2234.86,0.0196412
0.000196412
2233.61,0.0196632
0.000196632
2232.36,0.0196852
0.000196852
2231.11,0.0197073
0.000197073
2229.85,0.0197295
0.000197295
2228.6,0.0197517
0.000197517
2227.34,0.019774
0.00019774
2226.08,0.0197964
0.000197964
2224.82,0.0198188
0.000198188
2223.56,0.0198413
0.000198413
2222.3,0.0198639
0.000198639
2221.03,0.0198866
0.000198866
2219.76,0.0199093
0.000199093
2218.5,0.0199321
0.000199321
2217.22,0.0199549
0.000199549
2215.95,0.0199778
0.000199778
2214.68,0.0200008
0.000200008
2213.4,0.0200238
0.000200238
2212.13,0.020047
0.00020047
2210.85,0.0200701
0.000200701
2209.57,0.0200934
0.000200934
2208.29,0.0201167
0.000201167
2207.01,0.0201401
0.000201401
2205.72,0.0201636
0.000201636
2204.44,0.0201871
0.000201871
2203.15,0.0202107
0.000202107
2201.86,0.0202343
0.000202343
2200.57,0.0202581
0.000202581
2199.28,0.0202819
0.000202819
2197.99,0.0203057
0.000203057
2196.69,0.0203297
0.000203297
2195.4,0.0203537
0.000203537
2194.1,0.0203778
0.000203778
2192.8,0.0204019
0.000204019
2191.5,0.0204261
0.000204261
2190.2,0.0204504
0.000204504
2188.9,0.0204748
0.000204748
2187.59,0.0204992
0.000204992
2186.29,0.0205237
0.000205237
2184.98,0.0205482
0.000205482
2183.67,0.0205729
0.000205729
2182.36,0.0205976
0.000205976
2181.05,0.0206223
0.000206223
2179.74,0.0206472
0.000206472
2178.42,0.0206721
0.000206721
2177.11,0.0206971
0.000206971
2175.79,0.0207221
0.000207221
2174.48,0.0207472
0.000207472
2173.16,0.0207724
0.000207724
2171.84,0.0207977
0.000207977
2170.52,0.020823
0.00020823
2169.19,0.0208484
0.000208484
2167.87,0.0208739
0.000208739
2166.54,0.0208994
0.000208994
2165.22,0.020925
0.00020925
2163.89,0.0209507
0.000209507
2162.56,0.0209764
0.000209764
2161.23,0.0210023
0.000210023
2159.9,0.0210281
0.000210281
2158.57,0.0210541
0.000210541
2157.24,0.0210801
0.000210801
2155.9,0.0211062
0.000211062
2154.57,0.0211324
0.000211324
2153.23,0.0211586
0.000211586
2151.89,0.0211849
0.000211849
2150.56,0.0212113
0.000212113
2149.22,0.0212378
0.000212378
2147.88,0.0212643
0.000212643
2146.53,0.0212909
0.000212909
2145.19,0.0213176
0.000213176
2143.85,0.0213443
0.000213443
2142.5,0.0213711
0.000213711
2141.16,0.021398
0.00021398
2139.81,0.0214249
0.000214249
2138.46,0.0214519
0.000214519
2137.11,0.021479
0.00021479
2135.76,0.0215062
0.000215062
2134.41,0.0215334
0.000215334
2133.06,0.0215607
0.000215607
2131.71,0.021588
0.00021588
2130.36,0.0216155
0.000216155
2129,0.021643
0.00021643
2127.65,0.0216706
0.000216706
2126.29,0.0216982
0.000216982
2124.93,0.0217259
0.000217259
2123.58,0.0217537
0.000217537
2122.22,0.0217816
0.000217816
2120.86,0.0218095
0.000218095
2119.5,0.0218375
0.000218375
2118.14,0.0218656
0.000218656
2116.78,0.0218937
0.000218937
2115.41,0.0219219
0.000219219
2114.05,0.0219502
0.000219502
2112.69,0.0219786
0.000219786
2111.32,0.022007
0.00022007
2109.96,0.0220355
0.000220355
2108.59,0.022064
0.00022064
2107.22,0.0220927
0.000220927
2105.85,0.0221214
0.000221214
2104.49,0.0221502
0.000221502
2103.12,0.022179
0.00022179
2101.75,0.0222079
0.000222079
2100.38,0.0222369
0.000222369
2099.01,0.0222659
0.000222659
2097.64,0.0222951
0.000222951
2096.26,0.0223242
0.000223242
2094.89,0.0223535
0.000223535
2093.52,0.0223828
0.000223828
2092.15,0.0224122
0.000224122
2090.77,0.0224417
0.000224417
2089.4,0.0224712
0.000224712
2088.02,0.0225008
0.000225008
2086.65,0.0225305
0.000225305
2085.27,0.0225603
0.000225603
2083.89,0.0225901
0.000225901
2082.52,0.02262
0.0002262
2081.14,0.0226499
0.000226499
2079.76,0.0226799
0.000226799
2078.38,0.02271
0.0002271
2077.01,0.0227402
0.000227402
2075.63,0.0227704
0.000227704
2074.25,0.0228007
0.000228007
2072.87,0.022831
0.00022831
2071.49,0.0228615
0.000228615
2070.11,0.022892
0.00022892
2068.73,0.0229225
0.000229225
2067.35,0.0229532
0.000229532
2065.96,0.0229839
0.000229839
2064.58,0.0230146
0.000230146
2063.2,0.0230455
0.000230455
2061.82,0.0230764
0.000230764
2060.44,0.0231073
0.000231073
2059.06,0.0231384
0.000231384
2057.67,0.0231695
0.000231695
2056.29,0.0232006
0.000232006
2054.91,0.0232319
0.000232319
2053.53,0.0232632
0.000232632
2052.14,0.0232945
0.000232945
2050.76,0.023326
0.00023326
2049.38,0.0233574
0.000233574
2047.99,0.023389
0.00023389
2046.61,0.0234206
0.000234206
2045.23,0.0234523
0.000234523
2043.84,0.0234841
0.000234841
2042.46,0.0235159
0.000235159
2041.08,0.0235478
0.000235478
2039.69,0.0235797
0.000235797
2038.31,0.0236118
0.000236118
2036.93,0.0236438
0.000236438
2035.54,0.023676
0.00023676
2034.16,0.0237082
0.000237082
2032.78,0.0237404
0.000237404
2031.4,0.0237728
0.000237728
2030.01,0.0238052
0.000238052
2028.63,0.0238376
0.000238376
2027.25,0.0238701
0.000238701
2025.87,0.0239027
0.000239027
2024.49,0.0239354
0.000239354
2023.1,0.0239681
0.000239681
2021.72,0.0240008
0.000240008
2020.34,0.0240336
0.000240336
2018.96,0.0240665
0.000240665
2017.58,0.0240995
0.000240995
2016.2,0.0241325
0.000241325
2014.82,0.0241656
0.000241656
2013.44,0.0241987
0.000241987
2012.06,0.0242319
0.000242319
2010.68,0.0242651
0.000242651
2009.3,0.0242984
0.000242984
2007.93,0.0243318
0.000243318
2006.55,0.0243652
0.000243652
2005.17,0.0243987
0.000243987
2003.79,0.0244322
0.000244322
2002.42,0.0244658
0.000244658
2001.04,0.0244995
0.000244995
1999.67,0.0245332
0.000245332
1998.29,0.0245669
0.000245669
1996.92,0.0246008
0.000246008
1995.55,0.0246346
0.000246346
1994.17,0.0246686
0.000246686
1992.8,0.0247025
0.000247025
1991.43,0.0247366
0.000247366
1990.06,0.0247707
0.000247707
1988.69,0.0248048
0.000248048
1987.32,0.024839
0.00024839
1985.95,0.0248733
0.000248733
1984.58,0.0249076
0.000249076
1983.21,0.024942
0.00024942
1981.85,0.0249764
0.000249764
1980.48,0.0250108
0.000250108
1979.11,0.0250453
0.000250453
1977.75,0.0250799
0.000250799
1976.39,0.0251145
0.000251145
1975.02,0.0251492
0.000251492
1973.66,0.0251839
0.000251839
1972.3,0.0252187
0.000252187
1970.94,0.0252535
0.000252535
1969.58,0.0252883
0.000252883
1968.23,0.0253232
0.000253232
1966.87,0.0253582
0.000253582
1965.51,0.0253932
0.000253932
1964.16,0.0254282
0.000254282
1962.8,0.0254633
0.000254633
1961.45,0.0254985
0.000254985
1960.1,0.0255336
0.000255336
1958.75,0.0255689
0.000255689
1957.4,0.0256041
0.000256041
1956.05,0.0256394
0.000256394
1954.7,0.0256748
0.000256748
1953.36,0.0257102
0.000257102
1952.01,0.0257456
0.000257456
1950.67,0.0257811
0.000257811
1949.33,0.0258166
0.000258166
1947.99,0.0258522
0.000258522
1946.65,0.0258878
0.000258878
1945.31,0.0259234
0.000259234
1943.97,0.0259591
0.000259591
1942.63,0.0259948
0.000259948
1941.3,0.0260306
0.000260306
1939.97,0.0260664
0.000260664
1938.63,0.0261022
0.000261022
1937.3,0.0261381
0.000261381
1935.97,0.026174
0.00026174
1934.65,0.0262099
0.000262099
1933.32,0.0262459
0.000262459
1932,0.0262819
0.000262819
1930.67,0.0263179
0.000263179
1929.35,0.026354
0.00026354
1928.03,0.0263901
0.000263901
1926.71,0.0264262
0.000264262
1925.4,0.0264623
0.000264623
1924.08,0.0264985
0.000264985
1922.77,0.0265347
0.000265347
1921.46,0.026571
0.00026571
1920.15,0.0266072
0.000266072
1918.84,0.0266435
0.000266435
1917.53,0.0266798
0.000266798
1916.23,0.0267162
0.000267162
1914.93,0.0267525
0.000267525
1913.63,0.0267889
0.000267889
1912.33,0.0268253
0.000268253
1911.03,0.0268618
0.000268618
1909.73,0.0268982
0.000268982
1908.44,0.0269347
0.000269347
1907.15,0.0269712
0.000269712
1905.86,0.0270077
0.000270077
1904.57,0.0270443
0.000270443
1903.28,0.0270808
0.000270808
1902,0.0271174
0.000271174
1900.72,0.027154
0.00027154
1899.44,0.0271906
0.000271906
1898.16,0.0272272
0.000272272
1896.89,0.0272638
0.000272638
1895.61,0.0273004
0.000273004
1894.34,0.0273371
0.000273371
1893.07,0.0273737
0.000273737
1891.81,0.0274104
0.000274104
1890.54,0.0274471
0.000274471
1889.28,0.0274838
0.000274838
1888.02,0.0275205
0.000275205
1886.76,0.0275572
0.000275572
1885.51,0.0275939
0.000275939
1884.25,0.0276306
0.000276306
1883,0.0276673
0.000276673
1881.75,0.0277041
0.000277041
1880.51,0.0277408
0.000277408
1879.26,0.0277775
0.000277775
1878.02,0.0278142
0.000278142
1876.78,0.027851
0.00027851
1875.55,0.0278877
0.000278877
1874.31,0.0279244
0.000279244
1873.08,0.0279611
0.000279611
1871.86,0.0279978
0.000279978
1870.63,0.0280346
0.000280345
1869.41,0.0280713
0.000280713
1868.19,0.028108
0.00028108
1866.97,0.0281446
0.000281446
1865.75,0.0281813
0.000281813
1864.54,0.028218
0.00028218
1863.33,0.0282546
0.000282546
1862.12,0.0282913
0.000282913
1860.92,0.0283279
0.000283279
1859.72,0.0283645
0.000283645
1858.52,0.0284011
0.000284011
1857.32,0.0284377
0.000284377
1856.13,0.0284743
0.000284743
1854.94,0.0285108
0.000285108
1853.75,0.0285474
0.000285474
1852.57,0.0285839
0.000285839
1851.39,0.0286203
0.000286203
1850.21,0.0286568
0.000286568
1849.03,0.0286932
0.000286932
1847.86,0.0287297
0.000287297
1846.69,0.028766
0.00028766
1845.53,0.0288024
0.000288024
1844.36,0.0288387
0.000288387
1843.2,0.028875
0.00028875
1842.05,0.0289113
0.000289113
1840.89,0.0289475
0.000289475
1839.74,0.0289837
0.000289837
1838.6,0.0290199
0.000290199
1837.45,0.029056
0.00029056
1836.31,0.0290922
0.000290922
1835.18,0.0291282
0.000291282
1834.04,0.0291642
0.000291642
1832.91,0.0292002
0.000292002
1831.78,0.0292362
0.000292362
1830.66,0.029272
0.00029272
1829.54,0.0293079
0.000293079
1828.42,0.0293437
0.000293437
1827.31,0.0293795
0.000293795
1826.2,0.0294152
0.000294152
1825.1,0.0294509
0.000294509
1823.99,0.0294865
0.000294865
1822.89,0.029522
0.00029522
1821.8,0.0295575
0.000295575
1820.71,0.029593
0.00029593
1819.62,0.0296284
0.000296284
1818.53,0.0296637
0.000296637
1817.45,0.029699
0.00029699
1816.38,0.0297343
0.000297343
1815.3,0.0297694
0.000297694
1814.23,0.0298045
0.000298045
1813.17,0.0298396
0.000298396
1812.11,0.0298746
0.000298746
1811.05,0.0299095
0.000299095
1809.99,0.0299443
0.000299443
1808.94,0.0299791
0.000299791
1807.9,0.0300138
0.000300138
1806.86,0.0300484
0.000300484
1805.82,0.030083
0.00030083
1804.78,0.0301175
0.000301175
1803.75,0.0301519
0.000301519
1802.73,0.0301862
0.000301862
1801.7,0.0302205
0.000302205
1800.69,0.0302547
0.000302547
1799.67,0.0302888
0.000302888
1798.66,0.0303228
0.000303228
1797.66,0.0303567
0.000303567
1796.66,0.0303906
0.000303906
1795.66,0.0304244
0.000304244
1794.67,0.030458
0.00030458
1793.68,0.0304916
0.000304916
1792.69,0.0305251
0.000305251
1791.71,0.0305585
0.000305585
1790.74,0.0305918
0.000305918
1789.76,0.0306251
0.000306251
1788.8,0.0306582
0.000306582
1787.84,0.0306912
0.000306912
1786.88,0.0307241
0.000307241
1785.92,0.030757
0.00030757
1784.97,0.0307897
0.000307897
1784.03,0.0308223
0.000308223
1783.09,0.0308548
0.000308548
1782.15,0.0308872
0.000308872
1781.22,0.0309195
0.000309195
1780.3,0.0309517
0.000309517
1779.37,0.0309838
0.000309838
1778.46,0.0310158
0.000310158
1777.54,0.0310476
0.000310476
1776.64,0.0310794
0.000310794
1775.73,0.031111
0.00031111
1774.83,0.0311425
0.000311425
1773.94,0.0311739
0.000311739
1773.05,0.0312051
0.000312051
1772.17,0.0312363
0.000312363
1771.29,0.0312673
0.000312673
1770.41,0.0312982
0.000312982
1769.54,0.031329
0.00031329
1768.68,0.0313596
0.000313596
1767.82,0.0313901
0.000313901
1766.97,0.0314205
0.000314205
1766.12,0.0314507
0.000314507
1765.27,0.0314808
0.000314808
1764.43,0.0315108
0.000315108
1763.6,0.0315407
0.000315407
1762.77,0.0315704
0.000315704
1761.94,0.0315999
0.000315999
1761.12,0.0316293
0.000316293
1760.31,0.0316586
0.000316586
1759.5,0.0316877
0.000316877
1758.69,0.0317167
0.000317167
1757.9,0.0317456
0.000317456
1757.1,0.0317742
0.000317742
1756.31,0.0318028
0.000318028
1755.53,0.0318312
0.000318312
1754.75,0.0318594
0.000318594
1753.98,0.0318875
0.000318875
1753.21,0.0319154
0.000319154
1752.45,0.0319432
0.000319432
1751.69,0.0319708
0.000319708
1750.94,0.0319982
0.000319982
1750.2,0.0320255
0.000320255
1749.46,0.0320526
0.000320526
1748.72,0.0320796
0.000320796
1747.99,0.0321063
0.000321064
1747.27,0.032133
0.00032133
1746.55,0.0321594
0.000321594
1745.83,0.0321857
0.000321857
1745.13,0.0322118
0.000322118
1744.43,0.0322377
0.000322377
1743.73,0.0322635
0.000322635
1743.04,0.0322891
0.000322891
1742.35,0.0323145
0.000323145
1741.67,0.0323397
0.000323397
1741,0.0323647
0.000323647
1740.33,0.0323896
0.000323896
1739.67,0.0324142
0.000324142
1739.01,0.0324387
0.000324387
1738.36,0.032463
0.00032463
1737.72,0.0324872
0.000324872
1737.08,0.0325111
0.000325111
1736.44,0.0325348
0.000325348
1735.81,0.0325584
0.000325584
1735.19,0.0325817
0.000325817
1734.58,0.0326049
0.000326049
1733.97,0.0326278
0.000326278
