distance,acceleration_a,acceleration_b,tick_index
7739.29,0.00163782,1.63782e-05,7100
7738.53,0.00163814,1.63814e-05,7101
7737.77,0.00163847,1.63847e-05,7102
7737.01,0.00163879,1.63879e-05,7103
7736.25,0.00163911,1.63911e-05,7104
7735.49,0.00163943,1.63943e-05,7105
7734.72,0.00163976,1.63976e-05,7106
7733.96,0.00164008,1.64008e-05,7107
7733.19,0.00164041,1.64041e-05,7108
7732.42,0.00164073,1.64073e-05,7109
7731.65,0.00164106,1.64106e-05,7110
7730.88,0.00164139,1.64139e-05,7111
7730.11,0.00164171,1.64171e-05,7112
7729.34,0.00164204,1.64204e-05,7113
7728.56,0.00164237,1.64237e-05,7114
7727.79,0.0016427,1.6427e-05,7115
7727.01,0.00164303,1.64303e-05,7116
7726.23,0.00164336,1.64336e-05,7117
7725.46,0.00164369,1.64369e-05,7118
7724.68,0.00164403,1.64403e-05,7119
7723.89,0.00164436,1.64436e-05,7120
7723.11,0.00164469,1.64469e-05,7121
7722.33,0.00164503,1.64503e-05,7122
7721.54,0.00164536,1.64536e-05,7123
7720.76,0.0016457,1.6457e-05,7124
7719.97,0.00164603,1.64603e-05,7125
7719.18,0.00164637,1.64637e-05,7126
7718.39,0.0016467,1.6467e-05,7127
7717.6,0.00164704,1.64704e-05,7128
7716.81,0.00164738,1.64738e-05,7129
7716.01,0.00164772,1.64772e-05,7130
7715.22,0.00164806,1.64806e-05,7131
7714.42,0.0016484,1.6484e-05,7132
7713.62,0.00164874,1.64874e-05,7133
7712.82,0.00164908,1.64908e-05,7134
7712.02,0.00164942,1.64942e-05,7135
7711.22,0.00164977,1.64977e-05,7136
7710.42,0.00165011,1.65011e-05,7137
7709.62,0.00165045,1.65045e-05,7138
7708.81,0.0016508,1.6508e-05,7139
7708.01,0.00165114,1.65114e-05,7140
7707.2,0.00165149,1.65149e-05,7141
7706.39,0.00165184,1.65184e-05,7142
7705.58,0.00165218,1.65218e-05,7143
7704.77,0.00165253,1.65253e-05,7144
7703.96,0.00165288,1.65288e-05,7145
7703.15,0.00165323,1.65323e-05,7146
7702.33,0.00165358,1.65358e-05,7147
7701.52,0.00165393,1.65393e-05,7148
7700.7,0.00165428,1.65428e-05,7149
7699.88,0.00165463,1.65463e-05,7150
7699.06,0.00165498,1.65498e-05,7151
7698.24,0.00165534,1.65534e-05,7152
7697.42,0.00165569,1.65569e-05,7153
7696.6,0.00165604,1.65604e-05,7154
7695.77,0.0016564,1.6564e-05,7155
7694.95,0.00165675,1.65675e-05,7156
7694.12,0.00165711,1.65711e-05,7157
7693.29,0.00165747,1.65747e-05,7158
7692.46,0.00165782,1.65782e-05,7159
7691.63,0.00165818,1.65818e-05,7160
7690.8,0.00165854,1.65854e-05,7161
7689.97,0.0016589,1.6589e-05,7162
7689.13,0.00165926,1.65926e-05,7163
7688.3,0.00165962,1.65962e-05,7164
7687.46,0.00165998,1.65998e-05,7165
7686.62,0.00166034,1.66034e-05,7166
7685.78,0.00166071,1.66071e-05,7167
7684.94,0.00166107,1.66107e-05,7168
7684.1,0.00166143,1.66143e-05,7169
7683.26,0.0016618,1.6618e-05,7170
7682.41,0.00166216,1.66216e-05,7171
7681.57,0.00166253,1.66253e-05,7172
7680.72,0.0016629,1.6629e-05,7173
7679.88,0.00166326,1.66326e-05,7174
7679.03,0.00166363,1.66363e-05,7175
7678.18,0.001664,1.664e-05,7176
7677.33,0.00166437,1.66437e-05,7177
7676.47,0.00166474,1.66474e-05,7178
7675.62,0.00166511,1.66511e-05,7179
7674.76,0.00166548,1.66548e-05,7180
7673.91,0.00166585,1.66585e-05,7181
7673.05,0.00166622,1.66622e-05,7182
7672.19,0.0016666,1.6666e-05,7183
7671.33,0.00166697,1.66697e-05,7184
7670.47,0.00166734,1.66734e-05,7185
7669.61,0.00166772,1.66772e-05,7186
7668.74,0.00166809,1.66809e-05,7187
7667.88,0.00166847,1.66847e-05,7188
7667.01,0.00166885,1.66885e-05,7189
7666.14,0.00166923,1.66923e-05,7190
7665.28,0.0016696,1.6696e-05,7191
7664.41,0.00166998,1.66998e-05,7192
7663.53,0.00167036,1.67036e-05,7193
7662.66,0.00167074,1.67074e-05,7194
7661.79,0.00167112,1.67112e-05,7195
7660.91,0.00167151,1.67151e-05,7196
7660.04,0.00167189,1.67189e-05,7197
7659.16,0.00167227,1.67227e-05,7198
7658.28,0.00167265,1.67265e-05,7199
7657.4,0.00167304,1.67304e-05,7200
7656.52,0.00167342,1.67342e-05,7201
7655.64,0.00167381,1.67381e-05,7202
7654.75,0.0016742,1.6742e-05,7203
7653.87,0.00167458,1.67458e-05,7204
7652.98,0.00167497,1.67497e-05,7205
7652.1,0.00167536,1.67536e-05,7206
7651.21,0.00167575,1.67575e-05,7207
7650.32,0.00167614,1.67614e-05,7208
7649.43,0.00167653,1.67653e-05,7209
7648.53,0.00167692,1.67692e-05,7210
7647.64,0.00167731,1.67731e-05,7211
7646.75,0.00167771,1.67771e-05,7212
7645.85,0.0016781,1.6781e-05,7213
7644.95,0.00167849,1.67849e-05,7214
7644.05,0.00167889,1.67889e-05,7215
7643.16,0.00167928,1.67928e-05,7216
7642.25,0.00167968,1.67968e-05,7217
7641.35,0.00168007,1.68007e-05,7218
7640.45,0.00168047,1.68047e-05,7219
7639.54,0.00168087,1.68087e-05,7220
7638.64,0.00168127,1.68127e-05,7221
7637.73,0.00168167,1.68167e-05,7222
7636.82,0.00168207,1.68207e-05,7223
7635.91,0.00168247,1.68247e-05,7224
7635,0.00168287,1.68287e-05,7225
7634.09,0.00168327,1.68327e-05,7226
7633.18,0.00168368,1.68368e-05,7227
7632.26,0.00168408,1.68408e-05,7228
7631.35,0.00168448,1.68448e-05,7229
7630.43,0.00168489,1.68489e-05,7230
7629.51,0.00168529,1.68529e-05,7231
7628.59,0.0016857,1.6857e-05,7232
7627.67,0.00168611,1.68611e-05,7233
7626.75,0.00168652,1.68652e-05,7234
7625.82,0.00168692,1.68692e-05,7235
7624.9,0.00168733,1.68733e-05,7236
7623.97,0.00168774,1.68774e-05,7237
7623.05,0.00168815,1.68815e-05,7238
7622.12,0.00168856,1.68856e-05,7239
7621.19,0.00168898,1.68898e-05,7240
7620.26,0.00168939,1.68939e-05,7241
7619.33,0.0016898,1.6898e-05,7242
7618.39,0.00169022,1.69022e-05,7243
7617.46,0.00169063,1.69063e-05,7244
7616.52,0.00169105,1.69105e-05,7245
7615.59,0.00169146,1.69146e-05,7246
7614.65,0.00169188,1.69188e-05,7247
7613.71,0.0016923,1.6923e-05,7248
7612.77,0.00169272,1.69272e-05,7249
7611.83,0.00169313,1.69313e-05,7250
7610.88,0.00169355,1.69355e-05,7251
7609.94,0.00169397,1.69397e-05,7252
7608.99,0.0016944,1.6944e-05,7253
7608.04,0.00169482,1.69482e-05,7254
7607.1,0.00169524,1.69524e-05,7255
7606.15,0.00169566,1.69566e-05,7256
7605.2,0.00169609,1.69609e-05,7257
7604.24,0.00169651,1.69651e-05,7258
7603.29,0.00169694,1.69694e-05,7259
7602.34,0.00169736,1.69736e-05,7260
7601.38,0.00169779,1.69779e-05,7261
7600.42,0.00169822,1.69822e-05,7262
7599.46,0.00169865,1.69865e-05,7263
7598.5,0.00169908,1.69908e-05,7264
7597.54,0.00169951,1.69951e-05,7265
7596.58,0.00169994,1.69994e-05,7266
7595.62,0.00170037,1.70037e-05,7267
7594.65,0.0017008,1.7008e-05,7268
7593.69,0.00170123,1.70123e-05,7269
7592.72,0.00170167,1.70167e-05,7270
7591.75,0.0017021,1.7021e-05,7271
7590.78,0.00170253,1.70253e-05,7272
7589.81,0.00170297,1.70297e-05,7273
7588.84,0.00170341,1.70341e-05,7274
7587.87,0.00170384,1.70384e-05,7275
7586.89,0.00170428,1.70428e-05,7276
7585.92,0.00170472,1.70472e-05,7277
7584.94,0.00170516,1.70516e-05,7278
7583.96,0.0017056,1.7056e-05,7279
7582.98,0.00170604,1.70604e-05,7280
7582,0.00170648,1.70648e-05,7281
7581.02,0.00170692,1.70692e-05,7282
7580.03,0.00170737,1.70737e-05,7283
7579.05,0.00170781,1.70781e-05,7284
7578.06,0.00170826,1.70826e-05,7285
7577.07,0.0017087,1.7087e-05,7286
7576.09,0.00170915,1.70915e-05,7287
7575.1,0.00170959,1.70959e-05,7288
7574.11,0.00171004,1.71004e-05,7289
7573.11,0.00171049,1.71049e-05,7290
7572.12,0.00171094,1.71094e-05,7291
7571.12,0.00171139,1.71139e-05,7292
7570.13,0.00171184,1.71184e-05,7293
7569.13,0.00171229,1.71229e-05,7294
7568.13,0.00171274,1.71274e-05,7295
7567.13,0.00171319,1.71319e-05,7296
7566.13,0.00171365,1.71365e-05,7297
7565.13,0.0017141,1.7141e-05,7298
7564.13,0.00171456,1.71456e-05,7299
7563.12,0.00171501,1.71501e-05,7300
7562.11,0.00171547,1.71547e-05,7301
7561.11,0.00171592,1.71592e-05,7302
7560.1,0.00171638,1.71638e-05,7303
7559.09,0.00171684,1.71684e-05,7304
7558.08,0.0017173,1.7173e-05,7305
7557.07,0.00171776,1.71776e-05,7306
7556.05,0.00171822,1.71822e-05,7307
7555.04,0.00171868,1.71868e-05,7308
7554.02,0.00171915,1.71915e-05,7309
7553,0.00171961,1.71961e-05,7310
7551.98,0.00172007,1.72007e-05,7311
7550.96,0.00172054,1.72054e-05,7312
7549.94,0.001721,1.721e-05,7313
7548.92,0.00172147,1.72147e-05,7314
7547.89,0.00172194,1.72194e-05,7315
7546.87,0.00172241,1.72241e-05,7316
7545.84,0.00172287,1.72287e-05,7317
7544.82,0.00172334,1.72334e-05,7318
7543.79,0.00172381,1.72381e-05,7319
7542.76,0.00172428,1.72428e-05,7320
7541.72,0.00172476,1.72476e-05,7321
7540.69,0.00172523,1.72523e-05,7322
7539.66,0.0017257,1.7257e-05,7323
7538.62,0.00172618,1.72618e-05,7324
7537.59,0.00172665,1.72665e-05,7325
7536.55,0.00172713,1.72713e-05,7326
7535.51,0.0017276,1.7276e-05,7327
7534.47,0.00172808,1.72808e-05,7328
7533.43,0.00172856,1.72856e-05,7329
7532.38,0.00172904,1.72904e-05,7330
7531.34,0.00172952,1.72952e-05,7331
7530.29,0.00173,1.73e-05,7332
7529.25,0.00173048,1.73048e-05,7333
7528.2,0.00173096,1.73096e-05,7334
7527.15,0.00173144,1.73144e-05,7335
7526.1,0.00173193,1.73193e-05,7336
7525.05,0.00173241,1.73241e-05,7337
7523.99,0.00173289,1.73289e-05,7338
7522.94,0.00173338,1.73338e-05,7339
7521.88,0.00173387,1.73387e-05,7340
7520.83,0.00173435,1.73435e-05,7341
7519.77,0.00173484,1.73484e-05,7342
7518.71,0.00173533,1.73533e-05,7343
7517.65,0.00173582,1.73582e-05,7344
7516.59,0.00173631,1.73631e-05,7345
7515.52,0.0017368,1.7368e-05,7346
7514.46,0.0017373,1.7373e-05,7347
7513.39,0.00173779,1.73779e-05,7348
7512.32,0.00173828,1.73828e-05,7349
7511.26,0.00173878,1.73878e-05,7350
7510.19,0.00173927,1.73927e-05,7351
7509.12,0.00173977,1.73977e-05,7352
7508.04,0.00174027,1.74027e-05,7353
7506.97,0.00174076,1.74076e-05,7354
7505.89,0.00174126,1.74126e-05,7355
7504.82,0.00174176,1.74176e-05,7356
7503.74,0.00174226,1.74226e-05,7357
7502.66,0.00174276,1.74276e-05,7358
7501.58,0.00174326,1.74326e-05,7359
7500.5,0.00174377,1.74377e-05,7360
7499.42,0.00174427,1.74427e-05,7361
7498.33,0.00174478,1.74478e-05,7362
7497.25,0.00174528,1.74528e-05,7363
7496.16,0.00174579,1.74579e-05,7364
7495.07,0.00174629,1.74629e-05,7365
7493.99,0.0017468,1.7468e-05,7366
7492.89,0.00174731,1.74731e-05,7367
7491.8,0.00174782,1.74782e-05,7368
7490.71,0.00174833,1.74833e-05,7369
7489.62,0.00174884,1.74884e-05,7370
7488.52,0.00174935,1.74935e-05,7371
7487.42,0.00174986,1.74986e-05,7372
7486.33,0.00175038,1.75038e-05,7373
7485.23,0.00175089,1.75089e-05,7374
7484.13,0.00175141,1.75141e-05,7375
7483.03,0.00175192,1.75192e-05,7376
7481.92,0.00175244,1.75244e-05,7377
7480.82,0.00175296,1.75296e-05,7378
7479.71,0.00175347,1.75347e-05,7379
7478.61,0.00175399,1.75399e-05,7380
7477.5,0.00175451,1.75451e-05,7381
7476.39,0.00175503,1.75503e-05,7382
7475.28,0.00175556,1.75556e-05,7383
7474.16,0.00175608,1.75608e-05,7384
7473.05,0.0017566,1.7566e-05,7385
7471.94,0.00175713,1.75713e-05,7386
7470.82,0.00175765,1.75765e-05,7387
7469.7,0.00175818,1.75818e-05,7388
7468.58,0.0017587,1.7587e-05,7389
7467.46,0.00175923,1.75923e-05,7390
7466.34,0.00175976,1.75976e-05,7391
7465.22,0.00176029,1.76029e-05,7392
7464.1,0.00176082,1.76082e-05,7393
7462.97,0.00176135,1.76135e-05,7394
7461.85,0.00176188,1.76188e-05,7395
7460.72,0.00176241,1.76241e-05,7396
7459.59,0.00176295,1.76295e-05,7397
7458.46,0.00176348,1.76348e-05,7398
7457.33,0.00176402,1.76402e-05,7399
7456.19,0.00176455,1.76455e-05,7400
7455.06,0.00176509,1.76509e-05,7401
7453.92,0.00176563,1.76563e-05,7402
7452.79,0.00176617,1.76617e-05,7403
7451.65,0.00176671,1.76671e-05,7404
7450.51,0.00176725,1.76725e-05,7405
7449.37,0.00176779,1.76779e-05,7406
7448.23,0.00176833,1.76833e-05,7407
7447.08,0.00176887,1.76887e-05,7408
7445.94,0.00176942,1.76942e-05,7409
7444.79,0.00176996,1.76996e-05,7410
7443.65,0.00177051,1.77051e-05,7411
7442.5,0.00177105,1.77105e-05,7412
7441.35,0.0017716,1.7716e-05,7413
7440.2,0.00177215,1.77215e-05,7414
7439.05,0.0017727,1.7727e-05,7415
7437.89,0.00177325,1.77325e-05,7416
7436.74,0.0017738,1.7738e-05,7417
7435.58,0.00177435,1.77435e-05,7418
7434.42,0.0017749,1.7749e-05,7419
7433.27,0.00177546,1.77546e-05,7420
7432.11,0.00177601,1.77601e-05,7421
7430.94,0.00177656,1.77656e-05,7422
7429.78,0.00177712,1.77712e-05,7423
7428.62,0.00177768,1.77768e-05,7424
7427.45,0.00177824,1.77824e-05,7425
7426.29,0.00177879,1.77879e-05,7426
7425.12,0.00177935,1.77935e-05,7427
7423.95,0.00177991,1.77991e-05,7428
7422.78,0.00178048,1.78048e-05,7429
7421.61,0.00178104,1.78104e-05,7430
7420.43,0.0017816,1.7816e-05,7431
7419.26,0.00178217,1.78217e-05,7432
7418.08,0.00178273,1.78273e-05,7433
7416.91,0.0017833,1.7833e-05,7434
7415.73,0.00178386,1.78386e-05,7435
7414.55,0.00178443,1.78443e-05,7436
7413.37,0.001785,1.785e-05,7437
7412.19,0.00178557,1.78557e-05,7438
7411,0.00178614,1.78614e-05,7439
7409.82,0.00178671,1.78671e-05,7440
7408.63,0.00178728,1.78728e-05,7441
7407.44,0.00178786,1.78786e-05,7442
7406.26,0.00178843,1.78843e-05,7443
7405.07,0.001789,1.789e-05,7444
7403.87,0.00178958,1.78958e-05,7445
7402.68,0.00179016,1.79016e-05,7446
7401.49,0.00179073,1.79073e-05,7447
7400.29,0.00179131,1.79131e-05,7448
7399.1,0.00179189,1.79189e-05,7449
7397.9,0.00179247,1.79247e-05,7450
7396.7,0.00179305,1.79305e-05,7451
7395.5,0.00179364,1.79364e-05,7452
7394.3,0.00179422,1.79422e-05,7453
7393.09,0.0017948,1.7948e-05,7454
7391.89,0.00179539,1.79539e-05,7455
7390.68,0.00179597,1.79597e-05,7456
7389.48,0.00179656,1.79656e-05,7457
7388.27,0.00179715,1.79715e-05,7458
7387.06,0.00179774,1.79774e-05,7459
7385.85,0.00179833,1.79833e-05,7460
7384.63,0.00179892,1.79892e-05,7461
7383.42,0.00179951,1.79951e-05,7462
7382.21,0.0018001,1.8001e-05,7463
7380.99,0.00180069,1.80069e-05,7464
7379.77,0.00180129,1.80129e-05,7465
7378.55,0.00180188,1.80188e-05,7466
7377.33,0.00180248,1.80248e-05,7467
7376.11,0.00180308,1.80308e-05,7468
7374.89,0.00180367,1.80367e-05,7469
7373.66,0.00180427,1.80427e-05,7470
7372.44,0.00180487,1.80487e-05,7471
7371.21,0.00180547,1.80547e-05,7472
7369.98,0.00180608,1.80608e-05,7473
7368.75,0.00180668,1.80668e-05,7474
7367.52,0.00180728,1.80728e-05,7475
7366.29,0.00180789,1.80789e-05,7476
7365.06,0.00180849,1.80849e-05,7477
7363.82,0.0018091,1.8091e-05,7478
7362.59,0.00180971,1.80971e-05,7479
7361.35,0.00181031,1.81031e-05,7480
7360.11,0.00181092,1.81092e-05,7481
7358.87,0.00181153,1.81153e-05,7482
7357.63,0.00181215,1.81215e-05,7483
7356.39,0.00181276,1.81276e-05,7484
7355.14,0.00181337,1.81337e-05,7485
7353.9,0.00181399,1.81399e-05,7486
7352.65,0.0018146,1.8146e-05,7487
7351.4,0.00181522,1.81522e-05,7488
7350.16,0.00181583,1.81583e-05,7489
7348.9,0.00181645,1.81645e-05,7490
7347.65,0.00181707,1.81707e-05,7491
7346.4,0.00181769,1.81769e-05,7492
7345.15,0.00181831,1.81831e-05,7493
7343.89,0.00181893,1.81893e-05,7494
7342.63,0.00181956,1.81956e-05,7495
7341.37,0.00182018,1.82018e-05,7496
7340.11,0.00182081,1.82081e-05,7497
7338.85,0.00182143,1.82143e-05,7498
7337.59,0.00182206,1.82206e-05,7499
7336.33,0.00182269,1.82269e-05,7500
7335.06,0.00182331,1.82331e-05,7501
7333.79,0.00182394,1.82394e-05,7502
7332.53,0.00182458,1.82458e-05,7503
7331.26,0.00182521,1.82521e-05,7504
7329.99,0.00182584,1.82584e-05,7505
7328.71,0.00182647,1.82647e-05,7506
7327.44,0.00182711,1.82711e-05,7507
7326.17,0.00182774,1.82774e-05,7508
7324.89,0.00182838,1.82838e-05,7509
7323.61,0.00182902,1.82902e-05,7510
7322.34,0.00182966,1.82966e-05,7511
7321.06,0.0018303,1.8303e-05,7512
7319.77,0.00183094,1.83094e-05,7513
7318.49,0.00183158,1.83158e-05,7514
7317.21,0.00183222,1.83222e-05,7515
7315.92,0.00183287,1.83287e-05,7516
7314.64,0.00183351,1.83351e-05,7517
7313.35,0.00183416,1.83416e-05,7518
7312.06,0.0018348,1.8348e-05,7519
7310.77,0.00183545,1.83545e-05,7520
7309.48,0.0018361,1.8361e-05,7521
7308.18,0.00183675,1.83675e-05,7522
7306.89,0.0018374,1.8374e-05,7523
7305.59,0.00183805,1.83805e-05,7524
7304.3,0.00183871,1.83871e-05,7525
7303,0.00183936,1.83936e-05,7526
7301.7,0.00184001,1.84001e-05,7527
7300.4,0.00184067,1.84067e-05,7528
7299.1,0.00184133,1.84133e-05,7529
7297.79,0.00184199,1.84199e-05,7530
7296.49,0.00184264,1.84264e-05,7531
7295.18,0.0018433,1.8433e-05,7532
7293.87,0.00184397,1.84397e-05,7533
7292.56,0.00184463,1.84463e-05,7534
7291.25,0.00184529,1.84529e-05,7535
7289.94,0.00184595,1.84595e-05,7536
7288.63,0.00184662,1.84662e-05,7537
7287.31,0.00184729,1.84729e-05,7538
7286,0.00184795,1.84795e-05,7539
7284.68,0.00184862,1.84862e-05,7540
7283.36,0.00184929,1.84929e-05,7541
7282.04,0.00184996,1.84996e-05,7542
7280.72,0.00185063,1.85063e-05,7543
7279.4,0.00185131,1.85131e-05,7544
7278.07,0.00185198,1.85198e-05,7545
7276.75,0.00185265,1.85265e-05,7546
7275.42,0.00185333,1.85333e-05,7547
7274.09,0.00185401,1.85401e-05,7548
7272.76,0.00185469,1.85469e-05,7549
7271.43,0.00185536,1.85536e-05,7550
7270.1,0.00185604,1.85604e-05,7551
7268.77,0.00185672,1.85672e-05,7552
7267.43,0.00185741,1.85741e-05,7553
7266.1,0.00185809,1.85809e-05,7554
7264.76,0.00185877,1.85877e-05,7555
7263.42,0.00185946,1.85946e-05,7556
7262.08,0.00186015,1.86015e-05,7557
7260.74,0.00186083,1.86083e-05,7558
7259.4,0.00186152,1.86152e-05,7559
7258.05,0.00186221,1.86221e-05,7560
7256.71,0.0018629,1.8629e-05,7561
7255.36,0.00186359,1.86359e-05,7562
7254.01,0.00186429,1.86429e-05,7563
7252.66,0.00186498,1.86498e-05,7564
7251.31,0.00186568,1.86568e-05,7565
7249.96,0.00186637,1.86637e-05,7566
7248.6,0.00186707,1.86707e-05,7567
7247.25,0.00186777,1.86777e-05,7568
7245.89,0.00186847,1.86847e-05,7569
7244.53,0.00186917,1.86917e-05,7570
7243.18,0.00186987,1.86987e-05,7571
7241.81,0.00187057,1.87057e-05,7572
7240.45,0.00187127,1.87127e-05,7573
7239.09,0.00187198,1.87198e-05,7574
7237.73,0.00187268,1.87268e-05,7575
7236.36,0.00187339,1.87339e-05,7576
7234.99,0.0018741,1.8741e-05,7577
7233.62,0.00187481,1.87481e-05,7578
7232.26,0.00187552,1.87552e-05,7579
7230.88,0.00187623,1.87623e-05,7580
7229.51,0.00187694,1.87694e-05,7581
7228.14,0.00187766,1.87766e-05,7582
7226.76,0.00187837,1.87837e-05,7583
7225.38,0.00187909,1.87909e-05,7584
7224.01,0.0018798,1.8798e-05,7585
7222.63,0.00188052,1.88052e-05,7586
7221.25,0.00188124,1.88124e-05,7587
7219.86,0.00188196,1.88196e-05,7588
7218.48,0.00188268,1.88268e-05,7589
7217.1,0.00188341,1.88341e-05,7590
7215.71,0.00188413,1.88413e-05,7591
7214.32,0.00188485,1.88485e-05,7592
7212.93,0.00188558,1.88558e-05,7593
7211.54,0.00188631,1.88631e-05,7594
7210.15,0.00188704,1.88704e-05,7595
7208.76,0.00188777,1.88777e-05,7596
7207.36,0.0018885,1.8885e-05,7597
7205.97,0.00188923,1.88923e-05,7598
7204.57,0.00188996,1.88996e-05,7599
7203.17,0.00189069,1.8907e-05,7600
7201.77,0.00189143,1.89143e-05,7601
7200.37,0.00189217,1.89217e-05,7602
7198.97,0.0018929,1.8929e-05,7603
7197.56,0.00189364,1.89364e-05,7604
7196.16,0.00189438,1.89438e-05,7605
7194.75,0.00189512,1.89512e-05,7606
7193.34,0.00189586,1.89586e-05,7607
7191.93,0.00189661,1.89661e-05,7608
7190.52,0.00189735,1.89735e-05,7609
7189.11,0.0018981,1.8981e-05,7610
7187.7,0.00189884,1.89885e-05,7611
7186.28,0.00189959,1.89959e-05,7612
7184.86,0.00190034,1.90034e-05,7613
7183.45,0.00190109,1.90109e-05,7614
7182.03,0.00190184,1.90184e-05,7615
7180.61,0.0019026,1.9026e-05,7616
7179.19,0.00190335,1.90335e-05,7617
7177.76,0.0019041,1.9041e-05,7618
7176.34,0.00190486,1.90486e-05,7619
7174.91,0.00190562,1.90562e-05,7620
7173.49,0.00190638,1.90638e-05,7621
7172.06,0.00190714,1.90714e-05,7622
7170.63,0.0019079,1.9079e-05,7623
7169.2,0.00190866,1.90866e-05,7624
7167.76,0.00190942,1.90942e-05,7625
7166.33,0.00191019,1.91019e-05,7626
7164.89,0.00191095,1.91095e-05,7627
7163.46,0.00191172,1.91172e-05,7628
7162.02,0.00191249,1.91249e-05,7629
7160.58,0.00191326,1.91326e-05,7630
7159.14,0.00191403,1.91403e-05,7631
7157.69,0.0019148,1.9148e-05,7632
7156.25,0.00191557,1.91557e-05,7633
7154.8,0.00191635,1.91635e-05,7634
7153.36,0.00191712,1.91712e-05,7635
7151.91,0.0019179,1.9179e-05,7636
7150.46,0.00191867,1.91867e-05,7637
7149.01,0.00191945,1.91945e-05,7638
7147.56,0.00192023,1.92023e-05,7639
7146.1,0.00192101,1.92101e-05,7640
7144.65,0.0019218,1.9218e-05,7641
7143.19,0.00192258,1.92258e-05,7642
7141.73,0.00192336,1.92336e-05,7643
7140.28,0.00192415,1.92415e-05,7644
7138.82,0.00192494,1.92494e-05,7645
7137.35,0.00192573,1.92573e-05,7646
7135.89,0.00192652,1.92652e-05,7647
7134.43,0.00192731,1.92731e-05,7648
7132.96,0.0019281,1.9281e-05,7649
7131.49,0.00192889,1.92889e-05,7650
7130.02,0.00192969,1.92969e-05,7651
7128.55,0.00193048,1.93048e-05,7652
7127.08,0.00193128,1.93128e-05,7653
7125.61,0.00193208,1.93208e-05,7654
7124.13,0.00193288,1.93288e-05,7655
7122.66,0.00193368,1.93368e-05,7656
7121.18,0.00193448,1.93448e-05,7657
7119.7,0.00193529,1.93529e-05,7658
7118.22,0.00193609,1.93609e-05,7659
7116.74,0.0019369,1.9369e-05,7660
7115.26,0.00193771,1.93771e-05,7661
7113.77,0.00193851,1.93851e-05,7662
7112.29,0.00193932,1.93932e-05,7663
7110.8,0.00194014,1.94014e-05,7664
7109.31,0.00194095,1.94095e-05,7665
7107.82,0.00194176,1.94176e-05,7666
7106.33,0.00194258,1.94258e-05,7667
7104.84,0.00194339,1.94339e-05,7668
7103.34,0.00194421,1.94421e-05,7669
7101.85,0.00194503,1.94503e-05,7670
7100.35,0.00194585,1.94585e-05,7671
7098.85,0.00194667,1.94667e-05,7672
7097.35,0.00194749,1.94749e-05,7673
7095.85,0.00194832,1.94832e-05,7674
7094.35,0.00194914,1.94914e-05,7675
7092.84,0.00194997,1.94997e-05,7676
7091.34,0.0019508,1.9508e-05,7677
7089.83,0.00195163,1.95163e-05,7678
7088.32,0.00195246,1.95246e-05,7679
7086.81,0.00195329,1.95329e-05,7680
7085.3,0.00195412,1.95412e-05,7681
7083.79,0.00195496,1.95496e-05,7682
7082.28,0.00195579,1.95579e-05,7683
7080.76,0.00195663,1.95663e-05,7684
7079.24,0.00195747,1.95747e-05,7685
7077.73,0.00195831,1.95831e-05,7686
7076.21,0.00195915,1.95915e-05,7687
7074.69,0.00195999,1.95999e-05,7688
7073.16,0.00196084,1.96084e-05,7689
7071.64,0.00196168,1.96168e-05,7690
7070.12,0.00196253,1.96253e-05,7691
7068.59,0.00196338,1.96338e-05,7692
7067.06,0.00196423,1.96423e-05,7693
7065.53,0.00196508,1.96508e-05,7694
7064,0.00196593,1.96593e-05,7695
7062.47,0.00196678,1.96678e-05,7696
7060.94,0.00196764,1.96764e-05,7697
7059.4,0.00196849,1.96849e-05,7698
7057.86,0.00196935,1.96935e-05,7699
7056.33,0.00197021,1.97021e-05,7700
7054.79,0.00197107,1.97107e-05,7701
7053.25,0.00197193,1.97193e-05,7702
7051.7,0.00197279,1.97279e-05,7703
7050.16,0.00197365,1.97365e-05,7704
7048.62,0.00197452,1.97452e-05,7705
7047.07,0.00197539,1.97539e-05,7706
7045.52,0.00197625,1.97625e-05,7707
7043.97,0.00197712,1.97712e-05,7708
7042.42,0.00197799,1.97799e-05,7709
7040.87,0.00197886,1.97886e-05,7710
7039.32,0.00197974,1.97974e-05,7711
7037.76,0.00198061,1.98061e-05,7712
7036.21,0.00198149,1.98149e-05,7713
7034.65,0.00198237,1.98237e-05,7714
7033.09,0.00198325,1.98325e-05,7715
7031.53,0.00198413,1.98412e-05,7716
7029.97,0.00198501,1.98501e-05,7717
7028.41,0.00198589,1.98589e-05,7718
7026.84,0.00198677,1.98677e-05,7719
7025.28,0.00198766,1.98766e-05,7720
7023.71,0.00198855,1.98855e-05,7721
7022.14,0.00198943,1.98943e-05,7722
7020.57,0.00199032,1.99032e-05,7723
7019,0.00199122,1.99122e-05,7724
7017.43,0.00199211,1.99211e-05,7725
7015.85,0.001993,1.993e-05,7726
7014.28,0.0019939,1.9939e-05,7727
7012.7,0.0019948,1.9948e-05,7728
7011.12,0.00199569,1.99569e-05,7729
7009.54,0.00199659,1.99659e-05,7730
7007.96,0.00199749,1.99749e-05,7731
7006.38,0.0019984,1.9984e-05,7732
7004.79,0.0019993,1.9993e-05,7733
7003.21,0.00200021,2.00021e-05,7734
7001.62,0.00200111,2.00111e-05,7735
7000.03,0.00200202,2.00202e-05,7736
6998.44,0.00200293,2.00293e-05,7737
6996.85,0.00200384,2.00384e-05,7738
6995.26,0.00200476,2.00476e-05,7739
6993.66,0.00200567,2.00567e-05,7740
6992.07,0.00200659,2.00659e-05,7741
6990.47,0.0020075,2.0075e-05,7742
6988.87,0.00200842,2.00842e-05,7743
6987.27,0.00200934,2.00934e-05,7744
6985.67,0.00201026,2.01026e-05,7745
6984.06,0.00201119,2.01119e-05,7746
6982.46,0.00201211,2.01211e-05,7747
6980.85,0.00201304,2.01304e-05,7748
6979.25,0.00201396,2.01396e-05,7749
6977.64,0.00201489,2.01489e-05,7750
6976.03,0.00201582,2.01582e-05,7751
6974.42,0.00201676,2.01676e-05,7752
6972.8,0.00201769,2.01769e-05,7753
6971.19,0.00201862,2.01862e-05,7754
6969.57,0.00201956,2.01956e-05,7755
6967.95,0.0020205,2.0205e-05,7756
6966.34,0.00202144,2.02144e-05,7757
6964.72,0.00202238,2.02238e-05,7758
6963.09,0.00202332,2.02332e-05,7759
6961.47,0.00202426,2.02426e-05,7760
6959.85,0.00202521,2.02521e-05,7761
6958.22,0.00202616,2.02616e-05,7762
6956.59,0.0020271,2.0271e-05,7763
6954.96,0.00202805,2.02805e-05,7764
6953.33,0.002029,2.029e-05,7765
6951.7,0.00202996,2.02996e-05,7766
6950.07,0.00203091,2.03091e-05,7767
6948.43,0.00203187,2.03187e-05,7768
6946.8,0.00203283,2.03283e-05,7769
6945.16,0.00203378,2.03378e-05,7770
6943.52,0.00203474,2.03474e-05,7771
6941.88,0.00203571,2.03571e-05,7772
6940.24,0.00203667,2.03667e-05,7773
6938.59,0.00203763,2.03763e-05,7774
6936.95,0.0020386,2.0386e-05,7775
6935.3,0.00203957,2.03957e-05,7776
6933.65,0.00204054,2.04054e-05,7777
6932,0.00204151,2.04151e-05,7778
6930.35,0.00204248,2.04248e-05,7779
6928.7,0.00204346,2.04346e-05,7780
6927.05,0.00204443,2.04443e-05,7781
6925.39,0.00204541,2.04541e-05,7782
6923.73,0.00204639,2.04639e-05,7783
6922.08,0.00204737,2.04737e-05,7784
6920.42,0.00204835,2.04835e-05,7785
6918.76,0.00204933,2.04933e-05,7786
6917.09,0.00205032,2.05032e-05,7787
6915.43,0.00205131,2.05131e-05,7788
6913.76,0.00205229,2.0523e-05,7789
6912.1,0.00205329,2.05329e-05,7790
6910.43,0.00205428,2.05428e-05,7791
6908.76,0.00205527,2.05527e-05,7792
6907.09,0.00205626,2.05626e-05,7793
6905.42,0.00205726,2.05726e-05,7794
6903.74,0.00205826,2.05826e-05,7795
6902.07,0.00205926,2.05926e-05,7796
6900.39,0.00206026,2.06026e-05,7797
6898.71,0.00206126,2.06126e-05,7798
6897.03,0.00206227,2.06227e-05,7799
6895.35,0.00206327,2.06327e-05,7800
6893.67,0.00206428,2.06428e-05,7801
6891.98,0.00206529,2.06529e-05,7802
6890.3,0.0020663,2.0663e-05,7803
6888.61,0.00206731,2.06731e-05,7804
6886.92,0.00206833,2.06833e-05,7805
6885.23,0.00206934,2.06934e-05,7806
6883.54,0.00207036,2.07036e-05,7807
6881.84,0.00207138,2.07138e-05,7808
6880.15,0.0020724,2.0724e-05,7809
6878.45,0.00207342,2.07342e-05,7810
6876.76,0.00207444,2.07444e-05,7811
6875.06,0.00207547,2.07547e-05,7812
6873.36,0.0020765,2.0765e-05,7813
6871.65,0.00207753,2.07753e-05,7814
6869.95,0.00207856,2.07856e-05,7815
6868.25,0.00207959,2.07959e-05,7816
6866.54,0.00208062,2.08062e-05,7817
6864.83,0.00208166,2.08166e-05,7818
6863.12,0.00208269,2.08269e-05,7819
6861.41,0.00208373,2.08373e-05,7820
6859.7,0.00208477,2.08477e-05,7821
6857.98,0.00208582,2.08582e-05,7822
6856.27,0.00208686,2.08686e-05,7823
6854.55,0.00208791,2.08791e-05,7824
6852.83,0.00208895,2.08895e-05,7825
6851.11,0.00209,2.09e-05,7826
6849.39,0.00209105,2.09105e-05,7827
6847.67,0.0020921,2.0921e-05,7828
6845.95,0.00209316,2.09316e-05,7829
6844.22,0.00209421,2.09421e-05,7830
6842.49,0.00209527,2.09527e-05,7831
6840.76,0.00209633,2.09633e-05,7832
6839.03,0.00209739,2.09739e-05,7833
6837.3,0.00209845,2.09845e-05,7834
6835.57,0.00209952,2.09952e-05,7835
6833.83,0.00210058,2.10058e-05,7836
6832.1,0.00210165,2.10165e-05,7837
6830.36,0.00210272,2.10272e-05,7838
6828.62,0.00210379,2.10379e-05,7839
6826.88,0.00210486,2.10487e-05,7840
6825.14,0.00210594,2.10594e-05,7841
6823.4,0.00210702,2.10702e-05,7842
6821.65,0.00210809,2.10809e-05,7843
6819.9,0.00210917,2.10917e-05,7844
6818.16,0.00211026,2.11026e-05,7845
6816.41,0.00211134,2.11134e-05,7846
6814.66,0.00211242,2.11242e-05,7847
6812.9,0.00211351,2.11351e-05,7848
6811.15,0.0021146,2.1146e-05,7849
6809.39,0.00211569,2.11569e-05,7850
6807.64,0.00211678,2.11678e-05,7851
6805.88,0.00211788,2.11788e-05,7852
6804.12,0.00211897,2.11897e-05,7853
6802.36,0.00212007,2.12007e-05,7854
6800.59,0.00212117,2.12117e-05,7855
6798.83,0.00212227,2.12227e-05,7856
6797.06,0.00212337,2.12337e-05,7857
6795.3,0.00212448,2.12448e-05,7858
6793.53,0.00212558,2.12558e-05,7859
6791.76,0.00212669,2.12669e-05,7860
6789.98,0.0021278,2.1278e-05,7861
6788.21,0.00212892,2.12892e-05,7862
6786.44,0.00213003,2.13003e-05,7863
6784.66,0.00213114,2.13114e-05,7864
6782.88,0.00213226,2.13226e-05,7865
6781.1,0.00213338,2.13338e-05,7866
6779.32,0.0021345,2.1345e-05,7867
6777.54,0.00213563,2.13563e-05,7868
6775.75,0.00213675,2.13675e-05,7869
6773.97,0.00213788,2.13788e-05,7870
6772.18,0.002139,2.139e-05,7871
6770.39,0.00214014,2.14014e-05,7872
6768.6,0.00214127,2.14127e-05,7873
6766.81,0.0021424,2.1424e-05,7874
6765.02,0.00214354,2.14354e-05,7875
6763.22,0.00214468,2.14468e-05,7876
6761.43,0.00214581,2.14581e-05,7877
6759.63,0.00214696,2.14696e-05,7878
6757.83,0.0021481,2.1481e-05,7879
6756.03,0.00214924,2.14924e-05,7880
6754.23,0.00215039,2.15039e-05,7881
6752.42,0.00215154,2.15154e-05,7882
6750.62,0.00215269,2.15269e-05,7883
6748.81,0.00215384,2.15384e-05,7884
6747,0.002155,2.155e-05,7885
6745.19,0.00215616,2.15616e-05,7886
6743.38,0.00215731,2.15731e-05,7887
6741.57,0.00215847,2.15847e-05,7888
6739.76,0.00215964,2.15964e-05,7889
6737.94,0.0021608,2.1608e-05,7890
6736.12,0.00216197,2.16197e-05,7891
6734.3,0.00216313,2.16313e-05,7892
6732.48,0.0021643,2.1643e-05,7893
6730.66,0.00216548,2.16548e-05,7894
6728.84,0.00216665,2.16665e-05,7895
6727.01,0.00216783,2.16783e-05,7896
6725.19,0.002169,2.169e-05,7897
6723.36,0.00217018,2.17018e-05,7898
6721.53,0.00217136,2.17136e-05,7899
6719.7,0.00217255,2.17255e-05,7900
6717.87,0.00217373,2.17373e-05,7901
6716.03,0.00217492,2.17492e-05,7902
6714.2,0.00217611,2.17611e-05,7903
6712.36,0.0021773,2.1773e-05,7904
6710.52,0.00217849,2.17849e-05,7905
6708.68,0.00217969,2.17969e-05,7906
6706.84,0.00218089,2.18089e-05,7907
6705,0.00218209,2.18209e-05,7908
6703.15,0.00218329,2.18329e-05,7909
6701.31,0.00218449,2.18449e-05,7910
6699.46,0.0021857,2.1857e-05,7911
6697.61,0.0021869,2.1869e-05,7912
6695.76,0.00218811,2.18811e-05,7913
6693.9,0.00218932,2.18932e-05,7914
6692.05,0.00219054,2.19054e-05,7915
6690.19,0.00219175,2.19175e-05,7916
6688.34,0.00219297,2.19297e-05,7917
6686.48,0.00219419,2.19419e-05,7918
6684.62,0.00219541,2.19541e-05,7919
6682.76,0.00219663,2.19663e-05,7920
6680.89,0.00219786,2.19786e-05,7921
6679.03,0.00219909,2.19909e-05,7922
6677.16,0.00220032,2.20032e-05,7923
6675.29,0.00220155,2.20155e-05,7924
6673.42,0.00220278,2.20278e-05,7925
6671.55,0.00220402,2.20402e-05,7926
6669.68,0.00220525,2.20526e-05,7927
6667.81,0.00220649,2.20649e-05,7928
6665.93,0.00220774,2.20774e-05,7929
6664.06,0.00220898,2.20898e-05,7930
6662.18,0.00221023,2.21023e-05,7931
6660.3,0.00221147,2.21147e-05,7932
6658.42,0.00221272,2.21272e-05,7933
6656.53,0.00221398,2.21398e-05,7934
6654.65,0.00221523,2.21523e-05,7935
6652.76,0.00221649,2.21649e-05,7936
6650.87,0.00221775,2.21775e-05,7937
6648.98,0.00221901,2.21901e-05,7938
6647.09,0.00222027,2.22027e-05,7939
6645.2,0.00222153,2.22153e-05,7940
6643.3,0.0022228,2.2228e-05,7941
6641.41,0.00222407,2.22407e-05,7942
6639.51,0.00222534,2.22534e-05,7943
6637.61,0.00222662,2.22662e-05,7944
6635.71,0.00222789,2.22789e-05,7945
6633.81,0.00222917,2.22917e-05,7946
6631.91,0.00223045,2.23045e-05,7947
6630,0.00223173,2.23173e-05,7948
6628.09,0.00223302,2.23302e-05,7949
6626.19,0.0022343,2.2343e-05,7950
6624.28,0.00223559,2.23559e-05,7951
6622.37,0.00223688,2.23688e-05,7952
6620.45,0.00223817,2.23817e-05,7953
6618.54,0.00223947,2.23947e-05,7954
6616.62,0.00224077,2.24077e-05,7955
6614.7,0.00224206,2.24206e-05,7956
6612.79,0.00224337,2.24337e-05,7957
6610.86,0.00224467,2.24467e-05,7958
6608.94,0.00224598,2.24598e-05,7959
6607.02,0.00224728,2.24728e-05,7960
6605.09,0.00224859,2.24859e-05,7961
6603.17,0.00224991,2.24991e-05,7962
6601.24,0.00225122,2.25122e-05,7963
6599.31,0.00225254,2.25254e-05,7964
6597.38,0.00225386,2.25386e-05,7965
6595.44,0.00225518,2.25518e-05,7966
6593.51,0.0022565,2.2565e-05,7967
6591.57,0.00225783,2.25783e-05,7968
6589.63,0.00225916,2.25916e-05,7969
6587.69,0.00226049,2.26049e-05,7970
6585.75,0.00226182,2.26182e-05,7971
6583.81,0.00226316,2.26316e-05,7972
6581.87,0.00226449,2.26449e-05,7973
6579.92,0.00226583,2.26583e-05,7974
6577.97,0.00226717,2.26717e-05,7975
6576.02,0.00226852,2.26852e-05,7976
6574.07,0.00226987,2.26987e-05,7977
6572.12,0.00227121,2.27121e-05,7978
6570.17,0.00227256,2.27256e-05,7979
6568.21,0.00227392,2.27392e-05,7980
6566.25,0.00227527,2.27527e-05,7981
6564.3,0.00227663,2.27663e-05,7982
6562.34,0.00227799,2.27799e-05,7983
6560.37,0.00227935,2.27935e-05,7984
6558.41,0.00228072,2.28072e-05,7985
6556.45,0.00228209,2.28209e-05,7986
6554.48,0.00228346,2.28346e-05,7987
6552.51,0.00228483,2.28483e-05,7988
6550.54,0.0022862,2.2862e-05,7989
6548.57,0.00228758,2.28758e-05,7990
6546.6,0.00228896,2.28896e-05,7991
6544.62,0.00229034,2.29034e-05,7992
6542.65,0.00229172,2.29172e-05,7993
6540.67,0.00229311,2.29311e-05,7994
6538.69,0.0022945,2.2945e-05,7995
6536.71,0.00229589,2.29589e-05,7996
6534.73,0.00229728,2.29728e-05,7997
6532.74,0.00229868,2.29868e-05,7998
6530.76,0.00230007,2.30007e-05,7999
6528.77,0.00230147,2.30147e-05,8000
6526.78,0.00230288,2.30288e-05,8001
6524.79,0.00230428,2.30428e-05,8002
6522.8,0.00230569,2.30569e-05,8003
6520.81,0.0023071,2.3071e-05,8004
6518.81,0.00230851,2.30851e-05,8005
6516.81,0.00230993,2.30993e-05,8006
6514.82,0.00231134,2.31134e-05,8007
6512.82,0.00231276,2.31276e-05,8008
6510.81,0.00231419,2.31419e-05,8009
6508.81,0.00231561,2.31561e-05,8010
6506.81,0.00231704,2.31704e-05,8011
6504.8,0.00231847,2.31847e-05,8012
6502.79,0.0023199,2.3199e-05,8013
6500.78,0.00232133,2.32133e-05,8014
6498.77,0.00232277,2.32277e-05,8015
6496.76,0.00232421,2.32421e-05,8016
6494.74,0.00232565,2.32565e-05,8017
6492.73,0.0023271,2.3271e-05,8018
6490.71,0.00232854,2.32854e-05,8019
6488.69,0.00232999,2.32999e-05,8020
6486.67,0.00233145,2.33145e-05,8021
6484.65,0.0023329,2.3329e-05,8022
6482.62,0.00233436,2.33436e-05,8023
6480.6,0.00233582,2.33582e-05,8024
6478.57,0.00233728,2.33728e-05,8025
6476.54,0.00233874,2.33874e-05,8026
6474.51,0.00234021,2.34021e-05,8027
6472.48,0.00234168,2.34168e-05,8028
6470.45,0.00234315,2.34315e-05,8029
6468.41,0.00234463,2.34463e-05,8030
6466.37,0.0023461,2.3461e-05,8031
6464.34,0.00234758,2.34758e-05,8032
6462.29,0.00234907,2.34907e-05,8033
6460.25,0.00235055,2.35055e-05,8034
6458.21,0.00235204,2.35204e-05,8035
6456.16,0.00235353,2.35353e-05,8036
6454.12,0.00235502,2.35502e-05,8037
6452.07,0.00235652,2.35652e-05,8038
6450.02,0.00235802,2.35802e-05,8039
6447.97,0.00235952,2.35952e-05,8040
6445.91,0.00236102,2.36102e-05,8041
6443.86,0.00236253,2.36253e-05,8042
6441.8,0.00236404,2.36404e-05,8043
6439.74,0.00236555,2.36555e-05,8044
6437.69,0.00236706,2.36706e-05,8045
6435.62,0.00236858,2.36858e-05,8046
6433.56,0.0023701,2.3701e-05,8047
6431.5,0.00237162,2.37162e-05,8048
6429.43,0.00237314,2.37314e-05,8049
6427.36,0.00237467,2.37467e-05,8050
6425.29,0.0023762,2.3762e-05,8051
6423.22,0.00237773,2.37773e-05,8052
6421.15,0.00237927,2.37927e-05,8053
6419.07,0.00238081,2.38081e-05,8054
6417,0.00238235,2.38235e-05,8055
6414.92,0.00238389,2.38389e-05,8056
6412.84,0.00238544,2.38544e-05,8057
6410.76,0.00238699,2.38699e-05,8058
6408.68,0.00238854,2.38854e-05,8059
6406.59,0.00239009,2.39009e-05,8060
6404.51,0.00239165,2.39165e-05,8061
6402.42,0.00239321,2.39321e-05,8062
6400.33,0.00239477,2.39477e-05,8063
6398.24,0.00239634,2.39634e-05,8064
6396.15,0.00239791,2.39791e-05,8065
6394.05,0.00239948,2.39948e-05,8066
6391.96,0.00240105,2.40105e-05,8067
6389.86,0.00240263,2.40263e-05,8068
6387.76,0.00240421,2.40421e-05,8069
6385.66,0.00240579,2.40579e-05,8070
6383.56,0.00240737,2.40737e-05,8071
6381.45,0.00240896,2.40896e-05,8072
6379.35,0.00241055,2.41055e-05,8073
6377.24,0.00241215,2.41215e-05,8074
6375.13,0.00241374,2.41374e-05,8075
6373.02,0.00241534,2.41534e-05,8076
6370.91,0.00241694,2.41694e-05,8077
6368.79,0.00241855,2.41855e-05,8078
6366.68,0.00242016,2.42016e-05,8079
6364.56,0.00242177,2.42177e-05,8080
6362.44,0.00242338,2.42338e-05,8081
6360.32,0.002425,2.425e-05,8082
6358.2,0.00242662,2.42662e-05,8083
6356.07,0.00242824,2.42824e-05,8084
6353.95,0.00242986,2.42986e-05,8085
6351.82,0.00243149,2.43149e-05,8086
6349.69,0.00243312,2.43312e-05,8087
6347.56,0.00243476,2.43475e-05,8088
6345.43,0.00243639,2.43639e-05,8089
6343.29,0.00243803,2.43803e-05,8090
6341.16,0.00243967,2.43967e-05,8091
6339.02,0.00244132,2.44132e-05,8092
6336.88,0.00244297,2.44297e-05,8093
6334.74,0.00244462,2.44462e-05,8094
6332.6,0.00244627,2.44627e-05,8095
6330.46,0.00244793,2.44793e-05,8096
6328.31,0.00244959,2.44959e-05,8097
6326.16,0.00245125,2.45125e-05,8098
6324.01,0.00245292,2.45292e-05,8099
6321.86,0.00245459,2.45459e-05,8100
6319.71,0.00245626,2.45626e-05,8101
6317.55,0.00245794,2.45794e-05,8102
6315.4,0.00245962,2.45962e-05,8103
6313.24,0.0024613,2.4613e-05,8104
6311.08,0.00246298,2.46298e-05,8105
6308.92,0.00246467,2.46467e-05,8106
6306.76,0.00246636,2.46636e-05,8107
6304.6,0.00246805,2.46805e-05,8108
6302.43,0.00246975,2.46975e-05,8109
6300.26,0.00247145,2.47145e-05,8110
6298.09,0.00247315,2.47315e-05,8111
6295.92,0.00247486,2.47486e-05,8112
6293.75,0.00247657,2.47657e-05,8113
6291.58,0.00247828,2.47828e-05,8114
6289.4,0.00247999,2.47999e-05,8115
6287.22,0.00248171,2.48171e-05,8116
6285.04,0.00248343,2.48343e-05,8117
6282.86,0.00248516,2.48516e-05,8118
6280.68,0.00248688,2.48688e-05,8119
6278.5,0.00248861,2.48861e-05,8120
6276.31,0.00249035,2.49035e-05,8121
6274.12,0.00249209,2.49209e-05,8122
6271.93,0.00249383,2.49383e-05,8123
6269.74,0.00249557,2.49557e-05,8124
6267.55,0.00249732,2.49732e-05,8125
6265.35,0.00249907,2.49907e-05,8126
6263.16,0.00250082,2.50082e-05,8127
6260.96,0.00250258,2.50258e-05,8128
6258.76,0.00250434,2.50434e-05,8129
6256.56,0.0025061,2.5061e-05,8130
6254.35,0.00250786,2.50786e-05,8131
6252.15,0.00250963,2.50963e-05,8132
6249.94,0.00251141,2.51141e-05,8133
6247.73,0.00251318,2.51318e-05,8134
6245.52,0.00251496,2.51496e-05,8135
6243.31,0.00251674,2.51674e-05,8136
6241.1,0.00251853,2.51853e-05,8137
6238.88,0.00252032,2.52032e-05,8138
6236.67,0.00252211,2.52211e-05,8139
6234.45,0.0025239,2.5239e-05,8140
6232.23,0.0025257,2.5257e-05,8141
6230.01,0.00252751,2.5275e-05,8142
6227.78,0.00252931,2.52931e-05,8143
6225.56,0.00253112,2.53112e-05,8144
6223.33,0.00253293,2.53293e-05,8145
6221.1,0.00253475,2.53475e-05,8146
6218.87,0.00253656,2.53656e-05,8147
6216.64,0.00253839,2.53839e-05,8148
6214.41,0.00254021,2.54021e-05,8149
6212.17,0.00254204,2.54204e-05,8150
6209.93,0.00254387,2.54387e-05,8151
6207.69,0.00254571,2.54571e-05,8152
6205.45,0.00254755,2.54755e-05,8153
6203.21,0.00254939,2.54939e-05,8154
6200.97,0.00255123,2.55123e-05,8155
6198.72,0.00255308,2.55308e-05,8156
6196.47,0.00255494,2.55494e-05,8157
6194.22,0.00255679,2.55679e-05,8158
6191.97,0.00255865,2.55865e-05,8159
6189.72,0.00256052,2.56052e-05,8160
6187.46,0.00256238,2.56238e-05,8161
6185.21,0.00256425,2.56425e-05,8162
6182.95,0.00256613,2.56613e-05,8163
6180.69,0.002568,2.568e-05,8164
6178.43,0.00256988,2.56988e-05,8165
6176.16,0.00257177,2.57177e-05,8166
6173.9,0.00257365,2.57365e-05,8167
6171.63,0.00257554,2.57554e-05,8168
6169.36,0.00257744,2.57744e-05,8169
6167.09,0.00257934,2.57934e-05,8170
6164.82,0.00258124,2.58124e-05,8171
6162.55,0.00258314,2.58314e-05,8172
6160.27,0.00258505,2.58505e-05,8173
6157.99,0.00258696,2.58696e-05,8174
6155.71,0.00258888,2.58888e-05,8175
6153.43,0.0025908,2.5908e-05,8176
6151.15,0.00259272,2.59272e-05,8177
6148.87,0.00259465,2.59465e-05,8178
6146.58,0.00259658,2.59658e-05,8179
6144.29,0.00259851,2.59851e-05,8180
6142,0.00260045,2.60045e-05,8181
6139.71,0.00260239,2.60239e-05,8182
6137.42,0.00260434,2.60434e-05,8183
6135.12,0.00260629,2.60629e-05,8184
6132.83,0.00260824,2.60824e-05,8185
6130.53,0.0026102,2.6102e-05,8186
6128.23,0.00261216,2.61216e-05,8187
6125.93,0.00261412,2.61412e-05,8188
6123.62,0.00261609,2.61609e-05,8189
6121.32,0.00261806,2.61806e-05,8190
6119.01,0.00262003,2.62003e-05,8191
6116.7,0.00262201,2.62201e-05,8192
6114.39,0.00262399,2.62399e-05,8193
6112.08,0.00262598,2.62598e-05,8194
6109.77,0.00262797,2.62797e-05,8195
6107.45,0.00262996,2.62996e-05,8196
6105.13,0.00263196,2.63196e-05,8197
6102.81,0.00263396,2.63396e-05,8198
6100.49,0.00263596,2.63596e-05,8199
6098.17,0.00263797,2.63797e-05,8200
6095.84,0.00263998,2.63998e-05,8201
6093.52,0.002642,2.642e-05,8202
6091.19,0.00264402,2.64402e-05,8203
6088.86,0.00264605,2.64605e-05,8204
6086.53,0.00264807,2.64807e-05,8205
6084.19,0.00265011,2.65011e-05,8206
6081.86,0.00265214,2.65214e-05,8207
6079.52,0.00265418,2.65418e-05,8208
6077.18,0.00265622,2.65622e-05,8209
6074.84,0.00265827,2.65827e-05,8210
6072.5,0.00266032,2.66032e-05,8211
6070.15,0.00266238,2.66238e-05,8212
6067.81,0.00266444,2.66444e-05,8213
6065.46,0.0026665,2.6665e-05,8214
6063.11,0.00266857,2.66857e-05,8215
6060.76,0.00267064,2.67064e-05,8216
6058.41,0.00267271,2.67271e-05,8217
6056.05,0.00267479,2.67479e-05,8218
6053.69,0.00267688,2.67688e-05,8219
6051.33,0.00267896,2.67896e-05,8220
6048.97,0.00268105,2.68105e-05,8221
6046.61,0.00268315,2.68315e-05,8222
6044.25,0.00268525,2.68525e-05,8223
6041.88,0.00268735,2.68735e-05,8224
6039.51,0.00268946,2.68946e-05,8225
6037.14,0.00269157,2.69157e-05,8226
6034.77,0.00269369,2.69369e-05,8227
6032.4,0.00269581,2.69581e-05,8228
6030.03,0.00269793,2.69793e-05,8229
6027.65,0.00270006,2.70006e-05,8230
6025.27,0.00270219,2.70219e-05,8231
6022.89,0.00270433,2.70433e-05,8232
6020.51,0.00270647,2.70647e-05,8233
6018.12,0.00270861,2.70861e-05,8234
6015.74,0.00271076,2.71076e-05,8235
6013.35,0.00271291,2.71291e-05,8236
6010.96,0.00271507,2.71507e-05,8237
6008.57,0.00271723,2.71723e-05,8238
6006.18,0.0027194,2.7194e-05,8239
6003.78,0.00272157,2.72157e-05,8240
6001.39,0.00272374,2.72374e-05,8241
5998.99,0.00272592,2.72592e-05,8242
5996.59,0.0027281,2.7281e-05,8243
5994.19,0.00273029,2.73029e-05,8244
5991.78,0.00273248,2.73248e-05,8245
5989.38,0.00273468,2.73468e-05,8246
5986.97,0.00273687,2.73687e-05,8247
5984.56,0.00273908,2.73908e-05,8248
5982.15,0.00274129,2.74129e-05,8249
5979.74,0.0027435,2.7435e-05,8250
5977.32,0.00274572,2.74572e-05,8251
5974.91,0.00274794,2.74794e-05,8252
5972.49,0.00275016,2.75016e-05,8253
5970.07,0.00275239,2.75239e-05,8254
5967.65,0.00275463,2.75463e-05,8255
5965.22,0.00275687,2.75687e-05,8256
5962.8,0.00275911,2.75911e-05,8257
5960.37,0.00276136,2.76136e-05,8258
5957.94,0.00276361,2.76361e-05,8259
5955.51,0.00276587,2.76587e-05,8260
5953.07,0.00276813,2.76813e-05,8261
5950.64,0.00277039,2.77039e-05,8262
5948.2,0.00277267,2.77267e-05,8263
5945.76,0.00277494,2.77494e-05,8264
5943.32,0.00277722,2.77722e-05,8265
5940.88,0.0027795,2.7795e-05,8266
5938.44,0.00278179,2.78179e-05,8267
5935.99,0.00278408,2.78408e-05,8268
5933.54,0.00278638,2.78638e-05,8269
5931.1,0.00278868,2.78868e-05,8270
5928.64,0.00279099,2.79099e-05,8271
5926.19,0.0027933,2.7933e-05,8272
5923.74,0.00279562,2.79562e-05,8273
5921.28,0.00279794,2.79794e-05,8274
5918.82,0.00280026,2.80026e-05,8275
5916.36,0.00280259,2.80259e-05,8276
5913.9,0.00280493,2.80493e-05,8277
5911.43,0.00280727,2.80727e-05,8278
5908.97,0.00280961,2.80961e-05,8279
5906.5,0.00281196,2.81196e-05,8280
5904.03,0.00281431,2.81431e-05,8281
5901.56,0.00281667,2.81667e-05,8282
5899.08,0.00281903,2.81903e-05,8283
5896.61,0.0028214,2.8214e-05,8284
5894.13,0.00282377,2.82377e-05,8285
5891.65,0.00282615,2.82615e-05,8286
5889.17,0.00282853,2.82853e-05,8287
5886.69,0.00283092,2.83092e-05,8288
5884.2,0.00283331,2.83331e-05,8289
5881.71,0.00283571,2.83571e-05,8290
5879.23,0.00283811,2.83811e-05,8291
5876.74,0.00284051,2.84051e-05,8292
5874.24,0.00284292,2.84292e-05,8293
5871.75,0.00284534,2.84534e-05,8294
5869.25,0.00284776,2.84776e-05,8295
5866.75,0.00285019,2.85019e-05,8296
5864.25,0.00285262,2.85262e-05,8297
5861.75,0.00285505,2.85505e-05,8298
5859.25,0.00285749,2.85749e-05,8299
5856.74,0.00285994,2.85994e-05,8300
5854.24,0.00286239,2.86239e-05,8301
5851.73,0.00286484,2.86484e-05,8302
5849.22,0.0028673,2.8673e-05,8303
5846.7,0.00286977,2.86977e-05,8304
5844.19,0.00287224,2.87224e-05,8305
5841.67,0.00287472,2.87472e-05,8306
5839.15,0.0028772,2.8772e-05,8307
5836.63,0.00287968,2.87968e-05,8308
5834.11,0.00288217,2.88217e-05,8309
5831.59,0.00288467,2.88467e-05,8310
5829.06,0.00288717,2.88717e-05,8311
5826.53,0.00288967,2.88967e-05,8312
5824,0.00289219,2.89219e-05,8313
5821.47,0.0028947,2.8947e-05,8314
5818.94,0.00289722,2.89722e-05,8315
5816.4,0.00289975,2.89975e-05,8316
5813.86,0.00290228,2.90228e-05,8317
5811.32,0.00290482,2.90482e-05,8318
5808.78,0.00290736,2.90736e-05,8319
5806.24,0.00290991,2.90991e-05,8320
5803.69,0.00291246,2.91246e-05,8321
5801.15,0.00291502,2.91502e-05,8322
5798.6,0.00291758,2.91758e-05,8323
5796.05,0.00292015,2.92015e-05,8324
5793.49,0.00292273,2.92273e-05,8325
5790.94,0.0029253,2.9253e-05,8326
5788.38,0.00292789,2.92789e-05,8327
5785.82,0.00293048,2.93048e-05,8328
5783.26,0.00293307,2.93307e-05,8329
5780.7,0.00293568,2.93568e-05,8330
5778.14,0.00293828,2.93828e-05,8331
5775.57,0.00294089,2.94089e-05,8332
5773,0.00294351,2.94351e-05,8333
5770.43,0.00294613,2.94613e-05,8334
5767.86,0.00294876,2.94876e-05,8335
5765.29,0.00295139,2.95139e-05,8336
5762.71,0.00295403,2.95403e-05,8337
5760.13,0.00295668,2.95668e-05,8338
5757.55,0.00295933,2.95933e-05,8339
5754.97,0.00296198,2.96198e-05,8340
5752.39,0.00296465,2.96465e-05,8341
5749.8,0.00296731,2.96731e-05,8342
5747.22,0.00296998,2.96998e-05,8343
5744.63,0.00297266,2.97266e-05,8344
5742.03,0.00297535,2.97535e-05,8345
5739.44,0.00297804,2.97803e-05,8346
5736.85,0.00298073,2.98073e-05,8347
5734.25,0.00298343,2.98343e-05,8348
5731.65,0.00298614,2.98614e-05,8349
5729.05,0.00298885,2.98885e-05,8350
5726.45,0.00299157,2.99157e-05,8351
5723.84,0.00299429,2.99429e-05,8352
5721.23,0.00299702,2.99702e-05,8353
5718.63,0.00299975,2.99975e-05,8354
5716.01,0.0030025,3.0025e-05,8355
5713.4,0.00300524,3.00524e-05,8356
5710.79,0.00300799,3.00799e-05,8357
5708.17,0.00301075,3.01075e-05,8358
5705.55,0.00301352,3.01352e-05,8359
5702.93,0.00301629,3.01629e-05,8360
5700.31,0.00301906,3.01906e-05,8361
5697.69,0.00302184,3.02184e-05,8362
5695.06,0.00302463,3.02463e-05,8363
5692.43,0.00302743,3.02743e-05,8364
5689.8,0.00303023,3.03023e-05,8365
5687.17,0.00303303,3.03303e-05,8366
5684.53,0.00303584,3.03584e-05,8367
5681.9,0.00303866,3.03866e-05,8368
5679.26,0.00304148,3.04148e-05,8369
5676.62,0.00304431,3.04431e-05,8370
5673.98,0.00304715,3.04715e-05,8371
5671.33,0.00304999,3.04999e-05,8372
5668.69,0.00305284,3.05284e-05,8373
5666.04,0.00305569,3.05569e-05,8374
5663.39,0.00305855,3.05855e-05,8375
5660.74,0.00306142,3.06142e-05,8376
5658.08,0.00306429,3.06429e-05,8377
5655.43,0.00306717,3.06717e-05,8378
5652.77,0.00307006,3.07006e-05,8379
5650.11,0.00307295,3.07295e-05,8380
5647.45,0.00307584,3.07584e-05,8381
5644.79,0.00307875,3.07875e-05,8382
5642.12,0.00308166,3.08166e-05,8383
5639.45,0.00308457,3.08457e-05,8384
5636.78,0.0030875,3.0875e-05,8385
5634.11,0.00309043,3.09043e-05,8386
5631.44,0.00309336,3.09336e-05,8387
5628.76,0.0030963,3.0963e-05,8388
5626.08,0.00309925,3.09925e-05,8389
5623.4,0.0031022,3.1022e-05,8390
5620.72,0.00310517,3.10517e-05,8391
5618.04,0.00310813,3.10813e-05,8392
5615.35,0.00311111,3.11111e-05,8393
5612.67,0.00311409,3.11409e-05,8394
5609.98,0.00311707,3.11707e-05,8395
5607.28,0.00312007,3.12007e-05,8396
5604.59,0.00312307,3.12307e-05,8397
5601.9,0.00312607,3.12607e-05,8398
5599.2,0.00312909,3.12909e-05,8399
5596.5,0.00313211,3.13211e-05,8400
5593.8,0.00313513,3.13513e-05,8401
5591.09,0.00313816,3.13816e-05,8402
5588.39,0.0031412,3.1412e-05,8403
5585.68,0.00314425,3.14425e-05,8404
5582.97,0.0031473,3.1473e-05,8405
5580.26,0.00315036,3.15036e-05,8406
5577.54,0.00315343,3.15343e-05,8407
5574.83,0.0031565,3.1565e-05,8408
5572.11,0.00315958,3.15958e-05,8409
5569.39,0.00316267,3.16267e-05,8410
5566.67,0.00316576,3.16576e-05,8411
5563.94,0.00316886,3.16886e-05,8412
5561.22,0.00317197,3.17197e-05,8413
5558.49,0.00317508,3.17508e-05,8414
5555.76,0.00317821,3.17821e-05,8415
5553.03,0.00318133,3.18133e-05,8416
5550.29,0.00318447,3.18447e-05,8417
5547.56,0.00318761,3.18761e-05,8418
5544.82,0.00319076,3.19076e-05,8419
5542.08,0.00319391,3.19391e-05,8420
5539.34,0.00319708,3.19708e-05,8421
5536.59,0.00320025,3.20025e-05,8422
5533.85,0.00320343,3.20343e-05,8423
5531.1,0.00320661,3.20661e-05,8424
5528.35,0.0032098,3.2098e-05,8425
5525.6,0.003213,3.213e-05,8426
5522.84,0.0032162,3.2162e-05,8427
5520.09,0.00321942,3.21942e-05,8428
5517.33,0.00322264,3.22264e-05,8429
5514.57,0.00322586,3.22586e-05,8430
5511.8,0.0032291,3.2291e-05,8431
5509.04,0.00323234,3.23234e-05,8432
5506.27,0.00323559,3.23559e-05,8433
5503.5,0.00323885,3.23885e-05,8434
5500.73,0.00324211,3.24211e-05,8435
5497.96,0.00324538,3.24538e-05,8436
5495.19,0.00324866,3.24866e-05,8437
5492.41,0.00325195,3.25195e-05,8438
5489.63,0.00325524,3.25524e-05,8439
5486.85,0.00325854,3.25854e-05,8440
5484.07,0.00326185,3.26185e-05,8441
5481.28,0.00326516,3.26516e-05,8442
5478.49,0.00326849,3.26849e-05,8443
5475.7,0.00327182,3.27182e-05,8444
5472.91,0.00327516,3.27516e-05,8445
5470.12,0.0032785,3.2785e-05,8446
5467.32,0.00328186,3.28186e-05,8447
5464.53,0.00328522,3.28522e-05,8448
5461.73,0.00328859,3.28859e-05,8449
5458.92,0.00329196,3.29196e-05,8450
5456.12,0.00329535,3.29535e-05,8451
5453.31,0.00329874,3.29874e-05,8452
5450.51,0.00330214,3.30214e-05,8453
5447.7,0.00330555,3.30555e-05,8454
5444.88,0.00330896,3.30896e-05,8455
5442.07,0.00331239,3.31239e-05,8456
5439.25,0.00331582,3.31582e-05,8457
5436.43,0.00331926,3.31926e-05,8458
5433.61,0.0033227,3.3227e-05,8459
5430.79,0.00332616,3.32616e-05,8460
5427.97,0.00332962,3.32962e-05,8461
5425.14,0.00333309,3.33309e-05,8462
5422.31,0.00333657,3.33657e-05,8463
5419.48,0.00334006,3.34006e-05,8464
5416.65,0.00334355,3.34355e-05,8465
5413.81,0.00334706,3.34706e-05,8466
5410.97,0.00335057,3.35057e-05,8467
5408.13,0.00335409,3.35409e-05,8468
5405.29,0.00335761,3.35761e-05,8469
5402.45,0.00336115,3.36115e-05,8470
5399.6,0.00336469,3.36469e-05,8471
5396.75,0.00336824,3.36824e-05,8472
5393.9,0.00337181,3.37181e-05,8473
5391.05,0.00337537,3.37537e-05,8474
5388.2,0.00337895,3.37895e-05,8475
5385.34,0.00338254,3.38254e-05,8476
5382.48,0.00338613,3.38613e-05,8477
5379.62,0.00338973,3.38973e-05,8478
5376.76,0.00339334,3.39334e-05,8479
5373.89,0.00339696,3.39696e-05,8480
5371.03,0.00340059,3.40059e-05,8481
5368.16,0.00340423,3.40423e-05,8482
5365.29,0.00340787,3.40787e-05,8483
5362.41,0.00341152,3.41152e-05,8484
5359.54,0.00341519,3.41519e-05,8485
5356.66,0.00341886,3.41886e-05,8486
5353.78,0.00342253,3.42253e-05,8487
5350.9,0.00342622,3.42622e-05,8488
5348.01,0.00342992,3.42992e-05,8489
5345.13,0.00343362,3.43362e-05,8490
5342.24,0.00343734,3.43734e-05,8491
5339.35,0.00344106,3.44106e-05,8492
5336.46,0.00344479,3.44479e-05,8493
5333.56,0.00344853,3.44853e-05,8494
5330.67,0.00345228,3.45228e-05,8495
5327.77,0.00345604,3.45604e-05,8496
5324.87,0.00345981,3.45981e-05,8497
5321.96,0.00346358,3.46358e-05,8498
5319.06,0.00346737,3.46737e-05,8499
5316.15,0.00347116,3.47116e-05,8500
5313.24,0.00347497,3.47497e-05,8501
5310.33,0.00347878,3.47878e-05,8502
5307.41,0.0034826,3.4826e-05,8503
5304.5,0.00348643,3.48643e-05,8504
5301.58,0.00349027,3.49027e-05,8505
5298.66,0.00349412,3.49412e-05,8506
5295.73,0.00349798,3.49798e-05,8507
5292.81,0.00350184,3.50184e-05,8508
5289.88,0.00350572,3.50572e-05,8509
5286.95,0.00350961,3.50961e-05,8510
5284.02,0.0035135,3.5135e-05,8511
5281.09,0.00351741,3.51741e-05,8512
5278.15,0.00352132,3.52132e-05,8513
5275.21,0.00352524,3.52524e-05,8514
5272.27,0.00352918,3.52918e-05,8515
5269.33,0.00353312,3.53312e-05,8516
5266.39,0.00353707,3.53707e-05,8517
5263.44,0.00354103,3.54103e-05,8518
5260.49,0.003545,3.545e-05,8519
5257.54,0.00354899,3.54899e-05,8520
5254.58,0.00355298,3.55298e-05,8521
5251.63,0.00355698,3.55698e-05,8522
5248.67,0.00356099,3.56099e-05,8523
5245.71,0.00356501,3.56501e-05,8524
5242.75,0.00356904,3.56904e-05,8525
5239.78,0.00357308,3.57308e-05,8526
5236.82,0.00357712,3.57712e-05,8527
5233.85,0.00358118,3.58118e-05,8528
5230.88,0.00358525,3.58525e-05,8529
5227.91,0.00358933,3.58933e-05,8530
5224.93,0.00359342,3.59342e-05,8531
5221.95,0.00359752,3.59752e-05,8532
5218.97,0.00360163,3.60163e-05,8533
5215.99,0.00360575,3.60575e-05,8534
5213.01,0.00360988,3.60988e-05,8535
5210.02,0.00361402,3.61402e-05,8536
5207.03,0.00361817,3.61817e-05,8537
5204.04,0.00362233,3.62233e-05,8538
5201.05,0.0036265,3.6265e-05,8539
5198.05,0.00363068,3.63068e-05,8540
5195.05,0.00363487,3.63487e-05,8541
5192.05,0.00363907,3.63907e-05,8542
5189.05,0.00364328,3.64328e-05,8543
5186.05,0.00364751,3.64751e-05,8544
5183.04,0.00365174,3.65174e-05,8545
5180.03,0.00365598,3.65598e-05,8546
5177.02,0.00366024,3.66024e-05,8547
5174.01,0.0036645,3.6645e-05,8548
5170.99,0.00366877,3.66877e-05,8549
5167.98,0.00367306,3.67306e-05,8550
5164.96,0.00367736,3.67736e-05,8551
5161.93,0.00368166,3.68166e-05,8552
5158.91,0.00368598,3.68598e-05,8553
5155.88,0.00369031,3.69031e-05,8554
5152.85,0.00369465,3.69465e-05,8555
5149.82,0.003699,3.699e-05,8556
5146.79,0.00370336,3.70336e-05,8557
5143.75,0.00370774,3.70774e-05,8558
5140.72,0.00371212,3.71212e-05,8559
5137.68,0.00371651,3.71651e-05,8560
5134.63,0.00372092,3.72092e-05,8561
5131.59,0.00372534,3.72534e-05,8562
5128.54,0.00372976,3.72976e-05,8563
5125.49,0.0037342,3.7342e-05,8564
5122.44,0.00373865,3.73865e-05,8565
5119.39,0.00374312,3.74312e-05,8566
5116.33,0.00374759,3.74759e-05,8567
5113.27,0.00375207,3.75207e-05,8568
5110.21,0.00375657,3.75657e-05,8569
5107.15,0.00376108,3.76107e-05,8570
5104.08,0.00376559,3.76559e-05,8571
5101.02,0.00377012,3.77012e-05,8572
5097.95,0.00377467,3.77467e-05,8573
5094.87,0.00377922,3.77922e-05,8574
5091.8,0.00378378,3.78378e-05,8575
5088.72,0.00378836,3.78836e-05,8576
5085.64,0.00379295,3.79295e-05,8577
5082.56,0.00379755,3.79755e-05,8578
5079.48,0.00380216,3.80216e-05,8579
5076.39,0.00380679,3.80679e-05,8580
5073.31,0.00381142,3.81142e-05,8581
5070.22,0.00381607,3.81607e-05,8582
5067.12,0.00382073,3.82073e-05,8583
5064.03,0.0038254,3.8254e-05,8584
5060.93,0.00383008,3.83008e-05,8585
5057.83,0.00383478,3.83478e-05,8586
5054.73,0.00383949,3.83949e-05,8587
5051.63,0.00384421,3.84421e-05,8588
5048.52,0.00384894,3.84894e-05,8589
5045.41,0.00385368,3.85368e-05,8590
5042.3,0.00385844,3.85844e-05,8591
5039.18,0.00386321,3.86321e-05,8592
5036.07,0.00386799,3.86799e-05,8593
5032.95,0.00387279,3.87279e-05,8594
5029.83,0.00387759,3.87759e-05,8595
5026.71,0.00388241,3.88241e-05,8596
5023.58,0.00388724,3.88724e-05,8597
5020.46,0.00389209,3.89209e-05,8598
5017.33,0.00389695,3.89695e-05,8599
5014.19,0.00390182,3.90182e-05,8600
5011.06,0.0039067,3.9067e-05,8601
5007.92,0.00391159,3.91159e-05,8602
5004.78,0.0039165,3.9165e-05,8603
5001.64,0.00392142,3.92142e-05,8604
4998.5,0.00392636,3.92636e-05,8605
4995.35,0.0039313,3.9313e-05,8606
4992.2,0.00393627,3.93627e-05,8607
4989.05,0.00394124,3.94124e-05,8608
4985.9,0.00394623,3.94623e-05,8609
4982.74,0.00395123,3.95123e-05,8610
4979.59,0.00395624,3.95624e-05,8611
4976.43,0.00396126,3.96126e-05,8612
4973.26,0.0039663,3.9663e-05,8613
4970.1,0.00397136,3.97136e-05,8614
4966.93,0.00397642,3.97642e-05,8615
4963.76,0.0039815,3.9815e-05,8616
4960.59,0.0039866,3.9866e-05,8617
4957.42,0.00399171,3.99171e-05,8618
4954.24,0.00399683,3.99683e-05,8619
4951.06,0.00400196,4.00196e-05,8620
4947.88,0.00400711,4.00711e-05,8621
4944.69,0.00401227,4.01227e-05,8622
4941.51,0.00401745,4.01745e-05,8623
4938.32,0.00402264,4.02264e-05,8624
4935.13,0.00402784,4.02784e-05,8625
4931.93,0.00403306,4.03306e-05,8626
4928.74,0.00403829,4.03829e-05,8627
4925.54,0.00404354,4.04354e-05,8628
4922.34,0.0040488,4.0488e-05,8629
4919.14,0.00405407,4.05407e-05,8630
4915.93,0.00405936,4.05936e-05,8631
4912.72,0.00406466,4.06466e-05,8632
4909.51,0.00406998,4.06998e-05,8633
4906.3,0.00407531,4.07531e-05,8634
4903.09,0.00408066,4.08065e-05,8635
4899.87,0.00408602,4.08602e-05,8636
4896.65,0.00409139,4.09139e-05,8637
4893.43,0.00409678,4.09678e-05,8638
4890.2,0.00410219,4.10219e-05,8639
4886.98,0.0041076,4.1076e-05,8640
4883.75,0.00411304,4.11304e-05,8641
4880.51,0.00411849,4.11849e-05,8642
4877.28,0.00412395,4.12395e-05,8643
4874.04,0.00412943,4.12943e-05,8644
4870.8,0.00413492,4.13492e-05,8645
4867.56,0.00414043,4.14043e-05,8646
4864.32,0.00414596,4.14596e-05,8647
4861.07,0.0041515,4.1515e-05,8648
4857.82,0.00415705,4.15705e-05,8649
4854.57,0.00416262,4.16262e-05,8650
4851.32,0.00416821,4.16821e-05,8651
4848.06,0.00417381,4.17381e-05,8652
4844.8,0.00417942,4.17942e-05,8653
4841.54,0.00418506,4.18506e-05,8654
4838.28,0.0041907,4.1907e-05,8655
4835.01,0.00419637,4.19637e-05,8656
4831.75,0.00420205,4.20205e-05,8657
4828.48,0.00420774,4.20774e-05,8658
4825.2,0.00421345,4.21345e-05,8659
4821.93,0.00421918,4.21918e-05,8660
4818.65,0.00422492,4.22492e-05,8661
4815.37,0.00423068,4.23068e-05,8662
4812.08,0.00423645,4.23645e-05,8663
4808.8,0.00424224,4.24224e-05,8664
4805.51,0.00424805,4.24805e-05,8665
4802.22,0.00425387,4.25387e-05,8666
4798.93,0.00425971,4.25971e-05,8667
4795.63,0.00426557,4.26557e-05,8668
4792.33,0.00427144,4.27144e-05,8669
4789.03,0.00427733,4.27733e-05,8670
4785.73,0.00428324,4.28324e-05,8671
4782.43,0.00428916,4.28916e-05,8672
4779.12,0.0042951,4.2951e-05,8673
4775.81,0.00430106,4.30106e-05,8674
4772.5,0.00430703,4.30703e-05,8675
4769.18,0.00431302,4.31302e-05,8676
4765.86,0.00431903,4.31903e-05,8677
4762.54,0.00432505,4.32505e-05,8678
4759.22,0.00433109,4.33109e-05,8679
4755.9,0.00433715,4.33715e-05,8680
4752.57,0.00434323,4.34322e-05,8681
4749.24,0.00434932,4.34932e-05,8682
4745.91,0.00435543,4.35543e-05,8683
4742.57,0.00436156,4.36156e-05,8684
4739.23,0.0043677,4.3677e-05,8685
4735.89,0.00437387,4.37387e-05,8686
4732.55,0.00438005,4.38005e-05,8687
4729.2,0.00438625,4.38625e-05,8688
4725.86,0.00439246,4.39246e-05,8689
4722.51,0.0043987,4.3987e-05,8690
4719.15,0.00440495,4.40495e-05,8691
4715.8,0.00441122,4.41122e-05,8692
4712.44,0.00441751,4.41751e-05,8693
4709.08,0.00442381,4.42381e-05,8694
4705.72,0.00443014,4.43014e-05,8695
4702.35,0.00443648,4.43648e-05,8696
4698.98,0.00444284,4.44284e-05,8697
4695.61,0.00444923,4.44923e-05,8698
4692.24,0.00445562,4.45562e-05,8699
4688.86,0.00446204,4.46204e-05,8700
4685.49,0.00446848,4.46848e-05,8701
4682.11,0.00447493,4.47493e-05,8702
4678.72,0.00448141,4.48141e-05,8703
4675.34,0.0044879,4.4879e-05,8704
4671.95,0.00449441,4.49441e-05,8705
4668.56,0.00450094,4.50094e-05,8706
4665.16,0.00450749,4.50749e-05,8707
4661.77,0.00451406,4.51406e-05,8708
4658.37,0.00452065,4.52065e-05,8709
4654.97,0.00452726,4.52726e-05,8710
4651.56,0.00453389,4.53389e-05,8711
4648.16,0.00454054,4.54054e-05,8712
4644.75,0.0045472,4.5472e-05,8713
4641.34,0.00455389,4.55389e-05,8714
4637.92,0.0045606,4.5606e-05,8715
4634.51,0.00456732,4.56732e-05,8716
4631.09,0.00457407,4.57407e-05,8717
4627.67,0.00458084,4.58084e-05,8718
4624.24,0.00458762,4.58762e-05,8719
4620.82,0.00459443,4.59443e-05,8720
4617.39,0.00460126,4.60126e-05,8721
4613.95,0.0046081,4.60811e-05,8722
4610.52,0.00461497,4.61497e-05,8723
4607.08,0.00462186,4.62186e-05,8724
4603.64,0.00462877,4.62877e-05,8725
4600.2,0.0046357,4.6357e-05,8726
4596.76,0.00464265,4.64265e-05,8727
4593.31,0.00464962,4.64962e-05,8728
4589.86,0.00465662,4.65662e-05,8729
4586.41,0.00466363,4.66363e-05,8730
4582.95,0.00467067,4.67067e-05,8731
4579.49,0.00467772,4.67772e-05,8732
4576.03,0.0046848,4.6848e-05,8733
4572.57,0.0046919,4.6919e-05,8734
4569.1,0.00469902,4.69902e-05,8735
4565.63,0.00470616,4.70616e-05,8736
4562.16,0.00471333,4.71333e-05,8737
4558.69,0.00472051,4.72051e-05,8738
4555.21,0.00472772,4.72772e-05,8739
4551.73,0.00473495,4.73495e-05,8740
4548.25,0.0047422,4.7422e-05,8741
4544.77,0.00474948,4.74948e-05,8742
4541.28,0.00475677,4.75677e-05,8743
4537.79,0.00476409,4.76409e-05,8744
4534.3,0.00477143,4.77143e-05,8745
4530.8,0.0047788,4.7788e-05,8746
4527.31,0.00478618,4.78618e-05,8747
4523.81,0.00479359,4.79359e-05,8748
4520.3,0.00480102,4.80102e-05,8749
4516.8,0.00480848,4.80848e-05,8750
4513.29,0.00481596,4.81596e-05,8751
4509.78,0.00482346,4.82346e-05,8752
4506.27,0.00483098,4.83098e-05,8753
4502.75,0.00483853,4.83853e-05,8754
4499.23,0.0048461,4.8461e-05,8755
4495.71,0.0048537,4.8537e-05,8756
4492.18,0.00486132,4.86132e-05,8757
4488.66,0.00486896,4.86896e-05,8758
4485.13,0.00487662,4.87662e-05,8759
4481.6,0.00488431,4.88431e-05,8760
4478.06,0.00489203,4.89203e-05,8761
4474.52,0.00489977,4.89977e-05,8762
4470.98,0.00490753,4.90753e-05,8763
4467.44,0.00491532,4.91532e-05,8764
4463.89,0.00492313,4.92313e-05,8765
4460.35,0.00493097,4.93097e-05,8766
4456.79,0.00493883,4.93883e-05,8767
4453.24,0.00494671,4.94671e-05,8768
4449.68,0.00495462,4.95462e-05,8769
4446.13,0.00496256,4.96256e-05,8770
4442.56,0.00497052,4.97052e-05,8771
4439,0.0049785,4.9785e-05,8772
4435.43,0.00498652,4.98652e-05,8773
4431.86,0.00499455,4.99455e-05,8774
4428.29,0.00500261,5.00261e-05,8775
4424.71,0.0050107,5.0107e-05,8776
4421.14,0.00501882,5.01882e-05,8777
4417.55,0.00502696,5.02696e-05,8778
4413.97,0.00503512,5.03512e-05,8779
4410.38,0.00504332,5.04332e-05,8780
4406.8,0.00505153,5.05153e-05,8781
4403.2,0.00505978,5.05978e-05,8782
4399.61,0.00506805,5.06805e-05,8783
4396.01,0.00507635,5.07635e-05,8784
4392.41,0.00508467,5.08467e-05,8785
4388.81,0.00509302,5.09302e-05,8786
4385.2,0.0051014,5.1014e-05,8787
4381.59,0.00510981,5.10981e-05,8788
4377.98,0.00511824,5.11824e-05,8789
4374.37,0.0051267,5.1267e-05,8790
4370.75,0.00513519,5.13519e-05,8791
4367.13,0.0051437,5.1437e-05,8792
4363.51,0.00515225,5.15225e-05,8793
4359.89,0.00516082,5.16082e-05,8794
4356.26,0.00516942,5.16942e-05,8795
4352.63,0.00517804,5.17804e-05,8796
4349,0.0051867,5.1867e-05,8797
4345.36,0.00519538,5.19538e-05,8798
4341.72,0.00520409,5.20409e-05,8799
4338.08,0.00521283,5.21283e-05,8800
4334.44,0.0052216,5.2216e-05,8801
4330.79,0.0052304,5.2304e-05,8802
4327.14,0.00523923,5.23923e-05,8803
4323.49,0.00524809,5.24809e-05,8804
4319.83,0.00525697,5.25697e-05,8805
4316.17,0.00526589,5.26589e-05,8806
4312.51,0.00527483,5.27483e-05,8807
4308.85,0.0052838,5.2838e-05,8808
4305.18,0.00529281,5.29281e-05,8809
4301.51,0.00530184,5.30184e-05,8810
4297.84,0.00531091,5.31091e-05,8811
4294.16,0.00532,5.32e-05,8812
4290.49,0.00532913,5.32913e-05,8813
4286.81,0.00533828,5.33828e-05,8814
4283.12,0.00534747,5.34747e-05,8815
4279.44,0.00535668,5.35668e-05,8816
4275.75,0.00536593,5.36593e-05,8817
4272.05,0.00537521,5.37521e-05,8818
4268.36,0.00538452,5.38452e-05,8819
4264.66,0.00539386,5.39386e-05,8820
4260.96,0.00540323,5.40323e-05,8821
4257.26,0.00541264,5.41264e-05,8822
4253.55,0.00542208,5.42208e-05,8823
4249.84,0.00543155,5.43155e-05,8824
4246.13,0.00544105,5.44105e-05,8825
4242.42,0.00545058,5.45058e-05,8826
4238.7,0.00546014,5.46014e-05,8827
4234.98,0.00546974,5.46974e-05,8828
4231.25,0.00547937,5.47937e-05,8829
4227.53,0.00548904,5.48904e-05,8830
4223.8,0.00549873,5.49873e-05,8831
4220.07,0.00550846,5.50846e-05,8832
4216.33,0.00551823,5.51823e-05,8833
4212.59,0.00552802,5.52802e-05,8834
4208.85,0.00553785,5.53785e-05,8835
4205.11,0.00554772,5.54772e-05,8836
4201.36,0.00555761,5.55761e-05,8837
4197.61,0.00556755,5.56755e-05,8838
4193.86,0.00557751,5.57751e-05,8839
4190.11,0.00558751,5.58751e-05,8840
4186.35,0.00559755,5.59755e-05,8841
4182.59,0.00560762,5.60762e-05,8842
4178.83,0.00561773,5.61773e-05,8843
4175.06,0.00562787,5.62787e-05,8844
4171.29,0.00563804,5.63804e-05,8845
4167.52,0.00564825,5.64825e-05,8846
4163.74,0.0056585,5.6585e-05,8847
4159.96,0.00566879,5.66879e-05,8848
4156.18,0.0056791,5.6791e-05,8849
4152.4,0.00568946,5.68946e-05,8850
4148.61,0.00569985,5.69985e-05,8851
4144.82,0.00571028,5.71028e-05,8852
4141.03,0.00572075,5.72075e-05,8853
4137.23,0.00573125,5.73125e-05,8854
4133.43,0.00574179,5.74179e-05,8855
4129.63,0.00575236,5.75236e-05,8856
4125.83,0.00576298,5.76298e-05,8857
4122.02,0.00577363,5.77363e-05,8858
4118.21,0.00578432,5.78432e-05,8859
4114.4,0.00579504,5.79504e-05,8860
4110.58,0.00580581,5.80581e-05,8861
4106.76,0.00581661,5.81661e-05,8862
4102.94,0.00582746,5.82746e-05,8863
4099.11,0.00583834,5.83834e-05,8864
4095.29,0.00584926,5.84926e-05,8865
4091.45,0.00586022,5.86022e-05,8866
4087.62,0.00587121,5.87121e-05,8867
4083.78,0.00588225,5.88225e-05,8868
4079.94,0.00589333,5.89333e-05,8869
4076.1,0.00590445,5.90445e-05,8870
4072.25,0.00591561,5.91561e-05,8871
4068.41,0.0059268,5.9268e-05,8872
4064.55,0.00593804,5.93804e-05,8873
4060.7,0.00594932,5.94932e-05,8874
4056.84,0.00596064,5.96064e-05,8875
4052.98,0.005972,5.972e-05,8876
4049.12,0.0059834,5.9834e-05,8877
4045.25,0.00599485,5.99485e-05,8878
4041.38,0.00600634,6.00634e-05,8879
4037.51,0.00601786,6.01786e-05,8880
4033.63,0.00602943,6.02943e-05,8881
4029.75,0.00604105,6.04105e-05,8882
4025.87,0.0060527,6.0527e-05,8883
4021.99,0.0060644,6.0644e-05,8884
4018.1,0.00607614,6.07614e-05,8885
4014.21,0.00608793,6.08793e-05,8886
4010.31,0.00609975,6.09975e-05,8887
4006.42,0.00611163,6.11163e-05,8888
4002.52,0.00612354,6.12354e-05,8889
3998.61,0.0061355,6.1355e-05,8890
3994.71,0.0061475,6.1475e-05,8891
3990.8,0.00615955,6.15955e-05,8892
3986.89,0.00617165,6.17165e-05,8893
3982.97,0.00618379,6.18379e-05,8894
3979.05,0.00619597,6.19597e-05,8895
3975.13,0.0062082,6.2082e-05,8896
3971.21,0.00622048,6.22048e-05,8897
3967.28,0.0062328,6.2328e-05,8898
3963.35,0.00624516,6.24516e-05,8899
3959.42,0.00625758,6.25758e-05,8900
3955.48,0.00627004,6.27004e-05,8901
3951.54,0.00628255,6.28255e-05,8902
3947.6,0.0062951,6.2951e-05,8903
3943.65,0.00630771,6.30771e-05,8904
3939.7,0.00632036,6.32036e-05,8905
3935.75,0.00633305,6.33305e-05,8906
3931.8,0.0063458,6.3458e-05,8907
3927.84,0.0063586,6.3586e-05,8908
3923.88,0.00637144,6.37144e-05,8909
3919.92,0.00638433,6.38433e-05,8910
3915.95,0.00639728,6.39728e-05,8911
3911.98,0.00641027,6.41027e-05,8912
3908,0.00642331,6.42331e-05,8913
3904.03,0.0064364,6.4364e-05,8914
3900.05,0.00644954,6.44954e-05,8915
3896.07,0.00646274,6.46274e-05,8916
3892.08,0.00647598,6.47598e-05,8917
3888.09,0.00648927,6.48927e-05,8918
3884.1,0.00650262,6.50262e-05,8919
3880.1,0.00651602,6.51602e-05,8920
3876.11,0.00652947,6.52947e-05,8921
3872.1,0.00654297,6.54297e-05,8922
3868.1,0.00655652,6.55652e-05,8923
3864.09,0.00657013,6.57013e-05,8924
3860.08,0.00658379,6.58379e-05,8925
3856.07,0.0065975,6.5975e-05,8926
3852.05,0.00661127,6.61127e-05,8927
3848.03,0.00662509,6.62509e-05,8928
3844.01,0.00663897,6.63897e-05,8929
3839.98,0.0066529,6.6529e-05,8930
3835.95,0.00666688,6.66688e-05,8931
3831.92,0.00668092,6.68092e-05,8932
3827.88,0.00669502,6.69502e-05,8933
3823.84,0.00670917,6.70917e-05,8934
3819.8,0.00672337,6.72337e-05,8935
3815.76,0.00673764,6.73764e-05,8936
3811.71,0.00675196,6.75196e-05,8937
3807.66,0.00676633,6.76633e-05,8938
3803.6,0.00678077,6.78077e-05,8939
3799.54,0.00679526,6.79526e-05,8940
3795.48,0.00680981,6.80981e-05,8941
3791.42,0.00682442,6.82442e-05,8942
3787.35,0.00683908,6.83908e-05,8943
3783.28,0.00685381,6.85381e-05,8944
3779.21,0.00686859,6.86859e-05,8945
3775.13,0.00688344,6.88344e-05,8946
3771.05,0.00689834,6.89834e-05,8947
3766.97,0.0069133,6.9133e-05,8948
3762.88,0.00692833,6.92833e-05,8949
3758.79,0.00694341,6.94341e-05,8950
3754.7,0.00695856,6.95856e-05,8951
3750.6,0.00697377,6.97377e-05,8952
3746.5,0.00698904,6.98904e-05,8953
3742.4,0.00700437,7.00437e-05,8954
3738.29,0.00701976,7.01976e-05,8955
3734.18,0.00703522,7.03522e-05,8956
3730.07,0.00705074,7.05074e-05,8957
3725.96,0.00706632,7.06632e-05,8958
3721.84,0.00708197,7.08197e-05,8959
3717.72,0.00709768,7.09768e-05,8960
3713.59,0.00711346,7.11346e-05,8961
3709.46,0.0071293,7.1293e-05,8962
3705.33,0.00714521,7.14521e-05,8963
3701.2,0.00716118,7.16118e-05,8964
3697.06,0.00717722,7.17722e-05,8965
3692.92,0.00719333,7.19333e-05,8966
3688.77,0.0072095,7.2095e-05,8967
3684.62,0.00722574,7.22574e-05,8968
3680.47,0.00724205,7.24205e-05,8969
3676.32,0.00725843,7.25843e-05,8970
3672.16,0.00727487,7.27487e-05,8971
3668,0.00729139,7.29139e-05,8972
3663.84,0.00730797,7.30797e-05,8973
3659.67,0.00732463,7.32462e-05,8974
3655.5,0.00734135,7.34135e-05,8975
3651.32,0.00735814,7.35814e-05,8976
3647.15,0.00737501,7.37501e-05,8977
3642.97,0.00739194,7.39194e-05,8978
3638.78,0.00740895,7.40895e-05,8979
3634.6,0.00742603,7.42603e-05,8980
3630.41,0.00744318,7.44318e-05,8981
3626.21,0.00746041,7.46041e-05,8982
3622.02,0.00747771,7.47771e-05,8983
3617.82,0.00749508,7.49508e-05,8984
3613.61,0.00751253,7.51253e-05,8985
3609.41,0.00753005,7.53005e-05,8986
3605.2,0.00754764,7.54765e-05,8987
3600.98,0.00756532,7.56532e-05,8988
3596.77,0.00758307,7.58307e-05,8989
3592.55,0.00760089,7.60089e-05,8990
3588.32,0.00761879,7.61879e-05,8991
3584.1,0.00763677,7.63677e-05,8992
3579.87,0.00765483,7.65483e-05,8993
3575.63,0.00767297,7.67297e-05,8994
3571.4,0.00769118,7.69118e-05,8995
3567.16,0.00770947,7.70948e-05,8996
3562.91,0.00772785,7.72785e-05,8997
3558.67,0.0077463,7.7463e-05,8998
3554.42,0.00776484,7.76484e-05,8999
3550.16,0.00778345,7.78345e-05,9000
3545.91,0.00780215,7.80215e-05,9001
3541.65,0.00782093,7.82093e-05,9002
3537.38,0.00783979,7.83979e-05,9003
3533.12,0.00785874,7.85874e-05,9004
3528.85,0.00787777,7.87777e-05,9005
3524.57,0.00789688,7.89688e-05,9006
3520.3,0.00791608,7.91608e-05,9007
3516.02,0.00793536,7.93536e-05,9008
3511.73,0.00795473,7.95473e-05,9009
3507.45,0.00797419,7.97419e-05,9010
3503.16,0.00799373,7.99373e-05,9011
3498.86,0.00801336,8.01336e-05,9012
3494.57,0.00803308,8.03308e-05,9013
3490.27,0.00805288,8.05288e-05,9014
3485.96,0.00807278,8.07278e-05,9015
3481.66,0.00809276,8.09276e-05,9016
3477.35,0.00811284,8.11284e-05,9017
3473.03,0.008133,8.133e-05,9018
3468.72,0.00815326,8.15326e-05,9019
3464.4,0.00817361,8.17361e-05,9020
3460.07,0.00819405,8.19405e-05,9021
3455.75,0.00821458,8.21458e-05,9022
3451.42,0.00823521,8.23521e-05,9023
3447.08,0.00825593,8.25593e-05,9024
3442.74,0.00827674,8.27674e-05,9025
3438.4,0.00829765,8.29765e-05,9026
3434.06,0.00831866,8.31866e-05,9027
3429.71,0.00833976,8.33976e-05,9028
3425.36,0.00836096,8.36096e-05,9029
3421.01,0.00838226,8.38226e-05,9030
3416.65,0.00840366,8.40366e-05,9031
3412.29,0.00842515,8.42515e-05,9032
3407.92,0.00844675,8.44675e-05,9033
3403.55,0.00846844,8.46844e-05,9034
3399.18,0.00849024,8.49024e-05,9035
3394.81,0.00851213,8.51213e-05,9036
3390.43,0.00853413,8.53413e-05,9037
3386.05,0.00855623,8.55623e-05,9038
3381.66,0.00857844,8.57844e-05,9039
3377.28,0.00860075,8.60075e-05,9040
3372.88,0.00862316,8.62316e-05,9041
3368.49,0.00864568,8.64568e-05,9042
3364.09,0.0086683,8.6683e-05,9043
3359.69,0.00869103,8.69103e-05,9044
3355.28,0.00871387,8.71387e-05,9045
3350.87,0.00873682,8.73682e-05,9046
3346.46,0.00875987,8.75987e-05,9047
3342.04,0.00878304,8.78304e-05,9048
3337.62,0.00880631,8.80631e-05,9049
3333.2,0.0088297,8.8297e-05,9050
3328.77,0.0088532,8.8532e-05,9051
3324.35,0.00887681,8.87681e-05,9052
3319.91,0.00890053,8.90053e-05,9053
3315.47,0.00892437,8.92437e-05,9054
3311.03,0.00894832,8.94832e-05,9055
3306.59,0.00897239,8.97239e-05,9056
3302.14,0.00899657,8.99657e-05,9057
3297.69,0.00902087,9.02087e-05,9058
3293.24,0.00904529,9.04529e-05,9059
3288.78,0.00906983,9.06983e-05,9060
3284.32,0.00909448,9.09448e-05,9061
3279.86,0.00911926,9.11926e-05,9062
3275.39,0.00914415,9.14415e-05,9063
3270.92,0.00916917,9.16917e-05,9064
3266.44,0.00919431,9.19431e-05,9065
3261.96,0.00921957,9.21957e-05,9066
3257.48,0.00924496,9.24496e-05,9067
3253,0.00927047,9.27047e-05,9068
3248.51,0.00929611,9.29611e-05,9069
3244.02,0.00932187,9.32188e-05,9070
3239.52,0.00934777,9.34777e-05,9071
3235.02,0.00937379,9.37379e-05,9072
3230.52,0.00939994,9.39994e-05,9073
3226.01,0.00942621,9.42621e-05,9074
3221.5,0.00945262,9.45262e-05,9075
3216.99,0.00947917,9.47917e-05,9076
3212.47,0.00950584,9.50584e-05,9077
3207.95,0.00953265,9.53265e-05,9078
3203.43,0.00955959,9.55959e-05,9079
3198.9,0.00958667,9.58667e-05,9080
3194.37,0.00961388,9.61388e-05,9081
3189.84,0.00964123,9.64123e-05,9082
3185.3,0.00966872,9.66872e-05,9083
3180.76,0.00969635,9.69635e-05,9084
3176.21,0.00972411,9.72411e-05,9085
3171.66,0.00975202,9.75202e-05,9086
3167.11,0.00978007,9.78007e-05,9087
3162.56,0.00980827,9.80827e-05,9088
3158,0.0098366,9.8366e-05,9089
3153.44,0.00986509,9.86509e-05,9090
3148.87,0.00989372,9.89372e-05,9091
3144.3,0.00992249,9.92249e-05,9092
3139.73,0.00995142,9.95142e-05,9093
3135.15,0.00998049,9.98049e-05,9094
3130.57,0.0100097,0.000100097,9095
3125.99,0.0100391,0.000100391,9096
3121.4,0.0100686,0.000100686,9097
3116.81,0.0100983,0.000100983,9098
3112.22,0.0101281,0.000101281,9099
3107.62,0.0101581,0.000101581,9100
3103.02,0.0101883,0.000101883,9101
3098.42,0.0102186,0.000102186,9102
3093.81,0.010249,0.00010249,9103
3089.2,0.0102796,0.000102796,9104
3084.58,0.0103104,0.000103104,9105
3079.96,0.0103414,0.000103414,9106
3075.34,0.0103725,0.000103725,9107
3070.72,0.0104037,0.000104037,9108
3066.09,0.0104352,0.000104352,9109
3061.45,0.0104668,0.000104668,9110
3056.82,0.0104986,0.000104986,9111
3052.18,0.0105305,0.000105305,9112
3047.54,0.0105626,0.000105626,9113
3042.89,0.0105949,0.000105949,9114
3038.24,0.0106273,0.000106274,9115
3033.59,0.01066,0.0001066,9116
3028.93,0.0106928,0.000106928,9117
3024.27,0.0107258,0.000107258,9118
3019.6,0.0107589,0.000107589,9119
3014.94,0.0107923,0.000107923,9120
3010.27,0.0108258,0.000108258,9121
3005.59,0.0108595,0.000108595,9122
3000.91,0.0108934,0.000108934,9123
2996.23,0.0109274,0.000109274,9124
2991.55,0.0109617,0.000109617,9125
2986.86,0.0109961,0.000109961,9126
2982.17,0.0110308,0.000110308,9127
2977.47,0.0110656,0.000110656,9128
2972.77,0.0111006,0.000111006,9129
2968.07,0.0111358,0.000111358,9130
2963.36,0.0111712,0.000111712,9131
2958.65,0.0112068,0.000112068,9132
2953.94,0.0112426,0.000112426,9133
2949.22,0.0112786,0.000112786,9134
2944.5,0.0113148,0.000113148,9135
2939.78,0.0113512,0.000113512,9136
2935.05,0.0113877,0.000113877,9137
2930.32,0.0114245,0.000114245,9138
2925.59,0.0114616,0.000114616,9139
2920.85,0.0114988,0.000114988,9140
2916.11,0.0115362,0.000115362,9141
2911.36,0.0115738,0.000115738,9142
2906.61,0.0116117,0.000116117,9143
2901.86,0.0116497,0.000116497,9144
2897.11,0.011688,0.00011688,9145
2892.35,0.0117265,0.000117265,9146
2887.59,0.0117652,0.000117652,9147
2882.82,0.0118041,0.000118041,9148
2878.05,0.0118433,0.000118433,9149
2873.28,0.0118827,0.000118827,9150
2868.5,0.0119223,0.000119223,9151
2863.72,0.0119621,0.000119621,9152
2858.94,0.0120021,0.000120021,9153
2854.15,0.0120424,0.000120424,9154
2849.36,0.0120829,0.000120829,9155
2844.57,0.0121237,0.000121237,9156
2839.78,0.0121647,0.000121647,9157
2834.98,0.0122059,0.000122059,9158
2830.17,0.0122474,0.000122474,9159
2825.36,0.0122891,0.000122891,9160
2820.55,0.0123311,0.000123311,9161
2815.74,0.0123733,0.000123733,9162
2810.92,0.0124157,0.000124157,9163
2806.1,0.0124584,0.000124584,9164
2801.28,0.0125013,0.000125013,9165
2796.45,0.0125445,0.000125445,9166
2791.62,0.012588,0.00012588,9167
2786.79,0.0126317,0.000126317,9168
2781.95,0.0126757,0.000126757,9169
2777.11,0.0127199,0.000127199,9170
2772.26,0.0127644,0.000127644,9171
2767.41,0.0128092,0.000128092,9172
2762.56,0.0128542,0.000128542,9173
2757.71,0.0128995,0.000128995,9174
2752.85,0.0129451,0.000129451,9175
2747.99,0.0129909,0.000129909,9176
2743.12,0.013037,0.00013037,9177
2738.25,0.0130834,0.000130834,9178
2733.38,0.0131301,0.000131301,9179
2728.51,0.0131771,0.000131771,9180
2723.63,0.0132243,0.000132243,9181
2718.75,0.0132718,0.000132718,9182
2713.86,0.0133197,0.000133197,9183
2708.98,0.0133678,0.000133678,9184
2704.08,0.0134162,0.000134162,9185
2699.19,0.0134649,0.000134649,9186
2694.29,0.0135139,0.000135139,9187
2689.39,0.0135632,0.000135632,9188
2684.48,0.0136128,0.000136128,9189
2679.58,0.0136627,0.000136627,9190
2674.67,0.0137129,0.000137129,9191
2669.75,0.0137635,0.000137635,9192
2664.83,0.0138143,0.000138143,9193
2659.91,0.0138655,0.000138655,9194
2654.99,0.0139169,0.00013917,9195
2650.06,0.0139688,0.000139688,9196
2645.13,0.0140209,0.000140209,9197
2640.2,0.0140733,0.000140733,9198
2635.26,0.0141261,0.000141261,9199
2630.32,0.0141792,0.000141792,9200
2625.37,0.0142327,0.000142327,9201
2620.43,0.0142865,0.000142865,9202
2615.48,0.0143406,0.000143406,9203
2610.52,0.0143951,0.000143951,9204
2605.57,0.0144499,0.000144499,9205
2600.61,0.0145051,0.000145051,9206
2595.65,0.0145606,0.000145606,9207
2590.68,0.0146164,0.000146164,9208
2585.71,0.0146727,0.000146727,9209
2580.74,0.0147293,0.000147293,9210
2575.76,0.0147862,0.000147862,9211
2570.79,0.0148435,0.000148435,9212
2565.8,0.0149012,0.000149012,9213
2560.82,0.0149593,0.000149593,9214
2555.83,0.0150177,0.000150177,9215
2550.84,0.0150765,0.000150765,9216
2545.85,0.0151357,0.000151357,9217
2540.85,0.0151953,0.000151953,9218
2535.85,0.0152553,0.000152553,9219
2530.85,0.0153157,0.000153157,9220
2525.84,0.0153764,0.000153764,9221
2520.84,0.0154376,0.000154376,9222
2515.83,0.0154992,0.000154992,9223
2510.81,0.0155611,0.000155611,9224
2505.79,0.0156235,0.000156235,9225
2500.77,0.0156863,0.000156863,9226
2495.75,0.0157495,0.000157495,9227
2490.72,0.0158131,0.000158131,9228
2485.7,0.0158772,0.000158772,9229
2480.66,0.0159416,0.000159416,9230
2475.63,0.0160065,0.000160065,9231
2470.59,0.0160719,0.000160719,9232
2465.55,0.0161377,0.000161377,9233
2460.51,0.0162039,0.000162039,9234
2455.46,0.0162705,0.000162705,9235
2450.42,0.0163376,0.000163376,9236
2445.36,0.0164052,0.000164052,9237
2440.31,0.0164732,0.000164732,9238
2435.25,0.0165417,0.000165417,9239
2430.19,0.0166107,0.000166107,9240
2425.13,0.0166801,0.000166801,9241
2420.07,0.01675,0.0001675,9242
2415,0.0168203,0.000168203,9243
2409.93,0.0168912,0.000168912,9244
2404.86,0.0169625,0.000169625,9245
2399.78,0.0170343,0.000170343,9246
2394.71,0.0171066,0.000171066,9247
2389.63,0.0171794,0.000171794,9248
2384.54,0.0172528,0.000172528,9249
2379.46,0.0173266,0.000173266,9250
2374.37,0.0174009,0.000174009,9251
2369.28,0.0174758,0.000174758,9252
2364.19,0.0175511,0.000175511,9253
2359.09,0.017627,0.00017627,9254
2354,0.0177034,0.000177034,9255
2348.9,0.0177804,0.000177804,9256
2343.79,0.0178579,0.000178579,9257
2338.69,0.0179359,0.000179359,9258
2333.58,0.0180145,0.000180145,9259
2328.48,0.0180936,0.000180936,9260
2323.36,0.0181733,0.000181733,9261
2318.25,0.0182536,0.000182536,9262
2313.14,0.0183344,0.000183344,9263
2308.02,0.0184158,0.000184158,9264
2302.9,0.0184978,0.000184978,9265
2297.78,0.0185803,0.000185803,9266
2292.65,0.0186635,0.000186635,9267
2287.53,0.0187472,0.000187472,9268
2282.4,0.0188315,0.000188315,9269
2277.27,0.0189165,0.000189165,9270
2272.14,0.019002,0.00019002,9271
2267,0.0190882,0.000190882,9272
2261.87,0.019175,0.00019175,9273
2256.73,0.0192624,0.000192624,9274
2251.59,0.0193504,0.000193504,9275
2246.45,0.0194391,0.000194391,9276
2241.31,0.0195284,0.000195284,9277
2236.16,0.0196184,0.000196184,9278
2231.01,0.019709,0.00019709,9279
2225.87,0.0198003,0.000198003,9280
2220.72,0.0198922,0.000198922,9281
2215.57,0.0199848,0.000199848,9282
2210.41,0.0200781,0.000200781,9283
2205.26,0.0201721,0.000201721,9284
2200.1,0.0202667,0.000202667,9285
2194.94,0.0203621,0.000203621,9286
2189.79,0.0204581,0.000204581,9287
2184.63,0.0205549,0.000205549,9288
2179.46,0.0206524,0.000206524,9289
2174.3,0.0207506,0.000207506,9290
2169.14,0.0208495,0.000208495,9291
2163.97,0.0209491,0.000209491,9292
2158.8,0.0210495,0.000210495,9293
2153.64,0.0211507,0.000211507,9294
2148.47,0.0212526,0.000212526,9295
2143.3,0.0213552,0.000213552,9296
2138.13,0.0214586,0.000214586,9297
2132.96,0.0215628,0.000215628,9298
2127.78,0.0216678,0.000216678,9299
2122.61,0.0217735,0.000217735,9300
2117.43,0.0218801,0.000218801,9301
2112.26,0.0219874,0.000219874,9302
2107.08,0.0220956,0.000220956,9303
2101.91,0.0222046,0.000222046,9304
2096.73,0.0223143,0.000223143,9305
2091.55,0.022425,0.00022425,9306
2086.37,0.0225364,0.000225364,9307
2081.2,0.0226487,0.000226487,9308
2076.02,0.0227619,0.000227619,9309
2070.84,0.0228759,0.000228759,9310
2065.66,0.0229907,0.000229907,9311
2060.48,0.0231065,0.000231065,9312
2055.3,0.0232231,0.000232231,9313
2050.12,0.0233406,0.000233406,9314
2044.94,0.023459,0.00023459,9315
2039.75,0.0235783,0.000235783,9316
2034.57,0.0236986,0.000236986,9317
2029.39,0.0238197,0.000238197,9318
2024.21,0.0239418,0.000239418,9319
2019.03,0.0240648,0.000240648,9320
2013.85,0.0241887,0.000241887,9321
2008.67,0.0243136,0.000243136,9322
2003.5,0.0244395,0.000244395,9323
1998.32,0.0245663,0.000245663,9324
1993.14,0.0246941,0.000246941,9325
1987.96,0.0248229,0.000248229,9326
1982.79,0.0249527,0.000249527,9327
1977.61,0.0250835,0.000250835,9328
1972.44,0.0252153,0.000252153,9329
1967.26,0.0253481,0.000253481,9330
1962.09,0.0254819,0.000254819,9331
1956.92,0.0256168,0.000256168,9332
1951.75,0.0257527,0.000257527,9333
1946.58,0.0258897,0.000258897,9334
1941.41,0.0260277,0.000260277,9335
1936.24,0.0261668,0.000261668,9336
1931.08,0.026307,0.00026307,9337
1925.91,0.0264482,0.000264482,9338
1920.75,0.0265906,0.000265906,9339
1915.59,0.026734,0.00026734,9340
1910.43,0.0268786,0.000268786,9341
1905.27,0.0270243,0.000270243,9342
1900.12,0.0271711,0.000271711,9343
1894.97,0.0273191,0.000273191,9344
1889.81,0.0274682,0.000274682,9345
1884.67,0.0276185,0.000276185,9346
1879.52,0.0277699,0.000277699,9347
1874.38,0.0279226,0.000279226,9348
1869.24,0.0280764,0.000280764,9349
1864.1,0.0282314,0.000282314,9350
1858.96,0.0283876,0.000283876,9351
1853.83,0.028545,0.00028545,9352
1848.7,0.0287036,0.000287036,9353
1843.57,0.0288635,0.000288635,9354
1838.45,0.0290246,0.000290246,9355
1833.33,0.029187,0.00029187,9356
1828.21,0.0293506,0.000293506,9357
1823.1,0.0295154,0.000295154,9358
1817.99,0.0296816,0.000296816,9359
1812.88,0.029849,0.00029849,9360
1807.78,0.0300178,0.000300178,9361
1802.68,0.0301878,0.000301878,9362
1797.59,0.0303591,0.000303591,9363
1792.5,0.0305318,0.000305318,9364
1787.41,0.0307058,0.000307058,9365
1782.33,0.0308811,0.000308811,9366
1777.25,0.0310578,0.000310578,9367
1772.18,0.0312359,0.000312359,9368
1767.11,0.0314152,0.000314153,9369
1762.05,0.031596,0.00031596,9370
1756.99,0.0317782,0.000317782,9371
1751.94,0.0319617,0.000319617,9372
1746.89,0.0321466,0.000321466,9373
1741.85,0.032333,0.00032333,9374
1736.82,0.0325207,0.000325207,9375
1731.79,0.0327099,0.000327099,9376
1726.76,0.0329005,0.000329005,9377
1721.75,0.0330926,0.000330926,9378
1716.74,0.033286,0.00033286,9379
1711.73,0.033481,0.00033481,9380
1706.73,0.0336774,0.000336774,9381
1701.74,0.0338752,0.000338752,9382
1696.76,0.0340746,0.000340746,9383
1691.78,0.0342754,0.000342754,9384
1686.81,0.0344777,0.000344777,9385
1681.84,0.0346815,0.000346815,9386
1676.89,0.0348868,0.000348868,9387
1671.94,0.0350936,0.000350936,9388
1667,0.0353019,0.000353019,9389
1662.07,0.0355117,0.000355117,9390
1657.14,0.0357231,0.000357231,9391
1652.23,0.0359359,0.000359359,9392
1647.32,0.0361503,0.000361503,9393
1642.42,0.0363663,0.000363663,9394
1637.53,0.0365837,0.000365837,9395
1632.65,0.0368028,0.000368028,9396
1627.78,0.0370233,0.000370233,9397
1622.92,0.0372455,0.000372455,9398
1618.07,0.0374691,0.000374691,9399
1613.23,0.0376944,0.000376944,9400
1608.4,0.0379212,0.000379212,9401
1603.58,0.0381495,0.000381495,9402
1598.77,0.0383794,0.000383794,9403
1593.97,0.0386109,0.000386109,9404
1589.18,0.0388439,0.000388439,9405
1584.4,0.0390785,0.000390785,9406
1579.64,0.0393147,0.000393147,9407
1574.88,0.0395524,0.000395524,9408
1570.14,0.0397917,0.000397917,9409
1565.41,0.0400325,0.000400325,9410
1560.69,0.0402749,0.000402749,9411
1555.99,0.0405189,0.000405189,9412
1551.29,0.0407644,0.000407644,9413
1546.61,0.0410114,0.000410114,9414
1541.95,0.04126,0.0004126,9415
1537.3,0.0415101,0.000415101,9416
1532.66,0.0417618,0.000417618,9417
1528.03,0.0420149,0.000420149,9418
1523.42,0.0422696,0.000422696,9419
1518.83,0.0425258,0.000425258,9420
1514.25,0.0427835,0.000427835,9421
1509.68,0.0430427,0.000430427,9422
1505.13,0.0433033,0.000433033,9423
1500.59,0.0435655,0.000435655,9424
1496.08,0.0438291,0.000438291,9425
1491.57,0.0440941,0.000440941,9426
1487.09,0.0443605,0.000443605,9427
1482.62,0.0446284,0.000446284,9428
1478.16,0.0448976,0.000448976,9429
1473.73,0.0451683,0.000451683,9430
1469.31,0.0454403,0.000454403,9431
1464.91,0.0457136,0.000457136,9432
1460.53,0.0459883,0.000459883,9433
1456.17,0.0462643,0.000462643,9434
1451.82,0.0465415,0.000465415,9435
1447.5,0.0468201,0.000468201,9436
1443.19,0.0470998,0.000470998,9437
1438.91,0.0473808,0.000473808,9438
1434.64,0.047663,0.00047663,9439
1430.4,0.0479463,0.000479463,9440
1426.17,0.0482307,0.000482307,9441
1421.97,0.0485163,0.000485163,9442
1417.79,0.0488029,0.000488029,9443
1413.63,0.0490905,0.000490905,9444
1409.49,0.0493792,0.000493792,9445
1405.38,0.0496688,0.000496688,9446
1401.28,0.0499594,0.000499594,9447
1397.21,0.0502508,0.000502508,9448
1393.17,0.0505431,0.000505431,9449
1389.15,0.0508363,0.000508363,9450
1385.15,0.0511301,0.000511301,9451
1381.17,0.0514248,0.000514248,9452
1377.23,0.0517201,0.000517201,9453
1373.3,0.052016,0.00052016,9454
1369.4,0.0523125,0.000523125,9455
1365.53,0.0526096,0.000526096,9456
1361.69,0.0529072,0.000529072,9457
1357.87,0.0532051,0.000532051,9458
1354.08,0.0535035,0.000535035,9459
1350.31,0.0538022,0.000538022,9460
1346.58,0.0541012,0.000541012,9461
1342.87,0.0544003,0.000544003,9462
1339.19,0.0546997,0.000546997,9463
1335.54,0.054999,0.00054999,9464
1331.92,0.0552985,0.000552985,9465
1328.33,0.0555978,0.000555978,9466
1324.77,0.0558971,0.000558971,9467
1321.24,0.0561962,0.000561962,9468
1317.74,0.056495,0.00056495,9469
1314.27,0.0567935,0.000567935,9470
1310.84,0.0570916,0.000570916,9471
1307.43,0.0573892,0.000573892,9472
1304.06,0.0576863,0.000576863,9473
1300.72,0.0579827,0.000579827,9474
1297.42,0.0582785,0.000582785,9475
1294.15,0.0585734,0.000585734,9476
1290.91,0.0588674,0.000588674,9477
1287.71,0.0591605,0.000591605,9478
1284.54,0.0594525,0.000594525,9479
1281.41,0.0597434,0.000597434,9480
1278.32,0.0600331,0.000600331,9481
1275.26,0.0603214,0.000603214,9482
1272.24,0.0606084,0.000606084,9483
1269.25,0.0608938,0.000608938,9484
1266.31,0.0611776,0.000611776,9485
1263.4,0.0614597,0.000614597,9486
1260.52,0.06174,0.0006174,9487
1257.69,0.0620184,0.000620184,9488
1254.9,0.0622948,0.000622948,9489
1252.14,0.0625692,0.000625692,9490
1249.43,0.0628413,0.000628413,9491
1246.76,0.0631111,0.000631111,9492
1244.12,0.0633785,0.000633785,9493
1241.53,0.0636434,0.000636434,9494
1238.98,0.0639057,0.000639057,9495
1236.47,0.0641652,0.000641652,9496
1234.01,0.0644219,0.000644219,9497
1231.58,0.0646757,0.000646757,9498
1229.2,0.0649264,0.000649264,9499
1226.87,0.065174,0.00065174,9500
1224.57,0.0654183,0.000654183,9501
1222.32,0.0656593,0.000656593,9502
1220.12,0.0658967,0.000658967,9503
1217.96,0.0661306,0.000661306,9504
1215.85,0.0663608,0.000663608,9505
1213.78,0.0665872,0.000665872,9506
1211.76,0.0668096,0.000668097,9507
1209.78,0.0670281,0.000670281,9508
1207.85,0.0672424,0.000672424,9509
1205.97,0.0674526,0.000674526,9510
1204.13,0.0676583,0.000676583,9511
1202.34,0.0678597,0.000678597,9512
1200.6,0.0680565,0.000680565,9513
1198.91,0.0682487,0.000682487,9514
1197.27,0.0684361,0.000684361,9515
1195.68,0.0686187,0.000686187,9516
1194.13,0.0687964,0.000687964,9517
1192.63,0.068969,0.00068969,9518
1191.19,0.0691366,0.000691366,9519
1189.79,0.0692989,0.000692989,9520
1188.45,0.0694559,0.000694559,9521
1187.15,0.0696076,0.000696076,9522
1185.91,0.0697537,0.000697537,9523
1184.71,0.0698944,0.000698944,9524
1183.57,0.0700293,0.000700293,9525
1182.48,0.0701586,0.000701586,9526
1181.44,0.0702821,0.000702821,9527
1180.45,0.0703998,0.000703998,9528
1179.52,0.0705115,0.000705115,9529
1178.63,0.0706173,0.000706173,9530
1177.8,0.070717,0.00070717,9531
1177.02,0.0708106,0.000708106,9532
1176.3,0.070898,0.00070898,9533
1175.62,0.0709793,0.000709793,9534
1175,0.0710542,0.000710542,9535
1174.44,0.0711229,0.000711229,9536
1173.92,0.0711852,0.000711852,9537
1173.46,0.0712411,0.000712411,9538
1173.05,0.0712907,0.000712907,9539
1172.7,0.0713337,0.000713337,9540
1172.4,0.0713703,0.000713703,9541
1172.15,0.0714004,0.000714004,9542
1171.96,0.071424,0.00071424,9543
1171.82,0.0714411,0.000714411,9544
1171.73,0.0714515,0.000714515,9545
1171.7,0.0714555,0.000714555,9546
1171.72,0.0714529,0.000714529,9547
1171.8,0.0714438,0.000714438,9548
1171.93,0.0714281,0.000714281,9549
1172.11,0.0714059,0.000714059,9550
1172.34,0.0713772,0.000713772,9551
1172.63,0.071342,0.00071342,9552
1172.98,0.0713003,0.000713003,9553
1173.37,0.0712521,0.000712521,9554
1173.82,0.0711975,0.000711975,9555
1174.32,0.0711366,0.000711366,9556
1174.88,0.0710692,0.000710692,9557
1175.49,0.0709956,0.000709956,9558
1176.15,0.0709157,0.000709157,9559
1176.87,0.0708296,0.000708296,9560
1177.63,0.0707373,0.000707373,9561
1178.45,0.0706388,0.000706388,9562
1179.33,0.0705343,0.000705343,9563
1180.25,0.0704239,0.000704239,9564
1181.23,0.0703075,0.000703075,9565
1182.26,0.0701852,0.000701852,9566
1183.34,0.0700571,0.000700571,9567
1184.47,0.0699233,0.000699233,9568
1185.65,0.0697839,0.000697839,9569
1186.89,0.0696388,0.000696388,9570
1188.17,0.0694883,0.000694883,9571
1189.5,0.0693324,0.000693324,9572
1190.89,0.0691712,0.000691712,9573
1192.33,0.0690048,0.000690048,9574
1193.81,0.0688332,0.000688332,9575
1195.35,0.0686566,0.000686566,9576
1196.93,0.068475,0.00068475,9577
1198.56,0.0682886,0.000682886,9578
1200.24,0.0680974,0.000680974,9579
1201.97,0.0679016,0.000679016,9580
1203.75,0.0677012,0.000677012,9581
1205.58,0.0674963,0.000674963,9582
1207.45,0.0672871,0.000672871,9583
1209.37,0.0670736,0.000670737,9584
1211.33,0.066856,0.00066856,9585
1213.35,0.0666344,0.000666344,9586
1215.41,0.0664089,0.000664088,9587
1217.51,0.0661794,0.000661794,9588
1219.66,0.0659464,0.000659464,9589
1221.86,0.0657096,0.000657096,9590
1224.1,0.0654694,0.000654694,9591
1226.38,0.0652258,0.000652258,9592
1228.71,0.0649789,0.000649789,9593
1231.08,0.0647288,0.000647288,9594
1233.49,0.0644757,0.000644757,9595
1235.95,0.0642196,0.000642196,9596
1238.45,0.0639606,0.000639606,9597
1240.99,0.0636989,0.000636989,9598
1243.57,0.0634346,0.000634346,9599
1246.2,0.0631677,0.000631677,9600
1248.86,0.0628984,0.000628984,9601
1251.57,0.0626267,0.000626268,9602
1254.31,0.0623529,0.000623529,9603
1257.1,0.0620769,0.000620769,9604
1259.92,0.0617989,0.000617989,9605
1262.79,0.061519,0.00061519,9606
1265.69,0.0612372,0.000612372,9607
1268.63,0.0609538,0.000609538,9608
1271.6,0.0606687,0.000606687,9609
1274.62,0.0603821,0.000603821,9610
1277.67,0.060094,0.00060094,9611
1280.76,0.0598046,0.000598046,9612
1283.88,0.059514,0.00059514,9613
1287.04,0.0592222,0.000592222,9614
1290.23,0.0589293,0.000589293,9615
1293.46,0.0586355,0.000586355,9616
1296.73,0.0583407,0.000583407,9617
1300.02,0.0580452,0.000580452,9618
1303.36,0.0577489,0.000577489,9619
1306.72,0.0574519,0.000574519,9620
1310.12,0.0571544,0.000571544,9621
1313.54,0.0568564,0.000568564,9622
1317.01,0.056558,0.00056558,9623
1320.5,0.0562592,0.000562592,9624
1324.02,0.0559602,0.000559602,9625
1327.58,0.055661,0.00055661,9626
1331.16,0.0553616,0.000553616,9627
1334.77,0.0550622,0.000550622,9628
1338.42,0.0547628,0.000547628,9629
1342.09,0.0544635,0.000544635,9630
1345.79,0.0541643,0.000541643,9631
1349.52,0.0538652,0.000538652,9632
1353.28,0.0535665,0.000535665,9633
1357.07,0.053268,0.00053268,9634
1360.88,0.05297,0.0005297,9635
1364.72,0.0526723,0.000526723,9636
1368.59,0.0523752,0.000523752,9637
1372.48,0.0520785,0.000520785,9638
1376.4,0.0517824,0.000517824,9639
1380.34,0.051487,0.00051487,9640
1384.31,0.0511922,0.000511922,9641
1388.3,0.0508982,0.000508982,9642
1392.32,0.0506049,0.000506049,9643
1396.36,0.0503124,0.000503124,9644
1400.42,0.0500208,0.000500208,9645
1404.51,0.04973,0.0004973,9646
1408.62,0.0494402,0.000494402,9647
1412.76,0.0491513,0.000491513,9648
1416.91,0.0488635,0.000488635,9649
1421.09,0.0485766,0.000485766,9650
1425.29,0.0482909,0.000482909,9651
1429.51,0.0480062,0.000480062,9652
1433.75,0.0477226,0.000477226,9653
1438.01,0.0474402,0.000474402,9654
1442.29,0.047159,0.00047159,9655
1446.59,0.046879,0.00046879,9656
1450.91,0.0466002,0.000466002,9657
1455.25,0.0463226,0.000463226,9658
1459.61,0.0460464,0.000460464,9659
1463.99,0.0457715,0.000457715,9660
1468.38,0.0454978,0.000454978,9661
1472.8,0.0452255,0.000452255,9662
1477.23,0.0449546,0.000449546,9663
1481.68,0.044685,0.00044685,9664
1486.14,0.0444169,0.000444169,9665
1490.63,0.0441501,0.000441501,9666
1495.12,0.0438848,0.000438848,9667
1499.64,0.0436209,0.000436209,9668
1504.17,0.0433585,0.000433585,9669
1508.72,0.0430975,0.000430975,9670
1513.28,0.042838,0.00042838,9671
1517.86,0.04258,0.0004258,9672
1522.45,0.0423235,0.000423235,9673
1527.06,0.0420685,0.000420685,9674
1531.68,0.041815,0.00041815,9675
1536.32,0.0415631,0.000415631,9676
1540.97,0.0413126,0.000413126,9677
1545.63,0.0410637,0.000410637,9678
1550.31,0.0408163,0.000408163,9679
1555,0.0405705,0.000405705,9680
1559.7,0.0403262,0.000403262,9681
1564.41,0.0400835,0.000400835,9682
1569.14,0.0398423,0.000398423,9683
1573.88,0.0396027,0.000396027,9684
1578.63,0.0393647,0.000393647,9685
1583.4,0.0391282,0.000391282,9686
1588.17,0.0388933,0.000388933,9687
1592.96,0.0386599,0.000386599,9688
1597.76,0.0384281,0.000384281,9689
1602.56,0.0381978,0.000381978,9690
1607.38,0.0379692,0.000379692,9691
1612.21,0.037742,0.00037742,9692
1617.05,0.0375165,0.000375165,9693
1621.9,0.0372925,0.000372925,9694
1626.76,0.03707,0.0003707,9695
1631.63,0.0368491,0.000368491,9696
1636.5,0.0366298,0.000366298,9697
1641.39,0.036412,0.00036412,9698
1646.29,0.0361957,0.000361957,9699
1651.19,0.035981,0.00035981,9700
1656.11,0.0357678,0.000357678,9701
1661.03,0.0355561,0.000355561,9702
1665.96,0.035346,0.00035346,9703
1670.9,0.0351374,0.000351374,9704
1675.84,0.0349303,0.000349303,9705
1680.8,0.0347246,0.000347246,9706
1685.76,0.0345205,0.000345205,9707
1690.73,0.0343179,0.000343179,9708
1695.71,0.0341168,0.000341168,9709
1700.69,0.0339171,0.000339171,9710
1705.68,0.033719,0.00033719,9711
1710.68,0.0335223,0.000335223,9712
1715.68,0.033327,0.00033327,9713
1720.69,0.0331332,0.000331332,9714
1725.71,0.0329409,0.000329409,9715
1730.73,0.03275,0.0003275,9716
1735.76,0.0325605,0.000325605,9717
1740.79,0.0323725,0.000323725,9718
1745.83,0.0321858,0.000321858,9719
1750.88,0.0320006,0.000320006,9720
1755.93,0.0318167,0.000318167,9721
1760.98,0.0316343,0.000316343,9722
1766.04,0.0314532,0.000314533,9723
1771.11,0.0312736,0.000312736,9724
1776.18,0.0310952,0.000310952,9725
1781.26,0.0309183,0.000309183,9726
1786.34,0.0307427,0.000307427,9727
1791.42,0.0305684,0.000305684,9728
1796.51,0.0303954,0.000303954,9729
1801.61,0.0302238,0.000302238,9730
1806.7,0.0300535,0.000300535,9731
1811.81,0.0298845,0.000298845,9732
1816.91,0.0297168,0.000297168,9733
1822.02,0.0295504,0.000295504,9734
1827.13,0.0293852,0.000293852,9735
1832.25,0.0292213,0.000292213,9736
1837.37,0.0290587,0.000290587,9737
1842.49,0.0288973,0.000288973,9738
1847.62,0.0287372,0.000287372,9739
1852.75,0.0285783,0.000285783,9740
1857.88,0.0284206,0.000284206,9741
1863.01,0.0282642,0.000282642,9742
1868.15,0.0281089,0.000281089,9743
1873.29,0.0279549,0.000279549,9744
1878.44,0.027802,0.00027802,9745
1883.58,0.0276503,0.000276503,9746
1888.73,0.0274998,0.000274998,9747
1893.88,0.0273504,0.000273504,9748
1899.03,0.0272022,0.000272022,9749
1904.19,0.0270552,0.000270552,9750
1909.34,0.0269092,0.000269092,9751
1914.5,0.0267644,0.000267644,9752
1919.66,0.0266207,0.000266207,9753
1924.82,0.0264781,0.000264781,9754
1929.99,0.0263366,0.000263366,9755
1935.15,0.0261962,0.000261962,9756
1940.32,0.0260569,0.000260569,9757
1945.49,0.0259187,0.000259187,9758
1950.66,0.0257815,0.000257815,9759
1955.83,0.0256453,0.000256453,9760
1961,0.0255102,0.000255102,9761
1966.17,0.0253762,0.000253762,9762
1971.34,0.0252432,0.000252432,9763
1976.52,0.0251112,0.000251112,9764
1981.7,0.0249802,0.000249802,9765
1986.87,0.0248502,0.000248502,9766
1992.05,0.0247212,0.000247212,9767
1997.23,0.0245932,0.000245932,9768
2002.4,0.0244661,0.000244661,9769
2007.58,0.0243401,0.000243401,9770
2012.76,0.024215,0.00024215,9771
2017.94,0.0240908,0.000240908,9772
2023.12,0.0239676,0.000239676,9773
2028.3,0.0238453,0.000238453,9774
2033.48,0.023724,0.00023724,9775
2038.66,0.0236036,0.000236036,9776
2043.84,0.0234841,0.000234841,9777
2049.02,0.0233655,0.000233655,9778
2054.2,0.0232478,0.000232478,9779
2059.38,0.023131,0.00023131,9780
2064.57,0.023015,0.00023015,9781
2069.74,0.0229,0.000229,9782
2074.92,0.0227858,0.000227858,9783
2080.1,0.0226725,0.000226725,9784
2085.28,0.02256,0.0002256,9785
2090.46,0.0224484,0.000224484,9786
2095.64,0.0223376,0.000223376,9787
2100.82,0.0222276,0.000222276,9788
2105.99,0.0221185,0.000221185,9789
2111.17,0.0220102,0.000220102,9790
2116.34,0.0219026,0.000219026,9791
2121.52,0.0217959,0.000217959,9792
2126.69,0.02169,0.0002169,9793
2131.87,0.0215849,0.000215849,9794
2137.04,0.0214805,0.000214805,9795
2142.21,0.0213769,0.000213769,9796
2147.38,0.0212741,0.000212741,9797
2152.55,0.0211721,0.000211721,9798
2157.72,0.0210708,0.000210708,9799
2162.88,0.0209702,0.000209702,9800
2168.05,0.0208704,0.000208704,9801
2173.21,0.0207714,0.000207714,9802
2178.38,0.020673,0.00020673,9803
2183.54,0.0205754,0.000205754,9804
2188.7,0.0204785,0.000204785,9805
2193.86,0.0203823,0.000203823,9806
2199.01,0.0202868,0.000202868,9807
2204.17,0.020192,0.00020192,9808
2209.33,0.0200978,0.000200978,9809
2214.48,0.0200044,0.000200044,9810
2219.63,0.0199117,0.000199117,9811
2224.78,0.0198196,0.000198196,9812
2229.93,0.0197282,0.000197282,9813
2235.08,0.0196374,0.000196374,9814
2240.22,0.0195473,0.000195473,9815
2245.36,0.0194579,0.000194579,9816
2250.51,0.0193691,0.000193691,9817
2255.65,0.0192809,0.000192809,9818
2260.78,0.0191934,0.000191934,9819
2265.92,0.0191064,0.000191064,9820
2271.05,0.0190201,0.000190201,9821
2276.19,0.0189345,0.000189345,9822
2281.32,0.0188494,0.000188494,9823
2286.45,0.0187649,0.000187649,9824
2291.57,0.0186811,0.000186811,9825
2296.7,0.0185978,0.000185978,9826
2301.82,0.0185151,0.000185151,9827
2306.94,0.018433,0.00018433,9828
2312.06,0.0183515,0.000183515,9829
2317.17,0.0182706,0.000182706,9830
2322.29,0.0181902,0.000181902,9831
2327.4,0.0181104,0.000181104,9832
2332.51,0.0180311,0.000180311,9833
2337.61,0.0179524,0.000179524,9834
2342.72,0.0178743,0.000178743,9835
2347.82,0.0177967,0.000177967,9836
2352.92,0.0177196,0.000177196,9837
2358.02,0.0176431,0.000176431,9838
2363.11,0.0175671,0.000175671,9839
2368.21,0.0174916,0.000174916,9840
2373.3,0.0174166,0.000174166,9841
2378.39,0.0173422,0.000173422,9842
2383.47,0.0172683,0.000172683,9843
2388.55,0.0171949,0.000171949,9844
2393.63,0.0171219,0.000171219,9845
2398.71,0.0170495,0.000170495,9846
2403.79,0.0169776,0.000169776,9847
2408.86,0.0169062,0.000169062,9848
2413.93,0.0168352,0.000168352,9849
2419,0.0167648,0.000167648,9850
2424.06,0.0166948,0.000166948,9851
2429.13,0.0166253,0.000166253,9852
2434.19,0.0165562,0.000165562,9853
2439.24,0.0164876,0.000164876,9854
2444.3,0.0164195,0.000164195,9855
2449.35,0.0163519,0.000163519,9856
2454.4,0.0162847,0.000162847,9857
2459.45,0.0162179,0.000162179,9858
2464.49,0.0161516,0.000161516,9859
2469.53,0.0160857,0.000160857,9860
2474.57,0.0160203,0.000160203,9861
2479.6,0.0159553,0.000159553,9862
2484.63,0.0158907,0.000158907,9863
2489.66,0.0158266,0.000158266,9864
2494.69,0.0157629,0.000157629,9865
2499.71,0.0156996,0.000156996,9866
2504.73,0.0156367,0.000156367,9867
2509.75,0.0155743,0.000155743,9868
2514.77,0.0155122,0.000155122,9869
2519.78,0.0154506,0.000154506,9870
2524.79,0.0153893,0.000153893,9871
2529.79,0.0153285,0.000153285,9872
2534.8,0.015268,0.00015268,9873
2539.8,0.015208,0.00015208,9874
2544.79,0.0151483,0.000151483,9875
2549.79,0.015089,0.00015089,9876
2554.78,0.0150301,0.000150301,9877
2559.77,0.0149716,0.000149716,9878
2564.75,0.0149134,0.000149134,9879
2569.73,0.0148557,0.000148557,9880
2574.71,0.0147983,0.000147983,9881
2579.69,0.0147412,0.000147412,9882
2584.66,0.0146846,0.000146846,9883
2589.63,0.0146283,0.000146283,9884
2594.6,0.0145723,0.000145723,9885
2599.56,0.0145167,0.000145167,9886
2604.52,0.0144615,0.000144615,9887
2609.48,0.0144066,0.000144066,9888
2614.43,0.0143521,0.000143521,9889
2619.38,0.0142979,0.000142979,9890
2624.33,0.014244,0.00014244,9891
2629.27,0.0141905,0.000141905,9892
2634.22,0.0141373,0.000141373,9893
2639.15,0.0140844,0.000140844,9894
2644.09,0.0140319,0.000140319,9895
2649.02,0.0139797,0.000139797,9896
2653.95,0.0139279,0.000139279,9897
2658.87,0.0138763,0.000138763,9898
2663.8,0.0138251,0.000138251,9899
2668.71,0.0137742,0.000137742,9900
2673.63,0.0137236,0.000137236,9901
2678.54,0.0136733,0.000136733,9902
2683.45,0.0136233,0.000136233,9903
2688.36,0.0135736,0.000135736,9904
2693.26,0.0135243,0.000135243,9905
2698.16,0.0134752,0.000134752,9906
2703.05,0.0134264,0.000134264,9907
2707.94,0.013378,0.00013378,9908
2712.83,0.0133298,0.000133298,9909
2717.72,0.0132819,0.000132819,9910
2722.6,0.0132343,0.000132343,9911
2727.48,0.013187,0.00013187,9912
2732.36,0.01314,0.0001314,9913
2737.23,0.0130932,0.000130932,9914
2742.1,0.0130468,0.000130468,9915
2746.96,0.0130006,0.000130006,9916
2751.82,0.0129547,0.000129547,9917
2756.68,0.0129091,0.000129091,9918
2761.54,0.0128637,0.000128637,9919
2766.39,0.0128186,0.000128186,9920
2771.24,0.0127738,0.000127738,9921
2776.08,0.0127293,0.000127293,9922
2780.93,0.012685,0.00012685,9923
2785.76,0.012641,0.00012641,9924
2790.6,0.0125972,0.000125972,9925
2795.43,0.0125537,0.000125537,9926
2800.26,0.0125104,0.000125104,9927
2805.08,0.0124674,0.000124674,9928
2809.91,0.0124247,0.000124247,9929
2814.72,0.0123822,0.000123822,9930
2819.54,0.0123399,0.000123399,9931
2824.35,0.0122979,0.000122979,9932
2829.16,0.0122562,0.000122562,9933
2833.96,0.0122146,0.000122146,9934
2838.76,0.0121734,0.000121734,9935
2843.56,0.0121323,0.000121323,9936
2848.35,0.0120915,0.000120915,9937
2853.14,0.012051,0.00012051,9938
2857.93,0.0120106,0.000120106,9939
2862.72,0.0119705,0.000119705,9940
2867.5,0.0119306,0.000119306,9941
2872.27,0.011891,0.00011891,9942
2877.05,0.0118516,0.000118516,9943
2881.82,0.0118124,0.000118124,9944
2886.58,0.0117734,0.000117734,9945
2891.34,0.0117346,0.000117346,9946
2896.1,0.0116961,0.000116961,9947
2900.86,0.0116578,0.000116578,9948
2905.61,0.0116197,0.000116197,9949
2910.36,0.0115818,0.000115818,9950
2915.11,0.0115441,0.000115441,9951
2919.85,0.0115066,0.000115066,9952
2924.59,0.0114694,0.000114694,9953
2929.32,0.0114323,0.000114323,9954
2934.05,0.0113955,0.000113955,9955
2938.78,0.0113589,0.000113589,9956
2943.5,0.0113224,0.000113224,9957
2948.23,0.0112862,0.000112862,9958
2952.94,0.0112502,0.000112502,9959
2957.66,0.0112143,0.000112143,9960
2962.37,0.0111787,0.000111787,9961
2967.07,0.0111433,0.000111433,9962
2971.78,0.011108,0.00011108,9963
2976.48,0.011073,0.00011073,9964
2981.17,0.0110381,0.000110381,9965
2985.87,0.0110034,0.000110034,9966
2990.56,0.010969,0.00010969,9967
2995.24,0.0109347,0.000109347,9968
2999.92,0.0109006,0.000109006,9969
3004.6,0.0108666,0.000108666,9970
3009.28,0.0108329,0.000108329,9971
3013.95,0.0107993,0.000107993,9972
3018.62,0.010766,0.00010766,9973
3023.28,0.0107328,0.000107328,9974
3027.94,0.0106997,0.000106997,9975
3032.6,0.0106669,0.000106669,9976
3037.26,0.0106342,0.000106342,9977
3041.91,0.0106017,0.000106017,9978
3046.55,0.0105694,0.000105694,9979
3051.2,0.0105373,0.000105373,9980
3055.84,0.0105053,0.000105053,9981
3060.47,0.0104735,0.000104735,9982
3065.11,0.0104419,0.000104419,9983
3069.74,0.0104104,0.000104104,9984
3074.36,0.0103791,0.000103791,9985
3078.99,0.0103479,0.000103479,9986
3083.61,0.010317,0.00010317,9987
3088.22,0.0102861,0.000102861,9988
3092.83,0.0102555,0.000102555,9989
3097.44,0.010225,0.00010225,9990
3102.05,0.0101947,0.000101947,9991
3106.65,0.0101645,0.000101645,9992
3111.25,0.0101345,0.000101345,9993
3115.84,0.0101046,0.000101046,9994
3120.43,0.0100749,0.000100749,9995
3125.02,0.0100453,0.000100453,9996
3129.6,0.0100159,0.000100159,9997
3134.18,0.00998665,9.98665e-05,9998
3138.76,0.00995755,9.95755e-05,9999
3143.34,0.00992859,9.92859e-05,10000
3147.91,0.00989978,9.89978e-05,10001
3152.47,0.00987112,9.87112e-05,10002
3157.03,0.00984261,9.84261e-05,10003
3161.59,0.00981424,9.81424e-05,10004
3166.15,0.00978602,9.78602e-05,10005
3170.7,0.00975794,9.75793e-05,10006
3175.25,0.00973,9.73e-05,10007
3179.8,0.0097022,9.7022e-05,10008
3184.34,0.00967454,9.67454e-05,10009
3188.88,0.00964702,9.64702e-05,10010
3193.41,0.00961964,9.61964e-05,10011
3197.94,0.0095924,9.5924e-05,10012
3202.47,0.00956529,9.56529e-05,10013
3207,0.00953832,9.53832e-05,10014
3211.52,0.00951149,9.51149e-05,10015
3216.04,0.00948478,9.48478e-05,10016
3220.55,0.00945821,9.45821e-05,10017
3225.06,0.00943178,9.43178e-05,10018
3229.57,0.00940547,9.40547e-05,10019
3234.07,0.00937929,9.37929e-05,10020
3238.57,0.00935324,9.35324e-05,10021
3243.07,0.00932733,9.32733e-05,10022
3247.56,0.00930154,9.30154e-05,10023
3252.05,0.00927587,9.27587e-05,10024
3256.54,0.00925033,9.25033e-05,10025
3261.02,0.00922492,9.22492e-05,10026
3265.5,0.00919963,9.19963e-05,10027
3269.97,0.00917446,9.17447e-05,10028
3274.44,0.00914942,9.14942e-05,10029
3278.91,0.0091245,9.1245e-05,10030
3283.38,0.0090997,9.0997e-05,10031
3287.84,0.00907502,9.07502e-05,10032
3292.3,0.00905046,9.05046e-05,10033
3296.75,0.00902601,9.02601e-05,10034
3301.21,0.00900169,9.00169e-05,10035
3305.65,0.00897748,8.97748e-05,10036
3310.1,0.00895339,8.95339e-05,10037
3314.54,0.00892941,8.92941e-05,10038
3318.98,0.00890555,8.90555e-05,10039
3323.41,0.00888181,8.88181e-05,10040
3327.84,0.00885817,8.85817e-05,10041
3332.27,0.00883465,8.83465e-05,10042
3336.69,0.00881124,8.81124e-05,10043
3341.11,0.00878794,8.78794e-05,10044
3345.53,0.00876475,8.76475e-05,10045
3349.94,0.00874168,8.74168e-05,10046
3354.35,0.00871871,8.71871e-05,10047
3358.76,0.00869585,8.69585e-05,10048
3363.16,0.00867309,8.67309e-05,10049
3367.56,0.00865045,8.65045e-05,10050
3371.96,0.00862791,8.62791e-05,10051
3376.35,0.00860547,8.60547e-05,10052
3380.74,0.00858314,8.58314e-05,10053
3385.12,0.00856091,8.56091e-05,10054
3389.51,0.00853879,8.53879e-05,10055
3393.88,0.00851677,8.51677e-05,10056
3398.26,0.00849485,8.49485e-05,10057
3402.63,0.00847304,8.47304e-05,10058
3407,0.00845132,8.45132e-05,10059
3411.37,0.00842971,8.42971e-05,10060
3415.73,0.00840819,8.40819e-05,10061
3420.09,0.00838677,8.38677e-05,10062
3424.44,0.00836546,8.36546e-05,10063
3428.79,0.00834423,8.34423e-05,10064
3433.14,0.00832311,8.32311e-05,10065
3437.49,0.00830208,8.30208e-05,10066
3441.83,0.00828115,8.28115e-05,10067
3446.17,0.00826032,8.26032e-05,10068
3450.5,0.00823958,8.23957e-05,10069
3454.83,0.00821893,8.21893e-05,10070
3459.16,0.00819838,8.19838e-05,10071
3463.48,0.00817792,8.17792e-05,10072
3467.8,0.00815755,8.15755e-05,10073
3472.12,0.00813727,8.13727e-05,10074
3476.44,0.00811709,8.11709e-05,10075
3480.75,0.00809699,8.09699e-05,10076
3485.06,0.00807699,8.07699e-05,10077
3489.36,0.00805708,8.05708e-05,10078
3493.66,0.00803725,8.03725e-05,10079
3497.96,0.00801752,8.01752e-05,10080
3502.25,0.00799787,7.99787e-05,10081
3506.54,0.00797831,7.97831e-05,10082
3510.83,0.00795883,7.95883e-05,10083
3515.11,0.00793944,7.93944e-05,10084
3519.4,0.00792014,7.92014e-05,10085
3523.67,0.00790093,7.90093e-05,10086
3527.95,0.0078818,7.8818e-05,10087
3532.22,0.00786275,7.86275e-05,10088
3536.48,0.00784378,7.84378e-05,10089
3540.75,0.00782491,7.82491e-05,10090
3545.01,0.00780611,7.80611e-05,10091
3549.27,0.00778739,7.78739e-05,10092
3553.52,0.00776876,7.76876e-05,10093
3557.77,0.00775021,7.75021e-05,10094
3562.02,0.00773174,7.73174e-05,10095
3566.26,0.00771335,7.71335e-05,10096
3570.5,0.00769504,7.69504e-05,10097
3574.74,0.00767681,7.67681e-05,10098
3578.97,0.00765865,7.65865e-05,10099
3583.2,0.00764058,7.64058e-05,10100
3587.43,0.00762258,7.62258e-05,10101
3591.65,0.00760467,7.60467e-05,10102
3595.87,0.00758683,7.58683e-05,10103
3600.09,0.00756906,7.56906e-05,10104
3604.31,0.00755137,7.55137e-05,10105
3608.52,0.00753376,7.53376e-05,10106
3612.72,0.00751622,7.51622e-05,10107
3616.93,0.00749876,7.49876e-05,10108
3621.13,0.00748137,7.48137e-05,10109
3625.33,0.00746405,7.46405e-05,10110
3629.52,0.00744681,7.44682e-05,10111
3633.71,0.00742965,7.42965e-05,10112
3637.9,0.00741255,7.41255e-05,10113
3642.08,0.00739553,7.39553e-05,10114
3646.26,0.00737858,7.37858e-05,10115
3650.44,0.0073617,7.3617e-05,10116
3654.62,0.00734489,7.34489e-05,10117
3658.79,0.00732815,7.32815e-05,10118
3662.96,0.00731149,7.31149e-05,10119
3667.12,0.00729489,7.29489e-05,10120
3671.28,0.00727836,7.27836e-05,10121
3675.44,0.0072619,7.2619e-05,10122
3679.59,0.00724551,7.24551e-05,10123
3683.75,0.00722919,7.22919e-05,10124
3687.9,0.00721293,7.21293e-05,10125
3692.04,0.00719675,7.19675e-05,10126
3696.18,0.00718063,7.18063e-05,10127
3700.32,0.00716457,7.16457e-05,10128
3704.46,0.00714858,7.14858e-05,10129
3708.59,0.00713266,7.13266e-05,10130
3712.72,0.00711681,7.11681e-05,10131
3716.84,0.00710101,7.10101e-05,10132
3720.97,0.00708529,7.08529e-05,10133
3725.09,0.00706963,7.06963e-05,10134
3729.2,0.00705403,7.05403e-05,10135
3733.31,0.00703849,7.03849e-05,10136
3737.42,0.00702302,7.02302e-05,10137
3741.53,0.00700762,7.00762e-05,10138
3745.63,0.00699227,6.99227e-05,10139
3749.73,0.00697699,6.97699e-05,10140
3753.83,0.00696177,6.96177e-05,10141
3757.93,0.00694661,6.94661e-05,10142
3762.02,0.00693151,6.93151e-05,10143
3766.1,0.00691648,6.91647e-05,10144
3770.19,0.0069015,6.9015e-05,10145
3774.27,0.00688658,6.88658e-05,10146
3778.34,0.00687173,6.87173e-05,10147
3782.42,0.00685693,6.85693e-05,10148
3786.49,0.00684219,6.84219e-05,10149
3790.56,0.00682752,6.82752e-05,10150
3794.62,0.0068129,6.8129e-05,10151
3798.68,0.00679833,6.79833e-05,10152
3802.74,0.00678383,6.78383e-05,10153
3806.8,0.00676938,6.76938e-05,10154
3810.85,0.006755,6.755e-05,10155
3814.9,0.00674067,6.74067e-05,10156
3818.95,0.00672639,6.72639e-05,10157
3822.99,0.00671217,6.71217e-05,10158
3827.03,0.00669801,6.69801e-05,10159
3831.06,0.0066839,6.6839e-05,10160
3835.1,0.00666985,6.66985e-05,10161
3839.13,0.00665586,6.65586e-05,10162
3843.15,0.00664191,6.64191e-05,10163
3847.18,0.00662803,6.62803e-05,10164
3851.2,0.0066142,6.6142e-05,10165
3855.22,0.00660042,6.60042e-05,10166
3859.23,0.00658669,6.58669e-05,10167
3863.24,0.00657302,6.57302e-05,10168
3867.25,0.0065594,6.5594e-05,10169
3871.26,0.00654584,6.54584e-05,10170
3875.26,0.00653232,6.53232e-05,10171
3879.26,0.00651886,6.51886e-05,10172
3883.25,0.00650546,6.50546e-05,10173
3887.25,0.0064921,6.4921e-05,10174
3891.23,0.00647879,6.47879e-05,10175
3895.22,0.00646554,6.46554e-05,10176
3899.2,0.00645234,6.45234e-05,10177
3903.18,0.00643918,6.43918e-05,10178
3907.16,0.00642608,6.42608e-05,10179
3911.14,0.00641303,6.41303e-05,10180
3915.11,0.00640003,6.40003e-05,10181
3919.07,0.00638708,6.38708e-05,10182
3923.04,0.00637417,6.37417e-05,10183
3927,0.00636132,6.36132e-05,10184
3930.96,0.00634851,6.34851e-05,10185
3934.91,0.00633576,6.33576e-05,10186
3938.87,0.00632305,6.32305e-05,10187
3942.82,0.00631039,6.31039e-05,10188
3946.76,0.00629777,6.29777e-05,10189
3950.71,0.00628521,6.28521e-05,10190
3954.65,0.00627269,6.27269e-05,10191
3958.58,0.00626022,6.26022e-05,10192
3962.52,0.0062478,6.2478e-05,10193
3966.45,0.00623542,6.23542e-05,10194
3970.38,0.00622309,6.22309e-05,10195
3974.3,0.0062108,6.2108e-05,10196
3978.22,0.00619856,6.19856e-05,10197
3982.14,0.00618637,6.18637e-05,10198
3986.06,0.00617422,6.17422e-05,10199
3989.97,0.00616212,6.16212e-05,10200
3993.88,0.00615006,6.15006e-05,10201
3997.79,0.00613804,6.13804e-05,10202
4001.69,0.00612607,6.12607e-05,10203
4005.59,0.00611415,6.11415e-05,10204
4009.49,0.00610227,6.10227e-05,10205
4013.38,0.00609043,6.09043e-05,10206
4017.27,0.00607864,6.07864e-05,10207
4021.16,0.00606689,6.06689e-05,10208
4025.05,0.00605518,6.05518e-05,10209
4028.93,0.00604352,6.04352e-05,10210
4032.81,0.00603189,6.03189e-05,10211
4036.69,0.00602031,6.02032e-05,10212
4040.56,0.00600878,6.00878e-05,10213
4044.43,0.00599728,5.99728e-05,10214
4048.3,0.00598583,5.98583e-05,10215
4052.16,0.00597442,5.97442e-05,10216
4056.02,0.00596305,5.96305e-05,10217
4059.88,0.00595172,5.95172e-05,10218
4063.74,0.00594043,5.94043e-05,10219
4067.59,0.00592918,5.92918e-05,10220
4071.44,0.00591797,5.91797e-05,10221
4075.29,0.00590681,5.90681e-05,10222
4079.13,0.00589568,5.89568e-05,10223
4082.97,0.0058846,5.8846e-05,10224
4086.81,0.00587355,5.87355e-05,10225
4090.64,0.00586254,5.86254e-05,10226
4094.47,0.00585158,5.85158e-05,10227
4098.3,0.00584065,5.84065e-05,10228
4102.13,0.00582976,5.82976e-05,10229
4105.95,0.00581891,5.81891e-05,10230
4109.77,0.0058081,5.80809e-05,10231
4113.59,0.00579732,5.79732e-05,10232
4117.4,0.00578659,5.78659e-05,10233
4121.21,0.00577589,5.77589e-05,10234
4125.02,0.00576523,5.76523e-05,10235
4128.83,0.00575461,5.75461e-05,10236
4132.63,0.00574403,5.74403e-05,10237
4136.43,0.00573348,5.73348e-05,10238
4140.22,0.00572297,5.72297e-05,10239
4144.02,0.0057125,5.7125e-05,10240
4147.81,0.00570206,5.70206e-05,10241
4151.6,0.00569166,5.69166e-05,10242
4155.38,0.0056813,5.6813e-05,10243
4159.16,0.00567097,5.67097e-05,10244
4162.94,0.00566068,5.66068e-05,10245
4166.72,0.00565043,5.65043e-05,10246
4170.49,0.00564021,5.64021e-05,10247
4174.26,0.00563002,5.63002e-05,10248
4178.03,0.00561987,5.61987e-05,10249
4181.79,0.00560976,5.60976e-05,10250
4185.55,0.00559968,5.59968e-05,10251
4189.31,0.00558964,5.58964e-05,10252
4193.07,0.00557963,5.57963e-05,10253
4196.82,0.00556966,5.56966e-05,10254
4200.57,0.00555972,5.55972e-05,10255
4204.32,0.00554981,5.54981e-05,10256
4208.06,0.00553994,5.53994e-05,10257
4211.8,0.0055301,5.5301e-05,10258
4215.54,0.0055203,5.5203e-05,10259
4219.27,0.00551053,5.51053e-05,10260
4223.01,0.00550079,5.50079e-05,10261
4226.74,0.00549109,5.49109e-05,10262
4230.46,0.00548142,5.48142e-05,10263
4234.19,0.00547178,5.47178e-05,10264
4237.91,0.00546218,5.46218e-05,10265
4241.63,0.00545261,5.45261e-05,10266
4245.34,0.00544307,5.44307e-05,10267
4249.05,0.00543356,5.43356e-05,10268
4252.76,0.00542408,5.42408e-05,10269
4256.47,0.00541464,5.41464e-05,10270
4260.18,0.00540523,5.40523e-05,10271
4263.88,0.00539585,5.39585e-05,10272
4267.58,0.0053865,5.3865e-05,10273
4271.27,0.00537718,5.37718e-05,10274
4274.96,0.0053679,5.3679e-05,10275
4278.65,0.00535864,5.35864e-05,10276
4282.34,0.00534942,5.34942e-05,10277
4286.02,0.00534023,5.34023e-05,10278
4289.71,0.00533107,5.33107e-05,10279
4293.38,0.00532194,5.32194e-05,10280
4297.06,0.00531283,5.31283e-05,10281
4300.73,0.00530376,5.30376e-05,10282
4304.4,0.00529472,5.29472e-05,10283
4308.07,0.00528571,5.28571e-05,10284
4311.73,0.00527673,5.27673e-05,10285
4315.4,0.00526778,5.26778e-05,10286
4319.05,0.00525886,5.25886e-05,10287
4322.71,0.00524997,5.24997e-05,10288
4326.36,0.00524111,5.24111e-05,10289
4330.01,0.00523227,5.23227e-05,10290
4333.66,0.00522347,5.22347e-05,10291
4337.31,0.00521469,5.21469e-05,10292
4340.95,0.00520595,5.20595e-05,10293
4344.59,0.00519723,5.19723e-05,10294
4348.22,0.00518854,5.18854e-05,10295
4351.86,0.00517988,5.17988e-05,10296
4355.49,0.00517124,5.17124e-05,10297
4359.12,0.00516264,5.16264e-05,10298
4362.74,0.00515406,5.15406e-05,10299
4366.37,0.00514551,5.14551e-05,10300
4369.99,0.00513699,5.13699e-05,10301
4373.6,0.0051285,5.1285e-05,10302
4377.22,0.00512003,5.12003e-05,10303
4380.83,0.00511159,5.11159e-05,10304
4384.44,0.00510318,5.10318e-05,10305
4388.04,0.0050948,5.0948e-05,10306
4391.65,0.00508644,5.08644e-05,10307
4395.25,0.00507811,5.07811e-05,10308
4398.85,0.00506981,5.06981e-05,10309
4402.44,0.00506153,5.06153e-05,10310
4406.03,0.00505328,5.05328e-05,10311
4409.62,0.00504505,5.04505e-05,10312
4413.21,0.00503686,5.03686e-05,10313
4416.8,0.00502869,5.02869e-05,10314
4420.38,0.00502054,5.02054e-05,10315
4423.96,0.00501242,5.01242e-05,10316
4427.53,0.00500433,5.00433e-05,10317
4431.1,0.00499626,4.99626e-05,10318
4434.68,0.00498822,4.98822e-05,10319
4438.24,0.0049802,4.9802e-05,10320
4441.81,0.00497221,4.97221e-05,10321
4445.37,0.00496424,4.96424e-05,10322
4448.93,0.0049563,4.9563e-05,10323
4452.49,0.00494839,4.94839e-05,10324
4456.04,0.00494049,4.94049e-05,10325
4459.59,0.00493263,4.93263e-05,10326
4463.14,0.00492479,4.92479e-05,10327
4466.69,0.00491697,4.91697e-05,10328
4470.23,0.00490918,4.90918e-05,10329
4473.77,0.00490141,4.90141e-05,10330
4477.31,0.00489367,4.89367e-05,10331
4480.85,0.00488595,4.88595e-05,10332
4484.38,0.00487825,4.87825e-05,10333
4487.91,0.00487058,4.87058e-05,10334
4491.44,0.00486293,4.86293e-05,10335
4494.96,0.00485531,4.85531e-05,10336
4498.48,0.00484771,4.84771e-05,10337
4502,0.00484013,4.84013e-05,10338
4505.52,0.00483258,4.83258e-05,10339
4509.03,0.00482505,4.82505e-05,10340
4512.55,0.00481755,4.81755e-05,10341
4516.05,0.00481006,4.81006e-05,10342
4519.56,0.0048026,4.8026e-05,10343
4523.06,0.00479517,4.79517e-05,10344
4526.56,0.00478775,4.78775e-05,10345
4530.06,0.00478036,4.78036e-05,10346
4533.56,0.00477299,4.77299e-05,10347
4537.05,0.00476565,4.76565e-05,10348
4540.54,0.00475832,4.75832e-05,10349
4544.03,0.00475102,4.75102e-05,10350
4547.51,0.00474374,4.74374e-05,10351
4551,0.00473649,4.73649e-05,10352
4554.47,0.00472925,4.72925e-05,10353
4557.95,0.00472204,4.72204e-05,10354
4561.43,0.00471485,4.71485e-05,10355
4564.9,0.00470768,4.70768e-05,10356
4568.37,0.00470053,4.70053e-05,10357
4571.83,0.00469341,4.69341e-05,10358
4575.3,0.0046863,4.6863e-05,10359
4578.76,0.00467922,4.67922e-05,10360
4582.22,0.00467216,4.67216e-05,10361
4585.67,0.00466512,4.66512e-05,10362
4589.13,0.0046581,4.6581e-05,10363
4592.58,0.0046511,4.6511e-05,10364
4596.03,0.00464413,4.64413e-05,10365
4599.47,0.00463717,4.63717e-05,10366
4602.91,0.00463024,4.63024e-05,10367
4606.35,0.00462332,4.62332e-05,10368
4609.79,0.00461643,4.61643e-05,10369
4613.23,0.00460956,4.60956e-05,10370
4616.66,0.00460271,4.60271e-05,10371
4620.09,0.00459587,4.59587e-05,10372
4623.52,0.00458906,4.58906e-05,10373
4626.94,0.00458227,4.58227e-05,10374
4630.36,0.0045755,4.5755e-05,10375
4633.78,0.00456875,4.56875e-05,10376
4637.2,0.00456202,4.56202e-05,10377
4640.62,0.00455531,4.55531e-05,10378
4644.03,0.00454862,4.54862e-05,10379
4647.44,0.00454195,4.54195e-05,10380
4650.84,0.0045353,4.5353e-05,10381
4654.25,0.00452866,4.52866e-05,10382
4657.65,0.00452205,4.52205e-05,10383
4661.05,0.00451546,4.51546e-05,10384
4664.45,0.00450888,4.50888e-05,10385
4667.84,0.00450233,4.50233e-05,10386
4671.23,0.00449579,4.4958e-05,10387
4674.62,0.00448928,4.48928e-05,10388
4678.01,0.00448278,4.48278e-05,10389
4681.39,0.0044763,4.4763e-05,10390
4684.77,0.00446985,4.46985e-05,10391
4688.15,0.00446341,4.46341e-05,10392
4691.52,0.00445698,4.45698e-05,10393
4694.9,0.00445058,4.45058e-05,10394
4698.27,0.0044442,4.4442e-05,10395
4701.64,0.00443783,4.43783e-05,10396
4705,0.00443148,4.43148e-05,10397
4708.37,0.00442515,4.42515e-05,10398
4711.73,0.00441884,4.41884e-05,10399
4715.09,0.00441255,4.41255e-05,10400
4718.44,0.00440628,4.40628e-05,10401
4721.79,0.00440002,4.40002e-05,10402
4725.15,0.00439378,4.39378e-05,10403
4728.49,0.00438756,4.38756e-05,10404
4731.84,0.00438136,4.38136e-05,10405
4735.18,0.00437518,4.37517e-05,10406
4738.52,0.00436901,4.36901e-05,10407
4741.86,0.00436286,4.36286e-05,10408
4745.2,0.00435673,4.35673e-05,10409
4748.53,0.00435061,4.35061e-05,10410
4751.86,0.00434452,4.34452e-05,10411
4755.19,0.00433844,4.33844e-05,10412
4758.52,0.00433238,4.33238e-05,10413
4761.84,0.00432633,4.32633e-05,10414
4765.16,0.0043203,4.3203e-05,10415
4768.48,0.00431429,4.31429e-05,10416
4771.79,0.0043083,4.3083e-05,10417
4775.11,0.00430232,4.30232e-05,10418
4778.42,0.00429636,4.29636e-05,10419
4781.73,0.00429042,4.29042e-05,10420
4785.03,0.00428449,4.28449e-05,10421
4788.33,0.00427858,4.27858e-05,10422
4791.64,0.00427269,4.27269e-05,10423
4794.93,0.00426682,4.26682e-05,10424
4798.23,0.00426095,4.26095e-05,10425
4801.52,0.00425511,4.25511e-05,10426
4804.81,0.00424928,4.24928e-05,10427
4808.1,0.00424347,4.24347e-05,10428
4811.39,0.00423768,4.23768e-05,10429
4814.67,0.0042319,4.2319e-05,10430
4817.95,0.00422614,4.22614e-05,10431
4821.23,0.00422039,4.22039e-05,10432
4824.51,0.00421466,4.21466e-05,10433
4827.78,0.00420895,4.20895e-05,10434
4831.05,0.00420325,4.20325e-05,10435
4834.32,0.00419757,4.19757e-05,10436
4837.59,0.0041919,4.1919e-05,10437
4840.85,0.00418625,4.18625e-05,10438
4844.11,0.00418062,4.18062e-05,10439
4847.37,0.004175,4.175e-05,10440
4850.63,0.00416939,4.16939e-05,10441
4853.88,0.0041638,4.1638e-05,10442
4857.14,0.00415823,4.15823e-05,10443
4860.38,0.00415267,4.15267e-05,10444
4863.63,0.00414713,4.14713e-05,10445
4866.88,0.0041416,4.1416e-05,10446
4870.12,0.00413609,4.13609e-05,10447
4873.36,0.00413059,4.13059e-05,10448
4876.59,0.00412511,4.12511e-05,10449
4879.83,0.00411964,4.11964e-05,10450
4883.06,0.00411419,4.11419e-05,10451
4886.29,0.00410876,4.10876e-05,10452
4889.52,0.00410333,4.10333e-05,10453
4892.74,0.00409793,4.09793e-05,10454
4895.97,0.00409253,4.09253e-05,10455
4899.19,0.00408715,4.08715e-05,10456
4902.41,0.00408179,4.08179e-05,10457
4905.62,0.00407644,4.07644e-05,10458
4908.83,0.00407111,4.07111e-05,10459
4912.04,0.00406579,4.06579e-05,10460
4915.25,0.00406048,4.06048e-05,10461
4918.46,0.00405519,4.05519e-05,10462
4921.66,0.00404991,4.04991e-05,10463
4924.86,0.00404465,4.04465e-05,10464
4928.06,0.0040394,4.0394e-05,10465
4931.26,0.00403417,4.03417e-05,10466
4934.45,0.00402894,4.02894e-05,10467
4937.64,0.00402374,4.02374e-05,10468
4940.83,0.00401854,4.01854e-05,10469
4944.02,0.00401337,4.01337e-05,10470
4947.2,0.0040082,4.0082e-05,10471
4950.39,0.00400305,4.00305e-05,10472
4953.57,0.00399791,3.99791e-05,10473
4956.74,0.00399279,3.99279e-05,10474
4959.92,0.00398768,3.98768e-05,10475
4963.09,0.00398258,3.98258e-05,10476
4966.26,0.0039775,3.9775e-05,10477
4969.43,0.00397243,3.97243e-05,10478
4972.59,0.00396737,3.96737e-05,10479
4975.76,0.00396233,3.96233e-05,10480
4978.92,0.0039573,3.9573e-05,10481
4982.08,0.00395229,3.95229e-05,10482
4985.23,0.00394728,3.94728e-05,10483
4988.39,0.00394229,3.94229e-05,10484
4991.54,0.00393732,3.93732e-05,10485
4994.69,0.00393235,3.93235e-05,10486
4997.83,0.00392741,3.92741e-05,10487
5000.98,0.00392247,3.92247e-05,10488
5004.12,0.00391754,3.91754e-05,10489
5007.26,0.00391263,3.91263e-05,10490
5010.39,0.00390774,3.90774e-05,10491
5013.53,0.00390285,3.90285e-05,10492
5016.66,0.00389798,3.89798e-05,10493
5019.79,0.00389312,3.89312e-05,10494
5022.92,0.00388827,3.88827e-05,10495
5026.05,0.00388344,3.88344e-05,10496
5029.17,0.00387861,3.87861e-05,10497
5032.29,0.0038738,3.8738e-05,10498
5035.41,0.00386901,3.86901e-05,10499
5038.53,0.00386422,3.86422e-05,10500
5041.64,0.00385945,3.85945e-05,10501
5044.75,0.00385469,3.85469e-05,10502
5047.86,0.00384994,3.84994e-05,10503
5050.97,0.00384521,3.84521e-05,10504
5054.07,0.00384049,3.84049e-05,10505
5057.17,0.00383578,3.83578e-05,10506
5060.27,0.00383108,3.83108e-05,10507
5063.37,0.00382639,3.82639e-05,10508
5066.47,0.00382172,3.82172e-05,10509
5069.56,0.00381706,3.81706e-05,10510
5072.65,0.0038124,3.8124e-05,10511
5075.74,0.00380777,3.80777e-05,10512
5078.83,0.00380314,3.80314e-05,10513
5081.91,0.00379853,3.79853e-05,10514
5084.99,0.00379392,3.79392e-05,10515
5088.07,0.00378933,3.78933e-05,10516
5091.15,0.00378475,3.78475e-05,10517
5094.22,0.00378019,3.78019e-05,10518
5097.3,0.00377563,3.77563e-05,10519
5100.37,0.00377109,3.77109e-05,10520
5103.43,0.00376655,3.76655e-05,10521
5106.5,0.00376203,3.76203e-05,10522
5109.56,0.00375752,3.75752e-05,10523
5112.62,0.00375302,3.75302e-05,10524
5115.68,0.00374854,3.74854e-05,10525
5118.74,0.00374406,3.74406e-05,10526
5121.79,0.0037396,3.7396e-05,10527
5124.85,0.00373514,3.73514e-05,10528
5127.9,0.0037307,3.7307e-05,10529
5130.94,0.00372627,3.72627e-05,10530
5133.99,0.00372185,3.72185e-05,10531
5137.03,0.00371744,3.71744e-05,10532
5140.07,0.00371305,3.71305e-05,10533
5143.11,0.00370866,3.70866e-05,10534
5146.15,0.00370429,3.70429e-05,10535
5149.18,0.00369992,3.69992e-05,10536
5152.21,0.00369557,3.69557e-05,10537
5155.24,0.00369123,3.69123e-05,10538
5158.27,0.0036869,3.6869e-05,10539
5161.29,0.00368258,3.68258e-05,10540
5164.32,0.00367827,3.67827e-05,10541
5167.34,0.00367397,3.67397e-05,10542
5170.36,0.00366968,3.66968e-05,10543
5173.37,0.0036654,3.6654e-05,10544
5176.38,0.00366114,3.66114e-05,10545
5179.4,0.00365688,3.65688e-05,10546
5182.41,0.00365263,3.65263e-05,10547
5185.41,0.0036484,3.6484e-05,10548
5188.42,0.00364417,3.64418e-05,10549
5191.42,0.00363996,3.63996e-05,10550
5194.42,0.00363576,3.63576e-05,10551
5197.42,0.00363156,3.63156e-05,10552
5200.41,0.00362738,3.62738e-05,10553
5203.41,0.00362321,3.62321e-05,10554
5206.4,0.00361905,3.61905e-05,10555
5209.39,0.00361489,3.61489e-05,10556
5212.38,0.00361075,3.61075e-05,10557
5215.36,0.00360662,3.60662e-05,10558
5218.34,0.0036025,3.6025e-05,10559
5221.32,0.00359839,3.59839e-05,10560
5224.3,0.00359429,3.59429e-05,10561
5227.28,0.00359019,3.59019e-05,10562
5230.25,0.00358611,3.58611e-05,10563
5233.22,0.00358204,3.58204e-05,10564
5236.19,0.00357798,3.57798e-05,10565
5239.16,0.00357393,3.57393e-05,10566
5242.12,0.00356989,3.56989e-05,10567
5245.09,0.00356586,3.56586e-05,10568
5248.05,0.00356183,3.56183e-05,10569
5251,0.00355782,3.55782e-05,10570
5253.96,0.00355382,3.55382e-05,10571
5256.91,0.00354983,3.54983e-05,10572
5259.87,0.00354584,3.54584e-05,10573
5262.82,0.00354187,3.54187e-05,10574
5265.76,0.00353791,3.53791e-05,10575
5268.71,0.00353395,3.53395e-05,10576
5271.65,0.00353001,3.53001e-05,10577
5274.59,0.00352607,3.52607e-05,10578
5277.53,0.00352215,3.52215e-05,10579
5280.47,0.00351823,3.51823e-05,10580
5283.4,0.00351433,3.51433e-05,10581
5286.33,0.00351043,3.51043e-05,10582
5289.26,0.00350654,3.50654e-05,10583
5292.19,0.00350266,3.50266e-05,10584
5295.12,0.00349879,3.49879e-05,10585
5298.04,0.00349493,3.49493e-05,10586
5300.96,0.00349108,3.49108e-05,10587
5303.88,0.00348724,3.48724e-05,10588
5306.8,0.00348341,3.48341e-05,10589
5309.71,0.00347958,3.47958e-05,10590
5312.62,0.00347577,3.47577e-05,10591
5315.53,0.00347196,3.47196e-05,10592
5318.44,0.00346817,3.46817e-05,10593
5321.35,0.00346438,3.46438e-05,10594
5324.25,0.0034606,3.4606e-05,10595
5327.15,0.00345683,3.45684e-05,10596
5330.05,0.00345307,3.45308e-05,10597
5332.95,0.00344932,3.44932e-05,10598
5335.85,0.00344558,3.44558e-05,10599
5338.74,0.00344185,3.44185e-05,10600
5341.63,0.00343812,3.43812e-05,10601
5344.52,0.00343441,3.43441e-05,10602
5347.4,0.0034307,3.4307e-05,10603
5350.29,0.003427,3.427e-05,10604
5353.17,0.00342331,3.42331e-05,10605
5356.05,0.00341963,3.41963e-05,10606
5358.93,0.00341596,3.41596e-05,10607
5361.81,0.0034123,3.4123e-05,10608
5364.68,0.00340864,3.40864e-05,10609
5367.55,0.003405,3.405e-05,10610
5370.42,0.00340136,3.40136e-05,10611
5373.29,0.00339773,3.39773e-05,10612
5376.15,0.00339411,3.39411e-05,10613
5379.02,0.0033905,3.3905e-05,10614
5381.88,0.00338689,3.38689e-05,10615
5384.74,0.0033833,3.3833e-05,10616
5387.59,0.00337971,3.37971e-05,10617
5390.45,0.00337613,3.37613e-05,10618
5393.3,0.00337256,3.37256e-05,10619
5396.15,0.003369,3.369e-05,10620
5399,0.00336544,3.36544e-05,10621
5401.85,0.0033619,3.3619e-05,10622
5404.69,0.00335836,3.35836e-05,10623
5407.53,0.00335483,3.35483e-05,10624
5410.37,0.00335131,3.35131e-05,10625
5413.21,0.0033478,3.3478e-05,10626
5416.05,0.00334429,3.34429e-05,10627
5418.88,0.0033408,3.3408e-05,10628
5421.71,0.00333731,3.33731e-05,10629
5424.54,0.00333383,3.33383e-05,10630
5427.37,0.00333035,3.33035e-05,10631
5430.19,0.00332689,3.32689e-05,10632
5433.02,0.00332343,3.32343e-05,10633
5435.84,0.00331998,3.31998e-05,10634
5438.66,0.00331654,3.31654e-05,10635
5441.47,0.00331311,3.31311e-05,10636
5444.29,0.00330969,3.30969e-05,10637
5447.1,0.00330627,3.30627e-05,10638
5449.91,0.00330286,3.30286e-05,10639
5452.72,0.00329946,3.29946e-05,10640
5455.53,0.00329606,3.29606e-05,10641
5458.33,0.00329268,3.29268e-05,10642
5461.13,0.0032893,3.2893e-05,10643
5463.93,0.00328593,3.28593e-05,10644
5466.73,0.00328257,3.28257e-05,10645
5469.53,0.00327921,3.27921e-05,10646
5472.32,0.00327586,3.27586e-05,10647
5475.11,0.00327252,3.27252e-05,10648
5477.9,0.00326919,3.26919e-05,10649
5480.69,0.00326587,3.26587e-05,10650
5483.48,0.00326255,3.26255e-05,10651
5486.26,0.00325924,3.25924e-05,10652
5489.04,0.00325594,3.25594e-05,10653
5491.82,0.00325264,3.25264e-05,10654
5494.6,0.00324936,3.24936e-05,10655
5497.37,0.00324608,3.24608e-05,10656
5500.15,0.0032428,3.2428e-05,10657
5502.92,0.00323954,3.23954e-05,10658
5505.69,0.00323628,3.23628e-05,10659
5508.45,0.00323303,3.23303e-05,10660
5511.22,0.00322978,3.22978e-05,10661
5513.98,0.00322655,3.22655e-05,10662
5516.74,0.00322332,3.22332e-05,10663
5519.5,0.0032201,3.2201e-05,10664
5522.26,0.00321688,3.21688e-05,10665
5525.01,0.00321368,3.21368e-05,10666
5527.77,0.00321048,3.21048e-05,10667
5530.52,0.00320728,3.20728e-05,10668
5533.27,0.0032041,3.2041e-05,10669
5536.01,0.00320092,3.20092e-05,10670
5538.76,0.00319775,3.19775e-05,10671
5541.5,0.00319459,3.19459e-05,10672
5544.24,0.00319143,3.19143e-05,10673
5546.98,0.00318828,3.18828e-05,10674
5549.71,0.00318513,3.18513e-05,10675
5552.45,0.003182,3.182e-05,10676
5555.18,0.00317887,3.17887e-05,10677
5557.91,0.00317575,3.17575e-05,10678
5560.64,0.00317263,3.17263e-05,10679
5563.37,0.00316952,3.16952e-05,10680
5566.09,0.00316642,3.16642e-05,10681
5568.81,0.00316332,3.16332e-05,10682
5571.53,0.00316024,3.16024e-05,10683
5574.25,0.00315715,3.15715e-05,10684
5576.97,0.00315408,3.15408e-05,10685
5579.68,0.00315101,3.15101e-05,10686
5582.39,0.00314795,3.14795e-05,10687
5585.11,0.0031449,3.1449e-05,10688
5587.81,0.00314185,3.14185e-05,10689
5590.52,0.00313881,3.13881e-05,10690
5593.22,0.00313577,3.13577e-05,10691
5595.93,0.00313275,3.13275e-05,10692
5598.63,0.00312972,3.12973e-05,10693
5601.32,0.00312671,3.12671e-05,10694
5604.02,0.0031237,3.1237e-05,10695
5606.71,0.0031207,3.1207e-05,10696
5609.41,0.00311771,3.11771e-05,10697
5612.1,0.00311472,3.11472e-05,10698
5614.78,0.00311174,3.11174e-05,10699
5617.47,0.00310876,3.10876e-05,10700
5620.15,0.00310579,3.10579e-05,10701
5622.84,0.00310283,3.10283e-05,10702
5625.52,0.00309988,3.09988e-05,10703
5628.19,0.00309693,3.09693e-05,10704
5630.87,0.00309398,3.09398e-05,10705
5633.54,0.00309105,3.09105e-05,10706
5636.22,0.00308812,3.08812e-05,10707
5638.89,0.00308519,3.08519e-05,10708
5641.56,0.00308227,3.08227e-05,10709
5644.22,0.00307936,3.07936e-05,10710
5646.89,0.00307646,3.07646e-05,10711
5649.55,0.00307356,3.07356e-05,10712
5652.21,0.00307067,3.07067e-05,10713
5654.87,0.00306778,3.06778e-05,10714
5657.52,0.0030649,3.0649e-05,10715
5660.18,0.00306203,3.06203e-05,10716
5662.83,0.00305916,3.05916e-05,10717
5665.48,0.0030563,3.0563e-05,10718
5668.13,0.00305344,3.05344e-05,10719
5670.77,0.00305059,3.05059e-05,10720
5673.42,0.00304775,3.04775e-05,10721
5676.06,0.00304491,3.04491e-05,10722
5678.7,0.00304208,3.04208e-05,10723
5681.34,0.00303926,3.03926e-05,10724
5683.98,0.00303644,3.03644e-05,10725
5686.61,0.00303362,3.03362e-05,10726
5689.24,0.00303082,3.03082e-05,10727
5691.88,0.00302802,3.02802e-05,10728
5694.5,0.00302522,3.02522e-05,10729
5697.13,0.00302243,3.02243e-05,10730
5699.76,0.00301965,3.01965e-05,10731
5702.38,0.00301687,3.01687e-05,10732
5705,0.0030141,3.0141e-05,10733
5707.62,0.00301134,3.01134e-05,10734
5710.24,0.00300858,3.00858e-05,10735
5712.85,0.00300582,3.00582e-05,10736
5715.46,0.00300308,3.00307e-05,10737
5718.07,0.00300033,3.00033e-05,10738
5720.68,0.0029976,2.9976e-05,10739
5723.29,0.00299487,2.99487e-05,10740
5725.9,0.00299214,2.99214e-05,10741
5728.5,0.00298942,2.98942e-05,10742
5731.1,0.00298671,2.98671e-05,10743
5733.7,0.002984,2.984e-05,10744
5736.3,0.0029813,2.9813e-05,10745
5738.89,0.0029786,2.9786e-05,10746
5741.49,0.00297591,2.97591e-05,10747
5744.08,0.00297323,2.97323e-05,10748
5746.67,0.00297055,2.97055e-05,10749
5749.26,0.00296788,2.96788e-05,10750
5751.84,0.00296521,2.96521e-05,10751
5754.43,0.00296255,2.96255e-05,10752
5757.01,0.00295989,2.95989e-05,10753
5759.59,0.00295724,2.95724e-05,10754
5762.17,0.00295459,2.95459e-05,10755
5764.74,0.00295195,2.95195e-05,10756
5767.32,0.00294932,2.94932e-05,10757
5769.89,0.00294669,2.94669e-05,10758
5772.46,0.00294406,2.94406e-05,10759
5775.03,0.00294145,2.94145e-05,10760
5777.6,0.00293883,2.93883e-05,10761
5780.16,0.00293623,2.93623e-05,10762
5782.72,0.00293362,2.93362e-05,10763
5785.28,0.00293103,2.93103e-05,10764
5787.84,0.00292844,2.92844e-05,10765
5790.4,0.00292585,2.92585e-05,10766
5792.95,0.00292327,2.92327e-05,10767
5795.51,0.00292069,2.92069e-05,10768
5798.06,0.00291812,2.91812e-05,10769
5800.61,0.00291556,2.91556e-05,10770
5803.16,0.002913,2.913e-05,10771
5805.7,0.00291045,2.91045e-05,10772
5808.25,0.0029079,2.9079e-05,10773
5810.79,0.00290535,2.90535e-05,10774
5813.33,0.00290282,2.90282e-05,10775
5815.86,0.00290028,2.90028e-05,10776
5818.4,0.00289776,2.89776e-05,10777
5820.94,0.00289523,2.89523e-05,10778
5823.47,0.00289272,2.89272e-05,10779
5826,0.0028902,2.8902e-05,10780
5828.53,0.0028877,2.8877e-05,10781
5831.05,0.00288519,2.88519e-05,10782
5833.58,0.0028827,2.8827e-05,10783
5836.1,0.00288021,2.88021e-05,10784
5838.62,0.00287772,2.87772e-05,10785
5841.14,0.00287524,2.87524e-05,10786
5843.66,0.00287276,2.87276e-05,10787
5846.17,0.00287029,2.87029e-05,10788
5848.69,0.00286782,2.86782e-05,10789
5851.2,0.00286536,2.86536e-05,10790
5853.71,0.00286291,2.86291e-05,10791
5856.22,0.00286045,2.86045e-05,10792
5858.72,0.00285801,2.85801e-05,10793
5861.23,0.00285557,2.85557e-05,10794
5863.73,0.00285313,2.85313e-05,10795
5866.23,0.0028507,2.8507e-05,10796
5868.73,0.00284827,2.84827e-05,10797
5871.22,0.00284585,2.84585e-05,10798
5873.72,0.00284343,2.84343e-05,10799
5876.21,0.00284102,2.84102e-05,10800
5878.7,0.00283861,2.83861e-05,10801
5881.19,0.00283621,2.83621e-05,10802
5883.68,0.00283382,2.83382e-05,10803
5886.16,0.00283142,2.83142e-05,10804
5888.64,0.00282904,2.82904e-05,10805
5891.13,0.00282665,2.82665e-05,10806
5893.61,0.00282427,2.82427e-05,10807
5896.08,0.0028219,2.8219e-05,10808
5898.56,0.00281953,2.81953e-05,10809
5901.03,0.00281717,2.81717e-05,10810
5903.51,0.00281481,2.81481e-05,10811
5905.98,0.00281246,2.81246e-05,10812
5908.45,0.00281011,2.81011e-05,10813
5910.91,0.00280776,2.80776e-05,10814
5913.38,0.00280542,2.80542e-05,10815
5915.84,0.00280309,2.80309e-05,10816
5918.3,0.00280075,2.80075e-05,10817
5920.76,0.00279843,2.79843e-05,10818
5923.22,0.00279611,2.79611e-05,10819
5925.67,0.00279379,2.79379e-05,10820
5928.13,0.00279148,2.79148e-05,10821
5930.58,0.00278917,2.78917e-05,10822
5933.03,0.00278687,2.78687e-05,10823
5935.48,0.00278457,2.78457e-05,10824
5937.92,0.00278227,2.78227e-05,10825
5940.37,0.00277999,2.77999e-05,10826
5942.81,0.0027777,2.7777e-05,10827
5945.25,0.00277542,2.77542e-05,10828
5947.69,0.00277314,2.77314e-05,10829
5950.13,0.00277087,2.77087e-05,10830
5952.56,0.00276861,2.76861e-05,10831
5954.99,0.00276634,2.76634e-05,10832
5957.43,0.00276409,2.76409e-05,10833
5959.86,0.00276183,2.76183e-05,10834
5962.28,0.00275958,2.75958e-05,10835
5964.71,0.00275734,2.75734e-05,10836
5967.13,0.0027551,2.7551e-05,10837
5969.56,0.00275287,2.75287e-05,10838
5971.98,0.00275063,2.75063e-05,10839
5974.4,0.00274841,2.74841e-05,10840
5976.81,0.00274618,2.74618e-05,10841
5979.23,0.00274397,2.74397e-05,10842
5981.64,0.00274175,2.74175e-05,10843
5984.05,0.00273954,2.73954e-05,10844
5986.46,0.00273734,2.73734e-05,10845
5988.87,0.00273514,2.73514e-05,10846
5991.28,0.00273294,2.73294e-05,10847
5993.68,0.00273075,2.73075e-05,10848
5996.08,0.00272856,2.72856e-05,10849
5998.48,0.00272638,2.72638e-05,10850
6000.88,0.0027242,2.7242e-05,10851
6003.28,0.00272202,2.72202e-05,10852
6005.67,0.00271985,2.71985e-05,10853
6008.07,0.00271769,2.71769e-05,10854
6010.46,0.00271553,2.71553e-05,10855
6012.85,0.00271337,2.71337e-05,10856
6015.24,0.00271121,2.71121e-05,10857
6017.62,0.00270906,2.70906e-05,10858
6020.01,0.00270692,2.70692e-05,10859
6022.39,0.00270478,2.70478e-05,10860
6024.77,0.00270264,2.70264e-05,10861
6027.15,0.00270051,2.70051e-05,10862
6029.53,0.00269838,2.69838e-05,10863
6031.9,0.00269625,2.69625e-05,10864
6034.27,0.00269413,2.69413e-05,10865
6036.64,0.00269202,2.69202e-05,10866
6039.01,0.0026899,2.6899e-05,10867
6041.38,0.0026878,2.6878e-05,10868
6043.75,0.00268569,2.68569e-05,10869
6046.11,0.00268359,2.68359e-05,10870
6048.48,0.0026815,2.6815e-05,10871
6050.84,0.0026794,2.6794e-05,10872
6053.2,0.00267732,2.67732e-05,10873
6055.55,0.00267523,2.67523e-05,10874
6057.91,0.00267315,2.67315e-05,10875
6060.26,0.00267108,2.67108e-05,10876
6062.61,0.002669,2.669e-05,10877
6064.96,0.00266694,2.66694e-05,10878
6067.31,0.00266487,2.66487e-05,10879
6069.66,0.00266281,2.66281e-05,10880
6072,0.00266076,2.66076e-05,10881
6074.35,0.0026587,2.6587e-05,10882
6076.69,0.00265666,2.65666e-05,10883
6079.03,0.00265461,2.65461e-05,10884
6081.36,0.00265257,2.65257e-05,10885
6083.7,0.00265053,2.65053e-05,10886
6086.03,0.0026485,2.6485e-05,10887
6088.37,0.00264647,2.64647e-05,10888
6090.7,0.00264445,2.64445e-05,10889
6093.03,0.00264243,2.64243e-05,10890
6095.35,0.00264041,2.64041e-05,10891
6097.68,0.0026384,2.6384e-05,10892
6100,0.00263639,2.63639e-05,10893
6102.32,0.00263438,2.63438e-05,10894
6104.64,0.00263238,2.63238e-05,10895
6106.96,0.00263038,2.63038e-05,10896
6109.28,0.00262839,2.62839e-05,10897
6111.59,0.0026264,2.6264e-05,10898
6113.91,0.00262441,2.62441e-05,10899
6116.22,0.00262243,2.62243e-05,10900
6118.53,0.00262045,2.62045e-05,10901
6120.83,0.00261847,2.61847e-05,10902
6123.14,0.0026165,2.6165e-05,10903
6125.44,0.00261453,2.61453e-05,10904
6127.75,0.00261257,2.61257e-05,10905
6130.05,0.00261061,2.61061e-05,10906
6132.35,0.00260865,2.60865e-05,10907
6134.64,0.0026067,2.6067e-05,10908
6136.94,0.00260475,2.60475e-05,10909
6139.23,0.0026028,2.6028e-05,10910
6141.52,0.00260086,2.60086e-05,10911
6143.81,0.00259892,2.59892e-05,10912
6146.1,0.00259699,2.59699e-05,10913
6148.39,0.00259505,2.59505e-05,10914
6150.67,0.00259313,2.59313e-05,10915
6152.96,0.0025912,2.5912e-05,10916
6155.24,0.00258928,2.58928e-05,10917
6157.52,0.00258737,2.58737e-05,10918
6159.79,0.00258545,2.58545e-05,10919
6162.07,0.00258354,2.58354e-05,10920
6164.34,0.00258164,2.58164e-05,10921
6166.62,0.00257974,2.57974e-05,10922
6168.89,0.00257784,2.57784e-05,10923
6171.16,0.00257594,2.57594e-05,10924
6173.42,0.00257405,2.57405e-05,10925
6175.69,0.00257216,2.57216e-05,10926
6177.95,0.00257028,2.57028e-05,10927
6180.21,0.0025684,2.5684e-05,10928
6182.47,0.00256652,2.56652e-05,10929
6184.73,0.00256464,2.56464e-05,10930
6186.99,0.00256277,2.56277e-05,10931
6189.25,0.00256091,2.56091e-05,10932
6191.5,0.00255904,2.55904e-05,10933
6193.75,0.00255718,2.55718e-05,10934
6196,0.00255532,2.55532e-05,10935
6198.25,0.00255347,2.55347e-05,10936
6200.5,0.00255162,2.55162e-05,10937
6202.74,0.00254978,2.54978e-05,10938
6204.98,0.00254793,2.54793e-05,10939
6207.22,0.00254609,2.54609e-05,10940
6209.46,0.00254426,2.54426e-05,10941
6211.7,0.00254242,2.54242e-05,10942
6213.94,0.00254059,2.54059e-05,10943
6216.17,0.00253877,2.53877e-05,10944
6218.4,0.00253695,2.53695e-05,10945
6220.63,0.00253513,2.53513e-05,10946
6222.86,0.00253331,2.53331e-05,10947
6225.09,0.0025315,2.5315e-05,10948
6227.32,0.00252969,2.52969e-05,10949
6229.54,0.00252788,2.52788e-05,10950
6231.76,0.00252608,2.52608e-05,10951
6233.98,0.00252428,2.52428e-05,10952
6236.2,0.00252248,2.52248e-05,10953
6238.42,0.00252069,2.52069e-05,10954
6240.64,0.0025189,2.5189e-05,10955
6242.85,0.00251712,2.51712e-05,10956
6245.06,0.00251533,2.51533e-05,10957
6247.27,0.00251355,2.51355e-05,10958
6249.48,0.00251178,2.51178e-05,10959
6251.69,0.00251,2.51e-05,10960
6253.89,0.00250823,2.50823e-05,10961
6256.1,0.00250647,2.50647e-05,10962
6258.3,0.0025047,2.5047e-05,10963
6260.5,0.00250295,2.50295e-05,10964
6262.7,0.00250119,2.50119e-05,10965
6264.89,0.00249943,2.49943e-05,10966
6267.09,0.00249768,2.49768e-05,10967
6269.28,0.00249594,2.49594e-05,10968
6271.47,0.00249419,2.49419e-05,10969
6273.66,0.00249245,2.49245e-05,10970
6275.85,0.00249071,2.49071e-05,10971
6278.04,0.00248898,2.48898e-05,10972
6280.22,0.00248725,2.48725e-05,10973
6282.4,0.00248552,2.48552e-05,10974
6284.59,0.00248379,2.48379e-05,10975
6286.77,0.00248207,2.48207e-05,10976
6288.94,0.00248035,2.48035e-05,10977
6291.12,0.00247864,2.47864e-05,10978
6293.3,0.00247692,2.47692e-05,10979
6295.47,0.00247522,2.47522e-05,10980
6297.64,0.00247351,2.47351e-05,10981
6299.81,0.00247181,2.47181e-05,10982
6301.98,0.0024701,2.4701e-05,10983
6304.14,0.00246841,2.46841e-05,10984
6306.31,0.00246671,2.46671e-05,10985
6308.47,0.00246502,2.46502e-05,10986
6310.63,0.00246333,2.46333e-05,10987
6312.79,0.00246165,2.46165e-05,10988
6314.95,0.00245997,2.45997e-05,10989
6317.11,0.00245829,2.45829e-05,10990
6319.26,0.00245661,2.45661e-05,10991
6321.41,0.00245494,2.45494e-05,10992
6323.56,0.00245327,2.45327e-05,10993
6325.71,0.0024516,2.4516e-05,10994
6327.86,0.00244994,2.44994e-05,10995
6330.01,0.00244828,2.44828e-05,10996
6332.15,0.00244662,2.44662e-05,10997
6334.29,0.00244496,2.44496e-05,10998
6336.43,0.00244331,2.44331e-05,10999
6338.57,0.00244166,2.44166e-05,11000
6340.71,0.00244002,2.44002e-05,11001
6342.85,0.00243837,2.43837e-05,11002
6344.98,0.00243673,2.43673e-05,11003
6347.12,0.0024351,2.4351e-05,11004
6349.25,0.00243346,2.43346e-05,11005
6351.38,0.00243183,2.43183e-05,11006
6353.5,0.0024302,2.4302e-05,11007
6355.63,0.00242858,2.42858e-05,11008
6357.75,0.00242695,2.42695e-05,11009
6359.88,0.00242533,2.42533e-05,11010
6362,0.00242372,2.42372e-05,11011
6364.12,0.0024221,2.4221e-05,11012
6366.23,0.00242049,2.42049e-05,11013
6368.35,0.00241888,2.41888e-05,11014
6370.46,0.00241728,2.41728e-05,11015
6372.58,0.00241568,2.41568e-05,11016
6374.69,0.00241408,2.41408e-05,11017
6376.8,0.00241248,2.41248e-05,11018
6378.91,0.00241089,2.41089e-05,11019
6381.01,0.00240929,2.40929e-05,11020
6383.12,0.00240771,2.40771e-05,11021
6385.22,0.00240612,2.40612e-05,11022
6387.32,0.00240454,2.40454e-05,11023
6389.42,0.00240296,2.40296e-05,11024
6391.52,0.00240138,2.40138e-05,11025
6393.61,0.00239981,2.39981e-05,11026
6395.71,0.00239823,2.39823e-05,11027
6397.8,0.00239667,2.39667e-05,11028
6399.89,0.0023951,2.3951e-05,11029
6401.98,0.00239354,2.39354e-05,11030
6404.07,0.00239198,2.39198e-05,11031
6406.16,0.00239042,2.39042e-05,11032
6408.24,0.00238886,2.38886e-05,11033
6410.32,0.00238731,2.38731e-05,11034
6412.41,0.00238576,2.38576e-05,11035
6414.49,0.00238422,2.38422e-05,11036
6416.56,0.00238267,2.38267e-05,11037
6418.64,0.00238113,2.38113e-05,11038
6420.71,0.00237959,2.37959e-05,11039
6422.79,0.00237806,2.37806e-05,11040
6424.86,0.00237652,2.37652e-05,11041
6426.93,0.00237499,2.37499e-05,11042
6429,0.00237346,2.37346e-05,11043
6431.06,0.00237194,2.37194e-05,11044
6433.13,0.00237042,2.37042e-05,11045
6435.19,0.0023689,2.3689e-05,11046
6437.25,0.00236738,2.36738e-05,11047
6439.31,0.00236586,2.36586e-05,11048
6441.37,0.00236435,2.36435e-05,11049
6443.43,0.00236284,2.36284e-05,11050
6445.48,0.00236134,2.36134e-05,11051
6447.54,0.00235983,2.35983e-05,11052
6449.59,0.00235833,2.35833e-05,11053
6451.64,0.00235683,2.35683e-05,11054
6453.69,0.00235534,2.35534e-05,11055
6455.74,0.00235384,2.35384e-05,11056
6457.78,0.00235235,2.35235e-05,11057
6459.82,0.00235086,2.35086e-05,11058
6461.87,0.00234938,2.34938e-05,11059
6463.91,0.0023479,2.3479e-05,11060
6465.95,0.00234642,2.34642e-05,11061
6467.98,0.00234494,2.34494e-05,11062
6470.02,0.00234346,2.34346e-05,11063
6472.05,0.00234199,2.34199e-05,11064
6474.09,0.00234052,2.34052e-05,11065
6476.12,0.00233905,2.33905e-05,11066
6478.15,0.00233759,2.33759e-05,11067
6480.17,0.00233612,2.33612e-05,11068
6482.2,0.00233466,2.33466e-05,11069
6484.22,0.00233321,2.33321e-05,11070
6486.25,0.00233175,2.33175e-05,11071
6488.27,0.0023303,2.3303e-05,11072
6490.29,0.00232885,2.32885e-05,11073
6492.3,0.0023274,2.3274e-05,11074
6494.32,0.00232596,2.32596e-05,11075
6496.33,0.00232451,2.32451e-05,11076
6498.35,0.00232307,2.32307e-05,11077
6500.36,0.00232164,2.32164e-05,11078
6502.37,0.0023202,2.3202e-05,11079
6504.38,0.00231877,2.31877e-05,11080
6506.38,0.00231734,2.31734e-05,11081
6508.39,0.00231591,2.31591e-05,11082
6510.39,0.00231449,2.31449e-05,11083
6512.4,0.00231306,2.31306e-05,11084
6514.4,0.00231164,2.31164e-05,11085
6516.39,0.00231023,2.31023e-05,11086
6518.39,0.00230881,2.30881e-05,11087
6520.39,0.0023074,2.3074e-05,11088
6522.38,0.00230599,2.30599e-05,11089
6524.37,0.00230458,2.30458e-05,11090
6526.36,0.00230317,2.30317e-05,11091
6528.35,0.00230177,2.30177e-05,11092
6530.34,0.00230037,2.30037e-05,11093
6532.33,0.00229897,2.29897e-05,11094
6534.31,0.00229757,2.29757e-05,11095
6536.29,0.00229618,2.29618e-05,11096
6538.27,0.00229479,2.29479e-05,11097
6540.25,0.0022934,2.2934e-05,11098
6542.23,0.00229201,2.29201e-05,11099
6544.21,0.00229063,2.29063e-05,11100
6546.18,0.00228925,2.28925e-05,11101
6548.16,0.00228787,2.28787e-05,11102
6550.13,0.00228649,2.28649e-05,11103
6552.1,0.00228512,2.28512e-05,11104
6554.07,0.00228374,2.28374e-05,11105
6556.03,0.00228237,2.28237e-05,11106
6558,0.00228101,2.28101e-05,11107
6559.96,0.00227964,2.27964e-05,11108
6561.92,0.00227828,2.27828e-05,11109
6563.88,0.00227692,2.27692e-05,11110
6565.84,0.00227556,2.27556e-05,11111
6567.8,0.0022742,2.2742e-05,11112
6569.75,0.00227285,2.27285e-05,11113
6571.71,0.0022715,2.2715e-05,11114
6573.66,0.00227015,2.27015e-05,11115
6575.61,0.0022688,2.2688e-05,11116
6577.56,0.00226746,2.26746e-05,11117
6579.51,0.00226611,2.26611e-05,11118
6581.46,0.00226477,2.26478e-05,11119
6583.4,0.00226344,2.26344e-05,11120
6585.34,0.0022621,2.2621e-05,11121
6587.29,0.00226077,2.26077e-05,11122
6589.23,0.00225944,2.25944e-05,11123
6591.16,0.00225811,2.25811e-05,11124
6593.1,0.00225678,2.25678e-05,11125
6595.04,0.00225546,2.25546e-05,11126
6596.97,0.00225414,2.25414e-05,11127
6598.9,0.00225282,2.25282e-05,11128
6600.83,0.0022515,2.2515e-05,11129
6602.76,0.00225018,2.25018e-05,11130
6604.69,0.00224887,2.24887e-05,11131
6606.61,0.00224756,2.24756e-05,11132
6608.54,0.00224625,2.24625e-05,11133
6610.46,0.00224495,2.24495e-05,11134
6612.38,0.00224364,2.24364e-05,11135
6614.3,0.00224234,2.24234e-05,11136
6616.22,0.00224104,2.24104e-05,11137
6618.14,0.00223974,2.23974e-05,11138
6620.05,0.00223845,2.23845e-05,11139
6621.96,0.00223715,2.23715e-05,11140
6623.87,0.00223586,2.23586e-05,11141
6625.79,0.00223457,2.23457e-05,11142
6627.69,0.00223329,2.23329e-05,11143
6629.6,0.002232,2.232e-05,11144
6631.51,0.00223072,2.23072e-05,11145
6633.41,0.00222944,2.22944e-05,11146
6635.31,0.00222816,2.22816e-05,11147
6637.21,0.00222688,2.22688e-05,11148
6639.11,0.00222561,2.22561e-05,11149
6641.01,0.00222434,2.22434e-05,11150
6642.91,0.00222307,2.22307e-05,11151
6644.8,0.0022218,2.2218e-05,11152
6646.69,0.00222054,2.22054e-05,11153
6648.58,0.00221927,2.21927e-05,11154
6650.47,0.00221801,2.21801e-05,11155
6652.36,0.00221675,2.21675e-05,11156
6654.25,0.0022155,2.2155e-05,11157
6656.13,0.00221424,2.21424e-05,11158
6658.02,0.00221299,2.21299e-05,11159
6659.9,0.00221174,2.21174e-05,11160
6661.78,0.00221049,2.21049e-05,11161
6663.66,0.00220924,2.20924e-05,11162
6665.54,0.002208,2.208e-05,11163
6667.41,0.00220676,2.20676e-05,11164
6669.29,0.00220552,2.20552e-05,11165
6671.16,0.00220428,2.20428e-05,11166
6673.03,0.00220304,2.20304e-05,11167
6674.9,0.00220181,2.20181e-05,11168
6676.77,0.00220058,2.20058e-05,11169
6678.64,0.00219935,2.19935e-05,11170
6680.5,0.00219812,2.19812e-05,11171
6682.37,0.00219689,2.19689e-05,11172
6684.23,0.00219567,2.19567e-05,11173
6686.09,0.00219445,2.19445e-05,11174
6687.95,0.00219323,2.19323e-05,11175
6689.8,0.00219201,2.19201e-05,11176
6691.66,0.00219079,2.19079e-05,11177
6693.51,0.00218958,2.18958e-05,11178
6695.37,0.00218837,2.18837e-05,11179
6697.22,0.00218716,2.18716e-05,11180
6699.07,0.00218595,2.18595e-05,11181
6700.92,0.00218474,2.18474e-05,11182
6702.76,0.00218354,2.18354e-05,11183
6704.61,0.00218234,2.18234e-05,11184
6706.45,0.00218114,2.18114e-05,11185
6708.29,0.00217994,2.17994e-05,11186
6710.14,0.00217875,2.17875e-05,11187
6711.97,0.00217755,2.17755e-05,11188
6713.81,0.00217636,2.17636e-05,11189
6715.65,0.00217517,2.17517e-05,11190
6717.48,0.00217398,2.17398e-05,11191
6719.32,0.0021728,2.1728e-05,11192
6721.15,0.00217161,2.17161e-05,11193
6722.98,0.00217043,2.17043e-05,11194
6724.8,0.00216925,2.16925e-05,11195
6726.63,0.00216807,2.16807e-05,11196
6728.46,0.0021669,2.1669e-05,11197
6730.28,0.00216572,2.16572e-05,11198
6732.1,0.00216455,2.16455e-05,11199
6733.92,0.00216338,2.16338e-05,11200
6735.74,0.00216221,2.16221e-05,11201
6737.56,0.00216104,2.16104e-05,11202
6739.38,0.00215988,2.15988e-05,11203
6741.19,0.00215872,2.15872e-05,11204
6743,0.00215756,2.15756e-05,11205
6744.82,0.0021564,2.1564e-05,11206
6746.63,0.00215524,2.15524e-05,11207
6748.43,0.00215409,2.15409e-05,11208
6750.24,0.00215293,2.15293e-05,11209
6752.05,0.00215178,2.15178e-05,11210
6753.85,0.00215063,2.15063e-05,11211
6755.65,0.00214948,2.14948e-05,11212
6757.45,0.00214834,2.14834e-05,11213
6759.25,0.0021472,2.1472e-05,11214
6761.05,0.00214605,2.14605e-05,11215
6762.85,0.00214491,2.14491e-05,11216
6764.64,0.00214378,2.14378e-05,11217
6766.44,0.00214264,2.14264e-05,11218
6768.23,0.00214151,2.14151e-05,11219
6770.02,0.00214037,2.14037e-05,11220
6771.81,0.00213924,2.13924e-05,11221
6773.59,0.00213811,2.13811e-05,11222
6775.38,0.00213699,2.13699e-05,11223
6777.16,0.00213586,2.13586e-05,11224
6778.95,0.00213474,2.13474e-05,11225
6780.73,0.00213362,2.13362e-05,11226
6782.51,0.0021325,2.1325e-05,11227
6784.29,0.00213138,2.13138e-05,11228
6786.06,0.00213026,2.13026e-05,11229
6787.84,0.00212915,2.12915e-05,11230
6789.61,0.00212804,2.12804e-05,11231
6791.38,0.00212693,2.12693e-05,11232
6793.16,0.00212582,2.12582e-05,11233
6794.92,0.00212471,2.12471e-05,11234
6796.69,0.00212361,2.12361e-05,11235
6798.46,0.0021225,2.1225e-05,11236
6800.22,0.0021214,2.1214e-05,11237
6801.99,0.0021203,2.1203e-05,11238
6803.75,0.0021192,2.1192e-05,11239
6805.51,0.00211811,2.11811e-05,11240
6807.27,0.00211701,2.11701e-05,11241
6809.03,0.00211592,2.11592e-05,11242
6810.78,0.00211483,2.11483e-05,11243
6812.54,0.00211374,2.11374e-05,11244
6814.29,0.00211265,2.11265e-05,11245
6816.04,0.00211157,2.11157e-05,11246
6817.79,0.00211048,2.11048e-05,11247
6819.54,0.0021094,2.1094e-05,11248
6821.28,0.00210832,2.10832e-05,11249
6823.03,0.00210724,2.10724e-05,11250
6824.77,0.00210617,2.10617e-05,11251
6826.52,0.00210509,2.10509e-05,11252
6828.26,0.00210402,2.10402e-05,11253
6830,0.00210295,2.10295e-05,11254
6831.73,0.00210188,2.10188e-05,11255
6833.47,0.00210081,2.10081e-05,11256
6835.21,0.00209974,2.09974e-05,11257
6836.94,0.00209868,2.09868e-05,11258
6838.67,0.00209761,2.09761e-05,11259
6840.4,0.00209655,2.09655e-05,11260
6842.13,0.00209549,2.09549e-05,11261
6843.86,0.00209444,2.09444e-05,11262
6845.58,0.00209338,2.09338e-05,11263
6847.31,0.00209233,2.09233e-05,11264
6849.03,0.00209127,2.09127e-05,11265
6850.75,0.00209022,2.09022e-05,11266
6852.47,0.00208917,2.08917e-05,11267
6854.19,0.00208813,2.08813e-05,11268
6855.91,0.00208708,2.08708e-05,11269
6857.62,0.00208604,2.08604e-05,11270
6859.34,0.00208499,2.08499e-05,11271
6861.05,0.00208395,2.08395e-05,11272
6862.76,0.00208291,2.08291e-05,11273
6864.47,0.00208188,2.08188e-05,11274
6866.18,0.00208084,2.08084e-05,11275
6867.89,0.00207981,2.07981e-05,11276
6869.59,0.00207877,2.07877e-05,11277
6871.3,0.00207774,2.07774e-05,11278
6873,0.00207671,2.07671e-05,11279
6874.7,0.00207569,2.07569e-05,11280
6876.4,0.00207466,2.07466e-05,11281
6878.1,0.00207364,2.07364e-05,11282
6879.79,0.00207261,2.07261e-05,11283
6881.49,0.00207159,2.07159e-05,11284
6883.18,0.00207057,2.07057e-05,11285
6884.88,0.00206955,2.06955e-05,11286
6886.57,0.00206854,2.06854e-05,11287
6888.25,0.00206752,2.06752e-05,11288
6889.94,0.00206651,2.06651e-05,11289
6891.63,0.0020655,2.0655e-05,11290
6893.31,0.00206449,2.06449e-05,11291
6895,0.00206348,2.06348e-05,11292
6896.68,0.00206248,2.06248e-05,11293
6898.36,0.00206147,2.06147e-05,11294
6900.04,0.00206047,2.06047e-05,11295
6901.72,0.00205947,2.05947e-05,11296
6903.39,0.00205847,2.05847e-05,11297
6905.07,0.00205747,2.05747e-05,11298
6906.74,0.00205647,2.05647e-05,11299
6908.41,0.00205548,2.05548e-05,11300
6910.08,0.00205448,2.05448e-05,11301
6911.75,0.00205349,2.05349e-05,11302
6913.42,0.0020525,2.0525e-05,11303
6915.08,0.00205151,2.05151e-05,11304
6916.75,0.00205053,2.05053e-05,11305
6918.41,0.00204954,2.04954e-05,11306
6920.07,0.00204856,2.04856e-05,11307
6921.73,0.00204757,2.04757e-05,11308
6923.39,0.00204659,2.04659e-05,11309
6925.05,0.00204561,2.04561e-05,11310
6926.7,0.00204464,2.04464e-05,11311
6928.35,0.00204366,2.04366e-05,11312
6930.01,0.00204269,2.04269e-05,11313
6931.66,0.00204171,2.04171e-05,11314
6933.31,0.00204074,2.04074e-05,11315
6934.96,0.00203977,2.03977e-05,11316
6936.6,0.0020388,2.0388e-05,11317
6938.25,0.00203784,2.03784e-05,11318
6939.89,0.00203687,2.03687e-05,11319
6941.53,0.00203591,2.03591e-05,11320
6943.18,0.00203495,2.03495e-05,11321
6944.82,0.00203398,2.03398e-05,11322
6946.45,0.00203303,2.03303e-05,11323
6948.09,0.00203207,2.03207e-05,11324
6949.73,0.00203111,2.03111e-05,11325
6951.36,0.00203016,2.03016e-05,11326
6952.99,0.0020292,2.0292e-05,11327
6954.62,0.00202825,2.02825e-05,11328
6956.25,0.0020273,2.0273e-05,11329
6957.88,0.00202635,2.02635e-05,11330
6959.51,0.00202541,2.02541e-05,11331
6961.13,0.00202446,2.02446e-05,11332
6962.75,0.00202352,2.02352e-05,11333
6964.38,0.00202257,2.02257e-05,11334
6966,0.00202163,2.02163e-05,11335
6967.62,0.00202069,2.02069e-05,11336
6969.23,0.00201976,2.01976e-05,11337
6970.85,0.00201882,2.01882e-05,11338
6972.46,0.00201788,2.01788e-05,11339
6974.08,0.00201695,2.01695e-05,11340
6975.69,0.00201602,2.01602e-05,11341
6977.3,0.00201509,2.01509e-05,11342
6978.91,0.00201416,2.01416e-05,11343
6980.52,0.00201323,2.01323e-05,11344
6982.12,0.00201231,2.01231e-05,11345
6983.73,0.00201138,2.01138e-05,11346
6985.33,0.00201046,2.01046e-05,11347
6986.93,0.00200954,2.00954e-05,11348
6988.54,0.00200861,2.00861e-05,11349
6990.13,0.0020077,2.0077e-05,11350
6991.73,0.00200678,2.00678e-05,11351
6993.33,0.00200586,2.00586e-05,11352
6994.92,0.00200495,2.00495e-05,11353
6996.52,0.00200404,2.00404e-05,11354
6998.11,0.00200312,2.00312e-05,11355
6999.7,0.00200221,2.00221e-05,11356
7001.29,0.0020013,2.0013e-05,11357
7002.88,0.0020004,2.0004e-05,11358
7004.46,0.00199949,1.99949e-05,11359
7006.05,0.00199859,1.99859e-05,11360
7007.63,0.00199768,1.99768e-05,11361
7009.21,0.00199678,1.99678e-05,11362
7010.79,0.00199588,1.99588e-05,11363
7012.37,0.00199498,1.99498e-05,11364
7013.95,0.00199409,1.99409e-05,11365
7015.53,0.00199319,1.99319e-05,11366
7017.1,0.0019923,1.9923e-05,11367
7018.67,0.0019914,1.9914e-05,11368
7020.25,0.00199051,1.99051e-05,11369
7021.82,0.00198962,1.98962e-05,11370
7023.39,0.00198873,1.98873e-05,11371
7024.95,0.00198784,1.98784e-05,11372
7026.52,0.00198696,1.98696e-05,11373
7028.08,0.00198607,1.98607e-05,11374
7029.65,0.00198519,1.98519e-05,11375
7031.21,0.00198431,1.98431e-05,11376
7032.77,0.00198343,1.98343e-05,11377
7034.33,0.00198255,1.98255e-05,11378
7035.89,0.00198167,1.98167e-05,11379
7037.44,0.00198079,1.98079e-05,11380
7039,0.00197992,1.97992e-05,11381
7040.55,0.00197905,1.97905e-05,11382
7042.1,0.00197817,1.97817e-05,11383
7043.65,0.0019773,1.9773e-05,11384
7045.2,0.00197643,1.97643e-05,11385
7046.75,0.00197556,1.97556e-05,11386
7048.3,0.0019747,1.9747e-05,11387
7049.84,0.00197383,1.97383e-05,11388
7051.39,0.00197297,1.97297e-05,11389
7052.93,0.00197211,1.97211e-05,11390
7054.47,0.00197124,1.97124e-05,11391
7056.01,0.00197038,1.97038e-05,11392
7057.55,0.00196953,1.96953e-05,11393
7059.08,0.00196867,1.96867e-05,11394
7060.62,0.00196781,1.96781e-05,11395
7062.15,0.00196696,1.96696e-05,11396
7063.68,0.0019661,1.9661e-05,11397
7065.21,0.00196525,1.96525e-05,11398
7066.74,0.0019644,1.9644e-05,11399
7068.27,0.00196355,1.96355e-05,11400
7069.8,0.0019627,1.9627e-05,11401
7071.32,0.00196186,1.96186e-05,11402
7072.85,0.00196101,1.96101e-05,11403
7074.37,0.00196017,1.96017e-05,11404
7075.89,0.00195933,1.95933e-05,11405
7077.41,0.00195849,1.95849e-05,11406
7078.93,0.00195765,1.95765e-05,11407
7080.44,0.00195681,1.95681e-05,11408
7081.96,0.00195597,1.95597e-05,11409
7083.47,0.00195513,1.95513e-05,11410
7084.99,0.0019543,1.9543e-05,11411
7086.5,0.00195347,1.95347e-05,11412
7088.01,0.00195263,1.95263e-05,11413
7089.52,0.0019518,1.9518e-05,11414
7091.02,0.00195097,1.95097e-05,11415
7092.53,0.00195015,1.95015e-05,11416
7094.03,0.00194932,1.94932e-05,11417
7095.53,0.00194849,1.94849e-05,11418
7097.04,0.00194767,1.94767e-05,11419
7098.54,0.00194685,1.94685e-05,11420
7100.03,0.00194602,1.94602e-05,11421
7101.53,0.0019452,1.9452e-05,11422
7103.03,0.00194438,1.94438e-05,11423
7104.52,0.00194357,1.94357e-05,11424
7106.01,0.00194275,1.94275e-05,11425
7107.51,0.00194193,1.94193e-05,11426
7109,0.00194112,1.94112e-05,11427
7110.48,0.00194031,1.94031e-05,11428
7111.97,0.0019395,1.9395e-05,11429
7113.46,0.00193869,1.93869e-05,11430
7114.94,0.00193788,1.93788e-05,11431
7116.42,0.00193707,1.93707e-05,11432
7117.91,0.00193626,1.93626e-05,11433
7119.39,0.00193546,1.93546e-05,11434
7120.87,0.00193465,1.93465e-05,11435
7122.34,0.00193385,1.93385e-05,11436
7123.82,0.00193305,1.93305e-05,11437
7125.29,0.00193225,1.93225e-05,11438
7126.77,0.00193145,1.93145e-05,11439
7128.24,0.00193065,1.93065e-05,11440
7129.71,0.00192986,1.92986e-05,11441
7131.18,0.00192906,1.92906e-05,11442
7132.65,0.00192827,1.92827e-05,11443
7134.11,0.00192748,1.92748e-05,11444
7135.58,0.00192668,1.92668e-05,11445
7137.04,0.00192589,1.92589e-05,11446
7138.5,0.00192511,1.92511e-05,11447
7139.97,0.00192432,1.92432e-05,11448
7141.42,0.00192353,1.92353e-05,11449
7142.88,0.00192275,1.92275e-05,11450
7144.34,0.00192196,1.92196e-05,11451
7145.79,0.00192118,1.92118e-05,11452
7147.25,0.0019204,1.9204e-05,11453
7148.7,0.00191962,1.91962e-05,11454
7150.15,0.00191884,1.91884e-05,11455
7151.6,0.00191806,1.91806e-05,11456
7153.05,0.00191728,1.91728e-05,11457
7154.5,0.00191651,1.91651e-05,11458
7155.94,0.00191573,1.91573e-05,11459
7157.39,0.00191496,1.91496e-05,11460
7158.83,0.00191419,1.91419e-05,11461
7160.27,0.00191342,1.91342e-05,11462
7161.71,0.00191265,1.91265e-05,11463
7163.15,0.00191188,1.91188e-05,11464
7164.59,0.00191111,1.91111e-05,11465
7166.02,0.00191035,1.91035e-05,11466
7167.46,0.00190958,1.90958e-05,11467
7168.89,0.00190882,1.90882e-05,11468
7170.32,0.00190806,1.90806e-05,11469
7171.75,0.0019073,1.9073e-05,11470
7173.18,0.00190654,1.90654e-05,11471
7174.61,0.00190578,1.90578e-05,11472
7176.04,0.00190502,1.90502e-05,11473
7177.46,0.00190426,1.90426e-05,11474
7178.89,0.00190351,1.90351e-05,11475
7180.31,0.00190276,1.90276e-05,11476
7181.73,0.001902,1.902e-05,11477
7183.15,0.00190125,1.90125e-05,11478
7184.57,0.0019005,1.9005e-05,11479
7185.98,0.00189975,1.89975e-05,11480
7187.4,0.001899,1.899e-05,11481
7188.81,0.00189826,1.89826e-05,11482
7190.22,0.00189751,1.89751e-05,11483
7191.64,0.00189677,1.89677e-05,11484
7193.05,0.00189602,1.89602e-05,11485
7194.45,0.00189528,1.89528e-05,11486
7195.86,0.00189454,1.89454e-05,11487
7197.27,0.0018938,1.8938e-05,11488
7198.67,0.00189306,1.89306e-05,11489
7200.07,0.00189232,1.89232e-05,11490
7201.48,0.00189159,1.89159e-05,11491
7202.88,0.00189085,1.89085e-05,11492
7204.28,0.00189012,1.89012e-05,11493
7205.67,0.00188938,1.88938e-05,11494
7207.07,0.00188865,1.88865e-05,11495
7208.46,0.00188792,1.88792e-05,11496
7209.86,0.00188719,1.88719e-05,11497
7211.25,0.00188646,1.88646e-05,11498
7212.64,0.00188573,1.88573e-05,11499
7214.03,0.00188501,1.88501e-05,11500
7215.42,0.00188428,1.88428e-05,11501
7216.8,0.00188356,1.88356e-05,11502
7218.19,0.00188284,1.88284e-05,11503
7219.57,0.00188211,1.88211e-05,11504
7220.95,0.00188139,1.88139e-05,11505
7222.34,0.00188067,1.88067e-05,11506
7223.72,0.00187996,1.87996e-05,11507
7225.09,0.00187924,1.87924e-05,11508
7226.47,0.00187852,1.87852e-05,11509
7227.85,0.00187781,1.87781e-05,11510
7229.22,0.00187709,1.87709e-05,11511
7230.59,0.00187638,1.87638e-05,11512
7231.97,0.00187567,1.87567e-05,11513
7233.34,0.00187496,1.87496e-05,11514
7234.71,0.00187425,1.87425e-05,11515
7236.07,0.00187354,1.87354e-05,11516
7237.44,0.00187283,1.87283e-05,11517
7238.8,0.00187213,1.87213e-05,11518
7240.17,0.00187142,1.87142e-05,11519
7241.53,0.00187072,1.87072e-05,11520
7242.89,0.00187002,1.87002e-05,11521
7244.25,0.00186931,1.86931e-05,11522
7245.61,0.00186861,1.86861e-05,11523
7246.96,0.00186791,1.86791e-05,11524
7248.32,0.00186722,1.86722e-05,11525
7249.67,0.00186652,1.86652e-05,11526
7251.03,0.00186582,1.86582e-05,11527
7252.38,0.00186513,1.86513e-05,11528
7253.73,0.00186443,1.86443e-05,11529
7255.08,0.00186374,1.86374e-05,11530
7256.42,0.00186305,1.86305e-05,11531
7257.77,0.00186236,1.86236e-05,11532
7259.11,0.00186167,1.86167e-05,11533
7260.46,0.00186098,1.86098e-05,11534
7261.8,0.00186029,1.86029e-05,11535
7263.14,0.0018596,1.8596e-05,11536
7264.48,0.00185892,1.85892e-05,11537
7265.82,0.00185823,1.85823e-05,11538
7267.15,0.00185755,1.85755e-05,11539
7268.49,0.00185687,1.85687e-05,11540
7269.82,0.00185619,1.85619e-05,11541
7271.15,0.00185551,1.85551e-05,11542
7272.48,0.00185483,1.85483e-05,11543
7273.81,0.00185415,1.85415e-05,11544
7275.14,0.00185347,1.85347e-05,11545
7276.47,0.0018528,1.8528e-05,11546
7277.79,0.00185212,1.85212e-05,11547
7279.12,0.00185145,1.85145e-05,11548
7280.44,0.00185078,1.85078e-05,11549
7281.76,0.0018501,1.8501e-05,11550
7283.08,0.00184943,1.84943e-05,11551
7284.4,0.00184876,1.84876e-05,11552
7285.72,0.00184809,1.84809e-05,11553
7287.04,0.00184743,1.84743e-05,11554
7288.35,0.00184676,1.84676e-05,11555
7289.66,0.0018461,1.8461e-05,11556
7290.98,0.00184543,1.84543e-05,11557
7292.29,0.00184477,1.84477e-05,11558
7293.6,0.0018441,1.8441e-05,11559
7294.9,0.00184344,1.84344e-05,11560
7296.21,0.00184278,1.84278e-05,11561
7297.52,0.00184212,1.84212e-05,11562
7298.82,0.00184147,1.84147e-05,11563
7300.12,0.00184081,1.84081e-05,11564
7301.42,0.00184015,1.84015e-05,11565
7302.72,0.0018395,1.8395e-05,11566
7304.02,0.00183884,1.83884e-05,11567
7305.32,0.00183819,1.83819e-05,11568
7306.62,0.00183754,1.83754e-05,11569
7307.91,0.00183689,1.83689e-05,11570
7309.21,0.00183624,1.83624e-05,11571
7310.5,0.00183559,1.83559e-05,11572
7311.79,0.00183494,1.83494e-05,11573
7313.08,0.00183429,1.83429e-05,11574
7314.37,0.00183365,1.83365e-05,11575
7315.65,0.001833,1.833e-05,11576
7316.94,0.00183236,1.83236e-05,11577
7318.22,0.00183171,1.83171e-05,11578
7319.5,0.00183107,1.83107e-05,11579
7320.79,0.00183043,1.83043e-05,11580
7322.07,0.00182979,1.82979e-05,11581
7323.34,0.00182915,1.82915e-05,11582
7324.62,0.00182852,1.82852e-05,11583
7325.9,0.00182788,1.82788e-05,11584
7327.17,0.00182724,1.82724e-05,11585
7328.45,0.00182661,1.82661e-05,11586
7329.72,0.00182597,1.82597e-05,11587
7330.99,0.00182534,1.82534e-05,11588
7332.26,0.00182471,1.82471e-05,11589
7333.53,0.00182408,1.82408e-05,11590
7334.79,0.00182345,1.82345e-05,11591
7336.06,0.00182282,1.82282e-05,11592
7337.32,0.00182219,1.82219e-05,11593
7338.58,0.00182156,1.82156e-05,11594
7339.85,0.00182094,1.82094e-05,11595
7341.11,0.00182031,1.82031e-05,11596
7342.37,0.00181969,1.81969e-05,11597
7343.62,0.00181907,1.81907e-05,11598
7344.88,0.00181844,1.81844e-05,11599
7346.13,0.00181782,1.81782e-05,11600
7347.39,0.0018172,1.8172e-05,11601
7348.64,0.00181658,1.81658e-05,11602
7349.89,0.00181596,1.81596e-05,11603
7351.14,0.00181535,1.81535e-05,11604
7352.39,0.00181473,1.81473e-05,11605
7353.64,0.00181412,1.81412e-05,11606
7354.88,0.0018135,1.8135e-05,11607
7356.12,0.00181289,1.81289e-05,11608
7357.37,0.00181228,1.81228e-05,11609
7358.61,0.00181166,1.81166e-05,11610
7359.85,0.00181105,1.81105e-05,11611
7361.09,0.00181044,1.81044e-05,11612
7362.33,0.00180983,1.80983e-05,11613
7363.56,0.00180923,1.80923e-05,11614
7364.8,0.00180862,1.80862e-05,11615
7366.03,0.00180801,1.80801e-05,11616
7367.26,0.00180741,1.80741e-05,11617
7368.49,0.00180681,1.80681e-05,11618
7369.72,0.0018062,1.8062e-05,11619
7370.95,0.0018056,1.8056e-05,11620
7372.18,0.001805,1.805e-05,11621
7373.41,0.0018044,1.8044e-05,11622
7374.63,0.0018038,1.8038e-05,11623
7375.85,0.0018032,1.8032e-05,11624
7377.07,0.00180261,1.80261e-05,11625
7378.29,0.00180201,1.80201e-05,11626
7379.51,0.00180141,1.80141e-05,11627
7380.73,0.00180082,1.80082e-05,11628
7381.95,0.00180023,1.80023e-05,11629
7383.16,0.00179963,1.79963e-05,11630
7384.38,0.00179904,1.79904e-05,11631
7385.59,0.00179845,1.79845e-05,11632
7386.8,0.00179786,1.79786e-05,11633
7388.01,0.00179727,1.79727e-05,11634
7389.22,0.00179668,1.79668e-05,11635
7390.43,0.0017961,1.7961e-05,11636
7391.63,0.00179551,1.79551e-05,11637
7392.84,0.00179493,1.79493e-05,11638
7394.04,0.00179434,1.79434e-05,11639
7395.24,0.00179376,1.79376e-05,11640
7396.44,0.00179318,1.79318e-05,11641
7397.64,0.00179259,1.7926e-05,11642
7398.84,0.00179201,1.79201e-05,11643
7400.04,0.00179143,1.79143e-05,11644
7401.23,0.00179086,1.79086e-05,11645
7402.43,0.00179028,1.79028e-05,11646
7403.62,0.0017897,1.7897e-05,11647
7404.81,0.00178913,1.78913e-05,11648
7406,0.00178855,1.78855e-05,11649
7407.19,0.00178798,1.78798e-05,11650
7408.38,0.0017874,1.7874e-05,11651
7409.57,0.00178683,1.78683e-05,11652
7410.75,0.00178626,1.78626e-05,11653
7411.94,0.00178569,1.78569e-05,11654
7413.12,0.00178512,1.78512e-05,11655
7414.3,0.00178455,1.78455e-05,11656
7415.48,0.00178398,1.78398e-05,11657
7416.66,0.00178342,1.78342e-05,11658
7417.83,0.00178285,1.78285e-05,11659
7419.01,0.00178228,1.78228e-05,11660
7420.19,0.00178172,1.78172e-05,11661
7421.36,0.00178116,1.78116e-05,11662
7422.53,0.00178059,1.78059e-05,11663
7423.7,0.00178003,1.78003e-05,11664
7424.87,0.00177947,1.77947e-05,11665
7426.04,0.00177891,1.77891e-05,11666
7427.21,0.00177835,1.77835e-05,11667
7428.37,0.0017778,1.7778e-05,11668
7429.53,0.00177724,1.77724e-05,11669
7430.7,0.00177668,1.77668e-05,11670
7431.86,0.00177613,1.77613e-05,11671
7433.02,0.00177557,1.77557e-05,11672
7434.18,0.00177502,1.77502e-05,11673
7435.34,0.00177447,1.77447e-05,11674
7436.49,0.00177391,1.77391e-05,11675
7437.65,0.00177336,1.77336e-05,11676
7438.8,0.00177281,1.77281e-05,11677
7439.95,0.00177226,1.77226e-05,11678
7441.11,0.00177172,1.77172e-05,11679
7442.26,0.00177117,1.77117e-05,11680
7443.4,0.00177062,1.77062e-05,11681
7444.55,0.00177008,1.77008e-05,11682
7445.7,0.00176953,1.76953e-05,11683
7446.84,0.00176899,1.76899e-05,11684
7447.99,0.00176844,1.76844e-05,11685
7449.13,0.0017679,1.7679e-05,11686
7450.27,0.00176736,1.76736e-05,11687
7451.41,0.00176682,1.76682e-05,11688
7452.55,0.00176628,1.76628e-05,11689
7453.68,0.00176574,1.76574e-05,11690
7454.82,0.0017652,1.7652e-05,11691
7455.95,0.00176467,1.76467e-05,11692
7457.09,0.00176413,1.76413e-05,11693
7458.22,0.00176359,1.76359e-05,11694
7459.35,0.00176306,1.76306e-05,11695
7460.48,0.00176253,1.76253e-05,11696
7461.61,0.00176199,1.76199e-05,11697
7462.73,0.00176146,1.76146e-05,11698
7463.86,0.00176093,1.76093e-05,11699
7464.98,0.0017604,1.7604e-05,11700
7466.1,0.00175987,1.75987e-05,11701
7467.23,0.00175934,1.75934e-05,11702
7468.35,0.00175881,1.75881e-05,11703
7469.46,0.00175829,1.75829e-05,11704
7470.58,0.00175776,1.75776e-05,11705
7471.7,0.00175724,1.75724e-05,11706
7472.81,0.00175671,1.75671e-05,11707
7473.93,0.00175619,1.75619e-05,11708
7475.04,0.00175567,1.75567e-05,11709
7476.15,0.00175514,1.75514e-05,11710
7477.26,0.00175462,1.75462e-05,11711
7478.37,0.0017541,1.7541e-05,11712
7479.48,0.00175358,1.75358e-05,11713
7480.58,0.00175307,1.75307e-05,11714
7481.69,0.00175255,1.75255e-05,11715
7482.79,0.00175203,1.75203e-05,11716
7483.89,0.00175152,1.75152e-05,11717
7484.99,0.001751,1.751e-05,11718
7486.09,0.00175049,1.75049e-05,11719
7487.19,0.00174997,1.74997e-05,11720
7488.29,0.00174946,1.74946e-05,11721
7489.38,0.00174895,1.74895e-05,11722
7490.48,0.00174844,1.74844e-05,11723
7491.57,0.00174793,1.74793e-05,11724
7492.66,0.00174742,1.74742e-05,11725
7493.75,0.00174691,1.74691e-05,11726
7494.84,0.0017464,1.7464e-05,11727
7495.93,0.00174589,1.74589e-05,11728
7497.02,0.00174539,1.74539e-05,11729
7498.1,0.00174488,1.74488e-05,11730
7499.19,0.00174438,1.74438e-05,11731
7500.27,0.00174387,1.74387e-05,11732
7501.35,0.00174337,1.74337e-05,11733
7502.43,0.00174287,1.74287e-05,11734
7503.51,0.00174237,1.74237e-05,11735
7504.59,0.00174187,1.74187e-05,11736
7505.66,0.00174137,1.74137e-05,11737
7506.74,0.00174087,1.74087e-05,11738
7507.81,0.00174037,1.74037e-05,11739
7508.89,0.00173987,1.73987e-05,11740
7509.96,0.00173938,1.73938e-05,11741
7511.03,0.00173888,1.73888e-05,11742
7512.1,0.00173839,1.73839e-05,11743
7513.16,0.00173789,1.73789e-05,11744
7514.23,0.0017374,1.7374e-05,11745
7515.3,0.00173691,1.73691e-05,11746
7516.36,0.00173642,1.73642e-05,11747
7517.42,0.00173593,1.73593e-05,11748
7518.48,0.00173544,1.73544e-05,11749
7519.54,0.00173495,1.73495e-05,11750
7520.6,0.00173446,1.73446e-05,11751
7521.66,0.00173397,1.73397e-05,11752
7522.71,0.00173348,1.73348e-05,11753
7523.77,0.001733,1.733e-05,11754
7524.82,0.00173251,1.73251e-05,11755
7525.87,0.00173203,1.73203e-05,11756
7526.93,0.00173154,1.73154e-05,11757
7527.98,0.00173106,1.73106e-05,11758
7529.02,0.00173058,1.73058e-05,11759
7530.07,0.0017301,1.7301e-05,11760
7531.12,0.00172962,1.72962e-05,11761
7532.16,0.00172914,1.72914e-05,11762
7533.2,0.00172866,1.72866e-05,11763
7534.25,0.00172818,1.72818e-05,11764
7535.29,0.0017277,1.7277e-05,11765
7536.33,0.00172723,1.72723e-05,11766
7537.36,0.00172675,1.72675e-05,11767
7538.4,0.00172628,1.72628e-05,11768
7539.44,0.0017258,1.7258e-05,11769
7540.47,0.00172533,1.72533e-05,11770
7541.5,0.00172486,1.72486e-05,11771
7542.54,0.00172439,1.72439e-05,11772
7543.57,0.00172391,1.72391e-05,11773
7544.6,0.00172344,1.72344e-05,11774
7545.62,0.00172297,1.72297e-05,11775
7546.65,0.00172251,1.72251e-05,11776
7547.68,0.00172204,1.72204e-05,11777
7548.7,0.00172157,1.72157e-05,11778
7549.72,0.0017211,1.7211e-05,11779
7550.74,0.00172064,1.72064e-05,11780
7551.77,0.00172017,1.72017e-05,11781
7552.78,0.00171971,1.71971e-05,11782
7553.8,0.00171925,1.71925e-05,11783
7554.82,0.00171878,1.71878e-05,11784
7555.83,0.00171832,1.71832e-05,11785
7556.85,0.00171786,1.71786e-05,11786
7557.86,0.0017174,1.7174e-05,11787
7558.87,0.00171694,1.71694e-05,11788
7559.88,0.00171648,1.71648e-05,11789
7560.89,0.00171602,1.71602e-05,11790
7561.9,0.00171557,1.71557e-05,11791
7562.91,0.00171511,1.71511e-05,11792
7563.91,0.00171465,1.71465e-05,11793
7564.92,0.0017142,1.7142e-05,11794
7565.92,0.00171374,1.71374e-05,11795
7566.92,0.00171329,1.71329e-05,11796
7567.92,0.00171284,1.71284e-05,11797
7568.92,0.00171238,1.71238e-05,11798
7569.92,0.00171193,1.71193e-05,11799
7570.91,0.00171148,1.71148e-05,11800
7571.91,0.00171103,1.71103e-05,11801
7572.9,0.00171058,1.71058e-05,11802
7573.89,0.00171014,1.71014e-05,11803
7574.89,0.00170969,1.70969e-05,11804
7575.88,0.00170924,1.70924e-05,11805
7576.86,0.0017088,1.70879e-05,11806
7577.85,0.00170835,1.70835e-05,11807
7578.84,0.00170791,1.70791e-05,11808
7579.82,0.00170746,1.70746e-05,11809
7580.81,0.00170702,1.70702e-05,11810
7581.79,0.00170658,1.70658e-05,11811
7582.77,0.00170613,1.70613e-05,11812
7583.75,0.00170569,1.70569e-05,11813
7584.73,0.00170525,1.70525e-05,11814
7585.71,0.00170481,1.70481e-05,11815
7586.68,0.00170438,1.70438e-05,11816
7587.66,0.00170394,1.70394e-05,11817
7588.63,0.0017035,1.7035e-05,11818
7589.6,0.00170306,1.70306e-05,11819
7590.57,0.00170263,1.70263e-05,11820
7591.54,0.00170219,1.70219e-05,11821
7592.51,0.00170176,1.70176e-05,11822
7593.48,0.00170132,1.70133e-05,11823
7594.45,0.00170089,1.70089e-05,11824
7595.41,0.00170046,1.70046e-05,11825
7596.38,0.00170003,1.70003e-05,11826
7597.34,0.0016996,1.6996e-05,11827
7598.3,0.00169917,1.69917e-05,11828
7599.26,0.00169874,1.69874e-05,11829
7600.22,0.00169831,1.69831e-05,11830
7601.17,0.00169788,1.69788e-05,11831
7602.13,0.00169746,1.69746e-05,11832
7603.09,0.00169703,1.69703e-05,11833
7604.04,0.0016966,1.6966e-05,11834
7604.99,0.00169618,1.69618e-05,11835
7605.94,0.00169575,1.69575e-05,11836
7606.89,0.00169533,1.69533e-05,11837
7607.84,0.00169491,1.69491e-05,11838
7608.79,0.00169449,1.69449e-05,11839
7609.73,0.00169406,1.69406e-05,11840
7610.68,0.00169364,1.69364e-05,11841
7611.62,0.00169322,1.69322e-05,11842
7612.57,0.00169281,1.69281e-05,11843
7613.51,0.00169239,1.69239e-05,11844
7614.45,0.00169197,1.69197e-05,11845
7615.38,0.00169155,1.69155e-05,11846
7616.32,0.00169114,1.69114e-05,11847
7617.26,0.00169072,1.69072e-05,11848
7618.19,0.00169031,1.69031e-05,11849
7619.13,0.00168989,1.68989e-05,11850
7620.06,0.00168948,1.68948e-05,11851
7620.99,0.00168906,1.68906e-05,11852
7621.92,0.00168865,1.68865e-05,11853
7622.85,0.00168824,1.68824e-05,11854
7623.78,0.00168783,1.68783e-05,11855
7624.7,0.00168742,1.68742e-05,11856
7625.63,0.00168701,1.68701e-05,11857
7626.55,0.0016866,1.6866e-05,11858
7627.47,0.00168619,1.68619e-05,11859
7628.39,0.00168579,1.68579e-05,11860
7629.31,0.00168538,1.68538e-05,11861
7630.23,0.00168497,1.68497e-05,11862
7631.15,0.00168457,1.68457e-05,11863
7632.07,0.00168417,1.68417e-05,11864
7632.98,0.00168376,1.68376e-05,11865
7633.9,0.00168336,1.68336e-05,11866
7634.81,0.00168296,1.68296e-05,11867
7635.72,0.00168255,1.68255e-05,11868
7636.63,0.00168215,1.68215e-05,11869
7637.54,0.00168175,1.68175e-05,11870
7638.44,0.00168135,1.68135e-05,11871
7639.35,0.00168096,1.68096e-05,11872
7640.26,0.00168056,1.68056e-05,11873
7641.16,0.00168016,1.68016e-05,11874
7642.06,0.00167976,1.67976e-05,11875
7642.96,0.00167937,1.67937e-05,11876
7643.86,0.00167897,1.67897e-05,11877
7644.76,0.00167858,1.67858e-05,11878
7645.66,0.00167818,1.67818e-05,11879
7646.56,0.00167779,1.67779e-05,11880
7647.45,0.0016774,1.6774e-05,11881
7648.34,0.001677,1.677e-05,11882
7649.24,0.00167661,1.67661e-05,11883
7650.13,0.00167622,1.67622e-05,11884
7651.02,0.00167583,1.67583e-05,11885
7651.91,0.00167544,1.67544e-05,11886
7652.79,0.00167505,1.67505e-05,11887
7653.68,0.00167467,1.67467e-05,11888
7654.57,0.00167428,1.67428e-05,11889
7655.45,0.00167389,1.67389e-05,11890
7656.33,0.00167351,1.67351e-05,11891
7657.21,0.00167312,1.67312e-05,11892
7658.09,0.00167274,1.67274e-05,11893
7658.97,0.00167235,1.67235e-05,11894
7659.85,0.00167197,1.67197e-05,11895
7660.73,0.00167159,1.67159e-05,11896
7661.6,0.00167121,1.67121e-05,11897
7662.48,0.00167082,1.67082e-05,11898
7663.35,0.00167044,1.67044e-05,11899
7664.22,0.00167006,1.67006e-05,11900
7665.09,0.00166968,1.66968e-05,11901
7665.96,0.00166931,1.66931e-05,11902
7666.83,0.00166893,1.66893e-05,11903
7667.69,0.00166855,1.66855e-05,11904
7668.56,0.00166817,1.66817e-05,11905
7669.42,0.0016678,1.6678e-05,11906
7670.29,0.00166742,1.66742e-05,11907
7671.15,0.00166705,1.66705e-05,11908
7672.01,0.00166668,1.66668e-05,11909
7672.87,0.0016663,1.6663e-05,11910
7673.72,0.00166593,1.66593e-05,11911
7674.58,0.00166556,1.66556e-05,11912
7675.44,0.00166519,1.66519e-05,11913
7676.29,0.00166482,1.66482e-05,11914
7677.14,0.00166445,1.66445e-05,11915
7677.99,0.00166408,1.66408e-05,11916
7678.85,0.00166371,1.66371e-05,11917
7679.69,0.00166334,1.66334e-05,11918
7680.54,0.00166297,1.66297e-05,11919
7681.39,0.00166261,1.66261e-05,11920
7682.23,0.00166224,1.66224e-05,11921
7683.08,0.00166188,1.66188e-05,11922
7683.92,0.00166151,1.66151e-05,11923
7684.76,0.00166115,1.66115e-05,11924
7685.6,0.00166078,1.66078e-05,11925
7686.44,0.00166042,1.66042e-05,11926
7687.28,0.00166006,1.66006e-05,11927
7688.12,0.0016597,1.6597e-05,11928
7688.95,0.00165934,1.65934e-05,11929
7689.79,0.00165898,1.65898e-05,11930
7690.62,0.00165862,1.65862e-05,11931
7691.45,0.00165826,1.65826e-05,11932
7692.28,0.0016579,1.6579e-05,11933
7693.11,0.00165754,1.65754e-05,11934
7693.94,0.00165719,1.65719e-05,11935
7694.77,0.00165683,1.65683e-05,11936
7695.59,0.00165647,1.65647e-05,11937
7696.42,0.00165612,1.65612e-05,11938
7697.24,0.00165576,1.65576e-05,11939
7698.06,0.00165541,1.65541e-05,11940
7698.89,0.00165506,1.65506e-05,11941
7699.71,0.00165471,1.65471e-05,11942
7700.52,0.00165435,1.65435e-05,11943
7701.34,0.001654,1.654e-05,11944
7702.16,0.00165365,1.65365e-05,11945
7702.97,0.0016533,1.6533e-05,11946
7703.79,0.00165295,1.65295e-05,11947
7704.6,0.0016526,1.6526e-05,11948
7705.41,0.00165226,1.65226e-05,11949
7706.22,0.00165191,1.65191e-05,11950
7707.03,0.00165156,1.65156e-05,11951
7707.84,0.00165122,1.65122e-05,11952
7708.64,0.00165087,1.65087e-05,11953
7709.45,0.00165053,1.65053e-05,11954
7710.25,0.00165018,1.65018e-05,11955
7711.05,0.00164984,1.64984e-05,11956
7711.85,0.0016495,1.6495e-05,11957
7712.65,0.00164915,1.64915e-05,11958
7713.45,0.00164881,1.64881e-05,11959
7714.25,0.00164847,1.64847e-05,11960
7715.05,0.00164813,1.64813e-05,11961
7715.84,0.00164779,1.64779e-05,11962
7716.64,0.00164745,1.64745e-05,11963
7717.43,0.00164711,1.64711e-05,11964
7718.22,0.00164678,1.64678e-05,11965
7719.01,0.00164644,1.64644e-05,11966
7719.8,0.0016461,1.6461e-05,11967
7720.59,0.00164577,1.64577e-05,11968
7721.37,0.00164543,1.64543e-05,11969
7722.16,0.0016451,1.6451e-05,11970
7722.94,0.00164476,1.64476e-05,11971
7723.73,0.00164443,1.64443e-05,11972
7724.51,0.0016441,1.6441e-05,11973
7725.29,0.00164376,1.64376e-05,11974
7726.07,0.00164343,1.64343e-05,11975
7726.85,0.0016431,1.6431e-05,11976
7727.62,0.00164277,1.64277e-05,11977
7728.4,0.00164244,1.64244e-05,11978
7729.17,0.00164211,1.64211e-05,11979
7729.95,0.00164178,1.64178e-05,11980
7730.72,0.00164146,1.64146e-05,11981
7731.49,0.00164113,1.64113e-05,11982
7732.26,0.0016408,1.6408e-05,11983
7733.03,0.00164048,1.64048e-05,11984
7733.79,0.00164015,1.64015e-05,11985
7734.56,0.00163983,1.63983e-05,11986
7735.32,0.0016395,1.6395e-05,11987
7736.09,0.00163918,1.63918e-05,11988
7736.85,0.00163886,1.63886e-05,11989
7737.61,0.00163853,1.63853e-05,11990
7738.37,0.00163821,1.63821e-05,11991
7739.13,0.00163789,1.63789e-05,11992
7739.89,0.00163757,1.63757e-05,11993
7740.64,0.00163725,1.63725e-05,11994
7741.4,0.00163693,1.63693e-05,11995
7742.15,0.00163661,1.63661e-05,11996
7742.9,0.00163629,1.63629e-05,11997
7743.65,0.00163598,1.63598e-05,11998
7744.4,0.00163566,1.63566e-05,11999
7745.15,0.00163534,1.63534e-05,12000
7745.9,0.00163503,1.63503e-05,12001
7746.65,0.00163471,1.63471e-05,12002
7747.39,0.0016344,1.6344e-05,12003
7748.14,0.00163408,1.63408e-05,12004
7748.88,0.00163377,1.63377e-05,12005
7749.62,0.00163346,1.63346e-05,12006
7750.36,0.00163315,1.63315e-05,12007
7751.1,0.00163284,1.63284e-05,12008
7751.84,0.00163252,1.63252e-05,12009
7752.57,0.00163221,1.63221e-05,12010
7753.31,0.0016319,1.6319e-05,12011
7754.04,0.0016316,1.6316e-05,12012
7754.78,0.00163129,1.63129e-05,12013
7755.51,0.00163098,1.63098e-05,12014
7756.24,0.00163067,1.63067e-05,12015
7756.97,0.00163037,1.63037e-05,12016
7757.7,0.00163006,1.63006e-05,12017
7758.42,0.00162975,1.62975e-05,12018
7759.15,0.00162945,1.62945e-05,12019
7759.87,0.00162914,1.62914e-05,12020
7760.6,0.00162884,1.62884e-05,12021
7761.32,0.00162854,1.62854e-05,12022
7762.04,0.00162824,1.62824e-05,12023
7762.76,0.00162793,1.62793e-05,12024
7763.48,0.00162763,1.62763e-05,12025
7764.2,0.00162733,1.62733e-05,12026
7764.91,0.00162703,1.62703e-05,12027
7765.63,0.00162673,1.62673e-05,12028
7766.34,0.00162643,1.62643e-05,12029
7767.05,0.00162613,1.62613e-05,12030
7767.77,0.00162584,1.62584e-05,12031
7768.48,0.00162554,1.62554e-05,12032
7769.18,0.00162524,1.62524e-05,12033
7769.89,0.00162495,1.62495e-05,12034
7770.6,0.00162465,1.62465e-05,12035
7771.3,0.00162436,1.62436e-05,12036
7772.01,0.00162406,1.62406e-05,12037
7772.71,0.00162377,1.62377e-05,12038
7773.41,0.00162348,1.62348e-05,12039
7774.11,0.00162318,1.62318e-05,12040
7774.81,0.00162289,1.62289e-05,12041
7775.51,0.0016226,1.6226e-05,12042
7776.2,0.00162231,1.62231e-05,12043
7776.9,0.00162202,1.62202e-05,12044
7777.6,0.00162173,1.62173e-05,12045
7778.29,0.00162144,1.62144e-05,12046
7778.98,0.00162115,1.62115e-05,12047
7779.67,0.00162086,1.62086e-05,12048
7780.36,0.00162058,1.62058e-05,12049
7781.05,0.00162029,1.62029e-05,12050
7781.74,0.00162,1.62e-05,12051
7782.42,0.00161972,1.61972e-05,12052
7783.11,0.00161943,1.61943e-05,12053
7783.79,0.00161915,1.61915e-05,12054
7784.47,0.00161887,1.61887e-05,12055
7785.15,0.00161858,1.61858e-05,12056
7785.83,0.0016183,1.6183e-05,12057
7786.51,0.00161802,1.61802e-05,12058
7787.19,0.00161774,1.61774e-05,12059
7787.86,0.00161746,1.61746e-05,12060
7788.54,0.00161718,1.61718e-05,12061
7789.21,0.0016169,1.6169e-05,12062
7789.89,0.00161662,1.61662e-05,12063
7790.56,0.00161634,1.61634e-05,12064
7791.23,0.00161606,1.61606e-05,12065
7791.9,0.00161578,1.61578e-05,12066
7792.56,0.00161551,1.61551e-05,12067
7793.23,0.00161523,1.61523e-05,12068
7793.9,0.00161495,1.61495e-05,12069
7794.56,0.00161468,1.61468e-05,12070
7795.22,0.0016144,1.6144e-05,12071
7795.88,0.00161413,1.61413e-05,12072
7796.54,0.00161386,1.61386e-05,12073
7797.2,0.00161358,1.61358e-05,12074
7797.86,0.00161331,1.61331e-05,12075
7798.52,0.00161304,1.61304e-05,12076
7799.17,0.00161277,1.61277e-05,12077
7799.83,0.0016125,1.6125e-05,12078
7800.48,0.00161223,1.61223e-05,12079
7801.13,0.00161196,1.61196e-05,12080
7801.79,0.00161169,1.61169e-05,12081
7802.43,0.00161142,1.61142e-05,12082
7803.08,0.00161115,1.61115e-05,12083
7803.73,0.00161088,1.61088e-05,12084
7804.38,0.00161062,1.61062e-05,12085
7805.02,0.00161035,1.61035e-05,12086
7805.67,0.00161009,1.61009e-05,12087
7806.31,0.00160982,1.60982e-05,12088
7806.95,0.00160956,1.60956e-05,12089
7807.59,0.00160929,1.60929e-05,12090
7808.23,0.00160903,1.60903e-05,12091
7808.87,0.00160877,1.60877e-05,12092
7809.5,0.0016085,1.6085e-05,12093
7810.14,0.00160824,1.60824e-05,12094
7810.77,0.00160798,1.60798e-05,12095
7811.41,0.00160772,1.60772e-05,12096
7812.04,0.00160746,1.60746e-05,12097
7812.67,0.0016072,1.6072e-05,12098
7813.3,0.00160694,1.60694e-05,12099
7813.92,0.00160668,1.60668e-05,12100
7814.55,0.00160643,1.60643e-05,12101
7815.18,0.00160617,1.60617e-05,12102
7815.8,0.00160591,1.60591e-05,12103
7816.42,0.00160566,1.60566e-05,12104
7817.05,0.0016054,1.6054e-05,12105
7817.67,0.00160515,1.60515e-05,12106
7818.29,0.00160489,1.60489e-05,12107
7818.91,0.00160464,1.60464e-05,12108
7819.52,0.00160438,1.60438e-05,12109
7820.14,0.00160413,1.60413e-05,12110
7820.76,0.00160388,1.60388e-05,12111
7821.37,0.00160363,1.60363e-05,12112
7821.98,0.00160338,1.60338e-05,12113
7822.59,0.00160313,1.60313e-05,12114
7823.2,0.00160288,1.60288e-05,12115
7823.81,0.00160263,1.60263e-05,12116
7824.42,0.00160238,1.60238e-05,12117
7825.03,0.00160213,1.60213e-05,12118
7825.63,0.00160188,1.60188e-05,12119
7826.24,0.00160163,1.60163e-05,12120
7826.84,0.00160139,1.60139e-05,12121
7827.44,0.00160114,1.60114e-05,12122
7828.04,0.0016009,1.6009e-05,12123
7828.64,0.00160065,1.60065e-05,12124
7829.24,0.00160041,1.60041e-05,12125
7829.84,0.00160016,1.60016e-05,12126
7830.43,0.00159992,1.59992e-05,12127
7831.03,0.00159967,1.59967e-05,12128
7831.62,0.00159943,1.59943e-05,12129
7832.21,0.00159919,1.59919e-05,12130
7832.8,0.00159895,1.59895e-05,12131
7833.39,0.00159871,1.59871e-05,12132
7833.98,0.00159847,1.59847e-05,12133
7834.57,0.00159823,1.59823e-05,12134
7835.15,0.00159799,1.59799e-05,12135
7835.74,0.00159775,1.59775e-05,12136
7836.32,0.00159751,1.59751e-05,12137
7836.91,0.00159727,1.59727e-05,12138
7837.49,0.00159704,1.59704e-05,12139
7838.07,0.0015968,1.5968e-05,12140
7838.65,0.00159657,1.59657e-05,12141
7839.23,0.00159633,1.59633e-05,12142
7839.8,0.0015961,1.5961e-05,12143
7840.38,0.00159586,1.59586e-05,12144
7840.95,0.00159563,1.59563e-05,12145
7841.53,0.00159539,1.59539e-05,12146
7842.1,0.00159516,1.59516e-05,12147
7842.67,0.00159493,1.59493e-05,12148
7843.24,0.0015947,1.5947e-05,12149
7843.81,0.00159447,1.59447e-05,12150
7844.37,0.00159424,1.59424e-05,12151
7844.94,0.00159401,1.59401e-05,12152
7845.5,0.00159378,1.59378e-05,12153
7846.07,0.00159355,1.59355e-05,12154
7846.63,0.00159332,1.59332e-05,12155
7847.19,0.00159309,1.59309e-05,12156
7847.75,0.00159286,1.59286e-05,12157
7848.31,0.00159264,1.59264e-05,12158
7848.87,0.00159241,1.59241e-05,12159
7849.42,0.00159218,1.59218e-05,12160
7849.98,0.00159196,1.59196e-05,12161
7850.53,0.00159174,1.59174e-05,12162
7851.09,0.00159151,1.59151e-05,12163
7851.64,0.00159129,1.59129e-05,12164
7852.19,0.00159106,1.59106e-05,12165
7852.74,0.00159084,1.59084e-05,12166
7853.29,0.00159062,1.59062e-05,12167
7853.83,0.0015904,1.5904e-05,12168
7854.38,0.00159018,1.59018e-05,12169
7854.92,0.00158996,1.58996e-05,12170
7855.47,0.00158974,1.58974e-05,12171
7856.01,0.00158952,1.58952e-05,12172
7856.55,0.0015893,1.5893e-05,12173
7857.09,0.00158908,1.58908e-05,12174
7857.63,0.00158886,1.58886e-05,12175
7858.17,0.00158864,1.58864e-05,12176
7858.7,0.00158843,1.58843e-05,12177
7859.24,0.00158821,1.58821e-05,12178
7859.77,0.00158799,1.58799e-05,12179
7860.3,0.00158778,1.58778e-05,12180
7860.84,0.00158756,1.58757e-05,12181
7861.37,0.00158735,1.58735e-05,12182
7861.9,0.00158714,1.58714e-05,12183
7862.42,0.00158692,1.58692e-05,12184
7862.95,0.00158671,1.58671e-05,12185
7863.48,0.0015865,1.5865e-05,12186
7864,0.00158629,1.58629e-05,12187
7864.52,0.00158608,1.58608e-05,12188
7865.04,0.00158587,1.58587e-05,12189
7865.57,0.00158566,1.58566e-05,12190
7866.09,0.00158545,1.58545e-05,12191
7866.6,0.00158524,1.58524e-05,12192
7867.12,0.00158503,1.58503e-05,12193
7867.64,0.00158482,1.58482e-05,12194
7868.15,0.00158461,1.58461e-05,12195
7868.67,0.00158441,1.58441e-05,12196
7869.18,0.0015842,1.5842e-05,12197
7869.69,0.00158399,1.58399e-05,12198
7870.2,0.00158379,1.58379e-05,12199
7870.71,0.00158358,1.58358e-05,12200
7871.22,0.00158338,1.58338e-05,12201
7871.72,0.00158318,1.58318e-05,12202
7872.23,0.00158297,1.58297e-05,12203
7872.73,0.00158277,1.58277e-05,12204
7873.24,0.00158257,1.58257e-05,12205
7873.74,0.00158237,1.58237e-05,12206
7874.24,0.00158217,1.58217e-05,12207
7874.74,0.00158196,1.58196e-05,12208
7875.24,0.00158176,1.58176e-05,12209
7875.74,0.00158156,1.58156e-05,12210
7876.23,0.00158137,1.58137e-05,12211
7876.73,0.00158117,1.58117e-05,12212
7877.22,0.00158097,1.58097e-05,12213
7877.71,0.00158077,1.58077e-05,12214
7878.2,0.00158057,1.58057e-05,12215
7878.69,0.00158038,1.58038e-05,12216
7879.18,0.00158018,1.58018e-05,12217
7879.67,0.00157998,1.57998e-05,12218
7880.16,0.00157979,1.57979e-05,12219
7880.64,0.0015796,1.5796e-05,12220
7881.13,0.0015794,1.5794e-05,12221
7881.61,0.00157921,1.57921e-05,12222
7882.09,0.00157901,1.57901e-05,12223
7882.57,0.00157882,1.57882e-05,12224
7883.05,0.00157863,1.57863e-05,12225
7883.53,0.00157844,1.57844e-05,12226
7884.01,0.00157825,1.57825e-05,12227
7884.48,0.00157806,1.57806e-05,12228
7884.96,0.00157787,1.57787e-05,12229
7885.43,0.00157768,1.57768e-05,12230
7885.9,0.00157749,1.57749e-05,12231
7886.37,0.0015773,1.5773e-05,12232
7886.84,0.00157711,1.57711e-05,12233
7887.31,0.00157693,1.57693e-05,12234
7887.78,0.00157674,1.57674e-05,12235
7888.24,0.00157655,1.57655e-05,12236
7888.71,0.00157637,1.57637e-05,12237
7889.17,0.00157618,1.57618e-05,12238
7889.64,0.001576,1.576e-05,12239
7890.1,0.00157581,1.57581e-05,12240
7890.56,0.00157563,1.57563e-05,12241
7891.02,0.00157544,1.57544e-05,12242
7891.48,0.00157526,1.57526e-05,12243
7891.93,0.00157508,1.57508e-05,12244
7892.39,0.0015749,1.5749e-05,12245
7892.84,0.00157471,1.57471e-05,12246
7893.3,0.00157453,1.57453e-05,12247
7893.75,0.00157435,1.57435e-05,12248
7894.2,0.00157417,1.57417e-05,12249
7894.65,0.00157399,1.57399e-05,12250
7895.1,0.00157381,1.57381e-05,12251
7895.55,0.00157364,1.57364e-05,12252
7896,0.00157346,1.57346e-05,12253
7896.44,0.00157328,1.57328e-05,12254
7896.88,0.0015731,1.5731e-05,12255
7897.33,0.00157293,1.57293e-05,12256
7897.77,0.00157275,1.57275e-05,12257
7898.21,0.00157258,1.57258e-05,12258
7898.65,0.0015724,1.5724e-05,12259
7899.09,0.00157223,1.57223e-05,12260
7899.53,0.00157205,1.57205e-05,12261
7899.96,0.00157188,1.57188e-05,12262
7900.4,0.00157171,1.57171e-05,12263
7900.83,0.00157153,1.57153e-05,12264
7901.26,0.00157136,1.57136e-05,12265
7901.69,0.00157119,1.57119e-05,12266
7902.12,0.00157102,1.57102e-05,12267
7902.55,0.00157085,1.57085e-05,12268
7902.98,0.00157068,1.57068e-05,12269
7903.4,0.00157051,1.57051e-05,12270
7903.83,0.00157034,1.57034e-05,12271
7904.25,0.00157017,1.57017e-05,12272
7904.68,0.00157,1.57e-05,12273
7905.1,0.00156984,1.56984e-05,12274
7905.52,0.00156967,1.56967e-05,12275
7905.94,0.0015695,1.5695e-05,12276
7906.36,0.00156934,1.56934e-05,12277
7906.77,0.00156917,1.56917e-05,12278
7907.19,0.00156901,1.56901e-05,12279
7907.6,0.00156884,1.56884e-05,12280
7908.02,0.00156868,1.56868e-05,12281
7908.43,0.00156852,1.56852e-05,12282
7908.84,0.00156835,1.56835e-05,12283
7909.25,0.00156819,1.56819e-05,12284
7909.66,0.00156803,1.56803e-05,12285
7910.07,0.00156787,1.56787e-05,12286
7910.47,0.0015677,1.5677e-05,12287
7910.88,0.00156754,1.56754e-05,12288
7911.28,0.00156738,1.56738e-05,12289
7911.68,0.00156722,1.56722e-05,12290
7912.09,0.00156707,1.56707e-05,12291
7912.49,0.00156691,1.56691e-05,12292
7912.89,0.00156675,1.56675e-05,12293
7913.28,0.00156659,1.56659e-05,12294
7913.68,0.00156643,1.56643e-05,12295
7914.08,0.00156628,1.56628e-05,12296
7914.47,0.00156612,1.56612e-05,12297
7914.86,0.00156596,1.56596e-05,12298
7915.26,0.00156581,1.56581e-05,12299
7915.65,0.00156565,1.56565e-05,12300
7916.04,0.0015655,1.5655e-05,12301
7916.43,0.00156535,1.56535e-05,12302
7916.81,0.00156519,1.56519e-05,12303
7917.2,0.00156504,1.56504e-05,12304
7917.59,0.00156489,1.56489e-05,12305
7917.97,0.00156474,1.56474e-05,12306
7918.35,0.00156459,1.56459e-05,12307
7918.74,0.00156443,1.56443e-05,12308
7919.12,0.00156428,1.56428e-05,12309
7919.5,0.00156413,1.56413e-05,12310
7919.87,0.00156398,1.56398e-05,12311
7920.25,0.00156384,1.56384e-05,12312
7920.63,0.00156369,1.56369e-05,12313
7921,0.00156354,1.56354e-05,12314
7921.38,0.00156339,1.56339e-05,12315
7921.75,0.00156324,1.56324e-05,12316
7922.12,0.0015631,1.5631e-05,12317
7922.49,0.00156295,1.56295e-05,12318
7922.86,0.00156281,1.56281e-05,12319
7923.23,0.00156266,1.56266e-05,12320
7923.59,0.00156252,1.56252e-05,12321
7923.96,0.00156237,1.56237e-05,12322
7924.32,0.00156223,1.56223e-05,12323
7924.69,0.00156209,1.56209e-05,12324
7925.05,0.00156194,1.56194e-05,12325
7925.41,0.0015618,1.5618e-05,12326
7925.77,0.00156166,1.56166e-05,12327
7926.13,0.00156152,1.56152e-05,12328
7926.48,0.00156138,1.56138e-05,12329
7926.84,0.00156124,1.56124e-05,12330
7927.19,0.0015611,1.5611e-05,12331
7927.55,0.00156096,1.56096e-05,12332
7927.9,0.00156082,1.56082e-05,12333
7928.25,0.00156068,1.56068e-05,12334
7928.6,0.00156054,1.56054e-05,12335
7928.95,0.00156041,1.56041e-05,12336
7929.3,0.00156027,1.56027e-05,12337
7929.64,0.00156013,1.56013e-05,12338
7929.99,0.00156,1.56e-05,12339
7930.33,0.00155986,1.55986e-05,12340
7930.68,0.00155973,1.55973e-05,12341
7931.02,0.00155959,1.55959e-05,12342
7931.36,0.00155946,1.55946e-05,12343
7931.7,0.00155932,1.55932e-05,12344
7932.04,0.00155919,1.55919e-05,12345
7932.37,0.00155906,1.55906e-05,12346
7932.71,0.00155893,1.55893e-05,12347
7933.05,0.0015588,1.5588e-05,12348
7933.38,0.00155866,1.55866e-05,12349
7933.71,0.00155853,1.55853e-05,12350
7934.04,0.0015584,1.5584e-05,12351
7934.37,0.00155827,1.55827e-05,12352
7934.7,0.00155814,1.55814e-05,12353
7935.03,0.00155802,1.55802e-05,12354
7935.36,0.00155789,1.55789e-05,12355
7935.68,0.00155776,1.55776e-05,12356
7936.01,0.00155763,1.55763e-05,12357
7936.33,0.00155751,1.55751e-05,12358
7936.65,0.00155738,1.55738e-05,12359
7936.97,0.00155725,1.55725e-05,12360
7937.29,0.00155713,1.55713e-05,12361
7937.61,0.001557,1.557e-05,12362
7937.93,0.00155688,1.55688e-05,12363
7938.25,0.00155675,1.55675e-05,12364
7938.56,0.00155663,1.55663e-05,12365
7938.88,0.00155651,1.55651e-05,12366
7939.19,0.00155638,1.55638e-05,12367
7939.5,0.00155626,1.55626e-05,12368
7939.81,0.00155614,1.55614e-05,12369
7940.12,0.00155602,1.55602e-05,12370
7940.43,0.0015559,1.5559e-05,12371
7940.73,0.00155578,1.55578e-05,12372
7941.04,0.00155566,1.55566e-05,12373
7941.35,0.00155554,1.55554e-05,12374
7941.65,0.00155542,1.55542e-05,12375
7941.95,0.0015553,1.5553e-05,12376
7942.25,0.00155518,1.55518e-05,12377
7942.55,0.00155507,1.55507e-05,12378
7942.85,0.00155495,1.55495e-05,12379
7943.15,0.00155483,1.55483e-05,12380
7943.45,0.00155472,1.55472e-05,12381
7943.74,0.0015546,1.5546e-05,12382
7944.04,0.00155449,1.55449e-05,12383
7944.33,0.00155437,1.55437e-05,12384
7944.62,0.00155426,1.55426e-05,12385
7944.91,0.00155414,1.55414e-05,12386
7945.2,0.00155403,1.55403e-05,12387
7945.49,0.00155392,1.55392e-05,12388
7945.78,0.0015538,1.5538e-05,12389
7946.06,0.00155369,1.55369e-05,12390
7946.35,0.00155358,1.55358e-05,12391
7946.63,0.00155347,1.55347e-05,12392
7946.91,0.00155336,1.55336e-05,12393
7947.19,0.00155325,1.55325e-05,12394
7947.47,0.00155314,1.55314e-05,12395
7947.75,0.00155303,1.55303e-05,12396
7948.03,0.00155292,1.55292e-05,12397
7948.31,0.00155282,1.55282e-05,12398
7948.58,0.00155271,1.55271e-05,12399
7948.86,0.0015526,1.5526e-05,12400
7949.13,0.00155249,1.55249e-05,12401
7949.4,0.00155239,1.55239e-05,12402
7949.67,0.00155228,1.55228e-05,12403
7949.94,0.00155218,1.55218e-05,12404
7950.21,0.00155207,1.55207e-05,12405
7950.48,0.00155197,1.55197e-05,12406
7950.74,0.00155186,1.55186e-05,12407
7951.01,0.00155176,1.55176e-05,12408
7951.27,0.00155166,1.55166e-05,12409
7951.53,0.00155156,1.55156e-05,12410
7951.79,0.00155145,1.55145e-05,12411
7952.06,0.00155135,1.55135e-05,12412
7952.31,0.00155125,1.55125e-05,12413
7952.57,0.00155115,1.55115e-05,12414
7952.83,0.00155105,1.55105e-05,12415
7953.08,0.00155095,1.55095e-05,12416
7953.34,0.00155085,1.55085e-05,12417
7953.59,0.00155075,1.55075e-05,12418
7953.84,0.00155065,1.55065e-05,12419
7954.1,0.00155056,1.55056e-05,12420
7954.35,0.00155046,1.55046e-05,12421
7954.59,0.00155036,1.55036e-05,12422
7954.84,0.00155027,1.55027e-05,12423
7955.09,0.00155017,1.55017e-05,12424
7955.33,0.00155007,1.55007e-05,12425
7955.58,0.00154998,1.54998e-05,12426
7955.82,0.00154988,1.54988e-05,12427
7956.06,0.00154979,1.54979e-05,12428
7956.3,0.0015497,1.5497e-05,12429
7956.54,0.0015496,1.5496e-05,12430
7956.78,0.00154951,1.54951e-05,12431
7957.02,0.00154942,1.54942e-05,12432
7957.25,0.00154933,1.54933e-05,12433
7957.49,0.00154923,1.54923e-05,12434
7957.72,0.00154914,1.54914e-05,12435
7957.95,0.00154905,1.54905e-05,12436
7958.18,0.00154896,1.54896e-05,12437
7958.42,0.00154887,1.54887e-05,12438
7958.64,0.00154878,1.54878e-05,12439
7958.87,0.0015487,1.5487e-05,12440
7959.1,0.00154861,1.54861e-05,12441
7959.32,0.00154852,1.54852e-05,12442
7959.55,0.00154843,1.54843e-05,12443
7959.77,0.00154835,1.54835e-05,12444
7959.99,0.00154826,1.54826e-05,12445
7960.21,0.00154817,1.54817e-05,12446
7960.43,0.00154809,1.54809e-05,12447
7960.65,0.001548,1.548e-05,12448
7960.87,0.00154792,1.54792e-05,12449
7961.09,0.00154783,1.54783e-05,12450
7961.3,0.00154775,1.54775e-05,12451
7961.52,0.00154767,1.54767e-05,12452
7961.73,0.00154758,1.54758e-05,12453
7961.94,0.0015475,1.5475e-05,12454
7962.15,0.00154742,1.54742e-05,12455
7962.36,0.00154734,1.54734e-05,12456
7962.57,0.00154726,1.54726e-05,12457
7962.77,0.00154718,1.54718e-05,12458
7962.98,0.0015471,1.5471e-05,12459
7963.18,0.00154702,1.54702e-05,12460
7963.39,0.00154694,1.54694e-05,12461
7963.59,0.00154686,1.54686e-05,12462
7963.79,0.00154678,1.54678e-05,12463
7963.99,0.00154671,1.54671e-05,12464
7964.19,0.00154663,1.54663e-05,12465
7964.38,0.00154655,1.54655e-05,12466
7964.58,0.00154648,1.54648e-05,12467
7964.78,0.0015464,1.5464e-05,12468
7964.97,0.00154632,1.54632e-05,12469
7965.16,0.00154625,1.54625e-05,12470
7965.35,0.00154618,1.54618e-05,12471
7965.54,0.0015461,1.5461e-05,12472
7965.73,0.00154603,1.54603e-05,12473
7965.92,0.00154596,1.54596e-05,12474
7966.11,0.00154588,1.54588e-05,12475
7966.29,0.00154581,1.54581e-05,12476
7966.48,0.00154574,1.54574e-05,12477
7966.66,0.00154567,1.54567e-05,12478
7966.85,0.0015456,1.5456e-05,12479
7967.03,0.00154553,1.54553e-05,12480
7967.21,0.00154546,1.54546e-05,12481
7967.39,0.00154539,1.54539e-05,12482
7967.56,0.00154532,1.54532e-05,12483
7967.74,0.00154525,1.54525e-05,12484
7967.92,0.00154518,1.54518e-05,12485
7968.09,0.00154511,1.54511e-05,12486
7968.26,0.00154505,1.54505e-05,12487
7968.44,0.00154498,1.54498e-05,12488
7968.61,0.00154491,1.54491e-05,12489
7968.78,0.00154485,1.54485e-05,12490
7968.94,0.00154478,1.54478e-05,12491
7969.11,0.00154472,1.54472e-05,12492
7969.28,0.00154465,1.54465e-05,12493
7969.44,0.00154459,1.54459e-05,12494
7969.61,0.00154453,1.54453e-05,12495
7969.77,0.00154446,1.54446e-05,12496
7969.93,0.0015444,1.5444e-05,12497
7970.09,0.00154434,1.54434e-05,12498
7970.25,0.00154428,1.54428e-05,12499
7970.41,0.00154421,1.54421e-05,12500
7970.57,0.00154415,1.54415e-05,12501
7970.72,0.00154409,1.54409e-05,12502
7970.88,0.00154403,1.54403e-05,12503
7971.03,0.00154397,1.54397e-05,12504
7971.18,0.00154391,1.54391e-05,12505
7971.34,0.00154386,1.54386e-05,12506
7971.48,0.0015438,1.5438e-05,12507
7971.63,0.00154374,1.54374e-05,12508
7971.78,0.00154368,1.54368e-05,12509
7971.93,0.00154363,1.54363e-05,12510
7972.07,0.00154357,1.54357e-05,12511
7972.22,0.00154352,1.54352e-05,12512
7972.36,0.00154346,1.54346e-05,12513
7972.5,0.0015434,1.5434e-05,12514
7972.64,0.00154335,1.54335e-05,12515
7972.78,0.0015433,1.5433e-05,12516
7972.92,0.00154324,1.54324e-05,12517
7973.06,0.00154319,1.54319e-05,12518
7973.19,0.00154314,1.54314e-05,12519
7973.33,0.00154309,1.54309e-05,12520
7973.46,0.00154303,1.54303e-05,12521
7973.59,0.00154298,1.54298e-05,12522
7973.72,0.00154293,1.54293e-05,12523
7973.85,0.00154288,1.54288e-05,12524
7973.98,0.00154283,1.54283e-05,12525
7974.11,0.00154278,1.54278e-05,12526
7974.24,0.00154273,1.54273e-05,12527
7974.36,0.00154268,1.54268e-05,12528
7974.49,0.00154264,1.54264e-05,12529
7974.61,0.00154259,1.54259e-05,12530
7974.73,0.00154254,1.54254e-05,12531
7974.85,0.00154249,1.54249e-05,12532
7974.97,0.00154245,1.54245e-05,12533
7975.09,0.0015424,1.5424e-05,12534
7975.21,0.00154236,1.54236e-05,12535
7975.33,0.00154231,1.54231e-05,12536
7975.44,0.00154227,1.54227e-05,12537
7975.56,0.00154222,1.54222e-05,12538
7975.67,0.00154218,1.54218e-05,12539
7975.78,0.00154214,1.54214e-05,12540
7975.89,0.00154209,1.54209e-05,12541
7976,0.00154205,1.54205e-05,12542
7976.11,0.00154201,1.54201e-05,12543
7976.22,0.00154197,1.54197e-05,12544
7976.32,0.00154193,1.54193e-05,12545
7976.43,0.00154189,1.54189e-05,12546
7976.53,0.00154185,1.54185e-05,12547
7976.63,0.00154181,1.54181e-05,12548
7976.74,0.00154177,1.54177e-05,12549
7976.84,0.00154173,1.54173e-05,12550
7976.93,0.00154169,1.54169e-05,12551
7977.03,0.00154165,1.54165e-05,12552
7977.13,0.00154161,1.54161e-05,12553
7977.22,0.00154158,1.54158e-05,12554
7977.32,0.00154154,1.54154e-05,12555
7977.41,0.00154151,1.54151e-05,12556
7977.5,0.00154147,1.54147e-05,12557
7977.59,0.00154144,1.54144e-05,12558
7977.68,0.0015414,1.5414e-05,12559
7977.77,0.00154137,1.54137e-05,12560
7977.86,0.00154133,1.54133e-05,12561
7977.94,0.0015413,1.5413e-05,12562
7978.03,0.00154127,1.54127e-05,12563
7978.11,0.00154123,1.54123e-05,12564
7978.2,0.0015412,1.5412e-05,12565
7978.28,0.00154117,1.54117e-05,12566
7978.36,0.00154114,1.54114e-05,12567
7978.44,0.00154111,1.54111e-05,12568
7978.52,0.00154108,1.54108e-05,12569
7978.59,0.00154105,1.54105e-05,12570
7978.67,0.00154102,1.54102e-05,12571
7978.74,0.00154099,1.54099e-05,12572
7978.82,0.00154096,1.54096e-05,12573
7978.89,0.00154093,1.54093e-05,12574
7978.96,0.00154091,1.54091e-05,12575
7979.03,0.00154088,1.54088e-05,12576
7979.1,0.00154085,1.54085e-05,12577
7979.17,0.00154083,1.54083e-05,12578
7979.23,0.0015408,1.5408e-05,12579
7979.3,0.00154078,1.54078e-05,12580
7979.36,0.00154075,1.54075e-05,12581
7979.43,0.00154073,1.54073e-05,12582
7979.49,0.0015407,1.5407e-05,12583
7979.55,0.00154068,1.54068e-05,12584
7979.61,0.00154066,1.54066e-05,12585
7979.67,0.00154063,1.54063e-05,12586
7979.72,0.00154061,1.54061e-05,12587
7979.78,0.00154059,1.54059e-05,12588
7979.83,0.00154057,1.54057e-05,12589
7979.89,0.00154055,1.54055e-05,12590
7979.94,0.00154053,1.54053e-05,12591
7979.99,0.00154051,1.54051e-05,12592
7980.04,0.00154049,1.54049e-05,12593
7980.09,0.00154047,1.54047e-05,12594
7980.14,0.00154045,1.54045e-05,12595
7980.19,0.00154043,1.54043e-05,12596
7980.23,0.00154042,1.54042e-05,12597
7980.28,0.0015404,1.5404e-05,12598
7980.32,0.00154038,1.54038e-05,12599
7980.36,0.00154037,1.54037e-05,12600
7980.4,0.00154035,1.54035e-05,12601
7980.44,0.00154033,1.54033e-05,12602
7980.48,0.00154032,1.54032e-05,12603
7980.52,0.0015403,1.5403e-05,12604
7980.56,0.00154029,1.54029e-05,12605
7980.59,0.00154028,1.54028e-05,12606
7980.63,0.00154026,1.54026e-05,12607
7980.66,0.00154025,1.54025e-05,12608
7980.69,0.00154024,1.54024e-05,12609
7980.72,0.00154023,1.54023e-05,12610
7980.75,0.00154022,1.54022e-05,12611
7980.78,0.0015402,1.5402e-05,12612
7980.81,0.00154019,1.54019e-05,12613
7980.83,0.00154018,1.54018e-05,12614
7980.86,0.00154017,1.54017e-05,12615
7980.88,0.00154017,1.54017e-05,12616
7980.9,0.00154016,1.54016e-05,12617
7980.92,0.00154015,1.54015e-05,12618
7980.94,0.00154014,1.54014e-05,12619
7980.96,0.00154013,1.54013e-05,12620
7980.98,0.00154013,1.54013e-05,12621
7981,0.00154012,1.54012e-05,12622
7981.01,0.00154011,1.54011e-05,12623
7981.03,0.00154011,1.54011e-05,12624
7981.04,0.0015401,1.5401e-05,12625
7981.05,0.0015401,1.5401e-05,12626
7981.06,0.00154009,1.54009e-05,12627
7981.07,0.00154009,1.54009e-05,12628
7981.08,0.00154009,1.54009e-05,12629
7981.09,0.00154008,1.54008e-05,12630
7981.1,0.00154008,1.54008e-05,12631
7981.1,0.00154008,1.54008e-05,12632
7981.11,0.00154008,1.54008e-05,12633
7981.11,0.00154008,1.54008e-05,12634
7981.11,0.00154008,1.54008e-05,12635
7981.11,0.00154008,1.54008e-05,12636
7981.11,0.00154008,1.54008e-05,12637
7981.11,0.00154008,1.54008e-05,12638
7981.11,0.00154008,1.54008e-05,12639
7981.1,0.00154008,1.54008e-05,12640
7981.1,0.00154008,1.54008e-05,12641
7981.09,0.00154008,1.54008e-05,12642
7981.08,0.00154009,1.54009e-05,12643
7981.07,0.00154009,1.54009e-05,12644
7981.06,0.00154009,1.54009e-05,12645
7981.05,0.0015401,1.5401e-05,12646
7981.04,0.0015401,1.5401e-05,12647
7981.03,0.00154011,1.54011e-05,12648
7981.01,0.00154011,1.54011e-05,12649
7981,0.00154012,1.54012e-05,12650
7980.98,0.00154013,1.54013e-05,12651
7980.96,0.00154013,1.54013e-05,12652
7980.94,0.00154014,1.54014e-05,12653
7980.92,0.00154015,1.54015e-05,12654
7980.9,0.00154016,1.54016e-05,12655
7980.88,0.00154017,1.54017e-05,12656
7980.86,0.00154018,1.54018e-05,12657
7980.83,0.00154018,1.54018e-05,12658
7980.8,0.00154019,1.54019e-05,12659
7980.78,0.00154021,1.54021e-05,12660
7980.75,0.00154022,1.54022e-05,12661
7980.72,0.00154023,1.54023e-05,12662
7980.69,0.00154024,1.54024e-05,12663
7980.66,0.00154025,1.54025e-05,12664
7980.63,0.00154026,1.54026e-05,12665
7980.59,0.00154028,1.54028e-05,12666
7980.56,0.00154029,1.54029e-05,12667
7980.52,0.00154031,1.54031e-05,12668
7980.48,0.00154032,1.54032e-05,12669
7980.44,0.00154033,1.54033e-05,12670
7980.4,0.00154035,1.54035e-05,12671
7980.36,0.00154037,1.54037e-05,12672
7980.32,0.00154038,1.54038e-05,12673
7980.27,0.0015404,1.5404e-05,12674
7980.23,0.00154042,1.54042e-05,12675
7980.18,0.00154043,1.54043e-05,12676
7980.14,0.00154045,1.54045e-05,12677
7980.09,0.00154047,1.54047e-05,12678
7980.04,0.00154049,1.54049e-05,12679
7979.99,0.00154051,1.54051e-05,12680
7979.94,0.00154053,1.54053e-05,12681
7979.89,0.00154055,1.54055e-05,12682
7979.83,0.00154057,1.54057e-05,12683
7979.78,0.00154059,1.54059e-05,12684
7979.72,0.00154061,1.54061e-05,12685
7979.66,0.00154064,1.54063e-05,12686
7979.61,0.00154066,1.54066e-05,12687
7979.55,0.00154068,1.54068e-05,12688
7979.49,0.0015407,1.5407e-05,12689
7979.42,0.00154073,1.54073e-05,12690
7979.36,0.00154075,1.54075e-05,12691
7979.3,0.00154078,1.54078e-05,12692
7979.23,0.0015408,1.5408e-05,12693
7979.16,0.00154083,1.54083e-05,12694
7979.1,0.00154085,1.54085e-05,12695
7979.03,0.00154088,1.54088e-05,12696
7978.96,0.00154091,1.54091e-05,12697
7978.89,0.00154094,1.54094e-05,12698
7978.81,0.00154096,1.54096e-05,12699
7978.74,0.00154099,1.54099e-05,12700
7978.67,0.00154102,1.54102e-05,12701
7978.59,0.00154105,1.54105e-05,12702
7978.51,0.00154108,1.54108e-05,12703
7978.44,0.00154111,1.54111e-05,12704
7978.36,0.00154114,1.54114e-05,12705
7978.27,0.00154117,1.54117e-05,12706
7978.19,0.0015412,1.5412e-05,12707
7978.11,0.00154124,1.54124e-05,12708
7978.03,0.00154127,1.54127e-05,12709
7977.94,0.0015413,1.5413e-05,12710
7977.85,0.00154133,1.54133e-05,12711
7977.77,0.00154137,1.54137e-05,12712
7977.68,0.0015414,1.5414e-05,12713
7977.59,0.00154144,1.54144e-05,12714
7977.5,0.00154147,1.54147e-05,12715
7977.41,0.00154151,1.54151e-05,12716
7977.31,0.00154154,1.54154e-05,12717
7977.22,0.00154158,1.54158e-05,12718
7977.12,0.00154162,1.54162e-05,12719
7977.03,0.00154165,1.54165e-05,12720
7976.93,0.00154169,1.54169e-05,12721
7976.83,0.00154173,1.54173e-05,12722
7976.73,0.00154177,1.54177e-05,12723
7976.63,0.00154181,1.54181e-05,12724
7976.53,0.00154185,1.54185e-05,12725
7976.42,0.00154189,1.54189e-05,12726
7976.32,0.00154193,1.54193e-05,12727
7976.21,0.00154197,1.54197e-05,12728
7976.1,0.00154201,1.54201e-05,12729
7976,0.00154205,1.54205e-05,12730
7975.89,0.0015421,1.5421e-05,12731
7975.78,0.00154214,1.54214e-05,12732
7975.66,0.00154218,1.54218e-05,12733
7975.55,0.00154222,1.54222e-05,12734
7975.44,0.00154227,1.54227e-05,12735
7975.32,0.00154231,1.54231e-05,12736
7975.21,0.00154236,1.54236e-05,12737
7975.09,0.0015424,1.5424e-05,12738
7974.97,0.00154245,1.54245e-05,12739
7974.85,0.0015425,1.5425e-05,12740
7974.73,0.00154254,1.54254e-05,12741
7974.61,0.00154259,1.54259e-05,12742
7974.48,0.00154264,1.54264e-05,12743
7974.36,0.00154269,1.54269e-05,12744
7974.23,0.00154273,1.54273e-05,12745
7974.11,0.00154278,1.54278e-05,12746
7973.98,0.00154283,1.54283e-05,12747
7973.85,0.00154288,1.54288e-05,12748
7973.72,0.00154293,1.54293e-05,12749
7973.59,0.00154298,1.54298e-05,12750
7973.45,0.00154304,1.54304e-05,12751
7973.32,0.00154309,1.54309e-05,12752
7973.19,0.00154314,1.54314e-05,12753
7973.05,0.00154319,1.54319e-05,12754
7972.91,0.00154325,1.54325e-05,12755
7972.77,0.0015433,1.5433e-05,12756
7972.63,0.00154335,1.54335e-05,12757
7972.49,0.00154341,1.54341e-05,12758
7972.35,0.00154346,1.54346e-05,12759
7972.21,0.00154352,1.54352e-05,12760
7972.06,0.00154357,1.54357e-05,12761
7971.92,0.00154363,1.54363e-05,12762
7971.77,0.00154369,1.54369e-05,12763
7971.62,0.00154374,1.54374e-05,12764
7971.48,0.0015438,1.5438e-05,12765
7971.33,0.00154386,1.54386e-05,12766
7971.17,0.00154392,1.54392e-05,12767
7971.02,0.00154398,1.54398e-05,12768
7970.87,0.00154404,1.54404e-05,12769
7970.71,0.0015441,1.5441e-05,12770
7970.56,0.00154416,1.54416e-05,12771
7970.4,0.00154422,1.54422e-05,12772
7970.24,0.00154428,1.54428e-05,12773
7970.08,0.00154434,1.54434e-05,12774
7969.92,0.0015444,1.5444e-05,12775
7969.76,0.00154447,1.54447e-05,12776
7969.6,0.00154453,1.54453e-05,12777
7969.43,0.00154459,1.54459e-05,12778
7969.27,0.00154466,1.54466e-05,12779
7969.1,0.00154472,1.54472e-05,12780
7968.94,0.00154479,1.54479e-05,12781
7968.77,0.00154485,1.54485e-05,12782
7968.6,0.00154492,1.54492e-05,12783
7968.43,0.00154498,1.54498e-05,12784
7968.25,0.00154505,1.54505e-05,12785
7968.08,0.00154512,1.54512e-05,12786
7967.91,0.00154519,1.54519e-05,12787
7967.73,0.00154525,1.54525e-05,12788
7967.55,0.00154532,1.54532e-05,12789
7967.38,0.00154539,1.54539e-05,12790
7967.2,0.00154546,1.54546e-05,12791
7967.02,0.00154553,1.54553e-05,12792
7966.84,0.0015456,1.5456e-05,12793
7966.65,0.00154567,1.54567e-05,12794
7966.47,0.00154574,1.54574e-05,12795
7966.29,0.00154581,1.54581e-05,12796
7966.1,0.00154589,1.54589e-05,12797
7965.91,0.00154596,1.54596e-05,12798
7965.72,0.00154603,1.54603e-05,12799
7965.53,0.00154611,1.54611e-05,12800
7965.34,0.00154618,1.54618e-05,12801
7965.15,0.00154625,1.54625e-05,12802
7964.96,0.00154633,1.54633e-05,12803
7964.77,0.0015464,1.5464e-05,12804
7964.57,0.00154648,1.54648e-05,12805
7964.37,0.00154656,1.54656e-05,12806
7964.18,0.00154663,1.54663e-05,12807
7963.98,0.00154671,1.54671e-05,12808
7963.78,0.00154679,1.54679e-05,12809
7963.58,0.00154687,1.54687e-05,12810
7963.37,0.00154694,1.54694e-05,12811
7963.17,0.00154702,1.54702e-05,12812
7962.97,0.0015471,1.5471e-05,12813
7962.76,0.00154718,1.54718e-05,12814
7962.55,0.00154726,1.54726e-05,12815
7962.35,0.00154734,1.54734e-05,12816
7962.14,0.00154743,1.54743e-05,12817
7961.93,0.00154751,1.54751e-05,12818
7961.71,0.00154759,1.54759e-05,12819
7961.5,0.00154767,1.54767e-05,12820
7961.29,0.00154776,1.54776e-05,12821
7961.07,0.00154784,1.54784e-05,12822
7960.86,0.00154792,1.54792e-05,12823
7960.64,0.00154801,1.54801e-05,12824
7960.42,0.00154809,1.54809e-05,12825
7960.2,0.00154818,1.54818e-05,12826
7959.98,0.00154826,1.54826e-05,12827
7959.76,0.00154835,1.54835e-05,12828
7959.54,0.00154844,1.54844e-05,12829
7959.31,0.00154852,1.54852e-05,12830
7959.09,0.00154861,1.54861e-05,12831
7958.86,0.0015487,1.5487e-05,12832
7958.63,0.00154879,1.54879e-05,12833
7958.4,0.00154888,1.54888e-05,12834
7958.17,0.00154897,1.54897e-05,12835
7957.94,0.00154906,1.54906e-05,12836
7957.71,0.00154915,1.54915e-05,12837
7957.48,0.00154924,1.54924e-05,12838
7957.24,0.00154933,1.54933e-05,12839
7957.01,0.00154942,1.54942e-05,12840
7956.77,0.00154951,1.54951e-05,12841
7956.53,0.00154961,1.54961e-05,12842
7956.29,0.0015497,1.5497e-05,12843
7956.05,0.00154979,1.54979e-05,12844
7955.81,0.00154989,1.54989e-05,12845
7955.57,0.00154998,1.54998e-05,12846
7955.32,0.00155008,1.55008e-05,12847
7955.08,0.00155017,1.55017e-05,12848
7954.83,0.00155027,1.55027e-05,12849
7954.58,0.00155037,1.55037e-05,12850
7954.33,0.00155046,1.55046e-05,12851
7954.08,0.00155056,1.55056e-05,12852
7953.83,0.00155066,1.55066e-05,12853
7953.58,0.00155076,1.55076e-05,12854
7953.33,0.00155086,1.55086e-05,12855
7953.07,0.00155095,1.55095e-05,12856
7952.82,0.00155105,1.55105e-05,12857
7952.56,0.00155115,1.55115e-05,12858
7952.3,0.00155126,1.55126e-05,12859
7952.04,0.00155136,1.55136e-05,12860
7951.78,0.00155146,1.55146e-05,12861
7951.52,0.00155156,1.55156e-05,12862
7951.26,0.00155166,1.55166e-05,12863
7950.99,0.00155177,1.55177e-05,12864
7950.73,0.00155187,1.55187e-05,12865
7950.46,0.00155197,1.55197e-05,12866
7950.2,0.00155208,1.55208e-05,12867
7949.93,0.00155218,1.55218e-05,12868
7949.66,0.00155229,1.55229e-05,12869
7949.39,0.00155239,1.55239e-05,12870
7949.11,0.0015525,1.5525e-05,12871
7948.84,0.00155261,1.55261e-05,12872
7948.57,0.00155271,1.55271e-05,12873
7948.29,0.00155282,1.55282e-05,12874
7948.01,0.00155293,1.55293e-05,12875
7947.74,0.00155304,1.55304e-05,12876
7947.46,0.00155315,1.55315e-05,12877
7947.18,0.00155326,1.55326e-05,12878
7946.9,0.00155337,1.55337e-05,12879
7946.61,0.00155348,1.55348e-05,12880
7946.33,0.00155359,1.55359e-05,12881
7946.05,0.0015537,1.5537e-05,12882
7945.76,0.00155381,1.55381e-05,12883
7945.47,0.00155392,1.55392e-05,12884
7945.18,0.00155404,1.55404e-05,12885
7944.89,0.00155415,1.55415e-05,12886
7944.6,0.00155426,1.55426e-05,12887
7944.31,0.00155438,1.55438e-05,12888
7944.02,0.00155449,1.55449e-05,12889
7943.73,0.00155461,1.55461e-05,12890
7943.43,0.00155472,1.55472e-05,12891
7943.13,0.00155484,1.55484e-05,12892
7942.84,0.00155496,1.55496e-05,12893
7942.54,0.00155507,1.55507e-05,12894
7942.24,0.00155519,1.55519e-05,12895
7941.94,0.00155531,1.55531e-05,12896
7941.63,0.00155543,1.55543e-05,12897
7941.33,0.00155554,1.55555e-05,12898
7941.03,0.00155566,1.55566e-05,12899
7940.72,0.00155578,1.55578e-05,12900
7940.41,0.0015559,1.5559e-05,12901
7940.1,0.00155603,1.55603e-05,12902
7939.79,0.00155615,1.55615e-05,12903
7939.48,0.00155627,1.55627e-05,12904
7939.17,0.00155639,1.55639e-05,12905
7938.86,0.00155651,1.55651e-05,12906
7938.55,0.00155664,1.55664e-05,12907
7938.23,0.00155676,1.55676e-05,12908
7937.91,0.00155688,1.55688e-05,12909
7937.6,0.00155701,1.55701e-05,12910
7937.28,0.00155713,1.55713e-05,12911
7936.96,0.00155726,1.55726e-05,12912
7936.64,0.00155739,1.55739e-05,12913
7936.31,0.00155751,1.55751e-05,12914
7935.99,0.00155764,1.55764e-05,12915
7935.67,0.00155777,1.55777e-05,12916
7935.34,0.00155789,1.55789e-05,12917
7935.01,0.00155802,1.55802e-05,12918
7934.69,0.00155815,1.55815e-05,12919
7934.36,0.00155828,1.55828e-05,12920
7934.03,0.00155841,1.55841e-05,12921
7933.7,0.00155854,1.55854e-05,12922
7933.36,0.00155867,1.55867e-05,12923
7933.03,0.0015588,1.5588e-05,12924
7932.69,0.00155893,1.55893e-05,12925
7932.36,0.00155907,1.55907e-05,12926
7932.02,0.0015592,1.5592e-05,12927
7931.68,0.00155933,1.55933e-05,12928
7931.34,0.00155947,1.55947e-05,12929
7931,0.0015596,1.5596e-05,12930
7930.66,0.00155973,1.55973e-05,12931
7930.32,0.00155987,1.55987e-05,12932
7929.97,0.00156,1.56e-05,12933
7929.63,0.00156014,1.56014e-05,12934
7929.28,0.00156028,1.56028e-05,12935
7928.93,0.00156041,1.56041e-05,12936
7928.58,0.00156055,1.56055e-05,12937
7928.23,0.00156069,1.56069e-05,12938
7927.88,0.00156083,1.56083e-05,12939
7927.53,0.00156097,1.56097e-05,12940
7927.18,0.00156111,1.56111e-05,12941
7926.82,0.00156124,1.56124e-05,12942
7926.46,0.00156139,1.56139e-05,12943
7926.11,0.00156153,1.56153e-05,12944
7925.75,0.00156167,1.56167e-05,12945
7925.39,0.00156181,1.56181e-05,12946
7925.03,0.00156195,1.56195e-05,12947
7924.67,0.00156209,1.56209e-05,12948
7924.3,0.00156224,1.56224e-05,12949
7923.94,0.00156238,1.56238e-05,12950
7923.57,0.00156252,1.56252e-05,12951
7923.21,0.00156267,1.56267e-05,12952
7922.84,0.00156281,1.56281e-05,12953
7922.47,0.00156296,1.56296e-05,12954
7922.1,0.00156311,1.56311e-05,12955
7921.73,0.00156325,1.56325e-05,12956
7921.36,0.0015634,1.5634e-05,12957
7920.98,0.00156355,1.56355e-05,12958
7920.61,0.00156369,1.56369e-05,12959
7920.23,0.00156384,1.56384e-05,12960
7919.85,0.00156399,1.56399e-05,12961
7919.48,0.00156414,1.56414e-05,12962
7919.1,0.00156429,1.56429e-05,12963
7918.72,0.00156444,1.56444e-05,12964
7918.34,0.00156459,1.56459e-05,12965
7917.95,0.00156474,1.56474e-05,12966
7917.57,0.0015649,1.5649e-05,12967
7917.18,0.00156505,1.56505e-05,12968
7916.8,0.0015652,1.5652e-05,12969
7916.41,0.00156535,1.56535e-05,12970
7916.02,0.00156551,1.56551e-05,12971
7915.63,0.00156566,1.56566e-05,12972
7915.24,0.00156582,1.56582e-05,12973
7914.85,0.00156597,1.56597e-05,12974
7914.45,0.00156613,1.56613e-05,12975
7914.06,0.00156628,1.56628e-05,12976
7913.66,0.00156644,1.56644e-05,12977
7913.26,0.0015666,1.5666e-05,12978
7912.87,0.00156676,1.56676e-05,12979
7912.47,0.00156691,1.56691e-05,12980
7912.07,0.00156707,1.56707e-05,12981
7911.66,0.00156723,1.56723e-05,12982
7911.26,0.00156739,1.56739e-05,12983
7910.86,0.00156755,1.56755e-05,12984
7910.45,0.00156771,1.56771e-05,12985
7910.05,0.00156787,1.56787e-05,12986
7909.64,0.00156804,1.56804e-05,12987
7909.23,0.0015682,1.5682e-05,12988
7908.82,0.00156836,1.56836e-05,12989
7908.41,0.00156852,1.56852e-05,12990
7908,0.00156869,1.56869e-05,12991
7907.58,0.00156885,1.56885e-05,12992
7907.17,0.00156902,1.56902e-05,12993
7906.75,0.00156918,1.56918e-05,12994
7906.33,0.00156935,1.56935e-05,12995
7905.92,0.00156951,1.56951e-05,12996
7905.5,0.00156968,1.56968e-05,12997
7905.08,0.00156985,1.56985e-05,12998
7904.65,0.00157001,1.57001e-05,12999
7904.23,0.00157018,1.57018e-05,13000
7903.81,0.00157035,1.57035e-05,13001
7903.38,0.00157052,1.57052e-05,13002
7902.96,0.00157069,1.57069e-05,13003
7902.53,0.00157086,1.57086e-05,13004
7902.1,0.00157103,1.57103e-05,13005
7901.67,0.0015712,1.5712e-05,13006
7901.24,0.00157137,1.57137e-05,13007
7900.81,0.00157154,1.57154e-05,13008
7900.37,0.00157172,1.57172e-05,13009
7899.94,0.00157189,1.57189e-05,13010
7899.5,0.00157206,1.57206e-05,13011
7899.07,0.00157224,1.57224e-05,13012
7898.63,0.00157241,1.57241e-05,13013
7898.19,0.00157259,1.57258e-05,13014
7897.75,0.00157276,1.57276e-05,13015
7897.3,0.00157294,1.57294e-05,13016
7896.86,0.00157311,1.57311e-05,13017
7896.42,0.00157329,1.57329e-05,13018
7895.97,0.00157347,1.57347e-05,13019
7895.53,0.00157365,1.57365e-05,13020
7895.08,0.00157382,1.57382e-05,13021
7894.63,0.001574,1.574e-05,13022
7894.18,0.00157418,1.57418e-05,13023
7893.73,0.00157436,1.57436e-05,13024
7893.28,0.00157454,1.57454e-05,13025
7892.82,0.00157472,1.57472e-05,13026
7892.37,0.0015749,1.5749e-05,13027
7891.91,0.00157509,1.57509e-05,13028
7891.46,0.00157527,1.57527e-05,13029
7891,0.00157545,1.57545e-05,13030
7890.54,0.00157564,1.57564e-05,13031
7890.08,0.00157582,1.57582e-05,13032
7889.61,0.001576,1.576e-05,13033
7889.15,0.00157619,1.57619e-05,13034
7888.69,0.00157637,1.57637e-05,13035
7888.22,0.00157656,1.57656e-05,13036
7887.76,0.00157675,1.57675e-05,13037
7887.29,0.00157693,1.57693e-05,13038
7886.82,0.00157712,1.57712e-05,13039
7886.35,0.00157731,1.57731e-05,13040
7885.88,0.0015775,1.5775e-05,13041
7885.41,0.00157769,1.57769e-05,13042
7884.93,0.00157788,1.57788e-05,13043
7884.46,0.00157807,1.57807e-05,13044
7883.98,0.00157826,1.57826e-05,13045
7883.5,0.00157845,1.57845e-05,13046
7883.03,0.00157864,1.57864e-05,13047
7882.55,0.00157883,1.57883e-05,13048
7882.07,0.00157902,1.57902e-05,13049
7881.58,0.00157922,1.57922e-05,13050
7881.1,0.00157941,1.57941e-05,13051
7880.62,0.00157961,1.57961e-05,13052
7880.13,0.0015798,1.5798e-05,13053
7879.65,0.00157999,1.57999e-05,13054
7879.16,0.00158019,1.58019e-05,13055
7878.67,0.00158039,1.58039e-05,13056
7878.18,0.00158058,1.58058e-05,13057
7877.69,0.00158078,1.58078e-05,13058
7877.19,0.00158098,1.58098e-05,13059
7876.7,0.00158118,1.58118e-05,13060
7876.21,0.00158138,1.58138e-05,13061
7875.71,0.00158157,1.58157e-05,13062
7875.21,0.00158177,1.58177e-05,13063
7874.71,0.00158197,1.58197e-05,13064
7874.21,0.00158218,1.58218e-05,13065
7873.71,0.00158238,1.58238e-05,13066
7873.21,0.00158258,1.58258e-05,13067
7872.71,0.00158278,1.58278e-05,13068
7872.2,0.00158298,1.58298e-05,13069
7871.7,0.00158319,1.58319e-05,13070
7871.19,0.00158339,1.58339e-05,13071
7870.68,0.00158359,1.58359e-05,13072
7870.18,0.0015838,1.5838e-05,13073
7869.66,0.00158401,1.58401e-05,13074
7869.15,0.00158421,1.58421e-05,13075
7868.64,0.00158442,1.58442e-05,13076
7868.13,0.00158462,1.58462e-05,13077
7867.61,0.00158483,1.58483e-05,13078
7867.1,0.00158504,1.58504e-05,13079
7866.58,0.00158525,1.58525e-05,13080
7866.06,0.00158546,1.58546e-05,13081
7865.54,0.00158567,1.58567e-05,13082
7865.02,0.00158588,1.58588e-05,13083
7864.5,0.00158609,1.58609e-05,13084
7863.98,0.0015863,1.5863e-05,13085
7863.45,0.00158651,1.58651e-05,13086
7862.92,0.00158672,1.58672e-05,13087
7862.4,0.00158693,1.58693e-05,13088
7861.87,0.00158715,1.58715e-05,13089
7861.34,0.00158736,1.58736e-05,13090
7860.81,0.00158758,1.58758e-05,13091
7860.28,0.00158779,1.58779e-05,13092
7859.75,0.00158801,1.58801e-05,13093
7859.21,0.00158822,1.58822e-05,13094
7858.68,0.00158844,1.58844e-05,13095
7858.14,0.00158865,1.58865e-05,13096
7857.6,0.00158887,1.58887e-05,13097
7857.07,0.00158909,1.58909e-05,13098
7856.53,0.00158931,1.58931e-05,13099
7855.98,0.00158953,1.58953e-05,13100
7855.44,0.00158975,1.58975e-05,13101
7854.9,0.00158997,1.58997e-05,13102
7854.35,0.00159019,1.59019e-05,13103
7853.81,0.00159041,1.59041e-05,13104
7853.26,0.00159063,1.59063e-05,13105
7852.71,0.00159085,1.59085e-05,13106
7852.16,0.00159107,1.59107e-05,13107
7851.61,0.0015913,1.5913e-05,13108
7851.06,0.00159152,1.59152e-05,13109
7850.51,0.00159175,1.59175e-05,13110
7849.95,0.00159197,1.59197e-05,13111
7849.4,0.0015922,1.5922e-05,13112
7848.84,0.00159242,1.59242e-05,13113
7848.28,0.00159265,1.59265e-05,13114
7847.72,0.00159287,1.59287e-05,13115
7847.16,0.0015931,1.5931e-05,13116
7846.6,0.00159333,1.59333e-05,13117
7846.04,0.00159356,1.59356e-05,13118
7845.48,0.00159379,1.59379e-05,13119
7844.91,0.00159402,1.59402e-05,13120
7844.35,0.00159425,1.59425e-05,13121
7843.78,0.00159448,1.59448e-05,13122
7843.21,0.00159471,1.59471e-05,13123
7842.64,0.00159494,1.59494e-05,13124
7842.07,0.00159517,1.59517e-05,13125
7841.5,0.00159541,1.5954e-05,13126
7840.92,0.00159564,1.59564e-05,13127
7840.35,0.00159587,1.59587e-05,13128
7839.77,0.00159611,1.59611e-05,13129
7839.2,0.00159634,1.59634e-05,13130
7838.62,0.00159658,1.59658e-05,13131
7838.04,0.00159681,1.59681e-05,13132
7837.46,0.00159705,1.59705e-05,13133
7836.88,0.00159729,1.59729e-05,13134
7836.3,0.00159752,1.59752e-05,13135
7835.71,0.00159776,1.59776e-05,13136
7835.13,0.001598,1.598e-05,13137
7834.54,0.00159824,1.59824e-05,13138
7833.95,0.00159848,1.59848e-05,13139
7833.37,0.00159872,1.59872e-05,13140
7832.77,0.00159896,1.59896e-05,13141
7832.18,0.0015992,1.5992e-05,13142
7831.59,0.00159944,1.59944e-05,13143
7831,0.00159969,1.59969e-05,13144
7830.4,0.00159993,1.59993e-05,13145
7829.81,0.00160017,1.60017e-05,13146
7829.21,0.00160042,1.60042e-05,13147
7828.61,0.00160066,1.60066e-05,13148
7828.01,0.00160091,1.60091e-05,13149
7827.41,0.00160115,1.60115e-05,13150
7826.81,0.0016014,1.6014e-05,13151
7826.21,0.00160165,1.60165e-05,13152
7825.6,0.00160189,1.60189e-05,13153
7825,0.00160214,1.60214e-05,13154
7824.39,0.00160239,1.60239e-05,13155
7823.78,0.00160264,1.60264e-05,13156
7823.17,0.00160289,1.60289e-05,13157
7822.56,0.00160314,1.60314e-05,13158
7821.95,0.00160339,1.60339e-05,13159
7821.34,0.00160364,1.60364e-05,13160
7820.73,0.00160389,1.60389e-05,13161
7820.11,0.00160414,1.60414e-05,13162
7819.5,0.0016044,1.6044e-05,13163
7818.88,0.00160465,1.60465e-05,13164
7818.26,0.0016049,1.6049e-05,13165
7817.64,0.00160516,1.60516e-05,13166
7817.02,0.00160541,1.60541e-05,13167
7816.4,0.00160567,1.60567e-05,13168
7815.77,0.00160592,1.60592e-05,13169
7815.15,0.00160618,1.60618e-05,13170
7814.52,0.00160644,1.60644e-05,13171
7813.9,0.0016067,1.6067e-05,13172
7813.27,0.00160695,1.60695e-05,13173
7812.64,0.00160721,1.60721e-05,13174
7812.01,0.00160747,1.60747e-05,13175
7811.38,0.00160773,1.60773e-05,13176
7810.74,0.00160799,1.60799e-05,13177
7810.11,0.00160825,1.60825e-05,13178
7809.47,0.00160852,1.60852e-05,13179
7808.84,0.00160878,1.60878e-05,13180
7808.2,0.00160904,1.60904e-05,13181
7807.56,0.0016093,1.6093e-05,13182
7806.92,0.00160957,1.60957e-05,13183
7806.28,0.00160983,1.60983e-05,13184
7805.64,0.0016101,1.6101e-05,13185
7804.99,0.00161036,1.61036e-05,13186
7804.35,0.00161063,1.61063e-05,13187
7803.7,0.0016109,1.6109e-05,13188
7803.05,0.00161116,1.61116e-05,13189
7802.4,0.00161143,1.61143e-05,13190
7801.75,0.0016117,1.6117e-05,13191
7801.1,0.00161197,1.61197e-05,13192
7800.45,0.00161224,1.61224e-05,13193
7799.8,0.00161251,1.61251e-05,13194
7799.14,0.00161278,1.61278e-05,13195
7798.49,0.00161305,1.61305e-05,13196
7797.83,0.00161332,1.61332e-05,13197
7797.17,0.0016136,1.6136e-05,13198
7796.51,0.00161387,1.61387e-05,13199
7795.85,0.00161414,1.61414e-05,13200
7795.19,0.00161442,1.61442e-05,13201
7794.53,0.00161469,1.61469e-05,13202
7793.86,0.00161497,1.61497e-05,13203
7793.2,0.00161524,1.61524e-05,13204
7792.53,0.00161552,1.61552e-05,13205
7791.86,0.00161579,1.61579e-05,13206
7791.2,0.00161607,1.61607e-05,13207
7790.53,0.00161635,1.61635e-05,13208
7789.85,0.00161663,1.61663e-05,13209
7789.18,0.00161691,1.61691e-05,13210
7788.51,0.00161719,1.61719e-05,13211
7787.83,0.00161747,1.61747e-05,13212
7787.16,0.00161775,1.61775e-05,13213
7786.48,0.00161803,1.61803e-05,13214
7785.8,0.00161831,1.61831e-05,13215
7785.12,0.0016186,1.6186e-05,13216
7784.44,0.00161888,1.61888e-05,13217
7783.76,0.00161916,1.61916e-05,13218
7783.07,0.00161945,1.61945e-05,13219
7782.39,0.00161973,1.61973e-05,13220
7781.7,0.00162002,1.62002e-05,13221
7781.02,0.0016203,1.6203e-05,13222
7780.33,0.00162059,1.62059e-05,13223
7779.64,0.00162088,1.62088e-05,13224
7778.95,0.00162117,1.62117e-05,13225
7778.25,0.00162145,1.62145e-05,13226
7777.56,0.00162174,1.62174e-05,13227
7776.87,0.00162203,1.62203e-05,13228
7776.17,0.00162232,1.62232e-05,13229
7775.48,0.00162261,1.62261e-05,13230
7774.78,0.0016229,1.6229e-05,13231
7774.08,0.0016232,1.6232e-05,13232
7773.38,0.00162349,1.62349e-05,13233
7772.68,0.00162378,1.62378e-05,13234
7771.97,0.00162408,1.62408e-05,13235
7771.27,0.00162437,1.62437e-05,13236
7770.56,0.00162467,1.62467e-05,13237
7769.86,0.00162496,1.62496e-05,13238
7769.15,0.00162526,1.62526e-05,13239
7768.44,0.00162555,1.62555e-05,13240
7767.73,0.00162585,1.62585e-05,13241
7767.02,0.00162615,1.62615e-05,13242
7766.31,0.00162645,1.62645e-05,13243
7765.59,0.00162675,1.62675e-05,13244
7764.88,0.00162705,1.62705e-05,13245
7764.16,0.00162735,1.62735e-05,13246
7763.45,0.00162765,1.62765e-05,13247
7762.73,0.00162795,1.62795e-05,13248
7762.01,0.00162825,1.62825e-05,13249
7761.29,0.00162855,1.62855e-05,13250
7760.57,0.00162885,1.62885e-05,13251
7759.84,0.00162916,1.62916e-05,13252
7759.12,0.00162946,1.62946e-05,13253
7758.39,0.00162977,1.62977e-05,13254
7757.66,0.00163007,1.63007e-05,13255
7756.94,0.00163038,1.63038e-05,13256
7756.21,0.00163069,1.63069e-05,13257
7755.48,0.00163099,1.63099e-05,13258
7754.74,0.0016313,1.6313e-05,13259
7754.01,0.00163161,1.63161e-05,13260
7753.28,0.00163192,1.63192e-05,13261
7752.54,0.00163223,1.63223e-05,13262
7751.8,0.00163254,1.63254e-05,13263
7751.07,0.00163285,1.63285e-05,13264
7750.33,0.00163316,1.63316e-05,13265
7749.59,0.00163347,1.63347e-05,13266
7748.85,0.00163379,1.63379e-05,13267
7748.1,0.0016341,1.6341e-05,13268
7747.36,0.00163441,1.63441e-05,13269
7746.61,0.00163473,1.63473e-05,13270
7745.87,0.00163504,1.63504e-05,13271
7745.12,0.00163536,1.63536e-05,13272
7744.37,0.00163567,1.63567e-05,13273
7743.62,0.00163599,1.63599e-05,13274
7742.87,0.00163631,1.63631e-05,13275
7742.12,0.00163663,1.63663e-05,13276
7741.36,0.00163695,1.63695e-05,13277
7740.61,0.00163727,1.63727e-05,13278
7739.85,0.00163759,1.63759e-05,13279
7739.09,0.00163791,1.63791e-05,13280
7738.33,0.00163823,1.63823e-05,13281
7737.57,0.00163855,1.63855e-05,13282
7736.81,0.00163887,1.63887e-05,13283
7736.05,0.00163919,1.63919e-05,13284
7735.29,0.00163952,1.63952e-05,13285
7734.52,0.00163984,1.63984e-05,13286
7733.76,0.00164017,1.64017e-05,13287
7732.99,0.00164049,1.64049e-05,13288
7732.22,0.00164082,1.64082e-05,13289
7731.45,0.00164115,1.64115e-05,13290
7730.68,0.00164147,1.64147e-05,13291
7729.91,0.0016418,1.6418e-05,13292
7729.13,0.00164213,1.64213e-05,13293
7728.36,0.00164246,1.64246e-05,13294
7727.58,0.00164279,1.64279e-05,13295
7726.81,0.00164312,1.64312e-05,13296
7726.03,0.00164345,1.64345e-05,13297
7725.25,0.00164378,1.64378e-05,13298
7724.47,0.00164411,1.64411e-05,13299
7723.69,0.00164445,1.64445e-05,13300
7722.9,0.00164478,1.64478e-05,13301
7722.12,0.00164511,1.64511e-05,13302
7721.33,0.00164545,1.64545e-05,13303
7720.55,0.00164578,1.64578e-05,13304
7719.76,0.00164612,1.64612e-05,13305
7718.97,0.00164646,1.64646e-05,13306
7718.18,0.00164679,1.64679e-05,13307
7717.39,0.00164713,1.64713e-05,13308
7716.59,0.00164747,1.64747e-05,13309
7715.8,0.00164781,1.64781e-05,13310
7715.01,0.00164815,1.64815e-05,13311
7714.21,0.00164849,1.64849e-05,13312
7713.41,0.00164883,1.64883e-05,13313
7712.61,0.00164917,1.64917e-05,13314
7711.81,0.00164951,1.64951e-05,13315
7711.01,0.00164986,1.64986e-05,13316
7710.21,0.0016502,1.6502e-05,13317
7709.4,0.00165054,1.65054e-05,13318
7708.6,0.00165089,1.65089e-05,13319
7707.79,0.00165123,1.65123e-05,13320
7706.99,0.00165158,1.65158e-05,13321
7706.18,0.00165193,1.65193e-05,13322
7705.37,0.00165227,1.65227e-05,13323
7704.56,0.00165262,1.65262e-05,13324
7703.74,0.00165297,1.65297e-05,13325
7702.93,0.00165332,1.65332e-05,13326
7702.12,0.00165367,1.65367e-05,13327
7701.3,0.00165402,1.65402e-05,13328
7700.48,0.00165437,1.65437e-05,13329
7699.66,0.00165472,1.65472e-05,13330
7698.84,0.00165508,1.65508e-05,13331
7698.02,0.00165543,1.65543e-05,13332
7697.2,0.00165578,1.65578e-05,13333
7696.38,0.00165614,1.65614e-05,13334
7695.55,0.00165649,1.65649e-05,13335
7694.73,0.00165685,1.65685e-05,13336
7693.9,0.0016572,1.6572e-05,13337
7693.07,0.00165756,1.65756e-05,13338
7692.24,0.00165792,1.65792e-05,13339
7691.41,0.00165828,1.65828e-05,13340
7690.58,0.00165864,1.65864e-05,13341
7689.75,0.00165899,1.65899e-05,13342
7688.91,0.00165935,1.65935e-05,13343
7688.08,0.00165972,1.65972e-05,13344
7687.24,0.00166008,1.66008e-05,13345
7686.4,0.00166044,1.66044e-05,13346
7685.56,0.0016608,1.6608e-05,13347
7684.72,0.00166117,1.66117e-05,13348
7683.88,0.00166153,1.66153e-05,13349
7683.04,0.00166189,1.66189e-05,13350
7682.19,0.00166226,1.66226e-05,13351
7681.35,0.00166263,1.66263e-05,13352
7680.5,0.00166299,1.66299e-05,13353
7679.65,0.00166336,1.66336e-05,13354
7678.8,0.00166373,1.66373e-05,13355
7677.95,0.0016641,1.6641e-05,13356
7677.1,0.00166446,1.66446e-05,13357
7676.25,0.00166484,1.66484e-05,13358
7675.39,0.00166521,1.66521e-05,13359
7674.54,0.00166558,1.66558e-05,13360
7673.68,0.00166595,1.66595e-05,13361
7672.82,0.00166632,1.66632e-05,13362
7671.96,0.00166669,1.66669e-05,13363
7671.1,0.00166707,1.66707e-05,13364
7670.24,0.00166744,1.66744e-05,13365
7669.38,0.00166782,1.66782e-05,13366
7668.51,0.00166819,1.66819e-05,13367
7667.65,0.00166857,1.66857e-05,13368
7666.78,0.00166895,1.66895e-05,13369
7665.92,0.00166933,1.66933e-05,13370
7665.05,0.0016697,1.6697e-05,13371
7664.18,0.00167008,1.67008e-05,13372
7663.3,0.00167046,1.67046e-05,13373
7662.43,0.00167084,1.67084e-05,13374
7661.56,0.00167122,1.67122e-05,13375
7660.68,0.00167161,1.67161e-05,13376
7659.81,0.00167199,1.67199e-05,13377
7658.93,0.00167237,1.67237e-05,13378
7658.05,0.00167276,1.67276e-05,13379
7657.17,0.00167314,1.67314e-05,13380
7656.29,0.00167353,1.67353e-05,13381
7655.4,0.00167391,1.67391e-05,13382
7654.52,0.0016743,1.6743e-05,13383
7653.63,0.00167469,1.67469e-05,13384
7652.75,0.00167507,1.67507e-05,13385
7651.86,0.00167546,1.67546e-05,13386
7650.97,0.00167585,1.67585e-05,13387
7650.08,0.00167624,1.67624e-05,13388
7649.19,0.00167663,1.67663e-05,13389
7648.3,0.00167702,1.67702e-05,13390
7647.4,0.00167742,1.67742e-05,13391
7646.51,0.00167781,1.67781e-05,13392
7645.61,0.0016782,1.6782e-05,13393
7644.72,0.0016786,1.6786e-05,13394
7643.82,0.00167899,1.67899e-05,13395
7642.92,0.00167939,1.67939e-05,13396
7642.02,0.00167978,1.67978e-05,13397
7641.11,0.00168018,1.68018e-05,13398
7640.21,0.00168058,1.68058e-05,13399
7639.3,0.00168098,1.68098e-05,13400
7638.4,0.00168137,1.68137e-05,13401
7637.49,0.00168177,1.68177e-05,13402
7636.58,0.00168217,1.68217e-05,13403
7635.67,0.00168258,1.68258e-05,13404
7634.76,0.00168298,1.68298e-05,13405
7633.85,0.00168338,1.68338e-05,13406
7632.93,0.00168378,1.68378e-05,13407
7632.02,0.00168419,1.68419e-05,13408
7631.1,0.00168459,1.68459e-05,13409
7630.19,0.001685,1.685e-05,13410
7629.27,0.0016854,1.6854e-05,13411
7628.35,0.00168581,1.68581e-05,13412
7627.43,0.00168622,1.68622e-05,13413
7626.5,0.00168662,1.68662e-05,13414
7625.58,0.00168703,1.68703e-05,13415
7624.65,0.00168744,1.68744e-05,13416
7623.73,0.00168785,1.68785e-05,13417
7622.8,0.00168826,1.68826e-05,13418
7621.87,0.00168867,1.68867e-05,13419
7620.94,0.00168909,1.68909e-05,13420
7620.01,0.0016895,1.6895e-05,13421
7619.08,0.00168991,1.68991e-05,13422
7618.15,0.00169033,1.69033e-05,13423
7617.21,0.00169074,1.69074e-05,13424
7616.27,0.00169116,1.69116e-05,13425
7615.34,0.00169157,1.69157e-05,13426
7614.4,0.00169199,1.69199e-05,13427
7613.46,0.00169241,1.69241e-05,13428
7612.52,0.00169283,1.69283e-05,13429
7611.57,0.00169325,1.69325e-05,13430
7610.63,0.00169367,1.69367e-05,13431
7609.69,0.00169409,1.69409e-05,13432
7608.74,0.00169451,1.69451e-05,13433
7607.79,0.00169493,1.69493e-05,13434
7606.84,0.00169535,1.69535e-05,13435
7605.89,0.00169578,1.69578e-05,13436
7604.94,0.0016962,1.6962e-05,13437
7603.99,0.00169663,1.69663e-05,13438
7603.04,0.00169705,1.69705e-05,13439
7602.08,0.00169748,1.69748e-05,13440
7601.13,0.0016979,1.6979e-05,13441
7600.17,0.00169833,1.69833e-05,13442
7599.21,0.00169876,1.69876e-05,13443
7598.25,0.00169919,1.69919e-05,13444
7597.29,0.00169962,1.69962e-05,13445
7596.33,0.00170005,1.70005e-05,13446
7595.36,0.00170048,1.70048e-05,13447
7594.4,0.00170091,1.70091e-05,13448
7593.43,0.00170135,1.70135e-05,13449
7592.46,0.00170178,1.70178e-05,13450
7591.5,0.00170221,1.70221e-05,13451
7590.52,0.00170265,1.70265e-05,13452
7589.55,0.00170309,1.70309e-05,13453
7588.58,0.00170352,1.70352e-05,13454
7587.61,0.00170396,1.70396e-05,13455
7586.63,0.0017044,1.7044e-05,13456
7585.66,0.00170484,1.70484e-05,13457
7584.68,0.00170528,1.70528e-05,13458
7583.7,0.00170572,1.70572e-05,13459
7582.72,0.00170616,1.70616e-05,13460
7581.74,0.0017066,1.7066e-05,13461
7580.76,0.00170704,1.70704e-05,13462
7579.77,0.00170748,1.70748e-05,13463
7578.79,0.00170793,1.70793e-05,13464
7577.8,0.00170837,1.70837e-05,13465
7576.81,0.00170882,1.70882e-05,13466
7575.83,0.00170926,1.70926e-05,13467
7574.83,0.00170971,1.70971e-05,13468
7573.84,0.00171016,1.71016e-05,13469
7572.85,0.00171061,1.71061e-05,13470
7571.86,0.00171106,1.71106e-05,13471
7570.86,0.00171151,1.71151e-05,13472
7569.87,0.00171196,1.71196e-05,13473
7568.87,0.00171241,1.71241e-05,13474
7567.87,0.00171286,1.71286e-05,13475
7566.87,0.00171331,1.71331e-05,13476
7565.87,0.00171377,1.71377e-05,13477
7564.86,0.00171422,1.71422e-05,13478
7563.86,0.00171468,1.71468e-05,13479
7562.85,0.00171513,1.71513e-05,13480
7561.85,0.00171559,1.71559e-05,13481
7560.84,0.00171605,1.71605e-05,13482
7559.83,0.0017165,1.7165e-05,13483
7558.82,0.00171696,1.71696e-05,13484
7557.81,0.00171742,1.71742e-05,13485
7556.8,0.00171788,1.71788e-05,13486
7555.78,0.00171834,1.71834e-05,13487
7554.77,0.00171881,1.71881e-05,13488
7553.75,0.00171927,1.71927e-05,13489
7552.73,0.00171973,1.71973e-05,13490
7551.71,0.0017202,1.7202e-05,13491
7550.69,0.00172066,1.72066e-05,13492
7549.67,0.00172113,1.72113e-05,13493
7548.65,0.00172159,1.72159e-05,13494
7547.63,0.00172206,1.72206e-05,13495
7546.6,0.00172253,1.72253e-05,13496
7545.57,0.001723,1.723e-05,13497
7544.54,0.00172347,1.72347e-05,13498
7543.52,0.00172394,1.72394e-05,13499
7542.49,0.00172441,1.72441e-05,13500
7541.45,0.00172488,1.72488e-05,13501
7540.42,0.00172535,1.72535e-05,13502
7539.39,0.00172583,1.72583e-05,13503
7538.35,0.0017263,1.7263e-05,13504
7537.31,0.00172678,1.72678e-05,13505
7536.27,0.00172725,1.72725e-05,13506
7535.23,0.00172773,1.72773e-05,13507
7534.19,0.00172821,1.72821e-05,13508
7533.15,0.00172868,1.72868e-05,13509
7532.11,0.00172916,1.72916e-05,13510
7531.06,0.00172964,1.72964e-05,13511
7530.02,0.00173012,1.73012e-05,13512
7528.97,0.0017306,1.7306e-05,13513
7527.92,0.00173109,1.73109e-05,13514
7526.87,0.00173157,1.73157e-05,13515
7525.82,0.00173205,1.73205e-05,13516
7524.77,0.00173254,1.73254e-05,13517
7523.72,0.00173302,1.73302e-05,13518
7522.66,0.00173351,1.73351e-05,13519
7521.61,0.001734,1.734e-05,13520
7520.55,0.00173448,1.73448e-05,13521
7519.49,0.00173497,1.73497e-05,13522
7518.43,0.00173546,1.73546e-05,13523
7517.37,0.00173595,1.73595e-05,13524
7516.31,0.00173644,1.73644e-05,13525
7515.24,0.00173693,1.73693e-05,13526
7514.18,0.00173743,1.73743e-05,13527
7513.11,0.00173792,1.73792e-05,13528
7512.04,0.00173841,1.73841e-05,13529
7510.97,0.00173891,1.73891e-05,13530
7509.9,0.0017394,1.7394e-05,13531
7508.83,0.0017399,1.7399e-05,13532
7507.76,0.0017404,1.7404e-05,13533
7506.69,0.00174089,1.74089e-05,13534
7505.61,0.00174139,1.74139e-05,13535
7504.53,0.00174189,1.74189e-05,13536
7503.46,0.00174239,1.74239e-05,13537
7502.38,0.0017429,1.74289e-05,13538
7501.3,0.0017434,1.7434e-05,13539
7500.21,0.0017439,1.7439e-05,13540
7499.13,0.0017444,1.7444e-05,13541
7498.05,0.00174491,1.74491e-05,13542
7496.96,0.00174541,1.74541e-05,13543
7495.88,0.00174592,1.74592e-05,13544
7494.79,0.00174643,1.74643e-05,13545
7493.7,0.00174693,1.74693e-05,13546
7492.61,0.00174744,1.74744e-05,13547
7491.52,0.00174795,1.74795e-05,13548
7490.42,0.00174846,1.74846e-05,13549
7489.33,0.00174897,1.74897e-05,13550
7488.23,0.00174949,1.74949e-05,13551
7487.14,0.00175,1.75e-05,13552
7486.04,0.00175051,1.75051e-05,13553
7484.94,0.00175103,1.75103e-05,13554
7483.84,0.00175154,1.75154e-05,13555
7482.74,0.00175206,1.75206e-05,13556
7481.63,0.00175257,1.75257e-05,13557
7480.53,0.00175309,1.75309e-05,13558
7479.42,0.00175361,1.75361e-05,13559
7478.31,0.00175413,1.75413e-05,13560
7477.21,0.00175465,1.75465e-05,13561
7476.1,0.00175517,1.75517e-05,13562
7474.98,0.00175569,1.75569e-05,13563
7473.87,0.00175622,1.75622e-05,13564
7472.76,0.00175674,1.75674e-05,13565
7471.64,0.00175726,1.75726e-05,13566
7470.53,0.00175779,1.75779e-05,13567
7469.41,0.00175831,1.75831e-05,13568
7468.29,0.00175884,1.75884e-05,13569
7467.17,0.00175937,1.75937e-05,13570
7466.05,0.0017599,1.7599e-05,13571
7464.93,0.00176043,1.76043e-05,13572
7463.8,0.00176096,1.76096e-05,13573
7462.67,0.00176149,1.76149e-05,13574
7461.55,0.00176202,1.76202e-05,13575
7460.42,0.00176255,1.76255e-05,13576
7459.29,0.00176309,1.76309e-05,13577
7458.16,0.00176362,1.76362e-05,13578
7457.03,0.00176416,1.76416e-05,13579
7455.9,0.00176469,1.76469e-05,13580
7454.76,0.00176523,1.76523e-05,13581
7453.63,0.00176577,1.76577e-05,13582
7452.49,0.00176631,1.76631e-05,13583
7451.35,0.00176685,1.76685e-05,13584
7450.21,0.00176739,1.76739e-05,13585
7449.07,0.00176793,1.76793e-05,13586
7447.93,0.00176847,1.76847e-05,13587
7446.78,0.00176901,1.76901e-05,13588
7445.64,0.00176956,1.76956e-05,13589
7444.49,0.0017701,1.7701e-05,13590
7443.35,0.00177065,1.77065e-05,13591
7442.2,0.0017712,1.7712e-05,13592
7441.05,0.00177174,1.77174e-05,13593
7439.9,0.00177229,1.77229e-05,13594
7438.74,0.00177284,1.77284e-05,13595
7437.59,0.00177339,1.77339e-05,13596
7436.44,0.00177394,1.77394e-05,13597
7435.28,0.00177449,1.77449e-05,13598
7434.12,0.00177505,1.77505e-05,13599
7432.96,0.0017756,1.7756e-05,13600
7431.8,0.00177616,1.77616e-05,13601
7430.64,0.00177671,1.77671e-05,13602
7429.48,0.00177727,1.77727e-05,13603
7428.31,0.00177782,1.77782e-05,13604
7427.15,0.00177838,1.77838e-05,13605
7425.98,0.00177894,1.77894e-05,13606
7424.81,0.0017795,1.7795e-05,13607
7423.64,0.00178006,1.78006e-05,13608
7422.47,0.00178062,1.78062e-05,13609
7421.3,0.00178119,1.78119e-05,13610
7420.13,0.00178175,1.78175e-05,13611
7418.95,0.00178231,1.78231e-05,13612
7417.78,0.00178288,1.78288e-05,13613
7416.6,0.00178344,1.78344e-05,13614
7415.42,0.00178401,1.78401e-05,13615
7414.24,0.00178458,1.78458e-05,13616
7413.06,0.00178515,1.78515e-05,13617
7411.88,0.00178572,1.78572e-05,13618
7410.69,0.00178629,1.78629e-05,13619
7409.51,0.00178686,1.78686e-05,13620
7408.32,0.00178743,1.78743e-05,13621
7407.13,0.00178801,1.78801e-05,13622
7405.94,0.00178858,1.78858e-05,13623
7404.75,0.00178915,1.78915e-05,13624
7403.56,0.00178973,1.78973e-05,13625
7402.37,0.00179031,1.79031e-05,13626
7401.17,0.00179088,1.79088e-05,13627
7399.98,0.00179146,1.79146e-05,13628
7398.78,0.00179204,1.79204e-05,13629
7397.58,0.00179262,1.79262e-05,13630
7396.39,0.00179321,1.79321e-05,13631
7395.18,0.00179379,1.79379e-05,13632
7393.98,0.00179437,1.79437e-05,13633
7392.78,0.00179496,1.79496e-05,13634
7391.57,0.00179554,1.79554e-05,13635
7390.37,0.00179613,1.79613e-05,13636
7389.16,0.00179671,1.79671e-05,13637
7387.95,0.0017973,1.7973e-05,13638
7386.74,0.00179789,1.79789e-05,13639
7385.53,0.00179848,1.79848e-05,13640
7384.32,0.00179907,1.79907e-05,13641
7383.1,0.00179966,1.79966e-05,13642
7381.89,0.00180026,1.80026e-05,13643
7380.67,0.00180085,1.80085e-05,13644
7379.45,0.00180144,1.80144e-05,13645
7378.23,0.00180204,1.80204e-05,13646
7377.01,0.00180264,1.80264e-05,13647
7375.79,0.00180323,1.80323e-05,13648
7374.57,0.00180383,1.80383e-05,13649
7373.34,0.00180443,1.80443e-05,13650
7372.12,0.00180503,1.80503e-05,13651
7370.89,0.00180563,1.80563e-05,13652
7369.66,0.00180623,1.80623e-05,13653
7368.43,0.00180684,1.80684e-05,13654
7367.2,0.00180744,1.80744e-05,13655
7365.97,0.00180805,1.80805e-05,13656
7364.74,0.00180865,1.80865e-05,13657
7363.5,0.00180926,1.80926e-05,13658
7362.26,0.00180987,1.80987e-05,13659
7361.03,0.00181047,1.81047e-05,13660
7359.79,0.00181108,1.81108e-05,13661
7358.55,0.00181169,1.81169e-05,13662
7357.31,0.00181231,1.81231e-05,13663
7356.06,0.00181292,1.81292e-05,13664
7354.82,0.00181353,1.81353e-05,13665
7353.57,0.00181415,1.81415e-05,13666
7352.32,0.00181476,1.81476e-05,13667
7351.08,0.00181538,1.81538e-05,13668
7349.83,0.00181599,1.816e-05,13669
7348.58,0.00181661,1.81661e-05,13670
7347.32,0.00181723,1.81723e-05,13671
7346.07,0.00181785,1.81785e-05,13672
7344.82,0.00181847,1.81847e-05,13673
7343.56,0.0018191,1.8191e-05,13674
7342.3,0.00181972,1.81972e-05,13675
7341.04,0.00182034,1.82034e-05,13676
7339.78,0.00182097,1.82097e-05,13677
7338.52,0.00182159,1.82159e-05,13678
7337.26,0.00182222,1.82222e-05,13679
7336,0.00182285,1.82285e-05,13680
7334.73,0.00182348,1.82348e-05,13681
7333.46,0.00182411,1.82411e-05,13682
7332.19,0.00182474,1.82474e-05,13683
7330.93,0.00182537,1.82537e-05,13684
7329.65,0.00182601,1.82601e-05,13685
7328.38,0.00182664,1.82664e-05,13686
7327.11,0.00182727,1.82727e-05,13687
7325.83,0.00182791,1.82791e-05,13688
7324.56,0.00182855,1.82855e-05,13689
7323.28,0.00182919,1.82919e-05,13690
7322,0.00182982,1.82982e-05,13691
7320.72,0.00183046,1.83046e-05,13692
7319.44,0.0018311,1.8311e-05,13693
7318.16,0.00183175,1.83175e-05,13694
7316.87,0.00183239,1.83239e-05,13695
7315.59,0.00183303,1.83303e-05,13696
7314.3,0.00183368,1.83368e-05,13697
7313.01,0.00183433,1.83433e-05,13698
7311.72,0.00183497,1.83497e-05,13699
7310.43,0.00183562,1.83562e-05,13700
7309.14,0.00183627,1.83627e-05,13701
7307.85,0.00183692,1.83692e-05,13702
7306.55,0.00183757,1.83757e-05,13703
7305.26,0.00183822,1.83822e-05,13704
7303.96,0.00183888,1.83888e-05,13705
7302.66,0.00183953,1.83953e-05,13706
7301.36,0.00184018,1.84019e-05,13707
7300.06,0.00184084,1.84084e-05,13708
7298.76,0.0018415,1.8415e-05,13709
7297.45,0.00184216,1.84216e-05,13710
7296.15,0.00184282,1.84282e-05,13711
7294.84,0.00184348,1.84348e-05,13712
7293.53,0.00184414,1.84414e-05,13713
7292.22,0.0018448,1.8448e-05,13714
7290.91,0.00184546,1.84546e-05,13715
7289.6,0.00184613,1.84613e-05,13716
7288.28,0.00184679,1.84679e-05,13717
7286.97,0.00184746,1.84746e-05,13718
7285.65,0.00184813,1.84813e-05,13719
7284.34,0.0018488,1.8488e-05,13720
7283.02,0.00184947,1.84947e-05,13721
7281.7,0.00185014,1.85014e-05,13722
7280.37,0.00185081,1.85081e-05,13723
7279.05,0.00185148,1.85148e-05,13724
7277.73,0.00185216,1.85216e-05,13725
7276.4,0.00185283,1.85283e-05,13726
7275.08,0.00185351,1.85351e-05,13727
7273.75,0.00185418,1.85418e-05,13728
7272.42,0.00185486,1.85486e-05,13729
7271.09,0.00185554,1.85554e-05,13730
7269.75,0.00185622,1.85622e-05,13731
7268.42,0.0018569,1.8569e-05,13732
7267.08,0.00185758,1.85758e-05,13733
7265.75,0.00185827,1.85827e-05,13734
7264.41,0.00185895,1.85895e-05,13735
7263.07,0.00185964,1.85964e-05,13736
7261.73,0.00186032,1.86032e-05,13737
7260.39,0.00186101,1.86101e-05,13738
7259.05,0.0018617,1.8617e-05,13739
7257.7,0.00186239,1.86239e-05,13740
7256.36,0.00186308,1.86308e-05,13741
7255.01,0.00186377,1.86377e-05,13742
7253.66,0.00186447,1.86447e-05,13743
7252.31,0.00186516,1.86516e-05,13744
7250.96,0.00186586,1.86586e-05,13745
7249.6,0.00186655,1.86655e-05,13746
7248.25,0.00186725,1.86725e-05,13747
7246.9,0.00186795,1.86795e-05,13748
7245.54,0.00186865,1.86865e-05,13749
7244.18,0.00186935,1.86935e-05,13750
7242.82,0.00187005,1.87005e-05,13751
7241.46,0.00187075,1.87075e-05,13752
7240.1,0.00187146,1.87146e-05,13753
7238.73,0.00187216,1.87216e-05,13754
7237.37,0.00187287,1.87287e-05,13755
7236,0.00187358,1.87358e-05,13756
7234.64,0.00187429,1.87429e-05,13757
7233.27,0.00187499,1.87499e-05,13758
7231.9,0.0018757,1.8757e-05,13759
7230.53,0.00187642,1.87642e-05,13760
7229.15,0.00187713,1.87713e-05,13761
7227.78,0.00187784,1.87784e-05,13762
7226.4,0.00187856,1.87856e-05,13763
7225.03,0.00187927,1.87927e-05,13764
7223.65,0.00187999,1.87999e-05,13765
7222.27,0.00188071,1.88071e-05,13766
7220.89,0.00188143,1.88143e-05,13767
7219.5,0.00188215,1.88215e-05,13768
7218.12,0.00188287,1.88287e-05,13769
7216.73,0.0018836,1.8836e-05,13770
7215.35,0.00188432,1.88432e-05,13771
7213.96,0.00188504,1.88504e-05,13772
7212.57,0.00188577,1.88577e-05,13773
7211.18,0.0018865,1.8865e-05,13774
7209.79,0.00188723,1.88723e-05,13775
7208.4,0.00188796,1.88796e-05,13776
7207,0.00188869,1.88869e-05,13777
7205.6,0.00188942,1.88942e-05,13778
7204.21,0.00189015,1.89015e-05,13779
7202.81,0.00189089,1.89089e-05,13780
7201.41,0.00189162,1.89162e-05,13781
7200,0.00189236,1.89236e-05,13782
7198.6,0.0018931,1.8931e-05,13783
7197.2,0.00189384,1.89384e-05,13784
7195.79,0.00189458,1.89458e-05,13785
7194.38,0.00189532,1.89532e-05,13786
7192.98,0.00189606,1.89606e-05,13787
7191.57,0.0018968,1.8968e-05,13788
7190.16,0.00189755,1.89755e-05,13789
7188.74,0.00189829,1.89829e-05,13790
7187.33,0.00189904,1.89904e-05,13791
7185.91,0.00189979,1.89979e-05,13792
7184.5,0.00190054,1.90054e-05,13793
7183.08,0.00190129,1.90129e-05,13794
7181.66,0.00190204,1.90204e-05,13795
7180.24,0.00190279,1.90279e-05,13796
7178.82,0.00190355,1.90355e-05,13797
7177.39,0.0019043,1.9043e-05,13798
7175.97,0.00190506,1.90506e-05,13799
7174.54,0.00190582,1.90582e-05,13800
7173.11,0.00190657,1.90657e-05,13801
7171.68,0.00190733,1.90733e-05,13802
7170.25,0.0019081,1.9081e-05,13803
7168.82,0.00190886,1.90886e-05,13804
7167.39,0.00190962,1.90962e-05,13805
7165.95,0.00191039,1.91039e-05,13806
7164.52,0.00191115,1.91115e-05,13807
7163.08,0.00191192,1.91192e-05,13808
7161.64,0.00191269,1.91269e-05,13809
7160.2,0.00191346,1.91346e-05,13810
7158.76,0.00191423,1.91423e-05,13811
7157.32,0.001915,1.915e-05,13812
7155.87,0.00191577,1.91577e-05,13813
7154.43,0.00191655,1.91655e-05,13814
7152.98,0.00191732,1.91732e-05,13815
7151.53,0.0019181,1.9181e-05,13816
7150.08,0.00191888,1.91888e-05,13817
7148.63,0.00191965,1.91965e-05,13818
7147.18,0.00192044,1.92044e-05,13819
7145.73,0.00192122,1.92122e-05,13820
7144.27,0.001922,1.922e-05,13821
7142.81,0.00192278,1.92278e-05,13822
7141.35,0.00192357,1.92357e-05,13823
7139.9,0.00192436,1.92436e-05,13824
7138.43,0.00192514,1.92514e-05,13825
7136.97,0.00192593,1.92593e-05,13826
7135.51,0.00192672,1.92672e-05,13827
7134.04,0.00192751,1.92751e-05,13828
7132.58,0.00192831,1.92831e-05,13829
7131.11,0.0019291,1.9291e-05,13830
7129.64,0.0019299,1.9299e-05,13831
7128.17,0.00193069,1.93069e-05,13832
7126.69,0.00193149,1.93149e-05,13833
7125.22,0.00193229,1.93229e-05,13834
7123.75,0.00193309,1.93309e-05,13835
7122.27,0.00193389,1.93389e-05,13836
7120.79,0.00193469,1.93469e-05,13837
7119.32,0.0019355,1.9355e-05,13838
7117.84,0.0019363,1.9363e-05,13839
7116.35,0.00193711,1.93711e-05,13840
7114.87,0.00193792,1.93792e-05,13841
7113.39,0.00193872,1.93872e-05,13842
7111.9,0.00193953,1.93953e-05,13843
7110.41,0.00194035,1.94035e-05,13844
7108.93,0.00194116,1.94116e-05,13845
7107.44,0.00194197,1.94197e-05,13846
7105.94,0.00194279,1.94279e-05,13847
7104.45,0.0019436,1.9436e-05,13848
7102.96,0.00194442,1.94442e-05,13849
7101.46,0.00194524,1.94524e-05,13850
7099.96,0.00194606,1.94606e-05,13851
7098.47,0.00194688,1.94688e-05,13852
7096.97,0.00194771,1.94771e-05,13853
7095.47,0.00194853,1.94853e-05,13854
7093.96,0.00194936,1.94936e-05,13855
7092.46,0.00195018,1.95018e-05,13856
7090.95,0.00195101,1.95101e-05,13857
7089.45,0.00195184,1.95184e-05,13858
7087.94,0.00195267,1.95267e-05,13859
7086.43,0.0019535,1.9535e-05,13860
7084.92,0.00195434,1.95434e-05,13861
7083.41,0.00195517,1.95517e-05,13862
7081.89,0.00195601,1.95601e-05,13863
7080.38,0.00195684,1.95684e-05,13864
7078.86,0.00195768,1.95768e-05,13865
7077.34,0.00195852,1.95852e-05,13866
7075.82,0.00195936,1.95936e-05,13867
7074.3,0.00196021,1.96021e-05,13868
7072.78,0.00196105,1.96105e-05,13869
7071.26,0.0019619,1.9619e-05,13870
7069.73,0.00196274,1.96274e-05,13871
7068.2,0.00196359,1.96359e-05,13872
7066.68,0.00196444,1.96444e-05,13873
7065.15,0.00196529,1.96529e-05,13874
7063.62,0.00196614,1.96614e-05,13875
7062.09,0.00196699,1.96699e-05,13876
7060.55,0.00196785,1.96785e-05,13877
7059.02,0.0019687,1.9687e-05,13878
7057.48,0.00196956,1.96956e-05,13879
7055.94,0.00197042,1.97042e-05,13880
7054.4,0.00197128,1.97128e-05,13881
7052.86,0.00197214,1.97214e-05,13882
7051.32,0.001973,1.973e-05,13883
7049.78,0.00197387,1.97387e-05,13884
7048.23,0.00197473,1.97473e-05,13885
7046.69,0.0019756,1.9756e-05,13886
7045.14,0.00197647,1.97647e-05,13887
7043.59,0.00197734,1.97734e-05,13888
7042.04,0.00197821,1.97821e-05,13889
7040.49,0.00197908,1.97908e-05,13890
7038.93,0.00197995,1.97995e-05,13891
7037.38,0.00198083,1.98083e-05,13892
7035.82,0.00198171,1.98171e-05,13893
7034.26,0.00198258,1.98258e-05,13894
7032.7,0.00198346,1.98346e-05,13895
7031.14,0.00198434,1.98434e-05,13896
7029.58,0.00198523,1.98523e-05,13897
7028.02,0.00198611,1.98611e-05,13898
7026.45,0.001987,1.987e-05,13899
7024.89,0.00198788,1.98788e-05,13900
7023.32,0.00198877,1.98877e-05,13901
7021.75,0.00198966,1.98966e-05,13902
7020.18,0.00199055,1.99055e-05,13903
7018.61,0.00199144,1.99144e-05,13904
7017.03,0.00199233,1.99233e-05,13905
7015.46,0.00199323,1.99323e-05,13906
7013.88,0.00199412,1.99412e-05,13907
7012.3,0.00199502,1.99502e-05,13908
7010.73,0.00199592,1.99592e-05,13909
7009.14,0.00199682,1.99682e-05,13910
7007.56,0.00199772,1.99772e-05,13911
7005.98,0.00199862,1.99862e-05,13912
7004.4,0.00199953,1.99953e-05,13913
7002.81,0.00200043,2.00043e-05,13914
7001.22,0.00200134,2.00134e-05,13915
6999.63,0.00200225,2.00225e-05,13916
6998.04,0.00200316,2.00316e-05,13917
6996.45,0.00200407,2.00407e-05,13918
6994.86,0.00200499,2.00499e-05,13919
6993.26,0.0020059,2.0059e-05,13920
6991.66,0.00200682,2.00682e-05,13921
6990.07,0.00200774,2.00774e-05,13922
6988.47,0.00200865,2.00865e-05,13923
6986.87,0.00200957,2.00957e-05,13924
6985.26,0.0020105,2.0105e-05,13925
6983.66,0.00201142,2.01142e-05,13926
6982.06,0.00201234,2.01234e-05,13927
6980.45,0.00201327,2.01327e-05,13928
6978.84,0.0020142,2.0142e-05,13929
6977.23,0.00201513,2.01513e-05,13930
6975.62,0.00201606,2.01606e-05,13931
6974.01,0.00201699,2.01699e-05,13932
6972.4,0.00201792,2.01792e-05,13933
6970.78,0.00201886,2.01886e-05,13934
6969.17,0.00201979,2.01979e-05,13935
6967.55,0.00202073,2.02073e-05,13936
6965.93,0.00202167,2.02167e-05,13937
6964.31,0.00202261,2.02261e-05,13938
6962.69,0.00202356,2.02356e-05,13939
6961.06,0.0020245,2.0245e-05,13940
6959.44,0.00202545,2.02545e-05,13941
6957.81,0.00202639,2.02639e-05,13942
6956.18,0.00202734,2.02734e-05,13943
6954.55,0.00202829,2.02829e-05,13944
6952.92,0.00202924,2.02924e-05,13945
6951.29,0.0020302,2.0302e-05,13946
6949.66,0.00203115,2.03115e-05,13947
6948.02,0.00203211,2.03211e-05,13948
6946.39,0.00203307,2.03307e-05,13949
6944.75,0.00203402,2.03402e-05,13950
6943.11,0.00203499,2.03499e-05,13951
6941.47,0.00203595,2.03595e-05,13952
6939.82,0.00203691,2.03691e-05,13953
6938.18,0.00203788,2.03788e-05,13954
6936.53,0.00203884,2.03884e-05,13955
6934.89,0.00203981,2.03981e-05,13956
6933.24,0.00204078,2.04078e-05,13957
6931.59,0.00204175,2.04175e-05,13958
6929.94,0.00204273,2.04273e-05,13959
6928.29,0.0020437,2.0437e-05,13960
6926.63,0.00204468,2.04468e-05,13961
6924.98,0.00204566,2.04566e-05,13962
6923.32,0.00204663,2.04663e-05,13963
6921.66,0.00204762,2.04762e-05,13964
6920,0.0020486,2.0486e-05,13965
6918.34,0.00204958,2.04958e-05,13966
6916.68,0.00205057,2.05057e-05,13967
6915.01,0.00205155,2.05155e-05,13968
6913.35,0.00205254,2.05254e-05,13969
6911.68,0.00205353,2.05353e-05,13970
6910.01,0.00205453,2.05453e-05,13971
6908.34,0.00205552,2.05552e-05,13972
6906.67,0.00205651,2.05651e-05,13973
6905,0.00205751,2.05751e-05,13974
6903.32,0.00205851,2.05851e-05,13975
6901.65,0.00205951,2.05951e-05,13976
6899.97,0.00206051,2.06051e-05,13977
6898.29,0.00206151,2.06151e-05,13978
6896.61,0.00206252,2.06252e-05,13979
6894.93,0.00206352,2.06352e-05,13980
6893.24,0.00206453,2.06453e-05,13981
6891.56,0.00206554,2.06554e-05,13982
6889.87,0.00206655,2.06655e-05,13983
6888.18,0.00206757,2.06757e-05,13984
6886.5,0.00206858,2.06858e-05,13985
6884.81,0.0020696,2.0696e-05,13986
6883.11,0.00207061,2.07061e-05,13987
6881.42,0.00207163,2.07163e-05,13988
6879.73,0.00207265,2.07265e-05,13989
6878.03,0.00207368,2.07368e-05,13990
6876.33,0.0020747,2.0747e-05,13991
6874.63,0.00207573,2.07573e-05,13992
6872.93,0.00207675,2.07675e-05,13993
6871.23,0.00207778,2.07778e-05,13994
6869.52,0.00207881,2.07881e-05,13995
6867.82,0.00207985,2.07985e-05,13996
6866.11,0.00208088,2.08088e-05,13997
6864.4,0.00208192,2.08192e-05,13998
6862.69,0.00208296,2.08296e-05,13999
6860.98,0.00208399,2.08399e-05,14000
6859.27,0.00208504,2.08504e-05,14001
6857.55,0.00208608,2.08608e-05,14002
6855.84,0.00208712,2.08712e-05,14003
6854.12,0.00208817,2.08817e-05,14004
6852.4,0.00208922,2.08922e-05,14005
6850.68,0.00209026,2.09026e-05,14006
6848.96,0.00209132,2.09132e-05,14007
6847.24,0.00209237,2.09237e-05,14008
6845.51,0.00209342,2.09342e-05,14009
6843.79,0.00209448,2.09448e-05,14010
6842.06,0.00209554,2.09554e-05,14011
6840.33,0.0020966,2.0966e-05,14012
6838.6,0.00209766,2.09766e-05,14013
6836.87,0.00209872,2.09872e-05,14014
6835.13,0.00209979,2.09979e-05,14015
6833.4,0.00210085,2.10085e-05,14016
6831.66,0.00210192,2.10192e-05,14017
6829.92,0.00210299,2.10299e-05,14018
6828.19,0.00210406,2.10406e-05,14019
6826.45,0.00210513,2.10513e-05,14020
6824.7,0.00210621,2.10621e-05,14021
6822.96,0.00210729,2.10729e-05,14022
6821.21,0.00210837,2.10837e-05,14023
6819.47,0.00210945,2.10945e-05,14024
6817.72,0.00211053,2.11053e-05,14025
6815.97,0.00211161,2.11161e-05,14026
6814.22,0.0021127,2.1127e-05,14027
6812.46,0.00211378,2.11378e-05,14028
6810.71,0.00211487,2.11487e-05,14029
6808.95,0.00211596,2.11596e-05,14030
6807.2,0.00211706,2.11706e-05,14031
6805.44,0.00211815,2.11815e-05,14032
6803.68,0.00211925,2.11925e-05,14033
6801.91,0.00212035,2.12035e-05,14034
6800.15,0.00212145,2.12145e-05,14035
6798.39,0.00212255,2.12255e-05,14036
6796.62,0.00212365,2.12365e-05,14037
6794.85,0.00212476,2.12476e-05,14038
6793.08,0.00212586,2.12586e-05,14039
6791.31,0.00212697,2.12697e-05,14040
6789.54,0.00212808,2.12808e-05,14041
6787.77,0.00212919,2.12919e-05,14042
6785.99,0.00213031,2.13031e-05,14043
6784.21,0.00213142,2.13142e-05,14044
6782.44,0.00213254,2.13254e-05,14045
6780.66,0.00213366,2.13366e-05,14046
6778.87,0.00213478,2.13478e-05,14047
6777.09,0.00213591,2.13591e-05,14048
6775.31,0.00213703,2.13703e-05,14049
6773.52,0.00213816,2.13816e-05,14050
6771.73,0.00213929,2.13929e-05,14051
6769.94,0.00214042,2.14042e-05,14052
6768.15,0.00214155,2.14155e-05,14053
6766.36,0.00214269,2.14269e-05,14054
6764.57,0.00214382,2.14382e-05,14055
6762.77,0.00214496,2.14496e-05,14056
6760.98,0.0021461,2.1461e-05,14057
6759.18,0.00214724,2.14724e-05,14058
6757.38,0.00214839,2.14839e-05,14059
6755.58,0.00214953,2.14953e-05,14060
6753.78,0.00215068,2.15068e-05,14061
6751.97,0.00215183,2.15183e-05,14062
6750.17,0.00215298,2.15298e-05,14063
6748.36,0.00215413,2.15413e-05,14064
6746.55,0.00215529,2.15529e-05,14065
6744.74,0.00215645,2.15645e-05,14066
6742.93,0.00215761,2.1576e-05,14067
6741.12,0.00215877,2.15877e-05,14068
6739.3,0.00215993,2.15993e-05,14069
6737.49,0.00216109,2.16109e-05,14070
6735.67,0.00216226,2.16226e-05,14071
6733.85,0.00216343,2.16343e-05,14072
6732.03,0.0021646,2.1646e-05,14073
6730.21,0.00216577,2.16577e-05,14074
6728.38,0.00216694,2.16694e-05,14075
6726.56,0.00216812,2.16812e-05,14076
6724.73,0.0021693,2.1693e-05,14077
6722.9,0.00217048,2.17048e-05,14078
6721.07,0.00217166,2.17166e-05,14079
6719.24,0.00217285,2.17285e-05,14080
6717.41,0.00217403,2.17403e-05,14081
6715.57,0.00217522,2.17522e-05,14082
6713.74,0.00217641,2.17641e-05,14083
6711.9,0.0021776,2.1776e-05,14084
6710.06,0.00217879,2.17879e-05,14085
6708.22,0.00217999,2.17999e-05,14086
6706.38,0.00218119,2.18119e-05,14087
6704.53,0.00218239,2.18239e-05,14088
6702.69,0.00218359,2.18359e-05,14089
6700.84,0.00218479,2.18479e-05,14090
6698.99,0.002186,2.186e-05,14091
6697.14,0.00218721,2.18721e-05,14092
6695.29,0.00218842,2.18842e-05,14093
6693.44,0.00218963,2.18963e-05,14094
6691.58,0.00219084,2.19084e-05,14095
6689.73,0.00219206,2.19206e-05,14096
6687.87,0.00219328,2.19328e-05,14097
6686.01,0.0021945,2.1945e-05,14098
6684.15,0.00219572,2.19572e-05,14099
6682.29,0.00219694,2.19694e-05,14100
6680.42,0.00219817,2.19817e-05,14101
6678.56,0.0021994,2.1994e-05,14102
6676.69,0.00220063,2.20063e-05,14103
6674.82,0.00220186,2.20186e-05,14104
6672.95,0.00220309,2.20309e-05,14105
6671.08,0.00220433,2.20433e-05,14106
6669.21,0.00220557,2.20557e-05,14107
6667.34,0.00220681,2.20681e-05,14108
6665.46,0.00220805,2.20805e-05,14109
6663.58,0.00220929,2.20929e-05,14110
6661.7,0.00221054,2.21054e-05,14111
6659.82,0.00221179,2.21179e-05,14112
6657.94,0.00221304,2.21304e-05,14113
6656.06,0.00221429,2.21429e-05,14114
6654.17,0.00221555,2.21555e-05,14115
6652.28,0.0022168,2.21681e-05,14116
6650.39,0.00221806,2.21806e-05,14117
6648.5,0.00221933,2.21933e-05,14118
6646.61,0.00222059,2.22059e-05,14119
6644.72,0.00222185,2.22185e-05,14120
6642.83,0.00222312,2.22312e-05,14121
6640.93,0.00222439,2.22439e-05,14122
6639.03,0.00222566,2.22566e-05,14123
6637.13,0.00222694,2.22694e-05,14124
6635.23,0.00222821,2.22821e-05,14125
6633.33,0.00222949,2.22949e-05,14126
6631.43,0.00223077,2.23077e-05,14127
6629.52,0.00223205,2.23205e-05,14128
6627.61,0.00223334,2.23334e-05,14129
6625.7,0.00223463,2.23463e-05,14130
6623.79,0.00223592,2.23592e-05,14131
6621.88,0.00223721,2.23721e-05,14132
6619.97,0.0022385,2.2385e-05,14133
6618.05,0.0022398,2.2398e-05,14134
6616.14,0.00224109,2.24109e-05,14135
6614.22,0.00224239,2.24239e-05,14136
6612.3,0.0022437,2.2437e-05,14137
6610.38,0.002245,2.245e-05,14138
6608.46,0.00224631,2.24631e-05,14139
6606.53,0.00224761,2.24761e-05,14140
6604.61,0.00224893,2.24893e-05,14141
6602.68,0.00225024,2.25024e-05,14142
6600.75,0.00225155,2.25155e-05,14143
6598.82,0.00225287,2.25287e-05,14144
6596.89,0.00225419,2.25419e-05,14145
6594.95,0.00225551,2.25551e-05,14146
6593.02,0.00225684,2.25684e-05,14147
6591.08,0.00225816,2.25816e-05,14148
6589.14,0.00225949,2.25949e-05,14149
6587.2,0.00226082,2.26082e-05,14150
6585.26,0.00226216,2.26216e-05,14151
6583.32,0.00226349,2.26349e-05,14152
6581.37,0.00226483,2.26483e-05,14153
6579.43,0.00226617,2.26617e-05,14154
6577.48,0.00226751,2.26751e-05,14155
6575.53,0.00226886,2.26886e-05,14156
6573.58,0.00227021,2.27021e-05,14157
6571.63,0.00227155,2.27155e-05,14158
6569.67,0.00227291,2.27291e-05,14159
6567.72,0.00227426,2.27426e-05,14160
6565.76,0.00227562,2.27562e-05,14161
6563.8,0.00227697,2.27697e-05,14162
6561.84,0.00227834,2.27834e-05,14163
6559.88,0.0022797,2.2797e-05,14164
6557.92,0.00228106,2.28106e-05,14165
6555.95,0.00228243,2.28243e-05,14166
6553.98,0.0022838,2.2838e-05,14167
6552.01,0.00228517,2.28517e-05,14168
6550.04,0.00228655,2.28655e-05,14169
6548.07,0.00228793,2.28793e-05,14170
6546.1,0.00228931,2.28931e-05,14171
6544.12,0.00229069,2.29069e-05,14172
6542.15,0.00229207,2.29207e-05,14173
6540.17,0.00229346,2.29346e-05,14174
6538.19,0.00229485,2.29485e-05,14175
6536.21,0.00229624,2.29624e-05,14176
6534.23,0.00229763,2.29763e-05,14177
6532.24,0.00229903,2.29903e-05,14178
6530.26,0.00230043,2.30043e-05,14179
6528.27,0.00230183,2.30183e-05,14180
6526.28,0.00230323,2.30323e-05,14181
6524.29,0.00230464,2.30464e-05,14182
6522.3,0.00230604,2.30605e-05,14183
6520.3,0.00230746,2.30746e-05,14184
6518.31,0.00230887,2.30887e-05,14185
6516.31,0.00231028,2.31028e-05,14186
6514.31,0.0023117,2.3117e-05,14187
6512.31,0.00231312,2.31312e-05,14188
6510.31,0.00231455,2.31455e-05,14189
6508.31,0.00231597,2.31597e-05,14190
6506.3,0.0023174,2.3174e-05,14191
6504.29,0.00231883,2.31883e-05,14192
6502.29,0.00232026,2.32026e-05,14193
6500.28,0.0023217,2.3217e-05,14194
6498.26,0.00232313,2.32313e-05,14195
6496.25,0.00232457,2.32457e-05,14196
6494.24,0.00232602,2.32602e-05,14197
6492.22,0.00232746,2.32746e-05,14198
6490.2,0.00232891,2.32891e-05,14199
6488.18,0.00233036,2.33036e-05,14200
6486.16,0.00233181,2.33181e-05,14201
6484.14,0.00233327,2.33327e-05,14202
6482.11,0.00233472,2.33472e-05,14203
6480.09,0.00233618,2.33618e-05,14204
6478.06,0.00233765,2.33765e-05,14205
6476.03,0.00233911,2.33911e-05,14206
6474,0.00234058,2.34058e-05,14207
6471.97,0.00234205,2.34205e-05,14208
6469.93,0.00234352,2.34352e-05,14209
6467.9,0.002345,2.345e-05,14210
6465.86,0.00234648,2.34648e-05,14211
6463.82,0.00234796,2.34796e-05,14212
6461.78,0.00234944,2.34944e-05,14213
6459.74,0.00235093,2.35093e-05,14214
6457.69,0.00235242,2.35242e-05,14215
6455.65,0.00235391,2.35391e-05,14216
6453.6,0.0023554,2.3554e-05,14217
6451.55,0.0023569,2.3569e-05,14218
6449.5,0.0023584,2.3584e-05,14219
6447.45,0.0023599,2.3599e-05,14220
6445.4,0.0023614,2.3614e-05,14221
6443.34,0.00236291,2.36291e-05,14222
6441.29,0.00236442,2.36442e-05,14223
6439.23,0.00236593,2.36593e-05,14224
6437.17,0.00236744,2.36744e-05,14225
6435.1,0.00236896,2.36896e-05,14226
6433.04,0.00237048,2.37048e-05,14227
6430.98,0.002372,2.372e-05,14228
6428.91,0.00237353,2.37353e-05,14229
6426.84,0.00237506,2.37506e-05,14230
6424.77,0.00237659,2.37659e-05,14231
6422.7,0.00237812,2.37812e-05,14232
6420.63,0.00237966,2.37966e-05,14233
6418.55,0.0023812,2.3812e-05,14234
6416.47,0.00238274,2.38274e-05,14235
6414.4,0.00238428,2.38428e-05,14236
6412.32,0.00238583,2.38583e-05,14237
6410.24,0.00238738,2.38738e-05,14238
6408.15,0.00238893,2.38893e-05,14239
6406.07,0.00239048,2.39048e-05,14240
6403.98,0.00239204,2.39204e-05,14241
6401.89,0.0023936,2.3936e-05,14242
6399.8,0.00239517,2.39517e-05,14243
6397.71,0.00239673,2.39673e-05,14244
6395.62,0.0023983,2.3983e-05,14245
6393.52,0.00239987,2.39987e-05,14246
6391.43,0.00240145,2.40145e-05,14247
6389.33,0.00240303,2.40303e-05,14248
6387.23,0.00240461,2.40461e-05,14249
6385.13,0.00240619,2.40619e-05,14250
6383.03,0.00240777,2.40777e-05,14251
6380.92,0.00240936,2.40936e-05,14252
6378.82,0.00241095,2.41095e-05,14253
6376.71,0.00241255,2.41255e-05,14254
6374.6,0.00241415,2.41415e-05,14255
6372.49,0.00241574,2.41575e-05,14256
6370.37,0.00241735,2.41735e-05,14257
6368.26,0.00241895,2.41895e-05,14258
6366.14,0.00242056,2.42056e-05,14259
6364.03,0.00242217,2.42217e-05,14260
6361.91,0.00242379,2.42379e-05,14261
6359.79,0.0024254,2.4254e-05,14262
6357.66,0.00242702,2.42702e-05,14263
6355.54,0.00242865,2.42865e-05,14264
6353.41,0.00243027,2.43027e-05,14265
6351.28,0.0024319,2.4319e-05,14266
6349.15,0.00243353,2.43353e-05,14267
6347.02,0.00243517,2.43517e-05,14268
6344.89,0.0024368,2.4368e-05,14269
6342.76,0.00243844,2.43844e-05,14270
6340.62,0.00244009,2.44009e-05,14271
6338.48,0.00244173,2.44173e-05,14272
6336.34,0.00244338,2.44338e-05,14273
6334.2,0.00244503,2.44503e-05,14274
6332.06,0.00244669,2.44669e-05,14275
6329.92,0.00244835,2.44835e-05,14276
6327.77,0.00245001,2.45001e-05,14277
6325.62,0.00245167,2.45167e-05,14278
6323.47,0.00245334,2.45334e-05,14279
6321.32,0.00245501,2.45501e-05,14280
6319.17,0.00245668,2.45668e-05,14281
6317.01,0.00245836,2.45836e-05,14282
6314.86,0.00246004,2.46004e-05,14283
6312.7,0.00246172,2.46172e-05,14284
6310.54,0.00246341,2.46341e-05,14285
6308.38,0.0024651,2.4651e-05,14286
6306.21,0.00246679,2.46679e-05,14287
6304.05,0.00246848,2.46848e-05,14288
6301.88,0.00247018,2.47018e-05,14289
6299.72,0.00247188,2.47188e-05,14290
6297.55,0.00247358,2.47358e-05,14291
6295.37,0.00247529,2.47529e-05,14292
6293.2,0.002477,2.477e-05,14293
6291.03,0.00247871,2.47871e-05,14294
6288.85,0.00248043,2.48043e-05,14295
6286.67,0.00248215,2.48215e-05,14296
6284.49,0.00248387,2.48387e-05,14297
6282.31,0.0024856,2.4856e-05,14298
6280.13,0.00248732,2.48732e-05,14299
6277.94,0.00248906,2.48906e-05,14300
6275.75,0.00249079,2.49079e-05,14301
6273.57,0.00249253,2.49253e-05,14302
6271.38,0.00249427,2.49427e-05,14303
6269.18,0.00249601,2.49601e-05,14304
6266.99,0.00249776,2.49776e-05,14305
6264.8,0.00249951,2.49951e-05,14306
6262.6,0.00250127,2.50127e-05,14307
6260.4,0.00250302,2.50302e-05,14308
6258.2,0.00250478,2.50478e-05,14309
6256,0.00250655,2.50655e-05,14310
6253.79,0.00250831,2.50831e-05,14311
6251.59,0.00251008,2.51008e-05,14312
6249.38,0.00251186,2.51186e-05,14313
6247.17,0.00251363,2.51363e-05,14314
6244.96,0.00251541,2.51541e-05,14315
6242.75,0.0025172,2.5172e-05,14316
6240.54,0.00251898,2.51898e-05,14317
6238.32,0.00252077,2.52077e-05,14318
6236.1,0.00252256,2.52256e-05,14319
6233.89,0.00252436,2.52436e-05,14320
6231.66,0.00252616,2.52616e-05,14321
6229.44,0.00252796,2.52796e-05,14322
6227.22,0.00252977,2.52977e-05,14323
6224.99,0.00253158,2.53158e-05,14324
6222.76,0.00253339,2.53339e-05,14325
6220.54,0.00253521,2.53521e-05,14326
6218.31,0.00253703,2.53703e-05,14327
6216.07,0.00253885,2.53885e-05,14328
6213.84,0.00254068,2.54068e-05,14329
6211.6,0.00254251,2.54251e-05,14330
6209.36,0.00254434,2.54434e-05,14331
6207.12,0.00254617,2.54617e-05,14332
6204.88,0.00254801,2.54801e-05,14333
6202.64,0.00254986,2.54986e-05,14334
6200.4,0.0025517,2.5517e-05,14335
6198.15,0.00255355,2.55355e-05,14336
6195.9,0.00255541,2.55541e-05,14337
6193.65,0.00255726,2.55726e-05,14338
6191.4,0.00255912,2.55912e-05,14339
6189.15,0.00256099,2.56099e-05,14340
6186.89,0.00256286,2.56286e-05,14341
6184.63,0.00256473,2.56473e-05,14342
6182.37,0.0025666,2.5666e-05,14343
6180.11,0.00256848,2.56848e-05,14344
6177.85,0.00257036,2.57036e-05,14345
6175.59,0.00257224,2.57224e-05,14346
6173.32,0.00257413,2.57413e-05,14347
6171.06,0.00257603,2.57603e-05,14348
6168.79,0.00257792,2.57792e-05,14349
6166.52,0.00257982,2.57982e-05,14350
6164.24,0.00258172,2.58172e-05,14351
6161.97,0.00258363,2.58363e-05,14352
6159.69,0.00258554,2.58554e-05,14353
6157.41,0.00258745,2.58745e-05,14354
6155.13,0.00258937,2.58937e-05,14355
6152.85,0.00259129,2.59129e-05,14356
6150.57,0.00259321,2.59321e-05,14357
6148.29,0.00259514,2.59514e-05,14358
6146,0.00259707,2.59707e-05,14359
6143.71,0.00259901,2.59901e-05,14360
6141.42,0.00260095,2.60095e-05,14361
6139.13,0.00260289,2.60289e-05,14362
6136.84,0.00260483,2.60483e-05,14363
6134.54,0.00260678,2.60678e-05,14364
6132.24,0.00260874,2.60874e-05,14365
6129.95,0.00261069,2.61069e-05,14366
6127.64,0.00261265,2.61265e-05,14367
6125.34,0.00261462,2.61462e-05,14368
6123.04,0.00261659,2.61659e-05,14369
6120.73,0.00261856,2.61856e-05,14370
6118.42,0.00262053,2.62053e-05,14371
6116.12,0.00262251,2.62251e-05,14372
6113.8,0.0026245,2.6245e-05,14373
6111.49,0.00262648,2.62648e-05,14374
6109.18,0.00262847,2.62847e-05,14375
6106.86,0.00263047,2.63047e-05,14376
6104.54,0.00263247,2.63247e-05,14377
6102.22,0.00263447,2.63447e-05,14378
6099.9,0.00263647,2.63647e-05,14379
6097.58,0.00263848,2.63848e-05,14380
6095.25,0.0026405,2.6405e-05,14381
6092.92,0.00264251,2.64251e-05,14382
6090.6,0.00264454,2.64454e-05,14383
6088.27,0.00264656,2.64656e-05,14384
6085.93,0.00264859,2.64859e-05,14385
6083.6,0.00265062,2.65062e-05,14386
6081.26,0.00265266,2.65266e-05,14387
6078.93,0.0026547,2.6547e-05,14388
6076.59,0.00265674,2.65674e-05,14389
6074.24,0.00265879,2.65879e-05,14390
6071.9,0.00266084,2.66084e-05,14391
6069.56,0.0026629,2.6629e-05,14392
6067.21,0.00266496,2.66496e-05,14393
6064.86,0.00266703,2.66703e-05,14394
6062.51,0.00266909,2.66909e-05,14395
6060.16,0.00267117,2.67117e-05,14396
6057.81,0.00267324,2.67324e-05,14397
6055.45,0.00267532,2.67532e-05,14398
6053.09,0.00267741,2.67741e-05,14399
6050.73,0.00267949,2.67949e-05,14400
6048.37,0.00268159,2.68159e-05,14401
6046.01,0.00268368,2.68368e-05,14402
6043.65,0.00268578,2.68578e-05,14403
6041.28,0.00268789,2.68789e-05,14404
6038.91,0.00269,2.69e-05,14405
6036.54,0.00269211,2.69211e-05,14406
6034.17,0.00269423,2.69423e-05,14407
6031.8,0.00269635,2.69635e-05,14408
6029.42,0.00269847,2.69847e-05,14409
6027.04,0.0027006,2.7006e-05,14410
6024.67,0.00270273,2.70273e-05,14411
6022.28,0.00270487,2.70487e-05,14412
6019.9,0.00270701,2.70701e-05,14413
6017.52,0.00270916,2.70916e-05,14414
6015.13,0.00271131,2.71131e-05,14415
6012.74,0.00271346,2.71346e-05,14416
6010.35,0.00271562,2.71562e-05,14417
6007.96,0.00271778,2.71778e-05,14418
6005.57,0.00271995,2.71995e-05,14419
6003.17,0.00272212,2.72212e-05,14420
6000.78,0.00272429,2.72429e-05,14421
5998.38,0.00272647,2.72647e-05,14422
5995.98,0.00272866,2.72866e-05,14423
5993.58,0.00273084,2.73085e-05,14424
5991.17,0.00273304,2.73304e-05,14425
5988.77,0.00273523,2.73523e-05,14426
5986.36,0.00273743,2.73743e-05,14427
5983.95,0.00273964,2.73964e-05,14428
5981.54,0.00274185,2.74185e-05,14429
5979.12,0.00274406,2.74406e-05,14430
5976.71,0.00274628,2.74628e-05,14431
5974.29,0.0027485,2.7485e-05,14432
5971.87,0.00275073,2.75073e-05,14433
5969.45,0.00275296,2.75296e-05,14434
5967.03,0.0027552,2.7552e-05,14435
5964.6,0.00275744,2.75744e-05,14436
5962.18,0.00275968,2.75968e-05,14437
5959.75,0.00276193,2.76193e-05,14438
5957.32,0.00276419,2.76419e-05,14439
5954.89,0.00276644,2.76644e-05,14440
5952.46,0.00276871,2.76871e-05,14441
5950.02,0.00277097,2.77097e-05,14442
5947.58,0.00277324,2.77324e-05,14443
5945.14,0.00277552,2.77552e-05,14444
5942.7,0.0027778,2.7778e-05,14445
5940.26,0.00278008,2.78008e-05,14446
5937.82,0.00278237,2.78237e-05,14447
5935.37,0.00278467,2.78467e-05,14448
5932.92,0.00278697,2.78697e-05,14449
5930.47,0.00278927,2.78927e-05,14450
5928.02,0.00279158,2.79158e-05,14451
5925.57,0.00279389,2.79389e-05,14452
5923.11,0.00279621,2.79621e-05,14453
5920.65,0.00279853,2.79853e-05,14454
5918.19,0.00280086,2.80086e-05,14455
5915.73,0.00280319,2.80319e-05,14456
5913.27,0.00280552,2.80552e-05,14457
5910.8,0.00280786,2.80786e-05,14458
5908.34,0.00281021,2.81021e-05,14459
5905.87,0.00281256,2.81256e-05,14460
5903.4,0.00281491,2.81491e-05,14461
5900.93,0.00281727,2.81727e-05,14462
5898.45,0.00281963,2.81963e-05,14463
5895.98,0.002822,2.822e-05,14464
5893.5,0.00282438,2.82438e-05,14465
5891.02,0.00282676,2.82676e-05,14466
5888.54,0.00282914,2.82914e-05,14467
5886.05,0.00283153,2.83153e-05,14468
5883.57,0.00283392,2.83392e-05,14469
5881.08,0.00283632,2.83632e-05,14470
5878.59,0.00283872,2.83872e-05,14471
5876.1,0.00284113,2.84113e-05,14472
5873.61,0.00284354,2.84354e-05,14473
5871.11,0.00284595,2.84595e-05,14474
5868.62,0.00284838,2.84838e-05,14475
5866.12,0.0028508,2.8508e-05,14476
5863.62,0.00285324,2.85324e-05,14477
5861.12,0.00285567,2.85567e-05,14478
5858.61,0.00285811,2.85811e-05,14479
5856.11,0.00286056,2.86056e-05,14480
5853.6,0.00286301,2.86301e-05,14481
5851.09,0.00286547,2.86547e-05,14482
5848.58,0.00286793,2.86793e-05,14483
5846.06,0.0028704,2.8704e-05,14484
5843.55,0.00287287,2.87287e-05,14485
5841.03,0.00287535,2.87535e-05,14486
5838.51,0.00287783,2.87783e-05,14487
5835.99,0.00288031,2.88031e-05,14488
5833.47,0.00288281,2.88281e-05,14489
5830.94,0.0028853,2.8853e-05,14490
5828.42,0.0028878,2.8878e-05,14491
5825.89,0.00289031,2.89031e-05,14492
5823.36,0.00289282,2.89282e-05,14493
5820.83,0.00289534,2.89534e-05,14494
5818.29,0.00289787,2.89787e-05,14495
5815.75,0.00290039,2.90039e-05,14496
5813.22,0.00290293,2.90293e-05,14497
5810.68,0.00290546,2.90546e-05,14498
5808.13,0.00290801,2.90801e-05,14499
5805.59,0.00291056,2.91056e-05,14500
5803.05,0.00291311,2.91311e-05,14501
5800.5,0.00291567,2.91567e-05,14502
5797.95,0.00291823,2.91824e-05,14503
5795.4,0.00292081,2.92081e-05,14504
5792.84,0.00292338,2.92338e-05,14505
5790.29,0.00292596,2.92596e-05,14506
5787.73,0.00292855,2.92855e-05,14507
5785.17,0.00293114,2.93114e-05,14508
5782.61,0.00293374,2.93374e-05,14509
5780.05,0.00293634,2.93634e-05,14510
5777.48,0.00293895,2.93895e-05,14511
5774.92,0.00294156,2.94156e-05,14512
5772.35,0.00294418,2.94418e-05,14513
5769.78,0.0029468,2.9468e-05,14514
5767.21,0.00294943,2.94943e-05,14515
5764.63,0.00295207,2.95207e-05,14516
5762.05,0.00295471,2.95471e-05,14517
5759.48,0.00295735,2.95735e-05,14518
5756.9,0.00296,2.96e-05,14519
5754.31,0.00296266,2.96266e-05,14520
5751.73,0.00296532,2.96532e-05,14521
5749.14,0.00296799,2.96799e-05,14522
5746.56,0.00297067,2.97067e-05,14523
5743.97,0.00297334,2.97334e-05,14524
5741.37,0.00297603,2.97603e-05,14525
5738.78,0.00297872,2.97872e-05,14526
5736.19,0.00298142,2.98142e-05,14527
5733.59,0.00298412,2.98412e-05,14528
5730.99,0.00298683,2.98683e-05,14529
5728.39,0.00298954,2.98954e-05,14530
5725.78,0.00299226,2.99226e-05,14531
5723.18,0.00299498,2.99498e-05,14532
5720.57,0.00299771,2.99771e-05,14533
5717.96,0.00300045,3.00045e-05,14534
5715.35,0.00300319,3.00319e-05,14535
5712.74,0.00300594,3.00594e-05,14536
5710.12,0.0030087,3.0087e-05,14537
5707.5,0.00301146,3.01146e-05,14538
5704.89,0.00301422,3.01422e-05,14539
5702.26,0.00301699,3.01699e-05,14540
5699.64,0.00301977,3.01977e-05,14541
5697.02,0.00302255,3.02255e-05,14542
5694.39,0.00302534,3.02534e-05,14543
5691.76,0.00302814,3.02814e-05,14544
5689.13,0.00303094,3.03094e-05,14545
5686.5,0.00303375,3.03375e-05,14546
5683.86,0.00303656,3.03656e-05,14547
5681.23,0.00303938,3.03938e-05,14548
5678.59,0.0030422,3.0422e-05,14549
5675.95,0.00304503,3.04503e-05,14550
5673.31,0.00304787,3.04787e-05,14551
5670.66,0.00305071,3.05071e-05,14552
5668.02,0.00305356,3.05356e-05,14553
5665.37,0.00305642,3.05642e-05,14554
5662.72,0.00305928,3.05928e-05,14555
5660.06,0.00306215,3.06215e-05,14556
5657.41,0.00306502,3.06502e-05,14557
5654.75,0.0030679,3.0679e-05,14558
5652.09,0.00307079,3.07079e-05,14559
5649.43,0.00307368,3.07368e-05,14560
5646.77,0.00307658,3.07658e-05,14561
5644.11,0.00307949,3.07949e-05,14562
5641.44,0.0030824,3.0824e-05,14563
5638.77,0.00308532,3.08532e-05,14564
5636.1,0.00308824,3.08824e-05,14565
5633.43,0.00309117,3.09117e-05,14566
5630.76,0.00309411,3.09411e-05,14567
5628.08,0.00309705,3.09705e-05,14568
5625.4,0.0031,3.1e-05,14569
5622.72,0.00310296,3.10296e-05,14570
5620.04,0.00310592,3.10592e-05,14571
5617.36,0.00310889,3.10889e-05,14572
5614.67,0.00311186,3.11186e-05,14573
5611.98,0.00311485,3.11485e-05,14574
5609.29,0.00311783,3.11783e-05,14575
5606.6,0.00312083,3.12083e-05,14576
5603.9,0.00312383,3.12383e-05,14577
5601.21,0.00312684,3.12684e-05,14578
5598.51,0.00312985,3.12985e-05,14579
5595.81,0.00313287,3.13287e-05,14580
5593.11,0.0031359,3.1359e-05,14581
5590.4,0.00313894,3.13894e-05,14582
5587.7,0.00314198,3.14198e-05,14583
5584.99,0.00314503,3.14503e-05,14584
5582.28,0.00314808,3.14808e-05,14585
5579.57,0.00315114,3.15114e-05,14586
5576.85,0.00315421,3.15421e-05,14587
5574.14,0.00315728,3.15728e-05,14588
5571.42,0.00316037,3.16037e-05,14589
5568.7,0.00316345,3.16346e-05,14590
5565.98,0.00316655,3.16655e-05,14591
5563.25,0.00316965,3.16965e-05,14592
5560.52,0.00317276,3.17276e-05,14593
5557.8,0.00317588,3.17588e-05,14594
5555.07,0.003179,3.179e-05,14595
5552.33,0.00318213,3.18213e-05,14596
5549.6,0.00318527,3.18527e-05,14597
5546.86,0.00318841,3.18841e-05,14598
5544.12,0.00319156,3.19156e-05,14599
5541.38,0.00319472,3.19472e-05,14600
5538.64,0.00319788,3.19788e-05,14601
5535.9,0.00320106,3.20106e-05,14602
5533.15,0.00320423,3.20423e-05,14603
5530.4,0.00320742,3.20742e-05,14604
5527.65,0.00321061,3.21061e-05,14605
5524.9,0.00321381,3.21381e-05,14606
5522.14,0.00321702,3.21702e-05,14607
5519.38,0.00322024,3.22024e-05,14608
5516.63,0.00322346,3.22346e-05,14609
5513.86,0.00322669,3.22669e-05,14610
5511.1,0.00322992,3.22992e-05,14611
5508.34,0.00323317,3.23317e-05,14612
5505.57,0.00323642,3.23642e-05,14613
5502.8,0.00323968,3.23968e-05,14614
5500.03,0.00324294,3.24294e-05,14615
5497.25,0.00324622,3.24622e-05,14616
5494.48,0.0032495,3.2495e-05,14617
5491.7,0.00325278,3.25278e-05,14618
5488.92,0.00325608,3.25608e-05,14619
5486.14,0.00325938,3.25938e-05,14620
5483.36,0.00326269,3.26269e-05,14621
5480.57,0.00326601,3.26601e-05,14622
5477.78,0.00326933,3.26933e-05,14623
5474.99,0.00327267,3.27267e-05,14624
5472.2,0.00327601,3.27601e-05,14625
5469.41,0.00327936,3.27936e-05,14626
5466.61,0.00328271,3.28271e-05,14627
5463.81,0.00328607,3.28607e-05,14628
5461.01,0.00328945,3.28945e-05,14629
5458.21,0.00329282,3.29282e-05,14630
5455.41,0.00329621,3.29621e-05,14631
5452.6,0.0032996,3.2996e-05,14632
5449.79,0.00330301,3.30301e-05,14633
5446.98,0.00330642,3.30642e-05,14634
5444.17,0.00330983,3.30983e-05,14635
5441.35,0.00331326,3.31326e-05,14636
5438.54,0.00331669,3.31669e-05,14637
5435.72,0.00332013,3.32013e-05,14638
5432.9,0.00332358,3.32358e-05,14639
5430.07,0.00332704,3.32704e-05,14640
5427.25,0.0033305,3.3305e-05,14641
5424.42,0.00333398,3.33398e-05,14642
5421.59,0.00333746,3.33746e-05,14643
5418.76,0.00334095,3.34095e-05,14644
5415.92,0.00334444,3.34444e-05,14645
5413.09,0.00334795,3.34795e-05,14646
5410.25,0.00335146,3.35146e-05,14647
5407.41,0.00335498,3.35498e-05,14648
5404.57,0.00335851,3.35851e-05,14649
5401.72,0.00336205,3.36205e-05,14650
5398.88,0.0033656,3.3656e-05,14651
5396.03,0.00336915,3.36915e-05,14652
5393.18,0.00337271,3.37271e-05,14653
5390.33,0.00337628,3.37628e-05,14654
5387.47,0.00337986,3.37986e-05,14655
5384.61,0.00338345,3.38345e-05,14656
5381.76,0.00338705,3.38705e-05,14657
5378.89,0.00339065,3.39065e-05,14658
5376.03,0.00339426,3.39426e-05,14659
5373.17,0.00339788,3.39788e-05,14660
5370.3,0.00340151,3.40151e-05,14661
5367.43,0.00340515,3.40515e-05,14662
5364.56,0.0034088,3.4088e-05,14663
5361.68,0.00341245,3.41245e-05,14664
5358.81,0.00341612,3.41612e-05,14665
5355.93,0.00341979,3.41979e-05,14666
5353.05,0.00342347,3.42347e-05,14667
5350.17,0.00342716,3.42716e-05,14668
5347.28,0.00343086,3.43086e-05,14669
5344.39,0.00343457,3.43457e-05,14670
5341.5,0.00343828,3.43828e-05,14671
5338.61,0.00344201,3.44201e-05,14672
5335.72,0.00344574,3.44574e-05,14673
5332.82,0.00344949,3.44949e-05,14674
5329.93,0.00345324,3.45324e-05,14675
5327.03,0.003457,3.457e-05,14676
5324.13,0.00346077,3.46077e-05,14677
5321.22,0.00346455,3.46455e-05,14678
5318.32,0.00346833,3.46833e-05,14679
5315.41,0.00347213,3.47213e-05,14680
5312.5,0.00347593,3.47593e-05,14681
5309.58,0.00347975,3.47975e-05,14682
5306.67,0.00348357,3.48357e-05,14683
5303.75,0.00348741,3.48741e-05,14684
5300.83,0.00349125,3.49125e-05,14685
5297.91,0.0034951,3.4951e-05,14686
5294.99,0.00349896,3.49896e-05,14687
5292.06,0.00350283,3.50283e-05,14688
5289.14,0.00350671,3.50671e-05,14689
5286.21,0.0035106,3.5106e-05,14690
5283.27,0.00351449,3.51449e-05,14691
5280.34,0.0035184,3.5184e-05,14692
5277.4,0.00352232,3.52232e-05,14693
5274.46,0.00352624,3.52624e-05,14694
5271.52,0.00353018,3.53018e-05,14695
5268.58,0.00353412,3.53412e-05,14696
5265.63,0.00353808,3.53808e-05,14697
5262.69,0.00354204,3.54204e-05,14698
5259.74,0.00354602,3.54602e-05,14699
5256.79,0.00355,3.55e-05,14700
5253.83,0.00355399,3.55399e-05,14701
5250.88,0.003558,3.558e-05,14702
5247.92,0.00356201,3.56201e-05,14703
5244.96,0.00356603,3.56603e-05,14704
5241.99,0.00357006,3.57006e-05,14705
5239.03,0.00357411,3.57411e-05,14706
5236.06,0.00357816,3.57816e-05,14707
5233.09,0.00358222,3.58222e-05,14708
5230.12,0.00358629,3.58629e-05,14709
5227.15,0.00359037,3.59037e-05,14710
5224.17,0.00359446,3.59446e-05,14711
5221.19,0.00359857,3.59857e-05,14712
5218.21,0.00360268,3.60268e-05,14713
5215.23,0.0036068,3.6068e-05,14714
5212.25,0.00361093,3.61093e-05,14715
5209.26,0.00361507,3.61507e-05,14716
5206.27,0.00361923,3.61923e-05,14717
5203.28,0.00362339,3.62339e-05,14718
5200.28,0.00362756,3.62756e-05,14719
5197.29,0.00363175,3.63175e-05,14720
5194.29,0.00363594,3.63594e-05,14721
5191.29,0.00364014,3.64014e-05,14722
5188.29,0.00364436,3.64436e-05,14723
5185.28,0.00364858,3.64858e-05,14724
5182.27,0.00365282,3.65282e-05,14725
5179.26,0.00365707,3.65707e-05,14726
5176.25,0.00366132,3.66132e-05,14727
5173.24,0.00366559,3.66559e-05,14728
5170.22,0.00366987,3.66987e-05,14729
5167.21,0.00367416,3.67416e-05,14730
5164.18,0.00367846,3.67846e-05,14731
5161.16,0.00368277,3.68277e-05,14732
5158.14,0.00368709,3.68709e-05,14733
5155.11,0.00369142,3.69142e-05,14734
5152.08,0.00369576,3.69576e-05,14735
5149.05,0.00370011,3.70011e-05,14736
5146.01,0.00370448,3.70448e-05,14737
5142.98,0.00370885,3.70885e-05,14738
5139.94,0.00371324,3.71324e-05,14739
5136.9,0.00371764,3.71764e-05,14740
5133.86,0.00372205,3.72205e-05,14741
5130.81,0.00372647,3.72647e-05,14742
5127.76,0.0037309,3.7309e-05,14743
5124.71,0.00373534,3.73534e-05,14744
5121.66,0.00373979,3.73979e-05,14745
5118.61,0.00374426,3.74426e-05,14746
5115.55,0.00374873,3.74873e-05,14747
5112.49,0.00375322,3.75322e-05,14748
5109.43,0.00375772,3.75772e-05,14749
5106.37,0.00376223,3.76223e-05,14750
5103.3,0.00376675,3.76675e-05,14751
5100.23,0.00377128,3.77128e-05,14752
5097.16,0.00377583,3.77583e-05,14753
5094.09,0.00378038,3.78038e-05,14754
5091.01,0.00378495,3.78495e-05,14755
5087.94,0.00378953,3.78953e-05,14756
5084.86,0.00379412,3.79412e-05,14757
5081.78,0.00379873,3.79873e-05,14758
5078.69,0.00380334,3.80334e-05,14759
5075.61,0.00380797,3.80797e-05,14760
5072.52,0.00381261,3.81261e-05,14761
5069.43,0.00381726,3.81726e-05,14762
5066.33,0.00382192,3.82192e-05,14763
5063.24,0.00382659,3.82659e-05,14764
5060.14,0.00383128,3.83128e-05,14765
5057.04,0.00383598,3.83598e-05,14766
5053.94,0.00384069,3.84069e-05,14767
5050.83,0.00384541,3.84541e-05,14768
5047.73,0.00385015,3.85015e-05,14769
5044.62,0.0038549,3.8549e-05,14770
5041.5,0.00385966,3.85966e-05,14771
5038.39,0.00386443,3.86443e-05,14772
5035.27,0.00386921,3.86921e-05,14773
5032.16,0.00387401,3.87401e-05,14774
5029.03,0.00387882,3.87882e-05,14775
5025.91,0.00388364,3.88364e-05,14776
5022.79,0.00388848,3.88848e-05,14777
5019.66,0.00389333,3.89333e-05,14778
5016.53,0.00389819,3.89819e-05,14779
5013.39,0.00390306,3.90306e-05,14780
5010.26,0.00390795,3.90794e-05,14781
5007.12,0.00391284,3.91284e-05,14782
5003.98,0.00391776,3.91776e-05,14783
5000.84,0.00392268,3.92268e-05,14784
4997.7,0.00392762,3.92762e-05,14785
4994.55,0.00393257,3.93257e-05,14786
4991.4,0.00393753,3.93753e-05,14787
4988.25,0.00394251,3.94251e-05,14788
4985.1,0.0039475,3.9475e-05,14789
4981.94,0.0039525,3.9525e-05,14790
4978.78,0.00395752,3.95752e-05,14791
4975.62,0.00396255,3.96255e-05,14792
4972.46,0.00396759,3.96759e-05,14793
4969.29,0.00397265,3.97265e-05,14794
4966.12,0.00397772,3.97772e-05,14795
4962.95,0.0039828,3.9828e-05,14796
4959.78,0.0039879,3.9879e-05,14797
4956.61,0.00399301,3.99301e-05,14798
4953.43,0.00399813,3.99813e-05,14799
4950.25,0.00400327,4.00327e-05,14800
4947.07,0.00400842,4.00842e-05,14801
4943.88,0.00401359,4.01359e-05,14802
4940.7,0.00401877,4.01877e-05,14803
4937.51,0.00402396,4.02396e-05,14804
4934.31,0.00402917,4.02917e-05,14805
4931.12,0.00403439,4.03439e-05,14806
4927.92,0.00403962,4.03962e-05,14807
4924.73,0.00404487,4.04487e-05,14808
4921.52,0.00405014,4.05014e-05,14809
4918.32,0.00405541,4.05541e-05,14810
4915.11,0.00406071,4.06071e-05,14811
4911.91,0.00406601,4.06601e-05,14812
4908.7,0.00407133,4.07133e-05,14813
4905.48,0.00407667,4.07667e-05,14814
4902.27,0.00408202,4.08202e-05,14815
4899.05,0.00408738,4.08738e-05,14816
4895.83,0.00409276,4.09276e-05,14817
4892.61,0.00409816,4.09816e-05,14818
4889.38,0.00410356,4.10356e-05,14819
4886.15,0.00410899,4.10899e-05,14820
4882.92,0.00411443,4.11443e-05,14821
4879.69,0.00411988,4.11988e-05,14822
4876.46,0.00412535,4.12535e-05,14823
4873.22,0.00413083,4.13083e-05,14824
4869.98,0.00413633,4.13633e-05,14825
4866.74,0.00414184,4.14184e-05,14826
4863.49,0.00414737,4.14737e-05,14827
4860.25,0.00415291,4.15291e-05,14828
4857,0.00415847,4.15847e-05,14829
4853.74,0.00416404,4.16404e-05,14830
4850.49,0.00416963,4.16963e-05,14831
4847.23,0.00417524,4.17524e-05,14832
4843.97,0.00418086,4.18086e-05,14833
4840.71,0.00418649,4.18649e-05,14834
4837.45,0.00419214,4.19215e-05,14835
4834.18,0.00419781,4.19781e-05,14836
4830.91,0.0042035,4.2035e-05,14837
4827.64,0.00420919,4.20919e-05,14838
4824.37,0.00421491,4.21491e-05,14839
4821.09,0.00422064,4.22064e-05,14840
4817.81,0.00422639,4.22639e-05,14841
4814.53,0.00423215,4.23215e-05,14842
4811.25,0.00423793,4.23793e-05,14843
4807.96,0.00424372,4.24372e-05,14844
4804.67,0.00424953,4.24953e-05,14845
4801.38,0.00425536,4.25536e-05,14846
4798.09,0.00426121,4.26121e-05,14847
4794.79,0.00426706,4.26706e-05,14848
4791.49,0.00427294,4.27294e-05,14849
4788.19,0.00427884,4.27884e-05,14850
4784.89,0.00428475,4.28475e-05,14851
4781.58,0.00429067,4.29067e-05,14852
4778.28,0.00429662,4.29662e-05,14853
4774.97,0.00430258,4.30258e-05,14854
4771.65,0.00430855,4.30855e-05,14855
4768.34,0.00431455,4.31455e-05,14856
4765.02,0.00432056,4.32056e-05,14857
4761.7,0.00432659,4.32659e-05,14858
4758.37,0.00433263,4.33263e-05,14859
4755.05,0.0043387,4.3387e-05,14860
4751.72,0.00434478,4.34478e-05,14861
4748.39,0.00435087,4.35087e-05,14862
4745.06,0.00435699,4.35699e-05,14863
4741.72,0.00436312,4.36312e-05,14864
4738.38,0.00436927,4.36927e-05,14865
4735.04,0.00437544,4.37544e-05,14866
4731.7,0.00438163,4.38163e-05,14867
4728.35,0.00438783,4.38783e-05,14868
4725,0.00439405,4.39405e-05,14869
4721.65,0.00440029,4.40029e-05,14870
4718.3,0.00440654,4.40654e-05,14871
4714.94,0.00441282,4.41282e-05,14872
4711.58,0.00441911,4.41911e-05,14873
4708.22,0.00442542,4.42542e-05,14874
4704.86,0.00443175,4.43175e-05,14875
4701.49,0.0044381,4.4381e-05,14876
4698.12,0.00444447,4.44447e-05,14877
4694.75,0.00445085,4.45085e-05,14878
4691.38,0.00445726,4.45726e-05,14879
4688,0.00446368,4.46368e-05,14880
4684.63,0.00447012,4.47012e-05,14881
4681.24,0.00447658,4.47658e-05,14882
4677.86,0.00448306,4.48306e-05,14883
4674.47,0.00448956,4.48956e-05,14884
4671.08,0.00449607,4.49607e-05,14885
4667.69,0.00450261,4.50261e-05,14886
4664.3,0.00450917,4.50917e-05,14887
4660.9,0.00451574,4.51574e-05,14888
4657.5,0.00452233,4.52234e-05,14889
4654.1,0.00452895,4.52895e-05,14890
4650.7,0.00453558,4.53558e-05,14891
4647.29,0.00454223,4.54223e-05,14892
4643.88,0.0045489,4.5489e-05,14893
4640.47,0.0045556,4.5556e-05,14894
4637.05,0.00456231,4.56231e-05,14895
4633.64,0.00456904,4.56904e-05,14896
4630.22,0.00457579,4.57579e-05,14897
4626.8,0.00458256,4.58256e-05,14898
4623.37,0.00458935,4.58935e-05,14899
4619.94,0.00459617,4.59617e-05,14900
4616.51,0.004603,4.603e-05,14901
4613.08,0.00460985,4.60985e-05,14902
4609.65,0.00461673,4.61673e-05,14903
4606.21,0.00462362,4.62362e-05,14904
4602.77,0.00463053,4.63053e-05,14905
4599.32,0.00463747,4.63747e-05,14906
4595.88,0.00464443,4.64443e-05,14907
4592.43,0.0046514,4.6514e-05,14908
4588.98,0.0046584,4.6584e-05,14909
4585.53,0.00466542,4.66542e-05,14910
4582.07,0.00467246,4.67246e-05,14911
4578.61,0.00467952,4.67952e-05,14912
4575.15,0.00468661,4.68661e-05,14913
4571.69,0.00469371,4.69371e-05,14914
4568.22,0.00470084,4.70084e-05,14915
4564.75,0.00470799,4.70799e-05,14916
4561.28,0.00471516,4.71516e-05,14917
4557.8,0.00472235,4.72235e-05,14918
4554.33,0.00472956,4.72956e-05,14919
4550.85,0.0047368,4.7368e-05,14920
4547.36,0.00474405,4.74405e-05,14921
4543.88,0.00475133,4.75133e-05,14922
4540.39,0.00475864,4.75864e-05,14923
4536.9,0.00476596,4.76596e-05,14924
4533.41,0.00477331,4.77331e-05,14925
4529.91,0.00478068,4.78068e-05,14926
4526.41,0.00478807,4.78807e-05,14927
4522.91,0.00479549,4.79549e-05,14928
4519.41,0.00480292,4.80292e-05,14929
4515.9,0.00481038,4.81038e-05,14930
4512.39,0.00481787,4.81787e-05,14931
4508.88,0.00482538,4.82538e-05,14932
4505.37,0.00483291,4.83291e-05,14933
4501.85,0.00484046,4.84046e-05,14934
4498.33,0.00484804,4.84804e-05,14935
4494.81,0.00485564,4.85564e-05,14936
4491.29,0.00486326,4.86326e-05,14937
4487.76,0.00487091,4.87091e-05,14938
4484.23,0.00487858,4.87858e-05,14939
4480.69,0.00488628,4.88628e-05,14940
4477.16,0.004894,4.894e-05,14941
4473.62,0.00490174,4.90174e-05,14942
4470.08,0.00490951,4.90951e-05,14943
4466.54,0.00491731,4.91731e-05,14944
4462.99,0.00492512,4.92512e-05,14945
4459.44,0.00493297,4.93297e-05,14946
4455.89,0.00494083,4.94083e-05,14947
4452.33,0.00494873,4.94873e-05,14948
4448.78,0.00495664,4.95664e-05,14949
4445.22,0.00496459,4.96459e-05,14950
4441.65,0.00497255,4.97255e-05,14951
4438.09,0.00498055,4.98055e-05,14952
4434.52,0.00498856,4.98856e-05,14953
4430.95,0.00499661,4.99661e-05,14954
4427.38,0.00500468,5.00468e-05,14955
4423.8,0.00501277,5.01277e-05,14956
4420.22,0.00502089,5.02089e-05,14957
4416.64,0.00502904,5.02904e-05,14958
4413.06,0.00503721,5.03721e-05,14959
4409.47,0.00504541,5.04541e-05,14960
4405.88,0.00505364,5.05364e-05,14961
4402.29,0.00506189,5.06189e-05,14962
4398.69,0.00507016,5.07016e-05,14963
4395.09,0.00507847,5.07847e-05,14964
4391.49,0.0050868,5.0868e-05,14965
4387.89,0.00509516,5.09516e-05,14966
4384.28,0.00510355,5.10355e-05,14967
4380.67,0.00511196,5.11196e-05,14968
4377.06,0.0051204,5.1204e-05,14969
4373.45,0.00512887,5.12887e-05,14970
4369.83,0.00513736,5.13736e-05,14971
4366.21,0.00514588,5.14588e-05,14972
4362.59,0.00515443,5.15443e-05,14973
4358.96,0.00516301,5.16301e-05,14974
4355.33,0.00517162,5.17162e-05,14975
4351.7,0.00518025,5.18025e-05,14976
4348.07,0.00518891,5.18891e-05,14977
4344.43,0.0051976,5.1976e-05,14978
4340.79,0.00520632,5.20632e-05,14979
4337.15,0.00521507,5.21507e-05,14980
4333.51,0.00522385,5.22385e-05,14981
4329.86,0.00523265,5.23265e-05,14982
4326.21,0.00524149,5.24149e-05,14983
4322.55,0.00525035,5.25035e-05,14984
4318.9,0.00525924,5.25924e-05,14985
4315.24,0.00526817,5.26817e-05,14986
4311.58,0.00527712,5.27712e-05,14987
4307.91,0.0052861,5.2861e-05,14988
4304.24,0.00529511,5.29511e-05,14989
4300.57,0.00530415,5.30415e-05,14990
4296.9,0.00531323,5.31323e-05,14991
4293.23,0.00532233,5.32233e-05,14992
4289.55,0.00533146,5.33146e-05,14993
4285.87,0.00534062,5.34062e-05,14994
4282.18,0.00534982,5.34982e-05,14995
4278.49,0.00535904,5.35904e-05,14996
4274.8,0.0053683,5.3683e-05,14997
4271.11,0.00537759,5.37759e-05,14998
4267.42,0.0053869,5.3869e-05,14999
4263.72,0.00539625,5.39625e-05,15000
4260.02,0.00540563,5.40563e-05,15001
4256.31,0.00541505,5.41505e-05,15002
4252.6,0.00542449,5.42449e-05,15003
4248.89,0.00543397,5.43397e-05,15004
4245.18,0.00544348,5.44348e-05,15005
4241.47,0.00545302,5.45302e-05,15006
4237.75,0.00546259,5.46259e-05,15007
4234.03,0.0054722,5.4722e-05,15008
4230.3,0.00548184,5.48184e-05,15009
4226.58,0.00549151,5.49151e-05,15010
4222.85,0.00550121,5.50121e-05,15011
4219.11,0.00551095,5.51095e-05,15012
4215.38,0.00552072,5.52072e-05,15013
4211.64,0.00553053,5.53053e-05,15014
4207.9,0.00554037,5.54037e-05,15015
4204.15,0.00555024,5.55024e-05,15016
4200.41,0.00556015,5.56015e-05,15017
4196.66,0.00557009,5.57009e-05,15018
4192.9,0.00558006,5.58006e-05,15019
4189.15,0.00559007,5.59007e-05,15020
4185.39,0.00560012,5.60012e-05,15021
4181.63,0.0056102,5.6102e-05,15022
4177.86,0.00562031,5.62031e-05,15023
4174.1,0.00563046,5.63046e-05,15024
4170.33,0.00564065,5.64065e-05,15025
4166.55,0.00565087,5.65087e-05,15026
4162.78,0.00566113,5.66113e-05,15027
4159,0.00567142,5.67142e-05,15028
4155.22,0.00568174,5.68174e-05,15029
4151.43,0.00569211,5.69211e-05,15030
4147.64,0.00570251,5.70251e-05,15031
4143.85,0.00571295,5.71295e-05,15032
4140.06,0.00572342,5.72342e-05,15033
4136.26,0.00573393,5.73393e-05,15034
4132.46,0.00574448,5.74448e-05,15035
4128.66,0.00575507,5.75507e-05,15036
4124.86,0.00576569,5.76569e-05,15037
4121.05,0.00577635,5.77635e-05,15038
4117.24,0.00578705,5.78705e-05,15039
4113.42,0.00579779,5.79779e-05,15040
4109.61,0.00580856,5.80856e-05,15041
4105.79,0.00581937,5.81937e-05,15042
4101.96,0.00583023,5.83023e-05,15043
4098.14,0.00584112,5.84112e-05,15044
4094.31,0.00585205,5.85205e-05,15045
4090.48,0.00586302,5.86302e-05,15046
4086.64,0.00587402,5.87403e-05,15047
4082.8,0.00588507,5.88507e-05,15048
4078.96,0.00589616,5.89616e-05,15049
4075.12,0.00590729,5.90729e-05,15050
4071.27,0.00591846,5.91846e-05,15051
4067.42,0.00592967,5.92967e-05,15052
4063.57,0.00594091,5.94091e-05,15053
4059.72,0.0059522,5.9522e-05,15054
4055.86,0.00596353,5.96353e-05,15055
4052,0.00597491,5.97491e-05,15056
4048.13,0.00598632,5.98632e-05,15057
4044.26,0.00599777,5.99777e-05,15058
4040.39,0.00600927,6.00927e-05,15059
4036.52,0.00602081,6.02081e-05,15060
4032.64,0.00603239,6.03239e-05,15061
4028.76,0.00604401,6.04401e-05,15062
4024.88,0.00605568,6.05568e-05,15063
4021,0.00606739,6.06739e-05,15064
4017.11,0.00607914,6.07914e-05,15065
4013.21,0.00609094,6.09094e-05,15066
4009.32,0.00610278,6.10278e-05,15067
4005.42,0.00611466,6.11466e-05,15068
4001.52,0.00612659,6.12659e-05,15069
3997.62,0.00613856,6.13856e-05,15070
3993.71,0.00615057,6.15057e-05,15071
3989.8,0.00616263,6.16263e-05,15072
3985.89,0.00617474,6.17474e-05,15073
3981.97,0.00618689,6.18689e-05,15074
3978.05,0.00619908,6.19908e-05,15075
3974.13,0.00621133,6.21133e-05,15076
3970.21,0.00622361,6.22361e-05,15077
3966.28,0.00623595,6.23595e-05,15078
3962.35,0.00624833,6.24832e-05,15079
3958.41,0.00626075,6.26075e-05,15080
3954.48,0.00627322,6.27322e-05,15081
3950.54,0.00628574,6.28574e-05,15082
3946.59,0.00629831,6.29831e-05,15083
3942.65,0.00631093,6.31093e-05,15084
3938.7,0.00632359,6.32359e-05,15085
3934.75,0.0063363,6.3363e-05,15086
3930.79,0.00634906,6.34906e-05,15087
3926.83,0.00636187,6.36187e-05,15088
3922.87,0.00637472,6.37472e-05,15089
3918.9,0.00638763,6.38763e-05,15090
3914.94,0.00640058,6.40058e-05,15091
3910.97,0.00641359,6.41359e-05,15092
3906.99,0.00642664,6.42664e-05,15093
3903.01,0.00643975,6.43975e-05,15094
3899.03,0.0064529,6.4529e-05,15095
3895.05,0.00646611,6.46611e-05,15096
3891.06,0.00647936,6.47936e-05,15097
3887.07,0.00649267,6.49267e-05,15098
3883.08,0.00650603,6.50603e-05,15099
3879.09,0.00651944,6.51944e-05,15100
3875.09,0.0065329,6.5329e-05,15101
3871.08,0.00654642,6.54642e-05,15102
3867.08,0.00655998,6.55998e-05,15103
3863.07,0.0065736,6.5736e-05,15104
3859.06,0.00658728,6.58728e-05,15105
3855.05,0.006601,6.601e-05,15106
3851.03,0.00661478,6.61478e-05,15107
3847.01,0.00662862,6.62862e-05,15108
3842.98,0.00664251,6.64251e-05,15109
3838.96,0.00665645,6.65645e-05,15110
3834.93,0.00667045,6.67045e-05,15111
3830.89,0.0066845,6.6845e-05,15112
3826.86,0.00669861,6.69861e-05,15113
3822.82,0.00671278,6.71278e-05,15114
3818.77,0.006727,6.727e-05,15115
3814.73,0.00674128,6.74128e-05,15116
3810.68,0.00675561,6.75561e-05,15117
3806.63,0.00677,6.77e-05,15118
3802.57,0.00678445,6.78445e-05,15119
3798.51,0.00679896,6.79896e-05,15120
3794.45,0.00681352,6.81352e-05,15121
3790.38,0.00682814,6.82814e-05,15122
3786.32,0.00684282,6.84282e-05,15123
3782.24,0.00685756,6.85756e-05,15124
3778.17,0.00687236,6.87236e-05,15125
3774.09,0.00688722,6.88722e-05,15126
3770.01,0.00690214,6.90214e-05,15127
3765.93,0.00691712,6.91712e-05,15128
3761.84,0.00693216,6.93216e-05,15129
3757.75,0.00694726,6.94726e-05,15130
3753.66,0.00696242,6.96242e-05,15131
3749.56,0.00697764,6.97764e-05,15132
3745.46,0.00699293,6.99293e-05,15133
3741.35,0.00700828,7.00828e-05,15134
3737.25,0.00702369,7.02369e-05,15135
3733.14,0.00703916,7.03916e-05,15136
3729.03,0.0070547,7.0547e-05,15137
3724.91,0.0070703,7.0703e-05,15138
3720.79,0.00708596,7.08596e-05,15139
3716.67,0.00710169,7.10169e-05,15140
3712.54,0.00711749,7.11749e-05,15141
3708.41,0.00713334,7.13334e-05,15142
3704.28,0.00714927,7.14927e-05,15143
3700.14,0.00716526,7.16526e-05,15144
3696,0.00718131,7.18131e-05,15145
3691.86,0.00719744,7.19744e-05,15146
3687.72,0.00721363,7.21363e-05,15147
3683.57,0.00722989,7.22989e-05,15148
3679.42,0.00724621,7.24621e-05,15149
3675.26,0.00726261,7.26261e-05,15150
3671.1,0.00727907,7.27907e-05,15151
3666.94,0.0072956,7.2956e-05,15152
3662.78,0.0073122,7.3122e-05,15153
3658.61,0.00732887,7.32887e-05,15154
3654.44,0.00734561,7.34561e-05,15155
3650.26,0.00736242,7.36242e-05,15156
3646.08,0.00737931,7.37931e-05,15157
3641.9,0.00739626,7.39626e-05,15158
3637.72,0.00741329,7.41329e-05,15159
3633.53,0.00743039,7.43038e-05,15160
3629.34,0.00744756,7.44756e-05,15161
3625.15,0.0074648,7.4648e-05,15162
3620.95,0.00748212,7.48212e-05,15163
3616.75,0.00749951,7.49951e-05,15164
3612.54,0.00751698,7.51698e-05,15165
3608.33,0.00753452,7.53452e-05,15166
3604.12,0.00755213,7.55213e-05,15167
3599.91,0.00756983,7.56983e-05,15168
3595.69,0.0075876,7.5876e-05,15169
3591.47,0.00760544,7.60544e-05,15170
3587.25,0.00762336,7.62336e-05,15171
3583.02,0.00764136,7.64136e-05,15172
3578.79,0.00765944,7.65944e-05,15173
3574.55,0.00767759,7.67759e-05,15174
3570.32,0.00769583,7.69583e-05,15175
3566.08,0.00771414,7.71414e-05,15176
3561.83,0.00773254,7.73254e-05,15177
3557.59,0.00775101,7.75101e-05,15178
3553.34,0.00776956,7.76957e-05,15179
3549.08,0.0077882,7.7882e-05,15180
3544.82,0.00780692,7.80692e-05,15181
3540.56,0.00782572,7.82572e-05,15182
3536.3,0.00784461,7.84461e-05,15183
3532.03,0.00786357,7.86357e-05,15184
3527.76,0.00788263,7.88263e-05,15185
3523.49,0.00790176,7.90176e-05,15186
3519.21,0.00792098,7.92098e-05,15187
3514.93,0.00794029,7.94029e-05,15188
3510.64,0.00795968,7.95968e-05,15189
3506.36,0.00797916,7.97916e-05,15190
3502.07,0.00799872,7.99872e-05,15191
3497.77,0.00801837,8.01837e-05,15192
3493.47,0.00803811,8.03811e-05,15193
3489.17,0.00805794,8.05794e-05,15194
3484.87,0.00807786,8.07786e-05,15195
3480.56,0.00809787,8.09787e-05,15196
3476.25,0.00811796,8.11796e-05,15197
3471.94,0.00813815,8.13815e-05,15198
3467.62,0.00815843,8.15843e-05,15199
3463.3,0.0081788,8.1788e-05,15200
3458.97,0.00819927,8.19927e-05,15201
3454.64,0.00821982,8.21982e-05,15202
3450.31,0.00824047,8.24047e-05,15203
3445.98,0.00826122,8.26122e-05,15204
3441.64,0.00828206,8.28206e-05,15205
3437.3,0.008303,8.303e-05,15206
3432.95,0.00832403,8.32403e-05,15207
3428.6,0.00834515,8.34515e-05,15208
3424.25,0.00836638,8.36638e-05,15209
3419.9,0.0083877,8.3877e-05,15210
3415.54,0.00840912,8.40912e-05,15211
3411.18,0.00843064,8.43064e-05,15212
3406.81,0.00845226,8.45226e-05,15213
3402.44,0.00847398,8.47398e-05,15214
3398.07,0.0084958,8.4958e-05,15215
3393.69,0.00851773,8.51773e-05,15216
3389.31,0.00853975,8.53975e-05,15217
3384.93,0.00856188,8.56188e-05,15218
3380.55,0.00858411,8.58411e-05,15219
3376.16,0.00860644,8.60644e-05,15220
3371.77,0.00862888,8.62888e-05,15221
3367.37,0.00865143,8.65143e-05,15222
3362.97,0.00867408,8.67408e-05,15223
3358.57,0.00869684,8.69684e-05,15224
3354.16,0.0087197,8.7197e-05,15225
3349.75,0.00874268,8.74268e-05,15226
3345.34,0.00876576,8.76576e-05,15227
3340.92,0.00878895,8.78895e-05,15228
3336.5,0.00881226,8.81226e-05,15229
3332.07,0.00883567,8.83567e-05,15230
3327.65,0.0088592,8.8592e-05,15231
3323.22,0.00888284,8.88284e-05,15232
3318.78,0.00890659,8.90659e-05,15233
3314.35,0.00893046,8.93045e-05,15234
3309.9,0.00895444,8.95444e-05,15235
3305.46,0.00897853,8.97853e-05,15236
3301.01,0.00900275,9.00275e-05,15237
3296.56,0.00902708,9.02708e-05,15238
3292.11,0.00905152,9.05152e-05,15239
3287.65,0.00907609,9.07609e-05,15240
3283.18,0.00910077,9.10077e-05,15241
3278.72,0.00912558,9.12558e-05,15242
3274.25,0.00915051,9.15051e-05,15243
3269.78,0.00917556,9.17556e-05,15244
3265.3,0.00920073,9.20073e-05,15245
3260.82,0.00922602,9.22602e-05,15246
3256.34,0.00925144,9.25144e-05,15247
3251.85,0.00927698,9.27698e-05,15248
3247.37,0.00930265,9.30265e-05,15249
3242.87,0.00932845,9.32845e-05,15250
3238.38,0.00935437,9.35437e-05,15251
3233.88,0.00938043,9.38043e-05,15252
3229.37,0.00940661,9.40661e-05,15253
3224.86,0.00943292,9.43292e-05,15254
3220.35,0.00945936,9.45936e-05,15255
3215.84,0.00948594,9.48594e-05,15256
3211.32,0.00951265,9.51265e-05,15257
3206.8,0.00953949,9.53949e-05,15258
3202.28,0.00956646,9.56646e-05,15259
3197.75,0.00959357,9.59357e-05,15260
3193.22,0.00962082,9.62082e-05,15261
3188.68,0.00964821,9.64821e-05,15262
3184.14,0.00967573,9.67573e-05,15263
3179.6,0.0097034,9.7034e-05,15264
3175.06,0.0097312,9.7312e-05,15265
3170.51,0.00975914,9.75914e-05,15266
3165.95,0.00978723,9.78723e-05,15267
3161.4,0.00981546,9.81546e-05,15268
3156.84,0.00984384,9.84384e-05,15269
3152.28,0.00987236,9.87236e-05,15270
3147.71,0.00990102,9.90102e-05,15271
3143.14,0.00992983,9.92983e-05,15272
3138.56,0.00995879,9.9588e-05,15273
3133.99,0.0099879,9.9879e-05,15274
3129.41,0.0100172,0.000100172,15275
3124.82,0.0100466,0.000100466,15276
3120.24,0.0100761,0.000100761,15277
3115.64,0.0101059,0.000101059,15278
3111.05,0.0101357,0.000101357,15279
3106.45,0.0101658,0.000101658,15280
3101.85,0.0101959,0.000101959,15281
3097.24,0.0102263,0.000102263,15282
3092.64,0.0102568,0.000102568,15283
3088.02,0.0102875,0.000102875,15284
3083.41,0.0103183,0.000103183,15285
3078.79,0.0103493,0.000103493,15286
3074.17,0.0103804,0.000103804,15287
3069.54,0.0104117,0.000104117,15288
3064.91,0.0104432,0.000104432,15289
3060.28,0.0104749,0.000104749,15290
3055.64,0.0105067,0.000105067,15291
3051,0.0105387,0.000105387,15292
3046.35,0.0105708,0.000105708,15293
3041.71,0.0106031,0.000106031,15294
3037.06,0.0106356,0.000106356,15295
3032.4,0.0106683,0.000106683,15296
3027.74,0.0107012,0.000107012,15297
3023.08,0.0107342,0.000107342,15298
3018.42,0.0107674,0.000107674,15299
3013.75,0.0108008,0.000108008,15300
3009.08,0.0108343,0.000108343,15301
3004.4,0.0108681,0.000108681,15302
2999.72,0.010902,0.00010902,15303
2995.04,0.0109361,0.000109361,15304
2990.35,0.0109704,0.000109704,15305
2985.66,0.0110049,0.000110049,15306
2980.97,0.0110396,0.000110396,15307
2976.27,0.0110745,0.000110745,15308
2971.57,0.0111095,0.000111095,15309
2966.87,0.0111448,0.000111448,15310
2962.16,0.0111802,0.000111802,15311
2957.45,0.0112159,0.000112159,15312
2952.74,0.0112517,0.000112517,15313
2948.02,0.0112878,0.000112878,15314
2943.3,0.011324,0.00011324,15315
2938.58,0.0113604,0.000113604,15316
2933.85,0.0113971,0.000113971,15317
2929.12,0.0114339,0.000114339,15318
2924.38,0.011471,0.00011471,15319
2919.64,0.0115083,0.000115083,15320
2914.9,0.0115457,0.000115457,15321
2910.16,0.0115834,0.000115834,15322
2905.41,0.0116213,0.000116213,15323
2900.65,0.0116594,0.000116594,15324
2895.9,0.0116978,0.000116978,15325
2891.14,0.0117363,0.000117363,15326
2886.38,0.0117751,0.000117751,15327
2881.61,0.0118141,0.000118141,15328
2876.84,0.0118533,0.000118533,15329
2872.07,0.0118927,0.000118927,15330
2867.29,0.0119324,0.000119324,15331
2862.51,0.0119722,0.000119722,15332
2857.72,0.0120124,0.000120124,15333
2852.94,0.0120527,0.000120527,15334
2848.15,0.0120933,0.000120933,15335
2843.35,0.0121341,0.000121341,15336
2838.56,0.0121751,0.000121751,15337
2833.75,0.0122164,0.000122164,15338
2828.95,0.012258,0.00012258,15339
2824.14,0.0122997,0.000122997,15340
2819.33,0.0123418,0.000123418,15341
2814.52,0.012384,0.00012384,15342
2809.7,0.0124265,0.000124265,15343
2804.88,0.0124693,0.000124693,15344
2800.05,0.0125123,0.000125123,15345
2795.22,0.0125556,0.000125556,15346
2790.39,0.0125991,0.000125991,15347
2785.56,0.0126429,0.000126429,15348
2780.72,0.0126869,0.000126869,15349
2775.88,0.0127312,0.000127312,15350
2771.03,0.0127758,0.000127758,15351
2766.18,0.0128206,0.000128206,15352
2761.33,0.0128657,0.000128657,15353
2756.47,0.012911,0.00012911,15354
2751.61,0.0129567,0.000129567,15355
2746.75,0.0130026,0.000130026,15356
2741.89,0.0130488,0.000130488,15357
2737.02,0.0130953,0.000130953,15358
2732.14,0.013142,0.00013142,15359
2727.27,0.013189,0.00013189,15360
2722.39,0.0132364,0.000132364,15361
2717.51,0.013284,0.00013284,15362
2712.62,0.0133319,0.000133319,15363
2707.73,0.01338,0.0001338,15364
2702.84,0.0134285,0.000134285,15365
2697.94,0.0134773,0.000134773,15366
2693.05,0.0135264,0.000135264,15367
2688.14,0.0135758,0.000135758,15368
2683.24,0.0136254,0.000136254,15369
2678.33,0.0136754,0.000136754,15370
2673.42,0.0137257,0.000137257,15371
2668.5,0.0137764,0.000137764,15372
2663.58,0.0138273,0.000138273,15373
2658.66,0.0138785,0.000138785,15374
2653.74,0.0139301,0.000139301,15375
2648.81,0.013982,0.00013982,15376
2643.88,0.0140342,0.000140342,15377
2638.94,0.0140867,0.000140867,15378
2634,0.0141396,0.000141396,15379
2629.06,0.0141928,0.000141928,15380
2624.12,0.0142463,0.000142463,15381
2619.17,0.0143002,0.000143002,15382
2614.22,0.0143544,0.000143544,15383
2609.26,0.014409,0.00014409,15384
2604.31,0.0144639,0.000144639,15385
2599.35,0.0145191,0.000145191,15386
2594.38,0.0145747,0.000145747,15387
2589.42,0.0146307,0.000146307,15388
2584.45,0.014687,0.00014687,15389
2579.47,0.0147437,0.000147437,15390
2574.5,0.0148007,0.000148007,15391
2569.52,0.0148582,0.000148582,15392
2564.54,0.0149159,0.000149159,15393
2559.55,0.0149741,0.000149741,15394
2554.57,0.0150326,0.000150326,15395
2549.57,0.0150915,0.000150915,15396
2544.58,0.0151508,0.000151508,15397
2539.58,0.0152105,0.000152105,15398
2534.58,0.0152706,0.000152706,15399
2529.58,0.0153311,0.000153311,15400
2524.57,0.0153919,0.000153919,15401
2519.56,0.0154532,0.000154532,15402
2514.55,0.0155149,0.000155149,15403
2509.54,0.0155769,0.000155769,15404
2504.52,0.0156394,0.000156394,15405
2499.5,0.0157023,0.000157023,15406
2494.47,0.0157656,0.000157656,15407
2489.45,0.0158293,0.000158293,15408
2484.42,0.0158935,0.000158935,15409
2479.39,0.0159581,0.000159581,15410
2474.35,0.0160231,0.000160231,15411
2469.31,0.0160885,0.000160885,15412
2464.27,0.0161544,0.000161544,15413
2459.23,0.0162208,0.000162208,15414
2454.18,0.0162875,0.000162875,15415
2449.13,0.0163548,0.000163548,15416
2444.08,0.0164224,0.000164224,15417
2439.03,0.0164906,0.000164906,15418
2433.97,0.0165592,0.000165592,15419
2428.91,0.0166282,0.000166282,15420
2423.85,0.0166978,0.000166978,15421
2418.78,0.0167678,0.000167678,15422
2413.71,0.0168383,0.000168383,15423
2408.64,0.0169092,0.000169092,15424
2403.57,0.0169807,0.000169807,15425
2398.49,0.0170526,0.000170526,15426
2393.42,0.0171251,0.000171251,15427
2388.34,0.017198,0.00017198,15428
2383.25,0.0172715,0.000172715,15429
2378.17,0.0173454,0.000173454,15430
2373.08,0.0174199,0.000174199,15431
2367.99,0.0174948,0.000174948,15432
2362.89,0.0175703,0.000175703,15433
2357.8,0.0176464,0.000176464,15434
2352.7,0.0177229,0.000177229,15435
2347.6,0.0178,0.000178,15436
2342.5,0.0178776,0.000178776,15437
2337.39,0.0179558,0.000179558,15438
2332.29,0.0180345,0.000180345,15439
2327.18,0.0181138,0.000181138,15440
2322.07,0.0181936,0.000181936,15441
2316.95,0.018274,0.00018274,15442
2311.84,0.018355,0.00018355,15443
2306.72,0.0184366,0.000184366,15444
2301.6,0.0185187,0.000185187,15445
2296.48,0.0186014,0.000186014,15446
2291.35,0.0186847,0.000186847,15447
2286.23,0.0187686,0.000187686,15448
2281.1,0.0188531,0.000188531,15449
2275.97,0.0189381,0.000189381,15450
2270.83,0.0190238,0.000190238,15451
2265.7,0.0191102,0.000191102,15452
2260.56,0.0191971,0.000191971,15453
2255.43,0.0192847,0.000192847,15454
2250.29,0.0193729,0.000193729,15455
2245.14,0.0194617,0.000194617,15456
2240,0.0195512,0.000195512,15457
2234.86,0.0196413,0.000196413,15458
2229.71,0.0197321,0.000197321,15459
2224.56,0.0198235,0.000198235,15460
2219.41,0.0199156,0.000199156,15461
2214.26,0.0200084,0.000200084,15462
2209.1,0.0201019,0.000201019,15463
2203.95,0.020196,0.00020196,15464
2198.79,0.0202909,0.000202909,15465
2193.63,0.0203864,0.000203864,15466
2188.48,0.0204826,0.000204826,15467
2183.32,0.0205796,0.000205796,15468
2178.15,0.0206772,0.000206772,15469
2172.99,0.0207756,0.000207756,15470
2167.83,0.0208747,0.000208747,15471
2162.66,0.0209745,0.000209745,15472
2157.49,0.0210751,0.000210751,15473
2152.33,0.0211765,0.000211765,15474
2147.16,0.0212785,0.000212785,15475
2141.99,0.0213814,0.000213814,15476
2136.81,0.021485,0.00021485,15477
2131.64,0.0215894,0.000215894,15478
2126.47,0.0216945,0.000216945,15479
2121.3,0.0218005,0.000218005,15480
2116.12,0.0219072,0.000219072,15481
2110.95,0.0220148,0.000220148,15482
2105.77,0.0221232,0.000221232,15483
2100.59,0.0222323,0.000222323,15484
2095.42,0.0223423,0.000223423,15485
2090.24,0.0224532,0.000224532,15486
2085.06,0.0225648,0.000225648,15487
2079.88,0.0226773,0.000226773,15488
2074.7,0.0227907,0.000227907,15489
2069.52,0.0229049,0.000229049,15490
2064.34,0.02302,0.0002302,15491
2059.16,0.023136,0.00023136,15492
2053.98,0.0232528,0.000232528,15493
2048.8,0.0233706,0.000233706,15494
2043.62,0.0234892,0.000234892,15495
2038.44,0.0236088,0.000236088,15496
2033.26,0.0237292,0.000237292,15497
2028.08,0.0238506,0.000238506,15498
2022.9,0.0239729,0.000239729,15499
2017.72,0.0240961,0.000240961,15500
2012.54,0.0242203,0.000242203,15501
2007.36,0.0243455,0.000243455,15502
2002.18,0.0244716,0.000244716,15503
1997,0.0245987,0.000245987,15504
1991.83,0.0247267,0.000247267,15505
1986.65,0.0248558,0.000248558,15506
1981.47,0.0249858,0.000249858,15507
1976.3,0.0251168,0.000251168,15508
1971.12,0.0252489,0.000252489,15509
1965.95,0.0253819,0.000253819,15510
1960.78,0.025516,0.00025516,15511
1955.6,0.0256512,0.000256512,15512
1950.43,0.0257874,0.000257874,15513
1945.26,0.0259246,0.000259246,15514
1940.1,0.0260629,0.000260629,15515
1934.93,0.0262023,0.000262023,15516
1929.76,0.0263427,0.000263427,15517
1924.6,0.0264843,0.000264843,15518
1919.44,0.0266269,0.000266269,15519
1914.28,0.0267706,0.000267706,15520
1909.12,0.0269155,0.000269155,15521
1903.96,0.0270615,0.000270615,15522
1898.81,0.0272086,0.000272086,15523
1893.66,0.0273569,0.000273568,15524
1888.51,0.0275063,0.000275063,15525
1883.36,0.0276568,0.000276568,15526
1878.21,0.0278086,0.000278086,15527
1873.07,0.0279615,0.000279615,15528
1867.93,0.0281156,0.000281156,15529
1862.79,0.0282709,0.000282709,15530
1857.66,0.0284274,0.000284274,15531
1852.53,0.0285851,0.000285851,15532
1847.4,0.0287441,0.000287441,15533
1842.27,0.0289043,0.000289043,15534
1837.15,0.0290657,0.000290657,15535
1832.03,0.0292284,0.000292284,15536
1826.91,0.0293923,0.000293923,15537
1821.8,0.0295575,0.000295575,15538
1816.69,0.029724,0.00029724,15539
1811.59,0.0298917,0.000298917,15540
1806.48,0.0300608,0.000300608,15541
1801.39,0.0302312,0.000302312,15542
1796.29,0.0304028,0.000304028,15543
1791.2,0.0305758,0.000305759,15544
1786.12,0.0307502,0.000307502,15545
1781.04,0.0309259,0.000309259,15546
1775.96,0.0311029,0.000311029,15547
1770.89,0.0312813,0.000312813,15548
1765.83,0.031461,0.00031461,15549
1760.77,0.0316421,0.000316421,15550
1755.71,0.0318246,0.000318246,15551
1750.66,0.0320085,0.000320085,15552
1745.61,0.0321938,0.000321938,15553
1740.57,0.0323805,0.000323805,15554
1735.54,0.0325686,0.000325686,15555
1730.51,0.0327582,0.000327582,15556
1725.49,0.0329491,0.000329491,15557
1720.47,0.0331415,0.000331415,15558
1715.46,0.0333354,0.000333354,15559
1710.46,0.0335307,0.000335307,15560
1705.46,0.0337275,0.000337275,15561
1700.47,0.0339257,0.000339257,15562
1695.49,0.0341254,0.000341254,15563
1690.52,0.0343266,0.000343266,15564
1685.55,0.0345293,0.000345293,15565
1680.59,0.0347334,0.000347334,15566
1675.63,0.0349391,0.000349391,15567
1670.69,0.0351463,0.000351463,15568
1665.75,0.035355,0.00035355,15569
1660.82,0.0355652,0.000355652,15570
1655.9,0.0357769,0.000357769,15571
1650.98,0.0359902,0.000359902,15572
1646.08,0.036205,0.00036205,15573
1641.18,0.0364213,0.000364213,15574
1636.3,0.0366392,0.000366392,15575
1631.42,0.0368586,0.000368586,15576
1626.55,0.0370796,0.000370796,15577
1621.69,0.0373021,0.000373021,15578
1616.84,0.0375261,0.000375261,15579
1612,0.0377518,0.000377518,15580
1607.17,0.037979,0.00037979,15581
1602.36,0.0382077,0.000382077,15582
1597.55,0.038438,0.00038438,15583
1592.75,0.0386699,0.000386699,15584
1587.97,0.0389033,0.000389033,15585
1583.19,0.0391383,0.000391383,15586
1578.43,0.0393749,0.000393749,15587
1573.68,0.039613,0.00039613,15588
1568.94,0.0398526,0.000398526,15589
1564.21,0.0400939,0.000400939,15590
1559.5,0.0403367,0.000403367,15591
1554.79,0.040581,0.00040581,15592
1550.11,0.0408269,0.000408269,15593
1545.43,0.0410743,0.000410743,15594
1540.77,0.0413233,0.000413233,15595
1536.12,0.0415738,0.000415738,15596
1531.48,0.0418259,0.000418259,15597
1526.86,0.0420794,0.000420794,15598
1522.26,0.0423345,0.000423345,15599
1517.66,0.0425911,0.000425911,15600
1513.09,0.0428491,0.000428491,15601
1508.52,0.0431087,0.000431087,15602
1503.98,0.0433697,0.000433697,15603
1499.45,0.0436322,0.000436322,15604
1494.93,0.0438961,0.000438961,15605
1490.43,0.0441615,0.000441615,15606
1485.95,0.0444283,0.000444283,15607
1481.49,0.0446965,0.000446965,15608
1477.04,0.0449662,0.000449662,15609
1472.61,0.0452371,0.000452371,15610
1468.19,0.0455095,0.000455095,15611
1463.8,0.0457832,0.000457832,15612
1459.42,0.0460582,0.000460582,15613
1455.06,0.0463345,0.000463345,15614
1450.73,0.0466121,0.000466121,15615
1446.41,0.0468909,0.000468909,15616
1442.11,0.047171,0.00047171,15617
1437.83,0.0474523,0.000474523,15618
1433.56,0.0477347,0.000477347,15619
1429.33,0.0480183,0.000480183,15620
1425.11,0.0483031,0.000483031,15621
1420.91,0.0485889,0.000485889,15622
1416.73,0.0488758,0.000488758,15623
1412.58,0.0491637,0.000491637,15624
1408.45,0.0494526,0.000494526,15625
1404.34,0.0497424,0.000497424,15626
1400.25,0.0500332,0.000500332,15627
1396.19,0.0503249,0.000503249,15628
1392.15,0.0506174,0.000506174,15629
1388.13,0.0509107,0.000509107,15630
1384.14,0.0512048,0.000512048,15631
1380.17,0.0514996,0.000514996,15632
1376.23,0.0517951,0.000517951,15633
1372.31,0.0520912,0.000520912,15634
1368.42,0.0523878,0.000523878,15635
1364.55,0.052685,0.00052685,15636
1360.72,0.0529827,0.000529827,15637
1356.9,0.0532808,0.000532808,15638
1353.12,0.0535792,0.000535792,15639
1349.36,0.053878,0.00053878,15640
1345.63,0.054177,0.00054177,15641
1341.93,0.0544762,0.000544762,15642
1338.26,0.0547756,0.000547756,15643
1334.62,0.055075,0.00055075,15644
1331.01,0.0553744,0.000553744,15645
1327.42,0.0556737,0.000556737,15646
1323.87,0.055973,0.00055973,15647
1320.35,0.056272,0.00056272,15648
1316.86,0.0565707,0.000565707,15649
1313.4,0.0568691,0.000568691,15650
1309.97,0.0571671,0.000571671,15651
1306.57,0.0574646,0.000574646,15652
1303.21,0.0577615,0.000577615,15653
1299.88,0.0580578,0.000580578,15654
1296.59,0.0583533,0.000583533,15655
1293.33,0.058648,0.00058648,15656
1290.1,0.0589418,0.000589418,15657
1286.91,0.0592346,0.000592346,15658
1283.75,0.0595264,0.000595264,15659
1280.63,0.059817,0.00059817,15660
1277.54,0.0601063,0.000601063,15661
1274.49,0.0603943,0.000603943,15662
1271.48,0.0606809,0.000606809,15663
1268.5,0.0609659,0.000609659,15664
1265.56,0.0612493,0.000612493,15665
1262.66,0.0615309,0.000615309,15666
1259.8,0.0618108,0.000618108,15667
1256.98,0.0620887,0.000620887,15668
1254.2,0.0623646,0.000623646,15669
1251.45,0.0626383,0.000626383,15670
1248.75,0.0629099,0.000629099,15671
1246.09,0.0631791,0.000631791,15672
1243.46,0.0634459,0.000634459,15673
1240.88,0.0637101,0.000637101,15674
1238.34,0.0639717,0.000639717,15675
1235.84,0.0642305,0.000642305,15676
1233.39,0.0644865,0.000644865,15677
1230.98,0.0647395,0.000647395,15678
1228.61,0.0649895,0.000649895,15679
1226.28,0.0652362,0.000652362,15680
1224,0.0654797,0.000654797,15681
1221.76,0.0657198,0.000657198,15682
1219.57,0.0659563,0.000659563,15683
1217.42,0.0661893,0.000661893,15684
1215.32,0.0664185,0.000664185,15685
1213.26,0.0666439,0.000666439,15686
1211.25,0.0668653,0.000668653,15687
1209.29,0.0670828,0.000670828,15688
1207.37,0.067296,0.00067296,15689
1205.5,0.0675051,0.000675051,15690
1203.67,0.0677097,0.000677097,15691
1201.9,0.0679099,0.000679099,15692
1200.17,0.0681056,0.000681056,15693
1198.49,0.0682965,0.000682965,15694
1196.86,0.0684828,0.000684828,15695
1195.28,0.0686641,0.000686641,15696
1193.75,0.0688405,0.000688405,15697
1192.26,0.0690119,0.000690119,15698
1190.83,0.0691781,0.000691781,15699
1189.45,0.0693391,0.000693391,15700
1188.12,0.0694948,0.000694948,15701
1186.83,0.069645,0.00069645,15702
1185.6,0.0697898,0.000697898,15703
1184.42,0.069929,0.00069929,15704
1183.29,0.0700625,0.000700625,15705
1182.21,0.0701904,0.000701904,15706
1181.19,0.0703124,0.000703124,15707
1180.21,0.0704285,0.000704285,15708
1179.29,0.0705388,0.000705388,15709
1178.42,0.070643,0.00070643,15710
1177.6,0.0707411,0.000707411,15711
1176.84,0.0708332,0.000708332,15712
1176.12,0.0709191,0.000709191,15713
1175.46,0.0709987,0.000709987,15714
1174.86,0.0710721,0.000710721,15715
1174.3,0.0711391,0.000711391,15716
1173.8,0.0711998,0.000711998,15717
1173.36,0.0712541,0.000712541,15718
1172.96,0.071302,0.00071302,15719
1172.62,0.0713434,0.000713434,15720
1172.33,0.0713784,0.000713784,15721
1172.1,0.0714068,0.000714068,15722
1171.92,0.0714287,0.000714287,15723
1171.79,0.0714441,0.000714441,15724
1171.72,0.071453,0.00071453,15725
1171.7,0.0714553,0.000714553,15726
1171.74,0.071451,0.00071451,15727
1171.83,0.0714402,0.000714402,15728
1171.97,0.0714229,0.000714229,15729
1172.16,0.071399,0.00071399,15730
1172.41,0.0713687,0.000713687,15731
1172.72,0.0713318,0.000713318,15732
1173.07,0.0712885,0.000712885,15733
1173.48,0.0712387,0.000712387,15734
1173.95,0.0711825,0.000711824,15735
1174.46,0.0711199,0.000711199,15736
1175.03,0.0710509,0.000710509,15737
1175.65,0.0709757,0.000709757,15738
1176.33,0.0708942,0.000708942,15739
1177.06,0.0708065,0.000708065,15740
1177.84,0.0707126,0.000707126,15741
1178.67,0.0706127,0.000706127,15742
1179.56,0.0705067,0.000705066,15743
1180.5,0.0703947,0.000703947,15744
1181.49,0.0702767,0.000702767,15745
1182.53,0.070153,0.00070153,15746
1183.62,0.0700235,0.000700235,15747
1184.77,0.0698882,0.000698882,15748
1185.96,0.0697474,0.000697474,15749
1187.21,0.0696009,0.000696009,15750
1188.51,0.0694491,0.000694491,15751
1189.85,0.0692918,0.000692918,15752
1191.25,0.0691293,0.000691293,15753
1192.7,0.0689615,0.000689615,15754
1194.2,0.0687886,0.000687886,15755
1195.74,0.0686108,0.000686108,15756
1197.34,0.0684279,0.000684279,15757
1198.99,0.0682403,0.000682403,15758
1200.68,0.0680479,0.000680479,15759
1202.42,0.0678509,0.000678509,15760
1204.21,0.0676494,0.000676494,15761
1206.05,0.0674434,0.000674434,15762
1207.93,0.0672331,0.000672331,15763
1209.86,0.0670186,0.000670186,15764
1211.84,0.0668,0.000668,15765
1213.87,0.0665773,0.000665773,15766
1215.94,0.0663508,0.000663508,15767
1218.05,0.0661204,0.000661204,15768
1220.22,0.0658864,0.000658864,15769
1222.42,0.0656488,0.000656488,15770
1224.67,0.0654077,0.000654077,15771
1226.97,0.0651632,0.000651632,15772
1229.31,0.0649155,0.000649155,15773
1231.69,0.0646647,0.000646647,15774
1234.11,0.0644108,0.000644108,15775
1236.58,0.0641539,0.000641539,15776
1239.09,0.0638942,0.000638942,15777
1241.64,0.0636319,0.000636319,15778
1244.24,0.0633669,0.000633669,15779
1246.87,0.0630994,0.000630994,15780
1249.55,0.0628294,0.000628294,15781
1252.26,0.0625572,0.000625572,15782
1255.02,0.0622828,0.000622828,15783
1257.81,0.0620063,0.000620063,15784
1260.65,0.0617278,0.000617278,15785
1263.52,0.0614474,0.000614474,15786
1266.43,0.0611652,0.000611652,15787
1269.38,0.0608814,0.000608814,15788
1272.37,0.0605959,0.000605959,15789
1275.39,0.0603089,0.000603089,15790
1278.45,0.0600205,0.000600205,15791
1281.55,0.0597308,0.000597308,15792
1284.68,0.0594398,0.000594398,15793
1287.85,0.0591478,0.000591478,15794
1291.05,0.0588546,0.000588546,15795
1294.29,0.0585606,0.000585606,15796
1297.56,0.0582656,0.000582656,15797
1300.87,0.0579698,0.000579698,15798
1304.21,0.0576734,0.000576734,15799
1307.58,0.0573763,0.000573763,15800
1310.99,0.0570786,0.000570786,15801
1314.42,0.0567805,0.000567805,15802
1317.89,0.056482,0.00056482,15803
1321.39,0.0561832,0.000561832,15804
1324.92,0.0558841,0.000558841,15805
1328.48,0.0555848,0.000555848,15806
1332.08,0.0552854,0.000552854,15807
1335.7,0.054986,0.00054986,15808
1339.35,0.0546866,0.000546866,15809
1343.03,0.0543873,0.000543873,15810
1346.74,0.0540882,0.000540882,15811
1350.48,0.0537892,0.000537892,15812
1354.24,0.0534905,0.000534905,15813
1358.03,0.0531922,0.000531922,15814
1361.85,0.0528942,0.000528942,15815
1365.7,0.0525967,0.000525967,15816
1369.57,0.0522996,0.000522996,15817
1373.47,0.0520031,0.000520031,15818
1377.4,0.0517072,0.000517072,15819
1381.35,0.051412,0.00051412,15820
1385.32,0.0511174,0.000511174,15821
1389.32,0.0508235,0.000508235,15822
1393.34,0.0505304,0.000505304,15823
1397.39,0.0502382,0.000502382,15824
1401.46,0.0499467,0.000499467,15825
1405.55,0.0496562,0.000496562,15826
1409.67,0.0493666,0.000493666,15827
1413.81,0.049078,0.00049078,15828
1417.97,0.0487904,0.000487904,15829
1422.15,0.0485038,0.000485038,15830
1426.36,0.0482183,0.000482183,15831
1430.58,0.047934,0.00047934,15832
1434.83,0.0476507,0.000476507,15833
1439.09,0.0473686,0.000473686,15834
1443.38,0.0470877,0.000470877,15835
1447.69,0.046808,0.00046808,15836
1452.01,0.0465295,0.000465295,15837
1456.36,0.0462523,0.000462523,15838
1460.72,0.0459764,0.000459764,15839
1465.1,0.0457018,0.000457018,15840
1469.5,0.0454285,0.000454285,15841
1473.92,0.0451565,0.000451565,15842
1478.36,0.0448859,0.000448859,15843
1482.81,0.0446167,0.000446167,15844
1487.28,0.0443489,0.000443489,15845
1491.77,0.0440826,0.000440826,15846
1496.27,0.0438176,0.000438176,15847
1500.79,0.0435541,0.000435541,15848
1505.33,0.043292,0.00043292,15849
1509.88,0.0430314,0.000430314,15850
1514.44,0.0427723,0.000427723,15851
1519.03,0.0425147,0.000425147,15852
1523.62,0.0422586,0.000422586,15853
1528.23,0.0420039,0.000420039,15854
1532.86,0.0417508,0.000417508,15855
1537.5,0.0414992,0.000414992,15856
1542.15,0.0412492,0.000412492,15857
1546.82,0.0410007,0.000410007,15858
1551.5,0.0407537,0.000407537,15859
1556.19,0.0405082,0.000405082,15860
1560.9,0.0402644,0.000402644,15861
1565.61,0.040022,0.00040022,15862
1570.35,0.0397813,0.000397813,15863
1575.09,0.0395421,0.000395421,15864
1579.84,0.0393044,0.000393044,15865
1584.61,0.0390683,0.000390683,15866
1589.39,0.0388338,0.000388338,15867
1594.18,0.0386008,0.000386008,15868
1598.98,0.0383694,0.000383694,15869
1603.79,0.0381396,0.000381396,15870
1608.61,0.0379113,0.000379113,15871
1613.44,0.0376846,0.000376846,15872
1618.28,0.0374594,0.000374594,15873
1623.13,0.0372358,0.000372358,15874
1627.99,0.0370138,0.000370138,15875
1632.87,0.0367933,0.000367933,15876
1637.75,0.0365743,0.000365743,15877
1642.64,0.0363569,0.000363569,15878
1647.53,0.036141,0.00036141,15879
1652.44,0.0359267,0.000359267,15880
1657.36,0.0357139,0.000357139,15881
1662.28,0.0355026,0.000355026,15882
1667.21,0.0352929,0.000352929,15883
1672.15,0.0350846,0.000350846,15884
1677.1,0.0348779,0.000348779,15885
1682.06,0.0346726,0.000346727,15886
1687.02,0.0344689,0.000344689,15887
1691.99,0.0342667,0.000342667,15888
1696.97,0.0340659,0.000340659,15889
1701.96,0.0338667,0.000338667,15890
1706.95,0.0336689,0.000336689,15891
1711.95,0.0334725,0.000334725,15892
1716.95,0.0332777,0.000332777,15893
1721.96,0.0330842,0.000330842,15894
1726.98,0.0328923,0.000328923,15895
1732.01,0.0327017,0.000327017,15896
1737.04,0.0325126,0.000325126,15897
1742.07,0.0323249,0.000323249,15898
1747.11,0.0321386,0.000321386,15899
1752.16,0.0319538,0.000319538,15900
1757.21,0.0317703,0.000317703,15901
1762.27,0.0315882,0.000315882,15902
1767.33,0.0314075,0.000314075,15903
1772.4,0.0312281,0.000312281,15904
1777.47,0.0310502,0.000310502,15905
1782.55,0.0308735,0.000308735,15906
1787.63,0.0306983,0.000306983,15907
1792.72,0.0305243,0.000305243,15908
1797.81,0.0303517,0.000303517,15909
1802.9,0.0301804,0.000301804,15910
1808,0.0300105,0.000300105,15911
1813.1,0.0298418,0.000298418,15912
1818.21,0.0296744,0.000296744,15913
1823.32,0.0295083,0.000295083,15914
1828.43,0.0293435,0.000293435,15915
1833.55,0.0291799,0.000291799,15916
1838.67,0.0290176,0.000290176,15917
1843.79,0.0288566,0.000288566,15918
1848.92,0.0286968,0.000286968,15919
1854.05,0.0285382,0.000285382,15920
1859.18,0.0283808,0.000283808,15921
1864.32,0.0282247,0.000282247,15922
1869.46,0.0280697,0.000280697,15923
1874.6,0.027916,0.00027916,15924
1879.74,0.0277634,0.000277634,15925
1884.89,0.027612,0.00027612,15926
1890.04,0.0274618,0.000274618,15927
1895.19,0.0273127,0.000273127,15928
1900.34,0.0271648,0.000271648,15929
1905.5,0.027018,0.00027018,15930
1910.65,0.0268724,0.000268724,15931
1915.81,0.0267278,0.000267278,15932
1920.97,0.0265844,0.000265844,15933
1926.13,0.0264421,0.000264421,15934
1931.3,0.0263009,0.000263009,15935
1936.46,0.0261608,0.000261608,15936
1941.63,0.0260217,0.000260217,15937
1946.8,0.0258837,0.000258837,15938
1951.97,0.0257468,0.000257468,15939
1957.14,0.025611,0.00025611,15940
1962.31,0.0254761,0.000254761,15941
1967.48,0.0253423,0.000253423,15942
1972.66,0.0252096,0.000252096,15943
1977.83,0.0250778,0.000250778,15944
1983.01,0.0249471,0.000249471,15945
1988.18,0.0248174,0.000248174,15946
1993.36,0.0246886,0.000246886,15947
1998.54,0.0245609,0.000245609,15948
2003.72,0.0244341,0.000244341,15949
2008.9,0.0243082,0.000243082,15950
2014.08,0.0241834,0.000241834,15951
2019.26,0.0240595,0.000240595,15952
2024.44,0.0239365,0.000239365,15953
2029.62,0.0238145,0.000238145,15954
2034.8,0.0236934,0.000236934,15955
2039.98,0.0235732,0.000235732,15956
2045.16,0.0234539,0.000234539,15957
2050.34,0.0233356,0.000233356,15958
2055.52,0.0232181,0.000232181,15959
2060.7,0.0231015,0.000231015,15960
2065.88,0.0229858,0.000229858,15961
2071.06,0.022871,0.00022871,15962
2076.24,0.022757,0.00022757,15963
2081.42,0.0226439,0.000226439,15964
2086.6,0.0225316,0.000225316,15965
2091.77,0.0224202,0.000224202,15966
2096.95,0.0223096,0.000223096,15967
2102.13,0.0221999,0.000221999,15968
2107.31,0.0220909,0.000220909,15969
2112.48,0.0219828,0.000219828,15970
2117.66,0.0218755,0.000218755,15971
2122.83,0.021769,0.00021769,15972
2128,0.0216633,0.000216633,15973
2133.18,0.0215583,0.000215583,15974
2138.35,0.0214542,0.000214542,15975
2143.52,0.0213508,0.000213508,15976
2148.69,0.0212482,0.000212482,15977
2153.86,0.0211463,0.000211463,15978
2159.03,0.0210452,0.000210452,15979
2164.19,0.0209448,0.000209448,15980
2169.36,0.0208452,0.000208452,15981
2174.52,0.0207463,0.000207463,15982
2179.68,0.0206482,0.000206482,15983
2184.85,0.0205507,0.000205507,15984
2190.01,0.020454,0.00020454,15985
2195.17,0.020358,0.00020358,15986
2200.32,0.0202626,0.000202626,15987
2205.48,0.020168,0.00020168,15988
2210.63,0.0200741,0.000200741,15989
2215.79,0.0199808,0.000199808,15990
2220.94,0.0198882,0.000198882,15991
2226.09,0.0197963,0.000197963,15992
2231.23,0.0197051,0.000197051,15993
2236.38,0.0196145,0.000196145,15994
2241.53,0.0195246,0.000195246,15995
2246.67,0.0194353,0.000194353,15996
2251.81,0.0193466,0.000193466,15997
2256.95,0.0192586,0.000192586,15998
2262.09,0.0191712,0.000191712,15999
2267.22,0.0190845,0.000190845,16000
2272.36,0.0189984,0.000189984,16001
2277.49,0.0189128,0.000189128,16002
2282.62,0.0188279,0.000188279,16003
2287.75,0.0187436,0.000187436,16004
2292.87,0.0186599,0.000186599,16005
2298,0.0185768,0.000185768,16006
2303.12,0.0184943,0.000184943,16007
2308.24,0.0184123,0.000184123,16008
2313.35,0.0183309,0.000183309,16009
2318.47,0.0182501,0.000182501,16010
2323.58,0.0181699,0.000181699,16011
2328.69,0.0180902,0.000180902,16012
2333.8,0.0180111,0.000180111,16013
2338.91,0.0179326,0.000179326,16014
2344.01,0.0178545,0.000178545,16015
2349.12,0.0177771,0.000177771,16016
2354.21,0.0177001,0.000177001,16017
2359.31,0.0176237,0.000176237,16018
2364.41,0.0175479,0.000175479,16019
2369.5,0.0174725,0.000174725,16020
2374.59,0.0173977,0.000173977,16021
2379.68,0.0173234,0.000173234,16022
2384.76,0.0172496,0.000172496,16023
2389.84,0.0171763,0.000171763,16024
2394.92,0.0171035,0.000171035,16025
2400,0.0170312,0.000170312,16026
2405.08,0.0169594,0.000169594,16027
2410.15,0.0168881,0.000168881,16028
2415.22,0.0168173,0.000168173,16029
2420.28,0.016747,0.00016747,16030
2425.35,0.0166771,0.000166771,16031
2430.41,0.0166077,0.000166077,16032
2435.47,0.0165388,0.000165388,16033
2440.53,0.0164703,0.000164703,16034
2445.58,0.0164023,0.000164023,16035
2450.63,0.0163348,0.000163348,16036
2455.68,0.0162677,0.000162677,16037
2460.73,0.016201,0.00016201,16038
2465.77,0.0161348,0.000161348,16039
2470.81,0.0160691,0.000160691,16040
2475.85,0.0160038,0.000160038,16041
2480.88,0.0159389,0.000159389,16042
2485.91,0.0158744,0.000158744,16043
2490.94,0.0158104,0.000158104,16044
2495.97,0.0157468,0.000157468,16045
2500.99,0.0156836,0.000156836,16046
2506.01,0.0156208,0.000156208,16047
2511.03,0.0155585,0.000155585,16048
2516.04,0.0154965,0.000154965,16049
2521.05,0.015435,0.00015435,16050
2526.06,0.0153738,0.000153738,16051
2531.06,0.0153131,0.000153131,16052
2536.07,0.0152527,0.000152527,16053
2541.07,0.0151928,0.000151928,16054
2546.06,0.0151332,0.000151332,16055
2551.06,0.015074,0.00015074,16056
2556.05,0.0150152,0.000150152,16057
2561.03,0.0149568,0.000149568,16058
2566.02,0.0148987,0.000148987,16059
2571,0.0148411,0.000148411,16060
2575.98,0.0147838,0.000147838,16061
2580.95,0.0147268,0.000147268,16062
2585.92,0.0146703,0.000146703,16063
2590.89,0.014614,0.00014614,16064
2595.86,0.0145582,0.000145582,16065
2600.82,0.0145027,0.000145027,16066
2605.78,0.0144475,0.000144475,16067
2610.73,0.0143927,0.000143927,16068
2615.69,0.0143383,0.000143383,16069
2620.64,0.0142842,0.000142842,16070
2625.58,0.0142304,0.000142304,16071
2630.53,0.014177,0.00014177,16072
2635.47,0.0141239,0.000141239,16073
2640.41,0.0140711,0.000140711,16074
2645.34,0.0140187,0.000140187,16075
2650.27,0.0139665,0.000139665,16076
2655.2,0.0139148,0.000139148,16077
2660.12,0.0138633,0.000138633,16078
2665.04,0.0138121,0.000138121,16079
2669.96,0.0137613,0.000137613,16080
2674.87,0.0137108,0.000137108,16081
2679.79,0.0136606,0.000136606,16082
2684.69,0.0136107,0.000136107,16083
2689.6,0.0135611,0.000135611,16084
2694.5,0.0135118,0.000135118,16085
2699.4,0.0134628,0.000134628,16086
2704.29,0.0134141,0.000134141,16087
2709.18,0.0133657,0.000133657,16088
2714.07,0.0133176,0.000133176,16089
2718.96,0.0132698,0.000132698,16090
2723.84,0.0132223,0.000132223,16091
2728.72,0.0131751,0.000131751,16092
2733.59,0.0131281,0.000131281,16093
2738.46,0.0130814,0.000130814,16094
2743.33,0.0130351,0.000130351,16095
2748.19,0.0129889,0.000129889,16096
2753.06,0.0129431,0.000129431,16097
2757.91,0.0128976,0.000128976,16098
2762.77,0.0128523,0.000128523,16099
2767.62,0.0128073,0.000128073,16100
2772.47,0.0127625,0.000127625,16101
2777.31,0.012718,0.00012718,16102
2782.15,0.0126738,0.000126738,16103
2786.99,0.0126298,0.000126298,16104
2791.82,0.0125861,0.000125861,16105
2796.66,0.0125427,0.000125427,16106
2801.48,0.0124995,0.000124995,16107
2806.31,0.0124566,0.000124566,16108
2811.13,0.0124139,0.000124139,16109
2815.94,0.0123715,0.000123715,16110
2820.76,0.0123293,0.000123293,16111
2825.57,0.0122873,0.000122873,16112
2830.37,0.0122456,0.000122456,16113
2835.18,0.0122042,0.000122042,16114
2839.98,0.012163,0.00012163,16115
2844.77,0.012122,0.00012122,16116
2849.57,0.0120812,0.000120812,16117
2854.36,0.0120407,0.000120407,16118
2859.14,0.0120004,0.000120004,16119
2863.93,0.0119604,0.000119604,16120
2868.7,0.0119206,0.000119206,16121
2873.48,0.011881,0.00011881,16122
2878.25,0.0118416,0.000118416,16123
2883.02,0.0118025,0.000118025,16124
2887.79,0.0117636,0.000117636,16125
2892.55,0.0117249,0.000117249,16126
2897.31,0.0116864,0.000116864,16127
2902.06,0.0116481,0.000116481,16128
2906.81,0.0116101,0.000116101,16129
2911.56,0.0115722,0.000115722,16130
2916.31,0.0115346,0.000115346,16131
2921.05,0.0114972,0.000114972,16132
2925.79,0.01146,0.0001146,16133
2930.52,0.011423,0.00011423,16134
2935.25,0.0113862,0.000113862,16135
2939.98,0.0113496,0.000113496,16136
2944.7,0.0113132,0.000113132,16137
2949.42,0.011277,0.00011277,16138
2954.14,0.0112411,0.000112411,16139
2958.85,0.0112053,0.000112053,16140
2963.56,0.0111697,0.000111697,16141
2968.27,0.0111343,0.000111343,16142
2972.97,0.0110991,0.000110991,16143
2977.67,0.0110641,0.000110641,16144
2982.36,0.0110293,0.000110293,16145
2987.06,0.0109947,0.000109947,16146
2991.74,0.0109602,0.000109602,16147
2996.43,0.010926,0.00010926,16148
3001.11,0.0108919,0.000108919,16149
3005.79,0.0108581,0.000108581,16150
3010.46,0.0108244,0.000108244,16151
3015.13,0.0107909,0.000107909,16152
3019.8,0.0107575,0.000107575,16153
3024.47,0.0107244,0.000107244,16154
3029.13,0.0106914,0.000106914,16155
3033.78,0.0106586,0.000106586,16156
3038.44,0.010626,0.00010626,16157
3043.09,0.0105935,0.000105935,16158
3047.73,0.0105613,0.000105613,16159
3052.38,0.0105291,0.000105291,16160
3057.01,0.0104972,0.000104972,16161
3061.65,0.0104655,0.000104655,16162
3066.28,0.0104339,0.000104339,16163
3070.91,0.0104024,0.000104024,16164
3075.54,0.0103712,0.000103712,16165
3080.16,0.0103401,0.000103401,16166
3084.78,0.0103091,0.000103091,16167
3089.39,0.0102783,0.000102783,16168
3094,0.0102477,0.000102477,16169
3098.61,0.0102173,0.000102173,16170
3103.21,0.010187,0.00010187,16171
3107.82,0.0101568,0.000101568,16172
3112.41,0.0101269,0.000101269,16173
3117.01,0.010097,0.00010097,16174
3121.6,0.0100674,0.000100674,16175
3126.18,0.0100378,0.000100378,16176
3130.77,0.0100085,0.000100085,16177
3135.35,0.00997926,9.97926e-05,16178
3139.92,0.00995019,9.95019e-05,16179
3144.49,0.00992127,9.92127e-05,16180
3149.06,0.0098925,9.8925e-05,16181
3153.63,0.00986388,9.86388e-05,16182
3158.19,0.0098354,9.8354e-05,16183
3162.75,0.00980707,9.80707e-05,16184
3167.3,0.00977888,9.77888e-05,16185
3171.86,0.00975084,9.75084e-05,16186
3176.4,0.00972294,9.72294e-05,16187
3180.95,0.00969518,9.69518e-05,16188
3185.49,0.00966755,9.66755e-05,16189
3190.03,0.00964007,9.64007e-05,16190
3194.56,0.00961272,9.61273e-05,16191
3199.09,0.00958552,9.58552e-05,16192
3203.62,0.00955845,9.55845e-05,16193
3208.14,0.00953151,9.53151e-05,16194
3212.66,0.00950471,9.50471e-05,16195
3217.18,0.00947804,9.47804e-05,16196
3221.69,0.0094515,9.45151e-05,16197
3226.2,0.0094251,9.4251e-05,16198
3230.71,0.00939883,9.39883e-05,16199
3235.21,0.00937268,9.37268e-05,16200
3239.71,0.00934667,9.34667e-05,16201
3244.21,0.00932078,9.32078e-05,16202
3248.7,0.00929503,9.29503e-05,16203
3253.19,0.00926939,9.26939e-05,16204
3257.67,0.00924389,9.24389e-05,16205
3262.15,0.0092185,9.2185e-05,16206
3266.63,0.00919325,9.19325e-05,16207
3271.11,0.00916811,9.16811e-05,16208
3275.58,0.0091431,9.1431e-05,16209
3280.04,0.00911821,9.11821e-05,16210
3284.51,0.00909344,9.09344e-05,16211
3288.97,0.00906879,9.06879e-05,16212
3293.43,0.00904426,9.04426e-05,16213
3297.88,0.00901984,9.01985e-05,16214
3302.33,0.00899555,8.99555e-05,16215
3306.78,0.00897137,8.97137e-05,16216
3311.22,0.00894731,8.94731e-05,16217
3315.66,0.00892336,8.92336e-05,16218
3320.1,0.00889953,8.89953e-05,16219
3324.53,0.00887581,8.87581e-05,16220
3328.96,0.00885221,8.85221e-05,16221
3333.39,0.00882871,8.82871e-05,16222
3337.81,0.00880533,8.80533e-05,16223
3342.23,0.00878206,8.78206e-05,16224
3346.65,0.0087589,8.7589e-05,16225
3351.06,0.00873585,8.73585e-05,16226
3355.47,0.00871291,8.71291e-05,16227
3359.87,0.00869007,8.69007e-05,16228
3364.27,0.00866735,8.66735e-05,16229
3368.67,0.00864473,8.64473e-05,16230
3373.07,0.00862221,8.62221e-05,16231
3377.46,0.0085998,8.5998e-05,16232
3381.85,0.0085775,8.5775e-05,16233
3386.23,0.0085553,8.5553e-05,16234
3390.62,0.0085332,8.5332e-05,16235
3394.99,0.00851121,8.51121e-05,16236
3399.37,0.00848932,8.48932e-05,16237
3403.74,0.00846753,8.46753e-05,16238
3408.11,0.00844584,8.44584e-05,16239
3412.47,0.00842425,8.42425e-05,16240
3416.83,0.00840276,8.40276e-05,16241
3421.19,0.00838136,8.38136e-05,16242
3425.54,0.00836007,8.36007e-05,16243
3429.89,0.00833887,8.33887e-05,16244
3434.24,0.00831778,8.31778e-05,16245
3438.59,0.00829677,8.29677e-05,16246
3442.93,0.00827587,8.27587e-05,16247
3447.26,0.00825506,8.25506e-05,16248
3451.6,0.00823434,8.23434e-05,16249
3455.93,0.00821371,8.21371e-05,16250
3460.26,0.00819318,8.19318e-05,16251
3464.58,0.00817275,8.17275e-05,16252
3468.9,0.0081524,8.1524e-05,16253
3473.22,0.00813215,8.13215e-05,16254
3477.53,0.00811199,8.11199e-05,16255
3481.84,0.00809192,8.09192e-05,16256
3486.15,0.00807194,8.07194e-05,16257
3490.45,0.00805205,8.05205e-05,16258
3494.75,0.00803224,8.03224e-05,16259
3499.05,0.00801253,8.01253e-05,16260
3503.34,0.0079929,7.9929e-05,16261
3507.63,0.00797337,7.97337e-05,16262
3511.92,0.00795391,7.95391e-05,16263
3516.2,0.00793455,7.93455e-05,16264
3520.48,0.00791527,7.91527e-05,16265
3524.76,0.00789607,7.89607e-05,16266
3529.03,0.00787696,7.87696e-05,16267
3533.3,0.00785793,7.85793e-05,16268
3537.56,0.00783899,7.83899e-05,16269
3541.83,0.00782013,7.82013e-05,16270
3546.09,0.00780136,7.80136e-05,16271
3550.34,0.00778266,7.78266e-05,16272
3554.6,0.00776405,7.76405e-05,16273
3558.85,0.00774552,7.74552e-05,16274
3563.09,0.00772707,7.72707e-05,16275
3567.34,0.00770869,7.70869e-05,16276
3571.58,0.0076904,7.6904e-05,16277
3575.81,0.00767219,7.67219e-05,16278
3580.05,0.00765406,7.65406e-05,16279
3584.27,0.00763601,7.63601e-05,16280
3588.5,0.00761803,7.61803e-05,16281
3592.72,0.00760013,7.60013e-05,16282
3596.94,0.00758231,7.58231e-05,16283
3601.16,0.00756457,7.56457e-05,16284
3605.37,0.0075469,7.5469e-05,16285
3609.58,0.0075293,7.5293e-05,16286
3613.79,0.00751178,7.51178e-05,16287
3617.99,0.00749434,7.49434e-05,16288
3622.19,0.00747697,7.47697e-05,16289
3626.39,0.00745968,7.45968e-05,16290
3630.58,0.00744245,7.44245e-05,16291
3634.77,0.0074253,7.4253e-05,16292
3638.96,0.00740823,7.40823e-05,16293
3643.14,0.00739122,7.39122e-05,16294
3647.32,0.00737429,7.37429e-05,16295
3651.5,0.00735743,7.35743e-05,16296
3655.68,0.00734064,7.34064e-05,16297
3659.85,0.00732392,7.32392e-05,16298
3664.01,0.00730727,7.30727e-05,16299
3668.18,0.00729069,7.29069e-05,16300
3672.34,0.00727417,7.27417e-05,16301
3676.5,0.00725773,7.25773e-05,16302
3680.65,0.00724136,7.24136e-05,16303
3684.8,0.00722505,7.22505e-05,16304
3688.95,0.00720882,7.20882e-05,16305
3693.09,0.00719265,7.19265e-05,16306
3697.23,0.00717654,7.17654e-05,16307
3701.37,0.00716051,7.16051e-05,16308
3705.51,0.00714453,7.14453e-05,16309
3709.64,0.00712863,7.12863e-05,16310
3713.77,0.00711279,7.11279e-05,16311
3717.89,0.00709702,7.09702e-05,16312
3722.01,0.00708131,7.08131e-05,16313
3726.13,0.00706566,7.06566e-05,16314
3730.25,0.00705008,7.05008e-05,16315
3734.36,0.00703456,7.03456e-05,16316
3738.47,0.00701911,7.01911e-05,16317
3742.57,0.00700372,7.00372e-05,16318
3746.68,0.00698839,6.98839e-05,16319
3750.77,0.00697312,6.97312e-05,16320
3754.87,0.00695791,6.95791e-05,16321
3758.96,0.00694277,6.94277e-05,16322
3763.05,0.00692769,6.92769e-05,16323
3767.14,0.00691267,6.91267e-05,16324
3771.22,0.00689771,6.89771e-05,16325
3775.3,0.00688281,6.88281e-05,16326
3779.38,0.00686797,6.86797e-05,16327
3783.45,0.00685319,6.85319e-05,16328
3787.52,0.00683846,6.83846e-05,16329
3791.59,0.0068238,6.8238e-05,16330
3795.65,0.0068092,6.8092e-05,16331
3799.71,0.00679465,6.79465e-05,16332
3803.77,0.00678016,6.78016e-05,16333
3807.83,0.00676573,6.76573e-05,16334
3811.88,0.00675135,6.75135e-05,16335
3815.93,0.00673704,6.73704e-05,16336
3819.97,0.00672278,6.72278e-05,16337
3824.01,0.00670857,6.70857e-05,16338
3828.05,0.00669442,6.69442e-05,16339
3832.09,0.00668033,6.68033e-05,16340
3836.12,0.0066663,6.6663e-05,16341
3840.15,0.00665231,6.65231e-05,16342
3844.18,0.00663839,6.63839e-05,16343
3848.2,0.00662451,6.62451e-05,16344
3852.22,0.00661069,6.61069e-05,16345
3856.24,0.00659693,6.59693e-05,16346
3860.25,0.00658322,6.58322e-05,16347
3864.26,0.00656956,6.56956e-05,16348
3868.27,0.00655596,6.55596e-05,16349
3872.27,0.0065424,6.5424e-05,16350
3876.27,0.0065289,6.5289e-05,16351
3880.27,0.00651546,6.51546e-05,16352
3884.27,0.00650206,6.50206e-05,16353
3888.26,0.00648872,6.48872e-05,16354
3892.25,0.00647543,6.47543e-05,16355
3896.23,0.00646218,6.46218e-05,16356
3900.21,0.00644899,6.44899e-05,16357
3904.19,0.00643585,6.43585e-05,16358
3908.17,0.00642276,6.42276e-05,16359
3912.14,0.00640972,6.40972e-05,16360
3916.11,0.00639673,6.39673e-05,16361
3920.08,0.00638379,6.38379e-05,16362
3924.05,0.0063709,6.3709e-05,16363
3928.01,0.00635806,6.35806e-05,16364
3931.96,0.00634527,6.34527e-05,16365
3935.92,0.00633252,6.33252e-05,16366
3939.87,0.00631983,6.31983e-05,16367
3943.82,0.00630718,6.30718e-05,16368
3947.76,0.00629458,6.29458e-05,16369
3951.71,0.00628202,6.28202e-05,16370
3955.65,0.00626952,6.26952e-05,16371
3959.58,0.00625706,6.25706e-05,16372
3963.52,0.00624465,6.24465e-05,16373
3967.45,0.00623228,6.23228e-05,16374
3971.37,0.00621996,6.21996e-05,16375
3975.3,0.00620769,6.20769e-05,16376
3979.22,0.00619546,6.19546e-05,16377
3983.14,0.00618328,6.18328e-05,16378
3987.05,0.00617114,6.17114e-05,16379
3990.96,0.00615905,6.15905e-05,16380
3994.87,0.006147,6.147e-05,16381
3998.78,0.006135,6.135e-05,16382
4002.68,0.00612304,6.12304e-05,16383
4006.58,0.00611113,6.11113e-05,16384
4010.48,0.00609926,6.09926e-05,16385
4014.37,0.00608743,6.08743e-05,16386
4018.26,0.00607565,6.07565e-05,16387
4022.15,0.00606391,6.06391e-05,16388
4026.03,0.00605221,6.05221e-05,16389
4029.91,0.00604056,6.04056e-05,16390
4033.79,0.00602895,6.02895e-05,16391
4037.67,0.00601738,6.01738e-05,16392
4041.54,0.00600586,6.00586e-05,16393
4045.41,0.00599437,5.99437e-05,16394
4049.28,0.00598293,5.98293e-05,16395
4053.14,0.00597153,5.97153e-05,16396
4057,0.00596017,5.96017e-05,16397
4060.86,0.00594885,5.94885e-05,16398
4064.71,0.00593757,5.93757e-05,16399
4068.57,0.00592634,5.92634e-05,16400
4072.41,0.00591514,5.91514e-05,16401
4076.26,0.00590398,5.90398e-05,16402
4080.1,0.00589287,5.89287e-05,16403
4083.94,0.00588179,5.88179e-05,16404
4087.78,0.00587076,5.87076e-05,16405
4091.61,0.00585976,5.85976e-05,16406
4095.44,0.0058488,5.8488e-05,16407
4099.27,0.00583788,5.83788e-05,16408
4103.1,0.005827,5.827e-05,16409
4106.92,0.00581616,5.81616e-05,16410
4110.74,0.00580536,5.80536e-05,16411
4114.55,0.0057946,5.7946e-05,16412
4118.37,0.00578387,5.78387e-05,16413
4122.18,0.00577318,5.77318e-05,16414
4125.99,0.00576253,5.76253e-05,16415
4129.79,0.00575192,5.75192e-05,16416
4133.59,0.00574135,5.74135e-05,16417
4137.39,0.00573081,5.73081e-05,16418
4141.19,0.00572031,5.72031e-05,16419
4144.98,0.00570985,5.70985e-05,16420
4148.77,0.00569942,5.69942e-05,16421
4152.55,0.00568903,5.68903e-05,16422
4156.34,0.00567868,5.67868e-05,16423
4160.12,0.00566836,5.66836e-05,16424
4163.9,0.00565808,5.65808e-05,16425
4167.67,0.00564783,5.64783e-05,16426
4171.45,0.00563762,5.63762e-05,16427
4175.21,0.00562745,5.62745e-05,16428
4178.98,0.00561731,5.61731e-05,16429
4182.74,0.00560721,5.60721e-05,16430
4186.5,0.00559714,5.59714e-05,16431
4190.26,0.0055871,5.5871e-05,16432
4194.02,0.0055771,5.5771e-05,16433
4197.77,0.00556714,5.56714e-05,16434
4201.52,0.0055572,5.5572e-05,16435
4205.27,0.00554731,5.54731e-05,16436
4209.01,0.00553744,5.53744e-05,16437
4212.75,0.00552762,5.52762e-05,16438
4216.49,0.00551782,5.51782e-05,16439
4220.22,0.00550806,5.50806e-05,16440
4223.95,0.00549833,5.49833e-05,16441
4227.68,0.00548863,5.48863e-05,16442
4231.41,0.00547897,5.47897e-05,16443
4235.13,0.00546934,5.46934e-05,16444
4238.85,0.00545975,5.45975e-05,16445
4242.57,0.00545018,5.45018e-05,16446
4246.28,0.00544065,5.44065e-05,16447
4250,0.00543115,5.43115e-05,16448
4253.71,0.00542168,5.42168e-05,16449
4257.41,0.00541225,5.41225e-05,16450
4261.11,0.00540285,5.40285e-05,16451
4264.82,0.00539347,5.39347e-05,16452
4268.51,0.00538413,5.38413e-05,16453
4272.21,0.00537483,5.37483e-05,16454
4275.9,0.00536555,5.36555e-05,16455
4279.59,0.0053563,5.3563e-05,16456
4283.27,0.00534709,5.34709e-05,16457
4286.96,0.0053379,5.3379e-05,16458
4290.64,0.00532875,5.32875e-05,16459
4294.32,0.00531962,5.31962e-05,16460
4297.99,0.00531053,5.31053e-05,16461
4301.66,0.00530147,5.30147e-05,16462
4305.33,0.00529243,5.29243e-05,16463
4309,0.00528343,5.28343e-05,16464
4312.66,0.00527446,5.27446e-05,16465
4316.32,0.00526552,5.26552e-05,16466
4319.98,0.0052566,5.2566e-05,16467
4323.64,0.00524772,5.24772e-05,16468
4327.29,0.00523886,5.23886e-05,16469
4330.94,0.00523004,5.23004e-05,16470
4334.59,0.00522124,5.22124e-05,16471
4338.23,0.00521247,5.21247e-05,16472
4341.87,0.00520373,5.20373e-05,16473
4345.51,0.00519502,5.19502e-05,16474
4349.15,0.00518634,5.18634e-05,16475
4352.78,0.00517768,5.17768e-05,16476
4356.41,0.00516906,5.16906e-05,16477
4360.04,0.00516046,5.16046e-05,16478
4363.66,0.00515189,5.15189e-05,16479
4367.28,0.00514335,5.14335e-05,16480
4370.9,0.00513484,5.13484e-05,16481
4374.52,0.00512635,5.12635e-05,16482
4378.13,0.00511789,5.11789e-05,16483
4381.75,0.00510946,5.10946e-05,16484
4385.35,0.00510105,5.10105e-05,16485
4388.96,0.00509267,5.09267e-05,16486
4392.56,0.00508432,5.08432e-05,16487
4396.16,0.005076,5.076e-05,16488
4399.76,0.0050677,5.0677e-05,16489
4403.35,0.00505943,5.05943e-05,16490
4406.95,0.00505119,5.05119e-05,16491
4410.53,0.00504297,5.04297e-05,16492
4414.12,0.00503478,5.03478e-05,16493
4417.7,0.00502662,5.02662e-05,16494
4421.28,0.00501848,5.01848e-05,16495
4424.86,0.00501037,5.01036e-05,16496
4428.44,0.00500228,5.00228e-05,16497
4432.01,0.00499422,4.99422e-05,16498
4435.58,0.00498618,4.98618e-05,16499
4439.15,0.00497817,4.97817e-05,16500
4442.71,0.00497019,4.97019e-05,16501
4446.27,0.00496223,4.96223e-05,16502
4449.83,0.00495429,4.95429e-05,16503
4453.39,0.00494638,4.94638e-05,16504
4456.94,0.0049385,4.9385e-05,16505
4460.49,0.00493064,4.93064e-05,16506
4464.04,0.0049228,4.9228e-05,16507
4467.59,0.00491499,4.91499e-05,16508
4471.13,0.00490721,4.90721e-05,16509
4474.67,0.00489944,4.89944e-05,16510
4478.21,0.00489171,4.89171e-05,16511
4481.74,0.00488399,4.88399e-05,16512
4485.28,0.0048763,4.8763e-05,16513
4488.81,0.00486864,4.86864e-05,16514
4492.33,0.004861,4.861e-05,16515
4495.86,0.00485338,4.85338e-05,16516
4499.38,0.00484579,4.84579e-05,16517
4502.9,0.00483822,4.83822e-05,16518
4506.41,0.00483067,4.83067e-05,16519
4509.93,0.00482315,4.82315e-05,16520
4513.44,0.00481564,4.81564e-05,16521
4516.94,0.00480817,4.80817e-05,16522
4520.45,0.00480071,4.80071e-05,16523
4523.95,0.00479328,4.79328e-05,16524
4527.45,0.00478587,4.78587e-05,16525
4530.95,0.00477849,4.77849e-05,16526
4534.44,0.00477112,4.77112e-05,16527
4537.94,0.00476379,4.76379e-05,16528
4541.43,0.00475647,4.75647e-05,16529
4544.91,0.00474917,4.74917e-05,16530
4548.4,0.0047419,4.7419e-05,16531
4551.88,0.00473465,4.73465e-05,16532
4555.36,0.00472742,4.72742e-05,16533
4558.83,0.00472021,4.72021e-05,16534
4562.31,0.00471303,4.71303e-05,16535
4565.78,0.00470586,4.70586e-05,16536
4569.25,0.00469872,4.69872e-05,16537
4572.71,0.0046916,4.6916e-05,16538
4576.18,0.0046845,4.6845e-05,16539
4579.64,0.00467743,4.67743e-05,16540
4583.09,0.00467037,4.67037e-05,16541
4586.55,0.00466334,4.66334e-05,16542
4590,0.00465632,4.65632e-05,16543
4593.45,0.00464933,4.64933e-05,16544
4596.9,0.00464236,4.64236e-05,16545
4600.34,0.00463541,4.63541e-05,16546
4603.79,0.00462848,4.62848e-05,16547
4607.23,0.00462157,4.62157e-05,16548
4610.66,0.00461469,4.61469e-05,16549
4614.1,0.00460782,4.60782e-05,16550
4617.53,0.00460097,4.60097e-05,16551
4620.96,0.00459415,4.59415e-05,16552
4624.39,0.00458734,4.58734e-05,16553
4627.81,0.00458055,4.58055e-05,16554
4631.23,0.00457379,4.57379e-05,16555
4634.65,0.00456704,4.56704e-05,16556
4638.07,0.00456032,4.56032e-05,16557
4641.48,0.00455361,4.55361e-05,16558
4644.89,0.00454692,4.54692e-05,16559
4648.3,0.00454026,4.54026e-05,16560
4651.71,0.00453361,4.53361e-05,16561
4655.11,0.00452699,4.52699e-05,16562
4658.51,0.00452038,4.52038e-05,16563
4661.91,0.00451379,4.51379e-05,16564
4665.31,0.00450722,4.50722e-05,16565
4668.7,0.00450067,4.50067e-05,16566
4672.09,0.00449414,4.49414e-05,16567
4675.48,0.00448763,4.48763e-05,16568
4678.86,0.00448114,4.48114e-05,16569
4682.25,0.00447466,4.47466e-05,16570
4685.63,0.00446821,4.46821e-05,16571
4689,0.00446178,4.46178e-05,16572
4692.38,0.00445536,4.45536e-05,16573
4695.75,0.00444896,4.44896e-05,16574
4699.12,0.00444258,4.44258e-05,16575
4702.49,0.00443622,4.43622e-05,16576
4705.86,0.00442988,4.42988e-05,16577
4709.22,0.00442355,4.42355e-05,16578
4712.58,0.00441725,4.41725e-05,16579
4715.94,0.00441096,4.41096e-05,16580
4719.29,0.00440469,4.40469e-05,16581
4722.64,0.00439844,4.39844e-05,16582
4725.99,0.0043922,4.3922e-05,16583
4729.34,0.00438599,4.38599e-05,16584
4732.69,0.00437979,4.37979e-05,16585
4736.03,0.00437361,4.37361e-05,16586
4739.37,0.00436745,4.36745e-05,16587
4742.71,0.0043613,4.3613e-05,16588
4746.04,0.00435518,4.35518e-05,16589
4749.38,0.00434907,4.34907e-05,16590
4752.71,0.00434297,4.34297e-05,16591
4756.03,0.0043369,4.3369e-05,16592
4759.36,0.00433084,4.33084e-05,16593
4762.68,0.0043248,4.3248e-05,16594
4766,0.00431878,4.31878e-05,16595
4769.32,0.00431277,4.31277e-05,16596
4772.63,0.00430678,4.30678e-05,16597
4775.95,0.00430081,4.30081e-05,16598
4779.26,0.00429485,4.29485e-05,16599
4782.56,0.00428891,4.28891e-05,16600
4785.87,0.00428299,4.28299e-05,16601
4789.17,0.00427709,4.27709e-05,16602
4792.47,0.0042712,4.2712e-05,16603
4795.77,0.00426533,4.26533e-05,16604
4799.06,0.00425947,4.25947e-05,16605
4802.36,0.00425363,4.25363e-05,16606
4805.65,0.00424781,4.24781e-05,16607
4808.94,0.00424201,4.24201e-05,16608
4812.22,0.00423622,4.23622e-05,16609
4815.5,0.00423044,4.23044e-05,16610
4818.78,0.00422468,4.22468e-05,16611
4822.06,0.00421894,4.21894e-05,16612
4825.34,0.00421322,4.21322e-05,16613
4828.61,0.00420751,4.20751e-05,16614
4831.88,0.00420181,4.20181e-05,16615
4835.15,0.00419613,4.19613e-05,16616
4838.41,0.00419047,4.19047e-05,16617
4841.68,0.00418483,4.18483e-05,16618
4844.94,0.00417919,4.17919e-05,16619
4848.2,0.00417358,4.17358e-05,16620
4851.45,0.00416798,4.16798e-05,16621
4854.71,0.00416239,4.16239e-05,16622
4857.96,0.00415682,4.15682e-05,16623
4861.21,0.00415127,4.15127e-05,16624
4864.45,0.00414573,4.14573e-05,16625
4867.7,0.00414021,4.14021e-05,16626
4870.94,0.0041347,4.1347e-05,16627
4874.18,0.0041292,4.1292e-05,16628
4877.41,0.00412373,4.12373e-05,16629
4880.65,0.00411826,4.11826e-05,16630
4883.88,0.00411281,4.11281e-05,16631
4887.11,0.00410738,4.10738e-05,16632
4890.34,0.00410196,4.10196e-05,16633
4893.56,0.00409656,4.09656e-05,16634
4896.78,0.00409117,4.09117e-05,16635
4900,0.0040858,4.0858e-05,16636
4903.22,0.00408044,4.08044e-05,16637
4906.43,0.00407509,4.07509e-05,16638
4909.65,0.00406976,4.06976e-05,16639
4912.86,0.00406444,4.06444e-05,16640
4916.06,0.00405914,4.05914e-05,16641
4919.27,0.00405385,4.05385e-05,16642
4922.47,0.00404858,4.04858e-05,16643
4925.67,0.00404332,4.04332e-05,16644
4928.87,0.00403807,4.03807e-05,16645
4932.07,0.00403284,4.03284e-05,16646
4935.26,0.00402763,4.02763e-05,16647
4938.45,0.00402242,4.02242e-05,16648
4941.64,0.00401723,4.01723e-05,16649
4944.82,0.00401206,4.01206e-05,16650
4948.01,0.0040069,4.0069e-05,16651
4951.19,0.00400175,4.00175e-05,16652
4954.37,0.00399662,3.99662e-05,16653
4957.55,0.0039915,3.9915e-05,16654
4960.72,0.00398639,3.98639e-05,16655
4963.89,0.0039813,3.9813e-05,16656
4967.06,0.00397622,3.97622e-05,16657
4970.23,0.00397115,3.97115e-05,16658
4973.39,0.0039661,3.9661e-05,16659
4976.56,0.00396106,3.96106e-05,16660
4979.72,0.00395603,3.95603e-05,16661
4982.87,0.00395102,3.95102e-05,16662
4986.03,0.00394602,3.94602e-05,16663
4989.18,0.00394104,3.94104e-05,16664
4992.33,0.00393606,3.93606e-05,16665
4995.48,0.0039311,3.9311e-05,16666
4998.63,0.00392616,3.92616e-05,16667
5001.77,0.00392122,3.92122e-05,16668
5004.91,0.0039163,3.9163e-05,16669
5008.05,0.00391139,3.91139e-05,16670
5011.19,0.0039065,3.9065e-05,16671
5014.32,0.00390162,3.90162e-05,16672
5017.45,0.00389675,3.89675e-05,16673
5020.58,0.00389189,3.89189e-05,16674
5023.71,0.00388705,3.88705e-05,16675
5026.84,0.00388222,3.88222e-05,16676
5029.96,0.0038774,3.8774e-05,16677
5033.08,0.00387259,3.87259e-05,16678
5036.2,0.0038678,3.8678e-05,16679
5039.31,0.00386302,3.86302e-05,16680
5042.43,0.00385825,3.85825e-05,16681
5045.54,0.00385349,3.85349e-05,16682
5048.64,0.00384875,3.84875e-05,16683
5051.75,0.00384402,3.84402e-05,16684
5054.86,0.0038393,3.8393e-05,16685
5057.96,0.00383459,3.83459e-05,16686
5061.06,0.00382989,3.82989e-05,16687
5064.15,0.00382521,3.82521e-05,16688
5067.25,0.00382054,3.82054e-05,16689
5070.34,0.00381588,3.81588e-05,16690
5073.43,0.00381123,3.81123e-05,16691
5076.52,0.0038066,3.8066e-05,16692
5079.6,0.00380197,3.80197e-05,16693
5082.69,0.00379736,3.79736e-05,16694
5085.77,0.00379276,3.79276e-05,16695
5088.85,0.00378818,3.78818e-05,16696
5091.92,0.0037836,3.7836e-05,16697
5095,0.00377903,3.77903e-05,16698
5098.07,0.00377448,3.77448e-05,16699
5101.14,0.00376994,3.76994e-05,16700
5104.21,0.00376541,3.76541e-05,16701
5107.27,0.00376089,3.76089e-05,16702
5110.33,0.00375639,3.75639e-05,16703
5113.4,0.00375189,3.75189e-05,16704
5116.45,0.00374741,3.74741e-05,16705
5119.51,0.00374294,3.74294e-05,16706
5122.56,0.00373847,3.73847e-05,16707
5125.61,0.00373402,3.73402e-05,16708
5128.66,0.00372959,3.72959e-05,16709
5131.71,0.00372516,3.72516e-05,16710
5134.75,0.00372074,3.72074e-05,16711
5137.8,0.00371634,3.71634e-05,16712
5140.84,0.00371194,3.71194e-05,16713
5143.87,0.00370756,3.70756e-05,16714
5146.91,0.00370319,3.70319e-05,16715
5149.94,0.00369883,3.69883e-05,16716
5152.97,0.00369448,3.69448e-05,16717
5156,0.00369014,3.69014e-05,16718
5159.03,0.00368581,3.68581e-05,16719
5162.05,0.00368149,3.68149e-05,16720
5165.08,0.00367719,3.67719e-05,16721
5168.1,0.00367289,3.67289e-05,16722
5171.11,0.0036686,3.6686e-05,16723
5174.13,0.00366433,3.66433e-05,16724
5177.14,0.00366007,3.66007e-05,16725
5180.15,0.00365581,3.65581e-05,16726
5183.16,0.00365157,3.65157e-05,16727
5186.17,0.00364734,3.64734e-05,16728
5189.17,0.00364312,3.64312e-05,16729
5192.17,0.0036389,3.6389e-05,16730
5195.17,0.0036347,3.6347e-05,16731
5198.17,0.00363051,3.63051e-05,16732
5201.17,0.00362633,3.62633e-05,16733
5204.16,0.00362216,3.62216e-05,16734
5207.15,0.003618,3.618e-05,16735
5210.14,0.00361385,3.61385e-05,16736
5213.13,0.00360971,3.60971e-05,16737
5216.11,0.00360558,3.60558e-05,16738
5219.09,0.00360147,3.60147e-05,16739
5222.07,0.00359736,3.59736e-05,16740
5225.05,0.00359326,3.59326e-05,16741
5228.02,0.00358917,3.58917e-05,16742
5231,0.00358509,3.58509e-05,16743
5233.97,0.00358102,3.58102e-05,16744
5236.94,0.00357696,3.57696e-05,16745
5239.9,0.00357291,3.57291e-05,16746
5242.87,0.00356888,3.56888e-05,16747
5245.83,0.00356485,3.56485e-05,16748
5248.79,0.00356083,3.56083e-05,16749
5251.75,0.00355682,3.55682e-05,16750
5254.7,0.00355282,3.55282e-05,16751
5257.66,0.00354883,3.54883e-05,16752
5260.61,0.00354485,3.54485e-05,16753
5263.56,0.00354088,3.54088e-05,16754
5266.5,0.00353691,3.53691e-05,16755
5269.45,0.00353296,3.53296e-05,16756
5272.39,0.00352902,3.52902e-05,16757
5275.33,0.00352509,3.52509e-05,16758
5278.27,0.00352116,3.52116e-05,16759
5281.2,0.00351725,3.51725e-05,16760
5284.14,0.00351335,3.51335e-05,16761
5287.07,0.00350945,3.50945e-05,16762
5290,0.00350557,3.50557e-05,16763
5292.92,0.00350169,3.50169e-05,16764
5295.85,0.00349782,3.49782e-05,16765
5298.77,0.00349397,3.49397e-05,16766
5301.69,0.00349012,3.49012e-05,16767
5304.61,0.00348628,3.48628e-05,16768
5307.53,0.00348245,3.48245e-05,16769
5310.44,0.00347863,3.47863e-05,16770
5313.35,0.00347481,3.47481e-05,16771
5316.26,0.00347101,3.47101e-05,16772
5319.17,0.00346722,3.46722e-05,16773
5322.08,0.00346343,3.46343e-05,16774
5324.98,0.00345966,3.45966e-05,16775
5327.88,0.00345589,3.45589e-05,16776
5330.78,0.00345213,3.45213e-05,16777
5333.68,0.00344838,3.44838e-05,16778
5336.57,0.00344464,3.44464e-05,16779
5339.46,0.00344091,3.44091e-05,16780
5342.35,0.00343719,3.43719e-05,16781
5345.24,0.00343348,3.43348e-05,16782
5348.13,0.00342977,3.42977e-05,16783
5351.01,0.00342608,3.42608e-05,16784
5353.89,0.00342239,3.42239e-05,16785
5356.77,0.00341871,3.41871e-05,16786
5359.65,0.00341504,3.41504e-05,16787
5362.53,0.00341138,3.41138e-05,16788
5365.4,0.00340773,3.40773e-05,16789
5368.27,0.00340408,3.40408e-05,16790
5371.14,0.00340045,3.40045e-05,16791
5374.01,0.00339682,3.39682e-05,16792
5376.87,0.0033932,3.3932e-05,16793
5379.73,0.00338959,3.38959e-05,16794
5382.6,0.00338599,3.38599e-05,16795
5385.45,0.0033824,3.3824e-05,16796
5388.31,0.00337881,3.37881e-05,16797
5391.16,0.00337523,3.37523e-05,16798
5394.02,0.00337167,3.37167e-05,16799
5396.87,0.00336811,3.36811e-05,16800
5399.71,0.00336455,3.36455e-05,16801
5402.56,0.00336101,3.36101e-05,16802
5405.4,0.00335747,3.35747e-05,16803
5408.25,0.00335395,3.35395e-05,16804
5411.08,0.00335043,3.35043e-05,16805
5413.92,0.00334692,3.34692e-05,16806
5416.76,0.00334342,3.34342e-05,16807
5419.59,0.00333992,3.33992e-05,16808
5422.42,0.00333643,3.33643e-05,16809
5425.25,0.00333296,3.33296e-05,16810
5428.08,0.00332949,3.32949e-05,16811
5430.9,0.00332602,3.32602e-05,16812
5433.72,0.00332257,3.32257e-05,16813
5436.54,0.00331912,3.31912e-05,16814
5439.36,0.00331568,3.31568e-05,16815
5442.18,0.00331225,3.31225e-05,16816
5444.99,0.00330883,3.30883e-05,16817
5447.81,0.00330541,3.30541e-05,16818
5450.62,0.00330201,3.30201e-05,16819
5453.42,0.00329861,3.29861e-05,16820
5456.23,0.00329522,3.29522e-05,16821
5459.03,0.00329183,3.29183e-05,16822
5461.83,0.00328846,3.28846e-05,16823
5464.63,0.00328509,3.28509e-05,16824
5467.43,0.00328173,3.28173e-05,16825
5470.23,0.00327837,3.27837e-05,16826
5473.02,0.00327503,3.27503e-05,16827
5475.81,0.00327169,3.27169e-05,16828
5478.6,0.00326836,3.26836e-05,16829
5481.39,0.00326504,3.26504e-05,16830
5484.17,0.00326172,3.26172e-05,16831
5486.96,0.00325841,3.25841e-05,16832
5489.74,0.00325511,3.25511e-05,16833
5492.52,0.00325182,3.25182e-05,16834
5495.29,0.00324853,3.24853e-05,16835
5498.07,0.00324526,3.24526e-05,16836
5500.84,0.00324198,3.24198e-05,16837
5503.61,0.00323872,3.23872e-05,16838
5506.38,0.00323547,3.23546e-05,16839
5509.15,0.00323222,3.23222e-05,16840
5511.91,0.00322897,3.22897e-05,16841
5514.67,0.00322574,3.22574e-05,16842
5517.43,0.00322251,3.22251e-05,16843
5520.19,0.00321929,3.21929e-05,16844
5522.95,0.00321608,3.21608e-05,16845
5525.7,0.00321288,3.21288e-05,16846
5528.46,0.00320968,3.20968e-05,16847
5531.21,0.00320649,3.20649e-05,16848
5533.95,0.0032033,3.2033e-05,16849
5536.7,0.00320013,3.20013e-05,16850
5539.44,0.00319696,3.19696e-05,16851
5542.19,0.00319379,3.19379e-05,16852
5544.93,0.00319064,3.19064e-05,16853
5547.66,0.00318749,3.18749e-05,16854
5550.4,0.00318435,3.18435e-05,16855
5553.13,0.00318121,3.18121e-05,16856
5555.87,0.00317809,3.17809e-05,16857
5558.6,0.00317496,3.17496e-05,16858
5561.32,0.00317185,3.17185e-05,16859
5564.05,0.00316874,3.16874e-05,16860
5566.77,0.00316564,3.16564e-05,16861
5569.49,0.00316255,3.16255e-05,16862
5572.21,0.00315946,3.15946e-05,16863
5574.93,0.00315638,3.15638e-05,16864
5577.65,0.00315331,3.15331e-05,16865
5580.36,0.00315025,3.15025e-05,16866
5583.07,0.00314719,3.14719e-05,16867
5585.78,0.00314413,3.14413e-05,16868
5588.49,0.00314109,3.14109e-05,16869
5591.2,0.00313805,3.13805e-05,16870
5593.9,0.00313502,3.13502e-05,16871
5596.6,0.00313199,3.13199e-05,16872
5599.3,0.00312897,3.12897e-05,16873
5602,0.00312596,3.12596e-05,16874
5604.69,0.00312295,3.12295e-05,16875
5607.39,0.00311995,3.11995e-05,16876
5610.08,0.00311696,3.11696e-05,16877
5612.77,0.00311397,3.11397e-05,16878
5615.46,0.00311099,3.11099e-05,16879
5618.14,0.00310802,3.10802e-05,16880
5620.83,0.00310505,3.10505e-05,16881
5623.51,0.00310209,3.10209e-05,16882
5626.19,0.00309914,3.09914e-05,16883
5628.86,0.00309619,3.09619e-05,16884
5631.54,0.00309325,3.09325e-05,16885
5634.21,0.00309031,3.09031e-05,16886
5636.88,0.00308738,3.08738e-05,16887
5639.55,0.00308446,3.08446e-05,16888
5642.22,0.00308155,3.08155e-05,16889
5644.89,0.00307864,3.07864e-05,16890
5647.55,0.00307573,3.07573e-05,16891
5650.21,0.00307284,3.07284e-05,16892
5652.87,0.00306994,3.06994e-05,16893
5655.53,0.00306706,3.06706e-05,16894
5658.19,0.00306418,3.06418e-05,16895
5660.84,0.00306131,3.06131e-05,16896
5663.49,0.00305844,3.05844e-05,16897
5666.14,0.00305558,3.05558e-05,16898
5668.79,0.00305273,3.05273e-05,16899
5671.44,0.00304988,3.04988e-05,16900
5674.08,0.00304704,3.04704e-05,16901
5676.72,0.0030442,3.0442e-05,16902
5679.36,0.00304137,3.04137e-05,16903
5682,0.00303855,3.03855e-05,16904
5684.64,0.00303573,3.03573e-05,16905
5687.27,0.00303292,3.03292e-05,16906
5689.9,0.00303012,3.03012e-05,16907
5692.53,0.00302732,3.02732e-05,16908
5695.16,0.00302452,3.02452e-05,16909
5697.79,0.00302174,3.02174e-05,16910
5700.41,0.00301895,3.01895e-05,16911
5703.03,0.00301618,3.01618e-05,16912
5705.65,0.00301341,3.01341e-05,16913
5708.27,0.00301065,3.01065e-05,16914
5710.89,0.00300789,3.00789e-05,16915
5713.5,0.00300513,3.00513e-05,16916
5716.12,0.00300239,3.00239e-05,16917
5718.73,0.00299965,2.99965e-05,16918
5721.34,0.00299691,2.99691e-05,16919
5723.94,0.00299418,2.99418e-05,16920
5726.55,0.00299146,2.99146e-05,16921
5729.15,0.00298874,2.98874e-05,16922
5731.75,0.00298603,2.98603e-05,16923
5734.35,0.00298333,2.98333e-05,16924
5736.95,0.00298063,2.98063e-05,16925
5739.54,0.00297793,2.97793e-05,16926
5742.13,0.00297524,2.97524e-05,16927
5744.73,0.00297256,2.97256e-05,16928
5747.32,0.00296988,2.96988e-05,16929
5749.9,0.00296721,2.96721e-05,16930
5752.49,0.00296454,2.96454e-05,16931
5755.07,0.00296188,2.96188e-05,16932
5757.65,0.00295922,2.95922e-05,16933
5760.23,0.00295658,2.95658e-05,16934
5762.81,0.00295393,2.95393e-05,16935
5765.39,0.00295129,2.95129e-05,16936
5767.96,0.00294866,2.94866e-05,16937
5770.53,0.00294603,2.94603e-05,16938
5773.1,0.00294341,2.94341e-05,16939
5775.67,0.00294079,2.94079e-05,16940
5778.24,0.00293818,2.93818e-05,16941
5780.8,0.00293557,2.93557e-05,16942
5783.36,0.00293297,2.93297e-05,16943
5785.92,0.00293038,2.93038e-05,16944
5788.48,0.00292779,2.92779e-05,16945
5791.04,0.0029252,2.9252e-05,16946
5793.59,0.00292262,2.92262e-05,16947
5796.15,0.00292005,2.92005e-05,16948
5798.7,0.00291748,2.91748e-05,16949
5801.25,0.00291492,2.91492e-05,16950
5803.79,0.00291236,2.91236e-05,16951
5806.34,0.00290981,2.90981e-05,16952
5808.88,0.00290726,2.90726e-05,16953
5811.42,0.00290472,2.90472e-05,16954
5813.96,0.00290218,2.90218e-05,16955
5816.5,0.00289965,2.89965e-05,16956
5819.03,0.00289712,2.89712e-05,16957
5821.57,0.0028946,2.8946e-05,16958
5824.1,0.00289209,2.89209e-05,16959
5826.63,0.00288958,2.88958e-05,16960
5829.16,0.00288707,2.88707e-05,16961
5831.68,0.00288457,2.88457e-05,16962
5834.21,0.00288207,2.88207e-05,16963
5836.73,0.00287958,2.87958e-05,16964
5839.25,0.0028771,2.8771e-05,16965
5841.77,0.00287462,2.87462e-05,16966
5844.29,0.00287214,2.87214e-05,16967
5846.8,0.00286967,2.86967e-05,16968
5849.31,0.00286721,2.86721e-05,16969
5851.83,0.00286475,2.86475e-05,16970
5854.33,0.00286229,2.86229e-05,16971
5856.84,0.00285984,2.85984e-05,16972
5859.35,0.0028574,2.8574e-05,16973
5861.85,0.00285496,2.85496e-05,16974
5864.35,0.00285252,2.85252e-05,16975
5866.85,0.00285009,2.85009e-05,16976
5869.35,0.00284767,2.84767e-05,16977
5871.85,0.00284525,2.84525e-05,16978
5874.34,0.00284283,2.84283e-05,16979
5876.83,0.00284042,2.84042e-05,16980
5879.32,0.00283801,2.83801e-05,16981
5881.81,0.00283561,2.83561e-05,16982
5884.3,0.00283322,2.83322e-05,16983
5886.78,0.00283083,2.83083e-05,16984
5889.26,0.00282844,2.82844e-05,16985
5891.75,0.00282606,2.82606e-05,16986
5894.23,0.00282368,2.82368e-05,16987
5896.7,0.00282131,2.82131e-05,16988
5899.18,0.00281894,2.81894e-05,16989
5901.65,0.00281658,2.81658e-05,16990
5904.12,0.00281422,2.81422e-05,16991
5906.59,0.00281187,2.81187e-05,16992
5909.06,0.00280952,2.80952e-05,16993
5911.53,0.00280718,2.80718e-05,16994
5913.99,0.00280484,2.80484e-05,16995
5916.45,0.0028025,2.8025e-05,16996
5918.91,0.00280017,2.80017e-05,16997
5921.37,0.00279785,2.79785e-05,16998
5923.83,0.00279553,2.79553e-05,16999
5926.29,0.00279321,2.79321e-05,17000
5928.74,0.0027909,2.7909e-05,17001
5931.19,0.00278859,2.78859e-05,17002
5933.64,0.00278629,2.78629e-05,17003
5936.09,0.002784,2.784e-05,17004
5938.53,0.0027817,2.7817e-05,17005
5940.98,0.00277941,2.77941e-05,17006
5943.42,0.00277713,2.77713e-05,17007
5945.86,0.00277485,2.77485e-05,17008
5948.3,0.00277258,2.77258e-05,17009
5950.73,0.00277031,2.77031e-05,17010
5953.17,0.00276804,2.76804e-05,17011
5955.6,0.00276578,2.76578e-05,17012
5958.03,0.00276352,2.76352e-05,17013
5960.46,0.00276127,2.76127e-05,17014
5962.89,0.00275902,2.75902e-05,17015
5965.31,0.00275678,2.75678e-05,17016
5967.74,0.00275454,2.75454e-05,17017
5970.16,0.00275231,2.75231e-05,17018
5972.58,0.00275008,2.75008e-05,17019
5975,0.00274785,2.74785e-05,17020
5977.42,0.00274563,2.74563e-05,17021
5979.83,0.00274341,2.74341e-05,17022
5982.24,0.0027412,2.7412e-05,17023
5984.65,0.00273899,2.73899e-05,17024
5987.06,0.00273679,2.73679e-05,17025
5989.47,0.00273459,2.73459e-05,17026
5991.88,0.00273239,2.73239e-05,17027
5994.28,0.0027302,2.7302e-05,17028
5996.68,0.00272802,2.72802e-05,17029
5999.08,0.00272583,2.72583e-05,17030
6001.48,0.00272366,2.72366e-05,17031
6003.88,0.00272148,2.72148e-05,17032
6006.27,0.00271931,2.71931e-05,17033
6008.66,0.00271715,2.71715e-05,17034
6011.05,0.00271499,2.71499e-05,17035
6013.44,0.00271283,2.71283e-05,17036
6015.83,0.00271068,2.71068e-05,17037
6018.22,0.00270853,2.70853e-05,17038
6020.6,0.00270638,2.70638e-05,17039
6022.98,0.00270424,2.70424e-05,17040
6025.36,0.00270211,2.70211e-05,17041
6027.74,0.00269998,2.69998e-05,17042
6030.12,0.00269785,2.69785e-05,17043
6032.49,0.00269572,2.69572e-05,17044
6034.86,0.00269361,2.69361e-05,17045
6037.24,0.00269149,2.69149e-05,17046
6039.61,0.00268938,2.68938e-05,17047
6041.97,0.00268727,2.68727e-05,17048
6044.34,0.00268517,2.68517e-05,17049
6046.7,0.00268307,2.68307e-05,17050
6049.06,0.00268097,2.68097e-05,17051
6051.42,0.00267888,2.67888e-05,17052
6053.78,0.0026768,2.6768e-05,17053
6056.14,0.00267471,2.67471e-05,17054
6058.49,0.00267263,2.67263e-05,17055
6060.85,0.00267056,2.67056e-05,17056
6063.2,0.00266849,2.66849e-05,17057
6065.55,0.00266642,2.66642e-05,17058
6067.9,0.00266436,2.66436e-05,17059
6070.24,0.0026623,2.6623e-05,17060
6072.59,0.00266024,2.66024e-05,17061
6074.93,0.00265819,2.65819e-05,17062
6077.27,0.00265615,2.65615e-05,17063
6079.61,0.0026541,2.6541e-05,17064
6081.95,0.00265206,2.65206e-05,17065
6084.28,0.00265003,2.65003e-05,17066
6086.62,0.002648,2.64799e-05,17067
6088.95,0.00264597,2.64597e-05,17068
6091.28,0.00264394,2.64394e-05,17069
6093.61,0.00264192,2.64192e-05,17070
6095.93,0.00263991,2.63991e-05,17071
6098.26,0.00263789,2.63789e-05,17072
6100.58,0.00263589,2.63589e-05,17073
6102.9,0.00263388,2.63388e-05,17074
6105.22,0.00263188,2.63188e-05,17075
6107.54,0.00262988,2.62988e-05,17076
6109.86,0.00262789,2.62789e-05,17077
6112.17,0.0026259,2.6259e-05,17078
6114.48,0.00262391,2.62391e-05,17079
6116.79,0.00262193,2.62193e-05,17080
6119.1,0.00261995,2.61995e-05,17081
6121.41,0.00261798,2.61798e-05,17082
6123.71,0.00261601,2.61601e-05,17083
6126.02,0.00261404,2.61404e-05,17084
6128.32,0.00261208,2.61208e-05,17085
6130.62,0.00261012,2.61012e-05,17086
6132.92,0.00260816,2.60816e-05,17087
6135.22,0.00260621,2.60621e-05,17088
6137.51,0.00260426,2.60426e-05,17089
6139.8,0.00260232,2.60232e-05,17090
6142.09,0.00260038,2.60038e-05,17091
6144.38,0.00259844,2.59844e-05,17092
6146.67,0.0025965,2.5965e-05,17093
6148.96,0.00259457,2.59457e-05,17094
6151.24,0.00259265,2.59265e-05,17095
6153.52,0.00259072,2.59072e-05,17096
6155.81,0.0025888,2.5888e-05,17097
6158.08,0.00258689,2.58689e-05,17098
6160.36,0.00258498,2.58498e-05,17099
6162.64,0.00258307,2.58307e-05,17100
6164.91,0.00258116,2.58116e-05,17101
6167.18,0.00257926,2.57926e-05,17102
6169.45,0.00257736,2.57736e-05,17103
6171.72,0.00257547,2.57547e-05,17104
6173.99,0.00257358,2.57358e-05,17105
6176.25,0.00257169,2.57169e-05,17106
6178.52,0.00256981,2.56981e-05,17107
6180.78,0.00256793,2.56793e-05,17108
6183.04,0.00256605,2.56605e-05,17109
6185.3,0.00256418,2.56418e-05,17110
6187.55,0.00256231,2.56231e-05,17111
6189.81,0.00256044,2.56044e-05,17112
6192.06,0.00255858,2.55858e-05,17113
6194.31,0.00255672,2.55672e-05,17114
6196.56,0.00255486,2.55486e-05,17115
6198.81,0.00255301,2.55301e-05,17116
6201.05,0.00255116,2.55116e-05,17117
6203.3,0.00254932,2.54932e-05,17118
6205.54,0.00254747,2.54747e-05,17119
6207.78,0.00254564,2.54564e-05,17120
6210.02,0.0025438,2.5438e-05,17121
6212.26,0.00254197,2.54197e-05,17122
6214.49,0.00254014,2.54014e-05,17123
6216.73,0.00253831,2.53831e-05,17124
6218.96,0.00253649,2.53649e-05,17125
6221.19,0.00253467,2.53467e-05,17126
6223.42,0.00253286,2.53286e-05,17127
6225.65,0.00253105,2.53105e-05,17128
6227.87,0.00252924,2.52924e-05,17129
6230.09,0.00252743,2.52743e-05,17130
6232.32,0.00252563,2.52563e-05,17131
6234.54,0.00252383,2.52383e-05,17132
6236.76,0.00252204,2.52204e-05,17133
6238.97,0.00252025,2.52025e-05,17134
6241.19,0.00251846,2.51846e-05,17135
6243.4,0.00251667,2.51667e-05,17136
6245.61,0.00251489,2.51489e-05,17137
6247.82,0.00251311,2.51311e-05,17138
6250.03,0.00251134,2.51134e-05,17139
6252.24,0.00250956,2.50956e-05,17140
6254.44,0.00250779,2.50779e-05,17141
6256.64,0.00250603,2.50603e-05,17142
6258.85,0.00250427,2.50427e-05,17143
6261.05,0.00250251,2.50251e-05,17144
6263.24,0.00250075,2.50075e-05,17145
6265.44,0.002499,2.499e-05,17146
6267.63,0.00249725,2.49725e-05,17147
6269.83,0.0024955,2.4955e-05,17148
6272.02,0.00249376,2.49376e-05,17149
6274.21,0.00249202,2.49202e-05,17150
6276.4,0.00249028,2.49028e-05,17151
6278.58,0.00248855,2.48855e-05,17152
6280.77,0.00248682,2.48682e-05,17153
6282.95,0.00248509,2.48509e-05,17154
6285.13,0.00248337,2.48337e-05,17155
6287.31,0.00248164,2.48164e-05,17156
6289.49,0.00247993,2.47993e-05,17157
6291.66,0.00247821,2.47821e-05,17158
6293.84,0.0024765,2.4765e-05,17159
6296.01,0.00247479,2.47479e-05,17160
6298.18,0.00247308,2.47308e-05,17161
6300.35,0.00247138,2.47138e-05,17162
6302.52,0.00246968,2.46968e-05,17163
6304.68,0.00246799,2.46799e-05,17164
6306.85,0.00246629,2.46629e-05,17165
6309.01,0.0024646,2.4646e-05,17166
6311.17,0.00246291,2.46291e-05,17167
6313.33,0.00246123,2.46123e-05,17168
6315.49,0.00245955,2.45955e-05,17169
6317.64,0.00245787,2.45787e-05,17170
6319.8,0.0024562,2.4562e-05,17171
6321.95,0.00245452,2.45452e-05,17172
6324.1,0.00245285,2.45285e-05,17173
6326.25,0.00245119,2.45119e-05,17174
6328.39,0.00244953,2.44952e-05,17175
6330.54,0.00244786,2.44786e-05,17176
6332.68,0.00244621,2.44621e-05,17177
6334.83,0.00244455,2.44455e-05,17178
6336.97,0.0024429,2.4429e-05,17179
6339.11,0.00244125,2.44125e-05,17180
6341.24,0.00243961,2.43961e-05,17181
6343.38,0.00243797,2.43797e-05,17182
6345.51,0.00243633,2.43633e-05,17183
6347.65,0.00243469,2.43469e-05,17184
6349.78,0.00243306,2.43306e-05,17185
6351.9,0.00243143,2.43143e-05,17186
6354.03,0.0024298,2.4298e-05,17187
6356.16,0.00242817,2.42817e-05,17188
6358.28,0.00242655,2.42655e-05,17189
6360.4,0.00242493,2.42493e-05,17190
6362.52,0.00242332,2.42332e-05,17191
6364.64,0.0024217,2.4217e-05,17192
6366.76,0.00242009,2.42009e-05,17193
6368.88,0.00241849,2.41849e-05,17194
6370.99,0.00241688,2.41688e-05,17195
6373.1,0.00241528,2.41528e-05,17196
6375.21,0.00241368,2.41368e-05,17197
6377.32,0.00241208,2.41208e-05,17198
6379.43,0.00241049,2.41049e-05,17199
6381.53,0.0024089,2.4089e-05,17200
6383.64,0.00240731,2.40731e-05,17201
6385.74,0.00240573,2.40573e-05,17202
6387.84,0.00240415,2.40415e-05,17203
6389.94,0.00240257,2.40257e-05,17204
6392.04,0.00240099,2.40099e-05,17205
6394.13,0.00239942,2.39942e-05,17206
6396.23,0.00239784,2.39784e-05,17207
6398.32,0.00239628,2.39628e-05,17208
6400.41,0.00239471,2.39471e-05,17209
6402.5,0.00239315,2.39315e-05,17210
6404.59,0.00239159,2.39159e-05,17211
6406.67,0.00239003,2.39003e-05,17212
6408.76,0.00238848,2.38848e-05,17213
6410.84,0.00238693,2.38693e-05,17214
6412.92,0.00238538,2.38538e-05,17215
6415,0.00238383,2.38383e-05,17216
6417.08,0.00238229,2.38229e-05,17217
6419.16,0.00238075,2.38075e-05,17218
6421.23,0.00237921,2.37921e-05,17219
6423.3,0.00237767,2.37767e-05,17220
6425.37,0.00237614,2.37614e-05,17221
6427.44,0.00237461,2.37461e-05,17222
6429.51,0.00237308,2.37308e-05,17223
6431.58,0.00237156,2.37156e-05,17224
6433.64,0.00237004,2.37004e-05,17225
6435.7,0.00236852,2.36852e-05,17226
6437.77,0.002367,2.367e-05,17227
6439.83,0.00236549,2.36549e-05,17228
6441.88,0.00236398,2.36398e-05,17229
6443.94,0.00236247,2.36247e-05,17230
6445.99,0.00236096,2.36096e-05,17231
6448.05,0.00235946,2.35946e-05,17232
6450.1,0.00235796,2.35796e-05,17233
6452.15,0.00235646,2.35646e-05,17234
6454.2,0.00235497,2.35497e-05,17235
6456.24,0.00235347,2.35347e-05,17236
6458.29,0.00235198,2.35198e-05,17237
6460.33,0.00235049,2.35049e-05,17238
6462.38,0.00234901,2.34901e-05,17239
6464.42,0.00234753,2.34753e-05,17240
6466.45,0.00234605,2.34605e-05,17241
6468.49,0.00234457,2.34457e-05,17242
6470.53,0.00234309,2.34309e-05,17243
6472.56,0.00234162,2.34162e-05,17244
6474.59,0.00234015,2.34015e-05,17245
6476.62,0.00233869,2.33869e-05,17246
6478.65,0.00233722,2.33722e-05,17247
6480.68,0.00233576,2.33576e-05,17248
6482.71,0.0023343,2.3343e-05,17249
6484.73,0.00233284,2.33284e-05,17250
6486.75,0.00233139,2.33139e-05,17251
6488.77,0.00232994,2.32994e-05,17252
6490.79,0.00232849,2.32849e-05,17253
6492.81,0.00232704,2.32704e-05,17254
6494.83,0.00232559,2.32559e-05,17255
6496.84,0.00232415,2.32415e-05,17256
6498.85,0.00232271,2.32271e-05,17257
6500.86,0.00232128,2.32128e-05,17258
6502.87,0.00231984,2.31984e-05,17259
6504.88,0.00231841,2.31841e-05,17260
6506.89,0.00231698,2.31698e-05,17261
6508.89,0.00231555,2.31555e-05,17262
6510.9,0.00231413,2.31413e-05,17263
6512.9,0.00231271,2.31271e-05,17264
6514.9,0.00231129,2.31129e-05,17265
6516.89,0.00230987,2.30987e-05,17266
6518.89,0.00230846,2.30846e-05,17267
6520.89,0.00230704,2.30704e-05,17268
6522.88,0.00230563,2.30563e-05,17269
6524.87,0.00230423,2.30423e-05,17270
6526.86,0.00230282,2.30282e-05,17271
6528.85,0.00230142,2.30142e-05,17272
6530.84,0.00230002,2.30002e-05,17273
6532.82,0.00229862,2.29862e-05,17274
6534.81,0.00229722,2.29722e-05,17275
6536.79,0.00229583,2.29583e-05,17276
6538.77,0.00229444,2.29444e-05,17277
6540.75,0.00229305,2.29305e-05,17278
6542.73,0.00229167,2.29167e-05,17279
6544.7,0.00229028,2.29028e-05,17280
6546.68,0.0022889,2.2889e-05,17281
6548.65,0.00228752,2.28752e-05,17282
6550.62,0.00228615,2.28615e-05,17283
6552.59,0.00228477,2.28477e-05,17284
6554.56,0.0022834,2.2834e-05,17285
6556.52,0.00228203,2.28203e-05,17286
6558.49,0.00228066,2.28066e-05,17287
6560.45,0.0022793,2.2793e-05,17288
6562.41,0.00227794,2.27794e-05,17289
6564.37,0.00227658,2.27658e-05,17290
6566.33,0.00227522,2.27522e-05,17291
6568.29,0.00227386,2.27386e-05,17292
6570.24,0.00227251,2.27251e-05,17293
6572.2,0.00227116,2.27116e-05,17294
6574.15,0.00226981,2.26981e-05,17295
6576.1,0.00226847,2.26847e-05,17296
6578.05,0.00226712,2.26712e-05,17297
6580,0.00226578,2.26578e-05,17298
6581.94,0.00226444,2.26444e-05,17299
6583.89,0.0022631,2.2631e-05,17300
6585.83,0.00226177,2.26177e-05,17301
6587.77,0.00226044,2.26044e-05,17302
6589.71,0.00225911,2.25911e-05,17303
6591.65,0.00225778,2.25778e-05,17304
6593.58,0.00225645,2.25645e-05,17305
6595.52,0.00225513,2.25513e-05,17306
6597.45,0.00225381,2.25381e-05,17307
6599.38,0.00225249,2.25249e-05,17308
6601.31,0.00225117,2.25117e-05,17309
6603.24,0.00224986,2.24986e-05,17310
6605.17,0.00224854,2.24854e-05,17311
6607.09,0.00224723,2.24723e-05,17312
6609.02,0.00224592,2.24592e-05,17313
6610.94,0.00224462,2.24462e-05,17314
6612.86,0.00224331,2.24331e-05,17315
6614.78,0.00224201,2.24201e-05,17316
6616.7,0.00224071,2.24071e-05,17317
6618.61,0.00223942,2.23942e-05,17318
6620.53,0.00223812,2.23812e-05,17319
6622.44,0.00223683,2.23683e-05,17320
6624.35,0.00223554,2.23554e-05,17321
6626.26,0.00223425,2.23425e-05,17322
6628.17,0.00223296,2.23296e-05,17323
6630.08,0.00223168,2.23168e-05,17324
6631.98,0.0022304,2.2304e-05,17325
6633.88,0.00222912,2.22912e-05,17326
6635.79,0.00222784,2.22784e-05,17327
6637.69,0.00222657,2.22657e-05,17328
6639.59,0.00222529,2.22529e-05,17329
6641.48,0.00222402,2.22402e-05,17330
6643.38,0.00222275,2.22275e-05,17331
6645.27,0.00222148,2.22148e-05,17332
6647.17,0.00222022,2.22022e-05,17333
6649.06,0.00221896,2.21896e-05,17334
6650.95,0.0022177,2.2177e-05,17335
6652.83,0.00221644,2.21644e-05,17336
6654.72,0.00221518,2.21518e-05,17337
6656.61,0.00221393,2.21393e-05,17338
6658.49,0.00221268,2.21268e-05,17339
6660.37,0.00221143,2.21143e-05,17340
6662.25,0.00221018,2.21018e-05,17341
6664.13,0.00220893,2.20893e-05,17342
6666.01,0.00220769,2.20769e-05,17343
6667.88,0.00220645,2.20645e-05,17344
6669.76,0.00220521,2.20521e-05,17345
6671.63,0.00220397,2.20397e-05,17346
6673.5,0.00220273,2.20273e-05,17347
6675.37,0.0022015,2.2015e-05,17348
6677.24,0.00220027,2.20027e-05,17349
6679.1,0.00219904,2.19904e-05,17350
6680.97,0.00219781,2.19781e-05,17351
6682.83,0.00219659,2.19659e-05,17352
6684.69,0.00219536,2.19536e-05,17353
6686.55,0.00219414,2.19414e-05,17354
6688.41,0.00219292,2.19292e-05,17355
6690.27,0.0021917,2.1917e-05,17356
6692.12,0.00219049,2.19049e-05,17357
6693.98,0.00218928,2.18928e-05,17358
6695.83,0.00218807,2.18807e-05,17359
6697.68,0.00218686,2.18686e-05,17360
6699.53,0.00218565,2.18565e-05,17361
6701.38,0.00218444,2.18444e-05,17362
6703.22,0.00218324,2.18324e-05,17363
6705.07,0.00218204,2.18204e-05,17364
6706.91,0.00218084,2.18084e-05,17365
6708.75,0.00217964,2.17964e-05,17366
6710.59,0.00217845,2.17845e-05,17367
6712.43,0.00217725,2.17725e-05,17368
6714.27,0.00217606,2.17606e-05,17369
6716.1,0.00217487,2.17487e-05,17370
6717.94,0.00217369,2.17369e-05,17371
6719.77,0.0021725,2.1725e-05,17372
6721.6,0.00217132,2.17132e-05,17373
6723.43,0.00217014,2.17014e-05,17374
6725.26,0.00216896,2.16896e-05,17375
6727.09,0.00216778,2.16778e-05,17376
6728.91,0.0021666,2.1666e-05,17377
6730.73,0.00216543,2.16543e-05,17378
6732.56,0.00216426,2.16426e-05,17379
6734.38,0.00216309,2.16309e-05,17380
6736.2,0.00216192,2.16192e-05,17381
6738.01,0.00216075,2.16075e-05,17382
6739.83,0.00215959,2.15959e-05,17383
6741.64,0.00215843,2.15843e-05,17384
6743.46,0.00215727,2.15727e-05,17385
6745.27,0.00215611,2.15611e-05,17386
6747.08,0.00215495,2.15495e-05,17387
6748.88,0.0021538,2.1538e-05,17388
6750.69,0.00215265,2.15265e-05,17389
6752.5,0.0021515,2.1515e-05,17390
6754.3,0.00215035,2.15035e-05,17391
6756.1,0.0021492,2.1492e-05,17392
6757.9,0.00214805,2.14805e-05,17393
6759.7,0.00214691,2.14691e-05,17394
6761.5,0.00214577,2.14577e-05,17395
6763.29,0.00214463,2.14463e-05,17396
6765.09,0.00214349,2.14349e-05,17397
6766.88,0.00214236,2.14236e-05,17398
6768.67,0.00214122,2.14122e-05,17399
6770.46,0.00214009,2.14009e-05,17400
6772.25,0.00213896,2.13896e-05,17401
6774.04,0.00213783,2.13783e-05,17402
6775.82,0.00213671,2.13671e-05,17403
6777.61,0.00213558,2.13558e-05,17404
6779.39,0.00213446,2.13446e-05,17405
6781.17,0.00213334,2.13334e-05,17406
6782.95,0.00213222,2.13222e-05,17407
6784.73,0.0021311,2.1311e-05,17408
6786.51,0.00212999,2.12999e-05,17409
6788.28,0.00212887,2.12887e-05,17410
6790.05,0.00212776,2.12776e-05,17411
6791.83,0.00212665,2.12665e-05,17412
6793.6,0.00212554,2.12554e-05,17413
6795.36,0.00212444,2.12444e-05,17414
6797.13,0.00212333,2.12333e-05,17415
6798.9,0.00212223,2.12223e-05,17416
6800.66,0.00212113,2.12113e-05,17417
6802.43,0.00212003,2.12003e-05,17418
6804.19,0.00211893,2.11893e-05,17419
6805.95,0.00211783,2.11783e-05,17420
6807.71,0.00211674,2.11674e-05,17421
6809.46,0.00211565,2.11565e-05,17422
6811.22,0.00211456,2.11456e-05,17423
6812.97,0.00211347,2.11347e-05,17424
6814.72,0.00211238,2.11238e-05,17425
6816.47,0.0021113,2.1113e-05,17426
6818.22,0.00211021,2.11021e-05,17427
6819.97,0.00210913,2.10913e-05,17428
6821.72,0.00210805,2.10805e-05,17429
6823.46,0.00210697,2.10697e-05,17430
6825.21,0.0021059,2.1059e-05,17431
6826.95,0.00210482,2.10482e-05,17432
6828.69,0.00210375,2.10375e-05,17433
6830.43,0.00210268,2.10268e-05,17434
6832.17,0.00210161,2.10161e-05,17435
6833.9,0.00210054,2.10054e-05,17436
6835.64,0.00209948,2.09948e-05,17437
6837.37,0.00209841,2.09841e-05,17438
6839.1,0.00209735,2.09735e-05,17439
6840.83,0.00209629,2.09629e-05,17440
6842.56,0.00209523,2.09523e-05,17441
6844.29,0.00209417,2.09417e-05,17442
6846.01,0.00209312,2.09312e-05,17443
6847.74,0.00209206,2.09206e-05,17444
6849.46,0.00209101,2.09101e-05,17445
6851.18,0.00208996,2.08996e-05,17446
6852.9,0.00208891,2.08891e-05,17447
6854.62,0.00208787,2.08787e-05,17448
6856.34,0.00208682,2.08682e-05,17449
6858.05,0.00208578,2.08578e-05,17450
6859.76,0.00208473,2.08473e-05,17451
6861.48,0.00208369,2.08369e-05,17452
6863.19,0.00208265,2.08265e-05,17453
6864.9,0.00208162,2.08162e-05,17454
6866.6,0.00208058,2.08058e-05,17455
6868.31,0.00207955,2.07955e-05,17456
6870.02,0.00207852,2.07852e-05,17457
6871.72,0.00207749,2.07749e-05,17458
6873.42,0.00207646,2.07646e-05,17459
6875.12,0.00207543,2.07543e-05,17460
6876.82,0.0020744,2.0744e-05,17461
6878.52,0.00207338,2.07338e-05,17462
6880.21,0.00207236,2.07236e-05,17463
6881.91,0.00207134,2.07134e-05,17464
6883.6,0.00207032,2.07032e-05,17465
6885.29,0.0020693,2.0693e-05,17466
6886.98,0.00206829,2.06829e-05,17467
6888.67,0.00206727,2.06727e-05,17468
6890.36,0.00206626,2.06626e-05,17469
6892.05,0.00206525,2.06525e-05,17470
6893.73,0.00206424,2.06424e-05,17471
6895.41,0.00206323,2.06323e-05,17472
6897.09,0.00206223,2.06223e-05,17473
6898.77,0.00206122,2.06122e-05,17474
6900.45,0.00206022,2.06022e-05,17475
6902.13,0.00205922,2.05922e-05,17476
6903.81,0.00205822,2.05822e-05,17477
6905.48,0.00205722,2.05722e-05,17478
6907.15,0.00205623,2.05623e-05,17479
6908.82,0.00205523,2.05523e-05,17480
6910.49,0.00205424,2.05424e-05,17481
6912.16,0.00205325,2.05325e-05,17482
6913.83,0.00205226,2.05226e-05,17483
6915.49,0.00205127,2.05127e-05,17484
6917.16,0.00205028,2.05028e-05,17485
6918.82,0.0020493,2.0493e-05,17486
6920.48,0.00204831,2.04831e-05,17487
6922.14,0.00204733,2.04733e-05,17488
6923.8,0.00204635,2.04635e-05,17489
6925.45,0.00204537,2.04537e-05,17490
6927.11,0.0020444,2.0444e-05,17491
6928.76,0.00204342,2.04342e-05,17492
6930.42,0.00204245,2.04245e-05,17493
6932.07,0.00204147,2.04147e-05,17494
6933.72,0.0020405,2.0405e-05,17495
6935.36,0.00203953,2.03953e-05,17496
6937.01,0.00203856,2.03856e-05,17497
6938.65,0.0020376,2.0376e-05,17498
6940.3,0.00203663,2.03663e-05,17499
6941.94,0.00203567,2.03567e-05,17500
6943.58,0.00203471,2.03471e-05,17501
6945.22,0.00203375,2.03375e-05,17502
6946.86,0.00203279,2.03279e-05,17503
6948.49,0.00203183,2.03183e-05,17504
6950.13,0.00203088,2.03088e-05,17505
6951.76,0.00202992,2.02992e-05,17506
6953.39,0.00202897,2.02897e-05,17507
6955.02,0.00202802,2.02802e-05,17508
6956.65,0.00202707,2.02707e-05,17509
6958.28,0.00202612,2.02612e-05,17510
6959.91,0.00202517,2.02517e-05,17511
6961.53,0.00202423,2.02423e-05,17512
6963.15,0.00202328,2.02328e-05,17513
6964.78,0.00202234,2.02234e-05,17514
6966.4,0.0020214,2.0214e-05,17515
6968.02,0.00202046,2.02046e-05,17516
6969.63,0.00201953,2.01953e-05,17517
6971.25,0.00201859,2.01859e-05,17518
6972.86,0.00201765,2.01765e-05,17519
6974.48,0.00201672,2.01672e-05,17520
6976.09,0.00201579,2.01579e-05,17521
6977.7,0.00201486,2.01486e-05,17522
6979.31,0.00201393,2.01393e-05,17523
6980.91,0.002013,2.013e-05,17524
6982.52,0.00201208,2.01208e-05,17525
6984.12,0.00201115,2.01115e-05,17526
6985.73,0.00201023,2.01023e-05,17527
6987.33,0.00200931,2.00931e-05,17528
6988.93,0.00200839,2.00839e-05,17529
6990.53,0.00200747,2.00747e-05,17530
6992.13,0.00200655,2.00655e-05,17531
6993.72,0.00200564,2.00564e-05,17532
6995.32,0.00200472,2.00472e-05,17533
6996.91,0.00200381,2.00381e-05,17534
6998.5,0.0020029,2.0029e-05,17535
7000.09,0.00200199,2.00199e-05,17536
7001.68,0.00200108,2.00108e-05,17537
7003.27,0.00200017,2.00017e-05,17538
7004.85,0.00199927,1.99927e-05,17539
7006.44,0.00199836,1.99836e-05,17540
7008.02,0.00199746,1.99746e-05,17541
7009.6,0.00199656,1.99656e-05,17542
7011.18,0.00199566,1.99566e-05,17543
7012.76,0.00199476,1.99476e-05,17544
7014.34,0.00199386,1.99386e-05,17545
7015.91,0.00199297,1.99297e-05,17546
7017.49,0.00199207,1.99207e-05,17547
7019.06,0.00199118,1.99118e-05,17548
7020.63,0.00199029,1.99029e-05,17549
7022.2,0.0019894,1.9894e-05,17550
7023.77,0.00198851,1.98851e-05,17551
7025.34,0.00198763,1.98763e-05,17552
7026.9,0.00198674,1.98674e-05,17553
7028.47,0.00198586,1.98586e-05,17554
7030.03,0.00198497,1.98497e-05,17555
7031.59,0.00198409,1.98409e-05,17556
7033.15,0.00198321,1.98321e-05,17557
7034.71,0.00198233,1.98233e-05,17558
7036.27,0.00198145,1.98145e-05,17559
7037.83,0.00198058,1.98058e-05,17560
7039.38,0.0019797,1.9797e-05,17561
7040.93,0.00197883,1.97883e-05,17562
7042.48,0.00197796,1.97796e-05,17563
7044.03,0.00197709,1.97709e-05,17564
7045.58,0.00197622,1.97622e-05,17565
7047.13,0.00197535,1.97535e-05,17566
7048.68,0.00197449,1.97449e-05,17567
7050.22,0.00197362,1.97362e-05,17568
7051.76,0.00197276,1.97276e-05,17569
7053.31,0.00197189,1.97189e-05,17570
7054.85,0.00197103,1.97103e-05,17571
7056.39,0.00197017,1.97017e-05,17572
7057.92,0.00196932,1.96932e-05,17573
7059.46,0.00196846,1.96846e-05,17574
7060.99,0.0019676,1.9676e-05,17575
7062.53,0.00196675,1.96675e-05,17576
7064.06,0.0019659,1.9659e-05,17577
7065.59,0.00196504,1.96504e-05,17578
7067.12,0.00196419,1.96419e-05,17579
7068.65,0.00196335,1.96334e-05,17580
7070.17,0.0019625,1.9625e-05,17581
7071.7,0.00196165,1.96165e-05,17582
7073.22,0.00196081,1.96081e-05,17583
7074.74,0.00195996,1.95996e-05,17584
7076.26,0.00195912,1.95912e-05,17585
7077.78,0.00195828,1.95828e-05,17586
7079.3,0.00195744,1.95744e-05,17587
7080.82,0.0019566,1.9566e-05,17588
7082.33,0.00195576,1.95576e-05,17589
7083.84,0.00195493,1.95493e-05,17590
7085.36,0.00195409,1.95409e-05,17591
7086.87,0.00195326,1.95326e-05,17592
7088.38,0.00195243,1.95243e-05,17593
7089.88,0.0019516,1.9516e-05,17594
7091.39,0.00195077,1.95077e-05,17595
7092.9,0.00194994,1.94994e-05,17596
7094.4,0.00194912,1.94912e-05,17597
7095.9,0.00194829,1.94829e-05,17598
7097.4,0.00194747,1.94747e-05,17599
7098.9,0.00194664,1.94664e-05,17600
7100.4,0.00194582,1.94582e-05,17601
7101.9,0.001945,1.945e-05,17602
7103.39,0.00194418,1.94418e-05,17603
7104.89,0.00194337,1.94337e-05,17604
7106.38,0.00194255,1.94255e-05,17605
7107.87,0.00194174,1.94174e-05,17606
7109.36,0.00194092,1.94092e-05,17607
7110.85,0.00194011,1.94011e-05,17608
7112.33,0.0019393,1.9393e-05,17609
7113.82,0.00193849,1.93849e-05,17610
7115.31,0.00193768,1.93768e-05,17611
7116.79,0.00193687,1.93687e-05,17612
7118.27,0.00193607,1.93607e-05,17613
7119.75,0.00193526,1.93526e-05,17614
7121.23,0.00193446,1.93446e-05,17615
7122.7,0.00193366,1.93366e-05,17616
7124.18,0.00193285,1.93285e-05,17617
7125.65,0.00193206,1.93206e-05,17618
7127.13,0.00193126,1.93126e-05,17619
7128.6,0.00193046,1.93046e-05,17620
7130.07,0.00192966,1.92966e-05,17621
7131.54,0.00192887,1.92887e-05,17622
7133.01,0.00192807,1.92807e-05,17623
7134.47,0.00192728,1.92728e-05,17624
7135.94,0.00192649,1.92649e-05,17625
7137.4,0.0019257,1.9257e-05,17626
7138.86,0.00192491,1.92491e-05,17627
7140.32,0.00192413,1.92413e-05,17628
7141.78,0.00192334,1.92334e-05,17629
7143.24,0.00192255,1.92255e-05,17630
7144.7,0.00192177,1.92177e-05,17631
7146.15,0.00192099,1.92099e-05,17632
7147.6,0.00192021,1.92021e-05,17633
7149.06,0.00191943,1.91943e-05,17634
7150.51,0.00191865,1.91865e-05,17635
7151.96,0.00191787,1.91787e-05,17636
7153.4,0.00191709,1.91709e-05,17637
7154.85,0.00191632,1.91632e-05,17638
7156.3,0.00191555,1.91555e-05,17639
7157.74,0.00191477,1.91477e-05,17640
7159.18,0.001914,1.914e-05,17641
7160.62,0.00191323,1.91323e-05,17642
7162.06,0.00191246,1.91246e-05,17643
7163.5,0.00191169,1.91169e-05,17644
7164.94,0.00191093,1.91093e-05,17645
7166.37,0.00191016,1.91016e-05,17646
7167.81,0.0019094,1.9094e-05,17647
7169.24,0.00190863,1.90863e-05,17648
7170.67,0.00190787,1.90787e-05,17649
7172.1,0.00190711,1.90711e-05,17650
7173.53,0.00190635,1.90635e-05,17651
7174.96,0.00190559,1.90559e-05,17652
7176.38,0.00190484,1.90484e-05,17653
7177.81,0.00190408,1.90408e-05,17654
7179.23,0.00190333,1.90333e-05,17655
7180.65,0.00190257,1.90257e-05,17656
7182.07,0.00190182,1.90182e-05,17657
7183.49,0.00190107,1.90107e-05,17658
7184.91,0.00190032,1.90032e-05,17659
7186.33,0.00189957,1.89957e-05,17660
7187.74,0.00189882,1.89882e-05,17661
7189.15,0.00189808,1.89808e-05,17662
7190.57,0.00189733,1.89733e-05,17663
7191.98,0.00189659,1.89659e-05,17664
7193.39,0.00189584,1.89584e-05,17665
7194.8,0.0018951,1.8951e-05,17666
7196.2,0.00189436,1.89436e-05,17667
7197.61,0.00189362,1.89362e-05,17668
7199.01,0.00189288,1.89288e-05,17669
7200.41,0.00189214,1.89214e-05,17670
7201.82,0.00189141,1.89141e-05,17671
7203.21,0.00189067,1.89067e-05,17672
7204.61,0.00188994,1.88994e-05,17673
7206.01,0.00188921,1.88921e-05,17674
7207.41,0.00188847,1.88847e-05,17675
7208.8,0.00188774,1.88774e-05,17676
7210.19,0.00188701,1.88701e-05,17677
7211.59,0.00188629,1.88629e-05,17678
7212.98,0.00188556,1.88556e-05,17679
7214.36,0.00188483,1.88483e-05,17680
7215.75,0.00188411,1.88411e-05,17681
7217.14,0.00188338,1.88338e-05,17682
7218.52,0.00188266,1.88266e-05,17683
7219.91,0.00188194,1.88194e-05,17684
7221.29,0.00188122,1.88122e-05,17685
7222.67,0.0018805,1.8805e-05,17686
7224.05,0.00187978,1.87978e-05,17687
7225.43,0.00187907,1.87907e-05,17688
7226.8,0.00187835,1.87835e-05,17689
7228.18,0.00187764,1.87764e-05,17690
7229.55,0.00187692,1.87692e-05,17691
7230.92,0.00187621,1.87621e-05,17692
7232.3,0.0018755,1.8755e-05,17693
7233.67,0.00187479,1.87479e-05,17694
7235.03,0.00187408,1.87408e-05,17695
7236.4,0.00187337,1.87337e-05,17696
7237.77,0.00187266,1.87266e-05,17697
7239.13,0.00187196,1.87196e-05,17698
7240.49,0.00187125,1.87125e-05,17699
7241.86,0.00187055,1.87055e-05,17700
7243.22,0.00186985,1.86985e-05,17701
7244.58,0.00186915,1.86915e-05,17702
7245.93,0.00186845,1.86845e-05,17703
7247.29,0.00186775,1.86775e-05,17704
7248.64,0.00186705,1.86705e-05,17705
7250,0.00186635,1.86635e-05,17706
7251.35,0.00186565,1.86565e-05,17707
7252.7,0.00186496,1.86496e-05,17708
7254.05,0.00186427,1.86427e-05,17709
7255.4,0.00186357,1.86357e-05,17710
7256.75,0.00186288,1.86288e-05,17711
7258.09,0.00186219,1.86219e-05,17712
7259.44,0.0018615,1.8615e-05,17713
7260.78,0.00186081,1.86081e-05,17714
7262.12,0.00186013,1.86013e-05,17715
7263.46,0.00185944,1.85944e-05,17716
7264.8,0.00185875,1.85875e-05,17717
7266.14,0.00185807,1.85807e-05,17718
7267.47,0.00185739,1.85739e-05,17719
7268.81,0.0018567,1.8567e-05,17720
7270.14,0.00185602,1.85602e-05,17721
7271.47,0.00185534,1.85534e-05,17722
7272.8,0.00185466,1.85466e-05,17723
7274.13,0.00185399,1.85399e-05,17724
7275.46,0.00185331,1.85331e-05,17725
7276.79,0.00185263,1.85263e-05,17726
7278.11,0.00185196,1.85196e-05,17727
7279.44,0.00185129,1.85129e-05,17728
7280.76,0.00185061,1.85061e-05,17729
7282.08,0.00184994,1.84994e-05,17730
7283.4,0.00184927,1.84927e-05,17731
7284.72,0.0018486,1.8486e-05,17732
7286.04,0.00184793,1.84793e-05,17733
7287.35,0.00184727,1.84727e-05,17734
7288.67,0.0018466,1.8466e-05,17735
7289.98,0.00184594,1.84594e-05,17736
7291.29,0.00184527,1.84527e-05,17737
7292.6,0.00184461,1.84461e-05,17738
7293.91,0.00184395,1.84395e-05,17739
7295.22,0.00184329,1.84329e-05,17740
7296.52,0.00184263,1.84263e-05,17741
7297.83,0.00184197,1.84197e-05,17742
7299.13,0.00184131,1.84131e-05,17743
7300.44,0.00184065,1.84065e-05,17744
7301.74,0.00184,1.84e-05,17745
7303.04,0.00183934,1.83934e-05,17746
7304.33,0.00183869,1.83869e-05,17747
7305.63,0.00183803,1.83803e-05,17748
7306.93,0.00183738,1.83738e-05,17749
7308.22,0.00183673,1.83673e-05,17750
7309.52,0.00183608,1.83608e-05,17751
7310.81,0.00183543,1.83543e-05,17752
7312.1,0.00183478,1.83478e-05,17753
7313.39,0.00183414,1.83414e-05,17754
7314.67,0.00183349,1.83349e-05,17755
7315.96,0.00183285,1.83285e-05,17756
7317.25,0.0018322,1.8322e-05,17757
7318.53,0.00183156,1.83156e-05,17758
7319.81,0.00183092,1.83092e-05,17759
7321.09,0.00183028,1.83028e-05,17760
7322.37,0.00182964,1.82964e-05,17761
7323.65,0.001829,1.829e-05,17762
7324.93,0.00182836,1.82836e-05,17763
7326.2,0.00182773,1.82773e-05,17764
7327.48,0.00182709,1.82709e-05,17765
7328.75,0.00182646,1.82646e-05,17766
7330.02,0.00182582,1.82582e-05,17767
7331.29,0.00182519,1.82519e-05,17768
7332.56,0.00182456,1.82456e-05,17769
7333.83,0.00182393,1.82393e-05,17770
7335.1,0.0018233,1.8233e-05,17771
7336.36,0.00182267,1.82267e-05,17772
7337.62,0.00182204,1.82204e-05,17773
7338.89,0.00182141,1.82141e-05,17774
7340.15,0.00182079,1.82079e-05,17775
7341.41,0.00182016,1.82016e-05,17776
7342.67,0.00181954,1.81954e-05,17777
7343.92,0.00181892,1.81892e-05,17778
7345.18,0.00181829,1.81829e-05,17779
7346.43,0.00181767,1.81767e-05,17780
7347.69,0.00181705,1.81705e-05,17781
7348.94,0.00181643,1.81643e-05,17782
7350.19,0.00181582,1.81582e-05,17783
7351.44,0.0018152,1.8152e-05,17784
7352.69,0.00181458,1.81458e-05,17785
7353.93,0.00181397,1.81397e-05,17786
7355.18,0.00181335,1.81335e-05,17787
7356.42,0.00181274,1.81274e-05,17788
7357.66,0.00181213,1.81213e-05,17789
7358.91,0.00181152,1.81152e-05,17790
7360.15,0.00181091,1.81091e-05,17791
7361.38,0.0018103,1.8103e-05,17792
7362.62,0.00180969,1.80969e-05,17793
7363.86,0.00180908,1.80908e-05,17794
7365.09,0.00180848,1.80848e-05,17795
7366.33,0.00180787,1.80787e-05,17796
7367.56,0.00180727,1.80727e-05,17797
7368.79,0.00180666,1.80666e-05,17798
7370.02,0.00180606,1.80606e-05,17799
7371.24,0.00180546,1.80546e-05,17800
7372.47,0.00180486,1.80486e-05,17801
7373.7,0.00180426,1.80426e-05,17802
7374.92,0.00180366,1.80366e-05,17803
7376.14,0.00180306,1.80306e-05,17804
7377.37,0.00180246,1.80246e-05,17805
7378.59,0.00180187,1.80187e-05,17806
7379.8,0.00180127,1.80127e-05,17807
7381.02,0.00180068,1.80068e-05,17808
7382.24,0.00180008,1.80008e-05,17809
7383.45,0.00179949,1.79949e-05,17810
7384.67,0.0017989,1.7989e-05,17811
7385.88,0.00179831,1.79831e-05,17812
7387.09,0.00179772,1.79772e-05,17813
7388.3,0.00179713,1.79713e-05,17814
7389.51,0.00179654,1.79654e-05,17815
7390.71,0.00179596,1.79596e-05,17816
7391.92,0.00179537,1.79537e-05,17817
7393.12,0.00179479,1.79479e-05,17818
7394.33,0.0017942,1.7942e-05,17819
7395.53,0.00179362,1.79362e-05,17820
7396.73,0.00179304,1.79304e-05,17821
7397.93,0.00179246,1.79246e-05,17822
7399.13,0.00179188,1.79188e-05,17823
7400.32,0.0017913,1.7913e-05,17824
7401.52,0.00179072,1.79072e-05,17825
7402.71,0.00179014,1.79014e-05,17826
7403.91,0.00178956,1.78956e-05,17827
7405.1,0.00178899,1.78899e-05,17828
7406.29,0.00178841,1.78841e-05,17829
7407.48,0.00178784,1.78784e-05,17830
7408.66,0.00178727,1.78727e-05,17831
7409.85,0.00178669,1.78669e-05,17832
7411.03,0.00178612,1.78612e-05,17833
7412.22,0.00178555,1.78555e-05,17834
7413.4,0.00178498,1.78498e-05,17835
7414.58,0.00178442,1.78442e-05,17836
7415.76,0.00178385,1.78385e-05,17837
7416.94,0.00178328,1.78328e-05,17838
7418.11,0.00178272,1.78272e-05,17839
7419.29,0.00178215,1.78215e-05,17840
7420.46,0.00178159,1.78159e-05,17841
7421.64,0.00178102,1.78102e-05,17842
7422.81,0.00178046,1.78046e-05,17843
7423.98,0.0017799,1.7799e-05,17844
7425.15,0.00177934,1.77934e-05,17845
7426.31,0.00177878,1.77878e-05,17846
7427.48,0.00177822,1.77822e-05,17847
7428.65,0.00177766,1.77766e-05,17848
7429.81,0.00177711,1.77711e-05,17849
7430.97,0.00177655,1.77655e-05,17850
7432.13,0.001776,1.776e-05,17851
7433.29,0.00177544,1.77544e-05,17852
7434.45,0.00177489,1.77489e-05,17853
7435.61,0.00177434,1.77434e-05,17854
7436.77,0.00177378,1.77378e-05,17855
7437.92,0.00177323,1.77323e-05,17856
7439.07,0.00177268,1.77268e-05,17857
7440.23,0.00177213,1.77213e-05,17858
7441.38,0.00177159,1.77159e-05,17859
7442.53,0.00177104,1.77104e-05,17860
7443.67,0.00177049,1.77049e-05,17861
7444.82,0.00176995,1.76995e-05,17862
7445.97,0.0017694,1.7694e-05,17863
7447.11,0.00176886,1.76886e-05,17864
7448.25,0.00176832,1.76832e-05,17865
7449.4,0.00176777,1.76777e-05,17866
7450.54,0.00176723,1.76723e-05,17867
7451.68,0.00176669,1.76669e-05,17868
7452.81,0.00176615,1.76615e-05,17869
7453.95,0.00176561,1.76562e-05,17870
7455.09,0.00176508,1.76508e-05,17871
7456.22,0.00176454,1.76454e-05,17872
7457.35,0.001764,1.764e-05,17873
7458.48,0.00176347,1.76347e-05,17874
7459.61,0.00176293,1.76293e-05,17875
7460.74,0.0017624,1.7624e-05,17876
7461.87,0.00176187,1.76187e-05,17877
7463,0.00176134,1.76134e-05,17878
7464.12,0.00176081,1.76081e-05,17879
7465.25,0.00176028,1.76028e-05,17880
7466.37,0.00175975,1.75975e-05,17881
7467.49,0.00175922,1.75922e-05,17882
7468.61,0.00175869,1.75869e-05,17883
7469.73,0.00175816,1.75816e-05,17884
7470.84,0.00175764,1.75764e-05,17885
7471.96,0.00175711,1.75711e-05,17886
7473.08,0.00175659,1.75659e-05,17887
7474.19,0.00175607,1.75607e-05,17888
7475.3,0.00175554,1.75554e-05,17889
7476.41,0.00175502,1.75502e-05,17890
7477.52,0.0017545,1.7545e-05,17891
7478.63,0.00175398,1.75398e-05,17892
7479.74,0.00175346,1.75346e-05,17893
7480.84,0.00175294,1.75294e-05,17894
7481.95,0.00175243,1.75243e-05,17895
7483.05,0.00175191,1.75191e-05,17896
7484.15,0.00175139,1.75139e-05,17897
7485.25,0.00175088,1.75088e-05,17898
7486.35,0.00175037,1.75037e-05,17899
7487.45,0.00174985,1.74985e-05,17900
7488.55,0.00174934,1.74934e-05,17901
7489.64,0.00174883,1.74883e-05,17902
7490.73,0.00174832,1.74832e-05,17903
7491.83,0.00174781,1.74781e-05,17904
7492.92,0.0017473,1.7473e-05,17905
7494.01,0.00174679,1.74679e-05,17906
7495.1,0.00174628,1.74628e-05,17907
7496.18,0.00174578,1.74578e-05,17908
7497.27,0.00174527,1.74527e-05,17909
7498.36,0.00174476,1.74476e-05,17910
7499.44,0.00174426,1.74426e-05,17911
7500.52,0.00174376,1.74376e-05,17912
7501.6,0.00174325,1.74325e-05,17913
7502.68,0.00174275,1.74275e-05,17914
7503.76,0.00174225,1.74225e-05,17915
7504.84,0.00174175,1.74175e-05,17916
7505.92,0.00174125,1.74125e-05,17917
7506.99,0.00174075,1.74075e-05,17918
7508.06,0.00174026,1.74026e-05,17919
7509.14,0.00173976,1.73976e-05,17920
7510.21,0.00173926,1.73926e-05,17921
7511.28,0.00173877,1.73877e-05,17922
7512.35,0.00173827,1.73827e-05,17923
7513.41,0.00173778,1.73778e-05,17924
7514.48,0.00173729,1.73729e-05,17925
7515.54,0.00173679,1.73679e-05,17926
7516.61,0.0017363,1.7363e-05,17927
7517.67,0.00173581,1.73581e-05,17928
7518.73,0.00173532,1.73532e-05,17929
7519.79,0.00173483,1.73483e-05,17930
7520.85,0.00173434,1.73434e-05,17931
7521.9,0.00173386,1.73386e-05,17932
7522.96,0.00173337,1.73337e-05,17933
7524.01,0.00173289,1.73289e-05,17934
7525.07,0.0017324,1.7324e-05,17935
7526.12,0.00173192,1.73192e-05,17936
7527.17,0.00173143,1.73143e-05,17937
7528.22,0.00173095,1.73095e-05,17938
7529.27,0.00173047,1.73047e-05,17939
7530.31,0.00172999,1.72999e-05,17940
7531.36,0.00172951,1.72951e-05,17941
7532.4,0.00172903,1.72903e-05,17942
7533.45,0.00172855,1.72855e-05,17943
7534.49,0.00172807,1.72807e-05,17944
7535.53,0.00172759,1.72759e-05,17945
7536.57,0.00172712,1.72712e-05,17946
7537.61,0.00172664,1.72664e-05,17947
7538.64,0.00172617,1.72617e-05,17948
7539.68,0.00172569,1.72569e-05,17949
7540.71,0.00172522,1.72522e-05,17950
7541.74,0.00172475,1.72475e-05,17951
7542.78,0.00172428,1.72428e-05,17952
7543.81,0.0017238,1.7238e-05,17953
7544.83,0.00172333,1.72333e-05,17954
7545.86,0.00172286,1.72286e-05,17955
7546.89,0.0017224,1.7224e-05,17956
7547.91,0.00172193,1.72193e-05,17957
7548.94,0.00172146,1.72146e-05,17958
7549.96,0.00172099,1.72099e-05,17959
7550.98,0.00172053,1.72053e-05,17960
7552,0.00172006,1.72006e-05,17961
7553.02,0.0017196,1.7196e-05,17962
7554.04,0.00171914,1.71914e-05,17963
7555.06,0.00171867,1.71867e-05,17964
7556.07,0.00171821,1.71821e-05,17965
7557.08,0.00171775,1.71775e-05,17966
7558.1,0.00171729,1.71729e-05,17967
7559.11,0.00171683,1.71683e-05,17968
7560.12,0.00171637,1.71637e-05,17969
7561.13,0.00171592,1.71592e-05,17970
7562.13,0.00171546,1.71546e-05,17971
7563.14,0.001715,1.715e-05,17972
7564.14,0.00171455,1.71455e-05,17973
7565.15,0.00171409,1.71409e-05,17974
7566.15,0.00171364,1.71364e-05,17975
7567.15,0.00171318,1.71318e-05,17976
7568.15,0.00171273,1.71273e-05,17977
7569.15,0.00171228,1.71228e-05,17978
7570.15,0.00171183,1.71183e-05,17979
7571.14,0.00171138,1.71138e-05,17980
7572.14,0.00171093,1.71093e-05,17981
7573.13,0.00171048,1.71048e-05,17982
7574.12,0.00171003,1.71003e-05,17983
7575.12,0.00170958,1.70958e-05,17984
7576.1,0.00170914,1.70914e-05,17985
7577.09,0.00170869,1.70869e-05,17986
7578.08,0.00170825,1.70825e-05,17987
7579.07,0.0017078,1.7078e-05,17988
7580.05,0.00170736,1.70736e-05,17989
7581.03,0.00170692,1.70692e-05,17990
7582.02,0.00170647,1.70647e-05,17991
7583,0.00170603,1.70603e-05,17992
7583.98,0.00170559,1.70559e-05,17993
7584.96,0.00170515,1.70515e-05,17994
7585.93,0.00170471,1.70471e-05,17995
7586.91,0.00170427,1.70427e-05,17996
7587.88,0.00170384,1.70384e-05,17997
7588.86,0.0017034,1.7034e-05,17998
7589.83,0.00170296,1.70296e-05,17999
7590.8,0.00170253,1.70253e-05,18000
7591.77,0.00170209,1.70209e-05,18001
7592.74,0.00170166,1.70166e-05,18002
7593.7,0.00170122,1.70122e-05,18003
7594.67,0.00170079,1.70079e-05,18004
7595.63,0.00170036,1.70036e-05,18005
7596.6,0.00169993,1.69993e-05,18006
7597.56,0.0016995,1.6995e-05,18007
7598.52,0.00169907,1.69907e-05,18008
7599.48,0.00169864,1.69864e-05,18009
7600.44,0.00169821,1.69821e-05,18010
7601.4,0.00169778,1.69778e-05,18011
7602.35,0.00169736,1.69736e-05,18012
7603.31,0.00169693,1.69693e-05,18013
7604.26,0.00169651,1.69651e-05,18014
7605.21,0.00169608,1.69608e-05,18015
7606.16,0.00169566,1.69566e-05,18016
7607.11,0.00169523,1.69523e-05,18017
7608.06,0.00169481,1.69481e-05,18018
7609.01,0.00169439,1.69439e-05,18019
7609.95,0.00169397,1.69397e-05,18020
7610.9,0.00169355,1.69355e-05,18021
7611.84,0.00169313,1.69313e-05,18022
7612.78,0.00169271,1.69271e-05,18023
7613.72,0.00169229,1.69229e-05,18024
7614.66,0.00169187,1.69187e-05,18025
7615.6,0.00169146,1.69146e-05,18026
7616.54,0.00169104,1.69104e-05,18027
7617.47,0.00169062,1.69062e-05,18028
7618.41,0.00169021,1.69021e-05,18029
7619.34,0.0016898,1.6898e-05,18030
7620.27,0.00168938,1.68938e-05,18031
7621.2,0.00168897,1.68897e-05,18032
7622.13,0.00168856,1.68856e-05,18033
7623.06,0.00168815,1.68815e-05,18034
7623.99,0.00168774,1.68774e-05,18035
7624.91,0.00168733,1.68733e-05,18036
7625.84,0.00168692,1.68692e-05,18037
7626.76,0.00168651,1.68651e-05,18038
7627.68,0.0016861,1.6861e-05,18039
7628.61,0.00168569,1.68569e-05,18040
7629.52,0.00168529,1.68529e-05,18041
7630.44,0.00168488,1.68488e-05,18042
7631.36,0.00168448,1.68448e-05,18043
7632.27,0.00168407,1.68407e-05,18044
7633.19,0.00168367,1.68367e-05,18045
7634.1,0.00168327,1.68327e-05,18046
7635.02,0.00168286,1.68286e-05,18047
7635.93,0.00168246,1.68246e-05,18048
7636.84,0.00168206,1.68206e-05,18049
7637.74,0.00168166,1.68166e-05,18050
7638.65,0.00168126,1.68126e-05,18051
7639.56,0.00168086,1.68086e-05,18052
7640.46,0.00168047,1.68047e-05,18053
7641.37,0.00168007,1.68007e-05,18054
7642.27,0.00167967,1.67967e-05,18055
7643.17,0.00167928,1.67928e-05,18056
7644.07,0.00167888,1.67888e-05,18057
7644.97,0.00167849,1.67849e-05,18058
7645.86,0.00167809,1.67809e-05,18059
7646.76,0.0016777,1.6777e-05,18060
7647.65,0.00167731,1.67731e-05,18061
7648.55,0.00167692,1.67692e-05,18062
7649.44,0.00167652,1.67652e-05,18063
7650.33,0.00167613,1.67613e-05,18064
7651.22,0.00167574,1.67574e-05,18065
7652.11,0.00167535,1.67535e-05,18066
7653,0.00167497,1.67497e-05,18067
7653.88,0.00167458,1.67458e-05,18068
7654.77,0.00167419,1.67419e-05,18069
7655.65,0.00167381,1.67381e-05,18070
7656.53,0.00167342,1.67342e-05,18071
7657.41,0.00167303,1.67303e-05,18072
7658.29,0.00167265,1.67265e-05,18073
7659.17,0.00167227,1.67227e-05,18074
7660.05,0.00167188,1.67188e-05,18075
7660.92,0.0016715,1.6715e-05,18076
7661.8,0.00167112,1.67112e-05,18077
7662.67,0.00167074,1.67074e-05,18078
7663.55,0.00167036,1.67036e-05,18079
7664.42,0.00166998,1.66998e-05,18080
7665.29,0.0016696,1.6696e-05,18081
7666.16,0.00166922,1.66922e-05,18082
7667.02,0.00166884,1.66884e-05,18083
7667.89,0.00166847,1.66847e-05,18084
7668.75,0.00166809,1.66809e-05,18085
7669.62,0.00166771,1.66771e-05,18086
7670.48,0.00166734,1.66734e-05,18087
7671.34,0.00166697,1.66697e-05,18088
7672.2,0.00166659,1.66659e-05,18089
7673.06,0.00166622,1.66622e-05,18090
7673.92,0.00166585,1.66585e-05,18091
7674.77,0.00166547,1.66547e-05,18092
7675.63,0.0016651,1.6651e-05,18093
7676.48,0.00166473,1.66473e-05,18094
7677.33,0.00166436,1.66436e-05,18095
7678.19,0.00166399,1.66399e-05,18096
7679.04,0.00166363,1.66363e-05,18097
7679.89,0.00166326,1.66326e-05,18098
7680.73,0.00166289,1.66289e-05,18099
7681.58,0.00166252,1.66252e-05,18100
7682.42,0.00166216,1.66216e-05,18101
7683.27,0.00166179,1.66179e-05,18102
7684.11,0.00166143,1.66143e-05,18103
7684.95,0.00166107,1.66107e-05,18104
7685.79,0.0016607,1.6607e-05,18105
7686.63,0.00166034,1.66034e-05,18106
7687.47,0.00165998,1.65998e-05,18107
7688.31,0.00165962,1.65962e-05,18108
7689.14,0.00165926,1.65926e-05,18109
7689.98,0.0016589,1.6589e-05,18110
7690.81,0.00165854,1.65854e-05,18111
7691.64,0.00165818,1.65818e-05,18112
7692.47,0.00165782,1.65782e-05,18113
7693.3,0.00165746,1.65746e-05,18114
7694.13,0.00165711,1.65711e-05,18115
7694.95,0.00165675,1.65675e-05,18116
7695.78,0.00165639,1.65639e-05,18117
7696.6,0.00165604,1.65604e-05,18118
7697.43,0.00165569,1.65569e-05,18119
7698.25,0.00165533,1.65533e-05,18120
7699.07,0.00165498,1.65498e-05,18121
7699.89,0.00165463,1.65463e-05,18122
7700.71,0.00165428,1.65428e-05,18123
7701.52,0.00165392,1.65392e-05,18124
7702.34,0.00165357,1.65357e-05,18125
7703.15,0.00165322,1.65322e-05,18126
7703.97,0.00165288,1.65288e-05,18127
7704.78,0.00165253,1.65253e-05,18128
7705.59,0.00165218,1.65218e-05,18129
7706.4,0.00165183,1.65183e-05,18130
7707.21,0.00165149,1.65149e-05,18131
7708.01,0.00165114,1.65114e-05,18132
7708.82,0.0016508,1.6508e-05,18133
7709.62,0.00165045,1.65045e-05,18134
7710.43,0.00165011,1.65011e-05,18135
7711.23,0.00164976,1.64976e-05,18136
7712.03,0.00164942,1.64942e-05,18137
7712.83,0.00164908,1.64908e-05,18138
7713.63,0.00164874,1.64874e-05,18139
7714.43,0.0016484,1.6484e-05,18140
7715.22,0.00164806,1.64806e-05,18141
7716.02,0.00164772,1.64772e-05,18142
7716.81,0.00164738,1.64738e-05,18143
7717.6,0.00164704,1.64704e-05,18144
7718.39,0.0016467,1.6467e-05,18145
7719.19,0.00164636,1.64637e-05,18146
7719.97,0.00164603,1.64603e-05,18147
7720.76,0.00164569,1.64569e-05,18148
7721.55,0.00164536,1.64536e-05,18149
7722.33,0.00164502,1.64502e-05,18150
7723.12,0.00164469,1.64469e-05,18151
7723.9,0.00164436,1.64436e-05,18152
7724.68,0.00164402,1.64402e-05,18153
7725.46,0.00164369,1.64369e-05,18154
7726.24,0.00164336,1.64336e-05,18155
7727.02,0.00164303,1.64303e-05,18156
7727.79,0.0016427,1.6427e-05,18157
7728.57,0.00164237,1.64237e-05,18158
7729.34,0.00164204,1.64204e-05,18159
7730.12,0.00164171,1.64171e-05,18160
7730.89,0.00164138,1.64138e-05,18161
7731.66,0.00164106,1.64106e-05,18162
7732.43,0.00164073,1.64073e-05,18163
7733.19,0.00164041,1.64041e-05,18164
7733.96,0.00164008,1.64008e-05,18165
7734.73,0.00163975,1.63976e-05,18166
7735.49,0.00163943,1.63943e-05,18167
7736.26,0.00163911,1.63911e-05,18168
7737.02,0.00163878,1.63878e-05,18169
7737.78,0.00163846,1.63846e-05,18170
7738.54,0.00163814,1.63814e-05,18171
7739.3,0.00163782,1.63782e-05,18172
7740.05,0.0016375,1.6375e-05,18173
7740.81,0.00163718,1.63718e-05,18174
7741.56,0.00163686,1.63686e-05,18175
7742.32,0.00163654,1.63654e-05,18176
7743.07,0.00163622,1.63622e-05,18177
7743.82,0.00163591,1.63591e-05,18178
7744.57,0.00163559,1.63559e-05,18179
7745.32,0.00163527,1.63527e-05,18180
7746.06,0.00163496,1.63496e-05,18181
7746.81,0.00163464,1.63464e-05,18182
7747.56,0.00163433,1.63433e-05,18183
7748.3,0.00163402,1.63402e-05,18184
7749.04,0.0016337,1.6337e-05,18185
7749.78,0.00163339,1.63339e-05,18186
7750.52,0.00163308,1.63308e-05,18187
7751.26,0.00163277,1.63277e-05,18188
7752,0.00163246,1.63246e-05,18189
7752.73,0.00163215,1.63215e-05,18190
7753.47,0.00163184,1.63184e-05,18191
7754.2,0.00163153,1.63153e-05,18192
7754.94,0.00163122,1.63122e-05,18193
7755.67,0.00163091,1.63091e-05,18194
7756.4,0.0016306,1.6306e-05,18195
7757.13,0.0016303,1.6303e-05,18196
7757.86,0.00162999,1.62999e-05,18197
7758.58,0.00162969,1.62969e-05,18198
7759.31,0.00162938,1.62938e-05,18199
7760.03,0.00162908,1.62908e-05,18200
7760.76,0.00162877,1.62877e-05,18201
7761.48,0.00162847,1.62847e-05,18202
7762.2,0.00162817,1.62817e-05,18203
7762.92,0.00162787,1.62787e-05,18204
7763.63,0.00162757,1.62757e-05,18205
7764.35,0.00162727,1.62727e-05,18206
7765.07,0.00162697,1.62697e-05,18207
7765.78,0.00162667,1.62667e-05,18208
7766.5,0.00162637,1.62637e-05,18209
7767.21,0.00162607,1.62607e-05,18210
7767.92,0.00162577,1.62577e-05,18211
7768.63,0.00162548,1.62548e-05,18212
7769.34,0.00162518,1.62518e-05,18213
7770.04,0.00162488,1.62488e-05,18214
7770.75,0.00162459,1.62459e-05,18215
7771.46,0.00162429,1.62429e-05,18216
7772.16,0.001624,1.624e-05,18217
7772.86,0.0016237,1.62371e-05,18218
7773.56,0.00162341,1.62341e-05,18219
7774.26,0.00162312,1.62312e-05,18220
7774.96,0.00162283,1.62283e-05,18221
7775.66,0.00162254,1.62254e-05,18222
7776.35,0.00162225,1.62225e-05,18223
7777.05,0.00162196,1.62196e-05,18224
7777.74,0.00162167,1.62167e-05,18225
7778.44,0.00162138,1.62138e-05,18226
7779.13,0.00162109,1.62109e-05,18227
7779.82,0.0016208,1.6208e-05,18228
7780.51,0.00162052,1.62052e-05,18229
7781.2,0.00162023,1.62023e-05,18230
7781.88,0.00161994,1.61994e-05,18231
7782.57,0.00161966,1.61966e-05,18232
7783.25,0.00161937,1.61937e-05,18233
7783.94,0.00161909,1.61909e-05,18234
7784.62,0.0016188,1.6188e-05,18235
7785.3,0.00161852,1.61852e-05,18236
7785.98,0.00161824,1.61824e-05,18237
7786.66,0.00161796,1.61796e-05,18238
7787.33,0.00161768,1.61768e-05,18239
7788.01,0.0016174,1.6174e-05,18240
7788.68,0.00161712,1.61712e-05,18241
7789.36,0.00161684,1.61684e-05,18242
7790.03,0.00161656,1.61656e-05,18243
7790.7,0.00161628,1.61628e-05,18244
7791.37,0.001616,1.616e-05,18245
7792.04,0.00161572,1.61572e-05,18246
7792.71,0.00161545,1.61545e-05,18247
7793.37,0.00161517,1.61517e-05,18248
7794.04,0.00161489,1.61489e-05,18249
7794.7,0.00161462,1.61462e-05,18250
7795.36,0.00161434,1.61434e-05,18251
7796.03,0.00161407,1.61407e-05,18252
7796.69,0.0016138,1.6138e-05,18253
7797.34,0.00161352,1.61352e-05,18254
7798,0.00161325,1.61325e-05,18255
7798.66,0.00161298,1.61298e-05,18256
7799.31,0.00161271,1.61271e-05,18257
7799.97,0.00161244,1.61244e-05,18258
7800.62,0.00161217,1.61217e-05,18259
7801.27,0.0016119,1.6119e-05,18260
7801.92,0.00161163,1.61163e-05,18261
7802.57,0.00161136,1.61136e-05,18262
7803.22,0.0016111,1.6111e-05,18263
7803.87,0.00161083,1.61083e-05,18264
7804.51,0.00161056,1.61056e-05,18265
7805.16,0.0016103,1.6103e-05,18266
7805.8,0.00161003,1.61003e-05,18267
7806.44,0.00160977,1.60977e-05,18268
7807.08,0.0016095,1.6095e-05,18269
7807.72,0.00160924,1.60924e-05,18270
7808.36,0.00160897,1.60897e-05,18271
7809,0.00160871,1.60871e-05,18272
7809.64,0.00160845,1.60845e-05,18273
7810.27,0.00160819,1.60819e-05,18274
7810.91,0.00160793,1.60793e-05,18275
7811.54,0.00160767,1.60767e-05,18276
7812.17,0.00160741,1.60741e-05,18277
7812.8,0.00160715,1.60715e-05,18278
7813.43,0.00160689,1.60689e-05,18279
7814.06,0.00160663,1.60663e-05,18280
7814.68,0.00160637,1.60637e-05,18281
7815.31,0.00160612,1.60612e-05,18282
7815.93,0.00160586,1.60586e-05,18283
7816.56,0.0016056,1.6056e-05,18284
7817.18,0.00160535,1.60535e-05,18285
7817.8,0.00160509,1.60509e-05,18286
7818.42,0.00160484,1.60484e-05,18287
7819.03,0.00160458,1.60458e-05,18288
7819.65,0.00160433,1.60433e-05,18289
7820.27,0.00160408,1.60408e-05,18290
7820.88,0.00160383,1.60383e-05,18291
7821.5,0.00160358,1.60358e-05,18292
7822.11,0.00160332,1.60332e-05,18293
7822.72,0.00160307,1.60307e-05,18294
7823.33,0.00160282,1.60282e-05,18295
7823.94,0.00160257,1.60257e-05,18296
7824.55,0.00160233,1.60233e-05,18297
7825.15,0.00160208,1.60208e-05,18298
7825.76,0.00160183,1.60183e-05,18299
7826.36,0.00160158,1.60158e-05,18300
7826.96,0.00160134,1.60134e-05,18301
7827.57,0.00160109,1.60109e-05,18302
7828.17,0.00160084,1.60084e-05,18303
7828.77,0.0016006,1.6006e-05,18304
7829.36,0.00160035,1.60035e-05,18305
7829.96,0.00160011,1.60011e-05,18306
7830.56,0.00159987,1.59987e-05,18307
7831.15,0.00159962,1.59962e-05,18308
7831.74,0.00159938,1.59938e-05,18309
7832.33,0.00159914,1.59914e-05,18310
7832.92,0.0015989,1.5989e-05,18311
7833.51,0.00159866,1.59866e-05,18312
7834.1,0.00159842,1.59842e-05,18313
7834.69,0.00159818,1.59818e-05,18314
7835.28,0.00159794,1.59794e-05,18315
7835.86,0.0015977,1.5977e-05,18316
7836.44,0.00159746,1.59746e-05,18317
7837.03,0.00159723,1.59723e-05,18318
7837.61,0.00159699,1.59699e-05,18319
7838.19,0.00159675,1.59675e-05,18320
7838.77,0.00159652,1.59652e-05,18321
7839.34,0.00159628,1.59628e-05,18322
7839.92,0.00159605,1.59605e-05,18323
7840.5,0.00159581,1.59581e-05,18324
7841.07,0.00159558,1.59558e-05,18325
7841.64,0.00159535,1.59535e-05,18326
7842.21,0.00159511,1.59511e-05,18327
7842.78,0.00159488,1.59488e-05,18328
7843.35,0.00159465,1.59465e-05,18329
7843.92,0.00159442,1.59442e-05,18330
7844.49,0.00159419,1.59419e-05,18331
7845.06,0.00159396,1.59396e-05,18332
7845.62,0.00159373,1.59373e-05,18333
7846.18,0.0015935,1.5935e-05,18334
7846.74,0.00159327,1.59327e-05,18335
7847.31,0.00159304,1.59304e-05,18336
7847.87,0.00159282,1.59282e-05,18337
7848.42,0.00159259,1.59259e-05,18338
7848.98,0.00159236,1.59236e-05,18339
7849.54,0.00159214,1.59214e-05,18340
7850.09,0.00159191,1.59191e-05,18341
7850.65,0.00159169,1.59169e-05,18342
7851.2,0.00159147,1.59147e-05,18343
7851.75,0.00159124,1.59124e-05,18344
7852.3,0.00159102,1.59102e-05,18345
7852.85,0.0015908,1.5908e-05,18346
7853.4,0.00159057,1.59057e-05,18347
7853.94,0.00159035,1.59035e-05,18348
7854.49,0.00159013,1.59013e-05,18349
7855.03,0.00158991,1.58991e-05,18350
7855.58,0.00158969,1.58969e-05,18351
7856.12,0.00158947,1.58947e-05,18352
7856.66,0.00158925,1.58925e-05,18353
7857.2,0.00158904,1.58904e-05,18354
7857.74,0.00158882,1.58882e-05,18355
7858.27,0.0015886,1.5886e-05,18356
7858.81,0.00158838,1.58838e-05,18357
7859.34,0.00158817,1.58817e-05,18358
7859.88,0.00158795,1.58795e-05,18359
7860.41,0.00158774,1.58774e-05,18360
7860.94,0.00158752,1.58752e-05,18361
7861.47,0.00158731,1.58731e-05,18362
7862,0.00158709,1.58709e-05,18363
7862.53,0.00158688,1.58688e-05,18364
7863.06,0.00158667,1.58667e-05,18365
7863.58,0.00158646,1.58646e-05,18366
7864.11,0.00158625,1.58625e-05,18367
7864.63,0.00158603,1.58603e-05,18368
7865.15,0.00158582,1.58582e-05,18369
7865.67,0.00158561,1.58561e-05,18370
7866.19,0.00158541,1.58541e-05,18371
7866.71,0.0015852,1.5852e-05,18372
7867.22,0.00158499,1.58499e-05,18373
7867.74,0.00158478,1.58478e-05,18374
7868.25,0.00158457,1.58457e-05,18375
7868.77,0.00158437,1.58437e-05,18376
7869.28,0.00158416,1.58416e-05,18377
7869.79,0.00158395,1.58395e-05,18378
7870.3,0.00158375,1.58375e-05,18379
7870.81,0.00158354,1.58354e-05,18380
7871.32,0.00158334,1.58334e-05,18381
7871.82,0.00158314,1.58314e-05,18382
7872.33,0.00158293,1.58293e-05,18383
7872.83,0.00158273,1.58273e-05,18384
7873.33,0.00158253,1.58253e-05,18385
7873.84,0.00158233,1.58233e-05,18386
7874.34,0.00158213,1.58213e-05,18387
7874.84,0.00158193,1.58193e-05,18388
7875.33,0.00158173,1.58173e-05,18389
7875.83,0.00158153,1.58153e-05,18390
7876.33,0.00158133,1.58133e-05,18391
7876.82,0.00158113,1.58113e-05,18392
7877.31,0.00158093,1.58093e-05,18393
7877.81,0.00158073,1.58073e-05,18394
7878.3,0.00158054,1.58054e-05,18395
7878.79,0.00158034,1.58034e-05,18396
7879.28,0.00158014,1.58014e-05,18397
7879.76,0.00157995,1.57995e-05,18398
7880.25,0.00157975,1.57975e-05,18399
7880.73,0.00157956,1.57956e-05,18400
7881.22,0.00157936,1.57936e-05,18401
7881.7,0.00157917,1.57917e-05,18402
7882.18,0.00157898,1.57898e-05,18403
7882.66,0.00157879,1.57879e-05,18404
7883.14,0.00157859,1.57859e-05,18405
7883.62,0.0015784,1.5784e-05,18406
7884.1,0.00157821,1.57821e-05,18407
7884.57,0.00157802,1.57802e-05,18408
7885.05,0.00157783,1.57783e-05,18409
7885.52,0.00157764,1.57764e-05,18410
7885.99,0.00157745,1.57745e-05,18411
7886.46,0.00157726,1.57726e-05,18412
7886.93,0.00157708,1.57708e-05,18413
7887.4,0.00157689,1.57689e-05,18414
7887.87,0.0015767,1.5767e-05,18415
7888.33,0.00157652,1.57652e-05,18416
7888.8,0.00157633,1.57633e-05,18417
7889.26,0.00157615,1.57615e-05,18418
7889.72,0.00157596,1.57596e-05,18419
7890.19,0.00157578,1.57578e-05,18420
7890.65,0.00157559,1.57559e-05,18421
7891.11,0.00157541,1.57541e-05,18422
7891.56,0.00157523,1.57523e-05,18423
7892.02,0.00157504,1.57504e-05,18424
7892.48,0.00157486,1.57486e-05,18425
7892.93,0.00157468,1.57468e-05,18426
7893.38,0.0015745,1.5745e-05,18427
7893.83,0.00157432,1.57432e-05,18428
7894.29,0.00157414,1.57414e-05,18429
7894.73,0.00157396,1.57396e-05,18430
7895.18,0.00157378,1.57378e-05,18431
7895.63,0.0015736,1.5736e-05,18432
7896.08,0.00157343,1.57343e-05,18433
7896.52,0.00157325,1.57325e-05,18434
7896.97,0.00157307,1.57307e-05,18435
7897.41,0.0015729,1.5729e-05,18436
7897.85,0.00157272,1.57272e-05,18437
7898.29,0.00157254,1.57254e-05,18438
7898.73,0.00157237,1.57237e-05,18439
7899.17,0.0015722,1.5722e-05,18440
7899.6,0.00157202,1.57202e-05,18441
7900.04,0.00157185,1.57185e-05,18442
7900.47,0.00157168,1.57168e-05,18443
7900.91,0.0015715,1.5715e-05,18444
7901.34,0.00157133,1.57133e-05,18445
7901.77,0.00157116,1.57116e-05,18446
7902.2,0.00157099,1.57099e-05,18447
7902.63,0.00157082,1.57082e-05,18448
7903.06,0.00157065,1.57065e-05,18449
7903.48,0.00157048,1.57048e-05,18450
7903.91,0.00157031,1.57031e-05,18451
7904.33,0.00157014,1.57014e-05,18452
7904.75,0.00156997,1.56997e-05,18453
7905.18,0.00156981,1.56981e-05,18454
7905.6,0.00156964,1.56964e-05,18455
7906.01,0.00156947,1.56947e-05,18456
7906.43,0.00156931,1.56931e-05,18457
7906.85,0.00156914,1.56914e-05,18458
7907.26,0.00156898,1.56898e-05,18459
7907.68,0.00156881,1.56881e-05,18460
7908.09,0.00156865,1.56865e-05,18461
7908.5,0.00156849,1.56849e-05,18462
7908.91,0.00156832,1.56832e-05,18463
7909.32,0.00156816,1.56816e-05,18464
7909.73,0.001568,1.568e-05,18465
7910.14,0.00156784,1.56784e-05,18466
7910.55,0.00156768,1.56768e-05,18467
7910.95,0.00156752,1.56752e-05,18468
7911.35,0.00156736,1.56736e-05,18469
7911.76,0.0015672,1.5672e-05,18470
7912.16,0.00156704,1.56704e-05,18471
7912.56,0.00156688,1.56688e-05,18472
7912.96,0.00156672,1.56672e-05,18473
7913.35,0.00156656,1.56656e-05,18474
7913.75,0.00156641,1.56641e-05,18475
7914.15,0.00156625,1.56625e-05,18476
7914.54,0.00156609,1.56609e-05,18477
7914.93,0.00156594,1.56594e-05,18478
7915.33,0.00156578,1.56578e-05,18479
7915.72,0.00156563,1.56563e-05,18480
7916.11,0.00156547,1.56547e-05,18481
7916.49,0.00156532,1.56532e-05,18482
7916.88,0.00156517,1.56517e-05,18483
7917.27,0.00156501,1.56501e-05,18484
7917.65,0.00156486,1.56486e-05,18485
7918.04,0.00156471,1.56471e-05,18486
7918.42,0.00156456,1.56456e-05,18487
7918.8,0.00156441,1.56441e-05,18488
7919.18,0.00156426,1.56426e-05,18489
7919.56,0.00156411,1.56411e-05,18490
7919.94,0.00156396,1.56396e-05,18491
7920.31,0.00156381,1.56381e-05,18492
7920.69,0.00156366,1.56366e-05,18493
7921.06,0.00156351,1.56351e-05,18494
7921.44,0.00156337,1.56337e-05,18495
7921.81,0.00156322,1.56322e-05,18496
7922.18,0.00156307,1.56307e-05,18497
7922.55,0.00156293,1.56293e-05,18498
7922.92,0.00156278,1.56278e-05,18499
7923.29,0.00156264,1.56264e-05,18500
7923.65,0.00156249,1.56249e-05,18501
7924.02,0.00156235,1.56235e-05,18502
7924.38,0.00156221,1.56221e-05,18503
7924.75,0.00156206,1.56206e-05,18504
7925.11,0.00156192,1.56192e-05,18505
7925.47,0.00156178,1.56178e-05,18506
7925.83,0.00156164,1.56164e-05,18507
7926.19,0.00156149,1.5615e-05,18508
7926.54,0.00156135,1.56135e-05,18509
7926.9,0.00156121,1.56121e-05,18510
7927.25,0.00156107,1.56107e-05,18511
7927.61,0.00156094,1.56094e-05,18512
7927.96,0.0015608,1.5608e-05,18513
7928.31,0.00156066,1.56066e-05,18514
7928.66,0.00156052,1.56052e-05,18515
7929.01,0.00156038,1.56038e-05,18516
7929.36,0.00156025,1.56025e-05,18517
7929.7,0.00156011,1.56011e-05,18518
7930.05,0.00155997,1.55997e-05,18519
7930.39,0.00155984,1.55984e-05,18520
7930.73,0.0015597,1.5597e-05,18521
7931.08,0.00155957,1.55957e-05,18522
7931.42,0.00155944,1.55944e-05,18523
7931.76,0.0015593,1.5593e-05,18524
7932.09,0.00155917,1.55917e-05,18525
7932.43,0.00155904,1.55904e-05,18526
7932.77,0.00155891,1.55891e-05,18527
7933.1,0.00155877,1.55877e-05,18528
7933.43,0.00155864,1.55864e-05,18529
7933.77,0.00155851,1.55851e-05,18530
7934.1,0.00155838,1.55838e-05,18531
7934.43,0.00155825,1.55825e-05,18532
7934.76,0.00155812,1.55812e-05,18533
7935.08,0.001558,1.558e-05,18534
7935.41,0.00155787,1.55787e-05,18535
7935.73,0.00155774,1.55774e-05,18536
7936.06,0.00155761,1.55761e-05,18537
7936.38,0.00155749,1.55749e-05,18538
7936.7,0.00155736,1.55736e-05,18539
7937.02,0.00155723,1.55723e-05,18540
7937.34,0.00155711,1.55711e-05,18541
7937.66,0.00155698,1.55698e-05,18542
7937.98,0.00155686,1.55686e-05,18543
7938.29,0.00155674,1.55674e-05,18544
7938.61,0.00155661,1.55661e-05,18545
7938.92,0.00155649,1.55649e-05,18546
7939.23,0.00155637,1.55637e-05,18547
7939.55,0.00155624,1.55624e-05,18548
7939.86,0.00155612,1.55612e-05,18549
7940.16,0.001556,1.556e-05,18550
7940.47,0.00155588,1.55588e-05,18551
7940.78,0.00155576,1.55576e-05,18552
7941.08,0.00155564,1.55564e-05,18553
7941.39,0.00155552,1.55552e-05,18554
7941.69,0.0015554,1.5554e-05,18555
7941.99,0.00155528,1.55528e-05,18556
7942.29,0.00155517,1.55517e-05,18557
7942.59,0.00155505,1.55505e-05,18558
7942.89,0.00155493,1.55493e-05,18559
7943.19,0.00155482,1.55482e-05,18560
7943.49,0.0015547,1.5547e-05,18561
7943.78,0.00155458,1.55458e-05,18562
7944.08,0.00155447,1.55447e-05,18563
7944.37,0.00155436,1.55436e-05,18564
7944.66,0.00155424,1.55424e-05,18565
7944.95,0.00155413,1.55413e-05,18566
7945.24,0.00155401,1.55401e-05,18567
7945.53,0.0015539,1.5539e-05,18568
7945.81,0.00155379,1.55379e-05,18569
7946.1,0.00155368,1.55368e-05,18570
7946.38,0.00155357,1.55357e-05,18571
7946.67,0.00155346,1.55346e-05,18572
7946.95,0.00155335,1.55335e-05,18573
7947.23,0.00155324,1.55324e-05,18574
7947.51,0.00155313,1.55313e-05,18575
7947.79,0.00155302,1.55302e-05,18576
7948.07,0.00155291,1.55291e-05,18577
7948.34,0.0015528,1.5528e-05,18578
7948.62,0.00155269,1.55269e-05,18579
7948.89,0.00155259,1.55259e-05,18580
7949.17,0.00155248,1.55248e-05,18581
7949.44,0.00155237,1.55237e-05,18582
7949.71,0.00155227,1.55227e-05,18583
7949.98,0.00155216,1.55216e-05,18584
7950.25,0.00155206,1.55206e-05,18585
7950.51,0.00155195,1.55195e-05,18586
7950.78,0.00155185,1.55185e-05,18587
7951.04,0.00155175,1.55175e-05,18588
7951.31,0.00155164,1.55164e-05,18589
7951.57,0.00155154,1.55154e-05,18590
7951.83,0.00155144,1.55144e-05,18591
7952.09,0.00155134,1.55134e-05,18592
7952.35,0.00155124,1.55124e-05,18593
7952.61,0.00155114,1.55114e-05,18594
7952.86,0.00155104,1.55104e-05,18595
7953.12,0.00155094,1.55094e-05,18596
7953.37,0.00155084,1.55084e-05,18597
7953.62,0.00155074,1.55074e-05,18598
7953.87,0.00155064,1.55064e-05,18599
7954.13,0.00155054,1.55054e-05,18600
7954.37,0.00155045,1.55045e-05,18601
7954.62,0.00155035,1.55035e-05,18602
7954.87,0.00155025,1.55025e-05,18603
7955.12,0.00155016,1.55016e-05,18604
7955.36,0.00155006,1.55006e-05,18605
7955.6,0.00154997,1.54997e-05,18606
7955.85,0.00154987,1.54987e-05,18607
7956.09,0.00154978,1.54978e-05,18608
7956.33,0.00154969,1.54969e-05,18609
7956.57,0.00154959,1.54959e-05,18610
7956.8,0.0015495,1.5495e-05,18611
7957.04,0.00154941,1.54941e-05,18612
7957.28,0.00154932,1.54932e-05,18613
7957.51,0.00154923,1.54923e-05,18614
7957.74,0.00154913,1.54913e-05,18615
7957.98,0.00154904,1.54904e-05,18616
7958.21,0.00154895,1.54895e-05,18617
7958.44,0.00154886,1.54886e-05,18618
7958.67,0.00154878,1.54878e-05,18619
7958.89,0.00154869,1.54869e-05,18620
7959.12,0.0015486,1.5486e-05,18621
7959.34,0.00154851,1.54851e-05,18622
7959.57,0.00154842,1.54842e-05,18623
7959.79,0.00154834,1.54834e-05,18624
7960.01,0.00154825,1.54825e-05,18625
7960.23,0.00154817,1.54817e-05,18626
7960.45,0.00154808,1.54808e-05,18627
7960.67,0.001548,1.548e-05,18628
7960.89,0.00154791,1.54791e-05,18629
7961.1,0.00154783,1.54783e-05,18630
7961.32,0.00154774,1.54774e-05,18631
7961.53,0.00154766,1.54766e-05,18632
7961.74,0.00154758,1.54758e-05,18633
7961.96,0.0015475,1.5475e-05,18634
7962.17,0.00154741,1.54741e-05,18635
7962.37,0.00154733,1.54733e-05,18636
7962.58,0.00154725,1.54725e-05,18637
7962.79,0.00154717,1.54717e-05,18638
7962.99,0.00154709,1.54709e-05,18639
7963.2,0.00154701,1.54701e-05,18640
7963.4,0.00154693,1.54693e-05,18641
7963.6,0.00154686,1.54686e-05,18642
7963.8,0.00154678,1.54678e-05,18643
7964,0.0015467,1.5467e-05,18644
7964.2,0.00154662,1.54662e-05,18645
7964.4,0.00154655,1.54655e-05,18646
7964.6,0.00154647,1.54647e-05,18647
7964.79,0.00154639,1.54639e-05,18648
7964.98,0.00154632,1.54632e-05,18649
7965.18,0.00154624,1.54624e-05,18650
7965.37,0.00154617,1.54617e-05,18651
7965.56,0.0015461,1.5461e-05,18652
7965.75,0.00154602,1.54602e-05,18653
7965.94,0.00154595,1.54595e-05,18654
7966.12,0.00154588,1.54588e-05,18655
7966.31,0.00154581,1.54581e-05,18656
7966.49,0.00154573,1.54573e-05,18657
7966.67,0.00154566,1.54566e-05,18658
7966.86,0.00154559,1.54559e-05,18659
7967.04,0.00154552,1.54552e-05,18660
7967.22,0.00154545,1.54545e-05,18661
7967.4,0.00154538,1.54538e-05,18662
7967.57,0.00154531,1.54531e-05,18663
7967.75,0.00154525,1.54525e-05,18664
7967.92,0.00154518,1.54518e-05,18665
7968.1,0.00154511,1.54511e-05,18666
7968.27,0.00154504,1.54504e-05,18667
7968.44,0.00154498,1.54498e-05,18668
7968.61,0.00154491,1.54491e-05,18669
7968.78,0.00154485,1.54485e-05,18670
7968.95,0.00154478,1.54478e-05,18671
7969.12,0.00154472,1.54472e-05,18672
7969.28,0.00154465,1.54465e-05,18673
7969.45,0.00154459,1.54459e-05,18674
7969.61,0.00154452,1.54452e-05,18675
7969.77,0.00154446,1.54446e-05,18676
7969.93,0.0015444,1.5444e-05,18677
7970.1,0.00154434,1.54434e-05,18678
7970.25,0.00154428,1.54428e-05,18679
7970.41,0.00154421,1.54421e-05,18680
7970.57,0.00154415,1.54415e-05,18681
7970.72,0.00154409,1.54409e-05,18682
7970.88,0.00154403,1.54403e-05,18683
7971.03,0.00154397,1.54397e-05,18684
7971.18,0.00154392,1.54392e-05,18685
7971.33,0.00154386,1.54386e-05,18686
7971.48,0.0015438,1.5438e-05,18687
7971.63,0.00154374,1.54374e-05,18688
7971.78,0.00154368,1.54368e-05,18689
7971.93,0.00154363,1.54363e-05,18690
7972.07,0.00154357,1.54357e-05,18691
7972.22,0.00154352,1.54352e-05,18692
7972.36,0.00154346,1.54346e-05,18693
7972.5,0.00154341,1.54341e-05,18694
7972.64,0.00154335,1.54335e-05,18695
7972.78,0.0015433,1.5433e-05,18696
7972.92,0.00154324,1.54324e-05,18697
7973.06,0.00154319,1.54319e-05,18698
7973.19,0.00154314,1.54314e-05,18699
7973.33,0.00154309,1.54309e-05,18700
7973.46,0.00154303,1.54303e-05,18701
7973.59,0.00154298,1.54298e-05,18702
7973.72,0.00154293,1.54293e-05,18703
7973.85,0.00154288,1.54288e-05,18704
7973.98,0.00154283,1.54283e-05,18705
7974.11,0.00154278,1.54278e-05,18706
7974.23,0.00154273,1.54273e-05,18707
7974.36,0.00154269,1.54269e-05,18708
7974.48,0.00154264,1.54264e-05,18709
7974.61,0.00154259,1.54259e-05,18710
7974.73,0.00154254,1.54254e-05,18711
7974.85,0.0015425,1.5425e-05,18712
7974.97,0.00154245,1.54245e-05,18713
7975.09,0.0015424,1.5424e-05,18714
7975.2,0.00154236,1.54236e-05,18715
7975.32,0.00154231,1.54231e-05,18716
7975.43,0.00154227,1.54227e-05,18717
7975.55,0.00154223,1.54223e-05,18718
7975.66,0.00154218,1.54218e-05,18719
7975.77,0.00154214,1.54214e-05,18720
7975.88,0.0015421,1.5421e-05,18721
7975.99,0.00154205,1.54205e-05,18722
7976.1,0.00154201,1.54201e-05,18723
7976.2,0.00154197,1.54197e-05,18724
7976.31,0.00154193,1.54193e-05,18725
7976.42,0.00154189,1.54189e-05,18726
7976.52,0.00154185,1.54185e-05,18727
7976.62,0.00154181,1.54181e-05,18728
7976.72,0.00154177,1.54177e-05,18729
7976.82,0.00154173,1.54173e-05,18730
7976.92,0.00154169,1.5417e-05,18731
7977.02,0.00154166,1.54166e-05,18732
7977.11,0.00154162,1.54162e-05,18733
7977.21,0.00154158,1.54158e-05,18734
7977.3,0.00154155,1.54155e-05,18735
7977.4,0.00154151,1.54151e-05,18736
7977.49,0.00154148,1.54148e-05,18737
7977.58,0.00154144,1.54144e-05,18738
7977.67,0.00154141,1.54141e-05,18739
7977.76,0.00154137,1.54137e-05,18740
7977.84,0.00154134,1.54134e-05,18741
7977.93,0.00154131,1.54131e-05,18742
7978.01,0.00154127,1.54127e-05,18743
7978.1,0.00154124,1.54124e-05,18744
7978.18,0.00154121,1.54121e-05,18745
7978.26,0.00154118,1.54118e-05,18746
7978.34,0.00154115,1.54115e-05,18747
7978.42,0.00154112,1.54112e-05,18748
7978.5,0.00154109,1.54109e-05,18749
7978.57,0.00154106,1.54106e-05,18750
7978.65,0.00154103,1.54103e-05,18751
7978.72,0.001541,1.541e-05,18752
7978.8,0.00154097,1.54097e-05,18753
7978.87,0.00154094,1.54094e-05,18754
7978.94,0.00154092,1.54092e-05,18755
7979.01,0.00154089,1.54089e-05,18756
7979.08,0.00154086,1.54086e-05,18757
7979.14,0.00154084,1.54084e-05,18758
7979.21,0.00154081,1.54081e-05,18759
7979.28,0.00154078,1.54079e-05,18760
7979.34,0.00154076,1.54076e-05,18761
7979.4,0.00154074,1.54074e-05,18762
7979.46,0.00154071,1.54071e-05,18763
7979.53,0.00154069,1.54069e-05,18764
7979.58,0.00154067,1.54067e-05,18765
7979.64,0.00154064,1.54064e-05,18766
7979.7,0.00154062,1.54062e-05,18767
7979.76,0.0015406,1.5406e-05,18768
7979.81,0.00154058,1.54058e-05,18769
7979.86,0.00154056,1.54056e-05,18770
7979.92,0.00154054,1.54054e-05,18771
7979.97,0.00154052,1.54052e-05,18772
7980.02,0.0015405,1.5405e-05,18773
7980.07,0.00154048,1.54048e-05,18774
7980.11,0.00154046,1.54046e-05,18775
7980.16,0.00154044,1.54044e-05,18776
7980.21,0.00154043,1.54043e-05,18777
7980.25,0.00154041,1.54041e-05,18778
7980.29,0.00154039,1.54039e-05,18779
7980.33,0.00154038,1.54038e-05,18780
7980.38,0.00154036,1.54036e-05,18781
7980.41,0.00154035,1.54035e-05,18782
7980.45,0.00154033,1.54033e-05,18783
7980.49,0.00154032,1.54032e-05,18784
7980.53,0.0015403,1.5403e-05,18785
7980.56,0.00154029,1.54029e-05,18786
7980.6,0.00154028,1.54028e-05,18787
7980.63,0.00154026,1.54026e-05,18788
7980.66,0.00154025,1.54025e-05,18789
7980.69,0.00154024,1.54024e-05,18790
7980.72,0.00154023,1.54023e-05,18791
7980.75,0.00154022,1.54022e-05,18792
7980.77,0.00154021,1.54021e-05,18793
7980.8,0.0015402,1.5402e-05,18794
7980.82,0.00154019,1.54019e-05,18795
7980.85,0.00154018,1.54018e-05,18796
7980.87,0.00154017,1.54017e-05,18797
7980.89,0.00154016,1.54016e-05,18798
7980.91,0.00154015,1.54015e-05,18799
7980.93,0.00154015,1.54015e-05,18800
7980.95,0.00154014,1.54014e-05,18801
7980.96,0.00154013,1.54013e-05,18802
7980.98,0.00154013,1.54013e-05,18803
7980.99,0.00154012,1.54012e-05,18804
7981.01,0.00154012,1.54012e-05,18805
7981.02,0.00154011,1.54011e-05,18806
7981.03,0.00154011,1.54011e-05,18807
7981.04,0.0015401,1.5401e-05,18808
7981.05,0.0015401,1.5401e-05,18809
7981.05,0.0015401,1.5401e-05,18810
7981.06,0.0015401,1.5401e-05,18811
7981.06,0.00154009,1.54009e-05,18812
7981.07,0.00154009,1.54009e-05,18813
7981.07,0.00154009,1.54009e-05,18814
7981.07,0.00154009,1.54009e-05,18815
7981.07,0.00154009,1.54009e-05,18816
7981.07,0.00154009,1.54009e-05,18817
7981.07,0.00154009,1.54009e-05,18818
7981.07,0.00154009,1.54009e-05,18819
7981.06,0.0015401,1.5401e-05,18820
7981.06,0.0015401,1.5401e-05,18821
7981.05,0.0015401,1.5401e-05,18822
7981.04,0.0015401,1.5401e-05,18823
7981.03,0.00154011,1.54011e-05,18824
7981.02,0.00154011,1.54011e-05,18825
7981.01,0.00154011,1.54011e-05,18826
7981,0.00154012,1.54012e-05,18827
7980.99,0.00154012,1.54013e-05,18828
7980.97,0.00154013,1.54013e-05,18829
7980.95,0.00154014,1.54014e-05,18830
7980.94,0.00154014,1.54014e-05,18831
7980.92,0.00154015,1.54015e-05,18832
7980.9,0.00154016,1.54016e-05,18833
7980.88,0.00154017,1.54017e-05,18834
7980.86,0.00154017,1.54017e-05,18835
7980.83,0.00154018,1.54018e-05,18836
7980.81,0.00154019,1.54019e-05,18837
7980.78,0.0015402,1.5402e-05,18838
7980.76,0.00154021,1.54021e-05,18839
7980.73,0.00154022,1.54022e-05,18840
7980.7,0.00154023,1.54023e-05,18841
7980.67,0.00154025,1.54025e-05,18842
7980.64,0.00154026,1.54026e-05,18843
7980.61,0.00154027,1.54027e-05,18844
7980.58,0.00154028,1.54028e-05,18845
7980.54,0.0015403,1.5403e-05,18846
7980.51,0.00154031,1.54031e-05,18847
7980.47,0.00154032,1.54032e-05,18848
7980.43,0.00154034,1.54034e-05,18849
7980.39,0.00154035,1.54035e-05,18850
7980.35,0.00154037,1.54037e-05,18851
7980.31,0.00154039,1.54039e-05,18852
7980.27,0.0015404,1.5404e-05,18853
7980.22,0.00154042,1.54042e-05,18854
7980.18,0.00154044,1.54044e-05,18855
7980.13,0.00154045,1.54045e-05,18856
7980.09,0.00154047,1.54047e-05,18857
7980.04,0.00154049,1.54049e-05,18858
7979.99,0.00154051,1.54051e-05,18859
7979.94,0.00154053,1.54053e-05,18860
7979.88,0.00154055,1.54055e-05,18861
7979.83,0.00154057,1.54057e-05,18862
7979.78,0.00154059,1.54059e-05,18863
7979.72,0.00154061,1.54061e-05,18864
7979.67,0.00154063,1.54063e-05,18865
7979.61,0.00154066,1.54066e-05,18866
7979.55,0.00154068,1.54068e-05,18867
7979.49,0.0015407,1.5407e-05,18868
7979.43,0.00154073,1.54073e-05,18869
7979.37,0.00154075,1.54075e-05,18870
7979.3,0.00154077,1.54077e-05,18871
7979.24,0.0015408,1.5408e-05,18872
7979.17,0.00154082,1.54082e-05,18873
7979.11,0.00154085,1.54085e-05,18874
7979.04,0.00154088,1.54088e-05,18875
7978.97,0.0015409,1.5409e-05,18876
7978.9,0.00154093,1.54093e-05,18877
7978.83,0.00154096,1.54096e-05,18878
7978.75,0.00154099,1.54099e-05,18879
7978.68,0.00154102,1.54102e-05,18880
7978.61,0.00154104,1.54104e-05,18881
7978.53,0.00154107,1.54107e-05,18882
7978.45,0.0015411,1.5411e-05,18883
7978.37,0.00154113,1.54113e-05,18884
7978.29,0.00154116,1.54116e-05,18885
7978.21,0.0015412,1.5412e-05,18886
7978.13,0.00154123,1.54123e-05,18887
7978.05,0.00154126,1.54126e-05,18888
7977.96,0.00154129,1.54129e-05,18889
7977.88,0.00154132,1.54132e-05,18890
7977.79,0.00154136,1.54136e-05,18891
7977.7,0.00154139,1.54139e-05,18892
7977.62,0.00154143,1.54143e-05,18893
7977.53,0.00154146,1.54146e-05,18894
7977.43,0.0015415,1.5415e-05,18895
7977.34,0.00154153,1.54153e-05,18896
7977.25,0.00154157,1.54157e-05,18897
7977.15,0.00154161,1.54161e-05,18898
7977.06,0.00154164,1.54164e-05,18899
7976.96,0.00154168,1.54168e-05,18900
7976.86,0.00154172,1.54172e-05,18901
7976.76,0.00154176,1.54176e-05,18902
7976.66,0.00154179,1.54179e-05,18903
7976.56,0.00154183,1.54183e-05,18904
7976.46,0.00154187,1.54187e-05,18905
7976.35,0.00154191,1.54191e-05,18906
7976.25,0.00154195,1.54195e-05,18907
7976.14,0.001542,1.542e-05,18908
7976.04,0.00154204,1.54204e-05,18909
7975.93,0.00154208,1.54208e-05,18910
7975.82,0.00154212,1.54212e-05,18911
7975.71,0.00154216,1.54216e-05,18912
7975.59,0.00154221,1.54221e-05,18913
7975.48,0.00154225,1.54225e-05,18914
7975.37,0.0015423,1.5423e-05,18915
7975.25,0.00154234,1.54234e-05,18916
7975.13,0.00154239,1.54239e-05,18917
7975.02,0.00154243,1.54243e-05,18918
7974.9,0.00154248,1.54248e-05,18919
7974.78,0.00154252,1.54252e-05,18920
7974.66,0.00154257,1.54257e-05,18921
7974.53,0.00154262,1.54262e-05,18922
7974.41,0.00154267,1.54267e-05,18923
7974.29,0.00154271,1.54271e-05,18924
7974.16,0.00154276,1.54276e-05,18925
7974.03,0.00154281,1.54281e-05,18926
7973.9,0.00154286,1.54286e-05,18927
7973.77,0.00154291,1.54291e-05,18928
7973.64,0.00154296,1.54296e-05,18929
7973.51,0.00154301,1.54301e-05,18930
7973.38,0.00154306,1.54306e-05,18931
7973.25,0.00154312,1.54312e-05,18932
7973.11,0.00154317,1.54317e-05,18933
7972.97,0.00154322,1.54322e-05,18934
7972.84,0.00154328,1.54327e-05,18935
7972.7,0.00154333,1.54333e-05,18936
7972.56,0.00154338,1.54338e-05,18937
7972.42,0.00154344,1.54344e-05,18938
7972.28,0.00154349,1.54349e-05,18939
7972.13,0.00154355,1.54355e-05,18940
7971.99,0.0015436,1.5436e-05,18941
7971.84,0.00154366,1.54366e-05,18942
7971.69,0.00154372,1.54372e-05,18943
7971.55,0.00154377,1.54377e-05,18944
7971.4,0.00154383,1.54383e-05,18945
7971.25,0.00154389,1.54389e-05,18946
7971.1,0.00154395,1.54395e-05,18947
7970.94,0.00154401,1.54401e-05,18948
7970.79,0.00154407,1.54407e-05,18949
7970.63,0.00154413,1.54413e-05,18950
7970.48,0.00154419,1.54419e-05,18951
7970.32,0.00154425,1.54425e-05,18952
7970.16,0.00154431,1.54431e-05,18953
7970,0.00154437,1.54437e-05,18954
7969.84,0.00154444,1.54444e-05,18955
7969.68,0.0015445,1.5445e-05,18956
7969.52,0.00154456,1.54456e-05,18957
7969.35,0.00154462,1.54462e-05,18958
7969.19,0.00154469,1.54469e-05,18959
7969.02,0.00154475,1.54475e-05,18960
7968.85,0.00154482,1.54482e-05,18961
7968.68,0.00154488,1.54488e-05,18962
7968.51,0.00154495,1.54495e-05,18963
7968.34,0.00154502,1.54502e-05,18964
7968.17,0.00154508,1.54508e-05,18965
7968,0.00154515,1.54515e-05,18966
7967.82,0.00154522,1.54522e-05,18967
7967.65,0.00154529,1.54529e-05,18968
7967.47,0.00154535,1.54535e-05,18969
7967.29,0.00154542,1.54542e-05,18970
7967.11,0.00154549,1.54549e-05,18971
7966.93,0.00154556,1.54556e-05,18972
7966.75,0.00154563,1.54563e-05,18973
7966.57,0.0015457,1.5457e-05,18974
7966.38,0.00154578,1.54578e-05,18975
7966.2,0.00154585,1.54585e-05,18976
7966.01,0.00154592,1.54592e-05,18977
7965.82,0.00154599,1.54599e-05,18978
7965.64,0.00154607,1.54607e-05,18979
7965.45,0.00154614,1.54614e-05,18980
7965.26,0.00154621,1.54621e-05,18981
7965.06,0.00154629,1.54629e-05,18982
7964.87,0.00154636,1.54636e-05,18983
7964.68,0.00154644,1.54644e-05,18984
7964.48,0.00154652,1.54651e-05,18985
7964.28,0.00154659,1.54659e-05,18986
7964.09,0.00154667,1.54667e-05,18987
7963.89,0.00154675,1.54675e-05,18988
7963.69,0.00154682,1.54682e-05,18989
7963.49,0.0015469,1.5469e-05,18990
7963.28,0.00154698,1.54698e-05,18991
7963.08,0.00154706,1.54706e-05,18992
7962.87,0.00154714,1.54714e-05,18993
7962.67,0.00154722,1.54722e-05,18994
7962.46,0.0015473,1.5473e-05,18995
7962.25,0.00154738,1.54738e-05,18996
7962.04,0.00154746,1.54746e-05,18997
7961.83,0.00154754,1.54754e-05,18998
7961.62,0.00154763,1.54763e-05,18999
7961.41,0.00154771,1.54771e-05,19000
7961.19,0.00154779,1.54779e-05,19001
7960.98,0.00154788,1.54788e-05,19002
7960.76,0.00154796,1.54796e-05,19003
7960.54,0.00154804,1.54804e-05,19004
7960.32,0.00154813,1.54813e-05,19005
7960.11,0.00154822,1.54822e-05,19006
7959.88,0.0015483,1.5483e-05,19007
7959.66,0.00154839,1.54839e-05,19008
7959.44,0.00154848,1.54848e-05,19009
7959.21,0.00154856,1.54856e-05,19010
7958.99,0.00154865,1.54865e-05,19011
7958.76,0.00154874,1.54874e-05,19012
7958.53,0.00154883,1.54883e-05,19013
7958.3,0.00154892,1.54892e-05,19014
7958.07,0.00154901,1.54901e-05,19015
7957.84,0.0015491,1.5491e-05,19016
7957.61,0.00154919,1.54919e-05,19017
7957.38,0.00154928,1.54928e-05,19018
7957.14,0.00154937,1.54937e-05,19019
7956.9,0.00154946,1.54946e-05,19020
7956.67,0.00154955,1.54955e-05,19021
7956.43,0.00154965,1.54965e-05,19022
7956.19,0.00154974,1.54974e-05,19023
7955.95,0.00154983,1.54983e-05,19024
7955.71,0.00154993,1.54993e-05,19025
7955.46,0.00155002,1.55002e-05,19026
7955.22,0.00155012,1.55012e-05,19027
7954.97,0.00155021,1.55021e-05,19028
7954.72,0.00155031,1.55031e-05,19029
7954.48,0.00155041,1.55041e-05,19030
7954.23,0.0015505,1.5505e-05,19031
7953.98,0.0015506,1.5506e-05,19032
7953.73,0.0015507,1.5507e-05,19033
7953.47,0.0015508,1.5508e-05,19034
7953.22,0.0015509,1.5509e-05,19035
7952.97,0.001551,1.551e-05,19036
7952.71,0.0015511,1.5511e-05,19037
7952.45,0.0015512,1.5512e-05,19038
7952.19,0.0015513,1.5513e-05,19039
7951.93,0.0015514,1.5514e-05,19040
7951.67,0.0015515,1.5515e-05,19041
7951.41,0.0015516,1.5516e-05,19042
7951.15,0.00155171,1.55171e-05,19043
7950.89,0.00155181,1.55181e-05,19044
7950.62,0.00155191,1.55191e-05,19045
7950.35,0.00155202,1.55202e-05,19046
7950.09,0.00155212,1.55212e-05,19047
7949.82,0.00155223,1.55223e-05,19048
7949.55,0.00155233,1.55233e-05,19049
7949.28,0.00155244,1.55244e-05,19050
7949,0.00155254,1.55254e-05,19051
7948.73,0.00155265,1.55265e-05,19052
7948.46,0.00155276,1.55276e-05,19053
7948.18,0.00155286,1.55286e-05,19054
7947.9,0.00155297,1.55297e-05,19055
7947.62,0.00155308,1.55308e-05,19056
7947.35,0.00155319,1.55319e-05,19057
7947.06,0.0015533,1.5533e-05,19058
7946.78,0.00155341,1.55341e-05,19059
7946.5,0.00155352,1.55352e-05,19060
7946.22,0.00155363,1.55363e-05,19061
7945.93,0.00155374,1.55374e-05,19062
7945.65,0.00155386,1.55386e-05,19063
7945.36,0.00155397,1.55397e-05,19064
7945.07,0.00155408,1.55408e-05,19065
7944.78,0.00155419,1.55419e-05,19066
7944.49,0.00155431,1.55431e-05,19067
7944.2,0.00155442,1.55442e-05,19068
7943.9,0.00155454,1.55454e-05,19069
7943.61,0.00155465,1.55465e-05,19070
7943.31,0.00155477,1.55477e-05,19071
7943.02,0.00155488,1.55488e-05,19072
7942.72,0.001555,1.555e-05,19073
7942.42,0.00155512,1.55512e-05,19074
7942.12,0.00155524,1.55524e-05,19075
7941.82,0.00155535,1.55535e-05,19076
7941.51,0.00155547,1.55547e-05,19077
7941.21,0.00155559,1.55559e-05,19078
7940.91,0.00155571,1.55571e-05,19079
7940.6,0.00155583,1.55583e-05,19080
7940.29,0.00155595,1.55595e-05,19081
7939.98,0.00155607,1.55607e-05,19082
7939.67,0.00155619,1.55619e-05,19083
7939.36,0.00155632,1.55632e-05,19084
7939.05,0.00155644,1.55644e-05,19085
7938.74,0.00155656,1.55656e-05,19086
7938.42,0.00155668,1.55668e-05,19087
7938.11,0.00155681,1.55681e-05,19088
7937.79,0.00155693,1.55693e-05,19089
7937.47,0.00155706,1.55706e-05,19090
7937.16,0.00155718,1.55718e-05,19091
7936.84,0.00155731,1.55731e-05,19092
7936.51,0.00155743,1.55743e-05,19093
7936.19,0.00155756,1.55756e-05,19094
7935.87,0.00155769,1.55769e-05,19095
7935.54,0.00155781,1.55781e-05,19096
7935.22,0.00155794,1.55794e-05,19097
7934.89,0.00155807,1.55807e-05,19098
7934.56,0.0015582,1.5582e-05,19099
7934.23,0.00155833,1.55833e-05,19100
7933.9,0.00155846,1.55846e-05,19101
7933.57,0.00155859,1.55859e-05,19102
7933.24,0.00155872,1.55872e-05,19103
7932.9,0.00155885,1.55885e-05,19104
7932.57,0.00155898,1.55898e-05,19105
7932.23,0.00155912,1.55912e-05,19106
7931.89,0.00155925,1.55925e-05,19107
7931.55,0.00155938,1.55938e-05,19108
7931.21,0.00155952,1.55952e-05,19109
7930.87,0.00155965,1.55965e-05,19110
7930.53,0.00155978,1.55978e-05,19111
7930.19,0.00155992,1.55992e-05,19112
7929.84,0.00156005,1.56005e-05,19113
7929.5,0.00156019,1.56019e-05,19114
7929.15,0.00156033,1.56033e-05,19115
7928.8,0.00156046,1.56046e-05,19116
7928.45,0.0015606,1.5606e-05,19117
7928.1,0.00156074,1.56074e-05,19118
7927.75,0.00156088,1.56088e-05,19119
7927.4,0.00156102,1.56102e-05,19120
7927.04,0.00156116,1.56116e-05,19121
7926.69,0.0015613,1.5613e-05,19122
7926.33,0.00156144,1.56144e-05,19123
7925.97,0.00156158,1.56158e-05,19124
7925.62,0.00156172,1.56172e-05,19125
7925.25,0.00156186,1.56186e-05,19126
7924.89,0.001562,1.562e-05,19127
7924.53,0.00156215,1.56215e-05,19128
7924.17,0.00156229,1.56229e-05,19129
7923.8,0.00156243,1.56243e-05,19130
7923.44,0.00156258,1.56258e-05,19131
7923.07,0.00156272,1.56272e-05,19132
7922.7,0.00156287,1.56287e-05,19133
7922.33,0.00156301,1.56301e-05,19134
7921.96,0.00156316,1.56316e-05,19135
7921.59,0.00156331,1.56331e-05,19136
7921.22,0.00156345,1.56345e-05,19137
7920.85,0.0015636,1.5636e-05,19138
7920.47,0.00156375,1.56375e-05,19139
7920.09,0.0015639,1.5639e-05,19140
7919.72,0.00156405,1.56405e-05,19141
7919.34,0.0015642,1.5642e-05,19142
7918.96,0.00156435,1.56435e-05,19143
7918.58,0.0015645,1.5645e-05,19144
7918.19,0.00156465,1.56465e-05,19145
7917.81,0.0015648,1.5648e-05,19146
7917.43,0.00156495,1.56495e-05,19147
7917.04,0.0015651,1.5651e-05,19148
7916.66,0.00156526,1.56526e-05,19149
7916.27,0.00156541,1.56541e-05,19150
7915.88,0.00156556,1.56556e-05,19151
7915.49,0.00156572,1.56572e-05,19152
7915.1,0.00156587,1.56587e-05,19153
7914.7,0.00156603,1.56603e-05,19154
7914.31,0.00156618,1.56618e-05,19155
7913.91,0.00156634,1.56634e-05,19156
7913.52,0.0015665,1.5665e-05,19157
7913.12,0.00156666,1.56666e-05,19158
7912.72,0.00156681,1.56681e-05,19159
7912.32,0.00156697,1.56697e-05,19160
7911.92,0.00156713,1.56713e-05,19161
7911.52,0.00156729,1.56729e-05,19162
7911.12,0.00156745,1.56745e-05,19163
7910.71,0.00156761,1.56761e-05,19164
7910.31,0.00156777,1.56777e-05,19165
7909.9,0.00156793,1.56793e-05,19166
7909.49,0.00156809,1.56809e-05,19167
7909.08,0.00156826,1.56826e-05,19168
7908.67,0.00156842,1.56842e-05,19169
7908.26,0.00156858,1.56858e-05,19170
7907.85,0.00156875,1.56875e-05,19171
7907.43,0.00156891,1.56891e-05,19172
7907.02,0.00156907,1.56907e-05,19173
7906.6,0.00156924,1.56924e-05,19174
7906.19,0.00156941,1.56941e-05,19175
7905.77,0.00156957,1.56957e-05,19176
7905.35,0.00156974,1.56974e-05,19177
7904.93,0.00156991,1.56991e-05,19178
7904.5,0.00157007,1.57007e-05,19179
7904.08,0.00157024,1.57024e-05,19180
7903.66,0.00157041,1.57041e-05,19181
7903.23,0.00157058,1.57058e-05,19182
7902.8,0.00157075,1.57075e-05,19183
7902.38,0.00157092,1.57092e-05,19184
7901.95,0.00157109,1.57109e-05,19185
7901.52,0.00157126,1.57126e-05,19186
7901.08,0.00157143,1.57143e-05,19187
7900.65,0.0015716,1.5716e-05,19188
7900.22,0.00157178,1.57178e-05,19189
7899.78,0.00157195,1.57195e-05,19190
7899.35,0.00157212,1.57212e-05,19191
7898.91,0.0015723,1.5723e-05,19192
7898.47,0.00157247,1.57247e-05,19193
7898.03,0.00157265,1.57265e-05,19194
7897.59,0.00157282,1.57282e-05,19195
7897.15,0.001573,1.573e-05,19196
7896.71,0.00157318,1.57318e-05,19197
7896.26,0.00157335,1.57335e-05,19198
7895.82,0.00157353,1.57353e-05,19199
7895.37,0.00157371,1.57371e-05,19200
7894.92,0.00157389,1.57389e-05,19201
7894.47,0.00157407,1.57407e-05,19202
7894.02,0.00157425,1.57425e-05,19203
7893.57,0.00157443,1.57443e-05,19204
7893.12,0.00157461,1.57461e-05,19205
7892.66,0.00157479,1.57479e-05,19206
7892.21,0.00157497,1.57497e-05,19207
7891.75,0.00157515,1.57515e-05,19208
7891.29,0.00157533,1.57533e-05,19209
7890.84,0.00157552,1.57552e-05,19210
7890.38,0.0015757,1.5757e-05,19211
7889.92,0.00157588,1.57588e-05,19212
7889.45,0.00157607,1.57607e-05,19213
7888.99,0.00157625,1.57625e-05,19214
7888.53,0.00157644,1.57644e-05,19215
7888.06,0.00157663,1.57663e-05,19216
7887.59,0.00157681,1.57681e-05,19217
7887.12,0.001577,1.577e-05,19218
7886.66,0.00157719,1.57719e-05,19219
7886.19,0.00157738,1.57738e-05,19220
7885.71,0.00157756,1.57756e-05,19221
7885.24,0.00157775,1.57775e-05,19222
7884.77,0.00157794,1.57794e-05,19223
7884.29,0.00157813,1.57813e-05,19224
7883.82,0.00157832,1.57832e-05,19225
7883.34,0.00157851,1.57851e-05,19226
7882.86,0.00157871,1.57871e-05,19227
7882.38,0.0015789,1.5789e-05,19228
7881.9,0.00157909,1.57909e-05,19229
7881.42,0.00157928,1.57928e-05,19230
7880.93,0.00157948,1.57948e-05,19231
7880.45,0.00157967,1.57967e-05,19232
7879.96,0.00157987,1.57987e-05,19233
7879.48,0.00158006,1.58006e-05,19234
7878.99,0.00158026,1.58026e-05,19235
7878.5,0.00158045,1.58045e-05,19236
7878.01,0.00158065,1.58065e-05,19237
7877.52,0.00158085,1.58085e-05,19238
7877.02,0.00158105,1.58105e-05,19239
7876.53,0.00158124,1.58124e-05,19240
7876.03,0.00158144,1.58144e-05,19241
7875.54,0.00158164,1.58164e-05,19242
7875.04,0.00158184,1.58184e-05,19243
7874.54,0.00158204,1.58204e-05,19244
7874.04,0.00158224,1.58224e-05,19245
7873.54,0.00158245,1.58245e-05,19246
7873.04,0.00158265,1.58265e-05,19247
7872.53,0.00158285,1.58285e-05,19248
7872.03,0.00158305,1.58305e-05,19249
7871.52,0.00158326,1.58326e-05,19250
7871.02,0.00158346,1.58346e-05,19251
7870.51,0.00158366,1.58366e-05,19252
7870,0.00158387,1.58387e-05,19253
7869.49,0.00158408,1.58408e-05,19254
7868.98,0.00158428,1.58428e-05,19255
7868.47,0.00158449,1.58449e-05,19256
7867.95,0.00158469,1.58469e-05,19257
7867.44,0.0015849,1.5849e-05,19258
7866.92,0.00158511,1.58511e-05,19259
7866.4,0.00158532,1.58532e-05,19260
7865.88,0.00158553,1.58553e-05,19261
7865.36,0.00158574,1.58574e-05,19262
7864.84,0.00158595,1.58595e-05,19263
7864.32,0.00158616,1.58616e-05,19264
7863.8,0.00158637,1.58637e-05,19265
7863.27,0.00158658,1.58658e-05,19266
7862.75,0.00158679,1.58679e-05,19267
7862.22,0.00158701,1.58701e-05,19268
7861.69,0.00158722,1.58722e-05,19269
7861.16,0.00158743,1.58743e-05,19270
7860.63,0.00158765,1.58765e-05,19271
7860.1,0.00158786,1.58786e-05,19272
7859.56,0.00158808,1.58808e-05,19273
7859.03,0.00158829,1.58829e-05,19274
7858.5,0.00158851,1.58851e-05,19275
7857.96,0.00158873,1.58873e-05,19276
7857.42,0.00158895,1.58895e-05,19277
7856.88,0.00158916,1.58916e-05,19278
7856.34,0.00158938,1.58938e-05,19279
7855.8,0.0015896,1.5896e-05,19280
7855.26,0.00158982,1.58982e-05,19281
7854.71,0.00159004,1.59004e-05,19282
7854.17,0.00159026,1.59026e-05,19283
7853.62,0.00159048,1.59048e-05,19284
7853.08,0.0015907,1.5907e-05,19285
7852.53,0.00159093,1.59093e-05,19286
7851.98,0.00159115,1.59115e-05,19287
7851.43,0.00159137,1.59137e-05,19288
7850.87,0.0015916,1.5916e-05,19289
7850.32,0.00159182,1.59182e-05,19290
7849.77,0.00159205,1.59205e-05,19291
7849.21,0.00159227,1.59227e-05,19292
7848.65,0.0015925,1.5925e-05,19293
7848.1,0.00159272,1.59272e-05,19294
7847.54,0.00159295,1.59295e-05,19295
7846.98,0.00159318,1.59318e-05,19296
7846.41,0.00159341,1.59341e-05,19297
7845.85,0.00159364,1.59363e-05,19298
7845.29,0.00159386,1.59386e-05,19299
7844.72,0.00159409,1.59409e-05,19300
7844.16,0.00159432,1.59432e-05,19301
7843.59,0.00159455,1.59455e-05,19302
7843.02,0.00159479,1.59479e-05,19303
7842.45,0.00159502,1.59502e-05,19304
7841.88,0.00159525,1.59525e-05,19305
7841.31,0.00159548,1.59548e-05,19306
7840.73,0.00159572,1.59572e-05,19307
7840.16,0.00159595,1.59595e-05,19308
7839.58,0.00159619,1.59619e-05,19309
7839.01,0.00159642,1.59642e-05,19310
7838.43,0.00159666,1.59666e-05,19311
7837.85,0.00159689,1.59689e-05,19312
7837.27,0.00159713,1.59713e-05,19313
7836.68,0.00159737,1.59737e-05,19314
7836.1,0.0015976,1.5976e-05,19315
7835.52,0.00159784,1.59784e-05,19316
7834.93,0.00159808,1.59808e-05,19317
7834.34,0.00159832,1.59832e-05,19318
7833.76,0.00159856,1.59856e-05,19319
7833.17,0.0015988,1.5988e-05,19320
7832.58,0.00159904,1.59904e-05,19321
7831.99,0.00159928,1.59928e-05,19322
7831.39,0.00159952,1.59952e-05,19323
7830.8,0.00159977,1.59977e-05,19324
7830.2,0.00160001,1.60001e-05,19325
7829.61,0.00160025,1.60025e-05,19326
7829.01,0.0016005,1.6005e-05,19327
7828.41,0.00160074,1.60074e-05,19328
7827.81,0.00160099,1.60099e-05,19329
7827.21,0.00160123,1.60123e-05,19330
7826.61,0.00160148,1.60148e-05,19331
7826.01,0.00160173,1.60173e-05,19332
7825.4,0.00160197,1.60197e-05,19333
7824.8,0.00160222,1.60222e-05,19334
7824.19,0.00160247,1.60247e-05,19335
7823.58,0.00160272,1.60272e-05,19336
7822.97,0.00160297,1.60297e-05,19337
7822.36,0.00160322,1.60322e-05,19338
7821.75,0.00160347,1.60347e-05,19339
7821.14,0.00160372,1.60372e-05,19340
7820.52,0.00160397,1.60397e-05,19341
7819.91,0.00160423,1.60423e-05,19342
7819.29,0.00160448,1.60448e-05,19343
7818.67,0.00160473,1.60473e-05,19344
7818.05,0.00160499,1.60499e-05,19345
7817.43,0.00160524,1.60524e-05,19346
7816.81,0.0016055,1.6055e-05,19347
7816.19,0.00160575,1.60575e-05,19348
7815.57,0.00160601,1.60601e-05,19349
7814.94,0.00160627,1.60627e-05,19350
7814.31,0.00160652,1.60652e-05,19351
7813.69,0.00160678,1.60678e-05,19352
7813.06,0.00160704,1.60704e-05,19353
7812.43,0.0016073,1.6073e-05,19354
7811.8,0.00160756,1.60756e-05,19355
7811.17,0.00160782,1.60782e-05,19356
7810.53,0.00160808,1.60808e-05,19357
7809.9,0.00160834,1.60834e-05,19358
7809.26,0.0016086,1.6086e-05,19359
7808.63,0.00160887,1.60887e-05,19360
7807.99,0.00160913,1.60913e-05,19361
7807.35,0.00160939,1.60939e-05,19362
7806.71,0.00160966,1.60966e-05,19363
7806.07,0.00160992,1.60992e-05,19364
7805.42,0.00161019,1.61019e-05,19365
7804.78,0.00161045,1.61045e-05,19366
7804.13,0.00161072,1.61072e-05,19367
7803.49,0.00161099,1.61099e-05,19368
7802.84,0.00161125,1.61125e-05,19369
7802.19,0.00161152,1.61152e-05,19370
7801.54,0.00161179,1.61179e-05,19371
7800.89,0.00161206,1.61206e-05,19372
7800.24,0.00161233,1.61233e-05,19373
7799.58,0.0016126,1.6126e-05,19374
7798.93,0.00161287,1.61287e-05,19375
7798.27,0.00161314,1.61314e-05,19376
7797.61,0.00161341,1.61341e-05,19377
7796.96,0.00161369,1.61369e-05,19378
7796.3,0.00161396,1.61396e-05,19379
7795.64,0.00161423,1.61423e-05,19380
7794.97,0.00161451,1.61451e-05,19381
7794.31,0.00161478,1.61478e-05,19382
7793.65,0.00161506,1.61506e-05,19383
7792.98,0.00161533,1.61533e-05,19384
7792.31,0.00161561,1.61561e-05,19385
7791.65,0.00161589,1.61589e-05,19386
7790.98,0.00161616,1.61616e-05,19387
7790.31,0.00161644,1.61644e-05,19388
7789.63,0.00161672,1.61672e-05,19389
7788.96,0.001617,1.617e-05,19390
7788.29,0.00161728,1.61728e-05,19391
7787.61,0.00161756,1.61756e-05,19392
7786.93,0.00161784,1.61784e-05,19393
7786.26,0.00161812,1.61812e-05,19394
7785.58,0.00161841,1.61841e-05,19395
7784.9,0.00161869,1.61869e-05,19396
7784.22,0.00161897,1.61897e-05,19397
7783.53,0.00161926,1.61926e-05,19398
7782.85,0.00161954,1.61954e-05,19399
7782.16,0.00161983,1.61983e-05,19400
7781.48,0.00162011,1.62011e-05,19401
7780.79,0.0016204,1.6204e-05,19402
7780.1,0.00162068,1.62068e-05,19403
7779.41,0.00162097,1.62097e-05,19404
7778.72,0.00162126,1.62126e-05,19405
7778.03,0.00162155,1.62155e-05,19406
7777.34,0.00162184,1.62184e-05,19407
7776.64,0.00162213,1.62213e-05,19408
7775.94,0.00162242,1.62242e-05,19409
7775.25,0.00162271,1.62271e-05,19410
7774.55,0.001623,1.623e-05,19411
7773.85,0.00162329,1.62329e-05,19412
7773.15,0.00162358,1.62359e-05,19413
7772.45,0.00162388,1.62388e-05,19414
7771.74,0.00162417,1.62417e-05,19415
7771.04,0.00162447,1.62447e-05,19416
7770.33,0.00162476,1.62476e-05,19417
7769.63,0.00162506,1.62506e-05,19418
7768.92,0.00162535,1.62535e-05,19419
7768.21,0.00162565,1.62565e-05,19420
7767.5,0.00162595,1.62595e-05,19421
7766.79,0.00162625,1.62625e-05,19422
7766.08,0.00162654,1.62654e-05,19423
7765.36,0.00162684,1.62684e-05,19424
7764.65,0.00162714,1.62714e-05,19425
7763.93,0.00162744,1.62744e-05,19426
7763.21,0.00162774,1.62774e-05,19427
7762.49,0.00162805,1.62805e-05,19428
7761.77,0.00162835,1.62835e-05,19429
7761.05,0.00162865,1.62865e-05,19430
7760.33,0.00162895,1.62895e-05,19431
7759.61,0.00162926,1.62926e-05,19432
7758.88,0.00162956,1.62956e-05,19433
7758.15,0.00162987,1.62987e-05,19434
7757.43,0.00163017,1.63017e-05,19435
7756.7,0.00163048,1.63048e-05,19436
7755.97,0.00163079,1.63079e-05,19437
7755.24,0.00163109,1.63109e-05,19438
7754.51,0.0016314,1.6314e-05,19439
7753.77,0.00163171,1.63171e-05,19440
7753.04,0.00163202,1.63202e-05,19441
7752.3,0.00163233,1.63233e-05,19442
7751.57,0.00163264,1.63264e-05,19443
7750.83,0.00163295,1.63295e-05,19444
7750.09,0.00163326,1.63326e-05,19445
7749.35,0.00163357,1.63357e-05,19446
7748.61,0.00163389,1.63389e-05,19447
7747.86,0.0016342,1.6342e-05,19448
7747.12,0.00163451,1.63451e-05,19449
7746.37,0.00163483,1.63483e-05,19450
7745.63,0.00163514,1.63514e-05,19451
7744.88,0.00163546,1.63546e-05,19452
7744.13,0.00163578,1.63578e-05,19453
7743.38,0.00163609,1.63609e-05,19454
7742.63,0.00163641,1.63641e-05,19455
7741.87,0.00163673,1.63673e-05,19456
7741.12,0.00163705,1.63705e-05,19457
7740.36,0.00163737,1.63737e-05,19458
7739.61,0.00163769,1.63769e-05,19459
7738.85,0.00163801,1.63801e-05,19460
7738.09,0.00163833,1.63833e-05,19461
7737.33,0.00163865,1.63865e-05,19462
7736.57,0.00163897,1.63897e-05,19463
7735.81,0.0016393,1.6393e-05,19464
7735.04,0.00163962,1.63962e-05,19465
7734.28,0.00163995,1.63995e-05,19466
7733.51,0.00164027,1.64027e-05,19467
7732.74,0.0016406,1.6406e-05,19468
7731.97,0.00164092,1.64092e-05,19469
7731.2,0.00164125,1.64125e-05,19470
7730.43,0.00164158,1.64158e-05,19471
7729.66,0.00164191,1.64191e-05,19472
7728.89,0.00164223,1.64223e-05,19473
7728.11,0.00164256,1.64256e-05,19474
7727.34,0.00164289,1.64289e-05,19475
7726.56,0.00164322,1.64322e-05,19476
7725.78,0.00164356,1.64356e-05,19477
7725,0.00164389,1.64389e-05,19478
7724.22,0.00164422,1.64422e-05,19479
7723.44,0.00164455,1.64455e-05,19480
7722.65,0.00164489,1.64489e-05,19481
7721.87,0.00164522,1.64522e-05,19482
7721.08,0.00164555,1.64555e-05,19483
7720.3,0.00164589,1.64589e-05,19484
7719.51,0.00164623,1.64623e-05,19485
7718.72,0.00164656,1.64656e-05,19486
7717.93,0.0016469,1.6469e-05,19487
7717.14,0.00164724,1.64724e-05,19488
7716.34,0.00164758,1.64758e-05,19489
7715.55,0.00164792,1.64792e-05,19490
7714.75,0.00164826,1.64826e-05,19491
7713.96,0.0016486,1.6486e-05,19492
7713.16,0.00164894,1.64894e-05,19493
7712.36,0.00164928,1.64928e-05,19494
7711.56,0.00164962,1.64962e-05,19495
7710.76,0.00164997,1.64997e-05,19496
7709.96,0.00165031,1.65031e-05,19497
7709.15,0.00165065,1.65065e-05,19498
7708.35,0.001651,1.651e-05,19499
7707.54,0.00165134,1.65134e-05,19500
7706.73,0.00165169,1.65169e-05,19501
7705.92,0.00165204,1.65204e-05,19502
7705.11,0.00165238,1.65238e-05,19503
7704.3,0.00165273,1.65273e-05,19504
7703.49,0.00165308,1.65308e-05,19505
7702.67,0.00165343,1.65343e-05,19506
7701.86,0.00165378,1.65378e-05,19507
7701.04,0.00165413,1.65413e-05,19508
7700.23,0.00165448,1.65448e-05,19509
7699.41,0.00165483,1.65483e-05,19510
7698.59,0.00165519,1.65519e-05,19511
7697.76,0.00165554,1.65554e-05,19512
7696.94,0.00165589,1.65589e-05,19513
7696.12,0.00165625,1.65625e-05,19514
7695.29,0.0016566,1.6566e-05,19515
7694.47,0.00165696,1.65696e-05,19516
7693.64,0.00165732,1.65732e-05,19517
7692.81,0.00165767,1.65767e-05,19518
7691.98,0.00165803,1.65803e-05,19519
7691.15,0.00165839,1.65839e-05,19520
7690.32,0.00165875,1.65875e-05,19521
7689.49,0.00165911,1.65911e-05,19522
7688.65,0.00165947,1.65947e-05,19523
7687.81,0.00165983,1.65983e-05,19524
7686.98,0.00166019,1.66019e-05,19525
7686.14,0.00166055,1.66055e-05,19526
7685.3,0.00166092,1.66092e-05,19527
7684.46,0.00166128,1.66128e-05,19528
7683.62,0.00166164,1.66164e-05,19529
7682.77,0.00166201,1.66201e-05,19530
7681.93,0.00166237,1.66237e-05,19531
7681.08,0.00166274,1.66274e-05,19532
7680.23,0.00166311,1.66311e-05,19533
7679.39,0.00166347,1.66347e-05,19534
7678.54,0.00166384,1.66384e-05,19535
7677.69,0.00166421,1.66421e-05,19536
7676.83,0.00166458,1.66458e-05,19537
7675.98,0.00166495,1.66495e-05,19538
7675.13,0.00166532,1.66532e-05,19539
7674.27,0.00166569,1.66569e-05,19540
7673.41,0.00166606,1.66606e-05,19541
7672.55,0.00166644,1.66644e-05,19542
7671.7,0.00166681,1.66681e-05,19543
7670.84,0.00166718,1.66718e-05,19544
7669.97,0.00166756,1.66756e-05,19545
7669.11,0.00166794,1.66794e-05,19546
7668.24,0.00166831,1.66831e-05,19547
7667.38,0.00166869,1.66869e-05,19548
7666.51,0.00166907,1.66907e-05,19549
7665.64,0.00166944,1.66944e-05,19550
7664.77,0.00166982,1.66982e-05,19551
7663.9,0.0016702,1.6702e-05,19552
7663.03,0.00167058,1.67058e-05,19553
7662.16,0.00167096,1.67096e-05,19554
7661.28,0.00167134,1.67134e-05,19555
7660.41,0.00167173,1.67173e-05,19556
7659.53,0.00167211,1.67211e-05,19557
7658.65,0.00167249,1.67249e-05,19558
7657.77,0.00167288,1.67288e-05,19559
7656.89,0.00167326,1.67326e-05,19560
7656.01,0.00167365,1.67365e-05,19561
7655.13,0.00167403,1.67403e-05,19562
7654.25,0.00167442,1.67442e-05,19563
7653.36,0.00167481,1.67481e-05,19564
7652.47,0.00167519,1.67519e-05,19565
7651.59,0.00167558,1.67558e-05,19566
7650.7,0.00167597,1.67597e-05,19567
7649.81,0.00167636,1.67636e-05,19568
7648.91,0.00167675,1.67675e-05,19569
7648.02,0.00167715,1.67715e-05,19570
7647.13,0.00167754,1.67754e-05,19571
7646.23,0.00167793,1.67793e-05,19572
7645.34,0.00167832,1.67832e-05,19573
7644.44,0.00167872,1.67872e-05,19574
7643.54,0.00167911,1.67911e-05,19575
7642.64,0.00167951,1.67951e-05,19576
7641.74,0.00167991,1.67991e-05,19577
7640.83,0.0016803,1.6803e-05,19578
7639.93,0.0016807,1.6807e-05,19579
7639.02,0.0016811,1.6811e-05,19580
7638.12,0.0016815,1.6815e-05,19581
7637.21,0.0016819,1.6819e-05,19582
7636.3,0.0016823,1.6823e-05,19583
7635.39,0.0016827,1.6827e-05,19584
7634.48,0.0016831,1.6831e-05,19585
7633.57,0.0016835,1.6835e-05,19586
7632.65,0.00168391,1.68391e-05,19587
7631.74,0.00168431,1.68431e-05,19588
7630.82,0.00168472,1.68472e-05,19589
7629.9,0.00168512,1.68512e-05,19590
7628.98,0.00168553,1.68553e-05,19591
7628.06,0.00168593,1.68593e-05,19592
7627.14,0.00168634,1.68634e-05,19593
7626.22,0.00168675,1.68675e-05,19594
7625.29,0.00168716,1.68716e-05,19595
7624.37,0.00168757,1.68757e-05,19596
7623.44,0.00168798,1.68798e-05,19597
7622.51,0.00168839,1.68839e-05,19598
7621.59,0.0016888,1.6888e-05,19599
7620.66,0.00168921,1.68921e-05,19600
7619.72,0.00168963,1.68963e-05,19601
7618.79,0.00169004,1.69004e-05,19602
7617.86,0.00169045,1.69045e-05,19603
7616.92,0.00169087,1.69087e-05,19604
7615.98,0.00169129,1.69129e-05,19605
7615.05,0.0016917,1.6917e-05,19606
7614.11,0.00169212,1.69212e-05,19607
7613.17,0.00169254,1.69254e-05,19608
7612.23,0.00169296,1.69296e-05,19609
7611.28,0.00169338,1.69338e-05,19610
7610.34,0.0016938,1.6938e-05,19611
7609.39,0.00169422,1.69422e-05,19612
7608.45,0.00169464,1.69464e-05,19613
7607.5,0.00169506,1.69506e-05,19614
7606.55,0.00169548,1.69548e-05,19615
7605.6,0.00169591,1.69591e-05,19616
7604.65,0.00169633,1.69633e-05,19617
7603.7,0.00169676,1.69676e-05,19618
7602.74,0.00169718,1.69718e-05,19619
7601.79,0.00169761,1.69761e-05,19620
7600.83,0.00169804,1.69804e-05,19621
7599.87,0.00169846,1.69846e-05,19622
7598.91,0.00169889,1.69889e-05,19623
7597.95,0.00169932,1.69932e-05,19624
7596.99,0.00169975,1.69975e-05,19625
7596.03,0.00170018,1.70018e-05,19626
7595.06,0.00170062,1.70062e-05,19627
7594.1,0.00170105,1.70105e-05,19628
7593.13,0.00170148,1.70148e-05,19629
7592.16,0.00170191,1.70191e-05,19630
7591.2,0.00170235,1.70235e-05,19631
7590.23,0.00170278,1.70278e-05,19632
7589.25,0.00170322,1.70322e-05,19633
7588.28,0.00170366,1.70366e-05,19634
7587.31,0.00170409,1.70409e-05,19635
7586.33,0.00170453,1.70453e-05,19636
7585.36,0.00170497,1.70497e-05,19637
7584.38,0.00170541,1.70541e-05,19638
7583.4,0.00170585,1.70585e-05,19639
7582.42,0.00170629,1.70629e-05,19640
7581.44,0.00170673,1.70673e-05,19641
7580.45,0.00170718,1.70718e-05,19642
7579.47,0.00170762,1.70762e-05,19643
7578.48,0.00170806,1.70807e-05,19644
7577.5,0.00170851,1.70851e-05,19645
7576.51,0.00170896,1.70896e-05,19646
7575.52,0.0017094,1.7094e-05,19647
7574.53,0.00170985,1.70985e-05,19648
7573.54,0.0017103,1.7103e-05,19649
7572.54,0.00171075,1.71075e-05,19650
7571.55,0.00171119,1.71119e-05,19651
7570.56,0.00171164,1.71164e-05,19652
7569.56,0.0017121,1.7121e-05,19653
7568.56,0.00171255,1.71255e-05,19654
7567.56,0.001713,1.713e-05,19655
7566.56,0.00171345,1.71345e-05,19656
7565.56,0.00171391,1.71391e-05,19657
7564.55,0.00171436,1.71436e-05,19658
7563.55,0.00171482,1.71482e-05,19659
7562.55,0.00171527,1.71527e-05,19660
7561.54,0.00171573,1.71573e-05,19661
7560.53,0.00171619,1.71619e-05,19662
7559.52,0.00171665,1.71665e-05,19663
7558.51,0.0017171,1.7171e-05,19664
7557.5,0.00171756,1.71756e-05,19665
7556.48,0.00171803,1.71803e-05,19666
7555.47,0.00171849,1.71849e-05,19667
7554.45,0.00171895,1.71895e-05,19668
7553.44,0.00171941,1.71941e-05,19669
7552.42,0.00171988,1.71988e-05,19670
7551.4,0.00172034,1.72034e-05,19671
7550.38,0.0017208,1.7208e-05,19672
7549.36,0.00172127,1.72127e-05,19673
7548.33,0.00172174,1.72174e-05,19674
7547.31,0.0017222,1.7222e-05,19675
7546.28,0.00172267,1.72267e-05,19676
7545.26,0.00172314,1.72314e-05,19677
7544.23,0.00172361,1.72361e-05,19678
7543.2,0.00172408,1.72408e-05,19679
7542.17,0.00172455,1.72455e-05,19680
7541.13,0.00172503,1.72503e-05,19681
7540.1,0.0017255,1.7255e-05,19682
7539.07,0.00172597,1.72597e-05,19683
7538.03,0.00172645,1.72645e-05,19684
7536.99,0.00172692,1.72692e-05,19685
7535.95,0.0017274,1.7274e-05,19686
7534.91,0.00172788,1.72788e-05,19687
7533.87,0.00172835,1.72835e-05,19688
7532.83,0.00172883,1.72883e-05,19689
7531.79,0.00172931,1.72931e-05,19690
7530.74,0.00172979,1.72979e-05,19691
7529.7,0.00173027,1.73027e-05,19692
7528.65,0.00173075,1.73075e-05,19693
7527.6,0.00173123,1.73123e-05,19694
7526.55,0.00173172,1.73172e-05,19695
7525.5,0.0017322,1.7322e-05,19696
7524.45,0.00173269,1.73269e-05,19697
7523.39,0.00173317,1.73317e-05,19698
7522.34,0.00173366,1.73366e-05,19699
7521.28,0.00173415,1.73415e-05,19700
7520.22,0.00173463,1.73463e-05,19701
7519.16,0.00173512,1.73512e-05,19702
7518.1,0.00173561,1.73561e-05,19703
7517.04,0.0017361,1.7361e-05,19704
7515.98,0.00173659,1.73659e-05,19705
7514.92,0.00173708,1.73708e-05,19706
7513.85,0.00173758,1.73758e-05,19707
7512.78,0.00173807,1.73807e-05,19708
7511.72,0.00173856,1.73856e-05,19709
7510.65,0.00173906,1.73906e-05,19710
7509.58,0.00173956,1.73956e-05,19711
7508.5,0.00174005,1.74005e-05,19712
7507.43,0.00174055,1.74055e-05,19713
7506.36,0.00174105,1.74105e-05,19714
7505.28,0.00174155,1.74155e-05,19715
7504.2,0.00174205,1.74205e-05,19716
7503.13,0.00174255,1.74255e-05,19717
7502.05,0.00174305,1.74305e-05,19718
7500.97,0.00174355,1.74355e-05,19719
7499.88,0.00174405,1.74405e-05,19720
7498.8,0.00174456,1.74456e-05,19721
7497.72,0.00174506,1.74506e-05,19722
7496.63,0.00174557,1.74557e-05,19723
7495.54,0.00174607,1.74607e-05,19724
7494.45,0.00174658,1.74658e-05,19725
7493.37,0.00174709,1.74709e-05,19726
7492.27,0.0017476,1.7476e-05,19727
7491.18,0.00174811,1.74811e-05,19728
7490.09,0.00174862,1.74862e-05,19729
7488.99,0.00174913,1.74913e-05,19730
7487.9,0.00174964,1.74964e-05,19731
7486.8,0.00175016,1.75016e-05,19732
7485.7,0.00175067,1.75067e-05,19733
7484.6,0.00175118,1.75118e-05,19734
7483.5,0.0017517,1.7517e-05,19735
7482.4,0.00175222,1.75222e-05,19736
7481.29,0.00175273,1.75273e-05,19737
7480.19,0.00175325,1.75325e-05,19738
7479.08,0.00175377,1.75377e-05,19739
7477.97,0.00175429,1.75429e-05,19740
7476.86,0.00175481,1.75481e-05,19741
7475.75,0.00175533,1.75533e-05,19742
7474.64,0.00175585,1.75585e-05,19743
7473.53,0.00175638,1.75638e-05,19744
7472.42,0.0017569,1.7569e-05,19745
7471.3,0.00175742,1.75742e-05,19746
7470.18,0.00175795,1.75795e-05,19747
7469.07,0.00175848,1.75848e-05,19748
7467.95,0.001759,1.759e-05,19749
7466.83,0.00175953,1.75953e-05,19750
7465.7,0.00176006,1.76006e-05,19751
7464.58,0.00176059,1.76059e-05,19752
7463.46,0.00176112,1.76112e-05,19753
7462.33,0.00176165,1.76165e-05,19754
7461.2,0.00176218,1.76218e-05,19755
7460.08,0.00176272,1.76272e-05,19756
7458.95,0.00176325,1.76325e-05,19757
7457.82,0.00176379,1.76379e-05,19758
7456.68,0.00176432,1.76432e-05,19759
7455.55,0.00176486,1.76486e-05,19760
7454.41,0.0017654,1.7654e-05,19761
7453.28,0.00176593,1.76593e-05,19762
7452.14,0.00176647,1.76647e-05,19763
7451,0.00176701,1.76701e-05,19764
7449.86,0.00176755,1.76755e-05,19765
7448.72,0.00176809,1.76809e-05,19766
7447.58,0.00176864,1.76864e-05,19767
7446.44,0.00176918,1.76918e-05,19768
7445.29,0.00176972,1.76972e-05,19769
7444.14,0.00177027,1.77027e-05,19770
7443,0.00177082,1.77082e-05,19771
7441.85,0.00177136,1.77136e-05,19772
7440.7,0.00177191,1.77191e-05,19773
7439.55,0.00177246,1.77246e-05,19774
7438.39,0.00177301,1.77301e-05,19775
7437.24,0.00177356,1.77356e-05,19776
7436.08,0.00177411,1.77411e-05,19777
7434.93,0.00177466,1.77466e-05,19778
7433.77,0.00177522,1.77522e-05,19779
7432.61,0.00177577,1.77577e-05,19780
7431.45,0.00177632,1.77632e-05,19781
7430.29,0.00177688,1.77688e-05,19782
7429.12,0.00177744,1.77744e-05,19783
7427.96,0.00177799,1.77799e-05,19784
7426.79,0.00177855,1.77855e-05,19785
7425.62,0.00177911,1.77911e-05,19786
7424.46,0.00177967,1.77967e-05,19787
7423.29,0.00178023,1.78023e-05,19788
7422.12,0.00178079,1.78079e-05,19789
7420.94,0.00178136,1.78136e-05,19790
7419.77,0.00178192,1.78192e-05,19791
7418.59,0.00178248,1.78248e-05,19792
7417.42,0.00178305,1.78305e-05,19793
7416.24,0.00178362,1.78362e-05,19794
7415.06,0.00178418,1.78418e-05,19795
7413.88,0.00178475,1.78475e-05,19796
7412.7,0.00178532,1.78532e-05,19797
7411.52,0.00178589,1.78589e-05,19798
7410.33,0.00178646,1.78646e-05,19799
7409.15,0.00178703,1.78703e-05,19800
7407.96,0.00178761,1.78761e-05,19801
7406.77,0.00178818,1.78818e-05,19802
7405.58,0.00178875,1.78875e-05,19803
7404.39,0.00178933,1.78933e-05,19804
7403.2,0.00178991,1.78991e-05,19805
7402.01,0.00179048,1.79048e-05,19806
7400.81,0.00179106,1.79106e-05,19807
7399.62,0.00179164,1.79164e-05,19808
7398.42,0.00179222,1.79222e-05,19809
7397.22,0.0017928,1.7928e-05,19810
7396.02,0.00179338,1.79338e-05,19811
7394.82,0.00179396,1.79396e-05,19812
7393.62,0.00179455,1.79455e-05,19813
7392.41,0.00179513,1.79513e-05,19814
7391.21,0.00179572,1.79572e-05,19815
7390,0.0017963,1.7963e-05,19816
7388.79,0.00179689,1.79689e-05,19817
7387.58,0.00179748,1.79748e-05,19818
7386.37,0.00179807,1.79807e-05,19819
7385.16,0.00179866,1.79866e-05,19820
7383.95,0.00179925,1.79925e-05,19821
7382.74,0.00179984,1.79984e-05,19822
7381.52,0.00180044,1.80044e-05,19823
7380.3,0.00180103,1.80103e-05,19824
7379.08,0.00180162,1.80162e-05,19825
7377.87,0.00180222,1.80222e-05,19826
7376.64,0.00180282,1.80282e-05,19827
7375.42,0.00180341,1.80341e-05,19828
7374.2,0.00180401,1.80401e-05,19829
7372.97,0.00180461,1.80461e-05,19830
7371.75,0.00180521,1.80521e-05,19831
7370.52,0.00180581,1.80581e-05,19832
7369.29,0.00180642,1.80642e-05,19833
7368.06,0.00180702,1.80702e-05,19834
7366.83,0.00180762,1.80762e-05,19835
7365.6,0.00180823,1.80823e-05,19836
7364.36,0.00180883,1.80883e-05,19837
7363.13,0.00180944,1.80944e-05,19838
7361.89,0.00181005,1.81005e-05,19839
7360.65,0.00181066,1.81066e-05,19840
7359.41,0.00181127,1.81127e-05,19841
7358.17,0.00181188,1.81188e-05,19842
7356.93,0.00181249,1.81249e-05,19843
7355.69,0.0018131,1.8131e-05,19844
7354.44,0.00181372,1.81372e-05,19845
7353.2,0.00181433,1.81433e-05,19846
7351.95,0.00181495,1.81495e-05,19847
7350.7,0.00181556,1.81556e-05,19848
7349.45,0.00181618,1.81618e-05,19849
7348.2,0.0018168,1.8168e-05,19850
7346.94,0.00181742,1.81742e-05,19851
7345.69,0.00181804,1.81804e-05,19852
7344.44,0.00181866,1.81866e-05,19853
7343.18,0.00181928,1.81928e-05,19854
7341.92,0.00181991,1.81991e-05,19855
7340.66,0.00182053,1.82053e-05,19856
7339.4,0.00182116,1.82116e-05,19857
7338.14,0.00182178,1.82178e-05,19858
7336.88,0.00182241,1.82241e-05,19859
7335.61,0.00182304,1.82304e-05,19860
7334.35,0.00182367,1.82367e-05,19861
7333.08,0.0018243,1.8243e-05,19862
7331.81,0.00182493,1.82493e-05,19863
7330.54,0.00182556,1.82556e-05,19864
7329.27,0.0018262,1.8262e-05,19865
7328,0.00182683,1.82683e-05,19866
7326.72,0.00182747,1.82747e-05,19867
7325.45,0.0018281,1.8281e-05,19868
7324.17,0.00182874,1.82874e-05,19869
7322.89,0.00182938,1.82938e-05,19870
7321.62,0.00183002,1.83002e-05,19871
7320.33,0.00183066,1.83066e-05,19872
7319.05,0.0018313,1.8313e-05,19873
7317.77,0.00183194,1.83194e-05,19874
7316.49,0.00183258,1.83258e-05,19875
7315.2,0.00183323,1.83323e-05,19876
7313.91,0.00183387,1.83387e-05,19877
7312.62,0.00183452,1.83452e-05,19878
7311.33,0.00183517,1.83517e-05,19879
7310.04,0.00183582,1.83582e-05,19880
7308.75,0.00183647,1.83647e-05,19881
7307.46,0.00183712,1.83712e-05,19882
7306.16,0.00183777,1.83777e-05,19883
7304.87,0.00183842,1.83842e-05,19884
7303.57,0.00183907,1.83907e-05,19885
7302.27,0.00183973,1.83973e-05,19886
7300.97,0.00184038,1.84038e-05,19887
7299.67,0.00184104,1.84104e-05,19888
7298.36,0.0018417,1.8417e-05,19889
7297.06,0.00184236,1.84236e-05,19890
7295.75,0.00184302,1.84302e-05,19891
7294.44,0.00184368,1.84368e-05,19892
7293.14,0.00184434,1.84434e-05,19893
7291.83,0.001845,1.845e-05,19894
7290.52,0.00184566,1.84566e-05,19895
7289.2,0.00184633,1.84633e-05,19896
7287.89,0.00184699,1.84699e-05,19897
7286.57,0.00184766,1.84766e-05,19898
7285.26,0.00184833,1.84833e-05,19899
7283.94,0.001849,1.849e-05,19900
7282.62,0.00184967,1.84967e-05,19901
7281.3,0.00185034,1.85034e-05,19902
7279.98,0.00185101,1.85101e-05,19903
7278.65,0.00185168,1.85168e-05,19904
7277.33,0.00185236,1.85236e-05,19905
7276,0.00185303,1.85303e-05,19906
7274.68,0.00185371,1.85371e-05,19907
7273.35,0.00185439,1.85439e-05,19908
7272.02,0.00185507,1.85507e-05,19909
7270.68,0.00185575,1.85575e-05,19910
7269.35,0.00185643,1.85643e-05,19911
7268.02,0.00185711,1.85711e-05,19912
7266.68,0.00185779,1.85779e-05,19913
7265.35,0.00185847,1.85847e-05,19914
7264.01,0.00185916,1.85916e-05,19915
7262.67,0.00185984,1.85984e-05,19916
7261.33,0.00186053,1.86053e-05,19917
7259.98,0.00186122,1.86122e-05,19918
7258.64,0.00186191,1.86191e-05,19919
7257.3,0.0018626,1.8626e-05,19920
7255.95,0.00186329,1.86329e-05,19921
7254.6,0.00186398,1.86398e-05,19922
7253.25,0.00186468,1.86468e-05,19923
7251.9,0.00186537,1.86537e-05,19924
7250.55,0.00186607,1.86607e-05,19925
7249.2,0.00186676,1.86676e-05,19926
7247.84,0.00186746,1.86746e-05,19927
7246.49,0.00186816,1.86816e-05,19928
7245.13,0.00186886,1.86886e-05,19929
7243.77,0.00186956,1.86956e-05,19930
7242.41,0.00187026,1.87026e-05,19931
7241.05,0.00187097,1.87097e-05,19932
7239.69,0.00187167,1.87167e-05,19933
7238.33,0.00187237,1.87237e-05,19934
7236.96,0.00187308,1.87308e-05,19935
7235.59,0.00187379,1.87379e-05,19936
7234.23,0.0018745,1.8745e-05,19937
7232.86,0.00187521,1.87521e-05,19938
7231.49,0.00187592,1.87592e-05,19939
7230.11,0.00187663,1.87663e-05,19940
7228.74,0.00187734,1.87734e-05,19941
7227.36,0.00187806,1.87806e-05,19942
7225.99,0.00187877,1.87877e-05,19943
7224.61,0.00187949,1.87949e-05,19944
7223.23,0.00188021,1.88021e-05,19945
7221.85,0.00188093,1.88093e-05,19946
7220.47,0.00188165,1.88165e-05,19947
7219.09,0.00188237,1.88237e-05,19948
7217.7,0.00188309,1.88309e-05,19949
7216.32,0.00188381,1.88381e-05,19950
7214.93,0.00188454,1.88454e-05,19951
7213.54,0.00188526,1.88526e-05,19952
7212.15,0.00188599,1.88599e-05,19953
7210.76,0.00188672,1.88672e-05,19954
7209.37,0.00188745,1.88745e-05,19955
7207.97,0.00188818,1.88818e-05,19956
7206.58,0.00188891,1.88891e-05,19957
7205.18,0.00188964,1.88964e-05,19958
7203.79,0.00189037,1.89037e-05,19959
7202.39,0.00189111,1.89111e-05,19960
7200.99,0.00189184,1.89184e-05,19961
7199.58,0.00189258,1.89258e-05,19962
7198.18,0.00189332,1.89332e-05,19963
7196.78,0.00189406,1.89406e-05,19964
7195.37,0.0018948,1.8948e-05,19965
7193.96,0.00189554,1.89554e-05,19966
7192.55,0.00189628,1.89628e-05,19967
7191.14,0.00189703,1.89703e-05,19968
7189.73,0.00189777,1.89777e-05,19969
7188.32,0.00189852,1.89852e-05,19970
7186.9,0.00189926,1.89926e-05,19971
7185.49,0.00190001,1.90001e-05,19972
7184.07,0.00190076,1.90076e-05,19973
7182.65,0.00190151,1.90151e-05,19974
7181.23,0.00190227,1.90227e-05,19975
7179.81,0.00190302,1.90302e-05,19976
7178.39,0.00190377,1.90377e-05,19977
7176.97,0.00190453,1.90453e-05,19978
7175.54,0.00190528,1.90528e-05,19979
7174.11,0.00190604,1.90604e-05,19980
7172.69,0.0019068,1.9068e-05,19981
7171.26,0.00190756,1.90756e-05,19982
7169.83,0.00190832,1.90832e-05,19983
7168.39,0.00190909,1.90909e-05,19984
7166.96,0.00190985,1.90985e-05,19985
7165.52,0.00191061,1.91061e-05,19986
7164.09,0.00191138,1.91138e-05,19987
7162.65,0.00191215,1.91215e-05,19988
7161.21,0.00191292,1.91292e-05,19989
7159.77,0.00191369,1.91369e-05,19990
7158.33,0.00191446,1.91446e-05,19991
7156.88,0.00191523,1.91523e-05,19992
7155.44,0.001916,1.916e-05,19993
7153.99,0.00191678,1.91678e-05,19994
7152.54,0.00191756,1.91756e-05,19995
7151.1,0.00191833,1.91833e-05,19996
7149.65,0.00191911,1.91911e-05,19997
7148.19,0.00191989,1.91989e-05,19998
7146.74,0.00192067,1.92067e-05,19999
7145.29,0.00192145,1.92145e-05,20000
7143.83,0.00192224,1.92224e-05,20001
7142.38,0.00192302,1.92302e-05,20002
7140.92,0.00192381,1.92381e-05,20003
7139.46,0.00192459,1.92459e-05,20004
7138,0.00192538,1.92538e-05,20005
7136.53,0.00192617,1.92617e-05,20006
7135.07,0.00192696,1.92696e-05,20007
7133.6,0.00192775,1.92775e-05,20008
7132.14,0.00192854,1.92854e-05,20009
7130.67,0.00192934,1.92934e-05,20010
7129.2,0.00193013,1.93013e-05,20011
7127.73,0.00193093,1.93093e-05,20012
7126.26,0.00193173,1.93173e-05,20013
7124.78,0.00193253,1.93253e-05,20014
7123.31,0.00193333,1.93333e-05,20015
7121.83,0.00193413,1.93413e-05,20016
7120.35,0.00193493,1.93493e-05,20017
7118.87,0.00193574,1.93574e-05,20018
7117.39,0.00193654,1.93654e-05,20019
7115.91,0.00193735,1.93735e-05,20020
7114.43,0.00193816,1.93816e-05,20021
7112.94,0.00193897,1.93897e-05,20022
7111.45,0.00193978,1.93978e-05,20023
7109.97,0.00194059,1.94059e-05,20024
7108.48,0.0019414,1.9414e-05,20025
7106.99,0.00194222,1.94222e-05,20026
7105.49,0.00194303,1.94303e-05,20027
7104,0.00194385,1.94385e-05,20028
7102.51,0.00194467,1.94467e-05,20029
7101.01,0.00194549,1.94549e-05,20030
7099.51,0.00194631,1.94631e-05,20031
7098.01,0.00194713,1.94713e-05,20032
7096.51,0.00194796,1.94796e-05,20033
7095.01,0.00194878,1.94878e-05,20034
7093.51,0.00194961,1.94961e-05,20035
7092,0.00195043,1.95043e-05,20036
7090.5,0.00195126,1.95126e-05,20037
7088.99,0.00195209,1.95209e-05,20038
7087.48,0.00195292,1.95292e-05,20039
7085.97,0.00195376,1.95376e-05,20040
7084.46,0.00195459,1.95459e-05,20041
7082.94,0.00195543,1.95543e-05,20042
7081.43,0.00195626,1.95626e-05,20043
7079.91,0.0019571,1.9571e-05,20044
7078.4,0.00195794,1.95794e-05,20045
7076.88,0.00195878,1.95878e-05,20046
7075.36,0.00195962,1.95962e-05,20047
7073.83,0.00196047,1.96047e-05,20048
7072.31,0.00196131,1.96131e-05,20049
7070.79,0.00196216,1.96216e-05,20050
7069.26,0.001963,1.963e-05,20051
7067.73,0.00196385,1.96385e-05,20052
7066.2,0.0019647,1.9647e-05,20053
7064.67,0.00196555,1.96555e-05,20054
7063.14,0.0019664,1.96641e-05,20055
7061.61,0.00196726,1.96726e-05,20056
7060.08,0.00196811,1.96811e-05,20057
7058.54,0.00196897,1.96897e-05,20058
7057,0.00196983,1.96983e-05,20059
7055.46,0.00197069,1.97069e-05,20060
7053.92,0.00197155,1.97155e-05,20061
7052.38,0.00197241,1.97241e-05,20062
7050.84,0.00197327,1.97327e-05,20063
7049.3,0.00197414,1.97414e-05,20064
7047.75,0.001975,1.975e-05,20065
7046.2,0.00197587,1.97587e-05,20066
7044.66,0.00197674,1.97674e-05,20067
7043.11,0.00197761,1.97761e-05,20068
7041.56,0.00197848,1.97848e-05,20069
7040,0.00197935,1.97935e-05,20070
7038.45,0.00198023,1.98023e-05,20071
7036.89,0.0019811,1.9811e-05,20072
7035.34,0.00198198,1.98198e-05,20073
7033.78,0.00198286,1.98286e-05,20074
7032.22,0.00198374,1.98374e-05,20075
7030.66,0.00198462,1.98462e-05,20076
7029.1,0.0019855,1.9855e-05,20077
7027.53,0.00198638,1.98638e-05,20078
7025.97,0.00198727,1.98727e-05,20079
7024.4,0.00198815,1.98816e-05,20080
7022.83,0.00198904,1.98904e-05,20081
7021.27,0.00198993,1.98993e-05,20082
7019.69,0.00199082,1.99082e-05,20083
7018.12,0.00199171,1.99171e-05,20084
7016.55,0.00199261,1.99261e-05,20085
7014.97,0.0019935,1.9935e-05,20086
7013.4,0.0019944,1.9944e-05,20087
7011.82,0.0019953,1.9953e-05,20088
7010.24,0.0019962,1.9962e-05,20089
7008.66,0.0019971,1.9971e-05,20090
7007.07,0.001998,1.998e-05,20091
7005.49,0.0019989,1.9989e-05,20092
7003.9,0.00199981,1.99981e-05,20093
7002.32,0.00200072,2.00072e-05,20094
7000.73,0.00200162,2.00162e-05,20095
6999.14,0.00200253,2.00253e-05,20096
6997.55,0.00200344,2.00344e-05,20097
6995.96,0.00200436,2.00436e-05,20098
6994.36,0.00200527,2.00527e-05,20099
6992.77,0.00200618,2.00618e-05,20100
6991.17,0.0020071,2.0071e-05,20101
6989.57,0.00200802,2.00802e-05,20102
6987.97,0.00200894,2.00894e-05,20103
6986.37,0.00200986,2.00986e-05,20104
6984.77,0.00201078,2.01078e-05,20105
6983.17,0.0020117,2.0117e-05,20106
6981.56,0.00201263,2.01263e-05,20107
6979.96,0.00201356,2.01356e-05,20108
6978.35,0.00201448,2.01448e-05,20109
6976.74,0.00201541,2.01541e-05,20110
6975.13,0.00201635,2.01635e-05,20111
6973.51,0.00201728,2.01728e-05,20112
6971.9,0.00201821,2.01821e-05,20113
6970.28,0.00201915,2.01915e-05,20114
6968.67,0.00202008,2.02008e-05,20115
6967.05,0.00202102,2.02102e-05,20116
6965.43,0.00202196,2.02196e-05,20117
6963.81,0.0020229,2.0229e-05,20118
6962.19,0.00202385,2.02385e-05,20119
6960.56,0.00202479,2.02479e-05,20120
6958.94,0.00202574,2.02574e-05,20121
6957.31,0.00202669,2.02669e-05,20122
6955.68,0.00202764,2.02764e-05,20123
6954.05,0.00202859,2.02859e-05,20124
6952.42,0.00202954,2.02954e-05,20125
6950.79,0.00203049,2.03049e-05,20126
6949.15,0.00203145,2.03145e-05,20127
6947.52,0.0020324,2.0324e-05,20128
6945.88,0.00203336,2.03336e-05,20129
6944.24,0.00203432,2.03432e-05,20130
6942.6,0.00203528,2.03528e-05,20131
6940.96,0.00203624,2.03624e-05,20132
6939.32,0.00203721,2.03721e-05,20133
6937.67,0.00203817,2.03817e-05,20134
6936.03,0.00203914,2.03914e-05,20135
6934.38,0.00204011,2.04011e-05,20136
6932.73,0.00204108,2.04108e-05,20137
6931.08,0.00204205,2.04205e-05,20138
6929.43,0.00204303,2.04303e-05,20139
6927.78,0.002044,2.044e-05,20140
6926.12,0.00204498,2.04498e-05,20141
6924.46,0.00204596,2.04596e-05,20142
6922.81,0.00204694,2.04694e-05,20143
6921.15,0.00204792,2.04792e-05,20144
6919.49,0.0020489,2.0489e-05,20145
6917.83,0.00204989,2.04989e-05,20146
6916.16,0.00205087,2.05087e-05,20147
6914.5,0.00205186,2.05186e-05,20148
6912.83,0.00205285,2.05285e-05,20149
6911.16,0.00205384,2.05384e-05,20150
6909.5,0.00205483,2.05483e-05,20151
6907.83,0.00205583,2.05583e-05,20152
6906.15,0.00205682,2.05682e-05,20153
6904.48,0.00205782,2.05782e-05,20154
6902.81,0.00205882,2.05882e-05,20155
6901.13,0.00205982,2.05982e-05,20156
6899.45,0.00206082,2.06082e-05,20157
6897.77,0.00206182,2.06182e-05,20158
6896.09,0.00206283,2.06283e-05,20159
6894.41,0.00206384,2.06384e-05,20160
6892.72,0.00206484,2.06484e-05,20161
6891.04,0.00206585,2.06585e-05,20162
6889.35,0.00206686,2.06686e-05,20163
6887.67,0.00206788,2.06788e-05,20164
6885.98,0.00206889,2.06889e-05,20165
6884.28,0.00206991,2.06991e-05,20166
6882.59,0.00207093,2.07093e-05,20167
6880.9,0.00207195,2.07195e-05,20168
6879.2,0.00207297,2.07297e-05,20169
6877.51,0.00207399,2.07399e-05,20170
6875.81,0.00207502,2.07502e-05,20171
6874.11,0.00207604,2.07604e-05,20172
6872.41,0.00207707,2.07707e-05,20173
6870.7,0.0020781,2.0781e-05,20174
6869,0.00207913,2.07913e-05,20175
6867.29,0.00208017,2.08017e-05,20176
6865.58,0.0020812,2.0812e-05,20177
6863.88,0.00208224,2.08224e-05,20178
6862.17,0.00208327,2.08327e-05,20179
6860.45,0.00208431,2.08431e-05,20180
6858.74,0.00208536,2.08536e-05,20181
6857.03,0.0020864,2.0864e-05,20182
6855.31,0.00208744,2.08744e-05,20183
6853.59,0.00208849,2.08849e-05,20184
6851.87,0.00208954,2.08954e-05,20185
6850.15,0.00209059,2.09059e-05,20186
6848.43,0.00209164,2.09164e-05,20187
6846.71,0.00209269,2.09269e-05,20188
6844.98,0.00209375,2.09375e-05,20189
6843.26,0.0020948,2.0948e-05,20190
6841.53,0.00209586,2.09586e-05,20191
6839.8,0.00209692,2.09692e-05,20192
6838.07,0.00209798,2.09798e-05,20193
6836.34,0.00209905,2.09905e-05,20194
6834.6,0.00210011,2.10011e-05,20195
6832.87,0.00210118,2.10118e-05,20196
6831.13,0.00210225,2.10225e-05,20197
6829.39,0.00210332,2.10332e-05,20198
6827.65,0.00210439,2.10439e-05,20199
6825.91,0.00210546,2.10546e-05,20200
6824.17,0.00210654,2.10654e-05,20201
6822.42,0.00210762,2.10762e-05,20202
6820.68,0.0021087,2.1087e-05,20203
6818.93,0.00210978,2.10978e-05,20204
6817.18,0.00211086,2.11086e-05,20205
6815.43,0.00211194,2.11194e-05,20206
6813.68,0.00211303,2.11303e-05,20207
6811.93,0.00211412,2.11412e-05,20208
6810.17,0.00211521,2.11521e-05,20209
6808.41,0.0021163,2.1163e-05,20210
6806.66,0.00211739,2.11739e-05,20211
6804.9,0.00211849,2.11849e-05,20212
6803.14,0.00211958,2.11958e-05,20213
6801.37,0.00212068,2.12068e-05,20214
6799.61,0.00212178,2.12178e-05,20215
6797.84,0.00212289,2.12289e-05,20216
6796.08,0.00212399,2.12399e-05,20217
6794.31,0.0021251,2.1251e-05,20218
6792.54,0.0021262,2.1262e-05,20219
6790.77,0.00212731,2.12731e-05,20220
6789,0.00212842,2.12842e-05,20221
6787.22,0.00212954,2.12954e-05,20222
6785.44,0.00213065,2.13065e-05,20223
6783.67,0.00213177,2.13177e-05,20224
6781.89,0.00213289,2.13289e-05,20225
6780.11,0.00213401,2.13401e-05,20226
6778.33,0.00213513,2.13513e-05,20227
6776.54,0.00213625,2.13625e-05,20228
6774.76,0.00213738,2.13738e-05,20229
6772.97,0.00213851,2.13851e-05,20230
6771.18,0.00213963,2.13963e-05,20231
6769.4,0.00214077,2.14077e-05,20232
6767.6,0.0021419,2.1419e-05,20233
6765.81,0.00214303,2.14303e-05,20234
6764.02,0.00214417,2.14417e-05,20235
6762.22,0.00214531,2.14531e-05,20236
6760.43,0.00214645,2.14645e-05,20237
6758.63,0.00214759,2.14759e-05,20238
6756.83,0.00214874,2.14874e-05,20239
6755.03,0.00214988,2.14988e-05,20240
6753.22,0.00215103,2.15103e-05,20241
6751.42,0.00215218,2.15218e-05,20242
6749.61,0.00215333,2.15333e-05,20243
6747.8,0.00215449,2.15449e-05,20244
6746,0.00215564,2.15564e-05,20245
6744.19,0.0021568,2.1568e-05,20246
6742.37,0.00215796,2.15796e-05,20247
6740.56,0.00215912,2.15912e-05,20248
6738.74,0.00216028,2.16028e-05,20249
6736.93,0.00216145,2.16145e-05,20250
6735.11,0.00216262,2.16262e-05,20251
6733.29,0.00216379,2.16379e-05,20252
6731.47,0.00216496,2.16496e-05,20253
6729.65,0.00216613,2.16613e-05,20254
6727.82,0.0021673,2.1673e-05,20255
6726,0.00216848,2.16848e-05,20256
6724.17,0.00216966,2.16966e-05,20257
6722.34,0.00217084,2.17084e-05,20258
6720.51,0.00217202,2.17202e-05,20259
6718.68,0.00217321,2.17321e-05,20260
6716.85,0.00217439,2.17439e-05,20261
6715.01,0.00217558,2.17558e-05,20262
6713.17,0.00217677,2.17677e-05,20263
6711.34,0.00217797,2.17797e-05,20264
6709.5,0.00217916,2.17916e-05,20265
6707.66,0.00218036,2.18036e-05,20266
6705.81,0.00218156,2.18156e-05,20267
6703.97,0.00218276,2.18276e-05,20268
6702.12,0.00218396,2.18396e-05,20269
6700.28,0.00218516,2.18516e-05,20270
6698.43,0.00218637,2.18637e-05,20271
6696.58,0.00218758,2.18758e-05,20272
6694.72,0.00218879,2.18879e-05,20273
6692.87,0.00219,2.19e-05,20274
6691.02,0.00219121,2.19121e-05,20275
6689.16,0.00219243,2.19243e-05,20276
6687.3,0.00219365,2.19365e-05,20277
6685.44,0.00219487,2.19487e-05,20278
6683.58,0.00219609,2.19609e-05,20279
6681.72,0.00219732,2.19732e-05,20280
6679.86,0.00219854,2.19854e-05,20281
6677.99,0.00219977,2.19977e-05,20282
6676.12,0.002201,2.201e-05,20283
6674.25,0.00220223,2.20223e-05,20284
6672.38,0.00220347,2.20347e-05,20285
6670.51,0.00220471,2.20471e-05,20286
6668.64,0.00220594,2.20594e-05,20287
6666.76,0.00220719,2.20719e-05,20288
6664.89,0.00220843,2.20843e-05,20289
6663.01,0.00220967,2.20967e-05,20290
6661.13,0.00221092,2.21092e-05,20291
6659.25,0.00221217,2.21217e-05,20292
6657.37,0.00221342,2.21342e-05,20293
6655.48,0.00221467,2.21467e-05,20294
6653.6,0.00221593,2.21593e-05,20295
6651.71,0.00221719,2.21719e-05,20296
6649.82,0.00221845,2.21845e-05,20297
6647.93,0.00221971,2.21971e-05,20298
6646.04,0.00222097,2.22097e-05,20299
6644.14,0.00222224,2.22224e-05,20300
6642.25,0.00222351,2.22351e-05,20301
6640.35,0.00222478,2.22478e-05,20302
6638.46,0.00222605,2.22605e-05,20303
6636.56,0.00222733,2.22732e-05,20304
6634.65,0.0022286,2.2286e-05,20305
6632.75,0.00222988,2.22988e-05,20306
6630.85,0.00223116,2.23116e-05,20307
6628.94,0.00223244,2.23244e-05,20308
6627.03,0.00223373,2.23373e-05,20309
6625.12,0.00223502,2.23502e-05,20310
6623.21,0.00223631,2.23631e-05,20311
6621.3,0.0022376,2.2376e-05,20312
6619.39,0.00223889,2.23889e-05,20313
6617.47,0.00224019,2.24019e-05,20314
6615.56,0.00224149,2.24149e-05,20315
6613.64,0.00224279,2.24279e-05,20316
6611.72,0.00224409,2.24409e-05,20317
6609.8,0.0022454,2.2454e-05,20318
6607.87,0.0022467,2.2467e-05,20319
6605.95,0.00224801,2.24801e-05,20320
6604.02,0.00224932,2.24932e-05,20321
6602.09,0.00225064,2.25064e-05,20322
6600.17,0.00225195,2.25195e-05,20323
6598.23,0.00225327,2.25327e-05,20324
6596.3,0.00225459,2.25459e-05,20325
6594.37,0.00225592,2.25592e-05,20326
6592.43,0.00225724,2.25724e-05,20327
6590.49,0.00225857,2.25857e-05,20328
6588.55,0.0022599,2.2599e-05,20329
6586.61,0.00226123,2.26123e-05,20330
6584.67,0.00226256,2.26256e-05,20331
6582.73,0.0022639,2.2639e-05,20332
6580.78,0.00226524,2.26524e-05,20333
6578.84,0.00226658,2.26658e-05,20334
6576.89,0.00226792,2.26792e-05,20335
6574.94,0.00226927,2.26927e-05,20336
6572.99,0.00227061,2.27061e-05,20337
6571.03,0.00227196,2.27196e-05,20338
6569.08,0.00227332,2.27332e-05,20339
6567.12,0.00227467,2.27467e-05,20340
6565.17,0.00227603,2.27603e-05,20341
6563.21,0.00227739,2.27739e-05,20342
6561.25,0.00227875,2.27875e-05,20343
6559.28,0.00228011,2.28011e-05,20344
6557.32,0.00228148,2.28148e-05,20345
6555.35,0.00228285,2.28285e-05,20346
6553.39,0.00228422,2.28422e-05,20347
6551.42,0.00228559,2.28559e-05,20348
6549.45,0.00228697,2.28697e-05,20349
6547.48,0.00228834,2.28834e-05,20350
6545.5,0.00228972,2.28972e-05,20351
6543.53,0.00229111,2.29111e-05,20352
6541.55,0.00229249,2.29249e-05,20353
6539.57,0.00229388,2.29388e-05,20354
6537.59,0.00229527,2.29527e-05,20355
6535.61,0.00229666,2.29666e-05,20356
6533.63,0.00229806,2.29806e-05,20357
6531.64,0.00229945,2.29945e-05,20358
6529.66,0.00230085,2.30085e-05,20359
6527.67,0.00230225,2.30225e-05,20360
6525.68,0.00230366,2.30366e-05,20361
6523.69,0.00230506,2.30506e-05,20362
6521.69,0.00230647,2.30647e-05,20363
6519.7,0.00230788,2.30788e-05,20364
6517.7,0.0023093,2.3093e-05,20365
6515.71,0.00231071,2.31071e-05,20366
6513.71,0.00231213,2.31213e-05,20367
6511.71,0.00231355,2.31355e-05,20368
6509.7,0.00231498,2.31498e-05,20369
6507.7,0.0023164,2.3164e-05,20370
6505.7,0.00231783,2.31783e-05,20371
6503.69,0.00231926,2.31926e-05,20372
6501.68,0.00232069,2.32069e-05,20373
6499.67,0.00232213,2.32213e-05,20374
6497.66,0.00232357,2.32357e-05,20375
6495.64,0.00232501,2.32501e-05,20376
6493.63,0.00232645,2.32645e-05,20377
6491.61,0.0023279,2.3279e-05,20378
6489.59,0.00232935,2.32935e-05,20379
6487.57,0.0023308,2.3308e-05,20380
6485.55,0.00233225,2.33225e-05,20381
6483.53,0.00233371,2.33371e-05,20382
6481.5,0.00233517,2.33517e-05,20383
6479.48,0.00233663,2.33663e-05,20384
6477.45,0.00233809,2.33809e-05,20385
6475.42,0.00233956,2.33956e-05,20386
6473.39,0.00234102,2.34102e-05,20387
6471.35,0.0023425,2.3425e-05,20388
6469.32,0.00234397,2.34397e-05,20389
6467.28,0.00234545,2.34545e-05,20390
6465.25,0.00234692,2.34692e-05,20391
6463.21,0.00234841,2.34841e-05,20392
6461.16,0.00234989,2.34989e-05,20393
6459.12,0.00235138,2.35138e-05,20394
6457.08,0.00235287,2.35287e-05,20395
6455.03,0.00235436,2.35436e-05,20396
6452.98,0.00235585,2.35585e-05,20397
6450.93,0.00235735,2.35735e-05,20398
6448.88,0.00235885,2.35885e-05,20399
6446.83,0.00236035,2.36035e-05,20400
6444.78,0.00236186,2.36185e-05,20401
6442.72,0.00236336,2.36336e-05,20402
6440.66,0.00236487,2.36487e-05,20403
6438.6,0.00236639,2.36639e-05,20404
6436.54,0.0023679,2.3679e-05,20405
6434.48,0.00236942,2.36942e-05,20406
6432.42,0.00237094,2.37094e-05,20407
6430.35,0.00237246,2.37246e-05,20408
6428.28,0.00237399,2.37399e-05,20409
6426.22,0.00237552,2.37552e-05,20410
6424.15,0.00237705,2.37705e-05,20411
6422.07,0.00237858,2.37858e-05,20412
6420,0.00238012,2.38012e-05,20413
6417.92,0.00238166,2.38166e-05,20414
6415.85,0.0023832,2.3832e-05,20415
6413.77,0.00238475,2.38475e-05,20416
6411.69,0.0023863,2.3863e-05,20417
6409.61,0.00238785,2.38785e-05,20418
6407.52,0.0023894,2.3894e-05,20419
6405.44,0.00239096,2.39096e-05,20420
6403.35,0.00239251,2.39251e-05,20421
6401.26,0.00239407,2.39407e-05,20422
6399.17,0.00239564,2.39564e-05,20423
6397.08,0.00239721,2.39721e-05,20424
6394.99,0.00239878,2.39878e-05,20425
6392.89,0.00240035,2.40035e-05,20426
6390.8,0.00240192,2.40192e-05,20427
6388.7,0.0024035,2.4035e-05,20428
6386.6,0.00240508,2.40508e-05,20429
6384.5,0.00240667,2.40667e-05,20430
6382.39,0.00240825,2.40825e-05,20431
6380.29,0.00240984,2.40984e-05,20432
6378.18,0.00241143,2.41143e-05,20433
6376.07,0.00241303,2.41303e-05,20434
6373.96,0.00241463,2.41463e-05,20435
6371.85,0.00241623,2.41623e-05,20436
6369.74,0.00241783,2.41783e-05,20437
6367.62,0.00241944,2.41944e-05,20438
6365.51,0.00242105,2.42105e-05,20439
6363.39,0.00242266,2.42266e-05,20440
6361.27,0.00242427,2.42427e-05,20441
6359.15,0.00242589,2.42589e-05,20442
6357.02,0.00242751,2.42751e-05,20443
6354.9,0.00242914,2.42914e-05,20444
6352.77,0.00243076,2.43076e-05,20445
6350.64,0.00243239,2.43239e-05,20446
6348.51,0.00243402,2.43402e-05,20447
6346.38,0.00243566,2.43566e-05,20448
6344.25,0.0024373,2.4373e-05,20449
6342.11,0.00243894,2.43894e-05,20450
6339.98,0.00244058,2.44058e-05,20451
6337.84,0.00244223,2.44223e-05,20452
6335.7,0.00244388,2.44388e-05,20453
6333.56,0.00244553,2.44553e-05,20454
6331.41,0.00244719,2.44719e-05,20455
6329.27,0.00244885,2.44885e-05,20456
6327.12,0.00245051,2.45051e-05,20457
6324.97,0.00245218,2.45218e-05,20458
6322.82,0.00245384,2.45384e-05,20459
6320.67,0.00245551,2.45551e-05,20460
6318.52,0.00245719,2.45719e-05,20461
6316.36,0.00245887,2.45887e-05,20462
6314.21,0.00246054,2.46054e-05,20463
6312.05,0.00246223,2.46223e-05,20464
6309.89,0.00246391,2.46391e-05,20465
6307.73,0.0024656,2.4656e-05,20466
6305.56,0.0024673,2.4673e-05,20467
6303.4,0.00246899,2.46899e-05,20468
6301.23,0.00247069,2.47069e-05,20469
6299.06,0.00247239,2.47239e-05,20470
6296.89,0.00247409,2.47409e-05,20471
6294.72,0.0024758,2.4758e-05,20472
6292.55,0.00247751,2.47751e-05,20473
6290.37,0.00247923,2.47923e-05,20474
6288.2,0.00248094,2.48094e-05,20475
6286.02,0.00248266,2.48266e-05,20476
6283.84,0.00248439,2.48439e-05,20477
6281.66,0.00248611,2.48611e-05,20478
6279.47,0.00248784,2.48784e-05,20479
6277.29,0.00248957,2.48957e-05,20480
6275.1,0.00249131,2.49131e-05,20481
6272.91,0.00249305,2.49305e-05,20482
6270.72,0.00249479,2.49479e-05,20483
6268.53,0.00249654,2.49654e-05,20484
6266.33,0.00249828,2.49828e-05,20485
6264.14,0.00250004,2.50004e-05,20486
6261.94,0.00250179,2.50179e-05,20487
6259.74,0.00250355,2.50355e-05,20488
6257.54,0.00250531,2.50531e-05,20489
6255.34,0.00250707,2.50707e-05,20490
6253.14,0.00250884,2.50884e-05,20491
6250.93,0.00251061,2.51061e-05,20492
6248.72,0.00251239,2.51239e-05,20493
6246.51,0.00251416,2.51416e-05,20494
6244.3,0.00251595,2.51595e-05,20495
6242.09,0.00251773,2.51773e-05,20496
6239.87,0.00251952,2.51952e-05,20497
6237.66,0.00252131,2.52131e-05,20498
6235.44,0.0025231,2.5231e-05,20499
6233.22,0.0025249,2.5249e-05,20500
6231,0.0025267,2.5267e-05,20501
6228.78,0.0025285,2.5285e-05,20502
6226.55,0.00253031,2.53031e-05,20503
6224.33,0.00253212,2.53212e-05,20504
6222.1,0.00253393,2.53393e-05,20505
6219.87,0.00253575,2.53575e-05,20506
6217.64,0.00253757,2.53757e-05,20507
6215.4,0.00253939,2.53939e-05,20508
6213.17,0.00254122,2.54122e-05,20509
6210.93,0.00254305,2.54305e-05,20510
6208.7,0.00254489,2.54489e-05,20511
6206.46,0.00254672,2.54672e-05,20512
6204.21,0.00254856,2.54856e-05,20513
6201.97,0.00255041,2.55041e-05,20514
6199.72,0.00255226,2.55226e-05,20515
6197.48,0.00255411,2.55411e-05,20516
6195.23,0.00255596,2.55596e-05,20517
6192.98,0.00255782,2.55782e-05,20518
6190.73,0.00255968,2.55968e-05,20519
6188.47,0.00256155,2.56155e-05,20520
6186.22,0.00256341,2.56341e-05,20521
6183.96,0.00256529,2.56529e-05,20522
6181.7,0.00256716,2.56716e-05,20523
6179.44,0.00256904,2.56904e-05,20524
6177.18,0.00257092,2.57092e-05,20525
6174.91,0.00257281,2.57281e-05,20526
6172.65,0.0025747,2.5747e-05,20527
6170.38,0.00257659,2.57659e-05,20528
6168.11,0.00257849,2.57849e-05,20529
6165.84,0.00258039,2.58039e-05,20530
6163.56,0.00258229,2.58229e-05,20531
6161.29,0.0025842,2.5842e-05,20532
6159.01,0.00258611,2.58611e-05,20533
6156.73,0.00258802,2.58802e-05,20534
6154.45,0.00258994,2.58994e-05,20535
6152.17,0.00259186,2.59186e-05,20536
6149.89,0.00259379,2.59379e-05,20537
6147.6,0.00259572,2.59572e-05,20538
6145.32,0.00259765,2.59765e-05,20539
6143.03,0.00259958,2.59958e-05,20540
6140.74,0.00260152,2.60152e-05,20541
6138.45,0.00260347,2.60347e-05,20542
6136.15,0.00260541,2.60541e-05,20543
6133.86,0.00260737,2.60737e-05,20544
6131.56,0.00260932,2.60932e-05,20545
6129.26,0.00261128,2.61128e-05,20546
6126.96,0.00261324,2.61324e-05,20547
6124.66,0.00261521,2.61521e-05,20548
6122.35,0.00261717,2.61717e-05,20549
6120.04,0.00261915,2.61915e-05,20550
6117.74,0.00262112,2.62112e-05,20551
6115.43,0.0026231,2.6231e-05,20552
6113.11,0.00262509,2.62509e-05,20553
6110.8,0.00262708,2.62708e-05,20554
6108.49,0.00262907,2.62907e-05,20555
6106.17,0.00263106,2.63106e-05,20556
6103.85,0.00263306,2.63306e-05,20557
6101.53,0.00263507,2.63507e-05,20558
6099.21,0.00263707,2.63707e-05,20559
6096.88,0.00263908,2.63908e-05,20560
6094.56,0.0026411,2.6411e-05,20561
6092.23,0.00264312,2.64312e-05,20562
6089.9,0.00264514,2.64514e-05,20563
6087.57,0.00264717,2.64717e-05,20564
6085.24,0.0026492,2.6492e-05,20565
6082.9,0.00265123,2.65123e-05,20566
6080.57,0.00265327,2.65327e-05,20567
6078.23,0.00265531,2.65531e-05,20568
6075.89,0.00265735,2.65735e-05,20569
6073.55,0.0026594,2.6594e-05,20570
6071.2,0.00266146,2.66146e-05,20571
6068.86,0.00266351,2.66351e-05,20572
6066.51,0.00266558,2.66558e-05,20573
6064.16,0.00266764,2.66764e-05,20574
6061.81,0.00266971,2.66971e-05,20575
6059.46,0.00267178,2.67178e-05,20576
6057.1,0.00267386,2.67386e-05,20577
6054.75,0.00267594,2.67594e-05,20578
6052.39,0.00267803,2.67803e-05,20579
6050.03,0.00268012,2.68012e-05,20580
6047.67,0.00268221,2.68221e-05,20581
6045.31,0.00268431,2.68431e-05,20582
6042.94,0.00268641,2.68641e-05,20583
6040.57,0.00268852,2.68852e-05,20584
6038.21,0.00269063,2.69063e-05,20585
6035.84,0.00269274,2.69274e-05,20586
6033.46,0.00269486,2.69486e-05,20587
6031.09,0.00269698,2.69698e-05,20588
6028.71,0.0026991,2.6991e-05,20589
6026.34,0.00270124,2.70123e-05,20590
6023.96,0.00270337,2.70337e-05,20591
6021.58,0.00270551,2.70551e-05,20592
6019.19,0.00270765,2.70765e-05,20593
6016.81,0.0027098,2.7098e-05,20594
6014.42,0.00271195,2.71195e-05,20595
6012.03,0.0027141,2.7141e-05,20596
6009.64,0.00271626,2.71626e-05,20597
6007.25,0.00271843,2.71843e-05,20598
6004.86,0.00272059,2.72059e-05,20599
6002.46,0.00272277,2.72277e-05,20600
6000.06,0.00272494,2.72494e-05,20601
5997.66,0.00272712,2.72712e-05,20602
5995.26,0.00272931,2.72931e-05,20603
5992.86,0.0027315,2.7315e-05,20604
5990.46,0.00273369,2.73369e-05,20605
5988.05,0.00273589,2.73589e-05,20606
5985.64,0.00273809,2.73809e-05,20607
5983.23,0.0027403,2.7403e-05,20608
5980.82,0.00274251,2.74251e-05,20609
5978.4,0.00274472,2.74472e-05,20610
5975.99,0.00274694,2.74694e-05,20611
5973.57,0.00274917,2.74917e-05,20612
5971.15,0.00275139,2.75139e-05,20613
5968.73,0.00275363,2.75363e-05,20614
5966.31,0.00275586,2.75586e-05,20615
5963.88,0.00275811,2.75811e-05,20616
5961.46,0.00276035,2.76035e-05,20617
5959.03,0.0027626,2.7626e-05,20618
5956.6,0.00276486,2.76486e-05,20619
5954.16,0.00276712,2.76712e-05,20620
5951.73,0.00276938,2.76938e-05,20621
5949.29,0.00277165,2.77165e-05,20622
5946.86,0.00277392,2.77392e-05,20623
5944.42,0.0027762,2.7762e-05,20624
5941.98,0.00277848,2.77848e-05,20625
5939.53,0.00278077,2.78077e-05,20626
5937.09,0.00278306,2.78306e-05,20627
5934.64,0.00278535,2.78535e-05,20628
5932.19,0.00278765,2.78765e-05,20629
5929.74,0.00278996,2.78996e-05,20630
5927.29,0.00279227,2.79227e-05,20631
5924.84,0.00279458,2.79458e-05,20632
5922.38,0.0027969,2.7969e-05,20633
5919.92,0.00279922,2.79922e-05,20634
5917.46,0.00280155,2.80155e-05,20635
5915,0.00280388,2.80388e-05,20636
5912.54,0.00280622,2.80622e-05,20637
5910.07,0.00280856,2.80856e-05,20638
5907.6,0.00281091,2.81091e-05,20639
5905.13,0.00281326,2.81326e-05,20640
5902.66,0.00281561,2.81561e-05,20641
5900.19,0.00281797,2.81797e-05,20642
5897.72,0.00282034,2.82034e-05,20643
5895.24,0.00282271,2.82271e-05,20644
5892.76,0.00282508,2.82508e-05,20645
5890.28,0.00282746,2.82746e-05,20646
5887.8,0.00282985,2.82985e-05,20647
5885.31,0.00283224,2.83224e-05,20648
5882.83,0.00283463,2.83463e-05,20649
5880.34,0.00283703,2.83703e-05,20650
5877.85,0.00283943,2.83943e-05,20651
5875.36,0.00284184,2.84184e-05,20652
5872.87,0.00284426,2.84426e-05,20653
5870.37,0.00284667,2.84667e-05,20654
5867.87,0.0028491,2.8491e-05,20655
5865.38,0.00285153,2.85153e-05,20656
5862.87,0.00285396,2.85396e-05,20657
5860.37,0.0028564,2.8564e-05,20658
5857.87,0.00285884,2.85884e-05,20659
5855.36,0.00286129,2.86129e-05,20660
5852.85,0.00286374,2.86374e-05,20661
5850.34,0.0028662,2.8662e-05,20662
5847.83,0.00286866,2.86866e-05,20663
5845.32,0.00287113,2.87113e-05,20664
5842.8,0.0028736,2.8736e-05,20665
5840.28,0.00287608,2.87608e-05,20666
5837.76,0.00287857,2.87857e-05,20667
5835.24,0.00288105,2.88105e-05,20668
5832.72,0.00288355,2.88355e-05,20669
5830.19,0.00288605,2.88605e-05,20670
5827.67,0.00288855,2.88855e-05,20671
5825.14,0.00289106,2.89106e-05,20672
5822.61,0.00289357,2.89357e-05,20673
5820.07,0.00289609,2.89609e-05,20674
5817.54,0.00289862,2.89862e-05,20675
5815,0.00290115,2.90115e-05,20676
5812.46,0.00290368,2.90368e-05,20677
5809.92,0.00290622,2.90622e-05,20678
5807.38,0.00290877,2.90877e-05,20679
5804.83,0.00291132,2.91132e-05,20680
5802.29,0.00291387,2.91387e-05,20681
5799.74,0.00291643,2.91643e-05,20682
5797.19,0.002919,2.919e-05,20683
5794.64,0.00292157,2.92157e-05,20684
5792.08,0.00292415,2.92415e-05,20685
5789.53,0.00292673,2.92673e-05,20686
5786.97,0.00292932,2.92932e-05,20687
5784.41,0.00293191,2.93191e-05,20688
5781.85,0.00293451,2.93451e-05,20689
5779.29,0.00293711,2.93711e-05,20690
5776.72,0.00293972,2.93972e-05,20691
5774.15,0.00294234,2.94234e-05,20692
5771.58,0.00294496,2.94496e-05,20693
5769.01,0.00294758,2.94758e-05,20694
5766.44,0.00295021,2.95021e-05,20695
5763.87,0.00295285,2.95285e-05,20696
5761.29,0.00295549,2.95549e-05,20697
5758.71,0.00295814,2.95814e-05,20698
5756.13,0.00296079,2.96079e-05,20699
5753.55,0.00296345,2.96345e-05,20700
5750.96,0.00296611,2.96612e-05,20701
5748.38,0.00296878,2.96878e-05,20702
5745.79,0.00297146,2.97146e-05,20703
5743.2,0.00297414,2.97414e-05,20704
5740.6,0.00297683,2.97683e-05,20705
5738.01,0.00297952,2.97952e-05,20706
5735.41,0.00298222,2.98222e-05,20707
5732.82,0.00298492,2.98492e-05,20708
5730.22,0.00298763,2.98763e-05,20709
5727.61,0.00299035,2.99035e-05,20710
5725.01,0.00299307,2.99307e-05,20711
5722.4,0.0029958,2.9958e-05,20712
5719.8,0.00299853,2.99853e-05,20713
5717.19,0.00300127,3.00127e-05,20714
5714.57,0.00300401,3.00401e-05,20715
5711.96,0.00300676,3.00676e-05,20716
5709.35,0.00300951,3.00951e-05,20717
5706.73,0.00301228,3.01228e-05,20718
5704.11,0.00301504,3.01504e-05,20719
5701.49,0.00301782,3.01782e-05,20720
5698.86,0.0030206,3.0206e-05,20721
5696.24,0.00302338,3.02338e-05,20722
5693.61,0.00302617,3.02617e-05,20723
5690.98,0.00302897,3.02897e-05,20724
5688.35,0.00303177,3.03177e-05,20725
5685.72,0.00303458,3.03458e-05,20726
5683.08,0.00303739,3.03739e-05,20727
5680.44,0.00304022,3.04022e-05,20728
5677.81,0.00304304,3.04304e-05,20729
5675.16,0.00304588,3.04588e-05,20730
5672.52,0.00304872,3.04871e-05,20731
5669.88,0.00305156,3.05156e-05,20732
5667.23,0.00305441,3.05441e-05,20733
5664.58,0.00305727,3.05727e-05,20734
5661.93,0.00306013,3.06013e-05,20735
5659.28,0.003063,3.063e-05,20736
5656.62,0.00306588,3.06588e-05,20737
5653.97,0.00306876,3.06876e-05,20738
5651.31,0.00307165,3.07165e-05,20739
5648.65,0.00307454,3.07454e-05,20740
5645.98,0.00307744,3.07744e-05,20741
5643.32,0.00308035,3.08035e-05,20742
5640.65,0.00308326,3.08326e-05,20743
5637.98,0.00308618,3.08618e-05,20744
5635.31,0.00308911,3.08911e-05,20745
5632.64,0.00309204,3.09204e-05,20746
5629.96,0.00309498,3.09498e-05,20747
5627.29,0.00309793,3.09793e-05,20748
5624.61,0.00310088,3.10088e-05,20749
5621.93,0.00310383,3.10383e-05,20750
5619.24,0.0031068,3.1068e-05,20751
5616.56,0.00310977,3.10977e-05,20752
5613.87,0.00311275,3.11275e-05,20753
5611.18,0.00311573,3.11573e-05,20754
5608.49,0.00311872,3.11872e-05,20755
5605.8,0.00312172,3.12172e-05,20756
5603.11,0.00312472,3.12472e-05,20757
5600.41,0.00312773,3.12773e-05,20758
5597.71,0.00313075,3.13075e-05,20759
5595.01,0.00313377,3.13377e-05,20760
5592.31,0.0031368,3.1368e-05,20761
5589.6,0.00313984,3.13984e-05,20762
5586.89,0.00314288,3.14288e-05,20763
5584.19,0.00314593,3.14593e-05,20764
5581.48,0.00314899,3.14899e-05,20765
5578.76,0.00315205,3.15205e-05,20766
5576.05,0.00315512,3.15512e-05,20767
5573.33,0.0031582,3.1582e-05,20768
5570.61,0.00316128,3.16128e-05,20769
5567.89,0.00316437,3.16437e-05,20770
5565.17,0.00316747,3.16747e-05,20771
5562.44,0.00317057,3.17057e-05,20772
5559.72,0.00317369,3.17369e-05,20773
5556.99,0.0031768,3.1768e-05,20774
5554.26,0.00317993,3.17993e-05,20775
5551.52,0.00318306,3.18306e-05,20776
5548.79,0.0031862,3.1862e-05,20777
5546.05,0.00318934,3.18934e-05,20778
5543.31,0.0031925,3.1925e-05,20779
5540.57,0.00319566,3.19566e-05,20780
5537.83,0.00319882,3.19882e-05,20781
5535.08,0.003202,3.202e-05,20782
5532.33,0.00320518,3.20518e-05,20783
5529.59,0.00320837,3.20837e-05,20784
5526.83,0.00321156,3.21156e-05,20785
5524.08,0.00321476,3.21476e-05,20786
5521.32,0.00321797,3.21797e-05,20787
5518.57,0.00322119,3.22119e-05,20788
5515.81,0.00322441,3.22441e-05,20789
5513.05,0.00322765,3.22765e-05,20790
5510.28,0.00323088,3.23088e-05,20791
5507.52,0.00323413,3.23413e-05,20792
5504.75,0.00323738,3.23738e-05,20793
5501.98,0.00324064,3.24064e-05,20794
5499.21,0.00324391,3.24391e-05,20795
5496.43,0.00324719,3.24719e-05,20796
5493.66,0.00325047,3.25047e-05,20797
5490.88,0.00325376,3.25376e-05,20798
5488.1,0.00325706,3.25706e-05,20799
5485.32,0.00326036,3.26036e-05,20800
5482.53,0.00326367,3.26367e-05,20801
5479.75,0.00326699,3.26699e-05,20802
5476.96,0.00327032,3.27032e-05,20803
5474.17,0.00327366,3.27366e-05,20804
5471.37,0.003277,3.277e-05,20805
5468.58,0.00328035,3.28035e-05,20806
5465.78,0.00328371,3.28371e-05,20807
5462.98,0.00328707,3.28707e-05,20808
5460.18,0.00329045,3.29045e-05,20809
5457.38,0.00329383,3.29383e-05,20810
5454.57,0.00329721,3.29721e-05,20811
5451.77,0.00330061,3.30061e-05,20812
5448.96,0.00330402,3.30402e-05,20813
5446.15,0.00330743,3.30743e-05,20814
5443.33,0.00331085,3.31085e-05,20815
5440.52,0.00331427,3.31427e-05,20816
5437.7,0.00331771,3.31771e-05,20817
5434.88,0.00332115,3.32115e-05,20818
5432.06,0.0033246,3.32461e-05,20819
5429.23,0.00332806,3.32806e-05,20820
5426.41,0.00333153,3.33153e-05,20821
5423.58,0.00333501,3.33501e-05,20822
5420.75,0.00333849,3.33849e-05,20823
5417.92,0.00334198,3.34198e-05,20824
5415.08,0.00334548,3.34548e-05,20825
5412.25,0.00334899,3.34899e-05,20826
5409.41,0.0033525,3.3525e-05,20827
5406.57,0.00335603,3.35603e-05,20828
5403.73,0.00335956,3.35956e-05,20829
5400.88,0.0033631,3.3631e-05,20830
5398.03,0.00336665,3.36665e-05,20831
5395.18,0.00337021,3.37021e-05,20832
5392.33,0.00337377,3.37377e-05,20833
5389.48,0.00337734,3.37734e-05,20834
5386.62,0.00338093,3.38093e-05,20835
5383.77,0.00338452,3.38452e-05,20836
5380.91,0.00338811,3.38811e-05,20837
5378.05,0.00339172,3.39172e-05,20838
5375.18,0.00339534,3.39534e-05,20839
5372.32,0.00339896,3.39896e-05,20840
5369.45,0.00340259,3.40259e-05,20841
5366.58,0.00340623,3.40623e-05,20842
5363.7,0.00340988,3.40988e-05,20843
5360.83,0.00341354,3.41354e-05,20844
5357.95,0.00341721,3.41721e-05,20845
5355.07,0.00342088,3.42088e-05,20846
5352.19,0.00342456,3.42456e-05,20847
5349.31,0.00342826,3.42826e-05,20848
5346.43,0.00343196,3.43196e-05,20849
5343.54,0.00343567,3.43567e-05,20850
5340.65,0.00343939,3.43939e-05,20851
5337.76,0.00344311,3.44311e-05,20852
5334.86,0.00344685,3.44685e-05,20853
5331.97,0.0034506,3.4506e-05,20854
5329.07,0.00345435,3.45435e-05,20855
5326.17,0.00345811,3.45811e-05,20856
5323.27,0.00346189,3.46189e-05,20857
5320.36,0.00346567,3.46567e-05,20858
5317.45,0.00346946,3.46946e-05,20859
5314.55,0.00347326,3.47326e-05,20860
5311.63,0.00347706,3.47706e-05,20861
5308.72,0.00348088,3.48088e-05,20862
5305.81,0.00348471,3.48471e-05,20863
5302.89,0.00348854,3.48854e-05,20864
5299.97,0.00349239,3.49239e-05,20865
5297.05,0.00349624,3.49624e-05,20866
5294.12,0.0035001,3.5001e-05,20867
5291.2,0.00350398,3.50398e-05,20868
5288.27,0.00350786,3.50786e-05,20869
5285.34,0.00351175,3.51175e-05,20870
5282.4,0.00351565,3.51565e-05,20871
5279.47,0.00351956,3.51956e-05,20872
5276.53,0.00352348,3.52348e-05,20873
5273.59,0.00352741,3.52741e-05,20874
5270.65,0.00353135,3.53135e-05,20875
5267.71,0.00353529,3.53529e-05,20876
5264.76,0.00353925,3.53925e-05,20877
5261.81,0.00354322,3.54322e-05,20878
5258.86,0.00354719,3.54719e-05,20879
5255.91,0.00355118,3.55118e-05,20880
5252.96,0.00355518,3.55518e-05,20881
5250,0.00355918,3.55918e-05,20882
5247.04,0.0035632,3.5632e-05,20883
5244.08,0.00356722,3.56722e-05,20884
5241.12,0.00357126,3.57126e-05,20885
5238.15,0.0035753,3.5753e-05,20886
5235.18,0.00357936,3.57936e-05,20887
5232.21,0.00358342,3.58342e-05,20888
5229.24,0.0035875,3.5875e-05,20889
5226.27,0.00359158,3.59158e-05,20890
5223.29,0.00359568,3.59568e-05,20891
5220.31,0.00359978,3.59978e-05,20892
5217.33,0.0036039,3.6039e-05,20893
5214.35,0.00360802,3.60802e-05,20894
5211.36,0.00361216,3.61216e-05,20895
5208.37,0.0036163,3.6163e-05,20896
5205.38,0.00362046,3.62046e-05,20897
5202.39,0.00362462,3.62462e-05,20898
5199.4,0.0036288,3.6288e-05,20899
5196.4,0.00363299,3.63299e-05,20900
5193.4,0.00363718,3.63718e-05,20901
5190.4,0.00364139,3.64139e-05,20902
5187.4,0.00364561,3.64561e-05,20903
5184.39,0.00364984,3.64984e-05,20904
5181.38,0.00365407,3.65407e-05,20905
5178.37,0.00365832,3.65832e-05,20906
5175.36,0.00366258,3.66258e-05,20907
5172.35,0.00366686,3.66685e-05,20908
5169.33,0.00367114,3.67114e-05,20909
5166.31,0.00367543,3.67543e-05,20910
5163.29,0.00367973,3.67973e-05,20911
5160.27,0.00368404,3.68404e-05,20912
5157.24,0.00368837,3.68837e-05,20913
5154.21,0.0036927,3.6927e-05,20914
5151.18,0.00369705,3.69705e-05,20915
5148.15,0.0037014,3.7014e-05,20916
5145.12,0.00370577,3.70577e-05,20917
5142.08,0.00371015,3.71015e-05,20918
5139.04,0.00371454,3.71454e-05,20919
5136,0.00371894,3.71894e-05,20920
5132.96,0.00372335,3.72335e-05,20921
5129.91,0.00372777,3.72778e-05,20922
5126.86,0.00373221,3.73221e-05,20923
5123.81,0.00373665,3.73665e-05,20924
5120.76,0.00374111,3.74111e-05,20925
5117.7,0.00374558,3.74558e-05,20926
5114.65,0.00375006,3.75006e-05,20927
5111.59,0.00375455,3.75455e-05,20928
5108.52,0.00375905,3.75905e-05,20929
5105.46,0.00376356,3.76356e-05,20930
5102.39,0.00376809,3.76809e-05,20931
5099.32,0.00377263,3.77263e-05,20932
5096.25,0.00377717,3.77717e-05,20933
5093.18,0.00378173,3.78173e-05,20934
5090.11,0.0037863,3.7863e-05,20935
5087.03,0.00379089,3.79089e-05,20936
5083.95,0.00379548,3.79548e-05,20937
5080.87,0.00380009,3.80009e-05,20938
5077.78,0.00380471,3.80471e-05,20939
5074.69,0.00380934,3.80934e-05,20940
5071.6,0.00381398,3.81398e-05,20941
5068.51,0.00381863,3.81863e-05,20942
5065.42,0.0038233,3.8233e-05,20943
5062.32,0.00382798,3.82798e-05,20944
5059.22,0.00383267,3.83267e-05,20945
5056.12,0.00383737,3.83737e-05,20946
5053.02,0.00384209,3.84209e-05,20947
5049.91,0.00384681,3.84681e-05,20948
5046.81,0.00385155,3.85155e-05,20949
5043.7,0.0038563,3.8563e-05,20950
5040.58,0.00386107,3.86107e-05,20951
5037.47,0.00386584,3.86584e-05,20952
5034.35,0.00387063,3.87063e-05,20953
5031.23,0.00387543,3.87543e-05,20954
5028.11,0.00388025,3.88025e-05,20955
5024.99,0.00388507,3.88507e-05,20956
5021.86,0.00388991,3.88991e-05,20957
5018.73,0.00389476,3.89476e-05,20958
5015.6,0.00389963,3.89963e-05,20959
5012.47,0.0039045,3.9045e-05,20960
5009.33,0.00390939,3.90939e-05,20961
5006.19,0.0039143,3.9143e-05,20962
5003.05,0.00391921,3.91921e-05,20963
4999.91,0.00392414,3.92414e-05,20964
4996.77,0.00392908,3.92908e-05,20965
4993.62,0.00393404,3.93404e-05,20966
4990.47,0.003939,3.939e-05,20967
4987.32,0.00394398,3.94398e-05,20968
4984.16,0.00394898,3.94898e-05,20969
4981.01,0.00395398,3.95398e-05,20970
4977.85,0.003959,3.959e-05,20971
4974.68,0.00396404,3.96404e-05,20972
4971.52,0.00396909,3.96909e-05,20973
4968.35,0.00397415,3.97415e-05,20974
4965.19,0.00397922,3.97922e-05,20975
4962.01,0.00398431,3.98431e-05,20976
4958.84,0.00398941,3.98941e-05,20977
4955.67,0.00399452,3.99452e-05,20978
4952.49,0.00399965,3.99965e-05,20979
4949.31,0.00400479,4.00479e-05,20980
4946.12,0.00400995,4.00995e-05,20981
4942.94,0.00401512,4.01512e-05,20982
4939.75,0.0040203,4.0203e-05,20983
4936.56,0.0040255,4.0255e-05,20984
4933.37,0.00403071,4.03071e-05,20985
4930.17,0.00403594,4.03594e-05,20986
4926.98,0.00404118,4.04118e-05,20987
4923.78,0.00404643,4.04643e-05,20988
4920.58,0.0040517,4.0517e-05,20989
4917.37,0.00405698,4.05698e-05,20990
4914.17,0.00406228,4.06228e-05,20991
4910.96,0.00406759,4.06759e-05,20992
4907.75,0.00407291,4.07291e-05,20993
4904.53,0.00407825,4.07825e-05,20994
4901.31,0.00408361,4.08361e-05,20995
4898.1,0.00408897,4.08897e-05,20996
4894.88,0.00409436,4.09436e-05,20997
4891.65,0.00409976,4.09976e-05,20998
4888.43,0.00410517,4.10517e-05,20999
4885.2,0.0041106,4.1106e-05,21000
4881.97,0.00411604,4.11604e-05,21001
4878.73,0.0041215,4.1215e-05,21002
4875.5,0.00412697,4.12697e-05,21003
4872.26,0.00413245,4.13245e-05,21004
4869.02,0.00413796,4.13796e-05,21005
4865.78,0.00414347,4.14347e-05,21006
4862.53,0.00414901,4.14901e-05,21007
4859.28,0.00415455,4.15455e-05,21008
4856.03,0.00416012,4.16012e-05,21009
4852.78,0.0041657,4.1657e-05,21010
4849.53,0.00417129,4.17129e-05,21011
4846.27,0.0041769,4.1769e-05,21012
4843.01,0.00418252,4.18252e-05,21013
4839.75,0.00418816,4.18816e-05,21014
4836.48,0.00419382,4.19382e-05,21015
4833.22,0.00419949,4.19949e-05,21016
4829.95,0.00420518,4.20518e-05,21017
4826.67,0.00421088,4.21088e-05,21018
4823.4,0.0042166,4.2166e-05,21019
4820.12,0.00422234,4.22234e-05,21020
4816.84,0.00422809,4.22809e-05,21021
4813.56,0.00423386,4.23386e-05,21022
4810.28,0.00423964,4.23964e-05,21023
4806.99,0.00424544,4.24544e-05,21024
4803.7,0.00425126,4.25126e-05,21025
4800.41,0.00425709,4.25709e-05,21026
4797.11,0.00426294,4.26294e-05,21027
4793.82,0.0042688,4.2688e-05,21028
4790.52,0.00427468,4.27468e-05,21029
4787.22,0.00428058,4.28058e-05,21030
4783.91,0.0042865,4.2865e-05,21031
4780.61,0.00429243,4.29243e-05,21032
4777.3,0.00429838,4.29838e-05,21033
4773.99,0.00430434,4.30434e-05,21034
4770.67,0.00431032,4.31032e-05,21035
4767.36,0.00431632,4.31632e-05,21036
4764.04,0.00432234,4.32234e-05,21037
4760.72,0.00432837,4.32837e-05,21038
4757.39,0.00433442,4.33442e-05,21039
4754.06,0.00434049,4.34049e-05,21040
4750.74,0.00434658,4.34658e-05,21041
4747.4,0.00435268,4.35268e-05,21042
4744.07,0.0043588,4.3588e-05,21043
4740.73,0.00436494,4.36494e-05,21044
4737.39,0.00437109,4.37109e-05,21045
4734.05,0.00437726,4.37726e-05,21046
4730.71,0.00438346,4.38346e-05,21047
4727.36,0.00438966,4.38966e-05,21048
4724.01,0.00439589,4.39589e-05,21049
4720.66,0.00440213,4.40213e-05,21050
4717.31,0.0044084,4.4084e-05,21051
4713.95,0.00441468,4.41468e-05,21052
4710.59,0.00442098,4.42098e-05,21053
4707.23,0.00442729,4.42729e-05,21054
4703.87,0.00443363,4.43363e-05,21055
4700.5,0.00443998,4.43998e-05,21056
4697.13,0.00444635,4.44635e-05,21057
4693.76,0.00445274,4.45274e-05,21058
4690.38,0.00445915,4.45915e-05,21059
4687.01,0.00446558,4.46558e-05,21060
4683.63,0.00447203,4.47203e-05,21061
4680.24,0.00447849,4.47849e-05,21062
4676.86,0.00448498,4.48498e-05,21063
4673.47,0.00449148,4.49148e-05,21064
4670.08,0.004498,4.498e-05,21065
4666.69,0.00450455,4.50455e-05,21066
4663.3,0.00451111,4.51111e-05,21067
4659.9,0.00451769,4.51769e-05,21068
4656.5,0.00452429,4.52429e-05,21069
4653.1,0.0045309,4.5309e-05,21070
4649.69,0.00453754,4.53754e-05,21071
4646.28,0.0045442,4.5442e-05,21072
4642.87,0.00455088,4.55088e-05,21073
4639.46,0.00455758,4.55758e-05,21074
4636.05,0.00456429,4.56429e-05,21075
4632.63,0.00457103,4.57103e-05,21076
4629.21,0.00457779,4.57779e-05,21077
4625.78,0.00458457,4.58457e-05,21078
4622.36,0.00459137,4.59137e-05,21079
4618.93,0.00459818,4.59818e-05,21080
4615.5,0.00460502,4.60502e-05,21081
4612.07,0.00461188,4.61188e-05,21082
4608.63,0.00461876,4.61876e-05,21083
4605.19,0.00462566,4.62566e-05,21084
4601.75,0.00463258,4.63258e-05,21085
4598.31,0.00463952,4.63952e-05,21086
4594.86,0.00464648,4.64648e-05,21087
4591.41,0.00465347,4.65347e-05,21088
4587.96,0.00466047,4.66047e-05,21089
4584.51,0.0046675,4.6675e-05,21090
4581.05,0.00467454,4.67454e-05,21091
4577.59,0.00468161,4.68161e-05,21092
4574.13,0.0046887,4.6887e-05,21093
4570.66,0.00469581,4.69581e-05,21094
4567.19,0.00470295,4.70295e-05,21095
4563.72,0.0047101,4.7101e-05,21096
4560.25,0.00471728,4.71728e-05,21097
4556.78,0.00472447,4.72447e-05,21098
4553.3,0.00473169,4.73169e-05,21099
4549.82,0.00473894,4.73894e-05,21100
4546.34,0.0047462,4.7462e-05,21101
4542.85,0.00475349,4.75349e-05,21102
4539.36,0.0047608,4.7608e-05,21103
4535.87,0.00476813,4.76813e-05,21104
4532.38,0.00477548,4.77548e-05,21105
4528.88,0.00478286,4.78286e-05,21106
4525.38,0.00479026,4.79026e-05,21107
4521.88,0.00479768,4.79768e-05,21108
4518.38,0.00480512,4.80512e-05,21109
4514.87,0.00481259,4.81259e-05,21110
4511.36,0.00482008,4.82008e-05,21111
4507.85,0.00482759,4.82759e-05,21112
4504.33,0.00483513,4.83513e-05,21113
4500.81,0.00484269,4.84269e-05,21114
4497.29,0.00485028,4.85028e-05,21115
4493.77,0.00485788,4.85789e-05,21116
4490.24,0.00486552,4.86552e-05,21117
4486.72,0.00487317,4.87317e-05,21118
4483.19,0.00488085,4.88085e-05,21119
4479.65,0.00488855,4.88855e-05,21120
4476.12,0.00489628,4.89628e-05,21121
4472.58,0.00490403,4.90403e-05,21122
4469.03,0.00491181,4.91181e-05,21123
4465.49,0.00491961,4.91961e-05,21124
4461.94,0.00492744,4.92744e-05,21125
4458.39,0.00493529,4.93529e-05,21126
4454.84,0.00494316,4.94316e-05,21127
4451.29,0.00495106,4.95106e-05,21128
4447.73,0.00495898,4.95898e-05,21129
4444.17,0.00496693,4.96693e-05,21130
4440.6,0.00497491,4.97491e-05,21131
4437.04,0.00498291,4.98291e-05,21132
4433.47,0.00499093,4.99093e-05,21133
4429.9,0.00499898,4.99898e-05,21134
4426.32,0.00500706,5.00706e-05,21135
4422.75,0.00501516,5.01516e-05,21136
4419.17,0.00502329,5.02329e-05,21137
4415.59,0.00503144,5.03144e-05,21138
4412,0.00503962,5.03962e-05,21139
4408.41,0.00504783,5.04783e-05,21140
4404.82,0.00505606,5.05606e-05,21141
4401.23,0.00506432,5.06432e-05,21142
4397.63,0.00507261,5.07261e-05,21143
4394.03,0.00508092,5.08092e-05,21144
4390.43,0.00508926,5.08926e-05,21145
4386.83,0.00509762,5.09762e-05,21146
4383.22,0.00510602,5.10602e-05,21147
4379.61,0.00511444,5.11444e-05,21148
4376,0.00512289,5.12289e-05,21149
4372.38,0.00513136,5.13136e-05,21150
4368.77,0.00513986,5.13986e-05,21151
4365.14,0.0051484,5.1484e-05,21152
4361.52,0.00515695,5.15695e-05,21153
4357.89,0.00516554,5.16554e-05,21154
4354.27,0.00517415,5.17415e-05,21155
4350.63,0.0051828,5.1828e-05,21156
4347,0.00519147,5.19147e-05,21157
4343.36,0.00520017,5.20017e-05,21158
4339.72,0.00520889,5.20889e-05,21159
4336.08,0.00521765,5.21765e-05,21160
4332.43,0.00522644,5.22644e-05,21161
4328.78,0.00523525,5.23525e-05,21162
4325.13,0.00524409,5.24409e-05,21163
4321.48,0.00525296,5.25296e-05,21164
4317.82,0.00526187,5.26187e-05,21165
4314.16,0.0052708,5.2708e-05,21166
4310.5,0.00527976,5.27976e-05,21167
4306.83,0.00528875,5.28875e-05,21168
4303.16,0.00529777,5.29777e-05,21169
4299.49,0.00530682,5.30682e-05,21170
4295.82,0.0053159,5.3159e-05,21171
4292.14,0.00532501,5.32501e-05,21172
4288.46,0.00533415,5.33415e-05,21173
4284.78,0.00534333,5.34333e-05,21174
4281.1,0.00535253,5.35253e-05,21175
4277.41,0.00536176,5.36176e-05,21176
4273.72,0.00537103,5.37103e-05,21177
4270.02,0.00538032,5.38032e-05,21178
4266.33,0.00538965,5.38965e-05,21179
4262.63,0.00539901,5.39901e-05,21180
4258.93,0.0054084,5.4084e-05,21181
4255.22,0.00541782,5.41782e-05,21182
4251.51,0.00542728,5.42728e-05,21183
4247.8,0.00543676,5.43676e-05,21184
4244.09,0.00544628,5.44628e-05,21185
4240.37,0.00545583,5.45583e-05,21186
4236.65,0.00546542,5.46542e-05,21187
4232.93,0.00547503,5.47503e-05,21188
4229.21,0.00548468,5.48468e-05,21189
4225.48,0.00549436,5.49436e-05,21190
4221.75,0.00550408,5.50408e-05,21191
4218.01,0.00551382,5.51382e-05,21192
4214.28,0.0055236,5.5236e-05,21193
4210.54,0.00553342,5.53342e-05,21194
4206.8,0.00554327,5.54327e-05,21195
4203.05,0.00555315,5.55315e-05,21196
4199.3,0.00556307,5.56307e-05,21197
4195.55,0.00557302,5.57302e-05,21198
4191.8,0.005583,5.583e-05,21199
4188.04,0.00559302,5.59302e-05,21200
4184.28,0.00560308,5.60308e-05,21201
4180.52,0.00561317,5.61317e-05,21202
4176.76,0.00562329,5.62329e-05,21203
4172.99,0.00563345,5.63345e-05,21204
4169.22,0.00564365,5.64365e-05,21205
4165.44,0.00565388,5.65388e-05,21206
4161.67,0.00566415,5.66415e-05,21207
4157.89,0.00567445,5.67445e-05,21208
4154.1,0.00568479,5.68479e-05,21209
4150.32,0.00569516,5.69516e-05,21210
4146.53,0.00570558,5.70558e-05,21211
4142.74,0.00571602,5.71602e-05,21212
4138.94,0.00572651,5.72651e-05,21213
4135.15,0.00573703,5.73703e-05,21214
4131.35,0.00574759,5.74759e-05,21215
4127.54,0.00575819,5.75819e-05,21216
4123.74,0.00576882,5.76882e-05,21217
4119.93,0.00577949,5.77949e-05,21218
4116.12,0.0057902,5.7902e-05,21219
4112.3,0.00580095,5.80095e-05,21220
4108.48,0.00581174,5.81174e-05,21221
4104.66,0.00582256,5.82256e-05,21222
4100.84,0.00583343,5.83343e-05,21223
4097.01,0.00584433,5.84433e-05,21224
4093.18,0.00585527,5.85527e-05,21225
4089.35,0.00586625,5.86625e-05,21226
4085.51,0.00587727,5.87727e-05,21227
4081.68,0.00588833,5.88833e-05,21228
4077.83,0.00589943,5.89943e-05,21229
4073.99,0.00591057,5.91057e-05,21230
4070.14,0.00592175,5.92175e-05,21231
4066.29,0.00593297,5.93297e-05,21232
4062.44,0.00594423,5.94423e-05,21233
4058.58,0.00595553,5.95553e-05,21234
4054.72,0.00596687,5.96687e-05,21235
4050.86,0.00597826,5.97826e-05,21236
4046.99,0.00598968,5.98968e-05,21237
4043.13,0.00600115,6.00115e-05,21238
4039.25,0.00601266,6.01266e-05,21239
4035.38,0.00602421,6.02421e-05,21240
4031.5,0.0060358,6.0358e-05,21241
4027.62,0.00604744,6.04744e-05,21242
4023.74,0.00605912,6.05912e-05,21243
4019.85,0.00607084,6.07084e-05,21244
4015.96,0.00608261,6.08261e-05,21245
4012.07,0.00609441,6.09441e-05,21246
4008.17,0.00610627,6.10627e-05,21247
4004.28,0.00611816,6.11816e-05,21248
4000.37,0.0061301,6.1301e-05,21249
3996.47,0.00614209,6.14209e-05,21250
3992.56,0.00615411,6.15411e-05,21251
3988.65,0.00616619,6.16619e-05,21252
3984.74,0.00617831,6.17831e-05,21253
3980.82,0.00619047,6.19047e-05,21254
3976.9,0.00620268,6.20268e-05,21255
3972.98,0.00621493,6.21493e-05,21256
3969.05,0.00622723,6.22723e-05,21257
3965.12,0.00623958,6.23958e-05,21258
3961.19,0.00625197,6.25197e-05,21259
3957.26,0.00626441,6.26441e-05,21260
3953.32,0.0062769,6.2769e-05,21261
3949.38,0.00628943,6.28943e-05,21262
3945.43,0.00630202,6.30202e-05,21263
3941.49,0.00631464,6.31464e-05,21264
3937.54,0.00632732,6.32732e-05,21265
3933.58,0.00634005,6.34005e-05,21266
3929.63,0.00635282,6.35282e-05,21267
3925.67,0.00636564,6.36564e-05,21268
3921.7,0.00637851,6.37851e-05,21269
3917.74,0.00639143,6.39143e-05,21270
3913.77,0.0064044,6.4044e-05,21271
3909.8,0.00641742,6.41742e-05,21272
3905.82,0.00643049,6.43049e-05,21273
3901.84,0.00644361,6.44361e-05,21274
3897.86,0.00645678,6.45678e-05,21275
3893.88,0.00647,6.47e-05,21276
3889.89,0.00648327,6.48327e-05,21277
3885.9,0.00649659,6.49659e-05,21278
3881.91,0.00650997,6.50997e-05,21279
3877.91,0.00652339,6.52339e-05,21280
3873.91,0.00653687,6.53687e-05,21281
3869.91,0.0065504,6.5504e-05,21282
3865.9,0.00656399,6.56399e-05,21283
3861.89,0.00657762,6.57762e-05,21284
3857.88,0.00659131,6.59131e-05,21285
3853.86,0.00660506,6.60506e-05,21286
3849.84,0.00661885,6.61885e-05,21287
3845.82,0.0066327,6.6327e-05,21288
3841.8,0.00664661,6.64661e-05,21289
3837.77,0.00666057,6.66057e-05,21290
3833.74,0.00667458,6.67458e-05,21291
3829.7,0.00668865,6.68865e-05,21292
3825.67,0.00670278,6.70278e-05,21293
3821.63,0.00671696,6.71696e-05,21294
3817.58,0.0067312,6.7312e-05,21295
3813.53,0.00674549,6.74549e-05,21296
3809.48,0.00675984,6.75984e-05,21297
3805.43,0.00677425,6.77425e-05,21298
3801.38,0.00678872,6.78872e-05,21299
3797.32,0.00680324,6.80324e-05,21300
3793.25,0.00681782,6.81782e-05,21301
3789.19,0.00683246,6.83246e-05,21302
3785.12,0.00684716,6.84716e-05,21303
3781.05,0.00686191,6.86191e-05,21304
3776.97,0.00687673,6.87673e-05,21305
3772.89,0.00689161,6.89161e-05,21306
3768.81,0.00690654,6.90654e-05,21307
3764.72,0.00692154,6.92154e-05,21308
3760.64,0.0069366,6.9366e-05,21309
3756.54,0.00695172,6.95172e-05,21310
3752.45,0.0069669,6.9669e-05,21311
3748.35,0.00698214,6.98214e-05,21312
3744.25,0.00699744,6.99744e-05,21313
3740.15,0.00701281,7.01281e-05,21314
3736.04,0.00702824,7.02824e-05,21315
3731.93,0.00704373,7.04373e-05,21316
3727.81,0.00705928,7.05928e-05,21317
3723.7,0.0070749,7.0749e-05,21318
3719.58,0.00709058,7.09058e-05,21319
3715.45,0.00710633,7.10633e-05,21320
3711.33,0.00712215,7.12215e-05,21321
3707.2,0.00713803,7.13802e-05,21322
3703.06,0.00715397,7.15397e-05,21323
3698.93,0.00716998,7.16998e-05,21324
3694.79,0.00718605,7.18605e-05,21325
3690.64,0.0072022,7.2022e-05,21326
3686.5,0.00721841,7.21841e-05,21327
3682.35,0.00723469,7.23469e-05,21328
3678.19,0.00725103,7.25103e-05,21329
3674.04,0.00726744,7.26744e-05,21330
3669.88,0.00728393,7.28393e-05,21331
3665.72,0.00730048,7.30048e-05,21332
3661.55,0.0073171,7.3171e-05,21333
3657.38,0.00733379,7.33379e-05,21334
3653.21,0.00735055,7.35055e-05,21335
3649.03,0.00736739,7.36739e-05,21336
3644.85,0.00738429,7.38429e-05,21337
3640.67,0.00740126,7.40126e-05,21338
3636.49,0.00741831,7.41831e-05,21339
3632.3,0.00743543,7.43543e-05,21340
3628.11,0.00745262,7.45262e-05,21341
3623.91,0.00746989,7.46989e-05,21342
3619.71,0.00748723,7.48723e-05,21343
3615.51,0.00750464,7.50464e-05,21344
3611.31,0.00752213,7.52213e-05,21345
3607.1,0.00753969,7.53969e-05,21346
3602.88,0.00755733,7.55733e-05,21347
3598.67,0.00757504,7.57504e-05,21348
3594.45,0.00759283,7.59283e-05,21349
3590.23,0.0076107,7.6107e-05,21350
3586.01,0.00762864,7.62864e-05,21351
3581.78,0.00764666,7.64666e-05,21352
3577.54,0.00766477,7.66477e-05,21353
3573.31,0.00768294,7.68294e-05,21354
3569.07,0.0077012,7.7012e-05,21355
3564.83,0.00771954,7.71954e-05,21356
3560.58,0.00773796,7.73796e-05,21357
3556.34,0.00775645,7.75645e-05,21358
3552.08,0.00777504,7.77504e-05,21359
3547.83,0.0077937,7.7937e-05,21360
3543.57,0.00781244,7.81244e-05,21361
3539.31,0.00783126,7.83126e-05,21362
3535.04,0.00785017,7.85017e-05,21363
3530.78,0.00786916,7.86916e-05,21364
3526.5,0.00788824,7.88824e-05,21365
3522.23,0.0079074,7.9074e-05,21366
3517.95,0.00792664,7.92664e-05,21367
3513.67,0.00794597,7.94598e-05,21368
3509.38,0.00796539,7.96539e-05,21369
3505.1,0.00798489,7.98489e-05,21370
3500.8,0.00800449,8.00449e-05,21371
3496.51,0.00802416,8.02416e-05,21372
3492.21,0.00804393,8.04393e-05,21373
3487.91,0.00806379,8.06379e-05,21374
3483.6,0.00808373,8.08373e-05,21375
3479.29,0.00810376,8.10376e-05,21376
3474.98,0.00812389,8.12389e-05,21377
3470.67,0.0081441,8.1441e-05,21378
3466.35,0.00816441,8.16441e-05,21379
3462.03,0.00818481,8.18481e-05,21380
3457.7,0.0082053,8.2053e-05,21381
3453.37,0.00822588,8.22588e-05,21382
3449.04,0.00824656,8.24656e-05,21383
3444.7,0.00826734,8.26734e-05,21384
3440.36,0.0082882,8.2882e-05,21385
3436.02,0.00830917,8.30917e-05,21386
3431.67,0.00833023,8.33023e-05,21387
3427.33,0.00835138,8.35138e-05,21388
3422.97,0.00837264,8.37264e-05,21389
3418.62,0.00839399,8.39399e-05,21390
3414.26,0.00841544,8.41544e-05,21391
3409.89,0.00843699,8.43699e-05,21392
3405.53,0.00845864,8.45864e-05,21393
3401.16,0.00848039,8.48039e-05,21394
3396.78,0.00850224,8.50224e-05,21395
3392.41,0.00852419,8.52419e-05,21396
3388.03,0.00854624,8.54624e-05,21397
3383.64,0.0085684,8.5684e-05,21398
3379.26,0.00859066,8.59066e-05,21399
3374.87,0.00861303,8.61303e-05,21400
3370.47,0.0086355,8.6355e-05,21401
3366.08,0.00865807,8.65807e-05,21402
3361.67,0.00868076,8.68076e-05,21403
3357.27,0.00870355,8.70355e-05,21404
3352.86,0.00872644,8.72644e-05,21405
3348.45,0.00874945,8.74945e-05,21406
3344.04,0.00877257,8.77257e-05,21407
3339.62,0.00879579,8.79579e-05,21408
3335.2,0.00881913,8.81913e-05,21409
3330.77,0.00884258,8.84258e-05,21410
3326.35,0.00886613,8.86613e-05,21411
3321.91,0.00888981,8.88981e-05,21412
3317.48,0.00891359,8.91359e-05,21413
3313.04,0.00893749,8.93749e-05,21414
3308.6,0.00896151,8.96151e-05,21415
3304.15,0.00898564,8.98564e-05,21416
3299.7,0.00900989,9.00989e-05,21417
3295.25,0.00903425,9.03425e-05,21418
3290.79,0.00905873,9.05873e-05,21419
3286.34,0.00908333,9.08333e-05,21420
3281.87,0.00910805,9.10805e-05,21421
3277.41,0.0091329,9.1329e-05,21422
3272.94,0.00915786,9.15786e-05,21423
3268.46,0.00918294,9.18294e-05,21424
3263.99,0.00920815,9.20815e-05,21425
3259.51,0.00923348,9.23348e-05,21426
3255.02,0.00925894,9.25894e-05,21427
3250.53,0.00928452,9.28452e-05,21428
3246.04,0.00931023,9.31023e-05,21429
3241.55,0.00933606,9.33606e-05,21430
3237.05,0.00936202,9.36202e-05,21431
3232.55,0.00938811,9.38811e-05,21432
3228.05,0.00941433,9.41433e-05,21433
3223.54,0.00944068,9.44068e-05,21434
3219.03,0.00946716,9.46716e-05,21435
3214.51,0.00949378,9.49378e-05,21436
3209.99,0.00952053,9.52053e-05,21437
3205.47,0.00954741,9.54741e-05,21438
3200.95,0.00957442,9.57442e-05,21439
3196.42,0.00960158,9.60158e-05,21440
3191.88,0.00962886,9.62886e-05,21441
3187.35,0.00965629,9.65629e-05,21442
3182.81,0.00968385,9.68385e-05,21443
3178.26,0.00971156,9.71156e-05,21444
3173.72,0.0097394,9.7394e-05,21445
3169.17,0.00976739,9.76739e-05,21446
3164.61,0.00979552,9.79552e-05,21447
3160.06,0.00982379,9.82379e-05,21448
3155.5,0.00985221,9.85221e-05,21449
3150.93,0.00988077,9.88077e-05,21450
3146.36,0.00990948,9.90948e-05,21451
3141.79,0.00993834,9.93834e-05,21452
3137.22,0.00996734,9.96734e-05,21453
3132.64,0.00999649,9.99649e-05,21454
3128.06,0.0100258,0.000100258,21455
3123.47,0.0100553,0.000100553,21456
3118.89,0.0100849,0.000100849,21457
3114.29,0.0101146,0.000101146,21458
3109.7,0.0101445,0.000101445,21459
3105.1,0.0101746,0.000101746,21460
3100.5,0.0102049,0.000102049,21461
3095.89,0.0102352,0.000102352,21462
3091.28,0.0102658,0.000102658,21463
3086.67,0.0102965,0.000102965,21464
3082.05,0.0103274,0.000103274,21465
3077.43,0.0103584,0.000103584,21466
3072.81,0.0103896,0.000103896,21467
3068.18,0.010421,0.00010421,21468
3063.55,0.0104525,0.000104525,21469
3058.91,0.0104842,0.000104842,21470
3054.27,0.0105161,0.000105161,21471
3049.63,0.0105481,0.000105481,21472
3044.99,0.0105803,0.000105803,21473
3040.34,0.0106127,0.000106127,21474
3035.69,0.0106452,0.000106452,21475
3031.03,0.0106779,0.000106779,21476
3026.37,0.0107108,0.000107108,21477
3021.71,0.0107439,0.000107439,21478
3017.05,0.0107772,0.000107772,21479
3012.38,0.0108106,0.000108106,21480
3007.7,0.0108442,0.000108442,21481
3003.03,0.010878,0.00010878,21482
2998.35,0.010912,0.00010912,21483
2993.66,0.0109462,0.000109462,21484
2988.98,0.0109806,0.000109806,21485
2984.29,0.0110151,0.000110151,21486
2979.59,0.0110498,0.000110498,21487
2974.89,0.0110848,0.000110848,21488
2970.19,0.0111199,0.000111199,21489
2965.49,0.0111552,0.000111552,21490
2960.78,0.0111907,0.000111907,21491
2956.07,0.0112264,0.000112264,21492
2951.35,0.0112623,0.000112623,21493
2946.63,0.0112984,0.000112984,21494
2941.91,0.0113347,0.000113347,21495
2937.19,0.0113712,0.000113712,21496
2932.46,0.0114079,0.000114079,21497
2927.72,0.0114448,0.000114448,21498
2922.99,0.0114819,0.000114819,21499
2918.25,0.0115193,0.000115193,21500
2913.51,0.0115568,0.000115568,21501
2908.76,0.0115945,0.000115945,21502
2904.01,0.0116325,0.000116325,21503
2899.26,0.0116707,0.000116707,21504
2894.5,0.0117091,0.000117091,21505
2889.74,0.0117477,0.000117477,21506
2884.97,0.0117865,0.000117865,21507
2880.21,0.0118256,0.000118256,21508
2875.44,0.0118648,0.000118648,21509
2870.66,0.0119043,0.000119043,21510
2865.88,0.0119441,0.000119441,21511
2861.1,0.011984,0.00011984,21512
2856.32,0.0120242,0.000120242,21513
2851.53,0.0120646,0.000120646,21514
2846.74,0.0121053,0.000121053,21515
2841.94,0.0121461,0.000121461,21516
2837.14,0.0121873,0.000121873,21517
2832.34,0.0122286,0.000122286,21518
2827.54,0.0122702,0.000122702,21519
2822.73,0.0123121,0.000123121,21520
2817.92,0.0123542,0.000123542,21521
2813.1,0.0123965,0.000123965,21522
2808.28,0.0124391,0.000124391,21523
2803.46,0.0124819,0.000124819,21524
2798.63,0.012525,0.00012525,21525
2793.8,0.0125683,0.000125683,21526
2788.97,0.0126119,0.000126119,21527
2784.13,0.0126558,0.000126558,21528
2779.29,0.0126999,0.000126999,21529
2774.45,0.0127443,0.000127443,21530
2769.61,0.0127889,0.000127889,21531
2764.76,0.0128338,0.000128338,21532
2759.9,0.012879,0.00012879,21533
2755.05,0.0129244,0.000129244,21534
2750.19,0.0129702,0.000129702,21535
2745.32,0.0130161,0.000130161,21536
2740.46,0.0130624,0.000130624,21537
2735.59,0.013109,0.00013109,21538
2730.71,0.0131558,0.000131558,21539
2725.84,0.0132029,0.000132029,21540
2720.96,0.0132503,0.000132503,21541
2716.07,0.013298,0.00013298,21542
2711.19,0.013346,0.00013346,21543
2706.3,0.0133943,0.000133943,21544
2701.4,0.0134428,0.000134428,21545
2696.51,0.0134917,0.000134917,21546
2691.61,0.0135409,0.000135409,21547
2686.7,0.0135903,0.000135903,21548
2681.8,0.0136401,0.000136401,21549
2676.89,0.0136902,0.000136902,21550
2671.97,0.0137406,0.000137406,21551
2667.06,0.0137913,0.000137913,21552
2662.14,0.0138423,0.000138423,21553
2657.21,0.0138936,0.000138936,21554
2652.29,0.0139453,0.000139453,21555
2647.36,0.0139973,0.000139973,21556
2642.43,0.0140496,0.000140496,21557
2637.49,0.0141022,0.000141022,21558
2632.55,0.0141552,0.000141552,21559
2627.61,0.0142085,0.000142085,21560
2622.66,0.0142621,0.000142621,21561
2617.72,0.0143161,0.000143161,21562
2612.76,0.0143704,0.000143704,21563
2607.81,0.0144251,0.000144251,21564
2602.85,0.0144801,0.000144801,21565
2597.89,0.0145354,0.000145354,21566
2592.92,0.0145911,0.000145911,21567
2587.96,0.0146472,0.000146472,21568
2582.99,0.0147036,0.000147036,21569
2578.01,0.0147604,0.000147604,21570
2573.04,0.0148176,0.000148176,21571
2568.06,0.0148751,0.000148751,21572
2563.07,0.014933,0.00014933,21573
2558.09,0.0149913,0.000149913,21574
2553.1,0.0150499,0.000150499,21575
2548.11,0.0151089,0.000151089,21576
2543.11,0.0151683,0.000151683,21577
2538.11,0.0152281,0.000152281,21578
2533.11,0.0152883,0.000152883,21579
2528.11,0.0153489,0.000153489,21580
2523.1,0.0154099,0.000154099,21581
2518.09,0.0154713,0.000154713,21582
2513.08,0.0155331,0.000155331,21583
2508.06,0.0155952,0.000155952,21584
2503.04,0.0156578,0.000156578,21585
2498.02,0.0157209,0.000157209,21586
2493,0.0157843,0.000157843,21587
2487.97,0.0158482,0.000158482,21588
2482.94,0.0159124,0.000159124,21589
2477.91,0.0159771,0.000159771,21590
2472.87,0.0160423,0.000160423,21591
2467.83,0.0161079,0.000161079,21592
2462.79,0.0161739,0.000161739,21593
2457.75,0.0162403,0.000162403,21594
2452.7,0.0163072,0.000163072,21595
2447.65,0.0163746,0.000163746,21596
2442.6,0.0164424,0.000164424,21597
2437.54,0.0165107,0.000165107,21598
2432.48,0.0165794,0.000165794,21599
2427.42,0.0166486,0.000166486,21600
2422.36,0.0167183,0.000167183,21601
2417.29,0.0167884,0.000167884,21602
2412.22,0.0168591,0.000168591,21603
2407.15,0.0169302,0.000169302,21604
2402.08,0.0170018,0.000170018,21605
2397,0.0170739,0.000170739,21606
2391.92,0.0171465,0.000171465,21607
2386.84,0.0172195,0.000172195,21608
2381.76,0.0172931,0.000172931,21609
2376.67,0.0173672,0.000173672,21610
2371.58,0.0174418,0.000174418,21611
2366.49,0.017517,0.00017517,21612
2361.4,0.0175926,0.000175926,21613
2356.3,0.0176688,0.000176688,21614
2351.2,0.0177455,0.000177455,21615
2346.1,0.0178228,0.000178228,21616
2341,0.0179005,0.000179005,21617
2335.89,0.0179789,0.000179789,21618
2330.79,0.0180578,0.000180578,21619
2325.68,0.0181372,0.000181372,21620
2320.56,0.0182172,0.000182172,21621
2315.45,0.0182978,0.000182978,21622
2310.33,0.0183789,0.000183789,21623
2305.21,0.0184606,0.000184606,21624
2300.09,0.0185429,0.000185429,21625
2294.97,0.0186258,0.000186258,21626
2289.85,0.0187093,0.000187093,21627
2284.72,0.0187933,0.000187933,21628
2279.59,0.018878,0.00018878,21629
2274.46,0.0189633,0.000189633,21630
2269.33,0.0190491,0.000190491,21631
2264.19,0.0191356,0.000191356,21632
2259.05,0.0192228,0.000192228,21633
2253.92,0.0193105,0.000193105,21634
2248.77,0.0193989,0.000193989,21635
2243.63,0.0194879,0.000194879,21636
2238.49,0.0195776,0.000195776,21637
2233.34,0.0196679,0.000196679,21638
2228.2,0.0197589,0.000197589,21639
2223.05,0.0198505,0.000198505,21640
2217.9,0.0199428,0.000199428,21641
2212.74,0.0200358,0.000200358,21642
2207.59,0.0201295,0.000201295,21643
2202.43,0.0202238,0.000202238,21644
2197.28,0.0203189,0.000203189,21645
2192.12,0.0204146,0.000204146,21646
2186.96,0.020511,0.00020511,21647
2181.8,0.0206082,0.000206082,21648
2176.64,0.0207061,0.000207061,21649
2171.47,0.0208047,0.000208047,21650
2166.31,0.020904,0.00020904,21651
2161.14,0.021004,0.00021004,21652
2155.97,0.0211048,0.000211048,21653
2150.81,0.0212064,0.000212064,21654
2145.64,0.0213087,0.000213087,21655
2140.47,0.0214118,0.000214118,21656
2135.29,0.0215156,0.000215156,21657
2130.12,0.0216202,0.000216202,21658
2124.95,0.0217256,0.000217256,21659
2119.78,0.0218318,0.000218318,21660
2114.6,0.0219388,0.000219388,21661
2109.42,0.0220466,0.000220466,21662
2104.25,0.0221552,0.000221552,21663
2099.07,0.0222646,0.000222646,21664
2093.89,0.0223748,0.000223748,21665
2088.72,0.0224859,0.000224859,21666
2083.54,0.0225978,0.000225978,21667
2078.36,0.0227106,0.000227106,21668
2073.18,0.0228242,0.000228242,21669
2068,0.0229387,0.000229387,21670
2062.82,0.023054,0.00023054,21671
2057.64,0.0231702,0.000231702,21672
2052.46,0.0232874,0.000232874,21673
2047.28,0.0234054,0.000234054,21674
2042.1,0.0235243,0.000235243,21675
2036.92,0.0236441,0.000236441,21676
2031.74,0.0237648,0.000237648,21677
2026.56,0.0238864,0.000238864,21678
2021.38,0.024009,0.00024009,21679
2016.2,0.0241326,0.000241326,21680
2011.02,0.024257,0.00024257,21681
2005.84,0.0243824,0.000243824,21682
2000.66,0.0245088,0.000245088,21683
1995.48,0.0246362,0.000246362,21684
1990.3,0.0247645,0.000247645,21685
1985.13,0.0248939,0.000248939,21686
1979.95,0.0250242,0.000250242,21687
1974.78,0.0251555,0.000251555,21688
1969.6,0.0252879,0.000252879,21689
1964.43,0.0254212,0.000254212,21690
1959.26,0.0255556,0.000255556,21691
1954.08,0.0256911,0.000256911,21692
1948.91,0.0258276,0.000258276,21693
1943.75,0.0259651,0.000259651,21694
1938.58,0.0261037,0.000261037,21695
1933.41,0.0262434,0.000262434,21696
1928.25,0.0263842,0.000263842,21697
1923.08,0.026526,0.00026526,21698
1917.92,0.026669,0.00026669,21699
1912.76,0.0268131,0.000268131,21700
1907.61,0.0269583,0.000269583,21701
1902.45,0.0271046,0.000271046,21702
1897.3,0.027252,0.00027252,21703
1892.14,0.0274006,0.000274006,21704
1886.99,0.0275504,0.000275504,21705
1881.85,0.0277013,0.000277013,21706
1876.7,0.0278534,0.000278534,21707
1871.56,0.0280066,0.000280066,21708
1866.42,0.0281611,0.000281611,21709
1861.28,0.0283168,0.000283168,21710
1856.15,0.0284736,0.000284736,21711
1851.02,0.0286317,0.000286317,21712
1845.89,0.028791,0.00028791,21713
1840.77,0.0289516,0.000289516,21714
1835.64,0.0291134,0.000291134,21715
1830.53,0.0292764,0.000292764,21716
1825.41,0.0294407,0.000294407,21717
1820.3,0.0296063,0.000296063,21718
1815.19,0.0297731,0.000297731,21719
1810.09,0.0299413,0.000299413,21720
1804.99,0.0301107,0.000301107,21721
1799.89,0.0302815,0.000302815,21722
1794.8,0.0304535,0.000304535,21723
1789.71,0.0306269,0.000306269,21724
1784.63,0.0308017,0.000308017,21725
1779.55,0.0309777,0.000309777,21726
1774.47,0.0311552,0.000311552,21727
1769.4,0.0313339,0.000313339,21728
1764.34,0.0315141,0.000315141,21729
1759.28,0.0316956,0.000316956,21730
1754.23,0.0318785,0.000318785,21731
1749.18,0.0320628,0.000320628,21732
1744.13,0.0322485,0.000322485,21733
1739.09,0.0324356,0.000324356,21734
1734.06,0.0326242,0.000326242,21735
1729.04,0.0328141,0.000328141,21736
1724.02,0.0330055,0.000330055,21737
1719,0.0331983,0.000331983,21738
1713.99,0.0333926,0.000333926,21739
1708.99,0.0335884,0.000335884,21740
1704,0.0337856,0.000337856,21741
1699.01,0.0339842,0.000339842,21742
1694.03,0.0341844,0.000341844,21743
1689.05,0.034386,0.00034386,21744
1684.09,0.0345891,0.000345891,21745
1679.13,0.0347937,0.000347937,21746
1674.18,0.0349998,0.000349998,21747
1669.23,0.0352075,0.000352075,21748
1664.3,0.0354166,0.000354166,21749
1659.37,0.0356273,0.000356273,21750
1654.45,0.0358394,0.000358394,21751
1649.54,0.0360532,0.000360532,21752
1644.64,0.0362684,0.000362684,21753
1639.74,0.0364852,0.000364852,21754
1634.86,0.0367035,0.000367035,21755
1629.99,0.0369234,0.000369234,21756
1625.12,0.0371448,0.000371448,21757
1620.26,0.0373678,0.000373678,21758
1615.42,0.0375923,0.000375923,21759
1610.58,0.0378184,0.000378184,21760
1605.76,0.038046,0.00038046,21761
1600.94,0.0382752,0.000382752,21762
1596.14,0.038506,0.00038506,21763
1591.34,0.0387383,0.000387383,21764
1586.56,0.0389722,0.000389722,21765
1581.79,0.0392077,0.000392077,21766
1577.03,0.0394447,0.000394447,21767
1572.28,0.0396833,0.000396833,21768
1567.55,0.0399234,0.000399234,21769
1562.82,0.0401651,0.000401651,21770
1558.11,0.0404083,0.000404083,21771
1553.41,0.0406532,0.000406531,21772
1548.73,0.0408995,0.000408995,21773
1544.06,0.0411474,0.000411474,21774
1539.4,0.0413968,0.000413968,21775
1534.75,0.0416478,0.000416478,21776
1530.12,0.0419003,0.000419003,21777
1525.51,0.0421543,0.000421543,21778
1520.9,0.0424098,0.000424098,21779
1516.32,0.0426668,0.000426668,21780
1511.74,0.0429253,0.000429253,21781
1507.19,0.0431853,0.000431853,21782
1502.64,0.0434467,0.000434467,21783
1498.12,0.0437097,0.000437097,21784
1493.61,0.043974,0.00043974,21785
1489.11,0.0442398,0.000442398,21786
1484.64,0.0445071,0.000445071,21787
1480.18,0.0447757,0.000447757,21788
1475.73,0.0450457,0.000450457,21789
1471.31,0.0453171,0.000453171,21790
1466.9,0.0455898,0.000455898,21791
1462.51,0.0458639,0.000458639,21792
1458.14,0.0461393,0.000461393,21793
1453.79,0.046416,0.00046416,21794
1449.45,0.046694,0.00046694,21795
1445.14,0.0469732,0.000469732,21796
1440.84,0.0472536,0.000472536,21797
1436.57,0.0475352,0.000475352,21798
1432.32,0.047818,0.00047818,21799
1428.08,0.048102,0.00048102,21800
1423.87,0.048387,0.00048387,21801
1419.68,0.0486731,0.000486731,21802
1415.51,0.0489603,0.000489603,21803
1411.36,0.0492485,0.000492485,21804
1407.23,0.0495377,0.000495377,21805
1403.13,0.0498279,0.000498279,21806
1399.05,0.0501189,0.000501189,21807
1394.99,0.0504108,0.000504108,21808
1390.96,0.0507036,0.000507036,21809
1386.95,0.0509971,0.000509971,21810
1382.97,0.0512914,0.000512914,21811
1379.01,0.0515864,0.000515864,21812
1375.07,0.0518821,0.000518821,21813
1371.16,0.0521784,0.000521784,21814
1367.28,0.0524752,0.000524752,21815
1363.42,0.0527725,0.000527725,21816
1359.59,0.0530703,0.000530703,21817
1355.79,0.0533685,0.000533685,21818
1352.01,0.0536671,0.000536671,21819
1348.26,0.0539659,0.000539659,21820
1344.54,0.054265,0.00054265,21821
1340.85,0.0545643,0.000545643,21822
1337.19,0.0548636,0.000548636,21823
1333.55,0.0551631,0.000551631,21824
1329.95,0.0554625,0.000554625,21825
1326.37,0.0557618,0.000557618,21826
1322.83,0.056061,0.00056061,21827
1319.32,0.0563599,0.000563599,21828
1315.84,0.0566585,0.000566585,21829
1312.39,0.0569568,0.000569568,21830
1308.97,0.0572547,0.000572547,21831
1305.58,0.057552,0.00057552,21832
1302.23,0.0578488,0.000578488,21833
1298.91,0.0581448,0.000581448,21834
1295.62,0.0584401,0.000584401,21835
1292.37,0.0587346,0.000587346,21836
1289.15,0.0590281,0.000590281,21837
1285.97,0.0593206,0.000593206,21838
1282.83,0.059612,0.00059612,21839
1279.71,0.0599023,0.000599023,21840
1276.64,0.0601912,0.000601912,21841
1273.6,0.0604788,0.000604788,21842
1270.6,0.0607649,0.000607649,21843
1267.63,0.0610495,0.000610495,21844
1264.71,0.0613324,0.000613324,21845
1261.82,0.0616135,0.000616135,21846
1258.97,0.0618928,0.000618928,21847
1256.16,0.0621702,0.000621701,21848
1253.38,0.0624454,0.000624454,21849
1250.65,0.0627185,0.000627185,21850
1247.96,0.0629894,0.000629894,21851
1245.31,0.0632579,0.000632579,21852
1242.7,0.063524,0.00063524,21853
1240.13,0.0637874,0.000637874,21854
1237.6,0.0640482,0.000640482,21855
1235.12,0.0643062,0.000643062,21856
1232.67,0.0645613,0.000645613,21857
1230.27,0.0648135,0.000648135,21858
1227.92,0.0650625,0.000650625,21859
1225.6,0.0653083,0.000653083,21860
1223.34,0.0655508,0.000655508,21861
1221.11,0.0657898,0.000657898,21862
1218.93,0.0660253,0.000660253,21863
1216.8,0.0662572,0.000662572,21864
1214.71,0.0664853,0.000664853,21865
1212.66,0.0667096,0.000667096,21866
1210.67,0.0669299,0.000669299,21867
1208.72,0.0671461,0.000671461,21868
1206.81,0.0673581,0.000673581,21869
1204.95,0.0675659,0.000675659,21870
1203.15,0.0677692,0.000677692,21871
1201.38,0.0679681,0.000679681,21872
1199.67,0.0681624,0.000681624,21873
1198.01,0.068352,0.00068352,21874
1196.39,0.0685368,0.000685368,21875
1194.82,0.0687167,0.000687167,21876
1193.3,0.0688917,0.000688917,21877
1191.84,0.0690615,0.000690615,21878
1190.42,0.0692262,0.000692262,21879
1189.05,0.0693857,0.000693857,21880
1187.73,0.0695397,0.000695397,21881
1186.46,0.0696884,0.000696884,21882
1185.25,0.0698315,0.000698315,21883
1184.08,0.0699691,0.000699691,21884
1182.97,0.070101,0.00070101,21885
1181.9,0.0702271,0.000702271,21886
1180.89,0.0703474,0.000703474,21887
1179.93,0.0704618,0.000704618,21888
1179.03,0.0705703,0.000705703,21889
1178.17,0.0706727,0.000706727,21890
1177.37,0.0707691,0.000707691,21891
1176.62,0.0708594,0.000708594,21892
1175.92,0.0709434,0.000709434,21893
1175.28,0.0710212,0.000710212,21894
1174.69,0.0710927,0.000710927,21895
1174.15,0.0711579,0.000711579,21896
1173.66,0.0712168,0.000712168,21897
1173.23,0.0712692,0.000712692,21898
1172.85,0.0713151,0.000713151,21899
1172.53,0.0713547,0.000713547,21900
1172.26,0.0713877,0.000713877,21901
1172.04,0.0714142,0.000714142,21902
1171.88,0.0714342,0.000714342,21903
1171.76,0.0714477,0.000714477,21904
1171.71,0.0714546,0.000714546,21905
1171.7,0.071455,0.00071455,21906
1171.76,0.0714489,0.000714489,21907
1171.86,0.0714361,0.000714361,21908
1172.02,0.0714169,0.000714169,21909
1172.23,0.0713911,0.000713911,21910
1172.49,0.0713588,0.000713588,21911
1172.81,0.0713201,0.000713201,21912
1173.18,0.0712748,0.000712748,21913
1173.61,0.0712232,0.000712232,21914
1174.09,0.0711651,0.000711651,21915
1174.62,0.0711006,0.000711006,21916
1175.21,0.0710298,0.000710298,21917
1175.84,0.0709527,0.000709527,21918
1176.54,0.0708694,0.000708694,21919
1177.28,0.0707799,0.000707799,21920
1178.08,0.0706842,0.000706842,21921
1178.92,0.0705825,0.000705825,21922
1179.83,0.0704747,0.000704747,21923
1180.78,0.070361,0.000703609,21924
1181.78,0.0702413,0.000702413,21925
1182.84,0.0701158,0.000701158,21926
1183.95,0.0699846,0.000699846,21927
1185.11,0.0698477,0.000698477,21928
1186.32,0.0697052,0.000697052,21929
1187.58,0.0695572,0.000695572,21930
1188.89,0.0694037,0.000694037,21931
1190.26,0.0692449,0.000692449,21932
1191.67,0.0690808,0.000690808,21933
1193.13,0.0689116,0.000689116,21934
1194.64,0.0687372,0.000687372,21935
1196.21,0.0685578,0.000685578,21936
1197.82,0.0683736,0.000683736,21937
1199.48,0.0681846,0.000681846,21938
1201.18,0.0679908,0.000679908,21939
1202.94,0.0677925,0.000677925,21940
1204.74,0.0675896,0.000675896,21941
1206.59,0.0673824,0.000673824,21942
1208.49,0.0671708,0.000671708,21943
1210.44,0.0669551,0.000669551,21944
1212.43,0.0667353,0.000667353,21945
1214.47,0.0665115,0.000665115,21946
1216.55,0.0662838,0.000662838,21947
1218.68,0.0660523,0.000660524,21948
1220.86,0.0658173,0.000658173,21949
1223.08,0.0655786,0.000655786,21950
1225.34,0.0653365,0.000653365,21951
1227.65,0.0650911,0.000650911,21952
1230,0.0648424,0.000648424,21953
1232.39,0.0645907,0.000645907,21954
1234.83,0.0643359,0.000643359,21955
1237.31,0.0640782,0.000640782,21956
1239.83,0.0638177,0.000638177,21957
1242.4,0.0635546,0.000635546,21958
1245,0.0632888,0.000632888,21959
1247.65,0.0630206,0.000630206,21960
1250.34,0.06275,0.0006275,21961
1253.07,0.0624771,0.000624771,21962
1255.83,0.0622021,0.000622021,21963
1258.64,0.061925,0.00061925,21964
1261.49,0.0616459,0.000616459,21965
1264.37,0.061365,0.00061365,21966
1267.29,0.0610823,0.000610823,21967
1270.25,0.0607979,0.000607979,21968
1273.25,0.060512,0.00060512,21969
1276.28,0.0602246,0.000602246,21970
1279.36,0.0599358,0.000599358,21971
1282.46,0.0596457,0.000596457,21972
1285.61,0.0593544,0.000593544,21973
1288.78,0.059062,0.00059062,21974
1292,0.0587686,0.000587686,21975
1295.25,0.0584742,0.000584742,21976
1298.53,0.058179,0.00058179,21977
1301.84,0.0578831,0.000578831,21978
1305.19,0.0575864,0.000575864,21979
1308.57,0.0572891,0.000572891,21980
1311.99,0.0569913,0.000569913,21981
1315.44,0.0566931,0.000566931,21982
1318.91,0.0563945,0.000563945,21983
1322.42,0.0560956,0.000560956,21984
1325.96,0.0557964,0.000557964,21985
1329.53,0.0554971,0.000554971,21986
1333.13,0.0551977,0.000551977,21987
1336.77,0.0548983,0.000548983,21988
1340.43,0.0545989,0.000545989,21989
1344.11,0.0542996,0.000542996,21990
1347.83,0.0540005,0.000540005,21991
1351.58,0.0537016,0.000537016,21992
1355.35,0.0534031,0.000534031,21993
1359.15,0.0531048,0.000531048,21994
1362.98,0.052807,0.00052807,21995
1366.83,0.0525096,0.000525096,21996
1370.71,0.0522127,0.000522127,21997
1374.62,0.0519163,0.000519163,21998
1378.55,0.0516206,0.000516206,21999
1382.51,0.0513255,0.000513255,22000
1386.49,0.0510312,0.000510312,22001
1390.5,0.0507375,0.000507375,22002
1394.53,0.0504447,0.000504447,22003
1398.58,0.0501526,0.000501526,22004
1402.66,0.0498615,0.000498615,22005
1406.76,0.0495712,0.000495712,22006
1410.88,0.0492819,0.000492819,22007
1415.03,0.0489936,0.000489936,22008
1419.19,0.0487063,0.000487063,22009
1423.38,0.04842,0.0004842,22010
1427.59,0.0481349,0.000481349,22011
1431.83,0.0478508,0.000478508,22012
1436.08,0.0475679,0.000475679,22013
1440.35,0.0472861,0.000472861,22014
1444.64,0.0470055,0.000470055,22015
1448.95,0.0467262,0.000467262,22016
1453.28,0.0464481,0.000464481,22017
1457.63,0.0461712,0.000461712,22018
1462,0.0458957,0.000458957,22019
1466.39,0.0456215,0.000456215,22020
1470.8,0.0453486,0.000453486,22021
1475.22,0.045077,0.00045077,22022
1479.66,0.0448068,0.000448068,22023
1484.12,0.0445381,0.000445381,22024
1488.59,0.0442707,0.000442707,22025
1493.09,0.0440047,0.000440047,22026
1497.59,0.0437402,0.000437402,22027
1502.12,0.0434771,0.000434771,22028
1506.66,0.0432154,0.000432154,22029
1511.22,0.0429553,0.000429553,22030
1515.79,0.0426966,0.000426966,22031
1520.37,0.0424394,0.000424394,22032
1524.97,0.0421837,0.000421837,22033
1529.59,0.0419295,0.000419295,22034
1534.22,0.0416769,0.000416769,22035
1538.86,0.0414257,0.000414257,22036
1543.52,0.0411761,0.000411761,22037
1548.19,0.0409281,0.000409281,22038
1552.87,0.0406815,0.000406815,22039
1557.57,0.0404365,0.000404365,22040
1562.28,0.0401931,0.000401931,22041
1567,0.0399512,0.000399512,22042
1571.74,0.0397109,0.000397109,22043
1576.48,0.0394722,0.000394722,22044
1581.24,0.039235,0.00039235,22045
1586.01,0.0389993,0.000389993,22046
1590.79,0.0387653,0.000387653,22047
1595.58,0.0385327,0.000385327,22048
1600.39,0.0383018,0.000383018,22049
1605.2,0.0380724,0.000380724,22050
1610.03,0.0378446,0.000378446,22051
1614.86,0.0376183,0.000376183,22052
1619.7,0.0373936,0.000373936,22053
1624.56,0.0371705,0.000371705,22054
1629.42,0.0369489,0.000369489,22055
1634.3,0.0367288,0.000367288,22056
1639.18,0.0365103,0.000365103,22057
1644.07,0.0362933,0.000362933,22058
1648.97,0.0360779,0.000360779,22059
1653.88,0.035864,0.00035864,22060
1658.8,0.0356517,0.000356517,22061
1663.73,0.0354408,0.000354408,22062
1668.66,0.0352315,0.000352315,22063
1673.61,0.0350237,0.000350237,22064
1678.56,0.0348174,0.000348174,22065
1683.52,0.0346127,0.000346127,22066
1688.48,0.0344094,0.000344094,22067
1693.45,0.0342076,0.000342076,22068
1698.43,0.0340073,0.000340073,22069
1703.42,0.0338084,0.000338084,22070
1708.42,0.033611,0.000336111,22071
1713.42,0.0334151,0.000334151,22072
1718.42,0.0332207,0.000332207,22073
1723.44,0.0330277,0.000330277,22074
1728.46,0.0328361,0.000328361,22075
1733.48,0.032646,0.00032646,22076
1738.51,0.0324573,0.000324573,22077
1743.55,0.0322701,0.000322701,22078
1748.59,0.0320842,0.000320842,22079
1753.64,0.0318997,0.000318997,22080
1758.7,0.0317166,0.000317166,22081
1763.76,0.031535,0.00031535,22082
1768.82,0.0313547,0.000313547,22083
1773.89,0.0311757,0.000311757,22084
1778.96,0.0309981,0.000309981,22085
1784.04,0.0308219,0.000308219,22086
1789.12,0.030647,0.00030647,22087
1794.21,0.0304735,0.000304735,22088
1799.3,0.0303013,0.000303013,22089
1804.4,0.0301304,0.000301304,22090
1809.5,0.0299608,0.000299608,22091
1814.6,0.0297925,0.000297925,22092
1819.71,0.0296255,0.000296255,22093
1824.82,0.0294598,0.000294598,22094
1829.93,0.0292953,0.000292953,22095
1835.05,0.0291321,0.000291321,22096
1840.17,0.0289702,0.000289702,22097
1845.3,0.0288095,0.000288095,22098
1850.43,0.02865,0.0002865,22099
1855.56,0.0284918,0.000284918,22100
1860.69,0.0283348,0.000283348,22101
1865.83,0.028179,0.00028179,22102
1870.97,0.0280244,0.000280244,22103
1876.11,0.027871,0.00027871,22104
1881.25,0.0277188,0.000277188,22105
1886.4,0.0275677,0.000275677,22106
1891.55,0.0274179,0.000274179,22107
1896.7,0.0272691,0.000272691,22108
1901.85,0.0271215,0.000271215,22109
1907.01,0.0269751,0.000269751,22110
1912.17,0.0268298,0.000268298,22111
1917.33,0.0266856,0.000266856,22112
1922.49,0.0265425,0.000265425,22113
1927.65,0.0264005,0.000264005,22114
1932.82,0.0262596,0.000262596,22115
1937.98,0.0261198,0.000261198,22116
1943.15,0.0259811,0.000259811,22117
1948.32,0.0258434,0.000258434,22118
1953.49,0.0257068,0.000257068,22119
1958.66,0.0255712,0.000255712,22120
1963.83,0.0254367,0.000254367,22121
1969,0.0253032,0.000253032,22122
1974.18,0.0251707,0.000251707,22123
1979.35,0.0250393,0.000250393,22124
1984.53,0.0249088,0.000249088,22125
1989.71,0.0247794,0.000247794,22126
1994.88,0.0246509,0.000246509,22127
2000.06,0.0245235,0.000245235,22128
2005.24,0.024397,0.00024397,22129
2010.42,0.0242714,0.000242714,22130
2015.6,0.0241469,0.000241469,22131
2020.78,0.0240232,0.000240232,22132
2025.96,0.0239005,0.000239005,22133
2031.14,0.0237788,0.000237788,22134
2036.32,0.0236579,0.000236579,22135
2041.5,0.023538,0.00023538,22136
2046.68,0.023419,0.00023419,22137
2051.86,0.0233009,0.000233009,22138
2057.04,0.0231837,0.000231837,22139
2062.22,0.0230674,0.000230674,22140
2067.4,0.0229519,0.000229519,22141
2072.58,0.0228373,0.000228373,22142
2077.76,0.0227236,0.000227236,22143
2082.94,0.0226108,0.000226108,22144
2088.12,0.0224988,0.000224988,22145
2093.3,0.0223876,0.000223876,22146
2098.47,0.0222773,0.000222773,22147
2103.65,0.0221677,0.000221677,22148
2108.83,0.022059,0.00022059,22149
2114,0.0219512,0.000219512,22150
2119.18,0.0218441,0.000218441,22151
2124.35,0.0217378,0.000217378,22152
2129.53,0.0216323,0.000216323,22153
2134.7,0.0215276,0.000215276,22154
2139.87,0.0214237,0.000214237,22155
2145.04,0.0213205,0.000213205,22156
2150.21,0.0212181,0.000212181,22157
2155.38,0.0211165,0.000211165,22158
2160.55,0.0210156,0.000210156,22159
2165.71,0.0209155,0.000209155,22160
2170.88,0.0208161,0.000208161,22161
2176.04,0.0207174,0.000207174,22162
2181.2,0.0206194,0.000206194,22163
2186.36,0.0205222,0.000205222,22164
2191.52,0.0204257,0.000204257,22165
2196.68,0.0203299,0.000203299,22166
2201.84,0.0202348,0.000202348,22167
2206.99,0.0201403,0.000201403,22168
2212.15,0.0200466,0.000200466,22169
2217.3,0.0199535,0.000199535,22170
2222.45,0.0198612,0.000198611,22171
2227.6,0.0197694,0.000197694,22172
2232.75,0.0196784,0.000196784,22173
2237.89,0.019588,0.00019588,22174
2243.04,0.0194982,0.000194982,22175
2248.18,0.0194091,0.000194091,22176
2253.32,0.0193207,0.000193207,22177
2258.46,0.0192329,0.000192329,22178
2263.6,0.0191457,0.000191457,22179
2268.73,0.0190591,0.000190591,22180
2273.87,0.0189732,0.000189732,22181
2279,0.0188878,0.000188878,22182
2284.13,0.0188031,0.000188031,22183
2289.25,0.0187189,0.000187189,22184
2294.38,0.0186354,0.000186354,22185
2299.5,0.0185525,0.000185525,22186
2304.62,0.0184701,0.000184701,22187
2309.74,0.0183883,0.000183883,22188
2314.86,0.0183071,0.000183071,22189
2319.97,0.0182265,0.000182265,22190
2325.09,0.0181464,0.000181464,22191
2330.2,0.0180669,0.000180669,22192
2335.3,0.017988,0.00017988,22193
2340.41,0.0179096,0.000179096,22194
2345.51,0.0178317,0.000178317,22195
2350.61,0.0177544,0.000177544,22196
2355.71,0.0176776,0.000176776,22197
2360.81,0.0176014,0.000176014,22198
2365.9,0.0175257,0.000175257,22199
2371,0.0174505,0.000174505,22200
2376.08,0.0173758,0.000173758,22201
2381.17,0.0173017,0.000173017,22202
2386.26,0.017228,0.00017228,22203
2391.34,0.0171549,0.000171549,22204
2396.42,0.0170822,0.000170822,22205
2401.49,0.0170101,0.000170101,22206
2406.57,0.0169384,0.000169384,22207
2411.64,0.0168673,0.000168673,22208
2416.71,0.0167966,0.000167966,22209
2421.77,0.0167264,0.000167264,22210
2426.84,0.0166566,0.000166566,22211
2431.9,0.0165874,0.000165874,22212
2436.96,0.0165186,0.000165186,22213
2442.01,0.0164503,0.000164503,22214
2447.07,0.0163824,0.000163824,22215
2452.12,0.016315,0.00016315,22216
2457.16,0.016248,0.00016248,22217
2462.21,0.0161815,0.000161815,22218
2467.25,0.0161155,0.000161155,22219
2472.29,0.0160498,0.000160498,22220
2477.33,0.0159846,0.000159846,22221
2482.36,0.0159199,0.000159199,22222
2487.39,0.0158556,0.000158556,22223
2492.42,0.0157917,0.000157917,22224
2497.44,0.0157282,0.000157282,22225
2502.46,0.0156651,0.000156651,22226
2507.48,0.0156025,0.000156025,22227
2512.5,0.0155402,0.000155402,22228
2517.51,0.0154784,0.000154784,22229
2522.52,0.015417,0.00015417,22230
2527.53,0.0153559,0.000153559,22231
2532.53,0.0152953,0.000152953,22232
2537.54,0.0152351,0.000152351,22233
2542.53,0.0151752,0.000151752,22234
2547.53,0.0151158,0.000151158,22235
2552.52,0.0150567,0.000150567,22236
2557.51,0.014998,0.00014998,22237
2562.5,0.0149397,0.000149397,22238
2567.48,0.0148818,0.000148818,22239
2572.46,0.0148242,0.000148242,22240
2577.44,0.014767,0.00014767,22241
2582.41,0.0147102,0.000147102,22242
2587.38,0.0146537,0.000146537,22243
2592.35,0.0145976,0.000145976,22244
2597.32,0.0145418,0.000145418,22245
2602.28,0.0144864,0.000144864,22246
2607.24,0.0144314,0.000144314,22247
2612.19,0.0143767,0.000143767,22248
2617.14,0.0143223,0.000143223,22249
2622.09,0.0142683,0.000142683,22250
2627.04,0.0142147,0.000142147,22251
2631.98,0.0141613,0.000141613,22252
2636.92,0.0141083,0.000141083,22253
2641.86,0.0140556,0.000140556,22254
2646.79,0.0140033,0.000140033,22255
2651.72,0.0139513,0.000139513,22256
2656.65,0.0138996,0.000138996,22257
2661.57,0.0138482,0.000138482,22258
2666.49,0.0137972,0.000137972,22259
2671.41,0.0137464,0.000137464,22260
2676.32,0.013696,0.00013696,22261
2681.23,0.0136459,0.000136459,22262
2686.14,0.0135961,0.000135961,22263
2691.04,0.0135465,0.000135465,22264
2695.94,0.0134973,0.000134973,22265
2700.84,0.0134484,0.000134484,22266
2705.73,0.0133998,0.000133998,22267
2710.62,0.0133515,0.000133515,22268
2715.51,0.0133035,0.000133035,22269
2720.39,0.0132558,0.000132558,22270
2725.27,0.0132084,0.000132084,22271
2730.15,0.0131612,0.000131612,22272
2735.02,0.0131143,0.000131143,22273
2739.89,0.0130678,0.000130678,22274
2744.76,0.0130215,0.000130215,22275
2749.62,0.0129754,0.000129754,22276
2754.49,0.0129297,0.000129297,22277
2759.34,0.0128842,0.000128842,22278
2764.2,0.012839,0.00012839,22279
2769.05,0.0127941,0.000127941,22280
2773.89,0.0127494,0.000127494,22281
2778.74,0.012705,0.00012705,22282
2783.58,0.0126608,0.000126608,22283
2788.41,0.012617,0.00012617,22284
2793.25,0.0125733,0.000125733,22285
2798.08,0.01253,0.0001253,22286
2802.9,0.0124869,0.000124869,22287
2807.73,0.012444,0.00012444,22288
2812.55,0.0124014,0.000124014,22289
2817.36,0.012359,0.00012359,22290
2822.17,0.0123169,0.000123169,22291
2826.98,0.012275,0.00012275,22292
2831.79,0.0122334,0.000122334,22293
2836.59,0.012192,0.00012192,22294
2841.39,0.0121509,0.000121509,22295
2846.19,0.01211,0.0001211,22296
2850.98,0.0120693,0.000120693,22297
2855.77,0.0120288,0.000120288,22298
2860.55,0.0119886,0.000119886,22299
2865.33,0.0119487,0.000119487,22300
2870.11,0.0119089,0.000119089,22301
2874.89,0.0118694,0.000118694,22302
2879.66,0.0118301,0.000118301,22303
2884.42,0.011791,0.00011791,22304
2889.19,0.0117521,0.000117521,22305
2893.95,0.0117135,0.000117135,22306
2898.71,0.0116751,0.000116751,22307
2903.46,0.0116369,0.000116369,22308
2908.21,0.0115989,0.000115989,22309
2912.96,0.0115611,0.000115611,22310
2917.7,0.0115236,0.000115236,22311
2922.44,0.0114862,0.000114862,22312
2927.18,0.0114491,0.000114491,22313
2931.91,0.0114121,0.000114121,22314
2936.64,0.0113754,0.000113754,22315
2941.37,0.0113389,0.000113389,22316
2946.09,0.0113026,0.000113026,22317
2950.81,0.0112664,0.000112664,22318
2955.52,0.0112305,0.000112305,22319
2960.24,0.0111948,0.000111948,22320
2964.94,0.0111593,0.000111593,22321
2969.65,0.0111239,0.000111239,22322
2974.35,0.0110888,0.000110888,22323
2979.05,0.0110539,0.000110539,22324
2983.74,0.0110191,0.000110191,22325
2988.43,0.0109845,0.000109845,22326
2993.12,0.0109502,0.000109502,22327
2997.81,0.010916,0.00010916,22328
3002.49,0.010882,0.00010882,22329
3007.16,0.0108481,0.000108481,22330
3011.84,0.0108145,0.000108145,22331
3016.51,0.010781,0.00010781,22332
3021.17,0.0107478,0.000107478,22333
3025.84,0.0107147,0.000107147,22334
3030.5,0.0106817,0.000106817,22335
3035.15,0.010649,0.00010649,22336
3039.8,0.0106164,0.000106164,22337
3044.45,0.010584,0.00010584,22338
3049.1,0.0105518,0.000105518,22339
3053.74,0.0105197,0.000105197,22340
3058.38,0.0104879,0.000104879,22341
3063.01,0.0104561,0.000104561,22342
3067.64,0.0104246,0.000104246,22343
3072.27,0.0103932,0.000103932,22344
3076.9,0.010362,0.00010362,22345
3081.52,0.0103309,0.000103309,22346
3086.13,0.0103001,0.000103001,22347
3090.75,0.0102693,0.000102693,22348
3095.36,0.0102388,0.000102388,22349
3099.96,0.0102084,0.000102084,22350
3104.57,0.0101781,0.000101781,22351
3109.17,0.010148,0.00010148,22352
3113.76,0.0101181,0.000101181,22353
3118.35,0.0100883,0.000100883,22354
3122.94,0.0100587,0.000100587,22355
3127.53,0.0100292,0.000100292,22356
3132.11,0.00999987,9.99987e-05,22357
3136.69,0.0099707,9.9707e-05,22358
3141.27,0.00994168,9.94168e-05,22359
3145.84,0.00991281,9.91281e-05,22360
3150.4,0.00988408,9.88408e-05,22361
3154.97,0.0098555,9.8555e-05,22362
3159.53,0.00982707,9.82707e-05,22363
3164.09,0.00979878,9.79878e-05,22364
3168.64,0.00977063,9.77063e-05,22365
3173.19,0.00974263,9.74263e-05,22366
3177.74,0.00971477,9.71477e-05,22367
3182.28,0.00968705,9.68705e-05,22368
3186.82,0.00965947,9.65947e-05,22369
3191.36,0.00963203,9.63203e-05,22370
3195.89,0.00960472,9.60472e-05,22371
3200.42,0.00957756,9.57756e-05,22372
3204.95,0.00955052,9.55052e-05,22373
3209.47,0.00952362,9.52362e-05,22374
3213.99,0.00949686,9.49686e-05,22375
3218.51,0.00947023,9.47023e-05,22376
3223.02,0.00944373,9.44373e-05,22377
3227.53,0.00941737,9.41737e-05,22378
3232.03,0.00939113,9.39114e-05,22379
3236.53,0.00936503,9.36503e-05,22380
3241.03,0.00933905,9.33905e-05,22381
3245.53,0.0093132,9.3132e-05,22382
3250.02,0.00928748,9.28748e-05,22383
3254.5,0.00926189,9.26189e-05,22384
3258.99,0.00923642,9.23642e-05,22385
3263.47,0.00921107,9.21107e-05,22386
3267.95,0.00918585,9.18585e-05,22387
3272.42,0.00916075,9.16075e-05,22388
3276.89,0.00913577,9.13577e-05,22389
3281.36,0.00911092,9.11092e-05,22390
3285.82,0.00908619,9.08619e-05,22391
3290.28,0.00906157,9.06157e-05,22392
3294.74,0.00903708,9.03708e-05,22393
3299.19,0.0090127,9.0127e-05,22394
3303.64,0.00898844,8.98844e-05,22395
3308.08,0.00896429,8.96429e-05,22396
3312.53,0.00894026,8.94026e-05,22397
3316.97,0.00891635,8.91635e-05,22398
3321.4,0.00889255,8.89255e-05,22399
3325.83,0.00886887,8.86887e-05,22400
3330.26,0.00884529,8.84529e-05,22401
3334.69,0.00882183,8.82183e-05,22402
3339.11,0.00879848,8.79849e-05,22403
3343.53,0.00877525,8.77525e-05,22404
3347.94,0.00875212,8.75212e-05,22405
3352.35,0.0087291,8.7291e-05,22406
3356.76,0.00870619,8.70619e-05,22407
3361.17,0.00868339,8.68339e-05,22408
3365.57,0.00866069,8.66069e-05,22409
3369.96,0.0086381,8.6381e-05,22410
3374.36,0.00861562,8.61562e-05,22411
3378.75,0.00859324,8.59325e-05,22412
3383.14,0.00857097,8.57097e-05,22413
3387.52,0.0085488,8.5488e-05,22414
3391.9,0.00852673,8.52673e-05,22415
3396.28,0.00850477,8.50477e-05,22416
3400.65,0.00848291,8.48291e-05,22417
3405.02,0.00846115,8.46115e-05,22418
3409.39,0.00843949,8.43949e-05,22419
3413.75,0.00841793,8.41793e-05,22420
3418.11,0.00839647,8.39646e-05,22421
3422.47,0.0083751,8.3751e-05,22422
3426.82,0.00835384,8.35384e-05,22423
3431.17,0.00833267,8.33267e-05,22424
3435.52,0.0083116,8.3116e-05,22425
3439.86,0.00829063,8.29063e-05,22426
3444.2,0.00826975,8.26975e-05,22427
3448.54,0.00824896,8.24896e-05,22428
3452.87,0.00822828,8.22828e-05,22429
3457.2,0.00820768,8.20768e-05,22430
3461.52,0.00818718,8.18718e-05,22431
3465.85,0.00816677,8.16677e-05,22432
3470.17,0.00814645,8.14645e-05,22433
3474.48,0.00812623,8.12623e-05,22434
3478.79,0.00810609,8.10609e-05,22435
3483.1,0.00808605,8.08605e-05,22436
3487.41,0.00806609,8.06609e-05,22437
3491.71,0.00804623,8.04623e-05,22438
3496.01,0.00802645,8.02645e-05,22439
3500.31,0.00800676,8.00676e-05,22440
3504.6,0.00798716,7.98716e-05,22441
3508.89,0.00796765,7.96765e-05,22442
3513.17,0.00794822,7.94822e-05,22443
3517.45,0.00792888,7.92888e-05,22444
3521.73,0.00790963,7.90963e-05,22445
3526.01,0.00789046,7.89046e-05,22446
3530.28,0.00787137,7.87137e-05,22447
3534.55,0.00785237,7.85237e-05,22448
3538.82,0.00783345,7.83345e-05,22449
3543.08,0.00781462,7.81462e-05,22450
3547.34,0.00779586,7.79586e-05,22451
3551.59,0.00777719,7.77719e-05,22452
3555.84,0.00775861,7.75861e-05,22453
3560.09,0.0077401,7.7401e-05,22454
3564.34,0.00772167,7.72167e-05,22455
3568.58,0.00770333,7.70333e-05,22456
3572.82,0.00768506,7.68506e-05,22457
3577.05,0.00766687,7.66687e-05,22458
3581.29,0.00764876,7.64876e-05,22459
3585.51,0.00763073,7.63073e-05,22460
3589.74,0.00761277,7.61278e-05,22461
3593.96,0.0075949,7.5949e-05,22462
3598.18,0.0075771,7.5771e-05,22463
3602.4,0.00755938,7.55938e-05,22464
3606.61,0.00754173,7.54173e-05,22465
3610.82,0.00752416,7.52416e-05,22466
3615.02,0.00750666,7.50666e-05,22467
3619.23,0.00748924,7.48924e-05,22468
3623.42,0.00747189,7.47189e-05,22469
3627.62,0.00745462,7.45462e-05,22470
3631.81,0.00743742,7.43742e-05,22471
3636,0.00742029,7.42029e-05,22472
3640.19,0.00740324,7.40324e-05,22473
3644.37,0.00738625,7.38625e-05,22474
3648.55,0.00736934,7.36934e-05,22475
3652.73,0.0073525,7.3525e-05,22476
3656.9,0.00733573,7.33573e-05,22477
3661.07,0.00731903,7.31903e-05,22478
3665.23,0.0073024,7.3024e-05,22479
3669.4,0.00728584,7.28584e-05,22480
3673.56,0.00726935,7.26935e-05,22481
3677.71,0.00725293,7.25293e-05,22482
3681.87,0.00723657,7.23657e-05,22483
3686.02,0.00722029,7.22029e-05,22484
3690.16,0.00720407,7.20407e-05,22485
3694.31,0.00718792,7.18792e-05,22486
3698.45,0.00717183,7.17184e-05,22487
3702.58,0.00715582,7.15582e-05,22488
3706.72,0.00713987,7.13987e-05,22489
3710.85,0.00712398,7.12398e-05,22490
3714.98,0.00710816,7.10816e-05,22491
3719.1,0.00709241,7.09241e-05,22492
3723.22,0.00707671,7.07671e-05,22493
3727.34,0.00706109,7.06109e-05,22494
3731.45,0.00704552,7.04552e-05,22495
3735.56,0.00703003,7.03003e-05,22496
3739.67,0.00701459,7.01459e-05,22497
3743.78,0.00699922,6.99922e-05,22498
3747.88,0.00698391,6.98391e-05,22499
3751.98,0.00696866,6.96866e-05,22500
3756.07,0.00695347,6.95347e-05,22501
3760.16,0.00693835,6.93835e-05,22502
3764.25,0.00692328,6.92328e-05,22503
3768.34,0.00690828,6.90828e-05,22504
3772.42,0.00689333,6.89333e-05,22505
3776.5,0.00687845,6.87845e-05,22506
3780.57,0.00686363,6.86363e-05,22507
3784.65,0.00684886,6.84886e-05,22508
3788.72,0.00683416,6.83416e-05,22509
3792.78,0.00681951,6.81951e-05,22510
3796.85,0.00680492,6.80492e-05,22511
3800.91,0.00679039,6.79039e-05,22512
3804.96,0.00677592,6.77592e-05,22513
3809.02,0.0067615,6.7615e-05,22514
3813.07,0.00674715,6.74715e-05,22515
3817.11,0.00673284,6.73285e-05,22516
3821.16,0.0067186,6.7186e-05,22517
3825.2,0.00670441,6.70441e-05,22518
3829.24,0.00669028,6.69028e-05,22519
3833.27,0.00667621,6.67621e-05,22520
3837.3,0.00666218,6.66218e-05,22521
3841.33,0.00664822,6.64822e-05,22522
3845.36,0.00663431,6.63431e-05,22523
3849.38,0.00662045,6.62045e-05,22524
3853.4,0.00660665,6.60665e-05,22525
3857.41,0.0065929,6.5929e-05,22526
3861.43,0.0065792,6.5792e-05,22527
3865.44,0.00656556,6.56556e-05,22528
3869.44,0.00655197,6.55197e-05,22529
3873.45,0.00653844,6.53843e-05,22530
3877.45,0.00652495,6.52495e-05,22531
3881.44,0.00651152,6.51152e-05,22532
3885.44,0.00649814,6.49814e-05,22533
3889.43,0.00648481,6.48481e-05,22534
3893.42,0.00647153,6.47153e-05,22535
3897.4,0.00645831,6.45831e-05,22536
3901.38,0.00644513,6.44513e-05,22537
3905.36,0.00643201,6.43201e-05,22538
3909.34,0.00641893,6.41893e-05,22539
3913.31,0.00640591,6.40591e-05,22540
3917.28,0.00639293,6.39293e-05,22541
3921.24,0.00638001,6.38001e-05,22542
3925.21,0.00636713,6.36713e-05,22543
3929.17,0.0063543,6.3543e-05,22544
3933.12,0.00634152,6.34152e-05,22545
3937.08,0.00632879,6.32879e-05,22546
3941.03,0.00631611,6.31611e-05,22547
3944.98,0.00630348,6.30348e-05,22548
3948.92,0.00629089,6.29089e-05,22549
3952.86,0.00627835,6.27835e-05,22550
3956.8,0.00626586,6.26586e-05,22551
3960.74,0.00625341,6.25341e-05,22552
3964.67,0.00624102,6.24102e-05,22553
3968.6,0.00622866,6.22866e-05,22554
3972.52,0.00621636,6.21636e-05,22555
3976.45,0.0062041,6.2041e-05,22556
3980.37,0.00619188,6.19188e-05,22557
3984.28,0.00617971,6.17971e-05,22558
3988.2,0.00616759,6.16759e-05,22559
3992.11,0.00615551,6.15551e-05,22560
3996.02,0.00614348,6.14348e-05,22561
3999.92,0.00613149,6.13149e-05,22562
4003.82,0.00611954,6.11954e-05,22563
4007.72,0.00610764,6.10764e-05,22564
4011.62,0.00609579,6.09579e-05,22565
4015.51,0.00608397,6.08397e-05,22566
4019.4,0.0060722,6.0722e-05,22567
4023.29,0.00606047,6.06047e-05,22568
4027.17,0.00604879,6.04879e-05,22569
4031.05,0.00603715,6.03715e-05,22570
4034.93,0.00602555,6.02555e-05,22571
4038.81,0.006014,6.014e-05,22572
4042.68,0.00600248,6.00248e-05,22573
4046.55,0.00599101,5.99101e-05,22574
4050.41,0.00597958,5.97958e-05,22575
4054.27,0.00596819,5.96819e-05,22576
4058.13,0.00595684,5.95684e-05,22577
4061.99,0.00594554,5.94554e-05,22578
4065.84,0.00593427,5.93427e-05,22579
4069.7,0.00592305,5.92305e-05,22580
4073.54,0.00591186,5.91186e-05,22581
4077.39,0.00590072,5.90072e-05,22582
4081.23,0.00588961,5.88961e-05,22583
4085.07,0.00587855,5.87855e-05,22584
4088.9,0.00586753,5.86753e-05,22585
4092.74,0.00585654,5.85654e-05,22586
4096.57,0.00584559,5.84559e-05,22587
4100.4,0.00583469,5.83469e-05,22588
4104.22,0.00582382,5.82382e-05,22589
4108.04,0.00581299,5.81299e-05,22590
4111.86,0.0058022,5.8022e-05,22591
4115.67,0.00579145,5.79145e-05,22592
4119.49,0.00578073,5.78073e-05,22593
4123.3,0.00577006,5.77006e-05,22594
4127.1,0.00575942,5.75942e-05,22595
4130.91,0.00574882,5.74882e-05,22596
4134.71,0.00573825,5.73825e-05,22597
4138.5,0.00572773,5.72773e-05,22598
4142.3,0.00571724,5.71724e-05,22599
4146.09,0.00570678,5.70678e-05,22600
4149.88,0.00569637,5.69637e-05,22601
4153.67,0.00568599,5.68599e-05,22602
4157.45,0.00567565,5.67565e-05,22603
4161.23,0.00566534,5.66534e-05,22604
4165.01,0.00565507,5.65507e-05,22605
4168.78,0.00564483,5.64483e-05,22606
4172.55,0.00563463,5.63463e-05,22607
4176.32,0.00562447,5.62447e-05,22608
4180.09,0.00561434,5.61434e-05,22609
4183.85,0.00560425,5.60425e-05,22610
4187.61,0.00559419,5.59419e-05,22611
4191.36,0.00558416,5.58416e-05,22612
4195.12,0.00557417,5.57417e-05,22613
4198.87,0.00556422,5.56422e-05,22614
4202.62,0.0055543,5.5543e-05,22615
4206.36,0.00554441,5.54441e-05,22616
4210.11,0.00553456,5.53456e-05,22617
4213.85,0.00552474,5.52474e-05,22618
4217.58,0.00551495,5.51495e-05,22619
4221.32,0.0055052,5.5052e-05,22620
4225.05,0.00549548,5.49548e-05,22621
4228.78,0.0054858,5.4858e-05,22622
4232.5,0.00547614,5.47614e-05,22623
4236.22,0.00546653,5.46653e-05,22624
4239.94,0.00545694,5.45694e-05,22625
4243.66,0.00544738,5.44738e-05,22626
4247.37,0.00543786,5.43786e-05,22627
4251.08,0.00542837,5.42837e-05,22628
4254.79,0.00541891,5.41891e-05,22629
4258.5,0.00540949,5.40949e-05,22630
4262.2,0.00540009,5.40009e-05,22631
4265.9,0.00539073,5.39073e-05,22632
4269.6,0.0053814,5.3814e-05,22633
4273.29,0.0053721,5.3721e-05,22634
4276.98,0.00536283,5.36283e-05,22635
4280.67,0.0053536,5.3536e-05,22636
4284.36,0.00534439,5.34439e-05,22637
4288.04,0.00533521,5.33521e-05,22638
4291.72,0.00532607,5.32607e-05,22639
4295.39,0.00531695,5.31695e-05,22640
4299.07,0.00530787,5.30787e-05,22641
4302.74,0.00529881,5.29881e-05,22642
4306.41,0.00528979,5.28979e-05,22643
4310.08,0.0052808,5.2808e-05,22644
4313.74,0.00527183,5.27183e-05,22645
4317.4,0.0052629,5.2629e-05,22646
4321.06,0.00525399,5.25399e-05,22647
4324.71,0.00524512,5.24512e-05,22648
4328.36,0.00523627,5.23627e-05,22649
4332.01,0.00522745,5.22745e-05,22650
4335.66,0.00521866,5.21866e-05,22651
4339.3,0.0052099,5.2099e-05,22652
4342.94,0.00520117,5.20117e-05,22653
4346.58,0.00519247,5.19247e-05,22654
4350.21,0.0051838,5.1838e-05,22655
4353.85,0.00517515,5.17515e-05,22656
4357.48,0.00516653,5.16653e-05,22657
4361.1,0.00515794,5.15794e-05,22658
4364.73,0.00514938,5.14938e-05,22659
4368.35,0.00514085,5.14085e-05,22660
4371.97,0.00513234,5.13234e-05,22661
4375.58,0.00512386,5.12386e-05,22662
4379.19,0.00511541,5.11541e-05,22663
4382.8,0.00510699,5.10699e-05,22664
4386.41,0.00509859,5.09859e-05,22665
4390.02,0.00509022,5.09022e-05,22666
4393.62,0.00508188,5.08188e-05,22667
4397.22,0.00507357,5.07357e-05,22668
4400.81,0.00506528,5.06528e-05,22669
4404.41,0.00505702,5.05702e-05,22670
4408,0.00504878,5.04878e-05,22671
4411.59,0.00504057,5.04057e-05,22672
4415.17,0.00503239,5.03239e-05,22673
4418.75,0.00502423,5.02423e-05,22674
4422.33,0.0050161,5.0161e-05,22675
4425.91,0.00500799,5.00799e-05,22676
4429.49,0.00499991,4.99991e-05,22677
4433.06,0.00499186,4.99186e-05,22678
4436.63,0.00498383,4.98383e-05,22679
4440.19,0.00497583,4.97583e-05,22680
4443.76,0.00496785,4.96785e-05,22681
4447.32,0.0049599,4.9599e-05,22682
4450.88,0.00495197,4.95197e-05,22683
4454.43,0.00494407,4.94407e-05,22684
4457.98,0.00493619,4.93619e-05,22685
4461.53,0.00492834,4.92834e-05,22686
4465.08,0.00492051,4.92051e-05,22687
4468.63,0.00491271,4.91271e-05,22688
4472.17,0.00490493,4.90493e-05,22689
4475.71,0.00489717,4.89717e-05,22690
4479.25,0.00488944,4.88944e-05,22691
4482.78,0.00488174,4.88174e-05,22692
4486.31,0.00487405,4.87405e-05,22693
4489.84,0.0048664,4.8664e-05,22694
4493.36,0.00485876,4.85876e-05,22695
4496.89,0.00485115,4.85115e-05,22696
4500.41,0.00484357,4.84357e-05,22697
4503.93,0.004836,4.836e-05,22698
4507.44,0.00482846,4.82846e-05,22699
4510.95,0.00482095,4.82095e-05,22700
4514.46,0.00481345,4.81345e-05,22701
4517.97,0.00480598,4.80598e-05,22702
4521.48,0.00479853,4.79853e-05,22703
4524.98,0.00479111,4.79111e-05,22704
4528.48,0.00478371,4.78371e-05,22705
4531.97,0.00477633,4.77633e-05,22706
4535.47,0.00476897,4.76897e-05,22707
4538.96,0.00476164,4.76164e-05,22708
4542.45,0.00475433,4.75433e-05,22709
4545.93,0.00474704,4.74704e-05,22710
4549.42,0.00473977,4.73977e-05,22711
4552.9,0.00473253,4.73253e-05,22712
4556.38,0.0047253,4.7253e-05,22713
4559.85,0.0047181,4.7181e-05,22714
4563.33,0.00471092,4.71092e-05,22715
4566.8,0.00470377,4.70377e-05,22716
4570.26,0.00469663,4.69663e-05,22717
4573.73,0.00468952,4.68952e-05,22718
4577.19,0.00468243,4.68243e-05,22719
4580.65,0.00467536,4.67536e-05,22720
4584.11,0.00466831,4.66831e-05,22721
4587.56,0.00466128,4.66128e-05,22722
4591.01,0.00465427,4.65427e-05,22723
4594.46,0.00464729,4.64729e-05,22724
4597.91,0.00464032,4.64032e-05,22725
4601.35,0.00463338,4.63338e-05,22726
4604.8,0.00462645,4.62645e-05,22727
4608.23,0.00461955,4.61955e-05,22728
4611.67,0.00461267,4.61267e-05,22729
4615.1,0.00460581,4.60581e-05,22730
4618.54,0.00459897,4.59897e-05,22731
4621.96,0.00459215,4.59215e-05,22732
4625.39,0.00458535,4.58535e-05,22733
4628.81,0.00457857,4.57857e-05,22734
4632.23,0.00457181,4.57181e-05,22735
4635.65,0.00456507,4.56507e-05,22736
4639.07,0.00455835,4.55835e-05,22737
4642.48,0.00455165,4.55165e-05,22738
4645.89,0.00454497,4.54497e-05,22739
4649.3,0.00453831,4.53831e-05,22740
4652.71,0.00453167,4.53167e-05,22741
4656.11,0.00452505,4.52505e-05,22742
4659.51,0.00451844,4.51844e-05,22743
4662.91,0.00451186,4.51186e-05,22744
4666.3,0.0045053,4.5053e-05,22745
4669.69,0.00449875,4.49875e-05,22746
4673.08,0.00449223,4.49223e-05,22747
4676.47,0.00448572,4.48572e-05,22748
4679.86,0.00447924,4.47924e-05,22749
4683.24,0.00447277,4.47277e-05,22750
4686.62,0.00446632,4.46632e-05,22751
4690,0.00445989,4.45989e-05,22752
4693.37,0.00445348,4.45348e-05,22753
4696.74,0.00444709,4.44709e-05,22754
4700.11,0.00444071,4.44071e-05,22755
4703.48,0.00443436,4.43436e-05,22756
4706.84,0.00442802,4.42802e-05,22757
4710.21,0.0044217,4.4217e-05,22758
4713.56,0.0044154,4.4154e-05,22759
4716.92,0.00440912,4.40912e-05,22760
4720.28,0.00440285,4.40285e-05,22761
4723.63,0.00439661,4.39661e-05,22762
4726.98,0.00439038,4.39038e-05,22763
4730.32,0.00438417,4.38417e-05,22764
4733.67,0.00437798,4.37798e-05,22765
4737.01,0.0043718,4.3718e-05,22766
4740.35,0.00436564,4.36564e-05,22767
4743.69,0.0043595,4.3595e-05,22768
4747.02,0.00435338,4.35338e-05,22769
4750.35,0.00434728,4.34728e-05,22770
4753.68,0.00434119,4.34119e-05,22771
4757.01,0.00433512,4.33512e-05,22772
4760.33,0.00432907,4.32907e-05,22773
4763.65,0.00432303,4.32303e-05,22774
4766.97,0.00431701,4.31701e-05,22775
4770.29,0.00431101,4.31101e-05,22776
4773.61,0.00430503,4.30503e-05,22777
4776.92,0.00429906,4.29906e-05,22778
4780.23,0.00429311,4.29311e-05,22779
4783.53,0.00428718,4.28718e-05,22780
4786.84,0.00428126,4.28126e-05,22781
4790.14,0.00427536,4.27536e-05,22782
4793.44,0.00426948,4.26948e-05,22783
4796.74,0.00426361,4.26361e-05,22784
4800.03,0.00425776,4.25776e-05,22785
4803.32,0.00425192,4.25192e-05,22786
4806.61,0.00424611,4.24611e-05,22787
4809.9,0.0042403,4.2403e-05,22788
4813.18,0.00423452,4.23452e-05,22789
4816.47,0.00422875,4.22875e-05,22790
4819.75,0.004223,4.223e-05,22791
4823.02,0.00421726,4.21726e-05,22792
4826.3,0.00421154,4.21154e-05,22793
4829.57,0.00420583,4.20583e-05,22794
4832.84,0.00420014,4.20014e-05,22795
4836.11,0.00419447,4.19447e-05,22796
4839.37,0.00418881,4.18881e-05,22797
4842.64,0.00418317,4.18317e-05,22798
4845.9,0.00417754,4.17754e-05,22799
4849.16,0.00417193,4.17193e-05,22800
4852.41,0.00416633,4.16633e-05,22801
4855.66,0.00416075,4.16075e-05,22802
4858.91,0.00415519,4.15519e-05,22803
4862.16,0.00414964,4.14964e-05,22804
4865.41,0.0041441,4.1441e-05,22805
4868.65,0.00413858,4.13858e-05,22806
4871.89,0.00413308,4.13308e-05,22807
4875.13,0.00412759,4.12759e-05,22808
4878.36,0.00412212,4.12212e-05,22809
4881.6,0.00411666,4.11666e-05,22810
4884.83,0.00411122,4.11122e-05,22811
4888.06,0.00410579,4.10579e-05,22812
4891.28,0.00410037,4.10037e-05,22813
4894.51,0.00409497,4.09497e-05,22814
4897.73,0.00408959,4.08959e-05,22815
4900.95,0.00408422,4.08422e-05,22816
4904.16,0.00407886,4.07886e-05,22817
4907.38,0.00407352,4.07352e-05,22818
4910.59,0.00406819,4.06819e-05,22819
4913.8,0.00406288,4.06288e-05,22820
4917.01,0.00405758,4.05758e-05,22821
4920.21,0.0040523,4.0523e-05,22822
4923.41,0.00404703,4.04703e-05,22823
4926.61,0.00404178,4.04178e-05,22824
4929.81,0.00403653,4.03653e-05,22825
4933,0.00403131,4.03131e-05,22826
4936.2,0.00402609,4.02609e-05,22827
4939.39,0.00402089,4.02089e-05,22828
4942.58,0.00401571,4.01571e-05,22829
4945.76,0.00401054,4.01054e-05,22830
4948.94,0.00400538,4.00538e-05,22831
4952.12,0.00400024,4.00024e-05,22832
4955.3,0.00399511,3.99511e-05,22833
4958.48,0.00398999,3.98999e-05,22834
4961.65,0.00398489,3.98489e-05,22835
4964.82,0.0039798,3.9798e-05,22836
4967.99,0.00397472,3.97472e-05,22837
4971.16,0.00396966,3.96966e-05,22838
4974.32,0.00396461,3.96461e-05,22839
4977.49,0.00395958,3.95958e-05,22840
4980.64,0.00395456,3.95456e-05,22841
4983.8,0.00394955,3.94955e-05,22842
4986.96,0.00394455,3.94455e-05,22843
4990.11,0.00393957,3.93957e-05,22844
4993.26,0.0039346,3.9346e-05,22845
4996.41,0.00392965,3.92965e-05,22846
4999.55,0.0039247,3.9247e-05,22847
5002.69,0.00391977,3.91977e-05,22848
5005.83,0.00391486,3.91486e-05,22849
5008.97,0.00390995,3.90995e-05,22850
5012.11,0.00390506,3.90506e-05,22851
5015.24,0.00390018,3.90018e-05,22852
5018.37,0.00389532,3.89532e-05,22853
5021.5,0.00389047,3.89047e-05,22854
5024.63,0.00388563,3.88563e-05,22855
5027.75,0.0038808,3.8808e-05,22856
5030.88,0.00387598,3.87598e-05,22857
5034,0.00387118,3.87118e-05,22858
5037.11,0.00386639,3.86639e-05,22859
5040.23,0.00386161,3.86161e-05,22860
5043.34,0.00385685,3.85685e-05,22861
5046.45,0.00385209,3.85209e-05,22862
5049.56,0.00384735,3.84735e-05,22863
5052.66,0.00384263,3.84263e-05,22864
5055.77,0.00383791,3.83791e-05,22865
5058.87,0.00383321,3.83321e-05,22866
5061.97,0.00382851,3.82851e-05,22867
5065.06,0.00382384,3.82384e-05,22868
5068.16,0.00381917,3.81917e-05,22869
5071.25,0.00381451,3.81451e-05,22870
5074.34,0.00380987,3.80987e-05,22871
5077.43,0.00380524,3.80524e-05,22872
5080.51,0.00380062,3.80062e-05,22873
5083.59,0.00379601,3.79601e-05,22874
5086.67,0.00379141,3.79141e-05,22875
5089.75,0.00378683,3.78683e-05,22876
5092.83,0.00378226,3.78226e-05,22877
5095.9,0.00377769,3.77769e-05,22878
5098.97,0.00377315,3.77315e-05,22879
5102.04,0.00376861,3.76861e-05,22880
5105.11,0.00376408,3.76408e-05,22881
5108.17,0.00375957,3.75957e-05,22882
5111.24,0.00375506,3.75506e-05,22883
5114.3,0.00375057,3.75057e-05,22884
5117.35,0.00374609,3.74609e-05,22885
5120.41,0.00374162,3.74162e-05,22886
5123.46,0.00373716,3.73716e-05,22887
5126.51,0.00373271,3.73272e-05,22888
5129.56,0.00372828,3.72828e-05,22889
5132.61,0.00372386,3.72385e-05,22890
5135.65,0.00371944,3.71944e-05,22891
5138.69,0.00371504,3.71504e-05,22892
5141.73,0.00371065,3.71065e-05,22893
5144.77,0.00370627,3.70627e-05,22894
5147.81,0.0037019,3.7019e-05,22895
5150.84,0.00369754,3.69754e-05,22896
5153.87,0.0036932,3.6932e-05,22897
5156.9,0.00368886,3.68886e-05,22898
5159.92,0.00368453,3.68453e-05,22899
5162.95,0.00368022,3.68022e-05,22900
5165.97,0.00367592,3.67592e-05,22901
5168.99,0.00367162,3.67162e-05,22902
5172,0.00366734,3.66734e-05,22903
5175.02,0.00366307,3.66307e-05,22904
5178.03,0.00365881,3.65881e-05,22905
5181.04,0.00365456,3.65456e-05,22906
5184.05,0.00365032,3.65032e-05,22907
5187.06,0.00364609,3.64609e-05,22908
5190.06,0.00364187,3.64187e-05,22909
5193.06,0.00363766,3.63766e-05,22910
5196.06,0.00363346,3.63346e-05,22911
5199.06,0.00362928,3.62928e-05,22912
5202.05,0.0036251,3.6251e-05,22913
5205.04,0.00362093,3.62093e-05,22914
5208.03,0.00361678,3.61678e-05,22915
5211.02,0.00361263,3.61263e-05,22916
5214.01,0.00360849,3.60849e-05,22917
5216.99,0.00360437,3.60437e-05,22918
5219.97,0.00360025,3.60025e-05,22919
5222.95,0.00359615,3.59615e-05,22920
5225.93,0.00359205,3.59205e-05,22921
5228.9,0.00358796,3.58796e-05,22922
5231.87,0.00358389,3.58389e-05,22923
5234.84,0.00357982,3.57982e-05,22924
5237.81,0.00357577,3.57577e-05,22925
5240.78,0.00357172,3.57172e-05,22926
5243.74,0.00356768,3.56768e-05,22927
5246.7,0.00356366,3.56366e-05,22928
5249.66,0.00355964,3.55964e-05,22929
5252.62,0.00355563,3.55563e-05,22930
5255.57,0.00355164,3.55164e-05,22931
5258.53,0.00354765,3.54765e-05,22932
5261.48,0.00354367,3.54367e-05,22933
5264.43,0.0035397,3.5397e-05,22934
5267.37,0.00353575,3.53575e-05,22935
5270.32,0.0035318,3.5318e-05,22936
5273.26,0.00352786,3.52786e-05,22937
5276.2,0.00352393,3.52393e-05,22938
5279.13,0.00352001,3.52001e-05,22939
5282.07,0.0035161,3.5161e-05,22940
5285,0.00351219,3.51219e-05,22941
5287.93,0.0035083,3.5083e-05,22942
5290.86,0.00350442,3.50442e-05,22943
5293.79,0.00350055,3.50055e-05,22944
5296.71,0.00349668,3.49668e-05,22945
5299.64,0.00349283,3.49283e-05,22946
5302.56,0.00348898,3.48898e-05,22947
5305.47,0.00348514,3.48514e-05,22948
5308.39,0.00348132,3.48132e-05,22949
5311.3,0.0034775,3.4775e-05,22950
5314.21,0.00347369,3.47369e-05,22951
5317.12,0.00346989,3.46989e-05,22952
5320.03,0.0034661,3.4661e-05,22953
5322.93,0.00346232,3.46232e-05,22954
5325.84,0.00345854,3.45854e-05,22955
5328.74,0.00345478,3.45478e-05,22956
5331.64,0.00345102,3.45102e-05,22957
5334.53,0.00344728,3.44728e-05,22958
5337.43,0.00344354,3.44354e-05,22959
5340.32,0.00343981,3.43981e-05,22960
5343.21,0.00343609,3.43609e-05,22961
5346.1,0.00343238,3.43238e-05,22962
5348.98,0.00342868,3.42868e-05,22963
5351.86,0.00342499,3.42499e-05,22964
5354.75,0.0034213,3.4213e-05,22965
5357.63,0.00341762,3.41762e-05,22966
5360.5,0.00341396,3.41396e-05,22967
5363.38,0.0034103,3.4103e-05,22968
5366.25,0.00340665,3.40665e-05,22969
5369.12,0.00340301,3.40301e-05,22970
5371.99,0.00339937,3.39937e-05,22971
5374.85,0.00339575,3.39575e-05,22972
5377.72,0.00339213,3.39213e-05,22973
5380.58,0.00338852,3.38852e-05,22974
5383.44,0.00338493,3.38493e-05,22975
5386.3,0.00338133,3.38133e-05,22976
5389.15,0.00337775,3.37775e-05,22977
5392.01,0.00337418,3.37418e-05,22978
5394.86,0.00337061,3.37061e-05,22979
5397.71,0.00336705,3.36705e-05,22980
5400.56,0.00336351,3.36351e-05,22981
5403.4,0.00335996,3.35996e-05,22982
5406.24,0.00335643,3.35643e-05,22983
5409.09,0.00335291,3.35291e-05,22984
5411.92,0.00334939,3.34939e-05,22985
5414.76,0.00334588,3.34588e-05,22986
5417.59,0.00334238,3.34238e-05,22987
5420.43,0.00333889,3.33889e-05,22988
5423.26,0.0033354,3.3354e-05,22989
5426.09,0.00333193,3.33193e-05,22990
5428.91,0.00332846,3.32846e-05,22991
5431.74,0.003325,3.325e-05,22992
5434.56,0.00332155,3.32155e-05,22993
5437.38,0.0033181,3.3181e-05,22994
5440.2,0.00331467,3.31467e-05,22995
5443.01,0.00331124,3.31124e-05,22996
5445.83,0.00330782,3.30782e-05,22997
5448.64,0.0033044,3.3044e-05,22998
5451.45,0.003301,3.301e-05,22999
5454.25,0.0032976,3.2976e-05,23000
5457.06,0.00329421,3.29421e-05,23001
5459.86,0.00329083,3.29083e-05,23002
5462.66,0.00328746,3.28746e-05,23003
5465.46,0.00328409,3.28409e-05,23004
5468.26,0.00328073,3.28073e-05,23005
5471.06,0.00327738,3.27738e-05,23006
5473.85,0.00327404,3.27404e-05,23007
5476.64,0.0032707,3.2707e-05,23008
5479.43,0.00326737,3.26737e-05,23009
5482.22,0.00326405,3.26405e-05,23010
5485,0.00326074,3.26074e-05,23011
5487.78,0.00325743,3.25743e-05,23012
5490.56,0.00325413,3.25413e-05,23013
5493.34,0.00325084,3.25084e-05,23014
5496.12,0.00324756,3.24756e-05,23015
5498.89,0.00324428,3.24428e-05,23016
5501.66,0.00324101,3.24101e-05,23017
5504.43,0.00323775,3.23775e-05,23018
5507.2,0.0032345,3.2345e-05,23019
5509.97,0.00323125,3.23125e-05,23020
5512.73,0.00322801,3.22801e-05,23021
5515.49,0.00322478,3.22478e-05,23022
5518.25,0.00322156,3.22156e-05,23023
5521.01,0.00321834,3.21834e-05,23024
5523.77,0.00321513,3.21513e-05,23025
5526.52,0.00321193,3.21193e-05,23026
5529.27,0.00320873,3.20873e-05,23027
5532.02,0.00320554,3.20554e-05,23028
5534.77,0.00320236,3.20236e-05,23029
5537.52,0.00319918,3.19918e-05,23030
5540.26,0.00319602,3.19602e-05,23031
5543,0.00319286,3.19286e-05,23032
5545.74,0.0031897,3.1897e-05,23033
5548.48,0.00318656,3.18656e-05,23034
5551.21,0.00318342,3.18342e-05,23035
5553.95,0.00318028,3.18028e-05,23036
5556.68,0.00317716,3.17716e-05,23037
5559.41,0.00317404,3.17404e-05,23038
5562.13,0.00317093,3.17093e-05,23039
5564.86,0.00316782,3.16782e-05,23040
5567.58,0.00316472,3.16472e-05,23041
5570.3,0.00316163,3.16163e-05,23042
5573.02,0.00315855,3.15855e-05,23043
5575.74,0.00315547,3.15547e-05,23044
5578.45,0.0031524,3.1524e-05,23045
5581.17,0.00314934,3.14934e-05,23046
5583.88,0.00314628,3.14628e-05,23047
5586.59,0.00314323,3.14323e-05,23048
5589.29,0.00314018,3.14018e-05,23049
5592,0.00313715,3.13715e-05,23050
5594.7,0.00313412,3.13412e-05,23051
5597.4,0.00313109,3.13109e-05,23052
5600.1,0.00312807,3.12807e-05,23053
5602.8,0.00312506,3.12506e-05,23054
5605.49,0.00312206,3.12206e-05,23055
5608.19,0.00311906,3.11906e-05,23056
5610.88,0.00311607,3.11607e-05,23057
5613.57,0.00311309,3.11309e-05,23058
5616.25,0.00311011,3.11011e-05,23059
5618.94,0.00310714,3.10714e-05,23060
5621.62,0.00310417,3.10417e-05,23061
5624.3,0.00310121,3.10121e-05,23062
5626.98,0.00309826,3.09826e-05,23063
5629.66,0.00309531,3.09531e-05,23064
5632.33,0.00309238,3.09238e-05,23065
5635.01,0.00308944,3.08944e-05,23066
5637.68,0.00308652,3.08652e-05,23067
5640.35,0.00308359,3.08359e-05,23068
5643.01,0.00308068,3.08068e-05,23069
5645.68,0.00307777,3.07777e-05,23070
5648.34,0.00307487,3.07487e-05,23071
5651,0.00307198,3.07198e-05,23072
5653.66,0.00306909,3.06909e-05,23073
5656.32,0.0030662,3.0662e-05,23074
5658.98,0.00306333,3.06333e-05,23075
5661.63,0.00306046,3.06046e-05,23076
5664.28,0.00305759,3.05759e-05,23077
5666.93,0.00305473,3.05473e-05,23078
5669.58,0.00305188,3.05188e-05,23079
5672.22,0.00304904,3.04904e-05,23080
5674.86,0.0030462,3.0462e-05,23081
5677.51,0.00304336,3.04336e-05,23082
5680.15,0.00304054,3.04054e-05,23083
5682.78,0.00303771,3.03771e-05,23084
5685.42,0.0030349,3.0349e-05,23085
5688.05,0.00303209,3.03209e-05,23086
5690.68,0.00302929,3.02929e-05,23087
5693.31,0.00302649,3.02649e-05,23088
5695.94,0.0030237,3.0237e-05,23089
5698.57,0.00302091,3.02091e-05,23090
5701.19,0.00301813,3.01813e-05,23091
5703.81,0.00301536,3.01536e-05,23092
5706.43,0.00301259,3.01259e-05,23093
5709.05,0.00300983,3.00983e-05,23094
5711.66,0.00300707,3.00707e-05,23095
5714.28,0.00300432,3.00432e-05,23096
5716.89,0.00300158,3.00158e-05,23097
5719.5,0.00299884,2.99884e-05,23098
5722.11,0.0029961,2.9961e-05,23099
5724.72,0.00299338,2.99338e-05,23100
5727.32,0.00299065,2.99065e-05,23101
5729.92,0.00298794,2.98794e-05,23102
5732.52,0.00298523,2.98523e-05,23103
5735.12,0.00298252,2.98252e-05,23104
5737.72,0.00297983,2.97983e-05,23105
5740.31,0.00297713,2.97713e-05,23106
5742.9,0.00297444,2.97444e-05,23107
5745.49,0.00297176,2.97176e-05,23108
5748.08,0.00296909,2.96909e-05,23109
5750.67,0.00296642,2.96642e-05,23110
5753.25,0.00296375,2.96375e-05,23111
5755.84,0.00296109,2.96109e-05,23112
5758.42,0.00295844,2.95844e-05,23113
5761,0.00295579,2.95579e-05,23114
5763.57,0.00295315,2.95315e-05,23115
5766.15,0.00295051,2.95051e-05,23116
5768.72,0.00294788,2.94788e-05,23117
5771.29,0.00294525,2.94525e-05,23118
5773.86,0.00294263,2.94263e-05,23119
5776.43,0.00294002,2.94002e-05,23120
5779,0.00293741,2.93741e-05,23121
5781.56,0.0029348,2.9348e-05,23122
5784.12,0.0029322,2.9322e-05,23123
5786.68,0.00292961,2.92961e-05,23124
5789.24,0.00292702,2.92702e-05,23125
5791.8,0.00292444,2.92444e-05,23126
5794.35,0.00292186,2.92186e-05,23127
5796.9,0.00291929,2.91929e-05,23128
5799.45,0.00291672,2.91672e-05,23129
5802,0.00291416,2.91416e-05,23130
5804.55,0.0029116,2.9116e-05,23131
5807.09,0.00290905,2.90905e-05,23132
5809.63,0.00290651,2.90651e-05,23133
5812.18,0.00290397,2.90397e-05,23134
5814.71,0.00290143,2.90143e-05,23135
5817.25,0.0028989,2.8989e-05,23136
5819.79,0.00289638,2.89638e-05,23137
5822.32,0.00289386,2.89386e-05,23138
5824.85,0.00289134,2.89134e-05,23139
5827.38,0.00288883,2.88883e-05,23140
5829.91,0.00288633,2.88633e-05,23141
5832.43,0.00288383,2.88383e-05,23142
5834.96,0.00288134,2.88133e-05,23143
5837.48,0.00287885,2.87885e-05,23144
5840,0.00287636,2.87636e-05,23145
5842.52,0.00287388,2.87388e-05,23146
5845.03,0.00287141,2.87141e-05,23147
5847.55,0.00286894,2.86894e-05,23148
5850.06,0.00286648,2.86648e-05,23149
5852.57,0.00286402,2.86402e-05,23150
5855.08,0.00286157,2.86157e-05,23151
5857.58,0.00285912,2.85912e-05,23152
5860.09,0.00285667,2.85667e-05,23153
5862.59,0.00285423,2.85423e-05,23154
5865.09,0.0028518,2.8518e-05,23155
5867.59,0.00284937,2.84937e-05,23156
5870.09,0.00284695,2.84695e-05,23157
5872.59,0.00284453,2.84453e-05,23158
5875.08,0.00284211,2.84211e-05,23159
5877.57,0.00283971,2.83971e-05,23160
5880.06,0.0028373,2.8373e-05,23161
5882.55,0.0028349,2.8349e-05,23162
5885.03,0.00283251,2.83251e-05,23163
5887.52,0.00283012,2.83012e-05,23164
5890,0.00282773,2.82773e-05,23165
5892.48,0.00282535,2.82535e-05,23166
5894.96,0.00282298,2.82298e-05,23167
5897.44,0.00282061,2.82061e-05,23168
5899.91,0.00281824,2.81824e-05,23169
5902.38,0.00281588,2.81588e-05,23170
5904.86,0.00281352,2.81352e-05,23171
5907.33,0.00281117,2.81117e-05,23172
5909.79,0.00280882,2.80882e-05,23173
5912.26,0.00280648,2.80648e-05,23174
5914.72,0.00280414,2.80414e-05,23175
5917.18,0.00280181,2.80181e-05,23176
5919.64,0.00279948,2.79948e-05,23177
5922.1,0.00279716,2.79716e-05,23178
5924.56,0.00279484,2.79484e-05,23179
5927.01,0.00279253,2.79253e-05,23180
5929.47,0.00279022,2.79022e-05,23181
5931.92,0.00278791,2.78791e-05,23182
5934.37,0.00278561,2.78561e-05,23183
5936.81,0.00278332,2.78331e-05,23184
5939.26,0.00278102,2.78102e-05,23185
5941.7,0.00277874,2.77874e-05,23186
5944.14,0.00277645,2.77645e-05,23187
5946.58,0.00277418,2.77418e-05,23188
5949.02,0.0027719,2.7719e-05,23189
5951.46,0.00276964,2.76964e-05,23190
5953.89,0.00276737,2.76737e-05,23191
5956.32,0.00276511,2.76511e-05,23192
5958.75,0.00276286,2.76286e-05,23193
5961.18,0.0027606,2.7606e-05,23194
5963.61,0.00275836,2.75836e-05,23195
5966.03,0.00275612,2.75612e-05,23196
5968.46,0.00275388,2.75388e-05,23197
5970.88,0.00275165,2.75165e-05,23198
5973.3,0.00274942,2.74942e-05,23199
5975.72,0.00274719,2.74719e-05,23200
5978.13,0.00274497,2.74497e-05,23201
5980.55,0.00274276,2.74276e-05,23202
5982.96,0.00274055,2.74055e-05,23203
5985.37,0.00273834,2.73834e-05,23204
5987.78,0.00273614,2.73614e-05,23205
5990.18,0.00273394,2.73394e-05,23206
5992.59,0.00273174,2.73174e-05,23207
5994.99,0.00272955,2.72955e-05,23208
5997.39,0.00272737,2.72737e-05,23209
5999.79,0.00272519,2.72519e-05,23210
6002.19,0.00272301,2.72301e-05,23211
6004.59,0.00272084,2.72084e-05,23212
6006.98,0.00271867,2.71867e-05,23213
6009.37,0.00271651,2.71651e-05,23214
6011.76,0.00271435,2.71435e-05,23215
6014.15,0.00271219,2.71219e-05,23216
6016.54,0.00271004,2.71004e-05,23217
6018.92,0.00270789,2.70789e-05,23218
6021.31,0.00270575,2.70575e-05,23219
6023.69,0.00270361,2.70361e-05,23220
6026.07,0.00270147,2.70147e-05,23221
6028.45,0.00269934,2.69934e-05,23222
6030.82,0.00269722,2.69722e-05,23223
6033.2,0.0026951,2.6951e-05,23224
6035.57,0.00269298,2.69298e-05,23225
6037.94,0.00269086,2.69086e-05,23226
6040.31,0.00268875,2.68875e-05,23227
6042.67,0.00268665,2.68665e-05,23228
6045.04,0.00268455,2.68455e-05,23229
6047.4,0.00268245,2.68245e-05,23230
6049.76,0.00268035,2.68035e-05,23231
6052.12,0.00267826,2.67826e-05,23232
6054.48,0.00267618,2.67618e-05,23233
6056.84,0.0026741,2.6741e-05,23234
6059.19,0.00267202,2.67202e-05,23235
6061.55,0.00266994,2.66994e-05,23236
6063.9,0.00266787,2.66787e-05,23237
6066.25,0.00266581,2.66581e-05,23238
6068.59,0.00266375,2.66375e-05,23239
6070.94,0.00266169,2.66169e-05,23240
6073.28,0.00265963,2.65963e-05,23241
6075.63,0.00265758,2.65758e-05,23242
6077.97,0.00265554,2.65554e-05,23243
6080.3,0.0026535,2.6535e-05,23244
6082.64,0.00265146,2.65146e-05,23245
6084.98,0.00264942,2.64942e-05,23246
6087.31,0.00264739,2.64739e-05,23247
6089.64,0.00264537,2.64537e-05,23248
6091.97,0.00264334,2.64334e-05,23249
6094.3,0.00264132,2.64132e-05,23250
6096.62,0.00263931,2.63931e-05,23251
6098.95,0.0026373,2.6373e-05,23252
6101.27,0.00263529,2.63529e-05,23253
6103.59,0.00263329,2.63329e-05,23254
6105.91,0.00263129,2.63129e-05,23255
6108.23,0.00262929,2.62929e-05,23256
6110.54,0.0026273,2.6273e-05,23257
6112.85,0.00262531,2.62531e-05,23258
6115.17,0.00262333,2.62333e-05,23259
6117.48,0.00262135,2.62135e-05,23260
6119.78,0.00261937,2.61937e-05,23261
6122.09,0.0026174,2.6174e-05,23262
6124.4,0.00261543,2.61543e-05,23263
6126.7,0.00261346,2.61346e-05,23264
6129,0.0026115,2.6115e-05,23265
6131.3,0.00260954,2.60954e-05,23266
6133.6,0.00260759,2.60759e-05,23267
6135.89,0.00260563,2.60563e-05,23268
6138.19,0.00260369,2.60369e-05,23269
6140.48,0.00260174,2.60174e-05,23270
6142.77,0.0025998,2.5998e-05,23271
6145.06,0.00259787,2.59787e-05,23272
6147.35,0.00259593,2.59593e-05,23273
6149.63,0.002594,2.594e-05,23274
6151.92,0.00259208,2.59208e-05,23275
6154.2,0.00259016,2.59016e-05,23276
6156.48,0.00258824,2.58824e-05,23277
6158.76,0.00258632,2.58632e-05,23278
6161.03,0.00258441,2.58441e-05,23279
6163.31,0.00258251,2.58251e-05,23280
6165.58,0.0025806,2.5806e-05,23281
6167.85,0.0025787,2.5787e-05,23282
6170.12,0.0025768,2.5768e-05,23283
6172.39,0.00257491,2.57491e-05,23284
6174.66,0.00257302,2.57302e-05,23285
6176.92,0.00257113,2.57113e-05,23286
6179.18,0.00256925,2.56925e-05,23287
6181.45,0.00256737,2.56737e-05,23288
6183.7,0.0025655,2.5655e-05,23289
6185.96,0.00256363,2.56363e-05,23290
6188.22,0.00256176,2.56176e-05,23291
6190.47,0.00255989,2.55989e-05,23292
6192.72,0.00255803,2.55803e-05,23293
6194.98,0.00255617,2.55617e-05,23294
6197.22,0.00255432,2.55432e-05,23295
6199.47,0.00255246,2.55246e-05,23296
6201.72,0.00255062,2.55062e-05,23297
6203.96,0.00254877,2.54877e-05,23298
6206.2,0.00254693,2.54693e-05,23299
6208.44,0.00254509,2.54509e-05,23300
6210.68,0.00254326,2.54326e-05,23301
6212.92,0.00254143,2.54143e-05,23302
6215.15,0.0025396,2.5396e-05,23303
6217.39,0.00253778,2.53778e-05,23304
6219.62,0.00253595,2.53595e-05,23305
6221.85,0.00253414,2.53414e-05,23306
6224.08,0.00253232,2.53232e-05,23307
6226.3,0.00253051,2.53051e-05,23308
6228.53,0.0025287,2.5287e-05,23309
6230.75,0.0025269,2.5269e-05,23310
6232.97,0.0025251,2.5251e-05,23311
6235.19,0.0025233,2.5233e-05,23312
6237.41,0.00252151,2.52151e-05,23313
6239.63,0.00251972,2.51972e-05,23314
6241.84,0.00251793,2.51793e-05,23315
6244.05,0.00251615,2.51615e-05,23316
6246.26,0.00251436,2.51436e-05,23317
6248.47,0.00251259,2.51259e-05,23318
6250.68,0.00251081,2.51081e-05,23319
6252.89,0.00250904,2.50904e-05,23320
6255.09,0.00250727,2.50727e-05,23321
6257.3,0.00250551,2.50551e-05,23322
6259.5,0.00250375,2.50375e-05,23323
6261.7,0.00250199,2.50199e-05,23324
6263.89,0.00250023,2.50023e-05,23325
6266.09,0.00249848,2.49848e-05,23326
6268.28,0.00249673,2.49673e-05,23327
6270.47,0.00249499,2.49499e-05,23328
6272.67,0.00249324,2.49324e-05,23329
6274.85,0.00249151,2.49151e-05,23330
6277.04,0.00248977,2.48977e-05,23331
6279.23,0.00248804,2.48804e-05,23332
6281.41,0.00248631,2.48631e-05,23333
6283.59,0.00248458,2.48458e-05,23334
6285.77,0.00248286,2.48286e-05,23335
6287.95,0.00248114,2.48114e-05,23336
6290.13,0.00247942,2.47942e-05,23337
6292.31,0.0024777,2.4777e-05,23338
6294.48,0.00247599,2.47599e-05,23339
6296.65,0.00247429,2.47429e-05,23340
6298.82,0.00247258,2.47258e-05,23341
6300.99,0.00247088,2.47088e-05,23342
6303.16,0.00246918,2.46918e-05,23343
6305.32,0.00246748,2.46748e-05,23344
6307.49,0.00246579,2.46579e-05,23345
6309.65,0.0024641,2.4641e-05,23346
6311.81,0.00246242,2.46242e-05,23347
6313.97,0.00246073,2.46073e-05,23348
6316.12,0.00245905,2.45905e-05,23349
6318.28,0.00245738,2.45738e-05,23350
6320.43,0.0024557,2.4557e-05,23351
6322.58,0.00245403,2.45403e-05,23352
6324.73,0.00245236,2.45236e-05,23353
6326.88,0.0024507,2.4507e-05,23354
6329.03,0.00244903,2.44903e-05,23355
6331.17,0.00244738,2.44738e-05,23356
6333.32,0.00244572,2.44572e-05,23357
6335.46,0.00244406,2.44407e-05,23358
6337.6,0.00244241,2.44241e-05,23359
6339.74,0.00244077,2.44077e-05,23360
6341.87,0.00243912,2.43912e-05,23361
6344.01,0.00243748,2.43748e-05,23362
6346.14,0.00243584,2.43584e-05,23363
6348.28,0.00243421,2.43421e-05,23364
6350.4,0.00243257,2.43257e-05,23365
6352.53,0.00243095,2.43095e-05,23366
6354.66,0.00242932,2.42932e-05,23367
6356.79,0.00242769,2.42769e-05,23368
6358.91,0.00242607,2.42607e-05,23369
6361.03,0.00242445,2.42445e-05,23370
6363.15,0.00242284,2.42284e-05,23371
6365.27,0.00242123,2.42123e-05,23372
6367.39,0.00241962,2.41962e-05,23373
6369.5,0.00241801,2.41801e-05,23374
6371.61,0.00241641,2.41641e-05,23375
6373.73,0.00241481,2.41481e-05,23376
6375.84,0.00241321,2.41321e-05,23377
6377.95,0.00241161,2.41161e-05,23378
6380.05,0.00241002,2.41002e-05,23379
6382.16,0.00240843,2.40843e-05,23380
6384.26,0.00240684,2.40684e-05,23381
6386.36,0.00240526,2.40526e-05,23382
6388.46,0.00240368,2.40368e-05,23383
6390.56,0.0024021,2.4021e-05,23384
6392.66,0.00240052,2.40052e-05,23385
6394.75,0.00239895,2.39895e-05,23386
6396.85,0.00239738,2.39738e-05,23387
6398.94,0.00239581,2.39581e-05,23388
6401.03,0.00239425,2.39425e-05,23389
6403.12,0.00239269,2.39269e-05,23390
6405.21,0.00239113,2.39113e-05,23391
6407.29,0.00238957,2.38957e-05,23392
6409.37,0.00238802,2.38802e-05,23393
6411.46,0.00238647,2.38647e-05,23394
6413.54,0.00238492,2.38492e-05,23395
6415.62,0.00238338,2.38338e-05,23396
6417.69,0.00238183,2.38183e-05,23397
6419.77,0.00238029,2.38029e-05,23398
6421.84,0.00237876,2.37875e-05,23399
6423.91,0.00237722,2.37722e-05,23400
6425.99,0.00237569,2.37569e-05,23401
6428.05,0.00237416,2.37416e-05,23402
6430.12,0.00237263,2.37263e-05,23403
6432.19,0.00237111,2.37111e-05,23404
6434.25,0.00236959,2.36959e-05,23405
6436.31,0.00236807,2.36807e-05,23406
6438.37,0.00236656,2.36656e-05,23407
6440.43,0.00236504,2.36504e-05,23408
6442.49,0.00236353,2.36353e-05,23409
6444.55,0.00236202,2.36202e-05,23410
6446.6,0.00236052,2.36052e-05,23411
6448.65,0.00235902,2.35902e-05,23412
6450.7,0.00235752,2.35752e-05,23413
6452.75,0.00235602,2.35602e-05,23414
6454.8,0.00235452,2.35452e-05,23415
6456.85,0.00235303,2.35303e-05,23416
6458.89,0.00235154,2.35154e-05,23417
6460.94,0.00235006,2.35006e-05,23418
6462.98,0.00234857,2.34857e-05,23419
6465.02,0.00234709,2.34709e-05,23420
6467.05,0.00234561,2.34561e-05,23421
6469.09,0.00234413,2.34413e-05,23422
6471.13,0.00234266,2.34266e-05,23423
6473.16,0.00234119,2.34119e-05,23424
6475.19,0.00233972,2.33972e-05,23425
6477.22,0.00233825,2.33825e-05,23426
6479.25,0.00233679,2.33679e-05,23427
6481.28,0.00233533,2.33533e-05,23428
6483.3,0.00233387,2.33387e-05,23429
6485.32,0.00233241,2.33241e-05,23430
6487.35,0.00233096,2.33096e-05,23431
6489.37,0.00232951,2.32951e-05,23432
6491.39,0.00232806,2.32806e-05,23433
6493.4,0.00232661,2.32661e-05,23434
6495.42,0.00232517,2.32517e-05,23435
6497.43,0.00232373,2.32373e-05,23436
6499.44,0.00232229,2.32229e-05,23437
6501.45,0.00232085,2.32085e-05,23438
6503.46,0.00231942,2.31942e-05,23439
6505.47,0.00231799,2.31799e-05,23440
6507.48,0.00231656,2.31656e-05,23441
6509.48,0.00231514,2.31514e-05,23442
6511.48,0.00231371,2.31371e-05,23443
6513.48,0.00231229,2.31229e-05,23444
6515.48,0.00231087,2.31087e-05,23445
6517.48,0.00230945,2.30945e-05,23446
6519.48,0.00230804,2.30804e-05,23447
6521.47,0.00230663,2.30663e-05,23448
6523.47,0.00230522,2.30522e-05,23449
6525.46,0.00230381,2.30381e-05,23450
6527.45,0.00230241,2.30241e-05,23451
6529.43,0.00230101,2.30101e-05,23452
6531.42,0.00229961,2.29961e-05,23453
6533.41,0.00229821,2.29821e-05,23454
6535.39,0.00229682,2.29682e-05,23455
6537.37,0.00229542,2.29542e-05,23456
6539.35,0.00229403,2.29403e-05,23457
6541.33,0.00229265,2.29265e-05,23458
6543.31,0.00229126,2.29126e-05,23459
6545.28,0.00228988,2.28988e-05,23460
6547.26,0.0022885,2.2885e-05,23461
6549.23,0.00228712,2.28712e-05,23462
6551.2,0.00228574,2.28574e-05,23463
6553.17,0.00228437,2.28437e-05,23464
6555.14,0.002283,2.283e-05,23465
6557.1,0.00228163,2.28163e-05,23466
6559.07,0.00228026,2.28026e-05,23467
6561.03,0.0022789,2.2789e-05,23468
6562.99,0.00227754,2.27754e-05,23469
6564.95,0.00227618,2.27618e-05,23470
6566.91,0.00227482,2.27482e-05,23471
6568.86,0.00227347,2.27347e-05,23472
6570.82,0.00227211,2.27211e-05,23473
6572.77,0.00227076,2.27076e-05,23474
6574.72,0.00226942,2.26942e-05,23475
6576.67,0.00226807,2.26807e-05,23476
6578.62,0.00226673,2.26673e-05,23477
6580.57,0.00226539,2.26539e-05,23478
6582.51,0.00226405,2.26405e-05,23479
6584.46,0.00226271,2.26271e-05,23480
6586.4,0.00226138,2.26138e-05,23481
6588.34,0.00226004,2.26004e-05,23482
6590.28,0.00225871,2.25871e-05,23483
6592.22,0.00225739,2.25739e-05,23484
6594.15,0.00225606,2.25606e-05,23485
6596.09,0.00225474,2.25474e-05,23486
6598.02,0.00225342,2.25342e-05,23487
6599.95,0.0022521,2.2521e-05,23488
6601.88,0.00225078,2.25078e-05,23489
6603.81,0.00224947,2.24947e-05,23490
6605.74,0.00224816,2.24816e-05,23491
6607.66,0.00224685,2.24685e-05,23492
6609.58,0.00224554,2.24554e-05,23493
6611.51,0.00224423,2.24423e-05,23494
6613.43,0.00224293,2.24293e-05,23495
6615.35,0.00224163,2.24163e-05,23496
6617.26,0.00224033,2.24033e-05,23497
6619.18,0.00223904,2.23904e-05,23498
6621.09,0.00223774,2.23774e-05,23499
6623,0.00223645,2.23645e-05,23500
6624.91,0.00223516,2.23516e-05,23501
6626.82,0.00223387,2.23387e-05,23502
6628.73,0.00223259,2.23259e-05,23503
6630.64,0.0022313,2.2313e-05,23504
6632.54,0.00223002,2.23002e-05,23505
6634.45,0.00222874,2.22874e-05,23506
6636.35,0.00222746,2.22746e-05,23507
6638.25,0.00222619,2.22619e-05,23508
6640.15,0.00222492,2.22492e-05,23509
6642.04,0.00222365,2.22365e-05,23510
6643.94,0.00222238,2.22238e-05,23511
6645.83,0.00222111,2.22111e-05,23512
6647.72,0.00221985,2.21985e-05,23513
6649.61,0.00221859,2.21859e-05,23514
6651.5,0.00221733,2.21733e-05,23515
6653.39,0.00221607,2.21607e-05,23516
6655.28,0.00221481,2.21481e-05,23517
6657.16,0.00221356,2.21356e-05,23518
6659.04,0.00221231,2.21231e-05,23519
6660.92,0.00221106,2.21106e-05,23520
6662.8,0.00220981,2.20981e-05,23521
6664.68,0.00220856,2.20856e-05,23522
6666.56,0.00220732,2.20732e-05,23523
6668.43,0.00220608,2.20608e-05,23524
6670.31,0.00220484,2.20484e-05,23525
6672.18,0.0022036,2.2036e-05,23526
6674.05,0.00220237,2.20237e-05,23527
6675.92,0.00220114,2.20114e-05,23528
6677.79,0.00219991,2.19991e-05,23529
6679.65,0.00219868,2.19868e-05,23530
6681.52,0.00219745,2.19745e-05,23531
6683.38,0.00219623,2.19623e-05,23532
6685.24,0.002195,2.195e-05,23533
6687.1,0.00219378,2.19378e-05,23534
6688.96,0.00219256,2.19256e-05,23535
6690.81,0.00219135,2.19135e-05,23536
6692.67,0.00219013,2.19013e-05,23537
6694.52,0.00218892,2.18892e-05,23538
6696.37,0.00218771,2.18771e-05,23539
6698.23,0.0021865,2.1865e-05,23540
6700.07,0.00218529,2.18529e-05,23541
6701.92,0.00218409,2.18409e-05,23542
6703.77,0.00218289,2.18289e-05,23543
6705.61,0.00218169,2.18169e-05,23544
6707.45,0.00218049,2.18049e-05,23545
6709.3,0.00217929,2.17929e-05,23546
6711.14,0.0021781,2.1781e-05,23547
6712.97,0.0021769,2.1769e-05,23548
6714.81,0.00217571,2.17571e-05,23549
6716.65,0.00217452,2.17452e-05,23550
6718.48,0.00217334,2.17334e-05,23551
6720.31,0.00217215,2.17215e-05,23552
6722.14,0.00217097,2.17097e-05,23553
6723.97,0.00216979,2.16979e-05,23554
6725.8,0.00216861,2.16861e-05,23555
6727.62,0.00216743,2.16743e-05,23556
6729.45,0.00216626,2.16626e-05,23557
6731.27,0.00216508,2.16508e-05,23558
6733.09,0.00216391,2.16391e-05,23559
6734.91,0.00216274,2.16274e-05,23560
6736.73,0.00216158,2.16158e-05,23561
6738.55,0.00216041,2.16041e-05,23562
6740.36,0.00215925,2.15925e-05,23563
6742.18,0.00215809,2.15809e-05,23564
6743.99,0.00215693,2.15693e-05,23565
6745.8,0.00215577,2.15577e-05,23566
6747.61,0.00215461,2.15461e-05,23567
6749.42,0.00215346,2.15346e-05,23568
6751.22,0.00215231,2.15231e-05,23569
6753.03,0.00215116,2.15116e-05,23570
6754.83,0.00215001,2.15001e-05,23571
6756.63,0.00214886,2.14886e-05,23572
6758.43,0.00214772,2.14772e-05,23573
6760.23,0.00214657,2.14657e-05,23574
6762.03,0.00214543,2.14543e-05,23575
6763.82,0.00214429,2.14429e-05,23576
6765.62,0.00214316,2.14316e-05,23577
6767.41,0.00214202,2.14202e-05,23578
6769.2,0.00214089,2.14089e-05,23579
6770.99,0.00213976,2.13976e-05,23580
6772.78,0.00213863,2.13863e-05,23581
6774.57,0.0021375,2.1375e-05,23582
6776.35,0.00213637,2.13637e-05,23583
6778.13,0.00213525,2.13525e-05,23584
6779.92,0.00213413,2.13413e-05,23585
6781.7,0.00213301,2.13301e-05,23586
6783.48,0.00213189,2.13189e-05,23587
6785.25,0.00213077,2.13077e-05,23588
6787.03,0.00212966,2.12966e-05,23589
6788.8,0.00212854,2.12854e-05,23590
6790.58,0.00212743,2.12743e-05,23591
6792.35,0.00212632,2.12632e-05,23592
6794.12,0.00212522,2.12522e-05,23593
6795.89,0.00212411,2.12411e-05,23594
6797.65,0.00212301,2.12301e-05,23595
6799.42,0.0021219,2.1219e-05,23596
6801.18,0.0021208,2.1208e-05,23597
6802.95,0.0021197,2.1197e-05,23598
6804.71,0.00211861,2.11861e-05,23599
6806.47,0.00211751,2.11751e-05,23600
6808.22,0.00211642,2.11642e-05,23601
6809.98,0.00211533,2.11533e-05,23602
6811.74,0.00211424,2.11424e-05,23603
6813.49,0.00211315,2.11315e-05,23604
6815.24,0.00211206,2.11206e-05,23605
6816.99,0.00211098,2.11098e-05,23606
6818.74,0.00210989,2.10989e-05,23607
6820.49,0.00210881,2.10881e-05,23608
6822.23,0.00210773,2.10773e-05,23609
6823.98,0.00210666,2.10666e-05,23610
6825.72,0.00210558,2.10558e-05,23611
6827.46,0.00210451,2.10451e-05,23612
6829.2,0.00210343,2.10343e-05,23613
6830.94,0.00210236,2.10236e-05,23614
6832.68,0.00210129,2.10129e-05,23615
6834.41,0.00210023,2.10023e-05,23616
6836.15,0.00209916,2.09916e-05,23617
6837.88,0.0020981,2.0981e-05,23618
6839.61,0.00209704,2.09704e-05,23619
6841.34,0.00209598,2.09598e-05,23620
6843.07,0.00209492,2.09492e-05,23621
6844.8,0.00209386,2.09386e-05,23622
6846.52,0.00209281,2.09281e-05,23623
6848.25,0.00209175,2.09175e-05,23624
6849.97,0.0020907,2.0907e-05,23625
6851.69,0.00208965,2.08965e-05,23626
6853.41,0.0020886,2.0886e-05,23627
6855.13,0.00208756,2.08756e-05,23628
6856.84,0.00208651,2.08651e-05,23629
6858.56,0.00208547,2.08547e-05,23630
6860.27,0.00208443,2.08443e-05,23631
6861.98,0.00208339,2.08339e-05,23632
6863.69,0.00208235,2.08235e-05,23633
6865.4,0.00208131,2.08131e-05,23634
6867.11,0.00208028,2.08028e-05,23635
6868.82,0.00207924,2.07924e-05,23636
6870.52,0.00207821,2.07821e-05,23637
6872.22,0.00207718,2.07718e-05,23638
6873.92,0.00207615,2.07615e-05,23639
6875.62,0.00207513,2.07513e-05,23640
6877.32,0.0020741,2.0741e-05,23641
6879.02,0.00207308,2.07308e-05,23642
6880.72,0.00207206,2.07206e-05,23643
6882.41,0.00207104,2.07104e-05,23644
6884.1,0.00207002,2.07002e-05,23645
6885.79,0.002069,2.069e-05,23646
6887.48,0.00206799,2.06799e-05,23647
6889.17,0.00206697,2.06697e-05,23648
6890.86,0.00206596,2.06596e-05,23649
6892.54,0.00206495,2.06495e-05,23650
6894.23,0.00206394,2.06394e-05,23651
6895.91,0.00206294,2.06294e-05,23652
6897.59,0.00206193,2.06193e-05,23653
6899.27,0.00206093,2.06093e-05,23654
6900.95,0.00205993,2.05993e-05,23655
6902.62,0.00205892,2.05892e-05,23656
6904.3,0.00205793,2.05793e-05,23657
6905.97,0.00205693,2.05693e-05,23658
6907.65,0.00205593,2.05593e-05,23659
6909.32,0.00205494,2.05494e-05,23660
6910.99,0.00205395,2.05395e-05,23661
6912.65,0.00205295,2.05295e-05,23662
6914.32,0.00205197,2.05197e-05,23663
6915.99,0.00205098,2.05098e-05,23664
6917.65,0.00204999,2.04999e-05,23665
6919.31,0.00204901,2.04901e-05,23666
6920.97,0.00204802,2.04802e-05,23667
6922.63,0.00204704,2.04704e-05,23668
6924.29,0.00204606,2.04606e-05,23669
6925.94,0.00204508,2.04508e-05,23670
6927.6,0.00204411,2.04411e-05,23671
6929.25,0.00204313,2.04313e-05,23672
6930.9,0.00204216,2.04216e-05,23673
6932.55,0.00204119,2.04119e-05,23674
6934.2,0.00204021,2.04021e-05,23675
6935.85,0.00203925,2.03925e-05,23676
6937.5,0.00203828,2.03828e-05,23677
6939.14,0.00203731,2.03731e-05,23678
6940.78,0.00203635,2.03635e-05,23679
6942.43,0.00203538,2.03538e-05,23680
6944.07,0.00203442,2.03442e-05,23681
6945.7,0.00203346,2.03346e-05,23682
6947.34,0.00203251,2.03251e-05,23683
6948.98,0.00203155,2.03155e-05,23684
6950.61,0.00203059,2.03059e-05,23685
6952.25,0.00202964,2.02964e-05,23686
6953.88,0.00202869,2.02869e-05,23687
6955.51,0.00202774,2.02774e-05,23688
6957.14,0.00202679,2.02679e-05,23689
6958.76,0.00202584,2.02584e-05,23690
6960.39,0.00202489,2.02489e-05,23691
6962.01,0.00202395,2.02395e-05,23692
6963.64,0.00202301,2.02301e-05,23693
6965.26,0.00202206,2.02206e-05,23694
6966.88,0.00202112,2.02112e-05,23695
6968.49,0.00202018,2.02018e-05,23696
6970.11,0.00201925,2.01925e-05,23697
6971.73,0.00201831,2.01831e-05,23698
6973.34,0.00201738,2.01738e-05,23699
6974.95,0.00201644,2.01644e-05,23700
6976.57,0.00201551,2.01551e-05,23701
6978.18,0.00201458,2.01458e-05,23702
6979.78,0.00201365,2.01365e-05,23703
6981.39,0.00201273,2.01273e-05,23704
6983,0.0020118,2.0118e-05,23705
6984.6,0.00201088,2.01088e-05,23706
6986.2,0.00200996,2.00996e-05,23707
6987.8,0.00200904,2.00904e-05,23708
6989.4,0.00200812,2.00812e-05,23709
6991,0.0020072,2.0072e-05,23710
6992.6,0.00200628,2.00628e-05,23711
6994.19,0.00200537,2.00537e-05,23712
6995.79,0.00200445,2.00445e-05,23713
6997.38,0.00200354,2.00354e-05,23714
6998.97,0.00200263,2.00263e-05,23715
7000.56,0.00200172,2.00172e-05,23716
7002.15,0.00200081,2.00081e-05,23717
7003.74,0.0019999,1.99991e-05,23718
7005.32,0.001999,1.999e-05,23719
7006.91,0.0019981,1.9981e-05,23720
7008.49,0.00199719,1.99719e-05,23721
7010.07,0.00199629,1.99629e-05,23722
7011.65,0.00199539,1.99539e-05,23723
7013.23,0.0019945,1.9945e-05,23724
7014.8,0.0019936,1.9936e-05,23725
7016.38,0.0019927,1.9927e-05,23726
7017.95,0.00199181,1.99181e-05,23727
7019.53,0.00199092,1.99092e-05,23728
7021.1,0.00199003,1.99003e-05,23729
7022.67,0.00198914,1.98914e-05,23730
7024.24,0.00198825,1.98825e-05,23731
7025.8,0.00198736,1.98736e-05,23732
7027.37,0.00198648,1.98648e-05,23733
7028.93,0.00198559,1.98559e-05,23734
7030.49,0.00198471,1.98471e-05,23735
7032.06,0.00198383,1.98383e-05,23736
7033.62,0.00198295,1.98295e-05,23737
7035.17,0.00198207,1.98207e-05,23738
7036.73,0.00198119,1.98119e-05,23739
7038.29,0.00198032,1.98032e-05,23740
7039.84,0.00197944,1.97944e-05,23741
7041.39,0.00197857,1.97857e-05,23742
7042.94,0.0019777,1.9777e-05,23743
7044.49,0.00197683,1.97683e-05,23744
7046.04,0.00197596,1.97596e-05,23745
7047.59,0.00197509,1.97509e-05,23746
7049.14,0.00197423,1.97423e-05,23747
7050.68,0.00197336,1.97336e-05,23748
7052.22,0.0019725,1.9725e-05,23749
7053.76,0.00197164,1.97164e-05,23750
7055.3,0.00197078,1.97078e-05,23751
7056.84,0.00196992,1.96992e-05,23752
7058.38,0.00196906,1.96906e-05,23753
7059.92,0.0019682,1.9682e-05,23754
7061.45,0.00196735,1.96735e-05,23755
7062.98,0.00196649,1.96649e-05,23756
7064.51,0.00196564,1.96564e-05,23757
7066.04,0.00196479,1.96479e-05,23758
7067.57,0.00196394,1.96394e-05,23759
7069.1,0.00196309,1.96309e-05,23760
7070.63,0.00196225,1.96225e-05,23761
7072.15,0.0019614,1.9614e-05,23762
7073.67,0.00196056,1.96056e-05,23763
7075.19,0.00195971,1.95971e-05,23764
7076.72,0.00195887,1.95887e-05,23765
7078.23,0.00195803,1.95803e-05,23766
7079.75,0.00195719,1.95719e-05,23767
7081.27,0.00195635,1.95635e-05,23768
7082.78,0.00195552,1.95552e-05,23769
7084.29,0.00195468,1.95468e-05,23770
7085.81,0.00195385,1.95385e-05,23771
7087.32,0.00195301,1.95301e-05,23772
7088.83,0.00195218,1.95218e-05,23773
7090.33,0.00195135,1.95135e-05,23774
7091.84,0.00195052,1.95052e-05,23775
7093.34,0.0019497,1.9497e-05,23776
7094.85,0.00194887,1.94887e-05,23777
7096.35,0.00194805,1.94805e-05,23778
7097.85,0.00194722,1.94722e-05,23779
7099.35,0.0019464,1.9464e-05,23780
7100.85,0.00194558,1.94558e-05,23781
7102.34,0.00194476,1.94476e-05,23782
7103.84,0.00194394,1.94394e-05,23783
7105.33,0.00194312,1.94312e-05,23784
7106.82,0.00194231,1.94231e-05,23785
7108.31,0.00194149,1.94149e-05,23786
7109.8,0.00194068,1.94068e-05,23787
7111.29,0.00193987,1.93987e-05,23788
7112.78,0.00193906,1.93906e-05,23789
7114.26,0.00193825,1.93825e-05,23790
7115.75,0.00193744,1.93744e-05,23791
7117.23,0.00193663,1.93663e-05,23792
7118.71,0.00193583,1.93583e-05,23793
7120.19,0.00193502,1.93502e-05,23794
7121.67,0.00193422,1.93422e-05,23795
7123.14,0.00193342,1.93342e-05,23796
7124.62,0.00193262,1.93262e-05,23797
7126.09,0.00193182,1.93182e-05,23798
7127.57,0.00193102,1.93102e-05,23799
7129.04,0.00193022,1.93022e-05,23800
7130.51,0.00192943,1.92943e-05,23801
7131.97,0.00192863,1.92863e-05,23802
7133.44,0.00192784,1.92784e-05,23803
7134.91,0.00192705,1.92705e-05,23804
7136.37,0.00192626,1.92626e-05,23805
7137.84,0.00192547,1.92547e-05,23806
7139.3,0.00192468,1.92468e-05,23807
7140.76,0.00192389,1.92389e-05,23808
7142.22,0.00192311,1.92311e-05,23809
7143.67,0.00192232,1.92232e-05,23810
7145.13,0.00192154,1.92154e-05,23811
7146.58,0.00192076,1.92076e-05,23812
7148.04,0.00191997,1.91997e-05,23813
7149.49,0.0019192,1.9192e-05,23814
7150.94,0.00191842,1.91842e-05,23815
7152.39,0.00191764,1.91764e-05,23816
7153.83,0.00191686,1.91686e-05,23817
7155.28,0.00191609,1.91609e-05,23818
7156.73,0.00191532,1.91532e-05,23819
7158.17,0.00191454,1.91454e-05,23820
7159.61,0.00191377,1.91377e-05,23821
7161.05,0.001913,1.913e-05,23822
7162.49,0.00191223,1.91223e-05,23823
7163.93,0.00191147,1.91147e-05,23824
7165.37,0.0019107,1.9107e-05,23825
7166.8,0.00190993,1.90993e-05,23826
7168.23,0.00190917,1.90917e-05,23827
7169.67,0.00190841,1.90841e-05,23828
7171.1,0.00190765,1.90765e-05,23829
7172.53,0.00190689,1.90689e-05,23830
7173.96,0.00190613,1.90613e-05,23831
7175.38,0.00190537,1.90537e-05,23832
7176.81,0.00190461,1.90461e-05,23833
7178.23,0.00190386,1.90386e-05,23834
7179.65,0.0019031,1.9031e-05,23835
7181.08,0.00190235,1.90235e-05,23836
7182.5,0.0019016,1.9016e-05,23837
7183.91,0.00190085,1.90085e-05,23838
7185.33,0.0019001,1.9001e-05,23839
7186.75,0.00189935,1.89935e-05,23840
7188.16,0.0018986,1.8986e-05,23841
7189.58,0.00189785,1.89785e-05,23842
7190.99,0.00189711,1.89711e-05,23843
7192.4,0.00189636,1.89636e-05,23844
7193.81,0.00189562,1.89562e-05,23845
7195.21,0.00189488,1.89488e-05,23846
7196.62,0.00189414,1.89414e-05,23847
7198.03,0.0018934,1.8934e-05,23848
7199.43,0.00189266,1.89266e-05,23849
7200.83,0.00189192,1.89192e-05,23850
7202.23,0.00189119,1.89119e-05,23851
7203.63,0.00189045,1.89045e-05,23852
7205.03,0.00188972,1.88972e-05,23853
7206.43,0.00188899,1.88899e-05,23854
7207.82,0.00188826,1.88826e-05,23855
7209.22,0.00188753,1.88753e-05,23856
7210.61,0.0018868,1.8868e-05,23857
7212,0.00188607,1.88607e-05,23858
7213.39,0.00188534,1.88534e-05,23859
7214.78,0.00188462,1.88462e-05,23860
7216.17,0.00188389,1.88389e-05,23861
7217.55,0.00188317,1.88317e-05,23862
7218.94,0.00188245,1.88245e-05,23863
7220.32,0.00188172,1.88172e-05,23864
7221.7,0.001881,1.881e-05,23865
7223.08,0.00188029,1.88029e-05,23866
7224.46,0.00187957,1.87957e-05,23867
7225.84,0.00187885,1.87885e-05,23868
7227.22,0.00187814,1.87814e-05,23869
7228.59,0.00187742,1.87742e-05,23870
7229.97,0.00187671,1.87671e-05,23871
7231.34,0.001876,1.876e-05,23872
7232.71,0.00187528,1.87528e-05,23873
7234.08,0.00187457,1.87457e-05,23874
7235.45,0.00187387,1.87387e-05,23875
7236.81,0.00187316,1.87316e-05,23876
7238.18,0.00187245,1.87245e-05,23877
7239.54,0.00187175,1.87175e-05,23878
7240.9,0.00187104,1.87104e-05,23879
7242.27,0.00187034,1.87034e-05,23880
7243.63,0.00186964,1.86964e-05,23881
7244.98,0.00186893,1.86893e-05,23882
7246.34,0.00186823,1.86823e-05,23883
7247.7,0.00186754,1.86754e-05,23884
7249.05,0.00186684,1.86684e-05,23885
7250.41,0.00186614,1.86614e-05,23886
7251.76,0.00186545,1.86545e-05,23887
7253.11,0.00186475,1.86475e-05,23888
7254.46,0.00186406,1.86406e-05,23889
7255.8,0.00186337,1.86337e-05,23890
7257.15,0.00186267,1.86267e-05,23891
7258.5,0.00186198,1.86198e-05,23892
7259.84,0.00186129,1.86129e-05,23893
7261.18,0.00186061,1.86061e-05,23894
7262.52,0.00185992,1.85992e-05,23895
7263.86,0.00185923,1.85923e-05,23896
7265.2,0.00185855,1.85855e-05,23897
7266.54,0.00185786,1.85786e-05,23898
7267.87,0.00185718,1.85718e-05,23899
7269.21,0.0018565,1.8565e-05,23900
7270.54,0.00185582,1.85582e-05,23901
7271.87,0.00185514,1.85514e-05,23902
7273.2,0.00185446,1.85446e-05,23903
7274.53,0.00185378,1.85378e-05,23904
7275.86,0.00185311,1.85311e-05,23905
7277.18,0.00185243,1.85243e-05,23906
7278.51,0.00185176,1.85176e-05,23907
7279.83,0.00185108,1.85108e-05,23908
7281.16,0.00185041,1.85041e-05,23909
7282.48,0.00184974,1.84974e-05,23910
7283.8,0.00184907,1.84907e-05,23911
7285.11,0.0018484,1.8484e-05,23912
7286.43,0.00184773,1.84773e-05,23913
7287.75,0.00184707,1.84707e-05,23914
7289.06,0.0018464,1.8464e-05,23915
7290.37,0.00184574,1.84574e-05,23916
7291.69,0.00184507,1.84507e-05,23917
7293,0.00184441,1.84441e-05,23918
7294.3,0.00184375,1.84375e-05,23919
7295.61,0.00184309,1.84309e-05,23920
7296.92,0.00184243,1.84243e-05,23921
7298.22,0.00184177,1.84177e-05,23922
7299.53,0.00184111,1.84111e-05,23923
7300.83,0.00184045,1.84045e-05,23924
7302.13,0.0018398,1.8398e-05,23925
7303.43,0.00183914,1.83914e-05,23926
7304.73,0.00183849,1.83849e-05,23927
7306.02,0.00183784,1.83784e-05,23928
7307.32,0.00183719,1.83719e-05,23929
7308.61,0.00183653,1.83653e-05,23930
7309.9,0.00183589,1.83589e-05,23931
7311.2,0.00183524,1.83524e-05,23932
7312.49,0.00183459,1.83459e-05,23933
7313.77,0.00183394,1.83394e-05,23934
7315.06,0.0018333,1.8333e-05,23935
7316.35,0.00183265,1.83265e-05,23936
7317.63,0.00183201,1.83201e-05,23937
7318.92,0.00183137,1.83137e-05,23938
7320.2,0.00183073,1.83073e-05,23939
7321.48,0.00183009,1.83009e-05,23940
7322.76,0.00182945,1.82945e-05,23941
7324.04,0.00182881,1.82881e-05,23942
7325.31,0.00182817,1.82817e-05,23943
7326.59,0.00182753,1.82753e-05,23944
7327.86,0.0018269,1.8269e-05,23945
7329.13,0.00182626,1.82626e-05,23946
7330.41,0.00182563,1.82563e-05,23947
7331.68,0.001825,1.825e-05,23948
7332.94,0.00182437,1.82437e-05,23949
7334.21,0.00182374,1.82374e-05,23950
7335.48,0.00182311,1.82311e-05,23951
7336.74,0.00182248,1.82248e-05,23952
7338.01,0.00182185,1.82185e-05,23953
7339.27,0.00182123,1.82123e-05,23954
7340.53,0.0018206,1.8206e-05,23955
7341.79,0.00181997,1.81998e-05,23956
7343.05,0.00181935,1.81935e-05,23957
7344.3,0.00181873,1.81873e-05,23958
7345.56,0.00181811,1.81811e-05,23959
7346.81,0.00181749,1.81749e-05,23960
7348.07,0.00181687,1.81687e-05,23961
7349.32,0.00181625,1.81625e-05,23962
7350.57,0.00181563,1.81563e-05,23963
7351.82,0.00181501,1.81501e-05,23964
7353.06,0.0018144,1.8144e-05,23965
7354.31,0.00181378,1.81378e-05,23966
7355.55,0.00181317,1.81317e-05,23967
7356.8,0.00181256,1.81256e-05,23968
7358.04,0.00181194,1.81194e-05,23969
7359.28,0.00181133,1.81133e-05,23970
7360.52,0.00181072,1.81072e-05,23971
7361.76,0.00181011,1.81011e-05,23972
7362.99,0.00180951,1.80951e-05,23973
7364.23,0.0018089,1.8089e-05,23974
7365.46,0.00180829,1.80829e-05,23975
7366.7,0.00180769,1.80769e-05,23976
7367.93,0.00180708,1.80708e-05,23977
7369.16,0.00180648,1.80648e-05,23978
7370.39,0.00180588,1.80588e-05,23979
7371.62,0.00180528,1.80528e-05,23980
7372.84,0.00180468,1.80468e-05,23981
7374.07,0.00180408,1.80408e-05,23982
7375.29,0.00180348,1.80348e-05,23983
7376.51,0.00180288,1.80288e-05,23984
7377.73,0.00180228,1.80228e-05,23985
7378.95,0.00180169,1.80169e-05,23986
7380.17,0.00180109,1.80109e-05,23987
7381.39,0.0018005,1.8005e-05,23988
7382.61,0.00179991,1.79991e-05,23989
7383.82,0.00179931,1.79931e-05,23990
7385.03,0.00179872,1.79872e-05,23991
7386.25,0.00179813,1.79813e-05,23992
7387.46,0.00179754,1.79754e-05,23993
7388.66,0.00179695,1.79695e-05,23994
7389.87,0.00179637,1.79637e-05,23995
7391.08,0.00179578,1.79578e-05,23996
7392.28,0.0017952,1.7952e-05,23997
7393.49,0.00179461,1.79461e-05,23998
7394.69,0.00179403,1.79403e-05,23999
7395.89,0.00179344,1.79344e-05,24000
7397.09,0.00179286,1.79286e-05,24001
7398.29,0.00179228,1.79228e-05,24002
7399.49,0.0017917,1.7917e-05,24003
7400.69,0.00179112,1.79112e-05,24004
7401.88,0.00179054,1.79054e-05,24005
7403.07,0.00178997,1.78997e-05,24006
7404.27,0.00178939,1.78939e-05,24007
7405.46,0.00178881,1.78881e-05,24008
7406.65,0.00178824,1.78824e-05,24009
7407.83,0.00178767,1.78767e-05,24010
7409.02,0.00178709,1.78709e-05,24011
7410.21,0.00178652,1.78652e-05,24012
7411.39,0.00178595,1.78595e-05,24013
7412.57,0.00178538,1.78538e-05,24014
7413.76,0.00178481,1.78481e-05,24015
7414.94,0.00178424,1.78424e-05,24016
7416.11,0.00178368,1.78368e-05,24017
7417.29,0.00178311,1.78311e-05,24018
7418.47,0.00178254,1.78254e-05,24019
7419.64,0.00178198,1.78198e-05,24020
7420.82,0.00178142,1.78142e-05,24021
7421.99,0.00178085,1.78085e-05,24022
7423.16,0.00178029,1.78029e-05,24023
7424.33,0.00177973,1.77973e-05,24024
7425.5,0.00177917,1.77917e-05,24025
7426.67,0.00177861,1.77861e-05,24026
7427.83,0.00177805,1.77805e-05,24027
7429,0.0017775,1.7775e-05,24028
7430.16,0.00177694,1.77694e-05,24029
7431.33,0.00177638,1.77638e-05,24030
7432.49,0.00177583,1.77583e-05,24031
7433.64,0.00177527,1.77527e-05,24032
7434.8,0.00177472,1.77472e-05,24033
7435.96,0.00177417,1.77417e-05,24034
7437.12,0.00177362,1.77362e-05,24035
7438.27,0.00177307,1.77307e-05,24036
7439.42,0.00177252,1.77252e-05,24037
7440.58,0.00177197,1.77197e-05,24038
7441.73,0.00177142,1.77142e-05,24039
7442.88,0.00177087,1.77087e-05,24040
7444.02,0.00177033,1.77033e-05,24041
7445.17,0.00176978,1.76978e-05,24042
7446.31,0.00176924,1.76924e-05,24043
7447.46,0.00176869,1.76869e-05,24044
7448.6,0.00176815,1.76815e-05,24045
7449.74,0.00176761,1.76761e-05,24046
7450.88,0.00176707,1.76707e-05,24047
7452.02,0.00176653,1.76653e-05,24048
7453.16,0.00176599,1.76599e-05,24049
7454.3,0.00176545,1.76545e-05,24050
7455.43,0.00176491,1.76491e-05,24051
7456.56,0.00176438,1.76438e-05,24052
7457.7,0.00176384,1.76384e-05,24053
7458.83,0.00176331,1.76331e-05,24054
7459.96,0.00176277,1.76277e-05,24055
7461.08,0.00176224,1.76224e-05,24056
7462.21,0.00176171,1.76171e-05,24057
7463.34,0.00176118,1.76118e-05,24058
7464.46,0.00176065,1.76065e-05,24059
7465.59,0.00176012,1.76012e-05,24060
7466.71,0.00175959,1.75959e-05,24061
7467.83,0.00175906,1.75906e-05,24062
7468.95,0.00175853,1.75853e-05,24063
7470.07,0.00175801,1.758e-05,24064
7471.18,0.00175748,1.75748e-05,24065
7472.3,0.00175695,1.75695e-05,24066
7473.41,0.00175643,1.75643e-05,24067
7474.53,0.00175591,1.75591e-05,24068
7475.64,0.00175539,1.75539e-05,24069
7476.75,0.00175486,1.75486e-05,24070
7477.86,0.00175434,1.75434e-05,24071
7478.97,0.00175382,1.75382e-05,24072
7480.07,0.00175331,1.75331e-05,24073
7481.18,0.00175279,1.75279e-05,24074
7482.28,0.00175227,1.75227e-05,24075
7483.38,0.00175175,1.75175e-05,24076
7484.48,0.00175124,1.75124e-05,24077
7485.58,0.00175072,1.75072e-05,24078
7486.68,0.00175021,1.75021e-05,24079
7487.78,0.0017497,1.7497e-05,24080
7488.88,0.00174918,1.74918e-05,24081
7489.97,0.00174867,1.74867e-05,24082
7491.07,0.00174816,1.74816e-05,24083
7492.16,0.00174765,1.74765e-05,24084
7493.25,0.00174714,1.74714e-05,24085
7494.34,0.00174664,1.74664e-05,24086
7495.43,0.00174613,1.74613e-05,24087
7496.51,0.00174562,1.74562e-05,24088
7497.6,0.00174512,1.74512e-05,24089
7498.69,0.00174461,1.74461e-05,24090
7499.77,0.00174411,1.74411e-05,24091
7500.85,0.0017436,1.7436e-05,24092
7501.93,0.0017431,1.7431e-05,24093
7503.01,0.0017426,1.7426e-05,24094
7504.09,0.0017421,1.7421e-05,24095
7505.17,0.0017416,1.7416e-05,24096
7506.24,0.0017411,1.7411e-05,24097
7507.32,0.0017406,1.7406e-05,24098
7508.39,0.0017401,1.7401e-05,24099
7509.46,0.00173961,1.73961e-05,24100
7510.53,0.00173911,1.73911e-05,24101
7511.6,0.00173862,1.73862e-05,24102
7512.67,0.00173812,1.73812e-05,24103
7513.74,0.00173763,1.73763e-05,24104
7514.8,0.00173714,1.73714e-05,24105
7515.87,0.00173664,1.73664e-05,24106
7516.93,0.00173615,1.73615e-05,24107
7517.99,0.00173566,1.73566e-05,24108
7519.05,0.00173517,1.73517e-05,24109
7520.11,0.00173468,1.73468e-05,24110
7521.17,0.0017342,1.7342e-05,24111
7522.22,0.00173371,1.73371e-05,24112
7523.28,0.00173322,1.73322e-05,24113
7524.33,0.00173274,1.73274e-05,24114
7525.39,0.00173225,1.73225e-05,24115
7526.44,0.00173177,1.73177e-05,24116
7527.49,0.00173129,1.73129e-05,24117
7528.54,0.0017308,1.7308e-05,24118
7529.58,0.00173032,1.73032e-05,24119
7530.63,0.00172984,1.72984e-05,24120
7531.68,0.00172936,1.72936e-05,24121
7532.72,0.00172888,1.72888e-05,24122
7533.76,0.0017284,1.7284e-05,24123
7534.8,0.00172793,1.72793e-05,24124
7535.84,0.00172745,1.72745e-05,24125
7536.88,0.00172697,1.72697e-05,24126
7537.92,0.0017265,1.7265e-05,24127
7538.96,0.00172602,1.72602e-05,24128
7539.99,0.00172555,1.72555e-05,24129
7541.03,0.00172508,1.72508e-05,24130
7542.06,0.0017246,1.7246e-05,24131
7543.09,0.00172413,1.72413e-05,24132
7544.12,0.00172366,1.72366e-05,24133
7545.15,0.00172319,1.72319e-05,24134
7546.17,0.00172272,1.72272e-05,24135
7547.2,0.00172225,1.72225e-05,24136
7548.23,0.00172179,1.72179e-05,24137
7549.25,0.00172132,1.72132e-05,24138
7550.27,0.00172085,1.72085e-05,24139
7551.29,0.00172039,1.72039e-05,24140
7552.31,0.00171992,1.71992e-05,24141
7553.33,0.00171946,1.71946e-05,24142
7554.35,0.001719,1.719e-05,24143
7555.36,0.00171853,1.71853e-05,24144
7556.38,0.00171807,1.71807e-05,24145
7557.39,0.00171761,1.71761e-05,24146
7558.4,0.00171715,1.71715e-05,24147
7559.41,0.00171669,1.71669e-05,24148
7560.42,0.00171623,1.71623e-05,24149
7561.43,0.00171578,1.71578e-05,24150
7562.44,0.00171532,1.71532e-05,24151
7563.45,0.00171486,1.71486e-05,24152
7564.45,0.00171441,1.71441e-05,24153
7565.45,0.00171395,1.71395e-05,24154
7566.46,0.0017135,1.7135e-05,24155
7567.46,0.00171305,1.71305e-05,24156
7568.46,0.00171259,1.71259e-05,24157
7569.45,0.00171214,1.71214e-05,24158
7570.45,0.00171169,1.71169e-05,24159
7571.45,0.00171124,1.71124e-05,24160
7572.44,0.00171079,1.71079e-05,24161
7573.43,0.00171034,1.71034e-05,24162
7574.43,0.0017099,1.7099e-05,24163
7575.42,0.00170945,1.70945e-05,24164
7576.41,0.001709,1.709e-05,24165
7577.39,0.00170856,1.70856e-05,24166
7578.38,0.00170811,1.70811e-05,24167
7579.37,0.00170767,1.70767e-05,24168
7580.35,0.00170722,1.70722e-05,24169
7581.33,0.00170678,1.70678e-05,24170
7582.32,0.00170634,1.70634e-05,24171
7583.3,0.0017059,1.7059e-05,24172
7584.27,0.00170546,1.70546e-05,24173
7585.25,0.00170502,1.70502e-05,24174
7586.23,0.00170458,1.70458e-05,24175
7587.2,0.00170414,1.70414e-05,24176
7588.18,0.0017037,1.7037e-05,24177
7589.15,0.00170327,1.70327e-05,24178
7590.12,0.00170283,1.70283e-05,24179
7591.09,0.00170239,1.70239e-05,24180
7592.06,0.00170196,1.70196e-05,24181
7593.03,0.00170153,1.70153e-05,24182
7594,0.00170109,1.70109e-05,24183
7594.96,0.00170066,1.70066e-05,24184
7595.93,0.00170023,1.70023e-05,24185
7596.89,0.0016998,1.6998e-05,24186
7597.85,0.00169937,1.69937e-05,24187
7598.81,0.00169894,1.69894e-05,24188
7599.77,0.00169851,1.69851e-05,24189
7600.73,0.00169808,1.69808e-05,24190
7601.69,0.00169765,1.69765e-05,24191
7602.64,0.00169723,1.69723e-05,24192
7603.6,0.0016968,1.6968e-05,24193
7604.55,0.00169638,1.69638e-05,24194
7605.5,0.00169595,1.69595e-05,24195
7606.45,0.00169553,1.69553e-05,24196
7607.4,0.0016951,1.6951e-05,24197
7608.35,0.00169468,1.69468e-05,24198
7609.3,0.00169426,1.69426e-05,24199
7610.24,0.00169384,1.69384e-05,24200
7611.18,0.00169342,1.69342e-05,24201
7612.13,0.001693,1.693e-05,24202
7613.07,0.00169258,1.69258e-05,24203
7614.01,0.00169216,1.69216e-05,24204
7614.95,0.00169175,1.69175e-05,24205
7615.89,0.00169133,1.69133e-05,24206
7616.82,0.00169091,1.69091e-05,24207
7617.76,0.0016905,1.6905e-05,24208
7618.69,0.00169008,1.69008e-05,24209
7619.63,0.00168967,1.68967e-05,24210
7620.56,0.00168926,1.68926e-05,24211
7621.49,0.00168884,1.68884e-05,24212
7622.42,0.00168843,1.68843e-05,24213
7623.35,0.00168802,1.68802e-05,24214
7624.27,0.00168761,1.68761e-05,24215
7625.2,0.0016872,1.6872e-05,24216
7626.12,0.00168679,1.68679e-05,24217
7627.04,0.00168638,1.68638e-05,24218
7627.97,0.00168598,1.68598e-05,24219
7628.89,0.00168557,1.68557e-05,24220
7629.81,0.00168516,1.68516e-05,24221
7630.72,0.00168476,1.68476e-05,24222
7631.64,0.00168435,1.68435e-05,24223
7632.56,0.00168395,1.68395e-05,24224
7633.47,0.00168355,1.68355e-05,24225
7634.38,0.00168314,1.68314e-05,24226
7635.29,0.00168274,1.68274e-05,24227
7636.2,0.00168234,1.68234e-05,24228
7637.11,0.00168194,1.68194e-05,24229
7638.02,0.00168154,1.68154e-05,24230
7638.93,0.00168114,1.68114e-05,24231
7639.83,0.00168074,1.68074e-05,24232
7640.74,0.00168034,1.68034e-05,24233
7641.64,0.00167995,1.67995e-05,24234
7642.54,0.00167955,1.67955e-05,24235
7643.44,0.00167916,1.67916e-05,24236
7644.34,0.00167876,1.67876e-05,24237
7645.24,0.00167837,1.67837e-05,24238
7646.14,0.00167797,1.67797e-05,24239
7647.03,0.00167758,1.67758e-05,24240
7647.93,0.00167719,1.67719e-05,24241
7648.82,0.0016768,1.6768e-05,24242
7649.71,0.0016764,1.6764e-05,24243
7650.6,0.00167601,1.67601e-05,24244
7651.49,0.00167562,1.67562e-05,24245
7652.38,0.00167524,1.67524e-05,24246
7653.27,0.00167485,1.67485e-05,24247
7654.15,0.00167446,1.67446e-05,24248
7655.04,0.00167407,1.67407e-05,24249
7655.92,0.00167369,1.67369e-05,24250
7656.8,0.0016733,1.6733e-05,24251
7657.68,0.00167292,1.67292e-05,24252
7658.56,0.00167253,1.67253e-05,24253
7659.44,0.00167215,1.67215e-05,24254
7660.32,0.00167177,1.67177e-05,24255
7661.19,0.00167138,1.67138e-05,24256
7662.07,0.001671,1.671e-05,24257
7662.94,0.00167062,1.67062e-05,24258
7663.81,0.00167024,1.67024e-05,24259
7664.68,0.00166986,1.66986e-05,24260
7665.55,0.00166948,1.66948e-05,24261
7666.42,0.0016691,1.6691e-05,24262
7667.29,0.00166873,1.66873e-05,24263
7668.15,0.00166835,1.66835e-05,24264
7669.02,0.00166797,1.66797e-05,24265
7669.88,0.0016676,1.6676e-05,24266
7670.74,0.00166722,1.66722e-05,24267
7671.6,0.00166685,1.66685e-05,24268
7672.46,0.00166648,1.66648e-05,24269
7673.32,0.0016661,1.6661e-05,24270
7674.18,0.00166573,1.66573e-05,24271
7675.04,0.00166536,1.66536e-05,24272
7675.89,0.00166499,1.66499e-05,24273
7676.74,0.00166462,1.66462e-05,24274
7677.6,0.00166425,1.66425e-05,24275
7678.45,0.00166388,1.66388e-05,24276
7679.3,0.00166351,1.66351e-05,24277
7680.14,0.00166315,1.66315e-05,24278
7680.99,0.00166278,1.66278e-05,24279
7681.84,0.00166241,1.66241e-05,24280
7682.68,0.00166205,1.66205e-05,24281
7683.53,0.00166168,1.66168e-05,24282
7684.37,0.00166132,1.66132e-05,24283
7685.21,0.00166095,1.66095e-05,24284
7686.05,0.00166059,1.66059e-05,24285
7686.89,0.00166023,1.66023e-05,24286
7687.73,0.00165987,1.65987e-05,24287
7688.56,0.00165951,1.65951e-05,24288
7689.4,0.00165915,1.65915e-05,24289
7690.23,0.00165879,1.65879e-05,24290
7691.06,0.00165843,1.65843e-05,24291
7691.9,0.00165807,1.65807e-05,24292
7692.73,0.00165771,1.65771e-05,24293
7693.55,0.00165735,1.65735e-05,24294
7694.38,0.001657,1.657e-05,24295
7695.21,0.00165664,1.65664e-05,24296
7696.03,0.00165629,1.65629e-05,24297
7696.86,0.00165593,1.65593e-05,24298
7697.68,0.00165558,1.65558e-05,24299
7698.5,0.00165522,1.65522e-05,24300
7699.32,0.00165487,1.65487e-05,24301
7700.14,0.00165452,1.65452e-05,24302
7700.96,0.00165417,1.65417e-05,24303
7701.77,0.00165382,1.65382e-05,24304
7702.59,0.00165347,1.65347e-05,24305
7703.4,0.00165312,1.65312e-05,24306
7704.22,0.00165277,1.65277e-05,24307
7705.03,0.00165242,1.65242e-05,24308
7705.84,0.00165207,1.65207e-05,24309
7706.65,0.00165173,1.65173e-05,24310
7707.46,0.00165138,1.65138e-05,24311
7708.26,0.00165103,1.65103e-05,24312
7709.07,0.00165069,1.65069e-05,24313
7709.87,0.00165034,1.65034e-05,24314
7710.67,0.00165,1.65e-05,24315
7711.48,0.00164966,1.64966e-05,24316
7712.28,0.00164932,1.64932e-05,24317
7713.08,0.00164897,1.64897e-05,24318
7713.87,0.00164863,1.64863e-05,24319
7714.67,0.00164829,1.64829e-05,24320
7715.47,0.00164795,1.64795e-05,24321
7716.26,0.00164761,1.64761e-05,24322
7717.06,0.00164727,1.64727e-05,24323
7717.85,0.00164694,1.64694e-05,24324
7718.64,0.0016466,1.6466e-05,24325
7719.43,0.00164626,1.64626e-05,24326
7720.22,0.00164593,1.64593e-05,24327
7721,0.00164559,1.64559e-05,24328
7721.79,0.00164525,1.64525e-05,24329
7722.57,0.00164492,1.64492e-05,24330
7723.36,0.00164459,1.64459e-05,24331
7724.14,0.00164425,1.64425e-05,24332
7724.92,0.00164392,1.64392e-05,24333
7725.7,0.00164359,1.64359e-05,24334
7726.48,0.00164326,1.64326e-05,24335
7727.26,0.00164293,1.64293e-05,24336
7728.03,0.0016426,1.6426e-05,24337
7728.81,0.00164227,1.64227e-05,24338
7729.58,0.00164194,1.64194e-05,24339
7730.35,0.00164161,1.64161e-05,24340
7731.12,0.00164128,1.64128e-05,24341
7731.9,0.00164096,1.64096e-05,24342
7732.66,0.00164063,1.64063e-05,24343
7733.43,0.0016403,1.6403e-05,24344
7734.2,0.00163998,1.63998e-05,24345
7734.96,0.00163965,1.63966e-05,24346
7735.73,0.00163933,1.63933e-05,24347
7736.49,0.00163901,1.63901e-05,24348
7737.25,0.00163869,1.63869e-05,24349
7738.01,0.00163836,1.63836e-05,24350
7738.77,0.00163804,1.63804e-05,24351
7739.53,0.00163772,1.63772e-05,24352
7740.29,0.0016374,1.6374e-05,24353
7741.04,0.00163708,1.63708e-05,24354
7741.79,0.00163676,1.63676e-05,24355
7742.55,0.00163644,1.63644e-05,24356
7743.3,0.00163613,1.63613e-05,24357
7744.05,0.00163581,1.63581e-05,24358
7744.8,0.00163549,1.63549e-05,24359
7745.55,0.00163518,1.63518e-05,24360
7746.29,0.00163486,1.63486e-05,24361
7747.04,0.00163455,1.63455e-05,24362
7747.78,0.00163423,1.63423e-05,24363
7748.53,0.00163392,1.63392e-05,24364
7749.27,0.00163361,1.63361e-05,24365
7750.01,0.00163329,1.63329e-05,24366
7750.75,0.00163298,1.63298e-05,24367
7751.49,0.00163267,1.63267e-05,24368
7752.23,0.00163236,1.63236e-05,24369
7752.96,0.00163205,1.63205e-05,24370
7753.7,0.00163174,1.63174e-05,24371
7754.43,0.00163143,1.63143e-05,24372
7755.16,0.00163112,1.63112e-05,24373
7755.89,0.00163082,1.63082e-05,24374
7756.62,0.00163051,1.63051e-05,24375
7757.35,0.0016302,1.6302e-05,24376
7758.08,0.0016299,1.6299e-05,24377
7758.81,0.00162959,1.62959e-05,24378
7759.53,0.00162929,1.62929e-05,24379
7760.26,0.00162898,1.62898e-05,24380
7760.98,0.00162868,1.62868e-05,24381
7761.7,0.00162838,1.62838e-05,24382
7762.42,0.00162808,1.62808e-05,24383
7763.14,0.00162777,1.62777e-05,24384
7763.86,0.00162747,1.62747e-05,24385
7764.57,0.00162717,1.62717e-05,24386
7765.29,0.00162687,1.62687e-05,24387
7766,0.00162657,1.62657e-05,24388
7766.72,0.00162628,1.62628e-05,24389
7767.43,0.00162598,1.62598e-05,24390
7768.14,0.00162568,1.62568e-05,24391
7768.85,0.00162538,1.62538e-05,24392
7769.56,0.00162509,1.62509e-05,24393
7770.26,0.00162479,1.62479e-05,24394
7770.97,0.0016245,1.6245e-05,24395
7771.67,0.0016242,1.6242e-05,24396
7772.38,0.00162391,1.62391e-05,24397
7773.08,0.00162361,1.62361e-05,24398
7773.78,0.00162332,1.62332e-05,24399
7774.48,0.00162303,1.62303e-05,24400
7775.18,0.00162274,1.62274e-05,24401
7775.87,0.00162245,1.62245e-05,24402
7776.57,0.00162216,1.62216e-05,24403
7777.26,0.00162187,1.62187e-05,24404
7777.96,0.00162158,1.62158e-05,24405
7778.65,0.00162129,1.62129e-05,24406
7779.34,0.001621,1.621e-05,24407
7780.03,0.00162071,1.62071e-05,24408
7780.72,0.00162043,1.62043e-05,24409
7781.41,0.00162014,1.62014e-05,24410
7782.09,0.00161985,1.61985e-05,24411
7782.78,0.00161957,1.61957e-05,24412
7783.46,0.00161928,1.61928e-05,24413
7784.15,0.001619,1.619e-05,24414
7784.83,0.00161872,1.61872e-05,24415
7785.51,0.00161843,1.61843e-05,24416
7786.19,0.00161815,1.61815e-05,24417
7786.87,0.00161787,1.61787e-05,24418
7787.54,0.00161759,1.61759e-05,24419
7788.22,0.00161731,1.61731e-05,24420
7788.89,0.00161703,1.61703e-05,24421
7789.57,0.00161675,1.61675e-05,24422
7790.24,0.00161647,1.61647e-05,24423
7790.91,0.00161619,1.61619e-05,24424
7791.58,0.00161591,1.61591e-05,24425
7792.25,0.00161564,1.61564e-05,24426
7792.91,0.00161536,1.61536e-05,24427
7793.58,0.00161508,1.61508e-05,24428
7794.24,0.00161481,1.61481e-05,24429
7794.91,0.00161453,1.61453e-05,24430
7795.57,0.00161426,1.61426e-05,24431
7796.23,0.00161399,1.61399e-05,24432
7796.89,0.00161371,1.61371e-05,24433
7797.55,0.00161344,1.61344e-05,24434
7798.21,0.00161317,1.61317e-05,24435
7798.86,0.0016129,1.6129e-05,24436
7799.52,0.00161263,1.61263e-05,24437
7800.17,0.00161236,1.61235e-05,24438
7800.83,0.00161208,1.61208e-05,24439
7801.48,0.00161182,1.61182e-05,24440
7802.13,0.00161155,1.61155e-05,24441
7802.78,0.00161128,1.61128e-05,24442
7803.42,0.00161101,1.61101e-05,24443
7804.07,0.00161074,1.61074e-05,24444
7804.71,0.00161048,1.61048e-05,24445
7805.36,0.00161021,1.61021e-05,24446
7806,0.00160995,1.60995e-05,24447
7806.64,0.00160968,1.60968e-05,24448
7807.28,0.00160942,1.60942e-05,24449
7807.92,0.00160916,1.60916e-05,24450
7808.56,0.00160889,1.60889e-05,24451
7809.2,0.00160863,1.60863e-05,24452
7809.83,0.00160837,1.60837e-05,24453
7810.47,0.00160811,1.60811e-05,24454
7811.1,0.00160785,1.60785e-05,24455
7811.74,0.00160758,1.60758e-05,24456
7812.37,0.00160733,1.60733e-05,24457
7813,0.00160707,1.60707e-05,24458
7813.63,0.00160681,1.60681e-05,24459
7814.25,0.00160655,1.60655e-05,24460
7814.88,0.00160629,1.60629e-05,24461
7815.5,0.00160603,1.60604e-05,24462
7816.13,0.00160578,1.60578e-05,24463
7816.75,0.00160552,1.60552e-05,24464
7817.37,0.00160527,1.60527e-05,24465
7817.99,0.00160501,1.60501e-05,24466
7818.61,0.00160476,1.60476e-05,24467
7819.23,0.00160451,1.60451e-05,24468
7819.85,0.00160425,1.60425e-05,24469
7820.46,0.001604,1.604e-05,24470
7821.07,0.00160375,1.60375e-05,24471
7821.69,0.0016035,1.6035e-05,24472
7822.3,0.00160325,1.60325e-05,24473
7822.91,0.001603,1.603e-05,24474
7823.52,0.00160275,1.60275e-05,24475
7824.13,0.0016025,1.6025e-05,24476
7824.74,0.00160225,1.60225e-05,24477
7825.34,0.001602,1.602e-05,24478
7825.95,0.00160175,1.60175e-05,24479
7826.55,0.00160151,1.60151e-05,24480
7827.15,0.00160126,1.60126e-05,24481
7827.75,0.00160101,1.60101e-05,24482
7828.35,0.00160077,1.60077e-05,24483
7828.95,0.00160052,1.60052e-05,24484
7829.55,0.00160028,1.60028e-05,24485
7830.15,0.00160003,1.60003e-05,24486
7830.74,0.00159979,1.59979e-05,24487
7831.34,0.00159955,1.59955e-05,24488
7831.93,0.00159931,1.59931e-05,24489
7832.52,0.00159906,1.59906e-05,24490
7833.11,0.00159882,1.59882e-05,24491
7833.7,0.00159858,1.59858e-05,24492
7834.29,0.00159834,1.59834e-05,24493
7834.87,0.0015981,1.5981e-05,24494
7835.46,0.00159787,1.59787e-05,24495
7836.04,0.00159763,1.59763e-05,24496
7836.63,0.00159739,1.59739e-05,24497
7837.21,0.00159715,1.59715e-05,24498
7837.79,0.00159692,1.59692e-05,24499
7838.37,0.00159668,1.59668e-05,24500
7838.95,0.00159644,1.59644e-05,24501
7839.52,0.00159621,1.59621e-05,24502
7840.1,0.00159597,1.59597e-05,24503
7840.68,0.00159574,1.59574e-05,24504
7841.25,0.00159551,1.59551e-05,24505
7841.82,0.00159527,1.59527e-05,24506
7842.39,0.00159504,1.59504e-05,24507
7842.96,0.00159481,1.59481e-05,24508
7843.53,0.00159458,1.59458e-05,24509
7844.1,0.00159435,1.59435e-05,24510
7844.67,0.00159412,1.59412e-05,24511
7845.23,0.00159389,1.59389e-05,24512
7845.8,0.00159366,1.59366e-05,24513
7846.36,0.00159343,1.59343e-05,24514
7846.92,0.0015932,1.5932e-05,24515
7847.48,0.00159297,1.59297e-05,24516
7848.04,0.00159275,1.59275e-05,24517
7848.6,0.00159252,1.59252e-05,24518
7849.16,0.00159229,1.59229e-05,24519
7849.71,0.00159207,1.59207e-05,24520
7850.27,0.00159184,1.59184e-05,24521
7850.82,0.00159162,1.59162e-05,24522
7851.37,0.00159139,1.59139e-05,24523
7851.92,0.00159117,1.59117e-05,24524
7852.47,0.00159095,1.59095e-05,24525
7853.02,0.00159073,1.59073e-05,24526
7853.57,0.0015905,1.5905e-05,24527
7854.12,0.00159028,1.59028e-05,24528
7854.66,0.00159006,1.59006e-05,24529
7855.2,0.00158984,1.58984e-05,24530
7855.75,0.00158962,1.58962e-05,24531
7856.29,0.0015894,1.5894e-05,24532
7856.83,0.00158919,1.58919e-05,24533
7857.37,0.00158897,1.58897e-05,24534
7857.91,0.00158875,1.58875e-05,24535
7858.44,0.00158853,1.58853e-05,24536
7858.98,0.00158832,1.58832e-05,24537
7859.51,0.0015881,1.5881e-05,24538
7860.05,0.00158788,1.58788e-05,24539
7860.58,0.00158767,1.58767e-05,24540
7861.11,0.00158745,1.58745e-05,24541
7861.64,0.00158724,1.58724e-05,24542
7862.17,0.00158703,1.58703e-05,24543
7862.69,0.00158681,1.58681e-05,24544
7863.22,0.0015866,1.5866e-05,24545
7863.75,0.00158639,1.58639e-05,24546
7864.27,0.00158618,1.58618e-05,24547
7864.79,0.00158597,1.58597e-05,24548
7865.31,0.00158576,1.58576e-05,24549
7865.83,0.00158555,1.58555e-05,24550
7866.35,0.00158534,1.58534e-05,24551
7866.87,0.00158513,1.58513e-05,24552
7867.39,0.00158492,1.58492e-05,24553
7867.9,0.00158471,1.58471e-05,24554
7868.42,0.00158451,1.58451e-05,24555
7868.93,0.0015843,1.5843e-05,24556
7869.44,0.00158409,1.58409e-05,24557
7869.95,0.00158389,1.58389e-05,24558
7870.46,0.00158368,1.58368e-05,24559
7870.97,0.00158348,1.58348e-05,24560
7871.48,0.00158328,1.58328e-05,24561
7871.98,0.00158307,1.58307e-05,24562
7872.49,0.00158287,1.58287e-05,24563
7872.99,0.00158267,1.58267e-05,24564
7873.49,0.00158246,1.58246e-05,24565
7874,0.00158226,1.58226e-05,24566
7874.5,0.00158206,1.58206e-05,24567
7874.99,0.00158186,1.58186e-05,24568
7875.49,0.00158166,1.58166e-05,24569
7875.99,0.00158146,1.58146e-05,24570
7876.48,0.00158126,1.58126e-05,24571
7876.98,0.00158107,1.58107e-05,24572
7877.47,0.00158087,1.58087e-05,24573
7877.96,0.00158067,1.58067e-05,24574
7878.45,0.00158047,1.58047e-05,24575
7878.94,0.00158028,1.58028e-05,24576
7879.43,0.00158008,1.58008e-05,24577
7879.92,0.00157989,1.57989e-05,24578
7880.4,0.00157969,1.57969e-05,24579
7880.89,0.0015795,1.5795e-05,24580
7881.37,0.0015793,1.5793e-05,24581
7881.85,0.00157911,1.57911e-05,24582
7882.34,0.00157892,1.57892e-05,24583
7882.82,0.00157872,1.57872e-05,24584
7883.29,0.00157853,1.57853e-05,24585
7883.77,0.00157834,1.57834e-05,24586
7884.25,0.00157815,1.57815e-05,24587
7884.72,0.00157796,1.57796e-05,24588
7885.2,0.00157777,1.57777e-05,24589
7885.67,0.00157758,1.57758e-05,24590
7886.14,0.00157739,1.57739e-05,24591
7886.61,0.0015772,1.5772e-05,24592
7887.08,0.00157702,1.57702e-05,24593
7887.55,0.00157683,1.57683e-05,24594
7888.02,0.00157664,1.57664e-05,24595
7888.48,0.00157646,1.57646e-05,24596
7888.95,0.00157627,1.57627e-05,24597
7889.41,0.00157609,1.57609e-05,24598
7889.87,0.0015759,1.5759e-05,24599
7890.34,0.00157572,1.57572e-05,24600
7890.8,0.00157553,1.57553e-05,24601
7891.25,0.00157535,1.57535e-05,24602
7891.71,0.00157517,1.57517e-05,24603
7892.17,0.00157499,1.57499e-05,24604
7892.62,0.0015748,1.5748e-05,24605
7893.08,0.00157462,1.57462e-05,24606
7893.53,0.00157444,1.57444e-05,24607
7893.98,0.00157426,1.57426e-05,24608
7894.43,0.00157408,1.57408e-05,24609
7894.88,0.0015739,1.5739e-05,24610
7895.33,0.00157372,1.57372e-05,24611
7895.77,0.00157355,1.57355e-05,24612
7896.22,0.00157337,1.57337e-05,24613
7896.66,0.00157319,1.57319e-05,24614
7897.11,0.00157302,1.57302e-05,24615
7897.55,0.00157284,1.57284e-05,24616
7897.99,0.00157266,1.57266e-05,24617
7898.43,0.00157249,1.57249e-05,24618
7898.87,0.00157231,1.57231e-05,24619
7899.31,0.00157214,1.57214e-05,24620
7899.74,0.00157197,1.57197e-05,24621
7900.18,0.00157179,1.57179e-05,24622
7900.61,0.00157162,1.57162e-05,24623
7901.05,0.00157145,1.57145e-05,24624
7901.48,0.00157128,1.57128e-05,24625
7901.91,0.0015711,1.5711e-05,24626
7902.34,0.00157093,1.57093e-05,24627
7902.77,0.00157076,1.57076e-05,24628
7903.19,0.00157059,1.57059e-05,24629
7903.62,0.00157042,1.57042e-05,24630
7904.04,0.00157026,1.57026e-05,24631
7904.47,0.00157009,1.57009e-05,24632
7904.89,0.00156992,1.56992e-05,24633
7905.31,0.00156975,1.56975e-05,24634
7905.73,0.00156959,1.56959e-05,24635
7906.15,0.00156942,1.56942e-05,24636
7906.57,0.00156925,1.56925e-05,24637
7906.98,0.00156909,1.56909e-05,24638
7907.4,0.00156892,1.56892e-05,24639
7907.81,0.00156876,1.56876e-05,24640
7908.23,0.0015686,1.5686e-05,24641
7908.64,0.00156843,1.56843e-05,24642
7909.05,0.00156827,1.56827e-05,24643
7909.46,0.00156811,1.56811e-05,24644
7909.86,0.00156795,1.56795e-05,24645
7910.27,0.00156778,1.56778e-05,24646
7910.68,0.00156762,1.56762e-05,24647
7911.08,0.00156746,1.56746e-05,24648
7911.49,0.0015673,1.5673e-05,24649
7911.89,0.00156714,1.56714e-05,24650
7912.29,0.00156698,1.56698e-05,24651
7912.69,0.00156683,1.56683e-05,24652
7913.09,0.00156667,1.56667e-05,24653
7913.49,0.00156651,1.56651e-05,24654
7913.88,0.00156635,1.56635e-05,24655
7914.28,0.0015662,1.5662e-05,24656
7914.67,0.00156604,1.56604e-05,24657
7915.06,0.00156589,1.56589e-05,24658
7915.45,0.00156573,1.56573e-05,24659
7915.84,0.00156558,1.56558e-05,24660
7916.23,0.00156542,1.56542e-05,24661
7916.62,0.00156527,1.56527e-05,24662
7917.01,0.00156512,1.56512e-05,24663
7917.39,0.00156496,1.56496e-05,24664
7917.78,0.00156481,1.56481e-05,24665
7918.16,0.00156466,1.56466e-05,24666
7918.54,0.00156451,1.56451e-05,24667
7918.93,0.00156436,1.56436e-05,24668
7919.31,0.00156421,1.56421e-05,24669
7919.68,0.00156406,1.56406e-05,24670
7920.06,0.00156391,1.56391e-05,24671
7920.44,0.00156376,1.56376e-05,24672
7920.81,0.00156361,1.56361e-05,24673
7921.19,0.00156347,1.56347e-05,24674
7921.56,0.00156332,1.56332e-05,24675
7921.93,0.00156317,1.56317e-05,24676
7922.3,0.00156303,1.56303e-05,24677
7922.67,0.00156288,1.56288e-05,24678
7923.04,0.00156274,1.56274e-05,24679
7923.41,0.00156259,1.56259e-05,24680
7923.77,0.00156245,1.56245e-05,24681
7924.14,0.0015623,1.5623e-05,24682
7924.5,0.00156216,1.56216e-05,24683
7924.86,0.00156202,1.56202e-05,24684
7925.22,0.00156187,1.56187e-05,24685
7925.59,0.00156173,1.56173e-05,24686
7925.94,0.00156159,1.56159e-05,24687
7926.3,0.00156145,1.56145e-05,24688
7926.66,0.00156131,1.56131e-05,24689
7927.01,0.00156117,1.56117e-05,24690
7927.37,0.00156103,1.56103e-05,24691
7927.72,0.00156089,1.56089e-05,24692
7928.07,0.00156075,1.56075e-05,24693
7928.42,0.00156061,1.56061e-05,24694
7928.77,0.00156048,1.56048e-05,24695
7929.12,0.00156034,1.56034e-05,24696
7929.47,0.0015602,1.5602e-05,24697
7929.82,0.00156007,1.56007e-05,24698
7930.16,0.00155993,1.55993e-05,24699
7930.5,0.00155979,1.55979e-05,24700
7930.85,0.00155966,1.55966e-05,24701
7931.19,0.00155953,1.55953e-05,24702
7931.53,0.00155939,1.55939e-05,24703
7931.87,0.00155926,1.55926e-05,24704
7932.21,0.00155913,1.55913e-05,24705
7932.54,0.00155899,1.55899e-05,24706
7932.88,0.00155886,1.55886e-05,24707
7933.21,0.00155873,1.55873e-05,24708
7933.55,0.0015586,1.5586e-05,24709
7933.88,0.00155847,1.55847e-05,24710
7934.21,0.00155834,1.55834e-05,24711
7934.54,0.00155821,1.55821e-05,24712
7934.87,0.00155808,1.55808e-05,24713
7935.19,0.00155795,1.55795e-05,24714
7935.52,0.00155782,1.55782e-05,24715
7935.84,0.0015577,1.5577e-05,24716
7936.17,0.00155757,1.55757e-05,24717
7936.49,0.00155744,1.55744e-05,24718
7936.81,0.00155732,1.55732e-05,24719
7937.13,0.00155719,1.55719e-05,24720
7937.45,0.00155707,1.55707e-05,24721
7937.77,0.00155694,1.55694e-05,24722
7938.09,0.00155682,1.55682e-05,24723
7938.4,0.00155669,1.55669e-05,24724
7938.72,0.00155657,1.55657e-05,24725
7939.03,0.00155645,1.55645e-05,24726
7939.34,0.00155632,1.55632e-05,24727
7939.65,0.0015562,1.5562e-05,24728
7939.96,0.00155608,1.55608e-05,24729
7940.27,0.00155596,1.55596e-05,24730
7940.58,0.00155584,1.55584e-05,24731
7940.88,0.00155572,1.55572e-05,24732
7941.19,0.0015556,1.5556e-05,24733
7941.49,0.00155548,1.55548e-05,24734
7941.79,0.00155536,1.55536e-05,24735
7942.1,0.00155525,1.55524e-05,24736
7942.4,0.00155513,1.55513e-05,24737
7942.7,0.00155501,1.55501e-05,24738
7942.99,0.00155489,1.55489e-05,24739
7943.29,0.00155478,1.55478e-05,24740
7943.59,0.00155466,1.55466e-05,24741
7943.88,0.00155455,1.55455e-05,24742
7944.17,0.00155443,1.55443e-05,24743
7944.47,0.00155432,1.55432e-05,24744
7944.76,0.0015542,1.5542e-05,24745
7945.05,0.00155409,1.55409e-05,24746
7945.34,0.00155398,1.55398e-05,24747
7945.62,0.00155386,1.55386e-05,24748
7945.91,0.00155375,1.55375e-05,24749
7946.19,0.00155364,1.55364e-05,24750
7946.48,0.00155353,1.55353e-05,24751
7946.76,0.00155342,1.55342e-05,24752
7947.04,0.00155331,1.55331e-05,24753
7947.32,0.0015532,1.5532e-05,24754
7947.6,0.00155309,1.55309e-05,24755
7947.88,0.00155298,1.55298e-05,24756
7948.16,0.00155287,1.55287e-05,24757
7948.44,0.00155276,1.55276e-05,24758
7948.71,0.00155266,1.55266e-05,24759
7948.98,0.00155255,1.55255e-05,24760
7949.26,0.00155244,1.55244e-05,24761
7949.53,0.00155234,1.55234e-05,24762
7949.8,0.00155223,1.55223e-05,24763
7950.07,0.00155213,1.55213e-05,24764
7950.34,0.00155202,1.55202e-05,24765
7950.6,0.00155192,1.55192e-05,24766
7950.87,0.00155182,1.55182e-05,24767
7951.13,0.00155171,1.55171e-05,24768
7951.4,0.00155161,1.55161e-05,24769
7951.66,0.00155151,1.55151e-05,24770
7951.92,0.0015514,1.5514e-05,24771
7952.18,0.0015513,1.5513e-05,24772
7952.44,0.0015512,1.5512e-05,24773
7952.69,0.0015511,1.5511e-05,24774
7952.95,0.001551,1.551e-05,24775
7953.21,0.0015509,1.5509e-05,24776
7953.46,0.0015508,1.5508e-05,24777
7953.71,0.00155071,1.5507e-05,24778
7953.97,0.00155061,1.55061e-05,24779
7954.22,0.00155051,1.55051e-05,24780
7954.46,0.00155041,1.55041e-05,24781
7954.71,0.00155032,1.55032e-05,24782
7954.96,0.00155022,1.55022e-05,24783
7955.2,0.00155012,1.55012e-05,24784
7955.45,0.00155003,1.55003e-05,24785
7955.69,0.00154993,1.54993e-05,24786
7955.93,0.00154984,1.54984e-05,24787
7956.18,0.00154975,1.54975e-05,24788
7956.42,0.00154965,1.54965e-05,24789
7956.65,0.00154956,1.54956e-05,24790
7956.89,0.00154947,1.54947e-05,24791
7957.13,0.00154937,1.54937e-05,24792
7957.36,0.00154928,1.54928e-05,24793
7957.6,0.00154919,1.54919e-05,24794
7957.83,0.0015491,1.5491e-05,24795
7958.06,0.00154901,1.54901e-05,24796
7958.29,0.00154892,1.54892e-05,24797
7958.52,0.00154883,1.54883e-05,24798
7958.75,0.00154874,1.54874e-05,24799
7958.97,0.00154866,1.54866e-05,24800
7959.2,0.00154857,1.54857e-05,24801
7959.43,0.00154848,1.54848e-05,24802
7959.65,0.00154839,1.54839e-05,24803
7959.87,0.00154831,1.54831e-05,24804
7960.09,0.00154822,1.54822e-05,24805
7960.31,0.00154813,1.54813e-05,24806
7960.53,0.00154805,1.54805e-05,24807
7960.75,0.00154796,1.54797e-05,24808
7960.97,0.00154788,1.54788e-05,24809
7961.18,0.0015478,1.5478e-05,24810
7961.4,0.00154771,1.54771e-05,24811
7961.61,0.00154763,1.54763e-05,24812
7961.82,0.00154755,1.54755e-05,24813
7962.03,0.00154747,1.54747e-05,24814
7962.24,0.00154739,1.54739e-05,24815
7962.45,0.0015473,1.5473e-05,24816
7962.66,0.00154722,1.54722e-05,24817
7962.86,0.00154714,1.54714e-05,24818
7963.07,0.00154706,1.54706e-05,24819
7963.27,0.00154698,1.54698e-05,24820
7963.47,0.00154691,1.54691e-05,24821
7963.68,0.00154683,1.54683e-05,24822
7963.88,0.00154675,1.54675e-05,24823
7964.08,0.00154667,1.54667e-05,24824
7964.27,0.0015466,1.5466e-05,24825
7964.47,0.00154652,1.54652e-05,24826
7964.67,0.00154644,1.54644e-05,24827
7964.86,0.00154637,1.54637e-05,24828
7965.05,0.00154629,1.54629e-05,24829
7965.25,0.00154622,1.54622e-05,24830
7965.44,0.00154614,1.54614e-05,24831
7965.63,0.00154607,1.54607e-05,24832
7965.82,0.001546,1.546e-05,24833
7966.01,0.00154592,1.54592e-05,24834
7966.19,0.00154585,1.54585e-05,24835
7966.38,0.00154578,1.54578e-05,24836
7966.56,0.00154571,1.54571e-05,24837
7966.75,0.00154564,1.54564e-05,24838
7966.93,0.00154557,1.54557e-05,24839
7967.11,0.0015455,1.5455e-05,24840
7967.29,0.00154543,1.54543e-05,24841
7967.46,0.00154536,1.54536e-05,24842
7967.64,0.00154529,1.54529e-05,24843
7967.82,0.00154522,1.54522e-05,24844
7967.99,0.00154515,1.54515e-05,24845
7968.16,0.00154509,1.54509e-05,24846
7968.34,0.00154502,1.54502e-05,24847
7968.51,0.00154495,1.54495e-05,24848
7968.68,0.00154489,1.54489e-05,24849
7968.85,0.00154482,1.54482e-05,24850
7969.02,0.00154476,1.54476e-05,24851
7969.18,0.00154469,1.54469e-05,24852
7969.35,0.00154463,1.54463e-05,24853
7969.51,0.00154456,1.54456e-05,24854
7969.68,0.0015445,1.5445e-05,24855
7969.84,0.00154444,1.54444e-05,24856
7970,0.00154437,1.54437e-05,24857
7970.16,0.00154431,1.54431e-05,24858
7970.32,0.00154425,1.54425e-05,24859
7970.47,0.00154419,1.54419e-05,24860
7970.63,0.00154413,1.54413e-05,24861
7970.78,0.00154407,1.54407e-05,24862
7970.94,0.00154401,1.54401e-05,24863
7971.09,0.00154395,1.54395e-05,24864
7971.24,0.00154389,1.54389e-05,24865
7971.39,0.00154383,1.54383e-05,24866
7971.54,0.00154378,1.54378e-05,24867
7971.69,0.00154372,1.54372e-05,24868
7971.84,0.00154366,1.54366e-05,24869
7971.98,0.00154361,1.54361e-05,24870
7972.13,0.00154355,1.54355e-05,24871
7972.27,0.00154349,1.54349e-05,24872
7972.41,0.00154344,1.54344e-05,24873
7972.56,0.00154338,1.54338e-05,24874
7972.7,0.00154333,1.54333e-05,24875
7972.83,0.00154328,1.54328e-05,24876
7972.97,0.00154322,1.54322e-05,24877
7973.11,0.00154317,1.54317e-05,24878
7973.24,0.00154312,1.54312e-05,24879
7973.38,0.00154307,1.54307e-05,24880
7973.51,0.00154301,1.54301e-05,24881
7973.64,0.00154296,1.54296e-05,24882
7973.78,0.00154291,1.54291e-05,24883
7973.9,0.00154286,1.54286e-05,24884
7974.03,0.00154281,1.54281e-05,24885
7974.16,0.00154276,1.54276e-05,24886
7974.29,0.00154271,1.54271e-05,24887
7974.41,0.00154266,1.54267e-05,24888
7974.54,0.00154262,1.54262e-05,24889
7974.66,0.00154257,1.54257e-05,24890
7974.78,0.00154252,1.54252e-05,24891
7974.9,0.00154248,1.54248e-05,24892
7975.02,0.00154243,1.54243e-05,24893
7975.14,0.00154238,1.54238e-05,24894
7975.25,0.00154234,1.54234e-05,24895
7975.37,0.0015423,1.5423e-05,24896
7975.48,0.00154225,1.54225e-05,24897
7975.6,0.00154221,1.54221e-05,24898
7975.71,0.00154216,1.54216e-05,24899
7975.82,0.00154212,1.54212e-05,24900
7975.93,0.00154208,1.54208e-05,24901
7976.04,0.00154204,1.54204e-05,24902
7976.15,0.00154199,1.54199e-05,24903
7976.25,0.00154195,1.54195e-05,24904
7976.36,0.00154191,1.54191e-05,24905
7976.46,0.00154187,1.54187e-05,24906
7976.56,0.00154183,1.54183e-05,24907
7976.67,0.00154179,1.54179e-05,24908
7976.77,0.00154175,1.54175e-05,24909
7976.87,0.00154172,1.54172e-05,24910
7976.96,0.00154168,1.54168e-05,24911
7977.06,0.00154164,1.54164e-05,24912
7977.16,0.0015416,1.5416e-05,24913
7977.25,0.00154157,1.54157e-05,24914
7977.35,0.00154153,1.54153e-05,24915
7977.44,0.00154149,1.54149e-05,24916
7977.53,0.00154146,1.54146e-05,24917
7977.62,0.00154142,1.54142e-05,24918
7977.71,0.00154139,1.54139e-05,24919
7977.8,0.00154136,1.54136e-05,24920
7977.88,0.00154132,1.54132e-05,24921
7977.97,0.00154129,1.54129e-05,24922
7978.06,0.00154126,1.54126e-05,24923
7978.14,0.00154122,1.54122e-05,24924
7978.22,0.00154119,1.54119e-05,24925
7978.3,0.00154116,1.54116e-05,24926
7978.38,0.00154113,1.54113e-05,24927
7978.46,0.0015411,1.5411e-05,24928
7978.54,0.00154107,1.54107e-05,24929
7978.61,0.00154104,1.54104e-05,24930
7978.69,0.00154101,1.54101e-05,24931
7978.76,0.00154098,1.54098e-05,24932
7978.83,0.00154096,1.54096e-05,24933
7978.91,0.00154093,1.54093e-05,24934
7978.98,0.0015409,1.5409e-05,24935
7979.05,0.00154087,1.54087e-05,24936
7979.11,0.00154085,1.54085e-05,24937
7979.18,0.00154082,1.54082e-05,24938
7979.25,0.0015408,1.5408e-05,24939
7979.31,0.00154077,1.54077e-05,24940
7979.38,0.00154075,1.54075e-05,24941
7979.44,0.00154072,1.54072e-05,24942
7979.5,0.0015407,1.5407e-05,24943
7979.56,0.00154068,1.54068e-05,24944
7979.62,0.00154065,1.54065e-05,24945
7979.68,0.00154063,1.54063e-05,24946
7979.73,0.00154061,1.54061e-05,24947
7979.79,0.00154059,1.54059e-05,24948
7979.84,0.00154057,1.54057e-05,24949
7979.9,0.00154055,1.54055e-05,24950
7979.95,0.00154053,1.54053e-05,24951
7980,0.00154051,1.54051e-05,24952
7980.05,0.00154049,1.54049e-05,24953
7980.1,0.00154047,1.54047e-05,24954
7980.15,0.00154045,1.54045e-05,24955
7980.19,0.00154043,1.54043e-05,24956
7980.24,0.00154041,1.54041e-05,24957
7980.28,0.0015404,1.5404e-05,24958
7980.32,0.00154038,1.54038e-05,24959
7980.36,0.00154036,1.54036e-05,24960
7980.4,0.00154035,1.54035e-05,24961
7980.44,0.00154033,1.54033e-05,24962
7980.48,0.00154032,1.54032e-05,24963
7980.52,0.00154031,1.54031e-05,24964
7980.55,0.00154029,1.54029e-05,24965
7980.59,0.00154028,1.54028e-05,24966
7980.62,0.00154027,1.54027e-05,24967
7980.65,0.00154025,1.54025e-05,24968
7980.69,0.00154024,1.54024e-05,24969
7980.72,0.00154023,1.54023e-05,24970
7980.74,0.00154022,1.54022e-05,24971
7980.77,0.00154021,1.54021e-05,24972
7980.8,0.0015402,1.5402e-05,24973
7980.82,0.00154019,1.54019e-05,24974
7980.85,0.00154018,1.54018e-05,24975
7980.87,0.00154017,1.54017e-05,24976
7980.89,0.00154016,1.54016e-05,24977
7980.91,0.00154015,1.54015e-05,24978
7980.93,0.00154015,1.54015e-05,24979
7980.95,0.00154014,1.54014e-05,24980
7980.97,0.00154013,1.54013e-05,24981
7980.99,0.00154013,1.54012e-05,24982
7981,0.00154012,1.54012e-05,24983
7981.01,0.00154011,1.54011e-05,24984
7981.03,0.00154011,1.54011e-05,24985
7981.04,0.0015401,1.5401e-05,24986
7981.05,0.0015401,1.5401e-05,24987
7981.06,0.0015401,1.5401e-05,24988
7981.07,0.00154009,1.54009e-05,24989
7981.07,0.00154009,1.54009e-05,24990
7981.08,0.00154009,1.54009e-05,24991
7981.08,0.00154009,1.54009e-05,24992
7981.09,0.00154009,1.54009e-05,24993
7981.09,0.00154009,1.54009e-05,24994
7981.09,0.00154008,1.54008e-05,24995
7981.09,0.00154009,1.54009e-05,24996
7981.09,0.00154009,1.54009e-05,24997
7981.09,0.00154009,1.54009e-05,24998
7981.08,0.00154009,1.54009e-05,24999
7981.08,0.00154009,1.54009e-05,25000
7981.07,0.00154009,1.54009e-05,25001
7981.06,0.00154009,1.54009e-05,25002
7981.06,0.0015401,1.5401e-05,25003
7981.05,0.0015401,1.5401e-05,25004
7981.04,0.00154011,1.54011e-05,25005
7981.02,0.00154011,1.54011e-05,25006
7981.01,0.00154011,1.54011e-05,25007
7981,0.00154012,1.54012e-05,25008
7980.98,0.00154013,1.54013e-05,25009
7980.97,0.00154013,1.54013e-05,25010
7980.95,0.00154014,1.54014e-05,25011
7980.93,0.00154015,1.54015e-05,25012
7980.91,0.00154015,1.54015e-05,25013
7980.89,0.00154016,1.54016e-05,25014
7980.87,0.00154017,1.54017e-05,25015
7980.84,0.00154018,1.54018e-05,25016
7980.82,0.00154019,1.54019e-05,25017
7980.79,0.0015402,1.5402e-05,25018
7980.77,0.00154021,1.54021e-05,25019
7980.74,0.00154022,1.54022e-05,25020
7980.71,0.00154023,1.54023e-05,25021
7980.68,0.00154024,1.54024e-05,25022
7980.65,0.00154026,1.54026e-05,25023
7980.62,0.00154027,1.54027e-05,25024
7980.58,0.00154028,1.54028e-05,25025
7980.55,0.00154029,1.54029e-05,25026
7980.51,0.00154031,1.54031e-05,25027
7980.47,0.00154032,1.54032e-05,25028
7980.44,0.00154034,1.54034e-05,25029
7980.4,0.00154035,1.54035e-05,25030
7980.36,0.00154037,1.54037e-05,25031
7980.32,0.00154038,1.54038e-05,25032
7980.27,0.0015404,1.5404e-05,25033
7980.23,0.00154042,1.54042e-05,25034
7980.18,0.00154043,1.54043e-05,25035
7980.14,0.00154045,1.54045e-05,25036
7980.09,0.00154047,1.54047e-05,25037
7980.04,0.00154049,1.54049e-05,25038
7979.99,0.00154051,1.54051e-05,25039
7979.94,0.00154053,1.54053e-05,25040
7979.89,0.00154055,1.54055e-05,25041
7979.83,0.00154057,1.54057e-05,25042
7979.78,0.00154059,1.54059e-05,25043
7979.72,0.00154061,1.54061e-05,25044
7979.67,0.00154063,1.54063e-05,25045
7979.61,0.00154066,1.54066e-05,25046
7979.55,0.00154068,1.54068e-05,25047
7979.49,0.0015407,1.5407e-05,25048
7979.43,0.00154073,1.54073e-05,25049
7979.37,0.00154075,1.54075e-05,25050
7979.3,0.00154077,1.54077e-05,25051
7979.24,0.0015408,1.5408e-05,25052
7979.17,0.00154083,1.54083e-05,25053
7979.1,0.00154085,1.54085e-05,25054
7979.04,0.00154088,1.54088e-05,25055
7978.97,0.0015409,1.5409e-05,25056
7978.9,0.00154093,1.54093e-05,25057
7978.82,0.00154096,1.54096e-05,25058
7978.75,0.00154099,1.54099e-05,25059
7978.68,0.00154102,1.54102e-05,25060
7978.6,0.00154105,1.54105e-05,25061
7978.52,0.00154108,1.54108e-05,25062
7978.45,0.00154111,1.54111e-05,25063
7978.37,0.00154114,1.54114e-05,25064
7978.29,0.00154117,1.54117e-05,25065
7978.21,0.0015412,1.5412e-05,25066
7978.12,0.00154123,1.54123e-05,25067
7978.04,0.00154126,1.54126e-05,25068
7977.96,0.00154129,1.54129e-05,25069
7977.87,0.00154133,1.54133e-05,25070
7977.78,0.00154136,1.54136e-05,25071
7977.7,0.0015414,1.5414e-05,25072
7977.61,0.00154143,1.54143e-05,25073
7977.52,0.00154146,1.54146e-05,25074
7977.42,0.0015415,1.5415e-05,25075
7977.33,0.00154154,1.54154e-05,25076
7977.24,0.00154157,1.54157e-05,25077
7977.14,0.00154161,1.54161e-05,25078
7977.05,0.00154165,1.54165e-05,25079
7976.95,0.00154168,1.54168e-05,25080
7976.85,0.00154172,1.54172e-05,25081
7976.75,0.00154176,1.54176e-05,25082
7976.65,0.0015418,1.5418e-05,25083
7976.55,0.00154184,1.54184e-05,25084
7976.45,0.00154188,1.54188e-05,25085
7976.34,0.00154192,1.54192e-05,25086
7976.24,0.00154196,1.54196e-05,25087
7976.13,0.001542,1.542e-05,25088
7976.02,0.00154204,1.54204e-05,25089
7975.91,0.00154208,1.54208e-05,25090
7975.8,0.00154213,1.54213e-05,25091
7975.69,0.00154217,1.54217e-05,25092
7975.58,0.00154221,1.54221e-05,25093
7975.46,0.00154226,1.54226e-05,25094
7975.35,0.0015423,1.5423e-05,25095
7975.23,0.00154235,1.54235e-05,25096
7975.12,0.00154239,1.54239e-05,25097
7975,0.00154244,1.54244e-05,25098
7974.88,0.00154248,1.54248e-05,25099
7974.76,0.00154253,1.54253e-05,25100
7974.64,0.00154258,1.54258e-05,25101
7974.52,0.00154263,1.54263e-05,25102
7974.39,0.00154267,1.54267e-05,25103
7974.27,0.00154272,1.54272e-05,25104
7974.14,0.00154277,1.54277e-05,25105
7974.01,0.00154282,1.54282e-05,25106
7973.88,0.00154287,1.54287e-05,25107
7973.75,0.00154292,1.54292e-05,25108
7973.62,0.00154297,1.54297e-05,25109
7973.49,0.00154302,1.54302e-05,25110
7973.36,0.00154307,1.54307e-05,25111
7973.22,0.00154313,1.54313e-05,25112
7973.09,0.00154318,1.54318e-05,25113
7972.95,0.00154323,1.54323e-05,25114
7972.81,0.00154328,1.54328e-05,25115
7972.67,0.00154334,1.54334e-05,25116
7972.53,0.00154339,1.54339e-05,25117
7972.39,0.00154345,1.54345e-05,25118
7972.25,0.0015435,1.5435e-05,25119
7972.11,0.00154356,1.54356e-05,25120
7971.96,0.00154361,1.54361e-05,25121
7971.82,0.00154367,1.54367e-05,25122
7971.67,0.00154373,1.54373e-05,25123
7971.52,0.00154378,1.54378e-05,25124
7971.37,0.00154384,1.54384e-05,25125
7971.22,0.0015439,1.5439e-05,25126
7971.07,0.00154396,1.54396e-05,25127
7970.92,0.00154402,1.54402e-05,25128
7970.76,0.00154408,1.54408e-05,25129
7970.61,0.00154414,1.54414e-05,25130
7970.45,0.0015442,1.5442e-05,25131
7970.29,0.00154426,1.54426e-05,25132
7970.13,0.00154432,1.54432e-05,25133
7969.97,0.00154438,1.54438e-05,25134
7969.81,0.00154445,1.54445e-05,25135
7969.65,0.00154451,1.54451e-05,25136
7969.49,0.00154457,1.54457e-05,25137
7969.32,0.00154464,1.54464e-05,25138
7969.16,0.0015447,1.5447e-05,25139
7968.99,0.00154477,1.54477e-05,25140
7968.82,0.00154483,1.54483e-05,25141
7968.65,0.0015449,1.5449e-05,25142
7968.48,0.00154496,1.54496e-05,25143
7968.31,0.00154503,1.54503e-05,25144
7968.14,0.0015451,1.5451e-05,25145
7967.96,0.00154516,1.54516e-05,25146
7967.79,0.00154523,1.54523e-05,25147
7967.61,0.0015453,1.5453e-05,25148
7967.44,0.00154537,1.54537e-05,25149
7967.26,0.00154544,1.54544e-05,25150
7967.08,0.00154551,1.54551e-05,25151
7966.9,0.00154558,1.54558e-05,25152
7966.71,0.00154565,1.54565e-05,25153
7966.53,0.00154572,1.54572e-05,25154
7966.35,0.00154579,1.54579e-05,25155
7966.16,0.00154586,1.54586e-05,25156
7965.97,0.00154594,1.54594e-05,25157
7965.79,0.00154601,1.54601e-05,25158
7965.6,0.00154608,1.54608e-05,25159
7965.41,0.00154615,1.54615e-05,25160
7965.22,0.00154623,1.54623e-05,25161
7965.02,0.0015463,1.5463e-05,25162
7964.83,0.00154638,1.54638e-05,25163
7964.64,0.00154645,1.54645e-05,25164
7964.44,0.00154653,1.54653e-05,25165
7964.24,0.00154661,1.54661e-05,25166
7964.04,0.00154668,1.54668e-05,25167
7963.85,0.00154676,1.54676e-05,25168
7963.64,0.00154684,1.54684e-05,25169
7963.44,0.00154692,1.54692e-05,25170
7963.24,0.001547,1.547e-05,25171
7963.04,0.00154708,1.54708e-05,25172
7962.83,0.00154716,1.54716e-05,25173
7962.62,0.00154724,1.54724e-05,25174
7962.42,0.00154732,1.54732e-05,25175
7962.21,0.0015474,1.5474e-05,25176
7962,0.00154748,1.54748e-05,25177
7961.79,0.00154756,1.54756e-05,25178
7961.58,0.00154764,1.54764e-05,25179
7961.36,0.00154773,1.54773e-05,25180
7961.15,0.00154781,1.54781e-05,25181
7960.93,0.00154789,1.54789e-05,25182
7960.72,0.00154798,1.54798e-05,25183
7960.5,0.00154806,1.54806e-05,25184
7960.28,0.00154815,1.54815e-05,25185
7960.06,0.00154823,1.54823e-05,25186
7959.84,0.00154832,1.54832e-05,25187
7959.61,0.00154841,1.54841e-05,25188
7959.39,0.00154849,1.54849e-05,25189
7959.16,0.00154858,1.54858e-05,25190
7958.94,0.00154867,1.54867e-05,25191
7958.71,0.00154876,1.54876e-05,25192
7958.48,0.00154885,1.54885e-05,25193
7958.25,0.00154894,1.54894e-05,25194
7958.02,0.00154903,1.54903e-05,25195
7957.79,0.00154912,1.54912e-05,25196
7957.56,0.00154921,1.54921e-05,25197
7957.32,0.0015493,1.5493e-05,25198
7957.09,0.00154939,1.54939e-05,25199
7956.85,0.00154948,1.54948e-05,25200
7956.61,0.00154957,1.54957e-05,25201
7956.38,0.00154967,1.54967e-05,25202
7956.14,0.00154976,1.54976e-05,25203
7955.89,0.00154985,1.54985e-05,25204
7955.65,0.00154995,1.54995e-05,25205
7955.41,0.00155004,1.55004e-05,25206
7955.16,0.00155014,1.55014e-05,25207
7954.92,0.00155024,1.55024e-05,25208
7954.67,0.00155033,1.55033e-05,25209
7954.42,0.00155043,1.55043e-05,25210
7954.17,0.00155053,1.55053e-05,25211
7953.92,0.00155062,1.55062e-05,25212
7953.67,0.00155072,1.55072e-05,25213
7953.42,0.00155082,1.55082e-05,25214
7953.16,0.00155092,1.55092e-05,25215
7952.91,0.00155102,1.55102e-05,25216
7952.65,0.00155112,1.55112e-05,25217
7952.4,0.00155122,1.55122e-05,25218
7952.14,0.00155132,1.55132e-05,25219
7951.88,0.00155142,1.55142e-05,25220
7951.62,0.00155152,1.55152e-05,25221
7951.35,0.00155163,1.55163e-05,25222
7951.09,0.00155173,1.55173e-05,25223
7950.83,0.00155183,1.55183e-05,25224
7950.56,0.00155194,1.55194e-05,25225
7950.29,0.00155204,1.55204e-05,25226
7950.03,0.00155214,1.55214e-05,25227
7949.76,0.00155225,1.55225e-05,25228
7949.49,0.00155235,1.55235e-05,25229
7949.21,0.00155246,1.55246e-05,25230
7948.94,0.00155257,1.55257e-05,25231
7948.67,0.00155267,1.55267e-05,25232
7948.39,0.00155278,1.55278e-05,25233
7948.12,0.00155289,1.55289e-05,25234
7947.84,0.001553,1.553e-05,25235
7947.56,0.00155311,1.55311e-05,25236
7947.28,0.00155322,1.55322e-05,25237
7947,0.00155333,1.55333e-05,25238
7946.72,0.00155344,1.55344e-05,25239
7946.44,0.00155355,1.55355e-05,25240
7946.15,0.00155366,1.55366e-05,25241
7945.87,0.00155377,1.55377e-05,25242
7945.58,0.00155388,1.55388e-05,25243
7945.29,0.00155399,1.55399e-05,25244
7945,0.00155411,1.55411e-05,25245
7944.71,0.00155422,1.55422e-05,25246
7944.42,0.00155433,1.55433e-05,25247
7944.13,0.00155445,1.55445e-05,25248
7943.83,0.00155456,1.55456e-05,25249
7943.54,0.00155468,1.55468e-05,25250
7943.24,0.0015548,1.5548e-05,25251
7942.95,0.00155491,1.55491e-05,25252
7942.65,0.00155503,1.55503e-05,25253
7942.35,0.00155515,1.55515e-05,25254
7942.05,0.00155526,1.55526e-05,25255
7941.75,0.00155538,1.55538e-05,25256
7941.44,0.0015555,1.5555e-05,25257
7941.14,0.00155562,1.55562e-05,25258
7940.83,0.00155574,1.55574e-05,25259
7940.53,0.00155586,1.55586e-05,25260
7940.22,0.00155598,1.55598e-05,25261
7939.91,0.0015561,1.5561e-05,25262
7939.6,0.00155622,1.55622e-05,25263
7939.29,0.00155634,1.55634e-05,25264
7938.98,0.00155647,1.55647e-05,25265
7938.66,0.00155659,1.55659e-05,25266
7938.35,0.00155671,1.55671e-05,25267
7938.03,0.00155684,1.55684e-05,25268
7937.72,0.00155696,1.55696e-05,25269
7937.4,0.00155709,1.55709e-05,25270
7937.08,0.00155721,1.55721e-05,25271
7936.76,0.00155734,1.55734e-05,25272
7936.44,0.00155746,1.55746e-05,25273
7936.11,0.00155759,1.55759e-05,25274
7935.79,0.00155772,1.55772e-05,25275
7935.46,0.00155785,1.55785e-05,25276
7935.14,0.00155797,1.55797e-05,25277
7934.81,0.0015581,1.5581e-05,25278
7934.48,0.00155823,1.55823e-05,25279
7934.15,0.00155836,1.55836e-05,25280
7933.82,0.00155849,1.55849e-05,25281
7933.49,0.00155862,1.55862e-05,25282
7933.16,0.00155875,1.55875e-05,25283
7932.82,0.00155888,1.55888e-05,25284
7932.49,0.00155902,1.55902e-05,25285
7932.15,0.00155915,1.55915e-05,25286
7931.81,0.00155928,1.55928e-05,25287
7931.47,0.00155941,1.55941e-05,25288
7931.13,0.00155955,1.55955e-05,25289
7930.79,0.00155968,1.55968e-05,25290
7930.45,0.00155982,1.55982e-05,25291
7930.1,0.00155995,1.55995e-05,25292
7929.76,0.00156009,1.56009e-05,25293
7929.41,0.00156022,1.56022e-05,25294
7929.07,0.00156036,1.56036e-05,25295
7928.72,0.0015605,1.5605e-05,25296
7928.37,0.00156064,1.56064e-05,25297
7928.02,0.00156077,1.56077e-05,25298
7927.66,0.00156091,1.56091e-05,25299
7927.31,0.00156105,1.56105e-05,25300
7926.96,0.00156119,1.56119e-05,25301
7926.6,0.00156133,1.56133e-05,25302
7926.24,0.00156147,1.56147e-05,25303
7925.89,0.00156161,1.56161e-05,25304
7925.53,0.00156175,1.56175e-05,25305
7925.17,0.0015619,1.5619e-05,25306
7924.81,0.00156204,1.56204e-05,25307
7924.44,0.00156218,1.56218e-05,25308
7924.08,0.00156232,1.56233e-05,25309
7923.72,0.00156247,1.56247e-05,25310
7923.35,0.00156261,1.56261e-05,25311
7922.98,0.00156276,1.56276e-05,25312
7922.61,0.0015629,1.5629e-05,25313
7922.24,0.00156305,1.56305e-05,25314
7921.87,0.0015632,1.5632e-05,25315
7921.5,0.00156334,1.56334e-05,25316
7921.13,0.00156349,1.56349e-05,25317
7920.75,0.00156364,1.56364e-05,25318
7920.38,0.00156379,1.56379e-05,25319
7920,0.00156393,1.56393e-05,25320
7919.62,0.00156408,1.56408e-05,25321
7919.24,0.00156423,1.56423e-05,25322
7918.86,0.00156438,1.56438e-05,25323
7918.48,0.00156453,1.56453e-05,25324
7918.1,0.00156469,1.56469e-05,25325
7917.72,0.00156484,1.56484e-05,25326
7917.33,0.00156499,1.56499e-05,25327
7916.95,0.00156514,1.56514e-05,25328
7916.56,0.00156529,1.56529e-05,25329
7916.17,0.00156545,1.56545e-05,25330
7915.78,0.0015656,1.5656e-05,25331
7915.39,0.00156576,1.56576e-05,25332
7915,0.00156591,1.56591e-05,25333
7914.6,0.00156607,1.56607e-05,25334
7914.21,0.00156622,1.56622e-05,25335
7913.82,0.00156638,1.56638e-05,25336
7913.42,0.00156654,1.56654e-05,25337
7913.02,0.00156669,1.56669e-05,25338
7912.62,0.00156685,1.56685e-05,25339
7912.22,0.00156701,1.56701e-05,25340
7911.82,0.00156717,1.56717e-05,25341
7911.42,0.00156733,1.56733e-05,25342
7911.02,0.00156749,1.56749e-05,25343
7910.61,0.00156765,1.56765e-05,25344
7910.21,0.00156781,1.56781e-05,25345
7909.8,0.00156797,1.56797e-05,25346
7909.39,0.00156813,1.56813e-05,25347
7908.98,0.0015683,1.5683e-05,25348
7908.57,0.00156846,1.56846e-05,25349
7908.16,0.00156862,1.56862e-05,25350
7907.74,0.00156879,1.56879e-05,25351
7907.33,0.00156895,1.56895e-05,25352
7906.92,0.00156912,1.56912e-05,25353
7906.5,0.00156928,1.56928e-05,25354
7906.08,0.00156945,1.56945e-05,25355
7905.66,0.00156961,1.56961e-05,25356
7905.24,0.00156978,1.56978e-05,25357
7904.82,0.00156995,1.56995e-05,25358
7904.4,0.00157011,1.57011e-05,25359
7903.97,0.00157028,1.57028e-05,25360
7903.55,0.00157045,1.57045e-05,25361
7903.12,0.00157062,1.57062e-05,25362
7902.7,0.00157079,1.57079e-05,25363
7902.27,0.00157096,1.57096e-05,25364
7901.84,0.00157113,1.57113e-05,25365
7901.41,0.0015713,1.5713e-05,25366
7900.98,0.00157148,1.57148e-05,25367
7900.54,0.00157165,1.57165e-05,25368
7900.11,0.00157182,1.57182e-05,25369
7899.67,0.00157199,1.57199e-05,25370
7899.24,0.00157217,1.57217e-05,25371
7898.8,0.00157234,1.57234e-05,25372
7898.36,0.00157252,1.57252e-05,25373
7897.92,0.00157269,1.57269e-05,25374
7897.48,0.00157287,1.57287e-05,25375
7897.04,0.00157304,1.57304e-05,25376
7896.59,0.00157322,1.57322e-05,25377
7896.15,0.0015734,1.5734e-05,25378
7895.7,0.00157357,1.57357e-05,25379
7895.26,0.00157375,1.57375e-05,25380
7894.81,0.00157393,1.57393e-05,25381
7894.36,0.00157411,1.57411e-05,25382
7893.91,0.00157429,1.57429e-05,25383
7893.45,0.00157447,1.57447e-05,25384
7893,0.00157465,1.57465e-05,25385
7892.55,0.00157483,1.57483e-05,25386
7892.09,0.00157502,1.57501e-05,25387
7891.64,0.0015752,1.5752e-05,25388
7891.18,0.00157538,1.57538e-05,25389
7890.72,0.00157556,1.57556e-05,25390
7890.26,0.00157575,1.57575e-05,25391
7889.8,0.00157593,1.57593e-05,25392
7889.34,0.00157612,1.57612e-05,25393
7888.87,0.0015763,1.5763e-05,25394
7888.41,0.00157649,1.57649e-05,25395
7887.94,0.00157667,1.57667e-05,25396
7887.47,0.00157686,1.57686e-05,25397
7887.01,0.00157705,1.57705e-05,25398
7886.54,0.00157724,1.57724e-05,25399
7886.07,0.00157742,1.57742e-05,25400
7885.59,0.00157761,1.57761e-05,25401
7885.12,0.0015778,1.5778e-05,25402
7884.65,0.00157799,1.57799e-05,25403
7884.17,0.00157818,1.57818e-05,25404
7883.7,0.00157837,1.57837e-05,25405
7883.22,0.00157856,1.57856e-05,25406
7882.74,0.00157876,1.57876e-05,25407
7882.26,0.00157895,1.57895e-05,25408
7881.78,0.00157914,1.57914e-05,25409
7881.29,0.00157933,1.57933e-05,25410
7880.81,0.00157953,1.57953e-05,25411
7880.32,0.00157972,1.57972e-05,25412
7879.84,0.00157992,1.57992e-05,25413
7879.35,0.00158011,1.58011e-05,25414
7878.86,0.00158031,1.58031e-05,25415
7878.37,0.0015805,1.58051e-05,25416
7877.88,0.0015807,1.5807e-05,25417
7877.39,0.0015809,1.5809e-05,25418
7876.9,0.0015811,1.5811e-05,25419
7876.4,0.0015813,1.5813e-05,25420
7875.91,0.00158149,1.58149e-05,25421
7875.41,0.00158169,1.58169e-05,25422
7874.91,0.00158189,1.58189e-05,25423
7874.41,0.0015821,1.5821e-05,25424
7873.91,0.0015823,1.5823e-05,25425
7873.41,0.0015825,1.5825e-05,25426
7872.91,0.0015827,1.5827e-05,25427
7872.41,0.0015829,1.5829e-05,25428
7871.9,0.00158311,1.58311e-05,25429
7871.39,0.00158331,1.58331e-05,25430
7870.89,0.00158351,1.58351e-05,25431
7870.38,0.00158372,1.58372e-05,25432
7869.87,0.00158392,1.58392e-05,25433
7869.36,0.00158413,1.58413e-05,25434
7868.85,0.00158433,1.58433e-05,25435
7868.33,0.00158454,1.58454e-05,25436
7867.82,0.00158475,1.58475e-05,25437
7867.3,0.00158496,1.58496e-05,25438
7866.79,0.00158516,1.58516e-05,25439
7866.27,0.00158537,1.58537e-05,25440
7865.75,0.00158558,1.58558e-05,25441
7865.23,0.00158579,1.58579e-05,25442
7864.71,0.001586,1.586e-05,25443
7864.19,0.00158621,1.58621e-05,25444
7863.66,0.00158642,1.58642e-05,25445
7863.14,0.00158664,1.58664e-05,25446
7862.61,0.00158685,1.58685e-05,25447
7862.08,0.00158706,1.58706e-05,25448
7861.55,0.00158728,1.58728e-05,25449
7861.02,0.00158749,1.58749e-05,25450
7860.49,0.0015877,1.5877e-05,25451
7859.96,0.00158792,1.58792e-05,25452
7859.43,0.00158813,1.58813e-05,25453
7858.89,0.00158835,1.58835e-05,25454
7858.36,0.00158857,1.58857e-05,25455
7857.82,0.00158878,1.58878e-05,25456
7857.28,0.001589,1.589e-05,25457
7856.74,0.00158922,1.58922e-05,25458
7856.2,0.00158944,1.58944e-05,25459
7855.66,0.00158966,1.58966e-05,25460
7855.12,0.00158988,1.58988e-05,25461
7854.57,0.0015901,1.5901e-05,25462
7854.03,0.00159032,1.59032e-05,25463
7853.48,0.00159054,1.59054e-05,25464
7852.93,0.00159076,1.59076e-05,25465
7852.38,0.00159098,1.59098e-05,25466
7851.83,0.00159121,1.59121e-05,25467
7851.28,0.00159143,1.59143e-05,25468
7850.73,0.00159165,1.59165e-05,25469
7850.18,0.00159188,1.59188e-05,25470
7849.62,0.0015921,1.5921e-05,25471
7849.07,0.00159233,1.59233e-05,25472
7848.51,0.00159256,1.59256e-05,25473
7847.95,0.00159278,1.59278e-05,25474
7847.39,0.00159301,1.59301e-05,25475
7846.83,0.00159324,1.59324e-05,25476
7846.27,0.00159347,1.59347e-05,25477
7845.71,0.00159369,1.59369e-05,25478
7845.14,0.00159392,1.59392e-05,25479
7844.58,0.00159415,1.59415e-05,25480
7844.01,0.00159438,1.59438e-05,25481
7843.44,0.00159461,1.59461e-05,25482
7842.87,0.00159485,1.59485e-05,25483
7842.3,0.00159508,1.59508e-05,25484
7841.73,0.00159531,1.59531e-05,25485
7841.16,0.00159554,1.59554e-05,25486
7840.58,0.00159578,1.59578e-05,25487
7840.01,0.00159601,1.59601e-05,25488
7839.43,0.00159625,1.59625e-05,25489
7838.85,0.00159648,1.59648e-05,25490
7838.28,0.00159672,1.59672e-05,25491
7837.7,0.00159695,1.59695e-05,25492
7837.12,0.00159719,1.59719e-05,25493
7836.53,0.00159743,1.59743e-05,25494
7835.95,0.00159766,1.59767e-05,25495
7835.37,0.0015979,1.5979e-05,25496
7834.78,0.00159814,1.59814e-05,25497
7834.19,0.00159838,1.59838e-05,25498
7833.6,0.00159862,1.59862e-05,25499
7833.02,0.00159886,1.59886e-05,25500
7832.43,0.0015991,1.5991e-05,25501
7831.83,0.00159934,1.59934e-05,25502
7831.24,0.00159959,1.59959e-05,25503
7830.65,0.00159983,1.59983e-05,25504
7830.05,0.00160007,1.60007e-05,25505
7829.45,0.00160032,1.60032e-05,25506
7828.86,0.00160056,1.60056e-05,25507
7828.26,0.00160081,1.60081e-05,25508
7827.66,0.00160105,1.60105e-05,25509
7827.06,0.0016013,1.6013e-05,25510
7826.45,0.00160154,1.60154e-05,25511
7825.85,0.00160179,1.60179e-05,25512
7825.24,0.00160204,1.60204e-05,25513
7824.64,0.00160229,1.60229e-05,25514
7824.03,0.00160254,1.60254e-05,25515
7823.42,0.00160279,1.60279e-05,25516
7822.81,0.00160304,1.60304e-05,25517
7822.2,0.00160329,1.60329e-05,25518
7821.59,0.00160354,1.60354e-05,25519
7820.98,0.00160379,1.60379e-05,25520
7820.36,0.00160404,1.60404e-05,25521
7819.75,0.00160429,1.60429e-05,25522
7819.13,0.00160455,1.60455e-05,25523
7818.51,0.0016048,1.6048e-05,25524
7817.89,0.00160505,1.60505e-05,25525
7817.27,0.00160531,1.60531e-05,25526
7816.65,0.00160556,1.60556e-05,25527
7816.03,0.00160582,1.60582e-05,25528
7815.4,0.00160608,1.60608e-05,25529
7814.78,0.00160633,1.60633e-05,25530
7814.15,0.00160659,1.60659e-05,25531
7813.52,0.00160685,1.60685e-05,25532
7812.9,0.00160711,1.60711e-05,25533
7812.27,0.00160737,1.60737e-05,25534
7811.63,0.00160763,1.60763e-05,25535
7811,0.00160789,1.60789e-05,25536
7810.37,0.00160815,1.60815e-05,25537
7809.73,0.00160841,1.60841e-05,25538
7809.1,0.00160867,1.60867e-05,25539
7808.46,0.00160893,1.60893e-05,25540
7807.82,0.0016092,1.6092e-05,25541
7807.18,0.00160946,1.60946e-05,25542
7806.54,0.00160973,1.60973e-05,25543
7805.9,0.00160999,1.60999e-05,25544
7805.26,0.00161025,1.61025e-05,25545
7804.61,0.00161052,1.61052e-05,25546
7803.97,0.00161079,1.61079e-05,25547
7803.32,0.00161105,1.61105e-05,25548
7802.67,0.00161132,1.61132e-05,25549
7802.02,0.00161159,1.61159e-05,25550
7801.37,0.00161186,1.61186e-05,25551
7800.72,0.00161213,1.61213e-05,25552
7800.07,0.0016124,1.6124e-05,25553
7799.41,0.00161267,1.61267e-05,25554
7798.76,0.00161294,1.61294e-05,25555
7798.1,0.00161321,1.61321e-05,25556
7797.44,0.00161348,1.61348e-05,25557
7796.79,0.00161376,1.61376e-05,25558
7796.13,0.00161403,1.61403e-05,25559
7795.46,0.0016143,1.6143e-05,25560
7794.8,0.00161458,1.61458e-05,25561
7794.14,0.00161485,1.61485e-05,25562
7793.47,0.00161513,1.61513e-05,25563
7792.81,0.0016154,1.6154e-05,25564
7792.14,0.00161568,1.61568e-05,25565
7791.47,0.00161596,1.61596e-05,25566
7790.8,0.00161624,1.61624e-05,25567
7790.13,0.00161651,1.61651e-05,25568
7789.46,0.00161679,1.61679e-05,25569
7788.79,0.00161707,1.61707e-05,25570
7788.11,0.00161735,1.61735e-05,25571
7787.44,0.00161763,1.61763e-05,25572
7786.76,0.00161791,1.61791e-05,25573
7786.08,0.0016182,1.6182e-05,25574
7785.4,0.00161848,1.61848e-05,25575
7784.72,0.00161876,1.61876e-05,25576
7784.04,0.00161905,1.61905e-05,25577
7783.36,0.00161933,1.61933e-05,25578
7782.67,0.00161961,1.61961e-05,25579
7781.99,0.0016199,1.6199e-05,25580
7781.3,0.00162019,1.62019e-05,25581
7780.61,0.00162047,1.62047e-05,25582
7779.92,0.00162076,1.62076e-05,25583
7779.23,0.00162105,1.62105e-05,25584
7778.54,0.00162133,1.62133e-05,25585
7777.85,0.00162162,1.62162e-05,25586
7777.15,0.00162191,1.62191e-05,25587
7776.46,0.0016222,1.6222e-05,25588
7775.76,0.00162249,1.62249e-05,25589
7775.07,0.00162278,1.62278e-05,25590
7774.37,0.00162308,1.62308e-05,25591
7773.67,0.00162337,1.62337e-05,25592
7772.97,0.00162366,1.62366e-05,25593
7772.26,0.00162395,1.62395e-05,25594
7771.56,0.00162425,1.62425e-05,25595
7770.86,0.00162454,1.62454e-05,25596
7770.15,0.00162484,1.62484e-05,25597
7769.44,0.00162513,1.62513e-05,25598
7768.74,0.00162543,1.62543e-05,25599
7768.03,0.00162573,1.62573e-05,25600
7767.31,0.00162602,1.62603e-05,25601
7766.6,0.00162632,1.62632e-05,25602
7765.89,0.00162662,1.62662e-05,25603
7765.18,0.00162692,1.62692e-05,25604
7764.46,0.00162722,1.62722e-05,25605
7763.74,0.00162752,1.62752e-05,25606
7763.03,0.00162782,1.62782e-05,25607
7762.31,0.00162812,1.62812e-05,25608
7761.59,0.00162843,1.62843e-05,25609
7760.86,0.00162873,1.62873e-05,25610
7760.14,0.00162903,1.62903e-05,25611
7759.42,0.00162934,1.62934e-05,25612
7758.69,0.00162964,1.62964e-05,25613
7757.97,0.00162995,1.62995e-05,25614
7757.24,0.00163025,1.63025e-05,25615
7756.51,0.00163056,1.63056e-05,25616
7755.78,0.00163087,1.63087e-05,25617
7755.05,0.00163117,1.63117e-05,25618
7754.31,0.00163148,1.63148e-05,25619
7753.58,0.00163179,1.63179e-05,25620
7752.85,0.0016321,1.6321e-05,25621
7752.11,0.00163241,1.63241e-05,25622
7751.37,0.00163272,1.63272e-05,25623
7750.63,0.00163303,1.63303e-05,25624
7749.89,0.00163334,1.63334e-05,25625
7749.15,0.00163366,1.63366e-05,25626
7748.41,0.00163397,1.63397e-05,25627
7747.67,0.00163428,1.63428e-05,25628
7746.92,0.0016346,1.6346e-05,25629
7746.18,0.00163491,1.63491e-05,25630
7745.43,0.00163523,1.63523e-05,25631
7744.68,0.00163554,1.63554e-05,25632
7743.93,0.00163586,1.63586e-05,25633
7743.18,0.00163618,1.63618e-05,25634
7742.43,0.00163649,1.63649e-05,25635
7741.68,0.00163681,1.63681e-05,25636
7740.92,0.00163713,1.63713e-05,25637
7740.17,0.00163745,1.63745e-05,25638
7739.41,0.00163777,1.63777e-05,25639
7738.65,0.00163809,1.63809e-05,25640
7737.89,0.00163841,1.63841e-05,25641
7737.13,0.00163874,1.63874e-05,25642
7736.37,0.00163906,1.63906e-05,25643
7735.61,0.00163938,1.63938e-05,25644
7734.84,0.00163971,1.63971e-05,25645
7734.08,0.00164003,1.64003e-05,25646
7733.31,0.00164036,1.64036e-05,25647
7732.54,0.00164068,1.64068e-05,25648
7731.78,0.00164101,1.64101e-05,25649
7731,0.00164133,1.64133e-05,25650
7730.23,0.00164166,1.64166e-05,25651
7729.46,0.00164199,1.64199e-05,25652
7728.69,0.00164232,1.64232e-05,25653
7727.91,0.00164265,1.64265e-05,25654
7727.14,0.00164298,1.64298e-05,25655
7726.36,0.00164331,1.64331e-05,25656
7725.58,0.00164364,1.64364e-05,25657
7724.8,0.00164397,1.64397e-05,25658
7724.02,0.00164431,1.64431e-05,25659
7723.24,0.00164464,1.64464e-05,25660
7722.45,0.00164497,1.64497e-05,25661
7721.67,0.00164531,1.64531e-05,25662
7720.88,0.00164564,1.64564e-05,25663
7720.09,0.00164598,1.64598e-05,25664
7719.31,0.00164631,1.64631e-05,25665
7718.52,0.00164665,1.64665e-05,25666
7717.73,0.00164699,1.64699e-05,25667
7716.93,0.00164733,1.64733e-05,25668
7716.14,0.00164766,1.64766e-05,25669
7715.34,0.001648,1.648e-05,25670
7714.55,0.00164834,1.64834e-05,25671
7713.75,0.00164869,1.64869e-05,25672
7712.95,0.00164903,1.64903e-05,25673
7712.15,0.00164937,1.64937e-05,25674
7711.35,0.00164971,1.64971e-05,25675
7710.55,0.00165005,1.65005e-05,25676
7709.75,0.0016504,1.6504e-05,25677
7708.94,0.00165074,1.65074e-05,25678
7708.14,0.00165109,1.65109e-05,25679
7707.33,0.00165143,1.65143e-05,25680
7706.52,0.00165178,1.65178e-05,25681
7705.71,0.00165213,1.65213e-05,25682
7704.9,0.00165247,1.65247e-05,25683
7704.09,0.00165282,1.65282e-05,25684
7703.28,0.00165317,1.65317e-05,25685
7702.46,0.00165352,1.65352e-05,25686
7701.65,0.00165387,1.65387e-05,25687
7700.83,0.00165422,1.65422e-05,25688
7700.01,0.00165457,1.65457e-05,25689
7699.19,0.00165493,1.65493e-05,25690
7698.37,0.00165528,1.65528e-05,25691
7697.55,0.00165563,1.65563e-05,25692
7696.73,0.00165599,1.65599e-05,25693
7695.9,0.00165634,1.65634e-05,25694
7695.08,0.0016567,1.6567e-05,25695
7694.25,0.00165705,1.65705e-05,25696
7693.43,0.00165741,1.65741e-05,25697
7692.6,0.00165777,1.65777e-05,25698
7691.77,0.00165812,1.65812e-05,25699
7690.93,0.00165848,1.65848e-05,25700
7690.1,0.00165884,1.65884e-05,25701
7689.27,0.0016592,1.6592e-05,25702
7688.43,0.00165956,1.65956e-05,25703
7687.6,0.00165992,1.65992e-05,25704
7686.76,0.00166028,1.66028e-05,25705
7685.92,0.00166065,1.66065e-05,25706
7685.08,0.00166101,1.66101e-05,25707
7684.24,0.00166137,1.66137e-05,25708
7683.4,0.00166174,1.66174e-05,25709
7682.55,0.0016621,1.6621e-05,25710
7681.71,0.00166247,1.66247e-05,25711
7680.86,0.00166284,1.66284e-05,25712
7680.01,0.0016632,1.6632e-05,25713
7679.16,0.00166357,1.66357e-05,25714
7678.31,0.00166394,1.66394e-05,25715
7677.46,0.00166431,1.66431e-05,25716
7676.61,0.00166468,1.66468e-05,25717
7675.76,0.00166505,1.66505e-05,25718
7674.9,0.00166542,1.66542e-05,25719
7674.05,0.00166579,1.66579e-05,25720
7673.19,0.00166616,1.66616e-05,25721
7672.33,0.00166653,1.66653e-05,25722
7671.47,0.00166691,1.66691e-05,25723
7670.61,0.00166728,1.66728e-05,25724
7669.75,0.00166766,1.66766e-05,25725
7668.88,0.00166803,1.66803e-05,25726
7668.02,0.00166841,1.66841e-05,25727
7667.15,0.00166879,1.66879e-05,25728
7666.29,0.00166916,1.66916e-05,25729
7665.42,0.00166954,1.66954e-05,25730
7664.55,0.00166992,1.66992e-05,25731
7663.68,0.0016703,1.6703e-05,25732
7662.8,0.00167068,1.67068e-05,25733
7661.93,0.00167106,1.67106e-05,25734
7661.06,0.00167144,1.67144e-05,25735
7660.18,0.00167183,1.67183e-05,25736
7659.3,0.00167221,1.67221e-05,25737
7658.42,0.00167259,1.67259e-05,25738
7657.55,0.00167298,1.67298e-05,25739
7656.66,0.00167336,1.67336e-05,25740
7655.78,0.00167375,1.67375e-05,25741
7654.9,0.00167413,1.67413e-05,25742
7654.01,0.00167452,1.67452e-05,25743
7653.13,0.00167491,1.67491e-05,25744
7652.24,0.0016753,1.6753e-05,25745
7651.35,0.00167569,1.67569e-05,25746
7650.46,0.00167608,1.67608e-05,25747
7649.57,0.00167647,1.67647e-05,25748
7648.68,0.00167686,1.67686e-05,25749
7647.79,0.00167725,1.67725e-05,25750
7646.89,0.00167764,1.67764e-05,25751
7646,0.00167803,1.67803e-05,25752
7645.1,0.00167843,1.67843e-05,25753
7644.2,0.00167882,1.67882e-05,25754
7643.3,0.00167922,1.67922e-05,25755
7642.4,0.00167961,1.67961e-05,25756
7641.5,0.00168001,1.68001e-05,25757
7640.6,0.00168041,1.68041e-05,25758
7639.69,0.0016808,1.6808e-05,25759
7638.79,0.0016812,1.6812e-05,25760
7637.88,0.0016816,1.6816e-05,25761
7636.97,0.001682,1.682e-05,25762
7636.06,0.0016824,1.6824e-05,25763
7635.15,0.0016828,1.6828e-05,25764
7634.24,0.00168321,1.68321e-05,25765
7633.33,0.00168361,1.68361e-05,25766
7632.41,0.00168401,1.68401e-05,25767
7631.5,0.00168442,1.68442e-05,25768
7630.58,0.00168482,1.68482e-05,25769
7629.66,0.00168523,1.68523e-05,25770
7628.74,0.00168563,1.68563e-05,25771
7627.82,0.00168604,1.68604e-05,25772
7626.9,0.00168645,1.68645e-05,25773
7625.98,0.00168686,1.68686e-05,25774
7625.05,0.00168727,1.68727e-05,25775
7624.13,0.00168768,1.68768e-05,25776
7623.2,0.00168809,1.68809e-05,25777
7622.27,0.0016885,1.6885e-05,25778
7621.34,0.00168891,1.68891e-05,25779
7620.41,0.00168932,1.68932e-05,25780
7619.48,0.00168973,1.68973e-05,25781
7618.55,0.00169015,1.69015e-05,25782
7617.61,0.00169056,1.69056e-05,25783
7616.68,0.00169098,1.69098e-05,25784
7615.74,0.00169139,1.69139e-05,25785
7614.8,0.00169181,1.69181e-05,25786
7613.86,0.00169223,1.69223e-05,25787
7612.92,0.00169265,1.69265e-05,25788
7611.98,0.00169307,1.69307e-05,25789
7611.04,0.00169349,1.69349e-05,25790
7610.09,0.00169391,1.69391e-05,25791
7609.15,0.00169433,1.69433e-05,25792
7608.2,0.00169475,1.69475e-05,25793
7607.25,0.00169517,1.69517e-05,25794
7606.3,0.00169559,1.69559e-05,25795
7605.35,0.00169602,1.69602e-05,25796
7604.4,0.00169644,1.69644e-05,25797
7603.45,0.00169687,1.69687e-05,25798
7602.49,0.00169729,1.69729e-05,25799
7601.54,0.00169772,1.69772e-05,25800
7600.58,0.00169815,1.69815e-05,25801
7599.62,0.00169858,1.69858e-05,25802
7598.66,0.001699,1.699e-05,25803
7597.7,0.00169943,1.69943e-05,25804
7596.74,0.00169987,1.69987e-05,25805
7595.78,0.0017003,1.7003e-05,25806
7594.81,0.00170073,1.70073e-05,25807
7593.85,0.00170116,1.70116e-05,25808
7592.88,0.00170159,1.70159e-05,25809
7591.91,0.00170203,1.70203e-05,25810
7590.94,0.00170246,1.70246e-05,25811
7589.97,0.0017029,1.7029e-05,25812
7589,0.00170333,1.70333e-05,25813
7588.03,0.00170377,1.70377e-05,25814
7587.05,0.00170421,1.70421e-05,25815
7586.08,0.00170465,1.70465e-05,25816
7585.1,0.00170509,1.70509e-05,25817
7584.12,0.00170553,1.70553e-05,25818
7583.14,0.00170597,1.70597e-05,25819
7582.16,0.00170641,1.70641e-05,25820
7581.18,0.00170685,1.70685e-05,25821
7580.2,0.00170729,1.70729e-05,25822
7579.21,0.00170774,1.70774e-05,25823
7578.23,0.00170818,1.70818e-05,25824
7577.24,0.00170863,1.70863e-05,25825
7576.25,0.00170907,1.70907e-05,25826
7575.26,0.00170952,1.70952e-05,25827
7574.27,0.00170997,1.70997e-05,25828
7573.28,0.00171041,1.71041e-05,25829
7572.29,0.00171086,1.71086e-05,25830
7571.29,0.00171131,1.71131e-05,25831
7570.29,0.00171176,1.71176e-05,25832
7569.3,0.00171221,1.71221e-05,25833
7568.3,0.00171267,1.71267e-05,25834
7567.3,0.00171312,1.71312e-05,25835
7566.3,0.00171357,1.71357e-05,25836
7565.3,0.00171403,1.71403e-05,25837
7564.29,0.00171448,1.71448e-05,25838
7563.29,0.00171494,1.71494e-05,25839
7562.28,0.00171539,1.71539e-05,25840
7561.27,0.00171585,1.71585e-05,25841
7560.27,0.00171631,1.71631e-05,25842
7559.26,0.00171677,1.71677e-05,25843
7558.24,0.00171723,1.71723e-05,25844
7557.23,0.00171768,1.71768e-05,25845
7556.22,0.00171815,1.71815e-05,25846
7555.2,0.00171861,1.71861e-05,25847
7554.19,0.00171907,1.71907e-05,25848
7553.17,0.00171953,1.71953e-05,25849
7552.15,0.00172,1.72e-05,25850
7551.13,0.00172046,1.72046e-05,25851
7550.11,0.00172093,1.72093e-05,25852
7549.09,0.00172139,1.72139e-05,25853
7548.06,0.00172186,1.72186e-05,25854
7547.04,0.00172233,1.72233e-05,25855
7546.01,0.0017228,1.7228e-05,25856
7544.99,0.00172327,1.72327e-05,25857
7543.96,0.00172374,1.72374e-05,25858
7542.93,0.00172421,1.72421e-05,25859
7541.89,0.00172468,1.72468e-05,25860
7540.86,0.00172515,1.72515e-05,25861
7539.83,0.00172562,1.72562e-05,25862
7538.79,0.0017261,1.7261e-05,25863
7537.76,0.00172657,1.72657e-05,25864
7536.72,0.00172705,1.72705e-05,25865
7535.68,0.00172752,1.72752e-05,25866
7534.64,0.001728,1.728e-05,25867
7533.6,0.00172848,1.72848e-05,25868
7532.56,0.00172896,1.72896e-05,25869
7531.51,0.00172944,1.72944e-05,25870
7530.47,0.00172992,1.72992e-05,25871
7529.42,0.0017304,1.7304e-05,25872
7528.37,0.00173088,1.73088e-05,25873
7527.32,0.00173136,1.73136e-05,25874
7526.27,0.00173185,1.73185e-05,25875
7525.22,0.00173233,1.73233e-05,25876
7524.17,0.00173281,1.73281e-05,25877
7523.11,0.0017333,1.7333e-05,25878
7522.06,0.00173379,1.73379e-05,25879
7521,0.00173427,1.73427e-05,25880
7519.94,0.00173476,1.73476e-05,25881
7518.88,0.00173525,1.73525e-05,25882
7517.82,0.00173574,1.73574e-05,25883
7516.76,0.00173623,1.73623e-05,25884
7515.7,0.00173672,1.73672e-05,25885
7514.63,0.00173721,1.73721e-05,25886
7513.57,0.00173771,1.73771e-05,25887
7512.5,0.0017382,1.7382e-05,25888
7511.43,0.0017387,1.7387e-05,25889
7510.36,0.00173919,1.73919e-05,25890
7509.29,0.00173969,1.73969e-05,25891
7508.22,0.00174018,1.74018e-05,25892
7507.15,0.00174068,1.74068e-05,25893
7506.07,0.00174118,1.74118e-05,25894
7505,0.00174168,1.74168e-05,25895
7503.92,0.00174218,1.74218e-05,25896
7502.84,0.00174268,1.74268e-05,25897
7501.76,0.00174318,1.74318e-05,25898
7500.68,0.00174368,1.74368e-05,25899
7499.6,0.00174419,1.74419e-05,25900
7498.51,0.00174469,1.74469e-05,25901
7497.43,0.0017452,1.7452e-05,25902
7496.34,0.0017457,1.7457e-05,25903
7495.25,0.00174621,1.74621e-05,25904
7494.17,0.00174672,1.74672e-05,25905
7493.08,0.00174722,1.74722e-05,25906
7491.99,0.00174773,1.74773e-05,25907
7490.89,0.00174824,1.74824e-05,25908
7489.8,0.00174875,1.74875e-05,25909
7488.7,0.00174927,1.74927e-05,25910
7487.61,0.00174978,1.74978e-05,25911
7486.51,0.00175029,1.75029e-05,25912
7485.41,0.0017508,1.7508e-05,25913
7484.31,0.00175132,1.75132e-05,25914
7483.21,0.00175184,1.75184e-05,25915
7482.11,0.00175235,1.75235e-05,25916
7481,0.00175287,1.75287e-05,25917
7479.9,0.00175339,1.75339e-05,25918
7478.79,0.00175391,1.75391e-05,25919
7477.68,0.00175443,1.75443e-05,25920
7476.57,0.00175495,1.75495e-05,25921
7475.46,0.00175547,1.75547e-05,25922
7474.35,0.00175599,1.75599e-05,25923
7473.24,0.00175651,1.75651e-05,25924
7472.12,0.00175704,1.75704e-05,25925
7471.01,0.00175756,1.75756e-05,25926
7469.89,0.00175809,1.75809e-05,25927
7468.77,0.00175861,1.75862e-05,25928
7467.65,0.00175914,1.75914e-05,25929
7466.53,0.00175967,1.75967e-05,25930
7465.41,0.0017602,1.7602e-05,25931
7464.28,0.00176073,1.76073e-05,25932
7463.16,0.00176126,1.76126e-05,25933
7462.03,0.00176179,1.76179e-05,25934
7460.91,0.00176232,1.76232e-05,25935
7459.78,0.00176286,1.76286e-05,25936
7458.65,0.00176339,1.76339e-05,25937
7457.52,0.00176393,1.76393e-05,25938
7456.38,0.00176446,1.76446e-05,25939
7455.25,0.001765,1.765e-05,25940
7454.12,0.00176554,1.76554e-05,25941
7452.98,0.00176608,1.76608e-05,25942
7451.84,0.00176661,1.76661e-05,25943
7450.7,0.00176716,1.76716e-05,25944
7449.56,0.0017677,1.7677e-05,25945
7448.42,0.00176824,1.76824e-05,25946
7447.28,0.00176878,1.76878e-05,25947
7446.13,0.00176932,1.76932e-05,25948
7444.99,0.00176987,1.76987e-05,25949
7443.84,0.00177041,1.77041e-05,25950
7442.69,0.00177096,1.77096e-05,25951
7441.54,0.00177151,1.77151e-05,25952
7440.39,0.00177206,1.77206e-05,25953
7439.24,0.0017726,1.7726e-05,25954
7438.09,0.00177315,1.77315e-05,25955
7436.93,0.0017737,1.7737e-05,25956
7435.78,0.00177426,1.77426e-05,25957
7434.62,0.00177481,1.77481e-05,25958
7433.46,0.00177536,1.77536e-05,25959
7432.3,0.00177592,1.77592e-05,25960
7431.14,0.00177647,1.77647e-05,25961
7429.98,0.00177703,1.77703e-05,25962
7428.81,0.00177758,1.77758e-05,25963
7427.65,0.00177814,1.77814e-05,25964
7426.48,0.0017787,1.7787e-05,25965
7425.31,0.00177926,1.77926e-05,25966
7424.15,0.00177982,1.77982e-05,25967
7422.98,0.00178038,1.78038e-05,25968
7421.8,0.00178094,1.78094e-05,25969
7420.63,0.00178151,1.78151e-05,25970
7419.46,0.00178207,1.78207e-05,25971
7418.28,0.00178264,1.78264e-05,25972
7417.1,0.0017832,1.7832e-05,25973
7415.93,0.00178377,1.78377e-05,25974
7414.75,0.00178433,1.78433e-05,25975
7413.57,0.0017849,1.7849e-05,25976
7412.38,0.00178547,1.78547e-05,25977
7411.2,0.00178604,1.78604e-05,25978
7410.02,0.00178661,1.78661e-05,25979
7408.83,0.00178719,1.78719e-05,25980
7407.64,0.00178776,1.78776e-05,25981
7406.46,0.00178833,1.78833e-05,25982
7405.27,0.00178891,1.78891e-05,25983
7404.08,0.00178948,1.78948e-05,25984
7402.88,0.00179006,1.79006e-05,25985
7401.69,0.00179064,1.79064e-05,25986
7400.49,0.00179121,1.79121e-05,25987
7399.3,0.00179179,1.79179e-05,25988
7398.1,0.00179237,1.79237e-05,25989
7396.9,0.00179296,1.79296e-05,25990
7395.7,0.00179354,1.79354e-05,25991
7394.5,0.00179412,1.79412e-05,25992
7393.3,0.0017947,1.7947e-05,25993
7392.09,0.00179529,1.79529e-05,25994
7390.89,0.00179587,1.79587e-05,25995
7389.68,0.00179646,1.79646e-05,25996
7388.47,0.00179705,1.79705e-05,25997
7387.26,0.00179764,1.79764e-05,25998
7386.05,0.00179823,1.79823e-05,25999
7384.84,0.00179882,1.79882e-05,26000
7383.63,0.00179941,1.79941e-05,26001
7382.41,0.0018,1.8e-05,26002
7381.2,0.00180059,1.80059e-05,26003
7379.98,0.00180119,1.80119e-05,26004
7378.76,0.00180178,1.80178e-05,26005
7377.54,0.00180238,1.80238e-05,26006
7376.32,0.00180298,1.80298e-05,26007
7375.1,0.00180357,1.80357e-05,26008
7373.87,0.00180417,1.80417e-05,26009
7372.65,0.00180477,1.80477e-05,26010
7371.42,0.00180537,1.80537e-05,26011
7370.19,0.00180597,1.80597e-05,26012
7368.96,0.00180658,1.80658e-05,26013
7367.73,0.00180718,1.80718e-05,26014
7366.5,0.00180778,1.80778e-05,26015
7365.27,0.00180839,1.80839e-05,26016
7364.03,0.001809,1.809e-05,26017
7362.8,0.0018096,1.8096e-05,26018
7361.56,0.00181021,1.81021e-05,26019
7360.32,0.00181082,1.81082e-05,26020
7359.08,0.00181143,1.81143e-05,26021
7357.84,0.00181204,1.81204e-05,26022
7356.6,0.00181265,1.81265e-05,26023
7355.36,0.00181327,1.81327e-05,26024
7354.11,0.00181388,1.81388e-05,26025
7352.86,0.0018145,1.8145e-05,26026
7351.62,0.00181511,1.81511e-05,26027
7350.37,0.00181573,1.81573e-05,26028
7349.12,0.00181635,1.81635e-05,26029
7347.86,0.00181697,1.81697e-05,26030
7346.61,0.00181759,1.81759e-05,26031
7345.36,0.00181821,1.81821e-05,26032
7344.1,0.00181883,1.81883e-05,26033
7342.84,0.00181945,1.81945e-05,26034
7341.59,0.00182007,1.82007e-05,26035
7340.33,0.0018207,1.8207e-05,26036
7339.07,0.00182132,1.82132e-05,26037
7337.8,0.00182195,1.82195e-05,26038
7336.54,0.00182258,1.82258e-05,26039
7335.28,0.00182321,1.82321e-05,26040
7334.01,0.00182384,1.82384e-05,26041
7332.74,0.00182447,1.82447e-05,26042
7331.47,0.0018251,1.8251e-05,26043
7330.2,0.00182573,1.82573e-05,26044
7328.93,0.00182637,1.82637e-05,26045
7327.66,0.001827,1.827e-05,26046
7326.38,0.00182764,1.82764e-05,26047
7325.11,0.00182827,1.82827e-05,26048
7323.83,0.00182891,1.82891e-05,26049
7322.55,0.00182955,1.82955e-05,26050
7321.27,0.00183019,1.83019e-05,26051
7319.99,0.00183083,1.83083e-05,26052
7318.71,0.00183147,1.83147e-05,26053
7317.43,0.00183211,1.83211e-05,26054
7316.14,0.00183276,1.83276e-05,26055
7314.86,0.0018334,1.8334e-05,26056
7313.57,0.00183405,1.83405e-05,26057
7312.28,0.00183469,1.83469e-05,26058
7310.99,0.00183534,1.83534e-05,26059
7309.7,0.00183599,1.83599e-05,26060
7308.41,0.00183664,1.83664e-05,26061
7307.11,0.00183729,1.83729e-05,26062
7305.82,0.00183794,1.83794e-05,26063
7304.52,0.00183859,1.83859e-05,26064
7303.22,0.00183925,1.83925e-05,26065
7301.92,0.0018399,1.8399e-05,26066
7300.62,0.00184056,1.84056e-05,26067
7299.32,0.00184122,1.84122e-05,26068
7298.01,0.00184187,1.84187e-05,26069
7296.71,0.00184253,1.84253e-05,26070
7295.4,0.00184319,1.84319e-05,26071
7294.09,0.00184385,1.84385e-05,26072
7292.78,0.00184452,1.84452e-05,26073
7291.47,0.00184518,1.84518e-05,26074
7290.16,0.00184584,1.84584e-05,26075
7288.85,0.00184651,1.84651e-05,26076
7287.54,0.00184717,1.84717e-05,26077
7286.22,0.00184784,1.84784e-05,26078
7284.9,0.00184851,1.84851e-05,26079
7283.59,0.00184918,1.84918e-05,26080
7282.27,0.00184985,1.84985e-05,26081
7280.94,0.00185052,1.85052e-05,26082
7279.62,0.00185119,1.85119e-05,26083
7278.3,0.00185187,1.85187e-05,26084
7276.97,0.00185254,1.85254e-05,26085
7275.65,0.00185322,1.85322e-05,26086
7274.32,0.00185389,1.85389e-05,26087
7272.99,0.00185457,1.85457e-05,26088
7271.66,0.00185525,1.85525e-05,26089
7270.33,0.00185593,1.85593e-05,26090
7268.99,0.00185661,1.85661e-05,26091
7267.66,0.00185729,1.85729e-05,26092
7266.32,0.00185797,1.85797e-05,26093
7264.99,0.00185866,1.85866e-05,26094
7263.65,0.00185934,1.85934e-05,26095
7262.31,0.00186003,1.86003e-05,26096
7260.97,0.00186072,1.86072e-05,26097
7259.62,0.0018614,1.8614e-05,26098
7258.28,0.00186209,1.86209e-05,26099
7256.94,0.00186278,1.86278e-05,26100
7255.59,0.00186348,1.86348e-05,26101
7254.24,0.00186417,1.86417e-05,26102
7252.89,0.00186486,1.86486e-05,26103
7251.54,0.00186556,1.86556e-05,26104
7250.19,0.00186625,1.86625e-05,26105
7248.84,0.00186695,1.86695e-05,26106
7247.48,0.00186765,1.86765e-05,26107
7246.12,0.00186835,1.86835e-05,26108
7244.77,0.00186905,1.86905e-05,26109
7243.41,0.00186975,1.86975e-05,26110
7242.05,0.00187045,1.87045e-05,26111
7240.69,0.00187115,1.87115e-05,26112
7239.32,0.00187186,1.87186e-05,26113
7237.96,0.00187256,1.87256e-05,26114
7236.59,0.00187327,1.87327e-05,26115
7235.23,0.00187398,1.87398e-05,26116
7233.86,0.00187469,1.87469e-05,26117
7232.49,0.0018754,1.8754e-05,26118
7231.12,0.00187611,1.87611e-05,26119
7229.75,0.00187682,1.87682e-05,26120
7228.37,0.00187753,1.87753e-05,26121
7227,0.00187825,1.87825e-05,26122
7225.62,0.00187897,1.87897e-05,26123
7224.24,0.00187968,1.87968e-05,26124
7222.86,0.0018804,1.8804e-05,26125
7221.48,0.00188112,1.88112e-05,26126
7220.1,0.00188184,1.88184e-05,26127
7218.72,0.00188256,1.88256e-05,26128
7217.33,0.00188328,1.88328e-05,26129
7215.95,0.00188401,1.88401e-05,26130
7214.56,0.00188473,1.88473e-05,26131
7213.17,0.00188546,1.88546e-05,26132
7211.78,0.00188618,1.88618e-05,26133
7210.39,0.00188691,1.88691e-05,26134
7209,0.00188764,1.88764e-05,26135
7207.6,0.00188837,1.88837e-05,26136
7206.21,0.0018891,1.8891e-05,26137
7204.81,0.00188984,1.88984e-05,26138
7203.41,0.00189057,1.89057e-05,26139
7202.01,0.0018913,1.8913e-05,26140
7200.61,0.00189204,1.89204e-05,26141
7199.21,0.00189278,1.89278e-05,26142
7197.8,0.00189352,1.89352e-05,26143
7196.4,0.00189426,1.89426e-05,26144
7194.99,0.001895,1.895e-05,26145
7193.58,0.00189574,1.89574e-05,26146
7192.17,0.00189648,1.89648e-05,26147
7190.76,0.00189723,1.89723e-05,26148
7189.35,0.00189797,1.89797e-05,26149
7187.94,0.00189872,1.89872e-05,26150
7186.52,0.00189946,1.89946e-05,26151
7185.11,0.00190021,1.90021e-05,26152
7183.69,0.00190096,1.90096e-05,26153
7182.27,0.00190171,1.90171e-05,26154
7180.85,0.00190247,1.90247e-05,26155
7179.43,0.00190322,1.90322e-05,26156
7178.01,0.00190398,1.90398e-05,26157
7176.58,0.00190473,1.90473e-05,26158
7175.16,0.00190549,1.90549e-05,26159
7173.73,0.00190625,1.90625e-05,26160
7172.3,0.00190701,1.90701e-05,26161
7170.87,0.00190777,1.90777e-05,26162
7169.44,0.00190853,1.90853e-05,26163
7168.01,0.00190929,1.90929e-05,26164
7166.57,0.00191006,1.91006e-05,26165
7165.14,0.00191082,1.91082e-05,26166
7163.7,0.00191159,1.91159e-05,26167
7162.26,0.00191236,1.91236e-05,26168
7160.82,0.00191312,1.91312e-05,26169
7159.38,0.00191389,1.91389e-05,26170
7157.94,0.00191467,1.91467e-05,26171
7156.5,0.00191544,1.91544e-05,26172
7155.05,0.00191621,1.91621e-05,26173
7153.61,0.00191699,1.91699e-05,26174
7152.16,0.00191776,1.91776e-05,26175
7150.71,0.00191854,1.91854e-05,26176
7149.26,0.00191932,1.91932e-05,26177
7147.81,0.0019201,1.9201e-05,26178
7146.35,0.00192088,1.92088e-05,26179
7144.9,0.00192166,1.92166e-05,26180
7143.44,0.00192245,1.92245e-05,26181
7141.98,0.00192323,1.92323e-05,26182
7140.52,0.00192402,1.92402e-05,26183
7139.06,0.0019248,1.9248e-05,26184
7137.6,0.00192559,1.92559e-05,26185
7136.14,0.00192638,1.92638e-05,26186
7134.67,0.00192717,1.92717e-05,26187
7133.21,0.00192797,1.92797e-05,26188
7131.74,0.00192876,1.92876e-05,26189
7130.27,0.00192955,1.92955e-05,26190
7128.8,0.00193035,1.93035e-05,26191
7127.33,0.00193115,1.93115e-05,26192
7125.86,0.00193195,1.93195e-05,26193
7124.38,0.00193275,1.93275e-05,26194
7122.91,0.00193355,1.93355e-05,26195
7121.43,0.00193435,1.93435e-05,26196
7119.95,0.00193515,1.93515e-05,26197
7118.47,0.00193596,1.93596e-05,26198
7116.99,0.00193676,1.93676e-05,26199
7115.51,0.00193757,1.93757e-05,26200
7114.03,0.00193838,1.93838e-05,26201
7112.54,0.00193919,1.93919e-05,26202
7111.06,0.00194,1.94e-05,26203
7109.57,0.00194081,1.94081e-05,26204
7108.08,0.00194162,1.94162e-05,26205
7106.59,0.00194244,1.94244e-05,26206
7105.1,0.00194325,1.94325e-05,26207
7103.6,0.00194407,1.94407e-05,26208
7102.11,0.00194489,1.94489e-05,26209
7100.61,0.00194571,1.94571e-05,26210
7099.11,0.00194653,1.94653e-05,26211
7097.61,0.00194735,1.94735e-05,26212
7096.11,0.00194817,1.94817e-05,26213
7094.61,0.001949,1.949e-05,26214
7093.11,0.00194983,1.94983e-05,26215
7091.6,0.00195065,1.95065e-05,26216
7090.1,0.00195148,1.95148e-05,26217
7088.59,0.00195231,1.95231e-05,26218
7087.08,0.00195314,1.95314e-05,26219
7085.57,0.00195398,1.95398e-05,26220
7084.06,0.00195481,1.95481e-05,26221
7082.55,0.00195565,1.95565e-05,26222
7081.03,0.00195648,1.95648e-05,26223
7079.52,0.00195732,1.95732e-05,26224
7078,0.00195816,1.95816e-05,26225
7076.48,0.001959,1.959e-05,26226
7074.96,0.00195984,1.95984e-05,26227
7073.44,0.00196069,1.96069e-05,26228
7071.91,0.00196153,1.96153e-05,26229
7070.39,0.00196238,1.96238e-05,26230
7068.86,0.00196322,1.96322e-05,26231
7067.34,0.00196407,1.96407e-05,26232
7065.81,0.00196492,1.96492e-05,26233
7064.28,0.00196577,1.96577e-05,26234
7062.75,0.00196663,1.96663e-05,26235
7061.21,0.00196748,1.96748e-05,26236
7059.68,0.00196833,1.96833e-05,26237
7058.14,0.00196919,1.96919e-05,26238
7056.61,0.00197005,1.97005e-05,26239
7055.07,0.00197091,1.97091e-05,26240
7053.53,0.00197177,1.97177e-05,26241
7051.99,0.00197263,1.97263e-05,26242
7050.45,0.00197349,1.97349e-05,26243
7048.9,0.00197436,1.97436e-05,26244
7047.36,0.00197522,1.97522e-05,26245
7045.81,0.00197609,1.97609e-05,26246
7044.26,0.00197696,1.97696e-05,26247
7042.71,0.00197783,1.97783e-05,26248
7041.16,0.0019787,1.9787e-05,26249
7039.6,0.00197958,1.97958e-05,26250
7038.05,0.00198045,1.98045e-05,26251
7036.49,0.00198133,1.98133e-05,26252
7034.94,0.00198221,1.98221e-05,26253
7033.38,0.00198308,1.98308e-05,26254
7031.82,0.00198396,1.98396e-05,26255
7030.26,0.00198485,1.98485e-05,26256
7028.69,0.00198573,1.98573e-05,26257
7027.13,0.00198661,1.98661e-05,26258
7025.56,0.0019875,1.9875e-05,26259
7024,0.00198839,1.98839e-05,26260
7022.43,0.00198927,1.98927e-05,26261
7020.86,0.00199016,1.99016e-05,26262
7019.29,0.00199105,1.99105e-05,26263
7017.71,0.00199195,1.99195e-05,26264
7016.14,0.00199284,1.99284e-05,26265
7014.56,0.00199374,1.99374e-05,26266
7012.99,0.00199463,1.99463e-05,26267
7011.41,0.00199553,1.99553e-05,26268
7009.83,0.00199643,1.99643e-05,26269
7008.25,0.00199733,1.99733e-05,26270
7006.66,0.00199823,1.99823e-05,26271
7005.08,0.00199914,1.99914e-05,26272
7003.5,0.00200004,2.00004e-05,26273
7001.91,0.00200095,2.00095e-05,26274
7000.32,0.00200186,2.00186e-05,26275
6998.73,0.00200277,2.00277e-05,26276
6997.14,0.00200368,2.00368e-05,26277
6995.55,0.00200459,2.00459e-05,26278
6993.95,0.00200551,2.00551e-05,26279
6992.36,0.00200642,2.00642e-05,26280
6990.76,0.00200734,2.00734e-05,26281
6989.16,0.00200826,2.00826e-05,26282
6987.56,0.00200918,2.00918e-05,26283
6985.96,0.0020101,2.0101e-05,26284
6984.35,0.00201102,2.01102e-05,26285
6982.75,0.00201194,2.01194e-05,26286
6981.15,0.00201287,2.01287e-05,26287
6979.54,0.0020138,2.0138e-05,26288
6977.93,0.00201473,2.01473e-05,26289
6976.32,0.00201565,2.01566e-05,26290
6974.71,0.00201659,2.01659e-05,26291
6973.1,0.00201752,2.01752e-05,26292
6971.48,0.00201845,2.01845e-05,26293
6969.87,0.00201939,2.01939e-05,26294
6968.25,0.00202033,2.02033e-05,26295
6966.63,0.00202127,2.02127e-05,26296
6965.01,0.00202221,2.02221e-05,26297
6963.39,0.00202315,2.02315e-05,26298
6961.76,0.00202409,2.02409e-05,26299
6960.14,0.00202504,2.02504e-05,26300
6958.51,0.00202598,2.02598e-05,26301
6956.89,0.00202693,2.02693e-05,26302
6955.26,0.00202788,2.02788e-05,26303
6953.63,0.00202883,2.02883e-05,26304
6952,0.00202978,2.02978e-05,26305
6950.36,0.00203074,2.03074e-05,26306
6948.73,0.00203169,2.03169e-05,26307
6947.09,0.00203265,2.03265e-05,26308
6945.46,0.00203361,2.03361e-05,26309
6943.82,0.00203457,2.03457e-05,26310
6942.18,0.00203553,2.03553e-05,26311
6940.53,0.0020365,2.03649e-05,26312
6938.89,0.00203746,2.03746e-05,26313
6937.25,0.00203843,2.03843e-05,26314
6935.6,0.00203939,2.03939e-05,26315
6933.95,0.00204036,2.04036e-05,26316
6932.3,0.00204133,2.04133e-05,26317
6930.65,0.00204231,2.04231e-05,26318
6929,0.00204328,2.04328e-05,26319
6927.35,0.00204425,2.04425e-05,26320
6925.69,0.00204523,2.04523e-05,26321
6924.04,0.00204621,2.04621e-05,26322
6922.38,0.00204719,2.04719e-05,26323
6920.72,0.00204817,2.04817e-05,26324
6919.06,0.00204916,2.04916e-05,26325
6917.4,0.00205014,2.05014e-05,26326
6915.73,0.00205113,2.05113e-05,26327
6914.07,0.00205212,2.05212e-05,26328
6912.4,0.0020531,2.0531e-05,26329
6910.73,0.0020541,2.0541e-05,26330
6909.06,0.00205509,2.05509e-05,26331
6907.39,0.00205608,2.05608e-05,26332
6905.72,0.00205708,2.05708e-05,26333
6904.05,0.00205808,2.05808e-05,26334
6902.37,0.00205908,2.05908e-05,26335
6900.69,0.00206008,2.06008e-05,26336
6899.01,0.00206108,2.06108e-05,26337
6897.34,0.00206208,2.06208e-05,26338
6895.66,0.00206309,2.06309e-05,26339
6893.97,0.0020641,2.0641e-05,26340
6892.29,0.00206511,2.06511e-05,26341
6890.6,0.00206612,2.06612e-05,26342
6888.91,0.00206713,2.06713e-05,26343
6887.23,0.00206814,2.06814e-05,26344
6885.54,0.00206916,2.06916e-05,26345
6883.84,0.00207017,2.07017e-05,26346
6882.15,0.00207119,2.07119e-05,26347
6880.46,0.00207221,2.07221e-05,26348
6878.76,0.00207323,2.07323e-05,26349
6877.06,0.00207426,2.07426e-05,26350
6875.37,0.00207528,2.07528e-05,26351
6873.67,0.00207631,2.07631e-05,26352
6871.96,0.00207734,2.07734e-05,26353
6870.26,0.00207837,2.07837e-05,26354
6868.56,0.0020794,2.0794e-05,26355
6866.85,0.00208043,2.08043e-05,26356
6865.14,0.00208147,2.08147e-05,26357
6863.43,0.00208251,2.08251e-05,26358
6861.72,0.00208355,2.08355e-05,26359
6860.01,0.00208459,2.08459e-05,26360
6858.3,0.00208563,2.08563e-05,26361
6856.58,0.00208667,2.08667e-05,26362
6854.86,0.00208772,2.08772e-05,26363
6853.15,0.00208876,2.08876e-05,26364
6851.43,0.00208981,2.08981e-05,26365
6849.71,0.00209086,2.09086e-05,26366
6847.98,0.00209191,2.09191e-05,26367
6846.26,0.00209297,2.09297e-05,26368
6844.53,0.00209402,2.09402e-05,26369
6842.81,0.00209508,2.09508e-05,26370
6841.08,0.00209614,2.09614e-05,26371
6839.35,0.0020972,2.0972e-05,26372
6837.62,0.00209826,2.09826e-05,26373
6835.88,0.00209932,2.09932e-05,26374
6834.15,0.00210039,2.10039e-05,26375
6832.42,0.00210146,2.10146e-05,26376
6830.68,0.00210253,2.10253e-05,26377
6828.94,0.0021036,2.1036e-05,26378
6827.2,0.00210467,2.10467e-05,26379
6825.46,0.00210574,2.10574e-05,26380
6823.71,0.00210682,2.10682e-05,26381
6821.97,0.0021079,2.1079e-05,26382
6820.22,0.00210898,2.10898e-05,26383
6818.48,0.00211006,2.11006e-05,26384
6816.73,0.00211114,2.11114e-05,26385
6814.97,0.00211223,2.11223e-05,26386
6813.22,0.00211331,2.11331e-05,26387
6811.47,0.0021144,2.1144e-05,26388
6809.71,0.00211549,2.11549e-05,26389
6807.96,0.00211658,2.11658e-05,26390
6806.2,0.00211768,2.11768e-05,26391
6804.44,0.00211877,2.11877e-05,26392
6802.68,0.00211987,2.11987e-05,26393
6800.91,0.00212097,2.12097e-05,26394
6799.15,0.00212207,2.12207e-05,26395
6797.38,0.00212317,2.12317e-05,26396
6795.62,0.00212428,2.12428e-05,26397
6793.85,0.00212538,2.12538e-05,26398
6792.08,0.00212649,2.12649e-05,26399
6790.31,0.0021276,2.1276e-05,26400
6788.53,0.00212871,2.12871e-05,26401
6786.76,0.00212983,2.12983e-05,26402
6784.98,0.00213094,2.13094e-05,26403
6783.21,0.00213206,2.13206e-05,26404
6781.43,0.00213318,2.13318e-05,26405
6779.65,0.0021343,2.1343e-05,26406
6777.86,0.00213542,2.13542e-05,26407
6776.08,0.00213654,2.13654e-05,26408
6774.29,0.00213767,2.13767e-05,26409
6772.51,0.0021388,2.1388e-05,26410
6770.72,0.00213993,2.13993e-05,26411
6768.93,0.00214106,2.14106e-05,26412
6767.14,0.00214219,2.14219e-05,26413
6765.35,0.00214333,2.14333e-05,26414
6763.55,0.00214447,2.14447e-05,26415
6761.76,0.00214561,2.14561e-05,26416
6759.96,0.00214675,2.14675e-05,26417
6758.16,0.00214789,2.14789e-05,26418
6756.36,0.00214904,2.14904e-05,26419
6754.56,0.00215018,2.15018e-05,26420
6752.75,0.00215133,2.15133e-05,26421
6750.95,0.00215248,2.15248e-05,26422
6749.14,0.00215363,2.15363e-05,26423
6747.34,0.00215479,2.15479e-05,26424
6745.52,0.00215594,2.15594e-05,26425
6743.71,0.0021571,2.1571e-05,26426
6741.9,0.00215826,2.15826e-05,26427
6740.09,0.00215942,2.15942e-05,26428
6738.27,0.00216059,2.16059e-05,26429
6736.45,0.00216175,2.16175e-05,26430
6734.64,0.00216292,2.16292e-05,26431
6732.82,0.00216409,2.16409e-05,26432
6731,0.00216526,2.16526e-05,26433
6729.17,0.00216644,2.16644e-05,26434
6727.35,0.00216761,2.16761e-05,26435
6725.52,0.00216879,2.16879e-05,26436
6723.69,0.00216997,2.16997e-05,26437
6721.86,0.00217115,2.17115e-05,26438
6720.03,0.00217233,2.17233e-05,26439
6718.2,0.00217352,2.17352e-05,26440
6716.37,0.0021747,2.1747e-05,26441
6714.53,0.00217589,2.17589e-05,26442
6712.7,0.00217708,2.17708e-05,26443
6710.86,0.00217828,2.17828e-05,26444
6709.02,0.00217947,2.17947e-05,26445
6707.18,0.00218067,2.18067e-05,26446
6705.33,0.00218187,2.18187e-05,26447
6703.49,0.00218307,2.18307e-05,26448
6701.64,0.00218427,2.18427e-05,26449
6699.79,0.00218548,2.18548e-05,26450
6697.95,0.00218668,2.18668e-05,26451
6696.09,0.00218789,2.18789e-05,26452
6694.24,0.0021891,2.1891e-05,26453
6692.39,0.00219032,2.19032e-05,26454
6690.53,0.00219153,2.19153e-05,26455
6688.68,0.00219275,2.19275e-05,26456
6686.82,0.00219397,2.19397e-05,26457
6684.96,0.00219519,2.19519e-05,26458
6683.1,0.00219641,2.19641e-05,26459
6681.23,0.00219764,2.19764e-05,26460
6679.37,0.00219886,2.19886e-05,26461
6677.5,0.00220009,2.20009e-05,26462
6675.64,0.00220132,2.20132e-05,26463
6673.77,0.00220256,2.20256e-05,26464
6671.9,0.00220379,2.20379e-05,26465
6670.02,0.00220503,2.20503e-05,26466
6668.15,0.00220627,2.20627e-05,26467
6666.27,0.00220751,2.20751e-05,26468
6664.4,0.00220875,2.20875e-05,26469
6662.52,0.00221,2.21e-05,26470
6660.64,0.00221125,2.21125e-05,26471
6658.76,0.0022125,2.2125e-05,26472
6656.88,0.00221375,2.21375e-05,26473
6654.99,0.002215,2.215e-05,26474
6653.1,0.00221626,2.21626e-05,26475
6651.22,0.00221752,2.21752e-05,26476
6649.33,0.00221878,2.21878e-05,26477
6647.44,0.00222004,2.22004e-05,26478
6645.55,0.0022213,2.2213e-05,26479
6643.65,0.00222257,2.22257e-05,26480
6641.76,0.00222384,2.22384e-05,26481
6639.86,0.00222511,2.22511e-05,26482
6637.96,0.00222638,2.22638e-05,26483
6636.06,0.00222766,2.22766e-05,26484
6634.16,0.00222894,2.22894e-05,26485
6632.25,0.00223021,2.23021e-05,26486
6630.35,0.0022315,2.2315e-05,26487
6628.44,0.00223278,2.23278e-05,26488
6626.54,0.00223407,2.23407e-05,26489
6624.63,0.00223535,2.23535e-05,26490
6622.72,0.00223664,2.23664e-05,26491
6620.8,0.00223794,2.23794e-05,26492
6618.89,0.00223923,2.23923e-05,26493
6616.97,0.00224053,2.24053e-05,26494
6615.06,0.00224183,2.24183e-05,26495
6613.14,0.00224313,2.24313e-05,26496
6611.22,0.00224443,2.24443e-05,26497
6609.29,0.00224574,2.24574e-05,26498
6607.37,0.00224704,2.24704e-05,26499
6605.44,0.00224835,2.24835e-05,26500
6603.52,0.00224967,2.24967e-05,26501
6601.59,0.00225098,2.25098e-05,26502
6599.66,0.0022523,2.2523e-05,26503
6597.73,0.00225362,2.25362e-05,26504
6595.8,0.00225494,2.25494e-05,26505
6593.86,0.00225626,2.25626e-05,26506
6591.92,0.00225759,2.25759e-05,26507
6589.99,0.00225892,2.25892e-05,26508
6588.05,0.00226024,2.26024e-05,26509
6586.11,0.00226158,2.26158e-05,26510
6584.16,0.00226291,2.26291e-05,26511
6582.22,0.00226425,2.26425e-05,26512
6580.27,0.00226559,2.26559e-05,26513
6578.33,0.00226693,2.26693e-05,26514
6576.38,0.00226827,2.26827e-05,26515
6574.43,0.00226962,2.26962e-05,26516
6572.48,0.00227097,2.27097e-05,26517
6570.52,0.00227232,2.27232e-05,26518
6568.57,0.00227367,2.27367e-05,26519
6566.61,0.00227503,2.27503e-05,26520
6564.65,0.00227638,2.27638e-05,26521
6562.69,0.00227774,2.27774e-05,26522
6560.73,0.00227911,2.27911e-05,26523
6558.77,0.00228047,2.28047e-05,26524
6556.81,0.00228184,2.28184e-05,26525
6554.84,0.00228321,2.28321e-05,26526
6552.87,0.00228458,2.28458e-05,26527
6550.9,0.00228595,2.28595e-05,26528
6548.93,0.00228733,2.28733e-05,26529
6546.96,0.00228871,2.28871e-05,26530
6544.98,0.00229009,2.29009e-05,26531
6543.01,0.00229147,2.29147e-05,26532
6541.03,0.00229285,2.29285e-05,26533
6539.05,0.00229424,2.29424e-05,26534
6537.07,0.00229563,2.29563e-05,26535
6535.09,0.00229703,2.29703e-05,26536
6533.11,0.00229842,2.29842e-05,26537
6531.12,0.00229982,2.29982e-05,26538
6529.13,0.00230122,2.30122e-05,26539
6527.15,0.00230262,2.30262e-05,26540
6525.16,0.00230403,2.30403e-05,26541
6523.16,0.00230543,2.30543e-05,26542
6521.17,0.00230684,2.30684e-05,26543
6519.18,0.00230825,2.30825e-05,26544
6517.18,0.00230967,2.30967e-05,26545
6515.18,0.00231108,2.31108e-05,26546
6513.18,0.0023125,2.3125e-05,26547
6511.18,0.00231393,2.31393e-05,26548
6509.18,0.00231535,2.31535e-05,26549
6507.17,0.00231678,2.31678e-05,26550
6505.17,0.00231821,2.31821e-05,26551
6503.16,0.00231964,2.31964e-05,26552
6501.15,0.00232107,2.32107e-05,26553
6499.14,0.00232251,2.32251e-05,26554
6497.13,0.00232395,2.32395e-05,26555
6495.11,0.00232539,2.32539e-05,26556
6493.1,0.00232683,2.32683e-05,26557
6491.08,0.00232828,2.32828e-05,26558
6489.06,0.00232973,2.32973e-05,26559
6487.04,0.00233118,2.33118e-05,26560
6485.02,0.00233263,2.33263e-05,26561
6482.99,0.00233409,2.33409e-05,26562
6480.97,0.00233555,2.33555e-05,26563
6478.94,0.00233701,2.33701e-05,26564
6476.91,0.00233847,2.33847e-05,26565
6474.88,0.00233994,2.33994e-05,26566
6472.85,0.00234141,2.34141e-05,26567
6470.82,0.00234288,2.34288e-05,26568
6468.78,0.00234436,2.34436e-05,26569
6466.75,0.00234583,2.34583e-05,26570
6464.71,0.00234731,2.34731e-05,26571
6462.67,0.0023488,2.3488e-05,26572
6460.63,0.00235028,2.35028e-05,26573
6458.58,0.00235177,2.35177e-05,26574
6456.54,0.00235326,2.35326e-05,26575
6454.49,0.00235475,2.35475e-05,26576
6452.44,0.00235625,2.35625e-05,26577
6450.4,0.00235774,2.35774e-05,26578
6448.34,0.00235924,2.35924e-05,26579
6446.29,0.00236075,2.36075e-05,26580
6444.24,0.00236225,2.36225e-05,26581
6442.18,0.00236376,2.36376e-05,26582
6440.12,0.00236527,2.36527e-05,26583
6438.06,0.00236678,2.36678e-05,26584
6436,0.0023683,2.3683e-05,26585
6433.94,0.00236982,2.36982e-05,26586
6431.87,0.00237134,2.37134e-05,26587
6429.81,0.00237286,2.37286e-05,26588
6427.74,0.00237439,2.37439e-05,26589
6425.67,0.00237592,2.37592e-05,26590
6423.6,0.00237745,2.37745e-05,26591
6421.53,0.00237899,2.37899e-05,26592
6419.45,0.00238053,2.38053e-05,26593
6417.38,0.00238207,2.38207e-05,26594
6415.3,0.00238361,2.38361e-05,26595
6413.22,0.00238515,2.38515e-05,26596
6411.14,0.0023867,2.3867e-05,26597
6409.06,0.00238825,2.38825e-05,26598
6406.97,0.00238981,2.38981e-05,26599
6404.89,0.00239136,2.39136e-05,26600
6402.8,0.00239292,2.39292e-05,26601
6400.71,0.00239449,2.39449e-05,26602
6398.62,0.00239605,2.39605e-05,26603
6396.53,0.00239762,2.39762e-05,26604
6394.44,0.00239919,2.39919e-05,26605
6392.34,0.00240076,2.40076e-05,26606
6390.24,0.00240234,2.40234e-05,26607
6388.14,0.00240392,2.40392e-05,26608
6386.04,0.0024055,2.4055e-05,26609
6383.94,0.00240708,2.40708e-05,26610
6381.84,0.00240867,2.40867e-05,26611
6379.73,0.00241026,2.41026e-05,26612
6377.63,0.00241185,2.41185e-05,26613
6375.52,0.00241345,2.41345e-05,26614
6373.41,0.00241505,2.41505e-05,26615
6371.29,0.00241665,2.41665e-05,26616
6369.18,0.00241825,2.41825e-05,26617
6367.06,0.00241986,2.41986e-05,26618
6364.95,0.00242147,2.42147e-05,26619
6362.83,0.00242308,2.42308e-05,26620
6360.71,0.0024247,2.4247e-05,26621
6358.59,0.00242632,2.42632e-05,26622
6356.46,0.00242794,2.42794e-05,26623
6354.34,0.00242956,2.42956e-05,26624
6352.21,0.00243119,2.43119e-05,26625
6350.08,0.00243282,2.43282e-05,26626
6347.95,0.00243446,2.43446e-05,26627
6345.82,0.00243609,2.43609e-05,26628
6343.69,0.00243773,2.43773e-05,26629
6341.55,0.00243937,2.43937e-05,26630
6339.41,0.00244102,2.44102e-05,26631
6337.27,0.00244267,2.44267e-05,26632
6335.13,0.00244432,2.44432e-05,26633
6332.99,0.00244597,2.44597e-05,26634
6330.85,0.00244763,2.44763e-05,26635
6328.7,0.00244929,2.44929e-05,26636
6326.56,0.00245095,2.45095e-05,26637
6324.41,0.00245261,2.45261e-05,26638
6322.26,0.00245428,2.45428e-05,26639
6320.1,0.00245596,2.45596e-05,26640
6317.95,0.00245763,2.45763e-05,26641
6315.8,0.00245931,2.45931e-05,26642
6313.64,0.00246099,2.46099e-05,26643
6311.48,0.00246267,2.46267e-05,26644
6309.32,0.00246436,2.46436e-05,26645
6307.16,0.00246605,2.46605e-05,26646
6304.99,0.00246774,2.46774e-05,26647
6302.83,0.00246944,2.46944e-05,26648
6300.66,0.00247114,2.47114e-05,26649
6298.49,0.00247284,2.47284e-05,26650
6296.32,0.00247455,2.47455e-05,26651
6294.15,0.00247625,2.47625e-05,26652
6291.97,0.00247797,2.47797e-05,26653
6289.8,0.00247968,2.47968e-05,26654
6287.62,0.0024814,2.4814e-05,26655
6285.44,0.00248312,2.48312e-05,26656
6283.26,0.00248484,2.48484e-05,26657
6281.08,0.00248657,2.48657e-05,26658
6278.89,0.0024883,2.4883e-05,26659
6276.71,0.00249003,2.49003e-05,26660
6274.52,0.00249177,2.49177e-05,26661
6272.33,0.00249351,2.49351e-05,26662
6270.14,0.00249525,2.49525e-05,26663
6267.95,0.002497,2.497e-05,26664
6265.75,0.00249875,2.49875e-05,26665
6263.56,0.0025005,2.5005e-05,26666
6261.36,0.00250226,2.50226e-05,26667
6259.16,0.00250402,2.50402e-05,26668
6256.96,0.00250578,2.50578e-05,26669
6254.76,0.00250754,2.50754e-05,26670
6252.55,0.00250931,2.50931e-05,26671
6250.35,0.00251108,2.51108e-05,26672
6248.14,0.00251286,2.51286e-05,26673
6245.93,0.00251464,2.51464e-05,26674
6243.72,0.00251642,2.51642e-05,26675
6241.5,0.0025182,2.5182e-05,26676
6239.29,0.00251999,2.51999e-05,26677
6237.07,0.00252178,2.52178e-05,26678
6234.85,0.00252358,2.52358e-05,26679
6232.63,0.00252538,2.52538e-05,26680
6230.41,0.00252718,2.52718e-05,26681
6228.19,0.00252898,2.52898e-05,26682
6225.96,0.00253079,2.53079e-05,26683
6223.74,0.0025326,2.5326e-05,26684
6221.51,0.00253441,2.53441e-05,26685
6219.28,0.00253623,2.53623e-05,26686
6217.05,0.00253805,2.53805e-05,26687
6214.81,0.00253988,2.53988e-05,26688
6212.58,0.00254171,2.54171e-05,26689
6210.34,0.00254354,2.54354e-05,26690
6208.1,0.00254537,2.54537e-05,26691
6205.86,0.00254721,2.54721e-05,26692
6203.62,0.00254905,2.54905e-05,26693
6201.37,0.0025509,2.5509e-05,26694
6199.13,0.00255275,2.55275e-05,26695
6196.88,0.0025546,2.5546e-05,26696
6194.63,0.00255645,2.55645e-05,26697
6192.38,0.00255831,2.55831e-05,26698
6190.13,0.00256018,2.56017e-05,26699
6187.87,0.00256204,2.56204e-05,26700
6185.62,0.00256391,2.56391e-05,26701
6183.36,0.00256578,2.56578e-05,26702
6181.1,0.00256766,2.56766e-05,26703
6178.84,0.00256954,2.56954e-05,26704
6176.58,0.00257142,2.57142e-05,26705
6174.31,0.00257331,2.57331e-05,26706
6172.04,0.0025752,2.5752e-05,26707
6169.78,0.00257709,2.57709e-05,26708
6167.51,0.00257899,2.57899e-05,26709
6165.23,0.00258089,2.58089e-05,26710
6162.96,0.0025828,2.5828e-05,26711
6160.69,0.0025847,2.5847e-05,26712
6158.41,0.00258662,2.58662e-05,26713
6156.13,0.00258853,2.58853e-05,26714
6153.85,0.00259045,2.59045e-05,26715
6151.57,0.00259237,2.59237e-05,26716
6149.28,0.0025943,2.5943e-05,26717
6147,0.00259623,2.59623e-05,26718
6144.71,0.00259816,2.59816e-05,26719
6142.42,0.0026001,2.6001e-05,26720
6140.13,0.00260204,2.60204e-05,26721
6137.84,0.00260398,2.60398e-05,26722
6135.54,0.00260593,2.60593e-05,26723
6133.25,0.00260788,2.60788e-05,26724
6130.95,0.00260984,2.60984e-05,26725
6128.65,0.0026118,2.6118e-05,26726
6126.35,0.00261376,2.61376e-05,26727
6124.04,0.00261573,2.61573e-05,26728
6121.74,0.0026177,2.6177e-05,26729
6119.43,0.00261967,2.61967e-05,26730
6117.12,0.00262165,2.62165e-05,26731
6114.81,0.00262363,2.62363e-05,26732
6112.5,0.00262562,2.62562e-05,26733
6110.19,0.0026276,2.6276e-05,26734
6107.87,0.0026296,2.6296e-05,26735
6105.55,0.00263159,2.63159e-05,26736
6103.24,0.00263359,2.63359e-05,26737
6100.91,0.0026356,2.6356e-05,26738
6098.59,0.00263761,2.63761e-05,26739
6096.27,0.00263962,2.63962e-05,26740
6093.94,0.00264163,2.64163e-05,26741
6091.61,0.00264365,2.64365e-05,26742
6089.28,0.00264568,2.64568e-05,26743
6086.95,0.0026477,2.6477e-05,26744
6084.62,0.00264973,2.64974e-05,26745
6082.28,0.00265177,2.65177e-05,26746
6079.95,0.00265381,2.65381e-05,26747
6077.61,0.00265585,2.65585e-05,26748
6075.27,0.0026579,2.6579e-05,26749
6072.92,0.00265995,2.65995e-05,26750
6070.58,0.002662,2.662e-05,26751
6068.23,0.00266406,2.66406e-05,26752
6065.89,0.00266612,2.66612e-05,26753
6063.54,0.00266819,2.66819e-05,26754
6061.19,0.00267026,2.67026e-05,26755
6058.83,0.00267234,2.67234e-05,26756
6056.48,0.00267441,2.67441e-05,26757
6054.12,0.0026765,2.6765e-05,26758
6051.76,0.00267858,2.67858e-05,26759
6049.4,0.00268067,2.68067e-05,26760
6047.04,0.00268277,2.68277e-05,26761
6044.68,0.00268487,2.68487e-05,26762
6042.31,0.00268697,2.68697e-05,26763
6039.94,0.00268908,2.68908e-05,26764
6037.58,0.00269119,2.69119e-05,26765
6035.21,0.0026933,2.6933e-05,26766
6032.83,0.00269542,2.69542e-05,26767
6030.46,0.00269754,2.69754e-05,26768
6028.08,0.00269967,2.69967e-05,26769
6025.7,0.0027018,2.7018e-05,26770
6023.32,0.00270394,2.70394e-05,26771
6020.94,0.00270608,2.70608e-05,26772
6018.56,0.00270822,2.70822e-05,26773
6016.17,0.00271037,2.71037e-05,26774
6013.79,0.00271252,2.71252e-05,26775
6011.4,0.00271468,2.71468e-05,26776
6009.01,0.00271684,2.71684e-05,26777
6006.61,0.002719,2.719e-05,26778
6004.22,0.00272117,2.72117e-05,26779
6001.82,0.00272334,2.72334e-05,26780
5999.43,0.00272552,2.72552e-05,26781
5997.03,0.0027277,2.7277e-05,26782
5994.62,0.00272989,2.72989e-05,26783
5992.22,0.00273208,2.73208e-05,26784
5989.82,0.00273428,2.73428e-05,26785
5987.41,0.00273647,2.73647e-05,26786
5985,0.00273868,2.73868e-05,26787
5982.59,0.00274088,2.74088e-05,26788
5980.18,0.0027431,2.7431e-05,26789
5977.76,0.00274531,2.74531e-05,26790
5975.35,0.00274753,2.74753e-05,26791
5972.93,0.00274976,2.74976e-05,26792
5970.51,0.00275199,2.75199e-05,26793
5968.09,0.00275422,2.75422e-05,26794
5965.66,0.00275646,2.75646e-05,26795
5963.24,0.0027587,2.7587e-05,26796
5960.81,0.00276095,2.76095e-05,26797
5958.38,0.0027632,2.7632e-05,26798
5955.95,0.00276546,2.76546e-05,26799
5953.52,0.00276772,2.76772e-05,26800
5951.08,0.00276998,2.76998e-05,26801
5948.65,0.00277225,2.77225e-05,26802
5946.21,0.00277453,2.77453e-05,26803
5943.77,0.0027768,2.7768e-05,26804
5941.33,0.00277909,2.77909e-05,26805
5938.88,0.00278138,2.78138e-05,26806
5936.44,0.00278367,2.78367e-05,26807
5933.99,0.00278596,2.78596e-05,26808
5931.54,0.00278827,2.78827e-05,26809
5929.09,0.00279057,2.79057e-05,26810
5926.64,0.00279288,2.79288e-05,26811
5924.18,0.0027952,2.7952e-05,26812
5921.72,0.00279752,2.79752e-05,26813
5919.27,0.00279984,2.79984e-05,26814
5916.81,0.00280217,2.80217e-05,26815
5914.34,0.0028045,2.8045e-05,26816
5911.88,0.00280684,2.80684e-05,26817
5909.41,0.00280918,2.80918e-05,26818
5906.95,0.00281153,2.81153e-05,26819
5904.48,0.00281388,2.81388e-05,26820
5902.01,0.00281624,2.81624e-05,26821
5899.53,0.0028186,2.8186e-05,26822
5897.06,0.00282097,2.82097e-05,26823
5894.58,0.00282334,2.82334e-05,26824
5892.1,0.00282572,2.82572e-05,26825
5889.62,0.0028281,2.8281e-05,26826
5887.14,0.00283048,2.83048e-05,26827
5884.65,0.00283287,2.83287e-05,26828
5882.17,0.00283527,2.83527e-05,26829
5879.68,0.00283767,2.83767e-05,26830
5877.19,0.00284007,2.84007e-05,26831
5874.7,0.00284248,2.84248e-05,26832
5872.2,0.0028449,2.8449e-05,26833
5869.71,0.00284732,2.84732e-05,26834
5867.21,0.00284974,2.84974e-05,26835
5864.71,0.00285217,2.85217e-05,26836
5862.21,0.00285461,2.85461e-05,26837
5859.71,0.00285705,2.85705e-05,26838
5857.2,0.00285949,2.85949e-05,26839
5854.69,0.00286194,2.86194e-05,26840
5852.18,0.0028644,2.8644e-05,26841
5849.67,0.00286685,2.86685e-05,26842
5847.16,0.00286932,2.86932e-05,26843
5844.65,0.00287179,2.87179e-05,26844
5842.13,0.00287426,2.87426e-05,26845
5839.61,0.00287674,2.87674e-05,26846
5837.09,0.00287923,2.87923e-05,26847
5834.57,0.00288172,2.88172e-05,26848
5832.05,0.00288421,2.88421e-05,26849
5829.52,0.00288671,2.88671e-05,26850
5826.99,0.00288922,2.88922e-05,26851
5824.46,0.00289173,2.89173e-05,26852
5821.93,0.00289424,2.89424e-05,26853
5819.4,0.00289676,2.89676e-05,26854
5816.86,0.00289929,2.89929e-05,26855
5814.33,0.00290182,2.90182e-05,26856
5811.79,0.00290435,2.90435e-05,26857
5809.25,0.0029069,2.9069e-05,26858
5806.7,0.00290944,2.90944e-05,26859
5804.16,0.002912,2.912e-05,26860
5801.61,0.00291455,2.91455e-05,26861
5799.06,0.00291711,2.91711e-05,26862
5796.51,0.00291968,2.91968e-05,26863
5793.96,0.00292226,2.92226e-05,26864
5791.4,0.00292483,2.92483e-05,26865
5788.85,0.00292742,2.92742e-05,26866
5786.29,0.00293001,2.93001e-05,26867
5783.73,0.0029326,2.9326e-05,26868
5781.17,0.0029352,2.9352e-05,26869
5778.6,0.00293781,2.93781e-05,26870
5776.04,0.00294042,2.94042e-05,26871
5773.47,0.00294303,2.94303e-05,26872
5770.9,0.00294565,2.94565e-05,26873
5768.33,0.00294828,2.94828e-05,26874
5765.76,0.00295091,2.95091e-05,26875
5763.18,0.00295355,2.95355e-05,26876
5760.6,0.0029562,2.9562e-05,26877
5758.02,0.00295884,2.95884e-05,26878
5755.44,0.0029615,2.9615e-05,26879
5752.86,0.00296416,2.96416e-05,26880
5750.27,0.00296682,2.96682e-05,26881
5747.69,0.0029695,2.9695e-05,26882
5745.1,0.00297217,2.97217e-05,26883
5742.51,0.00297486,2.97486e-05,26884
5739.91,0.00297754,2.97754e-05,26885
5737.32,0.00298024,2.98024e-05,26886
5734.72,0.00298294,2.98294e-05,26887
5732.12,0.00298564,2.98564e-05,26888
5729.52,0.00298835,2.98835e-05,26889
5726.92,0.00299107,2.99107e-05,26890
5724.32,0.00299379,2.99379e-05,26891
5721.71,0.00299652,2.99652e-05,26892
5719.1,0.00299925,2.99925e-05,26893
5716.49,0.00300199,3.00199e-05,26894
5713.88,0.00300474,3.00474e-05,26895
5711.26,0.00300749,3.00749e-05,26896
5708.65,0.00301025,3.01025e-05,26897
5706.03,0.00301301,3.01301e-05,26898
5703.41,0.00301578,3.01578e-05,26899
5700.79,0.00301856,3.01856e-05,26900
5698.16,0.00302134,3.02134e-05,26901
5695.54,0.00302412,3.02412e-05,26902
5692.91,0.00302692,3.02692e-05,26903
5690.28,0.00302972,3.02971e-05,26904
5687.65,0.00303252,3.03252e-05,26905
5685.01,0.00303533,3.03533e-05,26906
5682.38,0.00303815,3.03815e-05,26907
5679.74,0.00304097,3.04097e-05,26908
5677.1,0.0030438,3.0438e-05,26909
5674.46,0.00304663,3.04663e-05,26910
5671.81,0.00304947,3.04947e-05,26911
5669.17,0.00305232,3.05232e-05,26912
5666.52,0.00305517,3.05517e-05,26913
5663.87,0.00305803,3.05803e-05,26914
5661.22,0.0030609,3.0609e-05,26915
5658.57,0.00306377,3.06377e-05,26916
5655.91,0.00306665,3.06665e-05,26917
5653.25,0.00306953,3.06953e-05,26918
5650.59,0.00307242,3.07242e-05,26919
5647.93,0.00307532,3.07532e-05,26920
5645.27,0.00307822,3.07822e-05,26921
5642.6,0.00308113,3.08113e-05,26922
5639.94,0.00308404,3.08404e-05,26923
5637.27,0.00308696,3.08696e-05,26924
5634.6,0.00308989,3.08989e-05,26925
5631.92,0.00309283,3.09283e-05,26926
5629.25,0.00309577,3.09577e-05,26927
5626.57,0.00309871,3.09871e-05,26928
5623.89,0.00310167,3.10167e-05,26929
5621.21,0.00310463,3.10463e-05,26930
5618.53,0.00310759,3.10759e-05,26931
5615.84,0.00311057,3.11057e-05,26932
5613.15,0.00311354,3.11354e-05,26933
5610.46,0.00311653,3.11653e-05,26934
5607.77,0.00311952,3.11952e-05,26935
5605.08,0.00312252,3.12252e-05,26936
5602.38,0.00312553,3.12553e-05,26937
5599.69,0.00312854,3.12854e-05,26938
5596.99,0.00313156,3.13156e-05,26939
5594.29,0.00313458,3.13458e-05,26940
5591.58,0.00313761,3.13761e-05,26941
5588.88,0.00314065,3.14065e-05,26942
5586.17,0.0031437,3.1437e-05,26943
5583.46,0.00314675,3.14675e-05,26944
5580.75,0.00314981,3.14981e-05,26945
5578.04,0.00315287,3.15287e-05,26946
5575.32,0.00315594,3.15594e-05,26947
5572.6,0.00315902,3.15902e-05,26948
5569.88,0.00316211,3.16211e-05,26949
5567.16,0.0031652,3.1652e-05,26950
5564.44,0.0031683,3.1683e-05,26951
5561.71,0.00317141,3.17141e-05,26952
5558.99,0.00317452,3.17452e-05,26953
5556.26,0.00317764,3.17764e-05,26954
5553.52,0.00318076,3.18077e-05,26955
5550.79,0.0031839,3.1839e-05,26956
5548.06,0.00318704,3.18704e-05,26957
5545.32,0.00319019,3.19019e-05,26958
5542.58,0.00319334,3.19334e-05,26959
5539.84,0.0031965,3.1965e-05,26960
5537.09,0.00319967,3.19967e-05,26961
5534.35,0.00320285,3.20285e-05,26962
5531.6,0.00320603,3.20603e-05,26963
5528.85,0.00320922,3.20922e-05,26964
5526.1,0.00321242,3.21242e-05,26965
5523.34,0.00321562,3.21562e-05,26966
5520.59,0.00321883,3.21883e-05,26967
5517.83,0.00322205,3.22205e-05,26968
5515.07,0.00322528,3.22528e-05,26969
5512.31,0.00322851,3.22851e-05,26970
5509.54,0.00323175,3.23175e-05,26971
5506.78,0.003235,3.235e-05,26972
5504.01,0.00323825,3.23825e-05,26973
5501.24,0.00324152,3.24152e-05,26974
5498.47,0.00324479,3.24479e-05,26975
5495.69,0.00324806,3.24806e-05,26976
5492.91,0.00325135,3.25135e-05,26977
5490.13,0.00325464,3.25464e-05,26978
5487.35,0.00325794,3.25794e-05,26979
5484.57,0.00326125,3.26125e-05,26980
5481.79,0.00326456,3.26456e-05,26981
5479,0.00326788,3.26788e-05,26982
5476.21,0.00327121,3.27121e-05,26983
5473.42,0.00327455,3.27455e-05,26984
5470.63,0.00327789,3.27789e-05,26985
5467.83,0.00328125,3.28125e-05,26986
5465.03,0.00328461,3.28461e-05,26987
5462.24,0.00328797,3.28797e-05,26988
5459.43,0.00329135,3.29135e-05,26989
5456.63,0.00329473,3.29473e-05,26990
5453.82,0.00329812,3.29812e-05,26991
5451.02,0.00330152,3.30152e-05,26992
5448.21,0.00330493,3.30493e-05,26993
5445.4,0.00330834,3.30834e-05,26994
5442.58,0.00331176,3.31176e-05,26995
5439.77,0.00331519,3.31519e-05,26996
5436.95,0.00331863,3.31863e-05,26997
5434.13,0.00332207,3.32207e-05,26998
5431.3,0.00332553,3.32553e-05,26999
5428.48,0.00332899,3.32899e-05,27000
5425.65,0.00333246,3.33246e-05,27001
5422.83,0.00333594,3.33594e-05,27002
5419.99,0.00333942,3.33942e-05,27003
5417.16,0.00334292,3.34292e-05,27004
5414.33,0.00334642,3.34642e-05,27005
5411.49,0.00334993,3.34993e-05,27006
5408.65,0.00335344,3.35344e-05,27007
5405.81,0.00335697,3.35697e-05,27008
5402.97,0.0033605,3.3605e-05,27009
5400.12,0.00336405,3.36405e-05,27010
5397.27,0.0033676,3.3676e-05,27011
5394.42,0.00337116,3.37116e-05,27012
5391.57,0.00337472,3.37472e-05,27013
5388.72,0.0033783,3.3783e-05,27014
5385.86,0.00338188,3.38188e-05,27015
5383,0.00338548,3.38548e-05,27016
5380.14,0.00338908,3.38908e-05,27017
5377.28,0.00339269,3.39268e-05,27018
5374.42,0.0033963,3.3963e-05,27019
5371.55,0.00339993,3.39993e-05,27020
5368.68,0.00340356,3.40356e-05,27021
5365.81,0.00340721,3.40721e-05,27022
5362.94,0.00341086,3.41086e-05,27023
5360.06,0.00341452,3.41452e-05,27024
5357.19,0.00341819,3.41819e-05,27025
5354.31,0.00342186,3.42186e-05,27026
5351.42,0.00342555,3.42555e-05,27027
5348.54,0.00342925,3.42925e-05,27028
5345.65,0.00343295,3.43295e-05,27029
5342.77,0.00343666,3.43666e-05,27030
5339.88,0.00344038,3.44038e-05,27031
5336.98,0.00344411,3.44411e-05,27032
5334.09,0.00344785,3.44785e-05,27033
5331.19,0.0034516,3.4516e-05,27034
5328.29,0.00345536,3.45536e-05,27035
5325.39,0.00345912,3.45912e-05,27036
5322.49,0.00346289,3.4629e-05,27037
5319.59,0.00346668,3.46668e-05,27038
5316.68,0.00347047,3.47047e-05,27039
5313.77,0.00347427,3.47427e-05,27040
5310.86,0.00347808,3.47808e-05,27041
5307.94,0.0034819,3.4819e-05,27042
5305.03,0.00348573,3.48573e-05,27043
5302.11,0.00348957,3.48957e-05,27044
5299.19,0.00349342,3.49342e-05,27045
5296.27,0.00349727,3.49727e-05,27046
5293.34,0.00350114,3.50114e-05,27047
5290.41,0.00350501,3.50501e-05,27048
5287.49,0.0035089,3.5089e-05,27049
5284.55,0.00351279,3.51279e-05,27050
5281.62,0.00351669,3.51669e-05,27051
5278.69,0.00352061,3.52061e-05,27052
5275.75,0.00352453,3.52453e-05,27053
5272.81,0.00352846,3.52846e-05,27054
5269.87,0.0035324,3.5324e-05,27055
5266.92,0.00353635,3.53635e-05,27056
5263.97,0.00354031,3.54031e-05,27057
5261.03,0.00354428,3.54428e-05,27058
5258.08,0.00354826,3.54826e-05,27059
5255.12,0.00355225,3.55225e-05,27060
5252.17,0.00355625,3.55625e-05,27061
5249.21,0.00356026,3.56026e-05,27062
5246.25,0.00356427,3.56427e-05,27063
5243.29,0.0035683,3.5683e-05,27064
5240.32,0.00357234,3.57234e-05,27065
5237.36,0.00357639,3.57639e-05,27066
5234.39,0.00358044,3.58044e-05,27067
5231.42,0.00358451,3.58451e-05,27068
5228.45,0.00358859,3.58859e-05,27069
5225.47,0.00359268,3.59268e-05,27070
5222.49,0.00359677,3.59677e-05,27071
5219.51,0.00360088,3.60088e-05,27072
5216.53,0.003605,3.605e-05,27073
5213.55,0.00360913,3.60913e-05,27074
5210.56,0.00361326,3.61326e-05,27075
5207.57,0.00361741,3.61741e-05,27076
5204.58,0.00362157,3.62157e-05,27077
5201.59,0.00362574,3.62574e-05,27078
5198.6,0.00362992,3.62992e-05,27079
5195.6,0.00363411,3.63411e-05,27080
5192.6,0.00363831,3.63831e-05,27081
5189.6,0.00364252,3.64252e-05,27082
5186.59,0.00364674,3.64674e-05,27083
5183.59,0.00365097,3.65097e-05,27084
5180.58,0.00365521,3.65521e-05,27085
5177.57,0.00365946,3.65946e-05,27086
5174.55,0.00366373,3.66373e-05,27087
5171.54,0.003668,3.668e-05,27088
5168.52,0.00367228,3.67228e-05,27089
5165.5,0.00367658,3.67658e-05,27090
5162.48,0.00368088,3.68088e-05,27091
5159.46,0.0036852,3.6852e-05,27092
5156.43,0.00368953,3.68953e-05,27093
5153.4,0.00369386,3.69386e-05,27094
5150.37,0.00369821,3.69821e-05,27095
5147.34,0.00370257,3.70257e-05,27096
5144.3,0.00370694,3.70694e-05,27097
5141.27,0.00371133,3.71132e-05,27098
5138.23,0.00371572,3.71572e-05,27099
5135.18,0.00372012,3.72012e-05,27100
5132.14,0.00372454,3.72454e-05,27101
5129.09,0.00372896,3.72896e-05,27102
5126.04,0.0037334,3.7334e-05,27103
5122.99,0.00373785,3.73785e-05,27104
5119.94,0.00374231,3.74231e-05,27105
5116.88,0.00374678,3.74678e-05,27106
5113.83,0.00375126,3.75126e-05,27107
5110.77,0.00375575,3.75575e-05,27108
5107.7,0.00376026,3.76026e-05,27109
5104.64,0.00376478,3.76478e-05,27110
5101.57,0.0037693,3.7693e-05,27111
5098.5,0.00377384,3.77384e-05,27112
5095.43,0.00377839,3.77839e-05,27113
5092.36,0.00378296,3.78296e-05,27114
5089.28,0.00378753,3.78753e-05,27115
5086.2,0.00379212,3.79212e-05,27116
5083.12,0.00379672,3.79672e-05,27117
5080.04,0.00380132,3.80132e-05,27118
5076.95,0.00380595,3.80595e-05,27119
5073.87,0.00381058,3.81058e-05,27120
5070.78,0.00381523,3.81523e-05,27121
5067.68,0.00381988,3.81988e-05,27122
5064.59,0.00382455,3.82455e-05,27123
5061.49,0.00382923,3.82923e-05,27124
5058.39,0.00383393,3.83393e-05,27125
5055.29,0.00383863,3.83863e-05,27126
5052.19,0.00384335,3.84335e-05,27127
5049.08,0.00384808,3.84808e-05,27128
5045.97,0.00385282,3.85282e-05,27129
5042.86,0.00385758,3.85758e-05,27130
5039.75,0.00386234,3.86234e-05,27131
5036.63,0.00386712,3.86712e-05,27132
5033.52,0.00387192,3.87192e-05,27133
5030.4,0.00387672,3.87672e-05,27134
5027.27,0.00388154,3.88154e-05,27135
5024.15,0.00388637,3.88637e-05,27136
5021.02,0.00389121,3.89121e-05,27137
5017.89,0.00389606,3.89606e-05,27138
5014.76,0.00390093,3.90093e-05,27139
5011.63,0.00390581,3.90581e-05,27140
5008.49,0.0039107,3.9107e-05,27141
5005.35,0.00391561,3.91561e-05,27142
5002.21,0.00392053,3.92053e-05,27143
4999.07,0.00392546,3.92546e-05,27144
4995.92,0.00393041,3.93041e-05,27145
4992.78,0.00393536,3.93536e-05,27146
4989.62,0.00394034,3.94034e-05,27147
4986.47,0.00394532,3.94532e-05,27148
4983.32,0.00395032,3.95032e-05,27149
4980.16,0.00395533,3.95533e-05,27150
4977,0.00396035,3.96035e-05,27151
4973.84,0.00396539,3.96539e-05,27152
4970.67,0.00397044,3.97044e-05,27153
4967.51,0.0039755,3.9755e-05,27154
4964.34,0.00398058,3.98058e-05,27155
4961.17,0.00398567,3.98567e-05,27156
4957.99,0.00399078,3.99078e-05,27157
4954.82,0.0039959,3.9959e-05,27158
4951.64,0.00400103,4.00103e-05,27159
4948.46,0.00400617,4.00617e-05,27160
4945.27,0.00401133,4.01133e-05,27161
4942.09,0.00401651,4.01651e-05,27162
4938.9,0.00402169,4.02169e-05,27163
4935.71,0.00402689,4.02689e-05,27164
4932.51,0.00403211,4.03211e-05,27165
4929.32,0.00403734,4.03734e-05,27166
4926.12,0.00404258,4.04258e-05,27167
4922.92,0.00404784,4.04784e-05,27168
4919.72,0.00405311,4.05311e-05,27169
4916.51,0.0040584,4.0584e-05,27170
4913.31,0.0040637,4.0637e-05,27171
4910.1,0.00406901,4.06901e-05,27172
4906.88,0.00407434,4.07434e-05,27173
4903.67,0.00407968,4.07968e-05,27174
4900.45,0.00408504,4.08504e-05,27175
4897.23,0.00409042,4.09042e-05,27176
4894.01,0.0040958,4.0958e-05,27177
4890.79,0.0041012,4.1012e-05,27178
4887.56,0.00410662,4.10662e-05,27179
4884.33,0.00411205,4.11205e-05,27180
4881.1,0.0041175,4.1175e-05,27181
4877.87,0.00412296,4.12296e-05,27182
4874.63,0.00412844,4.12844e-05,27183
4871.39,0.00413393,4.13393e-05,27184
4868.15,0.00413943,4.13943e-05,27185
4864.91,0.00414495,4.14495e-05,27186
4861.66,0.00415049,4.15049e-05,27187
4858.41,0.00415604,4.15604e-05,27188
4855.16,0.00416161,4.16161e-05,27189
4851.91,0.00416719,4.16719e-05,27190
4848.65,0.00417279,4.17279e-05,27191
4845.4,0.0041784,4.1784e-05,27192
4842.14,0.00418403,4.18403e-05,27193
4838.87,0.00418968,4.18968e-05,27194
4835.61,0.00419534,4.19534e-05,27195
4832.34,0.00420101,4.20101e-05,27196
4829.07,0.00420671,4.20671e-05,27197
4825.8,0.00421241,4.21241e-05,27198
4822.52,0.00421814,4.21814e-05,27199
4819.24,0.00422388,4.22388e-05,27200
4815.96,0.00422963,4.22963e-05,27201
4812.68,0.0042354,4.2354e-05,27202
4809.4,0.00424119,4.24119e-05,27203
4806.11,0.004247,4.247e-05,27204
4802.82,0.00425282,4.25282e-05,27205
4799.53,0.00425865,4.25865e-05,27206
4796.23,0.00426451,4.26451e-05,27207
4792.93,0.00427037,4.27037e-05,27208
4789.63,0.00427626,4.27626e-05,27209
4786.33,0.00428216,4.28216e-05,27210
4783.03,0.00428808,4.28808e-05,27211
4779.72,0.00429402,4.29402e-05,27212
4776.41,0.00429997,4.29997e-05,27213
4773.1,0.00430594,4.30594e-05,27214
4769.78,0.00431193,4.31193e-05,27215
4766.47,0.00431793,4.31793e-05,27216
4763.15,0.00432395,4.32395e-05,27217
4759.83,0.00432999,4.32999e-05,27218
4756.5,0.00433605,4.33605e-05,27219
4753.17,0.00434212,4.34212e-05,27220
4749.84,0.00434821,4.34821e-05,27221
4746.51,0.00435432,4.35432e-05,27222
4743.18,0.00436044,4.36044e-05,27223
4739.84,0.00436658,4.36658e-05,27224
4736.5,0.00437274,4.37274e-05,27225
4733.16,0.00437892,4.37892e-05,27226
4729.81,0.00438512,4.38512e-05,27227
4726.47,0.00439133,4.39133e-05,27228
4723.12,0.00439756,4.39756e-05,27229
4719.76,0.00440381,4.40381e-05,27230
4716.41,0.00441008,4.41008e-05,27231
4713.05,0.00441636,4.41636e-05,27232
4709.69,0.00442267,4.42267e-05,27233
4706.33,0.00442899,4.42899e-05,27234
4702.96,0.00443533,4.43533e-05,27235
4699.6,0.00444169,4.44169e-05,27236
4696.23,0.00444806,4.44806e-05,27237
4692.85,0.00445446,4.45446e-05,27238
4689.48,0.00446087,4.46087e-05,27239
4686.1,0.0044673,4.4673e-05,27240
4682.72,0.00447376,4.47376e-05,27241
4679.34,0.00448023,4.48023e-05,27242
4675.95,0.00448672,4.48672e-05,27243
4672.57,0.00449323,4.49323e-05,27244
4669.17,0.00449975,4.49975e-05,27245
4665.78,0.0045063,4.5063e-05,27246
4662.39,0.00451287,4.51287e-05,27247
4658.99,0.00451945,4.51945e-05,27248
4655.59,0.00452606,4.52606e-05,27249
4652.18,0.00453268,4.53268e-05,27250
4648.78,0.00453932,4.53932e-05,27251
4645.37,0.00454599,4.54599e-05,27252
4641.96,0.00455267,4.55267e-05,27253
4638.55,0.00455937,4.55937e-05,27254
4635.13,0.0045661,4.5661e-05,27255
4631.71,0.00457284,4.57284e-05,27256
4628.29,0.0045796,4.5796e-05,27257
4624.87,0.00458639,4.58639e-05,27258
4621.44,0.00459319,4.59319e-05,27259
4618.01,0.00460001,4.60001e-05,27260
4614.58,0.00460686,4.60686e-05,27261
4611.15,0.00461372,4.61372e-05,27262
4607.71,0.00462061,4.62061e-05,27263
4604.27,0.00462751,4.62751e-05,27264
4600.83,0.00463444,4.63444e-05,27265
4597.38,0.00464139,4.64139e-05,27266
4593.94,0.00464835,4.64835e-05,27267
4590.49,0.00465534,4.65534e-05,27268
4587.03,0.00466235,4.66235e-05,27269
4583.58,0.00466938,4.66938e-05,27270
4580.12,0.00467644,4.67644e-05,27271
4576.66,0.00468351,4.68351e-05,27272
4573.2,0.00469061,4.69061e-05,27273
4569.73,0.00469772,4.69772e-05,27274
4566.26,0.00470486,4.70486e-05,27275
4562.79,0.00471202,4.71202e-05,27276
4559.32,0.0047192,4.7192e-05,27277
4555.85,0.00472641,4.72641e-05,27278
4552.37,0.00473363,4.73363e-05,27279
4548.89,0.00474088,4.74088e-05,27280
4545.4,0.00474815,4.74815e-05,27281
4541.92,0.00475544,4.75544e-05,27282
4538.43,0.00476276,4.76276e-05,27283
4534.93,0.0047701,4.7701e-05,27284
4531.44,0.00477745,4.77745e-05,27285
4527.94,0.00478484,4.78484e-05,27286
4524.44,0.00479224,4.79224e-05,27287
4520.94,0.00479967,4.79967e-05,27288
4517.44,0.00480712,4.80712e-05,27289
4513.93,0.00481459,4.81459e-05,27290
4510.42,0.00482209,4.82209e-05,27291
4506.9,0.00482961,4.82961e-05,27292
4503.39,0.00483716,4.83716e-05,27293
4499.87,0.00484472,4.84472e-05,27294
4496.35,0.00485231,4.85231e-05,27295
4492.83,0.00485993,4.85993e-05,27296
4489.3,0.00486757,4.86757e-05,27297
4485.77,0.00487523,4.87523e-05,27298
4482.24,0.00488291,4.88291e-05,27299
4478.7,0.00489062,4.89062e-05,27300
4475.17,0.00489836,4.89836e-05,27301
4471.63,0.00490612,4.90612e-05,27302
4468.09,0.0049139,4.9139e-05,27303
4464.54,0.0049217,4.9217e-05,27304
4460.99,0.00492954,4.92954e-05,27305
4457.44,0.00493739,4.93739e-05,27306
4453.89,0.00494527,4.94527e-05,27307
4450.33,0.00495318,4.95318e-05,27308
4446.77,0.00496111,4.96111e-05,27309
4443.21,0.00496907,4.96907e-05,27310
4439.65,0.00497705,4.97705e-05,27311
4436.08,0.00498506,4.98506e-05,27312
4432.51,0.00499309,4.99309e-05,27313
4428.94,0.00500115,5.00115e-05,27314
4425.36,0.00500923,5.00923e-05,27315
4421.79,0.00501734,5.01734e-05,27316
4418.21,0.00502548,5.02548e-05,27317
4414.62,0.00503364,5.03364e-05,27318
4411.04,0.00504182,5.04182e-05,27319
4407.45,0.00505004,5.05004e-05,27320
4403.86,0.00505828,5.05828e-05,27321
4400.26,0.00506654,5.06654e-05,27322
4396.67,0.00507484,5.07484e-05,27323
4393.07,0.00508316,5.08316e-05,27324
4389.46,0.0050915,5.0915e-05,27325
4385.86,0.00509988,5.09988e-05,27326
4382.25,0.00510828,5.10828e-05,27327
4378.64,0.00511671,5.11671e-05,27328
4375.03,0.00512516,5.12516e-05,27329
4371.41,0.00513364,5.13364e-05,27330
4367.79,0.00514215,5.14215e-05,27331
4364.17,0.00515069,5.15069e-05,27332
4360.55,0.00515926,5.15926e-05,27333
4356.92,0.00516785,5.16785e-05,27334
4353.29,0.00517647,5.17647e-05,27335
4349.66,0.00518512,5.18512e-05,27336
4346.02,0.0051938,5.1938e-05,27337
4342.38,0.00520251,5.20251e-05,27338
4338.74,0.00521124,5.21124e-05,27339
4335.1,0.00522001,5.22001e-05,27340
4331.45,0.0052288,5.2288e-05,27341
4327.8,0.00523762,5.23762e-05,27342
4324.15,0.00524647,5.24647e-05,27343
4320.49,0.00525536,5.25536e-05,27344
4316.84,0.00526427,5.26427e-05,27345
4313.18,0.0052732,5.2732e-05,27346
4309.51,0.00528217,5.28217e-05,27347
4305.85,0.00529117,5.29117e-05,27348
4302.18,0.0053002,5.3002e-05,27349
4298.51,0.00530926,5.30926e-05,27350
4294.83,0.00531835,5.31835e-05,27351
4291.15,0.00532747,5.32747e-05,27352
4287.47,0.00533662,5.33662e-05,27353
4283.79,0.0053458,5.3458e-05,27354
4280.11,0.00535501,5.35501e-05,27355
4276.42,0.00536425,5.36425e-05,27356
4272.73,0.00537352,5.37352e-05,27357
4269.03,0.00538283,5.38283e-05,27358
4265.33,0.00539216,5.39216e-05,27359
4261.63,0.00540153,5.40153e-05,27360
4257.93,0.00541093,5.41093e-05,27361
4254.22,0.00542036,5.42036e-05,27362
4250.52,0.00542982,5.42982e-05,27363
4246.8,0.00543932,5.43932e-05,27364
4243.09,0.00544884,5.44884e-05,27365
4239.37,0.0054584,5.4584e-05,27366
4235.65,0.005468,5.468e-05,27367
4231.93,0.00547762,5.47762e-05,27368
4228.2,0.00548728,5.48728e-05,27369
4224.48,0.00549697,5.49697e-05,27370
4220.75,0.00550669,5.50669e-05,27371
4217.01,0.00551645,5.51645e-05,27372
4213.27,0.00552624,5.52624e-05,27373
4209.53,0.00553606,5.53606e-05,27374
4205.79,0.00554592,5.54592e-05,27375
4202.05,0.00555581,5.55581e-05,27376
4198.3,0.00556574,5.56574e-05,27377
4194.55,0.0055757,5.5757e-05,27378
4190.79,0.00558569,5.58569e-05,27379
4187.03,0.00559572,5.59572e-05,27380
4183.27,0.00560579,5.60579e-05,27381
4179.51,0.00561589,5.61589e-05,27382
4175.74,0.00562602,5.62602e-05,27383
4171.98,0.00563619,5.63619e-05,27384
4168.2,0.00564639,5.64639e-05,27385
4164.43,0.00565664,5.65664e-05,27386
4160.65,0.00566691,5.66691e-05,27387
4156.87,0.00567722,5.67722e-05,27388
4153.09,0.00568757,5.68757e-05,27389
4149.3,0.00569796,5.69796e-05,27390
4145.51,0.00570838,5.70838e-05,27391
4141.72,0.00571884,5.71884e-05,27392
4137.92,0.00572933,5.72933e-05,27393
4134.12,0.00573987,5.73987e-05,27394
4130.32,0.00575044,5.75044e-05,27395
4126.52,0.00576104,5.76104e-05,27396
4122.71,0.00577169,5.77169e-05,27397
4118.9,0.00578237,5.78237e-05,27398
4115.09,0.00579309,5.79309e-05,27399
4111.27,0.00580385,5.80385e-05,27400
4107.45,0.00581465,5.81465e-05,27401
4103.63,0.00582548,5.82548e-05,27402
4099.81,0.00583636,5.83636e-05,27403
4095.98,0.00584727,5.84727e-05,27404
4092.15,0.00585822,5.85822e-05,27405
4088.32,0.00586921,5.86921e-05,27406
4084.48,0.00588024,5.88024e-05,27407
4080.64,0.00589131,5.89131e-05,27408
4076.8,0.00590242,5.90242e-05,27409
4072.95,0.00591357,5.91357e-05,27410
4069.11,0.00592476,5.92476e-05,27411
4065.25,0.00593599,5.93599e-05,27412
4061.4,0.00594727,5.94727e-05,27413
4057.54,0.00595858,5.95858e-05,27414
4053.68,0.00596993,5.96993e-05,27415
4049.82,0.00598133,5.98133e-05,27416
4045.95,0.00599276,5.99276e-05,27417
4042.08,0.00600424,6.00424e-05,27418
4038.21,0.00601576,6.01576e-05,27419
4034.34,0.00602733,6.02733e-05,27420
4030.46,0.00603893,6.03893e-05,27421
4026.58,0.00605058,6.05058e-05,27422
4022.69,0.00606227,6.06227e-05,27423
4018.81,0.006074,6.074e-05,27424
4014.92,0.00608578,6.08578e-05,27425
4011.02,0.0060976,6.0976e-05,27426
4007.13,0.00610946,6.10946e-05,27427
4003.23,0.00612137,6.12137e-05,27428
3999.32,0.00613332,6.13332e-05,27429
3995.42,0.00614532,6.14532e-05,27430
3991.51,0.00615736,6.15736e-05,27431
3987.6,0.00616944,6.16944e-05,27432
3983.68,0.00618157,6.18157e-05,27433
3979.77,0.00619375,6.19375e-05,27434
3975.85,0.00620597,6.20597e-05,27435
3971.92,0.00621824,6.21824e-05,27436
3968,0.00623055,6.23055e-05,27437
3964.07,0.00624291,6.24291e-05,27438
3960.13,0.00625532,6.25532e-05,27439
3956.2,0.00626777,6.26777e-05,27440
3952.26,0.00628027,6.28027e-05,27441
3948.32,0.00629282,6.29282e-05,27442
3944.37,0.00630541,6.30541e-05,27443
3940.42,0.00631805,6.31805e-05,27444
3936.47,0.00633074,6.33074e-05,27445
3932.52,0.00634348,6.34348e-05,27446
3928.56,0.00635627,6.35627e-05,27447
3924.6,0.0063691,6.3691e-05,27448
3920.64,0.00638198,6.38198e-05,27449
3916.67,0.00639492,6.39492e-05,27450
3912.7,0.0064079,6.4079e-05,27451
3908.73,0.00642093,6.42093e-05,27452
3904.75,0.00643401,6.43401e-05,27453
3900.77,0.00644715,6.44715e-05,27454
3896.79,0.00646033,6.46033e-05,27455
3892.81,0.00647356,6.47356e-05,27456
3888.82,0.00648685,6.48685e-05,27457
3884.83,0.00650018,6.50018e-05,27458
3880.83,0.00651357,6.51357e-05,27459
3876.83,0.00652701,6.52701e-05,27460
3872.83,0.00654051,6.54051e-05,27461
3868.83,0.00655405,6.55405e-05,27462
3864.82,0.00656765,6.56765e-05,27463
3860.81,0.0065813,6.5813e-05,27464
3856.8,0.006595,6.595e-05,27465
3852.78,0.00660876,6.60876e-05,27466
3848.76,0.00662257,6.62257e-05,27467
3844.74,0.00663643,6.63643e-05,27468
3840.72,0.00665035,6.65035e-05,27469
3836.69,0.00666433,6.66433e-05,27470
3832.65,0.00667836,6.67836e-05,27471
3828.62,0.00669244,6.69244e-05,27472
3824.58,0.00670658,6.70658e-05,27473
3820.54,0.00672078,6.72078e-05,27474
3816.49,0.00673503,6.73503e-05,27475
3812.45,0.00674934,6.74934e-05,27476
3808.4,0.00676371,6.76371e-05,27477
3804.34,0.00677813,6.77813e-05,27478
3800.28,0.00679261,6.79261e-05,27479
3796.22,0.00680715,6.80715e-05,27480
3792.16,0.00682175,6.82175e-05,27481
3788.09,0.0068364,6.8364e-05,27482
3784.02,0.00685112,6.85112e-05,27483
3779.95,0.00686589,6.86589e-05,27484
3775.87,0.00688072,6.88072e-05,27485
3771.79,0.00689562,6.89562e-05,27486
3767.71,0.00691057,6.91057e-05,27487
3763.63,0.00692558,6.92558e-05,27488
3759.54,0.00694066,6.94065e-05,27489
3755.44,0.00695579,6.95579e-05,27490
3751.35,0.00697099,6.97099e-05,27491
3747.25,0.00698624,6.98624e-05,27492
3743.15,0.00700157,7.00157e-05,27493
3739.04,0.00701695,7.01695e-05,27494
3734.93,0.00703239,7.03239e-05,27495
3730.82,0.0070479,7.0479e-05,27496
3726.71,0.00706348,7.06348e-05,27497
3722.59,0.00707911,7.07911e-05,27498
3718.47,0.00709481,7.09481e-05,27499
3714.34,0.00711058,7.11058e-05,27500
3710.22,0.00712641,7.12641e-05,27501
3706.08,0.0071423,7.1423e-05,27502
3701.95,0.00715827,7.15827e-05,27503
3697.81,0.00717429,7.17429e-05,27504
3693.67,0.00719039,7.19039e-05,27505
3689.53,0.00720655,7.20655e-05,27506
3685.38,0.00722278,7.22278e-05,27507
3681.23,0.00723907,7.23907e-05,27508
3677.08,0.00725544,7.25544e-05,27509
3672.92,0.00727187,7.27187e-05,27510
3668.76,0.00728837,7.28837e-05,27511
3664.6,0.00730494,7.30494e-05,27512
3660.43,0.00732158,7.32158e-05,27513
3656.26,0.00733829,7.33829e-05,27514
3652.09,0.00735507,7.35507e-05,27515
3647.91,0.00737192,7.37192e-05,27516
3643.73,0.00738885,7.38885e-05,27517
3639.55,0.00740584,7.40584e-05,27518
3635.36,0.00742291,7.42291e-05,27519
3631.17,0.00744005,7.44005e-05,27520
3626.98,0.00745726,7.45726e-05,27521
3622.78,0.00747454,7.47454e-05,27522
3618.58,0.0074919,7.4919e-05,27523
3614.38,0.00750934,7.50934e-05,27524
3610.17,0.00752684,7.52684e-05,27525
3605.96,0.00754443,7.54443e-05,27526
3601.75,0.00756208,7.56208e-05,27527
3597.54,0.00757982,7.57982e-05,27528
3593.32,0.00759763,7.59763e-05,27529
3589.09,0.00761552,7.61552e-05,27530
3584.87,0.00763348,7.63348e-05,27531
3580.64,0.00765153,7.65153e-05,27532
3576.41,0.00766965,7.66965e-05,27533
3572.17,0.00768785,7.68785e-05,27534
3567.93,0.00770613,7.70613e-05,27535
3563.69,0.00772449,7.72449e-05,27536
3559.44,0.00774293,7.74293e-05,27537
3555.19,0.00776145,7.76145e-05,27538
3550.94,0.00778005,7.78005e-05,27539
3546.68,0.00779873,7.79873e-05,27540
3542.43,0.00781749,7.81749e-05,27541
3538.16,0.00783634,7.83634e-05,27542
3533.9,0.00785527,7.85527e-05,27543
3529.63,0.00787429,7.87429e-05,27544
3525.36,0.00789338,7.89338e-05,27545
3521.08,0.00791257,7.91257e-05,27546
3516.8,0.00793184,7.93183e-05,27547
3512.52,0.00795119,7.95119e-05,27548
3508.23,0.00797063,7.97063e-05,27549
3503.94,0.00799016,7.99016e-05,27550
3499.65,0.00800977,8.00977e-05,27551
3495.35,0.00802947,8.02947e-05,27552
3491.05,0.00804926,8.04926e-05,27553
3486.75,0.00806914,8.06914e-05,27554
3482.45,0.00808911,8.08911e-05,27555
3478.14,0.00810916,8.10916e-05,27556
3473.82,0.00812931,8.12931e-05,27557
3469.51,0.00814955,8.14955e-05,27558
3465.19,0.00816988,8.16988e-05,27559
3460.86,0.00819031,8.19031e-05,27560
3456.54,0.00821082,8.21082e-05,27561
3452.21,0.00823143,8.23143e-05,27562
3447.87,0.00825214,8.25214e-05,27563
3443.54,0.00827293,8.27293e-05,27564
3439.2,0.00829383,8.29383e-05,27565
3434.85,0.00831481,8.31482e-05,27566
3430.51,0.0083359,8.3359e-05,27567
3426.16,0.00835708,8.35708e-05,27568
3421.8,0.00837836,8.37836e-05,27569
3417.45,0.00839974,8.39974e-05,27570
3413.08,0.00842122,8.42122e-05,27571
3408.72,0.00844279,8.44279e-05,27572
3404.35,0.00846447,8.46447e-05,27573
3399.98,0.00848624,8.48624e-05,27574
3395.61,0.00850812,8.50812e-05,27575
3391.23,0.0085301,8.5301e-05,27576
3386.85,0.00855219,8.55219e-05,27577
3382.47,0.00857437,8.57437e-05,27578
3378.08,0.00859666,8.59666e-05,27579
3373.69,0.00861906,8.61906e-05,27580
3369.29,0.00864156,8.64156e-05,27581
3364.89,0.00866416,8.66416e-05,27582
3360.49,0.00868687,8.68687e-05,27583
3356.09,0.00870969,8.70969e-05,27584
3351.68,0.00873262,8.73262e-05,27585
3347.27,0.00875566,8.75566e-05,27586
3342.85,0.0087788,8.7788e-05,27587
3338.43,0.00880205,8.80206e-05,27588
3334.01,0.00882542,8.82542e-05,27589
3329.58,0.0088489,8.8489e-05,27590
3325.15,0.00887249,8.87249e-05,27591
3320.72,0.00889619,8.89619e-05,27592
3316.29,0.00892001,8.92001e-05,27593
3311.85,0.00894394,8.94394e-05,27594
3307.4,0.00896798,8.96798e-05,27595
3302.96,0.00899214,8.99214e-05,27596
3298.51,0.00901642,9.01642e-05,27597
3294.05,0.00904082,9.04082e-05,27598
3289.6,0.00906533,9.06533e-05,27599
3285.14,0.00908997,9.08997e-05,27600
3280.67,0.00911472,9.11472e-05,27601
3276.2,0.0091396,9.1396e-05,27602
3271.73,0.00916459,9.16459e-05,27603
3267.26,0.00918971,9.18971e-05,27604
3262.78,0.00921495,9.21495e-05,27605
3258.3,0.00924031,9.24031e-05,27606
3253.82,0.0092658,9.2658e-05,27607
3249.33,0.00929141,9.29142e-05,27608
3244.84,0.00931716,9.31716e-05,27609
3240.34,0.00934302,9.34302e-05,27610
3235.84,0.00936902,9.36902e-05,27611
3231.34,0.00939515,9.39514e-05,27612
3226.84,0.0094214,9.4214e-05,27613
3222.33,0.00944778,9.44778e-05,27614
3217.81,0.0094743,9.4743e-05,27615
3213.3,0.00950095,9.50095e-05,27616
3208.78,0.00952773,9.52773e-05,27617
3204.26,0.00955465,9.55465e-05,27618
3199.73,0.0095817,9.5817e-05,27619
3195.2,0.00960889,9.60889e-05,27620
3190.67,0.00963622,9.63622e-05,27621
3186.13,0.00966368,9.66368e-05,27622
3181.59,0.00969128,9.69128e-05,27623
3177.04,0.00971903,9.71903e-05,27624
3172.5,0.00974691,9.74691e-05,27625
3167.94,0.00977493,9.77493e-05,27626
3163.39,0.0098031,9.8031e-05,27627
3158.83,0.00983141,9.83141e-05,27628
3154.27,0.00985987,9.85987e-05,27629
3149.71,0.00988847,9.88847e-05,27630
3145.14,0.00991722,9.91722e-05,27631
3140.57,0.00994611,9.94611e-05,27632
3135.99,0.00997516,9.97516e-05,27633
3131.41,0.0100044,0.000100044,27634
3126.83,0.0100337,0.000100337,27635
3122.24,0.0100632,0.000100632,27636
3117.65,0.0100928,0.000100928,27637
3113.06,0.0101227,0.000101227,27638
3108.46,0.0101526,0.000101526,27639
3103.86,0.0101827,0.000101827,27640
3099.26,0.010213,0.00010213,27641
3094.65,0.0102434,0.000102434,27642
3090.04,0.010274,0.00010274,27643
3085.43,0.0103048,0.000103048,27644
3080.81,0.0103357,0.000103357,27645
3076.19,0.0103668,0.000103668,27646
3071.56,0.010398,0.00010398,27647
3066.93,0.0104294,0.000104294,27648
3062.3,0.010461,0.00010461,27649
3057.67,0.0104927,0.000104927,27650
3053.03,0.0105246,0.000105246,27651
3048.39,0.0105567,0.000105567,27652
3043.74,0.010589,0.00010589,27653
3039.09,0.0106214,0.000106214,27654
3034.44,0.010654,0.00010654,27655
3029.78,0.0106868,0.000106868,27656
3025.12,0.0107197,0.000107197,27657
3020.46,0.0107528,0.000107528,27658
3015.79,0.0107862,0.000107862,27659
3011.12,0.0108196,0.000108196,27660
3006.45,0.0108533,0.000108533,27661
3001.77,0.0108872,0.000108872,27662
2997.09,0.0109212,0.000109212,27663
2992.4,0.0109554,0.000109554,27664
2987.72,0.0109898,0.000109898,27665
2983.02,0.0110244,0.000110244,27666
2978.33,0.0110592,0.000110592,27667
2973.63,0.0110942,0.000110942,27668
2968.93,0.0111293,0.000111293,27669
2964.22,0.0111647,0.000111647,27670
2959.51,0.0112003,0.000112003,27671
2954.8,0.011236,0.00011236,27672
2950.09,0.011272,0.00011272,27673
2945.37,0.0113081,0.000113081,27674
2940.64,0.0113445,0.000113445,27675
2935.92,0.011381,0.00011381,27676
2931.19,0.0114178,0.000114178,27677
2926.45,0.0114548,0.000114548,27678
2921.72,0.0114919,0.000114919,27679
2916.98,0.0115293,0.000115293,27680
2912.23,0.0115669,0.000115669,27681
2907.48,0.0116047,0.000116047,27682
2902.73,0.0116427,0.000116427,27683
2897.98,0.011681,0.00011681,27684
2893.22,0.0117194,0.000117194,27685
2888.46,0.0117581,0.000117581,27686
2883.69,0.011797,0.00011797,27687
2878.93,0.0118361,0.000118361,27688
2874.15,0.0118754,0.000118754,27689
2869.38,0.011915,0.00011915,27690
2864.6,0.0119548,0.000119548,27691
2859.82,0.0119948,0.000119948,27692
2855.03,0.012035,0.00012035,27693
2850.24,0.0120755,0.000120755,27694
2845.45,0.0121162,0.000121162,27695
2840.65,0.0121572,0.000121572,27696
2835.85,0.0121984,0.000121984,27697
2831.05,0.0122398,0.000122398,27698
2826.24,0.0122814,0.000122814,27699
2821.44,0.0123234,0.000123234,27700
2816.62,0.0123655,0.000123655,27701
2811.81,0.0124079,0.000124079,27702
2806.99,0.0124506,0.000124506,27703
2802.16,0.0124935,0.000124935,27704
2797.33,0.0125366,0.000125366,27705
2792.5,0.01258,0.0001258,27706
2787.67,0.0126237,0.000126237,27707
2782.83,0.0126676,0.000126676,27708
2777.99,0.0127118,0.000127118,27709
2773.15,0.0127562,0.000127562,27710
2768.3,0.0128009,0.000128009,27711
2763.45,0.0128459,0.000128459,27712
2758.6,0.0128912,0.000128912,27713
2753.74,0.0129367,0.000129367,27714
2748.88,0.0129825,0.000129825,27715
2744.01,0.0130286,0.000130286,27716
2739.15,0.0130749,0.000130749,27717
2734.28,0.0131215,0.000131215,27718
2729.4,0.0131684,0.000131684,27719
2724.52,0.0132156,0.000132156,27720
2719.64,0.0132631,0.000132631,27721
2714.76,0.0133109,0.000133109,27722
2709.87,0.0133589,0.000133589,27723
2704.98,0.0134073,0.000134073,27724
2700.09,0.0134559,0.000134559,27725
2695.19,0.0135049,0.000135049,27726
2690.29,0.0135541,0.000135541,27727
2685.38,0.0136037,0.000136037,27728
2680.48,0.0136535,0.000136535,27729
2675.57,0.0137037,0.000137037,27730
2670.65,0.0137542,0.000137542,27731
2665.73,0.013805,0.00013805,27732
2660.81,0.0138561,0.000138561,27733
2655.89,0.0139075,0.000139075,27734
2650.96,0.0139592,0.000139592,27735
2646.03,0.0140113,0.000140113,27736
2641.1,0.0140637,0.000140637,27737
2636.16,0.0141164,0.000141164,27738
2631.22,0.0141695,0.000141695,27739
2626.28,0.0142228,0.000142228,27740
2621.33,0.0142766,0.000142766,27741
2616.39,0.0143306,0.000143306,27742
2611.43,0.014385,0.00014385,27743
2606.48,0.0144398,0.000144398,27744
2601.52,0.0144949,0.000144949,27745
2596.56,0.0145504,0.000145504,27746
2591.59,0.0146062,0.000146062,27747
2586.62,0.0146623,0.000146623,27748
2581.65,0.0147188,0.000147188,27749
2576.68,0.0147757,0.000147757,27750
2571.7,0.014833,0.00014833,27751
2566.72,0.0148906,0.000148906,27752
2561.74,0.0149486,0.000149486,27753
2556.75,0.015007,0.00015007,27754
2551.76,0.0150657,0.000150657,27755
2546.77,0.0151248,0.000151248,27756
2541.77,0.0151844,0.000151844,27757
2536.77,0.0152443,0.000152443,27758
2531.77,0.0153046,0.000153046,27759
2526.76,0.0153652,0.000153652,27760
2521.76,0.0154263,0.000154263,27761
2516.75,0.0154878,0.000154878,27762
2511.73,0.0155497,0.000155497,27763
2506.72,0.015612,0.00015612,27764
2501.7,0.0156747,0.000156747,27765
2496.67,0.0157379,0.000157379,27766
2491.65,0.0158014,0.000158014,27767
2486.62,0.0158654,0.000158654,27768
2481.59,0.0159298,0.000159298,27769
2476.56,0.0159946,0.000159946,27770
2471.52,0.0160598,0.000160598,27771
2466.48,0.0161255,0.000161255,27772
2461.44,0.0161917,0.000161917,27773
2456.39,0.0162582,0.000162582,27774
2451.34,0.0163253,0.000163253,27775
2446.29,0.0163928,0.000163928,27776
2441.24,0.0164607,0.000164607,27777
2436.18,0.0165291,0.000165291,27778
2431.13,0.0165979,0.000165979,27779
2426.06,0.0166673,0.000166673,27780
2421,0.0167371,0.000167371,27781
2415.93,0.0168074,0.000168074,27782
2410.86,0.0168781,0.000168781,27783
2405.79,0.0169493,0.000169493,27784
2400.72,0.0170211,0.000170211,27785
2395.64,0.0170933,0.000170933,27786
2390.56,0.017166,0.00017166,27787
2385.48,0.0172392,0.000172392,27788
2380.39,0.017313,0.00017313,27789
2375.31,0.0173872,0.000173872,27790
2370.22,0.0174619,0.000174619,27791
2365.13,0.0175372,0.000175372,27792
2360.03,0.017613,0.00017613,27793
2354.93,0.0176893,0.000176893,27794
2349.84,0.0177662,0.000177662,27795
2344.73,0.0178436,0.000178436,27796
2339.63,0.0179215,0.000179215,27797
2334.52,0.018,0.00018,27798
2329.42,0.018079,0.00018079,27799
2324.31,0.0181586,0.000181586,27800
2319.19,0.0182388,0.000182388,27801
2314.08,0.0183195,0.000183195,27802
2308.96,0.0184008,0.000184008,27803
2303.84,0.0184826,0.000184826,27804
2298.72,0.0185651,0.000185651,27805
2293.6,0.0186481,0.000186481,27806
2288.47,0.0187318,0.000187318,27807
2283.34,0.018816,0.00018816,27808
2278.21,0.0189008,0.000189008,27809
2273.08,0.0189862,0.000189862,27810
2267.95,0.0190723,0.000190723,27811
2262.81,0.0191589,0.000191589,27812
2257.68,0.0192462,0.000192462,27813
2252.54,0.0193342,0.000193342,27814
2247.4,0.0194227,0.000194227,27815
2242.25,0.0195119,0.000195119,27816
2237.11,0.0196018,0.000196018,27817
2231.96,0.0196922,0.000196922,27818
2226.81,0.0197834,0.000197834,27819
2221.67,0.0198752,0.000198752,27820
2216.51,0.0199677,0.000199677,27821
2211.36,0.0200609,0.000200609,27822
2206.21,0.0201547,0.000201547,27823
2201.05,0.0202492,0.000202492,27824
2195.89,0.0203445,0.000203445,27825
2190.74,0.0204404,0.000204404,27826
2185.58,0.020537,0.00020537,27827
2180.41,0.0206344,0.000206344,27828
2175.25,0.0207324,0.000207324,27829
2170.09,0.0208312,0.000208312,27830
2164.92,0.0209307,0.000209307,27831
2159.76,0.021031,0.00021031,27832
2154.59,0.021132,0.00021132,27833
2149.42,0.0212337,0.000212337,27834
2144.25,0.0213362,0.000213362,27835
2139.08,0.0214395,0.000214395,27836
2133.91,0.0215436,0.000215436,27837
2128.74,0.0216484,0.000216484,27838
2123.56,0.021754,0.00021754,27839
2118.39,0.0218604,0.000218604,27840
2113.21,0.0219676,0.000219676,27841
2108.04,0.0220756,0.000220756,27842
2102.86,0.0221844,0.000221844,27843
2097.68,0.022294,0.00022294,27844
2092.51,0.0224045,0.000224045,27845
2087.33,0.0225158,0.000225158,27846
2082.15,0.0226279,0.000226279,27847
2076.97,0.0227409,0.000227409,27848
2071.79,0.0228548,0.000228548,27849
2066.61,0.0229695,0.000229695,27850
2061.43,0.0230851,0.000230851,27851
2056.25,0.0232015,0.000232015,27852
2051.07,0.0233189,0.000233189,27853
2045.89,0.0234371,0.000234371,27854
2040.71,0.0235563,0.000235563,27855
2035.53,0.0236763,0.000236763,27856
2030.35,0.0237973,0.000237973,27857
2025.17,0.0239192,0.000239192,27858
2019.99,0.024042,0.00024042,27859
2014.81,0.0241658,0.000241658,27860
2009.63,0.0242905,0.000242905,27861
2004.45,0.0244162,0.000244162,27862
1999.27,0.0245429,0.000245428,27863
1994.09,0.0246705,0.000246705,27864
1988.92,0.0247991,0.000247991,27865
1983.74,0.0249287,0.000249287,27866
1978.56,0.0250593,0.000250593,27867
1973.39,0.0251909,0.000251909,27868
1968.22,0.0253235,0.000253235,27869
1963.04,0.0254571,0.000254571,27870
1957.87,0.0255918,0.000255918,27871
1952.7,0.0257275,0.000257275,27872
1947.53,0.0258643,0.000258643,27873
1942.36,0.0260021,0.000260021,27874
1937.19,0.026141,0.00026141,27875
1932.03,0.026281,0.00026281,27876
1926.86,0.0264221,0.000264221,27877
1921.7,0.0265642,0.000265642,27878
1916.54,0.0267075,0.000267075,27879
1911.38,0.0268518,0.000268518,27880
1906.23,0.0269973,0.000269973,27881
1901.07,0.0271439,0.000271439,27882
1895.92,0.0272917,0.000272917,27883
1890.77,0.0274406,0.000274406,27884
1885.62,0.0275907,0.000275907,27885
1880.47,0.0277419,0.000277419,27886
1875.33,0.0278943,0.000278943,27887
1870.18,0.0280479,0.000280479,27888
1865.05,0.0282026,0.000282026,27889
1859.91,0.0283586,0.000283586,27890
1854.78,0.0285158,0.000285158,27891
1849.65,0.0286742,0.000286742,27892
1844.52,0.0288339,0.000288339,27893
1839.39,0.0289947,0.000289947,27894
1834.27,0.0291569,0.000291569,27895
1829.16,0.0293202,0.000293202,27896
1824.04,0.0294849,0.000294849,27897
1818.93,0.0296508,0.000296508,27898
1813.82,0.029818,0.00029818,27899
1808.72,0.0299865,0.000299865,27900
1803.62,0.0301563,0.000301563,27901
1798.53,0.0303274,0.000303274,27902
1793.44,0.0304998,0.000304998,27903
1788.35,0.0306735,0.000306735,27904
1783.27,0.0308486,0.000308486,27905
1778.19,0.031025,0.00031025,27906
1773.12,0.0312028,0.000312028,27907
1768.05,0.031382,0.00031382,27908
1762.99,0.0315625,0.000315625,27909
1757.93,0.0317444,0.000317444,27910
1752.88,0.0319277,0.000319277,27911
1747.83,0.0321123,0.000321123,27912
1742.79,0.0322984,0.000322984,27913
1737.75,0.0324859,0.000324859,27914
1732.72,0.0326748,0.000326748,27915
1727.69,0.0328651,0.000328651,27916
1722.68,0.0330569,0.000330569,27917
1717.66,0.0332501,0.000332501,27918
1712.66,0.0334448,0.000334448,27919
1707.66,0.0336409,0.000336409,27920
1702.66,0.0338385,0.000338385,27921
1697.68,0.0340376,0.000340376,27922
1692.7,0.0342381,0.000342381,27923
1687.73,0.0344401,0.000344401,27924
1682.76,0.0346436,0.000346436,27925
1677.81,0.0348487,0.000348487,27926
1672.86,0.0350552,0.000350552,27927
1667.91,0.0352632,0.000352632,27928
1662.98,0.0354727,0.000354727,27929
1658.06,0.0356838,0.000356838,27930
1653.14,0.0358964,0.000358964,27931
1648.23,0.0361105,0.000361105,27932
1643.33,0.0363261,0.000363261,27933
1638.44,0.0365433,0.000365433,27934
1633.56,0.0367621,0.000367621,27935
1628.69,0.0369823,0.000369823,27936
1623.82,0.0372042,0.000372042,27937
1618.97,0.0374276,0.000374276,27938
1614.13,0.0376525,0.000376525,27939
1609.29,0.037879,0.00037879,27940
1604.47,0.0381071,0.000381071,27941
1599.66,0.0383367,0.000383367,27942
1594.86,0.0385679,0.000385679,27943
1590.07,0.0388006,0.000388006,27944
1585.29,0.0390349,0.000390349,27945
1580.52,0.0392708,0.000392708,27946
1575.76,0.0395082,0.000395082,27947
1571.02,0.0397472,0.000397472,27948
1566.29,0.0399877,0.000399877,27949
1561.57,0.0402298,0.000402298,27950
1556.86,0.0404735,0.000404735,27951
1552.16,0.0407187,0.000407187,27952
1547.48,0.0409655,0.000409655,27953
1542.81,0.0412138,0.000412138,27954
1538.16,0.0414636,0.000414636,27955
1533.52,0.0417149,0.00041715,27956
1528.89,0.0419678,0.000419678,27957
1524.28,0.0422222,0.000422222,27958
1519.68,0.0424781,0.000424782,27959
1515.09,0.0427356,0.000427356,27960
1510.53,0.0429945,0.000429945,27961
1505.97,0.0432548,0.000432548,27962
1501.44,0.0435167,0.000435167,27963
1496.91,0.04378,0.0004378,27964
1492.41,0.0440447,0.000440447,27965
1487.92,0.0443109,0.000443109,27966
1483.45,0.0445785,0.000445785,27967
1478.99,0.0448475,0.000448475,27968
1474.55,0.0451179,0.000451179,27969
1470.13,0.0453896,0.000453896,27970
1465.73,0.0456627,0.000456627,27971
1461.34,0.0459372,0.000459372,27972
1456.98,0.0462129,0.000462129,27973
1452.63,0.0464899,0.000464899,27974
1448.3,0.0467682,0.000467682,27975
1443.99,0.0470477,0.000470477,27976
1439.7,0.0473285,0.000473285,27977
1435.44,0.0476104,0.000476104,27978
1431.19,0.0478935,0.000478935,27979
1426.96,0.0481777,0.000481777,27980
1422.75,0.0484631,0.000484631,27981
1418.57,0.0487495,0.000487495,27982
1414.4,0.0490369,0.000490369,27983
1410.26,0.0493254,0.000493254,27984
1406.14,0.0496149,0.000496149,27985
1402.04,0.0499052,0.000499052,27986
1397.97,0.0501965,0.000501965,27987
1393.92,0.0504887,0.000504887,27988
1389.89,0.0507816,0.000507816,27989
1385.89,0.0510754,0.000510754,27990
1381.91,0.0513698,0.000513698,27991
1377.96,0.051665,0.00051665,27992
1374.03,0.0519608,0.000519608,27993
1370.13,0.0522572,0.000522572,27994
1366.25,0.0525542,0.000525542,27995
1362.4,0.0528517,0.000528517,27996
1358.58,0.0531496,0.000531496,27997
1354.78,0.0534479,0.000534479,27998
1351.01,0.0537465,0.000537465,27999
1347.27,0.0540454,0.000540454,28000
1343.56,0.0543445,0.000543445,28001
1339.87,0.0546438,0.000546438,28002
1336.22,0.0549432,0.000549432,28003
1332.59,0.0552426,0.000552426,28004
1329,0.0555419,0.000555419,28005
1325.43,0.0558412,0.000558412,28006
1321.9,0.0561403,0.000561403,28007
1318.39,0.0564392,0.000564392,28008
1314.92,0.0567378,0.000567378,28009
1311.48,0.0570359,0.000570359,28010
1308.07,0.0573336,0.000573336,28011
1304.69,0.0576308,0.000576308,28012
1301.35,0.0579273,0.000579273,28013
1298.04,0.0582232,0.000582232,28014
1294.76,0.0585183,0.000585183,28015
1291.52,0.0588125,0.000588125,28016
1288.31,0.0591058,0.000591058,28017
1285.13,0.059398,0.00059398,28018
1282,0.0596891,0.000596891,28019
1278.9,0.059979,0.00059979,28020
1275.83,0.0602675,0.000602675,28021
1272.8,0.0605547,0.000605547,28022
1269.81,0.0608404,0.000608404,28023
1266.85,0.0611245,0.000611245,28024
1263.94,0.0614069,0.000614069,28025
1261.06,0.0616876,0.000616876,28026
1258.22,0.0619663,0.000619663,28027
1255.42,0.0622431,0.000622431,28028
1252.66,0.0625178,0.000625178,28029
1249.94,0.0627903,0.000627903,28030
1247.26,0.0630606,0.000630606,28031
1244.62,0.0633284,0.000633284,28032
1242.02,0.0635937,0.000635937,28033
1239.46,0.0638565,0.000638565,28034
1236.94,0.0641165,0.000641165,28035
1234.47,0.0643738,0.000643738,28036
1232.04,0.0646281,0.000646281,28037
1229.65,0.0648794,0.000648794,28038
1227.3,0.0651275,0.000651275,28039
1225,0.0653724,0.000653724,28040
1222.75,0.065614,0.00065614,28041
1220.53,0.0658521,0.000658521,28042
1218.37,0.0660866,0.000660866,28043
1216.24,0.0663175,0.000663175,28044
1214.17,0.0665446,0.000665446,28045
1212.14,0.0667678,0.000667678,28046
1210.15,0.066987,0.00066987,28047
1208.21,0.0672021,0.000672021,28048
1206.32,0.067413,0.00067413,28049
1204.48,0.0676195,0.000676195,28050
1202.68,0.0678217,0.000678217,28051
1200.93,0.0680193,0.000680193,28052
1199.23,0.0682124,0.000682124,28053
1197.58,0.0684007,0.000684007,28054
1195.98,0.0685842,0.000685842,28055
1194.42,0.0687628,0.000687628,28056
1192.92,0.0689364,0.000689364,28057
1191.46,0.0691048,0.000691048,28058
1190.06,0.0692681,0.000692681,28059
1188.7,0.0694261,0.000694261,28060
1187.4,0.0695788,0.000695788,28061
1186.14,0.069726,0.00069726,28062
1184.94,0.0698676,0.000698676,28063
1183.79,0.0700036,0.000700036,28064
1182.69,0.070134,0.00070134,28065
1181.64,0.0702586,0.000702586,28066
1180.64,0.0703773,0.000703773,28067
1179.7,0.0704901,0.000704901,28068
1178.8,0.070597,0.00070597,28069
1177.96,0.0706978,0.000706978,28070
1177.17,0.0707925,0.000707925,28071
1176.44,0.0708811,0.000708811,28072
1175.76,0.0709635,0.000709635,28073
1175.13,0.0710396,0.000710396,28074
1174.55,0.0711094,0.000711094,28075
1174.02,0.0711729,0.000711729,28076
1173.55,0.0712301,0.000712301,28077
1173.14,0.0712807,0.000712807,28078
1172.77,0.071325,0.00071325,28079
1172.46,0.0713628,0.000713628,28080
1172.2,0.0713941,0.000713941,28081
1172,0.0714189,0.000714189,28082
1171.85,0.0714371,0.000714371,28083
1171.76,0.0714488,0.000714488,28084
1171.71,0.071454,0.00071454,28085
1171.72,0.0714526,0.000714526,28086
1171.79,0.0714447,0.000714447,28087
1171.91,0.0714302,0.000714302,28088
1172.08,0.0714092,0.000714092,28089
1172.31,0.0713817,0.000713817,28090
1172.59,0.0713477,0.000713477,28091
1172.92,0.0713072,0.000713072,28092
1173.3,0.0712602,0.000712602,28093
1173.74,0.0712069,0.000712069,28094
1174.24,0.0711471,0.000711471,28095
1174.78,0.0710809,0.000710809,28096
1175.38,0.0710084,0.000710084,28097
1176.04,0.0709297,0.000709297,28098
1176.74,0.0708447,0.000708447,28099
1177.5,0.0707535,0.000707535,28100
1178.31,0.0706562,0.000706562,28101
1179.17,0.0705529,0.000705529,28102
1180.09,0.0704435,0.000704435,28103
1181.05,0.0703282,0.000703282,28104
1182.07,0.070207,0.00070207,28105
1183.14,0.07008,0.0007008,28106
1184.27,0.0699472,0.000699472,28107
1185.44,0.0698089,0.000698089,28108
1186.66,0.0696649,0.000696649,28109
1187.94,0.0695154,0.000695154,28110
1189.26,0.0693605,0.000693605,28111
1190.64,0.0692003,0.000692002,28112
1192.07,0.0690348,0.000690348,28113
1193.54,0.0688641,0.000688641,28114
1195.07,0.0686885,0.000686885,28115
1196.64,0.0685078,0.000685078,28116
1198.27,0.0683223,0.000683223,28117
1199.94,0.0681319,0.000681319,28118
1201.66,0.067937,0.00067937,28119
1203.43,0.0677374,0.000677374,28120
1205.24,0.0675334,0.000675334,28121
1207.11,0.067325,0.00067325,28122
1209.02,0.0671123,0.000671123,28123
1210.98,0.0668955,0.000668955,28124
1212.98,0.0666746,0.000666746,28125
1215.03,0.0664498,0.000664498,28126
1217.13,0.0662211,0.000662211,28127
1219.27,0.0659887,0.000659887,28128
1221.46,0.0657526,0.000657526,28129
1223.69,0.065513,0.00065513,28130
1225.96,0.06527,0.0006527,28131
1228.28,0.0650238,0.000650238,28132
1230.65,0.0647743,0.000647743,28133
1233.05,0.0645217,0.000645217,28134
1235.5,0.0642662,0.000642662,28135
1237.99,0.0640077,0.000640077,28136
1240.53,0.0637465,0.000637465,28137
1243.1,0.0634827,0.000634827,28138
1245.72,0.0632163,0.000632163,28139
1248.38,0.0629474,0.000629474,28140
1251.07,0.0626762,0.000626762,28141
1253.81,0.0624027,0.000624027,28142
1256.59,0.0621271,0.000621271,28143
1259.41,0.0618495,0.000618495,28144
1262.26,0.0615699,0.000615699,28145
1265.16,0.0612885,0.000612885,28146
1268.09,0.0610054,0.000610054,28147
1271.06,0.0607206,0.000607206,28148
1274.07,0.0604343,0.000604343,28149
1277.11,0.0601465,0.000601465,28150
1280.19,0.0598573,0.000598573,28151
1283.31,0.0595669,0.000595669,28152
1286.46,0.0592753,0.000592753,28153
1289.65,0.0589827,0.000589827,28154
1292.87,0.058689,0.00058689,28155
1296.13,0.0583944,0.000583944,28156
1299.42,0.058099,0.00058099,28157
1302.75,0.0578029,0.000578029,28158
1306.1,0.057506,0.000575061,28159
1309.49,0.0572087,0.000572087,28160
1312.92,0.0569107,0.000569107,28161
1316.37,0.0566124,0.000566124,28162
1319.86,0.0563137,0.000563137,28163
1323.38,0.0560147,0.000560147,28164
1326.92,0.0557155,0.000557155,28165
1330.5,0.0554162,0.000554162,28166
1334.11,0.0551168,0.000551168,28167
1337.75,0.0548174,0.000548174,28168
1341.42,0.0545181,0.000545181,28169
1345.11,0.0542188,0.000542188,28170
1348.84,0.0539198,0.000539198,28171
1352.59,0.053621,0.00053621,28172
1356.37,0.0533225,0.000533225,28173
1360.18,0.0530244,0.000530244,28174
1364.02,0.0527266,0.000527266,28175
1367.88,0.0524294,0.000524294,28176
1371.76,0.0521327,0.000521326,28177
1375.68,0.0518365,0.000518365,28178
1379.62,0.0515409,0.000515409,28179
1383.58,0.051246,0.00051246,28180
1387.57,0.0509519,0.000509519,28181
1391.58,0.0506584,0.000506584,28182
1395.62,0.0503658,0.000503658,28183
1399.68,0.050074,0.00050074,28184
1403.76,0.0497831,0.000497831,28185
1407.87,0.0494931,0.000494931,28186
1412,0.0492041,0.000492041,28187
1416.15,0.0489161,0.000489161,28188
1420.32,0.0486291,0.000486291,28189
1424.52,0.0483431,0.000483431,28190
1428.73,0.0480582,0.000480582,28191
1432.97,0.0477744,0.000477744,28192
1437.23,0.0474918,0.000474918,28193
1441.5,0.0472104,0.000472104,28194
1445.8,0.0469301,0.000469302,28195
1450.12,0.0466511,0.000466511,28196
1454.45,0.0463734,0.000463734,28197
1458.81,0.0460969,0.000460969,28198
1463.18,0.0458217,0.000458217,28199
1467.58,0.0455478,0.000455478,28200
1471.99,0.0452753,0.000452753,28201
1476.41,0.0450041,0.000450041,28202
1480.86,0.0447343,0.000447343,28203
1485.32,0.0444659,0.000444659,28204
1489.8,0.0441989,0.000441989,28205
1494.3,0.0439334,0.000439334,28206
1498.81,0.0436692,0.000436692,28207
1503.34,0.0434065,0.000434065,28208
1507.88,0.0431453,0.000431453,28209
1512.44,0.0428855,0.000428855,28210
1517.02,0.0426273,0.000426273,28211
1521.61,0.0423705,0.000423705,28212
1526.21,0.0421152,0.000421152,28213
1530.83,0.0418614,0.000418614,28214
1535.47,0.0416092,0.000416092,28215
1540.11,0.0413585,0.000413585,28216
1544.77,0.0411093,0.000411093,28217
1549.45,0.0408616,0.000408616,28218
1554.13,0.0406155,0.000406155,28219
1558.83,0.040371,0.00040371,28220
1563.55,0.040128,0.00040128,28221
1568.27,0.0398865,0.000398865,28222
1573.01,0.0396466,0.000396466,28223
1577.76,0.0394083,0.000394083,28224
1582.52,0.0391715,0.000391715,28225
1587.29,0.0389363,0.000389363,28226
1592.08,0.0387026,0.000387026,28227
1596.87,0.0384705,0.000384705,28228
1601.68,0.03824,0.0003824,28229
1606.5,0.0380111,0.000380111,28230
1611.32,0.0377837,0.000377837,28231
1616.16,0.0375578,0.000375578,28232
1621.01,0.0373335,0.000373335,28233
1625.86,0.0371108,0.000371108,28234
1630.73,0.0368896,0.000368896,28235
1635.61,0.03667,0.0003667,28236
1640.49,0.0364519,0.000364519,28237
1645.39,0.0362354,0.000362354,28238
1650.29,0.0360204,0.000360204,28239
1655.2,0.0358069,0.000358069,28240
1660.12,0.0355949,0.000355949,28241
1665.05,0.0353845,0.000353845,28242
1669.99,0.0351756,0.000351756,28243
1674.93,0.0349682,0.000349682,28244
1679.89,0.0347623,0.000347623,28245
1684.85,0.034558,0.00034558,28246
1689.81,0.0343551,0.000343551,28247
1694.79,0.0341537,0.000341537,28248
1699.77,0.0339538,0.000339538,28249
1704.76,0.0337553,0.000337553,28250
1709.76,0.0335583,0.000335583,28251
1714.76,0.0333628,0.000333628,28252
1719.77,0.0331688,0.000331688,28253
1724.78,0.0329762,0.000329762,28254
1729.8,0.032785,0.00032785,28255
1734.83,0.0325953,0.000325953,28256
1739.86,0.0324069,0.00032407,28257
1744.9,0.0322201,0.000322201,28258
1749.95,0.0320346,0.000320346,28259
1755,0.0318505,0.000318505,28260
1760.05,0.0316678,0.000316678,28261
1765.11,0.0314865,0.000314865,28262
1770.18,0.0313065,0.000313065,28263
1775.25,0.031128,0.00031128,28264
1780.32,0.0309508,0.000309507,28265
1785.4,0.0307749,0.000307749,28266
1790.49,0.0306004,0.000306004,28267
1795.58,0.0304272,0.000304272,28268
1800.67,0.0302553,0.000302553,28269
1805.76,0.0300848,0.000300848,28270
1810.87,0.0299155,0.000299155,28271
1815.97,0.0297476,0.000297476,28272
1821.08,0.0295809,0.000295809,28273
1826.19,0.0294155,0.000294155,28274
1831.31,0.0292514,0.000292514,28275
1836.43,0.0290886,0.000290886,28276
1841.55,0.028927,0.00028927,28277
1846.67,0.0287666,0.000287666,28278
1851.8,0.0286075,0.000286075,28279
1856.93,0.0284496,0.000284496,28280
1862.07,0.0282929,0.000282929,28281
1867.21,0.0281375,0.000281375,28282
1872.35,0.0279832,0.000279832,28283
1877.49,0.0278301,0.000278301,28284
1882.63,0.0276782,0.000276782,28285
1887.78,0.0275275,0.000275275,28286
1892.93,0.0273779,0.000273779,28287
1898.08,0.0272295,0.000272295,28288
1903.24,0.0270822,0.000270822,28289
1908.39,0.0269361,0.000269361,28290
1913.55,0.026791,0.00026791,28291
1918.71,0.0266471,0.000266471,28292
1923.87,0.0265043,0.000265043,28293
1929.03,0.0263627,0.000263627,28294
1934.2,0.0262221,0.000262221,28295
1939.37,0.0260825,0.000260825,28296
1944.53,0.0259441,0.000259441,28297
1949.7,0.0258067,0.000258067,28298
1954.87,0.0256704,0.000256704,28299
1960.04,0.0255351,0.000255351,28300
1965.22,0.0254009,0.000254009,28301
1970.39,0.0252677,0.000252677,28302
1975.56,0.0251355,0.000251355,28303
1980.74,0.0250043,0.000250043,28304
1985.92,0.0248741,0.000248741,28305
1991.09,0.0247449,0.000247449,28306
1996.27,0.0246167,0.000246167,28307
2001.45,0.0244895,0.000244895,28308
2006.63,0.0243633,0.000243633,28309
2011.81,0.024238,0.00024238,28310
2016.98,0.0241137,0.000241137,28311
2022.16,0.0239903,0.000239903,28312
2027.34,0.0238679,0.000238679,28313
2032.53,0.0237464,0.000237464,28314
2037.71,0.0236258,0.000236258,28315
2042.89,0.0235061,0.000235061,28316
2048.07,0.0233873,0.000233873,28317
2053.25,0.0232695,0.000232695,28318
2058.43,0.0231525,0.000231525,28319
2063.61,0.0230364,0.000230364,28320
2068.79,0.0229212,0.000229212,28321
2073.97,0.0228069,0.000228069,28322
2079.15,0.0226934,0.000226934,28323
2084.33,0.0225807,0.000225807,28324
2089.5,0.0224689,0.000224689,28325
2094.68,0.022358,0.00022358,28326
2099.86,0.0222479,0.000222479,28327
2105.04,0.0221386,0.000221386,28328
2110.21,0.0220301,0.000220301,28329
2115.39,0.0219224,0.000219224,28330
2120.56,0.0218156,0.000218156,28331
2125.74,0.0217095,0.000217095,28332
2130.91,0.0216042,0.000216043,28333
2136.08,0.0214998,0.000214998,28334
2141.25,0.021396,0.00021396,28335
2146.42,0.0212931,0.000212931,28336
2151.59,0.0211909,0.000211909,28337
2156.76,0.0210895,0.000210895,28338
2161.93,0.0209888,0.000209888,28339
2167.09,0.0208888,0.000208888,28340
2172.26,0.0207896,0.000207896,28341
2177.42,0.0206911,0.000206911,28342
2182.58,0.0205934,0.000205934,28343
2187.74,0.0204963,0.000204963,28344
2192.9,0.0204,0.000204,28345
2198.06,0.0203044,0.000203044,28346
2203.22,0.0202094,0.000202094,28347
2208.37,0.0201152,0.000201152,28348
2213.53,0.0200216,0.000200216,28349
2218.68,0.0199288,0.000199288,28350
2223.83,0.0198366,0.000198366,28351
2228.98,0.019745,0.00019745,28352
2234.12,0.0196541,0.000196541,28353
2239.27,0.0195639,0.000195639,28354
2244.41,0.0194744,0.000194744,28355
2249.56,0.0193854,0.000193854,28356
2254.7,0.0192972,0.000192972,28357
2259.83,0.0192095,0.000192095,28358
2264.97,0.0191225,0.000191225,28359
2270.1,0.0190361,0.000190361,28360
2275.24,0.0189503,0.000189503,28361
2280.37,0.0188651,0.000188651,28362
2285.5,0.0187805,0.000187805,28363
2290.62,0.0186966,0.000186966,28364
2295.75,0.0186132,0.000186132,28365
2300.87,0.0185304,0.000185304,28366
2305.99,0.0184482,0.000184482,28367
2311.11,0.0183666,0.000183666,28368
2316.23,0.0182855,0.000182855,28369
2321.34,0.018205,0.00018205,28370
2326.45,0.0181251,0.000181251,28371
2331.56,0.0180458,0.000180458,28372
2336.67,0.017967,0.00017967,28373
2341.77,0.0178887,0.000178887,28374
2346.88,0.017811,0.00017811,28375
2351.98,0.0177338,0.000177338,28376
2357.08,0.0176572,0.000176572,28377
2362.17,0.0175811,0.000175811,28378
2367.26,0.0175055,0.000175055,28379
2372.36,0.0174305,0.000174305,28380
2377.44,0.017356,0.00017356,28381
2382.53,0.0172819,0.000172819,28382
2387.61,0.0172084,0.000172084,28383
2392.69,0.0171354,0.000171354,28384
2397.77,0.0170629,0.000170629,28385
2402.85,0.0169909,0.000169909,28386
2407.92,0.0169194,0.000169194,28387
2412.99,0.0168483,0.000168483,28388
2418.06,0.0167778,0.000167778,28389
2423.13,0.0167077,0.000167077,28390
2428.19,0.0166381,0.000166381,28391
2433.25,0.016569,0.00016569,28392
2438.31,0.0165003,0.000165003,28393
2443.36,0.0164321,0.000164321,28394
2448.41,0.0163644,0.000163644,28395
2453.46,0.0162971,0.000162971,28396
2458.51,0.0162302,0.000162302,28397
2463.55,0.0161638,0.000161638,28398
2468.6,0.0160979,0.000160979,28399
2473.63,0.0160324,0.000160324,28400
2478.67,0.0159673,0.000159673,28401
2483.7,0.0159027,0.000159027,28402
2488.73,0.0158385,0.000158385,28403
2493.76,0.0157747,0.000157747,28404
2498.78,0.0157113,0.000157113,28405
2503.8,0.0156483,0.000156483,28406
2508.82,0.0155858,0.000155858,28407
2513.84,0.0155237,0.000155237,28408
2518.85,0.0154619,0.000154619,28409
2523.86,0.0154006,0.000154006,28410
2528.87,0.0153397,0.000153397,28411
2533.87,0.0152792,0.000152792,28412
2538.87,0.0152191,0.000152191,28413
2543.87,0.0151593,0.000151593,28414
2548.86,0.0151,0.000151,28415
2553.86,0.015041,0.00015041,28416
2558.84,0.0149824,0.000149824,28417
2563.83,0.0149242,0.000149242,28418
2568.81,0.0148664,0.000148664,28419
2573.79,0.0148089,0.000148089,28420
2578.77,0.0147518,0.000147518,28421
2583.74,0.0146951,0.000146951,28422
2588.71,0.0146387,0.000146387,28423
2593.68,0.0145827,0.000145827,28424
2598.64,0.014527,0.00014527,28425
2603.6,0.0144717,0.000144717,28426
2608.56,0.0144168,0.000144168,28427
2613.51,0.0143621,0.000143621,28428
2618.47,0.0143079,0.000143079,28429
2623.41,0.014254,0.00014254,28430
2628.36,0.0142004,0.000142004,28431
2633.3,0.0141471,0.000141471,28432
2638.24,0.0140942,0.000140942,28433
2643.17,0.0140416,0.000140416,28434
2648.11,0.0139894,0.000139894,28435
2653.03,0.0139374,0.000139375,28436
2657.96,0.0138858,0.000138858,28437
2662.88,0.0138346,0.000138346,28438
2667.8,0.0137836,0.000137836,28439
2672.72,0.0137329,0.000137329,28440
2677.63,0.0136826,0.000136826,28441
2682.54,0.0136325,0.000136325,28442
2687.44,0.0135828,0.000135828,28443
2692.35,0.0135334,0.000135334,28444
2697.25,0.0134843,0.000134843,28445
2702.14,0.0134355,0.000134355,28446
2707.04,0.0133869,0.000133869,28447
2711.93,0.0133387,0.000133387,28448
2716.81,0.0132908,0.000132908,28449
2721.69,0.0132431,0.000132431,28450
2726.57,0.0131958,0.000131958,28451
2731.45,0.0131487,0.000131487,28452
2736.32,0.0131019,0.000131019,28453
2741.19,0.0130554,0.000130554,28454
2746.06,0.0130092,0.000130092,28455
2750.92,0.0129632,0.000129632,28456
2755.78,0.0129175,0.000129175,28457
2760.64,0.0128721,0.000128721,28458
2765.49,0.012827,0.00012827,28459
2770.34,0.0127821,0.000127821,28460
2775.18,0.0127375,0.000127375,28461
2780.03,0.0126932,0.000126932,28462
2784.87,0.0126491,0.000126491,28463
2789.7,0.0126053,0.000126053,28464
2794.53,0.0125618,0.000125618,28465
2799.36,0.0125185,0.000125185,28466
2804.19,0.0124754,0.000124754,28467
2809.01,0.0124326,0.000124326,28468
2813.83,0.0123901,0.000123901,28469
2818.64,0.0123478,0.000123478,28470
2823.46,0.0123057,0.000123057,28471
2828.26,0.0122639,0.000122639,28472
2833.07,0.0122224,0.000122224,28473
2837.87,0.012181,0.00012181,28474
2842.67,0.0121399,0.000121399,28475
2847.46,0.0120991,0.000120991,28476
2852.25,0.0120585,0.000120585,28477
2857.04,0.0120181,0.000120181,28478
2861.83,0.011978,0.00011978,28479
2866.61,0.011938,0.00011938,28480
2871.38,0.0118983,0.000118983,28481
2876.16,0.0118589,0.000118589,28482
2880.93,0.0118196,0.000118196,28483
2885.7,0.0117806,0.000117806,28484
2890.46,0.0117418,0.000117418,28485
2895.22,0.0117032,0.000117032,28486
2899.97,0.0116649,0.000116649,28487
2904.73,0.0116267,0.000116267,28488
2909.48,0.0115888,0.000115888,28489
2914.22,0.0115511,0.000115511,28490
2918.97,0.0115136,0.000115136,28491
2923.71,0.0114763,0.000114763,28492
2928.44,0.0114392,0.000114392,28493
2933.17,0.0114023,0.000114023,28494
2937.9,0.0113657,0.000113657,28495
2942.63,0.0113292,0.000113292,28496
2947.35,0.0112929,0.000112929,28497
2952.06,0.0112569,0.000112569,28498
2956.78,0.011221,0.00011221,28499
2961.49,0.0111853,0.000111853,28500
2966.2,0.0111498,0.000111498,28501
2970.9,0.0111146,0.000111146,28502
2975.6,0.0110795,0.000110795,28503
2980.3,0.0110446,0.000110446,28504
2984.99,0.0110099,0.000110099,28505
2989.68,0.0109754,0.000109754,28506
2994.37,0.010941,0.00010941,28507
2999.05,0.0109069,0.000109069,28508
3003.73,0.0108729,0.000108729,28509
3008.41,0.0108392,0.000108392,28510
3013.08,0.0108056,0.000108056,28511
3017.75,0.0107722,0.000107722,28512
3022.42,0.0107389,0.000107389,28513
3027.08,0.0107059,0.000107059,28514
3031.74,0.010673,0.00010673,28515
3036.39,0.0106403,0.000106403,28516
3041.04,0.0106078,0.000106078,28517
3045.69,0.0105754,0.000105754,28518
3050.33,0.0105432,0.000105432,28519
3054.97,0.0105112,0.000105112,28520
3059.61,0.0104794,0.000104794,28521
3064.25,0.0104477,0.000104477,28522
3068.88,0.0104162,0.000104162,28523
3073.5,0.0103849,0.000103849,28524
3078.13,0.0103537,0.000103537,28525
3082.75,0.0103227,0.000103227,28526
3087.36,0.0102919,0.000102919,28527
3091.98,0.0102612,0.000102612,28528
3096.58,0.0102306,0.000102306,28529
3101.19,0.0102003,0.000102003,28530
3105.79,0.0101701,0.000101701,28531
3110.39,0.01014,0.0001014,28532
3114.99,0.0101101,0.000101101,28533
3119.58,0.0100804,0.000100804,28534
3124.17,0.0100508,0.000100508,28535
3128.75,0.0100214,0.000100214,28536
3133.33,0.00999209,9.99209e-05,28537
3137.91,0.00996295,9.96295e-05,28538
3142.48,0.00993397,9.93397e-05,28539
3147.05,0.00990514,9.90514e-05,28540
3151.62,0.00987645,9.87645e-05,28541
3156.19,0.00984791,9.84791e-05,28542
3160.75,0.00981952,9.81952e-05,28543
3165.3,0.00979126,9.79127e-05,28544
3169.85,0.00976316,9.76316e-05,28545
3174.4,0.00973519,9.73519e-05,28546
3178.95,0.00970737,9.70737e-05,28547
3183.49,0.00967969,9.67969e-05,28548
3188.03,0.00965214,9.65214e-05,28549
3192.57,0.00962474,9.62474e-05,28550
3197.1,0.00959747,9.59747e-05,28551
3201.63,0.00957034,9.57034e-05,28552
3206.15,0.00954334,9.54334e-05,28553
3210.68,0.00951648,9.51648e-05,28554
3215.19,0.00948975,9.48975e-05,28555
3219.71,0.00946316,9.46316e-05,28556
3224.22,0.0094367,9.4367e-05,28557
3228.73,0.00941037,9.41037e-05,28558
3233.23,0.00938417,9.38417e-05,28559
3237.73,0.0093581,9.3581e-05,28560
3242.23,0.00933215,9.33215e-05,28561
3246.72,0.00930634,9.30634e-05,28562
3251.21,0.00928065,9.28065e-05,28563
3255.7,0.00925509,9.25509e-05,28564
3260.18,0.00922965,9.22965e-05,28565
3264.66,0.00920434,9.20434e-05,28566
3269.14,0.00917915,9.17916e-05,28567
3273.61,0.00915409,9.15409e-05,28568
3278.08,0.00912914,9.12914e-05,28569
3282.55,0.00910432,9.10432e-05,28570
3287.01,0.00907962,9.07962e-05,28571
3291.47,0.00905503,9.05503e-05,28572
3295.92,0.00903057,9.03057e-05,28573
3300.37,0.00900622,9.00622e-05,28574
3304.82,0.008982,8.982e-05,28575
3309.27,0.00895788,8.95788e-05,28576
3313.71,0.00893388,8.93388e-05,28577
3318.15,0.00891,8.91e-05,28578
3322.58,0.00888623,8.88623e-05,28579
3327.01,0.00886258,8.86258e-05,28580
3331.44,0.00883903,8.83903e-05,28581
3335.87,0.0088156,8.8156e-05,28582
3340.29,0.00879228,8.79228e-05,28583
3344.7,0.00876907,8.76907e-05,28584
3349.12,0.00874598,8.74598e-05,28585
3353.53,0.00872299,8.72299e-05,28586
3357.94,0.0087001,8.7001e-05,28587
3362.34,0.00867733,8.67733e-05,28588
3366.74,0.00865466,8.65466e-05,28589
3371.14,0.0086321,8.6321e-05,28590
3375.53,0.00860965,8.60965e-05,28591
3379.92,0.0085873,8.5873e-05,28592
3384.31,0.00856505,8.56505e-05,28593
3388.69,0.00854291,8.54291e-05,28594
3393.07,0.00852087,8.52087e-05,28595
3397.44,0.00849893,8.49893e-05,28596
3401.82,0.0084771,8.4771e-05,28597
3406.19,0.00845536,8.45536e-05,28598
3410.55,0.00843373,8.43373e-05,28599
3414.91,0.00841219,8.4122e-05,28600
3419.27,0.00839076,8.39076e-05,28601
3423.63,0.00836942,8.36942e-05,28602
3427.98,0.00834819,8.34819e-05,28603
3432.33,0.00832704,8.32704e-05,28604
3436.68,0.008306,8.306e-05,28605
3441.02,0.00828505,8.28505e-05,28606
3445.36,0.0082642,8.2642e-05,28607
3449.69,0.00824344,8.24344e-05,28608
3454.02,0.00822278,8.22278e-05,28609
3458.35,0.00820221,8.20221e-05,28610
3462.68,0.00818173,8.18173e-05,28611
3467,0.00816134,8.16134e-05,28612
3471.32,0.00814105,8.14105e-05,28613
3475.63,0.00812085,8.12085e-05,28614
3479.94,0.00810074,8.10074e-05,28615
3484.25,0.00808072,8.08072e-05,28616
3488.56,0.00806079,8.06079e-05,28617
3492.86,0.00804095,8.04095e-05,28618
3497.16,0.0080212,8.02119e-05,28619
3501.45,0.00800153,8.00153e-05,28620
3505.74,0.00798195,7.98195e-05,28621
3510.03,0.00796246,7.96246e-05,28622
3514.31,0.00794306,7.94306e-05,28623
3518.6,0.00792374,7.92374e-05,28624
3522.87,0.00790451,7.90451e-05,28625
3527.15,0.00788536,7.88536e-05,28626
3531.42,0.0078663,7.8663e-05,28627
3535.69,0.00784732,7.84732e-05,28628
3539.95,0.00782843,7.82843e-05,28629
3544.21,0.00780961,7.80961e-05,28630
3548.47,0.00779088,7.79088e-05,28631
3552.72,0.00777223,7.77223e-05,28632
3556.98,0.00775367,7.75367e-05,28633
3561.22,0.00773518,7.73518e-05,28634
3565.47,0.00771677,7.71677e-05,28635
3569.71,0.00769845,7.69845e-05,28636
3573.95,0.0076802,7.6802e-05,28637
3578.18,0.00766203,7.66203e-05,28638
3582.41,0.00764395,7.64395e-05,28639
3586.64,0.00762594,7.62594e-05,28640
3590.87,0.007608,7.608e-05,28641
3595.09,0.00759015,7.59015e-05,28642
3599.3,0.00757237,7.57237e-05,28643
3603.52,0.00755467,7.55467e-05,28644
3607.73,0.00753704,7.53704e-05,28645
3611.94,0.00751949,7.51949e-05,28646
3616.14,0.00750201,7.50201e-05,28647
3620.35,0.00748461,7.48461e-05,28648
3624.54,0.00746728,7.46728e-05,28649
3628.74,0.00745002,7.45002e-05,28650
3632.93,0.00743284,7.43284e-05,28651
3637.12,0.00741573,7.41574e-05,28652
3641.3,0.0073987,7.3987e-05,28653
3645.49,0.00738173,7.38173e-05,28654
3649.66,0.00736484,7.36484e-05,28655
3653.84,0.00734802,7.34802e-05,28656
3658.01,0.00733127,7.33127e-05,28657
3662.18,0.00731459,7.31459e-05,28658
3666.34,0.00729798,7.29798e-05,28659
3670.51,0.00728144,7.28144e-05,28660
3674.66,0.00726497,7.26497e-05,28661
3678.82,0.00724856,7.24856e-05,28662
3682.97,0.00723223,7.23223e-05,28663
3687.12,0.00721596,7.21596e-05,28664
3691.27,0.00719976,7.19976e-05,28665
3695.41,0.00718363,7.18363e-05,28666
3699.55,0.00716756,7.16756e-05,28667
3703.69,0.00715156,7.15156e-05,28668
3707.82,0.00713563,7.13563e-05,28669
3711.95,0.00711976,7.11976e-05,28670
3716.07,0.00710396,7.10396e-05,28671
3720.2,0.00708822,7.08822e-05,28672
3724.32,0.00707254,7.07254e-05,28673
3728.43,0.00705693,7.05693e-05,28674
3732.55,0.00704139,7.04139e-05,28675
3736.66,0.00702591,7.02591e-05,28676
3740.76,0.00701049,7.01049e-05,28677
3744.87,0.00699513,6.99513e-05,28678
3748.97,0.00697984,6.97984e-05,28679
3753.07,0.00696461,6.96461e-05,28680
3757.16,0.00694943,6.94943e-05,28681
3761.25,0.00693432,6.93432e-05,28682
3765.34,0.00691928,6.91928e-05,28683
3769.42,0.00690429,6.90429e-05,28684
3773.51,0.00688936,6.88936e-05,28685
3777.58,0.0068745,6.8745e-05,28686
3781.66,0.00685969,6.85969e-05,28687
3785.73,0.00684494,6.84494e-05,28688
3789.8,0.00683025,6.83025e-05,28689
3793.86,0.00681562,6.81562e-05,28690
3797.93,0.00680105,6.80105e-05,28691
3801.99,0.00678653,6.78653e-05,28692
3806.04,0.00677208,6.77208e-05,28693
3810.09,0.00675768,6.75768e-05,28694
3814.14,0.00674334,6.74334e-05,28695
3818.19,0.00672905,6.72905e-05,28696
3822.23,0.00671482,6.71482e-05,28697
3826.27,0.00670065,6.70065e-05,28698
3830.31,0.00668653,6.68653e-05,28699
3834.34,0.00667247,6.67247e-05,28700
3838.38,0.00665846,6.65846e-05,28701
3842.4,0.00664451,6.64451e-05,28702
3846.43,0.00663062,6.63062e-05,28703
3850.45,0.00661677,6.61677e-05,28704
3854.47,0.00660299,6.60299e-05,28705
3858.48,0.00658925,6.58925e-05,28706
3862.49,0.00657557,6.57557e-05,28707
3866.5,0.00656194,6.56194e-05,28708
3870.51,0.00654837,6.54837e-05,28709
3874.51,0.00653485,6.53485e-05,28710
3878.51,0.00652138,6.52138e-05,28711
3882.51,0.00650796,6.50796e-05,28712
3886.5,0.00649459,6.49459e-05,28713
3890.49,0.00648128,6.48128e-05,28714
3894.48,0.00646801,6.46801e-05,28715
3898.46,0.0064548,6.4548e-05,28716
3902.44,0.00644164,6.44164e-05,28717
3906.42,0.00642853,6.42853e-05,28718
3910.39,0.00641547,6.41547e-05,28719
3914.36,0.00640246,6.40246e-05,28720
3918.33,0.0063895,6.3895e-05,28721
3922.3,0.00637658,6.37658e-05,28722
3926.26,0.00636372,6.36372e-05,28723
3930.22,0.0063509,6.3509e-05,28724
3934.17,0.00633814,6.33814e-05,28725
3938.13,0.00632542,6.32542e-05,28726
3942.08,0.00631275,6.31275e-05,28727
3946.02,0.00630013,6.30013e-05,28728
3949.97,0.00628756,6.28756e-05,28729
3953.91,0.00627503,6.27503e-05,28730
3957.85,0.00626255,6.26255e-05,28731
3961.78,0.00625012,6.25012e-05,28732
3965.71,0.00623773,6.23773e-05,28733
3969.64,0.00622539,6.22539e-05,28734
3973.57,0.0062131,6.2131e-05,28735
3977.49,0.00620085,6.20085e-05,28736
3981.41,0.00618865,6.18865e-05,28737
3985.32,0.00617649,6.17649e-05,28738
3989.24,0.00616438,6.16438e-05,28739
3993.15,0.00615231,6.15231e-05,28740
3997.05,0.00614029,6.14029e-05,28741
4000.96,0.00612831,6.12831e-05,28742
4004.86,0.00611638,6.11638e-05,28743
4008.76,0.00610449,6.10449e-05,28744
4012.65,0.00609265,6.09265e-05,28745
4016.54,0.00608084,6.08084e-05,28746
4020.43,0.00606909,6.06909e-05,28747
4024.32,0.00605737,6.05737e-05,28748
4028.2,0.0060457,6.0457e-05,28749
4032.08,0.00603407,6.03407e-05,28750
4035.96,0.00602248,6.02248e-05,28751
4039.83,0.00601094,6.01094e-05,28752
4043.7,0.00599944,5.99944e-05,28753
4047.57,0.00598797,5.98797e-05,28754
4051.44,0.00597656,5.97656e-05,28755
4055.3,0.00596518,5.96518e-05,28756
4059.16,0.00595384,5.95384e-05,28757
4063.01,0.00594255,5.94255e-05,28758
4066.87,0.00593129,5.93129e-05,28759
4070.72,0.00592008,5.92008e-05,28760
4074.56,0.0059089,5.9089e-05,28761
4078.41,0.00589777,5.89777e-05,28762
4082.25,0.00588668,5.88668e-05,28763
4086.09,0.00587562,5.87562e-05,28764
4089.92,0.00586461,5.86461e-05,28765
4093.75,0.00585363,5.85363e-05,28766
4097.58,0.0058427,5.8427e-05,28767
4101.41,0.0058318,5.8318e-05,28768
4105.23,0.00582094,5.82094e-05,28769
4109.05,0.00581013,5.81013e-05,28770
4112.87,0.00579934,5.79934e-05,28771
4116.69,0.0057886,5.7886e-05,28772
4120.5,0.0057779,5.7779e-05,28773
4124.31,0.00576723,5.76723e-05,28774
4128.11,0.0057566,5.7566e-05,28775
4131.91,0.00574601,5.74601e-05,28776
4135.71,0.00573546,5.73546e-05,28777
4139.51,0.00572494,5.72494e-05,28778
4143.3,0.00571446,5.71446e-05,28779
4147.1,0.00570402,5.70402e-05,28780
4150.88,0.00569361,5.69361e-05,28781
4154.67,0.00568324,5.68324e-05,28782
4158.45,0.00567291,5.67291e-05,28783
4162.23,0.00566261,5.66261e-05,28784
4166.01,0.00565235,5.65235e-05,28785
4169.78,0.00564213,5.64213e-05,28786
4173.55,0.00563194,5.63194e-05,28787
4177.32,0.00562178,5.62178e-05,28788
4181.08,0.00561166,5.61166e-05,28789
4184.84,0.00560158,5.60158e-05,28790
4188.6,0.00559153,5.59153e-05,28791
4192.36,0.00558151,5.58151e-05,28792
4196.11,0.00557153,5.57153e-05,28793
4199.86,0.00556159,5.56159e-05,28794
4203.61,0.00555168,5.55168e-05,28795
4207.35,0.0055418,5.5418e-05,28796
4211.1,0.00553196,5.53196e-05,28797
4214.84,0.00552215,5.52215e-05,28798
4218.57,0.00551237,5.51237e-05,28799
4222.3,0.00550263,5.50263e-05,28800
4226.03,0.00549292,5.49292e-05,28801
4229.76,0.00548324,5.48324e-05,28802
4233.49,0.0054736,5.4736e-05,28803
4237.21,0.00546398,5.46398e-05,28804
4240.93,0.00545441,5.45441e-05,28805
4244.64,0.00544486,5.44486e-05,28806
4248.36,0.00543535,5.43535e-05,28807
4252.07,0.00542587,5.42587e-05,28808
4255.77,0.00541642,5.41642e-05,28809
4259.48,0.005407,5.407e-05,28810
4263.18,0.00539761,5.39761e-05,28811
4266.88,0.00538826,5.38826e-05,28812
4270.57,0.00537894,5.37894e-05,28813
4274.27,0.00536965,5.36965e-05,28814
4277.96,0.00536039,5.36039e-05,28815
4281.64,0.00535116,5.35116e-05,28816
4285.33,0.00534196,5.34196e-05,28817
4289.01,0.00533279,5.33279e-05,28818
4292.69,0.00532365,5.32365e-05,28819
4296.37,0.00531455,5.31455e-05,28820
4300.04,0.00530547,5.30547e-05,28821
4303.71,0.00529643,5.29643e-05,28822
4307.38,0.00528741,5.28741e-05,28823
4311.04,0.00527842,5.27842e-05,28824
4314.71,0.00526947,5.26947e-05,28825
4318.36,0.00526054,5.26054e-05,28826
4322.02,0.00525164,5.25164e-05,28827
4325.67,0.00524278,5.24278e-05,28828
4329.33,0.00523394,5.23394e-05,28829
4332.97,0.00522513,5.22513e-05,28830
4336.62,0.00521635,5.21635e-05,28831
4340.26,0.00520759,5.20759e-05,28832
4343.9,0.00519887,5.19887e-05,28833
4347.54,0.00519018,5.19018e-05,28834
4351.17,0.00518151,5.18151e-05,28835
4354.8,0.00517287,5.17287e-05,28836
4358.43,0.00516426,5.16426e-05,28837
4362.06,0.00515568,5.15568e-05,28838
4365.68,0.00514713,5.14713e-05,28839
4369.3,0.0051386,5.1386e-05,28840
4372.92,0.0051301,5.1301e-05,28841
4376.54,0.00512163,5.12163e-05,28842
4380.15,0.00511319,5.11319e-05,28843
4383.76,0.00510477,5.10477e-05,28844
4387.36,0.00509638,5.09638e-05,28845
4390.97,0.00508802,5.08802e-05,28846
4394.57,0.00507968,5.07968e-05,28847
4398.17,0.00507137,5.07137e-05,28848
4401.76,0.00506309,5.06309e-05,28849
4405.36,0.00505484,5.05484e-05,28850
4408.95,0.00504661,5.04661e-05,28851
4412.53,0.00503841,5.03841e-05,28852
4416.12,0.00503023,5.03023e-05,28853
4419.7,0.00502208,5.02208e-05,28854
4423.28,0.00501396,5.01396e-05,28855
4426.85,0.00500586,5.00586e-05,28856
4430.43,0.00499778,4.99778e-05,28857
4434,0.00498974,4.98974e-05,28858
4437.57,0.00498172,4.98172e-05,28859
4441.13,0.00497372,4.97372e-05,28860
4444.7,0.00496575,4.96575e-05,28861
4448.26,0.0049578,4.9578e-05,28862
4451.81,0.00494988,4.94988e-05,28863
4455.37,0.00494199,4.94199e-05,28864
4458.92,0.00493412,4.93412e-05,28865
4462.47,0.00492627,4.92627e-05,28866
4466.02,0.00491845,4.91845e-05,28867
4469.56,0.00491065,4.91065e-05,28868
4473.1,0.00490288,4.90288e-05,28869
4476.64,0.00489513,4.89513e-05,28870
4480.18,0.00488741,4.88741e-05,28871
4483.71,0.00487971,4.87971e-05,28872
4487.24,0.00487203,4.87203e-05,28873
4490.77,0.00486438,4.86438e-05,28874
4494.29,0.00485675,4.85675e-05,28875
4497.82,0.00484915,4.84915e-05,28876
4501.34,0.00484157,4.84157e-05,28877
4504.85,0.00483401,4.83401e-05,28878
4508.37,0.00482648,4.82648e-05,28879
4511.88,0.00481897,4.81897e-05,28880
4515.39,0.00481148,4.81148e-05,28881
4518.9,0.00480401,4.80401e-05,28882
4522.4,0.00479657,4.79657e-05,28883
4525.9,0.00478916,4.78916e-05,28884
4529.4,0.00478176,4.78176e-05,28885
4532.9,0.00477439,4.77439e-05,28886
4536.39,0.00476704,4.76704e-05,28887
4539.88,0.00475971,4.75971e-05,28888
4543.37,0.0047524,4.7524e-05,28889
4546.85,0.00474512,4.74512e-05,28890
4550.34,0.00473786,4.73786e-05,28891
4553.82,0.00473062,4.73062e-05,28892
4557.29,0.0047234,4.7234e-05,28893
4560.77,0.00471621,4.71621e-05,28894
4564.24,0.00470904,4.70904e-05,28895
4567.71,0.00470189,4.70189e-05,28896
4571.18,0.00469476,4.69476e-05,28897
4574.64,0.00468765,4.68765e-05,28898
4578.1,0.00468056,4.68056e-05,28899
4581.56,0.0046735,4.6735e-05,28900
4585.02,0.00466645,4.66645e-05,28901
4588.47,0.00465943,4.65943e-05,28902
4591.92,0.00465243,4.65243e-05,28903
4595.37,0.00464545,4.64545e-05,28904
4598.82,0.00463849,4.63849e-05,28905
4602.26,0.00463155,4.63155e-05,28906
4605.7,0.00462463,4.62463e-05,28907
4609.14,0.00461774,4.61774e-05,28908
4612.58,0.00461086,4.61086e-05,28909
4616.01,0.004604,4.604e-05,28910
4619.44,0.00459717,4.59717e-05,28911
4622.87,0.00459035,4.59035e-05,28912
4626.29,0.00458356,4.58356e-05,28913
4629.72,0.00457678,4.57678e-05,28914
4633.14,0.00457003,4.57003e-05,28915
4636.55,0.0045633,4.5633e-05,28916
4639.97,0.00455658,4.55658e-05,28917
4643.38,0.00454989,4.54989e-05,28918
4646.79,0.00454321,4.54321e-05,28919
4650.2,0.00453656,4.53656e-05,28920
4653.6,0.00452992,4.52992e-05,28921
4657,0.00452331,4.52331e-05,28922
4660.4,0.00451671,4.51671e-05,28923
4663.8,0.00451013,4.51013e-05,28924
4667.19,0.00450357,4.50357e-05,28925
4670.59,0.00449703,4.49703e-05,28926
4673.98,0.00449051,4.49051e-05,28927
4677.36,0.00448401,4.48401e-05,28928
4680.75,0.00447753,4.47753e-05,28929
4684.13,0.00447107,4.47107e-05,28930
4687.51,0.00446463,4.46463e-05,28931
4690.88,0.0044582,4.4582e-05,28932
4694.26,0.0044518,4.4518e-05,28933
4697.63,0.00444541,4.44541e-05,28934
4701,0.00443904,4.43904e-05,28935
4704.36,0.00443269,4.43269e-05,28936
4707.73,0.00442635,4.42635e-05,28937
4711.09,0.00442004,4.42004e-05,28938
4714.45,0.00441374,4.41374e-05,28939
4717.8,0.00440747,4.40747e-05,28940
4721.16,0.00440121,4.40121e-05,28941
4724.51,0.00439497,4.39497e-05,28942
4727.86,0.00438874,4.38874e-05,28943
4731.2,0.00438254,4.38254e-05,28944
4734.55,0.00437635,4.37635e-05,28945
4737.89,0.00437018,4.37018e-05,28946
4741.23,0.00436403,4.36403e-05,28947
4744.56,0.00435789,4.35789e-05,28948
4747.9,0.00435177,4.35177e-05,28949
4751.23,0.00434567,4.34567e-05,28950
4754.56,0.00433959,4.33959e-05,28951
4757.88,0.00433353,4.33353e-05,28952
4761.21,0.00432748,4.32748e-05,28953
4764.53,0.00432145,4.32145e-05,28954
4767.85,0.00431543,4.31543e-05,28955
4771.16,0.00430944,4.30944e-05,28956
4774.48,0.00430346,4.30346e-05,28957
4777.79,0.00429749,4.29749e-05,28958
4781.1,0.00429155,4.29155e-05,28959
4784.4,0.00428562,4.28562e-05,28960
4787.71,0.0042797,4.2797e-05,28961
4791.01,0.00427381,4.27381e-05,28962
4794.31,0.00426793,4.26793e-05,28963
4797.6,0.00426207,4.26207e-05,28964
4800.9,0.00425622,4.25622e-05,28965
4804.19,0.00425039,4.25039e-05,28966
4807.48,0.00424457,4.24458e-05,28967
4810.77,0.00423878,4.23878e-05,28968
4814.05,0.004233,4.233e-05,28969
4817.33,0.00422723,4.22723e-05,28970
4820.61,0.00422148,4.22148e-05,28971
4823.89,0.00421575,4.21575e-05,28972
4827.16,0.00421003,4.21003e-05,28973
4830.43,0.00420433,4.20433e-05,28974
4833.7,0.00419864,4.19864e-05,28975
4836.97,0.00419298,4.19298e-05,28976
4840.23,0.00418732,4.18732e-05,28977
4843.5,0.00418168,4.18168e-05,28978
4846.76,0.00417606,4.17606e-05,28979
4850.01,0.00417045,4.17045e-05,28980
4853.27,0.00416486,4.16486e-05,28981
4856.52,0.00415928,4.15929e-05,28982
4859.77,0.00415372,4.15372e-05,28983
4863.02,0.00414818,4.14818e-05,28984
4866.26,0.00414265,4.14265e-05,28985
4869.5,0.00413713,4.13713e-05,28986
4872.74,0.00413163,4.13163e-05,28987
4875.98,0.00412615,4.12615e-05,28988
4879.22,0.00412068,4.12068e-05,28989
4882.45,0.00411522,4.11522e-05,28990
4885.68,0.00410978,4.10978e-05,28991
4888.91,0.00410436,4.10436e-05,28992
4892.13,0.00409895,4.09895e-05,28993
4895.36,0.00409355,4.09355e-05,28994
4898.58,0.00408817,4.08817e-05,28995
4901.8,0.0040828,4.08281e-05,28996
4905.01,0.00407745,4.07745e-05,28997
4908.23,0.00407212,4.07212e-05,28998
4911.44,0.00406679,4.06679e-05,28999
4914.64,0.00406148,4.06148e-05,29000
4917.85,0.00405619,4.05619e-05,29001
4921.06,0.00405091,4.05091e-05,29002
4924.26,0.00404564,4.04564e-05,29003
4927.46,0.00404039,4.04039e-05,29004
4930.65,0.00403516,4.03516e-05,29005
4933.85,0.00402993,4.02993e-05,29006
4937.04,0.00402472,4.02472e-05,29007
4940.23,0.00401953,4.01953e-05,29008
4943.42,0.00401435,4.01435e-05,29009
4946.6,0.00400918,4.00918e-05,29010
4949.78,0.00400403,4.00402e-05,29011
4952.96,0.00399888,3.99888e-05,29012
4956.14,0.00399376,3.99376e-05,29013
4959.32,0.00398865,3.98865e-05,29014
4962.49,0.00398355,3.98355e-05,29015
4965.66,0.00397846,3.97846e-05,29016
4968.83,0.00397339,3.97339e-05,29017
4971.99,0.00396833,3.96833e-05,29018
4975.16,0.00396329,3.96329e-05,29019
4978.32,0.00395826,3.95826e-05,29020
4981.48,0.00395324,3.95324e-05,29021
4984.63,0.00394823,3.94823e-05,29022
4987.79,0.00394324,3.94324e-05,29023
4990.94,0.00393826,3.93826e-05,29024
4994.09,0.0039333,3.9333e-05,29025
4997.24,0.00392834,3.92834e-05,29026
5000.38,0.0039234,3.9234e-05,29027
5003.52,0.00391848,3.91848e-05,29028
5006.66,0.00391356,3.91356e-05,29029
5009.8,0.00390866,3.90866e-05,29030
5012.93,0.00390378,3.90378e-05,29031
5016.07,0.0038989,3.8989e-05,29032
5019.2,0.00389404,3.89404e-05,29033
5022.33,0.00388919,3.88919e-05,29034
5025.45,0.00388435,3.88435e-05,29035
5028.58,0.00387953,3.87953e-05,29036
5031.7,0.00387472,3.87472e-05,29037
5034.82,0.00386992,3.86992e-05,29038
5037.93,0.00386513,3.86513e-05,29039
5041.05,0.00386036,3.86036e-05,29040
5044.16,0.00385559,3.85559e-05,29041
5047.27,0.00385085,3.85085e-05,29042
5050.38,0.00384611,3.84611e-05,29043
5053.48,0.00384138,3.84138e-05,29044
5056.58,0.00383667,3.83667e-05,29045
5059.69,0.00383197,3.83197e-05,29046
5062.78,0.00382728,3.82728e-05,29047
5065.88,0.0038226,3.8226e-05,29048
5068.97,0.00381794,3.81794e-05,29049
5072.06,0.00381329,3.81329e-05,29050
5075.15,0.00380865,3.80865e-05,29051
5078.24,0.00380402,3.80402e-05,29052
5081.32,0.0037994,3.7994e-05,29053
5084.41,0.0037948,3.7948e-05,29054
5087.49,0.0037902,3.7902e-05,29055
5090.56,0.00378562,3.78562e-05,29056
5093.64,0.00378105,3.78105e-05,29057
5096.71,0.00377649,3.77649e-05,29058
5099.78,0.00377195,3.77195e-05,29059
5102.85,0.00376741,3.76741e-05,29060
5105.92,0.00376289,3.76289e-05,29061
5108.98,0.00375838,3.75838e-05,29062
5112.04,0.00375388,3.75388e-05,29063
5115.1,0.00374939,3.74939e-05,29064
5118.16,0.00374491,3.74491e-05,29065
5121.21,0.00374045,3.74045e-05,29066
5124.26,0.00373599,3.73599e-05,29067
5127.31,0.00373155,3.73155e-05,29068
5130.36,0.00372712,3.72712e-05,29069
5133.41,0.00372269,3.72269e-05,29070
5136.45,0.00371828,3.71828e-05,29071
5139.49,0.00371389,3.71389e-05,29072
5142.53,0.0037095,3.7095e-05,29073
5145.57,0.00370512,3.70512e-05,29074
5148.6,0.00370076,3.70076e-05,29075
5151.63,0.0036964,3.6964e-05,29076
5154.66,0.00369206,3.69206e-05,29077
5157.69,0.00368772,3.68772e-05,29078
5160.72,0.0036834,3.6834e-05,29079
5163.74,0.00367909,3.67909e-05,29080
5166.76,0.00367479,3.67479e-05,29081
5169.78,0.0036705,3.6705e-05,29082
5172.8,0.00366622,3.66622e-05,29083
5175.81,0.00366195,3.66195e-05,29084
5178.82,0.00365769,3.65769e-05,29085
5181.83,0.00365345,3.65345e-05,29086
5184.84,0.00364921,3.64921e-05,29087
5187.84,0.00364498,3.64498e-05,29088
5190.85,0.00364077,3.64077e-05,29089
5193.85,0.00363656,3.63656e-05,29090
5196.85,0.00363236,3.63236e-05,29091
5199.84,0.00362818,3.62818e-05,29092
5202.84,0.00362401,3.62401e-05,29093
5205.83,0.00361984,3.61984e-05,29094
5208.82,0.00361569,3.61569e-05,29095
5211.8,0.00361154,3.61154e-05,29096
5214.79,0.00360741,3.60741e-05,29097
5217.77,0.00360329,3.60329e-05,29098
5220.75,0.00359917,3.59917e-05,29099
5223.73,0.00359507,3.59507e-05,29100
5226.71,0.00359098,3.59098e-05,29101
5229.68,0.00358689,3.58689e-05,29102
5232.65,0.00358282,3.58282e-05,29103
5235.62,0.00357876,3.57876e-05,29104
5238.59,0.0035747,3.5747e-05,29105
5241.56,0.00357066,3.57066e-05,29106
5244.52,0.00356663,3.56663e-05,29107
5247.48,0.0035626,3.5626e-05,29108
5250.44,0.00355859,3.55859e-05,29109
5253.39,0.00355459,3.55459e-05,29110
5256.35,0.00355059,3.55059e-05,29111
5259.3,0.00354661,3.54661e-05,29112
5262.25,0.00354263,3.54263e-05,29113
5265.2,0.00353867,3.53867e-05,29114
5268.14,0.00353471,3.53471e-05,29115
5271.09,0.00353076,3.53076e-05,29116
5274.03,0.00352683,3.52683e-05,29117
5276.97,0.0035229,3.5229e-05,29118
5279.9,0.00351898,3.51898e-05,29119
5282.84,0.00351507,3.51507e-05,29120
5285.77,0.00351117,3.51117e-05,29121
5288.7,0.00350728,3.50728e-05,29122
5291.63,0.0035034,3.5034e-05,29123
5294.56,0.00349953,3.49953e-05,29124
5297.48,0.00349567,3.49567e-05,29125
5300.4,0.00349182,3.49182e-05,29126
5303.32,0.00348798,3.48798e-05,29127
5306.24,0.00348414,3.48414e-05,29128
5309.15,0.00348032,3.48032e-05,29129
5312.06,0.0034765,3.4765e-05,29130
5314.98,0.00347269,3.47269e-05,29131
5317.88,0.0034689,3.4689e-05,29132
5320.79,0.00346511,3.46511e-05,29133
5323.7,0.00346133,3.46133e-05,29134
5326.6,0.00345756,3.45756e-05,29135
5329.5,0.0034538,3.4538e-05,29136
5332.4,0.00345004,3.45004e-05,29137
5335.29,0.0034463,3.4463e-05,29138
5338.18,0.00344256,3.44256e-05,29139
5341.08,0.00343884,3.43884e-05,29140
5343.96,0.00343512,3.43512e-05,29141
5346.85,0.00343141,3.43141e-05,29142
5349.74,0.00342771,3.42771e-05,29143
5352.62,0.00342402,3.42402e-05,29144
5355.5,0.00342034,3.42034e-05,29145
5358.38,0.00341666,3.41666e-05,29146
5361.25,0.003413,3.413e-05,29147
5364.13,0.00340934,3.40934e-05,29148
5367,0.00340569,3.40569e-05,29149
5369.87,0.00340205,3.40205e-05,29150
5372.74,0.00339842,3.39842e-05,29151
5375.6,0.0033948,3.3948e-05,29152
5378.47,0.00339119,3.39119e-05,29153
5381.33,0.00338758,3.38758e-05,29154
5384.19,0.00338398,3.38398e-05,29155
5387.05,0.0033804,3.3804e-05,29156
5389.9,0.00337682,3.37682e-05,29157
5392.75,0.00337324,3.37324e-05,29158
5395.61,0.00336968,3.36968e-05,29159
5398.45,0.00336612,3.36612e-05,29160
5401.3,0.00336258,3.36258e-05,29161
5404.15,0.00335904,3.35904e-05,29162
5406.99,0.00335551,3.35551e-05,29163
5409.83,0.00335198,3.35198e-05,29164
5412.67,0.00334847,3.34847e-05,29165
5415.5,0.00334496,3.34496e-05,29166
5418.34,0.00334147,3.34147e-05,29167
5421.17,0.00333798,3.33798e-05,29168
5424,0.00333449,3.33449e-05,29169
5426.83,0.00333102,3.33102e-05,29170
5429.65,0.00332755,3.32755e-05,29171
5432.47,0.0033241,3.3241e-05,29172
5435.3,0.00332065,3.32065e-05,29173
5438.12,0.0033172,3.3172e-05,29174
5440.93,0.00331377,3.31377e-05,29175
5443.75,0.00331034,3.31034e-05,29176
5446.56,0.00330692,3.30692e-05,29177
5449.37,0.00330351,3.30351e-05,29178
5452.18,0.00330011,3.30011e-05,29179
5454.99,0.00329672,3.29672e-05,29180
5457.79,0.00329333,3.29333e-05,29181
5460.6,0.00328995,3.28995e-05,29182
5463.4,0.00328658,3.28658e-05,29183
5466.19,0.00328321,3.28321e-05,29184
5468.99,0.00327985,3.27985e-05,29185
5471.79,0.00327651,3.27651e-05,29186
5474.58,0.00327316,3.27316e-05,29187
5477.37,0.00326983,3.26983e-05,29188
5480.16,0.0032665,3.2665e-05,29189
5482.94,0.00326318,3.26318e-05,29190
5485.73,0.00325987,3.25987e-05,29191
5488.51,0.00325657,3.25657e-05,29192
5491.29,0.00325327,3.25327e-05,29193
5494.07,0.00324998,3.24998e-05,29194
5496.84,0.0032467,3.2467e-05,29195
5499.62,0.00324343,3.24343e-05,29196
5502.39,0.00324016,3.24016e-05,29197
5505.16,0.0032369,3.2369e-05,29198
5507.93,0.00323365,3.23365e-05,29199
5510.69,0.00323041,3.23041e-05,29200
5513.45,0.00322717,3.22717e-05,29201
5516.21,0.00322394,3.22394e-05,29202
5518.97,0.00322071,3.22071e-05,29203
5521.73,0.0032175,3.2175e-05,29204
5524.49,0.00321429,3.21429e-05,29205
5527.24,0.00321109,3.21109e-05,29206
5529.99,0.0032079,3.2079e-05,29207
5532.74,0.00320471,3.20471e-05,29208
5535.49,0.00320153,3.20153e-05,29209
5538.23,0.00319836,3.19836e-05,29210
5540.98,0.00319519,3.19519e-05,29211
5543.72,0.00319203,3.19203e-05,29212
5546.46,0.00318888,3.18888e-05,29213
5549.19,0.00318573,3.18573e-05,29214
5551.93,0.0031826,3.1826e-05,29215
5554.66,0.00317947,3.17947e-05,29216
5557.39,0.00317634,3.17634e-05,29217
5560.12,0.00317323,3.17323e-05,29218
5562.85,0.00317012,3.17012e-05,29219
5565.57,0.00316701,3.16701e-05,29220
5568.29,0.00316392,3.16392e-05,29221
5571.01,0.00316083,3.16083e-05,29222
5573.73,0.00315774,3.15774e-05,29223
5576.45,0.00315467,3.15467e-05,29224
5579.16,0.0031516,3.1516e-05,29225
5581.88,0.00314854,3.14854e-05,29226
5584.59,0.00314548,3.14548e-05,29227
5587.29,0.00314243,3.14243e-05,29228
5590,0.00313939,3.13939e-05,29229
5592.71,0.00313635,3.13635e-05,29230
5595.41,0.00313333,3.13333e-05,29231
5598.11,0.0031303,3.1303e-05,29232
5600.81,0.00312729,3.12729e-05,29233
5603.5,0.00312428,3.12428e-05,29234
5606.2,0.00312128,3.12128e-05,29235
5608.89,0.00311828,3.11828e-05,29236
5611.58,0.00311529,3.11529e-05,29237
5614.27,0.00311231,3.11231e-05,29238
5616.96,0.00310933,3.10933e-05,29239
5619.64,0.00310636,3.10636e-05,29240
5622.32,0.0031034,3.1034e-05,29241
5625,0.00310044,3.10044e-05,29242
5627.68,0.00309749,3.09749e-05,29243
5630.36,0.00309455,3.09455e-05,29244
5633.03,0.00309161,3.09161e-05,29245
5635.71,0.00308868,3.08868e-05,29246
5638.38,0.00308575,3.08575e-05,29247
5641.04,0.00308283,3.08283e-05,29248
5643.71,0.00307992,3.07992e-05,29249
5646.37,0.00307701,3.07702e-05,29250
5649.04,0.00307412,3.07412e-05,29251
5651.7,0.00307122,3.07122e-05,29252
5654.36,0.00306833,3.06833e-05,29253
5657.01,0.00306545,3.06545e-05,29254
5659.67,0.00306258,3.06258e-05,29255
5662.32,0.00305971,3.05971e-05,29256
5664.97,0.00305685,3.05685e-05,29257
5667.62,0.00305399,3.05399e-05,29258
5670.27,0.00305114,3.05114e-05,29259
5672.91,0.0030483,3.0483e-05,29260
5675.55,0.00304546,3.04546e-05,29261
5678.19,0.00304263,3.04263e-05,29262
5680.83,0.0030398,3.0398e-05,29263
5683.47,0.00303698,3.03698e-05,29264
5686.1,0.00303417,3.03417e-05,29265
5688.74,0.00303136,3.03136e-05,29266
5691.37,0.00302856,3.02856e-05,29267
5694,0.00302576,3.02576e-05,29268
5696.63,0.00302297,3.02297e-05,29269
5699.25,0.00302019,3.02019e-05,29270
5701.87,0.00301741,3.01741e-05,29271
5704.49,0.00301463,3.01463e-05,29272
5707.11,0.00301187,3.01187e-05,29273
5709.73,0.00300911,3.00911e-05,29274
5712.35,0.00300635,3.00635e-05,29275
5714.96,0.0030036,3.0036e-05,29276
5717.57,0.00300086,3.00086e-05,29277
5720.18,0.00299812,2.99812e-05,29278
5722.79,0.00299539,2.99539e-05,29279
5725.39,0.00299267,2.99267e-05,29280
5728,0.00298995,2.98995e-05,29281
5730.6,0.00298723,2.98723e-05,29282
5733.2,0.00298452,2.98452e-05,29283
5735.8,0.00298182,2.98182e-05,29284
5738.39,0.00297912,2.97912e-05,29285
5740.99,0.00297643,2.97643e-05,29286
5743.58,0.00297375,2.97375e-05,29287
5746.17,0.00297107,2.97107e-05,29288
5748.76,0.00296839,2.96839e-05,29289
5751.34,0.00296572,2.96572e-05,29290
5753.93,0.00296306,2.96306e-05,29291
5756.51,0.0029604,2.9604e-05,29292
5759.09,0.00295775,2.95775e-05,29293
5761.67,0.0029551,2.9551e-05,29294
5764.24,0.00295246,2.95246e-05,29295
5766.82,0.00294983,2.94983e-05,29296
5769.39,0.00294719,2.94719e-05,29297
5771.96,0.00294457,2.94457e-05,29298
5774.53,0.00294195,2.94195e-05,29299
5777.1,0.00293934,2.93934e-05,29300
5779.66,0.00293673,2.93673e-05,29301
5782.23,0.00293413,2.93413e-05,29302
5784.79,0.00293153,2.93153e-05,29303
5787.35,0.00292894,2.92894e-05,29304
5789.91,0.00292635,2.92635e-05,29305
5792.46,0.00292377,2.92377e-05,29306
5795.01,0.00292119,2.92119e-05,29307
5797.57,0.00291862,2.91862e-05,29308
5800.12,0.00291606,2.91606e-05,29309
5802.66,0.0029135,2.9135e-05,29310
5805.21,0.00291094,2.91094e-05,29311
5807.75,0.00290839,2.90839e-05,29312
5810.3,0.00290585,2.90585e-05,29313
5812.84,0.00290331,2.90331e-05,29314
5815.37,0.00290077,2.90077e-05,29315
5817.91,0.00289824,2.89824e-05,29316
5820.45,0.00289572,2.89572e-05,29317
5822.98,0.0028932,2.8932e-05,29318
5825.51,0.00289069,2.89069e-05,29319
5828.04,0.00288818,2.88818e-05,29320
5830.56,0.00288568,2.88568e-05,29321
5833.09,0.00288318,2.88318e-05,29322
5835.61,0.00288069,2.88069e-05,21943
5838.13,0.0028782,2.8782e-05,21944
5840.65,0.00287572,2.87572e-05,21945
5843.17,0.00287324,2.87324e-05,21946
5845.69,0.00287077,2.87077e-05,21947
5848.2,0.0028683,2.8683e-05,21948
5850.71,0.00286584,2.86584e-05,21949
5853.22,0.00286338,2.86338e-05,21950
5855.73,0.00286093,2.86093e-05,21951
5858.24,0.00285848,2.85848e-05,21952
5860.74,0.00285604,2.85604e-05,21953
5863.24,0.0028536,2.8536e-05,21954
5865.74,0.00285117,2.85117e-05,21955
5868.24,0.00284874,2.84874e-05,21956
5870.74,0.00284632,2.84632e-05,21957
5873.23,0.0028439,2.8439e-05,21958
5875.73,0.00284149,2.84149e-05,21959
5878.22,0.00283908,2.83908e-05,21960
5880.71,0.00283668,2.83668e-05,21961
5883.19,0.00283428,2.83428e-05,21962
5885.68,0.00283189,2.83189e-05,21963
5888.16,0.0028295,2.8295e-05,21964
5890.65,0.00282711,2.82711e-05,21965
5893.13,0.00282473,2.82473e-05,21966
5895.6,0.00282236,2.82236e-05,21967
5898.08,0.00281999,2.81999e-05,21968
5900.55,0.00281763,2.81763e-05,21969
5903.03,0.00281527,2.81527e-05,21970
5905.5,0.00281291,2.81291e-05,21971
5907.97,0.00281056,2.81056e-05,21972
5910.43,0.00280821,2.80821e-05,21973
5912.9,0.00280587,2.80587e-05,21974
5915.36,0.00280354,2.80354e-05,21975
5917.82,0.00280121,2.80121e-05,21976
5920.28,0.00279888,2.79888e-05,21977
5922.74,0.00279656,2.79656e-05,21978
5925.2,0.00279424,2.79424e-05,21979
5927.65,0.00279193,2.79193e-05,21980
5930.1,0.00278962,2.78962e-05,21981
5932.55,0.00278731,2.78731e-05,21982
5935,0.00278501,2.78501e-05,21983
5937.45,0.00278272,2.78272e-05,21984
5939.89,0.00278043,2.78043e-05,21985
5942.34,0.00277814,2.77814e-05,21986
5944.78,0.00277586,2.77586e-05,21987
5947.22,0.00277359,2.77359e-05,21988
5949.65,0.00277131,2.77131e-05,21989
5952.09,0.00276905,2.76905e-05,21990
5954.52,0.00276678,2.76678e-05,21991
5956.95,0.00276452,2.76452e-05,21992
5959.38,0.00276227,2.76227e-05,21993
5961.81,0.00276002,2.76002e-05,21994
5964.24,0.00275778,2.75778e-05,21995
5966.66,0.00275553,2.75553e-05,21996
5969.09,0.0027533,2.7533e-05,21997
5971.51,0.00275107,2.75107e-05,21998
5973.93,0.00274884,2.74884e-05,21999
5976.34,0.00274662,2.74662e-05,22000
5978.76,0.0027444,2.7444e-05,22001
5981.17,0.00274218,2.74218e-05,22002
5983.58,0.00273997,2.73997e-05,22003
5985.99,0.00273777,2.73777e-05,22004
5988.4,0.00273557,2.73557e-05,22005
5990.81,0.00273337,2.73337e-05,22006
5993.21,0.00273118,2.73118e-05,22007
5995.62,0.00272899,2.72899e-05,22008
5998.02,0.0027268,2.7268e-05,22009
6000.42,0.00272462,2.72462e-05,22010
6002.81,0.00272245,2.72245e-05,22011
6005.21,0.00272028,2.72028e-05,22012
6007.6,0.00271811,2.71811e-05,22013
6009.99,0.00271595,2.71595e-05,22014
6012.38,0.00271379,2.71379e-05,22015
6014.77,0.00271163,2.71163e-05,22016
6017.16,0.00270948,2.70948e-05,22017
6019.54,0.00270733,2.70733e-05,22018
6021.93,0.00270519,2.70519e-05,22019
6024.31,0.00270306,2.70306e-05,22020
6026.69,0.00270092,2.70092e-05,22021
6029.06,0.00269879,2.69879e-05,22022
6031.44,0.00269667,2.69667e-05,22023
6033.81,0.00269455,2.69455e-05,22024
6036.18,0.00269243,2.69243e-05,22025
6038.55,0.00269032,2.69032e-05,22026
6040.92,0.00268821,2.68821e-05,22027
6043.29,0.0026861,2.6861e-05,22028
6045.65,0.002684,2.684e-05,22029
6048.02,0.0026819,2.6819e-05,22030
6050.38,0.00267981,2.67981e-05,22031
6052.74,0.00267772,2.67772e-05,22032
6055.09,0.00267564,2.67564e-05,22033
6057.45,0.00267356,2.67356e-05,22034
6059.8,0.00267148,2.67148e-05,22035
6062.16,0.00266941,2.66941e-05,22036
6064.51,0.00266734,2.66734e-05,22037
6066.86,0.00266527,2.66527e-05,22038
6069.2,0.00266321,2.66321e-05,22039
6071.55,0.00266115,2.66115e-05,22040
6073.89,0.0026591,2.6591e-05,22041
6076.23,0.00265705,2.65705e-05,22042
6078.57,0.00265501,2.65501e-05,22043
6080.91,0.00265297,2.65297e-05,22044
6083.25,0.00265093,2.65093e-05,22045
6085.58,0.0026489,2.6489e-05,22046
6087.91,0.00264687,2.64687e-05,22047
6090.24,0.00264484,2.64484e-05,22048
6092.57,0.00264282,2.64282e-05,22049
6094.9,0.0026408,2.6408e-05,22050
6097.23,0.00263879,2.63879e-05,22051
6099.55,0.00263678,2.63678e-05,22052
6101.87,0.00263477,2.63477e-05,22053
6104.19,0.00263277,2.63277e-05,22054
6106.51,0.00263077,2.63077e-05,22055
6108.83,0.00262878,2.62878e-05,22056
6111.14,0.00262678,2.62678e-05,22057
6113.45,0.0026248,2.6248e-05,22058
6115.76,0.00262281,2.62281e-05,22059
6118.07,0.00262083,2.62083e-05,22060
6120.38,0.00261886,2.61886e-05,22061
6122.69,0.00261689,2.61689e-05,22062
6124.99,0.00261492,2.61492e-05,22063
6127.29,0.00261295,2.61295e-05,22064
6129.59,0.00261099,2.61099e-05,22065
6131.89,0.00260903,2.60903e-05,22066
6134.19,0.00260708,2.60708e-05,22067
6136.49,0.00260513,2.60513e-05,22068
6138.78,0.00260318,2.60318e-05,22069
6141.07,0.00260124,2.60124e-05,22070
6143.36,0.0025993,2.5993e-05,22071
6145.65,0.00259737,2.59737e-05,22072
6147.94,0.00259543,2.59543e-05,22073
6150.22,0.00259351,2.59351e-05,22074
6152.51,0.00259158,2.59158e-05,22075
6154.79,0.00258966,2.58966e-05,22076
6157.07,0.00258774,2.58774e-05,22077
6159.35,0.00258583,2.58583e-05,22078
6161.62,0.00258392,2.58392e-05,22079
6163.9,0.00258201,2.58201e-05,22080
6166.17,0.00258011,2.58011e-05,22081
6168.44,0.00257821,2.57821e-05,22082
6170.71,0.00257631,2.57631e-05,22083
6172.98,0.00257442,2.57442e-05,22084
6175.24,0.00257253,2.57253e-05,22085
6177.51,0.00257065,2.57065e-05,22086
6179.77,0.00256877,2.56877e-05,22087
6182.03,0.00256689,2.56689e-05,22088
6184.29,0.00256501,2.56501e-05,22089
6186.55,0.00256314,2.56314e-05,22090
6188.8,0.00256127,2.56127e-05,22091
6191.06,0.00255941,2.55941e-05,22092
6193.31,0.00255755,2.55755e-05,22093
6195.56,0.00255569,2.55569e-05,22094
6197.81,0.00255384,2.55384e-05,22095
6200.05,0.00255199,2.55199e-05,22096
6202.3,0.00255014,2.55014e-05,22097
6204.54,0.0025483,2.5483e-05,22098
6206.78,0.00254645,2.54645e-05,22099
6209.02,0.00254462,2.54462e-05,22100
6211.26,0.00254278,2.54278e-05,22101
6213.5,0.00254095,2.54095e-05,22102
6215.73,0.00253913,2.53913e-05,22103
6217.96,0.0025373,2.5373e-05,22104
6220.19,0.00253548,2.53548e-05,22105
6222.42,0.00253367,2.53367e-05,22106
6224.65,0.00253185,2.53186e-05,22107
6226.88,0.00253004,2.53004e-05,22108
6229.1,0.00252824,2.52824e-05,22109
6231.33,0.00252644,2.52644e-05,22110
6233.55,0.00252464,2.52464e-05,22111
6235.77,0.00252284,2.52284e-05,22112
6237.98,0.00252105,2.52105e-05,22113
6240.2,0.00251926,2.51926e-05,22114
6242.41,0.00251747,2.51747e-05,22115
6244.62,0.00251569,2.51569e-05,22116
6246.84,0.00251391,2.51391e-05,22117
6249.04,0.00251213,2.51213e-05,22118
6251.25,0.00251035,2.51035e-05,22119
6253.46,0.00250858,2.50858e-05,22120
6255.66,0.00250682,2.50682e-05,22121
6257.86,0.00250505,2.50505e-05,22122
6260.06,0.00250329,2.50329e-05,22123
6262.26,0.00250153,2.50153e-05,22124
6264.46,0.00249978,2.49978e-05,22125
6266.65,0.00249803,2.49803e-05,22126
6268.85,0.00249628,2.49628e-05,22127
6271.04,0.00249454,2.49454e-05,22128
6273.23,0.0024928,2.4928e-05,22129
6275.42,0.00249106,2.49106e-05,22130
6277.61,0.00248932,2.48932e-05,22131
6279.79,0.00248759,2.48759e-05,22132
6281.97,0.00248586,2.48586e-05,22133
6284.16,0.00248413,2.48413e-05,22134
6286.34,0.00248241,2.48241e-05,22135
6288.51,0.00248069,2.48069e-05,22136
6290.69,0.00247898,2.47898e-05,22137
6292.87,0.00247726,2.47726e-05,22138
6295.04,0.00247555,2.47555e-05,22139
6297.21,0.00247385,2.47385e-05,22140
6299.38,0.00247214,2.47214e-05,22141
6301.55,0.00247044,2.47044e-05,22142
6303.71,0.00246874,2.46874e-05,22143
6305.88,0.00246705,2.46705e-05,22144
6308.04,0.00246536,2.46536e-05,22145
6310.2,0.00246367,2.46367e-05,22146
6312.36,0.00246198,2.46198e-05,22147
6314.52,0.0024603,2.4603e-05,22148
6316.68,0.00245862,2.45862e-05,22149
6318.83,0.00245694,2.45694e-05,22150
6320.99,0.00245527,2.45527e-05,22151
6323.14,0.0024536,2.4536e-05,22152
6325.29,0.00245193,2.45193e-05,22153
6327.44,0.00245027,2.45027e-05,22154
6329.58,0.00244861,2.44861e-05,22155
6331.73,0.00244695,2.44695e-05,22156
6333.87,0.00244529,2.44529e-05,22157
6336.01,0.00244364,2.44364e-05,22158
6338.15,0.00244199,2.44199e-05,22159
6340.29,0.00244034,2.44034e-05,22160
6342.42,0.0024387,2.4387e-05,22161
6344.56,0.00243706,2.43706e-05,22162
6346.69,0.00243542,2.43542e-05,22163
6348.82,0.00243379,2.43379e-05,22164
6350.95,0.00243215,2.43215e-05,22165
6353.08,0.00243053,2.43053e-05,22166
6355.21,0.0024289,2.4289e-05,22167
6357.33,0.00242728,2.42728e-05,22168
6359.46,0.00242566,2.42566e-05,22169
6361.58,0.00242404,2.42404e-05,22170
6363.7,0.00242242,2.42242e-05,22171
6365.81,0.00242081,2.42081e-05,22172
6367.93,0.0024192,2.4192e-05,22173
6370.05,0.0024176,2.4176e-05,22174
6372.16,0.00241599,2.41599e-05,22175
6374.27,0.00241439,2.41439e-05,22176
6376.38,0.0024128,2.4128e-05,22177
6378.49,0.0024112,2.4112e-05,22178
6380.59,0.00240961,2.40961e-05,22179
6382.7,0.00240802,2.40802e-05,22180
6384.8,0.00240644,2.40644e-05,22181
6386.9,0.00240485,2.40485e-05,22182
6389,0.00240327,2.40327e-05,22183
6391.1,0.00240169,2.40169e-05,22184
6393.2,0.00240012,2.40012e-05,22185
6395.29,0.00239855,2.39855e-05,22186
6397.39,0.00239698,2.39698e-05,22187
6399.48,0.00239541,2.39541e-05,22188
6401.57,0.00239385,2.39385e-05,22189
6403.65,0.00239229,2.39229e-05,22190
6405.74,0.00239073,2.39073e-05,22191
6407.83,0.00238917,2.38917e-05,22192
6409.91,0.00238762,2.38762e-05,22193
6411.99,0.00238607,2.38607e-05,22194
6414.07,0.00238452,2.38452e-05,22195
6416.15,0.00238298,2.38298e-05,22196
6418.23,0.00238144,2.38144e-05,22197
6420.3,0.0023799,2.3799e-05,22198
6422.37,0.00237836,2.37836e-05,22199
6424.45,0.00237683,2.37683e-05,22200
6426.52,0.0023753,2.3753e-05,22201
6428.58,0.00237377,2.37377e-05,22202
6430.65,0.00237224,2.37224e-05,22203
6432.72,0.00237072,2.37072e-05,22204
6434.78,0.0023692,2.3692e-05,22205
6436.84,0.00236768,2.36768e-05,22206
6438.9,0.00236617,2.36617e-05,22207
6440.96,0.00236465,2.36465e-05,22208
6443.02,0.00236314,2.36314e-05,22209
6445.07,0.00236164,2.36164e-05,22210
6447.13,0.00236013,2.36013e-05,22211
6449.18,0.00235863,2.35863e-05,22212
6451.23,0.00235713,2.35713e-05,22213
6453.28,0.00235564,2.35564e-05,22214
6455.33,0.00235414,2.35414e-05,22215
6457.37,0.00235265,2.35265e-05,22216
6459.42,0.00235116,2.35116e-05,22217
6461.46,0.00234968,2.34968e-05,22218
6463.5,0.00234819,2.34819e-05,22219
6465.54,0.00234671,2.34671e-05,22220
6467.58,0.00234523,2.34523e-05,22221
6469.61,0.00234376,2.34376e-05,22222
6471.65,0.00234228,2.34228e-05,22223
6473.68,0.00234081,2.34081e-05,22224
6475.71,0.00233934,2.33934e-05,22225
6477.74,0.00233788,2.33788e-05,22226
6479.77,0.00233642,2.33642e-05,22227
6481.79,0.00233496,2.33496e-05,22228
6483.82,0.0023335,2.3335e-05,22229
6485.84,0.00233204,2.33204e-05,22230
6487.86,0.00233059,2.33059e-05,22231
6489.88,0.00232914,2.32914e-05,22232
6491.9,0.00232769,2.32769e-05,22233
6493.92,0.00232625,2.32625e-05,22234
6495.93,0.0023248,2.3248e-05,22235
6497.95,0.00232336,2.32336e-05,22236
6499.96,0.00232192,2.32192e-05,22237
6501.97,0.00232049,2.32049e-05,22238
6503.98,0.00231906,2.31906e-05,22239
6505.98,0.00231762,2.31762e-05,22240
6507.99,0.0023162,2.3162e-05,22241
6509.99,0.00231477,2.31477e-05,22242
6511.99,0.00231335,2.31335e-05,22243
6514,0.00231193,2.31193e-05,22244
6515.99,0.00231051,2.31051e-05,22245
6517.99,0.00230909,2.30909e-05,22246
6519.99,0.00230768,2.30768e-05,22247
6521.98,0.00230627,2.30627e-05,22248
6523.97,0.00230486,2.30486e-05,22249
6525.96,0.00230345,2.30345e-05,22250
6527.95,0.00230205,2.30205e-05,22251
6529.94,0.00230065,2.30065e-05,22252
6531.93,0.00229925,2.29925e-05,22253
6533.91,0.00229785,2.29785e-05,22254
6535.9,0.00229646,2.29646e-05,22255
6537.88,0.00229507,2.29507e-05,22256
6539.86,0.00229368,2.29368e-05,22257
6541.83,0.00229229,2.29229e-05,22258
6543.81,0.00229091,2.29091e-05,22259
6545.79,0.00228953,2.28953e-05,22260
6547.76,0.00228815,2.28815e-05,22261
6549.73,0.00228677,2.28677e-05,22262
6551.7,0.00228539,2.28539e-05,22263
6553.67,0.00228402,2.28402e-05,22264
6555.64,0.00228265,2.28265e-05,22265
6557.6,0.00228128,2.28128e-05,22266
6559.57,0.00227992,2.27992e-05,22267
6561.53,0.00227855,2.27855e-05,22268
6563.49,0.00227719,2.27719e-05,22269
6565.45,0.00227583,2.27583e-05,22270
6567.41,0.00227448,2.27448e-05,22271
6569.36,0.00227312,2.27312e-05,22272
6571.32,0.00227177,2.27177e-05,22273
6573.27,0.00227042,2.27042e-05,22274
6575.22,0.00226907,2.26907e-05,22275
6577.17,0.00226773,2.26773e-05,22276
6579.12,0.00226638,2.26638e-05,22277
6581.06,0.00226504,2.26504e-05,22278
6583.01,0.00226371,2.26371e-05,22279
6584.95,0.00226237,2.26237e-05,22280
6586.9,0.00226104,2.26104e-05,22281
6588.84,0.0022597,2.2597e-05,22282
6590.77,0.00225838,2.25838e-05,22283
6592.71,0.00225705,2.25705e-05,22284
6594.65,0.00225572,2.25572e-05,22285
6596.58,0.0022544,2.2544e-05,22286
6598.51,0.00225308,2.25308e-05,22287
6600.44,0.00225176,2.25176e-05,22288
6602.37,0.00225045,2.25045e-05,22289
6604.3,0.00224913,2.24913e-05,22290
6606.23,0.00224782,2.24782e-05,22291
6608.15,0.00224651,2.24651e-05,22292
6610.07,0.00224521,2.24521e-05,22293
6611.99,0.0022439,2.2439e-05,22294
6613.91,0.0022426,2.2426e-05,22295
6615.83,0.0022413,2.2413e-05,22296
6617.75,0.00224,2.24e-05,22297
6619.66,0.00223871,2.23871e-05,22298
6621.58,0.00223741,2.23741e-05,22299
6623.49,0.00223612,2.23612e-05,22300
6625.4,0.00223483,2.23483e-05,22301
6627.31,0.00223354,2.23354e-05,22302
6629.22,0.00223226,2.23226e-05,22303
6631.12,0.00223098,2.23098e-05,22304
6633.03,0.0022297,2.2297e-05,22305
6634.93,0.00222842,2.22842e-05,22306
6636.83,0.00222714,2.22714e-05,22307
6638.73,0.00222587,2.22587e-05,22308
6640.63,0.00222459,2.22459e-05,22309
6642.52,0.00222332,2.22332e-05,22310
6644.42,0.00222206,2.22206e-05,22311
6646.31,0.00222079,2.22079e-05,22312
6648.2,0.00221953,2.21953e-05,22313
6650.09,0.00221827,2.21827e-05,22314
6651.98,0.00221701,2.21701e-05,22315
6653.87,0.00221575,2.21575e-05,22316
6655.75,0.00221449,2.21449e-05,22317
6657.64,0.00221324,2.21324e-05,22318
6659.52,0.00221199,2.21199e-05,22319
6661.4,0.00221074,2.21074e-05,22320
6663.28,0.00220949,2.20949e-05,22321
6665.16,0.00220825,2.20825e-05,22322
6667.03,0.00220701,2.20701e-05,22323
6668.91,0.00220577,2.20577e-05,22324
6670.78,0.00220453,2.20453e-05,22325
6672.65,0.00220329,2.20329e-05,22326
6674.52,0.00220206,2.20206e-05,22327
6676.39,0.00220082,2.20082e-05,22328
6678.26,0.00219959,2.19959e-05,22329
6680.12,0.00219837,2.19837e-05,22330
6681.99,0.00219714,2.19714e-05,22331
6683.85,0.00219592,2.19592e-05,22332
6685.71,0.00219469,2.19469e-05,22333
6687.57,0.00219347,2.19347e-05,22334
6689.43,0.00219225,2.19225e-05,22335
6691.28,0.00219104,2.19104e-05,22336
6693.14,0.00218982,2.18982e-05,22337
6694.99,0.00218861,2.18861e-05,22338
6696.84,0.0021874,2.1874e-05,22339
6698.69,0.00218619,2.18619e-05,22340
6700.54,0.00218499,2.18499e-05,22341
6702.39,0.00218378,2.18378e-05,22342
6704.23,0.00218258,2.18258e-05,22343
6706.08,0.00218138,2.18138e-05,22344
6707.92,0.00218018,2.18018e-05,22345
6709.76,0.00217899,2.17899e-05,22346
6711.6,0.00217779,2.17779e-05,22347
6713.44,0.0021766,2.1766e-05,22348
6715.27,0.00217541,2.17541e-05,22349
6717.11,0.00217422,2.17422e-05,22350
6718.94,0.00217304,2.17304e-05,22351
6720.77,0.00217185,2.17185e-05,22352
6722.6,0.00217067,2.17067e-05,22353
6724.43,0.00216949,2.16949e-05,22354
6726.26,0.00216831,2.16831e-05,22355
6728.09,0.00216714,2.16714e-05,22356
6729.91,0.00216596,2.16596e-05,22357
6731.73,0.00216479,2.16479e-05,22358
6733.55,0.00216362,2.16362e-05,22359
6735.37,0.00216245,2.16245e-05,22360
6737.19,0.00216128,2.16128e-05,22361
6739.01,0.00216012,2.16012e-05,22362
6740.82,0.00215895,2.15895e-05,22363
6742.64,0.00215779,2.15779e-05,22364
6744.45,0.00215663,2.15663e-05,22365
6746.26,0.00215548,2.15548e-05,22366
6748.07,0.00215432,2.15432e-05,22367
6749.87,0.00215317,2.15317e-05,22368
6751.68,0.00215202,2.15202e-05,22369
6753.48,0.00215087,2.15087e-05,22370
6755.29,0.00214972,2.14972e-05,22371
6757.09,0.00214857,2.14857e-05,22372
6758.89,0.00214743,2.14743e-05,22373
6760.68,0.00214629,2.14629e-05,22374
6762.48,0.00214515,2.14515e-05,22375
6764.28,0.00214401,2.14401e-05,22376
6766.07,0.00214287,2.14287e-05,22377
6767.86,0.00214174,2.14174e-05,22378
6769.65,0.0021406,2.1406e-05,22379
6771.44,0.00213947,2.13947e-05,22380
6773.23,0.00213834,2.13834e-05,22381
6775.02,0.00213722,2.13722e-05,22382
6776.8,0.00213609,2.13609e-05,22383
6778.58,0.00213497,2.13497e-05,22384
6780.37,0.00213385,2.13384e-05,22385
6782.15,0.00213272,2.13273e-05,22386
6783.92,0.00213161,2.13161e-05,22387
6785.7,0.00213049,2.13049e-05,22388
6787.48,0.00212938,2.12938e-05,22389
6789.25,0.00212826,2.12826e-05,22390
6791.02,0.00212715,2.12715e-05,22391
6792.79,0.00212604,2.12604e-05,22392
6794.56,0.00212494,2.12494e-05,22393
6796.33,0.00212383,2.12383e-05,22394
6798.1,0.00212273,2.12273e-05,22395
6799.86,0.00212162,2.12162e-05,22396
6801.63,0.00212052,2.12052e-05,22397
6803.39,0.00211943,2.11943e-05,22398
6805.15,0.00211833,2.11833e-05,22399
6806.91,0.00211724,2.11724e-05,22400
6808.67,0.00211614,2.11614e-05,22401
6810.42,0.00211505,2.11505e-05,22402
6812.18,0.00211396,2.11396e-05,22403
6813.93,0.00211287,2.11287e-05,22404
6815.68,0.00211179,2.11179e-05,22405
6817.43,0.0021107,2.1107e-05,22406
6819.18,0.00210962,2.10962e-05,22407
6820.93,0.00210854,2.10854e-05,22408
6822.67,0.00210746,2.10746e-05,22409
6824.42,0.00210639,2.10639e-05,22410
6826.16,0.00210531,2.10531e-05,22411
6827.9,0.00210424,2.10424e-05,22412
6829.64,0.00210316,2.10316e-05,22413
6831.38,0.00210209,2.10209e-05,22414
6833.12,0.00210103,2.10103e-05,22415
6834.85,0.00209996,2.09996e-05,22416
6836.59,0.00209889,2.09889e-05,22417
6838.32,0.00209783,2.09783e-05,22418
6840.05,0.00209677,2.09677e-05,22419
6841.78,0.00209571,2.09571e-05,22420
6843.51,0.00209465,2.09465e-05,22421
6845.23,0.0020936,2.0936e-05,22422
6846.96,0.00209254,2.09254e-05,22423
6848.68,0.00209149,2.09149e-05,22424
6850.4,0.00209044,2.09044e-05,22425
6852.12,0.00208939,2.08939e-05,22426
6853.84,0.00208834,2.08834e-05,22427
6855.56,0.00208729,2.08729e-05,22428
6857.27,0.00208625,2.08625e-05,22429
6858.99,0.00208521,2.08521e-05,22430
6860.7,0.00208417,2.08416e-05,22431
6862.41,0.00208313,2.08313e-05,22432
6864.12,0.00208209,2.08209e-05,22433
6865.83,0.00208105,2.08105e-05,22434
6867.54,0.00208002,2.08002e-05,22435
6869.24,0.00207898,2.07898e-05,22436
6870.95,0.00207795,2.07795e-05,22437
6872.65,0.00207692,2.07692e-05,22438
6874.35,0.0020759,2.0759e-05,22439
6876.05,0.00207487,2.07487e-05,22440
6877.75,0.00207385,2.07385e-05,22441
6879.45,0.00207282,2.07282e-05,22442
6881.14,0.0020718,2.0718e-05,22443
6882.83,0.00207078,2.07078e-05,22444
6884.53,0.00206976,2.06976e-05,22445
6886.22,0.00206875,2.06875e-05,22446
6887.91,0.00206773,2.06773e-05,22447
6889.59,0.00206672,2.06672e-05,22448
6891.28,0.00206571,2.06571e-05,22449
6892.97,0.0020647,2.0647e-05,22450
6894.65,0.00206369,2.06369e-05,22451
6896.33,0.00206268,2.06268e-05,22452
6898.01,0.00206168,2.06168e-05,22453
6899.69,0.00206068,2.06068e-05,22454
6901.37,0.00205967,2.05967e-05,22455
6903.04,0.00205867,2.05867e-05,22456
6904.72,0.00205768,2.05768e-05,22457
6906.39,0.00205668,2.05668e-05,22458
6908.06,0.00205568,2.05568e-05,22459
6909.74,0.00205469,2.05469e-05,22460
6911.4,0.0020537,2.0537e-05,22461
6913.07,0.00205271,2.05271e-05,22462
6914.74,0.00205172,2.05172e-05,22463
6916.4,0.00205073,2.05073e-05,22464
6918.07,0.00204974,2.04974e-05,22465
6919.73,0.00204876,2.04876e-05,22466
6921.39,0.00204778,2.04778e-05,22467
6923.05,0.0020468,2.0468e-05,22468
6924.7,0.00204582,2.04582e-05,22469
6926.36,0.00204484,2.04484e-05,22470
6928.01,0.00204386,2.04386e-05,22471
6929.67,0.00204289,2.04289e-05,22472
6931.32,0.00204191,2.04191e-05,22473
6932.97,0.00204094,2.04094e-05,22474
6934.62,0.00203997,2.03997e-05,22475
6936.26,0.002039,2.039e-05,22476
6937.91,0.00203804,2.03804e-05,22477
6939.55,0.00203707,2.03707e-05,22478
6941.19,0.00203611,2.03611e-05,22479
6942.84,0.00203514,2.03514e-05,22480
6944.48,0.00203418,2.03418e-05,22481
6946.11,0.00203322,2.03322e-05,22482
6947.75,0.00203227,2.03227e-05,22483
6949.39,0.00203131,2.03131e-05,22484
6951.02,0.00203036,2.03036e-05,22485
6952.65,0.0020294,2.0294e-05,22486
6954.28,0.00202845,2.02845e-05,22487
6955.91,0.0020275,2.0275e-05,22488
6957.54,0.00202655,2.02655e-05,22489
6959.17,0.0020256,2.0256e-05,22490
6960.79,0.00202466,2.02466e-05,22491
6962.42,0.00202371,2.02371e-05,22492
6964.04,0.00202277,2.02277e-05,22493
6965.66,0.00202183,2.02183e-05,22494
6967.28,0.00202089,2.02089e-05,22495
6968.9,0.00201995,2.01995e-05,22496
6970.51,0.00201901,2.01901e-05,22497
6972.13,0.00201808,2.01808e-05,22498
6973.74,0.00201714,2.01714e-05,22499
6975.36,0.00201621,2.01621e-05,22500
6976.97,0.00201528,2.01528e-05,22501
6978.58,0.00201435,2.01435e-05,22502
6980.18,0.00201342,2.01342e-05,22503
6981.79,0.0020125,2.0125e-05,22504
6983.4,0.00201157,2.01157e-05,22505
6985,0.00201065,2.01065e-05,22506
6986.6,0.00200973,2.00973e-05,22507
6988.2,0.00200881,2.00881e-05,22508
6989.8,0.00200789,2.00789e-05,22509
6991.4,0.00200697,2.00697e-05,22510
6993,0.00200605,2.00605e-05,22511
6994.59,0.00200514,2.00514e-05,22512
6996.19,0.00200422,2.00422e-05,22513
6997.78,0.00200331,2.00331e-05,22514
6999.37,0.0020024,2.0024e-05,22515
7000.96,0.00200149,2.00149e-05,22516
7002.55,0.00200059,2.00059e-05,22517
7004.13,0.00199968,1.99968e-05,22518
7005.72,0.00199877,1.99877e-05,22519
7007.3,0.00199787,1.99787e-05,22520
7008.88,0.00199697,1.99697e-05,22521
7010.46,0.00199607,1.99607e-05,22522
7012.04,0.00199517,1.99517e-05,22523
7013.62,0.00199427,1.99427e-05,22524
7015.2,0.00199338,1.99338e-05,22525
7016.77,0.00199248,1.99248e-05,22526
7018.35,0.00199159,1.99159e-05,22527
7019.92,0.0019907,1.9907e-05,22528
7021.49,0.00198981,1.98981e-05,22529
7023.06,0.00198892,1.98892e-05,22530
7024.63,0.00198803,1.98803e-05,22531
7026.19,0.00198714,1.98714e-05,22532
7027.76,0.00198626,1.98626e-05,22533
7029.32,0.00198537,1.98537e-05,22534
7030.88,0.00198449,1.98449e-05,22535
7032.44,0.00198361,1.98361e-05,22536
7034,0.00198273,1.98273e-05,22537
7035.56,0.00198185,1.98185e-05,22538
7037.12,0.00198098,1.98098e-05,22539
7038.67,0.0019801,1.9801e-05,22540
7040.23,0.00197923,1.97923e-05,22541
7041.78,0.00197836,1.97836e-05,22542
7043.33,0.00197748,1.97748e-05,22543
7044.88,0.00197661,1.97661e-05,22544
7046.43,0.00197575,1.97575e-05,22545
7047.97,0.00197488,1.97488e-05,22546
7049.52,0.00197401,1.97401e-05,22547
7051.06,0.00197315,1.97315e-05,22548
7052.61,0.00197229,1.97229e-05,22549
7054.15,0.00197142,1.97142e-05,22550
7055.69,0.00197056,1.97056e-05,22551
7057.22,0.00196971,1.96971e-05,22552
7058.76,0.00196885,1.96885e-05,22553
7060.3,0.00196799,1.96799e-05,22554
7061.83,0.00196714,1.96714e-05,22555
7063.36,0.00196628,1.96628e-05,22556
7064.89,0.00196543,1.96543e-05,22557
7066.42,0.00196458,1.96458e-05,22558
7067.95,0.00196373,1.96373e-05,22559
7069.48,0.00196288,1.96288e-05,22560
7071,0.00196204,1.96204e-05,22561
7072.53,0.00196119,1.96119e-05,22562
7074.05,0.00196035,1.96035e-05,22563
7075.57,0.0019595,1.9595e-05,22564
7077.09,0.00195866,1.95866e-05,22565
7078.61,0.00195782,1.95782e-05,22566
7080.13,0.00195698,1.95698e-05,22567
7081.64,0.00195615,1.95615e-05,22568
7083.16,0.00195531,1.95531e-05,22569
7084.67,0.00195447,1.95447e-05,22570
7086.18,0.00195364,1.95364e-05,22571
7087.69,0.00195281,1.95281e-05,22572
7089.2,0.00195198,1.95198e-05,22573
7090.7,0.00195115,1.95115e-05,22574
7092.21,0.00195032,1.95032e-05,22575
7093.72,0.00194949,1.94949e-05,22576
7095.22,0.00194867,1.94867e-05,22577
7096.72,0.00194784,1.94784e-05,22578
7098.22,0.00194702,1.94702e-05,22579
7099.72,0.0019462,1.9462e-05,22580
7101.22,0.00194538,1.94538e-05,22581
7102.71,0.00194456,1.94456e-05,22582
7104.21,0.00194374,1.94374e-05,22583
7105.7,0.00194292,1.94292e-05,22584
7107.19,0.00194211,1.94211e-05,22585
7108.68,0.00194129,1.94129e-05,22586
7110.17,0.00194048,1.94048e-05,22587
7111.66,0.00193967,1.93967e-05,22588
7113.14,0.00193886,1.93886e-05,22589
7114.63,0.00193805,1.93805e-05,22590
7116.11,0.00193724,1.93724e-05,22591
7117.59,0.00193643,1.93643e-05,22592
7119.07,0.00193563,1.93563e-05,22593
7120.55,0.00193482,1.93482e-05,22594
7122.03,0.00193402,1.93402e-05,22595
7123.51,0.00193322,1.93322e-05,22596
7124.98,0.00193242,1.93242e-05,22597
7126.46,0.00193162,1.93162e-05,22598
7127.93,0.00193082,1.93082e-05,22599
7129.4,0.00193003,1.93003e-05,22600
7130.87,0.00192923,1.92923e-05,22601
7132.34,0.00192844,1.92844e-05,22602
7133.8,0.00192764,1.92764e-05,22603
7135.27,0.00192685,1.92685e-05,22604
7136.73,0.00192606,1.92606e-05,22605
7138.19,0.00192527,1.92527e-05,22606
7139.66,0.00192449,1.92449e-05,22607
7141.11,0.0019237,1.9237e-05,22608
7142.57,0.00192291,1.92291e-05,22609
7144.03,0.00192213,1.92213e-05,22610
7145.49,0.00192135,1.92135e-05,22611
7146.94,0.00192056,1.92056e-05,22612
7148.39,0.00191978,1.91978e-05,22613
7149.84,0.001919,1.919e-05,22614
7151.29,0.00191823,1.91823e-05,22615
7152.74,0.00191745,1.91745e-05,22616
7154.19,0.00191667,1.91667e-05,22617
7155.64,0.0019159,1.9159e-05,22618
7157.08,0.00191513,1.91513e-05,22619
7158.52,0.00191435,1.91435e-05,22620
7159.96,0.00191358,1.91358e-05,22621
7161.41,0.00191281,1.91281e-05,22622
7162.84,0.00191204,1.91204e-05,22623
7164.28,0.00191128,1.91128e-05,22624
7165.72,0.00191051,1.91051e-05,22625
7167.15,0.00190975,1.90975e-05,22626
7168.59,0.00190898,1.90898e-05,22627
7170.02,0.00190822,1.90822e-05,22628
7171.45,0.00190746,1.90746e-05,22629
7172.88,0.0019067,1.9067e-05,22630
7174.31,0.00190594,1.90594e-05,22631
7175.73,0.00190518,1.90518e-05,22632
7177.16,0.00190443,1.90443e-05,22633
7178.58,0.00190367,1.90367e-05,22634
7180.01,0.00190292,1.90292e-05,22635
7181.43,0.00190216,1.90216e-05,22636
7182.85,0.00190141,1.90141e-05,22637
7184.26,0.00190066,1.90066e-05,22638
7185.68,0.00189991,1.89991e-05,22639
7187.1,0.00189916,1.89916e-05,22640
7188.51,0.00189842,1.89842e-05,22641
7189.92,0.00189767,1.89767e-05,22642
7191.33,0.00189692,1.89692e-05,22643
7192.74,0.00189618,1.89618e-05,22644
7194.15,0.00189544,1.89544e-05,22645
7195.56,0.0018947,1.8947e-05,22646
7196.97,0.00189396,1.89396e-05,22647
7198.37,0.00189322,1.89322e-05,22648
7199.77,0.00189248,1.89248e-05,22649
7201.18,0.00189174,1.89174e-05,22650
7202.58,0.00189101,1.89101e-05,22651
7203.98,0.00189027,1.89027e-05,22652
7205.37,0.00188954,1.88954e-05,22653
7206.77,0.00188881,1.88881e-05,22654
7208.16,0.00188808,1.88808e-05,22655
7209.56,0.00188735,1.88735e-05,22656
7210.95,0.00188662,1.88662e-05,22657
7212.34,0.00188589,1.88589e-05,22658
7213.73,0.00188516,1.88516e-05,22659
7215.12,0.00188444,1.88444e-05,22660
7216.5,0.00188372,1.88372e-05,22661
7217.89,0.00188299,1.88299e-05,22662
7219.27,0.00188227,1.88227e-05,22663
7220.66,0.00188155,1.88155e-05,22664
7222.04,0.00188083,1.88083e-05,22665
7223.42,0.00188011,1.88011e-05,22666
7224.8,0.00187939,1.87939e-05,22667
7226.17,0.00187868,1.87868e-05,22668
7227.55,0.00187796,1.87796e-05,22669
7228.92,0.00187725,1.87725e-05,22670
7230.3,0.00187654,1.87654e-05,22671
7231.67,0.00187582,1.87582e-05,22672
7233.04,0.00187511,1.87511e-05,22673
7234.41,0.0018744,1.8744e-05,22674
7235.78,0.00187369,1.87369e-05,22675
7237.14,0.00187299,1.87299e-05,22676
7238.51,0.00187228,1.87228e-05,22677
7239.87,0.00187158,1.87158e-05,22678
7241.23,0.00187087,1.87087e-05,22679
7242.59,0.00187017,1.87017e-05,22680
7243.95,0.00186947,1.86947e-05,22681
7245.31,0.00186877,1.86877e-05,22682
7246.67,0.00186807,1.86807e-05,22683
7248.03,0.00186737,1.86737e-05,22684
7249.38,0.00186667,1.86667e-05,22685
7250.73,0.00186597,1.86597e-05,22686
7252.08,0.00186528,1.86528e-05,22687
7253.43,0.00186458,1.86458e-05,22688
7254.78,0.00186389,1.86389e-05,22689
7256.13,0.0018632,1.8632e-05,22690
7257.48,0.00186251,1.86251e-05,22691
7258.82,0.00186182,1.86182e-05,22692
7260.16,0.00186113,1.86113e-05,22693
7261.5,0.00186044,1.86044e-05,22694
7262.85,0.00185975,1.85975e-05,22695
7264.18,0.00185907,1.85907e-05,22696
7265.52,0.00185838,1.85838e-05,22697
7266.86,0.0018577,1.8577e-05,22698
7268.2,0.00185702,1.85702e-05,22699
7269.53,0.00185634,1.85634e-05,22700
7270.86,0.00185565,1.85565e-05,22701
7272.19,0.00185498,1.85498e-05,22702
7273.52,0.0018543,1.8543e-05,22703
7274.85,0.00185362,1.85362e-05,22704
7276.18,0.00185294,1.85294e-05,22705
7277.5,0.00185227,1.85227e-05,22706
7278.83,0.0018516,1.8516e-05,22707
7280.15,0.00185092,1.85092e-05,22708
7281.47,0.00185025,1.85025e-05,22709
7282.79,0.00184958,1.84958e-05,22710
7284.11,0.00184891,1.84891e-05,22711
7285.43,0.00184824,1.84824e-05,22712
7286.75,0.00184757,1.84757e-05,22713
7288.06,0.00184691,1.84691e-05,22714
7289.38,0.00184624,1.84624e-05,22715
7290.69,0.00184558,1.84558e-05,22716
7292,0.00184491,1.84491e-05,22717
7293.31,0.00184425,1.84425e-05,22718
7294.62,0.00184359,1.84359e-05,22719
7295.93,0.00184293,1.84293e-05,22720
7297.23,0.00184227,1.84227e-05,22721
7298.53,0.00184161,1.84161e-05,22722
7299.84,0.00184095,1.84095e-05,22723
7301.14,0.0018403,1.8403e-05,22724
7302.44,0.00183964,1.83964e-05,22725
7303.74,0.00183899,1.83899e-05,22726
7305.04,0.00183833,1.83833e-05,22727
7306.33,0.00183768,1.83768e-05,22728
7307.63,0.00183703,1.83703e-05,22729
7308.92,0.00183638,1.83638e-05,22730
7310.21,0.00183573,1.83573e-05,22731
7311.5,0.00183508,1.83508e-05,22732
7312.79,0.00183444,1.83444e-05,22733
7314.08,0.00183379,1.83379e-05,22734
7315.37,0.00183314,1.83314e-05,22735
7316.65,0.0018325,1.8325e-05,22736
7317.94,0.00183186,1.83186e-05,22737
7319.22,0.00183121,1.83121e-05,22738
7320.5,0.00183057,1.83057e-05,22739
7321.78,0.00182993,1.82993e-05,22740
7323.06,0.00182929,1.82929e-05,22741
7324.34,0.00182866,1.82866e-05,22742
7325.62,0.00182802,1.82802e-05,22743
7326.89,0.00182738,1.82738e-05,22744
7328.17,0.00182675,1.82675e-05,22745
7329.44,0.00182611,1.82611e-05,22746
7330.71,0.00182548,1.82548e-05,22747
7331.98,0.00182485,1.82485e-05,22748
7333.25,0.00182422,1.82422e-05,22749
7334.51,0.00182359,1.82359e-05,22750
7335.78,0.00182296,1.82296e-05,22751
7337.04,0.00182233,1.82233e-05,22752
7338.31,0.0018217,1.8217e-05,22753
7339.57,0.00182108,1.82108e-05,22754
7340.83,0.00182045,1.82045e-05,22755
7342.09,0.00181983,1.81983e-05,22756
7343.34,0.0018192,1.8192e-05,22757
7344.6,0.00181858,1.81858e-05,22758
7345.86,0.00181796,1.81796e-05,22759
7347.11,0.00181734,1.81734e-05,22760
7348.36,0.00181672,1.81672e-05,22761
7349.61,0.0018161,1.8161e-05,22762
7350.86,0.00181548,1.81548e-05,22763
7352.11,0.00181487,1.81487e-05,22764
7353.36,0.00181425,1.81425e-05,22765
7354.6,0.00181364,1.81364e-05,22766
7355.85,0.00181302,1.81302e-05,22767
7357.09,0.00181241,1.81241e-05,22768
7358.33,0.0018118,1.8118e-05,22769
7359.57,0.00181119,1.81119e-05,22770
7360.81,0.00181058,1.81058e-05,22771
7362.05,0.00180997,1.80997e-05,22772
7363.29,0.00180936,1.80936e-05,22773
7364.52,0.00180876,1.80876e-05,22774
7365.76,0.00180815,1.80815e-05,22775
7366.99,0.00180754,1.80754e-05,22776
7368.22,0.00180694,1.80694e-05,22777
7369.45,0.00180634,1.80634e-05,22778
7370.68,0.00180573,1.80573e-05,22779
7371.91,0.00180513,1.80513e-05,22780
7373.13,0.00180453,1.80453e-05,22781
7374.36,0.00180393,1.80393e-05,22782
7375.58,0.00180334,1.80334e-05,22783
7376.8,0.00180274,1.80274e-05,22784
7378.02,0.00180214,1.80214e-05,22785
7379.24,0.00180155,1.80155e-05,22786
7380.46,0.00180095,1.80095e-05,22787
7381.68,0.00180036,1.80036e-05,22788
7382.89,0.00179977,1.79977e-05,22789
7384.11,0.00179917,1.79917e-05,22790
7385.32,0.00179858,1.79858e-05,22791
7386.53,0.00179799,1.79799e-05,22792
7387.74,0.0017974,1.7974e-05,22793
7388.95,0.00179682,1.79682e-05,22794
7390.16,0.00179623,1.79623e-05,22795
7391.37,0.00179564,1.79564e-05,22796
7392.57,0.00179506,1.79506e-05,22797
7393.77,0.00179447,1.79447e-05,22798
7394.98,0.00179389,1.79389e-05,22799
7396.18,0.00179331,1.79331e-05,22800
7397.38,0.00179272,1.79272e-05,22801
7398.57,0.00179214,1.79214e-05,22802
7399.77,0.00179156,1.79156e-05,22803
7400.97,0.00179099,1.79099e-05,22804
7402.16,0.00179041,1.79041e-05,22805
7403.36,0.00178983,1.78983e-05,22806
7404.55,0.00178925,1.78925e-05,22807
7405.74,0.00178868,1.78868e-05,22808
7406.93,0.0017881,1.7881e-05,22809
7408.11,0.00178753,1.78753e-05,22810
7409.3,0.00178696,1.78696e-05,22811
7410.49,0.00178639,1.78639e-05,22812
7411.67,0.00178582,1.78582e-05,22813
7412.85,0.00178525,1.78525e-05,22814
7414.03,0.00178468,1.78468e-05,22815
7415.21,0.00178411,1.78411e-05,22816
7416.39,0.00178354,1.78354e-05,22817
7417.57,0.00178298,1.78298e-05,22818
7418.75,0.00178241,1.78241e-05,22819
7419.92,0.00178185,1.78185e-05,22820
7421.09,0.00178128,1.78128e-05,22821
7422.27,0.00178072,1.78072e-05,22822
7423.44,0.00178016,1.78016e-05,22823
7424.61,0.0017796,1.7796e-05,22824
7425.78,0.00177904,1.77904e-05,22825
7426.94,0.00177848,1.77848e-05,22826
7428.11,0.00177792,1.77792e-05,22827
7429.27,0.00177736,1.77736e-05,22828
7430.44,0.00177681,1.77681e-05,22829
7431.6,0.00177625,1.77625e-05,22830
7432.76,0.0017757,1.7757e-05,22831
7433.92,0.00177514,1.77514e-05,22832
7435.08,0.00177459,1.77459e-05,22833
7436.23,0.00177404,1.77404e-05,22834
7437.39,0.00177349,1.77349e-05,22835
7438.54,0.00177294,1.77294e-05,22836
7439.69,0.00177239,1.77239e-05,22837
7440.85,0.00177184,1.77184e-05,22838
7442,0.00177129,1.77129e-05,22839
7443.14,0.00177075,1.77075e-05,22840
7444.29,0.0017702,1.7702e-05,22841
7445.44,0.00176965,1.76965e-05,22842
7446.58,0.00176911,1.76911e-05,22843
7447.73,0.00176857,1.76857e-05,22844
7448.87,0.00176802,1.76802e-05,22845
7450.01,0.00176748,1.76748e-05,22846
7451.15,0.00176694,1.76694e-05,22847
7452.29,0.0017664,1.7664e-05,22848
7453.43,0.00176586,1.76586e-05,22849
7454.56,0.00176533,1.76533e-05,22850
7455.7,0.00176479,1.76479e-05,22851
7456.83,0.00176425,1.76425e-05,22852
7457.96,0.00176372,1.76372e-05,22853
7459.09,0.00176318,1.76318e-05,22854
7460.22,0.00176265,1.76265e-05,22855
7461.35,0.00176212,1.76212e-05,22856
7462.48,0.00176158,1.76158e-05,22857
7463.6,0.00176105,1.76105e-05,22858
7464.73,0.00176052,1.76052e-05,22859
7465.85,0.00175999,1.75999e-05,22860
7466.97,0.00175946,1.75946e-05,22861
7468.09,0.00175894,1.75894e-05,22862
7469.21,0.00175841,1.75841e-05,22863
7470.33,0.00175788,1.75788e-05,22864
7471.44,0.00175736,1.75736e-05,22865
7472.56,0.00175683,1.75683e-05,22866
7473.67,0.00175631,1.75631e-05,22867
7474.79,0.00175579,1.75579e-05,22868
7475.9,0.00175526,1.75526e-05,22869
7477.01,0.00175474,1.75474e-05,22870
7478.12,0.00175422,1.75422e-05,22871
7479.22,0.0017537,1.7537e-05,22872
7480.33,0.00175318,1.75318e-05,22873
7481.43,0.00175267,1.75267e-05,22874
7482.54,0.00175215,1.75215e-05,22875
7483.64,0.00175163,1.75163e-05,22876
7484.74,0.00175112,1.75112e-05,22877
7485.84,0.0017506,1.7506e-05,22878
7486.94,0.00175009,1.75009e-05,22879
7488.04,0.00174958,1.74958e-05,22880
7489.13,0.00174907,1.74907e-05,22881
7490.23,0.00174855,1.74855e-05,22882
7491.32,0.00174804,1.74804e-05,22883
7492.41,0.00174753,1.74753e-05,22884
7493.5,0.00174703,1.74703e-05,22885
7494.59,0.00174652,1.74652e-05,22886
7495.68,0.00174601,1.74601e-05,22887
7496.77,0.0017455,1.7455e-05,22888
7497.85,0.001745,1.745e-05,22889
7498.94,0.00174449,1.74449e-05,22890
7500.02,0.00174399,1.74399e-05,22891
7501.1,0.00174349,1.74349e-05,22892
7502.18,0.00174299,1.74298e-05,22893
7503.26,0.00174248,1.74248e-05,22894
7504.34,0.00174198,1.74198e-05,22895
7505.42,0.00174148,1.74148e-05,22896
7506.49,0.00174098,1.74098e-05,22897
7507.57,0.00174049,1.74049e-05,22898
7508.64,0.00173999,1.73999e-05,22899
7509.71,0.00173949,1.73949e-05,22900
7510.78,0.001739,1.739e-05,22901
7511.85,0.0017385,1.7385e-05,22902
7512.92,0.00173801,1.73801e-05,22903
7513.98,0.00173751,1.73751e-05,22904
7515.05,0.00173702,1.73702e-05,22905
7516.11,0.00173653,1.73653e-05,22906
7517.18,0.00173604,1.73604e-05,22907
7518.24,0.00173555,1.73555e-05,22908
7519.3,0.00173506,1.73506e-05,22909
7520.36,0.00173457,1.73457e-05,22910
7521.41,0.00173408,1.73408e-05,22911
7522.47,0.0017336,1.7336e-05,22912
7523.52,0.00173311,1.73311e-05,22913
7524.58,0.00173263,1.73263e-05,22914
7525.63,0.00173214,1.73214e-05,22915
7526.68,0.00173166,1.73166e-05,22916
7527.73,0.00173117,1.73117e-05,22917
7528.78,0.00173069,1.73069e-05,22918
7529.83,0.00173021,1.73021e-05,22919
7530.87,0.00172973,1.72973e-05,22920
7531.92,0.00172925,1.72925e-05,22921
7532.96,0.00172877,1.72877e-05,22922
7534,0.00172829,1.72829e-05,22923
7535.04,0.00172782,1.72782e-05,22924
7536.08,0.00172734,1.72734e-05,22925
7537.12,0.00172686,1.72686e-05,22926
7538.16,0.00172639,1.72639e-05,22927
7539.2,0.00172591,1.72591e-05,22928
7540.23,0.00172544,1.72544e-05,22929
7541.26,0.00172497,1.72497e-05,22930
7542.3,0.00172449,1.72449e-05,22931
7543.33,0.00172402,1.72402e-05,22932
7544.36,0.00172355,1.72355e-05,22933
7545.38,0.00172308,1.72308e-05,22934
7546.41,0.00172261,1.72261e-05,22935
7547.44,0.00172215,1.72215e-05,22936
7548.46,0.00172168,1.72168e-05,22937
7549.48,0.00172121,1.72121e-05,22938
7550.51,0.00172075,1.72075e-05,22939
7551.53,0.00172028,1.72028e-05,22940
7552.55,0.00171982,1.71982e-05,22941
7553.56,0.00171935,1.71935e-05,22942
7554.58,0.00171889,1.71889e-05,22943
7555.6,0.00171843,1.71843e-05,22944
7556.61,0.00171797,1.71797e-05,22945
7557.62,0.00171751,1.71751e-05,22946
7558.64,0.00171705,1.71705e-05,22947
7559.65,0.00171659,1.71659e-05,22948
7560.66,0.00171613,1.71613e-05,22949
7561.66,0.00171567,1.71567e-05,22950
7562.67,0.00171522,1.71522e-05,22951
7563.68,0.00171476,1.71476e-05,22952
7564.68,0.0017143,1.7143e-05,22953
7565.68,0.00171385,1.71385e-05,22954
7566.68,0.0017134,1.7134e-05,22955
7567.68,0.00171294,1.71294e-05,22956
7568.68,0.00171249,1.71249e-05,22957
7569.68,0.00171204,1.71204e-05,22958
7570.68,0.00171159,1.71159e-05,22959
7571.67,0.00171114,1.71114e-05,22960
7572.67,0.00171069,1.71069e-05,22961
7573.66,0.00171024,1.71024e-05,22962
7574.65,0.00170979,1.70979e-05,22963
7575.64,0.00170935,1.70935e-05,22964
7576.63,0.0017089,1.7089e-05,22965
7577.62,0.00170845,1.70845e-05,22966
7578.61,0.00170801,1.70801e-05,22967
7579.59,0.00170757,1.70757e-05,22968
7580.57,0.00170712,1.70712e-05,22969
7581.56,0.00170668,1.70668e-05,22970
7582.54,0.00170624,1.70624e-05,22971
7583.52,0.0017058,1.7058e-05,22972
7584.5,0.00170536,1.70536e-05,22973
7585.48,0.00170492,1.70492e-05,22974
7586.45,0.00170448,1.70448e-05,22975
7587.43,0.00170404,1.70404e-05,22976
7588.4,0.0017036,1.7036e-05,22977
7589.37,0.00170317,1.70317e-05,22978
7590.35,0.00170273,1.70273e-05,22979
7591.32,0.0017023,1.7023e-05,22980
7592.28,0.00170186,1.70186e-05,22981
7593.25,0.00170143,1.70143e-05,22982
7594.22,0.00170099,1.70099e-05,22983
7595.18,0.00170056,1.70056e-05,22984
7596.15,0.00170013,1.70013e-05,22985
7597.11,0.0016997,1.6997e-05,22986
7598.07,0.00169927,1.69927e-05,22987
7599.03,0.00169884,1.69884e-05,22988
7599.99,0.00169841,1.69841e-05,22989
7600.95,0.00169798,1.69798e-05,22990
7601.9,0.00169756,1.69756e-05,22991
7602.86,0.00169713,1.69713e-05,22992
7603.81,0.0016967,1.6967e-05,22993
7604.77,0.00169628,1.69628e-05,22994
7605.72,0.00169585,1.69585e-05,22995
7606.67,0.00169543,1.69543e-05,22996
7607.62,0.00169501,1.69501e-05,22997
7608.56,0.00169459,1.69459e-05,22998
7609.51,0.00169416,1.69416e-05,22999
7610.45,0.00169374,1.69374e-05,23000
7611.4,0.00169332,1.69332e-05,23001
7612.34,0.0016929,1.6929e-05,23002
7613.28,0.00169249,1.69249e-05,23003
7614.22,0.00169207,1.69207e-05,23004
7615.16,0.00169165,1.69165e-05,23005
7616.1,0.00169123,1.69123e-05,23006
7617.04,0.00169082,1.69082e-05,23007
7617.97,0.0016904,1.6904e-05,23008
7618.9,0.00168999,1.68999e-05,23009
7619.84,0.00168958,1.68958e-05,23010
7620.77,0.00168916,1.68916e-05,23011
7621.7,0.00168875,1.68875e-05,23012
7622.63,0.00168834,1.68834e-05,23013
7623.56,0.00168793,1.68793e-05,23014
7624.48,0.00168752,1.68752e-05,23015
7625.41,0.00168711,1.68711e-05,23016
7626.33,0.0016867,1.6867e-05,23017
7627.25,0.00168629,1.68629e-05,23018
7628.17,0.00168589,1.68588e-05,23019
7629.09,0.00168548,1.68548e-05,23020
7630.01,0.00168507,1.68507e-05,23021
7630.93,0.00168467,1.68467e-05,23022
7631.85,0.00168426,1.68426e-05,23023
7632.76,0.00168386,1.68386e-05,23024
7633.67,0.00168346,1.68346e-05,23025
7634.59,0.00168305,1.68305e-05,23026
7635.5,0.00168265,1.68265e-05,23027
7636.41,0.00168225,1.68225e-05,23028
7637.32,0.00168185,1.68185e-05,23029
7638.23,0.00168145,1.68145e-05,23030
7639.13,0.00168105,1.68105e-05,23031
7640.04,0.00168065,1.68065e-05,23032
7640.94,0.00168026,1.68026e-05,23033
7641.84,0.00167986,1.67986e-05,23034
7642.75,0.00167946,1.67946e-05,23035
7643.65,0.00167907,1.67907e-05,23036
7644.54,0.00167867,1.67867e-05,23037
7645.44,0.00167828,1.67828e-05,23038
7646.34,0.00167788,1.67788e-05,23039
7647.23,0.00167749,1.67749e-05,23040
7648.13,0.0016771,1.6771e-05,23041
7649.02,0.00167671,1.67671e-05,23042
7649.91,0.00167632,1.67632e-05,23043
7650.8,0.00167593,1.67593e-05,23044
7651.69,0.00167554,1.67554e-05,23045
7652.58,0.00167515,1.67515e-05,23046
7653.47,0.00167476,1.67476e-05,23047
7654.35,0.00167437,1.67437e-05,23048
7655.23,0.00167399,1.67399e-05,23049
7656.12,0.0016736,1.6736e-05,23050
7657,0.00167322,1.67322e-05,23051
7657.88,0.00167283,1.67283e-05,23052
7658.76,0.00167245,1.67245e-05,23053
7659.64,0.00167206,1.67206e-05,23054
7660.51,0.00167168,1.67168e-05,23055
7661.39,0.0016713,1.6713e-05,23056
7662.26,0.00167092,1.67092e-05,23057
7663.13,0.00167054,1.67054e-05,23058
7664.01,0.00167016,1.67016e-05,23059
7664.88,0.00166978,1.66978e-05,23060
7665.75,0.0016694,1.6694e-05,23061
7666.61,0.00166902,1.66902e-05,23062
7667.48,0.00166864,1.66864e-05,23063
7668.35,0.00166827,1.66827e-05,23064
7669.21,0.00166789,1.66789e-05,23065
7670.07,0.00166752,1.66752e-05,23066
7670.93,0.00166714,1.66714e-05,23067
7671.8,0.00166677,1.66677e-05,23068
7672.65,0.00166639,1.66639e-05,23069
7673.51,0.00166602,1.66602e-05,23070
7674.37,0.00166565,1.66565e-05,23071
7675.23,0.00166528,1.66528e-05,23072
7676.08,0.00166491,1.66491e-05,23073
7676.93,0.00166454,1.66454e-05,23074
7677.79,0.00166417,1.66417e-05,23075
7678.64,0.0016638,1.6638e-05,23076
7679.49,0.00166343,1.66343e-05,23077
7680.33,0.00166306,1.66306e-05,23078
7681.18,0.0016627,1.6627e-05,23079
7682.03,0.00166233,1.66233e-05,23080
7682.87,0.00166197,1.66197e-05,23081
7683.71,0.0016616,1.6616e-05,23082
7684.56,0.00166124,1.66124e-05,23083
7685.4,0.00166087,1.66087e-05,23084
7686.24,0.00166051,1.66051e-05,23085
7687.07,0.00166015,1.66015e-05,23086
7687.91,0.00165979,1.65979e-05,23087
7688.75,0.00165943,1.65943e-05,23088
7689.58,0.00165907,1.65907e-05,23089
7690.41,0.00165871,1.65871e-05,23090
7691.25,0.00165835,1.65835e-05,23091
7692.08,0.00165799,1.65799e-05,23092
7692.91,0.00165763,1.65763e-05,23093
7693.74,0.00165727,1.65727e-05,23094
7694.56,0.00165692,1.65692e-05,23095
7695.39,0.00165656,1.65656e-05,23096
7696.21,0.00165621,1.65621e-05,23097
7697.04,0.00165585,1.65585e-05,23098
7697.86,0.0016555,1.6555e-05,23099
7698.68,0.00165515,1.65515e-05,23100
7699.5,0.00165479,1.65479e-05,23101
7700.32,0.00165444,1.65444e-05,23102
7701.14,0.00165409,1.65409e-05,23103
7701.95,0.00165374,1.65374e-05,23104
7702.77,0.00165339,1.65339e-05,23105
7703.58,0.00165304,1.65304e-05,23106
7704.39,0.00165269,1.65269e-05,23107
7705.21,0.00165234,1.65234e-05,23108
7706.02,0.001652,1.652e-05,23109
7706.83,0.00165165,1.65165e-05,23110
7707.63,0.0016513,1.6513e-05,23111
7708.44,0.00165096,1.65096e-05,23112
7709.24,0.00165061,1.65061e-05,23113
7710.05,0.00165027,1.65027e-05,23114
7710.85,0.00164993,1.64993e-05,23115
7711.65,0.00164958,1.64958e-05,23116
7712.45,0.00164924,1.64924e-05,23117
7713.25,0.0016489,1.6489e-05,23118
7714.05,0.00164856,1.64856e-05,23119
7714.85,0.00164822,1.64822e-05,23120
7715.64,0.00164788,1.64788e-05,23121
7716.44,0.00164754,1.64754e-05,23122
7717.23,0.0016472,1.6472e-05,23123
7718.02,0.00164686,1.64686e-05,23124
7718.81,0.00164652,1.64652e-05,23125
7719.6,0.00164619,1.64619e-05,23126
7720.39,0.00164585,1.64585e-05,23127
7721.17,0.00164552,1.64552e-05,23128
7721.96,0.00164518,1.64518e-05,23129
7722.74,0.00164485,1.64485e-05,23130
7723.53,0.00164451,1.64451e-05,23131
7724.31,0.00164418,1.64418e-05,23132
7725.09,0.00164385,1.64385e-05,23133
7725.87,0.00164352,1.64352e-05,23134
7726.65,0.00164319,1.64319e-05,23135
7727.42,0.00164286,1.64286e-05,23136
7728.2,0.00164253,1.64253e-05,23137
7728.98,0.0016422,1.6422e-05,23138
7729.75,0.00164187,1.64187e-05,23139
7730.52,0.00164154,1.64154e-05,23140
7731.29,0.00164121,1.64121e-05,23141
7732.06,0.00164089,1.64089e-05,23142
7732.83,0.00164056,1.64056e-05,23143
7733.6,0.00164023,1.64023e-05,23144
7734.36,0.00163991,1.63991e-05,23145
7735.13,0.00163959,1.63959e-05,23146
7735.89,0.00163926,1.63926e-05,23147
7736.65,0.00163894,1.63894e-05,23148
7737.42,0.00163862,1.63862e-05,23149
7738.18,0.00163829,1.63829e-05,23150
7738.93,0.00163797,1.63797e-05,23151
7739.69,0.00163765,1.63765e-05,23152
7740.45,0.00163733,1.63733e-05,23153
7741.2,0.00163701,1.63701e-05,23154
7741.96,0.00163669,1.63669e-05,23155
7742.71,0.00163638,1.63638e-05,23156
7743.46,0.00163606,1.63606e-05,23157
7744.21,0.00163574,1.63574e-05,23158
7744.96,0.00163543,1.63543e-05,23159
7745.71,0.00163511,1.63511e-05,23160
7746.45,0.00163479,1.63479e-05,23161
7747.2,0.00163448,1.63448e-05,23162
7747.94,0.00163417,1.63417e-05,23163
7748.69,0.00163385,1.63385e-05,23164
7749.43,0.00163354,1.63354e-05,23165
7750.17,0.00163323,1.63323e-05,23166
7750.91,0.00163292,1.63292e-05,23167
7751.65,0.00163261,1.6326e-05,23168
7752.38,0.00163229,1.63229e-05,23169
7753.12,0.00163199,1.63199e-05,23170
7753.85,0.00163168,1.63168e-05,23171
7754.59,0.00163137,1.63137e-05,23172
7755.32,0.00163106,1.63106e-05,23173
7756.05,0.00163075,1.63075e-05,23174
7756.78,0.00163045,1.63045e-05,23175
7757.51,0.00163014,1.63014e-05,23176
7758.23,0.00162983,1.62983e-05,23177
7758.96,0.00162953,1.62953e-05,23178
7759.68,0.00162922,1.62922e-05,23179
7760.41,0.00162892,1.62892e-05,23180
7761.13,0.00162862,1.62862e-05,23181
7761.85,0.00162831,1.62831e-05,23182
7762.57,0.00162801,1.62801e-05,23183
7763.29,0.00162771,1.62771e-05,23184
7764.01,0.00162741,1.62741e-05,23185
7764.72,0.00162711,1.62711e-05,23186
7765.44,0.00162681,1.62681e-05,23187
7766.15,0.00162651,1.62651e-05,23188
7766.87,0.00162621,1.62621e-05,23189
7767.58,0.00162592,1.62592e-05,23190
7768.29,0.00162562,1.62562e-05,23191
7769,0.00162532,1.62532e-05,23192
7769.7,0.00162503,1.62503e-05,23193
7770.41,0.00162473,1.62473e-05,23194
7771.12,0.00162443,1.62443e-05,23195
7771.82,0.00162414,1.62414e-05,23196
7772.52,0.00162385,1.62385e-05,23197
7773.22,0.00162355,1.62355e-05,23198
7773.92,0.00162326,1.62326e-05,23199
7774.62,0.00162297,1.62297e-05,23200
7775.32,0.00162268,1.62268e-05,23201
7776.02,0.00162239,1.62239e-05,23202
7776.72,0.0016221,1.6221e-05,23203
7777.41,0.00162181,1.62181e-05,23204
7778.1,0.00162152,1.62152e-05,23205
7778.79,0.00162123,1.62123e-05,23206
7779.49,0.00162094,1.62094e-05,23207
7780.17,0.00162065,1.62065e-05,23208
7780.86,0.00162037,1.62037e-05,23209
7781.55,0.00162008,1.62008e-05,23210
7782.24,0.0016198,1.6198e-05,23211
7782.92,0.00161951,1.61951e-05,23212
7783.6,0.00161923,1.61923e-05,23213
7784.29,0.00161894,1.61894e-05,23214
7784.97,0.00161866,1.61866e-05,23215
7785.65,0.00161838,1.61838e-05,23216
7786.33,0.00161809,1.61809e-05,23217
7787,0.00161781,1.61781e-05,23218
7787.68,0.00161753,1.61753e-05,23219
7788.36,0.00161725,1.61725e-05,23220
7789.03,0.00161697,1.61697e-05,23221
7789.7,0.00161669,1.61669e-05,23222
7790.38,0.00161641,1.61641e-05,23223
7791.05,0.00161613,1.61613e-05,23224
7791.71,0.00161586,1.61586e-05,23225
7792.38,0.00161558,1.61558e-05,23226
7793.05,0.0016153,1.6153e-05,23227
7793.71,0.00161503,1.61503e-05,23228
7794.38,0.00161475,1.61475e-05,23229
7795.04,0.00161448,1.61448e-05,23230
7795.7,0.0016142,1.6142e-05,23231
7796.36,0.00161393,1.61393e-05,23232
7797.02,0.00161366,1.61366e-05,23233
7797.68,0.00161338,1.61338e-05,23234
7798.34,0.00161311,1.61311e-05,23235
7799,0.00161284,1.61284e-05,23236
7799.65,0.00161257,1.61257e-05,23237
7800.3,0.0016123,1.6123e-05,23238
7800.96,0.00161203,1.61203e-05,23239
7801.61,0.00161176,1.61176e-05,23240
7802.26,0.00161149,1.61149e-05,23241
7802.91,0.00161123,1.61123e-05,23242
7803.55,0.00161096,1.61096e-05,23243
7804.2,0.00161069,1.61069e-05,23244
7804.84,0.00161042,1.61042e-05,23245
7805.49,0.00161016,1.61016e-05,23246
7806.13,0.00160989,1.60989e-05,23247
7806.77,0.00160963,1.60963e-05,23248
7807.41,0.00160937,1.60937e-05,23249
7808.05,0.0016091,1.6091e-05,23250
7808.69,0.00160884,1.60884e-05,23251
7809.33,0.00160858,1.60858e-05,23252
7809.96,0.00160832,1.60832e-05,23253
7810.6,0.00160805,1.60805e-05,23254
7811.23,0.00160779,1.60779e-05,23255
7811.86,0.00160753,1.60753e-05,23256
7812.49,0.00160727,1.60727e-05,23257
7813.12,0.00160701,1.60701e-05,23258
7813.75,0.00160676,1.60676e-05,23259
7814.38,0.0016065,1.6065e-05,23260
7815,0.00160624,1.60624e-05,23261
7815.63,0.00160598,1.60598e-05,23262
7816.25,0.00160573,1.60573e-05,23263
7816.87,0.00160547,1.60547e-05,23264
7817.5,0.00160522,1.60522e-05,23265
7818.11,0.00160496,1.60496e-05,23266
7818.73,0.00160471,1.60471e-05,23267
7819.35,0.00160445,1.60445e-05,23268
7819.97,0.0016042,1.6042e-05,23269
7820.58,0.00160395,1.60395e-05,23270
7821.2,0.0016037,1.6037e-05,23271
7821.81,0.00160345,1.60345e-05,23272
7822.42,0.0016032,1.6032e-05,23273
7823.03,0.00160295,1.60295e-05,23274
7823.64,0.0016027,1.6027e-05,23275
7824.25,0.00160245,1.60245e-05,23276
7824.85,0.0016022,1.6022e-05,23277
7825.46,0.00160195,1.60195e-05,23278
7826.06,0.0016017,1.6017e-05,23279
7826.67,0.00160146,1.60146e-05,23280
7827.27,0.00160121,1.60121e-05,23281
7827.87,0.00160097,1.60097e-05,23282
7828.47,0.00160072,1.60072e-05,23283
7829.07,0.00160048,1.60048e-05,23284
7829.66,0.00160023,1.60023e-05,23285
7830.26,0.00159999,1.59999e-05,23286
7830.86,0.00159974,1.59974e-05,23287
7831.45,0.0015995,1.5995e-05,23288
7832.04,0.00159926,1.59926e-05,23289
7832.63,0.00159902,1.59902e-05,23290
7833.22,0.00159878,1.59878e-05,23291
7833.81,0.00159854,1.59854e-05,23292
7834.4,0.0015983,1.5983e-05,23293
7834.99,0.00159806,1.59806e-05,23294
7835.57,0.00159782,1.59782e-05,23295
7836.16,0.00159758,1.59758e-05,23296
7836.74,0.00159734,1.59734e-05,23297
7837.32,0.00159711,1.59711e-05,23298
7837.9,0.00159687,1.59687e-05,23299
7838.48,0.00159663,1.59663e-05,23300
7839.06,0.0015964,1.5964e-05,23301
7839.63,0.00159616,1.59616e-05,23302
7840.21,0.00159593,1.59593e-05,23303
7840.79,0.0015957,1.5957e-05,23304
7841.36,0.00159546,1.59546e-05,23305
7841.93,0.00159523,1.59523e-05,23306
7842.5,0.001595,1.595e-05,23307
7843.07,0.00159477,1.59477e-05,23308
7843.64,0.00159453,1.59453e-05,23309
7844.21,0.0015943,1.5943e-05,23310
7844.77,0.00159407,1.59407e-05,23311
7845.34,0.00159384,1.59384e-05,23312
7845.9,0.00159361,1.59361e-05,23313
7846.46,0.00159339,1.59339e-05,23314
7847.03,0.00159316,1.59316e-05,23315
7847.59,0.00159293,1.59293e-05,23316
7848.15,0.0015927,1.5927e-05,23317
7848.7,0.00159248,1.59248e-05,23318
7849.26,0.00159225,1.59225e-05,23319
7849.82,0.00159203,1.59203e-05,23320
7850.37,0.0015918,1.5918e-05,23321
7850.92,0.00159158,1.59158e-05,23322
7851.48,0.00159135,1.59135e-05,23323
7852.03,0.00159113,1.59113e-05,23324
7852.58,0.00159091,1.59091e-05,23325
7853.12,0.00159068,1.59068e-05,23326
7853.67,0.00159046,1.59046e-05,23327
7854.22,0.00159024,1.59024e-05,23328
7854.76,0.00159002,1.59002e-05,23329
7855.31,0.0015898,1.5898e-05,23330
7855.85,0.00158958,1.58958e-05,23331
7856.39,0.00158936,1.58936e-05,23332
7856.93,0.00158914,1.58914e-05,23333
7857.47,0.00158893,1.58893e-05,23334
7858,0.00158871,1.58871e-05,23335
7858.54,0.00158849,1.58849e-05,23336
7859.08,0.00158828,1.58828e-05,23337
7859.61,0.00158806,1.58806e-05,23338
7860.14,0.00158785,1.58785e-05,23339
7860.68,0.00158763,1.58763e-05,23340
7861.21,0.00158742,1.58742e-05,23341
7861.73,0.0015872,1.5872e-05,23342
7862.26,0.00158699,1.58699e-05,23343
7862.79,0.00158678,1.58678e-05,23344
7863.32,0.00158656,1.58656e-05,23345
7863.84,0.00158635,1.58635e-05,23346
7864.36,0.00158614,1.58614e-05,23347
7864.89,0.00158593,1.58593e-05,23348
7865.41,0.00158572,1.58572e-05,23349
7865.93,0.00158551,1.58551e-05,23350
7866.45,0.0015853,1.5853e-05,23351
7866.96,0.00158509,1.58509e-05,23352
7867.48,0.00158489,1.58489e-05,23353
7868,0.00158468,1.58468e-05,23354
7868.51,0.00158447,1.58447e-05,23355
7869.02,0.00158426,1.58426e-05,23356
7869.53,0.00158406,1.58406e-05,23357
7870.04,0.00158385,1.58385e-05,23358
7870.55,0.00158365,1.58365e-05,23359
7871.06,0.00158344,1.58344e-05,23360
7871.57,0.00158324,1.58324e-05,23361
7872.07,0.00158304,1.58304e-05,23362
7872.58,0.00158283,1.58283e-05,23363
7873.08,0.00158263,1.58263e-05,23364
7873.58,0.00158243,1.58243e-05,23365
7874.08,0.00158223,1.58223e-05,23366
7874.58,0.00158203,1.58203e-05,23367
7875.08,0.00158183,1.58183e-05,23368
7875.58,0.00158163,1.58163e-05,23369
7876.08,0.00158143,1.58143e-05,23370
7876.57,0.00158123,1.58123e-05,23371
7877.06,0.00158103,1.58103e-05,23372
7877.56,0.00158083,1.58083e-05,23373
7878.05,0.00158064,1.58064e-05,23374
7878.54,0.00158044,1.58044e-05,23375
7879.03,0.00158024,1.58024e-05,23376
7879.52,0.00158005,1.58005e-05,23377
7880,0.00157985,1.57985e-05,23378
7880.49,0.00157966,1.57966e-05,23379
7880.97,0.00157946,1.57946e-05,23380
7881.45,0.00157927,1.57927e-05,23381
7881.94,0.00157908,1.57908e-05,23382
7882.42,0.00157888,1.57888e-05,23383
7882.9,0.00157869,1.57869e-05,23384
7883.38,0.0015785,1.5785e-05,23385
7883.85,0.00157831,1.57831e-05,23386
7884.33,0.00157812,1.57812e-05,23387
7884.8,0.00157793,1.57793e-05,23388
7885.28,0.00157774,1.57774e-05,23389
7885.75,0.00157755,1.57755e-05,23390
7886.22,0.00157736,1.57736e-05,23391
7886.69,0.00157717,1.57717e-05,23392
7887.16,0.00157698,1.57698e-05,23393
7887.63,0.0015768,1.5768e-05,23394
7888.1,0.00157661,1.57661e-05,23395
7888.56,0.00157643,1.57643e-05,23396
7889.03,0.00157624,1.57624e-05,23397
7889.49,0.00157605,1.57605e-05,23398
7889.95,0.00157587,1.57587e-05,23399
7890.41,0.00157569,1.57569e-05,23400
7890.87,0.0015755,1.5755e-05,23401
7891.33,0.00157532,1.57532e-05,23402
7891.79,0.00157514,1.57514e-05,23403
7892.24,0.00157495,1.57495e-05,23404
7892.7,0.00157477,1.57477e-05,23405
7893.15,0.00157459,1.57459e-05,23406
7893.61,0.00157441,1.57441e-05,23407
7894.06,0.00157423,1.57423e-05,23408
7894.51,0.00157405,1.57405e-05,23409
7894.96,0.00157387,1.57387e-05,23410
7895.4,0.00157369,1.57369e-05,23411
7895.85,0.00157352,1.57352e-05,23412
7896.29,0.00157334,1.57334e-05,23413
7896.74,0.00157316,1.57316e-05,23414
7897.18,0.00157299,1.57299e-05,23415
7897.62,0.00157281,1.57281e-05,23416
7898.06,0.00157263,1.57263e-05,23417
7898.5,0.00157246,1.57246e-05,23418
7898.94,0.00157228,1.57228e-05,23419
7899.38,0.00157211,1.57211e-05,23420
7899.81,0.00157194,1.57194e-05,23421
7900.25,0.00157176,1.57176e-05,23422
7900.68,0.00157159,1.57159e-05,23423
7901.12,0.00157142,1.57142e-05,23424
7901.55,0.00157125,1.57125e-05,23425
7901.98,0.00157108,1.57108e-05,23426
7902.41,0.00157091,1.57091e-05,23427
7902.83,0.00157074,1.57074e-05,23428
7903.26,0.00157057,1.57057e-05,23429
7903.69,0.0015704,1.5704e-05,23430
7904.11,0.00157023,1.57023e-05,23431
7904.53,0.00157006,1.57006e-05,23432
7904.95,0.00156989,1.56989e-05,23433
7905.38,0.00156973,1.56973e-05,23434
7905.79,0.00156956,1.56956e-05,23435
7906.21,0.00156939,1.56939e-05,23436
7906.63,0.00156923,1.56923e-05,23437
7907.05,0.00156906,1.56906e-05,23438
7907.46,0.0015689,1.5689e-05,23439
7907.88,0.00156873,1.56873e-05,23440
7908.29,0.00156857,1.56857e-05,23441
7908.7,0.00156841,1.56841e-05,23442
7909.11,0.00156825,1.56825e-05,23443
7909.52,0.00156808,1.56808e-05,23444
7909.93,0.00156792,1.56792e-05,23445
7910.33,0.00156776,1.56776e-05,23446
7910.74,0.0015676,1.5676e-05,23447
7911.14,0.00156744,1.56744e-05,23448
7911.55,0.00156728,1.56728e-05,23449
7911.95,0.00156712,1.56712e-05,23450
7912.35,0.00156696,1.56696e-05,23451
7912.75,0.0015668,1.5668e-05,23452
7913.15,0.00156665,1.56665e-05,23453
7913.54,0.00156649,1.56649e-05,23454
7913.94,0.00156633,1.56633e-05,23455
7914.34,0.00156617,1.56617e-05,23456
7914.73,0.00156602,1.56602e-05,23457
7915.12,0.00156586,1.56586e-05,23458
7915.51,0.00156571,1.56571e-05,23459
7915.9,0.00156555,1.56555e-05,23460
7916.29,0.0015654,1.5654e-05,23461
7916.68,0.00156525,1.56525e-05,23462
7917.07,0.00156509,1.56509e-05,23463
7917.45,0.00156494,1.56494e-05,23464
7917.84,0.00156479,1.56479e-05,23465
7918.22,0.00156464,1.56464e-05,23466
7918.6,0.00156449,1.56449e-05,23467
7918.98,0.00156434,1.56434e-05,23468
7919.36,0.00156419,1.56419e-05,23469
7919.74,0.00156404,1.56404e-05,23470
7920.12,0.00156389,1.56389e-05,23471
7920.49,0.00156374,1.56374e-05,23472
7920.87,0.00156359,1.56359e-05,23473
7921.24,0.00156344,1.56344e-05,23474
7921.61,0.0015633,1.5633e-05,23475
7921.99,0.00156315,1.56315e-05,23476
7922.36,0.00156301,1.56301e-05,23477
7922.72,0.00156286,1.56286e-05,23478
7923.09,0.00156271,1.56271e-05,23479
7923.46,0.00156257,1.56257e-05,23480
7923.82,0.00156243,1.56243e-05,23481
7924.19,0.00156228,1.56228e-05,23482
7924.55,0.00156214,1.56214e-05,23483
7924.91,0.001562,1.562e-05,23484
7925.27,0.00156185,1.56185e-05,23485
7925.63,0.00156171,1.56171e-05,23486
7925.99,0.00156157,1.56157e-05,23487
7926.35,0.00156143,1.56143e-05,23488
7926.71,0.00156129,1.56129e-05,23489
7927.06,0.00156115,1.56115e-05,23490
7927.42,0.00156101,1.56101e-05,23491
7927.77,0.00156087,1.56087e-05,23492
7928.12,0.00156073,1.56073e-05,23493
7928.47,0.0015606,1.5606e-05,23494
7928.82,0.00156046,1.56046e-05,23495
7929.17,0.00156032,1.56032e-05,23496
7929.51,0.00156018,1.56018e-05,23497
7929.86,0.00156005,1.56005e-05,23498
7930.2,0.00155991,1.55991e-05,23499
7930.55,0.00155978,1.55978e-05,23500
7930.89,0.00155964,1.55964e-05,23501
7931.23,0.00155951,1.55951e-05,23502
7931.57,0.00155938,1.55938e-05,23503
7931.91,0.00155924,1.55924e-05,23504
7932.25,0.00155911,1.55911e-05,23505
7932.58,0.00155898,1.55898e-05,23506
7932.92,0.00155885,1.55885e-05,23507
7933.25,0.00155871,1.55871e-05,23508
7933.58,0.00155858,1.55858e-05,23509
7933.92,0.00155845,1.55845e-05,23510
7934.25,0.00155832,1.55832e-05,23511
7934.58,0.00155819,1.55819e-05,23512
7934.9,0.00155807,1.55807e-05,23513
7935.23,0.00155794,1.55794e-05,23514
7935.56,0.00155781,1.55781e-05,23515
7935.88,0.00155768,1.55768e-05,23516
7936.21,0.00155755,1.55755e-05,23517
7936.53,0.00155743,1.55743e-05,23518
7936.85,0.0015573,1.5573e-05,23519
7937.17,0.00155718,1.55718e-05,23520
7937.49,0.00155705,1.55705e-05,23521
7937.81,0.00155693,1.55693e-05,23522
7938.12,0.0015568,1.5568e-05,23523
7938.44,0.00155668,1.55668e-05,23524
7938.75,0.00155655,1.55655e-05,23525
7939.07,0.00155643,1.55643e-05,23526
7939.38,0.00155631,1.55631e-05,23527
7939.69,0.00155619,1.55619e-05,23528
7940,0.00155607,1.55607e-05,23529
7940.31,0.00155595,1.55595e-05,23530
7940.61,0.00155583,1.55583e-05,23531
7940.92,0.00155571,1.55571e-05,23532
7941.22,0.00155559,1.55559e-05,23533
7941.53,0.00155547,1.55547e-05,23534
7941.83,0.00155535,1.55535e-05,23535
7942.13,0.00155523,1.55523e-05,23536
7942.43,0.00155511,1.55511e-05,23537
7942.73,0.001555,1.555e-05,23538
7943.03,0.00155488,1.55488e-05,23539
7943.32,0.00155476,1.55476e-05,23540
7943.62,0.00155465,1.55465e-05,23541
7943.91,0.00155453,1.55453e-05,23542
7944.21,0.00155442,1.55442e-05,23543
7944.5,0.0015543,1.5543e-05,23544
7944.79,0.00155419,1.55419e-05,23545
7945.08,0.00155408,1.55408e-05,23546
7945.37,0.00155397,1.55397e-05,23547
7945.65,0.00155385,1.55385e-05,23548
7945.94,0.00155374,1.55374e-05,23549
7946.22,0.00155363,1.55363e-05,23550
7946.51,0.00155352,1.55352e-05,23551
7946.79,0.00155341,1.55341e-05,23552
7947.07,0.0015533,1.5533e-05,23553
7947.35,0.00155319,1.55319e-05,23554
7947.63,0.00155308,1.55308e-05,23555
7947.91,0.00155297,1.55297e-05,23556
7948.19,0.00155286,1.55286e-05,23557
7948.46,0.00155275,1.55275e-05,23558
7948.74,0.00155265,1.55265e-05,23559
7949.01,0.00155254,1.55254e-05,23560
7949.28,0.00155243,1.55243e-05,23561
7949.55,0.00155233,1.55233e-05,23562
7949.82,0.00155222,1.55222e-05,23563
7950.09,0.00155212,1.55212e-05,23564
7950.36,0.00155201,1.55201e-05,23565
7950.63,0.00155191,1.55191e-05,23566
7950.89,0.00155181,1.55181e-05,23567
7951.15,0.0015517,1.5517e-05,23568
7951.42,0.0015516,1.5516e-05,23569
7951.68,0.0015515,1.5515e-05,23570
7951.94,0.0015514,1.5514e-05,23571
7952.2,0.0015513,1.5513e-05,23572
7952.46,0.00155119,1.55119e-05,23573
7952.72,0.00155109,1.55109e-05,23574
7952.97,0.00155099,1.55099e-05,23575
7953.23,0.00155089,1.5509e-05,23576
7953.48,0.0015508,1.5508e-05,23577
7953.73,0.0015507,1.5507e-05,23578
7953.98,0.0015506,1.5506e-05,23579
7954.23,0.0015505,1.5505e-05,23580
7954.48,0.00155041,1.55041e-05,23581
7954.73,0.00155031,1.55031e-05,23582
7954.98,0.00155021,1.55021e-05,23583
7955.22,0.00155012,1.55012e-05,23584
7955.47,0.00155002,1.55002e-05,23585
7955.71,0.00154993,1.54993e-05,23586
7955.95,0.00154983,1.54983e-05,23587
7956.19,0.00154974,1.54974e-05,23588
7956.43,0.00154964,1.54964e-05,23589
7956.67,0.00154955,1.54955e-05,23590
7956.91,0.00154946,1.54946e-05,23591
7957.15,0.00154937,1.54937e-05,23592
7957.38,0.00154928,1.54928e-05,23593
7957.61,0.00154919,1.54919e-05,23594
7957.85,0.00154909,1.54909e-05,23595
7958.08,0.001549,1.549e-05,23596
7958.31,0.00154892,1.54892e-05,23597
7958.54,0.00154883,1.54883e-05,23598
7958.76,0.00154874,1.54874e-05,23599
7958.99,0.00154865,1.54865e-05,23600
7959.22,0.00154856,1.54856e-05,23601
7959.44,0.00154847,1.54847e-05,23602
7959.66,0.00154839,1.54839e-05,23603
7959.89,0.0015483,1.5483e-05,23604
7960.11,0.00154822,1.54822e-05,23605
7960.33,0.00154813,1.54813e-05,23606
7960.54,0.00154804,1.54804e-05,23607
7960.76,0.00154796,1.54796e-05,23608
7960.98,0.00154788,1.54788e-05,23609
7961.19,0.00154779,1.54779e-05,23610
7961.41,0.00154771,1.54771e-05,23611
7961.62,0.00154763,1.54763e-05,23612
7961.83,0.00154754,1.54754e-05,23613
7962.04,0.00154746,1.54746e-05,23614
7962.25,0.00154738,1.54738e-05,23615
7962.46,0.0015473,1.5473e-05,23616
7962.67,0.00154722,1.54722e-05,23617
7962.87,0.00154714,1.54714e-05,23618
7963.08,0.00154706,1.54706e-05,23619
7963.28,0.00154698,1.54698e-05,23620
7963.48,0.0015469,1.5469e-05,23621
7963.68,0.00154682,1.54682e-05,23622
7963.88,0.00154675,1.54675e-05,23623
7964.08,0.00154667,1.54667e-05,23624
7964.28,0.00154659,1.54659e-05,23625
7964.48,0.00154652,1.54652e-05,23626
7964.67,0.00154644,1.54644e-05,23627
7964.87,0.00154637,1.54637e-05,23628
7965.06,0.00154629,1.54629e-05,23629
7965.25,0.00154622,1.54622e-05,23630
7965.44,0.00154614,1.54614e-05,23631
7965.63,0.00154607,1.54607e-05,23632
7965.82,0.001546,1.546e-05,23633
7966.01,0.00154592,1.54592e-05,23634
7966.19,0.00154585,1.54585e-05,23635
7966.38,0.00154578,1.54578e-05,23636
7966.56,0.00154571,1.54571e-05,23637
7966.74,0.00154564,1.54564e-05,23638
7966.93,0.00154557,1.54557e-05,23639
7967.11,0.0015455,1.5455e-05,23640
7967.29,0.00154543,1.54543e-05,23641
7967.46,0.00154536,1.54536e-05,23642
7967.64,0.00154529,1.54529e-05,23643
7967.82,0.00154522,1.54522e-05,23644
7967.99,0.00154515,1.54515e-05,23645
7968.16,0.00154509,1.54509e-05,23646
7968.34,0.00154502,1.54502e-05,23647
7968.51,0.00154495,1.54495e-05,23648
7968.68,0.00154489,1.54489e-05,23649
7968.85,0.00154482,1.54482e-05,23650
7969.01,0.00154476,1.54476e-05,23651
7969.18,0.00154469,1.54469e-05,23652
7969.35,0.00154463,1.54463e-05,23653
7969.51,0.00154456,1.54456e-05,23654
7969.67,0.0015445,1.5445e-05,23655
7969.83,0.00154444,1.54444e-05,23656
7969.99,0.00154438,1.54438e-05,23657
7970.15,0.00154431,1.54431e-05,23658
7970.31,0.00154425,1.54425e-05,23659
7970.47,0.00154419,1.54419e-05,23660
7970.62,0.00154413,1.54413e-05,23661
7970.78,0.00154407,1.54407e-05,23662
7970.93,0.00154401,1.54401e-05,23663
7971.08,0.00154395,1.54395e-05,23664
7971.23,0.0015439,1.5439e-05,23665
7971.39,0.00154384,1.54384e-05,23666
7971.53,0.00154378,1.54378e-05,23667
7971.68,0.00154372,1.54372e-05,23668
7971.83,0.00154367,1.54367e-05,23669
7971.97,0.00154361,1.54361e-05,23670
7972.12,0.00154355,1.54355e-05,23671
7972.26,0.0015435,1.5435e-05,23672
7972.4,0.00154344,1.54344e-05,23673
7972.54,0.00154339,1.54339e-05,23674
7972.68,0.00154333,1.54333e-05,23675
7972.82,0.00154328,1.54328e-05,23676
7972.96,0.00154323,1.54323e-05,23677
7973.1,0.00154317,1.54317e-05,23678
7973.23,0.00154312,1.54312e-05,23679
7973.37,0.00154307,1.54307e-05,23680
7973.5,0.00154302,1.54302e-05,23681
7973.63,0.00154297,1.54297e-05,23682
7973.76,0.00154292,1.54292e-05,23683
7973.89,0.00154287,1.54287e-05,23684
7974.02,0.00154282,1.54282e-05,23685
7974.15,0.00154277,1.54277e-05,23686
7974.27,0.00154272,1.54272e-05,23687
7974.4,0.00154267,1.54267e-05,23688
7974.52,0.00154262,1.54262e-05,23689
7974.64,0.00154258,1.54258e-05,23690
7974.76,0.00154253,1.54253e-05,23691
7974.88,0.00154248,1.54248e-05,23692
7975,0.00154244,1.54244e-05,23693
7975.12,0.00154239,1.54239e-05,23694
7975.24,0.00154235,1.54235e-05,23695
7975.35,0.0015423,1.5423e-05,23696
7975.47,0.00154226,1.54226e-05,23697
7975.58,0.00154221,1.54221e-05,23698
7975.69,0.00154217,1.54217e-05,23699
7975.8,0.00154213,1.54213e-05,23700
7975.91,0.00154209,1.54209e-05,23701
7976.02,0.00154204,1.54204e-05,23702
7976.13,0.001542,1.542e-05,23703
7976.23,0.00154196,1.54196e-05,23704
7976.34,0.00154192,1.54192e-05,23705
7976.44,0.00154188,1.54188e-05,23706
7976.54,0.00154184,1.54184e-05,23707
7976.64,0.0015418,1.5418e-05,23708
7976.74,0.00154176,1.54176e-05,23709
7976.84,0.00154173,1.54173e-05,23710
7976.94,0.00154169,1.54169e-05,23711
7977.04,0.00154165,1.54165e-05,23712
7977.13,0.00154161,1.54161e-05,23713
7977.23,0.00154158,1.54158e-05,23714
7977.32,0.00154154,1.54154e-05,23715
7977.41,0.0015415,1.5415e-05,23716
7977.5,0.00154147,1.54147e-05,23717
7977.59,0.00154143,1.54143e-05,23718
7977.68,0.0015414,1.5414e-05,23719
7977.77,0.00154137,1.54137e-05,23720
7977.86,0.00154133,1.54133e-05,23721
7977.94,0.0015413,1.5413e-05,23722
7978.03,0.00154127,1.54127e-05,23723
7978.11,0.00154124,1.54124e-05,23724
7978.19,0.0015412,1.5412e-05,23725
7978.27,0.00154117,1.54117e-05,23726
7978.35,0.00154114,1.54114e-05,23727
7978.43,0.00154111,1.54111e-05,23728
7978.51,0.00154108,1.54108e-05,23729
7978.58,0.00154105,1.54105e-05,23730
7978.66,0.00154102,1.54102e-05,23731
7978.73,0.001541,1.541e-05,23732
7978.81,0.00154097,1.54097e-05,23733
7978.88,0.00154094,1.54094e-05,23734
7978.95,0.00154091,1.54091e-05,23735
7979.02,0.00154089,1.54089e-05,23736
7979.08,0.00154086,1.54086e-05,23737
7979.15,0.00154083,1.54083e-05,23738
7979.22,0.00154081,1.54081e-05,23739
7979.28,0.00154078,1.54078e-05,23740
7979.34,0.00154076,1.54076e-05,23741
7979.4,0.00154074,1.54074e-05,23742
7979.46,0.00154071,1.54071e-05,23743
7979.52,0.00154069,1.54069e-05,23744
7979.58,0.00154067,1.54067e-05,23745
7979.64,0.00154064,1.54064e-05,23746
7979.7,0.00154062,1.54062e-05,23747
7979.75,0.0015406,1.5406e-05,23748
7979.81,0.00154058,1.54058e-05,23749
7979.86,0.00154056,1.54056e-05,23750
7979.91,0.00154054,1.54054e-05,23751
7979.96,0.00154052,1.54052e-05,23752
7980.01,0.0015405,1.5405e-05,23753
7980.06,0.00154048,1.54048e-05,23754
7980.11,0.00154046,1.54046e-05,23755
7980.15,0.00154045,1.54045e-05,23756
7980.2,0.00154043,1.54043e-05,23757
7980.24,0.00154041,1.54041e-05,23758
7980.28,0.0015404,1.5404e-05,23759
7980.32,0.00154038,1.54038e-05,23760
7980.36,0.00154037,1.54037e-05,23761
7980.4,0.00154035,1.54035e-05,23762
7980.44,0.00154034,1.54034e-05,23763
7980.48,0.00154032,1.54032e-05,23764
7980.51,0.00154031,1.54031e-05,23765
7980.55,0.00154029,1.54029e-05,23766
7980.58,0.00154028,1.54028e-05,23767
7980.61,0.00154027,1.54027e-05,23768
7980.64,0.00154026,1.54026e-05,23769
7980.67,0.00154025,1.54025e-05,23770
7980.7,0.00154023,1.54023e-05,23771
7980.73,0.00154022,1.54022e-05,23772
7980.75,0.00154021,1.54021e-05,23773
7980.78,0.0015402,1.5402e-05,23774
7980.8,0.0015402,1.5402e-05,23775
7980.82,0.00154019,1.54019e-05,23776
7980.85,0.00154018,1.54018e-05,23777
7980.87,0.00154017,1.54017e-05,23778
7980.89,0.00154016,1.54016e-05,23779
7980.9,0.00154016,1.54016e-05,23780
7980.92,0.00154015,1.54015e-05,23781
7980.94,0.00154014,1.54014e-05,23782
7980.95,0.00154014,1.54014e-05,23783
7980.97,0.00154013,1.54013e-05,23784
7980.98,0.00154013,1.54013e-05,23785
7980.99,0.00154012,1.54012e-05,23786
7981,0.00154012,1.54012e-05,23787
7981.01,0.00154012,1.54012e-05,23788
7981.02,0.00154011,1.54011e-05,23789
7981.02,0.00154011,1.54011e-05,23790
7981.03,0.00154011,1.54011e-05,23791
7981.03,0.00154011,1.54011e-05,23792
7981.04,0.00154011,1.54011e-05,23793
7981.04,0.0015401,1.5401e-05,23794
7981.04,0.0015401,1.5401e-05,23795
7981.04,0.00154011,1.54011e-05,23796
7981.04,0.00154011,1.54011e-05,23797
7981.03,0.00154011,1.54011e-05,23798
7981.03,0.00154011,1.54011e-05,23799
7981.02,0.00154011,1.54011e-05,23800
7981.02,0.00154011,1.54011e-05,23801
7981.01,0.00154012,1.54012e-05,23802
7981,0.00154012,1.54012e-05,23803
7980.99,0.00154012,1.54012e-05,23804
7980.98,0.00154013,1.54013e-05,23805
7980.97,0.00154013,1.54013e-05,23806
7980.96,0.00154014,1.54014e-05,23807
7980.94,0.00154014,1.54014e-05,23808
7980.93,0.00154015,1.54015e-05,23809
7980.91,0.00154015,1.54015e-05,23810
7980.89,0.00154016,1.54016e-05,23811
7980.87,0.00154017,1.54017e-05,23812
7980.85,0.00154018,1.54018e-05,23813
7980.83,0.00154018,1.54018e-05,23814
7980.81,0.00154019,1.54019e-05,23815
7980.79,0.0015402,1.5402e-05,23816
7980.76,0.00154021,1.54021e-05,23817
7980.74,0.00154022,1.54022e-05,23818
7980.71,0.00154023,1.54023e-05,23819
7980.68,0.00154024,1.54024e-05,23820
7980.65,0.00154025,1.54025e-05,23821
7980.62,0.00154027,1.54027e-05,23822
7980.59,0.00154028,1.54028e-05,23823
7980.55,0.00154029,1.54029e-05,23824
7980.52,0.0015403,1.5403e-05,23825
7980.49,0.00154032,1.54032e-05,23826
7980.45,0.00154033,1.54033e-05,23827
7980.41,0.00154035,1.54035e-05,23828
7980.37,0.00154036,1.54036e-05,23829
7980.33,0.00154038,1.54038e-05,23830
7980.29,0.00154039,1.54039e-05,23831
7980.25,0.00154041,1.54041e-05,23832
7980.21,0.00154043,1.54043e-05,23833
7980.16,0.00154044,1.54044e-05,23834
7980.12,0.00154046,1.54046e-05,23835
7980.07,0.00154048,1.54048e-05,23836
7980.02,0.0015405,1.5405e-05,23837
7979.97,0.00154052,1.54052e-05,23838
7979.92,0.00154053,1.54053e-05,23839
7979.87,0.00154055,1.54055e-05,23840
7979.82,0.00154057,1.54057e-05,23841
7979.77,0.0015406,1.5406e-05,23842
7979.71,0.00154062,1.54062e-05,23843
7979.65,0.00154064,1.54064e-05,23844
7979.6,0.00154066,1.54066e-05,23845
7979.54,0.00154068,1.54068e-05,23846
7979.48,0.00154071,1.54071e-05,23847
7979.42,0.00154073,1.54073e-05,23848
7979.36,0.00154075,1.54075e-05,23849
7979.29,0.00154078,1.54078e-05,23850
7979.23,0.0015408,1.5408e-05,23851
7979.17,0.00154083,1.54083e-05,23852
7979.1,0.00154085,1.54085e-05,23853
7979.03,0.00154088,1.54088e-05,23854
7978.96,0.00154091,1.54091e-05,23855
7978.89,0.00154093,1.54093e-05,23856
7978.82,0.00154096,1.54096e-05,23857
7978.75,0.00154099,1.54099e-05,23858
7978.68,0.00154102,1.54102e-05,23859
7978.6,0.00154105,1.54105e-05,23860
7978.53,0.00154107,1.54107e-05,23861
7978.45,0.0015411,1.5411e-05,23862
7978.37,0.00154113,1.54113e-05,23863
7978.29,0.00154116,1.54116e-05,23864
7978.21,0.0015412,1.5412e-05,23865
7978.13,0.00154123,1.54123e-05,23866
7978.05,0.00154126,1.54126e-05,23867
7977.96,0.00154129,1.54129e-05,23868
7977.88,0.00154132,1.54132e-05,23869
7977.79,0.00154136,1.54136e-05,23870
7977.71,0.00154139,1.54139e-05,23871
7977.62,0.00154143,1.54143e-05,23872
7977.53,0.00154146,1.54146e-05,23873
7977.44,0.0015415,1.5415e-05,23874
7977.35,0.00154153,1.54153e-05,23875
7977.25,0.00154157,1.54157e-05,23876
7977.16,0.0015416,1.5416e-05,23877
7977.06,0.00154164,1.54164e-05,23878
7976.97,0.00154168,1.54168e-05,23879
7976.87,0.00154172,1.54172e-05,23880
7976.77,0.00154175,1.54175e-05,23881
7976.67,0.00154179,1.54179e-05,23882
7976.57,0.00154183,1.54183e-05,23883
7976.47,0.00154187,1.54187e-05,23884
7976.36,0.00154191,1.54191e-05,23885
7976.26,0.00154195,1.54195e-05,23886
7976.15,0.00154199,1.54199e-05,23887
7976.05,0.00154203,1.54203e-05,23888
7975.94,0.00154208,1.54208e-05,23889
7975.83,0.00154212,1.54212e-05,23890
7975.72,0.00154216,1.54216e-05,23891
7975.61,0.0015422,1.5422e-05,23892
7975.49,0.00154225,1.54225e-05,23893
7975.38,0.00154229,1.54229e-05,23894
7975.26,0.00154234,1.54234e-05,23895
7975.15,0.00154238,1.54238e-05,23896
7975.03,0.00154243,1.54243e-05,23897
7974.91,0.00154247,1.54247e-05,23898
7974.79,0.00154252,1.54252e-05,23899
7974.67,0.00154256,1.54256e-05,23900
7974.55,0.00154261,1.54261e-05,23901
7974.43,0.00154266,1.54266e-05,23902
7974.3,0.00154271,1.54271e-05,23903
7974.18,0.00154276,1.54276e-05,23904
7974.05,0.00154281,1.54281e-05,23905
7973.92,0.00154285,1.54285e-05,23906
7973.79,0.0015429,1.5429e-05,23907
7973.66,0.00154295,1.54295e-05,23908
7973.53,0.00154301,1.54301e-05,23909
7973.4,0.00154306,1.54306e-05,23910
7973.27,0.00154311,1.54311e-05,23911
7973.13,0.00154316,1.54316e-05,23912
7973,0.00154321,1.54321e-05,23913
7972.86,0.00154327,1.54327e-05,23914
7972.72,0.00154332,1.54332e-05,23915
7972.58,0.00154337,1.54337e-05,23916
7972.44,0.00154343,1.54343e-05,23917
7972.3,0.00154348,1.54348e-05,23918
7972.16,0.00154354,1.54354e-05,23919
7972.01,0.00154359,1.54359e-05,23920
7971.87,0.00154365,1.54365e-05,23921
7971.72,0.00154371,1.54371e-05,23922
7971.57,0.00154376,1.54376e-05,23923
7971.42,0.00154382,1.54382e-05,23924
7971.28,0.00154388,1.54388e-05,23925
7971.12,0.00154394,1.54394e-05,23926
7970.97,0.001544,1.544e-05,23927
7970.82,0.00154406,1.54406e-05,23928
7970.66,0.00154412,1.54412e-05,23929
7970.51,0.00154418,1.54418e-05,23930
7970.35,0.00154424,1.54424e-05,23931
7970.19,0.0015443,1.5443e-05,23932
7970.03,0.00154436,1.54436e-05,23933
7969.87,0.00154442,1.54442e-05,23934
7969.71,0.00154448,1.54448e-05,23935
7969.55,0.00154455,1.54455e-05,23936
7969.39,0.00154461,1.54461e-05,23937
7969.22,0.00154468,1.54468e-05,23938
7969.06,0.00154474,1.54474e-05,23939
7968.89,0.0015448,1.5448e-05,23940
7968.72,0.00154487,1.54487e-05,23941
7968.55,0.00154494,1.54494e-05,23942
7968.38,0.001545,1.545e-05,23943
7968.21,0.00154507,1.54507e-05,23944
7968.03,0.00154514,1.54514e-05,23945
7967.86,0.0015452,1.5452e-05,23946
7967.69,0.00154527,1.54527e-05,23947
7967.51,0.00154534,1.54534e-05,23948
7967.33,0.00154541,1.54541e-05,23949
7967.15,0.00154548,1.54548e-05,23950
7966.97,0.00154555,1.54555e-05,23951
7966.79,0.00154562,1.54562e-05,23952
7966.61,0.00154569,1.54569e-05,23953
7966.43,0.00154576,1.54576e-05,23954
7966.24,0.00154583,1.54583e-05,23955
7966.06,0.0015459,1.5459e-05,23956
7965.87,0.00154598,1.54598e-05,23957
7965.68,0.00154605,1.54605e-05,23958
7965.49,0.00154612,1.54612e-05,23959
7965.3,0.0015462,1.5462e-05,23960
7965.11,0.00154627,1.54627e-05,23961
7964.92,0.00154635,1.54635e-05,23962
7964.72,0.00154642,1.54642e-05,23963
7964.53,0.0015465,1.5465e-05,23964
7964.33,0.00154657,1.54657e-05,23965
7964.13,0.00154665,1.54665e-05,23966
7963.94,0.00154673,1.54673e-05,23967
7963.74,0.0015468,1.5468e-05,23968
7963.53,0.00154688,1.54688e-05,23969
7963.33,0.00154696,1.54696e-05,23970
7963.13,0.00154704,1.54704e-05,23971
7962.92,0.00154712,1.54712e-05,23972
7962.72,0.0015472,1.5472e-05,23973
7962.51,0.00154728,1.54728e-05,23974
7962.31,0.00154736,1.54736e-05,23975
7962.1,0.00154744,1.54744e-05,23976
7961.89,0.00154752,1.54752e-05,23977
7961.67,0.00154761,1.54761e-05,23978
7961.46,0.00154769,1.54769e-05,23979
7961.25,0.00154777,1.54777e-05,23980
7961.03,0.00154785,1.54785e-05,23981
7960.82,0.00154794,1.54794e-05,23982
7960.6,0.00154802,1.54802e-05,23983
7960.38,0.00154811,1.54811e-05,23984
7960.16,0.00154819,1.54819e-05,23985
7959.94,0.00154828,1.54828e-05,23986
7959.72,0.00154836,1.54837e-05,23987
7959.5,0.00154845,1.54845e-05,23988
7959.27,0.00154854,1.54854e-05,23989
7959.05,0.00154863,1.54863e-05,23990
7958.82,0.00154871,1.54871e-05,23991
7958.59,0.0015488,1.5488e-05,23992
7958.37,0.00154889,1.54889e-05,23993
7958.14,0.00154898,1.54898e-05,23994
7957.9,0.00154907,1.54907e-05,23995
7957.67,0.00154916,1.54916e-05,23996
7957.44,0.00154925,1.54925e-05,23997
7957.2,0.00154934,1.54934e-05,23998
7956.97,0.00154944,1.54944e-05,23999
7956.73,0.00154953,1.54953e-05,24000
7956.49,0.00154962,1.54962e-05,24001
7956.25,0.00154971,1.54971e-05,24002
7956.01,0.00154981,1.54981e-05,24003
7955.77,0.0015499,1.5499e-05,24004
7955.53,0.00155,1.55e-05,24005
7955.28,0.00155009,1.55009e-05,24006
7955.04,0.00155019,1.55019e-05,24007
7954.79,0.00155028,1.55028e-05,24008
7954.55,0.00155038,1.55038e-05,24009
7954.3,0.00155048,1.55048e-05,24010
7954.05,0.00155057,1.55057e-05,24011
7953.8,0.00155067,1.55067e-05,24012
7953.54,0.00155077,1.55077e-05,24013
7953.29,0.00155087,1.55087e-05,24014
7953.04,0.00155097,1.55097e-05,24015
7952.78,0.00155107,1.55107e-05,24016
7952.53,0.00155117,1.55117e-05,24017
7952.27,0.00155127,1.55127e-05,24018
7952.01,0.00155137,1.55137e-05,24019
7951.75,0.00155147,1.55147e-05,24020
7951.49,0.00155157,1.55157e-05,24021
7951.22,0.00155168,1.55168e-05,24022
7950.96,0.00155178,1.55178e-05,24023
7950.7,0.00155188,1.55188e-05,24024
7950.43,0.00155199,1.55199e-05,24025
7950.16,0.00155209,1.55209e-05,24026
7949.89,0.0015522,1.5522e-05,24027
7949.62,0.0015523,1.5523e-05,24028
7949.35,0.00155241,1.55241e-05,24029
7949.08,0.00155251,1.55251e-05,24030
7948.81,0.00155262,1.55262e-05,24031
7948.54,0.00155273,1.55273e-05,24032
7948.26,0.00155283,1.55283e-05,24033
7947.98,0.00155294,1.55294e-05,24034
7947.71,0.00155305,1.55305e-05,24035
7947.43,0.00155316,1.55316e-05,24036
7947.15,0.00155327,1.55327e-05,24037
7946.87,0.00155338,1.55338e-05,24038
7946.58,0.00155349,1.55349e-05,24039
7946.3,0.0015536,1.5536e-05,24040
7946.02,0.00155371,1.55371e-05,24041
7945.73,0.00155382,1.55382e-05,24042
7945.44,0.00155393,1.55393e-05,24043
7945.15,0.00155405,1.55405e-05,24044
7944.87,0.00155416,1.55416e-05,24045
7944.58,0.00155427,1.55427e-05,24046
7944.28,0.00155439,1.55439e-05,24047
7943.99,0.0015545,1.5545e-05,24048
7943.7,0.00155462,1.55462e-05,24049
7943.4,0.00155473,1.55473e-05,24050
7943.11,0.00155485,1.55485e-05,24051
7942.81,0.00155497,1.55497e-05,24052
7942.51,0.00155508,1.55508e-05,24053
7942.21,0.0015552,1.5552e-05,24054
7941.91,0.00155532,1.55532e-05,24055
7941.61,0.00155544,1.55544e-05,24056
7941.3,0.00155556,1.55556e-05,24057
7941,0.00155567,1.55567e-05,24058
7940.69,0.00155579,1.55579e-05,24059
7940.39,0.00155591,1.55591e-05,24060
7940.08,0.00155604,1.55604e-05,24061
7939.77,0.00155616,1.55616e-05,24062
7939.46,0.00155628,1.55628e-05,24063
7939.15,0.0015564,1.5564e-05,24064
7938.84,0.00155652,1.55652e-05,24065
7938.52,0.00155665,1.55665e-05,24066
7938.21,0.00155677,1.55677e-05,24067
7937.89,0.00155689,1.55689e-05,24068
7937.57,0.00155702,1.55702e-05,24069
7937.25,0.00155714,1.55714e-05,24070
7936.93,0.00155727,1.55727e-05,24071
7936.61,0.00155739,1.55739e-05,24072
7936.29,0.00155752,1.55752e-05,24073
7935.97,0.00155765,1.55765e-05,24074
7935.64,0.00155777,1.55777e-05,24075
7935.32,0.0015579,1.5579e-05,24076
7934.99,0.00155803,1.55803e-05,24077
7934.66,0.00155816,1.55816e-05,24078
7934.34,0.00155829,1.55829e-05,24079
7934.01,0.00155842,1.55842e-05,24080
7933.67,0.00155855,1.55855e-05,24081
7933.34,0.00155868,1.55868e-05,24082
7933.01,0.00155881,1.55881e-05,24083
7932.67,0.00155894,1.55894e-05,24084
7932.34,0.00155907,1.55907e-05,24085
7932,0.00155921,1.55921e-05,24086
7931.66,0.00155934,1.55934e-05,24087
7931.32,0.00155947,1.55947e-05,24088
7930.98,0.00155961,1.55961e-05,24089
7930.64,0.00155974,1.55974e-05,24090
7930.3,0.00155988,1.55988e-05,24091
7929.95,0.00156001,1.56001e-05,24092
7929.61,0.00156015,1.56015e-05,24093
7929.26,0.00156028,1.56028e-05,24094
7928.91,0.00156042,1.56042e-05,24095
7928.56,0.00156056,1.56056e-05,24096
7928.21,0.0015607,1.5607e-05,24097
7927.86,0.00156083,1.56083e-05,24098
7927.51,0.00156097,1.56097e-05,24099
7927.16,0.00156111,1.56111e-05,24100
7926.8,0.00156125,1.56125e-05,24101
7926.45,0.00156139,1.56139e-05,24102
7926.09,0.00156153,1.56153e-05,24103
7925.73,0.00156167,1.56167e-05,24104
7925.37,0.00156182,1.56182e-05,24105
7925.01,0.00156196,1.56196e-05,24106
7924.65,0.0015621,1.5621e-05,24107
7924.29,0.00156224,1.56224e-05,24108
7923.92,0.00156239,1.56239e-05,24109
7923.56,0.00156253,1.56253e-05,24110
7923.19,0.00156268,1.56268e-05,24111
7922.82,0.00156282,1.56282e-05,24112
7922.45,0.00156297,1.56297e-05,24113
7922.08,0.00156311,1.56311e-05,24114
7921.71,0.00156326,1.56326e-05,24115
7921.34,0.00156341,1.56341e-05,24116
7920.97,0.00156355,1.56355e-05,24117
7920.59,0.0015637,1.5637e-05,24118
7920.22,0.00156385,1.56385e-05,24119
7919.84,0.001564,1.564e-05,24120
7919.46,0.00156415,1.56415e-05,24121
7919.08,0.0015643,1.5643e-05,24122
7918.7,0.00156445,1.56445e-05,24123
7918.32,0.0015646,1.5646e-05,24124
7917.94,0.00156475,1.56475e-05,24125
7917.55,0.0015649,1.5649e-05,24126
7917.17,0.00156505,1.56505e-05,24127
7916.78,0.00156521,1.56521e-05,24128
7916.39,0.00156536,1.56536e-05,24129
7916.01,0.00156551,1.56551e-05,24130
7915.62,0.00156567,1.56567e-05,24131
7915.23,0.00156582,1.56582e-05,24132
7914.83,0.00156598,1.56598e-05,24133
7914.44,0.00156613,1.56613e-05,24134
7914.05,0.00156629,1.56629e-05,24135
7913.65,0.00156645,1.56645e-05,24136
7913.25,0.0015666,1.5666e-05,24137
7912.85,0.00156676,1.56676e-05,24138
7912.46,0.00156692,1.56692e-05,24139
7912.06,0.00156708,1.56708e-05,24140
7911.65,0.00156724,1.56724e-05,24141
7911.25,0.0015674,1.5674e-05,24142
7910.85,0.00156756,1.56756e-05,24143
7910.44,0.00156772,1.56772e-05,24144
7910.04,0.00156788,1.56788e-05,24145
7909.63,0.00156804,1.56804e-05,24146
7909.22,0.0015682,1.5682e-05,24147
7908.81,0.00156836,1.56836e-05,24148
7908.4,0.00156853,1.56853e-05,24149
7907.99,0.00156869,1.56869e-05,24150
7907.57,0.00156885,1.56885e-05,24151
7907.16,0.00156902,1.56902e-05,24152
7906.74,0.00156918,1.56918e-05,24153
7906.33,0.00156935,1.56935e-05,24154
7905.91,0.00156952,1.56952e-05,24155
7905.49,0.00156968,1.56968e-05,24156
7905.07,0.00156985,1.56985e-05,24157
7904.65,0.00157002,1.57002e-05,24158
7904.22,0.00157018,1.57018e-05,24159
7903.8,0.00157035,1.57035e-05,24160
7903.37,0.00157052,1.57052e-05,24161
7902.95,0.00157069,1.57069e-05,24162
7902.52,0.00157086,1.57086e-05,24163
7902.09,0.00157103,1.57103e-05,24164
7901.66,0.0015712,1.5712e-05,24165
7901.23,0.00157137,1.57137e-05,24166
7900.8,0.00157155,1.57155e-05,24167
7900.37,0.00157172,1.57172e-05,24168
7899.93,0.00157189,1.57189e-05,24169
7899.5,0.00157206,1.57206e-05,24170
7899.06,0.00157224,1.57224e-05,24171
7898.62,0.00157241,1.57241e-05,24172
7898.18,0.00157259,1.57259e-05,24173
7897.74,0.00157276,1.57276e-05,24174
7897.3,0.00157294,1.57294e-05,24175
7896.86,0.00157312,1.57312e-05,24176
7896.41,0.00157329,1.57329e-05,24177
7895.97,0.00157347,1.57347e-05,24178
7895.52,0.00157365,1.57365e-05,24179
7895.07,0.00157383,1.57383e-05,24180
7894.62,0.001574,1.574e-05,24181
7894.17,0.00157418,1.57418e-05,24182
7893.72,0.00157436,1.57436e-05,24183
7893.27,0.00157454,1.57454e-05,24184
7892.82,0.00157473,1.57473e-05,24185
7892.36,0.00157491,1.57491e-05,24186
7891.91,0.00157509,1.57509e-05,24187
7891.45,0.00157527,1.57527e-05,24188
7890.99,0.00157545,1.57545e-05,24189
7890.53,0.00157564,1.57564e-05,24190
7890.07,0.00157582,1.57582e-05,24191
7889.61,0.00157601,1.57601e-05,24192
7889.15,0.00157619,1.57619e-05,24193
7888.69,0.00157638,1.57638e-05,24194
7888.22,0.00157656,1.57656e-05,24195
7887.75,0.00157675,1.57675e-05,24196
7887.29,0.00157694,1.57694e-05,24197
7886.82,0.00157712,1.57712e-05,24198
7886.35,0.00157731,1.57731e-05,24199
7885.88,0.0015775,1.5775e-05,24200
7885.4,0.00157769,1.57769e-05,24201
7884.93,0.00157788,1.57788e-05,24202
7884.46,0.00157807,1.57807e-05,24203
7883.98,0.00157826,1.57826e-05,24204
7883.5,0.00157845,1.57845e-05,24205
7883.03,0.00157864,1.57864e-05,24206
7882.55,0.00157883,1.57883e-05,24207
7882.06,0.00157902,1.57902e-05,24208
7881.58,0.00157922,1.57922e-05,24209
7881.1,0.00157941,1.57941e-05,24210
7880.62,0.00157961,1.57961e-05,24211
7880.13,0.0015798,1.5798e-05,24212
7879.64,0.00158,1.58e-05,24213
7879.16,0.00158019,1.58019e-05,24214
7878.67,0.00158039,1.58039e-05,24215
7878.18,0.00158058,1.58058e-05,24216
7877.69,0.00158078,1.58078e-05,24217
7877.2,0.00158098,1.58098e-05,24218
7876.7,0.00158118,1.58118e-05,24219
7876.21,0.00158137,1.58137e-05,24220
7875.71,0.00158157,1.58157e-05,24221
7875.21,0.00158177,1.58177e-05,24222
7874.72,0.00158197,1.58197e-05,24223
7874.22,0.00158217,1.58217e-05,24224
7873.72,0.00158238,1.58238e-05,24225
7873.21,0.00158258,1.58258e-05,24226
7872.71,0.00158278,1.58278e-05,24227
7872.21,0.00158298,1.58298e-05,24228
7871.7,0.00158319,1.58319e-05,24229
7871.19,0.00158339,1.58339e-05,24230
7870.69,0.00158359,1.58359e-05,24231
7870.18,0.0015838,1.5838e-05,24232
7869.67,0.001584,1.584e-05,24233
7869.16,0.00158421,1.58421e-05,24234
7868.64,0.00158442,1.58442e-05,24235
7868.13,0.00158462,1.58462e-05,24236
7867.62,0.00158483,1.58483e-05,24237
7867.1,0.00158504,1.58504e-05,24238
7866.58,0.00158525,1.58525e-05,24239
7866.06,0.00158546,1.58546e-05,24240
7865.54,0.00158567,1.58567e-05,24241
7865.02,0.00158588,1.58588e-05,24242
7864.5,0.00158609,1.58609e-05,24243
7863.98,0.0015863,1.5863e-05,24244
7863.45,0.00158651,1.58651e-05,24245
7862.93,0.00158672,1.58672e-05,24246
7862.4,0.00158693,1.58693e-05,24247
7861.87,0.00158715,1.58715e-05,24248
7861.34,0.00158736,1.58736e-05,24249
7860.81,0.00158757,1.58757e-05,24250
7860.28,0.00158779,1.58779e-05,24251
7859.75,0.001588,1.588e-05,24252
7859.22,0.00158822,1.58822e-05,24253
7858.68,0.00158844,1.58844e-05,24254
7858.14,0.00158865,1.58865e-05,24255
7857.61,0.00158887,1.58887e-05,24256
7857.07,0.00158909,1.58909e-05,24257
7856.53,0.00158931,1.58931e-05,24258
7855.99,0.00158953,1.58953e-05,24259
7855.45,0.00158974,1.58974e-05,24260
7854.9,0.00158996,1.58996e-05,24261
7854.36,0.00159019,1.59019e-05,24262
7853.81,0.00159041,1.59041e-05,24263
7853.27,0.00159063,1.59063e-05,24264
7852.72,0.00159085,1.59085e-05,24265
7852.17,0.00159107,1.59107e-05,24266
7851.62,0.0015913,1.5913e-05,24267
7851.07,0.00159152,1.59152e-05,24268
7850.51,0.00159174,1.59174e-05,24269
7849.96,0.00159197,1.59197e-05,24270
7849.4,0.00159219,1.59219e-05,24271
7848.85,0.00159242,1.59242e-05,24272
7848.29,0.00159264,1.59264e-05,24273
7847.73,0.00159287,1.59287e-05,24274
7847.17,0.0015931,1.5931e-05,24275
7846.61,0.00159333,1.59333e-05,24276
7846.05,0.00159355,1.59355e-05,24277
7845.48,0.00159378,1.59378e-05,24278
7844.92,0.00159401,1.59401e-05,24279
7844.35,0.00159424,1.59424e-05,24280
7843.79,0.00159447,1.59447e-05,24281
7843.22,0.0015947,1.5947e-05,24282
7842.65,0.00159494,1.59494e-05,24283
7842.08,0.00159517,1.59517e-05,24284
7841.51,0.0015954,1.5954e-05,24285
7840.93,0.00159563,1.59563e-05,24286
7840.36,0.00159587,1.59587e-05,24287
7839.78,0.0015961,1.5961e-05,24288
7839.21,0.00159634,1.59634e-05,24289
7838.63,0.00159657,1.59657e-05,24290
7838.05,0.00159681,1.59681e-05,24291
7837.47,0.00159704,1.59704e-05,24292
7836.89,0.00159728,1.59728e-05,24293
7836.31,0.00159752,1.59752e-05,24294
7835.72,0.00159776,1.59776e-05,24295
7835.14,0.001598,1.598e-05,24296
7834.55,0.00159824,1.59824e-05,24297
7833.96,0.00159847,1.59847e-05,24298
7833.38,0.00159872,1.59872e-05,24299
7832.79,0.00159896,1.59896e-05,24300
7832.2,0.0015992,1.5992e-05,24301
7831.6,0.00159944,1.59944e-05,24302
7831.01,0.00159968,1.59968e-05,24303
7830.42,0.00159992,1.59992e-05,24304
7829.82,0.00160017,1.60017e-05,24305
7829.22,0.00160041,1.60041e-05,24306
7828.62,0.00160066,1.60066e-05,24307
7828.03,0.0016009,1.6009e-05,24308
7827.42,0.00160115,1.60115e-05,24309
7826.82,0.00160139,1.60139e-05,24310
7826.22,0.00160164,1.60164e-05,24311
7825.62,0.00160189,1.60189e-05,24312
7825.01,0.00160213,1.60213e-05,24313
7824.4,0.00160238,1.60238e-05,24314
7823.8,0.00160263,1.60263e-05,24315
7823.19,0.00160288,1.60288e-05,24316
7822.58,0.00160313,1.60313e-05,24317
7821.97,0.00160338,1.60338e-05,24318
7821.35,0.00160363,1.60363e-05,24319
7820.74,0.00160389,1.60389e-05,24320
7820.13,0.00160414,1.60414e-05,24321
7819.51,0.00160439,1.60439e-05,24322
7818.89,0.00160464,1.60464e-05,24323
7818.27,0.0016049,1.6049e-05,24324
7817.65,0.00160515,1.60515e-05,24325
7817.03,0.00160541,1.60541e-05,24326
7816.41,0.00160566,1.60566e-05,24327
7815.79,0.00160592,1.60592e-05,24328
7815.16,0.00160617,1.60617e-05,24329
7814.54,0.00160643,1.60643e-05,24330
7813.91,0.00160669,1.60669e-05,24331
7813.28,0.00160695,1.60695e-05,24332
7812.65,0.00160721,1.60721e-05,24333
7812.03,0.00160747,1.60747e-05,24334
7811.39,0.00160773,1.60773e-05,24335
7810.76,0.00160799,1.60799e-05,24336
7810.13,0.00160825,1.60825e-05,24337
7809.49,0.00160851,1.60851e-05,24338
7808.85,0.00160877,1.60877e-05,24339
7808.22,0.00160903,1.60903e-05,24340
7807.58,0.0016093,1.6093e-05,24341
7806.94,0.00160956,1.60956e-05,24342
7806.3,0.00160983,1.60983e-05,24343
7805.65,0.00161009,1.61009e-05,24344
7805.01,0.00161036,1.61036e-05,24345
7804.37,0.00161062,1.61062e-05,24346
7803.72,0.00161089,1.61089e-05,24347
7803.07,0.00161116,1.61116e-05,24348
7802.42,0.00161142,1.61142e-05,24349
7801.78,0.00161169,1.61169e-05,24350
7801.12,0.00161196,1.61196e-05,24351
7800.47,0.00161223,1.61223e-05,24352
7799.82,0.0016125,1.6125e-05,24353
7799.16,0.00161277,1.61277e-05,24354
7798.51,0.00161304,1.61304e-05,24355
7797.85,0.00161331,1.61331e-05,24356
7797.19,0.00161359,1.61359e-05,24357
7796.53,0.00161386,1.61386e-05,24358
7795.87,0.00161413,1.61413e-05,24359
7795.21,0.00161441,1.61441e-05,24360
7794.55,0.00161468,1.61468e-05,24361
7793.89,0.00161496,1.61496e-05,24362
7793.22,0.00161523,1.61523e-05,24363
7792.55,0.00161551,1.61551e-05,24364
7791.89,0.00161579,1.61579e-05,24365
7791.22,0.00161606,1.61606e-05,24366
7790.55,0.00161634,1.61634e-05,24367
7789.88,0.00161662,1.61662e-05,24368
7789.2,0.0016169,1.6169e-05,24369
7788.53,0.00161718,1.61718e-05,24370
7787.85,0.00161746,1.61746e-05,24371
7787.18,0.00161774,1.61774e-05,24372
7786.5,0.00161802,1.61802e-05,24373
7785.82,0.0016183,1.6183e-05,24374
7785.14,0.00161859,1.61859e-05,24375
7784.46,0.00161887,1.61887e-05,24376
7783.78,0.00161915,1.61915e-05,24377
7783.1,0.00161944,1.61944e-05,24378
7782.41,0.00161972,1.61972e-05,24379
7781.73,0.00162001,1.62001e-05,24380
7781.04,0.00162029,1.62029e-05,24381
7780.35,0.00162058,1.62058e-05,24382
7779.66,0.00162087,1.62087e-05,24383
7778.97,0.00162116,1.62115e-05,24384
7778.28,0.00162144,1.62144e-05,24385
7777.59,0.00162173,1.62173e-05,24386
7776.89,0.00162202,1.62202e-05,24387
7776.2,0.00162231,1.62231e-05,24388
7775.5,0.0016226,1.6226e-05,24389
7774.8,0.00162289,1.62289e-05,24390
7774.11,0.00162319,1.62319e-05,24391
7773.41,0.00162348,1.62348e-05,24392
7772.7,0.00162377,1.62377e-05,24393
7772,0.00162406,1.62406e-05,24394
7771.3,0.00162436,1.62436e-05,24395
7770.59,0.00162465,1.62465e-05,24396
7769.89,0.00162495,1.62495e-05,24397
7769.18,0.00162525,1.62525e-05,24398
7768.47,0.00162554,1.62554e-05,24399
7767.76,0.00162584,1.62584e-05,24400
7767.05,0.00162614,1.62614e-05,24401
7766.34,0.00162643,1.62644e-05,24402
7765.62,0.00162673,1.62673e-05,24403
7764.91,0.00162703,1.62703e-05,24404
7764.19,0.00162733,1.62733e-05,24405
7763.48,0.00162763,1.62763e-05,24406
7762.76,0.00162793,1.62793e-05,24407
7762.04,0.00162824,1.62824e-05,24408
7761.32,0.00162854,1.62854e-05,24409
7760.6,0.00162884,1.62884e-05,24410
7759.87,0.00162915,1.62915e-05,24411
7759.15,0.00162945,1.62945e-05,24412
7758.42,0.00162975,1.62975e-05,24413
7757.69,0.00163006,1.63006e-05,24414
7756.97,0.00163037,1.63037e-05,24415
7756.24,0.00163067,1.63067e-05,24416
7755.51,0.00163098,1.63098e-05,24417
7754.78,0.00163129,1.63129e-05,24418
7754.04,0.0016316,1.6316e-05,24419
7753.31,0.00163191,1.63191e-05,24420
7752.57,0.00163221,1.63221e-05,24421
7751.84,0.00163252,1.63252e-05,24422
7751.1,0.00163284,1.63284e-05,24423
7750.36,0.00163315,1.63315e-05,24424
7749.62,0.00163346,1.63346e-05,24425
7748.88,0.00163377,1.63377e-05,24426
7748.14,0.00163408,1.63408e-05,24427
7747.39,0.0016344,1.6344e-05,24428
7746.65,0.00163471,1.63471e-05,24429
7745.9,0.00163503,1.63503e-05,24430
7745.15,0.00163534,1.63534e-05,24431
7744.4,0.00163566,1.63566e-05,24432
7743.65,0.00163598,1.63598e-05,24433
7742.9,0.00163629,1.63629e-05,24434
7742.15,0.00163661,1.63661e-05,24435
7741.4,0.00163693,1.63693e-05,24436
7740.64,0.00163725,1.63725e-05,24437
7739.89,0.00163757,1.63757e-05,24438
7739.13,0.00163789,1.63789e-05,24439
7738.37,0.00163821,1.63821e-05,24440
7737.61,0.00163853,1.63853e-05,24441
7736.85,0.00163886,1.63886e-05,24442
7736.09,0.00163918,1.63918e-05,24443
7735.32,0.0016395,1.6395e-05,24444
7734.56,0.00163983,1.63983e-05,24445
7733.79,0.00164015,1.64015e-05,24446
7733.03,0.00164048,1.64048e-05,24447
7732.26,0.0016408,1.6408e-05,24448
7731.49,0.00164113,1.64113e-05,24449
7730.72,0.00164146,1.64146e-05,24450
7729.95,0.00164178,1.64178e-05,24451
7729.18,0.00164211,1.64211e-05,24452
7728.4,0.00164244,1.64244e-05,24453
7727.63,0.00164277,1.64277e-05,24454
7726.85,0.0016431,1.6431e-05,24455
7726.07,0.00164343,1.64343e-05,24456
7725.29,0.00164376,1.64376e-05,24457
7724.51,0.0016441,1.6441e-05,24458
7723.73,0.00164443,1.64443e-05,24459
7722.95,0.00164476,1.64476e-05,24460
7722.16,0.0016451,1.6451e-05,24461
7721.38,0.00164543,1.64543e-05,24462
7720.59,0.00164577,1.64577e-05,24463
7719.8,0.0016461,1.6461e-05,24464
7719.01,0.00164644,1.64644e-05,24465
7718.22,0.00164678,1.64678e-05,24466
7717.43,0.00164711,1.64711e-05,24467
7716.64,0.00164745,1.64745e-05,24468
7715.85,0.00164779,1.64779e-05,24469
7715.05,0.00164813,1.64813e-05,24470
7714.25,0.00164847,1.64847e-05,24471
7713.46,0.00164881,1.64881e-05,24472
7712.66,0.00164915,1.64915e-05,24473
7711.86,0.0016495,1.6495e-05,24474
7711.06,0.00164984,1.64984e-05,24475
7710.25,0.00165018,1.65018e-05,24476
7709.45,0.00165053,1.65053e-05,24477
7708.65,0.00165087,1.65087e-05,24478
7707.84,0.00165122,1.65122e-05,24479
7707.03,0.00165156,1.65156e-05,24480
7706.22,0.00165191,1.65191e-05,24481
7705.41,0.00165225,1.65225e-05,24482
7704.6,0.0016526,1.6526e-05,24483
7703.79,0.00165295,1.65295e-05,24484
7702.98,0.0016533,1.6533e-05,24485
7702.16,0.00165365,1.65365e-05,24486
7701.35,0.001654,1.654e-05,24487
7700.53,0.00165435,1.65435e-05,24488
7699.71,0.0016547,1.6547e-05,24489
7698.89,0.00165506,1.65506e-05,24490
7698.07,0.00165541,1.65541e-05,24491
7697.25,0.00165576,1.65576e-05,24492
7696.43,0.00165612,1.65612e-05,24493
7695.6,0.00165647,1.65647e-05,24494
7694.78,0.00165683,1.65683e-05,24495
7693.95,0.00165718,1.65718e-05,24496
7693.12,0.00165754,1.65754e-05,24497
7692.29,0.0016579,1.6579e-05,24498
7691.46,0.00165826,1.65826e-05,24499
7690.63,0.00165861,1.65861e-05,24500
7689.8,0.00165897,1.65897e-05,24501
7688.96,0.00165933,1.65933e-05,24502
7688.13,0.00165969,1.65969e-05,24503
7687.29,0.00166006,1.66006e-05,24504
7686.45,0.00166042,1.66042e-05,24505
7685.61,0.00166078,1.66078e-05,24506
7684.77,0.00166114,1.66114e-05,24507
7683.93,0.00166151,1.66151e-05,24508
7683.09,0.00166187,1.66187e-05,24509
7682.24,0.00166224,1.66224e-05,24510
7681.4,0.0016626,1.6626e-05,24511
7680.55,0.00166297,1.66297e-05,24512
7679.7,0.00166334,1.66334e-05,24513
7678.85,0.0016637,1.6637e-05,24514
7678,0.00166407,1.66407e-05,24515
7677.15,0.00166444,1.66444e-05,24516
7676.3,0.00166481,1.66481e-05,24517
7675.45,0.00166518,1.66518e-05,24518
7674.59,0.00166555,1.66555e-05,24519
7673.73,0.00166593,1.66593e-05,24520
7672.88,0.0016663,1.6663e-05,24521
7672.02,0.00166667,1.66667e-05,24522
7671.16,0.00166704,1.66704e-05,24523
7670.3,0.00166742,1.66742e-05,24524
7669.43,0.00166779,1.66779e-05,24525
7668.57,0.00166817,1.66817e-05,24526
7667.7,0.00166855,1.66855e-05,24527
7666.84,0.00166892,1.66892e-05,24528
7665.97,0.0016693,1.6693e-05,24529
7665.1,0.00166968,1.66968e-05,24530
7664.23,0.00167006,1.67006e-05,24531
7663.36,0.00167044,1.67044e-05,24532
7662.49,0.00167082,1.67082e-05,24533
7661.61,0.0016712,1.6712e-05,24534
7660.74,0.00167158,1.67158e-05,24535
7659.86,0.00167196,1.67197e-05,24536
7658.98,0.00167235,1.67235e-05,24537
7658.11,0.00167273,1.67273e-05,24538
7657.23,0.00167312,1.67312e-05,24539
7656.34,0.0016735,1.6735e-05,24540
7655.46,0.00167389,1.67389e-05,24541
7654.58,0.00167427,1.67427e-05,24542
7653.69,0.00167466,1.67466e-05,24543
7652.81,0.00167505,1.67505e-05,24544
7651.92,0.00167544,1.67544e-05,24545
7651.03,0.00167583,1.67583e-05,24546
7650.14,0.00167622,1.67622e-05,24547
7649.25,0.00167661,1.67661e-05,24548
7648.36,0.001677,1.677e-05,24549
7647.46,0.00167739,1.67739e-05,24550
7646.57,0.00167778,1.67778e-05,24551
7645.67,0.00167818,1.67818e-05,24552
7644.78,0.00167857,1.67857e-05,24553
7643.88,0.00167896,1.67896e-05,24554
7642.98,0.00167936,1.67936e-05,24555
7642.08,0.00167976,1.67976e-05,24556
7641.17,0.00168015,1.68015e-05,24557
7640.27,0.00168055,1.68055e-05,24558
7639.37,0.00168095,1.68095e-05,24559
7638.46,0.00168135,1.68135e-05,24560
7637.55,0.00168175,1.68175e-05,24561
7636.64,0.00168215,1.68215e-05,24562
7635.73,0.00168255,1.68255e-05,24563
7634.82,0.00168295,1.68295e-05,24564
7633.91,0.00168335,1.68335e-05,24565
7633,0.00168375,1.68375e-05,24566
7632.08,0.00168416,1.68416e-05,24567
7631.17,0.00168456,1.68456e-05,24568
7630.25,0.00168497,1.68497e-05,24569
7629.33,0.00168537,1.68537e-05,24570
7628.41,0.00168578,1.68578e-05,24571
7627.49,0.00168619,1.68619e-05,24572
7626.57,0.00168659,1.68659e-05,24573
7625.64,0.001687,1.687e-05,24574
7624.72,0.00168741,1.68741e-05,24575
7623.79,0.00168782,1.68782e-05,24576
7622.87,0.00168823,1.68823e-05,24577
7621.94,0.00168864,1.68864e-05,24578
7621.01,0.00168906,1.68906e-05,24579
7620.08,0.00168947,1.68947e-05,24580
7619.14,0.00168988,1.68988e-05,24581
7618.21,0.0016903,1.6903e-05,24582
7617.28,0.00169071,1.69071e-05,24583
7616.34,0.00169113,1.69113e-05,24584
7615.4,0.00169154,1.69154e-05,24585
7614.47,0.00169196,1.69196e-05,24586
7613.53,0.00169238,1.69238e-05,24587
7612.58,0.0016928,1.6928e-05,24588
7611.64,0.00169322,1.69322e-05,24589
7610.7,0.00169364,1.69364e-05,24590
7609.75,0.00169406,1.69406e-05,24591
7608.81,0.00169448,1.69448e-05,24592
7607.86,0.0016949,1.6949e-05,24593
7606.91,0.00169532,1.69532e-05,24594
7605.96,0.00169575,1.69575e-05,24595
7605.01,0.00169617,1.69617e-05,24596
7604.06,0.00169659,1.69659e-05,24597
7603.11,0.00169702,1.69702e-05,24598
7602.15,0.00169745,1.69745e-05,24599
7601.2,0.00169787,1.69787e-05,24600
7600.24,0.0016983,1.6983e-05,24601
7599.28,0.00169873,1.69873e-05,24602
7598.32,0.00169916,1.69916e-05,24603
7597.36,0.00169959,1.69959e-05,24604
7596.4,0.00170002,1.70002e-05,24605
7595.43,0.00170045,1.70045e-05,24606
7594.47,0.00170088,1.70088e-05,24607
7593.5,0.00170132,1.70132e-05,24608
7592.53,0.00170175,1.70175e-05,24609
7591.57,0.00170218,1.70218e-05,24610
7590.6,0.00170262,1.70262e-05,24611
7589.63,0.00170305,1.70305e-05,24612
7588.65,0.00170349,1.70349e-05,24613
7587.68,0.00170393,1.70393e-05,24614
7586.7,0.00170437,1.70437e-05,24615
7585.73,0.0017048,1.7048e-05,24616
7584.75,0.00170524,1.70524e-05,24617
7583.77,0.00170568,1.70568e-05,24618
7582.79,0.00170612,1.70612e-05,24619
7581.81,0.00170657,1.70657e-05,24620
7580.83,0.00170701,1.70701e-05,24621
7579.84,0.00170745,1.70745e-05,24622
7578.86,0.0017079,1.7079e-05,24623
7577.87,0.00170834,1.70834e-05,24624
7576.89,0.00170879,1.70879e-05,24625
7575.9,0.00170923,1.70923e-05,24626
7574.91,0.00170968,1.70968e-05,24627
7573.92,0.00171013,1.71013e-05,24628
7572.92,0.00171057,1.71057e-05,24629
7571.93,0.00171102,1.71102e-05,24630
7570.94,0.00171147,1.71147e-05,24631
7569.94,0.00171192,1.71192e-05,24632
7568.94,0.00171237,1.71237e-05,24633
7567.94,0.00171283,1.71283e-05,24634
7566.94,0.00171328,1.71328e-05,24635
7565.94,0.00171373,1.71373e-05,24636
7564.94,0.00171419,1.71419e-05,24637
7563.93,0.00171464,1.71464e-05,24638
7562.93,0.0017151,1.7151e-05,24639
7561.92,0.00171555,1.71555e-05,24640
7560.92,0.00171601,1.71601e-05,24641
7559.91,0.00171647,1.71647e-05,24642
7558.9,0.00171693,1.71693e-05,24643
7557.88,0.00171739,1.71739e-05,24644
7556.87,0.00171785,1.71785e-05,24645
7555.86,0.00171831,1.71831e-05,24646
7554.84,0.00171877,1.71877e-05,24647
7553.83,0.00171923,1.71923e-05,24648
7552.81,0.0017197,1.7197e-05,24649
7551.79,0.00172016,1.72016e-05,24650
7550.77,0.00172063,1.72063e-05,24651
7549.75,0.00172109,1.72109e-05,24652
7548.72,0.00172156,1.72156e-05,24653
7547.7,0.00172203,1.72203e-05,24654
7546.67,0.00172249,1.72249e-05,24655
7545.65,0.00172296,1.72296e-05,24656
7544.62,0.00172343,1.72343e-05,24657
7543.59,0.0017239,1.7239e-05,24658
7542.56,0.00172437,1.72437e-05,24659
7541.53,0.00172485,1.72485e-05,24660
7540.5,0.00172532,1.72532e-05,24661
7539.46,0.00172579,1.72579e-05,24662
7538.43,0.00172627,1.72627e-05,24663
7537.39,0.00172674,1.72674e-05,24664
7536.35,0.00172722,1.72722e-05,24665
7535.31,0.00172769,1.72769e-05,24666
7534.27,0.00172817,1.72817e-05,24667
7533.23,0.00172865,1.72865e-05,24668
7532.19,0.00172913,1.72913e-05,24669
7531.14,0.00172961,1.72961e-05,24670
7530.1,0.00173009,1.73009e-05,24671
7529.05,0.00173057,1.73057e-05,24672
7528,0.00173105,1.73105e-05,24673
7526.95,0.00173153,1.73153e-05,24674
7525.9,0.00173202,1.73202e-05,24675
7524.85,0.0017325,1.7325e-05,24676
7523.8,0.00173299,1.73299e-05,24677
7522.74,0.00173347,1.73347e-05,24678
7521.68,0.00173396,1.73396e-05,24679
7520.63,0.00173445,1.73445e-05,24680
7519.57,0.00173493,1.73493e-05,24681
7518.51,0.00173542,1.73542e-05,24682
7517.45,0.00173591,1.73591e-05,24683
7516.39,0.0017364,1.7364e-05,24684
7515.32,0.0017369,1.7369e-05,24685
7514.26,0.00173739,1.73739e-05,24686
7513.19,0.00173788,1.73788e-05,24687
7512.12,0.00173838,1.73838e-05,24688
7511.06,0.00173887,1.73887e-05,24689
7509.99,0.00173936,1.73936e-05,24690
7508.92,0.00173986,1.73986e-05,24691
7507.84,0.00174036,1.74036e-05,24692
7506.77,0.00174086,1.74086e-05,24693
7505.69,0.00174136,1.74136e-05,24694
7504.62,0.00174185,1.74185e-05,24695
7503.54,0.00174236,1.74236e-05,24696
7502.46,0.00174286,1.74286e-05,24697
7501.38,0.00174336,1.74336e-05,24698
7500.3,0.00174386,1.74386e-05,24699
7499.22,0.00174436,1.74436e-05,24700
7498.13,0.00174487,1.74487e-05,24701
7497.05,0.00174537,1.74537e-05,24702
7495.96,0.00174588,1.74588e-05,24703
7494.87,0.00174639,1.74639e-05,24704
7493.78,0.00174689,1.74689e-05,24705
7492.69,0.0017474,1.7474e-05,24706
7491.6,0.00174791,1.74791e-05,24707
7490.51,0.00174842,1.74842e-05,24708
7489.41,0.00174893,1.74893e-05,24709
7488.32,0.00174945,1.74945e-05,24710
7487.22,0.00174996,1.74996e-05,24711
7486.12,0.00175047,1.75047e-05,24712
7485.03,0.00175099,1.75099e-05,24713
7483.92,0.0017515,1.7515e-05,24714
7482.82,0.00175202,1.75202e-05,24715
7481.72,0.00175253,1.75253e-05,24716
7480.61,0.00175305,1.75305e-05,24717
7479.51,0.00175357,1.75357e-05,24718
7478.4,0.00175409,1.75409e-05,24719
7477.29,0.00175461,1.75461e-05,24720
7476.18,0.00175513,1.75513e-05,24721
7475.07,0.00175565,1.75565e-05,24722
7473.96,0.00175617,1.75617e-05,24723
7472.85,0.0017567,1.7567e-05,24724
7471.73,0.00175722,1.75722e-05,24725
7470.62,0.00175775,1.75775e-05,24726
7469.5,0.00175827,1.75827e-05,24727
7468.38,0.0017588,1.7588e-05,24728
7467.26,0.00175933,1.75933e-05,24729
7466.14,0.00175986,1.75986e-05,24730
7465.01,0.00176039,1.76039e-05,24731
7463.89,0.00176092,1.76092e-05,24732
7462.77,0.00176145,1.76145e-05,24733
7461.64,0.00176198,1.76198e-05,24734
7460.51,0.00176251,1.76251e-05,24735
7459.38,0.00176304,1.76304e-05,24736
7458.25,0.00176358,1.76358e-05,24737
7457.12,0.00176411,1.76411e-05,24738
7455.99,0.00176465,1.76465e-05,24739
7454.85,0.00176519,1.76519e-05,24740
7453.72,0.00176573,1.76573e-05,24741
7452.58,0.00176626,1.76626e-05,24742
7451.44,0.0017668,1.7668e-05,24743
7450.3,0.00176734,1.76734e-05,24744
7449.16,0.00176789,1.76789e-05,24745
7448.02,0.00176843,1.76843e-05,24746
7446.88,0.00176897,1.76897e-05,24747
7445.73,0.00176951,1.76951e-05,24748
7444.59,0.00177006,1.77006e-05,24749
7443.44,0.0017706,1.7706e-05,24750
7442.29,0.00177115,1.77115e-05,24751
7441.14,0.0017717,1.7717e-05,24752
7439.99,0.00177225,1.77225e-05,24753
7438.84,0.0017728,1.7728e-05,24754
7437.69,0.00177335,1.77335e-05,24755
7436.53,0.0017739,1.7739e-05,24756
7435.37,0.00177445,1.77445e-05,24757
7434.22,0.001775,1.775e-05,24758
7433.06,0.00177555,1.77555e-05,24759
7431.9,0.00177611,1.77611e-05,24760
7430.74,0.00177666,1.77666e-05,24761
7429.57,0.00177722,1.77722e-05,24762
7428.41,0.00177778,1.77778e-05,24763
7427.24,0.00177834,1.77834e-05,24764
7426.08,0.00177889,1.77889e-05,24765
7424.91,0.00177945,1.77945e-05,24766
7423.74,0.00178001,1.78001e-05,24767
7422.57,0.00178058,1.78058e-05,24768
7421.4,0.00178114,1.78114e-05,24769
7420.22,0.0017817,1.7817e-05,24770
7419.05,0.00178227,1.78227e-05,24771
7417.87,0.00178283,1.78283e-05,24772
7416.7,0.0017834,1.7834e-05,24773
7415.52,0.00178396,1.78396e-05,24774
7414.34,0.00178453,1.78453e-05,24775
7413.16,0.0017851,1.7851e-05,24776
7411.97,0.00178567,1.78567e-05,24777
7410.79,0.00178624,1.78624e-05,24778
7409.61,0.00178681,1.78681e-05,24779
7408.42,0.00178738,1.78738e-05,24780
7407.23,0.00178796,1.78796e-05,24781
7406.04,0.00178853,1.78853e-05,24782
7404.85,0.00178911,1.78911e-05,24783
7403.66,0.00178968,1.78968e-05,24784
7402.47,0.00179026,1.79026e-05,24785
7401.27,0.00179084,1.79084e-05,24786
7400.08,0.00179142,1.79142e-05,24787
7398.88,0.00179199,1.79199e-05,24788
7397.68,0.00179258,1.79258e-05,24789
7396.49,0.00179316,1.79316e-05,24790
7395.28,0.00179374,1.79374e-05,24791
7394.08,0.00179432,1.79432e-05,24792
7392.88,0.00179491,1.79491e-05,24793
7391.68,0.00179549,1.79549e-05,24794
7390.47,0.00179608,1.79608e-05,24795
7389.26,0.00179666,1.79666e-05,24796
7388.05,0.00179725,1.79725e-05,24797
7386.84,0.00179784,1.79784e-05,24798
7385.63,0.00179843,1.79843e-05,24799
7384.42,0.00179902,1.79902e-05,24800
7383.21,0.00179961,1.79961e-05,24801
7381.99,0.00180021,1.80021e-05,24802
7380.77,0.0018008,1.8008e-05,24803
7379.56,0.00180139,1.80139e-05,24804
7378.34,0.00180199,1.80199e-05,24805
7377.12,0.00180258,1.80258e-05,24806
7375.9,0.00180318,1.80318e-05,24807
7374.67,0.00180378,1.80378e-05,24808
7373.45,0.00180438,1.80438e-05,24809
7372.22,0.00180498,1.80498e-05,24810
7371,0.00180558,1.80558e-05,24811
7369.77,0.00180618,1.80618e-05,24812
7368.54,0.00180678,1.80678e-05,24813
7367.31,0.00180739,1.80739e-05,24814
7366.07,0.00180799,1.80799e-05,24815
7364.84,0.0018086,1.8086e-05,24816
7363.61,0.00180921,1.80921e-05,24817
7362.37,0.00180981,1.80981e-05,24818
7361.13,0.00181042,1.81042e-05,24819
7359.89,0.00181103,1.81103e-05,24820
7358.65,0.00181164,1.81164e-05,24821
7357.41,0.00181225,1.81225e-05,24822
7356.17,0.00181287,1.81287e-05,24823
7354.92,0.00181348,1.81348e-05,24824
7353.68,0.00181409,1.81409e-05,24825
7352.43,0.00181471,1.81471e-05,24826
7351.18,0.00181532,1.81532e-05,24827
7349.94,0.00181594,1.81594e-05,24828
7348.68,0.00181656,1.81656e-05,24829
7347.43,0.00181718,1.81718e-05,24830
7346.18,0.0018178,1.8178e-05,24831
7344.92,0.00181842,1.81842e-05,24832
7343.67,0.00181904,1.81904e-05,24833
7342.41,0.00181967,1.81967e-05,24834
7341.15,0.00182029,1.82029e-05,24835
7339.89,0.00182091,1.82091e-05,24836
7338.63,0.00182154,1.82154e-05,24837
7337.37,0.00182217,1.82217e-05,24838
7336.1,0.0018228,1.8228e-05,24839
7334.84,0.00182342,1.82342e-05,24840
7333.57,0.00182405,1.82405e-05,24841
7332.3,0.00182469,1.82469e-05,24842
7331.03,0.00182532,1.82532e-05,24843
7329.76,0.00182595,1.82595e-05,24844
7328.49,0.00182658,1.82658e-05,24845
7327.22,0.00182722,1.82722e-05,24846
7325.94,0.00182786,1.82786e-05,24847
7324.67,0.00182849,1.82849e-05,24848
7323.39,0.00182913,1.82913e-05,24849
7322.11,0.00182977,1.82977e-05,24850
7320.83,0.00183041,1.83041e-05,24851
7319.55,0.00183105,1.83105e-05,24852
7318.27,0.00183169,1.83169e-05,24853
7316.98,0.00183233,1.83233e-05,24854
7315.7,0.00183298,1.83298e-05,24855
7314.41,0.00183362,1.83362e-05,24856
7313.12,0.00183427,1.83427e-05,24857
7311.84,0.00183492,1.83492e-05,24858
7310.54,0.00183556,1.83556e-05,24859
7309.25,0.00183621,1.83621e-05,24860
7307.96,0.00183686,1.83686e-05,24861
7306.66,0.00183751,1.83751e-05,24862
7305.37,0.00183817,1.83817e-05,24863
7304.07,0.00183882,1.83882e-05,24864
7302.77,0.00183947,1.83947e-05,24865
7301.47,0.00184013,1.84013e-05,24866
7300.17,0.00184078,1.84078e-05,24867
7298.87,0.00184144,1.84144e-05,24868
7297.56,0.0018421,1.8421e-05,24869
7296.26,0.00184276,1.84276e-05,24870
7294.95,0.00184342,1.84342e-05,24871
7293.64,0.00184408,1.84408e-05,24872
7292.34,0.00184474,1.84474e-05,24873
7291.02,0.00184541,1.84541e-05,24874
7289.71,0.00184607,1.84607e-05,24875
7288.4,0.00184674,1.84674e-05,24876
7287.08,0.0018474,1.8474e-05,24877
7285.77,0.00184807,1.84807e-05,24878
7284.45,0.00184874,1.84874e-05,24879
7283.13,0.00184941,1.84941e-05,24880
7281.81,0.00185008,1.85008e-05,24881
7280.49,0.00185075,1.85075e-05,24882
7279.17,0.00185142,1.85142e-05,24883
7277.84,0.0018521,1.8521e-05,24884
7276.52,0.00185277,1.85277e-05,24885
7275.19,0.00185345,1.85345e-05,24886
7273.86,0.00185412,1.85412e-05,24887
7272.53,0.0018548,1.8548e-05,24888
7271.2,0.00185548,1.85548e-05,24889
7269.87,0.00185616,1.85616e-05,24890
7268.54,0.00185684,1.85684e-05,24891
7267.2,0.00185752,1.85752e-05,24892
7265.87,0.00185821,1.85821e-05,24893
7264.53,0.00185889,1.85889e-05,24894
7263.19,0.00185958,1.85958e-05,24895
7261.85,0.00186026,1.86026e-05,24896
7260.51,0.00186095,1.86095e-05,24897
7259.16,0.00186164,1.86164e-05,24898
7257.82,0.00186233,1.86233e-05,24899
7256.47,0.00186302,1.86302e-05,24900
7255.13,0.00186371,1.86371e-05,24901
7253.78,0.00186441,1.86441e-05,24902
7252.43,0.0018651,1.8651e-05,24903
7251.08,0.00186579,1.86579e-05,24904
7249.73,0.00186649,1.86649e-05,24905
7248.37,0.00186719,1.86719e-05,24906
7247.02,0.00186789,1.86789e-05,24907
7245.66,0.00186859,1.86859e-05,24908
7244.3,0.00186929,1.86929e-05,24909
7242.94,0.00186999,1.86999e-05,24910
7241.58,0.00187069,1.87069e-05,24911
7240.22,0.0018714,1.8714e-05,24912
7238.86,0.0018721,1.8721e-05,24913
7237.49,0.00187281,1.87281e-05,24914
7236.13,0.00187351,1.87351e-05,24915
7234.76,0.00187422,1.87422e-05,24916
7233.39,0.00187493,1.87493e-05,24917
7232.02,0.00187564,1.87564e-05,24918
7230.65,0.00187635,1.87635e-05,24919
7229.28,0.00187707,1.87707e-05,24920
7227.9,0.00187778,1.87778e-05,24921
7226.53,0.00187849,1.87849e-05,24922
7225.15,0.00187921,1.87921e-05,24923
7223.77,0.00187993,1.87993e-05,24924
7222.39,0.00188065,1.88065e-05,24925
7221.01,0.00188136,1.88136e-05,24926
7219.63,0.00188209,1.88209e-05,24927
7218.25,0.00188281,1.88281e-05,24928
7216.86,0.00188353,1.88353e-05,24929
7215.47,0.00188425,1.88425e-05,24930
7214.09,0.00188498,1.88498e-05,24931
7212.7,0.0018857,1.8857e-05,24932
7211.31,0.00188643,1.88643e-05,24933
7209.91,0.00188716,1.88716e-05,24934
7208.52,0.00188789,1.88789e-05,24935
7207.13,0.00188862,1.88862e-05,24936
7205.73,0.00188935,1.88935e-05,24937
7204.33,0.00189009,1.89009e-05,24938
7202.93,0.00189082,1.89082e-05,24939
7201.53,0.00189156,1.89155e-05,24940
7200.13,0.00189229,1.89229e-05,24941
7198.73,0.00189303,1.89303e-05,24942
7197.33,0.00189377,1.89377e-05,24943
7195.92,0.00189451,1.89451e-05,24944
7194.51,0.00189525,1.89525e-05,24945
7193.11,0.00189599,1.89599e-05,24946
7191.7,0.00189673,1.89673e-05,24947
7190.28,0.00189748,1.89748e-05,24948
7188.87,0.00189822,1.89822e-05,24949
7187.46,0.00189897,1.89897e-05,24950
7186.04,0.00189972,1.89972e-05,24951
7184.63,0.00190047,1.90047e-05,24952
7183.21,0.00190122,1.90122e-05,24953
7181.79,0.00190197,1.90197e-05,24954
7180.37,0.00190272,1.90272e-05,24955
7178.95,0.00190348,1.90348e-05,24956
7177.52,0.00190423,1.90423e-05,24957
7176.1,0.00190499,1.90499e-05,24958
7174.67,0.00190575,1.90575e-05,24959
7173.25,0.0019065,1.9065e-05,24960
7171.82,0.00190726,1.90726e-05,24961
7170.39,0.00190802,1.90802e-05,24962
7168.95,0.00190879,1.90879e-05,24963
7167.52,0.00190955,1.90955e-05,24964
7166.09,0.00191031,1.91031e-05,24965
7164.65,0.00191108,1.91108e-05,24966
7163.21,0.00191185,1.91185e-05,24967
7161.78,0.00191262,1.91262e-05,24968
7160.34,0.00191338,1.91338e-05,24969
7158.89,0.00191416,1.91416e-05,24970
7157.45,0.00191493,1.91493e-05,24971
7156.01,0.0019157,1.9157e-05,24972
7154.56,0.00191647,1.91647e-05,24973
7153.11,0.00191725,1.91725e-05,24974
7151.66,0.00191803,1.91803e-05,24975
7150.21,0.00191881,1.9188e-05,24976
7148.76,0.00191958,1.91958e-05,24977
7147.31,0.00192036,1.92036e-05,24978
7145.86,0.00192115,1.92115e-05,24979
7144.4,0.00192193,1.92193e-05,24980
7142.95,0.00192271,1.92271e-05,24981
7141.49,0.0019235,1.9235e-05,24982
7140.03,0.00192428,1.92428e-05,24983
7138.57,0.00192507,1.92507e-05,24984
7137.11,0.00192586,1.92586e-05,24985
7135.64,0.00192665,1.92665e-05,24986
7134.18,0.00192744,1.92744e-05,24987
7132.71,0.00192823,1.92823e-05,24988
7131.25,0.00192903,1.92903e-05,24989
7129.78,0.00192982,1.92982e-05,24990
7128.31,0.00193062,1.93062e-05,24991
7126.84,0.00193141,1.93141e-05,24992
7125.36,0.00193221,1.93221e-05,24993
7123.89,0.00193301,1.93301e-05,24994
7122.41,0.00193381,1.93381e-05,24995
7120.93,0.00193462,1.93462e-05,24996
7119.46,0.00193542,1.93542e-05,24997
7117.98,0.00193623,1.93623e-05,24998
7116.49,0.00193703,1.93703e-05,24999
7115.01,0.00193784,1.93784e-05,25000
7113.53,0.00193865,1.93865e-05,25001
7112.04,0.00193946,1.93946e-05,25002
7110.55,0.00194027,1.94027e-05,25003
7109.06,0.00194108,1.94108e-05,25004
7107.57,0.0019419,1.9419e-05,25005
7106.08,0.00194271,1.94271e-05,25006
7104.59,0.00194353,1.94353e-05,25007
7103.1,0.00194435,1.94435e-05,25008
7101.6,0.00194517,1.94517e-05,25009
7100.1,0.00194599,1.94599e-05,25010
7098.6,0.00194681,1.94681e-05,25011
7097.1,0.00194763,1.94763e-05,25012
7095.6,0.00194846,1.94846e-05,25013
7094.1,0.00194928,1.94928e-05,25014
7092.6,0.00195011,1.95011e-05,25015
7091.09,0.00195094,1.95094e-05,25016
7089.58,0.00195177,1.95177e-05,25017
7088.08,0.0019526,1.9526e-05,25018
7086.57,0.00195343,1.95343e-05,25019
7085.05,0.00195426,1.95426e-05,25020
7083.54,0.0019551,1.9551e-05,25021
7082.03,0.00195593,1.95593e-05,25022
7080.51,0.00195677,1.95677e-05,25023
7079,0.00195761,1.95761e-05,25024
7077.48,0.00195845,1.95845e-05,25025
7075.96,0.00195929,1.95929e-05,25026
7074.44,0.00196013,1.96013e-05,25027
7072.91,0.00196098,1.96098e-05,25028
7071.39,0.00196182,1.96182e-05,25029
7069.87,0.00196267,1.96267e-05,25030
7068.34,0.00196352,1.96352e-05,25031
7066.81,0.00196436,1.96436e-05,25032
7065.28,0.00196522,1.96522e-05,25033
7063.75,0.00196607,1.96607e-05,25034
7062.22,0.00196692,1.96692e-05,25035
7060.68,0.00196778,1.96778e-05,25036
7059.15,0.00196863,1.96863e-05,25037
7057.61,0.00196949,1.96949e-05,25038
7056.08,0.00197035,1.97035e-05,25039
7054.54,0.00197121,1.97121e-05,25040
7053,0.00197207,1.97207e-05,25041
7051.45,0.00197293,1.97293e-05,25042
7049.91,0.00197379,1.97379e-05,25043
7048.37,0.00197466,1.97466e-05,25044
7046.82,0.00197553,1.97553e-05,25045
7045.27,0.00197639,1.97639e-05,25046
7043.72,0.00197726,1.97726e-05,25047
7042.17,0.00197813,1.97813e-05,25048
7040.62,0.00197901,1.97901e-05,25049
7039.07,0.00197988,1.97988e-05,25050
7037.51,0.00198075,1.98075e-05,25051
7035.96,0.00198163,1.98163e-05,25052
7034.4,0.00198251,1.98251e-05,25053
7032.84,0.00198339,1.98339e-05,25054
7031.28,0.00198427,1.98427e-05,25055
7029.72,0.00198515,1.98515e-05,25056
7028.16,0.00198603,1.98603e-05,25057
7026.59,0.00198692,1.98692e-05,25058
7025.03,0.0019878,1.9878e-05,25059
7023.46,0.00198869,1.98869e-05,25060
7021.89,0.00198958,1.98958e-05,25061
7020.32,0.00199047,1.99047e-05,25062
7018.75,0.00199136,1.99136e-05,25063
7017.17,0.00199225,1.99225e-05,25064
7015.6,0.00199315,1.99315e-05,25065
7014.02,0.00199404,1.99404e-05,25066
7012.44,0.00199494,1.99494e-05,25067
7010.86,0.00199584,1.99584e-05,25068
7009.28,0.00199674,1.99674e-05,25069
7007.7,0.00199764,1.99764e-05,25070
7006.12,0.00199855,1.99855e-05,25071
7004.53,0.00199945,1.99945e-05,25072
7002.95,0.00200036,2.00036e-05,25073
7001.36,0.00200126,2.00126e-05,25074
6999.77,0.00200217,2.00217e-05,25075
6998.18,0.00200308,2.00308e-05,25076
6996.59,0.00200399,2.00399e-05,25077
6995,0.00200491,2.00491e-05,25078
6993.4,0.00200582,2.00582e-05,25079
6991.81,0.00200674,2.00674e-05,25080
6990.21,0.00200765,2.00765e-05,25081
6988.61,0.00200857,2.00857e-05,25082
6987.01,0.00200949,2.00949e-05,25083
6985.41,0.00201041,2.01041e-05,25084
6983.81,0.00201134,2.01134e-05,25085
6982.2,0.00201226,2.01226e-05,25086
6980.59,0.00201319,2.01319e-05,25087
6978.99,0.00201412,2.01412e-05,25088
6977.38,0.00201504,2.01504e-05,25089
6975.77,0.00201598,2.01598e-05,25090
6974.15,0.00201691,2.01691e-05,25091
6972.54,0.00201784,2.01784e-05,25092
6970.93,0.00201878,2.01878e-05,25093
6969.31,0.00201971,2.01971e-05,25094
6967.69,0.00202065,2.02065e-05,25095
6966.07,0.00202159,2.02159e-05,25096
6964.45,0.00202253,2.02253e-05,25097
6962.83,0.00202347,2.02347e-05,25098
6961.21,0.00202442,2.02442e-05,25099
6959.58,0.00202536,2.02536e-05,25100
6957.96,0.00202631,2.02631e-05,25101
6956.33,0.00202726,2.02726e-05,25102
6954.7,0.00202821,2.02821e-05,25103
6953.07,0.00202916,2.02916e-05,25104
6951.44,0.00203011,2.03011e-05,25105
6949.8,0.00203107,2.03107e-05,25106
6948.17,0.00203202,2.03202e-05,25107
6946.53,0.00203298,2.03298e-05,25108
6944.89,0.00203394,2.03394e-05,25109
6943.25,0.0020349,2.0349e-05,25110
6941.61,0.00203586,2.03586e-05,25111
6939.97,0.00203682,2.03682e-05,25112
6938.33,0.00203779,2.03779e-05,25113
6936.68,0.00203876,2.03876e-05,25114
6935.04,0.00203973,2.03973e-05,25115
6933.39,0.0020407,2.0407e-05,25116
6931.74,0.00204167,2.04167e-05,25117
6930.09,0.00204264,2.04264e-05,25118
6928.43,0.00204361,2.04361e-05,25119
6926.78,0.00204459,2.04459e-05,25120
6925.13,0.00204557,2.04557e-05,25121
6923.47,0.00204655,2.04655e-05,25122
6921.81,0.00204753,2.04753e-05,25123
6920.15,0.00204851,2.04851e-05,25124
6918.49,0.00204949,2.04949e-05,25125
6916.83,0.00205048,2.05048e-05,25126
6915.16,0.00205147,2.05147e-05,25127
6913.5,0.00205245,2.05245e-05,25128
6911.83,0.00205344,2.05344e-05,25129
6910.16,0.00205444,2.05444e-05,25130
6908.49,0.00205543,2.05543e-05,25131
6906.82,0.00205642,2.05642e-05,25132
6905.15,0.00205742,2.05742e-05,25133
6903.47,0.00205842,2.05842e-05,25134
6901.8,0.00205942,2.05942e-05,25135
6900.12,0.00206042,2.06042e-05,25136
6898.44,0.00206142,2.06142e-05,25137
6896.76,0.00206243,2.06243e-05,25138
6895.08,0.00206343,2.06343e-05,25139
6893.4,0.00206444,2.06444e-05,25140
6891.71,0.00206545,2.06545e-05,25141
6890.03,0.00206646,2.06646e-05,25142
6888.34,0.00206747,2.06747e-05,25143
6886.65,0.00206849,2.06849e-05,25144
6884.96,0.00206951,2.06951e-05,25145
6883.27,0.00207052,2.07052e-05,25146
6881.57,0.00207154,2.07154e-05,25147
6879.88,0.00207256,2.07256e-05,25148
6878.18,0.00207358,2.07358e-05,25149
6876.48,0.00207461,2.07461e-05,25150
6874.78,0.00207563,2.07563e-05,25151
6873.08,0.00207666,2.07666e-05,25152
6871.38,0.00207769,2.07769e-05,25153
6869.68,0.00207872,2.07872e-05,25154
6867.97,0.00207975,2.07975e-05,25155
6866.27,0.00208079,2.08079e-05,25156
6864.56,0.00208182,2.08182e-05,25157
6862.85,0.00208286,2.08286e-05,25158
6861.14,0.0020839,2.0839e-05,25159
6859.42,0.00208494,2.08494e-05,25160
6857.71,0.00208598,2.08598e-05,25161
6855.99,0.00208703,2.08703e-05,25162
6854.28,0.00208807,2.08807e-05,25163
6852.56,0.00208912,2.08912e-05,25164
6850.84,0.00209017,2.09017e-05,25165
6849.12,0.00209122,2.09122e-05,25166
6847.39,0.00209227,2.09227e-05,25167
6845.67,0.00209333,2.09333e-05,25168
6843.94,0.00209438,2.09438e-05,25169
6842.22,0.00209544,2.09544e-05,25170
6840.49,0.0020965,2.0965e-05,25171
6838.76,0.00209756,2.09756e-05,25172
6837.03,0.00209862,2.09862e-05,25173
6835.29,0.00209969,2.09969e-05,25174
6833.56,0.00210075,2.10075e-05,25175
6831.82,0.00210182,2.10182e-05,25176
6830.08,0.00210289,2.10289e-05,25177
6828.34,0.00210396,2.10396e-05,25178
6826.6,0.00210504,2.10504e-05,25179
6824.86,0.00210611,2.10611e-05,25180
6823.12,0.00210719,2.10719e-05,25181
6821.37,0.00210827,2.10827e-05,25182
6819.63,0.00210935,2.10935e-05,25183
6817.88,0.00211043,2.11043e-05,25184
6816.13,0.00211151,2.11151e-05,25185
6814.38,0.0021126,2.1126e-05,25186
6812.62,0.00211368,2.11368e-05,25187
6810.87,0.00211477,2.11477e-05,25188
6809.11,0.00211586,2.11586e-05,25189
6807.36,0.00211696,2.11696e-05,25190
6805.6,0.00211805,2.11805e-05,25191
6803.84,0.00211915,2.11915e-05,25192
6802.08,0.00212024,2.12024e-05,25193
6800.31,0.00212134,2.12134e-05,25194
6798.55,0.00212245,2.12245e-05,25195
6796.78,0.00212355,2.12355e-05,25196
6795.01,0.00212465,2.12465e-05,25197
6793.25,0.00212576,2.12576e-05,25198
6791.48,0.00212687,2.12687e-05,25199
6789.7,0.00212798,2.12798e-05,25200
6787.93,0.00212909,2.12909e-05,25201
6786.15,0.00213021,2.13021e-05,25202
6784.38,0.00213132,2.13132e-05,25203
6782.6,0.00213244,2.13244e-05,25204
6780.82,0.00213356,2.13356e-05,25205
6779.04,0.00213468,2.13468e-05,25206
6777.26,0.0021358,2.1358e-05,25207
6775.47,0.00213693,2.13693e-05,25208
6773.69,0.00213806,2.13806e-05,25209
6771.9,0.00213918,2.13918e-05,25210
6770.11,0.00214031,2.14031e-05,25211
6768.32,0.00214145,2.14145e-05,25212
6766.53,0.00214258,2.14258e-05,25213
6764.73,0.00214372,2.14372e-05,25214
6762.94,0.00214486,2.14486e-05,25215
6761.14,0.00214599,2.14599e-05,25216
6759.35,0.00214714,2.14714e-05,25217
6757.55,0.00214828,2.14828e-05,25218
6755.75,0.00214943,2.14943e-05,25219
6753.94,0.00215057,2.15057e-05,25220
6752.14,0.00215172,2.15172e-05,25221
6750.33,0.00215287,2.15287e-05,25222
6748.53,0.00215403,2.15403e-05,25223
6746.72,0.00215518,2.15518e-05,25224
6744.91,0.00215634,2.15634e-05,25225
6743.1,0.0021575,2.1575e-05,25226
6741.29,0.00215866,2.15866e-05,25227
6739.47,0.00215982,2.15982e-05,25228
6737.65,0.00216098,2.16098e-05,25229
6735.84,0.00216215,2.16215e-05,25230
6734.02,0.00216332,2.16332e-05,25231
6732.2,0.00216449,2.16449e-05,25232
6730.38,0.00216566,2.16566e-05,25233
6728.55,0.00216683,2.16683e-05,25234
6726.73,0.00216801,2.16801e-05,25235
6724.9,0.00216919,2.16919e-05,25236
6723.07,0.00217037,2.17037e-05,25237
6721.24,0.00217155,2.17155e-05,25238
6719.41,0.00217273,2.17273e-05,25239
6717.58,0.00217392,2.17392e-05,25240
6715.74,0.00217511,2.17511e-05,25241
6713.91,0.0021763,2.1763e-05,25242
6712.07,0.00217749,2.17749e-05,25243
6710.23,0.00217868,2.17868e-05,25244
6708.39,0.00217988,2.17988e-05,25245
6706.55,0.00218108,2.18108e-05,25246
6704.71,0.00218227,2.18227e-05,25247
6702.86,0.00218348,2.18348e-05,25248
6701.02,0.00218468,2.18468e-05,25249
6699.17,0.00218589,2.18589e-05,25250
6697.32,0.00218709,2.18709e-05,25251
6695.47,0.0021883,2.1883e-05,25252
6693.61,0.00218951,2.18951e-05,25253
6691.76,0.00219073,2.19073e-05,25254
6689.9,0.00219194,2.19194e-05,25255
6688.05,0.00219316,2.19316e-05,25256
6686.19,0.00219438,2.19438e-05,25257
6684.33,0.0021956,2.1956e-05,25258
6682.47,0.00219683,2.19683e-05,25259
6680.6,0.00219805,2.19805e-05,25260
6678.74,0.00219928,2.19928e-05,25261
6676.87,0.00220051,2.20051e-05,25262
6675,0.00220174,2.20174e-05,25263
6673.13,0.00220297,2.20297e-05,25264
6671.26,0.00220421,2.20421e-05,25265
6669.39,0.00220545,2.20545e-05,25266
6667.52,0.00220669,2.20669e-05,25267
6665.64,0.00220793,2.20793e-05,25268
6663.76,0.00220918,2.20918e-05,25269
6661.88,0.00221042,2.21042e-05,25270
6660,0.00221167,2.21167e-05,25271
6658.12,0.00221292,2.21292e-05,25272
6656.24,0.00221417,2.21417e-05,25273
6654.35,0.00221543,2.21543e-05,25274
6652.47,0.00221668,2.21668e-05,25275
6650.58,0.00221794,2.21794e-05,25276
6648.69,0.0022192,2.2192e-05,25277
6646.8,0.00222047,2.22047e-05,25278
6644.9,0.00222173,2.22173e-05,25279
6643.01,0.002223,2.223e-05,25280
6641.11,0.00222427,2.22427e-05,25281
6639.22,0.00222554,2.22554e-05,25282
6637.32,0.00222681,2.22681e-05,25283
6635.42,0.00222809,2.22809e-05,25284
6633.51,0.00222937,2.22937e-05,25285
6631.61,0.00223065,2.23065e-05,25286
6629.7,0.00223193,2.23193e-05,25287
6627.8,0.00223322,2.23322e-05,25288
6625.89,0.0022345,2.2345e-05,25289
6623.98,0.00223579,2.23579e-05,25290
6622.07,0.00223708,2.23708e-05,25291
6620.15,0.00223837,2.23837e-05,25292
6618.24,0.00223967,2.23967e-05,25293
6616.32,0.00224097,2.24097e-05,25294
6614.41,0.00224227,2.24227e-05,25295
6612.49,0.00224357,2.24357e-05,25296
6610.57,0.00224487,2.24487e-05,25297
6608.64,0.00224618,2.24618e-05,25298
6606.72,0.00224749,2.24749e-05,25299
6604.79,0.0022488,2.2488e-05,25300
6602.87,0.00225011,2.25011e-05,25301
6600.94,0.00225143,2.25143e-05,25302
6599.01,0.00225274,2.25274e-05,25303
6597.08,0.00225406,2.25406e-05,25304
6595.14,0.00225539,2.25539e-05,25305
6593.21,0.00225671,2.25671e-05,25306
6591.27,0.00225804,2.25804e-05,25307
6589.33,0.00225936,2.25936e-05,25308
6587.39,0.00226069,2.26069e-05,25309
6585.45,0.00226203,2.26203e-05,25310
6583.51,0.00226336,2.26336e-05,25311
6581.56,0.0022647,2.2647e-05,25312
6579.62,0.00226604,2.26604e-05,25313
6577.67,0.00226738,2.26738e-05,25314
6575.72,0.00226873,2.26873e-05,25315
6573.77,0.00227007,2.27007e-05,25316
6571.82,0.00227142,2.27142e-05,25317
6569.86,0.00227277,2.27277e-05,25318
6567.91,0.00227413,2.27413e-05,25319
6565.95,0.00227548,2.27548e-05,25320
6563.99,0.00227684,2.27684e-05,25321
6562.03,0.0022782,2.2782e-05,25322
6560.07,0.00227956,2.27956e-05,25323
6558.11,0.00228093,2.28093e-05,25324
6556.14,0.0022823,2.2823e-05,25325
6554.18,0.00228367,2.28367e-05,25326
6552.21,0.00228504,2.28504e-05,25327
6550.24,0.00228641,2.28641e-05,25328
6548.27,0.00228779,2.28779e-05,25329
6546.29,0.00228917,2.28917e-05,25330
6544.32,0.00229055,2.29055e-05,25331
6542.34,0.00229194,2.29194e-05,25332
6540.37,0.00229332,2.29332e-05,25333
6538.39,0.00229471,2.29471e-05,25334
6536.4,0.0022961,2.2961e-05,25335
6534.42,0.0022975,2.2975e-05,25336
6532.44,0.00229889,2.29889e-05,25337
6530.45,0.00230029,2.30029e-05,25338
6528.46,0.00230169,2.30169e-05,25339
6526.48,0.00230309,2.30309e-05,25340
6524.49,0.0023045,2.3045e-05,25341
6522.49,0.00230591,2.30591e-05,25342
6520.5,0.00230732,2.30732e-05,25343
6518.5,0.00230873,2.30873e-05,25344
6516.51,0.00231014,2.31014e-05,25345
6514.51,0.00231156,2.31156e-05,25346
6512.51,0.00231298,2.31298e-05,25347
6510.51,0.00231441,2.31441e-05,25348
6508.5,0.00231583,2.31583e-05,25349
6506.5,0.00231726,2.31726e-05,25350
6504.49,0.00231869,2.31869e-05,25351
6502.48,0.00232012,2.32012e-05,25352
6500.47,0.00232155,2.32155e-05,25353
6498.46,0.00232299,2.32299e-05,25354
6496.45,0.00232443,2.32443e-05,25355
6494.44,0.00232587,2.32587e-05,25356
6492.42,0.00232732,2.32732e-05,25357
6490.4,0.00232877,2.32877e-05,25358
6488.38,0.00233022,2.33022e-05,25359
6486.36,0.00233167,2.33167e-05,25360
6484.34,0.00233312,2.33312e-05,25361
6482.31,0.00233458,2.33458e-05,25362
6480.29,0.00233604,2.33604e-05,25363
6478.26,0.0023375,2.3375e-05,25364
6476.23,0.00233897,2.33897e-05,25365
6474.2,0.00234044,2.34044e-05,25366
6472.17,0.00234191,2.34191e-05,25367
6470.13,0.00234338,2.34338e-05,25368
6468.1,0.00234485,2.34485e-05,25369
6466.06,0.00234633,2.34633e-05,25370
6464.02,0.00234781,2.34781e-05,25371
6461.98,0.00234929,2.34929e-05,25372
6459.94,0.00235078,2.35078e-05,25373
6457.9,0.00235227,2.35227e-05,25374
6455.85,0.00235376,2.35376e-05,25375
6453.8,0.00235525,2.35525e-05,25376
6451.76,0.00235675,2.35675e-05,25377
6449.71,0.00235825,2.35825e-05,25378
6447.65,0.00235975,2.35975e-05,25379
6445.6,0.00236125,2.36125e-05,25380
6443.55,0.00236276,2.36276e-05,25381
6441.49,0.00236427,2.36427e-05,25382
6439.43,0.00236578,2.36578e-05,25383
6437.37,0.00236729,2.36729e-05,25384
6435.31,0.00236881,2.36881e-05,25385
6433.25,0.00237033,2.37033e-05,25386
6431.18,0.00237185,2.37185e-05,25387
6429.11,0.00237338,2.37338e-05,25388
6427.05,0.0023749,2.3749e-05,25389
6424.98,0.00237643,2.37643e-05,25390
6422.91,0.00237797,2.37797e-05,25391
6420.83,0.0023795,2.3795e-05,25392
6418.76,0.00238104,2.38104e-05,25393
6416.68,0.00238258,2.38258e-05,25394
6414.6,0.00238413,2.38413e-05,25395
6412.52,0.00238567,2.38567e-05,25396
6410.44,0.00238722,2.38722e-05,25397
6408.36,0.00238878,2.38878e-05,25398
6406.28,0.00239033,2.39033e-05,25399
6404.19,0.00239189,2.39189e-05,25400
6402.1,0.00239345,2.39345e-05,25401
6400.01,0.00239501,2.39501e-05,25402
6397.92,0.00239658,2.39658e-05,25403
6395.83,0.00239814,2.39814e-05,25404
6393.73,0.00239972,2.39972e-05,25405
6391.64,0.00240129,2.40129e-05,25406
6389.54,0.00240287,2.40287e-05,25407
6387.44,0.00240445,2.40445e-05,25408
6385.34,0.00240603,2.40603e-05,25409
6383.24,0.00240762,2.40762e-05,25410
6381.13,0.0024092,2.4092e-05,25411
6379.03,0.00241079,2.41079e-05,25412
6376.92,0.00241239,2.41239e-05,25413
6374.81,0.00241398,2.41398e-05,25414
6372.7,0.00241558,2.41558e-05,25415
6370.59,0.00241719,2.41719e-05,25416
6368.47,0.00241879,2.41879e-05,25417
6366.36,0.0024204,2.4204e-05,25418
6364.24,0.00242201,2.42201e-05,25419
6362.12,0.00242362,2.42362e-05,25420
6360,0.00242524,2.42524e-05,25421
6357.88,0.00242686,2.42686e-05,25422
6355.75,0.00242848,2.42848e-05,25423
6353.63,0.00243011,2.43011e-05,25424
6351.5,0.00243174,2.43174e-05,25425
6349.37,0.00243337,2.43337e-05,25426
6347.24,0.002435,2.435e-05,25427
6345.11,0.00243664,2.43664e-05,25428
6342.97,0.00243828,2.43828e-05,25429
6340.84,0.00243992,2.43992e-05,25430
6338.7,0.00244157,2.44157e-05,25431
6336.56,0.00244322,2.44322e-05,25432
6334.42,0.00244487,2.44487e-05,25433
6332.28,0.00244652,2.44652e-05,25434
6330.13,0.00244818,2.44818e-05,25435
6327.99,0.00244984,2.44984e-05,25436
6325.84,0.00245151,2.45151e-05,25437
6323.69,0.00245317,2.45317e-05,25438
6321.54,0.00245484,2.45484e-05,25439
6319.38,0.00245651,2.45652e-05,25440
6317.23,0.00245819,2.45819e-05,25441
6315.08,0.00245987,2.45987e-05,25442
6312.92,0.00246155,2.46155e-05,25443
6310.76,0.00246324,2.46324e-05,25444
6308.6,0.00246492,2.46492e-05,25445
6306.44,0.00246661,2.46661e-05,25446
6304.27,0.00246831,2.46831e-05,25447
6302.11,0.00247,2.47e-05,25448
6299.94,0.0024717,2.4717e-05,25449
6297.77,0.00247341,2.47341e-05,25450
6295.6,0.00247511,2.47511e-05,25451
6293.42,0.00247682,2.47682e-05,25452
6291.25,0.00247854,2.47854e-05,25453
6289.07,0.00248025,2.48025e-05,25454
6286.9,0.00248197,2.48197e-05,25455
6284.72,0.00248369,2.48369e-05,25456
6282.54,0.00248542,2.48542e-05,25457
6280.35,0.00248714,2.48714e-05,25458
6278.17,0.00248888,2.48888e-05,25459
6275.98,0.00249061,2.49061e-05,25460
6273.79,0.00249235,2.49235e-05,25461
6271.6,0.00249409,2.49409e-05,25462
6269.41,0.00249583,2.49583e-05,25463
6267.22,0.00249758,2.49758e-05,25464
6265.03,0.00249933,2.49933e-05,25465
6262.83,0.00250108,2.50108e-05,25466
6260.63,0.00250284,2.50284e-05,25467
6258.43,0.0025046,2.5046e-05,25468
6256.23,0.00250636,2.50636e-05,25469
6254.02,0.00250813,2.50813e-05,25470
6251.82,0.0025099,2.5099e-05,25471
6249.61,0.00251167,2.51167e-05,25472
6247.4,0.00251345,2.51345e-05,25473
6245.19,0.00251523,2.51523e-05,25474
6242.98,0.00251701,2.51701e-05,25475
6240.77,0.00251879,2.51879e-05,25476
6238.55,0.00252058,2.52058e-05,25477
6236.34,0.00252238,2.52238e-05,25478
6234.12,0.00252417,2.52417e-05,25479
6231.9,0.00252597,2.52597e-05,25480
6229.68,0.00252777,2.52777e-05,25481
6227.45,0.00252958,2.52958e-05,25482
6225.23,0.00253139,2.53139e-05,25483
6223,0.0025332,2.5332e-05,25484
6220.77,0.00253502,2.53502e-05,25485
6218.54,0.00253684,2.53684e-05,25486
6216.31,0.00253866,2.53866e-05,25487
6214.07,0.00254048,2.54048e-05,25488
6211.84,0.00254231,2.54231e-05,25489
6209.6,0.00254415,2.54415e-05,25490
6207.36,0.00254598,2.54598e-05,25491
6205.12,0.00254782,2.54782e-05,25492
6202.87,0.00254966,2.54966e-05,25493
6200.63,0.00255151,2.55151e-05,25494
6198.38,0.00255336,2.55336e-05,25495
6196.14,0.00255521,2.55521e-05,25496
6193.89,0.00255707,2.55707e-05,25497
6191.63,0.00255893,2.55893e-05,25498
6189.38,0.00256079,2.56079e-05,25499
6187.13,0.00256266,2.56266e-05,25500
6184.87,0.00256453,2.56453e-05,25501
6182.61,0.0025664,2.5664e-05,25502
6180.35,0.00256828,2.56828e-05,25503
6178.09,0.00257016,2.57016e-05,25504
6175.83,0.00257205,2.57205e-05,25505
6173.56,0.00257394,2.57394e-05,25506
6171.29,0.00257583,2.57583e-05,25507
6169.02,0.00257772,2.57772e-05,25508
6166.75,0.00257962,2.57962e-05,25509
6164.48,0.00258152,2.58152e-05,25510
6162.21,0.00258343,2.58343e-05,25511
6159.93,0.00258534,2.58534e-05,25512
6157.65,0.00258725,2.58725e-05,25513
6155.37,0.00258917,2.58917e-05,25514
6153.09,0.00259109,2.59109e-05,25515
6150.81,0.00259301,2.59301e-05,25516
6148.53,0.00259494,2.59494e-05,25517
6146.24,0.00259687,2.59687e-05,25518
6143.95,0.0025988,2.5988e-05,25519
6141.66,0.00260074,2.60074e-05,25520
6139.37,0.00260268,2.60268e-05,25521
6137.08,0.00260463,2.60463e-05,25522
6134.78,0.00260658,2.60658e-05,25523
6132.49,0.00260853,2.60853e-05,25524
6130.19,0.00261049,2.61049e-05,25525
6127.89,0.00261245,2.61245e-05,25526
6125.58,0.00261441,2.61441e-05,25527
6123.28,0.00261638,2.61638e-05,25528
6120.97,0.00261835,2.61835e-05,25529
6118.67,0.00262033,2.62033e-05,25530
6116.36,0.00262231,2.62231e-05,25531
6114.05,0.00262429,2.62429e-05,25532
6111.73,0.00262627,2.62627e-05,25533
6109.42,0.00262826,2.62826e-05,25534
6107.1,0.00263026,2.63026e-05,25535
6104.79,0.00263226,2.63226e-05,25536
6102.47,0.00263426,2.63426e-05,25537
6100.14,0.00263626,2.63626e-05,25538
6097.82,0.00263827,2.63827e-05,25539
6095.5,0.00264029,2.64029e-05,25540
6093.17,0.0026423,2.6423e-05,25541
6090.84,0.00264432,2.64432e-05,25542
6088.51,0.00264635,2.64635e-05,25543
6086.18,0.00264838,2.64838e-05,25544
6083.84,0.00265041,2.65041e-05,25545
6081.51,0.00265244,2.65244e-05,25546
6079.17,0.00265448,2.65448e-05,25547
6076.83,0.00265653,2.65653e-05,25548
6074.49,0.00265858,2.65858e-05,25549
6072.15,0.00266063,2.66063e-05,25550
6069.8,0.00266268,2.66268e-05,25551
6067.46,0.00266474,2.66474e-05,25552
6065.11,0.00266681,2.66681e-05,25553
6062.76,0.00266888,2.66888e-05,25554
6060.41,0.00267095,2.67095e-05,25555
6058.05,0.00267302,2.67302e-05,25556
6055.7,0.0026751,2.6751e-05,25557
6053.34,0.00267719,2.67719e-05,25558
6050.98,0.00267927,2.67927e-05,25559
6048.62,0.00268137,2.68137e-05,25560
6046.26,0.00268346,2.68346e-05,25561
6043.9,0.00268556,2.68556e-05,25562
6041.53,0.00268766,2.68766e-05,25563
6039.16,0.00268977,2.68977e-05,25564
6036.79,0.00269189,2.69188e-05,25565
6034.42,0.002694,2.694e-05,25566
6032.05,0.00269612,2.69612e-05,25567
6029.67,0.00269825,2.69825e-05,25568
6027.3,0.00270037,2.70037e-05,25569
6024.92,0.00270251,2.70251e-05,25570
6022.54,0.00270464,2.70464e-05,25571
6020.15,0.00270678,2.70678e-05,25572
6017.77,0.00270893,2.70893e-05,25573
6015.38,0.00271108,2.71108e-05,25574
6013,0.00271323,2.71323e-05,25575
6010.61,0.00271539,2.71539e-05,25576
6008.22,0.00271755,2.71755e-05,25577
6005.82,0.00271972,2.71972e-05,25578
6003.43,0.00272189,2.72189e-05,25579
6001.03,0.00272406,2.72406e-05,25580
5998.63,0.00272624,2.72624e-05,25581
5996.23,0.00272843,2.72843e-05,25582
5993.83,0.00273061,2.73061e-05,25583
5991.43,0.0027328,2.7328e-05,25584
5989.02,0.002735,2.735e-05,25585
5986.61,0.0027372,2.7372e-05,25586
5984.2,0.00273941,2.73941e-05,25587
5981.79,0.00274161,2.74161e-05,25588
5979.38,0.00274383,2.74383e-05,25589
5976.96,0.00274605,2.74605e-05,25590
5974.55,0.00274827,2.74827e-05,25591
5972.13,0.00275049,2.75049e-05,25592
5969.71,0.00275273,2.75273e-05,25593
5967.29,0.00275496,2.75496e-05,25594
5964.86,0.0027572,2.7572e-05,25595
5962.44,0.00275944,2.75944e-05,25596
5960.01,0.00276169,2.76169e-05,25597
5957.58,0.00276395,2.76395e-05,25598
5955.15,0.0027662,2.7662e-05,25599
5952.71,0.00276846,2.76846e-05,25600
5950.28,0.00277073,2.77073e-05,25601
5947.84,0.002773,2.773e-05,25602
5945.4,0.00277528,2.77528e-05,25603
5942.96,0.00277756,2.77756e-05,25604
5940.52,0.00277984,2.77984e-05,25605
5938.08,0.00278213,2.78213e-05,25606
5935.63,0.00278442,2.78442e-05,25607
5933.18,0.00278672,2.78672e-05,25608
5930.73,0.00278902,2.78902e-05,25609
5928.28,0.00279133,2.79133e-05,25610
5925.83,0.00279364,2.79364e-05,25611
5923.37,0.00279596,2.79596e-05,25612
5920.92,0.00279828,2.79828e-05,25613
5918.46,0.00280061,2.80061e-05,25614
5915.99,0.00280294,2.80294e-05,25615
5913.53,0.00280527,2.80527e-05,25616
5911.07,0.00280761,2.80761e-05,25617
5908.6,0.00280996,2.80996e-05,25618
5906.13,0.00281231,2.81231e-05,25619
5903.66,0.00281466,2.81466e-05,25620
5901.19,0.00281702,2.81702e-05,25621
5898.72,0.00281938,2.81938e-05,25622
5896.24,0.00282175,2.82175e-05,25623
5893.76,0.00282412,2.82412e-05,25624
5891.28,0.0028265,2.8265e-05,25625
5888.8,0.00282888,2.82888e-05,25626
5886.32,0.00283127,2.83127e-05,25627
5883.83,0.00283366,2.83366e-05,25628
5881.35,0.00283606,2.83606e-05,25629
5878.86,0.00283846,2.83846e-05,25630
5876.37,0.00284087,2.84087e-05,25631
5873.87,0.00284328,2.84328e-05,25632
5871.38,0.0028457,2.8457e-05,25633
5868.89,0.00284812,2.84812e-05,25634
5866.39,0.00285054,2.85054e-05,25635
5863.89,0.00285297,2.85297e-05,25636
5861.38,0.00285541,2.85541e-05,25637
5858.88,0.00285785,2.85785e-05,25638
5856.37,0.0028603,2.8603e-05,25639
