distance,acceleration_a,acceleration_b
2549.9,0.0150877
0.000150877
2549.92,0.0150874
0.000150874
2549.94,0.0150872
0.000150872
2549.96,0.015087
0.00015087
2549.98,0.0150868
0.000150868
2549.99,0.0150866
0.000150866
2550,0.0150865
0.000150865
2550,0.0150865
0.000150865
2550.01,0.0150864
0.000150864
2550,0.0150865
0.000150865
2550,0.0150865
0.000150865
2549.99,0.0150866
0.000150866
2549.99,0.0150867
0.000150867
2549.97,0.0150868
0.000150868
2549.96,0.015087
0.00015087
2549.94,0.0150872
0.000150872
2549.92,0.0150875
0.000150875
2549.89,0.0150878
0.000150878
2549.87,0.0150881
0.000150881
2549.83,0.0150885
0.000150885
2549.8,0.0150889
0.000150889
2549.76,0.0150893
0.000150893
2549.72,0.0150898
0.000150898
2549.68,0.0150903
0.000150903
2549.64,0.0150908
0.000150908
2549.59,0.0150914
0.000150914
2549.54,0.015092
0.00015092
2549.48,0.0150927
0.000150927
2549.42,0.0150933
0.000150933
2549.36,0.0150941
0.000150941
2549.3,0.0150948
0.000150948
2549.23,0.0150956
0.000150956
2549.16,0.0150964
0.000150964
2549.09,0.0150973
0.000150973
2549.01,0.0150982
0.000150982
2548.93,0.0150991
0.000150991
2548.85,0.0151001
0.000151001
2548.77,0.0151011
0.000151011
2548.68,0.0151022
0.000151022
2548.59,0.0151033
0.000151033
2548.49,0.0151044
0.000151044
2548.39,0.0151055
0.000151055
2548.29,0.0151067
0.000151067
2548.19,0.0151079
0.000151079
2548.08,0.0151092
0.000151092
2547.98,0.0151105
0.000151105
2547.86,0.0151118
0.000151118
2547.75,0.0151132
0.000151132
2547.63,0.0151146
0.000151146
2547.51,0.015116
0.00015116
2547.38,0.0151175
0.000151175
2547.26,0.015119
0.00015119
2547.13,0.0151206
0.000151206
2546.99,0.0151222
0.000151222
2546.86,0.0151238
0.000151238
2546.72,0.0151254
0.000151254
2546.57,0.0151271
0.000151271
2546.43,0.0151289
0.000151289
2546.28,0.0151306
0.000151306
2546.13,0.0151324
0.000151324
2545.97,0.0151343
0.000151343
2545.82,0.0151361
0.000151361
2545.66,0.015138
0.00015138
2545.49,0.01514
0.0001514
2545.33,0.015142
0.00015142
2545.16,0.015144
0.00015144
2544.98,0.015146
0.00015146
2544.81,0.0151481
0.000151481
2544.63,0.0151503
0.000151503
2544.45,0.0151524
0.000151524
2544.26,0.0151546
0.000151546
2544.07,0.0151569
0.000151569
2543.88,0.0151591
0.000151591
2543.69,0.0151614
0.000151614
2543.49,0.0151638
0.000151638
2543.29,0.0151662
0.000151662
2543.09,0.0151686
0.000151686
2542.88,0.0151711
0.000151711
2542.68,0.0151735
0.000151735
2542.46,0.0151761
0.000151761
2542.25,0.0151786
0.000151786
2542.03,0.0151812
0.000151812
2541.81,0.0151839
0.000151839
2541.59,0.0151866
0.000151866
2541.36,0.0151893
0.000151893
2541.13,0.015192
0.00015192
2540.9,0.0151948
0.000151948
2540.66,0.0151976
0.000151976
2540.42,0.0152005
0.000152005
2540.18,0.0152034
0.000152034
2539.94,0.0152063
0.000152063
2539.69,0.0152093
0.000152093
2539.44,0.0152123
0.000152123
2539.18,0.0152153
0.000152153
2538.93,0.0152184
0.000152184
2538.67,0.0152215
0.000152215
2538.4,0.0152247
0.000152247
2538.14,0.0152279
0.000152279
2537.87,0.0152311
0.000152311
2537.6,0.0152344
0.000152344
2537.32,0.0152377
0.000152377
2537.04,0.015241
0.00015241
2536.76,0.0152444
0.000152444
2536.48,0.0152478
0.000152478
2536.19,0.0152512
0.000152512
2535.9,0.0152547
0.000152547
2535.61,0.0152582
0.000152582
2535.31,0.0152618
0.000152618
2535.01,0.0152654
0.000152654
2534.71,0.015269
0.00015269
2534.41,0.0152727
0.000152727
2534.1,0.0152764
0.000152764
2533.79,0.0152802
0.000152802
2533.48,0.015284
0.00015284
2533.16,0.0152878
0.000152878
2532.84,0.0152916
0.000152916
2532.52,0.0152955
0.000152955
2532.19,0.0152995
0.000152995
2531.86,0.0153034
0.000153034
2531.53,0.0153075
0.000153075
2531.2,0.0153115
0.000153115
2530.86,0.0153156
0.000153156
2530.52,0.0153197
0.000153197
2530.17,0.0153239
0.000153239
2529.83,0.0153281
0.000153281
2529.48,0.0153323
0.000153323
2529.12,0.0153366
0.000153366
2528.77,0.0153409
0.000153409
2528.41,0.0153452
0.000153452
2528.05,0.0153496
0.000153496
2527.68,0.0153541
0.000153541
2527.32,0.0153585
0.000153585
2526.95,0.015363
0.00015363
2526.57,0.0153676
0.000153676
2526.2,0.0153721
0.000153721
2525.82,0.0153768
0.000153768
2525.44,0.0153814
0.000153814
2525.05,0.0153861
0.000153861
2524.66,0.0153908
0.000153908
2524.27,0.0153956
0.000153956
2523.88,0.0154004
0.000154004
2523.48,0.0154053
0.000154053
2523.08,0.0154102
0.000154102
2522.68,0.0154151
0.000154151
2522.27,0.01542
0.0001542
2521.86,0.015425
0.00015425
2521.45,0.0154301
0.000154301
2521.04,0.0154352
0.000154352
2520.62,0.0154403
0.000154403
2520.2,0.0154454
0.000154454
2519.77,0.0154506
0.000154506
2519.35,0.0154559
0.000154559
2518.92,0.0154611
0.000154611
2518.49,0.0154664
0.000154664
2518.05,0.0154718
0.000154718
2517.61,0.0154772
0.000154772
2517.17,0.0154826
0.000154826
2516.73,0.0154881
0.000154881
2516.28,0.0154936
0.000154936
2515.83,0.0154991
0.000154991
2515.38,0.0155047
0.000155047
2514.92,0.0155103
0.000155103
2514.46,0.015516
0.00015516
2514,0.0155217
0.000155217
2513.53,0.0155274
0.000155274
2513.07,0.0155332
0.000155332
2512.59,0.015539
0.00015539
2512.12,0.0155449
0.000155449
2511.64,0.0155508
0.000155508
2511.16,0.0155567
0.000155567
2510.68,0.0155627
0.000155627
2510.2,0.0155687
0.000155687
2509.71,0.0155748
0.000155748
2509.22,0.0155809
0.000155809
2508.72,0.015587
0.00015587
2508.23,0.0155932
0.000155932
2507.73,0.0155994
0.000155994
2507.22,0.0156057
0.000156057
2506.72,0.015612
0.00015612
2506.21,0.0156183
0.000156183
2505.7,0.0156247
0.000156247
2505.18,0.0156311
0.000156311
2504.67,0.0156376
0.000156376
2504.15,0.0156441
0.000156441
2503.62,0.0156506
0.000156506
2503.1,0.0156572
0.000156572
2502.57,0.0156638
0.000156638
2502.03,0.0156705
0.000156705
2501.5,0.0156772
0.000156772
2500.96,0.0156839
0.000156839
2500.42,0.0156907
0.000156907
2499.88,0.0156975
0.000156975
2499.33,0.0157044
0.000157044
2498.78,0.0157113
0.000157113
2498.23,0.0157183
0.000157183
2497.67,0.0157252
0.000157252
2497.12,0.0157323
0.000157323
2496.56,0.0157393
0.000157393
2495.99,0.0157465
0.000157465
2495.43,0.0157536
0.000157536
2494.86,0.0157608
0.000157608
2494.28,0.015768
0.00015768
2493.71,0.0157753
0.000157753
2493.13,0.0157826
0.000157826
2492.55,0.01579
0.0001579
2491.96,0.0157974
0.000157974
2491.38,0.0158048
0.000158048
2490.79,0.0158123
0.000158123
2490.2,0.0158198
0.000158198
2489.6,0.0158274
0.000158274
2489,0.015835
0.00015835
2488.4,0.0158427
0.000158427
2487.8,0.0158504
0.000158504
2487.19,0.0158581
0.000158581
2486.58,0.0158659
0.000158659
2485.97,0.0158737
0.000158737
2485.35,0.0158816
0.000158816
2484.73,0.0158895
0.000158895
2484.11,0.0158974
0.000158974
2483.49,0.0159054
0.000159054
2482.86,0.0159134
0.000159134
2482.23,0.0159215
0.000159215
2481.6,0.0159296
0.000159296
2480.96,0.0159378
0.000159378
2480.33,0.015946
0.00015946
2479.69,0.0159542
0.000159542
2479.04,0.0159625
0.000159625
2478.4,0.0159708
0.000159708
2477.75,0.0159792
0.000159792
2477.09,0.0159876
0.000159876
2476.44,0.0159961
0.000159961
2475.78,0.0160046
0.000160046
2475.12,0.0160132
0.000160132
2474.46,0.0160217
0.000160217
2473.79,0.0160304
0.000160304
2473.12,0.0160391
0.000160391
2472.45,0.0160478
0.000160478
2471.77,0.0160565
0.000160565
2471.09,0.0160653
0.000160653
2470.41,0.0160742
0.000160742
2469.73,0.0160831
0.000160831
2469.04,0.016092
0.00016092
2468.36,0.016101
0.00016101
2467.66,0.0161101
0.000161101
2466.97,0.0161191
0.000161191
2466.27,0.0161282
0.000161282
2465.57,0.0161374
0.000161374
2464.87,0.0161466
0.000161466
2464.16,0.0161559
0.000161559
2463.46,0.0161652
0.000161652
2462.74,0.0161745
0.000161745
2462.03,0.0161839
0.000161839
2461.31,0.0161933
0.000161933
2460.59,0.0162028
0.000162028
2459.87,0.0162123
0.000162123
2459.15,0.0162219
0.000162219
2458.42,0.0162315
0.000162315
2457.69,0.0162411
0.000162411
2456.95,0.0162508
0.000162508
2456.22,0.0162606
0.000162606
2455.48,0.0162704
0.000162704
2454.74,0.0162802
0.000162802
2453.99,0.0162901
0.000162901
2453.24,0.0163
0.000163
2452.49,0.01631
0.0001631
2451.74,0.01632
0.0001632
2450.99,0.01633
0.0001633
2450.23,0.0163402
0.000163402
2449.47,0.0163503
0.000163503
2448.7,0.0163605
0.000163605
2447.94,0.0163708
0.000163708
2447.17,0.016381
0.00016381
2446.4,0.0163914
0.000163914
2445.62,0.0164018
0.000164018
2444.84,0.0164122
0.000164122
2444.06,0.0164227
0.000164227
2443.28,0.0164332
0.000164332
2442.5,0.0164438
0.000164438
2441.71,0.0164544
0.000164544
2440.92,0.0164651
0.000164651
2440.12,0.0164758
0.000164758
2439.33,0.0164865
0.000164865
2438.53,0.0164973
0.000164973
2437.73,0.0165082
0.000165082
2436.92,0.0165191
0.000165191
2436.11,0.01653
0.0001653
2435.3,0.016541
0.00016541
2434.49,0.0165521
0.000165521
2433.68,0.0165632
0.000165632
2432.86,0.0165743
0.000165743
2432.04,0.0165855
0.000165855
2431.21,0.0165967
0.000165967
2430.39,0.016608
0.00016608
2429.56,0.0166193
0.000166193
2428.73,0.0166307
0.000166307
2427.89,0.0166422
0.000166422
2427.06,0.0166536
0.000166536
2426.22,0.0166651
0.000166651
2425.38,0.0166767
0.000166767
2424.53,0.0166883
0.000166883
2423.68,0.0167
0.000167
2422.84,0.0167117
0.000167117
2421.98,0.0167235
0.000167235
2421.13,0.0167353
0.000167353
2420.27,0.0167472
0.000167472
2419.41,0.0167591
0.000167591
2418.55,0.0167711
0.000167711
2417.68,0.0167831
0.000167831
2416.81,0.0167951
0.000167951
2415.94,0.0168072
0.000168072
2415.07,0.0168194
0.000168194
2414.19,0.0168316
0.000168316
2413.31,0.0168439
0.000168439
2412.43,0.0168562
0.000168562
2411.55,0.0168685
0.000168685
2410.66,0.0168809
0.000168809
2409.77,0.0168934
0.000168934
2408.88,0.0169059
0.000169059
2407.99,0.0169185
0.000169185
2407.09,0.0169311
0.000169311
2406.19,0.0169438
0.000169438
2405.29,0.0169565
0.000169565
2404.38,0.0169692
0.000169692
2403.47,0.016982
0.00016982
2402.57,0.0169949
0.000169949
2401.65,0.0170078
0.000170078
2400.74,0.0170208
0.000170208
2399.82,0.0170338
0.000170338
2398.9,0.0170469
0.000170469
2397.98,0.01706
0.0001706
2397.05,0.0170732
0.000170732
2396.12,0.0170864
0.000170864
2395.19,0.0170997
0.000170997
2394.26,0.017113
0.00017113
2393.33,0.0171264
0.000171264
2392.39,0.0171398
0.000171398
2391.45,0.0171533
0.000171533
2390.51,0.0171668
0.000171668
2389.56,0.0171804
0.000171804
2388.61,0.017194
0.00017194
2387.66,0.0172077
0.000172077
2386.71,0.0172215
0.000172215
2385.75,0.0172353
0.000172353
2384.8,0.0172491
0.000172491
2383.83,0.017263
0.00017263
2382.87,0.017277
0.00017277
2381.91,0.017291
0.00017291
2380.94,0.017305
0.00017305
2379.97,0.0173192
0.000173192
2379,0.0173333
0.000173333
2378.02,0.0173475
0.000173475
2377.04,0.0173618
0.000173618
2376.06,0.0173761
0.000173761
2375.08,0.0173905
0.000173905
2374.09,0.017405
0.00017405
2373.11,0.0174195
0.000174195
2372.12,0.017434
0.00017434
2371.12,0.0174486
0.000174486
2370.13,0.0174632
0.000174632
2369.13,0.017478
0.00017478
2368.13,0.0174927
0.000174927
2367.13,0.0175075
0.000175075
2366.13,0.0175224
0.000175224
2365.12,0.0175373
0.000175373
2364.11,0.0175523
0.000175523
2363.1,0.0175673
0.000175673
2362.08,0.0175824
0.000175824
2361.07,0.0175976
0.000175976
2360.05,0.0176128
0.000176128
2359.03,0.017628
0.00017628
2358,0.0176433
0.000176433
2356.98,0.0176587
0.000176587
2355.95,0.0176741
0.000176741
2354.92,0.0176896
0.000176896
2353.88,0.0177051
0.000177051
2352.85,0.0177207
0.000177207
2351.81,0.0177364
0.000177364
2350.77,0.0177521
0.000177521
2349.73,0.0177678
0.000177678
2348.68,0.0177836
0.000177836
2347.63,0.0177995
0.000177995
2346.58,0.0178154
0.000178154
2345.53,0.0178314
0.000178314
2344.48,0.0178475
0.000178475
2343.42,0.0178636
0.000178636
2342.36,0.0178797
0.000178797
2341.3,0.0178959
0.000178959
2340.24,0.0179122
0.000179122
2339.17,0.0179285
0.000179285
2338.1,0.0179449
0.000179449
2337.03,0.0179614
0.000179614
2335.96,0.0179779
0.000179779
2334.89,0.0179944
0.000179944
2333.81,0.018011
0.00018011
2332.73,0.0180277
0.000180277
2331.65,0.0180444
0.000180444
2330.56,0.0180612
0.000180612
2329.48,0.0180781
0.000180781
2328.39,0.018095
0.00018095
2327.3,0.0181119
0.000181119
2326.2,0.018129
0.00018129
2325.11,0.0181461
0.000181461
2324.01,0.0181632
0.000181632
2322.91,0.0181804
0.000181804
2321.81,0.0181977
0.000181977
2320.71,0.018215
0.00018215
2319.6,0.0182324
0.000182324
2318.49,0.0182498
0.000182498
2317.38,0.0182673
0.000182673
2316.27,0.0182848
0.000182848
2315.15,0.0183025
0.000183025
2314.04,0.0183201
0.000183201
2312.92,0.0183379
0.000183379
2311.8,0.0183557
0.000183557
2310.67,0.0183735
0.000183735
2309.55,0.0183914
0.000183914
2308.42,0.0184094
0.000184094
2307.29,0.0184275
0.000184275
2306.16,0.0184456
0.000184456
2305.02,0.0184637
0.000184637
2303.89,0.0184819
0.000184819
2302.75,0.0185002
0.000185002
2301.61,0.0185186
0.000185186
2300.46,0.018537
0.00018537
2299.32,0.0185554
0.000185554
2298.17,0.0185739
0.000185739
2297.02,0.0185925
0.000185925
2295.87,0.0186112
0.000186112
2294.72,0.0186299
0.000186299
2293.56,0.0186487
0.000186487
2292.41,0.0186675
0.000186675
2291.25,0.0186864
0.000186864
2290.09,0.0187053
0.000187053
2288.92,0.0187244
0.000187244
2287.76,0.0187434
0.000187434
2286.59,0.0187626
0.000187626
2285.42,0.0187818
0.000187818
2284.25,0.0188011
0.000188011
2283.08,0.0188204
0.000188204
2281.9,0.0188398
0.000188398
2280.72,0.0188592
0.000188592
2279.54,0.0188788
0.000188788
2278.36,0.0188984
0.000188984
2277.18,0.018918
0.00018918
2275.99,0.0189377
0.000189377
2274.81,0.0189575
0.000189575
2273.62,0.0189773
0.000189773
2272.42,0.0189972
0.000189972
2271.23,0.0190172
0.000190172
2270.04,0.0190372
0.000190372
2268.84,0.0190573
0.000190573
2267.64,0.0190775
0.000190774
2266.44,0.0190977
0.000190977
2265.24,0.019118
0.00019118
2264.03,0.0191383
0.000191383
2262.83,0.0191587
0.000191587
2261.62,0.0191792
0.000191792
2260.41,0.0191997
0.000191997
2259.2,0.0192203
0.000192203
2257.98,0.019241
0.00019241
2256.77,0.0192617
0.000192617
2255.55,0.0192825
0.000192825
2254.33,0.0193034
0.000193034
2253.11,0.0193243
0.000193243
2251.89,0.0193453
0.000193453
2250.66,0.0193664
0.000193664
2249.43,0.0193875
0.000193875
2248.21,0.0194087
0.000194087
2246.98,0.01943
0.0001943
2245.74,0.0194513
0.000194513
2244.51,0.0194727
0.000194727
2243.27,0.0194941
0.000194941
2242.04,0.0195157
0.000195157
2240.8,0.0195372
0.000195372
2239.56,0.0195589
0.000195589
2238.32,0.0195806
0.000195806
2237.07,0.0196024
0.000196024
2235.83,0.0196243
0.000196243
2234.58,0.0196462
0.000196462
2233.33,0.0196682
0.000196682
2232.08,0.0196902
0.000196902
2230.82,0.0197123
0.000197123
2229.57,0.0197345
0.000197345
2228.31,0.0197568
0.000197568
2227.06,0.0197791
0.000197791
2225.8,0.0198015
0.000198015
2224.54,0.0198239
0.000198239
2223.27,0.0198465
0.000198465
2222.01,0.0198691
0.000198691
2220.74,0.0198917
0.000198917
2219.48,0.0199144
0.000199144
2218.21,0.0199372
0.000199372
2216.94,0.0199601
0.000199601
2215.66,0.019983
0.00019983
2214.39,0.020006
0.00020006
2213.11,0.0200291
0.000200291
2211.84,0.0200522
0.000200522
2210.56,0.0200754
0.000200754
2209.28,0.0200987
0.000200987
2208,0.020122
0.00020122
2206.71,0.0201454
0.000201454
2205.43,0.0201689
0.000201689
2204.14,0.0201925
0.000201925
2202.86,0.0202161
0.000202161
2201.57,0.0202397
0.000202397
2200.28,0.0202635
0.000202635
2198.99,0.0202873
0.000202873
2197.69,0.0203112
0.000203112
2196.4,0.0203351
0.000203351
2195.1,0.0203592
0.000203592
2193.8,0.0203833
0.000203833
2192.5,0.0204074
0.000204074
2191.2,0.0204317
0.000204317
2189.9,0.020456
0.00020456
2188.6,0.0204803
0.000204803
2187.29,0.0205048
0.000205048
2185.99,0.0205293
0.000205293
2184.68,0.0205538
0.000205538
2183.37,0.0205785
0.000205785
2182.06,0.0206032
0.000206032
2180.75,0.020628
0.00020628
2179.44,0.0206529
0.000206529
2178.12,0.0206778
0.000206778
2176.81,0.0207028
0.000207028
2175.49,0.0207278
0.000207278
2174.17,0.020753
0.00020753
2172.86,0.0207782
0.000207782
2171.54,0.0208034
0.000208034
2170.21,0.0208288
0.000208288
2168.89,0.0208542
0.000208542
2167.57,0.0208797
0.000208797
2166.24,0.0209052
0.000209052
2164.92,0.0209309
0.000209309
2163.59,0.0209566
0.000209566
2162.26,0.0209823
0.000209823
2160.93,0.0210082
0.000210082
2159.6,0.0210341
0.000210341
2158.27,0.02106
0.0002106
2156.93,0.0210861
0.000210861
2155.6,0.0211122
0.000211122
2154.26,0.0211384
0.000211384
2152.93,0.0211646
0.000211646
2151.59,0.021191
0.00021191
2150.25,0.0212174
0.000212174
2148.91,0.0212438
0.000212438
2147.57,0.0212704
0.000212704
2146.23,0.021297
0.00021297
2144.88,0.0213237
0.000213237
2143.54,0.0213504
0.000213504
2142.19,0.0213772
0.000213772
2140.85,0.0214041
0.000214041
2139.5,0.0214311
0.000214311
2138.15,0.0214581
0.000214581
2136.8,0.0214852
0.000214852
2135.45,0.0215124
0.000215124
2134.1,0.0215396
0.000215396
2132.75,0.0215669
0.000215669
2131.4,0.0215943
0.000215943
2130.05,0.0216218
0.000216218
2128.69,0.0216493
0.000216493
2127.34,0.0216769
0.000216769
2125.98,0.0217046
0.000217046
2124.62,0.0217323
0.000217323
2123.26,0.0217601
0.000217601
2121.91,0.021788
0.00021788
2120.55,0.0218159
0.000218159
2119.19,0.0218439
0.000218439
2117.82,0.021872
0.00021872
2116.46,0.0219002
0.000219002
2115.1,0.0219284
0.000219284
2113.74,0.0219567
0.000219567
2112.37,0.0219851
0.000219851
2111.01,0.0220135
0.000220135
2109.64,0.022042
0.00022042
2108.28,0.0220706
0.000220706
2106.91,0.0220993
0.000220993
2105.54,0.022128
0.00022128
2104.17,0.0221568
0.000221568
2102.8,0.0221856
0.000221856
2101.43,0.0222146
0.000222145
2100.06,0.0222435
0.000222435
2098.69,0.0222726
0.000222726
2097.32,0.0223018
0.000223018
2095.95,0.022331
0.00022331
2094.58,0.0223602
0.000223602
2093.2,0.0223896
0.000223896
2091.83,0.022419
0.00022419
2090.46,0.0224485
0.000224485
2089.08,0.022478
0.00022478
2087.71,0.0225077
0.000225077
2086.33,0.0225374
0.000225374
2084.95,0.0225671
0.000225671
2083.58,0.0225969
0.000225969
2082.2,0.0226268
0.000226268
2080.82,0.0226568
0.000226568
2079.45,0.0226868
0.000226868
2078.07,0.0227169
0.000227169
2076.69,0.0227471
0.000227471
2075.31,0.0227773
0.000227773
2073.93,0.0228077
0.000228077
2072.55,0.022838
0.00022838
2071.17,0.0228685
0.000228685
2069.79,0.022899
0.00022899
2068.41,0.0229296
0.000229296
2067.03,0.0229602
0.000229602
2065.65,0.0229909
0.000229909
2064.27,0.0230217
0.000230217
2062.88,0.0230526
0.000230526
2061.5,0.0230835
0.000230835
2060.12,0.0231145
0.000231145
2058.74,0.0231455
0.000231455
2057.36,0.0231766
0.000231766
2055.97,0.0232078
0.000232078
2054.59,0.023239
0.00023239
2053.21,0.0232704
0.000232704
2051.83,0.0233017
0.000233017
2050.44,0.0233332
0.000233332
2049.06,0.0233647
0.000233647
2047.68,0.0233963
0.000233963
2046.29,0.0234279
0.000234279
2044.91,0.0234596
0.000234596
2043.53,0.0234914
0.000234914
2042.14,0.0235232
0.000235232
2040.76,0.0235551
0.000235551
2039.38,0.0235871
0.000235871
2037.99,0.0236191
0.000236191
2036.61,0.0236512
0.000236512
2035.23,0.0236834
0.000236834
2033.84,0.0237156
0.000237156
2032.46,0.0237479
0.000237479
2031.08,0.0237802
0.000237802
2029.7,0.0238126
0.000238126
2028.31,0.0238451
0.000238451
2026.93,0.0238776
0.000238776
2025.55,0.0239102
0.000239102
2024.17,0.0239429
0.000239429
2022.79,0.0239756
0.000239756
2021.4,0.0240084
0.000240084
2020.02,0.0240412
0.000240412
2018.64,0.0240741
0.000240741
2017.26,0.0241071
0.000241071
2015.88,0.0241401
0.000241401
2014.5,0.0241732
0.000241732
2013.12,0.0242063
0.000242063
2011.74,0.0242395
0.000242395
2010.36,0.0242728
0.000242728
2008.99,0.0243061
0.000243061
2007.61,0.0243395
0.000243395
2006.23,0.0243729
0.000243729
2004.85,0.0244064
0.000244064
2003.48,0.02444
0.0002444
2002.1,0.0244736
0.000244736
2000.72,0.0245072
0.000245072
1999.35,0.024541
0.00024541
1997.97,0.0245747
0.000245747
1996.6,0.0246086
0.000246086
1995.23,0.0246425
0.000246425
1993.85,0.0246764
0.000246764
1992.48,0.0247104
0.000247104
1991.11,0.0247445
0.000247445
1989.74,0.0247786
0.000247786
1988.37,0.0248127
0.000248127
1987,0.0248469
0.000248469
1985.63,0.0248812
0.000248812
1984.26,0.0249155
0.000249155
1982.9,0.0249499
0.000249499
1981.53,0.0249843
0.000249843
1980.16,0.0250188
0.000250188
1978.8,0.0250533
0.000250533
1977.44,0.0250879
0.000250879
1976.07,0.0251225
0.000251225
1974.71,0.0251572
0.000251572
1973.35,0.0251919
0.000251919
1971.99,0.0252267
0.000252267
1970.63,0.0252615
0.000252615
1969.27,0.0252964
0.000252964
1967.91,0.0253313
0.000253313
1966.56,0.0253663
0.000253663
1965.2,0.0254013
0.000254013
1963.84,0.0254363
0.000254363
1962.49,0.0254714
0.000254714
1961.14,0.0255066
0.000255066
1959.79,0.0255418
0.000255418
1958.44,0.025577
0.00025577
1957.09,0.0256123
0.000256123
1955.74,0.0256476
0.000256476
1954.39,0.025683
0.00025683
1953.05,0.0257184
0.000257184
1951.7,0.0257539
0.000257539
1950.36,0.0257894
0.000257893
1949.02,0.0258249
0.000258249
1947.67,0.0258605
0.000258605
1946.34,0.0258961
0.000258961
1945,0.0259317
0.000259317
1943.66,0.0259674
0.000259674
1942.32,0.0260031
0.000260031
1940.99,0.0260389
0.000260389
1939.66,0.0260747
0.000260747
1938.33,0.0261105
0.000261105
1937,0.0261464
0.000261464
1935.67,0.0261823
0.000261823
1934.34,0.0262182
0.000262182
1933.01,0.0262542
0.000262542
1931.69,0.0262902
0.000262902
1930.37,0.0263263
0.000263263
1929.05,0.0263623
0.000263623
1927.73,0.0263984
0.000263984
1926.41,0.0264346
0.000264346
1925.09,0.0264707
0.000264707
1923.78,0.0265069
0.000265069
1922.47,0.0265431
0.000265431
1921.15,0.0265794
0.000265794
1919.84,0.0266156
0.000266156
1918.54,0.0266519
0.000266519
1917.23,0.0266883
0.000266883
1915.93,0.0267246
0.000267246
1914.62,0.026761
0.00026761
1913.32,0.0267974
0.000267974
1912.02,0.0268338
0.000268338
1910.73,0.0268702
0.000268702
1909.43,0.0269067
0.000269067
1908.14,0.0269432
0.000269432
1906.85,0.0269797
0.000269797
1905.56,0.0270162
0.000270162
1904.27,0.0270528
0.000270528
1902.99,0.0270893
0.000270893
1901.7,0.0271259
0.000271259
1900.42,0.0271625
0.000271625
1899.14,0.0271991
0.000271991
1897.86,0.0272357
0.000272357
1896.59,0.0272723
0.000272723
1895.32,0.027309
0.00027309
1894.05,0.0273456
0.000273456
1892.78,0.0273823
0.000273823
1891.51,0.027419
0.00027419
1890.25,0.0274556
0.000274556
1888.99,0.0274923
0.000274923
1887.73,0.027529
0.00027529
1886.47,0.0275657
0.000275657
1885.21,0.0276025
0.000276025
1883.96,0.0276392
0.000276392
1882.71,0.0276759
0.000276759
1881.46,0.0277126
0.000277126
1880.22,0.0277494
0.000277494
1878.97,0.0277861
0.000277861
1877.73,0.0278228
0.000278228
1876.5,0.0278595
0.000278595
1875.26,0.0278963
0.000278963
1874.03,0.027933
0.00027933
1872.8,0.0279697
0.000279697
1871.57,0.0280064
0.000280064
1870.34,0.0280431
0.000280431
1869.12,0.0280798
0.000280798
1867.9,0.0281165
0.000281165
1866.68,0.0281532
0.000281532
1865.47,0.0281899
0.000281899
1864.26,0.0282266
0.000282266
1863.05,0.0282632
0.000282632
1861.84,0.0282998
0.000282999
1860.64,0.0283365
0.000283365
1859.44,0.0283731
0.000283731
1858.24,0.0284097
0.000284097
1857.04,0.0284463
0.000284463
1855.85,0.0284828
0.000284828
1854.66,0.0285194
0.000285194
1853.47,0.0285559
0.000285559
1852.29,0.0285924
0.000285924
1851.11,0.0286289
0.000286289
1849.93,0.0286654
0.000286654
1848.76,0.0287018
0.000287018
1847.59,0.0287382
0.000287382
1846.42,0.0287746
0.000287746
1845.25,0.0288109
0.000288109
1844.09,0.0288473
0.000288473
1842.93,0.0288836
0.000288836
1841.78,0.0289198
0.000289198
1840.62,0.0289561
0.000289561
1839.47,0.0289923
0.000289923
1838.33,0.0290284
0.000290284
1837.18,0.0290646
0.000290646
1836.04,0.0291006
0.000291006
1834.91,0.0291367
0.000291367
1833.78,0.0291727
0.000291727
1832.65,0.0292087
0.000292087
1831.52,0.0292446
0.000292446
1830.4,0.0292805
0.000292805
1829.28,0.0293163
0.000293163
1828.16,0.0293521
0.000293521
1827.05,0.0293879
0.000293879
1825.94,0.0294236
0.000294236
1824.84,0.0294593
0.000294593
1823.73,0.0294949
0.000294949
1822.64,0.0295304
0.000295304
1821.54,0.0295659
0.000295659
1820.45,0.0296014
0.000296014
1819.36,0.0296367
0.000296367
1818.28,0.0296721
0.000296721
1817.2,0.0297074
0.000297074
1816.12,0.0297426
0.000297426
1815.05,0.0297777
0.000297777
1813.98,0.0298128
0.000298128
1812.92,0.0298478
0.000298478
1811.86,0.0298828
0.000298828
1810.8,0.0299177
0.000299177
1809.75,0.0299525
0.000299525
1808.7,0.0299873
0.000299873
1807.65,0.030022
0.00030022
1806.61,0.0300566
0.000300566
1805.57,0.0300912
0.000300912
1804.54,0.0301256
0.000301256
1803.51,0.03016
0.0003016
1802.48,0.0301944
0.000301944
1801.46,0.0302286
0.000302286
1800.45,0.0302628
0.000302628
1799.43,0.0302969
0.000302969
1798.42,0.0303309
0.000303309
1797.42,0.0303648
0.000303648
1796.42,0.0303986
0.000303986
1795.42,0.0304324
0.000304324
1794.43,0.030466
0.00030466
1793.44,0.0304996
0.000304996
1792.46,0.0305331
0.000305331
1791.48,0.0305665
0.000305665
1790.51,0.0305997
0.000305997
1789.53,0.0306329
0.000306329
1788.57,0.030666
0.00030666
1787.61,0.030699
0.00030699
1786.65,0.0307319
0.000307319
1785.7,0.0307648
0.000307647
1784.75,0.0307974
0.000307975
1783.81,0.03083
0.0003083
1782.87,0.0308625
0.000308625
1781.93,0.0308949
0.000308949
1781,0.0309272
0.000309272
1780.08,0.0309594
0.000309594
1779.15,0.0309914
0.000309914
1778.24,0.0310234
0.000310234
1777.33,0.0310552
0.000310552
1776.42,0.0310869
0.000310869
1775.52,0.0311185
0.000311185
1774.62,0.03115
0.0003115
1773.73,0.0311814
0.000311814
1772.84,0.0312126
0.000312126
1771.96,0.0312437
0.000312437
1771.08,0.0312747
0.000312747
1770.21,0.0313056
0.000313056
1769.34,0.0313363
0.000313363
1768.47,0.0313669
0.000313669
1767.61,0.0313974
0.000313974
1766.76,0.0314278
0.000314278
1765.91,0.031458
0.00031458
1765.07,0.0314881
0.000314881
1764.23,0.031518
0.00031518
1763.4,0.0315478
0.000315478
1762.57,0.0315775
0.000315775
1761.74,0.031607
0.00031607
1760.93,0.0316364
0.000316364
1760.11,0.0316656
0.000316656
1759.3,0.0316947
0.000316947
1758.5,0.0317237
0.000317237
1757.7,0.0317525
0.000317525
1756.91,0.0317811
0.000317811
1756.12,0.0318096
0.000318096
1755.34,0.031838
0.00031838
1754.57,0.0318662
0.000318662
1753.79,0.0318942
0.000318942
1753.03,0.0319221
0.000319221
1752.27,0.0319498
0.000319498
1751.51,0.0319774
0.000319774
1750.76,0.0320048
0.000320048
1750.02,0.0320321
0.000320321
1749.28,0.0320591
0.000320591
1748.54,0.0320861
0.000320861
1747.81,0.0321128
0.000321128
1747.09,0.0321394
0.000321394
1746.37,0.0321658
0.000321658
1745.66,0.032192
0.00032192
1744.96,0.0322181
0.000322181
1744.26,0.032244
0.00032244
1743.56,0.0322697
0.000322697
1742.87,0.0322952
0.000322952
1742.19,0.0323206
0.000323206
1741.51,0.0323458
0.000323458
1740.84,0.0323708
0.000323708
1740.17,0.0323956
0.000323956
1739.51,0.0324202
0.000324202
1738.85,0.0324447
0.000324447
1738.2,0.0324689
0.000324689
1737.56,0.032493
0.00032493
1736.92,0.0325169
0.000325169
1736.29,0.0325406
0.000325406
1735.66,0.0325641
0.000325641
1735.04,0.0325874
0.000325874
1734.43,0.0326105
0.000326105
1733.82,0.0326334
0.000326334
1733.21,0.0326561
0.000326561
1732.62,0.0326786
0.000326786
1732.03,0.032701
0.00032701
1731.44,0.0327231
0.000327231
1730.86,0.032745
0.00032745
1730.29,0.0327667
0.000327667
1729.72,0.0327882
0.000327882
1729.16,0.0328095
0.000328095
1728.6,0.0328306
0.000328306
1728.05,0.0328515
0.000328515
1727.51,0.0328721
0.000328722
1726.97,0.0328926
0.000328926
1726.44,0.0329129
0.000329129
1725.92,0.0329329
0.000329329
1725.4,0.0329527
0.000329527
1724.88,0.0329723
0.000329723
1724.38,0.0329917
0.000329917
1723.88,0.0330108
0.000330108
1723.38,0.0330298
0.000330298
1722.89,0.0330485
0.000330485
1722.41,0.033067
0.00033067
1721.94,0.0330853
0.000330853
1721.47,0.0331033
0.000331033
1721,0.0331211
0.000331211
1720.55,0.0331387
0.000331387
1720.1,0.0331561
0.000331561
1719.65,0.0331732
0.000331732
1719.21,0.0331901
0.000331901
1718.78,0.0332068
0.000332068
1718.36,0.0332233
0.000332233
1717.94,0.0332395
0.000332395
1717.52,0.0332555
0.000332555
1717.12,0.0332712
0.000332712
1716.72,0.0332867
0.000332867
1716.33,0.033302
0.00033302
1715.94,0.033317
0.00033317
1715.56,0.0333318
0.000333318
1715.18,0.0333463
0.000333463
1714.81,0.0333607
0.000333607
1714.45,0.0333747
0.000333747
1714.1,0.0333885
0.000333885
1713.75,0.0334021
0.000334021
1713.41,0.0334155
0.000334155
1713.07,0.0334285
0.000334285
1712.74,0.0334414
0.000334414
1712.42,0.033454
0.00033454
1712.11,0.0334663
0.000334663
1711.8,0.0334784
0.000334784
1711.49,0.0334903
0.000334903
1711.2,0.0335019
0.000335019
1710.91,0.0335132
0.000335132
1710.62,0.0335243
0.000335243
1710.35,0.0335351
0.000335351
1710.08,0.0335457
0.000335457
1709.81,0.0335561
0.000335561
1709.56,0.0335661
0.000335661
1709.31,0.033576
0.00033576
1709.06,0.0335855
0.000335855
1708.83,0.0335948
0.000335948
1708.6,0.0336039
0.000336039
1708.37,0.0336127
0.000336127
1708.16,0.0336212
0.000336212
1707.95,0.0336295
0.000336295
1707.74,0.0336375
0.000336375
1707.55,0.0336453
0.000336453
1707.36,0.0336528
0.000336528
1707.17,0.03366
0.0003366
1707,0.033667
0.00033667
1706.83,0.0336737
0.000336737
1706.66,0.0336801
0.000336801
1706.51,0.0336863
0.000336863
1706.36,0.0336922
0.000336922
1706.21,0.0336979
0.000336979
1706.08,0.0337033
0.000337033
1705.95,0.0337084
0.000337084
1705.82,0.0337133
0.000337133
1705.71,0.0337179
0.000337179
1705.6,0.0337222
0.000337222
1705.5,0.0337263
0.000337263
1705.4,0.0337301
0.000337301
1705.31,0.0337336
0.000337336
1705.23,0.0337368
0.000337368
1705.15,0.0337398
0.000337398
1705.08,0.0337426
0.000337426
1705.02,0.033745
0.00033745
1704.96,0.0337472
0.000337472
1704.92,0.0337492
0.000337492
1704.87,0.0337508
0.000337508
1704.84,0.0337522
0.000337522
1704.81,0.0337534
0.000337533
1704.79,0.0337542
0.000337542
1704.77,0.0337548
0.000337548
1704.77,0.0337551
0.000337551
1704.76,0.0337552
0.000337552
1704.77,0.0337549
0.000337549
1704.78,0.0337545
0.000337545
1704.8,0.0337537
0.000337537
1704.83,0.0337527
0.000337527
1704.86,0.0337514
0.000337514
1704.9,0.0337498
0.000337498
1704.95,0.033748
0.00033748
1705,0.0337459
0.000337459
1705.06,0.0337436
0.000337436
1705.12,0.0337409
0.000337409
1705.2,0.033738
0.00033738
1705.28,0.0337349
0.000337349
1705.36,0.0337315
0.000337315
1705.46,0.0337278
0.000337278
1705.56,0.0337238
0.000337238
1705.66,0.0337196
0.000337196
1705.78,0.0337151
0.000337151
1705.9,0.0337103
0.000337103
1706.03,0.0337053
0.000337053
1706.16,0.0337
0.000337
1706.3,0.0336945
0.000336945
1706.45,0.0336886
0.000336886
1706.6,0.0336826
0.000336826
1706.76,0.0336762
0.000336762
1706.93,0.0336696
0.000336696
1707.1,0.0336627
0.000336627
1707.28,0.0336556
0.000336556
1707.47,0.0336482
0.000336482
1707.67,0.0336406
0.000336406
1707.87,0.0336326
0.000336326
1708.07,0.0336245
0.000336245
1708.29,0.033616
0.00033616
1708.51,0.0336073
0.000336073
1708.74,0.0335984
0.000335984
1708.97,0.0335892
0.000335892
1709.21,0.0335797
0.000335797
1709.46,0.03357
0.0003357
1709.71,0.03356
0.0003356
1709.97,0.0335498
0.000335498
1710.24,0.0335393
0.000335393
1710.52,0.0335285
0.000335285
1710.8,0.0335176
0.000335176
1711.08,0.0335063
0.000335063
1711.38,0.0334948
0.000334948
1711.68,0.0334831
0.000334831
1711.98,0.0334711
0.000334711
1712.3,0.0334588
0.000334588
1712.62,0.0334463
0.000334463
1712.94,0.0334336
0.000334336
1713.28,0.0334206
0.000334206
1713.62,0.0334073
0.000334073
1713.96,0.0333938
0.000333938
1714.31,0.0333801
0.000333801
1714.67,0.0333662
0.000333662
1715.04,0.0333519
0.000333519
1715.41,0.0333375
0.000333375
1715.79,0.0333228
0.000333228
1716.17,0.0333079
0.000333079
1716.56,0.0332927
0.000332927
1716.96,0.0332773
0.000332773
1717.37,0.0332616
0.000332616
1717.78,0.0332457
0.000332457
1718.19,0.0332296
0.000332296
1718.62,0.0332133
0.000332133
1719.04,0.0331967
0.000331967
1719.48,0.0331799
0.000331799
1719.92,0.0331628
0.000331628
1720.37,0.0331455
0.000331455
1720.83,0.033128
0.00033128
1721.29,0.0331103
0.000331103
1721.75,0.0330923
0.000330923
1722.23,0.0330741
0.000330741
1722.71,0.0330557
0.000330557
1723.19,0.0330371
0.000330371
1723.68,0.0330182
0.000330182
1724.18,0.0329992
0.000329992
1724.69,0.0329799
0.000329799
1725.2,0.0329604
0.000329604
1725.71,0.0329406
0.000329406
1726.24,0.0329207
0.000329207
1726.76,0.0329005
0.000329005
1727.3,0.0328801
0.000328801
1727.84,0.0328596
0.000328596
1728.39,0.0328388
0.000328388
1728.94,0.0328177
0.000328177
1729.5,0.0327965
0.000327965
1730.07,0.0327751
0.000327751
1730.64,0.0327535
0.000327535
1731.21,0.0327316
0.000327316
1731.8,0.0327096
0.000327096
1732.39,0.0326874
0.000326874
1732.98,0.0326649
0.000326649
1733.58,0.0326423
0.000326423
1734.19,0.0326194
0.000326194
1734.8,0.0325964
0.000325964
1735.42,0.0325732
0.000325732
1736.04,0.0325498
0.000325498
1736.67,0.0325261
0.000325261
1737.31,0.0325023
0.000325023
1737.95,0.0324783
0.000324783
1738.6,0.0324541
0.000324541
1739.25,0.0324298
0.000324298
1739.91,0.0324052
0.000324052
1740.58,0.0323805
0.000323805
1741.25,0.0323555
0.000323555
1741.92,0.0323304
0.000323304
1742.6,0.0323051
0.000323051
1743.29,0.0322797
0.000322797
1743.98,0.032254
0.00032254
1744.68,0.0322282
0.000322282
1745.39,0.0322022
0.000322022
1746.1,0.032176
0.00032176
1746.81,0.0321497
0.000321497
1747.53,0.0321232
0.000321232
1748.26,0.0320965
0.000320965
1748.99,0.0320696
0.000320696
1749.73,0.0320426
0.000320426
1750.47,0.0320154
0.000320155
1751.22,0.0319881
0.000319881
1751.97,0.0319606
0.000319606
1752.73,0.0319329
0.000319329
1753.49,0.0319051
0.000319051
1754.26,0.0318771
0.000318771
1755.04,0.031849
0.00031849
1755.82,0.0318207
0.000318207
1756.6,0.0317923
0.000317923
1757.39,0.0317637
0.000317637
1758.19,0.0317349
0.000317349
1758.99,0.031706
0.00031706
1759.8,0.031677
0.00031677
1760.61,0.0316478
0.000316478
1761.42,0.0316185
0.000316185
1762.25,0.031589
0.00031589
1763.07,0.0315594
0.000315594
1763.9,0.0315296
0.000315296
1764.74,0.0314997
0.000314997
1765.58,0.0314697
0.000314697
1766.43,0.0314395
0.000314395
1767.28,0.0314092
0.000314092
1768.14,0.0313788
0.000313788
1769,0.0313483
0.000313483
1769.87,0.0313176
0.000313176
1770.74,0.0312867
0.000312867
1771.61,0.0312558
0.000312558
1772.5,0.0312247
0.000312247
1773.38,0.0311935
0.000311935
1774.27,0.0311622
0.000311622
1775.17,0.0311308
0.000311308
1776.07,0.0310992
0.000310992
1776.97,0.0310676
0.000310676
1777.88,0.0310358
0.000310358
1778.8,0.0310039
0.000310039
1779.72,0.0309719
0.000309719
1780.64,0.0309397
0.000309397
1781.57,0.0309075
0.000309075
1782.5,0.0308752
0.000308752
1783.44,0.0308427
0.000308427
1784.38,0.0308102
0.000308102
1785.33,0.0307775
0.000307775
1786.28,0.0307447
0.000307447
1787.23,0.0307119
0.000307119
1788.19,0.0306789
0.000306789
1789.16,0.0306459
0.000306459
1790.13,0.0306127
0.000306127
1791.1,0.0305794
0.000305794
1792.08,0.0305461
0.000305461
1793.06,0.0305126
0.000305126
1794.05,0.0304791
0.000304791
1795.04,0.0304455
0.000304455
1796.03,0.0304118
0.000304118
1797.03,0.030378
0.00030378
1798.03,0.0303441
0.000303441
1799.04,0.0303101
0.000303101
1800.05,0.0302761
0.000302761
1801.07,0.0302419
0.000302419
1802.09,0.0302077
0.000302077
1803.11,0.0301734
0.000301734
1804.14,0.0301391
0.000301391
1805.17,0.0301046
0.000301046
1806.21,0.0300701
0.000300701
1807.25,0.0300355
0.000300355
1808.29,0.0300008
0.000300008
1809.34,0.0299661
0.000299661
1810.39,0.0299313
0.000299313
1811.44,0.0298964
0.000298964
1812.5,0.0298615
0.000298615
1813.57,0.0298265
0.000298265
1814.63,0.0297914
0.000297914
1815.7,0.0297563
0.000297563
1816.78,0.0297211
0.000297211
1817.86,0.0296858
0.000296858
1818.94,0.0296505
0.000296505
1820.03,0.0296152
0.000296152
1821.12,0.0295797
0.000295797
1822.21,0.0295443
0.000295443
1823.3,0.0295087
0.000295087
1824.41,0.0294731
0.000294731
1825.51,0.0294375
0.000294375
1826.62,0.0294018
0.000294018
1827.73,0.0293661
0.000293661
1828.84,0.0293303
0.000293303
1829.96,0.0292945
0.000292945
1831.08,0.0292586
0.000292586
1832.21,0.0292227
0.000292227
1833.33,0.0291867
0.000291867
1834.47,0.0291507
0.000291507
1835.6,0.0291147
0.000291147
1836.74,0.0290786
0.000290786
1837.88,0.0290425
0.000290425
1839.03,0.0290064
0.000290064
1840.17,0.0289702
0.000289702
1841.33,0.028934
0.00028934
1842.48,0.0288977
0.000288977
1843.64,0.0288614
0.000288614
1844.8,0.0288251
0.000288251
1845.96,0.0287888
0.000287888
1847.13,0.0287524
0.000287524
1848.3,0.028716
0.00028716
1849.47,0.0286796
0.000286796
1850.65,0.0286431
0.000286431
1851.83,0.0286067
0.000286067
1853.01,0.0285702
0.000285702
1854.2,0.0285336
0.000285336
1855.39,0.0284971
0.000284971
1856.58,0.0284606
0.000284606
1857.77,0.028424
0.00028424
1858.97,0.0283874
0.000283874
1860.17,0.0283508
0.000283508
1861.37,0.0283142
0.000283142
1862.58,0.0282775
0.000282775
1863.78,0.0282409
0.000282409
1864.99,0.0282042
0.000282042
1866.21,0.0281675
0.000281675
1867.42,0.0281309
0.000281309
1868.64,0.0280942
0.000280942
1869.87,0.0280575
0.000280575
1871.09,0.0280208
0.000280208
1872.32,0.027984
0.00027984
1873.55,0.0279473
0.000279473
1874.78,0.0279106
0.000279106
1876.01,0.0278739
0.000278739
1877.25,0.0278372
0.000278372
1878.49,0.0278004
0.000278004
1879.73,0.0277637
0.000277637
1880.98,0.027727
0.00027727
1882.22,0.0276902
0.000276903
1883.47,0.0276535
0.000276535
1884.72,0.0276168
0.000276168
1885.98,0.0275801
0.000275801
1887.23,0.0275434
0.000275434
1888.49,0.0275067
0.000275067
1889.75,0.02747
0.0002747
1891.02,0.0274333
0.000274333
1892.28,0.0273966
0.000273966
1893.55,0.0273599
0.000273599
1894.82,0.0273233
0.000273233
1896.09,0.0272866
0.000272866
1897.37,0.02725
0.0002725
1898.64,0.0272134
0.000272134
1899.92,0.0271768
0.000271768
1901.2,0.0271402
0.000271402
1902.48,0.0271036
0.000271036
1903.77,0.027067
0.00027067
1905.06,0.0270305
0.000270305
1906.34,0.026994
0.00026994
1907.63,0.0269575
0.000269574
1908.93,0.026921
0.00026921
1910.22,0.0268845
0.000268845
1911.52,0.026848
0.00026848
1912.82,0.0268116
0.000268116
1914.12,0.0267752
0.000267752
1915.42,0.0267388
0.000267388
1916.72,0.0267025
0.000267025
1918.03,0.0266661
0.000266661
1919.33,0.0266298
0.000266298
1920.64,0.0265935
0.000265935
1921.95,0.0265573
0.000265573
1923.26,0.0265211
0.000265211
1924.58,0.0264849
0.000264849
1925.89,0.0264487
0.000264487
1927.21,0.0264125
0.000264125
1928.53,0.0263764
0.000263764
1929.85,0.0263403
0.000263403
1931.17,0.0263043
0.000263043
1932.5,0.0262683
0.000262683
1933.82,0.0262323
0.000262323
1935.15,0.0261963
0.000261963
1936.48,0.0261604
0.000261604
1937.81,0.0261245
0.000261245
1939.14,0.0260887
0.000260887
1940.47,0.0260529
0.000260529
1941.8,0.0260171
0.000260171
1943.14,0.0259814
0.000259814
1944.47,0.0259456
0.000259456
1945.81,0.02591
0.0002591
1947.15,0.0258744
0.000258744
1948.49,0.0258388
0.000258388
1949.83,0.0258032
0.000258032
1951.18,0.0257677
0.000257677
1952.52,0.0257322
0.000257322
1953.87,0.0256968
0.000256968
1955.21,0.0256614
0.000256614
1956.56,0.0256261
0.000256261
1957.91,0.0255908
0.000255908
1959.26,0.0255555
0.000255555
1960.61,0.0255203
0.000255203
1961.96,0.0254852
0.000254852
1963.32,0.02545
0.0002545
1964.67,0.025415
0.00025415
1966.03,0.0253799
0.000253799
1967.38,0.025345
0.00025345
1968.74,0.02531
0.0002531
1970.1,0.0252751
0.000252751
1971.46,0.0252403
0.000252403
1972.82,0.0252055
0.000252055
1974.18,0.0251707
0.000251707
1975.54,0.0251361
0.000251361
1976.9,0.0251014
0.000251014
1978.27,0.0250668
0.000250668
1979.63,0.0250323
0.000250323
1981,0.0249978
0.000249978
1982.36,0.0249633
0.000249633
1983.73,0.0249289
0.000249289
1985.1,0.0248946
0.000248946
1986.47,0.0248603
0.000248603
1987.84,0.0248261
0.000248261
1989.21,0.0247919
0.000247919
1990.58,0.0247578
0.000247578
1991.95,0.0247237
0.000247237
1993.32,0.0246897
0.000246897
1994.69,0.0246557
0.000246557
1996.07,0.0246218
0.000246218
1997.44,0.0245879
0.000245879
1998.81,0.0245541
0.000245541
2000.19,0.0245204
0.000245204
2001.56,0.0244867
0.000244867
2002.94,0.0244531
0.000244531
2004.32,0.0244195
0.000244195
2005.69,0.024386
0.00024386
2007.07,0.0243525
0.000243525
2008.45,0.0243191
0.000243191
2009.83,0.0242858
0.000242858
2011.2,0.0242525
0.000242525
2012.58,0.0242193
0.000242193
2013.96,0.0241861
0.000241861
2015.34,0.024153
0.00024153
2016.72,0.02412
0.0002412
2018.1,0.024087
0.00024087
2019.48,0.0240541
0.000240541
2020.86,0.0240212
0.000240212
2022.25,0.0239884
0.000239884
2023.63,0.0239557
0.000239557
2025.01,0.023923
0.00023923
2026.39,0.0238904
0.000238904
2027.77,0.0238578
0.000238578
2029.16,0.0238253
0.000238253
2030.54,0.0237929
0.000237929
2031.92,0.0237605
0.000237605
2033.3,0.0237282
0.000237282
2034.69,0.0236959
0.000236959
2036.07,0.0236638
0.000236638
2037.45,0.0236317
0.000236317
2038.84,0.0235996
0.000235996
2040.22,0.0235676
0.000235676
2041.6,0.0235357
0.000235357
2042.99,0.0235038
0.000235038
2044.37,0.023472
0.00023472
2045.75,0.0234403
0.000234403
2047.14,0.0234086
0.000234086
2048.52,0.023377
0.00023377
2049.9,0.0233455
0.000233455
2051.28,0.023314
0.00023314
2052.67,0.0232826
0.000232826
2054.05,0.0232513
0.000232513
2055.43,0.02322
0.0002322
2056.82,0.0231888
0.000231888
2058.2,0.0231577
0.000231577
2059.58,0.0231266
0.000231266
2060.96,0.0230956
0.000230956
2062.34,0.0230646
0.000230646
2063.73,0.0230338
0.000230338
2065.11,0.0230029
0.000230029
2066.49,0.0229722
0.000229722
2067.87,0.0229415
0.000229415
2069.25,0.0229109
0.000229109
2070.63,0.0228804
0.000228804
2072.01,0.0228499
0.000228499
2073.39,0.0228195
0.000228195
2074.77,0.0227892
0.000227892
2076.15,0.0227589
0.000227589
2077.53,0.0227287
0.000227287
2078.91,0.0226986
0.000226986
2080.29,0.0226685
0.000226685
2081.66,0.0226385
0.000226385
2083.04,0.0226086
0.000226086
2084.42,0.0225788
0.000225788
2085.79,0.022549
0.00022549
2087.17,0.0225192
0.000225192
2088.54,0.0224896
0.000224896
2089.92,0.02246
0.0002246
2091.29,0.0224305
0.000224305
2092.67,0.0224011
0.000224011
2094.04,0.0223717
0.000223717
2095.41,0.0223424
0.000223424
2096.79,0.0223132
0.000223132
2098.16,0.022284
0.00022284
2099.53,0.0222549
0.000222549
2100.9,0.0222259
0.000222259
2102.27,0.0221969
0.000221969
2103.64,0.022168
0.00022168
2105.01,0.0221392
0.000221392
2106.37,0.0221105
0.000221105
2107.74,0.0220818
0.000220818
2109.11,0.0220532
0.000220532
2110.47,0.0220247
0.000220247
2111.84,0.0219962
0.000219962
2113.2,0.0219678
0.000219678
2114.57,0.0219395
0.000219395
2115.93,0.0219112
0.000219112
2117.29,0.021883
0.00021883
2118.65,0.0218549
0.000218549
2120.01,0.0218269
0.000218269
2121.37,0.0217989
0.000217989
2122.73,0.021771
0.00021771
2124.09,0.0217432
0.000217432
2125.45,0.0217154
0.000217154
2126.8,0.0216877
0.000216877
2128.16,0.0216601
0.000216601
2129.52,0.0216325
0.000216325
2130.87,0.0216051
0.000216051
2132.22,0.0215776
0.000215776
2133.57,0.0215503
0.000215503
2134.93,0.021523
0.00021523
2136.28,0.0214958
0.000214958
2137.63,0.0214687
0.000214687
2138.97,0.0214417
0.000214417
2140.32,0.0214147
0.000214147
2141.67,0.0213877
0.000213877
2143.01,0.0213609
0.000213609
2144.36,0.0213341
0.000213341
2145.7,0.0213074
0.000213074
2147.04,0.0212808
0.000212808
2148.38,0.0212542
0.000212542
2149.72,0.0212277
0.000212277
2151.06,0.0212013
0.000212013
2152.4,0.0211749
0.000211749
2153.74,0.0211487
0.000211487
2155.08,0.0211224
0.000211224
2156.41,0.0210963
0.000210963
2157.74,0.0210702
0.000210702
2159.08,0.0210442
0.000210442
2160.41,0.0210183
0.000210183
2161.74,0.0209924
0.000209924
2163.07,0.0209666
0.000209666
2164.4,0.0209409
0.000209409
2165.72,0.0209153
0.000209153
2167.05,0.0208897
0.000208897
2168.37,0.0208642
0.000208642
2169.7,0.0208387
0.000208387
2171.02,0.0208134
0.000208134
2172.34,0.0207881
0.000207881
2173.66,0.0207628
0.000207628
2174.98,0.0207377
0.000207377
2176.29,0.0207126
0.000207126
2177.61,0.0206876
0.000206876
2178.92,0.0206626
0.000206626
2180.24,0.0206377
0.000206377
2181.55,0.0206129
0.000206129
2182.86,0.0205882
0.000205882
2184.17,0.0205635
0.000205635
2185.48,0.0205389
0.000205389
2186.78,0.0205144
0.000205144
2188.09,0.0204899
0.000204899
2189.39,0.0204655
0.000204655
2190.69,0.0204412
0.000204412
2192,0.0204169
0.000204169
2193.29,0.0203927
0.000203927
2194.59,0.0203686
0.000203686
2195.89,0.0203445
0.000203445
2197.18,0.0203206
0.000203206
2198.48,0.0202967
0.000202967
2199.77,0.0202728
0.000202728
2201.06,0.020249
0.00020249
2202.35,0.0202253
0.000202253
2203.64,0.0202017
0.000202017
2204.93,0.0201781
0.000201781
2206.21,0.0201546
0.000201546
2207.5,0.0201312
0.000201312
2208.78,0.0201078
0.000201078
2210.06,0.0200845
0.000200845
2211.34,0.0200613
0.000200613
2212.61,0.0200381
0.000200381
2213.89,0.0200151
0.000200151
2215.17,0.019992
0.00019992
2216.44,0.0199691
0.000199691
2217.71,0.0199462
0.000199462
2218.98,0.0199234
0.000199234
2220.25,0.0199006
0.000199006
2221.51,0.0198779
0.000198779
2222.78,0.0198553
0.000198553
2224.04,0.0198328
0.000198328
2225.3,0.0198103
0.000198103
2226.56,0.0197879
0.000197879
2227.82,0.0197655
0.000197655
2229.08,0.0197432
0.000197432
2230.33,0.019721
0.00019721
2231.59,0.0196989
0.000196989
2232.84,0.0196768
0.000196768
2234.09,0.0196548
0.000196548
2235.34,0.0196328
0.000196328
2236.58,0.019611
0.00019611
2237.83,0.0195892
0.000195892
2239.07,0.0195674
0.000195674
2240.31,0.0195457
0.000195457
2241.55,0.0195241
0.000195241
2242.79,0.0195026
0.000195026
2244.03,0.0194811
0.000194811
2245.26,0.0194597
0.000194597
2246.49,0.0194383
0.000194383
2247.72,0.019417
0.00019417
2248.95,0.0193958
0.000193958
2250.18,0.0193747
0.000193747
2251.41,0.0193536
0.000193536
2252.63,0.0193325
0.000193325
2253.85,0.0193116
0.000193116
2255.07,0.0192907
0.000192907
2256.29,0.0192699
0.000192699
2257.51,0.0192491
0.000192491
2258.72,0.0192284
0.000192284
2259.93,0.0192078
0.000192078
2261.15,0.0191872
0.000191872
2262.35,0.0191667
0.000191667
2263.56,0.0191463
0.000191463
2264.77,0.0191259
0.000191259
2265.97,0.0191056
0.000191056
2267.17,0.0190854
0.000190854
2268.37,0.0190652
0.000190652
2269.57,0.0190451
0.000190451
2270.76,0.019025
0.00019025
2271.96,0.019005
0.00019005
2273.15,0.0189851
0.000189851
2274.34,0.0189652
0.000189652
2275.53,0.0189454
0.000189454
2276.71,0.0189257
0.000189257
2277.9,0.018906
0.00018906
2279.08,0.0188864
0.000188864
2280.26,0.0188669
0.000188669
2281.44,0.0188474
0.000188474
2282.62,0.018828
0.00018828
2283.79,0.0188086
0.000188086
2284.96,0.0187893
0.000187893
2286.13,0.0187701
0.000187701
2287.3,0.0187509
0.000187509
2288.47,0.0187318
0.000187318
2289.63,0.0187128
0.000187128
2290.79,0.0186938
0.000186938
2291.95,0.0186749
0.000186749
2293.11,0.018656
0.00018656
2294.27,0.0186372
0.000186372
2295.42,0.0186185
0.000186185
2296.57,0.0185998
0.000185998
2297.72,0.0185812
0.000185812
2298.87,0.0185627
0.000185627
2300.02,0.0185442
0.000185442
2301.16,0.0185257
0.000185257
2302.3,0.0185074
0.000185074
2303.44,0.0184891
0.000184891
2304.58,0.0184708
0.000184708
2305.71,0.0184526
0.000184526
2306.85,0.0184345
0.000184345
2307.98,0.0184165
0.000184165
2309.11,0.0183985
0.000183985
2310.23,0.0183805
0.000183805
2311.36,0.0183626
0.000183626
2312.48,0.0183448
0.000183448
2313.6,0.0183271
0.000183271
2314.72,0.0183094
0.000183094
2315.83,0.0182917
0.000182917
2316.95,0.0182742
0.000182742
2318.06,0.0182566
0.000182566
2319.17,0.0182392
0.000182392
2320.27,0.0182218
0.000182218
2321.38,0.0182044
0.000182044
2322.48,0.0181871
0.000181871
2323.58,0.0181699
0.000181699
2324.68,0.0181528
0.000181528
2325.78,0.0181357
0.000181357
2326.87,0.0181186
0.000181186
2327.96,0.0181016
0.000181016
2329.05,0.0180847
0.000180847
2330.14,0.0180678
0.000180678
2331.22,0.018051
0.00018051
2332.31,0.0180342
0.000180342
2333.39,0.0180176
0.000180176
2334.46,0.0180009
0.000180009
2335.54,0.0179843
0.000179843
2336.61,0.0179678
0.000179678
2337.68,0.0179513
0.000179513
2338.75,0.0179349
0.000179349
2339.82,0.0179186
0.000179186
2340.89,0.0179023
0.000179023
2341.95,0.0178861
0.000178861
2343.01,0.0178699
0.000178699
2344.06,0.0178538
0.000178538
2345.12,0.0178377
0.000178377
2346.17,0.0178217
0.000178217
2347.22,0.0178057
0.000178057
2348.27,0.0177899
0.000177899
2349.32,0.017774
0.00017774
2350.36,0.0177582
0.000177582
2351.4,0.0177425
0.000177425
2352.44,0.0177268
0.000177268
2353.48,0.0177112
0.000177112
2354.51,0.0176957
0.000176957
2355.54,0.0176802
0.000176802
2356.57,0.0176647
0.000176647
2357.6,0.0176493
0.000176493
2358.63,0.017634
0.00017634
2359.65,0.0176187
0.000176187
2360.67,0.0176035
0.000176035
2361.68,0.0175884
0.000175884
2362.7,0.0175732
0.000175732
2363.71,0.0175582
0.000175582
2364.72,0.0175432
0.000175432
2365.73,0.0175282
0.000175282
2366.74,0.0175133
0.000175133
2367.74,0.0174985
0.000174985
2368.74,0.0174837
0.000174837
2369.74,0.017469
0.00017469
2370.73,0.0174543
0.000174543
2371.73,0.0174397
0.000174397
2372.72,0.0174251
0.000174251
2373.71,0.0174106
0.000174106
2374.69,0.0173962
0.000173962
2375.68,0.0173818
0.000173818
2376.66,0.0173674
0.000173674
2377.64,0.0173531
0.000173531
2378.61,0.0173389
0.000173389
2379.59,0.0173247
0.000173247
2380.56,0.0173106
0.000173106
2381.53,0.0172965
0.000172965
2382.49,0.0172825
0.000172825
2383.46,0.0172685
0.000172685
2384.42,0.0172546
0.000172546
2385.38,0.0172407
0.000172407
2386.33,0.0172269
0.000172269
2387.29,0.0172131
0.000172131
2388.24,0.0171994
0.000171994
2389.19,0.0171857
0.000171857
2390.14,0.0171721
0.000171721
2391.08,0.0171586
0.000171586
2392.02,0.0171451
0.000171451
2392.96,0.0171316
0.000171316
2393.9,0.0171182
0.000171182
2394.83,0.0171049
0.000171049
2395.76,0.0170916
0.000170916
2396.69,0.0170783
0.000170783
2397.62,0.0170651
0.000170651
2398.54,0.017052
0.00017052
2399.46,0.0170389
0.000170389
2400.38,0.0170259
0.000170259
2401.29,0.0170129
0.000170129
2402.21,0.017
0.00017
2403.12,0.0169871
0.000169871
2404.03,0.0169742
0.000169742
2404.93,0.0169615
0.000169615
2405.84,0.0169487
0.000169487
2406.74,0.016936
0.00016936
2407.63,0.0169234
0.000169234
2408.53,0.0169108
0.000169108
2409.42,0.0168983
0.000168983
2410.31,0.0168858
0.000168858
2411.2,0.0168734
0.000168734
2412.09,0.016861
0.00016861
2412.97,0.0168487
0.000168487
2413.85,0.0168364
0.000168364
2414.72,0.0168242
0.000168242
2415.6,0.016812
0.00016812
2416.47,0.0167999
0.000167999
2417.34,0.0167878
0.000167878
2418.21,0.0167758
0.000167758
2419.07,0.0167638
0.000167638
2419.93,0.0167518
0.000167518
2420.79,0.01674
0.0001674
2421.65,0.0167281
0.000167281
2422.5,0.0167163
0.000167163
2423.35,0.0167046
0.000167046
2424.2,0.0166929
0.000166929
2425.05,0.0166813
0.000166813
2425.89,0.0166697
0.000166697
2426.73,0.0166581
0.000166581
2427.57,0.0166466
0.000166466
2428.4,0.0166352
0.000166352
2429.23,0.0166238
0.000166238
2430.06,0.0166125
0.000166125
2430.89,0.0166012
0.000166012
2431.71,0.0165899
0.000165899
2432.54,0.0165787
0.000165787
2433.36,0.0165675
0.000165675
2434.17,0.0165564
0.000165564
2434.99,0.0165454
0.000165454
2435.8,0.0165344
0.000165344
2436.6,0.0165234
0.000165234
2437.41,0.0165125
0.000165125
2438.21,0.0165016
0.000165016
2439.01,0.0164908
0.000164908
2439.81,0.01648
0.0001648
2440.6,0.0164693
0.000164693
2441.4,0.0164586
0.000164586
2442.19,0.0164479
0.000164479
2442.97,0.0164374
0.000164374
2443.76,0.0164268
0.000164268
2444.54,0.0164163
0.000164163
2445.32,0.0164059
0.000164059
2446.09,0.0163955
0.000163955
2446.86,0.0163851
0.000163851
2447.64,0.0163748
0.000163748
2448.4,0.0163645
0.000163645
2449.17,0.0163543
0.000163543
2449.93,0.0163441
0.000163441
2450.69,0.016334
0.00016334
2451.45,0.0163239
0.000163239
2452.2,0.0163139
0.000163139
2452.95,0.0163039
0.000163039
2453.7,0.016294
0.00016294
2454.44,0.0162841
0.000162841
2455.19,0.0162742
0.000162742
2455.93,0.0162644
0.000162644
2456.66,0.0162546
0.000162546
2457.4,0.0162449
0.000162449
2458.13,0.0162353
0.000162353
2458.86,0.0162256
0.000162256
2459.59,0.016216
0.00016216
2460.31,0.0162065
0.000162065
2461.03,0.016197
0.00016197
2461.75,0.0161876
0.000161876
2462.46,0.0161782
0.000161782
2463.18,0.0161688
0.000161688
2463.88,0.0161595
0.000161595
2464.59,0.0161502
0.000161502
2465.3,0.016141
0.00016141
2466,0.0161318
0.000161318
2466.7,0.0161227
0.000161227
2467.39,0.0161136
0.000161136
2468.08,0.0161046
0.000161046
2468.77,0.0160956
0.000160956
2469.46,0.0160866
0.000160866
2470.15,0.0160777
0.000160777
2470.83,0.0160688
0.000160688
2471.51,0.01606
0.0001606
2472.18,0.0160512
0.000160512
2472.85,0.0160425
0.000160425
2473.53,0.0160338
0.000160338
2474.19,0.0160251
0.000160251
2474.86,0.0160165
0.000160165
2475.52,0.016008
0.00016008
2476.18,0.0159995
0.000159995
2476.83,0.015991
0.00015991
2477.49,0.0159825
0.000159825
2478.14,0.0159741
0.000159741
2478.79,0.0159658
0.000159658
2479.43,0.0159575
0.000159575
2480.07,0.0159492
0.000159492
2480.71,0.015941
0.00015941
2481.35,0.0159328
0.000159328
2481.98,0.0159247
0.000159247
2482.61,0.0159166
0.000159166
2483.24,0.0159086
0.000159086
2483.87,0.0159006
0.000159006
2484.49,0.0158926
0.000158926
2485.11,0.0158847
0.000158847
2485.72,0.0158768
0.000158768
2486.34,0.015869
0.00015869
2486.95,0.0158612
0.000158612
2487.56,0.0158534
0.000158534
2488.16,0.0158457
0.000158457
2488.76,0.015838
0.00015838
2489.36,0.0158304
0.000158304
2489.96,0.0158228
0.000158228
2490.55,0.0158153
0.000158153
2491.14,0.0158078
0.000158078
2491.73,0.0158003
0.000158003
2492.32,0.0157929
0.000157929
2492.9,0.0157855
0.000157855
2493.48,0.0157782
0.000157782
2494.06,0.0157709
0.000157709
2494.63,0.0157637
0.000157637
2495.2,0.0157565
0.000157565
2495.77,0.0157493
0.000157493
2496.33,0.0157422
0.000157422
2496.89,0.0157351
0.000157351
2497.45,0.015728
0.00015728
2498.01,0.015721
0.00015721
2498.56,0.0157141
0.000157141
2499.11,0.0157071
0.000157071
2499.66,0.0157003
0.000157003
2500.21,0.0156934
0.000156934
2500.75,0.0156866
0.000156866
2501.29,0.0156799
0.000156799
2501.82,0.0156731
0.000156731
2502.36,0.0156665
0.000156665
2502.89,0.0156598
0.000156598
2503.41,0.0156532
0.000156532
2503.94,0.0156467
0.000156467
2504.46,0.0156402
0.000156402
2504.98,0.0156337
0.000156337
2505.49,0.0156273
0.000156273
2506.01,0.0156209
0.000156209
2506.52,0.0156145
0.000156145
2507.02,0.0156082
0.000156082
2507.53,0.0156019
0.000156019
2508.03,0.0155957
0.000155957
2508.53,0.0155895
0.000155895
2509.02,0.0155833
0.000155833
2509.51,0.0155772
0.000155772
2510,0.0155712
0.000155712
2510.49,0.0155651
0.000155651
2510.97,0.0155591
0.000155591
2511.45,0.0155532
0.000155532
2511.93,0.0155473
0.000155473
2512.41,0.0155414
0.000155414
2512.88,0.0155355
0.000155355
2513.35,0.0155297
0.000155297
2513.81,0.015524
0.00015524
2514.28,0.0155183
0.000155183
2514.74,0.0155126
0.000155126
2515.19,0.015507
0.00015507
2515.65,0.0155014
0.000155014
2516.1,0.0154958
0.000154958
2516.55,0.0154903
0.000154903
2516.99,0.0154848
0.000154848
2517.43,0.0154794
0.000154794
2517.87,0.015474
0.00015474
2518.31,0.0154686
0.000154686
2518.74,0.0154633
0.000154633
2519.17,0.015458
0.00015458
2519.6,0.0154527
0.000154527
2520.03,0.0154475
0.000154475
2520.45,0.0154423
0.000154423
2520.87,0.0154372
0.000154372
2521.28,0.0154321
0.000154321
2521.7,0.0154271
0.000154271
2522.11,0.0154221
0.000154221
2522.51,0.0154171
0.000154171
2522.92,0.0154121
0.000154121
2523.32,0.0154072
0.000154072
2523.72,0.0154024
0.000154024
2524.11,0.0153976
0.000153976
2524.5,0.0153928
0.000153928
2524.89,0.015388
0.00015388
2525.28,0.0153833
0.000153833
2525.66,0.0153786
0.000153786
2526.04,0.015374
0.00015374
2526.42,0.0153694
0.000153694
2526.8,0.0153649
0.000153649
2527.17,0.0153603
0.000153603
2527.54,0.0153559
0.000153559
2527.9,0.0153514
0.000153514
2528.26,0.015347
0.00015347
2528.62,0.0153427
0.000153427
2528.98,0.0153383
0.000153383
2529.33,0.015334
0.00015334
2529.68,0.0153298
0.000153298
2530.03,0.0153256
0.000153256
2530.38,0.0153214
0.000153214
2530.72,0.0153173
0.000153173
2531.06,0.0153132
0.000153132
2531.39,0.0153091
0.000153091
2531.73,0.0153051
0.000153051
2532.06,0.0153011
0.000153011
2532.38,0.0152971
0.000152971
2532.71,0.0152932
0.000152932
2533.03,0.0152894
0.000152894
2533.35,0.0152855
0.000152855
2533.66,0.0152817
0.000152817
2533.97,0.0152779
0.000152779
2534.28,0.0152742
0.000152742
2534.59,0.0152705
0.000152705
2534.89,0.0152669
0.000152669
2535.19,0.0152633
0.000152633
2535.49,0.0152597
0.000152597
2535.78,0.0152562
0.000152562
2536.07,0.0152527
0.000152527
2536.36,0.0152492
0.000152492
2536.65,0.0152458
0.000152458
2536.93,0.0152424
0.000152424
2537.21,0.015239
0.00015239
2537.48,0.0152357
0.000152357
2537.76,0.0152324
0.000152324
2538.03,0.0152292
0.000152292
2538.29,0.015226
0.00015226
2538.56,0.0152228
0.000152228
2538.82,0.0152197
0.000152197
2539.08,0.0152166
0.000152166
2539.33,0.0152135
0.000152135
2539.58,0.0152105
0.000152105
2539.83,0.0152075
0.000152075
2540.08,0.0152046
0.000152046
2540.32,0.0152017
0.000152017
2540.56,0.0151988
0.000151988
2540.8,0.015196
0.00015196
2541.03,0.0151932
0.000151932
2541.26,0.0151904
0.000151904
2541.49,0.0151877
0.000151877
2541.72,0.015185
0.00015185
2541.94,0.0151824
0.000151824
2542.16,0.0151797
0.000151797
2542.37,0.0151772
0.000151772
2542.59,0.0151746
0.000151746
2542.8,0.0151721
0.000151721
2543,0.0151696
0.000151696
2543.21,0.0151672
0.000151672
2543.41,0.0151648
0.000151648
2543.61,0.0151624
0.000151624
2543.8,0.0151601
0.000151601
2543.99,0.0151578
0.000151578
2544.18,0.0151556
0.000151556
2544.37,0.0151534
0.000151534
2544.55,0.0151512
0.000151512
2544.73,0.0151491
0.000151491
2544.91,0.0151469
0.000151469
2545.08,0.0151449
0.000151449
2545.25,0.0151428
0.000151428
2545.42,0.0151408
0.000151408
2545.58,0.0151389
0.000151389
2545.75,0.015137
0.00015137
2545.91,0.0151351
0.000151351
2546.06,0.0151332
0.000151332
2546.21,0.0151314
0.000151314
2546.36,0.0151296
0.000151296
2546.51,0.0151279
0.000151279
2546.65,0.0151262
0.000151262
2546.79,0.0151245
0.000151245
2546.93,0.0151229
0.000151229
2547.07,0.0151213
0.000151213
2547.2,0.0151197
0.000151197
2547.33,0.0151182
0.000151182
2547.45,0.0151167
0.000151167
2547.58,0.0151152
0.000151152
2547.69,0.0151138
0.000151138
2547.81,0.0151124
0.000151124
2547.92,0.0151111
0.000151111
2548.03,0.0151098
0.000151098
2548.14,0.0151085
0.000151085
2548.25,0.0151073
0.000151073
2548.35,0.0151061
0.000151061
2548.45,0.0151049
0.000151049
2548.54,0.0151038
0.000151038
2548.63,0.0151027
0.000151027
2548.72,0.0151016
0.000151016
2548.81,0.0151006
0.000151006
2548.89,0.0150996
0.000150996
2548.97,0.0150987
0.000150987
2549.05,0.0150978
0.000150978
2549.12,0.0150969
0.000150969
2549.2,0.015096
0.00015096
2549.26,0.0150952
0.000150952
2549.33,0.0150945
0.000150945
2549.39,0.0150937
0.000150937
2549.45,0.015093
0.00015093
2549.51,0.0150924
0.000150924
2549.56,0.0150917
0.000150917
2549.61,0.0150911
0.000150911
2549.66,0.0150906
0.000150906
2549.7,0.0150901
0.000150901
2549.74,0.0150896
0.000150896
2549.78,0.0150891
0.000150891
2549.81,0.0150887
0.000150887
2549.84,0.0150883
0.000150883
2549.87,0.015088
0.00015088
2549.9,0.0150877
0.000150877
2549.92,0.0150874
0.000150874
2549.94,0.0150872
0.000150872
2549.96,0.015087
0.00015087
2549.97,0.0150868
0.000150868
2549.98,0.0150867
0.000150867
2549.99,0.0150866
0.000150866
2549.99,0.0150866
0.000150866
2550,0.0150865
0.000150866
2549.99,0.0150866
0.000150866
2549.99,0.0150866
0.000150866
2549.98,0.0150867
0.000150867
2549.97,0.0150868
0.000150868
2549.96,0.015087
0.00015087
2549.94,0.0150872
0.000150872
2549.92,0.0150874
0.000150874
2549.9,0.0150877
0.000150877
2549.87,0.015088
0.00015088
2549.85,0.0150883
0.000150883
2549.81,0.0150887
0.000150887
2549.78,0.0150891
0.000150891
2549.74,0.0150896
0.000150896
2549.7,0.0150901
0.000150901
2549.66,0.0150906
0.000150906
2549.61,0.0150911
0.000150911
2549.56,0.0150917
0.000150917
2549.51,0.0150923
0.000150923
2549.45,0.015093
0.00015093
2549.39,0.0150937
0.000150937
2549.33,0.0150944
0.000150944
2549.26,0.0150952
0.000150952
2549.2,0.015096
0.00015096
2549.13,0.0150969
0.000150969
2549.05,0.0150977
0.000150977
2548.97,0.0150987
0.000150987
2548.89,0.0150996
0.000150996
2548.81,0.0151006
0.000151006
2548.72,0.0151016
0.000151016
2548.64,0.0151027
0.000151027
2548.54,0.0151038
0.000151038
2548.45,0.0151049
0.000151049
2548.35,0.0151061
0.000151061
2548.25,0.0151073
0.000151073
2548.14,0.0151085
0.000151085
2548.04,0.0151098
0.000151098
2547.93,0.0151111
0.000151111
2547.81,0.0151124
0.000151124
2547.7,0.0151138
0.000151138
2547.58,0.0151152
0.000151152
2547.45,0.0151167
0.000151167
2547.33,0.0151182
0.000151182
2547.2,0.0151197
0.000151197
2547.07,0.0151213
0.000151213
2546.93,0.0151229
0.000151229
2546.8,0.0151245
0.000151245
2546.66,0.0151262
0.000151262
2546.51,0.0151279
0.000151279
2546.37,0.0151296
0.000151296
2546.22,0.0151314
0.000151314
2546.06,0.0151332
0.000151332
2545.91,0.0151351
0.000151351
2545.75,0.0151369
0.000151369
2545.59,0.0151389
0.000151389
2545.42,0.0151408
0.000151408
2545.25,0.0151428
0.000151428
2545.08,0.0151449
0.000151449
2544.91,0.0151469
0.000151469
2544.73,0.015149
0.00015149
2544.55,0.0151512
0.000151512
2544.37,0.0151533
0.000151533
2544.18,0.0151556
0.000151556
2544,0.0151578
0.000151578
2543.8,0.0151601
0.000151601
2543.61,0.0151624
0.000151624
2543.41,0.0151648
0.000151648
2543.21,0.0151672
0.000151672
2543.01,0.0151696
0.000151696
2542.8,0.0151721
0.000151721
2542.59,0.0151746
0.000151746
2542.38,0.0151771
0.000151771
2542.16,0.0151797
0.000151797
2541.94,0.0151823
0.000151823
2541.72,0.015185
0.00015185
2541.49,0.0151877
0.000151877
2541.27,0.0151904
0.000151904
2541.03,0.0151931
0.000151931
2540.8,0.0151959
0.000151959
2540.56,0.0151988
0.000151988
2540.32,0.0152017
0.000152017
2540.08,0.0152046
0.000152046
2539.83,0.0152075
0.000152075
2539.59,0.0152105
0.000152105
2539.33,0.0152135
0.000152135
2539.08,0.0152166
0.000152166
2538.82,0.0152197
0.000152197
2538.56,0.0152228
0.000152228
2538.3,0.015226
0.00015226
2538.03,0.0152292
0.000152292
2537.76,0.0152324
0.000152324
2537.49,0.0152357
0.000152357
2537.21,0.015239
0.00015239
2536.93,0.0152423
0.000152423
2536.65,0.0152457
0.000152457
2536.36,0.0152492
0.000152492
2536.08,0.0152526
0.000152526
2535.78,0.0152561
0.000152561
2535.49,0.0152597
0.000152597
2535.19,0.0152632
0.000152632
2534.89,0.0152669
0.000152669
2534.59,0.0152705
0.000152705
2534.28,0.0152742
0.000152742
2533.98,0.0152779
0.000152779
2533.66,0.0152817
0.000152817
2533.35,0.0152855
0.000152855
2533.03,0.0152893
0.000152893
2532.71,0.0152932
0.000152932
2532.39,0.0152971
0.000152971
2532.06,0.015301
0.00015301
2531.73,0.015305
0.00015305
2531.4,0.0153091
0.000153091
2531.06,0.0153131
0.000153131
2530.72,0.0153172
0.000153172
2530.38,0.0153214
0.000153214
2530.04,0.0153255
0.000153255
2529.69,0.0153297
0.000153297
2529.34,0.015334
0.00015334
2528.98,0.0153383
0.000153383
2528.63,0.0153426
0.000153426
2528.27,0.015347
0.00015347
2527.91,0.0153514
0.000153514
2527.54,0.0153558
0.000153558
2527.17,0.0153603
0.000153603
2526.8,0.0153648
0.000153648
2526.43,0.0153694
0.000153694
2526.05,0.015374
0.00015374
2525.67,0.0153786
0.000153786
2525.28,0.0153833
0.000153833
2524.9,0.015388
0.00015388
2524.51,0.0153927
0.000153927
2524.12,0.0153975
0.000153975
2523.72,0.0154023
0.000154023
2523.32,0.0154072
0.000154072
2522.92,0.0154121
0.000154121
2522.52,0.015417
0.00015417
2522.11,0.015422
0.00015422
2521.7,0.015427
0.00015427
2521.29,0.0154321
0.000154321
2520.87,0.0154372
0.000154372
2520.45,0.0154423
0.000154423
2520.03,0.0154475
0.000154475
2519.61,0.0154527
0.000154527
2519.18,0.0154579
0.000154579
2518.75,0.0154632
0.000154632
2518.32,0.0154685
0.000154685
2517.88,0.0154739
0.000154739
2517.44,0.0154793
0.000154793
2517,0.0154847
0.000154847
2516.55,0.0154902
0.000154902
2516.1,0.0154957
0.000154957
2515.65,0.0155013
0.000155013
2515.2,0.0155069
0.000155069
2514.74,0.0155125
0.000155125
2514.28,0.0155182
0.000155182
2513.82,0.0155239
0.000155239
2513.35,0.0155297
0.000155297
2512.88,0.0155355
0.000155355
2512.41,0.0155413
0.000155413
2511.94,0.0155472
0.000155472
2511.46,0.0155531
0.000155531
2510.98,0.0155591
0.000155591
2510.49,0.0155651
0.000155651
2510.01,0.0155711
0.000155711
2509.52,0.0155772
0.000155772
2509.03,0.0155833
0.000155833
2508.53,0.0155894
0.000155894
2508.03,0.0155956
0.000155956
2507.53,0.0156019
0.000156019
2507.03,0.0156081
0.000156081
2506.52,0.0156144
0.000156144
2506.01,0.0156208
0.000156208
2505.5,0.0156272
0.000156272
2504.98,0.0156336
0.000156336
2504.46,0.0156401
0.000156401
2503.94,0.0156466
0.000156466
2503.42,0.0156532
0.000156532
2502.89,0.0156598
0.000156598
2502.36,0.0156664
0.000156664
2501.83,0.0156731
0.000156731
2501.29,0.0156798
0.000156798
2500.75,0.0156866
0.000156866
2500.21,0.0156934
0.000156934
2499.67,0.0157002
0.000157002
2499.12,0.0157071
0.000157071
2498.57,0.015714
0.00015714
2498.01,0.015721
0.00015721
2497.46,0.015728
0.00015728
2496.9,0.015735
0.00015735
2496.34,0.0157421
0.000157421
2495.77,0.0157492
0.000157492
2495.2,0.0157564
0.000157564
2494.63,0.0157636
0.000157636
2494.06,0.0157708
0.000157708
2493.48,0.0157781
0.000157781
2492.9,0.0157855
0.000157855
2492.32,0.0157928
0.000157928
2491.74,0.0158003
0.000158003
2491.15,0.0158077
0.000158077
2490.56,0.0158152
0.000158152
2489.97,0.0158228
0.000158228
2489.37,0.0158303
0.000158304
2488.77,0.015838
0.00015838
2488.17,0.0158456
0.000158456
2487.56,0.0158534
0.000158534
2486.95,0.0158611
0.000158611
2486.34,0.0158689
0.000158689
2485.73,0.0158767
0.000158767
2485.11,0.0158846
0.000158846
2484.49,0.0158925
0.000158925
2483.87,0.0159005
0.000159005
2483.25,0.0159085
0.000159085
2482.62,0.0159165
0.000159165
2481.99,0.0159246
0.000159246
2481.35,0.0159328
0.000159328
2480.72,0.0159409
0.000159409
2480.08,0.0159492
0.000159492
2479.44,0.0159574
0.000159574
2478.79,0.0159657
0.000159657
2478.14,0.0159741
0.000159741
2477.49,0.0159825
0.000159825
2476.84,0.0159909
0.000159909
2476.18,0.0159994
0.000159994
2475.52,0.0160079
0.000160079
2474.86,0.0160165
0.000160165
2474.2,0.0160251
0.000160251
2473.53,0.0160337
0.000160337
2472.86,0.0160424
0.000160424
2472.19,0.0160512
0.000160512
2471.51,0.0160599
0.000160599
2470.83,0.0160688
0.000160688
2470.15,0.0160776
0.000160776
2469.47,0.0160865
0.000160865
2468.78,0.0160955
0.000160955
2468.09,0.0161045
0.000161045
2467.4,0.0161135
0.000161135
2466.7,0.0161226
0.000161226
2466,0.0161318
0.000161318
2465.3,0.0161409
0.000161409
2464.6,0.0161502
0.000161502
2463.89,0.0161594
0.000161594
2463.18,0.0161688
0.000161688
2462.47,0.0161781
0.000161781
2461.75,0.0161875
0.000161875
2461.04,0.016197
0.00016197
2460.31,0.0162064
0.000162064
2459.59,0.016216
0.00016216
2458.86,0.0162256
0.000162256
2458.14,0.0162352
0.000162352
2457.4,0.0162449
0.000162449
2456.67,0.0162546
0.000162546
2455.93,0.0162643
0.000162643
2455.19,0.0162741
0.000162741
2454.45,0.016284
0.00016284
2453.7,0.0162939
0.000162939
2452.96,0.0163038
0.000163038
2452.2,0.0163138
0.000163138
2451.45,0.0163238
0.000163238
2450.69,0.0163339
0.000163339
2449.94,0.0163441
0.000163441
2449.17,0.0163542
0.000163542
2448.41,0.0163644
0.000163644
2447.64,0.0163747
0.000163747
2446.87,0.016385
0.00016385
2446.1,0.0163954
0.000163954
2445.32,0.0164058
0.000164058
2444.54,0.0164162
0.000164162
2443.76,0.0164267
0.000164267
2442.98,0.0164373
0.000164373
2442.19,0.0164479
0.000164479
2441.4,0.0164585
0.000164585
2440.61,0.0164692
0.000164692
2439.82,0.0164799
0.000164799
2439.02,0.0164907
0.000164907
2438.22,0.0165015
0.000165015
2437.42,0.0165124
0.000165124
2436.61,0.0165233
0.000165233
2435.8,0.0165343
0.000165343
2434.99,0.0165453
0.000165453
2434.18,0.0165563
0.000165563
2433.36,0.0165674
0.000165674
2432.54,0.0165786
0.000165786
2431.72,0.0165898
0.000165898
2430.9,0.0166011
0.000166011
2430.07,0.0166124
0.000166124
2429.24,0.0166237
0.000166237
2428.41,0.0166351
0.000166351
2427.57,0.0166466
0.000166466
2426.74,0.016658
0.00016658
2425.9,0.0166696
0.000166696
2425.05,0.0166812
0.000166812
2424.21,0.0166928
0.000166928
2423.36,0.0167045
0.000167045
2422.51,0.0167162
0.000167162
2421.65,0.016728
0.00016728
2420.8,0.0167399
0.000167399
2419.94,0.0167517
0.000167517
2419.08,0.0167637
0.000167637
2418.21,0.0167757
0.000167757
2417.35,0.0167877
0.000167877
2416.48,0.0167998
0.000167998
2415.61,0.0168119
0.000168119
2414.73,0.0168241
0.000168241
2413.85,0.0168363
0.000168363
2412.98,0.0168486
0.000168486
2412.09,0.0168609
0.000168609
2411.21,0.0168733
0.000168733
2410.32,0.0168857
0.000168857
2409.43,0.0168982
0.000168982
2408.54,0.0169107
0.000169107
2407.64,0.0169233
0.000169233
2406.74,0.0169359
0.000169359
2405.84,0.0169486
0.000169486
2404.94,0.0169613
0.000169613
2404.03,0.0169741
0.000169741
2403.13,0.016987
0.00016987
2402.22,0.0169998
0.000169998
2401.3,0.0170128
0.000170128
2400.39,0.0170258
0.000170258
2399.47,0.0170388
0.000170388
2398.55,0.0170519
0.000170519
2397.62,0.017065
0.00017065
2396.7,0.0170782
0.000170782
2395.77,0.0170915
0.000170915
2394.84,0.0171048
0.000171048
2393.9,0.0171181
0.000171181
2392.97,0.0171315
0.000171315
2392.03,0.0171449
0.000171449
2391.09,0.0171585
0.000171585
2390.14,0.017172
0.00017172
2389.2,0.0171856
0.000171856
2388.25,0.0171993
0.000171993
2387.3,0.017213
0.00017213
2386.34,0.0172267
0.000172267
2385.39,0.0172406
0.000172406
2384.43,0.0172544
0.000172544
2383.47,0.0172684
0.000172684
2382.5,0.0172823
0.000172823
2381.54,0.0172964
0.000172964
2380.57,0.0173104
0.000173104
2379.6,0.0173246
0.000173246
2378.62,0.0173388
0.000173388
2377.65,0.017353
0.00017353
2376.67,0.0173673
0.000173673
2375.69,0.0173816
0.000173816
2374.7,0.017396
0.00017396
2373.72,0.0174105
0.000174105
2372.73,0.017425
0.00017425
2371.74,0.0174396
0.000174396
2370.74,0.0174542
0.000174542
2369.75,0.0174689
0.000174689
2368.75,0.0174836
0.000174836
2367.75,0.0174984
0.000174984
2366.75,0.0175132
0.000175132
2365.74,0.0175281
0.000175281
2364.73,0.017543
0.00017543
2363.72,0.017558
0.00017558
2362.71,0.0175731
0.000175731
2361.69,0.0175882
0.000175882
2360.68,0.0176034
0.000176034
2359.66,0.0176186
0.000176186
2358.63,0.0176339
0.000176339
2357.61,0.0176492
0.000176492
2356.58,0.0176646
0.000176646
2355.55,0.01768
0.0001768
2354.52,0.0176955
0.000176955
2353.49,0.0177111
0.000177111
2352.45,0.0177267
0.000177267
2351.41,0.0177424
0.000177424
2350.37,0.0177581
0.000177581
2349.33,0.0177739
0.000177739
2348.28,0.0177897
0.000177897
2347.23,0.0178056
0.000178056
2346.18,0.0178215
0.000178215
2345.13,0.0178376
0.000178376
2344.07,0.0178536
0.000178536
2343.02,0.0178697
0.000178697
2341.96,0.0178859
0.000178859
2340.89,0.0179021
0.000179022
2339.83,0.0179184
0.000179184
2338.76,0.0179348
0.000179348
2337.69,0.0179512
0.000179512
2336.62,0.0179677
0.000179677
2335.55,0.0179842
0.000179842
2334.47,0.0180008
0.000180008
2333.4,0.0180174
0.000180174
2332.32,0.0180341
0.000180341
2331.23,0.0180509
0.000180509
2330.15,0.0180677
0.000180677
2329.06,0.0180845
0.000180845
2327.97,0.0181015
0.000181015
2326.88,0.0181185
0.000181185
2325.79,0.0181355
0.000181355
2324.69,0.0181526
0.000181526
2323.59,0.0181698
0.000181698
2322.49,0.018187
0.00018187
2321.39,0.0182043
0.000182043
2320.28,0.0182216
0.000182216
2319.18,0.018239
0.00018239
2318.07,0.0182565
0.000182565
2316.96,0.018274
0.00018274
2315.84,0.0182916
0.000182916
2314.73,0.0183092
0.000183092
2313.61,0.0183269
0.000183269
2312.49,0.0183447
0.000183447
2311.37,0.0183625
0.000183625
2310.24,0.0183804
0.000183804
2309.12,0.0183983
0.000183983
2307.99,0.0184163
0.000184163
2306.86,0.0184344
0.000184344
2305.72,0.0184525
0.000184525
2304.59,0.0184707
0.000184707
2303.45,0.0184889
0.000184889
2302.31,0.0185072
0.000185072
2301.17,0.0185256
0.000185256
2300.03,0.018544
0.00018544
2298.88,0.0185625
0.000185625
2297.73,0.018581
0.00018581
2296.58,0.0185996
0.000185996
2295.43,0.0186183
0.000186183
2294.28,0.0186371
0.000186371
2293.12,0.0186558
0.000186558
2291.96,0.0186747
0.000186747
2290.8,0.0186936
0.000186936
2289.64,0.0187126
0.000187126
2288.48,0.0187316
0.000187316
2287.31,0.0187508
0.000187508
2286.14,0.0187699
0.000187699
2284.97,0.0187892
0.000187892
2283.8,0.0188084
0.000188084
2282.63,0.0188278
0.000188278
2281.45,0.0188472
0.000188472
2280.27,0.0188667
0.000188667
2279.09,0.0188862
0.000188862
2277.91,0.0189058
0.000189058
2276.73,0.0189255
0.000189255
2275.54,0.0189452
0.000189452
2274.35,0.018965
0.00018965
2273.16,0.0189849
0.000189849
2271.97,0.0190048
0.000190048
2270.78,0.0190248
0.000190248
2269.58,0.0190449
0.000190449
2268.38,0.019065
0.00019065
2267.18,0.0190852
0.000190852
2265.98,0.0191054
0.000191054
2264.78,0.0191257
0.000191257
2263.57,0.0191461
0.000191461
2262.37,0.0191665
0.000191665
2261.16,0.019187
0.00019187
2259.95,0.0192076
0.000192076
2258.73,0.0192282
0.000192282
2257.52,0.0192489
0.000192489
2256.3,0.0192697
0.000192697
2255.08,0.0192905
0.000192905
2253.86,0.0193114
0.000193114
2252.64,0.0193324
0.000193324
2251.42,0.0193534
0.000193534
2250.19,0.0193745
0.000193745
2248.97,0.0193956
0.000193956
2247.74,0.0194168
0.000194168
2246.51,0.0194381
0.000194381
2245.27,0.0194595
0.000194595
2244.04,0.0194809
0.000194809
2242.8,0.0195024
0.000195024
2241.56,0.0195239
0.000195239
2240.32,0.0195455
0.000195455
2239.08,0.0195672
0.000195672
2237.84,0.0195889
0.000195889
2236.59,0.0196108
0.000196108
2235.35,0.0196326
0.000196326
2234.1,0.0196546
0.000196546
2232.85,0.0196766
0.000196766
2231.6,0.0196987
0.000196987
2230.34,0.0197208
0.000197208
2229.09,0.019743
0.00019743
2227.83,0.0197653
0.000197653
2226.57,0.0197877
0.000197877
2225.31,0.0198101
0.000198101
2224.05,0.0198326
0.000198326
2222.79,0.0198551
0.000198551
2221.53,0.0198777
0.000198777
2220.26,0.0199004
0.000199004
2218.99,0.0199232
0.000199232
2217.72,0.019946
0.00019946
2216.45,0.0199689
0.000199689
2215.18,0.0199918
0.000199918
2213.9,0.0200148
0.000200148
2212.63,0.0200379
0.000200379
2211.35,0.0200611
0.000200611
2210.07,0.0200843
0.000200843
2208.79,0.0201076
0.000201076
2207.51,0.020131
0.00020131
2206.22,0.0201544
0.000201544
2204.94,0.0201779
0.000201779
2203.65,0.0202015
0.000202015
2202.36,0.0202251
0.000202251
2201.07,0.0202488
0.000202488
2199.78,0.0202726
0.000202726
2198.49,0.0202964
0.000202964
2197.2,0.0203203
0.000203203
2195.9,0.0203443
0.000203443
2194.61,0.0203684
0.000203684
2193.31,0.0203925
0.000203925
2192.01,0.0204167
0.000204167
2190.71,0.0204409
0.000204409
2189.4,0.0204653
0.000204653
2188.1,0.0204897
0.000204897
2186.79,0.0205141
0.000205141
2185.49,0.0205387
0.000205387
2184.18,0.0205633
0.000205633
2182.87,0.0205879
0.000205879
2181.56,0.0206127
0.000206127
2180.25,0.0206375
0.000206375
2178.94,0.0206624
0.000206624
2177.62,0.0206873
0.000206873
2176.31,0.0207123
0.000207123
2174.99,0.0207374
0.000207374
2173.67,0.0207626
0.000207626
2172.35,0.0207878
0.000207878
2171.03,0.0208131
0.000208131
2169.71,0.0208385
0.000208385
2168.39,0.0208639
0.000208639
2167.06,0.0208894
0.000208894
2165.74,0.020915
0.00020915
2164.41,0.0209407
0.000209407
2163.08,0.0209664
0.000209664
2161.75,0.0209922
0.000209922
2160.42,0.0210181
0.000210181
2159.09,0.021044
0.00021044
2157.76,0.02107
0.0002107
2156.42,0.0210961
0.000210961
2155.09,0.0211222
0.000211222
2153.75,0.0211484
0.000211484
2152.42,0.0211747
0.000211747
2151.08,0.021201
0.00021201
2149.74,0.0212275
0.000212275
2148.4,0.021254
0.00021254
2147.06,0.0212805
0.000212805
2145.71,0.0213072
0.000213072
2144.37,0.0213339
0.000213339
2143.03,0.0213606
0.000213606
2141.68,0.0213875
0.000213875
2140.33,0.0214144
0.000214144
2138.99,0.0214414
0.000214414
2137.64,0.0214684
0.000214684
2136.29,0.0214956
0.000214956
2134.94,0.0215228
0.000215228
2133.59,0.02155
0.0002155
2132.24,0.0215774
0.000215774
2130.88,0.0216048
0.000216048
2129.53,0.0216323
0.000216323
2128.17,0.0216598
0.000216598
2126.82,0.0216874
0.000216874
2125.46,0.0217151
0.000217151
2124.1,0.0217429
0.000217429
2122.75,0.0217707
0.000217707
2121.39,0.0217986
0.000217986
2120.03,0.0218266
0.000218266
2118.67,0.0218546
0.000218546
2117.31,0.0218828
0.000218828
2115.94,0.0219109
0.000219109
2114.58,0.0219392
0.000219392
2113.22,0.0219675
0.000219675
2111.85,0.0219959
0.000219959
2110.49,0.0220244
0.000220244
2109.12,0.0220529
0.000220529
2107.75,0.0220815
0.000220815
2106.39,0.0221102
0.000221102
2105.02,0.0221389
0.000221389
2103.65,0.0221678
0.000221678
2102.28,0.0221966
0.000221966
2100.91,0.0222256
0.000222256
2099.54,0.0222546
0.000222546
2098.17,0.0222837
0.000222837
2096.8,0.0223129
0.000223129
2095.43,0.0223421
0.000223421
2094.05,0.0223714
0.000223714
2092.68,0.0224008
0.000224008
2091.31,0.0224302
0.000224302
2089.93,0.0224597
0.000224597
2088.56,0.0224893
0.000224893
2087.18,0.022519
0.00022519
2085.81,0.0225487
0.000225487
2084.43,0.0225785
0.000225785
2083.05,0.0226083
0.000226083
2081.68,0.0226383
0.000226383
2080.3,0.0226682
0.000226682
2078.92,0.0226983
0.000226983
2077.54,0.0227284
0.000227284
2076.16,0.0227586
0.000227586
2074.78,0.0227889
0.000227889
2073.4,0.0228192
0.000228192
2072.02,0.0228496
0.000228496
2070.64,0.0228801
0.000228801
2069.26,0.0229106
0.000229106
2067.88,0.0229412
0.000229412
2066.5,0.0229719
0.000229719
2065.12,0.0230027
0.000230027
2063.74,0.0230335
0.000230335
2062.36,0.0230643
0.000230643
2060.98,0.0230953
0.000230953
2059.59,0.0231263
0.000231263
2058.21,0.0231574
0.000231574
2056.83,0.0231885
0.000231885
2055.45,0.0232197
0.000232197
2054.06,0.023251
0.00023251
2052.68,0.0232823
0.000232823
2051.3,0.0233137
0.000233137
2049.91,0.0233452
0.000233452
2048.53,0.0233767
0.000233767
2047.15,0.0234083
0.000234083
2045.77,0.02344
0.0002344
2044.38,0.0234717
0.000234717
2043,0.0235035
0.000235035
2041.62,0.0235354
0.000235354
2040.23,0.0235673
0.000235673
2038.85,0.0235993
0.000235993
2037.47,0.0236314
0.000236314
2036.08,0.0236635
0.000236635
2034.7,0.0236956
0.000236956
2033.32,0.0237279
0.000237279
2031.93,0.0237602
0.000237602
2030.55,0.0237926
0.000237926
2029.17,0.023825
0.00023825
2027.79,0.0238575
0.000238575
2026.4,0.02389
0.0002389
2025.02,0.0239227
0.000239227
2023.64,0.0239554
0.000239554
2022.26,0.0239881
0.000239881
2020.88,0.0240209
0.000240209
2019.5,0.0240538
0.000240538
2018.12,0.0240867
0.000240867
2016.74,0.0241197
0.000241197
2015.36,0.0241527
0.000241527
2013.98,0.0241858
0.000241858
2012.6,0.024219
0.00024219
2011.22,0.0242522
0.000242522
2009.84,0.0242855
0.000242855
2008.46,0.0243188
0.000243188
2007.08,0.0243522
0.000243522
2005.71,0.0243857
0.000243857
2004.33,0.0244192
0.000244192
2002.95,0.0244528
0.000244528
2001.58,0.0244864
0.000244864
2000.2,0.0245201
0.000245201
1998.83,0.0245538
0.000245538
1997.45,0.0245876
0.000245876
1996.08,0.0246215
0.000246215
1994.7,0.0246554
0.000246554
1993.33,0.0246894
0.000246894
1991.96,0.0247234
0.000247234
1990.59,0.0247575
0.000247574
1989.22,0.0247916
0.000247916
1987.85,0.0248258
0.000248258
1986.48,0.02486
0.0002486
1985.11,0.0248943
0.000248943
1983.74,0.0249286
0.000249286
1982.38,0.024963
0.00024963
1981.01,0.0249975
0.000249975
1979.64,0.025032
0.00025032
1978.28,0.0250665
0.000250665
1976.92,0.0251011
0.000251011
1975.55,0.0251357
0.000251357
1974.19,0.0251704
0.000251704
1972.83,0.0252052
0.000252052
1971.47,0.02524
0.0002524
1970.11,0.0252748
0.000252748
1968.75,0.0253097
0.000253097
1967.39,0.0253446
0.000253446
1966.04,0.0253796
0.000253796
1964.68,0.0254146
0.000254146
1963.33,0.0254497
0.000254497
1961.98,0.0254848
0.000254848
1960.62,0.02552
0.0002552
1959.27,0.0255552
0.000255552
1957.92,0.0255905
0.000255905
1956.57,0.0256258
0.000256258
1955.23,0.0256611
0.000256611
1953.88,0.0256965
0.000256965
1952.53,0.0257319
0.000257319
1951.19,0.0257674
0.000257674
1949.85,0.0258029
0.000258029
1948.5,0.0258384
0.000258384
1947.16,0.025874
0.00025874
1945.82,0.0259097
0.000259096
1944.49,0.0259453
0.000259453
1943.15,0.025981
0.00025981
1941.82,0.0260168
0.000260168
1940.48,0.0260525
0.000260525
1939.15,0.0260883
0.000260883
1937.82,0.0261242
0.000261242
1936.49,0.0261601
0.000261601
1935.16,0.026196
0.00026196
1933.83,0.0262319
0.000262319
1932.51,0.0262679
0.000262679
1931.19,0.0263039
0.000263039
1929.86,0.02634
0.0002634
1928.54,0.0263761
0.000263761
1927.22,0.0264122
0.000264122
1925.91,0.0264483
0.000264483
1924.59,0.0264845
0.000264845
1923.28,0.0265207
0.000265207
1921.97,0.0265569
0.000265569
1920.65,0.0265932
0.000265932
1919.35,0.0266295
0.000266295
1918.04,0.0266658
0.000266658
1916.73,0.0267021
0.000267021
1915.43,0.0267385
0.000267385
1914.13,0.0267749
0.000267749
1912.83,0.0268113
0.000268113
1911.53,0.0268477
0.000268477
1910.23,0.0268841
0.000268841
1908.94,0.0269206
0.000269206
1907.65,0.0269571
0.000269571
1906.36,0.0269936
0.000269936
1905.07,0.0270301
0.000270301
1903.78,0.0270667
0.000270667
1902.5,0.0271032
0.000271032
1901.21,0.0271398
0.000271398
1899.93,0.0271764
0.000271764
1898.65,0.027213
0.00027213
1897.38,0.0272497
0.000272497
1896.1,0.0272863
0.000272863
1894.83,0.0273229
0.000273229
1893.56,0.0273596
0.000273596
1892.29,0.0273963
0.000273963
1891.03,0.027433
0.00027433
1889.77,0.0274696
0.000274696
1888.5,0.0275063
0.000275063
1887.25,0.027543
0.00027543
1885.99,0.0275798
0.000275798
1884.74,0.0276165
0.000276165
1883.48,0.0276532
0.000276532
1882.23,0.0276899
0.000276899
1880.99,0.0277266
0.000277266
1879.74,0.0277634
0.000277634
1878.5,0.0278001
0.000278001
1877.26,0.0278368
0.000278368
1876.02,0.0278736
0.000278736
1874.79,0.0279103
0.000279103
1873.56,0.027947
0.00027947
1872.33,0.0279837
0.000279837
1871.1,0.0280204
0.000280204
1869.88,0.0280571
0.000280571
1868.65,0.0280938
0.000280938
1867.44,0.0281305
0.000281305
1866.22,0.0281672
0.000281672
1865.01,0.0282039
0.000282039
1863.79,0.0282405
0.000282405
1862.59,0.0282772
0.000282772
1861.38,0.0283138
0.000283138
1860.18,0.0283505
0.000283505
1858.98,0.0283871
0.000283871
1857.78,0.0284237
0.000284237
1856.59,0.0284602
0.000284602
1855.4,0.0284968
0.000284968
1854.21,0.0285333
0.000285333
1853.02,0.0285698
0.000285698
1851.84,0.0286063
0.000286063
1850.66,0.0286428
0.000286428
1849.48,0.0286793
0.000286793
1848.31,0.0287157
0.000287157
1847.14,0.0287521
0.000287521
1845.97,0.0287885
0.000287885
1844.81,0.0288248
0.000288248
1843.65,0.0288611
0.000288611
1842.49,0.0288974
0.000288974
1841.34,0.0289337
0.000289337
1840.18,0.0289699
0.000289699
1839.04,0.0290061
0.000290061
1837.89,0.0290422
0.000290422
1836.75,0.0290783
0.000290783
1835.61,0.0291144
0.000291144
1834.48,0.0291504
0.000291504
1833.34,0.0291864
0.000291864
1832.22,0.0292224
0.000292224
1831.09,0.0292583
0.000292583
1829.97,0.0292942
0.000292942
1828.85,0.02933
0.0002933
1827.74,0.0293658
0.000293658
1826.63,0.0294015
0.000294015
1825.52,0.0294372
0.000294372
1824.41,0.0294729
0.000294729
1823.31,0.0295084
0.000295084
1822.22,0.029544
0.00029544
1821.12,0.0295795
0.000295795
1820.03,0.0296149
0.000296149
1818.95,0.0296503
0.000296503
1817.87,0.0296856
0.000296856
1816.79,0.0297208
0.000297208
1815.71,0.029756
0.00029756
1814.64,0.0297911
0.000297911
1813.57,0.0298262
0.000298262
1812.51,0.0298612
0.000298612
1811.45,0.0298962
0.000298962
1810.4,0.029931
0.00029931
1809.34,0.0299658
0.000299658
1808.3,0.0300006
0.000300006
1807.25,0.0300353
0.000300353
1806.21,0.0300699
0.000300699
1805.18,0.0301044
0.000301044
1804.14,0.0301388
0.000301388
1803.12,0.0301732
0.000301732
1802.09,0.0302075
0.000302075
1801.07,0.0302417
0.000302417
1800.06,0.0302758
0.000302758
1799.05,0.0303099
0.000303099
1798.04,0.0303439
0.000303439
1797.04,0.0303777
0.000303777
1796.04,0.0304115
0.000304115
1795.04,0.0304453
0.000304453
1794.05,0.0304789
0.000304789
1793.07,0.0305124
0.000305124
1792.08,0.0305459
0.000305459
1791.11,0.0305792
0.000305792
1790.13,0.0306125
0.000306125
1789.16,0.0306456
0.000306456
1788.2,0.0306787
0.000306787
1787.24,0.0307117
0.000307117
1786.28,0.0307445
0.000307445
1785.33,0.0307773
0.000307773
1784.39,0.03081
0.000308099
1783.44,0.0308425
0.000308425
1782.51,0.030875
0.00030875
1781.57,0.0309073
0.000309073
1780.65,0.0309395
0.000309395
1779.72,0.0309717
0.000309717
1778.8,0.0310037
0.000310037
1777.89,0.0310356
0.000310356
1776.98,0.0310674
0.000310674
1776.07,0.031099
0.00031099
1775.17,0.0311306
0.000311306
1774.28,0.031162
0.00031162
1773.39,0.0311934
0.000311934
1772.5,0.0312245
0.000312245
1771.62,0.0312556
0.000312556
1770.74,0.0312866
0.000312866
1769.87,0.0313174
0.000313174
1769.01,0.0313481
0.000313481
1768.14,0.0313786
0.000313786
1767.29,0.0314091
0.000314091
1766.43,0.0314394
0.000314394
1765.59,0.0314695
0.000314695
1764.75,0.0314996
0.000314996
1763.91,0.0315295
0.000315295
1763.08,0.0315592
0.000315592
1762.25,0.0315888
0.000315888
1761.43,0.0316183
0.000316183
1760.61,0.0316476
0.000316476
1759.8,0.0316768
0.000316768
1759,0.0317059
0.000317059
1758.19,0.0317348
0.000317348
1757.4,0.0317635
0.000317635
1756.61,0.0317921
0.000317921
1755.82,0.0318206
0.000318206
1755.04,0.0318489
0.000318489
1754.27,0.031877
0.00031877
1753.5,0.031905
0.00031905
1752.73,0.0319328
0.000319328
1751.98,0.0319605
0.000319605
1751.22,0.031988
0.00031988
1750.47,0.0320153
0.000320153
1749.73,0.0320425
0.000320425
1748.99,0.0320695
0.000320695
1748.26,0.0320964
0.000320964
1747.54,0.0321231
0.000321231
1746.82,0.0321496
0.000321496
1746.1,0.0321759
0.000321759
1745.39,0.0322021
0.000322021
1744.69,0.0322281
0.000322281
1743.99,0.0322539
0.000322539
1743.29,0.0322796
0.000322796
1742.61,0.032305
0.00032305
1741.92,0.0323303
0.000323303
1741.25,0.0323554
0.000323554
1740.58,0.0323804
0.000323804
1739.91,0.0324051
0.000324051
1739.25,0.0324297
0.000324297
1738.6,0.0324541
0.000324541
1737.95,0.0324783
0.000324783
1737.31,0.0325023
0.000325023
1736.68,0.0325261
0.000325261
1736.05,0.0325497
0.000325497
1735.42,0.0325731
0.000325731
1734.8,0.0325963
0.000325963
1734.19,0.0326194
0.000326194
1733.58,0.0326422
0.000326422
1732.98,0.0326649
0.000326649
1732.39,0.0326873
0.000326873
1731.8,0.0327095
0.000327095
1731.21,0.0327316
0.000327316
1730.64,0.0327534
0.000327534
1730.07,0.0327751
0.000327751
1729.5,0.0327965
0.000327965
1728.94,0.0328177
0.000328177
1728.39,0.0328387
0.000328387
1727.84,0.0328595
0.000328595
1727.3,0.0328801
0.000328801
1726.77,0.0329005
0.000329005
1726.24,0.0329206
0.000329206
1725.71,0.0329406
0.000329406
1725.2,0.0329603
0.000329603
1724.69,0.0329798
0.000329798
1724.18,0.0329991
0.000329991
1723.68,0.0330182
0.000330182
1723.19,0.0330371
0.000330371
1722.71,0.0330557
0.000330557
1722.23,0.0330741
0.000330741
1721.75,0.0330923
0.000330923
1721.29,0.0331103
0.000331103
1720.83,0.033128
0.00033128
1720.37,0.0331455
0.000331455
1719.92,0.0331628
0.000331628
1719.48,0.0331799
0.000331799
1719.04,0.0331967
0.000331967
1718.62,0.0332133
0.000332133
1718.19,0.0332296
0.000332296
1717.78,0.0332458
0.000332458
1717.37,0.0332616
0.000332616
1716.96,0.0332773
0.000332773
1716.56,0.0332927
0.000332927
1716.17,0.0333079
0.000333079
1715.79,0.0333228
0.000333228
1715.41,0.0333375
0.000333375
1715.04,0.033352
0.00033352
1714.67,0.0333662
0.000333662
1714.31,0.0333802
0.000333802
1713.96,0.0333939
0.000333939
1713.61,0.0334074
0.000334074
1713.28,0.0334206
0.000334206
1712.94,0.0334336
0.000334336
1712.62,0.0334464
0.000334464
1712.3,0.0334589
0.000334589
1711.98,0.0334711
0.000334711
1711.68,0.0334831
0.000334831
1711.38,0.0334949
0.000334949
1711.08,0.0335064
0.000335064
1710.79,0.0335176
0.000335176
1710.51,0.0335286
0.000335286
1710.24,0.0335394
0.000335394
1709.97,0.0335499
0.000335499
1709.71,0.0335601
0.000335601
1709.46,0.0335701
0.000335701
1709.21,0.0335798
0.000335798
1708.97,0.0335893
0.000335893
1708.73,0.0335985
0.000335985
1708.51,0.0336074
0.000336074
1708.29,0.0336161
0.000336161
1708.07,0.0336246
0.000336246
1707.86,0.0336328
0.000336328
1707.66,0.0336407
0.000336407
1707.47,0.0336483
0.000336483
1707.28,0.0336557
0.000336557
1707.1,0.0336629
0.000336629
1706.93,0.0336697
0.000336697
1706.76,0.0336763
0.000336763
1706.6,0.0336827
0.000336827
1706.44,0.0336888
0.000336888
1706.3,0.0336946
0.000336946
1706.16,0.0337001
0.000337001
1706.02,0.0337054
0.000337054
1705.89,0.0337105
0.000337105
1705.77,0.0337152
0.000337152
1705.66,0.0337197
0.000337197
1705.55,0.033724
0.00033724
1705.45,0.0337279
0.000337279
1705.36,0.0337316
0.000337316
1705.27,0.033735
0.00033735
1705.19,0.0337382
0.000337382
1705.12,0.0337411
0.000337411
1705.05,0.0337437
0.000337437
1704.99,0.0337461
0.000337461
1704.94,0.0337482
0.000337482
1704.89,0.03375
0.0003375
1704.85,0.0337516
0.000337516
1704.82,0.0337529
0.000337529
1704.8,0.0337539
0.000337539
1704.78,0.0337547
0.000337547
1704.77,0.0337551
0.000337551
1704.76,0.0337554
0.000337554
1704.76,0.0337553
0.000337553
1704.77,0.033755
0.00033755
1704.78,0.0337544
0.000337544
1704.81,0.0337536
0.000337536
1704.83,0.0337524
0.000337524
1704.87,0.033751
0.00033751
1704.91,0.0337494
0.000337494
1704.96,0.0337475
0.000337475
1705.01,0.0337453
0.000337453
1705.08,0.0337428
0.000337428
1705.15,0.0337401
0.000337401
1705.22,0.0337371
0.000337371
1705.3,0.0337338
0.000337338
1705.39,0.0337303
0.000337303
1705.49,0.0337265
0.000337265
1705.59,0.0337224
0.000337224
1705.7,0.0337181
0.000337181
1705.82,0.0337135
0.000337135
1705.94,0.0337086
0.000337087
1706.07,0.0337035
0.000337035
1706.21,0.0336981
0.000336981
1706.35,0.0336925
0.000336925
1706.5,0.0336866
0.000336866
1706.66,0.0336804
0.000336804
1706.82,0.0336739
0.000336739
1706.99,0.0336672
0.000336672
1707.17,0.0336603
0.000336603
1707.35,0.033653
0.00033653
1707.54,0.0336455
0.000336455
1707.74,0.0336378
0.000336378
1707.94,0.0336298
0.000336298
1708.15,0.0336215
0.000336215
1708.37,0.033613
0.00033613
1708.59,0.0336042
0.000336042
1708.82,0.0335951
0.000335951
1709.06,0.0335858
0.000335858
1709.3,0.0335763
0.000335763
1709.55,0.0335665
0.000335665
1709.81,0.0335564
0.000335564
1710.07,0.033546
0.00033546
1710.34,0.0335355
0.000335355
1710.62,0.0335246
0.000335246
1710.9,0.0335135
0.000335135
1711.19,0.0335022
0.000335022
1711.48,0.0334906
0.000334906
1711.79,0.0334787
0.000334787
1712.1,0.0334667
0.000334667
1712.41,0.0334543
0.000334543
1712.74,0.0334417
0.000334417
1713.06,0.0334289
0.000334289
1713.4,0.0334158
0.000334158
1713.74,0.0334025
0.000334025
1714.09,0.0333889
0.000333889
1714.44,0.0333751
0.000333751
1714.81,0.033361
0.00033361
1715.17,0.0333467
0.000333467
1715.55,0.0333321
0.000333321
1715.93,0.0333174
0.000333174
1716.32,0.0333023
0.000333023
1716.71,0.0332871
0.000332871
1717.11,0.0332716
0.000332716
1717.52,0.0332558
0.000332558
1717.93,0.0332399
0.000332399
1718.35,0.0332236
0.000332236
1718.77,0.0332072
0.000332072
1719.2,0.0331905
0.000331905
1719.64,0.0331736
0.000331736
1720.09,0.0331565
0.000331565
1720.54,0.0331391
0.000331391
1720.99,0.0331215
0.000331215
1721.46,0.0331037
0.000331037
1721.93,0.0330857
0.000330857
1722.4,0.0330674
0.000330674
1722.88,0.0330489
0.000330489
1723.37,0.0330302
0.000330302
1723.87,0.0330112
0.000330112
1724.37,0.0329921
0.000329921
1724.87,0.0329727
0.000329727
1725.39,0.0329531
0.000329531
1725.91,0.0329333
0.000329333
1726.43,0.0329133
0.000329133
1726.96,0.032893
0.00032893
1727.5,0.0328726
0.000328726
1728.04,0.0328519
0.000328519
1728.59,0.032831
0.00032831
1729.15,0.0328099
0.000328099
1729.71,0.0327886
0.000327886
1730.28,0.0327671
0.000327671
1730.85,0.0327454
0.000327454
1731.43,0.0327235
0.000327235
1732.01,0.0327014
0.000327014
1732.61,0.0326791
0.000326791
1733.2,0.0326566
0.000326566
1733.81,0.0326339
0.000326339
1734.41,0.0326109
0.000326109
1735.03,0.0325878
0.000325878
1735.65,0.0325645
0.000325645
1736.28,0.032541
0.00032541
1736.91,0.0325173
0.000325173
1737.55,0.0324935
0.000324935
1738.19,0.0324694
0.000324694
1738.84,0.0324451
0.000324451
1739.5,0.0324207
0.000324207
1740.16,0.032396
0.00032396
1740.82,0.0323712
0.000323712
1741.5,0.0323462
0.000323462
1742.17,0.0323211
0.000323211
1742.86,0.0322957
0.000322957
1743.55,0.0322702
0.000322702
1744.24,0.0322445
0.000322445
1744.94,0.0322186
0.000322186
1745.65,0.0321925
0.000321925
1746.36,0.0321663
0.000321663
1747.08,0.0321399
0.000321399
1747.8,0.0321133
0.000321133
1748.53,0.0320865
0.000320865
1749.26,0.0320596
0.000320596
1750,0.0320325
0.000320325
1750.75,0.0320053
0.000320053
1751.5,0.0319779
0.000319779
1752.25,0.0319503
0.000319503
1753.01,0.0319226
0.000319226
1753.78,0.0318947
0.000318947
1754.55,0.0318667
0.000318667
1755.33,0.0318385
0.000318385
1756.11,0.0318101
0.000318101
1756.9,0.0317816
0.000317816
1757.69,0.031753
0.00031753
1758.49,0.0317242
0.000317242
1759.29,0.0316952
0.000316952
1760.1,0.0316661
0.000316661
1760.91,0.0316369
0.000316369
1761.73,0.0316075
0.000316075
1762.55,0.031578
0.00031578
1763.38,0.0315483
0.000315483
1764.22,0.0315185
0.000315185
1765.05,0.0314885
0.000314885
1765.9,0.0314585
0.000314585
1766.75,0.0314282
0.000314282
1767.6,0.0313979
0.000313979
1768.46,0.0313674
0.000313674
1769.32,0.0313368
0.000313368
1770.19,0.0313061
0.000313061
1771.06,0.0312752
0.000312752
1771.94,0.0312442
0.000312442
1772.83,0.0312131
0.000312131
1773.71,0.0311819
0.000311819
1774.61,0.0311505
0.000311505
1775.5,0.031119
0.00031119
1776.41,0.0310874
0.000310874
1777.31,0.0310557
0.000310557
1778.22,0.0310239
0.000310239
1779.14,0.0309919
0.000309919
1780.06,0.0309599
0.000309599
1780.99,0.0309277
0.000309277
1781.92,0.0308954
0.000308954
1782.85,0.030863
0.00030863
1783.79,0.0308306
0.000308306
1784.73,0.030798
0.00030798
1785.68,0.0307653
0.000307653
1786.64,0.0307325
0.000307325
1787.59,0.0306995
0.000306995
1788.55,0.0306665
0.000306665
1789.52,0.0306334
0.000306334
1790.49,0.0306003
0.000306003
1791.47,0.030567
0.00030567
1792.44,0.0305336
0.000305336
1793.43,0.0305001
0.000305001
1794.42,0.0304665
0.000304665
1795.41,0.0304329
0.000304329
1796.4,0.0303991
0.000303991
1797.4,0.0303653
0.000303653
1798.41,0.0303314
0.000303314
1799.42,0.0302974
0.000302974
1800.43,0.0302633
0.000302633
1801.45,0.0302291
0.000302291
1802.47,0.0301949
0.000301949
1803.49,0.0301606
0.000301606
1804.52,0.0301262
0.000301262
1805.56,0.0300917
0.000300917
1806.59,0.0300571
0.000300571
1807.64,0.0300225
0.000300225
1808.68,0.0299878
0.000299878
1809.73,0.0299531
0.000299531
1810.78,0.0299182
0.000299182
1811.84,0.0298833
0.000298833
1812.9,0.0298484
0.000298484
1813.97,0.0298133
0.000298133
1815.04,0.0297782
0.000297782
1816.11,0.0297431
0.000297431
1817.18,0.0297079
0.000297079
1818.26,0.0296726
0.000296726
1819.35,0.0296373
0.000296373
1820.43,0.0296019
0.000296019
1821.53,0.0295664
0.000295664
1822.62,0.0295309
0.000295309
1823.72,0.0294954
0.000294954
1824.82,0.0294598
0.000294598
1825.92,0.0294241
0.000294241
1827.03,0.0293884
0.000293884
1828.15,0.0293526
0.000293526
1829.26,0.0293169
0.000293169
1830.38,0.029281
0.00029281
1831.5,0.0292451
0.000292451
1832.63,0.0292092
0.000292092
1833.76,0.0291732
0.000291732
1834.89,0.0291372
0.000291372
1836.03,0.0291011
0.000291011
1837.17,0.0290651
0.000290651
1838.31,0.0290289
0.000290289
1839.46,0.0289928
0.000289928
1840.61,0.0289566
0.000289566
1841.76,0.0289203
0.000289203
1842.91,0.0288841
0.000288841
1844.07,0.0288478
0.000288478
1845.24,0.0288115
0.000288115
1846.4,0.0287751
0.000287751
1847.57,0.0287387
0.000287387
1848.74,0.0287023
0.000287023
1849.92,0.0286659
0.000286659
1851.09,0.0286294
0.000286294
1852.27,0.0285929
0.000285929
1853.46,0.0285564
0.000285564
1854.64,0.0285199
0.000285199
1855.83,0.0284833
0.000284833
1857.03,0.0284468
0.000284468
1858.22,0.0284102
0.000284102
1859.42,0.0283736
0.000283736
1860.62,0.028337
0.00028337
1861.82,0.0283004
0.000283004
1863.03,0.0282637
0.000282637
1864.24,0.0282271
0.000282271
1865.45,0.0281904
0.000281904
1866.67,0.0281537
0.000281537
1867.88,0.028117
0.00028117
1869.1,0.0280803
0.000280803
1870.33,0.0280436
0.000280436
1871.55,0.0280069
0.000280069
1872.78,0.0279702
0.000279702
1874.01,0.0279335
0.000279335
1875.24,0.0278968
0.000278968
1876.48,0.02786
0.0002786
1877.72,0.0278233
0.000278233
1878.96,0.0277866
0.000277866
1880.2,0.0277499
0.000277499
1881.45,0.0277131
0.000277131
1882.69,0.0276764
0.000276764
1883.94,0.0276397
0.000276397
1885.2,0.027603
0.00027603
1886.45,0.0275662
0.000275662
1887.71,0.0275295
0.000275295
1888.97,0.0274928
0.000274928
1890.23,0.0274561
0.000274561
1891.49,0.0274195
0.000274195
1892.76,0.0273828
0.000273828
1894.03,0.0273461
0.000273461
1895.3,0.0273095
0.000273095
1896.57,0.0272728
0.000272728
1897.85,0.0272362
0.000272362
1899.12,0.0271996
0.000271996
1900.4,0.027163
0.00027163
1901.69,0.0271264
0.000271264
1902.97,0.0270898
0.000270898
1904.25,0.0270532
0.000270532
1905.54,0.0270167
0.000270167
1906.83,0.0269802
0.000269802
1908.12,0.0269437
0.000269437
1909.41,0.0269072
0.000269072
1910.71,0.0268707
0.000268707
1912.01,0.0268343
0.000268343
1913.31,0.0267979
0.000267979
1914.61,0.0267615
0.000267615
1915.91,0.0267251
0.000267251
1917.21,0.0266888
0.000266888
1918.52,0.0266524
0.000266524
1919.83,0.0266161
0.000266161
1921.14,0.0265799
0.000265799
1922.45,0.0265436
0.000265436
1923.76,0.0265074
0.000265074
1925.07,0.0264712
0.000264712
1926.39,0.026435
0.00026435
1927.71,0.0263989
0.000263989
1929.03,0.0263628
0.000263628
1930.35,0.0263267
0.000263267
1931.67,0.0262907
0.000262907
1933,0.0262547
0.000262547
1934.32,0.0262187
0.000262187
1935.65,0.0261828
0.000261828
1936.98,0.0261469
0.000261469
1938.31,0.026111
0.00026111
1939.64,0.0260752
0.000260752
1940.97,0.0260394
0.000260394
1942.31,0.0260036
0.000260036
1943.64,0.0259679
0.000259679
1944.98,0.0259322
0.000259322
1946.32,0.0258965
0.000258965
1947.66,0.0258609
0.000258609
1949,0.0258254
0.000258254
1950.34,0.0257898
0.000257898
1951.68,0.0257543
0.000257543
1953.03,0.0257189
0.000257189
1954.37,0.0256835
0.000256835
1955.72,0.0256481
0.000256481
1957.07,0.0256128
0.000256128
1958.42,0.0255775
0.000255775
1959.77,0.0255423
0.000255423
1961.12,0.0255071
0.000255071
1962.47,0.0254719
0.000254719
1963.83,0.0254368
0.000254368
1965.18,0.0254018
0.000254018
1966.54,0.0253667
0.000253667
1967.89,0.0253318
0.000253318
1969.25,0.0252969
0.000252969
1970.61,0.025262
0.00025262
1971.97,0.0252272
0.000252272
1973.33,0.0251924
0.000251924
1974.69,0.0251577
0.000251577
1976.05,0.025123
0.00025123
1977.42,0.0250884
0.000250884
1978.78,0.0250538
0.000250538
1980.15,0.0250192
0.000250192
1981.51,0.0249848
0.000249848
1982.88,0.0249503
0.000249503
1984.25,0.024916
0.00024916
1985.61,0.0248817
0.000248817
1986.98,0.0248474
0.000248474
1988.35,0.0248132
0.000248132
1989.72,0.024779
0.00024779
1991.09,0.0247449
0.000247449
1992.46,0.0247108
0.000247109
1993.84,0.0246769
0.000246768
1995.21,0.0246429
0.000246429
1996.58,0.024609
0.00024609
1997.96,0.0245752
0.000245752
1999.33,0.0245414
0.000245414
2000.71,0.0245077
0.000245077
2002.08,0.024474
0.00024474
2003.46,0.0244404
0.000244404
2004.83,0.0244069
0.000244069
2006.21,0.0243734
0.000243734
2007.59,0.0243399
0.000243399
2008.97,0.0243066
0.000243066
2010.35,0.0242732
0.000242732
2011.72,0.02424
0.0002424
2013.1,0.0242068
0.000242068
2014.48,0.0241736
0.000241736
2015.86,0.0241406
0.000241406
2017.24,0.0241075
0.000241075
2018.62,0.0240746
0.000240746
2020,0.0240417
0.000240417
2021.39,0.0240088
0.000240088
2022.77,0.023976
0.00023976
2024.15,0.0239433
0.000239433
2025.53,0.0239107
0.000239107
2026.91,0.0238781
0.000238781
2028.29,0.0238455
0.000238455
2029.68,0.0238131
0.000238131
2031.06,0.0237807
0.000237807
2032.44,0.0237483
0.000237483
2033.82,0.023716
0.00023716
2035.21,0.0236838
0.000236838
2036.59,0.0236516
0.000236516
2037.97,0.0236196
0.000236196
2039.36,0.0235875
0.000235875
2040.74,0.0235556
0.000235556
2042.12,0.0235237
0.000235237
2043.51,0.0234918
0.000234918
2044.89,0.02346
0.0002346
2046.27,0.0234283
0.000234283
2047.66,0.0233967
0.000233967
2049.04,0.0233651
0.000233651
2050.42,0.0233336
0.000233336
2051.81,0.0233022
0.000233022
2053.19,0.0232708
0.000232708
2054.57,0.0232395
0.000232395
2055.96,0.0232082
0.000232082
2057.34,0.023177
0.00023177
2058.72,0.0231459
0.000231459
2060.1,0.0231149
0.000231149
2061.48,0.0230839
0.000230839
2062.87,0.023053
0.00023053
2064.25,0.0230221
0.000230221
2065.63,0.0229913
0.000229913
2067.01,0.0229606
0.000229606
2068.39,0.02293
0.0002293
2069.77,0.0228994
0.000228994
2071.15,0.0228689
0.000228689
2072.53,0.0228384
0.000228384
2073.91,0.0228081
0.000228081
2075.29,0.0227777
0.000227777
2076.67,0.0227475
0.000227475
2078.05,0.0227173
0.000227173
2079.43,0.0226872
0.000226872
2080.81,0.0226572
0.000226572
2082.18,0.0226272
0.000226272
2083.56,0.0225973
0.000225973
2084.94,0.0225675
0.000225675
2086.31,0.0225377
0.000225377
2087.69,0.022508
0.00022508
2089.06,0.0224784
0.000224784
2090.44,0.0224489
0.000224489
2091.81,0.0224194
0.000224194
2093.19,0.02239
0.0002239
2094.56,0.0223606
0.000223606
2095.93,0.0223313
0.000223313
2097.3,0.0223021
0.000223021
2098.67,0.022273
0.00022273
2100.05,0.0222439
0.000222439
2101.42,0.0222149
0.000222149
2102.79,0.022186
0.00022186
2104.15,0.0221571
0.000221571
2105.52,0.0221284
0.000221284
2106.89,0.0220996
0.000220996
2108.26,0.022071
0.00022071
2109.62,0.0220424
0.000220424
2110.99,0.0220139
0.000220139
2112.35,0.0219855
0.000219855
2113.72,0.0219571
0.000219571
2115.08,0.0219288
0.000219288
2116.44,0.0219006
0.000219006
2117.81,0.0218724
0.000218724
2119.17,0.0218443
0.000218443
2120.53,0.0218163
0.000218163
2121.89,0.0217884
0.000217884
2123.25,0.0217605
0.000217605
2124.6,0.0217327
0.000217327
2125.96,0.0217049
0.000217049
2127.32,0.0216773
0.000216773
2128.67,0.0216497
0.000216497
2130.03,0.0216221
0.000216221
2131.38,0.0215947
0.000215947
2132.73,0.0215673
0.000215673
2134.09,0.02154
0.0002154
2135.44,0.0215128
0.000215128
2136.79,0.0214856
0.000214856
2138.13,0.0214585
0.000214585
2139.48,0.0214314
0.000214314
2140.83,0.0214045
0.000214045
2142.18,0.0213776
0.000213776
2143.52,0.0213508
0.000213508
2144.86,0.021324
0.00021324
2146.21,0.0212973
0.000212973
2147.55,0.0212707
0.000212707
2148.89,0.0212442
0.000212442
2150.23,0.0212177
0.000212177
2151.57,0.0211913
0.000211913
2152.91,0.021165
0.00021165
2154.24,0.0211387
0.000211387
2155.58,0.0211126
0.000211126
2156.91,0.0210864
0.000210864
2158.25,0.0210604
0.000210604
2159.58,0.0210344
0.000210344
2160.91,0.0210085
0.000210085
2162.24,0.0209827
0.000209827
2163.57,0.0209569
0.000209569
2164.9,0.0209312
0.000209312
2166.22,0.0209056
0.000209056
2167.55,0.02088
0.0002088
2168.87,0.0208545
0.000208546
2170.2,0.0208291
0.000208291
2171.52,0.0208038
0.000208038
2172.84,0.0207785
0.000207785
2174.16,0.0207533
0.000207533
2175.47,0.0207282
0.000207282
2176.79,0.0207031
0.000207031
2178.11,0.0206781
0.000206781
2179.42,0.0206532
0.000206532
2180.73,0.0206283
0.000206283
2182.04,0.0206035
0.000206035
2183.35,0.0205788
0.000205788
2184.66,0.0205542
0.000205542
2185.97,0.0205296
0.000205296
2187.28,0.0205051
0.000205051
2188.58,0.0204807
0.000204807
2189.88,0.0204563
0.000204563
2191.19,0.020432
0.00020432
2192.49,0.0204078
0.000204078
2193.79,0.0203836
0.000203836
2195.08,0.0203595
0.000203595
2196.38,0.0203355
0.000203355
2197.67,0.0203115
0.000203115
2198.97,0.0202876
0.000202876
2200.26,0.0202638
0.000202638
2201.55,0.0202401
0.000202401
2202.84,0.0202164
0.000202164
2204.13,0.0201928
0.000201928
2205.41,0.0201692
0.000201692
2206.7,0.0201458
0.000201458
2207.98,0.0201224
0.000201224
2209.26,0.020099
0.00020099
2210.54,0.0200757
0.000200757
2211.82,0.0200525
0.000200525
2213.1,0.0200294
0.000200294
2214.37,0.0200063
0.000200063
2215.65,0.0199833
0.000199833
2216.92,0.0199604
0.000199604
2218.19,0.0199376
0.000199376
2219.46,0.0199148
0.000199148
2220.73,0.019892
0.00019892
2221.99,0.0198694
0.000198694
2223.26,0.0198468
0.000198468
2224.52,0.0198243
0.000198243
2225.78,0.0198018
0.000198018
2227.04,0.0197794
0.000197794
2228.3,0.0197571
0.000197571
2229.55,0.0197348
0.000197348
2230.81,0.0197126
0.000197126
2232.06,0.0196905
0.000196905
2233.31,0.0196685
0.000196685
2234.56,0.0196465
0.000196465
2235.81,0.0196246
0.000196246
2237.05,0.0196027
0.000196027
2238.3,0.0195809
0.000195809
2239.54,0.0195592
0.000195592
2240.78,0.0195375
0.000195375
2242.02,0.019516
0.00019516
2243.26,0.0194944
0.000194944
2244.49,0.019473
0.00019473
2245.73,0.0194516
0.000194516
2246.96,0.0194303
0.000194303
2248.19,0.019409
0.00019409
2249.42,0.0193878
0.000193878
2250.64,0.0193667
0.000193667
2251.87,0.0193456
0.000193456
2253.09,0.0193246
0.000193246
2254.31,0.0193037
0.000193037
2255.53,0.0192828
0.000192828
2256.75,0.019262
0.00019262
2257.97,0.0192413
0.000192413
2259.18,0.0192206
0.000192206
2260.39,0.0192
0.000192
2261.6,0.0191795
0.000191795
2262.81,0.019159
0.00019159
2264.02,0.0191386
0.000191386
2265.22,0.0191182
0.000191182
2266.42,0.0190979
0.000190979
2267.63,0.0190777
0.000190777
2268.82,0.0190576
0.000190576
2270.02,0.0190375
0.000190375
2271.22,0.0190174
0.000190174
2272.41,0.0189975
0.000189975
2273.6,0.0189776
0.000189776
2274.79,0.0189577
0.000189577
2275.98,0.018938
0.00018938
2277.16,0.0189182
0.000189182
2278.35,0.0188986
0.000188986
2279.53,0.018879
0.00018879
2280.71,0.0188595
0.000188595
2281.88,0.01884
0.0001884
2283.06,0.0188206
0.000188206
2284.23,0.0188013
0.000188013
2285.4,0.018782
0.00018782
2286.57,0.0187628
0.000187628
2287.74,0.0187437
0.000187437
2288.91,0.0187246
0.000187246
2290.07,0.0187056
0.000187056
2291.23,0.0186866
0.000186866
2292.39,0.0186677
0.000186677
2293.55,0.0186489
0.000186489
2294.7,0.0186301
0.000186301
2295.86,0.0186114
0.000186114
2297.01,0.0185928
0.000185928
2298.16,0.0185742
0.000185742
2299.3,0.0185557
0.000185557
2300.45,0.0185372
0.000185372
2301.59,0.0185188
0.000185188
2302.73,0.0185004
0.000185004
2303.87,0.0184822
0.000184822
2305.01,0.0184639
0.000184639
2306.14,0.0184458
0.000184458
2307.27,0.0184277
0.000184277
2308.4,0.0184096
0.000184096
2309.53,0.0183917
0.000183917
2310.66,0.0183738
0.000183738
2311.78,0.0183559
0.000183559
2312.9,0.0183381
0.000183381
2314.02,0.0183204
0.000183204
2315.14,0.0183027
0.000183027
2316.25,0.0182851
0.000182851
2317.37,0.0182675
0.000182675
2318.48,0.01825
0.0001825
2319.59,0.0182326
0.000182326
2320.69,0.0182152
0.000182152
2321.8,0.0181979
0.000181979
2322.9,0.0181806
0.000181806
2324,0.0181634
0.000181634
2325.1,0.0181463
0.000181463
2326.19,0.0181292
0.000181292
2327.28,0.0181122
0.000181122
2328.37,0.0180952
0.000180952
2329.46,0.0180783
0.000180783
2330.55,0.0180614
0.000180614
2331.63,0.0180447
0.000180447
2332.71,0.0180279
0.000180279
2333.79,0.0180113
0.000180113
2334.87,0.0179946
0.000179946
2335.95,0.0179781
0.000179781
2337.02,0.0179616
0.000179616
2338.09,0.0179451
0.000179451
2339.16,0.0179287
0.000179287
2340.22,0.0179124
0.000179124
2341.29,0.0178961
0.000178962
2342.35,0.0178799
0.000178799
2343.41,0.0178638
0.000178638
2344.46,0.0178477
0.000178477
2345.52,0.0178316
0.000178316
2346.57,0.0178157
0.000178157
2347.62,0.0177997
0.000177997
2348.67,0.0177839
0.000177839
2349.71,0.017768
0.00017768
2350.76,0.0177523
0.000177523
2351.8,0.0177366
0.000177366
2352.83,0.0177209
0.000177209
2353.87,0.0177053
0.000177053
2354.9,0.0176898
0.000176898
2355.93,0.0176743
0.000176743
2356.96,0.0176589
0.000176589
2357.99,0.0176435
0.000176435
2359.01,0.0176282
0.000176282
2360.03,0.017613
0.00017613
2361.05,0.0175978
0.000175978
2362.07,0.0175826
0.000175826
2363.08,0.0175675
0.000175675
2364.1,0.0175525
0.000175525
2365.1,0.0175375
0.000175375
2366.11,0.0175226
0.000175226
2367.12,0.0175077
0.000175077
2368.12,0.0174929
0.000174929
2369.12,0.0174782
0.000174782
2370.12,0.0174634
0.000174634
2371.11,0.0174488
0.000174488
2372.1,0.0174342
0.000174342
2373.09,0.0174197
0.000174197
2374.08,0.0174052
0.000174052
2375.07,0.0173907
0.000173907
2376.05,0.0173763
0.000173763
2377.03,0.017362
0.00017362
2378.01,0.0173477
0.000173477
2378.98,0.0173335
0.000173335
2379.95,0.0173194
0.000173194
2380.93,0.0173052
0.000173052
2381.89,0.0172912
0.000172912
2382.86,0.0172772
0.000172772
2383.82,0.0172632
0.000172632
2384.78,0.0172493
0.000172493
2385.74,0.0172355
0.000172355
2386.7,0.0172217
0.000172217
2387.65,0.0172079
0.000172079
2388.6,0.0171942
0.000171942
2389.55,0.0171806
0.000171806
2390.49,0.017167
0.00017167
2391.44,0.0171535
0.000171535
2392.38,0.01714
0.0001714
2393.31,0.0171265
0.000171265
2394.25,0.0171132
0.000171132
2395.18,0.0170998
0.000170998
2396.11,0.0170866
0.000170866
2397.04,0.0170733
0.000170733
2397.96,0.0170602
0.000170602
2398.89,0.0170471
0.000170471
2399.81,0.017034
0.00017034
2400.72,0.017021
0.00017021
2401.64,0.017008
0.00017008
2402.55,0.0169951
0.000169951
2403.46,0.0169822
0.000169822
2404.37,0.0169694
0.000169694
2405.27,0.0169566
0.000169566
2406.18,0.0169439
0.000169439
2407.08,0.0169313
0.000169313
2407.97,0.0169187
0.000169187
2408.87,0.0169061
0.000169061
2409.76,0.0168936
0.000168936
2410.65,0.0168811
0.000168811
2411.53,0.0168687
0.000168687
2412.42,0.0168564
0.000168564
2413.3,0.016844
0.00016844
2414.18,0.0168318
0.000168318
2415.05,0.0168196
0.000168196
2415.93,0.0168074
0.000168074
2416.8,0.0167953
0.000167953
2417.67,0.0167832
0.000167832
2418.53,0.0167712
0.000167712
2419.4,0.0167593
0.000167593
2420.26,0.0167474
0.000167474
2421.11,0.0167355
0.000167355
2421.97,0.0167237
0.000167237
2422.82,0.0167119
0.000167119
2423.67,0.0167002
0.000167002
2424.52,0.0166885
0.000166885
2425.36,0.0166769
0.000166769
2426.21,0.0166653
0.000166653
2427.05,0.0166538
0.000166538
2427.88,0.0166423
0.000166423
2428.72,0.0166309
0.000166309
2429.55,0.0166195
0.000166195
2430.38,0.0166082
0.000166082
2431.2,0.0165969
0.000165969
2432.03,0.0165857
0.000165857
2432.85,0.0165745
0.000165745
2433.66,0.0165633
0.000165633
2434.48,0.0165522
0.000165522
2435.29,0.0165412
0.000165412
2436.1,0.0165302
0.000165302
2436.91,0.0165193
0.000165193
2437.71,0.0165084
0.000165084
2438.51,0.0164975
0.000164975
2439.31,0.0164867
0.000164867
2440.11,0.0164759
0.000164759
2440.9,0.0164652
0.000164652
2441.7,0.0164546
0.000164546
2442.48,0.0164439
0.000164439
2443.27,0.0164334
0.000164334
2444.05,0.0164228
0.000164228
2444.83,0.0164124
0.000164124
2445.61,0.0164019
0.000164019
2446.38,0.0163915
0.000163915
2447.16,0.0163812
0.000163812
2447.93,0.0163709
0.000163709
2448.69,0.0163607
0.000163607
2449.46,0.0163505
0.000163505
2450.22,0.0163403
0.000163403
2450.97,0.0163302
0.000163302
2451.73,0.0163201
0.000163201
2452.48,0.0163101
0.000163101
2453.23,0.0163001
0.000163001
2453.98,0.0162902
0.000162902
2454.72,0.0162803
0.000162803
2455.47,0.0162705
0.000162705
2456.21,0.0162607
0.000162607
2456.94,0.016251
0.00016251
2457.68,0.0162413
0.000162413
2458.41,0.0162316
0.000162316
2459.13,0.016222
0.00016222
2459.86,0.0162124
0.000162124
2460.58,0.0162029
0.000162029
2461.3,0.0161935
0.000161935
2462.02,0.016184
0.00016184
2462.73,0.0161746
0.000161746
2463.44,0.0161653
0.000161653
2464.15,0.016156
0.00016156
2464.86,0.0161468
0.000161468
2465.56,0.0161376
0.000161376
2466.26,0.0161284
0.000161284
2466.96,0.0161193
0.000161193
2467.65,0.0161102
0.000161102
2468.34,0.0161012
0.000161012
2469.03,0.0160922
0.000160922
2469.72,0.0160832
0.000160832
2470.4,0.0160743
0.000160743
2471.08,0.0160655
0.000160655
2471.76,0.0160567
0.000160567
2472.44,0.0160479
0.000160479
2473.11,0.0160392
0.000160392
2473.78,0.0160305
0.000160305
2474.44,0.0160219
0.000160219
2475.11,0.0160133
0.000160133
2475.77,0.0160047
0.000160047
2476.43,0.0159962
0.000159962
2477.08,0.0159878
0.000159878
2477.73,0.0159794
0.000159794
2478.38,0.015971
0.00015971
2479.03,0.0159627
0.000159627
2479.67,0.0159544
0.000159544
2480.32,0.0159461
0.000159461
2480.95,0.0159379
0.000159379
2481.59,0.0159298
0.000159298
2482.22,0.0159216
0.000159216
2482.85,0.0159136
0.000159136
2483.48,0.0159055
0.000159055
2484.1,0.0158975
0.000158975
2484.72,0.0158896
0.000158896
2485.34,0.0158817
0.000158817
2485.96,0.0158738
0.000158738
2486.57,0.015866
0.00015866
2487.18,0.0158582
0.000158582
2487.79,0.0158505
0.000158505
2488.39,0.0158428
0.000158428
2488.99,0.0158351
0.000158351
2489.59,0.0158275
0.000158275
2490.19,0.01582
0.0001582
2490.78,0.0158124
0.000158124
2491.37,0.015805
0.00015805
2491.95,0.0157975
0.000157975
2492.54,0.0157901
0.000157901
2493.12,0.0157827
0.000157828
2493.7,0.0157754
0.000157754
2494.27,0.0157682
0.000157682
2494.85,0.0157609
0.000157609
2495.42,0.0157537
0.000157537
2495.98,0.0157466
0.000157466
2496.55,0.0157395
0.000157395
2497.11,0.0157324
0.000157324
2497.67,0.0157254
0.000157254
2498.22,0.0157184
0.000157184
2498.77,0.0157114
0.000157114
2499.32,0.0157045
0.000157045
2499.87,0.0156977
0.000156977
2500.41,0.0156908
0.000156908
2500.95,0.015684
0.00015684
2501.49,0.0156773
0.000156773
2502.02,0.0156706
0.000156706
2502.56,0.0156639
0.000156639
2503.09,0.0156573
0.000156573
2503.61,0.0156507
0.000156507
2504.14,0.0156442
0.000156442
2504.66,0.0156377
0.000156377
2505.17,0.0156312
0.000156312
2505.69,0.0156248
0.000156248
2506.2,0.0156184
0.000156184
2506.71,0.0156121
0.000156121
2507.21,0.0156058
0.000156058
2507.72,0.0155995
0.000155995
2508.22,0.0155933
0.000155933
2508.71,0.0155872
0.000155872
2509.21,0.015581
0.00015581
2509.7,0.0155749
0.000155749
2510.19,0.0155689
0.000155689
2510.67,0.0155628
0.000155628
2511.16,0.0155569
0.000155569
2511.63,0.0155509
0.000155509
2512.11,0.015545
0.00015545
2512.59,0.0155392
0.000155392
2513.06,0.0155333
0.000155333
2513.52,0.0155276
0.000155276
2513.99,0.0155218
0.000155218
2514.45,0.0155161
0.000155161
2514.91,0.0155105
0.000155104
2515.37,0.0155048
0.000155048
2515.82,0.0154992
0.000154992
2516.27,0.0154937
0.000154937
2516.72,0.0154882
0.000154882
2517.16,0.0154827
0.000154827
2517.6,0.0154773
0.000154773
2518.04,0.0154719
0.000154719
2518.48,0.0154666
0.000154666
2518.91,0.0154612
0.000154612
2519.34,0.015456
0.00015456
2519.76,0.0154507
0.000154507
2520.19,0.0154455
0.000154455
2520.61,0.0154404
0.000154404
2521.03,0.0154353
0.000154353
2521.44,0.0154302
0.000154302
2521.85,0.0154251
0.000154251
2522.26,0.0154201
0.000154201
2522.67,0.0154152
0.000154152
2523.07,0.0154103
0.000154103
2523.47,0.0154054
0.000154054
2523.87,0.0154005
0.000154005
2524.26,0.0153957
0.000153957
2524.65,0.015391
0.000153909
2525.04,0.0153862
0.000153862
2525.43,0.0153815
0.000153815
2525.81,0.0153769
0.000153769
2526.19,0.0153723
0.000153723
2526.56,0.0153677
0.000153677
2526.94,0.0153631
0.000153631
2527.31,0.0153586
0.000153586
2527.68,0.0153542
0.000153542
2528.04,0.0153497
0.000153497
2528.4,0.0153453
0.000153453
2528.76,0.015341
0.00015341
2529.12,0.0153367
0.000153367
2529.47,0.0153324
0.000153324
2529.82,0.0153282
0.000153282
2530.16,0.015324
0.00015324
2530.51,0.0153198
0.000153198
2530.85,0.0153157
0.000153157
2531.19,0.0153116
0.000153116
2531.52,0.0153076
0.000153076
2531.85,0.0153035
0.000153035
2532.18,0.0152996
0.000152996
2532.51,0.0152956
0.000152956
2532.83,0.0152917
0.000152917
2533.15,0.0152879
0.000152879
2533.47,0.0152841
0.000152841
2533.78,0.0152803
0.000152803
2534.09,0.0152765
0.000152765
2534.4,0.0152728
0.000152728
2534.7,0.0152691
0.000152691
2535.01,0.0152655
0.000152655
2535.3,0.0152619
0.000152619
2535.6,0.0152583
0.000152583
2535.89,0.0152548
0.000152548
2536.18,0.0152513
0.000152513
2536.47,0.0152479
0.000152479
2536.75,0.0152445
0.000152445
2537.04,0.0152411
0.000152411
2537.31,0.0152378
0.000152378
2537.59,0.0152345
0.000152345
2537.86,0.0152312
0.000152312
2538.13,0.015228
0.00015228
2538.39,0.0152248
0.000152248
2538.66,0.0152216
0.000152216
2538.92,0.0152185
0.000152185
2539.17,0.0152154
0.000152154
2539.43,0.0152124
0.000152124
2539.68,0.0152094
0.000152094
2539.93,0.0152064
0.000152064
2540.17,0.0152035
0.000152035
2540.41,0.0152006
0.000152006
2540.65,0.0151977
0.000151977
2540.89,0.0151949
0.000151949
2541.12,0.0151921
0.000151921
2541.35,0.0151894
0.000151894
2541.58,0.0151866
0.000151866
2541.8,0.015184
0.00015184
2542.02,0.0151813
0.000151813
2542.24,0.0151787
0.000151787
2542.46,0.0151762
0.000151762
2542.67,0.0151736
0.000151736
2542.88,0.0151711
0.000151711
2543.08,0.0151687
0.000151687
2543.29,0.0151663
0.000151663
2543.49,0.0151639
0.000151639
2543.68,0.0151615
0.000151615
2543.88,0.0151592
0.000151592
2544.07,0.015157
0.00015157
2544.25,0.0151547
0.000151547
2544.44,0.0151525
0.000151525
2544.62,0.0151504
0.000151504
2544.8,0.0151482
0.000151482
2544.98,0.0151461
0.000151461
2545.15,0.0151441
0.000151441
2545.32,0.0151421
0.000151421
2545.48,0.0151401
0.000151401
2545.65,0.0151381
0.000151381
2545.81,0.0151362
0.000151362
2545.97,0.0151343
0.000151343
2546.12,0.0151325
0.000151325
2546.27,0.0151307
0.000151307
2546.42,0.0151289
0.000151289
2546.57,0.0151272
0.000151272
2546.71,0.0151255
0.000151255
2546.85,0.0151239
0.000151239
2546.99,0.0151222
0.000151222
2547.12,0.0151207
0.000151207
2547.25,0.0151191
0.000151191
2547.38,0.0151176
0.000151176
2547.5,0.0151161
0.000151161
2547.62,0.0151147
0.000151147
2547.74,0.0151133
0.000151133
2547.86,0.0151119
0.000151119
2547.97,0.0151106
0.000151106
2548.08,0.0151093
0.000151093
2548.18,0.015108
0.00015108
2548.29,0.0151068
0.000151068
2548.39,0.0151056
0.000151056
2548.48,0.0151045
0.000151045
2548.58,0.0151033
0.000151033
2548.67,0.0151023
0.000151023
2548.76,0.0151012
0.000151012
2548.84,0.0151002
0.000151002
2548.93,0.0150992
0.000150992
2549,0.0150983
0.000150983
2549.08,0.0150974
0.000150974
2549.15,0.0150965
0.000150965
2549.22,0.0150957
0.000150957
2549.29,0.0150949
0.000150949
2549.35,0.0150942
0.000150942
2549.42,0.0150934
0.000150934
2549.47,0.0150927
0.000150927
2549.53,0.0150921
0.000150921
2549.58,0.0150915
0.000150915
2549.63,0.0150909
0.000150909
2549.67,0.0150904
0.000150904
2549.72,0.0150899
0.000150899
2549.76,0.0150894
0.000150894
2549.79,0.0150889
0.000150889
2549.83,0.0150885
0.000150885
2549.86,0.0150882
0.000150882
2549.89,0.0150879
0.000150879
2549.91,0.0150876
0.000150876
2549.93,0.0150873
0.000150873
2549.95,0.0150871
0.000150871
2549.97,0.0150869
0.000150869
2549.98,0.0150868
0.000150868
2549.99,0.0150867
0.000150867
2549.99,0.0150866
0.000150866
2550,0.0150865
0.000150865
2550,0.0150865
0.000150865
2550,0.0150866
0.000150866
2549.99,0.0150866
0.000150866
2549.98,0.0150867
0.000150867
2549.97,0.0150869
0.000150869
2549.95,0.015087
0.00015087
2549.94,0.0150873
0.000150873
2549.92,0.0150875
0.000150875
2549.89,0.0150878
0.000150878
2549.87,0.0150881
0.000150881
2549.84,0.0150885
0.000150885
2549.8,0.0150888
0.000150888
2549.77,0.0150893
0.000150893
2549.73,0.0150897
0.000150897
2549.69,0.0150902
0.000150902
2549.64,0.0150908
0.000150908
2549.59,0.0150913
0.000150913
2549.54,0.0150919
0.000150919
2549.49,0.0150926
0.000150926
2549.43,0.0150933
0.000150932
2549.37,0.015094
0.00015094
2549.31,0.0150947
0.000150947
2549.24,0.0150955
0.000150955
2549.17,0.0150963
0.000150963
2549.1,0.0150972
0.000150972
2549.02,0.0150981
0.000150981
2548.95,0.015099
0.00015099
2548.86,0.0151
0.000151
2548.78,0.015101
0.00015101
2548.69,0.015102
0.00015102
2548.6,0.0151031
0.000151031
2548.51,0.0151042
0.000151042
2548.41,0.0151053
0.000151053
2548.31,0.0151065
0.000151065
2548.21,0.0151077
0.000151077
2548.11,0.015109
0.00015109
2548,0.0151102
0.000151102
2547.88,0.0151116
0.000151116
2547.77,0.0151129
0.000151129
2547.65,0.0151143
0.000151143
2547.53,0.0151158
0.000151158
2547.41,0.0151172
0.000151172
2547.28,0.0151187
0.000151187
2547.15,0.0151203
0.000151203
2547.02,0.0151218
0.000151218
2546.88,0.0151234
0.000151234
2546.74,0.0151251
0.000151251
2546.6,0.0151268
0.000151268
2546.46,0.0151285
0.000151285
2546.31,0.0151303
0.000151303
2546.16,0.015132
0.00015132
2546.01,0.0151339
0.000151339
2545.85,0.0151357
0.000151357
2545.69,0.0151376
0.000151376
2545.53,0.0151396
0.000151396
2545.36,0.0151416
0.000151416
2545.19,0.0151436
0.000151436
2545.02,0.0151456
0.000151456
2544.84,0.0151477
0.000151477
2544.67,0.0151498
0.000151498
2544.49,0.015152
0.00015152
2544.3,0.0151542
0.000151542
2544.11,0.0151564
0.000151564
2543.92,0.0151586
0.000151586
2543.73,0.015161
0.00015161
2543.54,0.0151633
0.000151633
2543.34,0.0151657
0.000151657
2543.13,0.0151681
0.000151681
2542.93,0.0151705
0.000151705
2542.72,0.015173
0.00015173
2542.51,0.0151755
0.000151755
2542.3,0.0151781
0.000151781
2542.08,0.0151807
0.000151807
2541.86,0.0151833
0.000151833
2541.64,0.015186
0.00015186
2541.41,0.0151887
0.000151887
2541.18,0.0151914
0.000151914
2540.95,0.0151942
0.000151942
2540.71,0.015197
0.00015197
2540.47,0.0151998
0.000151998
2540.23,0.0152027
0.000152027
2539.99,0.0152057
0.000152057
2539.74,0.0152086
0.000152086
2539.49,0.0152116
0.000152116
2539.24,0.0152146
0.000152146
2538.98,0.0152177
0.000152177
2538.72,0.0152208
0.000152208
2538.46,0.015224
0.00015224
2538.2,0.0152271
0.000152271
2537.93,0.0152304
0.000152304
2537.66,0.0152336
0.000152336
2537.38,0.0152369
0.000152369
2537.11,0.0152402
0.000152402
2536.83,0.0152436
0.000152436
2536.54,0.015247
0.00015247
2536.26,0.0152505
0.000152505
2535.97,0.0152539
0.000152539
2535.68,0.0152574
0.000152574
2535.38,0.015261
0.00015261
2535.08,0.0152646
0.000152646
2534.78,0.0152682
0.000152682
2534.48,0.0152719
0.000152719
2534.17,0.0152756
0.000152756
2533.86,0.0152793
0.000152793
2533.55,0.0152831
0.000152831
2533.23,0.0152869
0.000152869
2532.91,0.0152908
0.000152908
2532.59,0.0152946
0.000152946
2532.26,0.0152986
0.000152986
2531.94,0.0153025
0.000153025
2531.61,0.0153065
0.000153065
2531.27,0.0153106
0.000153106
2530.93,0.0153146
0.000153146
2530.6,0.0153188
0.000153188
2530.25,0.0153229
0.000153229
2529.91,0.0153271
0.000153271
2529.56,0.0153313
0.000153313
2529.21,0.0153356
0.000153356
2528.85,0.0153399
0.000153399
2528.49,0.0153442
0.000153442
2528.13,0.0153486
0.000153486
2527.77,0.015353
0.00015353
2527.4,0.0153575
0.000153575
2527.03,0.015362
0.00015362
2526.66,0.0153665
0.000153665
2526.28,0.0153711
0.000153711
2525.91,0.0153757
0.000153757
2525.52,0.0153803
0.000153803
2525.14,0.015385
0.00015385
2524.75,0.0153897
0.000153897
2524.36,0.0153945
0.000153945
2523.97,0.0153993
0.000153993
2523.57,0.0154041
0.000154041
2523.17,0.015409
0.00015409
2522.77,0.0154139
0.000154139
2522.37,0.0154189
0.000154189
2521.96,0.0154239
0.000154239
2521.55,0.0154289
0.000154289
2521.13,0.015434
0.00015434
2520.72,0.0154391
0.000154391
2520.3,0.0154442
0.000154442
2519.87,0.0154494
0.000154494
2519.45,0.0154546
0.000154546
2519.02,0.0154599
0.000154599
2518.59,0.0154652
0.000154652
2518.15,0.0154705
0.000154705
2517.71,0.0154759
0.000154759
2517.27,0.0154813
0.000154813
2516.83,0.0154868
0.000154868
2516.38,0.0154923
0.000154923
2515.93,0.0154978
0.000154978
2515.48,0.0155034
0.000155034
2515.03,0.015509
0.00015509
2514.57,0.0155147
0.000155147
2514.11,0.0155204
0.000155204
2513.64,0.0155261
0.000155261
2513.18,0.0155319
0.000155319
2512.71,0.0155377
0.000155377
2512.23,0.0155435
0.000155435
2511.76,0.0155494
0.000155494
2511.28,0.0155553
0.000155553
2510.8,0.0155613
0.000155613
2510.31,0.0155673
0.000155673
2509.82,0.0155734
0.000155734
2509.33,0.0155795
0.000155795
2508.84,0.0155856
0.000155856
2508.34,0.0155917
0.000155917
2507.84,0.015598
0.00015598
2507.34,0.0156042
0.000156042
2506.84,0.0156105
0.000156105
2506.33,0.0156168
0.000156168
2505.82,0.0156232
0.000156232
2505.3,0.0156296
0.000156296
2504.79,0.015636
0.00015636
2504.27,0.0156425
0.000156425
2503.75,0.0156491
0.000156491
2503.22,0.0156556
0.000156556
2502.69,0.0156622
0.000156622
2502.16,0.0156689
0.000156689
2501.63,0.0156756
0.000156756
2501.09,0.0156823
0.000156823
2500.55,0.0156891
0.000156891
2500.01,0.0156959
0.000156959
2499.46,0.0157028
0.000157028
2498.91,0.0157097
0.000157097
2498.36,0.0157166
0.000157166
2497.81,0.0157236
0.000157236
2497.25,0.0157306
0.000157306
2496.69,0.0157377
0.000157377
2496.13,0.0157448
0.000157448
2495.56,0.0157519
0.000157519
2494.99,0.0157591
0.000157591
2494.42,0.0157663
0.000157663
2493.84,0.0157736
0.000157736
2493.27,0.0157809
0.000157809
2492.69,0.0157882
0.000157882
2492.1,0.0157956
0.000157956
2491.52,0.0158031
0.000158031
2490.93,0.0158105
0.000158105
2490.34,0.0158181
0.000158181
2489.74,0.0158256
0.000158256
2489.14,0.0158332
0.000158332
2488.54,0.0158408
0.000158408
2487.94,0.0158485
0.000158485
2487.33,0.0158563
0.000158563
2486.73,0.015864
0.00015864
2486.11,0.0158718
0.000158718
2485.5,0.0158797
0.000158797
2484.88,0.0158876
0.000158876
2484.26,0.0158955
0.000158955
2483.64,0.0159035
0.000159035
2483.01,0.0159115
0.000159115
2482.38,0.0159196
0.000159196
2481.75,0.0159277
0.000159277
2481.12,0.0159358
0.000159358
2480.48,0.015944
0.00015944
2479.84,0.0159523
0.000159523
2479.2,0.0159605
0.000159605
2478.55,0.0159689
0.000159689
2477.9,0.0159772
0.000159772
2477.25,0.0159856
0.000159856
2476.59,0.0159941
0.000159941
2475.94,0.0160026
0.000160026
2475.28,0.0160111
0.000160111
2474.61,0.0160197
0.000160197
2473.95,0.0160283
0.000160283
2473.28,0.016037
0.00016037
2472.61,0.0160457
0.000160457
2471.93,0.0160544
0.000160544
2471.26,0.0160632
0.000160632
2470.58,0.0160721
0.000160721
2469.89,0.016081
0.00016081
2469.21,0.0160899
0.000160899
2468.52,0.0160989
0.000160989
2467.83,0.0161079
0.000161079
2467.14,0.016117
0.00016117
2466.44,0.0161261
0.000161261
2465.74,0.0161352
0.000161352
2465.04,0.0161444
0.000161444
2464.33,0.0161536
0.000161536
2463.62,0.0161629
0.000161629
2462.91,0.0161723
0.000161723
2462.2,0.0161816
0.000161816
2461.48,0.016191
0.00016191
2460.77,0.0162005
0.000162005
2460.04,0.01621
0.0001621
2459.32,0.0162196
0.000162196
2458.59,0.0162292
0.000162292
2457.86,0.0162388
0.000162388
2457.13,0.0162485
0.000162485
2456.39,0.0162582
0.000162582
2455.65,0.016268
0.00016268
2454.91,0.0162778
0.000162778
2454.17,0.0162877
0.000162877
2453.42,0.0162976
0.000162976
2452.67,0.0163076
0.000163076
2451.92,0.0163176
0.000163176
2451.17,0.0163276
0.000163276
2450.41,0.0163377
0.000163377
2449.65,0.0163479
0.000163479
2448.89,0.0163581
0.000163581
2448.12,0.0163683
0.000163683
2447.35,0.0163786
0.000163786
2446.58,0.0163889
0.000163889
2445.81,0.0163993
0.000163993
2445.03,0.0164097
0.000164097
2444.25,0.0164202
0.000164202
2443.47,0.0164307
0.000164307
2442.68,0.0164412
0.000164412
2441.9,0.0164518
0.000164518
2441.11,0.0164625
0.000164625
2440.31,0.0164732
0.000164732
2439.52,0.0164839
0.000164839
2438.72,0.0164947
0.000164947
2437.92,0.0165056
0.000165056
2437.11,0.0165165
0.000165165
2436.31,0.0165274
0.000165274
2435.5,0.0165384
0.000165384
2434.69,0.0165494
0.000165494
2433.87,0.0165605
0.000165605
2433.05,0.0165716
0.000165716
2432.23,0.0165828
0.000165828
2431.41,0.016594
0.00016594
2430.59,0.0166053
0.000166053
2429.76,0.0166166
0.000166166
2428.93,0.016628
0.00016628
2428.1,0.0166394
0.000166394
2427.26,0.0166509
0.000166509
2426.42,0.0166624
0.000166624
2425.58,0.0166739
0.000166739
2424.74,0.0166855
0.000166855
2423.89,0.0166972
0.000166972
2423.04,0.0167089
0.000167089
2422.19,0.0167207
0.000167207
2421.33,0.0167325
0.000167325
2420.48,0.0167443
0.000167443
2419.62,0.0167562
0.000167562
2418.75,0.0167682
0.000167682
2417.89,0.0167802
0.000167802
2417.02,0.0167922
0.000167922
2416.15,0.0168043
0.000168043
2415.28,0.0168165
0.000168165
2414.4,0.0168287
0.000168287
2413.52,0.0168409
0.000168409
2412.64,0.0168532
0.000168532
2411.76,0.0168656
0.000168656
2410.87,0.016878
0.00016878
2409.99,0.0168904
0.000168904
2409.09,0.0169029
0.000169029
2408.2,0.0169154
0.000169154
2407.3,0.016928
0.00016928
2406.41,0.0169407
0.000169407
2405.5,0.0169534
0.000169534
2404.6,0.0169661
0.000169661
2403.69,0.016979
0.00016979
2402.78,0.0169918
0.000169918
2401.87,0.0170047
0.000170047
2400.96,0.0170177
0.000170177
2400.04,0.0170307
0.000170307
2399.12,0.0170437
0.000170437
2398.2,0.0170568
0.000170568
2397.28,0.01707
0.0001707
2396.35,0.0170832
0.000170832
2395.42,0.0170965
0.000170965
2394.49,0.0171098
0.000171098
2393.55,0.0171231
0.000171231
2392.61,0.0171366
0.000171366
2391.67,0.01715
0.0001715
2390.73,0.0171635
0.000171635
2389.79,0.0171771
0.000171771
2388.84,0.0171907
0.000171907
2387.89,0.0172044
0.000172044
2386.94,0.0172182
0.000172182
2385.98,0.0172319
0.000172319
2385.03,0.0172458
0.000172458
2384.07,0.0172597
0.000172597
2383.1,0.0172736
0.000172736
2382.14,0.0172876
0.000172876
2381.17,0.0173017
0.000173017
2380.2,0.0173158
0.000173158
2379.23,0.0173299
0.000173299
2378.26,0.0173441
0.000173441
2377.28,0.0173584
0.000173584
2376.3,0.0173727
0.000173727
2375.32,0.0173871
0.000173871
2374.33,0.0174015
0.000174015
2373.34,0.017416
0.00017416
2372.36,0.0174305
0.000174305
2371.36,0.0174451
0.000174451
2370.37,0.0174597
0.000174597
2369.37,0.0174744
0.000174744
2368.37,0.0174892
0.000174892
2367.37,0.017504
0.00017504
2366.37,0.0175188
0.000175188
2365.36,0.0175337
0.000175337
2364.35,0.0175487
0.000175487
2363.34,0.0175637
0.000175637
2362.33,0.0175788
0.000175788
2361.31,0.0175939
0.000175939
2360.29,0.0176091
0.000176091
2359.27,0.0176243
0.000176243
2358.25,0.0176396
0.000176396
2357.22,0.017655
0.00017655
2356.2,0.0176704
0.000176704
2355.16,0.0176859
0.000176859
2354.13,0.0177014
0.000177014
2353.1,0.017717
0.00017717
2352.06,0.0177326
0.000177326
2351.02,0.0177483
0.000177483
2349.98,0.017764
0.00017764
2348.93,0.0177798
0.000177798
2347.89,0.0177957
0.000177957
2346.84,0.0178116
0.000178116
2345.79,0.0178276
0.000178276
2344.73,0.0178436
0.000178436
2343.68,0.0178597
0.000178597
2342.62,0.0178758
0.000178758
2341.56,0.017892
0.00017892
2340.49,0.0179083
0.000179083
2339.43,0.0179246
0.000179246
2338.36,0.017941
0.00017941
2337.29,0.0179574
0.000179574
2336.22,0.0179739
0.000179739
2335.14,0.0179904
0.000179904
2334.07,0.018007
0.00018007
2332.99,0.0180237
0.000180237
2331.91,0.0180404
0.000180404
2330.82,0.0180572
0.000180572
2329.74,0.018074
0.00018074
2328.65,0.0180909
0.000180909
2327.56,0.0181079
0.000181079
2326.47,0.0181249
0.000181249
2325.37,0.0181419
0.000181419
2324.28,0.0181591
0.000181591
2323.18,0.0181762
0.000181762
2322.08,0.0181935
0.000181935
2320.97,0.0182108
0.000182108
2319.87,0.0182282
0.000182282
2318.76,0.0182456
0.000182456
2317.65,0.0182631
0.000182631
2316.54,0.0182806
0.000182806
2315.42,0.0182982
0.000182982
2314.31,0.0183159
0.000183159
2313.19,0.0183336
0.000183336
2312.07,0.0183514
0.000183514
2310.94,0.0183692
0.000183692
2309.82,0.0183871
0.000183871
2308.69,0.0184051
0.000184051
2307.56,0.0184231
0.000184231
2306.43,0.0184412
0.000184412
2305.3,0.0184593
0.000184593
2304.16,0.0184775
0.000184775
2303.02,0.0184958
0.000184958
2301.88,0.0185141
0.000185141
2300.74,0.0185325
0.000185325
2299.59,0.018551
0.00018551
2298.45,0.0185695
0.000185695
2297.3,0.018588
0.00018588
2296.15,0.0186067
0.000186067
2295,0.0186254
0.000186254
2293.84,0.0186441
0.000186441
2292.69,0.0186629
0.000186629
2291.53,0.0186818
0.000186818
2290.37,0.0187008
0.000187008
2289.2,0.0187198
0.000187198
2288.04,0.0187388
0.000187388
2286.87,0.018758
0.00018758
2285.7,0.0187772
0.000187772
2284.53,0.0187964
0.000187964
2283.36,0.0188157
0.000188157
2282.18,0.0188351
0.000188351
2281.01,0.0188545
0.000188546
2279.83,0.0188741
0.000188741
2278.65,0.0188936
0.000188936
2277.46,0.0189133
0.000189133
2276.28,0.018933
0.00018933
2275.09,0.0189527
0.000189527
2273.9,0.0189725
0.000189725
2272.71,0.0189924
0.000189924
2271.52,0.0190124
0.000190124
2270.32,0.0190324
0.000190324
2269.13,0.0190525
0.000190525
2267.93,0.0190726
0.000190726
2266.73,0.0190928
0.000190928
2265.53,0.0191131
0.000191131
2264.32,0.0191334
0.000191334
2263.12,0.0191538
0.000191538
2261.91,0.0191743
0.000191743
2260.7,0.0191948
0.000191948
2259.49,0.0192154
0.000192154
2258.27,0.019236
0.00019236
2257.06,0.0192567
0.000192567
2255.84,0.0192775
0.000192775
2254.62,0.0192984
0.000192984
2253.4,0.0193193
0.000193193
2252.18,0.0193403
0.000193403
2250.96,0.0193613
0.000193613
2249.73,0.0193824
0.000193824
2248.5,0.0194036
0.000194036
2247.27,0.0194249
0.000194249
2246.04,0.0194462
0.000194462
2244.81,0.0194675
0.000194675
2243.57,0.019489
0.00019489
2242.33,0.0195105
0.000195105
2241.1,0.0195321
0.000195321
2239.86,0.0195537
0.000195537
2238.61,0.0195754
0.000195754
2237.37,0.0195972
0.000195972
2236.12,0.019619
0.00019619
2234.88,0.0196409
0.000196409
2233.63,0.0196629
0.000196629
2232.38,0.0196849
0.000196849
2231.13,0.019707
0.00019707
2229.87,0.0197292
0.000197292
2228.62,0.0197514
0.000197514
2227.36,0.0197737
0.000197737
2226.1,0.0197961
0.000197961
2224.84,0.0198185
0.000198185
2223.58,0.0198411
0.000198411
2222.31,0.0198636
0.000198636
2221.05,0.0198863
0.000198863
2219.78,0.019909
0.00019909
2218.51,0.0199318
0.000199318
2217.24,0.0199546
0.000199546
2215.97,0.0199775
0.000199775
2214.7,0.0200005
0.000200005
2213.42,0.0200235
0.000200235
2212.14,0.0200467
0.000200467
2210.87,0.0200698
0.000200698
2209.59,0.0200931
0.000200931
2208.31,0.0201164
0.000201164
2207.02,0.0201398
0.000201398
2205.74,0.0201633
0.000201633
2204.45,0.0201868
0.000201868
2203.17,0.0202104
0.000202104
2201.88,0.020234
0.00020234
2200.59,0.0202578
0.000202578
2199.3,0.0202816
0.000202816
2198,0.0203054
0.000203054
2196.71,0.0203294
0.000203294
2195.41,0.0203534
0.000203534
2194.11,0.0203775
0.000203775
2192.82,0.0204016
0.000204016
2191.52,0.0204258
0.000204258
2190.21,0.0204501
0.000204501
2188.91,0.0204745
0.000204745
2187.61,0.0204989
0.000204989
2186.3,0.0205234
0.000205234
2184.99,0.0205479
0.000205479
2183.69,0.0205726
0.000205726
2182.38,0.0205973
0.000205973
2181.07,0.020622
0.00020622
2179.75,0.0206469
0.000206469
2178.44,0.0206718
0.000206718
2177.13,0.0206968
0.000206968
2175.81,0.0207218
0.000207218
2174.49,0.0207469
0.000207469
2173.17,0.0207721
0.000207721
2171.85,0.0207974
0.000207974
2170.53,0.0208227
0.000208227
2169.21,0.0208481
0.000208481
2167.89,0.0208736
0.000208736
2166.56,0.0208991
0.000208991
2165.23,0.0209247
0.000209247
2163.91,0.0209504
0.000209504
2162.58,0.0209761
0.000209761
2161.25,0.0210019
0.000210019
2159.92,0.0210278
0.000210278
2158.59,0.0210538
0.000210538
2157.25,0.0210798
0.000210798
2155.92,0.0211059
0.000211059
2154.58,0.0211321
0.000211321
2153.25,0.0211583
0.000211583
2151.91,0.0211846
0.000211846
2150.57,0.021211
0.00021211
2149.23,0.0212375
0.000212375
2147.89,0.021264
0.00021264
2146.55,0.0212906
0.000212906
2145.21,0.0213172
0.000213172
2143.86,0.021344
0.00021344
2142.52,0.0213708
0.000213708
2141.17,0.0213976
0.000213976
2139.83,0.0214246
0.000214246
2138.48,0.0214516
0.000214516
2137.13,0.0214787
0.000214787
2135.78,0.0215058
0.000215058
2134.43,0.0215331
0.000215331
2133.08,0.0215604
0.000215604
2131.72,0.0215877
0.000215877
2130.37,0.0216152
0.000216152
2129.02,0.0216427
0.000216427
2127.66,0.0216702
0.000216702
2126.31,0.0216979
0.000216979
2124.95,0.0217256
0.000217256
2123.59,0.0217534
0.000217534
2122.23,0.0217813
0.000217813
2120.87,0.0218092
0.000218092
2119.51,0.0218372
0.000218372
2118.15,0.0218653
0.000218653
2116.79,0.0218934
0.000218934
2115.43,0.0219216
0.000219216
2114.07,0.0219499
0.000219499
2112.7,0.0219782
0.000219782
2111.34,0.0220067
0.000220067
2109.97,0.0220351
0.000220351
2108.6,0.0220637
0.000220637
2107.24,0.0220923
0.000220923
2105.87,0.022121
0.00022121
2104.5,0.0221498
0.000221498
2103.13,0.0221787
0.000221787
2101.76,0.0222076
0.000222076
2100.39,0.0222365
0.000222365
2099.02,0.0222656
0.000222656
2097.65,0.0222947
0.000222947
2096.28,0.0223239
0.000223239
2094.91,0.0223532
0.000223532
2093.54,0.0223825
0.000223825
2092.16,0.0224119
0.000224119
2090.79,0.0224414
0.000224414
2089.41,0.0224709
0.000224709
2088.04,0.0225005
0.000225005
2086.66,0.0225302
0.000225302
2085.29,0.0225599
0.000225599
2083.91,0.0225897
0.000225897
2082.53,0.0226196
0.000226196
2081.16,0.0226496
0.000226496
2079.78,0.0226796
0.000226796
2078.4,0.0227097
0.000227097
2077.02,0.0227398
0.000227398
2075.64,0.0227701
0.000227701
2074.26,0.0228003
0.000228003
2072.88,0.0228307
0.000228307
2071.5,0.0228611
0.000228611
2070.12,0.0228916
0.000228916
2068.74,0.0229222
0.000229222
2067.36,0.0229528
0.000229528
2065.98,0.0229835
0.000229835
2064.6,0.0230143
0.000230143
2063.22,0.0230451
0.000230451
2061.84,0.023076
0.00023076
2060.45,0.023107
0.00023107
2059.07,0.023138
0.00023138
2057.69,0.0231691
0.000231691
2056.31,0.0232003
0.000232003
2054.92,0.0232315
0.000232315
2053.54,0.0232628
0.000232628
2052.16,0.0232942
0.000232942
2050.78,0.0233256
0.000233256
2049.39,0.0233571
0.000233571
2048.01,0.0233887
0.000233887
2046.63,0.0234203
0.000234203
2045.24,0.023452
0.00023452
2043.86,0.0234837
0.000234837
2042.48,0.0235156
0.000235155
2041.09,0.0235474
0.000235474
2039.71,0.0235794
0.000235794
2038.33,0.0236114
0.000236114
2036.94,0.0236435
0.000236435
2035.56,0.0236756
0.000236756
2034.18,0.0237078
0.000237078
2032.79,0.0237401
0.000237401
2031.41,0.0237724
0.000237724
2030.03,0.0238048
0.000238048
2028.65,0.0238373
0.000238373
2027.26,0.0238698
0.000238698
2025.88,0.0239024
0.000239024
2024.5,0.023935
0.00023935
2023.12,0.0239677
0.000239677
2021.74,0.0240005
0.000240005
2020.36,0.0240333
0.000240333
2018.97,0.0240662
0.000240662
2017.59,0.0240991
0.000240991
2016.21,0.0241322
0.000241322
2014.83,0.0241652
0.000241652
2013.45,0.0241983
0.000241983
2012.07,0.0242315
0.000242315
2010.7,0.0242648
0.000242648
2009.32,0.0242981
0.000242981
2007.94,0.0243314
0.000243314
2006.56,0.0243649
0.000243649
2005.18,0.0243983
0.000243983
2003.81,0.0244319
0.000244319
2002.43,0.0244655
0.000244655
2001.06,0.0244991
0.000244991
1999.68,0.0245328
0.000245328
1998.31,0.0245666
0.000245666
1996.93,0.0246004
0.000246004
1995.56,0.0246343
0.000246343
1994.19,0.0246682
0.000246682
1992.81,0.0247022
0.000247022
1991.44,0.0247362
0.000247362
1990.07,0.0247703
0.000247703
1988.7,0.0248045
0.000248045
1987.33,0.0248387
0.000248387
1985.96,0.0248729
0.000248729
1984.59,0.0249073
0.000249073
1983.23,0.0249416
0.000249416
1981.86,0.024976
0.00024976
1980.49,0.0250105
0.000250105
1979.13,0.025045
0.00025045
1977.76,0.0250796
0.000250796
1976.4,0.0251142
0.000251142
1975.04,0.0251488
0.000251489
1973.68,0.0251836
0.000251836
1972.32,0.0252183
0.000252183
1970.96,0.0252531
0.000252531
1969.6,0.025288
0.00025288
1968.24,0.0253229
0.000253229
1966.88,0.0253579
0.000253579
1965.53,0.0253929
0.000253929
1964.17,0.0254279
0.000254279
1962.82,0.025463
0.00025463
1961.46,0.0254981
0.000254981
1960.11,0.0255333
0.000255333
1958.76,0.0255685
0.000255685
1957.41,0.0256038
0.000256038
1956.06,0.0256391
0.000256391
1954.72,0.0256745
0.000256745
1953.37,0.0257099
0.000257099
1952.02,0.0257453
0.000257453
1950.68,0.0257808
0.000257808
1949.34,0.0258163
0.000258163
1948,0.0258519
0.000258519
1946.66,0.0258875
0.000258875
1945.32,0.0259231
0.000259231
1943.98,0.0259588
0.000259588
1942.64,0.0259945
0.000259945
1941.31,0.0260303
0.000260303
1939.98,0.0260661
0.000260661
1938.65,0.0261019
0.000261019
1937.31,0.0261378
0.000261378
1935.99,0.0261737
0.000261737
1934.66,0.0262096
0.000262096
1933.33,0.0262456
0.000262456
1932.01,0.0262816
0.000262816
1930.68,0.0263176
0.000263176
1929.36,0.0263537
0.000263537
1928.04,0.0263898
0.000263898
1926.73,0.0264259
0.000264259
1925.41,0.026462
0.00026462
1924.09,0.0264982
0.000264982
1922.78,0.0265344
0.000265344
1921.47,0.0265707
0.000265707
1920.16,0.0266069
0.000266069
1918.85,0.0266432
0.000266432
1917.54,0.0266795
0.000266795
1916.24,0.0267159
0.000267159
1914.94,0.0267523
0.000267523
1913.64,0.0267886
0.000267886
1912.34,0.0268251
0.000268251
1911.04,0.0268615
0.000268615
1909.74,0.026898
0.00026898
1908.45,0.0269344
0.000269344
1907.16,0.0269709
0.000269709
1905.87,0.0270074
0.000270074
1904.58,0.027044
0.00027044
1903.29,0.0270805
0.000270805
1902.01,0.0271171
0.000271171
1900.73,0.0271537
0.000271537
1899.45,0.0271903
0.000271903
1898.17,0.0272269
0.000272269
1896.9,0.0272635
0.000272635
1895.62,0.0273002
0.000273002
1894.35,0.0273368
0.000273368
1893.08,0.0273735
0.000273735
1891.81,0.0274102
0.000274102
1890.55,0.0274469
0.000274469
1889.29,0.0274835
0.000274835
1888.03,0.0275202
0.000275202
1886.77,0.027557
0.00027557
1885.51,0.0275937
0.000275937
1884.26,0.0276304
0.000276304
1883.01,0.0276671
0.000276671
1881.76,0.0277038
0.000277038
1880.52,0.0277406
0.000277406
1879.27,0.0277773
0.000277773
1878.03,0.027814
0.00027814
1876.79,0.0278507
0.000278507
1875.56,0.0278875
0.000278875
1874.32,0.0279242
0.000279242
1873.09,0.0279609
0.000279609
1871.86,0.0279976
0.000279976
1870.64,0.0280343
0.000280343
1869.41,0.028071
0.00028071
1868.19,0.0281077
0.000281077
1866.97,0.0281444
0.000281444
1865.76,0.0281811
0.000281811
1864.55,0.0282178
0.000282178
1863.34,0.0282544
0.000282544
1862.13,0.0282911
0.000282911
1860.92,0.0283277
0.000283277
1859.72,0.0283643
0.000283643
1858.52,0.0284009
0.000284009
1857.33,0.0284375
0.000284375
1856.13,0.0284741
0.000284741
1854.94,0.0285106
0.000285106
1853.76,0.0285472
0.000285472
1852.57,0.0285837
0.000285837
1851.39,0.0286202
0.000286202
1850.21,0.0286566
0.000286566
1849.04,0.0286931
0.000286931
1847.87,0.0287295
0.000287295
1846.7,0.0287659
0.000287659
1845.53,0.0288022
0.000288022
1844.37,0.0288386
0.000288386
1843.21,0.0288749
0.000288749
1842.05,0.0289112
0.000289112
1840.9,0.0289474
0.000289474
1839.75,0.0289836
0.000289836
1838.6,0.0290198
0.000290198
1837.46,0.0290559
0.000290559
1836.32,0.029092
0.00029092
1835.18,0.0291281
0.000291281
1834.05,0.0291641
0.000291641
1832.91,0.0292001
0.000292001
1831.79,0.029236
0.00029236
1830.66,0.0292719
0.000292719
1829.54,0.0293078
0.000293078
1828.43,0.0293436
0.000293436
1827.31,0.0293794
0.000293794
1826.2,0.0294151
0.000294151
1825.1,0.0294508
0.000294508
1824,0.0294864
0.000294864
1822.9,0.0295219
0.000295219
1821.8,0.0295575
0.000295575
1820.71,0.0295929
0.000295929
1819.62,0.0296283
0.000296283
1818.54,0.0296637
0.000296637
1817.46,0.029699
0.00029699
1816.38,0.0297342
0.000297342
1815.31,0.0297694
0.000297694
1814.24,0.0298045
0.000298045
1813.17,0.0298395
0.000298395
1812.11,0.0298745
0.000298745
1811.05,0.0299094
0.000299094
1810,0.0299443
0.000299443
1808.95,0.029979
0.00029979
1807.9,0.0300138
0.000300138
1806.86,0.0300484
0.000300484
1805.82,0.030083
0.00030083
1804.78,0.0301175
0.000301175
1803.75,0.0301519
0.000301519
1802.73,0.0301862
0.000301862
1801.71,0.0302205
0.000302205
1800.69,0.0302547
0.000302547
1799.67,0.0302888
0.000302888
1798.66,0.0303228
0.000303228
1797.66,0.0303567
0.000303567
1796.66,0.0303906
0.000303906
1795.66,0.0304244
0.000304244
1794.67,0.030458
0.00030458
1793.68,0.0304916
0.000304916
1792.69,0.0305251
0.000305251
1791.71,0.0305585
0.000305585
1790.74,0.0305919
0.000305919
1789.76,0.0306251
0.000306251
1788.8,0.0306582
0.000306582
1787.83,0.0306912
0.000306912
1786.88,0.0307242
0.000307242
1785.92,0.030757
0.00030757
1784.97,0.0307897
0.000307897
1784.03,0.0308223
0.000308223
1783.09,0.0308549
0.000308549
1782.15,0.0308873
0.000308873
1781.22,0.0309196
0.000309196
1780.29,0.0309518
0.000309518
1779.37,0.0309839
0.000309839
1778.45,0.0310158
0.000310158
1777.54,0.0310477
0.000310477
1776.63,0.0310794
0.000310794
1775.73,0.0311111
0.000311111
1774.83,0.0311426
0.000311426
1773.94,0.031174
0.00031174
1773.05,0.0312052
0.000312052
1772.16,0.0312364
0.000312364
1771.29,0.0312674
0.000312674
1770.41,0.0312983
0.000312983
1769.54,0.0313291
0.000313291
1768.68,0.0313597
0.000313597
1767.82,0.0313902
0.000313902
1766.96,0.0314206
0.000314206
1766.11,0.0314509
0.000314509
1765.27,0.031481
0.00031481
1764.43,0.031511
0.00031511
1763.59,0.0315408
0.000315408
1762.76,0.0315705
0.000315705
1761.94,0.0316001
0.000316001
1761.12,0.0316295
0.000316295
1760.3,0.0316588
0.000316588
1759.49,0.0316879
0.000316879
1758.69,0.0317169
0.000317169
1757.89,0.0317457
0.000317457
1757.1,0.0317744
0.000317744
1756.31,0.031803
0.00031803
1755.52,0.0318314
0.000318314
1754.75,0.0318596
0.000318596
1753.97,0.0318877
0.000318877
1753.21,0.0319156
0.000319156
1752.44,0.0319434
0.000319434
1751.69,0.031971
0.00031971
1750.94,0.0319984
0.000319984
1750.19,0.0320257
0.000320257
1749.45,0.0320528
0.000320528
1748.71,0.0320798
0.000320798
1747.98,0.0321066
0.000321066
1747.26,0.0321332
0.000321332
1746.54,0.0321596
0.000321596
1745.83,0.0321859
0.000321859
1745.12,0.032212
0.00032212
1744.42,0.032238
0.00032238
1743.72,0.0322637
0.000322637
1743.03,0.0322893
0.000322893
1742.35,0.0323147
0.000323147
1741.67,0.0323399
0.000323399
1740.99,0.032365
0.00032365
1740.32,0.0323898
0.000323898
1739.66,0.0324145
0.000324145
1739,0.032439
0.00032439
1738.35,0.0324633
0.000324633
1737.71,0.0324874
0.000324874
1737.07,0.0325114
0.000325114
1736.43,0.0325351
0.000325351
1735.81,0.0325587
0.000325587
1735.18,0.032582
0.00032582
1734.57,0.0326052
0.000326052
1733.96,0.0326281
0.000326281
1733.35,0.0326509
0.000326509
1732.75,0.0326735
0.000326735
1732.16,0.0326958
0.000326958
1731.57,0.032718
0.00032718
1730.99,0.03274
0.0003274
1730.42,0.0327617
0.000327617
1729.85,0.0327833
0.000327833
1729.29,0.0328046
0.000328046
1728.73,0.0328258
0.000328258
1728.18,0.0328467
0.000328467
1727.63,0.0328674
0.000328674
1727.1,0.0328879
0.000328879
1726.56,0.0329082
0.000329082
1726.04,0.0329283
0.000329283
1725.52,0.0329482
0.000329482
1725,0.0329678
0.000329678
1724.49,0.0329873
0.000329873
1723.99,0.0330065
0.000330065
1723.49,0.0330255
0.000330255
1723.01,0.0330443
0.000330443
1722.52,0.0330628
0.000330628
1722.04,0.0330811
0.000330811
1721.57,0.0330992
0.000330992
1721.11,0.0331171
0.000331171
1720.65,0.0331348
0.000331348
1720.2,0.0331522
0.000331522
1719.75,0.0331694
0.000331694
1719.31,0.0331864
0.000331864
1718.88,0.0332031
0.000332031
1718.45,0.0332196
0.000332196
1718.03,0.0332359
0.000332359
1717.62,0.0332519
0.000332519
1717.21,0.0332677
0.000332677
1716.81,0.0332833
0.000332833
1716.41,0.0332986
0.000332986
1716.02,0.0333137
0.000333137
1715.64,0.0333285
0.000333285
1715.27,0.0333431
0.000333431
1714.9,0.0333575
0.000333575
1714.53,0.0333716
0.000333716
1714.18,0.0333855
0.000333855
1713.83,0.0333991
0.000333991
1713.48,0.0334125
0.000334125
1713.15,0.0334257
0.000334257
1712.82,0.0334386
0.000334386
1712.49,0.0334512
0.000334512
1712.17,0.0334636
0.000334636
1711.86,0.0334758
0.000334758
1711.56,0.0334877
0.000334877
1711.26,0.0334994
0.000334994
1710.97,0.0335108
0.000335108
1710.68,0.0335219
0.000335219
1710.41,0.0335328
0.000335328
1710.14,0.0335435
0.000335435
1709.87,0.0335539
0.000335539
1709.61,0.033564
0.00033564
1709.36,0.0335739
0.000335739
1709.12,0.0335835
0.000335835
1708.88,0.0335929
0.000335929
1708.65,0.033602
0.00033602
1708.42,0.0336109
0.000336109
1708.2,0.0336195
0.000336195
1707.99,0.0336278
0.000336278
1707.78,0.0336359
0.000336359
1707.59,0.0336437
0.000336437
1707.39,0.0336513
0.000336513
1707.21,0.0336586
0.000336586
1707.03,0.0336656
0.000336656
1706.86,0.0336724
0.000336724
1706.69,0.0336789
0.000336789
1706.54,0.0336851
0.000336851
1706.38,0.0336911
0.000336911
1706.24,0.0336968
0.000336968
1706.1,0.0337023
0.000337023
1705.97,0.0337075
0.000337075
1705.85,0.0337124
0.000337124
1705.73,0.0337171
0.000337171
1705.62,0.0337215
0.000337215
1705.51,0.0337256
0.000337256
1705.41,0.0337295
0.000337295
1705.32,0.0337331
0.000337331
1705.24,0.0337364
0.000337364
1705.16,0.0337395
0.000337395
1705.09,0.0337422
0.000337422
1705.03,0.0337448
0.000337448
1704.97,0.033747
0.00033747
1704.92,0.033749
0.00033749
1704.88,0.0337508
0.000337508
1704.84,0.0337522
0.000337522
1704.81,0.0337534
0.000337534
1704.79,0.0337543
0.000337543
1704.77,0.033755
0.00033755
1704.76,0.0337554
0.000337554
1704.76,0.0337555
0.000337555
1704.76,0.0337553
0.000337553
1704.77,0.0337549
0.000337549
1704.79,0.0337542
0.000337542
1704.81,0.0337533
0.000337533
1704.84,0.033752
0.00033752
1704.88,0.0337506
0.000337506
1704.93,0.0337488
0.000337488
1704.98,0.0337468
0.000337468
1705.03,0.0337445
0.000337445
1705.1,0.0337419
0.000337419
1705.17,0.0337391
0.000337391
1705.25,0.033736
0.00033736
1705.33,0.0337326
0.000337326
1705.43,0.033729
0.00033729
1705.52,0.0337251
0.000337251
1705.63,0.0337209
0.000337209
1705.74,0.0337165
0.000337165
1705.86,0.0337118
0.000337118
1705.99,0.0337069
0.000337069
1706.12,0.0337016
0.000337016
1706.26,0.0336961
0.000336961
1706.4,0.0336904
0.000336904
1706.55,0.0336844
0.000336844
1706.71,0.0336781
0.000336781
1706.88,0.0336716
0.000336715
1707.05,0.0336647
0.000336647
1707.23,0.0336577
0.000336577
1707.42,0.0336503
0.000336503
1707.61,0.0336428
0.000336428
1707.81,0.0336349
0.000336349
1708.02,0.0336268
0.000336268
1708.23,0.0336184
0.000336184
1708.45,0.0336098
0.000336098
1708.67,0.0336009
0.000336009
1708.91,0.0335918
0.000335918
1709.15,0.0335824
0.000335824
1709.39,0.0335727
0.000335727
1709.64,0.0335628
0.000335628
1709.9,0.0335526
0.000335526
1710.17,0.0335422
0.000335422
1710.44,0.0335315
0.000335315
1710.72,0.0335206
0.000335206
1711.01,0.0335094
0.000335094
1711.3,0.0334979
0.000334979
1711.6,0.0334863
0.000334863
1711.9,0.0334743
0.000334743
1712.21,0.0334621
0.000334621
1712.53,0.0334497
0.000334497
1712.86,0.033437
0.00033437
1713.19,0.0334241
0.000334241
1713.53,0.0334109
0.000334109
1713.87,0.0333975
0.000333975
1714.22,0.0333838
0.000333838
1714.58,0.0333699
0.000333699
1714.94,0.0333557
0.000333557
1715.31,0.0333413
0.000333413
1715.69,0.0333267
0.000333267
1716.07,0.0333118
0.000333118
1716.46,0.0332967
0.000332967
1716.86,0.0332813
0.000332813
1717.26,0.0332658
0.000332658
1717.67,0.0332499
0.000332499
1718.08,0.0332339
0.000332339
1718.5,0.0332176
0.000332176
1718.93,0.033201
0.00033201
1719.37,0.0331843
0.000331843
1719.81,0.0331673
0.000331673
1720.25,0.0331501
0.000331501
1720.71,0.0331326
0.000331326
1721.17,0.0331149
0.000331149
1721.63,0.033097
0.00033097
1722.1,0.0330789
0.000330789
1722.58,0.0330605
0.000330605
1723.07,0.033042
0.000330419
1723.56,0.0330232
0.000330232
1724.05,0.0330041
0.000330041
1724.55,0.0329849
0.000329849
1725.06,0.0329654
0.000329654
1725.58,0.0329458
0.000329457
1726.1,0.0329259
0.000329259
1726.63,0.0329057
0.000329057
1727.16,0.0328854
0.000328854
1727.7,0.0328649
0.000328649
1728.25,0.0328441
0.000328441
1728.8,0.0328232
0.000328232
1729.36,0.032802
0.00032802
1729.92,0.0327806
0.000327806
1730.49,0.0327591
0.000327591
1731.06,0.0327373
0.000327373
1731.65,0.0327153
0.000327153
1732.23,0.0326931
0.000326931
1732.83,0.0326707
0.000326707
1733.43,0.0326481
0.000326481
1734.03,0.0326253
0.000326253
1734.64,0.0326023
0.000326023
1735.26,0.0325792
0.000325792
1735.88,0.0325558
0.000325558
1736.51,0.0325322
0.000325322
1737.15,0.0325084
0.000325084
1737.79,0.0324845
0.000324845
1738.43,0.0324603
0.000324603
1739.08,0.032436
0.00032436
1739.74,0.0324115
0.000324115
1740.41,0.0323868
0.000323868
1741.07,0.0323619
0.000323619
1741.75,0.0323369
0.000323369
1742.43,0.0323116
0.000323116
1743.12,0.0322862
0.000322862
1743.81,0.0322606
0.000322606
1744.5,0.0322348
0.000322348
1745.21,0.0322088
0.000322088
1745.92,0.0321827
0.000321827
1746.63,0.0321564
0.000321564
1747.35,0.0321299
0.000321299
1748.07,0.0321033
0.000321033
1748.8,0.0320765
0.000320765
1749.54,0.0320495
0.000320495
1750.28,0.0320224
0.000320224
1751.03,0.0319951
0.000319951
1751.78,0.0319676
0.000319676
1752.54,0.03194
0.0003194
1753.3,0.0319122
0.000319122
1754.07,0.0318842
0.000318842
1754.84,0.0318561
0.000318561
1755.62,0.0318279
0.000318279
1756.4,0.0317995
0.000317995
1757.19,0.0317709
0.000317709
1757.99,0.0317422
0.000317422
1758.79,0.0317134
0.000317134
1759.59,0.0316843
0.000316843
1760.4,0.0316552
0.000316552
1761.22,0.0316259
0.000316259
1762.04,0.0315965
0.000315965
1762.86,0.0315669
0.000315669
1763.69,0.0315372
0.000315372
1764.53,0.0315073
0.000315073
1765.37,0.0314773
0.000314773
1766.22,0.0314472
0.000314472
1767.07,0.0314169
0.000314169
1767.92,0.0313865
0.000313865
1768.78,0.031356
0.00031356
1769.65,0.0313253
0.000313253
1770.52,0.0312945
0.000312945
1771.39,0.0312636
0.000312636
1772.27,0.0312326
0.000312326
1773.16,0.0312014
0.000312014
1774.05,0.0311701
0.000311701
1774.94,0.0311387
0.000311387
1775.84,0.0311072
0.000311072
1776.74,0.0310756
0.000310756
1777.65,0.0310438
0.000310438
1778.57,0.0310119
0.000310119
1779.48,0.0309799
0.000309799
1780.41,0.0309478
0.000309478
1781.33,0.0309156
0.000309156
1782.27,0.0308833
0.000308833
1783.2,0.0308509
0.000308509
1784.14,0.0308184
0.000308184
1785.09,0.0307857
0.000307857
1786.04,0.030753
0.00030753
1786.99,0.0307201
0.000307201
1787.95,0.0306872
0.000306872
1788.92,0.0306542
0.000306542
1789.88,0.030621
0.00030621
1790.86,0.0305878
0.000305878
1791.83,0.0305545
0.000305545
1792.81,0.030521
0.00030521
1793.8,0.0304875
0.000304875
1794.79,0.0304539
0.000304539
1795.78,0.0304202
0.000304202
1796.78,0.0303865
0.000303865
1797.78,0.0303526
0.000303526
1798.79,0.0303186
0.000303186
1799.8,0.0302846
0.000302846
1800.81,0.0302505
0.000302505
1801.83,0.0302163
0.000302163
1802.85,0.030182
0.00030182
1803.88,0.0301477
0.000301477
1804.91,0.0301132
0.000301132
1805.95,0.0300787
0.000300787
1806.98,0.0300442
0.000300442
1808.03,0.0300095
0.000300095
1809.07,0.0299748
0.000299748
1810.12,0.02994
0.0002994
1811.18,0.0299052
0.000299052
1812.24,0.0298702
0.000298702
1813.3,0.0298352
0.000298352
1814.37,0.0298002
0.000298002
1815.44,0.0297651
0.000297651
1816.51,0.0297299
0.000297299
1817.59,0.0296946
0.000296946
1818.67,0.0296594
0.000296594
1819.75,0.029624
0.00029624
1820.84,0.0295886
0.000295886
1821.93,0.0295531
0.000295531
1823.03,0.0295176
0.000295176
1824.13,0.029482
0.00029482
1825.23,0.0294464
0.000294464
1826.34,0.0294107
0.000294107
1827.45,0.029375
0.00029375
1828.56,0.0293392
0.000293392
1829.68,0.0293034
0.000293034
1830.8,0.0292676
0.000292676
1831.93,0.0292317
0.000292317
1833.05,0.0291957
0.000291957
1834.18,0.0291597
0.000291597
1835.32,0.0291237
0.000291237
1836.46,0.0290876
0.000290876
1837.6,0.0290515
0.000290515
1838.74,0.0290154
0.000290154
1839.89,0.0289792
0.000289792
1841.04,0.028943
0.00028943
1842.19,0.0289067
0.000289067
1843.35,0.0288705
0.000288705
1844.51,0.0288342
0.000288342
1845.67,0.0287978
0.000287978
1846.84,0.0287615
0.000287615
1848.01,0.0287251
0.000287251
1849.18,0.0286886
0.000286886
1850.36,0.0286522
0.000286522
1851.54,0.0286157
0.000286157
1852.72,0.0285792
0.000285792
1853.9,0.0285427
0.000285427
1855.09,0.0285062
0.000285062
1856.28,0.0284696
0.000284696
1857.47,0.0284331
0.000284331
1858.67,0.0283965
0.000283965
1859.87,0.0283599
0.000283599
1861.07,0.0283233
0.000283233
1862.28,0.0282866
0.000282866
1863.48,0.02825
0.0002825
1864.69,0.0282133
0.000282133
1865.91,0.0281766
0.000281766
1867.12,0.02814
0.0002814
1868.34,0.0281033
0.000281033
1869.56,0.0280666
0.000280666
1870.79,0.0280299
0.000280299
1872.01,0.0279932
0.000279932
1873.24,0.0279564
0.000279564
1874.47,0.0279197
0.000279197
1875.71,0.027883
0.00027883
1876.94,0.0278463
0.000278463
1878.18,0.0278095
0.000278095
1879.42,0.0277728
0.000277728
1880.67,0.0277361
0.000277361
1881.91,0.0276994
0.000276994
1883.16,0.0276626
0.000276626
1884.41,0.0276259
0.000276259
1885.67,0.0275892
0.000275892
1886.92,0.0275525
0.000275525
1888.18,0.0275158
0.000275158
1889.44,0.0274791
0.000274791
1890.7,0.0274424
0.000274424
1891.97,0.0274057
0.000274057
1893.24,0.027369
0.00027369
1894.51,0.0273324
0.000273324
1895.78,0.0272957
0.000272957
1897.05,0.0272591
0.000272591
1898.33,0.0272225
0.000272225
1899.6,0.0271858
0.000271858
1900.88,0.0271492
0.000271492
1902.17,0.0271127
0.000271127
1903.45,0.0270761
0.000270761
1904.74,0.0270395
0.000270395
1906.02,0.027003
0.00027003
1907.31,0.0269665
0.000269665
1908.61,0.02693
0.0002693
1909.9,0.0268935
0.000268935
1911.2,0.0268571
0.000268571
1912.49,0.0268206
0.000268206
1913.79,0.0267842
0.000267842
1915.09,0.0267478
0.000267478
1916.4,0.0267115
0.000267115
1917.7,0.0266751
0.000266751
1919.01,0.0266388
0.000266388
1920.32,0.0266025
0.000266025
1921.63,0.0265663
0.000265663
1922.94,0.02653
0.0002653
1924.25,0.0264938
0.000264938
1925.57,0.0264576
0.000264576
1926.89,0.0264215
0.000264215
1928.2,0.0263854
0.000263854
1929.52,0.0263493
0.000263493
1930.85,0.0263132
0.000263132
1932.17,0.0262772
0.000262772
1933.49,0.0262412
0.000262412
1934.82,0.0262052
0.000262052
1936.15,0.0261693
0.000261693
1937.48,0.0261334
0.000261334
1938.81,0.0260976
0.000260976
1940.14,0.0260617
0.000260617
1941.47,0.026026
0.000260259
1942.81,0.0259902
0.000259902
1944.14,0.0259545
0.000259545
1945.48,0.0259188
0.000259188
1946.82,0.0258832
0.000258832
1948.16,0.0258476
0.000258476
1949.5,0.025812
0.00025812
1950.84,0.0257765
0.000257765
1952.19,0.025741
0.00025741
1953.53,0.0257056
0.000257056
1954.88,0.0256702
0.000256702
1956.23,0.0256348
0.000256348
1957.58,0.0255995
0.000255995
1958.92,0.0255643
0.000255643
1960.28,0.0255291
0.000255291
1961.63,0.0254939
0.000254939
1962.98,0.0254587
0.000254587
1964.33,0.0254237
0.000254237
1965.69,0.0253886
0.000253886
1967.05,0.0253536
0.000253536
1968.4,0.0253187
0.000253187
1969.76,0.0252838
0.000252838
1971.12,0.0252489
0.000252489
1972.48,0.0252141
0.000252141
1973.84,0.0251793
0.000251793
1975.2,0.0251446
0.000251446
1976.57,0.02511
0.0002511
1977.93,0.0250754
0.000250754
1979.29,0.0250408
0.000250408
1980.66,0.0250063
0.000250063
1982.02,0.0249719
0.000249719
1983.39,0.0249374
0.000249374
1984.76,0.0249031
0.000249031
1986.13,0.0248688
0.000248688
1987.5,0.0248345
0.000248345
1988.87,0.0248003
0.000248003
1990.24,0.0247662
0.000247662
1991.61,0.0247321
0.000247321
1992.98,0.0246981
0.000246981
1994.35,0.0246641
0.000246641
1995.72,0.0246302
0.000246302
1997.1,0.0245963
0.000245963
1998.47,0.0245625
0.000245625
1999.85,0.0245287
0.000245287
2001.22,0.024495
0.00024495
2002.6,0.0244614
0.000244614
2003.97,0.0244278
0.000244278
2005.35,0.0243943
0.000243943
2006.73,0.0243608
0.000243608
2008.11,0.0243274
0.000243274
2009.48,0.024294
0.00024294
2010.86,0.0242607
0.000242607
2012.24,0.0242275
0.000242275
2013.62,0.0241943
0.000241943
2015,0.0241612
0.000241612
2016.38,0.0241281
0.000241281
2017.76,0.0240951
0.000240951
2019.14,0.0240622
0.000240622
2020.52,0.0240293
0.000240293
2021.9,0.0239965
0.000239965
2023.29,0.0239637
0.000239637
2024.67,0.023931
0.00023931
2026.05,0.0238984
0.000238984
2027.43,0.0238658
0.000238658
2028.81,0.0238333
0.000238333
2030.2,0.0238009
0.000238009
2031.58,0.0237685
0.000237685
2032.96,0.0237362
0.000237362
2034.34,0.0237039
0.000237039
2035.73,0.0236717
0.000236717
2037.11,0.0236396
0.000236396
2038.49,0.0236075
0.000236075
2039.88,0.0235755
0.000235755
2041.26,0.0235436
0.000235436
2042.64,0.0235117
0.000235117
2044.03,0.0234799
0.000234799
2045.41,0.0234481
0.000234481
2046.79,0.0234164
0.000234164
2048.18,0.0233848
0.000233848
2049.56,0.0233533
0.000233533
2050.94,0.0233218
0.000233218
2052.33,0.0232904
0.000232904
2053.71,0.023259
0.00023259
2055.09,0.0232277
0.000232277
2056.47,0.0231965
0.000231965
2057.86,0.0231653
0.000231653
2059.24,0.0231342
0.000231342
2060.62,0.0231032
0.000231032
2062,0.0230723
0.000230723
2063.39,0.0230414
0.000230414
2064.77,0.0230105
0.000230105
2066.15,0.0229798
0.000229798
2067.53,0.0229491
0.000229491
2068.91,0.0229185
0.000229185
2070.29,0.0228879
0.000228879
2071.67,0.0228574
0.000228574
2073.05,0.022827
0.00022827
2074.43,0.0227967
0.000227967
2075.81,0.0227664
0.000227664
2077.19,0.0227362
0.000227362
2078.57,0.022706
0.00022706
2079.95,0.0226759
0.000226759
2081.32,0.0226459
0.000226459
2082.7,0.022616
0.00022616
2084.08,0.0225861
0.000225861
2085.45,0.0225563
0.000225563
2086.83,0.0225266
0.000225266
2088.2,0.0224969
0.000224969
2089.58,0.0224673
0.000224673
2090.95,0.0224378
0.000224378
2092.33,0.0224083
0.000224083
2093.7,0.0223789
0.000223789
2095.07,0.0223496
0.000223496
2096.45,0.0223204
0.000223204
2097.82,0.0222912
0.000222912
2099.19,0.0222621
0.000222621
2100.56,0.022233
0.00022233
2101.93,0.0222041
0.000222041
2103.3,0.0221752
0.000221752
2104.67,0.0221463
0.000221463
2106.04,0.0221176
0.000221176
2107.4,0.0220889
0.000220889
2108.77,0.0220602
0.000220602
2110.14,0.0220317
0.000220317
2111.5,0.0220032
0.000220032
2112.87,0.0219748
0.000219748
2114.23,0.0219465
0.000219465
2115.59,0.0219182
0.000219182
2116.96,0.02189
0.0002189
2118.32,0.0218618
0.000218618
2119.68,0.0218338
0.000218338
2121.04,0.0218058
0.000218058
2122.4,0.0217779
0.000217779
2123.76,0.02175
0.0002175
2125.11,0.0217222
0.000217222
2126.47,0.0216945
0.000216945
2127.83,0.0216669
0.000216669
2129.18,0.0216393
0.000216393
2130.54,0.0216118
0.000216118
2131.89,0.0215844
0.000215844
2133.24,0.021557
0.00021557
2134.59,0.0215297
0.000215297
2135.94,0.0215025
0.000215025
2137.29,0.0214754
0.000214754
2138.64,0.0214483
0.000214483
2139.99,0.0214213
0.000214213
2141.34,0.0213944
0.000213944
2142.68,0.0213675
0.000213675
2144.03,0.0213407
0.000213407
2145.37,0.021314
0.00021314
2146.71,0.0212873
0.000212873
2148.05,0.0212608
0.000212608
2149.39,0.0212342
0.000212342
2150.73,0.0212078
0.000212078
2152.07,0.0211814
0.000211814
2153.41,0.0211551
0.000211551
2154.75,0.0211289
0.000211289
2156.08,0.0211027
0.000211027
2157.42,0.0210766
0.000210766
2158.75,0.0210506
0.000210506
2160.08,0.0210247
0.000210247
2161.41,0.0209988
0.000209988
2162.74,0.020973
0.00020973
2164.07,0.0209473
0.000209473
2165.4,0.0209216
0.000209216
2166.72,0.020896
0.00020896
2168.05,0.0208705
0.000208705
2169.37,0.020845
0.00020845
2170.69,0.0208196
0.000208196
2172.01,0.0207943
0.000207943
2173.33,0.020769
0.00020769
2174.65,0.0207439
0.000207439
2175.97,0.0207188
0.000207188
2177.28,0.0206937
0.000206937
2178.6,0.0206688
0.000206688
2179.91,0.0206438
0.000206438
2181.23,0.020619
0.00020619
2182.54,0.0205943
0.000205943
2183.85,0.0205696
0.000205696
2185.15,0.0205449
0.000205449
2186.46,0.0205204
0.000205204
2187.77,0.0204959
0.000204959
2189.07,0.0204715
0.000204715
2190.37,0.0204472
0.000204472
2191.67,0.0204229
0.000204229
2192.97,0.0203987
0.000203987
2194.27,0.0203745
0.000203745
2195.57,0.0203505
0.000203505
2196.87,0.0203265
0.000203265
2198.16,0.0203025
0.000203025
2199.45,0.0202787
0.000202787
2200.74,0.0202549
0.000202549
2202.03,0.0202312
0.000202312
2203.32,0.0202075
0.000202075
2204.61,0.0201839
0.000201839
2205.89,0.0201604
0.000201604
2207.18,0.020137
0.00020137
2208.46,0.0201136
0.000201136
2209.74,0.0200903
0.000200903
2211.02,0.020067
0.00020067
2212.3,0.0200438
0.000200438
2213.58,0.0200207
0.000200207
2214.85,0.0199977
0.000199977
2216.12,0.0199747
0.000199747
2217.4,0.0199518
0.000199518
2218.67,0.019929
0.00019929
2219.93,0.0199062
0.000199062
2221.2,0.0198835
0.000198835
2222.47,0.0198609
0.000198609
2223.73,0.0198383
0.000198383
2224.99,0.0198158
0.000198158
2226.25,0.0197934
0.000197934
2227.51,0.019771
0.00019771
2228.77,0.0197487
0.000197487
2230.02,0.0197265
0.000197265
2231.28,0.0197043
0.000197043
2232.53,0.0196822
0.000196822
2233.78,0.0196602
0.000196602
2235.03,0.0196382
0.000196382
2236.28,0.0196164
0.000196164
2237.52,0.0195945
0.000195945
2238.76,0.0195728
0.000195728
2240.01,0.0195511
0.000195511
2241.25,0.0195294
0.000195294
2242.49,0.0195079
0.000195079
2243.72,0.0194864
0.000194864
2244.96,0.0194649
0.000194649
2246.19,0.0194436
0.000194436
2247.42,0.0194223
0.000194223
2248.65,0.019401
0.00019401
2249.88,0.0193799
0.000193799
2251.1,0.0193588
0.000193588
2252.33,0.0193377
0.000193377
2253.55,0.0193168
0.000193168
2254.77,0.0192958
0.000192958
2255.99,0.019275
0.00019275
2257.21,0.0192542
0.000192542
2258.42,0.0192335
0.000192335
2259.64,0.0192129
0.000192129
2260.85,0.0191923
0.000191923
2262.06,0.0191718
0.000191718
2263.26,0.0191513
0.000191513
2264.47,0.0191309
0.000191309
2265.67,0.0191106
0.000191106
2266.88,0.0190903
0.000190903
2268.08,0.0190701
0.000190701
2269.27,0.01905
0.0001905
2270.47,0.0190299
0.000190299
2271.66,0.0190099
0.000190099
2272.86,0.01899
0.0001899
2274.05,0.0189701
0.000189701
2275.24,0.0189503
0.000189503
2276.42,0.0189306
0.000189306
2277.61,0.0189109
0.000189109
2278.79,0.0188913
0.000188913
2279.97,0.0188717
0.000188717
2281.15,0.0188522
0.000188522
2282.33,0.0188328
0.000188328
2283.5,0.0188134
0.000188134
2284.67,0.0187941
0.000187941
2285.84,0.0187748
0.000187748
2287.01,0.0187557
0.000187557
2288.18,0.0187365
0.000187365
2289.34,0.0187175
0.000187175
2290.51,0.0186985
0.000186985
2291.67,0.0186795
0.000186795
2292.82,0.0186607
0.000186607
2293.98,0.0186419
0.000186419
2295.14,0.0186231
0.000186231
2296.29,0.0186044
0.000186044
2297.44,0.0185858
0.000185858
2298.59,0.0185672
0.000185672
2299.73,0.0185487
0.000185487
2300.88,0.0185303
0.000185303
2302.02,0.0185119
0.000185119
2303.16,0.0184936
0.000184936
2304.3,0.0184753
0.000184753
2305.43,0.0184571
0.000184571
2306.57,0.018439
0.00018439
2307.7,0.0184209
0.000184209
2308.83,0.0184029
0.000184029
2309.95,0.018385
0.00018385
2311.08,0.0183671
0.000183671
2312.2,0.0183492
0.000183492
2313.32,0.0183315
0.000183315
2314.44,0.0183137
0.000183137
2315.56,0.0182961
0.000182961
2316.67,0.0182785
0.000182785
2317.78,0.018261
0.00018261
2318.89,0.0182435
0.000182435
2320,0.0182261
0.000182261
2321.11,0.0182087
0.000182087
2322.21,0.0181914
0.000181914
2323.31,0.0181742
0.000181742
2324.41,0.018157
0.00018157
2325.51,0.0181399
0.000181399
2326.6,0.0181228
0.000181228
2327.69,0.0181058
0.000181058
2328.78,0.0180889
0.000180889
2329.87,0.018072
0.00018072
2330.96,0.0180552
0.000180552
2332.04,0.0180384
0.000180384
2333.12,0.0180217
0.000180217
2334.2,0.018005
0.00018005
2335.27,0.0179884
0.000179884
2336.35,0.0179719
0.000179719
2337.42,0.0179554
0.000179554
2338.49,0.017939
0.00017939
2339.56,0.0179226
0.000179226
2340.62,0.0179063
0.000179063
2341.69,0.0178901
0.000178901
2342.75,0.0178739
0.000178739
2343.8,0.0178577
0.000178577
2344.86,0.0178417
0.000178417
2345.91,0.0178256
0.000178256
2346.96,0.0178097
0.000178097
2348.01,0.0177938
0.000177938
2349.06,0.0177779
0.000177779
2350.1,0.0177621
0.000177621
2351.15,0.0177464
0.000177464
2352.18,0.0177307
0.000177307
2353.22,0.0177151
0.000177151
2354.26,0.0176995
0.000176995
2355.29,0.017684
0.00017684
2356.32,0.0176685
0.000176685
2357.35,0.0176531
0.000176531
2358.37,0.0176378
0.000176378
2359.39,0.0176225
0.000176225
2360.42,0.0176073
0.000176073
2361.43,0.0175921
0.000175921
2362.45,0.017577
0.00017577
2363.46,0.0175619
0.000175619
2364.47,0.0175469
0.000175469
2365.48,0.0175319
0.000175319
2366.49,0.017517
0.00017517
2367.49,0.0175022
0.000175022
2368.49,0.0174874
0.000174874
2369.49,0.0174726
0.000174726
2370.49,0.0174579
0.000174579
2371.48,0.0174433
0.000174433
2372.47,0.0174287
0.000174287
2373.46,0.0174142
0.000174142
2374.45,0.0173997
0.000173997
2375.43,0.0173853
0.000173853
2376.42,0.017371
0.00017371
2377.4,0.0173567
0.000173567
2378.37,0.0173424
0.000173424
2379.35,0.0173282
0.000173282
2380.32,0.0173141
0.000173141
2381.29,0.0173
0.000173
2382.25,0.0172859
0.000172859
2383.22,0.0172719
0.000172719
2384.18,0.017258
0.00017258
2385.14,0.0172441
0.000172441
2386.1,0.0172303
0.000172303
2387.05,0.0172165
0.000172165
2388,0.0172028
0.000172028
2388.95,0.0171891
0.000171891
2389.9,0.0171755
0.000171755
2390.85,0.0171619
0.000171619
2391.79,0.0171484
0.000171484
2392.73,0.0171349
0.000171349
2393.66,0.0171215
0.000171215
2394.6,0.0171082
0.000171082
2395.53,0.0170949
0.000170949
2396.46,0.0170816
0.000170816
2397.39,0.0170684
0.000170684
2398.31,0.0170553
0.000170553
2399.23,0.0170422
0.000170422
2400.15,0.0170291
0.000170291
2401.07,0.0170161
0.000170161
2401.98,0.0170032
0.000170032
2402.89,0.0169903
0.000169903
2403.8,0.0169774
0.000169774
2404.71,0.0169646
0.000169646
2405.61,0.0169519
0.000169519
2406.51,0.0169392
0.000169392
2407.41,0.0169265
0.000169265
2408.31,0.0169139
0.000169139
2409.2,0.0169014
0.000169014
2410.09,0.0168889
0.000168889
2410.98,0.0168765
0.000168765
2411.87,0.0168641
0.000168641
2412.75,0.0168517
0.000168517
2413.63,0.0168395
0.000168395
2414.51,0.0168272
0.000168272
2415.38,0.016815
0.00016815
2416.25,0.0168029
0.000168029
2417.12,0.0167908
0.000167908
2417.99,0.0167787
0.000167787
2418.86,0.0167667
0.000167667
2419.72,0.0167548
0.000167548
2420.58,0.0167429
0.000167429
2421.44,0.0167311
0.000167311
2422.29,0.0167193
0.000167193
2423.14,0.0167075
0.000167075
2423.99,0.0166958
0.000166958
2424.84,0.0166842
0.000166842
2425.68,0.0166726
0.000166726
2426.52,0.016661
0.00016661
2427.36,0.0166495
0.000166495
2428.19,0.016638
0.00016638
2429.03,0.0166266
0.000166266
2429.86,0.0166153
0.000166153
2430.69,0.016604
0.00016604
2431.51,0.0165927
0.000165927
2432.33,0.0165815
0.000165815
2433.15,0.0165703
0.000165703
2433.97,0.0165592
0.000165592
2434.78,0.0165481
0.000165481
2435.59,0.0165371
0.000165371
2436.4,0.0165261
0.000165261
2437.21,0.0165152
0.000165152
2438.01,0.0165043
0.000165043
2438.81,0.0164935
0.000164935
2439.61,0.0164827
0.000164827
2440.41,0.0164719
0.000164719
2441.2,0.0164612
0.000164612
2441.99,0.0164506
0.000164506
2442.78,0.01644
0.0001644
2443.56,0.0164294
0.000164294
2444.34,0.0164189
0.000164189
2445.12,0.0164085
0.000164085
2445.9,0.016398
0.00016398
2446.67,0.0163877
0.000163877
2447.44,0.0163774
0.000163774
2448.21,0.0163671
0.000163671
2448.98,0.0163568
0.000163568
2449.74,0.0163467
0.000163467
2450.5,0.0163365
0.000163365
2451.26,0.0163264
0.000163264
2452.01,0.0163164
0.000163164
2452.76,0.0163064
0.000163064
2453.51,0.0162964
0.000162964
2454.26,0.0162865
0.000162865
2455,0.0162767
0.000162767
2455.74,0.0162668
0.000162668
2456.48,0.0162571
0.000162571
2457.22,0.0162473
0.000162473
2457.95,0.0162377
0.000162377
2458.68,0.016228
0.00016228
2459.4,0.0162184
0.000162184
2460.13,0.0162089
0.000162089
2460.85,0.0161994
0.000161994
2461.57,0.0161899
0.000161899
2462.28,0.0161805
0.000161805
2463,0.0161712
0.000161712
2463.71,0.0161618
0.000161618
2464.42,0.0161526
0.000161526
2465.12,0.0161433
0.000161433
2465.82,0.0161341
0.000161341
2466.52,0.016125
0.00016125
2467.22,0.0161159
0.000161159
2467.91,0.0161068
0.000161068
2468.6,0.0160978
0.000160978
2469.29,0.0160888
0.000160888
2469.97,0.0160799
0.000160799
2470.66,0.016071
0.00016071
2471.34,0.0160622
0.000160622
2472.01,0.0160534
0.000160534
2472.69,0.0160447
0.000160447
2473.36,0.016036
0.00016036
2474.03,0.0160273
0.000160273
2474.69,0.0160187
0.000160187
2475.35,0.0160101
0.000160101
2476.01,0.0160016
0.000160016
2476.67,0.0159931
0.000159931
2477.33,0.0159846
0.000159846
2477.98,0.0159762
0.000159762
2478.62,0.0159679
0.000159679
2479.27,0.0159596
0.000159596
2479.91,0.0159513
0.000159513
2480.55,0.0159431
0.000159431
2481.19,0.0159349
0.000159349
2481.83,0.0159267
0.000159267
2482.46,0.0159186
0.000159186
2483.09,0.0159106
0.000159106
2483.71,0.0159026
0.000159026
2484.33,0.0158946
0.000158946
2484.95,0.0158867
0.000158867
2485.57,0.0158788
0.000158788
2486.19,0.0158709
0.000158709
2486.8,0.0158631
0.000158631
2487.41,0.0158553
0.000158553
2488.01,0.0158476
0.000158476
2488.61,0.0158399
0.000158399
2489.21,0.0158323
0.000158323
2489.81,0.0158247
0.000158247
2490.41,0.0158172
0.000158172
2491,0.0158097
0.000158097
2491.59,0.0158022
0.000158022
2492.17,0.0157948
0.000157948
2492.76,0.0157874
0.000157874
2493.33,0.01578
0.0001578
2493.91,0.0157727
0.000157727
2494.49,0.0157655
0.000157655
2495.06,0.0157582
0.000157582
2495.63,0.0157511
0.000157511
2496.19,0.0157439
0.000157439
2496.75,0.0157368
0.000157368
2497.31,0.0157298
0.000157298
2497.87,0.0157228
0.000157228
2498.43,0.0157158
0.000157158
2498.98,0.0157089
0.000157089
2499.52,0.015702
0.00015702
2500.07,0.0156951
0.000156951
2500.61,0.0156883
0.000156883
2501.15,0.0156815
0.000156815
2501.69,0.0156748
0.000156748
2502.22,0.0156681
0.000156681
2502.75,0.0156615
0.000156615
2503.28,0.0156549
0.000156549
2503.81,0.0156483
0.000156483
2504.33,0.0156418
0.000156418
2504.85,0.0156353
0.000156353
2505.36,0.0156289
0.000156289
2505.88,0.0156225
0.000156225
2506.39,0.0156161
0.000156161
2506.9,0.0156098
0.000156098
2507.4,0.0156035
0.000156035
2507.9,0.0155972
0.000155972
2508.4,0.015591
0.00015591
2508.9,0.0155849
0.000155849
2509.39,0.0155788
0.000155788
2509.88,0.0155727
0.000155727
2510.37,0.0155666
0.000155666
2510.85,0.0155606
0.000155606
2511.33,0.0155547
0.000155547
2511.81,0.0155487
0.000155487
2512.29,0.0155428
0.000155428
2512.76,0.015537
0.00015537
2513.23,0.0155312
0.000155312
2513.7,0.0155254
0.000155254
2514.16,0.0155197
0.000155197
2514.62,0.015514
0.00015514
2515.08,0.0155084
0.000155084
2515.53,0.0155028
0.000155028
2515.99,0.0154972
0.000154972
2516.43,0.0154917
0.000154917
2516.88,0.0154862
0.000154862
2517.32,0.0154807
0.000154807
2517.76,0.0154753
0.000154753
2518.2,0.0154699
0.000154699
2518.64,0.0154646
0.000154646
2519.07,0.0154593
0.000154593
2519.49,0.015454
0.00015454
2519.92,0.0154488
0.000154488
2520.34,0.0154436
0.000154436
2520.76,0.0154385
0.000154385
2521.18,0.0154334
0.000154334
2521.59,0.0154283
0.000154283
2522,0.0154233
0.000154233
2522.41,0.0154183
0.000154183
2522.82,0.0154134
0.000154134
2523.22,0.0154085
0.000154085
2523.62,0.0154036
0.000154036
2524.01,0.0153988
0.000153988
2524.41,0.015394
0.00015394
2524.8,0.0153892
0.000153892
2525.18,0.0153845
0.000153845
2525.57,0.0153798
0.000153798
2525.95,0.0153752
0.000153752
2526.33,0.0153706
0.000153706
2526.7,0.015366
0.00015366
2527.07,0.0153615
0.000153615
2527.44,0.015357
0.00015357
2527.81,0.0153526
0.000153526
2528.17,0.0153481
0.000153481
2528.53,0.0153438
0.000153438
2528.89,0.0153394
0.000153394
2529.24,0.0153351
0.000153351
2529.6,0.0153309
0.000153309
2529.94,0.0153266
0.000153266
2530.29,0.0153225
0.000153225
2530.63,0.0153183
0.000153183
2530.97,0.0153142
0.000153142
2531.31,0.0153101
0.000153101
2531.64,0.0153061
0.000153061
2531.97,0.0153021
0.000153021
2532.3,0.0152981
0.000152981
2532.62,0.0152942
0.000152942
2532.95,0.0152903
0.000152903
2533.26,0.0152865
0.000152865
2533.58,0.0152827
0.000152827
2533.89,0.0152789
0.000152789
2534.2,0.0152752
0.000152752
2534.51,0.0152715
0.000152715
2534.81,0.0152678
0.000152678
2535.11,0.0152642
0.000152642
2535.41,0.0152606
0.000152606
2535.71,0.0152571
0.000152571
2536,0.0152536
0.000152536
2536.29,0.0152501
0.000152501
2536.57,0.0152466
0.000152466
2536.86,0.0152432
0.000152432
2537.14,0.0152399
0.000152399
2537.41,0.0152366
0.000152366
2537.69,0.0152333
0.000152333
2537.96,0.01523
0.0001523
2538.22,0.0152268
0.000152268
2538.49,0.0152236
0.000152236
2538.75,0.0152205
0.000152205
2539.01,0.0152174
0.000152174
2539.27,0.0152143
0.000152143
2539.52,0.0152113
0.000152113
2539.77,0.0152083
0.000152083
2540.01,0.0152054
0.000152054
2540.26,0.0152024
0.000152024
2540.5,0.0151996
0.000151996
2540.74,0.0151967
0.000151967
2540.97,0.0151939
0.000151939
2541.2,0.0151911
0.000151911
2541.43,0.0151884
0.000151884
2541.66,0.0151857
0.000151857
2541.88,0.015183
0.00015183
2542.1,0.0151804
0.000151804
2542.32,0.0151778
0.000151778
2542.53,0.0151753
0.000151753
2542.74,0.0151728
0.000151728
2542.95,0.0151703
0.000151703
2543.15,0.0151678
0.000151678
2543.36,0.0151654
0.000151654
2543.55,0.0151631
0.000151631
2543.75,0.0151607
0.000151607
2543.94,0.0151584
0.000151584
2544.13,0.0151562
0.000151562
2544.32,0.0151539
0.000151539
2544.5,0.0151518
0.000151518
2544.68,0.0151496
0.000151496
2544.86,0.0151475
0.000151475
2545.04,0.0151454
0.000151454
2545.21,0.0151434
0.000151434
2545.38,0.0151414
0.000151414
2545.54,0.0151394
0.000151394
2545.7,0.0151375
0.000151375
2545.86,0.0151356
0.000151356
2546.02,0.0151337
0.000151337
2546.17,0.0151319
0.000151319
2546.32,0.0151301
0.000151301
2546.47,0.0151284
0.000151284
2546.62,0.0151266
0.000151266
2546.76,0.015125
0.00015125
2546.89,0.0151233
0.000151233
2547.03,0.0151217
0.000151217
2547.16,0.0151201
0.000151201
2547.29,0.0151186
0.000151186
2547.42,0.0151171
0.000151171
2547.54,0.0151156
0.000151156
2547.66,0.0151142
0.000151142
2547.78,0.0151128
0.000151128
2547.89,0.0151115
0.000151115
2548,0.0151101
0.000151101
2548.11,0.0151089
0.000151089
2548.22,0.0151076
0.000151076
2548.32,0.0151064
0.000151064
2548.42,0.0151052
0.000151052
2548.51,0.0151041
0.000151041
2548.61,0.015103
0.00015103
2548.7,0.0151019
0.000151019
2548.78,0.0151009
0.000151009
2548.87,0.0150999
0.000150999
2548.95,0.0150989
0.000150989
2549.03,0.015098
0.00015098
2549.1,0.0150971
0.000150971
2549.17,0.0150963
0.000150963
2549.24,0.0150955
0.000150955
2549.31,0.0150947
0.000150947
2549.37,0.0150939
0.000150939
2549.43,0.0150932
0.000150932
2549.49,0.0150926
0.000150926
2549.54,0.0150919
0.000150919
2549.59,0.0150913
0.000150913
2549.64,0.0150908
0.000150908
2549.68,0.0150902
0.000150902
2549.73,0.0150897
0.000150897
2549.76,0.0150893
0.000150893
2549.8,0.0150889
0.000150889
2549.83,0.0150885
0.000150885
2549.86,0.0150881
0.000150881
2549.89,0.0150878
0.000150878
2549.91,0.0150875
0.000150875
2549.93,0.0150873
0.000150873
2549.95,0.0150871
0.000150871
2549.96,0.0150869
0.000150869
2549.98,0.0150868
0.000150868
2549.98,0.0150867
0.000150867
2549.99,0.0150866
0.000150866
2549.99,0.0150866
0.000150866
2549.99,0.0150866
0.000150866
2549.99,0.0150867
0.000150867
2549.98,0.0150867
0.000150867
2549.97,0.0150869
0.000150869
2549.96,0.015087
0.00015087
2549.94,0.0150872
0.000150872
2549.92,0.0150874
0.000150874
2549.9,0.0150877
0.000150877
2549.88,0.015088
0.00015088
2549.85,0.0150883
0.000150883
2549.82,0.0150887
0.000150887
2549.78,0.0150891
0.000150891
2549.75,0.0150895
0.000150895
2549.71,0.01509
0.0001509
2549.66,0.0150905
0.000150905
2549.62,0.015091
0.00015091
2549.57,0.0150916
0.000150916
2549.52,0.0150922
0.000150922
2549.46,0.0150929
0.000150929
2549.4,0.0150936
0.000150936
2549.34,0.0150943
0.000150943
2549.28,0.0150951
0.000150951
2549.21,0.0150959
0.000150959
2549.14,0.0150967
0.000150967
2549.06,0.0150976
0.000150976
2548.99,0.0150985
0.000150985
2548.91,0.0150994
0.000150994
2548.83,0.0151004
0.000151004
2548.74,0.0151014
0.000151014
2548.65,0.0151025
0.000151025
2548.56,0.0151035
0.000151035
2548.47,0.0151047
0.000151047
2548.37,0.0151058
0.000151058
2548.27,0.015107
0.00015107
2548.16,0.0151082
0.000151082
2548.06,0.0151095
0.000151095
2547.95,0.0151108
0.000151108
2547.84,0.0151121
0.000151121
2547.72,0.0151135
0.000151135
2547.6,0.0151149
0.000151149
2547.48,0.0151164
0.000151164
2547.35,0.0151179
0.000151179
2547.23,0.0151194
0.000151194
2547.1,0.0151209
0.000151209
2546.96,0.0151225
0.000151225
2546.83,0.0151241
0.000151241
2546.69,0.0151258
0.000151258
2546.54,0.0151275
0.000151275
2546.4,0.0151292
0.000151292
2546.25,0.015131
0.00015131
2546.1,0.0151328
0.000151328
2545.94,0.0151347
0.000151347
2545.78,0.0151365
0.000151365
2545.62,0.0151384
0.000151384
2545.46,0.0151404
0.000151404
2545.29,0.0151424
0.000151424
2545.12,0.0151444
0.000151444
2544.95,0.0151465
0.000151465
2544.77,0.0151486
0.000151486
2544.59,0.0151507
0.000151507
2544.41,0.0151529
0.000151529
2544.22,0.0151551
0.000151551
2544.04,0.0151573
0.000151573
2543.85,0.0151596
0.000151596
2543.65,0.0151619
0.000151619
2543.45,0.0151643
0.000151643
2543.25,0.0151666
0.000151666
2543.05,0.0151691
0.000151691
2542.84,0.0151715
0.000151715
2542.64,0.015174
0.00015174
2542.42,0.0151766
0.000151766
2542.21,0.0151791
0.000151791
2541.99,0.0151817
0.000151817
2541.77,0.0151844
0.000151844
2541.54,0.0151871
0.000151871
2541.32,0.0151898
0.000151898
2541.09,0.0151925
0.000151925
2540.85,0.0151953
0.000151953
2540.62,0.0151981
0.000151981
2540.38,0.015201
0.00015201
2540.14,0.0152039
0.000152039
2539.89,0.0152068
0.000152068
2539.64,0.0152098
0.000152098
2539.39,0.0152128
0.000152128
2539.14,0.0152159
0.000152159
2538.88,0.015219
0.00015219
2538.62,0.0152221
0.000152221
2538.36,0.0152252
0.000152252
2538.09,0.0152284
0.000152284
2537.82,0.0152317
0.000152317
2537.55,0.0152349
0.000152349
2537.27,0.0152382
0.000152382
2536.99,0.0152416
0.000152416
2536.71,0.015245
0.00015245
2536.43,0.0152484
0.000152484
2536.14,0.0152518
0.000152518
2535.85,0.0152553
0.000152553
2535.56,0.0152589
0.000152589
2535.26,0.0152624
0.000152624
2534.96,0.015266
0.00015266
2534.66,0.0152697
0.000152697
2534.35,0.0152734
0.000152734
2534.05,0.0152771
0.000152771
2533.73,0.0152808
0.000152808
2533.42,0.0152846
0.000152846
2533.1,0.0152884
0.000152884
2532.78,0.0152923
0.000152923
2532.46,0.0152962
0.000152962
2532.13,0.0153001
0.000153001
2531.81,0.0153041
0.000153041
2531.47,0.0153081
0.000153081
2531.14,0.0153122
0.000153122
2530.8,0.0153163
0.000153163
2530.46,0.0153204
0.000153204
2530.11,0.0153246
0.000153246
2529.77,0.0153288
0.000153288
2529.42,0.015333
0.00015333
2529.06,0.0153373
0.000153373
2528.71,0.0153416
0.000153416
2528.35,0.015346
0.00015346
2527.99,0.0153504
0.000153504
2527.62,0.0153548
0.000153548
2527.26,0.0153593
0.000153593
2526.89,0.0153638
0.000153638
2526.51,0.0153683
0.000153683
2526.13,0.0153729
0.000153729
2525.75,0.0153775
0.000153775
2525.37,0.0153822
0.000153822
2524.99,0.0153869
0.000153869
2524.6,0.0153916
0.000153916
2524.21,0.0153964
0.000153964
2523.81,0.0154012
0.000154012
2523.41,0.0154061
0.000154061
2523.01,0.015411
0.00015411
2522.61,0.0154159
0.000154159
2522.2,0.0154209
0.000154209
2521.8,0.0154259
0.000154259
2521.38,0.0154309
0.000154309
2520.97,0.015436
0.00015436
2520.55,0.0154411
0.000154411
2520.13,0.0154463
0.000154463
2519.7,0.0154515
0.000154515
2519.28,0.0154567
0.000154567
2518.85,0.015462
0.00015462
2518.42,0.0154673
0.000154673
2517.98,0.0154727
0.000154727
2517.54,0.015478
0.00015478
2517.1,0.0154835
0.000154835
2516.65,0.015489
0.00015489
2516.21,0.0154945
0.000154945
2515.76,0.0155
0.000155
2515.3,0.0155056
0.000155056
2514.85,0.0155112
0.000155112
2514.39,0.0155169
0.000155169
2513.92,0.0155226
0.000155226
2513.46,0.0155284
0.000155284
2512.99,0.0155341
0.000155341
2512.52,0.01554
0.0001554
2512.05,0.0155458
0.000155458
2511.57,0.0155517
0.000155517
2511.09,0.0155577
0.000155577
2510.61,0.0155637
0.000155637
2510.12,0.0155697
0.000155697
2509.63,0.0155758
0.000155758
2509.14,0.0155819
0.000155819
2508.64,0.015588
0.00015588
2508.15,0.0155942
0.000155942
2507.65,0.0156004
0.000156004
2507.14,0.0156067
0.000156067
2506.64,0.015613
0.00015613
2506.13,0.0156193
0.000156193
2505.62,0.0156257
0.000156257
2505.1,0.0156321
0.000156321
2504.58,0.0156386
0.000156386
2504.06,0.0156451
0.000156451
2503.54,0.0156517
0.000156517
2503.01,0.0156582
0.000156582
2502.48,0.0156649
0.000156649
2501.95,0.0156715
0.000156715
2501.42,0.0156782
0.000156782
2500.88,0.015685
0.00015685
2500.34,0.0156918
0.000156918
2499.79,0.0156986
0.000156986
2499.25,0.0157055
0.000157055
2498.7,0.0157124
0.000157124
2498.14,0.0157193
0.000157193
2497.59,0.0157263
0.000157263
2497.03,0.0157334
0.000157334
2496.47,0.0157404
0.000157404
2495.9,0.0157476
0.000157476
2495.34,0.0157547
0.000157547
2494.77,0.0157619
0.000157619
2494.19,0.0157692
0.000157692
2493.62,0.0157764
0.000157764
2493.04,0.0157838
0.000157838
2492.46,0.0157911
0.000157911
2491.87,0.0157985
0.000157985
2491.29,0.015806
0.00015806
2490.7,0.0158135
0.000158135
2490.1,0.015821
0.00015821
2489.51,0.0158286
0.000158286
2488.91,0.0158362
0.000158362
2488.31,0.0158439
0.000158439
2487.7,0.0158516
0.000158516
2487.1,0.0158593
0.000158593
2486.49,0.0158671
0.000158671
2485.87,0.0158749
0.000158749
2485.26,0.0158828
0.000158828
2484.64,0.0158907
0.000158907
2484.02,0.0158986
0.000158986
2483.39,0.0159066
0.000159066
2482.77,0.0159147
0.000159147
2482.14,0.0159228
0.000159228
2481.5,0.0159309
0.000159309
2480.87,0.015939
0.00015939
2480.23,0.0159473
0.000159473
2479.59,0.0159555
0.000159555
2478.94,0.0159638
0.000159638
2478.3,0.0159721
0.000159721
2477.65,0.0159805
0.000159805
2476.99,0.0159889
0.000159889
2476.34,0.0159974
0.000159974
2475.68,0.0160059
0.000160059
2475.02,0.0160145
0.000160145
2474.35,0.0160231
0.000160231
2473.69,0.0160317
0.000160317
2473.02,0.0160404
0.000160404
2472.34,0.0160491
0.000160491
2471.67,0.0160579
0.000160579
2470.99,0.0160667
0.000160667
2470.31,0.0160756
0.000160756
2469.63,0.0160845
0.000160845
2468.94,0.0160934
0.000160934
2468.25,0.0161024
0.000161024
2467.56,0.0161114
0.000161114
2466.86,0.0161205
0.000161205
2466.17,0.0161296
0.000161296
2465.47,0.0161388
0.000161388
2464.76,0.016148
0.00016148
2464.06,0.0161573
0.000161573
2463.35,0.0161666
0.000161666
2462.64,0.0161759
0.000161759
2461.92,0.0161853
0.000161853
2461.2,0.0161947
0.000161947
2460.48,0.0162042
0.000162042
2459.76,0.0162137
0.000162137
2459.04,0.0162233
0.000162233
2458.31,0.0162329
0.000162329
2457.58,0.0162426
0.000162426
2456.84,0.0162523
0.000162523
2456.11,0.016262
0.00016262
2455.37,0.0162718
0.000162718
2454.62,0.0162817
0.000162817
2453.88,0.0162916
0.000162916
2453.13,0.0163015
0.000163015
2452.38,0.0163115
0.000163115
2451.63,0.0163215
0.000163215
2450.87,0.0163316
0.000163316
2450.11,0.0163417
0.000163417
2449.35,0.0163518
0.000163518
2448.59,0.016362
0.00016362
2447.82,0.0163723
0.000163723
2447.05,0.0163826
0.000163826
2446.28,0.0163929
0.000163929
2445.5,0.0164033
0.000164033
2444.73,0.0164138
0.000164138
2443.95,0.0164243
0.000164243
2443.16,0.0164348
0.000164348
2442.38,0.0164454
0.000164454
2441.59,0.016456
0.00016456
2440.8,0.0164667
0.000164667
2440,0.0164774
0.000164774
2439.21,0.0164882
0.000164882
2438.41,0.016499
0.00016499
2437.6,0.0165098
0.000165098
2436.8,0.0165207
0.000165207
2435.99,0.0165317
0.000165317
2435.18,0.0165427
0.000165427
2434.37,0.0165537
0.000165537
2433.55,0.0165648
0.000165648
2432.74,0.016576
0.00016576
2431.91,0.0165872
0.000165872
2431.09,0.0165984
0.000165984
2430.26,0.0166097
0.000166097
2429.44,0.016621
0.00016621
2428.6,0.0166324
0.000166324
2427.77,0.0166439
0.000166439
2426.93,0.0166553
0.000166553
2426.09,0.0166669
0.000166669
2425.25,0.0166784
0.000166784
2424.41,0.0166901
0.000166901
2423.56,0.0167018
0.000167018
2422.71,0.0167135
0.000167135
2421.86,0.0167252
0.000167252
2421,0.0167371
0.000167371
2420.14,0.0167489
0.000167489
2419.28,0.0167609
0.000167609
2418.42,0.0167728
0.000167728
2417.55,0.0167849
0.000167849
2416.68,0.0167969
0.000167969
2415.81,0.016809
0.00016809
2414.94,0.0168212
0.000168212
2414.06,0.0168334
0.000168334
2413.18,0.0168457
0.000168457
2412.3,0.016858
0.00016858
2411.42,0.0168704
0.000168704
2410.53,0.0168828
0.000168828
2409.64,0.0168953
0.000168953
2408.75,0.0169078
0.000169078
2407.85,0.0169203
0.000169203
2406.96,0.016933
0.00016933
2406.06,0.0169456
0.000169456
2405.15,0.0169583
0.000169583
2404.25,0.0169711
0.000169711
2403.34,0.0169839
0.000169839
2402.43,0.0169968
0.000169968
2401.52,0.0170097
0.000170097
2400.6,0.0170227
0.000170227
2399.68,0.0170357
0.000170357
2398.76,0.0170488
0.000170488
2397.84,0.0170619
0.000170619
2396.92,0.0170751
0.000170751
2395.99,0.0170883
0.000170883
2395.06,0.0171016
0.000171016
2394.12,0.017115
0.00017115
2393.19,0.0171283
0.000171283
2392.25,0.0171418
0.000171418
2391.31,0.0171553
0.000171553
2390.37,0.0171688
0.000171688
2389.42,0.0171824
0.000171824
2388.47,0.017196
0.00017196
2387.52,0.0172097
0.000172097
2386.57,0.0172235
0.000172235
2385.61,0.0172373
0.000172373
2384.65,0.0172512
0.000172512
2383.69,0.0172651
0.000172651
2382.73,0.017279
0.00017279
2381.76,0.017293
0.00017293
2380.8,0.0173071
0.000173071
2379.83,0.0173212
0.000173212
2378.85,0.0173354
0.000173354
2377.88,0.0173496
0.000173496
2376.9,0.0173639
0.000173639
2375.92,0.0173783
0.000173783
2374.94,0.0173926
0.000173926
2373.95,0.0174071
0.000174071
2372.96,0.0174216
0.000174216
2371.97,0.0174361
0.000174361
2370.98,0.0174507
0.000174507
2369.98,0.0174654
0.000174654
2368.99,0.0174801
0.000174801
2367.99,0.0174949
0.000174949
2366.98,0.0175097
0.000175097
2365.98,0.0175246
0.000175246
2364.97,0.0175395
0.000175395
2363.96,0.0175545
0.000175545
2362.95,0.0175695
0.000175695
2361.93,0.0175846
0.000175846
2360.92,0.0175998
0.000175998
2359.9,0.017615
0.00017615
2358.88,0.0176303
0.000176303
2357.85,0.0176456
0.000176456
2356.83,0.0176609
0.000176609
2355.8,0.0176764
0.000176764
2354.77,0.0176919
0.000176919
2353.73,0.0177074
0.000177074
2352.7,0.017723
0.00017723
2351.66,0.0177387
0.000177387
2350.62,0.0177544
0.000177544
2349.57,0.0177701
0.000177701
2348.53,0.017786
0.00017786
2347.48,0.0178018
0.000178018
2346.43,0.0178178
0.000178178
2345.38,0.0178338
0.000178338
2344.32,0.0178498
0.000178498
2343.27,0.0178659
0.000178659
2342.21,0.0178821
0.000178821
2341.15,0.0178983
0.000178983
2340.08,0.0179146
0.000179146
2339.02,0.0179309
0.000179309
2337.95,0.0179473
0.000179473
2336.88,0.0179638
0.000179638
2335.8,0.0179803
0.000179803
2334.73,0.0179968
0.000179968
2333.65,0.0180135
0.000180135
2332.57,0.0180301
0.000180301
2331.49,0.0180469
0.000180469
2330.4,0.0180637
0.000180637
2329.32,0.0180805
0.000180805
2328.23,0.0180975
0.000180975
2327.14,0.0181144
0.000181144
2326.05,0.0181315
0.000181315
2324.95,0.0181486
0.000181486
2323.85,0.0181657
0.000181657
2322.75,0.0181829
0.000181829
2321.65,0.0182002
0.000182002
2320.55,0.0182175
0.000182175
2319.44,0.0182349
0.000182349
2318.33,0.0182523
0.000182523
2317.22,0.0182698
0.000182698
2316.11,0.0182874
0.000182874
2314.99,0.018305
0.00018305
2313.87,0.0183227
0.000183227
2312.75,0.0183405
0.000183405
2311.63,0.0183583
0.000183583
2310.51,0.0183761
0.000183761
2309.38,0.0183941
0.000183941
2308.25,0.018412
0.00018412
2307.12,0.0184301
0.000184301
2305.99,0.0184482
0.000184482
2304.86,0.0184664
0.000184664
2303.72,0.0184846
0.000184846
2302.58,0.0185029
0.000185029
2301.44,0.0185212
0.000185212
2300.3,0.0185396
0.000185396
2299.15,0.0185581
0.000185581
2298,0.0185766
0.000185766
2296.86,0.0185952
0.000185952
2295.7,0.0186139
0.000186139
2294.55,0.0186326
0.000186326
2293.4,0.0186514
0.000186514
2292.24,0.0186702
0.000186702
2291.08,0.0186891
0.000186891
2289.92,0.0187081
0.000187081
2288.75,0.0187271
0.000187271
2287.59,0.0187462
0.000187462
2286.42,0.0187654
0.000187654
2285.25,0.0187846
0.000187846
2284.08,0.0188039
0.000188039
2282.9,0.0188232
0.000188232
2281.73,0.0188426
0.000188426
2280.55,0.0188621
0.000188621
2279.37,0.0188816
0.000188816
2278.19,0.0189012
0.000189012
2277.01,0.0189209
0.000189209
2275.82,0.0189406
0.000189406
2274.63,0.0189604
0.000189604
2273.44,0.0189802
0.000189802
2272.25,0.0190001
0.000190001
2271.06,0.0190201
0.000190201
2269.86,0.0190401
0.000190401
2268.67,0.0190602
0.000190602
2267.47,0.0190804
0.000190804
2266.27,0.0191006
0.000191006
2265.06,0.0191209
0.000191209
2263.86,0.0191413
0.000191413
2262.65,0.0191617
0.000191617
2261.44,0.0191822
0.000191822
2260.23,0.0192027
0.000192027
2259.02,0.0192233
0.000192233
2257.81,0.019244
0.00019244
2256.59,0.0192648
0.000192648
2255.37,0.0192856
0.000192856
2254.15,0.0193065
0.000193065
2252.93,0.0193274
0.000193274
2251.71,0.0193484
0.000193484
2250.48,0.0193695
0.000193695
2249.26,0.0193906
0.000193906
2248.03,0.0194118
0.000194118
2246.8,0.0194331
0.000194331
2245.56,0.0194544
0.000194544
2244.33,0.0194758
0.000194758
2243.09,0.0194973
0.000194973
2241.86,0.0195188
0.000195188
2240.62,0.0195404
0.000195404
2239.38,0.0195621
0.000195621
2238.13,0.0195838
0.000195838
2236.89,0.0196056
0.000196056
2235.64,0.0196275
0.000196275
2234.4,0.0196494
0.000196494
2233.15,0.0196714
0.000196714
2231.89,0.0196934
0.000196934
2230.64,0.0197156
0.000197156
2229.39,0.0197378
0.000197378
2228.13,0.01976
0.0001976
2226.87,0.0197824
0.000197824
2225.61,0.0198048
0.000198048
2224.35,0.0198272
0.000198272
2223.09,0.0198498
0.000198498
2221.82,0.0198724
0.000198724
2220.56,0.019895
0.00019895
2219.29,0.0199178
0.000199178
2218.02,0.0199406
0.000199406
2216.75,0.0199634
0.000199634
2215.48,0.0199864
0.000199864
2214.2,0.0200094
0.000200094
2212.93,0.0200325
0.000200325
2211.65,0.0200556
0.000200556
2210.37,0.0200788
0.000200788
2209.09,0.0201021
0.000201021
2207.81,0.0201254
0.000201254
2206.53,0.0201489
0.000201489
2205.24,0.0201723
0.000201723
2203.96,0.0201959
0.000201959
2202.67,0.0202195
0.000202195
2201.38,0.0202432
0.000202432
2200.09,0.020267
0.00020267
2198.8,0.0202908
0.000202908
2197.5,0.0203147
0.000203147
2196.21,0.0203387
0.000203387
2194.91,0.0203627
0.000203627
2193.61,0.0203868
0.000203868
2192.31,0.020411
0.00020411
2191.01,0.0204352
0.000204352
2189.71,0.0204595
0.000204595
2188.41,0.0204839
0.000204839
2187.1,0.0205083
0.000205083
2185.8,0.0205329
0.000205329
2184.49,0.0205574
0.000205574
2183.18,0.0205821
0.000205821
2181.87,0.0206068
0.000206068
2180.56,0.0206316
0.000206316
2179.25,0.0206565
0.000206565
2177.93,0.0206814
0.000206814
2176.62,0.0207064
0.000207064
2175.3,0.0207315
0.000207315
2173.98,0.0207566
0.000207566
2172.66,0.0207819
0.000207819
2171.34,0.0208071
0.000208071
2170.02,0.0208325
0.000208325
2168.7,0.0208579
0.000208579
2167.37,0.0208834
0.000208834
2166.05,0.020909
0.00020909
2164.72,0.0209346
0.000209346
2163.39,0.0209603
0.000209603
2162.07,0.0209861
0.000209861
2160.74,0.0210119
0.000210119
2159.4,0.0210378
0.000210378
2158.07,0.0210638
0.000210638
2156.74,0.0210899
0.000210899
2155.4,0.021116
0.00021116
2154.07,0.0211422
0.000211422
2152.73,0.0211685
0.000211685
2151.39,0.0211948
0.000211948
2150.05,0.0212212
0.000212212
2148.71,0.0212477
0.000212477
2147.37,0.0212742
0.000212742
2146.03,0.0213009
0.000213009
2144.69,0.0213275
0.000213275
2143.34,0.0213543
0.000213543
2142,0.0213811
0.000213811
2140.65,0.021408
0.00021408
2139.31,0.021435
0.00021435
2137.96,0.021462
0.00021462
2136.61,0.0214892
0.000214892
2135.26,0.0215163
0.000215163
2133.91,0.0215436
0.000215436
2132.56,0.0215709
0.000215709
2131.2,0.0215983
0.000215983
2129.85,0.0216258
0.000216258
2128.49,0.0216533
0.000216533
2127.14,0.0216809
0.000216809
2125.78,0.0217086
0.000217086
2124.43,0.0217363
0.000217363
2123.07,0.0217641
0.000217641
2121.71,0.021792
0.00021792
2120.35,0.02182
0.0002182
2118.99,0.021848
0.00021848
2117.63,0.0218761
0.000218761
2116.26,0.0219043
0.000219043
2114.9,0.0219325
0.000219325
2113.54,0.0219608
0.000219608
2112.17,0.0219892
0.000219892
2110.81,0.0220177
0.000220177
2109.44,0.0220462
0.000220462
2108.08,0.0220748
0.000220748
2106.71,0.0221034
0.000221034
2105.34,0.0221321
0.000221321
2103.97,0.0221609
0.000221609
2102.6,0.0221898
0.000221898
2101.24,0.0222188
0.000222188
2099.86,0.0222478
0.000222478
2098.49,0.0222768
0.000222768
2097.12,0.022306
0.00022306
2095.75,0.0223352
0.000223352
2094.38,0.0223645
0.000223645
2093,0.0223938
0.000223938
2091.63,0.0224233
0.000224233
2090.26,0.0224528
0.000224528
2088.88,0.0224823
0.000224823
2087.51,0.022512
0.00022512
2086.13,0.0225417
0.000225417
2084.75,0.0225714
0.000225714
2083.38,0.0226013
0.000226013
2082,0.0226312
0.000226312
2080.62,0.0226612
0.000226612
2079.25,0.0226912
0.000226912
2077.87,0.0227213
0.000227213
2076.49,0.0227515
0.000227515
2075.11,0.0227817
0.000227817
2073.73,0.0228121
0.000228121
2072.35,0.0228424
0.000228424
2070.97,0.0228729
0.000228729
2069.59,0.0229034
0.000229034
2068.21,0.022934
0.00022934
2066.83,0.0229647
0.000229647
2065.45,0.0229954
0.000229954
2064.07,0.0230262
0.000230262
2062.68,0.023057
0.00023057
2061.3,0.023088
0.00023088
2059.92,0.023119
0.00023119
2058.54,0.02315
0.0002315
2057.16,0.0231811
0.000231811
2055.77,0.0232123
0.000232123
2054.39,0.0232436
0.000232436
2053.01,0.0232749
0.000232749
2051.62,0.0233063
0.000233063
2050.24,0.0233378
0.000233378
2048.86,0.0233693
0.000233693
2047.47,0.0234009
0.000234009
2046.09,0.0234325
0.000234325
2044.71,0.0234643
0.000234642
2043.32,0.023496
0.00023496
2041.94,0.0235279
0.000235279
2040.56,0.0235598
0.000235598
2039.17,0.0235918
0.000235918
2037.79,0.0236238
0.000236238
2036.41,0.0236559
0.000236559
2035.02,0.0236881
0.000236881
2033.64,0.0237203
0.000237203
2032.26,0.0237526
0.000237526
2030.88,0.0237849
0.000237849
2029.49,0.0238174
0.000238174
2028.11,0.0238498
0.000238498
2026.73,0.0238824
0.000238824
2025.35,0.023915
0.00023915
2023.97,0.0239476
0.000239476
2022.58,0.0239804
0.000239804
2021.2,0.0240132
0.000240132
2019.82,0.024046
0.00024046
2018.44,0.0240789
0.000240789
2017.06,0.0241119
0.000241119
2015.68,0.0241449
0.000241449
2014.3,0.024178
0.00024178
2012.92,0.0242112
0.000242112
2011.54,0.0242444
0.000242444
2010.16,0.0242776
0.000242776
2008.78,0.024311
0.00024311
2007.41,0.0243444
0.000243444
2006.03,0.0243778
0.000243778
2004.65,0.0244113
0.000244113
2003.28,0.0244449
0.000244449
2001.9,0.0244785
0.000244785
2000.52,0.0245121
0.000245121
1999.15,0.0245459
0.000245459
1997.78,0.0245797
0.000245797
1996.4,0.0246135
0.000246135
1995.03,0.0246474
0.000246474
1993.66,0.0246813
0.000246813
1992.28,0.0247154
0.000247154
1990.91,0.0247494
0.000247494
1989.54,0.0247835
0.000247835
1988.17,0.0248177
0.000248177
1986.8,0.0248519
0.000248519
1985.43,0.0248862
0.000248862
1984.07,0.0249205
0.000249205
1982.7,0.0249549
0.000249549
1981.33,0.0249893
0.000249893
1979.97,0.0250238
0.000250238
1978.6,0.0250583
0.000250583
1977.24,0.0250929
0.000250929
1975.87,0.0251276
0.000251276
1974.51,0.0251623
0.000251623
1973.15,0.025197
0.00025197
1971.79,0.0252318
0.000252318
1970.43,0.0252666
0.000252666
1969.07,0.0253015
0.000253015
1967.71,0.0253364
0.000253364
1966.36,0.0253714
0.000253714
1965,0.0254064
0.000254064
1963.65,0.0254415
0.000254415
1962.29,0.0254766
0.000254766
1960.94,0.0255117
0.000255117
1959.59,0.0255469
0.000255469
1958.24,0.0255822
0.000255822
1956.89,0.0256174
0.000256174
1955.54,0.0256528
0.000256528
1954.2,0.0256881
0.000256881
1952.85,0.0257236
0.000257236
1951.51,0.025759
0.00025759
1950.16,0.0257945
0.000257945
1948.82,0.0258301
0.000258301
1947.48,0.0258656
0.000258656
1946.14,0.0259013
0.000259013
1944.8,0.0259369
0.000259369
1943.47,0.0259726
0.000259726
1942.13,0.0260083
0.000260083
1940.8,0.0260441
0.000260441
1939.46,0.0260799
0.000260799
1938.13,0.0261158
0.000261157
1936.8,0.0261516
0.000261516
1935.47,0.0261875
0.000261875
1934.15,0.0262235
0.000262235
1932.82,0.0262595
0.000262595
1931.5,0.0262955
0.000262955
1930.17,0.0263315
0.000263315
1928.85,0.0263676
0.000263676
1927.53,0.0264037
0.000264037
1926.22,0.0264398
0.000264398
1924.9,0.026476
0.00026476
1923.59,0.0265122
0.000265122
1922.27,0.0265484
0.000265484
1920.96,0.0265847
0.000265847
1919.65,0.0266209
0.000266209
1918.35,0.0266572
0.000266572
1917.04,0.0266936
0.000266936
1915.74,0.0267299
0.000267299
1914.43,0.0267663
0.000267663
1913.13,0.0268027
0.000268027
1911.83,0.0268391
0.000268391
1910.54,0.0268756
0.000268756
1909.24,0.026912
0.00026912
1907.95,0.0269485
0.000269485
1906.66,0.026985
0.00026985
1905.37,0.0270216
0.000270216
1904.08,0.0270581
0.000270581
1902.8,0.0270947
0.000270947
1901.52,0.0271312
0.000271312
1900.23,0.0271678
0.000271678
1898.96,0.0272044
0.000272044
1897.68,0.0272411
0.000272411
1896.4,0.0272777
0.000272777
1895.13,0.0273143
0.000273143
1893.86,0.027351
0.00027351
1892.59,0.0273877
0.000273877
1891.33,0.0274243
0.000274243
1890.06,0.027461
0.00027461
1888.8,0.0274977
0.000274977
1887.54,0.0275344
0.000275344
1886.29,0.0275711
0.000275711
1885.03,0.0276078
0.000276078
1883.78,0.0276446
0.000276446
1882.53,0.0276813
0.000276813
1881.28,0.027718
0.00027718
1880.04,0.0277547
0.000277547
1878.79,0.0277915
0.000277915
1877.55,0.0278282
0.000278282
1876.31,0.0278649
0.000278649
1875.08,0.0279016
0.000279016
1873.85,0.0279384
0.000279384
1872.62,0.0279751
0.000279751
1871.39,0.0280118
0.000280118
1870.16,0.0280485
0.000280485
1868.94,0.0280852
0.000280852
1867.72,0.0281219
0.000281219
1866.5,0.0281586
0.000281586
1865.29,0.0281953
0.000281953
1864.08,0.0282319
0.000282319
1862.87,0.0282686
0.000282686
1861.66,0.0283052
0.000283052
1860.46,0.0283418
0.000283418
1859.26,0.0283785
0.000283785
1858.06,0.0284151
0.000284151
1856.87,0.0284516
0.000284516
1855.68,0.0284882
0.000284882
1854.49,0.0285247
0.000285247
1853.3,0.0285613
0.000285613
1852.12,0.0285978
0.000285978
1850.94,0.0286342
0.000286342
1849.76,0.0286707
0.000286707
1848.59,0.0287071
0.000287071
1847.42,0.0287435
0.000287435
1846.25,0.0287799
0.000287799
1845.08,0.0288163
0.000288163
1843.92,0.0288526
0.000288526
1842.76,0.0288889
0.000288889
1841.61,0.0289251
0.000289251
1840.45,0.0289614
0.000289614
1839.31,0.0289976
0.000289976
1838.16,0.0290337
0.000290337
1837.02,0.0290698
0.000290698
1835.88,0.0291059
0.000291059
1834.74,0.029142
0.00029142
1833.61,0.029178
0.00029178
1832.48,0.0292139
0.000292139
1831.35,0.0292499
0.000292499
1830.23,0.0292858
0.000292858
1829.11,0.0293216
0.000293216
1828,0.0293574
0.000293574
1826.89,0.0293931
0.000293931
1825.78,0.0294288
0.000294288
1824.67,0.0294645
0.000294645
1823.57,0.0295001
0.000295001
1822.47,0.0295356
0.000295356
1821.38,0.0295711
0.000295711
1820.29,0.0296066
0.000296066
1819.2,0.0296419
0.000296419
1818.12,0.0296773
0.000296773
1817.04,0.0297125
0.000297125
1815.97,0.0297477
0.000297477
1814.89,0.0297829
0.000297829
1813.83,0.029818
0.00029818
1812.76,0.029853
0.00029853
1811.7,0.029888
0.00029888
1810.64,0.0299228
0.000299228
1809.59,0.0299577
0.000299577
1808.54,0.0299924
0.000299924
1807.5,0.0300271
0.000300271
1806.46,0.0300617
0.000300617
1805.42,0.0300963
0.000300963
1804.39,0.0301307
0.000301307
1803.36,0.0301651
0.000301651
1802.33,0.0301994
0.000301994
1801.31,0.0302337
0.000302337
1800.3,0.0302678
0.000302678
1799.28,0.0303019
0.000303019
1798.28,0.0303359
0.000303359
1797.27,0.0303698
0.000303698
1796.27,0.0304036
0.000304036
1795.28,0.0304373
0.000304373
1794.28,0.030471
0.00030471
1793.3,0.0305045
0.000305045
1792.31,0.030538
0.00030538
1791.34,0.0305714
0.000305714
1790.36,0.0306047
0.000306047
1789.39,0.0306379
0.000306379
1788.43,0.0306709
0.000306709
1787.46,0.0307039
0.000307039
1786.51,0.0307368
0.000307368
1785.56,0.0307696
0.000307696
1784.61,0.0308023
0.000308023
1783.67,0.0308349
0.000308349
1782.73,0.0308674
0.000308674
1781.79,0.0308997
0.000308997
1780.86,0.030932
0.00030932
1779.94,0.0309641
0.000309641
1779.02,0.0309962
0.000309962
1778.1,0.0310281
0.000310281
1777.19,0.0310599
0.000310599
1776.29,0.0310916
0.000310916
1775.38,0.0311232
0.000311232
1774.49,0.0311547
0.000311547
1773.6,0.031186
0.00031186
1772.71,0.0312172
0.000312172
1771.83,0.0312483
0.000312483
1770.95,0.0312793
0.000312793
1770.08,0.0313102
0.000313102
1769.21,0.0313409
0.000313409
1768.34,0.0313715
0.000313715
1767.49,0.0314019
0.000314019
1766.63,0.0314323
0.000314323
1765.79,0.0314625
0.000314625
1764.94,0.0314925
0.000314925
1764.1,0.0315225
0.000315225
1763.27,0.0315523
0.000315523
1762.44,0.0315819
0.000315819
1761.62,0.0316114
0.000316114
1760.8,0.0316408
0.000316408
1759.99,0.03167
0.0003167
1759.18,0.0316991
0.000316991
1758.38,0.031728
0.00031728
1757.58,0.0317568
0.000317568
1756.79,0.0317854
0.000317854
1756.01,0.0318139
0.000318139
1755.22,0.0318422
0.000318422
1754.45,0.0318704
0.000318704
1753.68,0.0318984
0.000318984
1752.91,0.0319263
0.000319263
1752.15,0.031954
0.00031954
1751.4,0.0319816
0.000319816
1750.65,0.0320089
0.000320089
1749.9,0.0320362
0.000320362
1749.17,0.0320632
0.000320632
1748.43,0.0320901
0.000320901
1747.71,0.0321168
0.000321168
1746.98,0.0321434
0.000321434
1746.27,0.0321698
0.000321698
1745.56,0.032196
0.00032196
1744.85,0.032222
0.00032222
1744.15,0.0322479
0.000322479
1743.46,0.0322736
0.000322736
1742.77,0.0322991
0.000322991
1742.08,0.0323244
0.000323244
1741.41,0.0323496
0.000323496
1740.73,0.0323746
0.000323746
1740.07,0.0323994
0.000323994
1739.41,0.032424
0.00032424
1738.75,0.0324484
0.000324484
1738.1,0.0324726
0.000324726
1737.46,0.0324967
0.000324967
1736.82,0.0325205
0.000325205
1736.19,0.0325442
0.000325442
1735.57,0.0325677
0.000325677
1734.95,0.0325909
0.000325909
1734.33,0.032614
0.00032614
1733.72,0.0326369
0.000326369
1733.12,0.0326596
0.000326596
1732.53,0.0326821
0.000326821
1731.93,0.0327044
0.000327044
1731.35,0.0327265
0.000327265
1730.77,0.0327484
0.000327484
1730.2,0.03277
0.0003277
1729.63,0.0327915
0.000327915
1729.07,0.0328128
0.000328128
1728.52,0.0328338
0.000328338
1727.97,0.0328547
0.000328547
1727.43,0.0328753
0.000328753
1726.89,0.0328958
0.000328958
1726.36,0.032916
0.00032916
1725.83,0.032936
0.00032936
1725.32,0.0329558
0.000329558
1724.8,0.0329753
0.000329753
1724.3,0.0329947
0.000329947
1723.8,0.0330138
0.000330138
1723.31,0.0330327
0.000330327
1722.82,0.0330514
0.000330514
1722.34,0.0330699
0.000330699
1721.86,0.0330881
0.000330881
1721.39,0.0331061
0.000331061
1720.93,0.0331239
0.000331239
1720.48,0.0331415
0.000331415
1720.03,0.0331588
0.000331588
1719.58,0.0331759
0.000331759
1719.14,0.0331928
0.000331928
1718.71,0.0332095
0.000332095
1718.29,0.0332259
0.000332259
1717.87,0.0332421
0.000332421
1717.46,0.033258
0.00033258
1717.05,0.0332737
0.000332737
1716.65,0.0332892
0.000332892
1716.26,0.0333044
0.000333044
1715.88,0.0333194
0.000333194
1715.5,0.0333342
0.000333342
1715.12,0.0333487
0.000333487
1714.76,0.033363
0.00033363
1714.4,0.033377
0.00033377
1714.04,0.0333908
0.000333908
1713.69,0.0334043
0.000334043
1713.35,0.0334176
0.000334176
1713.02,0.0334307
0.000334307
1712.69,0.0334435
0.000334435
1712.37,0.033456
0.00033456
1712.05,0.0334684
0.000334684
1711.75,0.0334804
0.000334804
1711.44,0.0334922
0.000334922
1711.15,0.0335038
0.000335038
1710.86,0.0335151
0.000335151
1710.58,0.0335262
0.000335262
1710.3,0.033537
0.00033537
1710.03,0.0335475
0.000335475
1709.77,0.0335578
0.000335578
1709.51,0.0335679
0.000335679
1709.26,0.0335777
0.000335777
1709.02,0.0335872
0.000335872
1708.79,0.0335965
0.000335965
1708.56,0.0336055
0.000336055
1708.33,0.0336142
0.000336142
1708.12,0.0336227
0.000336227
1707.91,0.033631
0.00033631
1707.71,0.0336389
0.000336389
1707.51,0.0336467
0.000336467
1707.32,0.0336541
0.000336541
1707.14,0.0336613
0.000336613
1706.96,0.0336683
0.000336683
1706.79,0.0336749
0.000336749
1706.63,0.0336813
0.000336813
1706.48,0.0336875
0.000336875
1706.33,0.0336934
0.000336934
1706.18,0.033699
0.00033699
1706.05,0.0337043
0.000337043
1705.92,0.0337094
0.000337094
1705.8,0.0337143
0.000337143
1705.68,0.0337188
0.000337188
1705.57,0.0337231
0.000337231
1705.47,0.0337271
0.000337271
1705.38,0.0337309
0.000337309
1705.29,0.0337344
0.000337344
1705.21,0.0337376
0.000337376
1705.13,0.0337406
0.000337406
1705.06,0.0337433
0.000337433
1705,0.0337457
0.000337457
1704.95,0.0337479
0.000337479
1704.9,0.0337497
0.000337498
1704.86,0.0337514
0.000337514
1704.83,0.0337527
0.000337527
1704.8,0.0337538
0.000337538
1704.78,0.0337546
0.000337546
1704.76,0.0337552
0.000337552
1704.76,0.0337555
0.000337555
1704.76,0.0337555
0.000337555
1704.76,0.0337552
0.000337552
1704.78,0.0337547
0.000337547
1704.8,0.0337539
0.000337539
1704.82,0.0337529
0.000337529
1704.86,0.0337515
0.000337515
1704.9,0.0337499
0.000337499
1704.94,0.0337481
0.000337481
1705,0.033746
0.00033746
1705.06,0.0337436
0.000337436
1705.12,0.0337409
0.000337409
1705.2,0.033738
0.00033738
1705.28,0.0337348
0.000337348
1705.37,0.0337313
0.000337313
1705.46,0.0337276
0.000337276
1705.56,0.0337236
0.000337236
1705.67,0.0337193
0.000337193
1705.79,0.0337148
0.000337148
1705.91,0.03371
0.0003371
1706.03,0.0337049
0.000337049
1706.17,0.0336996
0.000336996
1706.31,0.033694
0.00033694
1706.46,0.0336882
0.000336882
1706.61,0.033682
0.00033682
1706.78,0.0336757
0.000336757
1706.94,0.033669
0.00033669
1707.12,0.0336621
0.000336621
1707.3,0.0336549
0.000336549
1707.49,0.0336475
0.000336475
1707.68,0.0336398
0.000336398
1707.89,0.0336319
0.000336319
1708.1,0.0336236
0.000336236
1708.31,0.0336152
0.000336152
1708.53,0.0336064
0.000336064
1708.76,0.0335975
0.000335975
1709,0.0335882
0.000335882
1709.24,0.0335787
0.000335787
1709.49,0.0335689
0.000335689
1709.74,0.0335589
0.000335589
1710,0.0335487
0.000335487
1710.27,0.0335381
0.000335381
1710.55,0.0335274
0.000335274
1710.83,0.0335163
0.000335163
1711.12,0.033505
0.00033505
1711.41,0.0334935
0.000334935
1711.71,0.0334817
0.000334817
1712.02,0.0334697
0.000334697
1712.33,0.0334574
0.000334574
1712.65,0.0334449
0.000334449
1712.98,0.0334321
0.000334321
1713.32,0.0334191
0.000334191
1713.66,0.0334058
0.000334058
1714,0.0333923
0.000333923
1714.36,0.0333785
0.000333785
1714.72,0.0333645
0.000333645
1715.08,0.0333503
0.000333503
1715.45,0.0333358
0.000333358
1715.83,0.033321
0.00033321
1716.22,0.0333061
0.000333061
1716.61,0.0332909
0.000332909
1717.01,0.0332754
0.000332754
1717.41,0.0332597
0.000332597
1717.83,0.0332438
0.000332438
1718.24,0.0332277
0.000332277
1718.67,0.0332113
0.000332113
1719.1,0.0331947
0.000331947
1719.53,0.0331778
0.000331778
1719.98,0.0331607
0.000331607
1720.43,0.0331434
0.000331434
1720.88,0.0331259
0.000331259
1721.34,0.0331081
0.000331081
1721.81,0.0330901
0.000330901
1722.28,0.0330719
0.000330719
1722.77,0.0330535
0.000330535
1723.25,0.0330348
0.000330348
1723.74,0.0330159
0.000330159
1724.24,0.0329968
0.000329968
1724.75,0.0329775
0.000329775
1725.26,0.0329579
0.000329579
1725.78,0.0329382
0.000329382
1726.3,0.0329182
0.000329182
1726.83,0.032898
0.00032898
1727.37,0.0328776
0.000328776
1727.91,0.032857
0.00032857
1728.46,0.0328361
0.000328361
1729.01,0.0328151
0.000328151
1729.57,0.0327939
0.000327939
1730.14,0.0327724
0.000327724
1730.71,0.0327507
0.000327507
1731.29,0.0327289
0.000327289
1731.87,0.0327068
0.000327068
1732.46,0.0326845
0.000326845
1733.06,0.0326621
0.000326621
1733.66,0.0326394
0.000326394
1734.27,0.0326165
0.000326165
1734.88,0.0325935
0.000325935
1735.5,0.0325702
0.000325702
1736.12,0.0325468
0.000325468
1736.75,0.0325231
0.000325231
1737.39,0.0324993
0.000324993
1738.03,0.0324753
0.000324753
1738.68,0.032451
0.00032451
1739.34,0.0324266
0.000324266
1740,0.0324021
0.000324021
1740.66,0.0323773
0.000323773
1741.33,0.0323523
0.000323523
1742.01,0.0323272
0.000323272
1742.69,0.0323019
0.000323019
1743.38,0.0322764
0.000322764
1744.07,0.0322507
0.000322507
1744.77,0.0322249
0.000322249
1745.48,0.0321988
0.000321988
1746.19,0.0321726
0.000321726
1746.9,0.0321463
0.000321463
1747.63,0.0321197
0.000321197
1748.35,0.032093
0.00032093
1749.09,0.0320662
0.000320662
1749.82,0.0320391
0.000320391
1750.57,0.0320119
0.000320119
1751.32,0.0319846
0.000319846
1752.07,0.031957
0.00031957
1752.83,0.0319293
0.000319293
1753.59,0.0319015
0.000319015
1754.36,0.0318735
0.000318735
1755.14,0.0318453
0.000318453
1755.92,0.031817
0.00031817
1756.71,0.0317885
0.000317885
1757.5,0.0317599
0.000317599
1758.29,0.0317312
0.000317312
1759.1,0.0317022
0.000317022
1759.9,0.0316732
0.000316732
1760.71,0.031644
0.00031644
1761.53,0.0316146
0.000316146
1762.35,0.0315851
0.000315851
1763.18,0.0315555
0.000315555
1764.01,0.0315257
0.000315257
1764.85,0.0314958
0.000314958
1765.69,0.0314658
0.000314658
1766.54,0.0314356
0.000314356
1767.39,0.0314053
0.000314053
1768.25,0.0313748
0.000313748
1769.11,0.0313442
0.000313442
1769.98,0.0313135
0.000313135
1770.85,0.0312827
0.000312827
1771.73,0.0312517
0.000312517
1772.61,0.0312206
0.000312206
1773.5,0.0311894
0.000311894
1774.39,0.0311581
0.000311581
1775.29,0.0311266
0.000311266
1776.19,0.0310951
0.000310951
1777.09,0.0310634
0.000310634
1778,0.0310316
0.000310316
1778.92,0.0309997
0.000309997
1779.84,0.0309676
0.000309676
1780.76,0.0309355
0.000309355
1781.69,0.0309032
0.000309032
1782.62,0.0308709
0.000308709
1783.56,0.0308384
0.000308384
1784.51,0.0308058
0.000308058
1785.45,0.0307732
0.000307732
1786.4,0.0307404
0.000307404
1787.36,0.0307075
0.000307075
1788.32,0.0306745
0.000306745
1789.29,0.0306415
0.000306415
1790.26,0.0306083
0.000306083
1791.23,0.030575
0.00030575
1792.21,0.0305416
0.000305416
1793.19,0.0305082
0.000305082
1794.18,0.0304746
0.000304746
1795.17,0.030441
0.00030441
1796.16,0.0304073
0.000304073
1797.16,0.0303735
0.000303735
1798.17,0.0303396
0.000303396
1799.17,0.0303056
0.000303056
1800.19,0.0302715
0.000302715
1801.2,0.0302374
0.000302374
1802.22,0.0302032
0.000302032
1803.25,0.0301689
0.000301689
1804.28,0.0301345
0.000301345
1805.31,0.0301
0.000301
1806.34,0.0300655
0.000300655
1807.38,0.0300309
0.000300309
1808.43,0.0299962
0.000299962
1809.48,0.0299615
0.000299615
1810.53,0.0299266
0.000299266
1811.59,0.0298918
0.000298918
1812.65,0.0298568
0.000298568
1813.71,0.0298218
0.000298218
1814.78,0.0297867
0.000297867
1815.85,0.0297516
0.000297516
1816.92,0.0297164
0.000297164
1818,0.0296811
0.000296811
1819.09,0.0296458
0.000296458
1820.17,0.0296104
0.000296104
1821.26,0.029575
0.00029575
1822.36,0.0295395
0.000295395
1823.45,0.0295039
0.000295039
1824.55,0.0294684
0.000294684
1825.66,0.0294327
0.000294327
1826.77,0.029397
0.00029397
1827.88,0.0293613
0.000293613
1828.99,0.0293255
0.000293255
1830.11,0.0292896
0.000292896
1831.23,0.0292538
0.000292538
1832.36,0.0292179
0.000292179
1833.49,0.0291819
0.000291819
1834.62,0.0291459
0.000291459
1835.75,0.0291098
0.000291098
1836.89,0.0290738
0.000290738
1838.04,0.0290376
0.000290376
1839.18,0.0290015
0.000290015
1840.33,0.0289653
0.000289653
1841.48,0.0289291
0.000289291
1842.64,0.0288928
0.000288928
1843.79,0.0288565
0.000288565
1844.96,0.0288202
0.000288202
1846.12,0.0287838
0.000287838
1847.29,0.0287475
0.000287475
1848.46,0.0287111
0.000287111
1849.63,0.0286746
0.000286746
1850.81,0.0286382
0.000286382
1851.99,0.0286017
0.000286017
1853.17,0.0285652
0.000285652
1854.36,0.0285287
0.000285287
1855.55,0.0284921
0.000284921
1856.74,0.0284556
0.000284556
1857.93,0.028419
0.00028419
1859.13,0.0283824
0.000283824
1860.33,0.0283458
0.000283458
1861.53,0.0283092
0.000283092
1862.74,0.0282725
0.000282725
1863.95,0.0282359
0.000282359
1865.16,0.0281992
0.000281992
1866.37,0.0281625
0.000281625
1867.59,0.0281259
0.000281259
1868.81,0.0280892
0.000280892
1870.03,0.0280525
0.000280525
1871.26,0.0280158
0.000280158
1872.48,0.027979
0.00027979
1873.71,0.0279423
0.000279423
1874.95,0.0279056
0.000279056
1876.18,0.0278689
0.000278689
1877.42,0.0278321
0.000278321
1878.66,0.0277954
0.000277954
1879.9,0.0277587
0.000277587
1881.15,0.027722
0.00027722
1882.39,0.0276852
0.000276852
1883.64,0.0276485
0.000276485
1884.9,0.0276118
0.000276118
1886.15,0.0275751
0.000275751
1887.41,0.0275384
0.000275384
1888.67,0.0275017
0.000275017
1889.93,0.027465
0.00027465
1891.19,0.0274283
0.000274283
1892.46,0.0273916
0.000273916
1893.72,0.0273549
0.000273549
1894.99,0.0273183
0.000273183
1896.27,0.0272816
0.000272816
1897.54,0.027245
0.00027245
1898.82,0.0272084
0.000272084
1900.1,0.0271718
0.000271718
1901.38,0.0271352
0.000271352
1902.66,0.0270986
0.000270986
1903.94,0.027062
0.00027062
1905.23,0.0270255
0.000270255
1906.52,0.026989
0.00026989
1907.81,0.0269524
0.000269524
1909.1,0.026916
0.00026916
1910.4,0.0268795
0.000268795
1911.7,0.026843
0.00026843
1912.99,0.0268066
0.000268066
1914.29,0.0267702
0.000267702
1915.6,0.0267338
0.000267338
1916.9,0.0266975
0.000266975
1918.21,0.0266611
0.000266611
1919.51,0.0266248
0.000266248
1920.82,0.0265886
0.000265886
1922.13,0.0265523
0.000265523
1923.45,0.0265161
0.000265161
1924.76,0.0264799
0.000264799
1926.08,0.0264437
0.000264437
1927.39,0.0264076
0.000264076
1928.71,0.0263715
0.000263715
1930.03,0.0263354
0.000263354
1931.35,0.0262993
0.000262993
1932.68,0.0262633
0.000262633
1934,0.0262273
0.000262273
1935.33,0.0261914
0.000261914
1936.66,0.0261555
0.000261555
1937.99,0.0261196
0.000261196
1939.32,0.0260838
0.000260838
1940.65,0.026048
0.00026048
1941.99,0.0260122
0.000260122
1943.32,0.0259764
0.000259764
1944.66,0.0259407
0.000259407
1946,0.0259051
0.000259051
1947.34,0.0258695
0.000258695
1948.68,0.0258339
0.000258339
1950.02,0.0257983
0.000257983
1951.36,0.0257628
0.000257628
1952.71,0.0257274
0.000257274
1954.05,0.025692
0.00025692
1955.4,0.0256566
0.000256566
1956.75,0.0256212
0.000256212
1958.09,0.0255859
0.000255859
1959.45,0.0255507
0.000255507
1960.8,0.0255155
0.000255155
1962.15,0.0254803
0.000254803
1963.5,0.0254452
0.000254452
1964.86,0.0254102
0.000254102
1966.21,0.0253751
0.000253751
1967.57,0.0253402
0.000253402
1968.93,0.0253052
0.000253052
1970.28,0.0252703
0.000252703
1971.64,0.0252355
0.000252355
1973,0.0252007
0.000252007
1974.37,0.025166
0.00025166
1975.73,0.0251313
0.000251313
1977.09,0.0250966
0.000250966
1978.45,0.0250621
0.000250621
1979.82,0.0250275
0.000250275
1981.19,0.024993
0.00024993
1982.55,0.0249586
0.000249586
1983.92,0.0249242
0.000249242
1985.29,0.0248899
0.000248899
1986.65,0.0248556
0.000248556
1988.02,0.0248214
0.000248214
1989.39,0.0247872
0.000247872
1990.76,0.0247531
0.000247531
1992.14,0.024719
0.00024719
1993.51,0.024685
0.00024685
1994.88,0.024651
0.00024651
1996.25,0.0246171
0.000246171
1997.63,0.0245833
0.000245833
1999,0.0245495
0.000245495
2000.38,0.0245158
0.000245158
2001.75,0.0244821
0.000244821
2003.13,0.0244485
0.000244485
2004.5,0.0244149
0.000244149
2005.88,0.0243814
0.000243814
2007.26,0.0243479
0.000243479
2008.64,0.0243145
0.000243145
2010.02,0.0242812
0.000242812
2011.39,0.0242479
0.000242479
2012.77,0.0242147
0.000242147
2014.15,0.0241816
0.000241816
2015.53,0.0241485
0.000241485
2016.91,0.0241154
0.000241154
2018.29,0.0240824
0.000240825
2019.67,0.0240495
0.000240495
2021.05,0.0240167
0.000240167
2022.44,0.0239839
0.000239839
2023.82,0.0239511
0.000239511
2025.2,0.0239185
0.000239185
2026.58,0.0238859
0.000238859
2027.96,0.0238533
0.000238533
2029.35,0.0238208
0.000238208
2030.73,0.0237884
0.000237884
2032.11,0.023756
0.00023756
2033.49,0.0237237
0.000237237
2034.88,0.0236915
0.000236915
2036.26,0.0236593
0.000236593
2037.64,0.0236272
0.000236272
2039.03,0.0235952
0.000235952
2040.41,0.0235632
0.000235632
2041.79,0.0235313
0.000235313
2043.18,0.0234994
0.000234994
2044.56,0.0234676
0.000234676
2045.94,0.0234359
0.000234359
2047.33,0.0234043
0.000234043
2048.71,0.0233727
0.000233727
2050.09,0.0233411
0.000233411
2051.48,0.0233097
0.000233097
2052.86,0.0232783
0.000232783
2054.24,0.023247
0.00023247
2055.62,0.0232157
0.000232157
2057.01,0.0231845
0.000231845
2058.39,0.0231534
0.000231534
2059.77,0.0231223
0.000231223
2061.15,0.0230913
0.000230913
2062.54,0.0230604
0.000230604
2063.92,0.0230295
0.000230295
2065.3,0.0229987
0.000229987
2066.68,0.022968
0.00022968
2068.06,0.0229373
0.000229373
2069.44,0.0229067
0.000229067
2070.82,0.0228762
0.000228762
2072.2,0.0228457
0.000228457
2073.58,0.0228153
0.000228153
2074.96,0.022785
0.00022785
2076.34,0.0227547
0.000227547
2077.72,0.0227245
0.000227245
2079.1,0.0226944
0.000226944
2080.48,0.0226644
0.000226644
2081.85,0.0226344
0.000226344
2083.23,0.0226045
0.000226045
2084.61,0.0225746
0.000225746
2085.98,0.0225448
0.000225448
2087.36,0.0225151
0.000225151
2088.73,0.0224855
0.000224855
2090.11,0.0224559
0.000224559
2091.48,0.0224264
0.000224264
2092.86,0.022397
0.00022397
2094.23,0.0223676
0.000223676
2095.6,0.0223383
0.000223383
2096.98,0.0223091
0.000223091
2098.35,0.02228
0.0002228
2099.72,0.0222509
0.000222509
2101.09,0.0222219
0.000222219
2102.46,0.0221929
0.000221929
2103.83,0.022164
0.00022164
2105.2,0.0221352
0.000221352
2106.56,0.0221065
0.000221065
2107.93,0.0220778
0.000220778
2109.3,0.0220492
0.000220492
2110.66,0.0220207
0.000220207
2112.03,0.0219922
0.000219922
2113.39,0.0219639
0.000219639
2114.76,0.0219356
0.000219355
2116.12,0.0219073
0.000219073
2117.48,0.0218791
0.000218791
2118.84,0.021851
0.00021851
2120.2,0.021823
0.00021823
2121.56,0.021795
0.00021795
2122.92,0.0217671
0.000217671
2124.28,0.0217393
0.000217393
2125.64,0.0217115
0.000217116
2126.99,0.0216839
0.000216839
2128.35,0.0216563
0.000216563
2129.7,0.0216287
0.000216287
2131.06,0.0216012
0.000216012
2132.41,0.0215738
0.000215738
2133.76,0.0215465
0.000215465
2135.11,0.0215192
0.000215192
2136.46,0.0214921
0.000214921
2137.81,0.0214649
0.000214649
2139.16,0.0214379
0.000214379
2140.51,0.0214109
0.000214109
2141.85,0.021384
0.00021384
2143.2,0.0213572
0.000213572
2144.54,0.0213304
0.000213304
2145.89,0.0213037
0.000213037
2147.23,0.0212771
0.000212771
2148.57,0.0212505
0.000212505
2149.91,0.021224
0.00021224
2151.25,0.0211976
0.000211976
2152.59,0.0211713
0.000211713
2153.92,0.021145
0.00021145
2155.26,0.0211188
0.000211188
2156.6,0.0210927
0.000210927
2157.93,0.0210666
0.000210666
2159.26,0.0210406
0.000210406
2160.59,0.0210147
0.000210147
2161.92,0.0209888
0.000209888
2163.25,0.0209631
0.000209631
2164.58,0.0209373
0.000209373
2165.91,0.0209117
0.000209117
2167.23,0.0208861
0.000208861
2168.56,0.0208606
0.000208606
2169.88,0.0208352
0.000208352
2171.2,0.0208098
0.000208098
2172.52,0.0207846
0.000207846
2173.84,0.0207593
0.000207593
2175.16,0.0207342
0.000207342
2176.48,0.0207091
0.000207091
2177.79,0.0206841
0.000206841
2179.11,0.0206591
0.000206591
2180.42,0.0206343
0.000206343
2181.73,0.0206095
0.000206095
2183.04,0.0205847
0.000205847
2184.35,0.0205601
0.000205601
2185.66,0.0205355
0.000205355
2186.96,0.0205109
0.000205109
2188.27,0.0204865
0.000204865
2189.57,0.0204621
0.000204621
2190.87,0.0204378
0.000204378
2192.18,0.0204135
0.000204135
2193.47,0.0203894
0.000203894
2194.77,0.0203653
0.000203653
2196.07,0.0203412
0.000203412
2197.36,0.0203172
0.000203172
2198.66,0.0202933
0.000202933
2199.95,0.0202695
0.000202695
2201.24,0.0202457
0.000202457
2202.53,0.020222
0.00020222
2203.82,0.0201984
0.000201984
2205.11,0.0201749
0.000201749
2206.39,0.0201514
0.000201514
2207.67,0.0201279
0.000201279
2208.96,0.0201046
0.000201046
2210.24,0.0200813
0.000200813
2211.51,0.0200581
0.000200581
2212.79,0.0200349
0.000200349
2214.07,0.0200118
0.000200118
2215.34,0.0199888
0.000199888
2216.61,0.0199659
0.000199659
2217.89,0.019943
0.00019943
2219.15,0.0199202
0.000199202
2220.42,0.0198975
0.000198975
2221.69,0.0198748
0.000198748
2222.95,0.0198522
0.000198522
2224.22,0.0198296
0.000198296
2225.48,0.0198072
0.000198072
2226.74,0.0197848
0.000197848
2228,0.0197624
0.000197624
2229.25,0.0197401
0.000197401
2230.51,0.0197179
0.000197179
2231.76,0.0196958
0.000196958
2233.01,0.0196737
0.000196737
2234.26,0.0196517
0.000196517
2235.51,0.0196298
0.000196298
2236.76,0.0196079
0.000196079
2238,0.0195861
0.000195861
2239.24,0.0195644
0.000195644
2240.49,0.0195427
0.000195427
2241.72,0.0195211
0.000195211
2242.96,0.0194996
0.000194996
2244.2,0.0194781
0.000194781
2245.43,0.0194567
0.000194567
2246.67,0.0194353
0.000194353
2247.9,0.0194141
0.000194141
2249.12,0.0193929
0.000193929
2250.35,0.0193717
0.000193717
2251.58,0.0193506
0.000193506
2252.8,0.0193296
0.000193296
2254.02,0.0193087
0.000193087
2255.24,0.0192878
0.000192878
2256.46,0.019267
0.00019267
2257.68,0.0192462
0.000192462
2258.89,0.0192255
0.000192255
2260.1,0.0192049
0.000192049
2261.31,0.0191844
0.000191844
2262.52,0.0191639
0.000191639
2263.73,0.0191434
0.000191434
2264.93,0.0191231
0.000191231
2266.14,0.0191028
0.000191028
2267.34,0.0190825
0.000190825
2268.54,0.0190624
0.000190624
2269.74,0.0190423
0.000190423
2270.93,0.0190222
0.000190222
2272.12,0.0190022
0.000190022
2273.32,0.0189823
0.000189823
2274.51,0.0189625
0.000189625
2275.69,0.0189427
0.000189427
2276.88,0.018923
0.00018923
2278.06,0.0189033
0.000189033
2279.25,0.0188837
0.000188837
2280.43,0.0188642
0.000188642
2281.6,0.0188447
0.000188447
2282.78,0.0188253
0.000188253
2283.95,0.0188059
0.000188059
2285.12,0.0187866
0.000187866
2286.29,0.0187674
0.000187674
2287.46,0.0187483
0.000187483
2288.63,0.0187292
0.000187292
2289.79,0.0187101
0.000187101
2290.95,0.0186912
0.000186912
2292.11,0.0186722
0.000186722
2293.27,0.0186534
0.000186534
2294.43,0.0186346
0.000186346
2295.58,0.0186159
0.000186159
2296.73,0.0185972
0.000185972
2297.88,0.0185786
0.000185786
2299.03,0.0185601
0.000185601
2300.18,0.0185416
0.000185416
2301.32,0.0185232
0.000185232
2302.46,0.0185048
0.000185048
2303.6,0.0184865
0.000184865
2304.74,0.0184683
0.000184683
2305.87,0.0184501
0.000184501
2307,0.018432
0.00018432
2308.13,0.018414
0.00018414
2309.26,0.018396
0.00018396
2310.39,0.018378
0.00018378
2311.51,0.0183602
0.000183602
2312.64,0.0183423
0.000183423
2313.75,0.0183246
0.000183246
2314.87,0.0183069
0.000183069
2315.99,0.0182893
0.000182893
2317.1,0.0182717
0.000182717
2318.21,0.0182542
0.000182542
2319.32,0.0182367
0.000182367
2320.43,0.0182193
0.000182193
2321.53,0.018202
0.00018202
2322.64,0.0181847
0.000181847
2323.74,0.0181675
0.000181675
2324.83,0.0181504
0.000181504
2325.93,0.0181333
0.000181333
2327.02,0.0181162
0.000181162
2328.11,0.0180992
0.000180992
2329.2,0.0180823
0.000180823
2330.29,0.0180655
0.000180655
2331.37,0.0180487
0.000180487
2332.46,0.0180319
0.000180319
2333.54,0.0180152
0.000180152
2334.61,0.0179986
0.000179986
2335.69,0.017982
0.00017982
2336.76,0.0179655
0.000179655
2337.83,0.017949
0.00017949
2338.9,0.0179326
0.000179326
2339.97,0.0179163
0.000179163
2341.03,0.0179
0.000179
2342.1,0.0178838
0.000178838
2343.16,0.0178676
0.000178676
2344.21,0.0178515
0.000178515
2345.27,0.0178355
0.000178355
2346.32,0.0178195
0.000178195
2347.37,0.0178035
0.000178035
2348.42,0.0177876
0.000177876
2349.46,0.0177718
0.000177718
2350.51,0.017756
0.00017756
2351.55,0.0177403
0.000177403
2352.59,0.0177247
0.000177247
2353.62,0.0177091
0.000177091
2354.66,0.0176935
0.000176935
2355.69,0.017678
0.00017678
2356.72,0.0176626
0.000176626
2357.74,0.0176472
0.000176472
2358.77,0.0176319
0.000176319
2359.79,0.0176166
0.000176166
2360.81,0.0176014
0.000176014
2361.83,0.0175862
0.000175862
2362.84,0.0175711
0.000175711
2363.85,0.0175561
0.000175561
2364.86,0.0175411
0.000175411
2365.87,0.0175261
0.000175261
2366.88,0.0175113
0.000175113
2367.88,0.0174964
0.000174964
2368.88,0.0174817
0.000174817
2369.88,0.0174669
0.000174669
2370.87,0.0174523
0.000174523
2371.87,0.0174377
0.000174377
2372.86,0.0174231
0.000174231
2373.85,0.0174086
0.000174086
2374.83,0.0173942
0.000173942
2375.82,0.0173798
0.000173798
2376.8,0.0173654
0.000173654
2377.77,0.0173511
0.000173511
2378.75,0.0173369
0.000173369
2379.72,0.0173227
0.000173227
2380.69,0.0173086
0.000173086
2381.66,0.0172945
0.000172945
2382.63,0.0172805
0.000172805
2383.59,0.0172665
0.000172665
2384.55,0.0172526
0.000172526
2385.51,0.0172387
0.000172387
2386.47,0.0172249
0.000172249
2387.42,0.0172112
0.000172112
2388.37,0.0171975
0.000171975
2389.32,0.0171838
0.000171838
2390.27,0.0171702
0.000171702
2391.21,0.0171567
0.000171567
2392.15,0.0171432
0.000171432
2393.09,0.0171297
0.000171297
2394.03,0.0171163
0.000171163
2394.96,0.017103
0.00017103
2395.89,0.0170897
0.000170897
2396.82,0.0170765
0.000170765
2397.75,0.0170633
0.000170633
2398.67,0.0170502
0.000170502
2399.59,0.0170371
0.000170371
2400.51,0.0170241
0.000170241
2401.42,0.0170111
0.000170111
2402.34,0.0169981
0.000169981
2403.25,0.0169853
0.000169853
2404.15,0.0169724
0.000169724
2405.06,0.0169597
0.000169597
2405.96,0.0169469
0.000169469
2406.86,0.0169343
0.000169343
2407.76,0.0169216
0.000169216
2408.65,0.0169091
0.000169091
2409.55,0.0168966
0.000168966
2410.44,0.0168841
0.000168841
2411.32,0.0168717
0.000168717
2412.21,0.0168593
0.000168593
2413.09,0.016847
0.00016847
2413.97,0.0168347
0.000168347
2414.85,0.0168225
0.000168225
2415.72,0.0168103
0.000168103
2416.59,0.0167982
0.000167982
2417.46,0.0167861
0.000167861
2418.33,0.0167741
0.000167741
2419.19,0.0167621
0.000167621
2420.05,0.0167502
0.000167502
2420.91,0.0167383
0.000167383
2421.77,0.0167265
0.000167265
2422.62,0.0167147
0.000167147
2423.47,0.016703
0.00016703
2424.32,0.0166913
0.000166913
2425.16,0.0166796
0.000166796
2426.01,0.0166681
0.000166681
2426.85,0.0166565
0.000166565
2427.68,0.016645
0.00016645
2428.52,0.0166336
0.000166336
2429.35,0.0166222
0.000166222
2430.18,0.0166109
0.000166109
2431.01,0.0165996
0.000165996
2431.83,0.0165883
0.000165883
2432.65,0.0165771
0.000165771
2433.47,0.016566
0.00016566
2434.29,0.0165549
0.000165549
2435.1,0.0165438
0.000165438
2435.91,0.0165328
0.000165328
2436.72,0.0165219
0.000165219
2437.52,0.0165109
0.000165109
2438.32,0.0165001
0.000165001
2439.12,0.0164893
0.000164893
2439.92,0.0164785
0.000164785
2440.72,0.0164678
0.000164678
2441.51,0.0164571
0.000164571
2442.3,0.0164465
0.000164465
2443.08,0.0164359
0.000164359
2443.87,0.0164253
0.000164253
2444.65,0.0164149
0.000164149
2445.42,0.0164044
0.000164044
2446.2,0.016394
0.00016394
2446.97,0.0163837
0.000163837
2447.74,0.0163734
0.000163734
2448.51,0.0163631
0.000163631
2449.27,0.0163529
0.000163529
2450.04,0.0163427
0.000163427
2450.79,0.0163326
0.000163326
2451.55,0.0163225
0.000163225
2452.3,0.0163125
0.000163125
2453.05,0.0163025
0.000163025
2453.8,0.0162926
0.000162926
2454.55,0.0162827
0.000162827
2455.29,0.0162728
0.000162728
2456.03,0.016263
0.00016263
2456.77,0.0162533
0.000162533
2457.5,0.0162436
0.000162436
2458.23,0.0162339
0.000162339
2458.96,0.0162243
0.000162243
2459.69,0.0162147
0.000162147
2460.41,0.0162052
0.000162052
2461.13,0.0161957
0.000161957
2461.85,0.0161863
0.000161863
2462.56,0.0161769
0.000161769
2463.27,0.0161675
0.000161675
2463.98,0.0161582
0.000161582
2464.69,0.016149
0.00016149
2465.39,0.0161397
0.000161397
2466.09,0.0161306
0.000161306
2466.79,0.0161214
0.000161214
2467.49,0.0161124
0.000161124
2468.18,0.0161033
0.000161033
2468.87,0.0160943
0.000160943
2469.56,0.0160854
0.000160854
2470.24,0.0160765
0.000160765
2470.92,0.0160676
0.000160676
2471.6,0.0160588
0.000160588
2472.28,0.01605
0.0001605
2472.95,0.0160413
0.000160413
2473.62,0.0160326
0.000160326
2474.29,0.0160239
0.000160239
2474.95,0.0160153
0.000160153
2475.61,0.0160068
0.000160068
2476.27,0.0159983
0.000159983
2476.93,0.0159898
0.000159898
2477.58,0.0159814
0.000159814
2478.23,0.015973
0.00015973
2478.88,0.0159646
0.000159646
2479.52,0.0159563
0.000159563
2480.16,0.0159481
0.000159481
2480.8,0.0159399
0.000159399
2481.44,0.0159317
0.000159317
2482.07,0.0159236
0.000159236
2482.7,0.0159155
0.000159155
2483.33,0.0159074
0.000159074
2483.95,0.0158994
0.000158994
2484.58,0.0158915
0.000158915
2485.2,0.0158836
0.000158836
2485.81,0.0158757
0.000158757
2486.42,0.0158679
0.000158679
2487.04,0.0158601
0.000158601
2487.64,0.0158523
0.000158523
2488.25,0.0158446
0.000158446
2488.85,0.015837
0.00015837
2489.45,0.0158293
0.000158293
2490.04,0.0158218
0.000158218
2490.64,0.0158142
0.000158142
2491.23,0.0158067
0.000158067
2491.82,0.0157993
0.000157993
2492.4,0.0157919
0.000157919
2492.98,0.0157845
0.000157845
2493.56,0.0157772
0.000157772
2494.14,0.0157699
0.000157699
2494.71,0.0157626
0.000157626
2495.28,0.0157554
0.000157554
2495.85,0.0157483
0.000157483
2496.41,0.0157412
0.000157411
2496.97,0.0157341
0.000157341
2497.53,0.015727
0.00015727
2498.09,0.01572
0.0001572
2498.64,0.0157131
0.000157131
2499.19,0.0157062
0.000157062
2499.74,0.0156993
0.000156993
2500.28,0.0156925
0.000156925
2500.82,0.0156857
0.000156857
2501.36,0.0156789
0.000156789
2501.9,0.0156722
0.000156722
2502.43,0.0156655
0.000156655
2502.96,0.0156589
0.000156589
2503.49,0.0156523
0.000156523
2504.01,0.0156457
0.000156457
2504.53,0.0156392
0.000156392
2505.05,0.0156328
0.000156328
2505.57,0.0156263
0.000156263
2506.08,0.0156199
0.0001562
2506.59,0.0156136
0.000156136
2507.09,0.0156073
0.000156073
2507.6,0.015601
0.00015601
2508.1,0.0155948
0.000155948
2508.6,0.0155886
0.000155886
2509.09,0.0155825
0.000155825
2509.58,0.0155764
0.000155764
2510.07,0.0155703
0.000155703
2510.56,0.0155643
0.000155643
2511.04,0.0155583
0.000155583
2511.52,0.0155523
0.000155523
2512,0.0155464
0.000155464
2512.47,0.0155405
0.000155405
2512.94,0.0155347
0.000155347
2513.41,0.0155289
0.000155289
2513.88,0.0155232
0.000155232
2514.34,0.0155175
0.000155175
2514.8,0.0155118
0.000155118
2515.26,0.0155062
0.000155062
2515.71,0.0155006
0.000155006
2516.16,0.015495
0.00015495
2516.61,0.0154895
0.000154895
2517.06,0.015484
0.00015484
2517.5,0.0154786
0.000154786
2517.94,0.0154732
0.000154732
2518.37,0.0154678
0.000154678
2518.81,0.0154625
0.000154625
2519.24,0.0154572
0.000154572
2519.66,0.015452
0.00015452
2520.09,0.0154468
0.000154468
2520.51,0.0154416
0.000154416
2520.93,0.0154365
0.000154365
2521.34,0.0154314
0.000154314
2521.76,0.0154263
0.000154263
2522.17,0.0154213
0.000154213
2522.57,0.0154164
0.000154164
2522.98,0.0154114
0.000154114
2523.38,0.0154065
0.000154065
2523.77,0.0154017
0.000154017
2524.17,0.0153969
0.000153969
2524.56,0.0153921
0.000153921
2524.95,0.0153873
0.000153873
2525.34,0.0153826
0.000153826
2525.72,0.015378
0.00015378
2526.1,0.0153733
0.000153733
2526.48,0.0153688
0.000153688
2526.85,0.0153642
0.000153642
2527.22,0.0153597
0.000153597
2527.59,0.0153552
0.000153552
2527.95,0.0153508
0.000153508
2528.32,0.0153464
0.000153464
2528.68,0.015342
0.00015342
2529.03,0.0153377
0.000153377
2529.39,0.0153334
0.000153334
2529.74,0.0153292
0.000153292
2530.08,0.015325
0.00015325
2530.43,0.0153208
0.000153208
2530.77,0.0153167
0.000153167
2531.11,0.0153126
0.000153126
2531.44,0.0153085
0.000153085
2531.78,0.0153045
0.000153045
2532.1,0.0153005
0.000153005
2532.43,0.0152966
0.000152966
2532.75,0.0152927
0.000152927
2533.07,0.0152888
0.000152888
2533.39,0.015285
0.00015285
2533.71,0.0152812
0.000152812
2534.02,0.0152774
0.000152774
2534.33,0.0152737
0.000152737
2534.63,0.01527
0.0001527
2534.93,0.0152664
0.000152664
2535.23,0.0152628
0.000152628
2535.53,0.0152592
0.000152592
2535.82,0.0152556
0.000152556
2536.12,0.0152521
0.000152521
2536.4,0.0152487
0.000152487
2536.69,0.0152453
0.000152453
2536.97,0.0152419
0.000152419
2537.25,0.0152385
0.000152385
2537.52,0.0152352
0.000152352
2537.8,0.015232
0.00015232
2538.07,0.0152287
0.000152287
2538.33,0.0152255
0.000152255
2538.6,0.0152224
0.000152224
2538.86,0.0152192
0.000152192
2539.11,0.0152161
0.000152161
2539.37,0.0152131
0.000152131
2539.62,0.0152101
0.000152101
2539.87,0.0152071
0.000152071
2540.11,0.0152042
0.000152042
2540.36,0.0152013
0.000152013
2540.6,0.0151984
0.000151984
2540.83,0.0151956
0.000151956
2541.07,0.0151928
0.000151928
2541.3,0.01519
0.0001519
2541.52,0.0151873
0.000151873
2541.75,0.0151846
0.000151846
2541.97,0.015182
0.00015182
2542.19,0.0151793
0.000151793
2542.41,0.0151768
0.000151768
2542.62,0.0151742
0.000151742
2542.83,0.0151717
0.000151717
2543.03,0.0151693
0.000151693
2543.24,0.0151668
0.000151668
2543.44,0.0151645
0.000151645
2543.64,0.0151621
0.000151621
2543.83,0.0151598
0.000151598
2544.02,0.0151575
0.000151575
2544.21,0.0151553
0.000151553
2544.4,0.015153
0.00015153
2544.58,0.0151509
0.000151509
2544.76,0.0151487
0.000151487
2544.93,0.0151466
0.000151466
2545.11,0.0151446
0.000151446
2545.28,0.0151425
0.000151425
2545.45,0.0151405
0.000151405
2545.61,0.0151386
0.000151386
2545.77,0.0151367
0.000151367
2545.93,0.0151348
0.000151348
2546.08,0.0151329
0.000151329
2546.24,0.0151311
0.000151311
2546.39,0.0151294
0.000151294
2546.53,0.0151276
0.000151276
2546.68,0.0151259
0.000151259
2546.82,0.0151243
0.000151243
2546.95,0.0151226
0.000151226
2547.09,0.015121
0.00015121
2547.22,0.0151195
0.000151195
2547.35,0.015118
0.00015118
2547.47,0.0151165
0.000151165
2547.59,0.015115
0.00015115
2547.71,0.0151136
0.000151136
2547.83,0.0151122
0.000151122
2547.94,0.0151109
0.000151109
2548.05,0.0151096
0.000151096
2548.16,0.0151083
0.000151083
2548.26,0.0151071
0.000151071
2548.36,0.0151059
0.000151059
2548.46,0.0151047
0.000151047
2548.56,0.0151036
0.000151036
2548.65,0.0151025
0.000151025
2548.74,0.0151015
0.000151015
2548.82,0.0151004
0.000151004
2548.91,0.0150995
0.000150995
2548.99,0.0150985
0.000150985
2549.06,0.0150976
0.000150976
2549.14,0.0150967
0.000150967
2549.21,0.0150959
0.000150959
2549.27,0.0150951
0.000150951
2549.34,0.0150943
0.000150943
2549.4,0.0150936
0.000150936
2549.46,0.0150929
0.000150929
2549.51,0.0150922
0.000150922
2549.57,0.0150916
0.000150916
2549.62,0.015091
0.00015091
2549.66,0.0150905
0.000150905
2549.71,0.01509
0.0001509
2549.75,0.0150895
0.000150895
2549.79,0.0150891
0.00015089
2549.82,0.0150886
0.000150886
2549.85,0.0150883
0.000150883
2549.88,0.0150879
0.000150879
2549.9,0.0150876
0.000150876
2549.93,0.0150874
0.000150874
2549.95,0.0150871
0.000150871
2549.96,0.015087
0.00015087
2549.98,0.0150868
0.000150868
2549.99,0.0150867
0.000150867
2549.99,0.0150866
0.000150866
2550,0.0150865
0.000150865
2550,0.0150865
0.000150865
2550,0.0150866
0.000150866
2549.99,0.0150866
0.000150866
2549.98,0.0150867
0.000150867
2549.97,0.0150868
0.000150868
2549.96,0.015087
0.00015087
2549.94,0.0150872
0.000150872
2549.92,0.0150874
0.000150874
2549.9,0.0150877
0.000150877
2549.87,0.015088
0.00015088
2549.84,0.0150884
0.000150884
2549.81,0.0150888
0.000150888
2549.77,0.0150892
0.000150892
2549.74,0.0150896
0.000150896
2549.7,0.0150901
0.000150901
2549.65,0.0150906
0.000150906
2549.6,0.0150912
0.000150912
2549.55,0.0150918
0.000150918
2549.5,0.0150924
0.000150924
2549.44,0.0150931
0.000150931
2549.38,0.0150938
0.000150938
2549.32,0.0150945
0.000150945
2549.26,0.0150953
0.000150953
2549.19,0.0150961
0.000150961
2549.12,0.015097
0.00015097
2549.04,0.0150978
0.000150978
2548.96,0.0150988
0.000150988
2548.88,0.0150997
0.000150997
2548.8,0.0151007
0.000151007
2548.71,0.0151017
0.000151017
2548.62,0.0151028
0.000151028
2548.53,0.0151039
0.000151039
2548.43,0.015105
0.00015105
2548.34,0.0151062
0.000151062
2548.23,0.0151074
0.000151074
2548.13,0.0151087
0.000151087
2548.02,0.0151099
0.000151099
2547.91,0.0151113
0.000151113
2547.8,0.0151126
0.000151126
2547.68,0.015114
0.00015114
2547.56,0.0151154
0.000151154
2547.44,0.0151169
0.000151169
2547.31,0.0151184
0.000151184
2547.18,0.0151199
0.000151199
2547.05,0.0151215
0.000151215
2546.92,0.0151231
0.000151231
2546.78,0.0151247
0.000151247
2546.64,0.0151264
0.000151264
2546.49,0.0151281
0.000151281
2546.35,0.0151298
0.000151298
2546.2,0.0151316
0.000151316
2546.04,0.0151334
0.000151334
2545.89,0.0151353
0.000151353
2545.73,0.0151372
0.000151372
2545.56,0.0151391
0.000151391
2545.4,0.0151411
0.000151411
2545.23,0.0151431
0.000151431
2545.06,0.0151451
0.000151451
2544.89,0.0151472
0.000151472
2544.71,0.0151493
0.000151493
2544.53,0.0151515
0.000151515
2544.35,0.0151536
0.000151536
2544.16,0.0151559
0.000151559
2543.97,0.0151581
0.000151581
2543.78,0.0151604
0.000151604
2543.58,0.0151627
0.000151627
2543.38,0.0151651
0.000151651
2543.18,0.0151675
0.000151675
2542.98,0.0151699
0.000151699
2542.77,0.0151724
0.000151724
2542.56,0.0151749
0.000151749
2542.35,0.0151775
0.000151775
2542.13,0.01518
0.0001518
2541.91,0.0151827
0.000151827
2541.69,0.0151853
0.000151853
2541.46,0.015188
0.00015188
2541.24,0.0151907
0.000151907
2541,0.0151935
0.000151935
2540.77,0.0151963
0.000151963
2540.53,0.0151992
0.000151992
2540.29,0.015202
0.00015202
2540.05,0.015205
0.00015205
2539.8,0.0152079
0.000152079
2539.55,0.0152109
0.000152109
2539.3,0.0152139
0.000152139
2539.04,0.015217
0.00015217
2538.79,0.0152201
0.000152201
2538.52,0.0152232
0.000152232
2538.26,0.0152264
0.000152264
2537.99,0.0152296
0.000152296
2537.72,0.0152328
0.000152328
2537.45,0.0152361
0.000152361
2537.17,0.0152394
0.000152394
2536.89,0.0152428
0.000152428
2536.61,0.0152462
0.000152462
2536.33,0.0152496
0.000152496
2536.04,0.0152531
0.000152531
2535.75,0.0152566
0.000152566
2535.45,0.0152601
0.000152601
2535.15,0.0152637
0.000152637
2534.85,0.0152673
0.000152673
2534.55,0.015271
0.00015271
2534.24,0.0152747
0.000152747
2533.93,0.0152784
0.000152784
2533.62,0.0152822
0.000152822
2533.31,0.015286
0.00015286
2532.99,0.0152898
0.000152898
2532.67,0.0152937
0.000152937
2532.34,0.0152976
0.000152976
2532.02,0.0153016
0.000153016
2531.69,0.0153056
0.000153056
2531.35,0.0153096
0.000153096
2531.02,0.0153137
0.000153137
2530.68,0.0153178
0.000153178
2530.33,0.0153219
0.000153219
2529.99,0.0153261
0.000153261
2529.64,0.0153303
0.000153303
2529.29,0.0153346
0.000153346
2528.94,0.0153389
0.000153389
2528.58,0.0153432
0.000153432
2528.22,0.0153476
0.000153476
2527.86,0.015352
0.00015352
2527.49,0.0153564
0.000153564
2527.12,0.0153609
0.000153609
2526.75,0.0153654
0.000153654
2526.37,0.01537
0.0001537
2526,0.0153746
0.000153746
2525.62,0.0153792
0.000153792
2525.23,0.0153839
0.000153839
2524.85,0.0153886
0.000153886
2524.46,0.0153934
0.000153934
2524.06,0.0153982
0.000153982
2523.67,0.015403
0.00015403
2523.27,0.0154078
0.000154078
2522.87,0.0154128
0.000154128
2522.46,0.0154177
0.000154177
2522.06,0.0154227
0.000154227
2521.64,0.0154277
0.000154277
2521.23,0.0154328
0.000154328
2520.81,0.0154379
0.000154379
2520.4,0.015443
0.00015443
2519.97,0.0154482
0.000154482
2519.55,0.0154534
0.000154534
2519.12,0.0154586
0.000154586
2518.69,0.0154639
0.000154639
2518.26,0.0154693
0.000154693
2517.82,0.0154746
0.000154746
2517.38,0.01548
0.0001548
2516.94,0.0154855
0.000154855
2516.49,0.015491
0.00015491
2516.04,0.0154965
0.000154965
2515.59,0.0155021
0.000155021
2515.13,0.0155077
0.000155077
2514.68,0.0155133
0.000155133
2514.22,0.015519
0.00015519
2513.75,0.0155247
0.000155247
2513.29,0.0155305
0.000155305
2512.82,0.0155363
0.000155363
2512.35,0.0155421
0.000155421
2511.87,0.015548
0.00015548
2511.39,0.0155539
0.000155539
2510.91,0.0155599
0.000155599
2510.43,0.0155659
0.000155659
2509.94,0.0155719
0.000155719
2509.45,0.015578
0.00015578
2508.96,0.0155841
0.000155841
2508.46,0.0155903
0.000155903
2507.96,0.0155965
0.000155965
2507.46,0.0156027
0.000156027
2506.96,0.015609
0.00015609
2506.45,0.0156153
0.000156153
2505.94,0.0156217
0.000156217
2505.43,0.0156281
0.000156281
2504.91,0.0156345
0.000156345
2504.39,0.015641
0.00015641
2503.87,0.0156475
0.000156475
2503.35,0.0156541
0.000156541
2502.82,0.0156607
0.000156607
2502.29,0.0156673
0.000156673
2501.75,0.015674
0.00015674
2501.22,0.0156807
0.000156807
2500.68,0.0156875
0.000156875
2500.14,0.0156943
0.000156943
2499.59,0.0157011
0.000157011
2499.04,0.015708
0.00015708
2498.49,0.0157149
0.000157149
2497.94,0.0157219
0.000157219
2497.38,0.0157289
0.000157289
2496.82,0.015736
0.00015736
2496.26,0.0157431
0.000157431
2495.7,0.0157502
0.000157502
2495.13,0.0157574
0.000157574
2494.56,0.0157646
0.000157646
2493.98,0.0157718
0.000157718
2493.41,0.0157791
0.000157791
2492.83,0.0157865
0.000157865
2492.24,0.0157938
0.000157938
2491.66,0.0158013
0.000158013
2491.07,0.0158087
0.000158087
2490.48,0.0158162
0.000158162
2489.88,0.0158238
0.000158238
2489.29,0.0158314
0.000158314
2488.69,0.015839
0.00015839
2488.09,0.0158467
0.000158467
2487.48,0.0158544
0.000158544
2486.87,0.0158622
0.000158622
2486.26,0.01587
0.0001587
2485.65,0.0158778
0.000158778
2485.03,0.0158857
0.000158857
2484.41,0.0158936
0.000158936
2483.79,0.0159016
0.000159016
2483.16,0.0159096
0.000159096
2482.53,0.0159176
0.000159176
2481.9,0.0159257
0.000159257
2481.27,0.0159339
0.000159339
2480.63,0.0159421
0.000159421
2479.99,0.0159503
0.000159503
2479.35,0.0159586
0.000159586
2478.7,0.0159669
0.000159669
2478.06,0.0159752
0.000159752
2477.4,0.0159836
0.000159836
2476.75,0.0159921
0.000159921
2476.09,0.0160005
0.000160005
2475.43,0.0160091
0.000160091
2474.77,0.0160176
0.000160176
2474.11,0.0160263
0.000160263
2473.44,0.0160349
0.000160349
2472.77,0.0160436
0.000160436
2472.1,0.0160523
0.000160523
2471.42,0.0160611
0.000160611
2470.74,0.01607
0.0001607
2470.06,0.0160788
0.000160788
2469.37,0.0160878
0.000160878
2468.69,0.0160967
0.000160967
2467.99,0.0161057
0.000161057
2467.3,0.0161148
0.000161148
2466.61,0.0161239
0.000161239
2465.91,0.016133
0.00016133
2465.21,0.0161422
0.000161422
2464.5,0.0161514
0.000161514
2463.79,0.0161607
0.000161607
2463.08,0.01617
0.0001617
2462.37,0.0161794
0.000161794
2461.66,0.0161888
0.000161888
2460.94,0.0161982
0.000161982
2460.22,0.0162077
0.000162077
2459.49,0.0162173
0.000162173
2458.77,0.0162269
0.000162269
2458.04,0.0162365
0.000162365
2457.3,0.0162462
0.000162462
2456.57,0.0162559
0.000162559
2455.83,0.0162657
0.000162657
2455.09,0.0162755
0.000162755
2454.35,0.0162853
0.000162853
2453.6,0.0162952
0.000162952
2452.85,0.0163052
0.000163052
2452.1,0.0163152
0.000163152
2451.35,0.0163252
0.000163252
2450.59,0.0163353
0.000163353
2449.83,0.0163454
0.000163454
2449.07,0.0163556
0.000163556
2448.3,0.0163658
0.000163658
2447.54,0.0163761
0.000163761
2446.77,0.0163864
0.000163864
2445.99,0.0163968
0.000163968
2445.22,0.0164072
0.000164072
2444.44,0.0164177
0.000164177
2443.66,0.0164282
0.000164282
2442.87,0.0164387
0.000164387
2442.08,0.0164493
0.000164493
2441.3,0.0164599
0.000164599
2440.5,0.0164706
0.000164706
2439.71,0.0164814
0.000164814
2438.91,0.0164922
0.000164922
2438.11,0.016503
0.00016503
2437.31,0.0165139
0.000165139
2436.5,0.0165248
0.000165248
2435.69,0.0165358
0.000165358
2434.88,0.0165468
0.000165468
2434.07,0.0165579
0.000165579
2433.25,0.016569
0.00016569
2432.43,0.0165801
0.000165801
2431.61,0.0165913
0.000165913
2430.78,0.0166026
0.000166026
2429.96,0.0166139
0.000166139
2429.13,0.0166253
0.000166253
2428.29,0.0166367
0.000166367
2427.46,0.0166481
0.000166481
2426.62,0.0166596
0.000166596
2425.78,0.0166712
0.000166712
2424.94,0.0166828
0.000166828
2424.09,0.0166944
0.000166944
2423.24,0.0167061
0.000167061
2422.39,0.0167179
0.000167179
2421.54,0.0167296
0.000167296
2420.68,0.0167415
0.000167415
2419.82,0.0167534
0.000167534
2418.96,0.0167653
0.000167653
2418.1,0.0167773
0.000167773
2417.23,0.0167893
0.000167893
2416.36,0.0168014
0.000168014
2415.49,0.0168136
0.000168136
2414.61,0.0168257
0.000168257
2413.73,0.016838
0.00016838
2412.85,0.0168503
0.000168503
2411.97,0.0168626
0.000168626
2411.09,0.016875
0.00016875
2410.2,0.0168874
0.000168874
2409.31,0.0168999
0.000168999
2408.41,0.0169124
0.000169124
2407.52,0.016925
0.00016925
2406.62,0.0169377
0.000169377
2405.72,0.0169504
0.000169504
2404.82,0.0169631
0.000169631
2403.91,0.0169759
0.000169759
2403,0.0169887
0.000169887
2402.09,0.0170016
0.000170016
2401.18,0.0170146
0.000170146
2400.26,0.0170276
0.000170276
2399.34,0.0170406
0.000170406
2398.42,0.0170537
0.000170537
2397.5,0.0170668
0.000170668
2396.57,0.01708
0.0001708
2395.64,0.0170933
0.000170933
2394.71,0.0171066
0.000171066
2393.78,0.0171199
0.000171199
2392.84,0.0171333
0.000171333
2391.9,0.0171468
0.000171468
2390.96,0.0171603
0.000171603
2390.01,0.0171739
0.000171739
2389.07,0.0171875
0.000171875
2388.12,0.0172012
0.000172012
2387.17,0.0172149
0.000172149
2386.21,0.0172286
0.000172286
2385.26,0.0172425
0.000172425
2384.3,0.0172563
0.000172563
2383.33,0.0172703
0.000172703
2382.37,0.0172843
0.000172843
2381.4,0.0172983
0.000172983
2380.43,0.0173124
0.000173124
2379.46,0.0173265
0.000173265
2378.49,0.0173407
0.000173407
2377.51,0.017355
0.00017355
2376.53,0.0173693
0.000173693
2375.55,0.0173836
0.000173836
2374.57,0.017398
0.00017398
2373.58,0.0174125
0.000174125
2372.59,0.017427
0.00017427
2371.6,0.0174416
0.000174416
2370.61,0.0174562
0.000174562
2369.61,0.0174709
0.000174709
2368.61,0.0174856
0.000174856
2367.61,0.0175004
0.000175004
2366.61,0.0175153
0.000175153
2365.6,0.0175302
0.000175302
2364.59,0.0175451
0.000175451
2363.58,0.0175601
0.000175601
2362.57,0.0175752
0.000175752
2361.55,0.0175903
0.000175903
2360.54,0.0176055
0.000176055
2359.52,0.0176207
0.000176207
2358.49,0.017636
0.00017636
2357.47,0.0176513
0.000176513
2356.44,0.0176667
0.000176667
2355.41,0.0176822
0.000176822
2354.38,0.0176977
0.000176977
2353.34,0.0177132
0.000177132
2352.31,0.0177289
0.000177289
2351.27,0.0177445
0.000177445
2350.23,0.0177603
0.000177603
2349.18,0.0177761
0.000177761
2348.14,0.0177919
0.000177919
2347.09,0.0178078
0.000178078
2346.04,0.0178238
0.000178238
2344.98,0.0178398
0.000178398
2343.93,0.0178558
0.000178558
2342.87,0.017872
0.00017872
2341.81,0.0178882
0.000178882
2340.75,0.0179044
0.000179044
2339.68,0.0179207
0.000179207
2338.62,0.0179371
0.000179371
2337.55,0.0179535
0.000179535
2336.47,0.0179699
0.000179699
2335.4,0.0179865
0.000179865
2334.32,0.0180031
0.000180031
2333.25,0.0180197
0.000180197
2332.17,0.0180364
0.000180364
2331.08,0.0180532
0.000180532
2330,0.01807
0.0001807
2328.91,0.0180869
0.000180869
2327.82,0.0181038
0.000181038
2326.73,0.0181208
0.000181208
2325.63,0.0181379
0.000181379
2324.54,0.018155
0.00018155
2323.44,0.0181722
0.000181722
2322.34,0.0181894
0.000181894
2321.24,0.0182067
0.000182067
2320.13,0.018224
0.00018224
2319.02,0.0182414
0.000182414
2317.91,0.0182589
0.000182589
2316.8,0.0182764
0.000182764
2315.69,0.018294
0.00018294
2314.57,0.0183117
0.000183117
2313.45,0.0183294
0.000183294
2312.33,0.0183471
0.000183471
2311.21,0.018365
0.00018365
2310.09,0.0183829
0.000183829
2308.96,0.0184008
0.000184008
2307.83,0.0184188
0.000184188
2306.7,0.0184369
0.000184369
2305.57,0.018455
0.00018455
2304.43,0.0184732
0.000184732
2303.29,0.0184914
0.000184914
2302.15,0.0185098
0.000185098
2301.01,0.0185281
0.000185281
2299.87,0.0185466
0.000185466
2298.72,0.0185651
0.000185651
2297.57,0.0185836
0.000185836
2296.42,0.0186022
0.000186022
2295.27,0.0186209
0.000186209
2294.12,0.0186397
0.000186397
2292.96,0.0186585
0.000186585
2291.8,0.0186773
0.000186773
2290.64,0.0186963
0.000186963
2289.48,0.0187152
0.000187152
2288.32,0.0187343
0.000187343
2287.15,0.0187534
0.000187534
2285.98,0.0187726
0.000187726
2284.81,0.0187918
0.000187918
2283.64,0.0188111
0.000188111
2282.46,0.0188305
0.000188305
2281.29,0.0188499
0.000188499
2280.11,0.0188694
0.000188694
2278.93,0.018889
0.00018889
2277.75,0.0189086
0.000189086
2276.56,0.0189283
0.000189283
2275.37,0.018948
0.00018948
2274.19,0.0189678
0.000189678
2273,0.0189877
0.000189877
2271.8,0.0190076
0.000190076
2270.61,0.0190276
0.000190276
2269.41,0.0190477
0.000190477
2268.22,0.0190678
0.000190678
2267.02,0.019088
0.00019088
2265.81,0.0191082
0.000191082
2264.61,0.0191285
0.000191285
2263.41,0.0191489
0.000191489
2262.2,0.0191694
0.000191694
2260.99,0.0191899
0.000191899
2259.78,0.0192105
0.000192105
2258.56,0.0192311
0.000192311
2257.35,0.0192518
0.000192518
2256.13,0.0192726
0.000192726
2254.91,0.0192934
0.000192934
2253.69,0.0193143
0.000193143
2252.47,0.0193353
0.000193353
2251.25,0.0193563
0.000193563
2250.02,0.0193774
0.000193774
2248.79,0.0193986
0.000193986
2247.56,0.0194198
0.000194198
2246.33,0.0194411
0.000194411
2245.1,0.0194624
0.000194624
2243.87,0.0194839
0.000194839
2242.63,0.0195054
0.000195054
2241.39,0.0195269
0.000195269
2240.15,0.0195485
0.000195485
2238.91,0.0195702
0.000195702
2237.67,0.019592
0.00019592
2236.42,0.0196138
0.000196138
2235.17,0.0196357
0.000196357
2233.93,0.0196576
0.000196576
2232.68,0.0196797
0.000196797
2231.42,0.0197018
0.000197018
2230.17,0.0197239
0.000197239
2228.91,0.0197461
0.000197461
2227.66,0.0197684
0.000197684
2226.4,0.0197908
0.000197908
2225.14,0.0198132
0.000198132
2223.88,0.0198357
0.000198357
2222.61,0.0198583
0.000198583
2221.35,0.0198809
0.000198809
2220.08,0.0199036
0.000199036
2218.81,0.0199263
0.000199263
2217.54,0.0199492
0.000199492
2216.27,0.0199721
0.000199721
2215,0.019995
0.00019995
2213.72,0.0200181
0.000200181
2212.45,0.0200412
0.000200412
2211.17,0.0200643
0.000200643
2209.89,0.0200876
0.000200876
2208.61,0.0201109
0.000201109
2207.33,0.0201342
0.000201342
2206.04,0.0201577
0.000201577
2204.76,0.0201812
0.000201812
2203.47,0.0202048
0.000202048
2202.18,0.0202284
0.000202284
2200.89,0.0202521
0.000202521
2199.6,0.0202759
0.000202759
2198.31,0.0202998
0.000202998
2197.02,0.0203237
0.000203237
2195.72,0.0203477
0.000203477
2194.42,0.0203717
0.000203717
2193.13,0.0203959
0.000203959
2191.83,0.0204201
0.000204201
2190.52,0.0204443
0.000204443
2189.22,0.0204687
0.000204687
2187.92,0.0204931
0.000204931
2186.61,0.0205175
0.000205175
2185.31,0.0205421
0.000205421
2184,0.0205667
0.000205667
2182.69,0.0205914
0.000205914
2181.38,0.0206161
0.000206161
2180.07,0.0206409
0.000206409
2178.75,0.0206658
0.000206658
2177.44,0.0206908
0.000206908
2176.12,0.0207158
0.000207158
2174.8,0.0207409
0.000207409
2173.49,0.0207661
0.000207661
2172.17,0.0207914
0.000207914
2170.85,0.0208167
0.000208167
2169.52,0.020842
0.00020842
2168.2,0.0208675
0.000208675
2166.88,0.020893
0.00020893
2165.55,0.0209186
0.000209186
2164.22,0.0209443
0.000209443
2162.89,0.02097
0.0002097
2161.56,0.0209958
0.000209958
2160.23,0.0210217
0.000210217
2158.9,0.0210476
0.000210476
2157.57,0.0210736
0.000210736
2156.24,0.0210997
0.000210997
2154.9,0.0211259
0.000211259
2153.56,0.0211521
0.000211521
2152.23,0.0211784
0.000211784
2150.89,0.0212047
0.000212047
2149.55,0.0212312
0.000212312
2148.21,0.0212577
0.000212577
2146.87,0.0212843
0.000212843
2145.53,0.0213109
0.000213109
2144.18,0.0213376
0.000213376
2142.84,0.0213644
0.000213644
2141.49,0.0213913
0.000213913
2140.15,0.0214182
0.000214182
2138.8,0.0214452
0.000214452
2137.45,0.0214722
0.000214722
2136.1,0.0214994
0.000214994
2134.75,0.0215266
0.000215266
2133.4,0.0215539
0.000215539
2132.05,0.0215812
0.000215812
2130.69,0.0216086
0.000216086
2129.34,0.0216361
0.000216361
2127.98,0.0216637
0.000216637
2126.63,0.0216913
0.000216913
2125.27,0.021719
0.00021719
2123.91,0.0217468
0.000217468
2122.56,0.0217746
0.000217746
2121.2,0.0218026
0.000218026
2119.84,0.0218305
0.000218305
2118.48,0.0218586
0.000218586
2117.11,0.0218867
0.000218867
2115.75,0.0219149
0.000219149
2114.39,0.0219432
0.000219432
2113.02,0.0219715
0.000219715
2111.66,0.0219999
0.000219999
2110.29,0.0220284
0.000220284
2108.93,0.0220569
0.000220569
2107.56,0.0220856
0.000220856
2106.19,0.0221142
0.000221142
2104.83,0.022143
0.00022143
2103.46,0.0221718
0.000221718
2102.09,0.0222007
0.000222007
2100.72,0.0222297
0.000222297
2099.35,0.0222587
0.000222587
2097.98,0.0222878
0.000222878
2096.61,0.022317
0.00022317
2095.23,0.0223462
0.000223462
2093.86,0.0223756
0.000223756
2092.49,0.0224049
0.000224049
2091.11,0.0224344
0.000224344
2089.74,0.0224639
0.000224639
2088.36,0.0224935
0.000224935
2086.99,0.0225232
0.000225232
2085.61,0.0225529
0.000225529
2084.24,0.0225827
0.000225827
2082.86,0.0226125
0.000226125
2081.48,0.0226425
0.000226425
2080.1,0.0226725
0.000226725
2078.73,0.0227025
0.000227025
2077.35,0.0227327
0.000227327
2075.97,0.0227629
0.000227629
2074.59,0.0227932
0.000227932
2073.21,0.0228235
0.000228235
2071.83,0.0228539
0.000228539
2070.45,0.0228844
0.000228844
2069.07,0.0229149
0.000229149
2067.69,0.0229456
0.000229456
2066.31,0.0229762
0.000229762
2064.93,0.023007
0.00023007
2063.55,0.0230378
0.000230378
2062.16,0.0230687
0.000230687
2060.78,0.0230996
0.000230996
2059.4,0.0231307
0.000231307
2058.02,0.0231617
0.000231617
2056.63,0.0231929
0.000231929
2055.25,0.0232241
0.000232241
2053.87,0.0232554
0.000232554
2052.49,0.0232867
0.000232867
2051.1,0.0233181
0.000233182
2049.72,0.0233496
0.000233496
2048.34,0.0233812
0.000233812
2046.95,0.0234128
0.000234128
2045.57,0.0234445
0.000234445
2044.19,0.0234762
0.000234762
2042.8,0.023508
0.00023508
2041.42,0.0235399
0.000235399
2040.04,0.0235718
0.000235718
2038.65,0.0236038
0.000236038
2037.27,0.0236359
0.000236359
2035.89,0.023668
0.00023668
2034.5,0.0237002
0.000237002
2033.12,0.0237324
0.000237325
2031.74,0.0237648
0.000237648
2030.36,0.0237971
0.000237971
2028.97,0.0238296
0.000238296
2027.59,0.0238621
0.000238621
2026.21,0.0238947
0.000238947
2024.83,0.0239273
0.000239273
2023.44,0.02396
0.0002396
2022.06,0.0239927
0.000239927
2020.68,0.0240255
0.000240255
2019.3,0.0240584
0.000240584
2017.92,0.0240913
0.000240913
2016.54,0.0241243
0.000241243
2015.16,0.0241574
0.000241574
2013.78,0.0241905
0.000241905
2012.4,0.0242237
0.000242237
2011.02,0.0242569
0.000242569
2009.64,0.0242902
0.000242902
2008.27,0.0243235
0.000243235
2006.89,0.024357
0.00024357
2005.51,0.0243904
0.000243904
2004.13,0.0244239
0.000244239
2002.76,0.0244575
0.000244575
2001.38,0.0244912
0.000244912
2000.01,0.0245249
0.000245249
1998.63,0.0245586
0.000245586
1997.26,0.0245924
0.000245924
1995.88,0.0246263
0.000246263
1994.51,0.0246602
0.000246602
1993.14,0.0246942
0.000246942
1991.77,0.0247282
0.000247282
1990.39,0.0247623
0.000247623
1989.02,0.0247964
0.000247964
1987.65,0.0248306
0.000248306
1986.28,0.0248649
0.000248649
1984.92,0.0248992
0.000248992
1983.55,0.0249335
0.000249335
1982.18,0.0249679
0.000249679
1980.82,0.0250023
0.000250023
1979.45,0.0250368
0.000250369
1978.09,0.0250714
0.000250714
1976.72,0.025106
0.00025106
1975.36,0.0251407
0.000251407
1974,0.0251754
0.000251754
1972.64,0.0252101
0.000252101
1971.28,0.0252449
0.000252449
1969.92,0.0252798
0.000252798
1968.56,0.0253147
0.000253147
1967.2,0.0253496
0.000253496
1965.85,0.0253846
0.000253846
1964.49,0.0254196
0.000254196
1963.14,0.0254547
0.000254547
1961.78,0.0254898
0.000254898
1960.43,0.025525
0.00025525
1959.08,0.0255602
0.000255602
1957.73,0.0255955
0.000255955
1956.38,0.0256308
0.000256308
1955.03,0.0256661
0.000256661
1953.69,0.0257015
0.000257015
1952.34,0.025737
0.00025737
1951,0.0257724
0.000257724
1949.65,0.025808
0.00025808
1948.31,0.0258435
0.000258435
1946.97,0.0258791
0.000258791
1945.63,0.0259147
0.000259147
1944.3,0.0259504
0.000259504
1942.96,0.0259861
0.000259861
1941.63,0.0260219
0.000260219
1940.29,0.0260576
0.000260576
1938.96,0.0260935
0.000260935
1937.63,0.0261293
0.000261293
1936.3,0.0261652
0.000261652
1934.97,0.0262011
0.000262011
1933.64,0.0262371
0.000262371
1932.32,0.0262731
0.000262731
1931,0.0263091
0.000263091
1929.67,0.0263452
0.000263452
1928.35,0.0263812
0.000263812
1927.04,0.0264174
0.000264174
1925.72,0.0264535
0.000264535
1924.4,0.0264897
0.000264897
1923.09,0.0265259
0.000265259
1921.78,0.0265621
0.000265621
1920.47,0.0265984
0.000265984
1919.16,0.0266347
0.000266347
1917.85,0.026671
0.00026671
1916.55,0.0267073
0.000267073
1915.24,0.0267437
0.000267437
1913.94,0.0267801
0.000267801
1912.64,0.0268165
0.000268165
1911.34,0.0268529
0.000268529
1910.05,0.0268894
0.000268894
1908.75,0.0269258
0.000269258
1907.46,0.0269623
0.000269623
1906.17,0.0269988
0.000269988
1904.88,0.0270354
0.000270354
1903.6,0.0270719
0.000270719
1902.31,0.0271085
0.000271085
1901.03,0.0271451
0.000271451
1899.75,0.0271817
0.000271817
1898.47,0.0272183
0.000272183
1897.2,0.0272549
0.000272549
1895.92,0.0272915
0.000272915
1894.65,0.0273282
0.000273282
1893.38,0.0273649
0.000273649
1892.11,0.0274015
0.000274015
1890.85,0.0274382
0.000274382
1889.58,0.0274749
0.000274749
1888.32,0.0275116
0.000275116
1887.07,0.0275483
0.000275483
1885.81,0.027585
0.00027585
1884.56,0.0276217
0.000276217
1883.3,0.0276585
0.000276585
1882.06,0.0276952
0.000276952
1880.81,0.0277319
0.000277319
1879.56,0.0277686
0.000277686
1878.32,0.0278054
0.000278054
1877.08,0.0278421
0.000278421
1875.85,0.0278788
0.000278788
1874.61,0.0279155
0.000279155
1873.38,0.0279523
0.000279523
1872.15,0.027989
0.00027989
1870.92,0.0280257
0.000280257
1869.7,0.0280624
0.000280624
1868.48,0.0280991
0.000280991
1867.26,0.0281358
0.000281358
1866.04,0.0281725
0.000281725
1864.83,0.0282091
0.000282091
1863.62,0.0282458
0.000282458
1862.41,0.0282825
0.000282825
1861.21,0.0283191
0.000283191
1860.01,0.0283557
0.000283557
1858.81,0.0283923
0.000283923
1857.61,0.0284289
0.000284289
1856.42,0.0284655
0.000284655
1855.22,0.028502
0.00028502
1854.04,0.0285386
0.000285386
1852.85,0.0285751
0.000285751
1851.67,0.0286116
0.000286116
1850.49,0.0286481
0.000286481
1849.31,0.0286845
0.000286845
1848.14,0.0287209
0.000287209
1846.97,0.0287573
0.000287573
1845.8,0.0287937
0.000287937
1844.64,0.02883
0.0002883
1843.48,0.0288664
0.000288664
1842.32,0.0289026
0.000289026
1841.17,0.0289389
0.000289389
1840.02,0.0289751
0.000289751
1838.87,0.0290113
0.000290113
1837.73,0.0290474
0.000290474
1836.58,0.0290835
0.000290835
1835.45,0.0291196
0.000291196
1834.31,0.0291556
0.000291556
1833.18,0.0291916
0.000291916
1832.05,0.0292276
0.000292276
1830.93,0.0292635
0.000292635
1829.81,0.0292994
0.000292994
1828.69,0.0293352
0.000293352
1827.58,0.029371
0.00029371
1826.47,0.0294067
0.000294067
1825.36,0.0294424
0.000294424
1824.26,0.029478
0.00029478
1823.16,0.0295136
0.000295136
1822.06,0.0295491
0.000295491
1820.97,0.0295846
0.000295846
1819.88,0.02962
0.0002962
1818.79,0.0296553
0.000296553
1817.71,0.0296907
0.000296907
1816.63,0.0297259
0.000297259
1815.56,0.0297611
0.000297611
1814.49,0.0297962
0.000297962
1813.42,0.0298313
0.000298313
1812.36,0.0298663
0.000298663
1811.3,0.0299012
0.000299012
1810.24,0.0299361
0.000299361
1809.19,0.0299709
0.000299709
1808.15,0.0300056
0.000300056
1807.1,0.0300402
0.000300402
1806.06,0.0300748
0.000300748
1805.03,0.0301093
0.000301093
1804,0.0301438
0.000301438
1802.97,0.0301781
0.000301781
1801.95,0.0302124
0.000302124
1800.93,0.0302466
0.000302466
1799.91,0.0302807
0.000302807
1798.9,0.0303148
0.000303148
1797.89,0.0303487
0.000303487
1796.89,0.0303826
0.000303826
1795.89,0.0304164
0.000304164
1794.9,0.0304501
0.000304501
1793.91,0.0304837
0.000304837
1792.92,0.0305172
0.000305172
1791.94,0.0305507
0.000305507
1790.97,0.030584
0.00030584
1789.99,0.0306173
0.000306173
1789.02,0.0306504
0.000306504
1788.06,0.0306835
0.000306835
1787.1,0.0307164
0.000307164
1786.15,0.0307493
0.000307493
1785.2,0.030782
0.00030782
1784.25,0.0308147
0.000308147
1783.31,0.0308472
0.000308472
1782.37,0.0308796
0.000308796
1781.44,0.030912
0.00030912
1780.51,0.0309442
0.000309442
1779.59,0.0309763
0.000309763
1778.67,0.0310083
0.000310083
1777.76,0.0310402
0.000310402
1776.85,0.031072
0.00031072
1775.94,0.0311036
0.000311036
1775.04,0.0311352
0.000311352
1774.15,0.0311666
0.000311666
1773.26,0.0311979
0.000311979
1772.37,0.031229
0.00031229
1771.49,0.0312601
0.000312601
1770.62,0.031291
0.00031291
1769.75,0.0313218
0.000313218
1768.88,0.0313525
0.000313525
1768.02,0.031383
0.00031383
1767.16,0.0314135
0.000314135
1766.31,0.0314437
0.000314437
1765.47,0.0314739
0.000314739
1764.62,0.0315039
0.000315039
1763.79,0.0315338
0.000315338
1762.96,0.0315635
0.000315635
1762.13,0.0315931
0.000315931
1761.31,0.0316226
0.000316226
1760.5,0.0316519
0.000316519
1759.68,0.031681
0.00031681
1758.88,0.0317101
0.000317101
1758.08,0.0317389
0.000317389
1757.28,0.0317677
0.000317677
1756.49,0.0317962
0.000317962
1755.71,0.0318247
0.000318247
1754.93,0.0318529
0.000318529
1754.16,0.0318811
0.000318811
1753.39,0.031909
0.00031909
1752.62,0.0319368
0.000319368
1751.87,0.0319645
0.000319645
1751.11,0.031992
0.00031992
1750.37,0.0320193
0.000320193
1749.62,0.0320464
0.000320464
1748.89,0.0320734
0.000320734
1748.16,0.0321003
0.000321003
1747.43,0.0321269
0.000321269
1746.71,0.0321534
0.000321534
1746,0.0321797
0.000321797
1745.29,0.0322059
0.000322059
1744.58,0.0322319
0.000322319
1743.89,0.0322577
0.000322577
1743.19,0.0322833
0.000322833
1742.51,0.0323087
0.000323087
1741.83,0.032334
0.00032334
1741.15,0.0323591
0.000323591
1740.48,0.032384
0.00032384
1739.82,0.0324087
0.000324087
1739.16,0.0324332
0.000324332
1738.51,0.0324576
0.000324576
1737.86,0.0324818
0.000324818
1737.22,0.0325057
0.000325057
1736.58,0.0325295
0.000325295
1735.95,0.0325531
0.000325531
1735.33,0.0325765
0.000325765
1734.71,0.0325997
0.000325997
1734.1,0.0326227
0.000326227
1733.49,0.0326455
0.000326455
1732.89,0.0326682
0.000326682
1732.3,0.0326906
0.000326906
1731.71,0.0327128
0.000327128
1731.13,0.0327348
0.000327348
1730.55,0.0327566
0.000327566
1729.98,0.0327782
0.000327782
1729.42,0.0327996
0.000327996
1728.86,0.0328208
0.000328208
1728.31,0.0328418
0.000328418
1727.76,0.0328626
0.000328626
1727.22,0.0328831
0.000328831
1726.69,0.0329035
0.000329035
1726.16,0.0329236
0.000329236
1725.64,0.0329435
0.000329435
1725.12,0.0329632
0.000329632
1724.61,0.0329827
0.000329827
1724.11,0.033002
0.00033002
1723.61,0.033021
0.00033021
1723.12,0.0330398
0.000330398
1722.63,0.0330585
0.000330585
1722.16,0.0330768
0.000330768
1721.68,0.033095
0.00033095
1721.22,0.0331129
0.000331129
1720.76,0.0331306
0.000331306
1720.3,0.0331481
0.000331481
1719.86,0.0331654
0.000331654
1719.42,0.0331824
0.000331824
1718.98,0.0331992
0.000331992
1718.55,0.0332157
0.000332157
1718.13,0.0332321
0.000332321
1717.71,0.0332481
0.000332481
1717.3,0.033264
0.00033264
1716.9,0.0332796
0.000332796
1716.5,0.033295
0.00033295
1716.11,0.0333101
0.000333101
1715.73,0.033325
0.00033325
1715.35,0.0333397
0.000333397
1714.98,0.0333541
0.000333541
1714.62,0.0333683
0.000333683
1714.26,0.0333823
0.000333823
1713.91,0.033396
0.00033396
1713.56,0.0334094
0.000334094
1713.22,0.0334226
0.000334226
1712.89,0.0334356
0.000334356
1712.57,0.0334483
0.000334483
1712.25,0.0334608
0.000334608
1711.94,0.033473
0.00033473
1711.63,0.0334849
0.000334849
1711.33,0.0334967
0.000334967
1711.04,0.0335081
0.000335081
1710.75,0.0335193
0.000335193
1710.47,0.0335303
0.000335303
1710.2,0.033541
0.00033541
1709.93,0.0335515
0.000335515
1709.67,0.0335617
0.000335617
1709.42,0.0335716
0.000335716
1709.17,0.0335813
0.000335813
1708.93,0.0335907
0.000335907
1708.7,0.0335999
0.000335999
1708.47,0.0336088
0.000336088
1708.25,0.0336175
0.000336175
1708.04,0.0336259
0.000336259
1707.83,0.033634
0.00033634
1707.63,0.0336419
0.000336419
1707.44,0.0336495
0.000336495
1707.25,0.0336569
0.000336569
1707.07,0.033664
0.00033664
1706.9,0.0336708
0.000336708
1706.73,0.0336774
0.000336774
1706.57,0.0336837
0.000336837
1706.42,0.0336898
0.000336898
1706.27,0.0336955
0.000336955
1706.13,0.0337011
0.000337011
1706,0.0337063
0.000337063
1705.87,0.0337113
0.000337113
1705.75,0.033716
0.00033716
1705.64,0.0337205
0.000337205
1705.53,0.0337247
0.000337247
1705.44,0.0337286
0.000337286
1705.34,0.0337323
0.000337323
1705.26,0.0337357
0.000337357
1705.18,0.0337388
0.000337388
1705.11,0.0337416
0.000337416
1705.04,0.0337442
0.000337442
1704.98,0.0337466
0.000337466
1704.93,0.0337486
0.000337486
1704.88,0.0337504
0.000337504
1704.85,0.0337519
0.000337519
1704.81,0.0337532
0.000337532
1704.79,0.0337542
0.000337542
1704.77,0.0337549
0.000337549
1704.76,0.0337553
0.000337553
1704.76,0.0337555
0.000337555
1704.76,0.0337554
0.000337554
1704.77,0.0337551
0.000337551
1704.78,0.0337545
0.000337545
1704.8,0.0337536
0.000337536
1704.83,0.0337524
0.000337524
1704.87,0.033751
0.00033751
1704.91,0.0337493
0.000337493
1704.96,0.0337473
0.000337473
1705.02,0.0337451
0.000337451
1705.08,0.0337426
0.000337426
1705.15,0.0337398
0.000337398
1705.23,0.0337368
0.000337368
1705.31,0.0337335
0.000337335
1705.4,0.0337299
0.000337299
1705.5,0.0337261
0.000337261
1705.6,0.033722
0.00033722
1705.71,0.0337176
0.000337176
1705.83,0.033713
0.00033713
1705.95,0.0337081
0.000337081
1706.08,0.0337029
0.000337029
1706.22,0.0336975
0.000336975
1706.37,0.0336918
0.000336918
1706.52,0.0336859
0.000336859
1706.67,0.0336797
0.000336797
1706.84,0.0336732
0.000336732
1707.01,0.0336664
0.000336664
1707.19,0.0336594
0.000336594
1707.37,0.0336522
0.000336522
1707.56,0.0336446
0.000336446
1707.76,0.0336368
0.000336368
1707.96,0.0336288
0.000336288
1708.18,0.0336205
0.000336205
1708.39,0.0336119
0.000336119
1708.62,0.0336031
0.000336031
1708.85,0.033594
0.00033594
1709.09,0.0335847
0.000335847
1709.33,0.0335751
0.000335751
1709.58,0.0335652
0.000335652
1709.84,0.0335551
0.000335551
1710.1,0.0335447
0.000335447
1710.37,0.0335341
0.000335341
1710.65,0.0335232
0.000335232
1710.94,0.0335121
0.000335121
1711.23,0.0335007
0.000335007
1711.52,0.0334891
0.000334891
1711.83,0.0334772
0.000334772
1712.14,0.0334651
0.000334651
1712.45,0.0334527
0.000334527
1712.78,0.0334401
0.000334401
1713.11,0.0334272
0.000334272
1713.44,0.0334141
0.000334141
1713.79,0.0334007
0.000334007
1714.14,0.0333871
0.000333871
1714.49,0.0333733
0.000333733
1714.85,0.0333592
0.000333592
1715.22,0.0333448
0.000333448
1715.6,0.0333302
0.000333302
1715.98,0.0333154
0.000333154
1716.37,0.0333004
0.000333004
1716.76,0.0332851
0.000332851
1717.16,0.0332695
0.000332695
1717.57,0.0332537
0.000332537
1717.98,0.0332377
0.000332377
1718.4,0.0332215
0.000332215
1718.83,0.033205
0.00033205
1719.26,0.0331883
0.000331883
1719.7,0.0331714
0.000331714
1720.15,0.0331542
0.000331542
1720.6,0.0331368
0.000331368
1721.06,0.0331192
0.000331192
1721.52,0.0331013
0.000331013
1721.99,0.0330832
0.000330832
1722.47,0.0330649
0.000330649
1722.95,0.0330464
0.000330464
1723.44,0.0330277
0.000330277
1723.93,0.0330087
0.000330087
1724.43,0.0329895
0.000329895
1724.94,0.0329701
0.000329701
1725.46,0.0329505
0.000329505
1725.98,0.0329306
0.000329306
1726.5,0.0329106
0.000329106
1727.03,0.0328903
0.000328903
1727.57,0.0328698
0.000328698
1728.12,0.0328491
0.000328491
1728.67,0.0328282
0.000328282
1729.22,0.0328071
0.000328071
1729.78,0.0327857
0.000327857
1730.35,0.0327642
0.000327642
1730.93,0.0327425
0.000327425
1731.51,0.0327205
0.000327205
1732.09,0.0326984
0.000326984
1732.69,0.032676
0.000326761
1733.28,0.0326535
0.000326535
1733.89,0.0326308
0.000326308
1734.5,0.0326078
0.000326078
1735.11,0.0325847
0.000325847
1735.73,0.0325613
0.000325613
1736.36,0.0325378
0.000325378
1737,0.0325141
0.000325141
1737.63,0.0324902
0.000324902
1738.28,0.0324661
0.000324661
1738.93,0.0324418
0.000324418
1739.59,0.0324173
0.000324173
1740.25,0.0323927
0.000323927
1740.92,0.0323678
0.000323678
1741.59,0.0323428
0.000323428
1742.27,0.0323176
0.000323176
1742.95,0.0322922
0.000322922
1743.64,0.0322667
0.000322667
1744.34,0.0322409
0.000322409
1745.04,0.032215
0.00032215
1745.75,0.0321889
0.000321889
1746.46,0.0321627
0.000321627
1747.18,0.0321362
0.000321362
1747.9,0.0321096
0.000321096
1748.63,0.0320829
0.000320829
1749.36,0.0320559
0.000320559
1750.1,0.0320288
0.000320288
1750.85,0.0320016
0.000320016
1751.6,0.0319741
0.000319741
1752.36,0.0319465
0.000319465
1753.12,0.0319188
0.000319188
1753.89,0.0318909
0.000318909
1754.66,0.0318628
0.000318628
1755.43,0.0318346
0.000318346
1756.22,0.0318062
0.000318062
1757.01,0.0317777
0.000317777
1757.8,0.031749
0.00031749
1758.6,0.0317202
0.000317202
1759.4,0.0316912
0.000316912
1760.21,0.0316621
0.000316621
1761.02,0.0316329
0.000316329
1761.84,0.0316035
0.000316035
1762.67,0.0315739
0.000315739
1763.5,0.0315442
0.000315442
1764.33,0.0315144
0.000315144
1765.17,0.0314844
0.000314844
1766.01,0.0314543
0.000314543
1766.86,0.0314241
0.000314241
1767.72,0.0313937
0.000313937
1768.58,0.0313632
0.000313632
1769.44,0.0313326
0.000313326
1770.31,0.0313018
0.000313018
1771.18,0.031271
0.00031271
1772.06,0.03124
0.0003124
1772.95,0.0312088
0.000312088
1773.84,0.0311776
0.000311776
1774.73,0.0311462
0.000311462
1775.63,0.0311147
0.000311147
1776.53,0.0310831
0.000310831
1777.44,0.0310513
0.000310514
1778.35,0.0310195
0.000310195
1779.27,0.0309875
0.000309875
1780.19,0.0309555
0.000309555
1781.11,0.0309233
0.000309233
1782.04,0.030891
0.00030891
1782.98,0.0308586
0.000308586
1783.92,0.0308261
0.000308261
1784.86,0.0307935
0.000307935
1785.81,0.0307608
0.000307608
1786.77,0.030728
0.00030728
1787.72,0.030695
0.00030695
1788.69,0.030662
0.00030662
1789.65,0.0306289
0.000306289
1790.62,0.0305957
0.000305957
1791.6,0.0305624
0.000305624
1792.58,0.030529
0.00030529
1793.56,0.0304955
0.000304955
1794.55,0.0304619
0.000304619
1795.54,0.0304282
0.000304282
1796.54,0.0303945
0.000303945
1797.54,0.0303606
0.000303606
1798.55,0.0303267
0.000303267
1799.56,0.0302927
0.000302927
1800.57,0.0302586
0.000302586
1801.59,0.0302244
0.000302244
1802.61,0.0301902
0.000301902
1803.64,0.0301558
0.000301558
1804.67,0.0301214
0.000301214
1805.7,0.0300869
0.000300869
1806.74,0.0300524
0.000300524
1807.78,0.0300177
0.000300177
1808.83,0.029983
0.00029983
1809.88,0.0299483
0.000299483
1810.93,0.0299134
0.000299134
1811.99,0.0298785
0.000298785
1813.05,0.0298435
0.000298435
1814.11,0.0298085
0.000298085
1815.18,0.0297734
0.000297734
1816.26,0.0297382
0.000297382
1817.33,0.029703
0.00029703
1818.41,0.0296677
0.000296677
1819.5,0.0296324
0.000296324
1820.58,0.029597
0.00029597
1821.68,0.0295615
0.000295615
1822.77,0.029526
0.00029526
1823.87,0.0294905
0.000294905
1824.97,0.0294549
0.000294549
1826.08,0.0294192
0.000294192
1827.19,0.0293835
0.000293835
1828.3,0.0293477
0.000293477
1829.42,0.0293119
0.000293119
1830.54,0.0292761
0.000292761
1831.66,0.0292402
0.000292402
1832.79,0.0292042
0.000292042
1833.92,0.0291683
0.000291683
1835.05,0.0291322
0.000291322
1836.19,0.0290962
0.000290962
1837.33,0.0290601
0.000290601
1838.47,0.0290239
0.000290239
1839.62,0.0289878
0.000289878
1840.77,0.0289516
0.000289516
1841.92,0.0289153
0.000289153
1843.07,0.0288791
0.000288791
1844.23,0.0288428
0.000288428
1845.4,0.0288064
0.000288064
1846.56,0.0287701
0.000287701
1847.73,0.0287337
0.000287337
1848.9,0.0286973
0.000286973
1850.08,0.0286608
0.000286608
1851.26,0.0286244
0.000286244
1852.44,0.0285879
0.000285879
1853.62,0.0285514
0.000285514
1854.81,0.0285149
0.000285149
1856,0.0284783
0.000284783
1857.19,0.0284417
0.000284417
1858.39,0.0284052
0.000284052
1859.58,0.0283686
0.000283686
1860.79,0.0283319
0.000283319
1861.99,0.0282953
0.000282953
1863.2,0.0282587
0.000282587
1864.41,0.028222
0.00028222
1865.62,0.0281853
0.000281853
1866.83,0.0281487
0.000281487
1868.05,0.028112
0.00028112
1869.27,0.0280753
0.000280753
1870.49,0.0280386
0.000280386
1871.72,0.0280019
0.000280019
1872.95,0.0279651
0.000279651
1874.18,0.0279284
0.000279284
1875.41,0.0278917
0.000278917
1876.65,0.027855
0.00027855
1877.89,0.0278182
0.000278182
1879.13,0.0277815
0.000277815
1880.37,0.0277448
0.000277448
1881.62,0.0277081
0.000277081
1882.87,0.0276713
0.000276713
1884.12,0.0276346
0.000276346
1885.37,0.0275979
0.000275979
1886.62,0.0275612
0.000275612
1887.88,0.0275245
0.000275245
1889.14,0.0274878
0.000274878
1890.4,0.0274511
0.000274511
1891.67,0.0274144
0.000274144
1892.94,0.0273777
0.000273777
1894.2,0.0273411
0.000273411
1895.48,0.0273044
0.000273044
1896.75,0.0272678
0.000272678
1898.02,0.0272311
0.000272311
1899.3,0.0271945
0.000271945
1900.58,0.0271579
0.000271579
1901.86,0.0271213
0.000271213
1903.15,0.0270847
0.000270847
1904.43,0.0270482
0.000270482
1905.72,0.0270117
0.000270117
1907.01,0.0269751
0.000269751
1908.3,0.0269386
0.000269386
1909.59,0.0269022
0.000269022
1910.89,0.0268657
0.000268657
1912.19,0.0268293
0.000268293
1913.49,0.0267928
0.000267928
1914.79,0.0267564
0.000267564
1916.09,0.0267201
0.000267201
1917.39,0.0266837
0.000266837
1918.7,0.0266474
0.000266474
1920.01,0.0266111
0.000266111
1921.32,0.0265748
0.000265748
1922.63,0.0265386
0.000265386
1923.94,0.0265024
0.000265024
1925.26,0.0264662
0.000264662
1926.57,0.02643
0.0002643
1927.89,0.0263939
0.000263939
1929.21,0.0263578
0.000263578
1930.53,0.0263217
0.000263217
1931.86,0.0262857
0.000262857
1933.18,0.0262497
0.000262497
1934.51,0.0262137
0.000262137
1935.83,0.0261778
0.000261778
1937.16,0.0261419
0.000261419
1938.49,0.026106
0.00026106
1939.82,0.0260702
0.000260702
1941.16,0.0260344
0.000260344
1942.49,0.0259987
0.000259987
1943.83,0.0259629
0.000259629
1945.16,0.0259272
0.000259272
1946.5,0.0258916
0.000258916
1947.84,0.025856
0.00025856
1949.18,0.0258204
0.000258204
1950.53,0.0257849
0.000257849
1951.87,0.0257494
0.000257494
1953.21,0.025714
0.00025714
1954.56,0.0256786
0.000256786
1955.91,0.0256432
0.000256432
1957.26,0.0256079
0.000256079
1958.61,0.0255726
0.000255726
1959.96,0.0255374
0.000255374
1961.31,0.0255022
0.000255022
1962.66,0.025467
0.00025467
1964.01,0.0254319
0.000254319
1965.37,0.0253969
0.000253969
1966.73,0.0253619
0.000253619
1968.08,0.0253269
0.000253269
1969.44,0.025292
0.00025292
1970.8,0.0252571
0.000252571
1972.16,0.0252223
0.000252223
1973.52,0.0251876
0.000251876
1974.88,0.0251528
0.000251528
1976.24,0.0251182
0.000251182
1977.61,0.0250836
0.000250836
1978.97,0.025049
0.00025049
1980.34,0.0250145
0.000250145
1981.7,0.02498
0.0002498
1983.07,0.0249456
0.000249456
1984.44,0.0249112
0.000249112
1985.8,0.0248769
0.000248769
1987.17,0.0248426
0.000248426
1988.54,0.0248084
0.000248084
1989.91,0.0247743
0.000247743
1991.28,0.0247402
0.000247402
1992.66,0.0247061
0.000247061
1994.03,0.0246721
0.000246721
1995.4,0.0246382
0.000246382
1996.77,0.0246043
0.000246043
1998.15,0.0245705
0.000245705
1999.52,0.0245367
0.000245367
2000.9,0.024503
0.00024503
2002.27,0.0244693
0.000244693
2003.65,0.0244357
0.000244357
2005.03,0.0244022
0.000244022
2006.4,0.0243687
0.000243687
2007.78,0.0243353
0.000243353
2009.16,0.0243019
0.000243019
2010.54,0.0242686
0.000242686
2011.92,0.0242353
0.000242353
2013.3,0.0242022
0.000242022
2014.67,0.024169
0.00024169
2016.05,0.0241359
0.000241359
2017.44,0.0241029
0.000241029
2018.82,0.02407
0.0002407
2020.2,0.0240371
0.000240371
2021.58,0.0240043
0.000240043
2022.96,0.0239715
0.000239715
2024.34,0.0239388
0.000239388
2025.72,0.0239061
0.000239061
2027.1,0.0238735
0.000238735
2028.49,0.023841
0.00023841
2029.87,0.0238085
0.000238085
2031.25,0.0237761
0.000237761
2032.63,0.0237438
0.000237438
2034.02,0.0237115
0.000237115
2035.4,0.0236793
0.000236793
2036.78,0.0236472
0.000236472
2038.17,0.0236151
0.000236151
2039.55,0.0235831
0.000235831
2040.93,0.0235511
0.000235511
2042.32,0.0235192
0.000235192
2043.7,0.0234874
0.000234874
2045.08,0.0234556
0.000234556
2046.47,0.0234239
0.000234239
2047.85,0.0233923
0.000233923
2049.23,0.0233607
0.000233607
2050.62,0.0233292
0.000233292
2052,0.0232978
0.000232978
2053.38,0.0232664
0.000232664
2054.77,0.0232351
0.000232351
2056.15,0.0232039
0.000232039
2057.53,0.0231727
0.000231727
2058.91,0.0231416
0.000231416
2060.3,0.0231105
0.000231105
2061.68,0.0230796
0.000230796
2063.06,0.0230487
0.000230487
2064.44,0.0230178
0.000230178
2065.82,0.022987
0.000229871
2067.2,0.0229563
0.000229563
2068.58,0.0229257
0.000229257
2069.96,0.0228951
0.000228951
2071.34,0.0228646
0.000228646
2072.72,0.0228342
0.000228342
2074.1,0.0228038
0.000228038
2075.48,0.0227735
0.000227735
2076.86,0.0227433
0.000227433
2078.24,0.0227131
0.000227131
2079.62,0.022683
0.00022683
2081,0.022653
0.00022653
2082.37,0.0226231
0.000226231
2083.75,0.0225932
0.000225932
2085.13,0.0225634
0.000225634
2086.5,0.0225336
0.000225336
2087.88,0.0225039
0.000225039
2089.25,0.0224743
0.000224743
2090.63,0.0224448
0.000224448
2092,0.0224153
0.000224153
2093.38,0.0223859
0.000223859
2094.75,0.0223565
0.000223565
2096.12,0.0223273
0.000223273
2097.49,0.0222981
0.000222981
2098.87,0.0222689
0.000222689
2100.24,0.0222399
0.000222399
2101.61,0.0222109
0.000222109
2102.98,0.022182
0.00022182
2104.35,0.0221531
0.000221531
2105.71,0.0221243
0.000221243
2107.08,0.0220956
0.000220956
2108.45,0.022067
0.00022067
2109.81,0.0220384
0.000220384
2111.18,0.0220099
0.000220099
2112.54,0.0219815
0.000219815
2113.91,0.0219531
0.000219531
2115.27,0.0219249
0.000219249
2116.63,0.0218966
0.000218966
2118,0.0218685
0.000218685
2119.36,0.0218404
0.000218404
2120.72,0.0218124
0.000218124
2122.08,0.0217845
0.000217845
2123.44,0.0217566
0.000217566
2124.79,0.0217288
0.000217288
2126.15,0.0217011
0.000217011
2127.51,0.0216734
0.000216734
2128.86,0.0216458
0.000216458
2130.22,0.0216183
0.000216183
2131.57,0.0215909
0.000215909
2132.92,0.0215635
0.000215635
2134.27,0.0215362
0.000215362
2135.62,0.021509
0.00021509
2136.97,0.0214818
0.000214818
2138.32,0.0214547
0.000214547
2139.67,0.0214277
0.000214277
2141.02,0.0214007
0.000214007
2142.36,0.0213738
0.000213738
2143.71,0.021347
0.00021347
2145.05,0.0213203
0.000213203
2146.4,0.0212936
0.000212936
2147.74,0.021267
0.00021267
2149.08,0.0212405
0.000212405
2150.42,0.021214
0.00021214
2151.76,0.0211877
0.000211877
2153.09,0.0211613
0.000211613
2154.43,0.0211351
0.000211351
2155.77,0.0211089
0.000211089
2157.1,0.0210828
0.000210828
2158.43,0.0210568
0.000210568
2159.77,0.0210308
0.000210308
2161.1,0.0210049
0.000210049
2162.43,0.0209791
0.000209791
2163.75,0.0209533
0.000209533
2165.08,0.0209276
0.000209276
2166.41,0.020902
0.00020902
2167.73,0.0208765
0.000208765
2169.06,0.020851
0.00020851
2170.38,0.0208256
0.000208256
2171.7,0.0208003
0.000208003
2173.02,0.020775
0.00020775
2174.34,0.0207498
0.000207498
2175.66,0.0207247
0.000207247
2176.97,0.0206996
0.000206996
2178.29,0.0206746
0.000206746
2179.6,0.0206497
0.000206497
2180.92,0.0206249
0.000206249
2182.23,0.0206001
0.000206001
2183.54,0.0205754
0.000205754
2184.85,0.0205508
0.000205508
2186.15,0.0205262
0.000205262
2187.46,0.0205017
0.000205017
2188.76,0.0204773
0.000204773
2190.07,0.0204529
0.000204529
2191.37,0.0204286
0.000204286
2192.67,0.0204044
0.000204044
2193.97,0.0203802
0.000203802
2195.26,0.0203562
0.000203562
2196.56,0.0203321
0.000203321
2197.85,0.0203082
0.000203082
2199.15,0.0202843
0.000202843
2200.44,0.0202605
0.000202605
2201.73,0.0202368
0.000202368
2203.02,0.0202131
0.000202131
2204.31,0.0201895
0.000201895
2205.59,0.020166
0.00020166
2206.88,0.0201425
0.000201425
2208.16,0.0201191
0.000201191
2209.44,0.0200958
0.000200958
2210.72,0.0200725
0.000200725
2212,0.0200493
0.000200493
2213.27,0.0200262
0.000200262
2214.55,0.0200031
0.000200031
2215.82,0.0199801
0.000199801
2217.1,0.0199572
0.000199572
2218.37,0.0199344
0.000199344
2219.63,0.0199116
0.000199116
2220.9,0.0198889
0.000198889
2222.17,0.0198662
0.000198662
2223.43,0.0198436
0.000198436
2224.69,0.0198211
0.000198211
2225.96,0.0197987
0.000197987
2227.21,0.0197763
0.000197763
2228.47,0.019754
0.00019754
2229.73,0.0197317
0.000197317
2230.98,0.0197096
0.000197096
2232.23,0.0196874
0.000196874
2233.49,0.0196654
0.000196654
2234.73,0.0196434
0.000196434
2235.98,0.0196215
0.000196215
2237.23,0.0195997
0.000195997
2238.47,0.0195779
0.000195779
2239.71,0.0195562
0.000195562
2240.95,0.0195345
0.000195345
2242.19,0.019513
0.00019513
2243.43,0.0194914
0.000194914
2244.67,0.01947
0.0001947
2245.9,0.0194486
0.000194486
2247.13,0.0194273
0.000194273
2248.36,0.019406
0.00019406
2249.59,0.0193849
0.000193849
2250.82,0.0193637
0.000193637
2252.04,0.0193427
0.000193427
2253.26,0.0193217
0.000193217
2254.48,0.0193008
0.000193008
2255.7,0.0192799
0.000192799
2256.92,0.0192591
0.000192591
2258.14,0.0192384
0.000192384
2259.35,0.0192177
0.000192177
2260.56,0.0191971
0.000191971
2261.77,0.0191766
0.000191766
2262.98,0.0191561
0.000191561
2264.19,0.0191357
0.000191357
2265.39,0.0191154
0.000191154
2266.59,0.0190951
0.000190951
2267.79,0.0190749
0.000190749
2268.99,0.0190548
0.000190548
2270.19,0.0190347
0.000190347
2271.38,0.0190147
0.000190147
2272.58,0.0189947
0.000189947
2273.77,0.0189748
0.000189748
2274.96,0.018955
0.00018955
2276.14,0.0189352
0.000189352
2277.33,0.0189155
0.000189155
2278.51,0.0188959
0.000188959
2279.69,0.0188763
0.000188763
2280.87,0.0188568
0.000188568
2282.05,0.0188373
0.000188373
2283.22,0.0188179
0.000188179
2284.4,0.0187986
0.000187986
2285.57,0.0187794
0.000187794
2286.74,0.0187602
0.000187602
2287.9,0.018741
0.00018741
2289.07,0.018722
0.00018722
2290.23,0.0187029
0.000187029
2291.39,0.018684
0.00018684
2292.55,0.0186651
0.000186651
2293.71,0.0186463
0.000186463
2294.86,0.0186275
0.000186275
2296.02,0.0186088
0.000186088
2297.17,0.0185902
0.000185902
2298.32,0.0185716
0.000185716
2299.46,0.0185531
0.000185531
2300.61,0.0185346
0.000185346
2301.75,0.0185162
0.000185162
2302.89,0.0184979
0.000184979
2304.03,0.0184796
0.000184796
2305.17,0.0184614
0.000184614
2306.3,0.0184433
0.000184433
2307.43,0.0184252
0.000184252
2308.56,0.0184071
0.000184071
2309.69,0.0183892
0.000183892
2310.81,0.0183713
0.000183713
2311.94,0.0183534
0.000183534
2313.06,0.0183356
0.000183356
2314.18,0.0183179
0.000183179
2315.29,0.0183002
0.000183002
2316.41,0.0182826
0.000182826
2317.52,0.0182651
0.000182651
2318.63,0.0182476
0.000182476
2319.74,0.0182302
0.000182301
2320.85,0.0182128
0.000182128
2321.95,0.0181955
0.000181955
2323.05,0.0181782
0.000181782
2324.15,0.018161
0.00018161
2325.25,0.0181439
0.000181439
2326.34,0.0181268
0.000181268
2327.44,0.0181098
0.000181098
2328.53,0.0180928
0.000180928
2329.61,0.0180759
0.000180759
2330.7,0.0180591
0.000180591
2331.78,0.0180423
0.000180423
2332.87,0.0180256
0.000180256
2333.94,0.0180089
0.000180089
2335.02,0.0179923
0.000179923
2336.1,0.0179758
0.000179758
2337.17,0.0179593
0.000179593
2338.24,0.0179428
0.000179428
2339.31,0.0179265
0.000179265
2340.37,0.0179101
0.000179101
2341.44,0.0178939
0.000178939
2342.5,0.0178777
0.000178777
2343.56,0.0178615
0.000178615
2344.61,0.0178454
0.000178454
2345.67,0.0178294
0.000178294
2346.72,0.0178134
0.000178134
2347.77,0.0177975
0.000177975
2348.81,0.0177816
0.000177816
2349.86,0.0177658
0.000177658
2350.9,0.0177501
0.000177501
2351.94,0.0177344
0.000177344
2352.98,0.0177188
0.000177188
2354.01,0.0177032
0.000177032
2355.05,0.0176876
0.000176876
2356.08,0.0176722
0.000176722
2357.11,0.0176568
0.000176568
2358.13,0.0176414
0.000176414
2359.15,0.0176261
0.000176261
2360.18,0.0176108
0.000176108
2361.19,0.0175957
0.000175957
2362.21,0.0175805
0.000175805
2363.22,0.0175654
0.000175654
2364.24,0.0175504
0.000175504
2365.25,0.0175354
0.000175354
2366.25,0.0175205
0.000175205
2367.26,0.0175057
0.000175057
2368.26,0.0174908
0.000174908
2369.26,0.0174761
0.000174761
2370.25,0.0174614
0.000174614
2371.25,0.0174468
0.000174468
2372.24,0.0174322
0.000174322
2373.23,0.0174176
0.000174176
2374.22,0.0174031
0.000174031
2375.2,0.0173887
0.000173887
2376.19,0.0173743
0.000173743
2377.17,0.01736
0.0001736
2378.14,0.0173457
0.000173457
2379.12,0.0173315
0.000173315
2380.09,0.0173174
0.000173174
2381.06,0.0173033
0.000173033
2382.03,0.0172892
0.000172892
2382.99,0.0172752
0.000172752
2383.96,0.0172613
0.000172613
2384.92,0.0172474
0.000172474
2385.87,0.0172335
0.000172335
2386.83,0.0172197
0.000172197
2387.78,0.017206
0.00017206
2388.73,0.0171923
0.000171923
2389.68,0.0171787
0.000171787
2390.62,0.0171651
0.000171651
2391.57,0.0171516
0.000171516
2392.51,0.0171381
0.000171381
2393.44,0.0171247
0.000171247
2394.38,0.0171113
0.000171113
2395.31,0.017098
0.00017098
2396.24,0.0170847
0.000170847
2397.17,0.0170715
0.000170715
2398.09,0.0170583
0.000170583
2399.02,0.0170452
0.000170452
2399.94,0.0170322
0.000170322
2400.85,0.0170192
0.000170192
2401.77,0.0170062
0.000170062
2402.68,0.0169933
0.000169933
2403.59,0.0169804
0.000169804
2404.5,0.0169676
0.000169676
2405.4,0.0169549
0.000169549
2406.3,0.0169422
0.000169422
2407.2,0.0169295
0.000169295
2408.1,0.0169169
0.000169169
2408.99,0.0169043
0.000169043
2409.88,0.0168918
0.000168918
2410.77,0.0168794
0.000168794
2411.66,0.016867
0.00016867
2412.54,0.0168546
0.000168546
2413.42,0.0168423
0.000168423
2414.3,0.0168301
0.000168301
2415.18,0.0168179
0.000168179
2416.05,0.0168057
0.000168057
2416.92,0.0167936
0.000167936
2417.79,0.0167816
0.000167816
2418.65,0.0167695
0.000167695
2419.52,0.0167576
0.000167576
2420.38,0.0167457
0.000167457
2421.23,0.0167338
0.000167338
2422.09,0.016722
0.00016722
2422.94,0.0167103
0.000167103
2423.79,0.0166985
0.000166985
2424.64,0.0166869
0.000166869
2425.48,0.0166753
0.000166753
2426.32,0.0166637
0.000166637
2427.16,0.0166522
0.000166522
2428,0.0166407
0.000166407
2428.83,0.0166293
0.000166293
2429.66,0.0166179
0.000166179
2430.49,0.0166066
0.000166066
2431.32,0.0165953
0.000165953
2432.14,0.0165841
0.000165841
2432.96,0.0165729
0.000165729
2433.78,0.0165618
0.000165618
2434.59,0.0165507
0.000165507
2435.4,0.0165397
0.000165397
2436.21,0.0165287
0.000165287
2437.02,0.0165177
0.000165177
2437.83,0.0165068
0.000165068
2438.63,0.016496
0.00016496
2439.43,0.0164852
0.000164852
2440.22,0.0164744
0.000164744
2441.01,0.0164637
0.000164637
2441.81,0.0164531
0.000164531
2442.59,0.0164425
0.000164425
2443.38,0.0164319
0.000164319
2444.16,0.0164214
0.000164214
2444.94,0.0164109
0.000164109
2445.72,0.0164005
0.000164005
2446.49,0.0163901
0.000163901
2447.26,0.0163798
0.000163798
2448.03,0.0163695
0.000163695
2448.8,0.0163592
0.000163592
2449.56,0.016349
0.00016349
2450.32,0.0163389
0.000163389
2451.08,0.0163288
0.000163288
2451.84,0.0163187
0.000163187
2452.59,0.0163087
0.000163087
2453.34,0.0162988
0.000162988
2454.08,0.0162888
0.000162888
2454.83,0.016279
0.00016279
2455.57,0.0162691
0.000162691
2456.31,0.0162594
0.000162594
2457.04,0.0162496
0.000162496
2457.78,0.0162399
0.000162399
2458.51,0.0162303
0.000162303
2459.24,0.0162207
0.000162207
2459.96,0.0162111
0.000162111
2460.68,0.0162016
0.000162016
2461.4,0.0161921
0.000161921
2462.12,0.0161827
0.000161827
2462.83,0.0161733
0.000161733
2463.54,0.016164
0.00016164
2464.25,0.0161547
0.000161547
2464.96,0.0161455
0.000161455
2465.66,0.0161363
0.000161363
2466.36,0.0161271
0.000161271
2467.06,0.016118
0.00016118
2467.75,0.0161089
0.000161089
2468.44,0.0160999
0.000160999
2469.13,0.0160909
0.000160909
2469.82,0.016082
0.00016082
2470.5,0.0160731
0.000160731
2471.18,0.0160643
0.000160643
2471.86,0.0160555
0.000160555
2472.53,0.0160467
0.000160467
2473.2,0.016038
0.00016038
2473.87,0.0160293
0.000160293
2474.54,0.0160207
0.000160207
2475.2,0.0160121
0.000160121
2475.86,0.0160036
0.000160036
2476.52,0.0159951
0.000159951
2477.17,0.0159866
0.000159866
2477.83,0.0159782
0.000159782
2478.47,0.0159698
0.000159698
2479.12,0.0159615
0.000159615
2479.76,0.0159532
0.000159532
2480.4,0.015945
0.00015945
2481.04,0.0159368
0.000159368
2481.68,0.0159286
0.000159286
2482.31,0.0159205
0.000159205
2482.94,0.0159124
0.000159124
2483.57,0.0159044
0.000159044
2484.19,0.0158964
0.000158964
2484.81,0.0158885
0.000158885
2485.43,0.0158806
0.000158806
2486.04,0.0158727
0.000158727
2486.65,0.0158649
0.000158649
2487.26,0.0158572
0.000158572
2487.87,0.0158494
0.000158494
2488.47,0.0158417
0.000158417
2489.08,0.0158341
0.000158341
2489.67,0.0158265
0.000158265
2490.27,0.0158189
0.000158189
2490.86,0.0158114
0.000158114
2491.45,0.0158039
0.000158039
2492.04,0.0157965
0.000157965
2492.62,0.0157891
0.000157891
2493.2,0.0157817
0.000157817
2493.78,0.0157744
0.000157744
2494.35,0.0157672
0.000157672
2494.92,0.0157599
0.000157599
2495.49,0.0157527
0.000157527
2496.06,0.0157456
0.000157456
2496.62,0.0157385
0.000157385
2497.18,0.0157314
0.000157314
2497.74,0.0157244
0.000157244
2498.3,0.0157174
0.000157174
2498.85,0.0157105
0.000157105
2499.4,0.0157036
0.000157036
2499.94,0.0156967
0.000156967
2500.49,0.0156899
0.000156899
2501.03,0.0156831
0.000156831
2501.56,0.0156764
0.000156764
2502.1,0.0156697
0.000156697
2502.63,0.015663
0.00015663
2503.16,0.0156564
0.000156564
2503.68,0.0156498
0.000156498
2504.21,0.0156433
0.000156433
2504.73,0.0156368
0.000156368
2505.24,0.0156303
0.000156303
2505.76,0.0156239
0.000156239
2506.27,0.0156176
0.000156176
2506.78,0.0156112
0.000156112
2507.28,0.0156049
0.000156049
2507.79,0.0155987
0.000155987
2508.29,0.0155925
0.000155925
2508.78,0.0155863
0.000155863
2509.28,0.0155802
0.000155802
2509.77,0.0155741
0.000155741
2510.25,0.015568
0.00015568
2510.74,0.015562
0.00015562
2511.22,0.015556
0.00015556
2511.7,0.0155501
0.000155501
2512.18,0.0155442
0.000155442
2512.65,0.0155384
0.000155384
2513.12,0.0155325
0.000155325
2513.59,0.0155268
0.000155268
2514.05,0.015521
0.00015521
2514.51,0.0155153
0.000155153
2514.97,0.0155097
0.000155097
2515.43,0.0155041
0.000155041
2515.88,0.0154985
0.000154985
2516.33,0.0154929
0.000154929
2516.78,0.0154874
0.000154874
2517.22,0.015482
0.00015482
2517.66,0.0154765
0.000154765
2518.1,0.0154712
0.000154712
2518.54,0.0154658
0.000154658
2518.97,0.0154605
0.000154605
2519.4,0.0154552
0.000154552
2519.82,0.01545
0.0001545
2520.25,0.0154448
0.000154448
2520.67,0.0154397
0.000154397
2521.08,0.0154346
0.000154346
2521.5,0.0154295
0.000154295
2521.91,0.0154245
0.000154245
2522.32,0.0154195
0.000154195
2522.72,0.0154145
0.000154145
2523.13,0.0154096
0.000154096
2523.53,0.0154047
0.000154047
2523.92,0.0153999
0.000153999
2524.32,0.0153951
0.000153951
2524.71,0.0153903
0.000153903
2525.09,0.0153856
0.000153856
2525.48,0.0153809
0.000153809
2525.86,0.0153762
0.000153762
2526.24,0.0153716
0.000153716
2526.62,0.0153671
0.000153671
2526.99,0.0153625
0.000153625
2527.36,0.015358
0.00015358
2527.73,0.0153536
0.000153536
2528.09,0.0153491
0.000153491
2528.45,0.0153448
0.000153448
2528.81,0.0153404
0.000153404
2529.16,0.0153361
0.000153361
2529.52,0.0153318
0.000153318
2529.87,0.0153276
0.000153276
2530.21,0.0153234
0.000153234
2530.55,0.0153192
0.000153193
2530.9,0.0153151
0.000153151
2531.23,0.015311
0.00015311
2531.57,0.015307
0.00015307
2531.9,0.015303
0.00015303
2532.23,0.015299
0.00015299
2532.55,0.0152951
0.000152951
2532.87,0.0152912
0.000152912
2533.19,0.0152874
0.000152874
2533.51,0.0152835
0.000152835
2533.82,0.0152798
0.000152798
2534.13,0.015276
0.00015276
2534.44,0.0152723
0.000152723
2534.74,0.0152686
0.000152686
2535.05,0.015265
0.00015265
2535.35,0.0152614
0.000152614
2535.64,0.0152579
0.000152579
2535.93,0.0152543
0.000152543
2536.22,0.0152509
0.000152509
2536.51,0.0152474
0.000152474
2536.79,0.015244
0.00015244
2537.07,0.0152406
0.000152406
2537.35,0.0152373
0.000152373
2537.63,0.015234
0.00015234
2537.9,0.0152307
0.000152307
2538.16,0.0152275
0.000152275
2538.43,0.0152243
0.000152243
2538.69,0.0152212
0.000152212
2538.95,0.0152181
0.000152181
2539.21,0.015215
0.00015215
2539.46,0.015212
0.00015212
2539.71,0.015209
0.00015209
2539.96,0.015206
0.00015206
2540.21,0.0152031
0.000152031
2540.45,0.0152002
0.000152002
2540.68,0.0151973
0.000151973
2540.92,0.0151945
0.000151945
2541.15,0.0151917
0.000151917
2541.38,0.015189
0.00015189
2541.61,0.0151863
0.000151863
2541.83,0.0151836
0.000151836
2542.05,0.015181
0.00015181
2542.27,0.0151784
0.000151784
2542.48,0.0151758
0.000151758
2542.7,0.0151733
0.000151733
2542.9,0.0151708
0.000151708
2543.11,0.0151684
0.000151684
2543.31,0.015166
0.00015166
2543.51,0.0151636
0.000151636
2543.71,0.0151612
0.000151612
2543.9,0.0151589
0.000151589
2544.09,0.0151567
0.000151567
2544.28,0.0151544
0.000151544
2544.46,0.0151522
0.000151522
2544.64,0.0151501
0.000151501
2544.82,0.0151479
0.000151479
2545,0.0151459
0.000151459
2545.17,0.0151438
0.000151438
2545.34,0.0151418
0.000151418
2545.51,0.0151398
0.000151398
2545.67,0.0151379
0.000151379
2545.83,0.015136
0.00015136
2545.99,0.0151341
0.000151341
2546.14,0.0151323
0.000151323
2546.29,0.0151305
0.000151305
2546.44,0.0151287
0.000151287
2546.59,0.015127
0.00015127
2546.73,0.0151253
0.000151253
2546.87,0.0151236
0.000151236
2547,0.015122
0.00015122
2547.14,0.0151205
0.000151205
2547.27,0.0151189
0.000151189
2547.39,0.0151174
0.000151174
2547.52,0.0151159
0.000151159
2547.64,0.0151145
0.000151145
2547.76,0.0151131
0.000151131
2547.87,0.0151117
0.000151117
2547.98,0.0151104
0.000151104
2548.09,0.0151091
0.000151091
2548.2,0.0151079
0.000151079
2548.3,0.0151066
0.000151066
2548.4,0.0151055
0.000151055
2548.5,0.0151043
0.000151043
2548.59,0.0151032
0.000151032
2548.68,0.0151021
0.000151021
2548.77,0.0151011
0.000151011
2548.85,0.0151001
0.000151001
2548.94,0.0150991
0.000150991
2549.01,0.0150982
0.000150982
2549.09,0.0150973
0.000150973
2549.16,0.0150964
0.000150964
2549.23,0.0150956
0.000150956
2549.3,0.0150948
0.000150948
2549.36,0.0150941
0.000150941
2549.42,0.0150933
0.000150933
2549.48,0.0150927
0.000150927
2549.53,0.015092
0.00015092
2549.59,0.0150914
0.000150914
2549.63,0.0150908
0.000150908
2549.68,0.0150903
0.000150903
2549.72,0.0150898
0.000150898
2549.76,0.0150893
0.000150893
2549.8,0.0150889
0.000150889
2549.83,0.0150885
0.000150885
2549.86,0.0150882
0.000150882
2549.89,0.0150878
0.000150878
2549.91,0.0150875
0.000150875
2549.93,0.0150873
0.000150873
2549.95,0.0150871
0.000150871
2549.97,0.0150869
0.000150869
2549.98,0.0150868
0.000150868
2549.99,0.0150867
0.000150867
2549.99,0.0150866
0.000150866
2550,0.0150865
0.000150865
2550,0.0150865
0.000150865
2549.99,0.0150866
0.000150866
2549.99,0.0150867
0.000150867
2549.98,0.0150868
0.000150868
2549.97,0.0150869
0.000150869
2549.95,0.0150871
0.000150871
2549.93,0.0150873
0.000150873
2549.91,0.0150876
0.000150876
2549.89,0.0150878
0.000150878
2549.86,0.0150882
0.000150882
2549.83,0.0150885
0.000150885
2549.8,0.0150889
0.000150889
2549.76,0.0150893
0.000150893
2549.72,0.0150898
0.000150898
2549.68,0.0150903
0.000150903
2549.63,0.0150909
0.000150909
2549.58,0.0150914
0.000150914
2549.53,0.015092
0.00015092
2549.48,0.0150927
0.000150927
2549.42,0.0150934
0.000150934
2549.36,0.0150941
0.000150941
2549.3,0.0150948
0.000150948
2549.23,0.0150956
0.000150956
2549.16,0.0150965
0.000150965
2549.09,0.0150973
0.000150973
2549.01,0.0150982
0.000150982
2548.93,0.0150991
0.000150991
2548.85,0.0151001
0.000151001
2548.77,0.0151011
0.000151011
2548.68,0.0151022
0.000151022
2548.59,0.0151032
0.000151032
2548.49,0.0151043
0.000151043
2548.4,0.0151055
0.000151055
2548.3,0.0151067
0.000151067
2548.19,0.0151079
0.000151079
2548.09,0.0151092
0.000151091
2547.98,0.0151104
0.000151104
2547.87,0.0151118
0.000151118
2547.75,0.0151131
0.000151131
2547.63,0.0151145
0.000151145
2547.51,0.015116
0.00015116
2547.39,0.0151174
0.000151174
2547.26,0.015119
0.00015119
2547.13,0.0151205
0.000151205
2547,0.0151221
0.000151221
2546.86,0.0151237
0.000151237
2546.72,0.0151253
0.000151253
2546.58,0.015127
0.00015127
2546.44,0.0151288
0.000151288
2546.29,0.0151305
0.000151305
2546.14,0.0151323
0.000151323
2545.98,0.0151342
0.000151342
2545.82,0.015136
0.00015136
2545.66,0.0151379
0.000151379
2545.5,0.0151399
0.000151399
2545.34,0.0151419
0.000151419
2545.17,0.0151439
0.000151439
2544.99,0.0151459
0.000151459
2544.82,0.015148
0.00015148
2544.64,0.0151501
0.000151501
2544.46,0.0151523
0.000151523
2544.27,0.0151545
0.000151545
2544.09,0.0151567
0.000151567
2543.9,0.015159
0.00015159
2543.7,0.0151613
0.000151613
2543.51,0.0151636
0.000151636
2543.31,0.015166
0.00015166
2543.1,0.0151684
0.000151684
2542.9,0.0151709
0.000151709
2542.69,0.0151734
0.000151734
2542.48,0.0151759
0.000151759
2542.26,0.0151785
0.000151785
2542.05,0.0151811
0.000151811
2541.83,0.0151837
0.000151837
2541.6,0.0151864
0.000151864
2541.38,0.0151891
0.000151891
2541.15,0.0151918
0.000151918
2540.91,0.0151946
0.000151946
2540.68,0.0151974
0.000151974
2540.44,0.0152003
0.000152003
2540.2,0.0152032
0.000152032
2539.95,0.0152061
0.000152061
2539.71,0.0152091
0.000152091
2539.46,0.0152121
0.000152121
2539.2,0.0152151
0.000152151
2538.94,0.0152182
0.000152182
2538.69,0.0152213
0.000152213
2538.42,0.0152244
0.000152244
2538.16,0.0152276
0.000152276
2537.89,0.0152308
0.000152308
2537.62,0.0152341
0.000152341
2537.34,0.0152374
0.000152374
2537.07,0.0152407
0.000152407
2536.78,0.0152441
0.000152441
2536.5,0.0152475
0.000152475
2536.21,0.015251
0.00015251
2535.92,0.0152544
0.000152544
2535.63,0.015258
0.00015258
2535.34,0.0152615
0.000152615
2535.04,0.0152651
0.000152651
2534.74,0.0152687
0.000152687
2534.43,0.0152724
0.000152724
2534.12,0.0152761
0.000152761
2533.81,0.0152799
0.000152799
2533.5,0.0152837
0.000152836
2533.18,0.0152875
0.000152875
2532.86,0.0152913
0.000152913
2532.54,0.0152952
0.000152952
2532.22,0.0152991
0.000152991
2531.89,0.0153031
0.000153031
2531.56,0.0153071
0.000153071
2531.22,0.0153112
0.000153112
2530.89,0.0153153
0.000153153
2530.54,0.0153194
0.000153194
2530.2,0.0153235
0.000153235
2529.86,0.0153277
0.000153277
2529.51,0.015332
0.00015332
2529.15,0.0153362
0.000153362
2528.8,0.0153405
0.000153405
2528.44,0.0153449
0.000153449
2528.08,0.0153493
0.000153493
2527.72,0.0153537
0.000153537
2527.35,0.0153581
0.000153581
2526.98,0.0153626
0.000153626
2526.61,0.0153672
0.000153672
2526.23,0.0153718
0.000153718
2525.85,0.0153764
0.000153764
2525.47,0.015381
0.00015381
2525.08,0.0153857
0.000153857
2524.7,0.0153904
0.000153904
2524.3,0.0153952
0.000153952
2523.91,0.0154
0.000154
2523.51,0.0154049
0.000154048
2523.11,0.0154097
0.000154097
2522.71,0.0154147
0.000154147
2522.31,0.0154196
0.000154196
2521.9,0.0154246
0.000154246
2521.49,0.0154296
0.000154296
2521.07,0.0154347
0.000154347
2520.65,0.0154398
0.000154398
2520.23,0.015445
0.00015445
2519.81,0.0154502
0.000154502
2519.38,0.0154554
0.000154554
2518.96,0.0154607
0.000154607
2518.52,0.015466
0.00015466
2518.09,0.0154713
0.000154713
2517.65,0.0154767
0.000154767
2517.21,0.0154821
0.000154821
2516.76,0.0154876
0.000154876
2516.32,0.0154931
0.000154931
2515.87,0.0154986
0.000154986
2515.42,0.0155042
0.000155042
2514.96,0.0155098
0.000155098
2514.5,0.0155155
0.000155155
2514.04,0.0155212
0.000155212
2513.57,0.0155269
0.000155269
2513.11,0.0155327
0.000155327
2512.64,0.0155385
0.000155385
2512.16,0.0155444
0.000155444
2511.69,0.0155503
0.000155503
2511.21,0.0155562
0.000155562
2510.73,0.0155622
0.000155622
2510.24,0.0155682
0.000155682
2509.75,0.0155742
0.000155742
2509.26,0.0155803
0.000155803
2508.77,0.0155865
0.000155865
2508.27,0.0155927
0.000155927
2507.77,0.0155989
0.000155989
2507.27,0.0156051
0.000156051
2506.76,0.0156114
0.000156114
2506.26,0.0156177
0.000156177
2505.74,0.0156241
0.000156241
2505.23,0.0156305
0.000156305
2504.71,0.015637
0.00015637
2504.19,0.0156435
0.000156435
2503.67,0.01565
0.0001565
2503.14,0.0156566
0.000156566
2502.62,0.0156632
0.000156632
2502.08,0.0156699
0.000156699
2501.55,0.0156766
0.000156766
2501.01,0.0156833
0.000156833
2500.47,0.0156901
0.000156901
2499.93,0.0156969
0.000156969
2499.38,0.0157038
0.000157038
2498.83,0.0157107
0.000157107
2498.28,0.0157176
0.000157176
2497.73,0.0157246
0.000157246
2497.17,0.0157316
0.000157316
2496.61,0.0157387
0.000157387
2496.04,0.0157458
0.000157458
2495.48,0.0157529
0.000157529
2494.91,0.0157601
0.000157601
2494.34,0.0157674
0.000157674
2493.76,0.0157746
0.000157746
2493.18,0.0157819
0.000157819
2492.6,0.0157893
0.000157893
2492.02,0.0157967
0.000157967
2491.43,0.0158041
0.000158041
2490.84,0.0158116
0.000158116
2490.25,0.0158191
0.000158191
2489.66,0.0158267
0.000158267
2489.06,0.0158343
0.000158343
2488.46,0.0158419
0.000158419
2487.85,0.0158496
0.000158496
2487.25,0.0158574
0.000158574
2486.64,0.0158651
0.000158651
2486.03,0.015873
0.00015873
2485.41,0.0158808
0.000158808
2484.79,0.0158887
0.000158887
2484.17,0.0158967
0.000158967
2483.55,0.0159046
0.000159046
2482.92,0.0159127
0.000159127
2482.29,0.0159207
0.000159207
2481.66,0.0159289
0.000159289
2481.02,0.015937
0.00015937
2480.39,0.0159452
0.000159452
2479.75,0.0159535
0.000159535
2479.1,0.0159617
0.000159617
2478.46,0.0159701
0.000159701
2477.81,0.0159784
0.000159784
2477.15,0.0159868
0.000159868
2476.5,0.0159953
0.000159953
2475.84,0.0160038
0.000160038
2475.18,0.0160123
0.000160123
2474.52,0.0160209
0.000160209
2473.85,0.0160296
0.000160296
2473.18,0.0160382
0.000160382
2472.51,0.0160469
0.000160469
2471.84,0.0160557
0.000160557
2471.16,0.0160645
0.000160645
2470.48,0.0160734
0.000160734
2469.8,0.0160823
0.000160823
2469.11,0.0160912
0.000160912
2468.42,0.0161002
0.000161002
2467.73,0.0161092
0.000161092
2467.04,0.0161183
0.000161183
2466.34,0.0161274
0.000161274
2465.64,0.0161365
0.000161365
2464.94,0.0161457
0.000161457
2464.23,0.016155
0.00016155
2463.52,0.0161643
0.000161643
2462.81,0.0161736
0.000161736
2462.1,0.016183
0.00016183
2461.38,0.0161924
0.000161924
2460.66,0.0162019
0.000162019
2459.94,0.0162114
0.000162114
2459.22,0.0162209
0.000162209
2458.49,0.0162305
0.000162305
2457.76,0.0162402
0.000162402
2457.02,0.0162499
0.000162499
2456.29,0.0162596
0.000162596
2455.55,0.0162694
0.000162694
2454.81,0.0162792
0.000162792
2454.06,0.0162891
0.000162891
2453.32,0.016299
0.00016299
2452.57,0.016309
0.00016309
2451.81,0.016319
0.00016319
2451.06,0.0163291
0.000163291
2450.3,0.0163392
0.000163392
2449.54,0.0163493
0.000163493
2448.78,0.0163595
0.000163595
2448.01,0.0163698
0.000163698
2447.24,0.01638
0.0001638
2446.47,0.0163904
0.000163904
2445.7,0.0164008
0.000164008
2444.92,0.0164112
0.000164112
2444.14,0.0164217
0.000164217
2443.36,0.0164322
0.000164322
2442.57,0.0164428
0.000164428
2441.78,0.0164534
0.000164534
2440.99,0.016464
0.00016464
2440.2,0.0164747
0.000164747
2439.4,0.0164855
0.000164855
2438.6,0.0164963
0.000164963
2437.8,0.0165071
0.000165071
2437,0.016518
0.00016518
2436.19,0.016529
0.00016529
2435.38,0.01654
0.0001654
2434.57,0.016551
0.00016551
2433.75,0.0165621
0.000165621
2432.94,0.0165732
0.000165732
2432.12,0.0165844
0.000165844
2431.29,0.0165956
0.000165956
2430.47,0.0166069
0.000166069
2429.64,0.0166182
0.000166182
2428.81,0.0166296
0.000166296
2427.98,0.016641
0.00016641
2427.14,0.0166525
0.000166525
2426.3,0.016664
0.00016664
2425.46,0.0166756
0.000166756
2424.61,0.0166872
0.000166872
2423.77,0.0166989
0.000166989
2422.92,0.0167106
0.000167106
2422.07,0.0167223
0.000167223
2421.21,0.0167342
0.000167342
2420.35,0.016746
0.00016746
2419.49,0.0167579
0.000167579
2418.63,0.0167699
0.000167699
2417.77,0.0167819
0.000167819
2416.9,0.0167939
0.000167939
2416.03,0.0168061
0.000168061
2415.15,0.0168182
0.000168182
2414.28,0.0168304
0.000168304
2413.4,0.0168427
0.000168427
2412.52,0.016855
0.00016855
2411.63,0.0168673
0.000168673
2410.75,0.0168797
0.000168797
2409.86,0.0168922
0.000168922
2408.97,0.0169047
0.000169047
2408.07,0.0169173
0.000169172
2407.18,0.0169299
0.000169299
2406.28,0.0169425
0.000169425
2405.38,0.0169552
0.000169552
2404.47,0.016968
0.00016968
2403.56,0.0169808
0.000169808
2402.65,0.0169936
0.000169936
2401.74,0.0170065
0.000170066
2400.83,0.0170195
0.000170195
2399.91,0.0170325
0.000170325
2398.99,0.0170456
0.000170456
2398.07,0.0170587
0.000170587
2397.14,0.0170719
0.000170719
2396.22,0.0170851
0.000170851
2395.29,0.0170984
0.000170984
2394.35,0.0171117
0.000171117
2393.42,0.017125
0.00017125
2392.48,0.0171385
0.000171385
2391.54,0.017152
0.00017152
2390.6,0.0171655
0.000171655
2389.65,0.0171791
0.000171791
2388.71,0.0171927
0.000171927
2387.76,0.0172064
0.000172064
2386.8,0.0172201
0.000172201
2385.85,0.0172339
0.000172339
2384.89,0.0172478
0.000172478
2383.93,0.0172616
0.000172616
2382.97,0.0172756
0.000172756
2382,0.0172896
0.000172896
2381.03,0.0173037
0.000173037
2380.06,0.0173178
0.000173178
2379.09,0.0173319
0.000173319
2378.12,0.0173461
0.000173461
2377.14,0.0173604
0.000173604
2376.16,0.0173747
0.000173747
2375.18,0.0173891
0.000173891
2374.19,0.0174035
0.000174035
2373.2,0.017418
0.00017418
2372.21,0.0174326
0.000174326
2371.22,0.0174472
0.000174472
2370.23,0.0174618
0.000174618
2369.23,0.0174765
0.000174765
2368.23,0.0174913
0.000174913
2367.23,0.0175061
0.000175061
2366.22,0.0175209
0.000175209
2365.22,0.0175358
0.000175358
2364.21,0.0175508
0.000175508
2363.2,0.0175659
0.000175659
2362.18,0.0175809
0.000175809
2361.17,0.0175961
0.000175961
2360.15,0.0176113
0.000176113
2359.13,0.0176265
0.000176265
2358.1,0.0176418
0.000176418
2357.08,0.0176572
0.000176572
2356.05,0.0176726
0.000176726
2355.02,0.0176881
0.000176881
2353.99,0.0177036
0.000177036
2352.95,0.0177192
0.000177192
2351.91,0.0177348
0.000177348
2350.87,0.0177505
0.000177505
2349.83,0.0177663
0.000177663
2348.79,0.0177821
0.000177821
2347.74,0.0177979
0.000177979
2346.69,0.0178139
0.000178139
2345.64,0.0178298
0.000178298
2344.58,0.0178459
0.000178459
2343.53,0.017862
0.00017862
2342.47,0.0178781
0.000178781
2341.41,0.0178943
0.000178943
2340.34,0.0179106
0.000179106
2339.28,0.0179269
0.000179269
2338.21,0.0179433
0.000179433
2337.14,0.0179597
0.000179597
2336.07,0.0179762
0.000179762
2334.99,0.0179928
0.000179928
2333.92,0.0180094
0.000180094
2332.84,0.0180261
0.000180261
2331.75,0.0180428
0.000180428
2330.67,0.0180596
0.000180596
2329.58,0.0180764
0.000180764
2328.5,0.0180933
0.000180933
2327.41,0.0181103
0.000181103
2326.31,0.0181273
0.000181273
2325.22,0.0181444
0.000181444
2324.12,0.0181615
0.000181615
2323.02,0.0181787
0.000181787
2321.92,0.0181959
0.000181959
2320.82,0.0182133
0.000182133
2319.71,0.0182306
0.000182306
2318.6,0.0182481
0.000182481
2317.49,0.0182656
0.000182656
2316.38,0.0182831
0.000182831
2315.26,0.0183007
0.000183007
2314.15,0.0183184
0.000183184
2313.03,0.0183361
0.000183361
2311.91,0.0183539
0.000183539
2310.78,0.0183718
0.000183718
2309.66,0.0183897
0.000183897
2308.53,0.0184076
0.000184076
2307.4,0.0184257
0.000184257
2306.27,0.0184438
0.000184438
2305.13,0.0184619
0.000184619
2304,0.0184801
0.000184801
2302.86,0.0184984
0.000184984
2301.72,0.0185167
0.000185167
2300.58,0.0185351
0.000185351
2299.43,0.0185536
0.000185536
2298.29,0.0185721
0.000185721
2297.14,0.0185907
0.000185907
2295.99,0.0186093
0.000186093
2294.83,0.018628
0.00018628
2293.68,0.0186468
0.000186468
2292.52,0.0186656
0.000186656
2291.36,0.0186845
0.000186845
2290.2,0.0187035
0.000187035
2289.04,0.0187225
0.000187225
2287.87,0.0187416
0.000187416
2286.7,0.0187607
0.000187607
2285.54,0.0187799
0.000187799
2284.36,0.0187991
0.000187991
2283.19,0.0188185
0.000188185
2282.02,0.0188379
0.000188379
2280.84,0.0188573
0.000188573
2279.66,0.0188768
0.000188768
2278.48,0.0188964
0.000188964
2277.3,0.018916
0.00018916
2276.11,0.0189357
0.000189357
2274.92,0.0189555
0.000189555
2273.73,0.0189753
0.000189753
2272.54,0.0189952
0.000189952
2271.35,0.0190152
0.000190152
2270.16,0.0190352
0.000190352
2268.96,0.0190553
0.000190553
2267.76,0.0190755
0.000190755
2266.56,0.0190957
0.000190957
2265.36,0.0191159
0.000191159
2264.15,0.0191363
0.000191363
2262.95,0.0191567
0.000191567
2261.74,0.0191772
0.000191772
2260.53,0.0191977
0.000191977
2259.32,0.0192183
0.000192183
2258.1,0.019239
0.00019239
2256.89,0.0192597
0.000192597
2255.67,0.0192805
0.000192805
2254.45,0.0193013
0.000193013
2253.23,0.0193223
0.000193223
2252.01,0.0193433
0.000193433
2250.78,0.0193643
0.000193643
2249.56,0.0193854
0.000193854
2248.33,0.0194066
0.000194066
2247.1,0.0194279
0.000194279
2245.87,0.0194492
0.000194492
2244.63,0.0194706
0.000194706
2243.4,0.019492
0.00019492
2242.16,0.0195135
0.000195135
2240.92,0.0195351
0.000195351
2239.68,0.0195568
0.000195568
2238.44,0.0195785
0.000195785
2237.19,0.0196003
0.000196003
2235.95,0.0196221
0.000196221
2234.7,0.019644
0.00019644
2233.45,0.019666
0.00019666
2232.2,0.019688
0.00019688
2230.95,0.0197102
0.000197102
2229.69,0.0197323
0.000197323
2228.44,0.0197546
0.000197546
2227.18,0.0197769
0.000197769
2225.92,0.0197993
0.000197993
2224.66,0.0198217
0.000198217
2223.4,0.0198443
0.000198443
2222.13,0.0198668
0.000198668
2220.87,0.0198895
0.000198895
2219.6,0.0199122
0.000199122
2218.33,0.019935
0.00019935
2217.06,0.0199578
0.000199578
2215.79,0.0199808
0.000199808
2214.52,0.0200038
0.000200038
2213.24,0.0200268
0.000200268
2211.96,0.0200499
0.000200499
2210.69,0.0200731
0.000200731
2209.41,0.0200964
0.000200964
2208.12,0.0201197
0.000201197
2206.84,0.0201431
0.000201431
2205.56,0.0201666
0.000201666
2204.27,0.0201901
0.000201901
2202.98,0.0202137
0.000202137
2201.7,0.0202374
0.000202374
2200.4,0.0202611
0.000202611
2199.11,0.020285
0.00020285
2197.82,0.0203088
0.000203088
2196.53,0.0203328
0.000203328
2195.23,0.0203568
0.000203568
2193.93,0.0203809
0.000203809
2192.63,0.020405
0.00020405
2191.33,0.0204293
0.000204293
2190.03,0.0204536
0.000204536
2188.73,0.0204779
0.000204779
2187.42,0.0205023
0.000205023
2186.12,0.0205268
0.000205268
2184.81,0.0205514
0.000205514
2183.5,0.0205761
0.000205761
2182.19,0.0206008
0.000206008
2180.88,0.0206256
0.000206256
2179.57,0.0206504
0.000206504
2178.25,0.0206753
0.000206753
2176.94,0.0207003
0.000207003
2175.62,0.0207254
0.000207254
2174.3,0.0207505
0.000207505
2172.99,0.0207757
0.000207757
2171.67,0.020801
0.00020801
2170.34,0.0208263
0.000208263
2169.02,0.0208517
0.000208517
2167.7,0.0208772
0.000208772
2166.37,0.0209027
0.000209027
2165.05,0.0209283
0.000209283
2163.72,0.020954
0.00020954
2162.39,0.0209798
0.000209798
2161.06,0.0210056
0.000210056
2159.73,0.0210315
0.000210315
2158.4,0.0210575
0.000210575
2157.06,0.0210835
0.000210835
2155.73,0.0211096
0.000211096
2154.39,0.0211358
0.000211358
2153.06,0.021162
0.00021162
2151.72,0.0211884
0.000211884
2150.38,0.0212148
0.000212148
2149.04,0.0212412
0.000212412
2147.7,0.0212677
0.000212677
2146.36,0.0212943
0.000212943
2145.02,0.021321
0.00021321
2143.67,0.0213478
0.000213478
2142.33,0.0213746
0.000213746
2140.98,0.0214015
0.000214015
2139.63,0.0214284
0.000214284
2138.29,0.0214554
0.000214554
2136.94,0.0214825
0.000214825
2135.59,0.0215097
0.000215097
2134.24,0.0215369
0.000215369
2132.89,0.0215642
0.000215642
2131.53,0.0215916
0.000215916
2130.18,0.0216191
0.000216191
2128.82,0.0216466
0.000216466
2127.47,0.0216742
0.000216742
2126.11,0.0217018
0.000217018
2124.76,0.0217296
0.000217296
2123.4,0.0217573
0.000217574
2122.04,0.0217852
0.000217852
2120.68,0.0218132
0.000218132
2119.32,0.0218412
0.000218412
2117.96,0.0218692
0.000218692
2116.6,0.0218974
0.000218974
2115.23,0.0219256
0.000219256
2113.87,0.0219539
0.000219539
2112.51,0.0219823
0.000219823
2111.14,0.0220107
0.000220107
2109.78,0.0220392
0.000220392
2108.41,0.0220678
0.000220678
2107.04,0.0220964
0.000220964
2105.68,0.0221251
0.000221251
2104.31,0.0221539
0.000221539
2102.94,0.0221828
0.000221828
2101.57,0.0222117
0.000222117
2100.2,0.0222407
0.000222407
2098.83,0.0222697
0.000222697
2097.46,0.0222989
0.000222989
2096.09,0.0223281
0.000223281
2094.71,0.0223573
0.000223573
2093.34,0.0223867
0.000223867
2091.97,0.0224161
0.000224161
2090.59,0.0224456
0.000224456
2089.22,0.0224751
0.000224751
2087.84,0.0225047
0.000225047
2086.47,0.0225344
0.000225344
2085.09,0.0225642
0.000225642
2083.71,0.022594
0.00022594
2082.34,0.0226239
0.000226239
2080.96,0.0226538
0.000226538
2079.58,0.0226839
0.000226839
2078.2,0.022714
0.00022714
2076.83,0.0227441
0.000227441
2075.45,0.0227744
0.000227744
2074.07,0.0228046
0.000228046
2072.69,0.022835
0.00022835
2071.31,0.0228655
0.000228655
2069.93,0.022896
0.00022896
2068.55,0.0229265
0.000229265
2067.17,0.0229572
0.000229572
2065.78,0.0229879
0.000229879
2064.4,0.0230187
0.000230187
2063.02,0.0230495
0.000230495
2061.64,0.0230804
0.000230804
2060.26,0.0231114
0.000231114
2058.88,0.0231424
0.000231424
2057.49,0.0231735
0.000231735
2056.11,0.0232047
0.000232047
2054.73,0.0232359
0.000232359
2053.35,0.0232673
0.000232672
2051.96,0.0232986
0.000232986
2050.58,0.0233301
0.000233301
2049.2,0.0233616
0.000233616
2047.81,0.0233931
0.000233931
2046.43,0.0234248
0.000234248
2045.05,0.0234565
0.000234565
2043.66,0.0234882
0.000234882
2042.28,0.0235201
0.000235201
2040.9,0.023552
0.00023552
2039.51,0.0235839
0.000235839
2038.13,0.0236159
0.000236159
2036.75,0.023648
0.00023648
2035.36,0.0236802
0.000236802
2033.98,0.0237124
0.000237124
2032.6,0.0237447
0.000237447
2031.22,0.023777
0.00023777
2029.83,0.0238094
0.000238094
2028.45,0.0238419
0.000238419
2027.07,0.0238744
0.000238744
2025.69,0.023907
0.00023907
2024.3,0.0239396
0.000239396
2022.92,0.0239723
0.000239723
2021.54,0.0240051
0.000240051
2020.16,0.024038
0.00024038
2018.78,0.0240709
0.000240709
2017.4,0.0241038
0.000241038
2016.02,0.0241368
0.000241368
2014.64,0.0241699
0.000241699
2013.26,0.024203
0.00024203
2011.88,0.0242362
0.000242362
2010.5,0.0242695
0.000242695
2009.12,0.0243028
0.000243028
2007.74,0.0243362
0.000243362
2006.37,0.0243696
0.000243696
2004.99,0.0244031
0.000244031
2003.61,0.0244366
0.000244366
2002.24,0.0244702
0.000244702
2000.86,0.0245039
0.000245039
1999.49,0.0245376
0.000245376
1998.11,0.0245714
0.000245714
1996.74,0.0246052
0.000246052
1995.36,0.0246391
0.000246391
1993.99,0.024673
0.00024673
1992.62,0.024707
0.00024707
1991.25,0.0247411
0.000247411
1989.88,0.0247752
0.000247752
1988.51,0.0248093
0.000248093
1987.14,0.0248435
0.000248435
1985.77,0.0248778
0.000248778
1984.4,0.0249121
0.000249121
1983.03,0.0249465
0.000249465
1981.67,0.0249809
0.000249809
1980.3,0.0250154
0.000250154
1978.94,0.0250499
0.000250499
1977.57,0.0250844
0.000250844
1976.21,0.0251191
0.000251191
1974.85,0.0251537
0.000251537
1973.48,0.0251885
0.000251885
1972.12,0.0252232
0.000252232
1970.76,0.0252581
0.000252581
1969.41,0.0252929
0.000252929
1968.05,0.0253278
0.000253278
1966.69,0.0253628
0.000253628
1965.33,0.0253978
0.000253978
1963.98,0.0254328
0.000254328
1962.63,0.0254679
0.000254679
1961.27,0.0255031
0.000255031
1959.92,0.0255383
0.000255383
1958.57,0.0255735
0.000255735
1957.22,0.0256088
0.000256088
1955.87,0.0256441
0.000256441
1954.53,0.0256795
0.000256795
1953.18,0.0257149
0.000257149
1951.84,0.0257503
0.000257503
1950.49,0.0257858
0.000257858
1949.15,0.0258213
0.000258213
1947.81,0.0258569
0.000258569
1946.47,0.0258925
0.000258925
1945.13,0.0259282
0.000259282
1943.79,0.0259639
0.000259639
1942.46,0.0259996
0.000259996
1941.12,0.0260353
0.000260353
1939.79,0.0260711
0.000260711
1938.46,0.026107
0.00026107
1937.13,0.0261428
0.000261428
1935.8,0.0261787
0.000261787
1934.47,0.0262147
0.000262147
1933.15,0.0262506
0.000262506
1931.82,0.0262866
0.000262866
1930.5,0.0263227
0.000263227
1929.18,0.0263587
0.000263587
1927.86,0.0263948
0.000263948
1926.54,0.026431
0.00026431
1925.22,0.0264671
0.000264671
1923.91,0.0265033
0.000265033
1922.6,0.0265395
0.000265395
1921.28,0.0265758
0.000265758
1919.97,0.026612
0.00026612
1918.67,0.0266483
0.000266483
1917.36,0.0266847
0.000266847
1916.06,0.026721
0.00026721
1914.75,0.0267574
0.000267574
1913.45,0.0267938
0.000267938
1912.15,0.0268302
0.000268302
1910.86,0.0268666
0.000268666
1909.56,0.0269031
0.000269031
1908.27,0.0269396
0.000269396
1906.98,0.0269761
0.000269761
1905.69,0.0270126
0.000270126
1904.4,0.0270491
0.000270491
1903.11,0.0270857
0.000270857
1901.83,0.0271222
0.000271222
1900.55,0.0271588
0.000271588
1899.27,0.0271954
0.000271954
1897.99,0.027232
0.00027232
1896.72,0.0272687
0.000272687
1895.44,0.0273053
0.000273053
1894.17,0.027342
0.00027342
1892.9,0.0273786
0.000273786
1891.64,0.0274153
0.000274153
1890.37,0.027452
0.00027452
1889.11,0.0274887
0.000274887
1887.85,0.0275254
0.000275254
1886.59,0.0275621
0.000275621
1885.34,0.0275988
0.000275988
1884.09,0.0276355
0.000276355
1882.83,0.0276723
0.000276723
1881.59,0.027709
0.00027709
1880.34,0.0277457
0.000277457
1879.1,0.0277824
0.000277824
1877.86,0.0278192
0.000278192
1876.62,0.0278559
0.000278559
1875.38,0.0278926
0.000278926
1874.15,0.0279293
0.000279293
1872.92,0.0279661
0.000279661
1871.69,0.0280028
0.000280028
1870.46,0.0280395
0.000280395
1869.24,0.0280762
0.000280762
1868.02,0.0281129
0.000281129
1866.8,0.0281496
0.000281496
1865.59,0.0281863
0.000281863
1864.38,0.0282229
0.000282229
1863.17,0.0282596
0.000282596
1861.96,0.0282962
0.000282962
1860.76,0.0283328
0.000283328
1859.55,0.0283695
0.000283695
1858.36,0.0284061
0.000284061
1857.16,0.0284427
0.000284427
1855.97,0.0284792
0.000284792
1854.78,0.0285158
0.000285158
1853.59,0.0285523
0.000285523
1852.41,0.0285888
0.000285888
1851.23,0.0286253
0.000286253
1850.05,0.0286617
0.000286617
1848.87,0.0286982
0.000286982
1847.7,0.0287346
0.000287346
1846.53,0.028771
0.00028771
1845.37,0.0288073
0.000288073
1844.21,0.0288437
0.000288437
1843.05,0.02888
0.0002888
1841.89,0.0289162
0.000289162
1840.74,0.0289525
0.000289525
1839.59,0.0289887
0.000289887
1838.44,0.0290248
0.000290248
1837.3,0.029061
0.00029061
1836.16,0.0290971
0.000290971
1835.02,0.0291331
0.000291331
1833.89,0.0291691
0.000291691
1832.76,0.0292051
0.000292051
1831.63,0.029241
0.00029241
1830.51,0.0292769
0.000292769
1829.39,0.0293128
0.000293128
1828.27,0.0293486
0.000293486
1827.16,0.0293843
0.000293843
1826.05,0.0294201
0.000294201
1824.94,0.0294557
0.000294557
1823.84,0.0294913
0.000294913
1822.74,0.0295269
0.000295269
1821.65,0.0295624
0.000295624
1820.56,0.0295978
0.000295978
1819.47,0.0296332
0.000296332
1818.39,0.0296686
0.000296686
1817.31,0.0297039
0.000297039
1816.23,0.0297391
0.000297391
1815.16,0.0297742
0.000297742
1814.09,0.0298093
0.000298093
1813.02,0.0298444
0.000298444
1811.96,0.0298794
0.000298794
1810.9,0.0299143
0.000299143
1809.85,0.0299491
0.000299491
1808.8,0.0299839
0.000299839
1807.76,0.0300186
0.000300186
1806.71,0.0300532
0.000300532
1805.68,0.0300878
0.000300878
1804.64,0.0301222
0.000301222
1803.61,0.0301566
0.000301566
1802.59,0.030191
0.00030191
1801.56,0.0302252
0.000302252
1800.55,0.0302594
0.000302594
1799.53,0.0302935
0.000302935
1798.52,0.0303275
0.000303275
1797.52,0.0303614
0.000303614
1796.52,0.0303953
0.000303953
1795.52,0.030429
0.00030429
1794.53,0.0304627
0.000304627
1793.54,0.0304963
0.000304963
1792.56,0.0305297
0.000305298
1791.58,0.0305631
0.000305631
1790.6,0.0305964
0.000305964
1789.63,0.0306297
0.000306297
1788.66,0.0306628
0.000306628
1787.7,0.0306958
0.000306958
1786.74,0.0307287
0.000307287
1785.79,0.0307615
0.000307615
1784.84,0.0307942
0.000307942
1783.9,0.0308268
0.000308268
1782.96,0.0308593
0.000308593
1782.02,0.0308917
0.000308917
1781.09,0.030924
0.00030924
1780.17,0.0309562
0.000309562
1779.25,0.0309883
0.000309883
1778.33,0.0310202
0.000310202
1777.42,0.0310521
0.000310521
1776.51,0.0310838
0.000310838
1775.61,0.0311154
0.000311154
1774.71,0.0311469
0.000311469
1773.82,0.0311783
0.000311783
1772.93,0.0312095
0.000312095
1772.04,0.0312406
0.000312406
1771.17,0.0312717
0.000312717
1770.29,0.0313025
0.000313025
1769.42,0.0313333
0.000313333
1768.56,0.0313639
0.000313639
1767.7,0.0313944
0.000313944
1766.85,0.0314248
0.000314248
1766,0.031455
0.00031455
1765.15,0.0314851
0.000314851
1764.31,0.0315151
0.00031515
1763.48,0.0315449
0.000315449
1762.65,0.0315746
0.000315746
1761.83,0.0316041
0.000316041
1761.01,0.0316335
0.000316335
1760.19,0.0316628
0.000316628
1759.38,0.0316919
0.000316919
1758.58,0.0317208
0.000317208
1757.78,0.0317497
0.000317497
1756.99,0.0317783
0.000317783
1756.2,0.0318068
0.000318068
1755.42,0.0318352
0.000318352
1754.64,0.0318634
0.000318634
1753.87,0.0318915
0.000318915
1753.1,0.0319194
0.000319194
1752.34,0.0319471
0.000319471
1751.58,0.0319747
0.000319747
1750.83,0.0320021
0.000320021
1750.09,0.0320294
0.000320294
1749.35,0.0320565
0.000320565
1748.61,0.0320834
0.000320834
1747.89,0.0321102
0.000321102
1747.16,0.0321368
0.000321368
1746.44,0.0321632
0.000321632
1745.73,0.0321895
0.000321895
1745.03,0.0322156
0.000322156
1744.32,0.0322415
0.000322415
1743.63,0.0322672
0.000322672
1742.94,0.0322928
0.000322928
1742.25,0.0323181
0.000323181
1741.57,0.0323433
0.000323433
1740.9,0.0323684
0.000323684
1740.23,0.0323932
0.000323932
1739.57,0.0324178
0.000324178
1738.92,0.0324423
0.000324423
1738.27,0.0324666
0.000324666
1737.62,0.0324907
0.000324907
1736.98,0.0325146
0.000325146
1736.35,0.0325383
0.000325383
1735.72,0.0325618
0.000325618
1735.1,0.0325851
0.000325851
1734.49,0.0326083
0.000326083
1733.88,0.0326312
0.000326312
1733.27,0.0326539
0.00032654
1732.67,0.0326765
0.000326765
1732.08,0.0326988
0.000326988
1731.5,0.032721
0.00032721
1730.92,0.0327429
0.000327429
1730.34,0.0327646
0.000327646
1729.77,0.0327862
0.000327862
1729.21,0.0328075
0.000328075
1728.66,0.0328286
0.000328286
1728.11,0.0328495
0.000328495
1727.56,0.0328702
0.000328702
1727.02,0.0328907
0.000328907
1726.49,0.0329109
0.000329109
1725.97,0.032931
0.00032931
1725.45,0.0329508
0.000329508
1724.93,0.0329704
0.000329704
1724.43,0.0329898
0.000329898
1723.92,0.033009
0.00033009
1723.43,0.033028
0.00033028
1722.94,0.0330467
0.000330467
1722.46,0.0330652
0.000330652
1721.98,0.0330835
0.000330835
1721.51,0.0331016
0.000331016
1721.05,0.0331195
0.000331195
1720.59,0.0331371
0.000331371
1720.14,0.0331545
0.000331545
1719.69,0.0331716
0.000331716
1719.25,0.0331886
0.000331886
1718.82,0.0332053
0.000332053
1718.4,0.0332217
0.000332217
1717.98,0.033238
0.00033238
1717.56,0.033254
0.00033254
1717.16,0.0332697
0.000332697
1716.76,0.0332853
0.000332853
1716.36,0.0333006
0.000333006
1715.97,0.0333156
0.000333156
1715.59,0.0333304
0.000333304
1715.22,0.033345
0.00033345
1714.85,0.0333593
0.000333593
1714.49,0.0333734
0.000333734
1714.13,0.0333873
0.000333873
1713.78,0.0334009
0.000334009
1713.44,0.0334142
0.000334142
1713.1,0.0334274
0.000334274
1712.77,0.0334402
0.000334402
1712.45,0.0334528
0.000334528
1712.13,0.0334652
0.000334652
1711.82,0.0334773
0.000334773
1711.52,0.0334892
0.000334892
1711.22,0.0335008
0.000335008
1710.93,0.0335122
0.000335122
1710.65,0.0335233
0.000335233
1710.37,0.0335342
0.000335342
1710.1,0.0335448
0.000335448
1709.84,0.0335552
0.000335552
1709.58,0.0335653
0.000335653
1709.33,0.0335751
0.000335751
1709.09,0.0335847
0.000335847
1708.85,0.033594
0.00033594
1708.62,0.0336031
0.000336031
1708.39,0.0336119
0.000336119
1708.18,0.0336205
0.000336205
1707.96,0.0336288
0.000336288
1707.76,0.0336368
0.000336368
1707.56,0.0336446
0.000336446
1707.37,0.0336521
0.000336521
1707.19,0.0336594
0.000336594
1707.01,0.0336664
0.000336664
1706.84,0.0336731
0.000336731
1706.68,0.0336796
0.000336796
1706.52,0.0336858
0.000336858
1706.37,0.0336918
0.000336918
1706.22,0.0336975
0.000336975
1706.09,0.0337029
0.000337029
1705.96,0.033708
0.00033708
1705.83,0.0337129
0.000337129
1705.72,0.0337175
0.000337175
1705.61,0.0337219
0.000337219
1705.5,0.033726
0.00033726
1705.4,0.0337298
0.000337298
1705.32,0.0337334
0.000337334
1705.23,0.0337367
0.000337367
1705.16,0.0337397
0.000337397
1705.09,0.0337425
0.000337425
1705.02,0.0337449
0.000337449
1704.97,0.0337472
0.000337472
1704.92,0.0337491
0.000337491
1704.87,0.0337508
0.000337508
1704.84,0.0337522
0.000337522
1704.81,0.0337534
0.000337534
1704.79,0.0337543
0.000337543
1704.77,0.0337549
0.000337549
1704.76,0.0337552
0.000337552
1704.76,0.0337553
0.000337553
1704.77,0.0337551
0.000337551
1704.78,0.0337547
0.000337547
1704.8,0.0337539
0.000337539
1704.82,0.033753
0.00033753
1704.85,0.0337517
0.000337517
1704.89,0.0337502
0.000337502
1704.94,0.0337484
0.000337484
1704.99,0.0337463
0.000337463
1705.05,0.033744
0.00033744
1705.11,0.0337414
0.000337414
1705.19,0.0337385
0.000337385
1705.26,0.0337354
0.000337354
1705.35,0.033732
0.00033732
1705.44,0.0337283
0.000337283
1705.54,0.0337244
0.000337244
1705.65,0.0337202
0.000337202
1705.76,0.0337157
0.000337157
1705.88,0.033711
0.00033711
1706.01,0.033706
0.00033706
1706.14,0.0337007
0.000337007
1706.28,0.0336952
0.000336952
1706.43,0.0336894
0.000336894
1706.58,0.0336833
0.000336833
1706.74,0.033677
0.00033677
1706.91,0.0336704
0.000336704
1707.08,0.0336636
0.000336636
1707.26,0.0336565
0.000336565
1707.45,0.0336491
0.000336491
1707.64,0.0336415
0.000336415
1707.84,0.0336336
0.000336336
1708.05,0.0336255
0.000336255
1708.26,0.0336171
0.000336171
1708.48,0.0336084
0.000336084
1708.71,0.0335995
0.000335995
1708.94,0.0335903
0.000335903
1709.18,0.0335808
0.000335808
1709.43,0.0335711
0.000335711
1709.68,0.0335612
0.000335612
1709.94,0.033551
0.00033551
1710.21,0.0335405
0.000335405
1710.48,0.0335298
0.000335298
1710.76,0.0335188
0.000335188
1711.05,0.0335076
0.000335076
1711.34,0.0334961
0.000334961
1711.64,0.0334844
0.000334844
1711.95,0.0334724
0.000334724
1712.26,0.0334602
0.000334602
1712.58,0.0334477
0.000334477
1712.91,0.033435
0.00033435
1713.24,0.0334221
0.000334221
1713.58,0.0334088
0.000334088
1713.92,0.0333954
0.000333954
1714.27,0.0333817
0.000333817
1714.63,0.0333677
0.000333677
1715,0.0333535
0.000333535
1715.37,0.0333391
0.000333391
1715.75,0.0333244
0.000333244
1716.13,0.0333095
0.000333095
1716.52,0.0332944
0.000332944
1716.92,0.033279
0.00033279
1717.32,0.0332634
0.000332634
1717.73,0.0332475
0.000332475
1718.15,0.0332314
0.000332314
1718.57,0.0332151
0.000332151
1719,0.0331985
0.000331985
1719.43,0.0331817
0.000331817
1719.87,0.0331647
0.000331647
1720.32,0.0331474
0.000331474
1720.77,0.03313
0.0003313
1721.24,0.0331122
0.000331122
1721.7,0.0330943
0.000330943
1722.17,0.0330761
0.000330761
1722.65,0.0330578
0.000330578
1723.14,0.0330391
0.000330391
1723.63,0.0330203
0.000330203
1724.13,0.0330013
0.000330013
1724.63,0.032982
0.00032982
1725.14,0.0329625
0.000329625
1725.66,0.0329428
0.000329428
1726.18,0.0329229
0.000329229
1726.71,0.0329027
0.000329027
1727.24,0.0328824
0.000328824
1727.78,0.0328618
0.000328618
1728.33,0.032841
0.00032841
1728.88,0.03282
0.0003282
1729.44,0.0327988
0.000327988
1730,0.0327774
0.000327774
1730.57,0.0327558
0.000327558
1731.15,0.032734
0.00032734
1731.73,0.032712
0.00032712
1732.32,0.0326898
0.000326898
1732.92,0.0326673
0.000326673
1733.52,0.0326447
0.000326447
1734.12,0.0326219
0.000326219
1734.73,0.0325989
0.000325989
1735.35,0.0325757
0.000325757
1735.98,0.0325523
0.000325523
1736.61,0.0325287
0.000325287
1737.24,0.0325049
0.000325049
1737.88,0.0324809
0.000324809
1738.53,0.0324567
0.000324567
1739.18,0.0324324
0.000324324
1739.84,0.0324078
0.000324078
1740.5,0.0323831
0.000323831
1741.17,0.0323582
0.000323582
1741.85,0.0323331
0.000323331
1742.53,0.0323078
0.000323078
1743.22,0.0322824
0.000322824
1743.91,0.0322568
0.000322568
1744.61,0.032231
0.00032231
1745.31,0.032205
0.00032205
1746.02,0.0321788
0.000321788
1746.74,0.0321525
0.000321525
1747.46,0.032126
0.00032126
1748.18,0.0320993
0.000320993
1748.91,0.0320725
0.000320725
1749.65,0.0320455
0.000320455
1750.39,0.0320183
0.000320183
1751.14,0.031991
0.00031991
1751.89,0.0319635
0.000319635
1752.65,0.0319359
0.000319359
1753.41,0.0319081
0.000319081
1754.18,0.0318801
0.000318801
1754.96,0.031852
0.00031852
1755.74,0.0318237
0.000318237
1756.52,0.0317953
0.000317953
1757.31,0.0317667
0.000317667
1758.11,0.031738
0.00031738
1758.91,0.0317091
0.000317091
1759.71,0.0316801
0.000316801
1760.52,0.0316509
0.000316509
1761.34,0.0316216
0.000316216
1762.16,0.0315921
0.000315921
1762.99,0.0315625
0.000315625
1763.82,0.0315328
0.000315328
1764.65,0.0315029
0.000315029
1765.49,0.0314729
0.000314729
1766.34,0.0314427
0.000314427
1767.19,0.0314124
0.000314124
1768.05,0.031382
0.00031382
1768.91,0.0313515
0.000313515
1769.78,0.0313208
0.000313208
1770.65,0.03129
0.0003129
1771.52,0.0312591
0.000312591
1772.4,0.031228
0.00031228
1773.29,0.0311968
0.000311968
1774.18,0.0311655
0.000311655
1775.07,0.0311341
0.000311341
1775.97,0.0311026
0.000311026
1776.88,0.0310709
0.000310709
1777.79,0.0310391
0.000310391
1778.7,0.0310072
0.000310072
1779.62,0.0309752
0.000309752
1780.54,0.0309431
0.000309431
1781.47,0.0309109
0.000309109
1782.4,0.0308786
0.000308786
1783.34,0.0308461
0.000308461
1784.28,0.0308136
0.000308136
1785.23,0.0307809
0.000307809
1786.18,0.0307482
0.000307482
1787.13,0.0307153
0.000307153
1788.09,0.0306824
0.000306824
1789.06,0.0306493
0.000306493
1790.02,0.0306162
0.000306162
1791,0.0305829
0.000305829
1791.97,0.0305496
0.000305496
1792.96,0.0305161
0.000305161
1793.94,0.0304826
0.000304826
1794.93,0.030449
0.00030449
1795.93,0.0304153
0.000304153
1796.92,0.0303815
0.000303815
1797.93,0.0303476
0.000303476
1798.93,0.0303137
0.000303137
1799.95,0.0302796
0.000302796
1800.96,0.0302455
0.000302455
1801.98,0.0302113
0.000302113
1803,0.030177
0.00030177
1804.03,0.0301427
0.000301427
1805.06,0.0301082
0.000301082
1806.1,0.0300737
0.000300737
1807.14,0.0300391
0.000300391
1808.18,0.0300045
0.000300045
1809.23,0.0299697
0.000299697
1810.28,0.0299349
0.000299349
1811.33,0.0299001
0.000299001
1812.39,0.0298651
0.000298651
1813.46,0.0298301
0.000298301
1814.52,0.0297951
0.000297951
1815.59,0.0297599
0.000297599
1816.67,0.0297248
0.000297248
1817.75,0.0296895
0.000296895
1818.83,0.0296542
0.000296542
1819.91,0.0296188
0.000296188
1821,0.0295834
0.000295834
1822.09,0.0295479
0.000295479
1823.19,0.0295124
0.000295124
1824.29,0.0294768
0.000294768
1825.39,0.0294412
0.000294412
1826.5,0.0294055
0.000294055
1827.61,0.0293698
0.000293698
1828.73,0.029334
0.00029334
1829.84,0.0292982
0.000292982
1830.96,0.0292623
0.000292623
1832.09,0.0292264
0.000292264
1833.22,0.0291905
0.000291905
1834.35,0.0291545
0.000291545
1835.48,0.0291184
0.000291184
1836.62,0.0290824
0.000290824
1837.76,0.0290463
0.000290463
1838.91,0.0290101
0.000290101
1840.06,0.0289739
0.000289739
1841.21,0.0289377
0.000289377
1842.36,0.0289015
0.000289015
1843.52,0.0288652
0.000288652
1844.68,0.0288289
0.000288289
1845.84,0.0287925
0.000287925
1847.01,0.0287562
0.000287562
1848.18,0.0287198
0.000287198
1849.35,0.0286833
0.000286833
1850.53,0.0286469
0.000286469
1851.71,0.0286104
0.000286104
1852.89,0.0285739
0.000285739
1854.07,0.0285374
0.000285374
1855.26,0.0285009
0.000285009
1856.45,0.0284643
0.000284643
1857.65,0.0284277
0.000284278
1858.84,0.0283912
0.000283912
1860.04,0.0283546
0.000283546
1861.25,0.0283179
0.000283179
1862.45,0.0282813
0.000282813
1863.66,0.0282446
0.000282446
1864.87,0.028208
0.00028208
1866.08,0.0281713
0.000281713
1867.3,0.0281346
0.000281346
1868.52,0.0280979
0.000280979
1869.74,0.0280612
0.000280612
1870.96,0.0280245
0.000280245
1872.19,0.0279878
0.000279878
1873.42,0.0279511
0.000279511
1874.65,0.0279144
0.000279144
1875.89,0.0278777
0.000278777
1877.12,0.0278409
0.000278409
1878.36,0.0278042
0.000278042
1879.6,0.0277675
0.000277675
1880.85,0.0277307
0.000277307
1882.09,0.027694
0.00027694
1883.34,0.0276573
0.000276573
1884.6,0.0276206
0.000276206
1885.85,0.0275839
0.000275839
1887.11,0.0275472
0.000275472
1888.36,0.0275104
0.000275104
1889.62,0.0274738
0.000274738
1890.89,0.0274371
0.000274371
1892.15,0.0274004
0.000274004
1893.42,0.0273637
0.000273637
1894.69,0.027327
0.00027327
1895.96,0.0272904
0.000272904
1897.24,0.0272538
0.000272538
1898.51,0.0272171
0.000272171
1899.79,0.0271805
0.000271805
1901.07,0.0271439
0.000271439
1902.35,0.0271073
0.000271073
1903.64,0.0270708
0.000270708
1904.92,0.0270342
0.000270342
1906.21,0.0269977
0.000269977
1907.5,0.0269612
0.000269612
1908.79,0.0269247
0.000269247
1910.09,0.0268882
0.000268882
1911.38,0.0268518
0.000268518
1912.68,0.0268153
0.000268153
1913.98,0.0267789
0.000267789
1915.28,0.0267426
0.000267426
1916.59,0.0267062
0.000267062
1917.89,0.0266699
0.000266699
1919.2,0.0266335
0.000266335
1920.51,0.0265973
0.000265973
1921.82,0.026561
0.00026561
1923.13,0.0265248
0.000265248
1924.44,0.0264886
0.000264886
1925.76,0.0264524
0.000264524
1927.08,0.0264162
0.000264162
1928.4,0.0263801
0.000263801
1929.72,0.026344
0.00026344
1931.04,0.026308
0.00026308
1932.36,0.026272
0.00026272
1933.69,0.026236
0.00026236
1935.01,0.0262
0.000262
1936.34,0.0261641
0.000261641
1937.67,0.0261282
0.000261282
1939,0.0260924
0.000260924
1940.33,0.0260565
0.000260565
1941.67,0.0260208
0.000260208
1943,0.025985
0.00025985
1944.34,0.0259493
0.000259493
1945.68,0.0259136
0.000259136
1947.01,0.025878
0.00025878
1948.35,0.0258424
0.000258424
1949.7,0.0258069
0.000258069
1951.04,0.0257714
0.000257714
1952.38,0.0257359
0.000257359
1953.73,0.0257005
0.000257005
1955.07,0.0256651
0.000256651
1956.42,0.0256297
0.000256297
1957.77,0.0255944
0.000255944
1959.12,0.0255592
0.000255592
1960.47,0.0255239
0.000255239
1961.82,0.0254888
0.000254888
1963.18,0.0254536
0.000254536
1964.53,0.0254186
0.000254186
1965.89,0.0253835
0.000253835
1967.24,0.0253485
0.000253485
1968.6,0.0253136
0.000253136
1969.96,0.0252787
0.000252787
1971.32,0.0252439
0.000252439
1972.68,0.0252091
0.000252091
1974.04,0.0251743
0.000251743
1975.4,0.0251396
0.000251396
1976.76,0.025105
0.00025105
1978.13,0.0250704
0.000250704
1979.49,0.0250358
0.000250358
1980.86,0.0250013
0.000250013
1982.22,0.0249669
0.000249669
1983.59,0.0249325
0.000249325
1984.96,0.0248981
0.000248981
1986.33,0.0248638
0.000248638
1987.7,0.0248296
0.000248296
1989.07,0.0247954
0.000247954
1990.44,0.0247613
0.000247613
1991.81,0.0247272
0.000247272
1993.18,0.0246932
0.000246932
1994.55,0.0246592
0.000246592
1995.92,0.0246253
0.000246253
1997.3,0.0245914
0.000245914
1998.67,0.0245576
0.000245576
2000.05,0.0245239
0.000245239
2001.42,0.0244902
0.000244902
2002.8,0.0244565
0.000244565
2004.17,0.024423
0.00024423
2005.55,0.0243894
0.000243894
2006.93,0.024356
0.00024356
2008.31,0.0243226
0.000243226
2009.68,0.0242892
0.000242892
2011.06,0.0242559
0.000242559
2012.44,0.0242227
0.000242227
2013.82,0.0241895
0.000241895
2015.2,0.0241564
0.000241564
2016.58,0.0241234
0.000241234
2017.96,0.0240904
0.000240904
2019.34,0.0240574
0.000240574
2020.72,0.0240246
0.000240246
2022.1,0.0239918
0.000239918
2023.49,0.023959
0.00023959
2024.87,0.0239263
0.000239263
2026.25,0.0238937
0.000238937
2027.63,0.0238611
0.000238611
2029.01,0.0238286
0.000238286
2030.4,0.0237962
0.000237962
2031.78,0.0237638
0.000237638
2033.16,0.0237315
0.000237315
2034.54,0.0236993
0.000236993
2035.93,0.0236671
0.000236671
2037.31,0.0236349
0.000236349
2038.69,0.0236029
0.000236029
2040.08,0.0235709
0.000235709
2041.46,0.023539
0.00023539
2042.84,0.0235071
0.000235071
2044.23,0.0234753
0.000234753
2045.61,0.0234435
0.000234435
2046.99,0.0234119
0.000234119
2048.38,0.0233803
0.000233803
2049.76,0.0233487
0.000233487
2051.14,0.0233172
0.000233172
2052.53,0.0232858
0.000232858
2053.91,0.0232545
0.000232545
2055.29,0.0232232
0.000232232
2056.67,0.023192
0.00023192
2058.06,0.0231608
0.000231608
2059.44,0.0231298
0.000231298
2060.82,0.0230987
0.000230987
2062.2,0.0230678
0.000230678
2063.58,0.0230369
0.000230369
2064.97,0.0230061
0.000230061
2066.35,0.0229754
0.000229754
2067.73,0.0229447
0.000229447
2069.11,0.0229141
0.000229141
2070.49,0.0228835
0.000228835
2071.87,0.022853
0.00022853
2073.25,0.0228226
0.000228226
2074.63,0.0227923
0.000227923
2076.01,0.022762
0.00022762
2077.39,0.0227318
0.000227318
2078.77,0.0227017
0.000227017
2080.14,0.0226716
0.000226716
2081.52,0.0226416
0.000226416
2082.9,0.0226117
0.000226117
2084.28,0.0225818
0.000225818
2085.65,0.022552
0.00022552
2087.03,0.0225223
0.000225223
2088.4,0.0224926
0.000224926
2089.78,0.022463
0.00022463
2091.15,0.0224335
0.000224335
2092.53,0.0224041
0.000224041
2093.9,0.0223747
0.000223747
2095.27,0.0223454
0.000223454
2096.65,0.0223161
0.000223161
2098.02,0.022287
0.00022287
2099.39,0.0222579
0.000222579
2100.76,0.0222288
0.000222288
2102.13,0.0221999
0.000221999
2103.5,0.022171
0.00022171
2104.87,0.0221422
0.000221422
2106.23,0.0221134
0.000221134
2107.6,0.0220847
0.000220847
2108.97,0.0220561
0.000220561
2110.33,0.0220276
0.000220276
2111.7,0.0219991
0.000219991
2113.06,0.0219707
0.000219707
2114.43,0.0219424
0.000219424
2115.79,0.0219141
0.000219141
2117.15,0.0218859
0.000218859
2118.51,0.0218578
0.000218578
2119.87,0.0218297
0.000218297
2121.23,0.0218018
0.000218018
2122.59,0.0217738
0.000217738
2123.95,0.021746
0.00021746
2125.31,0.0217182
0.000217182
2126.67,0.0216905
0.000216905
2128.02,0.0216629
0.000216629
2129.38,0.0216353
0.000216353
2130.73,0.0216079
0.000216079
2132.08,0.0215804
0.000215804
2133.44,0.0215531
0.000215531
2134.79,0.0215258
0.000215258
2136.14,0.0214986
0.000214986
2137.49,0.0214715
0.000214715
2138.84,0.0214444
0.000214444
2140.18,0.0214174
0.000214174
2141.53,0.0213905
0.000213905
2142.88,0.0213636
0.000213636
2144.22,0.0213369
0.000213369
2145.56,0.0213101
0.000213101
2146.91,0.0212835
0.000212835
2148.25,0.0212569
0.000212569
2149.59,0.0212304
0.000212304
2150.93,0.021204
0.00021204
2152.27,0.0211776
0.000211776
2153.6,0.0211513
0.000211513
2154.94,0.0211251
0.000211251
2156.27,0.021099
0.00021099
2157.61,0.0210729
0.000210729
2158.94,0.0210469
0.000210469
2160.27,0.0210209
0.000210209
2161.6,0.0209951
0.000209951
2162.93,0.0209693
0.000209693
2164.26,0.0209435
0.000209435
2165.59,0.0209179
0.000209179
2166.91,0.0208923
0.000208923
2168.24,0.0208668
0.000208668
2169.56,0.0208413
0.000208413
2170.88,0.0208159
0.000208159
2172.2,0.0207906
0.000207906
2173.52,0.0207654
0.000207654
2174.84,0.0207402
0.000207402
2176.16,0.0207151
0.000207151
2177.48,0.0206901
0.000206901
2178.79,0.0206651
0.000206651
2180.1,0.0206403
0.000206403
2181.41,0.0206154
0.000206154
2182.73,0.0205907
0.000205907
2184.03,0.020566
0.00020566
2185.34,0.0205414
0.000205414
2186.65,0.0205168
0.000205168
2187.95,0.0204924
0.000204924
2189.26,0.020468
0.00020468
2190.56,0.0204436
0.000204436
2191.86,0.0204194
0.000204194
2193.16,0.0203952
0.000203952
2194.46,0.0203711
0.000203711
2195.76,0.020347
0.00020347
2197.05,0.020323
0.00020323
2198.35,0.0202991
0.000202991
2199.64,0.0202752
0.000202752
2200.93,0.0202515
0.000202515
2202.22,0.0202277
0.000202277
2203.51,0.0202041
0.000202041
2204.8,0.0201805
0.000201805
2206.08,0.020157
0.00020157
2207.36,0.0201336
0.000201336
2208.65,0.0201102
0.000201102
2209.93,0.0200869
0.000200869
2211.21,0.0200637
0.000200637
2212.48,0.0200405
0.000200405
2213.76,0.0200174
0.000200174
2215.04,0.0199944
0.000199944
2216.31,0.0199714
0.000199714
2217.58,0.0199485
0.000199485
2218.85,0.0199257
0.000199257
2220.12,0.0199029
0.000199029
2221.38,0.0198802
0.000198802
2222.65,0.0198576
0.000198576
2223.91,0.0198351
0.000198351
2225.17,0.0198126
0.000198126
2226.43,0.0197902
0.000197902
2227.69,0.0197678
0.000197678
2228.95,0.0197455
0.000197455
2230.21,0.0197233
0.000197233
2231.46,0.0197011
0.000197011
2232.71,0.0196791
0.000196791
2233.96,0.019657
0.00019657
2235.21,0.0196351
0.000196351
2236.46,0.0196132
0.000196132
2237.7,0.0195914
0.000195914
2238.94,0.0195696
0.000195696
2240.19,0.0195479
0.000195479
2241.43,0.0195263
0.000195263
2242.66,0.0195048
0.000195048
2243.9,0.0194833
0.000194833
2245.14,0.0194618
0.000194618
2246.37,0.0194405
0.000194405
2247.6,0.0194192
0.000194192
2248.83,0.019398
0.00019398
2250.06,0.0193768
0.000193768
2251.28,0.0193557
0.000193557
2252.51,0.0193347
0.000193347
2253.73,0.0193137
0.000193137
2254.95,0.0192928
0.000192928
2256.17,0.019272
0.00019272
2257.38,0.0192512
0.000192512
2258.6,0.0192305
0.000192305
2259.81,0.0192099
0.000192099
2261.02,0.0191893
0.000191893
2262.23,0.0191688
0.000191688
2263.44,0.0191484
0.000191484
2264.64,0.019128
0.00019128
2265.85,0.0191077
0.000191077
2267.05,0.0190874
0.000190874
2268.25,0.0190672
0.000190672
2269.45,0.0190471
0.000190471
2270.64,0.019027
0.00019027
2271.84,0.019007
0.00019007
2273.03,0.0189871
0.000189871
2274.22,0.0189673
0.000189673
2275.41,0.0189474
0.000189474
2276.59,0.0189277
0.000189277
2277.78,0.018908
0.00018908
2278.96,0.0188884
0.000188884
2280.14,0.0188689
0.000188689
2281.32,0.0188494
0.000188494
2282.5,0.0188299
0.000188299
2283.67,0.0188106
0.000188106
2284.84,0.0187913
0.000187913
2286.01,0.018772
0.00018772
2287.18,0.0187529
0.000187529
2288.35,0.0187338
0.000187338
2289.51,0.0187147
0.000187147
2290.67,0.0186957
0.000186957
2291.83,0.0186768
0.000186768
2292.99,0.0186579
0.000186579
2294.15,0.0186391
0.000186391
2295.3,0.0186204
0.000186204
2296.46,0.0186017
0.000186017
2297.61,0.0185831
0.000185831
2298.75,0.0185645
0.000185645
2299.9,0.0185461
0.000185461
2301.04,0.0185276
0.000185276
2302.18,0.0185092
0.000185093
2303.32,0.0184909
0.000184909
2304.46,0.0184727
0.000184727
2305.6,0.0184545
0.000184545
2306.73,0.0184364
0.000184364
2307.86,0.0184183
0.000184183
2308.99,0.0184003
0.000184003
2310.12,0.0183824
0.000183824
2311.24,0.0183645
0.000183645
2312.36,0.0183466
0.000183466
2313.48,0.0183289
0.000183289
2314.6,0.0183112
0.000183112
2315.72,0.0182935
0.000182935
2316.83,0.0182759
0.000182759
2317.94,0.0182584
0.000182584
2319.05,0.0182409
0.000182409
2320.16,0.0182235
0.000182235
2321.27,0.0182062
0.000182062
2322.37,0.0181889
0.000181889
2323.47,0.0181717
0.000181717
2324.57,0.0181545
0.000181545
2325.66,0.0181374
0.000181374
2326.76,0.0181203
0.000181203
2327.85,0.0181033
0.000181033
2328.94,0.0180864
0.000180864
2330.03,0.0180695
0.000180695
2331.11,0.0180527
0.000180527
2332.2,0.018036
0.00018036
2333.28,0.0180193
0.000180193
2334.35,0.0180026
0.000180026
2335.43,0.017986
0.00017986
2336.5,0.0179695
0.000179695
2337.58,0.017953
0.00017953
2338.65,0.0179366
0.000179366
2339.71,0.0179203
0.000179203
2340.78,0.017904
0.00017904
2341.84,0.0178877
0.000178877
2342.9,0.0178715
0.000178715
2343.96,0.0178554
0.000178554
2345.01,0.0178393
0.000178393
2346.07,0.0178233
0.000178233
2347.12,0.0178074
0.000178074
2348.16,0.0177915
0.000177915
2349.21,0.0177756
0.000177756
2350.25,0.0177598
0.000177598
2351.3,0.0177441
0.000177441
2352.34,0.0177284
0.000177284
2353.37,0.0177128
0.000177128
2354.41,0.0176973
0.000176973
2355.44,0.0176818
0.000176818
2356.47,0.0176663
0.000176663
2357.5,0.0176509
0.000176509
2358.52,0.0176356
0.000176356
2359.54,0.0176203
0.000176203
2360.56,0.0176051
0.000176051
2361.58,0.0175899
0.000175899
2362.6,0.0175748
0.000175748
2363.61,0.0175597
0.000175597
2364.62,0.0175447
0.000175447
2365.63,0.0175298
0.000175298
2366.63,0.0175149
0.000175149
2367.64,0.0175
0.000175
2368.64,0.0174852
0.000174852
2369.64,0.0174705
0.000174705
2370.63,0.0174558
0.000174558
2371.63,0.0174412
0.000174412
2372.62,0.0174266
0.000174266
2373.61,0.0174121
0.000174121
2374.59,0.0173976
0.000173976
2375.58,0.0173832
0.000173832
2376.56,0.0173689
0.000173689
2377.54,0.0173546
0.000173546
2378.51,0.0173403
0.000173403
2379.49,0.0173261
0.000173261
2380.46,0.017312
0.00017312
2381.43,0.0172979
0.000172979
2382.4,0.0172839
0.000172839
2383.36,0.0172699
0.000172699
2384.32,0.017256
0.00017256
2385.28,0.0172421
0.000172421
2386.24,0.0172283
0.000172283
2387.19,0.0172145
0.000172145
2388.14,0.0172008
0.000172008
2389.09,0.0171871
0.000171871
2390.04,0.0171735
0.000171735
2390.98,0.01716
0.0001716
2391.92,0.0171464
0.000171464
2392.86,0.017133
0.00017133
2393.8,0.0171196
0.000171196
2394.73,0.0171062
0.000171062
2395.67,0.0170929
0.000170929
2396.59,0.0170797
0.000170797
2397.52,0.0170665
0.000170665
2398.45,0.0170533
0.000170533
2399.37,0.0170402
0.000170402
2400.29,0.0170272
0.000170272
2401.2,0.0170142
0.000170142
2402.12,0.0170013
0.000170013
2403.03,0.0169884
0.000169884
2403.93,0.0169755
0.000169755
2404.84,0.0169628
0.000169628
2405.74,0.01695
0.0001695
2406.64,0.0169373
0.000169373
2407.54,0.0169247
0.000169247
2408.44,0.0169121
0.000169121
2409.33,0.0168996
0.000168996
2410.22,0.0168871
0.000168871
2411.11,0.0168747
0.000168747
2411.99,0.0168623
0.000168623
2412.88,0.0168499
0.000168499
2413.76,0.0168377
0.000168377
2414.63,0.0168254
0.000168254
2415.51,0.0168132
0.000168132
2416.38,0.0168011
0.000168011
2417.25,0.016789
0.00016789
2418.12,0.016777
0.00016777
2418.98,0.016765
0.00016765
2419.84,0.0167531
0.000167531
2420.7,0.0167412
0.000167412
2421.56,0.0167293
0.000167293
2422.41,0.0167175
0.000167175
2423.26,0.0167058
0.000167058
2424.11,0.0166941
0.000166941
2424.96,0.0166825
0.000166825
2425.8,0.0166709
0.000166709
2426.64,0.0166593
0.000166593
2427.48,0.0166478
0.000166478
2428.32,0.0166364
0.000166364
2429.15,0.016625
0.00016625
2429.98,0.0166136
0.000166136
2430.81,0.0166023
0.000166023
2431.63,0.016591
0.000165911
2432.45,0.0165798
0.000165798
2433.27,0.0165687
0.000165687
2434.09,0.0165576
0.000165576
2434.9,0.0165465
0.000165465
2435.71,0.0165355
0.000165355
2436.52,0.0165245
0.000165245
2437.33,0.0165136
0.000165136
2438.13,0.0165027
0.000165027
2438.93,0.0164919
0.000164919
2439.73,0.0164811
0.000164811
2440.52,0.0164704
0.000164704
2441.32,0.0164597
0.000164597
2442.11,0.016449
0.00016449
2442.89,0.0164384
0.000164384
2443.68,0.0164279
0.000164279
2444.46,0.0164174
0.000164174
2445.24,0.0164069
0.000164069
2446.01,0.0163965
0.000163965
2446.79,0.0163862
0.000163862
2447.56,0.0163758
0.000163758
2448.32,0.0163656
0.000163656
2449.09,0.0163553
0.000163553
2449.85,0.0163452
0.000163452
2450.61,0.016335
0.00016335
2451.37,0.016325
0.00016325
2452.12,0.0163149
0.000163149
2452.87,0.0163049
0.000163049
2453.62,0.016295
0.00016295
2454.37,0.0162851
0.000162851
2455.11,0.0162752
0.000162752
2455.85,0.0162654
0.000162654
2456.59,0.0162556
0.000162556
2457.32,0.0162459
0.000162459
2458.06,0.0162362
0.000162362
2458.79,0.0162266
0.000162266
2459.51,0.016217
0.00016217
2460.24,0.0162075
0.000162075
2460.96,0.016198
0.00016198
2461.67,0.0161885
0.000161885
2462.39,0.0161791
0.000161791
2463.1,0.0161698
0.000161698
2463.81,0.0161605
0.000161605
2464.52,0.0161512
0.000161512
2465.22,0.016142
0.00016142
2465.93,0.0161328
0.000161328
2466.62,0.0161236
0.000161236
2467.32,0.0161145
0.000161145
2468.01,0.0161055
0.000161055
2468.7,0.0160965
0.000160965
2469.39,0.0160875
0.000160875
2470.08,0.0160786
0.000160786
2470.76,0.0160697
0.000160697
2471.44,0.0160609
0.000160609
2472.11,0.0160521
0.000160521
2472.79,0.0160434
0.000160434
2473.46,0.0160347
0.000160347
2474.12,0.016026
0.00016026
2474.79,0.0160174
0.000160174
2475.45,0.0160088
0.000160088
2476.11,0.0160003
0.000160003
2476.77,0.0159918
0.000159918
2477.42,0.0159834
0.000159834
2478.07,0.015975
0.00015975
2478.72,0.0159666
0.000159666
2479.37,0.0159583
0.000159583
2480.01,0.0159501
0.000159501
2480.65,0.0159418
0.000159418
2481.28,0.0159337
0.000159337
2481.92,0.0159255
0.000159255
2482.55,0.0159174
0.000159174
2483.18,0.0159094
0.000159094
2483.8,0.0159014
0.000159014
2484.43,0.0158934
0.000158934
2485.05,0.0158855
0.000158855
2485.66,0.0158776
0.000158776
2486.28,0.0158698
0.000158698
2486.89,0.015862
0.00015862
2487.5,0.0158542
0.000158542
2488.1,0.0158465
0.000158465
2488.7,0.0158388
0.000158388
2489.3,0.0158312
0.000158312
2489.9,0.0158236
0.000158236
2490.49,0.015816
0.00015816
2491.09,0.0158085
0.000158085
2491.67,0.0158011
0.000158011
2492.26,0.0157937
0.000157937
2492.84,0.0157863
0.000157863
2493.42,0.0157789
0.000157789
2494,0.0157716
0.000157716
2494.57,0.0157644
0.000157644
2495.14,0.0157572
0.000157572
2495.71,0.01575
0.0001575
2496.28,0.0157429
0.000157429
2496.84,0.0157358
0.000157358
2497.4,0.0157287
0.000157287
2497.95,0.0157217
0.000157217
2498.51,0.0157148
0.000157148
2499.06,0.0157078
0.000157078
2499.61,0.0157009
0.000157009
2500.15,0.0156941
0.000156941
2500.69,0.0156873
0.000156873
2501.23,0.0156805
0.000156805
2501.77,0.0156738
0.000156738
2502.3,0.0156671
0.000156671
2502.83,0.0156605
0.000156605
2503.36,0.0156539
0.000156539
2503.89,0.0156473
0.000156473
2504.41,0.0156408
0.000156408
2504.93,0.0156343
0.000156343
2505.44,0.0156279
0.000156279
2505.96,0.0156215
0.000156215
2506.47,0.0156151
0.000156151
2506.97,0.0156088
0.000156088
2507.48,0.0156025
0.000156025
2507.98,0.0155963
0.000155963
2508.48,0.0155901
0.000155901
2508.97,0.0155839
0.000155839
2509.46,0.0155778
0.000155778
2509.95,0.0155717
0.000155717
2510.44,0.0155657
0.000155657
2510.93,0.0155597
0.000155597
2511.41,0.0155538
0.000155538
2511.88,0.0155478
0.000155478
2512.36,0.015542
0.00015542
2512.83,0.0155361
0.000155361
2513.3,0.0155303
0.000155303
2513.77,0.0155246
0.000155246
2514.23,0.0155188
0.000155188
2514.69,0.0155131
0.000155131
2515.15,0.0155075
0.000155075
2515.6,0.0155019
0.000155019
2516.05,0.0154963
0.000154963
2516.5,0.0154908
0.000154908
2516.95,0.0154853
0.000154853
2517.39,0.0154799
0.000154799
2517.83,0.0154745
0.000154745
2518.27,0.0154691
0.000154691
2518.7,0.0154638
0.000154638
2519.13,0.0154585
0.000154585
2519.56,0.0154532
0.000154532
2519.99,0.015448
0.00015448
2520.41,0.0154428
0.000154428
2520.83,0.0154377
0.000154377
2521.24,0.0154326
0.000154326
2521.66,0.0154275
0.000154275
2522.07,0.0154225
0.000154225
2522.47,0.0154175
0.000154175
2522.88,0.0154126
0.000154126
2523.28,0.0154077
0.000154077
2523.68,0.0154028
0.000154028
2524.07,0.015398
0.00015398
2524.47,0.0153932
0.000153932
2524.86,0.0153885
0.000153885
2525.24,0.0153838
0.000153838
2525.63,0.0153791
0.000153791
2526.01,0.0153744
0.000153744
2526.39,0.0153699
0.000153699
2526.76,0.0153653
0.000153653
2527.13,0.0153608
0.000153608
2527.5,0.0153563
0.000153563
2527.87,0.0153518
0.000153518
2528.23,0.0153474
0.000153474
2528.59,0.0153431
0.000153431
2528.95,0.0153387
0.000153387
2529.3,0.0153344
0.000153344
2529.65,0.0153302
0.000153302
2530,0.015326
0.00015326
2530.34,0.0153218
0.000153218
2530.69,0.0153177
0.000153177
2531.03,0.0153135
0.000153135
2531.36,0.0153095
0.000153095
2531.7,0.0153055
0.000153055
2532.03,0.0153015
0.000153015
2532.35,0.0152975
0.000152975
2532.68,0.0152936
0.000152936
2533,0.0152897
0.000152897
2533.32,0.0152859
0.000152859
2533.63,0.0152821
0.000152821
2533.94,0.0152783
0.000152783
2534.25,0.0152746
0.000152746
2534.56,0.0152709
0.000152709
2534.86,0.0152672
0.000152672
2535.16,0.0152636
0.000152636
2535.46,0.01526
0.0001526
2535.75,0.0152565
0.000152565
2536.05,0.015253
0.00015253
2536.33,0.0152495
0.000152495
2536.62,0.0152461
0.000152461
2536.9,0.0152427
0.000152427
2537.18,0.0152393
0.000152393
2537.46,0.015236
0.00015236
2537.73,0.0152327
0.000152327
2538,0.0152295
0.000152295
2538.27,0.0152263
0.000152263
2538.53,0.0152231
0.000152231
2538.79,0.01522
0.0001522
2539.05,0.0152169
0.000152169
2539.31,0.0152138
0.000152138
2539.56,0.0152108
0.000152108
2539.81,0.0152078
0.000152078
2540.06,0.0152049
0.000152049
2540.3,0.0152019
0.000152019
2540.54,0.0151991
0.000151991
2540.78,0.0151962
0.000151962
2541.01,0.0151934
0.000151934
2541.24,0.0151907
0.000151907
2541.47,0.0151879
0.000151879
2541.7,0.0151852
0.000151852
2541.92,0.0151826
0.000151826
2542.14,0.01518
0.0001518
2542.35,0.0151774
0.000151774
2542.57,0.0151748
0.000151748
2542.78,0.0151723
0.000151723
2542.99,0.0151698
0.000151698
2543.19,0.0151674
0.000151674
2543.39,0.015165
0.00015165
2543.59,0.0151626
0.000151626
2543.78,0.0151603
0.000151603
2543.98,0.015158
0.00015158
2544.17,0.0151558
0.000151558
2544.35,0.0151536
0.000151536
2544.54,0.0151514
0.000151514
2544.72,0.0151492
0.000151492
2544.89,0.0151471
0.000151471
2545.07,0.015145
0.00015145
2545.24,0.015143
0.00015143
2545.41,0.015141
0.00015141
2545.57,0.015139
0.00015139
2545.73,0.0151371
0.000151371
2545.89,0.0151352
0.000151352
2546.05,0.0151334
0.000151334
2546.2,0.0151315
0.000151315
2546.35,0.0151298
0.000151298
2546.5,0.015128
0.00015128
2546.64,0.0151263
0.000151263
2546.78,0.0151246
0.000151246
2546.92,0.015123
0.00015123
2547.06,0.0151214
0.000151214
2547.19,0.0151198
0.000151198
2547.32,0.0151183
0.000151183
2547.44,0.0151168
0.000151168
2547.57,0.0151153
0.000151153
2547.69,0.0151139
0.000151139
2547.8,0.0151125
0.000151125
2547.92,0.0151112
0.000151112
2548.03,0.0151099
0.000151099
2548.13,0.0151086
0.000151086
2548.24,0.0151074
0.000151074
2548.34,0.0151061
0.000151062
2548.44,0.015105
0.00015105
2548.54,0.0151038
0.000151038
2548.63,0.0151027
0.000151027
2548.72,0.0151017
0.000151017
2548.8,0.0151007
0.000151007
2548.89,0.0150997
0.000150997
2548.97,0.0150987
0.000150987
2549.05,0.0150978
0.000150978
2549.12,0.0150969
0.000150969
2549.19,0.0150961
0.000150961
2549.26,0.0150953
0.000150953
2549.33,0.0150945
0.000150945
2549.39,0.0150937
0.000150937
2549.45,0.015093
0.00015093
2549.5,0.0150924
0.000150924
2549.56,0.0150917
0.000150917
2549.61,0.0150912
0.000150912
2549.65,0.0150906
0.000150906
2549.7,0.0150901
0.000150901
2549.74,0.0150896
0.000150896
2549.78,0.0150891
0.000150891
2549.81,0.0150887
0.000150887
2549.85,0.0150883
0.000150883
2549.87,0.015088
0.00015088
2549.9,0.0150877
0.000150877
2549.92,0.0150874
0.000150874
2549.94,0.0150872
0.000150872
2549.96,0.015087
0.00015087
2549.97,0.0150868
0.000150868
2549.99,0.0150867
0.000150867
2549.99,0.0150866
0.000150866
2550,0.0150865
0.000150865
2550,0.0150865
0.000150865
2550,0.0150865
0.000150865
2549.99,0.0150866
0.000150866
2549.99,0.0150867
0.000150867
2549.98,0.0150868
0.000150868
2549.96,0.0150869
0.000150869
2549.95,0.0150871
0.000150871
2549.93,0.0150874
0.000150874
2549.91,0.0150876
0.000150876
2549.88,0.0150879
0.000150879
2549.85,0.0150883
0.000150883
2549.82,0.0150886
0.000150886
2549.79,0.015089
0.00015089
2549.75,0.0150895
0.000150895
2549.71,0.01509
0.0001509
2549.66,0.0150905
0.000150905
2549.62,0.015091
0.00015091
2549.57,0.0150916
0.000150916
2549.52,0.0150922
0.000150922
2549.46,0.0150929
0.000150929
2549.4,0.0150936
0.000150936
2549.34,0.0150943
0.000150943
2549.28,0.0150951
0.000150951
2549.21,0.0150959
0.000150959
2549.14,0.0150967
0.000150967
2549.06,0.0150976
0.000150976
2548.99,0.0150985
0.000150985
2548.91,0.0150995
0.000150995
2548.82,0.0151004
0.000151004
2548.74,0.0151015
0.000151015
2548.65,0.0151025
0.000151025
2548.56,0.0151036
0.000151036
2548.46,0.0151047
0.000151047
2548.36,0.0151059
0.000151059
2548.26,0.0151071
0.000151071
2548.16,0.0151083
0.000151083
2548.05,0.0151096
0.000151096
2547.94,0.0151109
0.000151109
2547.83,0.0151122
0.000151122
2547.71,0.0151136
0.000151136
2547.59,0.015115
0.00015115
2547.47,0.0151165
0.000151165
2547.35,0.015118
0.00015118
2547.22,0.0151195
0.000151195
2547.09,0.015121
0.00015121
2546.95,0.0151226
0.000151226
2546.81,0.0151243
0.000151243
2546.67,0.0151259
0.000151259
2546.53,0.0151276
0.000151276
2546.38,0.0151294
0.000151294
2546.24,0.0151312
0.000151312
2546.08,0.015133
0.00015133
2545.93,0.0151348
0.000151348
2545.77,0.0151367
0.000151367
2545.61,0.0151386
0.000151386
2545.44,0.0151406
0.000151406
2545.28,0.0151426
0.000151426
2545.11,0.0151446
0.000151446
2544.93,0.0151467
0.000151467
2544.76,0.0151488
0.000151488
2544.58,0.0151509
0.000151509
2544.39,0.0151531
0.000151531
2544.21,0.0151553
0.000151553
2544.02,0.0151575
0.000151575
2543.83,0.0151598
0.000151598
2543.63,0.0151621
0.000151621
2543.44,0.0151645
0.000151645
2543.23,0.0151669
0.000151669
2543.03,0.0151693
0.000151693
2542.82,0.0151718
0.000151718
2542.61,0.0151743
0.000151743
2542.4,0.0151768
0.000151768
2542.19,0.0151794
0.000151794
2541.97,0.015182
0.00015182
2541.75,0.0151846
0.000151846
2541.52,0.0151873
0.000151873
2541.29,0.01519
0.000151901
2541.06,0.0151928
0.000151928
2540.83,0.0151956
0.000151956
2540.59,0.0151984
0.000151984
2540.35,0.0152013
0.000152013
2540.11,0.0152042
0.000152042
2539.86,0.0152072
0.000152072
2539.62,0.0152101
0.000152101
2539.36,0.0152131
0.000152131
2539.11,0.0152162
0.000152162
2538.85,0.0152193
0.000152193
2538.59,0.0152224
0.000152224
2538.33,0.0152256
0.000152256
2538.06,0.0152288
0.000152288
2537.79,0.015232
0.00015232
2537.52,0.0152353
0.000152353
2537.24,0.0152386
0.000152386
2536.96,0.0152419
0.000152419
2536.68,0.0152453
0.000152453
2536.4,0.0152488
0.000152488
2536.11,0.0152522
0.000152522
2535.82,0.0152557
0.000152557
2535.53,0.0152592
0.000152592
2535.23,0.0152628
0.000152628
2534.93,0.0152664
0.000152664
2534.63,0.0152701
0.000152701
2534.32,0.0152738
0.000152738
2534.01,0.0152775
0.000152775
2533.7,0.0152812
0.000152812
2533.39,0.015285
0.00015285
2533.07,0.0152889
0.000152889
2532.75,0.0152927
0.000152927
2532.42,0.0152966
0.000152966
2532.1,0.0153006
0.000153006
2531.77,0.0153046
0.000153046
2531.44,0.0153086
0.000153086
2531.1,0.0153127
0.000153127
2530.76,0.0153167
0.000153167
2530.42,0.0153209
0.000153209
2530.08,0.015325
0.00015325
2529.73,0.0153293
0.000153293
2529.38,0.0153335
0.000153335
2529.02,0.0153378
0.000153378
2528.67,0.0153421
0.000153421
2528.31,0.0153465
0.000153465
2527.95,0.0153509
0.000153509
2527.58,0.0153553
0.000153553
2527.21,0.0153598
0.000153598
2526.84,0.0153643
0.000153643
2526.47,0.0153688
0.000153688
2526.09,0.0153734
0.000153734
2525.71,0.0153781
0.000153781
2525.33,0.0153827
0.000153827
2524.94,0.0153874
0.000153874
2524.55,0.0153922
0.000153922
2524.16,0.015397
0.00015397
2523.77,0.0154018
0.000154018
2523.37,0.0154066
0.000154066
2522.97,0.0154115
0.000154115
2522.56,0.0154165
0.000154165
2522.16,0.0154214
0.000154214
2521.75,0.0154264
0.000154264
2521.34,0.0154315
0.000154315
2520.92,0.0154366
0.000154366
2520.5,0.0154417
0.000154417
2520.08,0.0154469
0.000154469
2519.65,0.0154521
0.000154521
2519.23,0.0154573
0.000154573
2518.8,0.0154626
0.000154626
2518.36,0.0154679
0.000154679
2517.93,0.0154733
0.000154733
2517.49,0.0154787
0.000154787
2517.05,0.0154841
0.000154841
2516.6,0.0154896
0.000154896
2516.15,0.0154951
0.000154951
2515.7,0.0155007
0.000155007
2515.25,0.0155063
0.000155063
2514.79,0.0155119
0.000155119
2514.33,0.0155176
0.000155176
2513.87,0.0155233
0.000155233
2513.4,0.015529
0.00015529
2512.94,0.0155348
0.000155348
2512.46,0.0155407
0.000155407
2511.99,0.0155465
0.000155465
2511.51,0.0155524
0.000155524
2511.03,0.0155584
0.000155584
2510.55,0.0155644
0.000155644
2510.06,0.0155704
0.000155704
2509.57,0.0155765
0.000155765
2509.08,0.0155826
0.000155826
2508.59,0.0155887
0.000155887
2508.09,0.0155949
0.000155949
2507.59,0.0156011
0.000156012
2507.08,0.0156074
0.000156074
2506.58,0.0156137
0.000156137
2506.07,0.0156201
0.000156201
2505.56,0.0156265
0.000156265
2505.04,0.0156329
0.000156329
2504.52,0.0156394
0.000156394
2504,0.0156459
0.000156459
2503.48,0.0156524
0.000156524
2502.95,0.015659
0.00015659
2502.42,0.0156657
0.000156657
2501.89,0.0156723
0.000156723
2501.35,0.015679
0.00015679
2500.81,0.0156858
0.000156858
2500.27,0.0156926
0.000156926
2499.73,0.0156994
0.000156994
2499.18,0.0157063
0.000157063
2498.63,0.0157132
0.000157132
2498.08,0.0157202
0.000157202
2497.52,0.0157272
0.000157272
2496.96,0.0157342
0.000157342
2496.4,0.0157413
0.000157413
2495.84,0.0157484
0.000157484
2495.27,0.0157556
0.000157556
2494.7,0.0157628
0.000157628
2494.13,0.01577
0.0001577
2493.55,0.0157773
0.000157773
2492.97,0.0157846
0.000157846
2492.39,0.015792
0.00015792
2491.8,0.0157994
0.000157994
2491.22,0.0158069
0.000158069
2490.63,0.0158144
0.000158144
2490.03,0.0158219
0.000158219
2489.44,0.0158295
0.000158295
2488.84,0.0158371
0.000158371
2488.24,0.0158448
0.000158448
2487.63,0.0158525
0.000158525
2487.02,0.0158602
0.000158602
2486.41,0.015868
0.00015868
2485.8,0.0158758
0.000158758
2485.18,0.0158837
0.000158837
2484.56,0.0158916
0.000158916
2483.94,0.0158996
0.000158996
2483.32,0.0159076
0.000159076
2482.69,0.0159156
0.000159156
2482.06,0.0159237
0.000159237
2481.43,0.0159319
0.000159319
2480.79,0.01594
0.0001594
2480.15,0.0159482
0.000159482
2479.51,0.0159565
0.000159565
2478.87,0.0159648
0.000159648
2478.22,0.0159731
0.000159731
2477.57,0.0159815
0.000159815
2476.91,0.0159899
0.000159899
2476.26,0.0159984
0.000159984
2475.6,0.0160069
0.000160069
2474.94,0.0160155
0.000160155
2474.27,0.0160241
0.000160241
2473.61,0.0160327
0.000160327
2472.94,0.0160414
0.000160414
2472.26,0.0160502
0.000160502
2471.59,0.0160589
0.000160589
2470.91,0.0160678
0.000160678
2470.23,0.0160766
0.000160766
2469.54,0.0160855
0.000160855
2468.86,0.0160945
0.000160945
2468.17,0.0161035
0.000161035
2467.47,0.0161125
0.000161125
2466.78,0.0161216
0.000161216
2466.08,0.0161307
0.000161307
2465.38,0.0161399
0.000161399
2464.68,0.0161491
0.000161491
2463.97,0.0161584
0.000161584
2463.26,0.0161677
0.000161677
2462.55,0.0161771
0.000161771
2461.83,0.0161864
0.000161864
2461.12,0.0161959
0.000161959
2460.4,0.0162054
0.000162054
2459.67,0.0162149
0.000162149
2458.95,0.0162245
0.000162245
2458.22,0.0162341
0.000162341
2457.49,0.0162438
0.000162438
2456.75,0.0162535
0.000162535
2456.02,0.0162632
0.000162632
2455.28,0.016273
0.00016273
2454.53,0.0162829
0.000162829
2453.79,0.0162928
0.000162928
2453.04,0.0163027
0.000163027
2452.29,0.0163127
0.000163127
2451.54,0.0163227
0.000163227
2450.78,0.0163328
0.000163328
2450.02,0.0163429
0.000163429
2449.26,0.0163531
0.000163531
2448.49,0.0163633
0.000163633
2447.73,0.0163736
0.000163736
2446.96,0.0163839
0.000163839
2446.19,0.0163942
0.000163942
2445.41,0.0164046
0.000164046
2444.63,0.0164151
0.000164151
2443.85,0.0164255
0.000164255
2443.07,0.0164361
0.000164361
2442.28,0.0164467
0.000164467
2441.49,0.0164573
0.000164573
2440.7,0.016468
0.00016468
2439.91,0.0164787
0.000164787
2439.11,0.0164895
0.000164895
2438.31,0.0165003
0.000165003
2437.51,0.0165112
0.000165112
2436.7,0.0165221
0.000165221
2435.89,0.016533
0.00016533
2435.08,0.016544
0.00016544
2434.27,0.0165551
0.000165551
2433.45,0.0165662
0.000165662
2432.63,0.0165774
0.000165774
2431.81,0.0165885
0.000165885
2430.99,0.0165998
0.000165998
2430.16,0.0166111
0.000166111
2429.33,0.0166224
0.000166224
2428.5,0.0166338
0.000166338
2427.67,0.0166453
0.000166453
2426.83,0.0166568
0.000166568
2425.99,0.0166683
0.000166683
2425.15,0.0166799
0.000166799
2424.3,0.0166915
0.000166915
2423.45,0.0167032
0.000167032
2422.6,0.0167149
0.000167149
2421.75,0.0167267
0.000167267
2420.89,0.0167385
0.000167385
2420.04,0.0167504
0.000167504
2419.17,0.0167623
0.000167623
2418.31,0.0167743
0.000167743
2417.44,0.0167863
0.000167863
2416.58,0.0167984
0.000167984
2415.7,0.0168105
0.000168105
2414.83,0.0168227
0.000168227
2413.95,0.0168349
0.000168349
2413.07,0.0168472
0.000168472
2412.19,0.0168595
0.000168595
2411.31,0.0168719
0.000168719
2410.42,0.0168843
0.000168843
2409.53,0.0168968
0.000168968
2408.64,0.0169093
0.000169093
2407.74,0.0169219
0.000169219
2406.84,0.0169345
0.000169345
2405.94,0.0169472
0.000169472
2405.04,0.0169599
0.000169599
2404.14,0.0169727
0.000169727
2403.23,0.0169855
0.000169855
2402.32,0.0169984
0.000169984
2401.4,0.0170113
0.000170113
2400.49,0.0170243
0.000170243
2399.57,0.0170373
0.000170373
2398.65,0.0170504
0.000170504
2397.73,0.0170636
0.000170636
2396.8,0.0170767
0.000170767
2395.87,0.01709
0.0001709
2394.94,0.0171033
0.000171033
2394.01,0.0171166
0.000171166
2393.07,0.01713
0.0001713
2392.13,0.0171434
0.000171434
2391.19,0.0171569
0.000171569
2390.25,0.0171705
0.000171705
2389.3,0.0171841
0.000171841
2388.35,0.0171977
0.000171977
2387.4,0.0172114
0.000172114
2386.45,0.0172252
0.000172252
2385.49,0.017239
0.00017239
2384.54,0.0172529
0.000172529
2383.57,0.0172668
0.000172668
2382.61,0.0172808
0.000172808
2381.64,0.0172948
0.000172948
2380.68,0.0173089
0.000173089
2379.7,0.017323
0.00017323
2378.73,0.0173372
0.000173372
2377.76,0.0173514
0.000173514
2376.78,0.0173657
0.000173657
2375.8,0.01738
0.0001738
2374.81,0.0173944
0.000173944
2373.83,0.0174089
0.000174089
2372.84,0.0174234
0.000174234
2371.85,0.0174379
0.000174379
2370.86,0.0174526
0.000174526
2369.86,0.0174672
0.000174672
2368.86,0.0174819
0.000174819
2367.86,0.0174967
0.000174967
2366.86,0.0175116
0.000175116
2365.85,0.0175264
0.000175264
2364.85,0.0175414
0.000175414
2363.84,0.0175564
0.000175564
2362.82,0.0175714
0.000175714
2361.81,0.0175865
0.000175865
2360.79,0.0176017
0.000176017
2359.77,0.0176169
0.000176169
2358.75,0.0176322
0.000176322
2357.72,0.0176475
0.000176475
2356.7,0.0176629
0.000176629
2355.67,0.0176783
0.000176783
2354.64,0.0176938
0.000176938
2353.6,0.0177094
0.000177094
2352.57,0.017725
0.00017725
2351.53,0.0177406
0.000177406
2350.49,0.0177563
0.000177563
2349.44,0.0177721
0.000177721
2348.4,0.0177879
0.000177879
2347.35,0.0178038
0.000178038
2346.3,0.0178198
0.000178198
2345.25,0.0178358
0.000178358
2344.19,0.0178518
0.000178518
2343.13,0.0178679
0.000178679
2342.08,0.0178841
0.000178841
2341.01,0.0179003
0.000179003
2339.95,0.0179166
0.000179166
2338.88,0.017933
0.00017933
2337.81,0.0179494
0.000179494
2336.74,0.0179658
0.000179658
2335.67,0.0179823
0.000179823
2334.59,0.0179989
0.000179989
2333.52,0.0180156
0.000180156
2332.44,0.0180322
0.000180322
2331.35,0.018049
0.00018049
2330.27,0.0180658
0.000180658
2329.18,0.0180827
0.000180827
2328.09,0.0180996
0.000180996
2327,0.0181166
0.000181166
2325.91,0.0181336
0.000181336
2324.81,0.0181507
0.000181507
2323.71,0.0181679
0.000181679
2322.61,0.0181851
0.000181851
2321.51,0.0182024
0.000182024
2320.41,0.0182197
0.000182197
2319.3,0.0182371
0.000182371
2318.19,0.0182545
0.000182545
2317.08,0.018272
0.00018272
2315.97,0.0182896
0.000182896
2314.85,0.0183073
0.000183073
2313.73,0.0183249
0.000183249
2312.61,0.0183427
0.000183427
2311.49,0.0183605
0.000183605
2310.37,0.0183784
0.000183784
2309.24,0.0183963
0.000183963
2308.11,0.0184143
0.000184143
2306.98,0.0184324
0.000184324
2305.85,0.0184505
0.000184505
2304.71,0.0184687
0.000184687
2303.58,0.0184869
0.000184869
2302.44,0.0185052
0.000185052
2301.3,0.0185235
0.000185235
2300.15,0.018542
0.00018542
2299.01,0.0185604
0.000185604
2297.86,0.018579
0.00018579
2296.71,0.0185976
0.000185976
2295.56,0.0186162
0.000186162
2294.41,0.018635
0.00018635
2293.25,0.0186538
0.000186538
2292.09,0.0186726
0.000186726
2290.93,0.0186915
0.000186915
2289.77,0.0187105
0.000187105
2288.61,0.0187295
0.000187295
2287.44,0.0187486
0.000187486
2286.27,0.0187678
0.000187678
2285.1,0.018787
0.00018787
2283.93,0.0188063
0.000188063
2282.76,0.0188257
0.000188257
2281.58,0.0188451
0.000188451
2280.4,0.0188645
0.000188645
2279.22,0.0188841
0.000188841
2278.04,0.0189037
0.000189037
2276.86,0.0189233
0.000189233
2275.67,0.0189431
0.000189431
2274.48,0.0189629
0.000189629
2273.29,0.0189827
0.000189827
2272.1,0.0190026
0.000190026
2270.91,0.0190226
0.000190226
2269.71,0.0190427
0.000190426
2268.51,0.0190628
0.000190628
2267.32,0.0190829
0.000190829
2266.11,0.0191032
0.000191032
2264.91,0.0191235
0.000191235
2263.71,0.0191438
0.000191438
2262.5,0.0191643
0.000191643
2261.29,0.0191848
0.000191848
2260.08,0.0192053
0.000192053
2258.87,0.0192259
0.000192259
2257.65,0.0192466
0.000192466
2256.44,0.0192674
0.000192674
2255.22,0.0192882
0.000192882
2254,0.0193091
0.000193091
2252.78,0.01933
0.0001933
2251.55,0.0193511
0.000193511
2250.33,0.0193721
0.000193721
2249.1,0.0193933
0.000193933
2247.87,0.0194145
0.000194145
2246.64,0.0194358
0.000194358
2245.41,0.0194571
0.000194571
2244.17,0.0194785
0.000194785
2242.94,0.0195
0.000195
2241.7,0.0195215
0.000195215
2240.46,0.0195431
0.000195431
2239.22,0.0195648
0.000195648
2237.98,0.0195865
0.000195865
2236.73,0.0196084
0.000196084
2235.49,0.0196302
0.000196302
2234.24,0.0196522
0.000196522
2232.99,0.0196742
0.000196742
2231.74,0.0196962
0.000196962
2230.48,0.0197184
0.000197184
2229.23,0.0197406
0.000197406
2227.97,0.0197629
0.000197629
2226.71,0.0197852
0.000197852
2225.45,0.0198076
0.000198076
2224.19,0.0198301
0.000198301
2222.93,0.0198526
0.000198526
2221.66,0.0198752
0.000198752
2220.4,0.0198979
0.000198979
2219.13,0.0199206
0.000199206
2217.86,0.0199435
0.000199435
2216.59,0.0199663
0.000199663
2215.32,0.0199893
0.000199893
2214.04,0.0200123
0.000200123
2212.77,0.0200354
0.000200354
2211.49,0.0200585
0.000200585
2210.21,0.0200817
0.000200817
2208.93,0.020105
0.00020105
2207.65,0.0201284
0.000201284
2206.37,0.0201518
0.000201518
2205.08,0.0201753
0.000201753
2203.79,0.0201989
0.000201989
2202.51,0.0202225
0.000202225
2201.22,0.0202462
0.000202462
2199.93,0.02027
0.0002027
2198.63,0.0202938
0.000202938
2197.34,0.0203177
0.000203177
2196.04,0.0203417
0.000203417
2194.75,0.0203657
0.000203657
2193.45,0.0203898
0.000203898
2192.15,0.020414
0.00020414
2190.85,0.0204383
0.000204383
2189.55,0.0204626
0.000204626
2188.24,0.020487
0.00020487
2186.94,0.0205114
0.000205114
2185.63,0.0205359
0.000205359
2184.32,0.0205605
0.000205605
2183.02,0.0205852
0.000205852
2181.71,0.0206099
0.000206099
2180.39,0.0206347
0.000206347
2179.08,0.0206596
0.000206596
2177.77,0.0206846
0.000206846
2176.45,0.0207096
0.000207096
2175.13,0.0207347
0.000207347
2173.82,0.0207598
0.000207598
2172.5,0.020785
0.00020785
2171.18,0.0208103
0.000208103
2169.85,0.0208357
0.000208357
2168.53,0.0208611
0.000208611
2167.21,0.0208866
0.000208866
2165.88,0.0209122
0.000209122
2164.56,0.0209378
0.000209378
2163.23,0.0209635
0.000209635
2161.9,0.0209893
0.000209893
2160.57,0.0210152
0.000210152
2159.24,0.0210411
0.000210411
2157.9,0.0210671
0.000210671
2156.57,0.0210932
0.000210932
2155.24,0.0211193
0.000211193
2153.9,0.0211455
0.000211455
2152.56,0.0211718
0.000211718
2151.22,0.0211981
0.000211981
2149.89,0.0212245
0.000212245
2148.55,0.021251
0.00021251
2147.2,0.0212776
0.000212776
2145.86,0.0213042
0.000213042
2144.52,0.0213309
0.000213309
2143.17,0.0213577
0.000213577
2141.83,0.0213845
0.000213845
2140.48,0.0214114
0.000214114
2139.14,0.0214384
0.000214384
2137.79,0.0214655
0.000214655
2136.44,0.0214926
0.000214926
2135.09,0.0215198
0.000215198
2133.74,0.021547
0.00021547
2132.38,0.0215744
0.000215744
2131.03,0.0216018
0.000216018
2129.68,0.0216292
0.000216292
2128.32,0.0216568
0.000216568
2126.97,0.0216844
0.000216844
2125.61,0.0217121
0.000217121
2124.25,0.0217398
0.000217398
2122.9,0.0217677
0.000217677
2121.54,0.0217956
0.000217956
2120.18,0.0218235
0.000218235
2118.82,0.0218516
0.000218516
2117.46,0.0218797
0.000218797
2116.09,0.0219078
0.000219078
2114.73,0.0219361
0.000219361
2113.37,0.0219644
0.000219644
2112,0.0219928
0.000219928
2110.64,0.0220212
0.000220212
2109.27,0.0220498
0.000220498
2107.9,0.0220784
0.000220784
2106.54,0.022107
0.00022107
2105.17,0.0221358
0.000221358
2103.8,0.0221646
0.000221646
2102.43,0.0221935
0.000221935
2101.06,0.0222224
0.000222224
2099.69,0.0222514
0.000222514
2098.32,0.0222805
0.000222805
2096.95,0.0223097
0.000223097
2095.58,0.0223389
0.000223389
2094.2,0.0223682
0.000223682
2092.83,0.0223976
0.000223976
2091.46,0.022427
0.00022427
2090.08,0.0224565
0.000224565
2088.71,0.0224861
0.000224861
2087.33,0.0225157
0.000225157
2085.96,0.0225454
0.000225454
2084.58,0.0225752
0.000225752
2083.2,0.022605
0.00022605
2081.83,0.022635
0.000226349
2080.45,0.0226649
0.000226649
2079.07,0.022695
0.00022695
2077.69,0.0227251
0.000227251
2076.31,0.0227553
0.000227553
2074.94,0.0227856
0.000227856
2073.56,0.0228159
0.000228159
2072.18,0.0228463
0.000228463
2070.8,0.0228767
0.000228767
2069.42,0.0229073
0.000229073
2068.04,0.0229379
0.000229379
2066.65,0.0229685
0.000229685
2065.27,0.0229993
0.000229993
2063.89,0.0230301
0.000230301
2062.51,0.0230609
0.000230609
2061.13,0.0230919
0.000230919
2059.75,0.0231229
0.000231229
2058.36,0.0231539
0.000231539
2056.98,0.0231851
0.000231851
2055.6,0.0232163
0.000232163
2054.22,0.0232475
0.000232475
2052.83,0.0232789
0.000232789
2051.45,0.0233103
0.000233103
2050.07,0.0233417
0.000233417
2048.68,0.0233732
0.000233732
2047.3,0.0234048
0.000234048
2045.92,0.0234365
0.000234365
2044.53,0.0234682
0.000234682
2043.15,0.0235
0.000235
2041.77,0.0235319
0.000235319
2040.38,0.0235638
0.000235638
2039,0.0235958
0.000235958
2037.62,0.0236278
0.000236278
2036.23,0.0236599
0.000236599
2034.85,0.0236921
0.000236921
2033.47,0.0237243
0.000237243
2032.09,0.0237566
0.000237566
2030.7,0.023789
0.00023789
2029.32,0.0238214
0.000238214
2027.94,0.0238539
0.000238539
2026.56,0.0238864
0.000238864
2025.17,0.0239191
0.000239191
2023.79,0.0239517
0.000239517
2022.41,0.0239845
0.000239845
2021.03,0.0240173
0.000240173
2019.65,0.0240501
0.000240501
2018.27,0.024083
0.00024083
2016.89,0.024116
0.00024116
2015.51,0.0241491
0.000241491
2014.13,0.0241822
0.000241822
2012.75,0.0242153
0.000242153
2011.37,0.0242485
0.000242485
2009.99,0.0242818
0.000242818
2008.61,0.0243151
0.000243151
2007.23,0.0243485
0.000243485
2005.86,0.024382
0.00024382
2004.48,0.0244155
0.000244155
2003.1,0.0244491
0.000244491
2001.73,0.0244827
0.000244827
2000.35,0.0245164
0.000245164
1998.98,0.0245501
0.000245501
1997.6,0.0245839
0.000245839
1996.23,0.0246177
0.000246177
1994.86,0.0246516
0.000246516
1993.48,0.0246856
0.000246856
1992.11,0.0247196
0.000247196
1990.74,0.0247537
0.000247537
1989.37,0.0247878
0.000247878
1988,0.024822
0.00024822
1986.63,0.0248562
0.000248562
1985.26,0.0248905
0.000248905
1983.89,0.0249248
0.000249248
1982.53,0.0249592
0.000249592
1981.16,0.0249936
0.000249936
1979.8,0.0250281
0.000250281
1978.43,0.0250627
0.000250627
1977.07,0.0250972
0.000250972
1975.7,0.0251319
0.000251319
1974.34,0.0251666
0.000251666
1972.98,0.0252013
0.000252013
1971.62,0.0252361
0.000252361
1970.26,0.0252709
0.000252709
1968.9,0.0253058
0.000253058
1967.55,0.0253408
0.000253408
1966.19,0.0253757
0.000253757
1964.83,0.0254108
0.000254108
1963.48,0.0254458
0.000254458
1962.13,0.0254809
0.000254809
1960.77,0.0255161
0.000255161
1959.42,0.0255513
0.000255513
1958.07,0.0255866
0.000255866
1956.72,0.0256219
0.000256219
1955.37,0.0256572
0.000256572
1954.03,0.0256926
0.000256926
1952.68,0.025728
0.00025728
1951.34,0.0257634
0.000257634
1949.99,0.025799
0.00025799
1948.65,0.0258345
0.000258345
1947.31,0.0258701
0.000258701
1945.97,0.0259057
0.000259057
1944.64,0.0259414
0.000259414
1943.3,0.0259771
0.000259771
1941.96,0.0260128
0.000260128
1940.63,0.0260486
0.000260486
1939.3,0.0260844
0.000260844
1937.97,0.0261202
0.000261202
1936.64,0.0261561
0.000261561
1935.31,0.026192
0.00026192
1933.98,0.026228
0.00026228
1932.66,0.026264
0.00026264
1931.33,0.0263
0.000263
1930.01,0.026336
0.00026336
1928.69,0.0263721
0.000263721
1927.37,0.0264082
0.000264082
1926.05,0.0264443
0.000264443
1924.74,0.0264805
0.000264805
1923.42,0.0265167
0.000265167
1922.11,0.0265529
0.000265529
1920.8,0.0265892
0.000265892
1919.49,0.0266255
0.000266255
1918.18,0.0266618
0.000266618
1916.88,0.0266981
0.000266981
1915.57,0.0267345
0.000267345
1914.27,0.0267708
0.000267708
1912.97,0.0268072
0.000268072
1911.67,0.0268437
0.000268437
1910.38,0.0268801
0.000268801
1909.08,0.0269166
0.000269166
1907.79,0.0269531
0.000269531
1906.5,0.0269896
0.000269896
1905.21,0.0270261
0.000270261
1903.92,0.0270626
0.000270626
1902.64,0.0270992
0.000270992
1901.36,0.0271358
0.000271358
1900.08,0.0271724
0.000271724
1898.8,0.027209
0.00027209
1897.52,0.0272456
0.000272456
1896.25,0.0272822
0.000272822
1894.97,0.0273189
0.000273189
1893.7,0.0273555
0.000273555
1892.44,0.0273922
0.000273922
1891.17,0.0274289
0.000274289
1889.91,0.0274656
0.000274656
1888.64,0.0275023
0.000275023
1887.39,0.027539
0.00027539
1886.13,0.0275757
0.000275757
1884.87,0.0276124
0.000276124
1883.62,0.0276491
0.000276491
1882.37,0.0276858
0.000276858
1881.13,0.0277226
0.000277226
1879.88,0.0277593
0.000277593
1878.64,0.027796
0.00027796
1877.4,0.0278327
0.000278327
1876.16,0.0278695
0.000278695
1874.93,0.0279062
0.000279062
1873.69,0.0279429
0.000279429
1872.46,0.0279796
0.000279796
1871.24,0.0280163
0.000280163
1870.01,0.028053
0.000280531
1868.79,0.0280898
0.000280898
1867.57,0.0281264
0.000281264
1866.35,0.0281631
0.000281631
1865.14,0.0281998
0.000281998
1863.93,0.0282365
0.000282365
1862.72,0.0282731
0.000282731
1861.51,0.0283098
0.000283098
1860.31,0.0283464
0.000283464
1859.11,0.028383
0.00028383
1857.91,0.0284196
0.000284196
1856.72,0.0284562
0.000284562
1855.53,0.0284927
0.000284927
1854.34,0.0285293
0.000285293
1853.15,0.0285658
0.000285658
1851.97,0.0286023
0.000286023
1850.79,0.0286388
0.000286388
1849.61,0.0286752
0.000286752
1848.44,0.0287116
0.000287116
1847.27,0.028748
0.00028748
1846.1,0.0287844
0.000287844
1844.94,0.0288208
0.000288208
1843.78,0.0288571
0.000288571
1842.62,0.0288934
0.000288934
1841.46,0.0289296
0.000289296
1840.31,0.0289658
0.000289658
1839.16,0.029002
0.00029002
1838.02,0.0290382
0.000290382
1836.88,0.0290743
0.000290743
1835.74,0.0291104
0.000291104
1834.6,0.0291464
0.000291464
1833.47,0.0291824
0.000291824
1832.34,0.0292184
0.000292184
1831.22,0.0292543
0.000292543
1830.09,0.0292902
0.000292902
1828.98,0.029326
0.00029326
1827.86,0.0293618
0.000293618
1826.75,0.0293975
0.000293975
1825.64,0.0294332
0.000294332
1824.54,0.0294689
0.000294689
1823.44,0.0295045
0.000295045
1822.34,0.02954
0.0002954
1821.25,0.0295755
0.000295755
1820.16,0.0296109
0.000296109
1819.07,0.0296463
0.000296463
1817.99,0.0296816
0.000296816
1816.91,0.0297169
0.000297169
1815.83,0.0297521
0.000297521
1814.76,0.0297872
0.000297872
1813.69,0.0298223
0.000298223
1812.63,0.0298573
0.000298573
1811.57,0.0298922
0.000298922
1810.51,0.0299271
0.000299271
1809.46,0.0299619
0.000299619
1808.41,0.0299967
0.000299967
1807.37,0.0300314
0.000300314
1806.33,0.030066
0.00030066
1805.29,0.0301005
0.000301005
1804.26,0.0301349
0.000301349
1803.23,0.0301693
0.000301693
1802.21,0.0302036
0.000302036
1801.19,0.0302378
0.000302378
1800.17,0.030272
0.00030272
1799.16,0.030306
0.00030306
1798.15,0.03034
0.0003034
1797.15,0.0303739
0.000303739
1796.15,0.0304077
0.000304077
1795.15,0.0304415
0.000304415
1794.16,0.0304751
0.000304751
1793.18,0.0305086
0.000305086
1792.19,0.0305421
0.000305421
1791.22,0.0305754
0.000305754
1790.24,0.0306087
0.000306087
1789.27,0.0306419
0.000306419
1788.31,0.030675
0.00030675
1787.35,0.0307079
0.000307079
1786.39,0.0307408
0.000307408
1785.44,0.0307736
0.000307736
1784.49,0.0308063
0.000308063
1783.55,0.0308388
0.000308388
1782.61,0.0308713
0.000308713
1781.68,0.0309037
0.000309037
1780.75,0.0309359
0.000309359
1779.83,0.030968
0.00030968
1778.91,0.0310001
0.000310001
1777.99,0.031032
0.00031032
1777.08,0.0310638
0.000310638
1776.18,0.0310955
0.000310955
1775.28,0.031127
0.00031127
1774.38,0.0311585
0.000311585
1773.49,0.0311898
0.000311898
1772.6,0.031221
0.00031221
1771.72,0.0312521
0.000312521
1770.84,0.031283
0.00031283
1769.97,0.0313139
0.000313139
1769.1,0.0313446
0.000313446
1768.24,0.0313752
0.000313752
1767.38,0.0314056
0.000314056
1766.53,0.0314359
0.000314359
1765.68,0.0314661
0.000314661
1764.84,0.0314961
0.000314961
1764,0.0315261
0.000315261
1763.17,0.0315558
0.000315558
1762.35,0.0315855
0.000315855
1761.52,0.0316149
0.000316149
1760.71,0.0316443
0.000316443
1759.89,0.0316735
0.000316735
1759.09,0.0317026
0.000317026
1758.29,0.0317315
0.000317315
1757.49,0.0317602
0.000317602
1756.7,0.0317888
0.000317888
1755.91,0.0318173
0.000318173
1755.13,0.0318456
0.000318456
1754.36,0.0318738
0.000318738
1753.59,0.0319018
0.000319018
1752.82,0.0319296
0.000319296
1752.06,0.0319573
0.000319573
1751.31,0.0319848
0.000319848
1750.56,0.0320122
0.000320122
1749.82,0.0320394
0.000320394
1749.08,0.0320664
0.000320664
1748.35,0.0320933
0.000320933
1747.62,0.03212
0.0003212
1746.9,0.0321465
0.000321465
1746.18,0.0321729
0.000321729
1745.47,0.0321991
0.000321991
1744.77,0.0322251
0.000322251
1744.07,0.0322509
0.000322509
1743.37,0.0322766
0.000322766
1742.69,0.0323021
0.000323021
1742,0.0323274
0.000323274
1741.33,0.0323525
0.000323525
1740.66,0.0323775
0.000323775
1739.99,0.0324022
0.000324022
1739.33,0.0324268
0.000324268
1738.68,0.0324512
0.000324512
1738.03,0.0324754
0.000324754
1737.39,0.0324995
0.000324995
1736.75,0.0325233
0.000325233
1736.12,0.0325469
0.000325469
1735.49,0.0325704
0.000325704
1734.87,0.0325936
0.000325936
1734.26,0.0326167
0.000326167
1733.65,0.0326396
0.000326396
1733.05,0.0326622
0.000326622
1732.46,0.0326847
0.000326847
1731.87,0.0327069
0.000327069
1731.28,0.032729
0.00032729
1730.71,0.0327509
0.000327509
1730.13,0.0327725
0.000327725
1729.57,0.032794
0.00032794
1729.01,0.0328152
0.000328152
1728.45,0.0328362
0.000328362
1727.91,0.0328571
0.000328571
1727.36,0.0328777
0.000328777
1726.83,0.0328981
0.000328981
1726.3,0.0329183
0.000329183
1725.78,0.0329382
0.000329382
1725.26,0.032958
0.00032958
1724.75,0.0329775
0.000329775
1724.24,0.0329969
0.000329969
1723.74,0.033016
0.00033016
1723.25,0.0330348
0.000330348
1722.76,0.0330535
0.000330535
1722.28,0.0330719
0.000330719
1721.81,0.0330902
0.000330902
1721.34,0.0331081
0.000331081
1720.88,0.0331259
0.000331259
1720.43,0.0331434
0.000331434
1719.98,0.0331607
0.000331607
1719.53,0.0331778
0.000331778
1719.1,0.0331947
0.000331947
1718.67,0.0332113
0.000332113
1718.24,0.0332277
0.000332277
1717.83,0.0332438
0.000332438
1717.41,0.0332597
0.000332597
1717.01,0.0332754
0.000332754
1716.61,0.0332908
0.000332908
1716.22,0.033306
0.00033306
1715.83,0.033321
0.00033321
1715.46,0.0333357
0.000333357
1715.08,0.0333502
0.000333502
1714.72,0.0333645
0.000333644
1714.36,0.0333785
0.000333785
1714,0.0333922
0.000333922
1713.66,0.0334057
0.000334057
1713.32,0.033419
0.00033419
1712.98,0.033432
0.00033432
1712.66,0.0334448
0.000334448
1712.34,0.0334573
0.000334573
1712.02,0.0334696
0.000334696
1711.71,0.0334816
0.000334816
1711.41,0.0334934
0.000334934
1711.12,0.0335049
0.000335049
1710.83,0.0335162
0.000335162
1710.55,0.0335272
0.000335272
1710.27,0.033538
0.00033538
1710.01,0.0335485
0.000335485
1709.75,0.0335588
0.000335588
1709.49,0.0335688
0.000335688
1709.24,0.0335785
0.000335785
1709,0.033588
0.00033588
1708.77,0.0335973
0.000335973
1708.54,0.0336063
0.000336063
1708.32,0.033615
0.00033615
1708.1,0.0336235
0.000336235
1707.89,0.0336317
0.000336317
1707.69,0.0336396
0.000336396
1707.5,0.0336473
0.000336473
1707.31,0.0336547
0.000336547
1707.13,0.0336619
0.000336619
1706.95,0.0336688
0.000336688
1706.78,0.0336754
0.000336754
1706.62,0.0336818
0.000336818
1706.47,0.0336879
0.000336879
1706.32,0.0336937
0.000336937
1706.18,0.0336993
0.000336993
1706.04,0.0337047
0.000337047
1705.91,0.0337097
0.000337097
1705.79,0.0337145
0.000337145
1705.68,0.033719
0.00033719
1705.57,0.0337233
0.000337233
1705.47,0.0337273
0.000337273
1705.37,0.033731
0.00033731
1705.29,0.0337345
0.000337345
1705.21,0.0337377
0.000337377
1705.13,0.0337406
0.000337406
1705.07,0.0337432
0.000337432
1705.01,0.0337456
0.000337456
1704.95,0.0337478
0.000337478
1704.9,0.0337496
0.000337496
1704.86,0.0337512
0.000337512
1704.83,0.0337525
0.000337525
1704.8,0.0337536
0.000337536
1704.78,0.0337544
0.000337544
1704.77,0.0337549
0.000337549
1704.77,0.0337551
0.000337551
1704.77,0.0337551
0.000337551
1704.77,0.0337548
0.000337548
1704.79,0.0337543
0.000337543
1704.81,0.0337534
0.000337534
1704.84,0.0337523
0.000337523
1704.87,0.033751
0.00033751
1704.91,0.0337493
0.000337493
1704.96,0.0337474
0.000337474
1705.01,0.0337453
0.000337453
1705.08,0.0337429
0.000337429
1705.14,0.0337402
0.000337402
1705.22,0.0337372
0.000337372
1705.3,0.0337339
0.000337339
1705.39,0.0337304
0.000337304
1705.48,0.0337267
0.000337267
1705.59,0.0337226
0.000337226
1705.7,0.0337183
0.000337183
1705.81,0.0337138
0.000337138
1705.93,0.0337089
0.000337089
1706.06,0.0337038
0.000337039
1706.2,0.0336985
0.000336985
1706.34,0.0336929
0.000336929
1706.49,0.033687
0.00033687
1706.64,0.0336808
0.000336808
1706.81,0.0336744
0.000336744
1706.98,0.0336677
0.000336677
1707.15,0.0336608
0.000336608
1707.34,0.0336536
0.000336536
1707.52,0.0336461
0.000336461
1707.72,0.0336384
0.000336384
1707.92,0.0336304
0.000336304
1708.13,0.0336222
0.000336222
1708.35,0.0336137
0.000336137
1708.57,0.0336049
0.000336049
1708.8,0.0335959
0.000335959
1709.04,0.0335866
0.000335866
1709.28,0.0335771
0.000335771
1709.53,0.0335673
0.000335673
1709.79,0.0335572
0.000335572
1710.05,0.0335469
0.000335469
1710.32,0.0335364
0.000335364
1710.59,0.0335255
0.000335255
1710.87,0.0335145
0.000335145
1711.16,0.0335032
0.000335032
1711.46,0.0334916
0.000334916
1711.76,0.0334798
0.000334798
1712.07,0.0334677
0.000334677
1712.38,0.0334554
0.000334554
1712.71,0.0334428
0.000334428
1713.03,0.03343
0.0003343
1713.37,0.033417
0.00033417
1713.71,0.0334037
0.000334037
1714.06,0.0333901
0.000333901
1714.41,0.0333763
0.000333763
1714.77,0.0333623
0.000333623
1715.14,0.033348
0.00033348
1715.51,0.0333335
0.000333335
1715.89,0.0333187
0.000333187
1716.28,0.0333037
0.000333037
1716.67,0.0332885
0.000332885
1717.07,0.033273
0.00033273
1717.48,0.0332573
0.000332573
1717.89,0.0332413
0.000332413
1718.31,0.0332252
0.000332252
1718.73,0.0332087
0.000332087
1719.16,0.0331921
0.000331921
1719.6,0.0331752
0.000331752
1720.04,0.0331581
0.000331581
1720.49,0.0331408
0.000331408
1720.95,0.0331232
0.000331232
1721.41,0.0331054
0.000331054
1721.88,0.0330874
0.000330874
1722.36,0.0330691
0.000330691
1722.84,0.0330507
0.000330507
1723.33,0.033032
0.00033032
1723.82,0.033013
0.00033013
1724.32,0.0329939
0.000329939
1724.82,0.0329746
0.000329746
1725.34,0.032955
0.00032955
1725.86,0.0329352
0.000329352
1726.38,0.0329152
0.000329152
1726.91,0.032895
0.00032895
1727.45,0.0328745
0.000328745
1727.99,0.0328539
0.000328539
1728.54,0.032833
0.00032833
1729.09,0.032812
0.00032812
1729.65,0.0327907
0.000327907
1730.22,0.0327692
0.000327692
1730.79,0.0327475
0.000327475
1731.37,0.0327257
0.000327257
1731.96,0.0327036
0.000327036
